417	12736
0	16	0.007042
0	17	0.006623
0	18	0.008197
0	19	0.009346
0	20	0.010870
0	21	0.007634
0	23	0.013699
0	25	0.018182
0	27	0.020000
0	28	0.020833
0	30	0.033333
0	31	0.037037
0	32	0.010526
0	38	0.013333
0	40	0.010101
0	53	0.019608
0	72	0.023810
0	73	0.018519
0	92	0.032258
0	96	0.040000
0	119	0.030303
0	120	0.037037
0	122	0.034483
0	133	0.041667
0	136	0.037037
0	146	0.033333
0	148	0.032258
0	151	0.038462
0	171	0.038462
0	188	0.043478
0	197	0.045455
0	198	0.037037
0	206	0.052632
0	242	0.043478
0	246	0.058824
0	271	0.050000
0	281	0.047619
0	298	0.055556
0	299	0.055556
0	309	0.052632
0	310	0.052632
0	328	0.050000
0	345	0.058824
0	346	0.062500
0	351	0.062500
0	356	0.058824
0	383	0.058824
1	16	0.007042
1	17	0.006623
1	19	0.009346
1	20	0.010870
1	22	0.008850
1	23	0.013699
1	25	0.018182
1	26	0.015152
1	27	0.020000
1	29	0.032258
1	30	0.033333
1	33	0.011765
1	35	0.015152
1	36	0.009901
1	39	0.015625
1	41	0.013158
1	42	0.010417
1	45	0.013158
1	51	0.016129
1	59	0.033333
1	65	0.024390
1	67	0.025641
1	68	0.027778
1	69	0.019231
1	71	0.020408
1	72	0.023810
1	78	0.030303
1	81	0.029412
1	86	0.027778
1	87	0.032258
1	91	0.032258
1	96	0.040000
1	97	0.027778
1	100	0.032258
1	110	0.028571
1	116	0.019231
1	122	0.034483
1	146	0.033333
1	150	0.043478
1	165	0.041667
1	180	0.031250
1	188	0.043478
1	198	0.037037
1	208	0.038462
1	232	0.041667
1	238	0.045455
1	239	0.045455
1	240	0.047619
1	279	0.050000
1	284	0.055556
1	287	0.052632
1	311	0.062500
1	316	0.052632
1	333	0.058824
1	340	0.052632
1	342	0.055556
1	349	0.062500
1	364	0.058824
1	371	0.055556
1	391	0.058824
1	393	0.058824
1	404	0.062500
2	16	0.007042
2	17	0.006623
2	18	0.008197
2	19	0.009346
2	21	0.007634
2	22	0.008850
2	24	0.013514
2	27	0.020000
2	28	0.020833
2	31	0.037037
2	32	0.010526
2	40	0.010101
2	43	0.013699
2	49	0.016667
2	50	0.012658
2	54	0.017857
2	61	0.033333
2	66	0.025641
2	67	0.025641
2	68	0.027778
2	70	0.021277
2	76	0.020408
2	83	0.018868
2	84	0.024390
2	89	0.023256
2	99	0.026316
2	108	0.050000
2	111	0.020833
2	133	0.041667
2	137	0.033333
2	152	0.038462
2	153	0.040000
2	180	0.031250
2	188	0.043478
2	199	0.041667
2	208	0.038462
2	215	0.043478
2	233	0.055556
2	239	0.045455
2	242	0.043478
2	251	0.055556
2	256	0.043478
2	283	0.052632
2	329	0.050000
2	352	0.055556
2	366	0.055556
2	386	0.062500
2	389	0.062500
2	393	0.058824
3	16	0.007042
3	17	0.006623
3	18	0.008197
3	20	0.010870
3	21	0.007634
3	22	0.008850
3	25	0.018182
3	26	0.015152
3	28	0.020833
3	31	0.037037
3	32	0.010526
3	34	0.009091
3	38	0.013333
3	40	0.010101
3	41	0.013158
3	42	0.010417
3	44	0.017544
3	45	0.013158
3	52	0.017544
3	54	0.017857
3	56	0.018868
3	59	0.033333
3	64	0.031250
3	68	0.027778
3	69	0.019231
3	70	0.021277
3	71	0.020408
3	72	0.023810
3	73	0.018519
3	76	0.020408
3	84	0.024390
3	89	0.023256
3	92	0.032258
3	93	0.035714
3	102	0.027027
3	103	0.024390
3	111	0.020833
3	112	0.025641
3	118	0.023256
3	121	0.041667
3	125	0.052632
3	130	0.033333
3	138	0.045455
3	141	0.022222
3	147	0.040000
3	149	0.050000
3	159	0.043478
3	166	0.041667
3	179	0.045455
3	180	0.031250
3	194	0.043478
3	200	0.037037
3	208	0.038462
3	212	0.035714
3	225	0.043478
3	229	0.050000
3	233	0.055556
3	241	0.050000
3	256	0.043478
3	262	0.045455
3	271	0.050000
3	274	0.045455
3	287	0.052632
3	295	0.052632
3	302	0.050000
3	306	0.058824
3	308	0.062500
3	309	0.052632
3	312	0.050000
3	317	0.062500
3	322	0.050000
3	325	0.058824
3	358	0.066667
3	380	0.062500
3	382	0.055556
3	383	0.058824
3	398	0.062500
3	408	0.062500
3	412	0.062500
4	16	0.007042
4	17	0.006623
4	18	0.008197
4	19	0.009346
4	20	0.010870
4	21	0.007634
4	22	0.008850
4	23	0.013699
4	28	0.020833
4	30	0.033333
4	34	0.009091
4	35	0.015152
4	42	0.010417
4	43	0.013699
4	46	0.018182
4	48	0.016129
4	60	0.025000
4	63	0.047619
4	66	0.025641
4	73	0.018519
4	77	0.021739
4	82	0.019231
4	87	0.032258
4	91	0.032258
4	101	0.024390
4	102	0.027027
4	106	0.022727
4	110	0.028571
4	115	0.029412
4	119	0.030303
4	151	0.038462
4	152	0.038462
4	155	0.038462
4	186	0.047619
4	188	0.043478
4	206	0.052632
4	213	0.032258
4	222	0.052632
4	228	0.050000
4	239	0.045455
4	244	0.047619
4	249	0.047619
4	269	0.055556
4	273	0.052632
4	274	0.045455
4	285	0.058824
4	322	0.050000
4	330	0.058824
4	333	0.058824
4	335	0.058824
4	345	0.058824
4	348	0.062500
4	357	0.062500
4	362	0.062500
4	369	0.052632
4	372	0.062500
4	390	0.062500
4	416	0.062500
5	16	0.007042
5	17	0.006623
5	18	0.008197
5	23	0.013699
5	24	0.013514
5	39	0.015625
5	45	0.013158
5	48	0.016129
5	57	0.032258
5	58	0.021739
5	64	0.031250
5	66	0.025641
5	94	0.038462
5	105	0.031250
5	108	0.050000
5	110	0.028571
5	144	0.032258
5	150	0.043478
5	157	0.040000
5	185	0.038462
5	195	0.041667
5	197	0.045455
5	210	0.045455
5	227	0.040000
5	239	0.045455
5	249	0.047619
5	282	0.058824
5	283	0.052632
5	286	0.058824
5	290	0.058824
5	336	0.058824
5	339	0.052632
5	343	0.058824
5	360	0.058824
5	365	0.058824
5	379	0.066667
5	387	0.055556
5	399	0.062500
5	407	0.062500
5	410	0.062500
5	416	0.062500
6	16	0.007042
6	17	0.006623
6	18	0.008197
6	19	0.009346
6	20	0.010870
6	21	0.007634
6	22	0.008850
6	25	0.018182
6	27	0.020000
6	29	0.032258
6	30	0.033333
6	31	0.037037
6	33	0.011765
6	34	0.009091
6	43	0.013699
6	47	0.014493
6	48	0.016129
6	49	0.016667
6	50	0.012658
6	53	0.019608
6	56	0.018868
6	57	0.032258
6	59	0.033333
6	65	0.024390
6	67	0.025641
6	69	0.019231
6	71	0.020408
6	73	0.018519
6	77	0.021739
6	81	0.029412
6	90	0.029412
6	95	0.045455
6	98	0.023810
6	102	0.027027
6	111	0.020833
6	112	0.025641
6	118	0.023256
6	122	0.034483
6	137	0.033333
6	143	0.038462
6	149	0.050000
6	151	0.038462
6	153	0.040000
6	160	0.030303
6	178	0.027027
6	184	0.043478
6	203	0.033333
6	208	0.038462
6	212	0.035714
6	213	0.032258
6	217	0.038462
6	222	0.052632
6	226	0.043478
6	227	0.040000
6	232	0.041667
6	244	0.047619
6	245	0.052632
6	248	0.062500
6	252	0.045455
6	256	0.043478
6	267	0.047619
6	286	0.058824
6	290	0.058824
6	292	0.050000
6	320	0.047619
6	326	0.045455
6	337	0.058824
6	346	0.062500
6	349	0.062500
6	370	0.062500
6	387	0.055556
6	406	0.062500
6	412	0.062500
7	16	0.007042
7	17	0.006623
7	18	0.008197
7	20	0.010870
7	21	0.007634
7	22	0.008850
7	24	0.013514
7	25	0.018182
7	28	0.020833
7	29	0.032258
7	33	0.011765
7	34	0.009091
7	35	0.015152
7	37	0.014286
7	42	0.010417
7	44	0.017544
7	49	0.016667
7	50	0.012658
7	53	0.019608
7	54	0.017857
7	64	0.031250
7	72	0.023810
7	85	0.030303
7	89	0.023256
7	90	0.029412
7	94	0.038462
7	95	0.045455
7	97	0.027778
7	102	0.027027
7	112	0.025641
7	115	0.029412
7	126	0.045455
7	132	0.020000
7	133	0.041667
7	134	0.047619
7	146	0.033333
7	155	0.038462
7	156	0.038462
7	158	0.055556
7	159	0.043478
7	171	0.038462
7	189	0.043478
7	191	0.058824
7	205	0.041667
7	209	0.033333
7	215	0.043478
7	216	0.047619
7	223	0.052632
7	237	0.041667
7	249	0.047619
7	264	0.050000
7	265	0.040000
7	284	0.055556
7	309	0.052632
7	311	0.062500
7	313	0.055556
7	316	0.052632
7	335	0.058824
7	340	0.052632
7	347	0.062500
7	354	0.050000
7	357	0.062500
7	380	0.062500
7	394	0.058824
8	16	0.007042
8	18	0.008197
8	19	0.009346
8	23	0.013699
8	24	0.013514
8	28	0.020833
8	31	0.037037
8	35	0.015152
8	36	0.009901
8	37	0.014286
8	40	0.010101
8	41	0.013158
8	42	0.010417
8	43	0.013699
8	46	0.018182
8	48	0.016129
8	60	0.025000
8	66	0.025641
8	73	0.018519
8	76	0.020408
8	81	0.029412
8	86	0.027778
8	87	0.032258
8	92	0.032258
8	103	0.024390
8	105	0.031250
8	107	0.029412
8	108	0.050000
8	110	0.028571
8	114	0.027027
8	116	0.019231
8	131	0.032258
8	200	0.037037
8	210	0.045455
8	229	0.050000
8	234	0.052632
8	240	0.047619
8	243	0.043478
8	252	0.045455
8	256	0.043478
8	269	0.055556
8	291	0.055556
8	311	0.062500
8	313	0.055556
8	324	0.050000
8	329	0.050000
8	333	0.058824
8	335	0.058824
8	336	0.058824
8	340	0.052632
8	344	0.062500
8	349	0.062500
8	355	0.052632
8	384	0.066667
8	415	0.062500
9	16	0.007042
9	17	0.006623
9	18	0.008197
9	19	0.009346
9	20	0.010870
9	21	0.007634
9	22	0.008850
9	23	0.013699
9	24	0.013514
9	26	0.015152
9	27	0.020000
9	28	0.020833
9	29	0.032258
9	34	0.009091
9	38	0.013333
9	39	0.015625
9	43	0.013699
9	45	0.013158
9	48	0.016129
9	54	0.017857
9	57	0.032258
9	74	0.021739
9	76	0.020408
9	79	0.021277
9	84	0.024390
9	86	0.027778
9	97	0.027778
9	105	0.031250
9	109	0.026316
9	112	0.025641
9	117	0.043478
9	123	0.037037
9	125	0.052632
9	142	0.034483
9	146	0.033333
9	152	0.038462
9	158	0.055556
9	159	0.043478
9	161	0.032258
9	168	0.040000
9	175	0.038462
9	187	0.032258
9	190	0.058824
9	202	0.038462
9	205	0.041667
9	213	0.032258
9	220	0.058824
9	226	0.043478
9	231	0.052632
9	248	0.062500
9	252	0.045455
9	259	0.052632
9	270	0.052632
9	273	0.052632
9	275	0.041667
9	289	0.041667
9	293	0.050000
9	301	0.047619
9	313	0.055556
9	373	0.062500
9	374	0.062500
9	400	0.058824
10	16	0.007042
10	17	0.006623
10	18	0.008197
10	19	0.009346
10	20	0.010870
10	21	0.007634
10	22	0.008850
10	23	0.013699
10	24	0.013514
10	27	0.020000
10	30	0.033333
10	31	0.037037
10	34	0.009091
10	38	0.013333
10	41	0.013158
10	48	0.016129
10	59	0.033333
10	71	0.020408
10	73	0.018519
10	80	0.038462
10	86	0.027778
10	94	0.038462
10	124	0.047619
10	125	0.052632
10	135	0.037037
10	136	0.037037
10	138	0.045455
10	140	0.032258
10	148	0.032258
10	171	0.038462
10	182	0.038462
10	189	0.043478
10	209	0.033333
10	210	0.045455
10	230	0.052632
10	234	0.052632
10	242	0.043478
10	249	0.047619
10	250	0.043478
10	258	0.041667
10	263	0.052632
10	265	0.040000
10	269	0.055556
10	277	0.045455
10	309	0.052632
10	312	0.050000
10	320	0.047619
10	336	0.058824
10	340	0.052632
10	365	0.058824
10	368	0.058824
10	382	0.055556
10	397	0.062500
11	16	0.007042
11	17	0.006623
11	18	0.008197
11	19	0.009346
11	20	0.010870
11	21	0.007634
11	22	0.008850
11	23	0.013699
11	26	0.015152
11	30	0.033333
11	32	0.010526
11	34	0.009091
11	36	0.009901
11	37	0.014286
11	41	0.013158
11	42	0.010417
11	44	0.017544
11	45	0.013158
11	47	0.014493
11	54	0.017857
11	55	0.017241
11	56	0.018868
11	59	0.033333
11	66	0.025641
11	67	0.025641
11	69	0.019231
11	89	0.023256
11	94	0.038462
11	101	0.024390
11	105	0.031250
11	108	0.050000
11	112	0.025641
11	114	0.027027
11	119	0.030303
11	120	0.037037
11	122	0.034483
11	124	0.047619
11	133	0.041667
11	135	0.037037
11	139	0.037037
11	146	0.033333
11	154	0.043478
11	165	0.041667
11	167	0.034483
11	170	0.035714
11	172	0.037037
11	174	0.047619
11	189	0.043478
11	192	0.035714
11	194	0.043478
11	197	0.045455
11	200	0.037037
11	211	0.045455
11	220	0.058824
11	221	0.047619
11	226	0.043478
11	231	0.052632
11	234	0.052632
11	250	0.043478
11	251	0.055556
11	255	0.043478
11	257	0.035714
11	260	0.045455
11	261	0.050000
11	266	0.052632
11	268	0.052632
11	271	0.050000
11	282	0.058824
11	285	0.058824
11	289	0.041667
11	290	0.058824
11	291	0.055556
11	297	0.062500
11	299	0.055556
11	304	0.047619
11	314	0.050000
11	317	0.062500
11	320	0.047619
11	321	0.052632
11	342	0.055556
11	344	0.062500
11	350	0.062500
11	351	0.062500
11	362	0.062500
11	366	0.055556
11	373	0.062500
11	376	0.062500
11	379	0.066667
11	380	0.062500
11	381	0.062500
11	382	0.055556
11	400	0.058824
11	414	0.062500
12	16	0.007042
12	17	0.006623
12	18	0.008197
12	19	0.009346
12	20	0.010870
12	21	0.007634
12	22	0.008850
12	24	0.013514
12	25	0.018182
12	26	0.015152
12	27	0.020000
12	29	0.032258
12	32	0.010526
12	33	0.011765
12	34	0.009091
12	37	0.014286
12	38	0.013333
12	40	0.010101
12	44	0.017544
12	52	0.017544
12	53	0.019608
12	56	0.018868
12	57	0.032258
12	58	0.021739
12	80	0.038462
12	91	0.032258
12	93	0.035714
12	95	0.045455
12	109	0.026316
12	114	0.027027
12	121	0.041667
12	133	0.041667
12	134	0.047619
12	136	0.037037
12	137	0.033333
12	144	0.032258
12	151	0.038462
12	186	0.047619
12	191	0.058824
12	199	0.041667
12	207	0.040000
12	214	0.045455
12	224	0.050000
12	228	0.050000
12	245	0.052632
12	251	0.055556
12	266	0.052632
12	280	0.058824
12	286	0.058824
12	291	0.055556
12	293	0.050000
12	307	0.045455
12	316	0.052632
12	318	0.062500
12	319	0.062500
12	332	0.058824
12	346	0.062500
12	351	0.062500
12	363	0.058824
12	366	0.055556
12	376	0.062500
12	390	0.062500
12	391	0.058824
13	16	0.007042
13	17	0.006623
13	19	0.009346
13	20	0.010870
13	21	0.007634
13	25	0.018182
13	27	0.020000
13	28	0.020833
13	36	0.009901
13	40	0.010101
13	41	0.013158
13	44	0.017544
13	53	0.019608
13	54	0.017857
13	55	0.017241
13	56	0.018868
13	59	0.033333
13	72	0.023810
13	73	0.018519
13	74	0.021739
13	79	0.021277
13	82	0.019231
13	83	0.018868
13	91	0.032258
13	92	0.032258
13	93	0.035714
13	96	0.040000
13	97	0.027778
13	98	0.023810
13	102	0.027027
13	109	0.026316
13	110	0.028571
13	119	0.030303
13	128	0.032258
13	142	0.034483
13	144	0.032258
13	151	0.038462
13	154	0.043478
13	170	0.035714
13	176	0.041667
13	181	0.043478
13	198	0.037037
13	214	0.045455
13	220	0.058824
13	221	0.047619
13	222	0.052632
13	237	0.041667
13	239	0.045455
13	241	0.050000
13	245	0.052632
13	266	0.052632
13	275	0.041667
13	285	0.058824
13	294	0.045455
13	335	0.058824
13	361	0.055556
13	362	0.062500
13	368	0.058824
13	371	0.055556
13	397	0.062500
13	405	0.062500
13	414	0.062500
14	16	0.007042
14	17	0.006623
14	18	0.008197
14	19	0.009346
14	20	0.010870
14	21	0.007634
14	22	0.008850
14	23	0.013699
14	24	0.013514
14	25	0.018182
14	26	0.015152
14	28	0.020833
14	35	0.015152
14	37	0.014286
14	40	0.010101
14	41	0.013158
14	42	0.010417
14	45	0.013158
14	46	0.018182
14	48	0.016129
14	49	0.016667
14	50	0.012658
14	51	0.016129
14	52	0.017544
14	54	0.017857
14	55	0.017241
14	58	0.021739
14	59	0.033333
14	60	0.025000
14	73	0.018519
14	76	0.020408
14	81	0.029412
14	82	0.019231
14	83	0.018868
14	89	0.023256
14	93	0.035714
14	94	0.038462
14	96	0.040000
14	99	0.026316
14	108	0.050000
14	112	0.025641
14	114	0.027027
14	117	0.043478
14	127	0.047619
14	130	0.033333
14	133	0.041667
14	139	0.037037
14	143	0.038462
14	146	0.033333
14	150	0.043478
14	151	0.038462
14	156	0.038462
14	158	0.055556
14	162	0.037037
14	174	0.047619
14	175	0.038462
14	177	0.035714
14	181	0.043478
14	185	0.038462
14	186	0.047619
14	187	0.032258
14	209	0.033333
14	214	0.045455
14	223	0.052632
14	228	0.050000
14	232	0.041667
14	240	0.047619
14	243	0.043478
14	247	0.047619
14	257	0.035714
14	263	0.052632
14	270	0.052632
14	275	0.041667
14	276	0.047619
14	281	0.047619
14	285	0.058824
14	288	0.052632
14	290	0.058824
14	297	0.062500
14	331	0.050000
14	333	0.058824
14	335	0.058824
14	353	0.047619
14	357	0.062500
14	360	0.058824
14	380	0.062500
14	397	0.062500
14	402	0.062500
15	16	0.007042
15	17	0.006623
15	18	0.008197
15	19	0.009346
15	20	0.010870
15	22	0.008850
15	23	0.013699
15	24	0.013514
15	25	0.018182
15	26	0.015152
15	27	0.020000
15	31	0.037037
15	32	0.010526
15	34	0.009091
15	35	0.015152
15	37	0.014286
15	40	0.010101
15	53	0.019608
15	55	0.017241
15	56	0.018868
15	62	0.035714
15	64	0.031250
15	67	0.025641
15	83	0.018868
15	87	0.032258
15	91	0.032258
15	97	0.027778
15	100	0.032258
15	104	0.025641
15	132	0.020000
15	133	0.041667
15	135	0.037037
15	153	0.040000
15	169	0.023256
15	173	0.037037
15	176	0.041667
15	178	0.027027
15	182	0.038462
15	184	0.043478
15	187	0.032258
15	195	0.041667
15	197	0.045455
15	204	0.034483
15	205	0.041667
15	220	0.058824
15	252	0.045455
15	270	0.052632
15	278	0.050000
15	280	0.058824
15	285	0.058824
15	296	0.047619
15	310	0.052632
15	313	0.055556
15	320	0.047619
15	323	0.045455
15	326	0.045455
15	327	0.058824
15	337	0.058824
15	342	0.055556
15	345	0.058824
15	365	0.058824
15	370	0.062500
15	377	0.066667
15	385	0.062500
15	398	0.062500
15	400	0.058824
16	0	0.021277
16	1	0.016129
16	2	0.020408
16	3	0.012658
16	4	0.017241
16	5	0.024390
16	6	0.013699
16	7	0.015625
16	8	0.018182
16	9	0.016129
16	10	0.018868
16	11	0.010753
16	12	0.015873
16	13	0.016129
16	14	0.011364
16	15	0.015152
16	17	0.006623
16	18	0.008197
16	19	0.009346
16	20	0.010870
16	21	0.007634
16	22	0.008850
16	23	0.013699
16	24	0.013514
16	25	0.018182
16	26	0.015152
16	27	0.020000
16	28	0.020833
16	29	0.032258
16	30	0.033333
16	31	0.037037
16	32	0.010526
16	33	0.011765
16	34	0.009091
16	36	0.009901
16	38	0.013333
16	39	0.015625
16	40	0.010101
16	43	0.013699
16	44	0.017544
16	47	0.014493
16	49	0.016667
16	50	0.012658
16	51	0.016129
16	52	0.017544
16	53	0.019608
16	54	0.017857
16	55	0.017241
16	58	0.021739
16	61	0.033333
16	62	0.035714
16	63	0.047619
16	65	0.024390
16	67	0.025641
16	68	0.027778
16	69	0.019231
16	70	0.021277
16	75	0.027027
16	76	0.020408
16	77	0.021739
16	78	0.030303
16	79	0.021277
16	82	0.019231
16	83	0.018868
16	86	0.027778
16	87	0.032258
16	89	0.023256
16	90	0.029412
16	95	0.045455
16	99	0.026316
16	102	0.027027
16	104	0.025641
16	105	0.031250
16	108	0.050000
16	115	0.029412
16	116	0.019231
16	117	0.043478
16	118	0.023256
16	121	0.041667
16	122	0.034483
16	130	0.033333
16	131	0.032258
16	136	0.037037
16	140	0.032258
16	147	0.040000
16	151	0.038462
16	159	0.043478
16	161	0.032258
16	167	0.034483
16	171	0.038462
16	177	0.035714
16	179	0.045455
16	186	0.047619
16	189	0.043478
16	192	0.035714
16	193	0.035714
16	195	0.041667
16	209	0.033333
16	212	0.035714
16	217	0.038462
16	218	0.041667
16	222	0.052632
16	229	0.050000
16	233	0.055556
16	239	0.045455
16	241	0.050000
16	246	0.058824
16	247	0.047619
16	250	0.043478
16	256	0.043478
16	257	0.035714
16	260	0.045455
16	263	0.052632
16	264	0.050000
16	268	0.052632
16	270	0.052632
16	273	0.052632
16	278	0.050000
16	285	0.058824
16	289	0.041667
16	290	0.058824
16	309	0.052632
16	314	0.050000
16	319	0.062500
16	325	0.058824
16	326	0.045455
16	328	0.050000
16	336	0.058824
16	338	0.062500
16	350	0.062500
16	355	0.052632
16	358	0.066667
16	359	0.052632
16	363	0.058824
16	364	0.058824
16	371	0.055556
16	391	0.058824
16	392	0.062500
16	393	0.058824
16	401	0.062500
16	411	0.062500
16	412	0.062500
17	0	0.021277
17	1	0.016129
17	2	0.020408
17	3	0.012658
17	4	0.017241
17	5	0.024390
17	6	0.013699
17	7	0.015625
17	9	0.016129
17	10	0.018868
17	11	0.010753
17	12	0.015873
17	13	0.016129
17	14	0.011364
17	15	0.015152
17	16	0.007042
17	18	0.008197
17	19	0.009346
17	20	0.010870
17	21	0.007634
17	22	0.008850
17	23	0.013699
17	24	0.013514
17	25	0.018182
17	26	0.015152
17	27	0.020000
17	28	0.020833
17	29	0.032258
17	30	0.033333
17	32	0.010526
17	33	0.011765
17	34	0.009091
17	35	0.015152
17	36	0.009901
17	37	0.014286
17	38	0.013333
17	39	0.015625
17	40	0.010101
17	41	0.013158
17	42	0.010417
17	43	0.013699
17	45	0.013158
17	49	0.016667
17	50	0.012658
17	52	0.017544
17	53	0.019608
17	56	0.018868
17	58	0.021739
17	61	0.033333
17	62	0.035714
17	65	0.024390
17	70	0.021277
17	74	0.021739
17	81	0.029412
17	84	0.024390
17	86	0.027778
17	88	0.027778
17	92	0.032258
17	96	0.040000
17	98	0.023810
17	99	0.026316
17	100	0.032258
17	102	0.027027
17	103	0.024390
17	106	0.022727
17	108	0.050000
17	109	0.026316
17	112	0.025641
17	115	0.029412
17	116	0.019231
17	117	0.043478
17	120	0.037037
17	122	0.034483
17	126	0.045455
17	129	0.028571
17	133	0.041667
17	135	0.037037
17	139	0.037037
17	143	0.038462
17	146	0.033333
17	150	0.043478
17	157	0.040000
17	159	0.043478
17	165	0.041667
17	166	0.041667
17	167	0.034483
17	169	0.023256
17	170	0.035714
17	172	0.037037
17	178	0.027027
17	180	0.031250
17	183	0.041667
17	186	0.047619
17	189	0.043478
17	191	0.058824
17	196	0.043478
17	201	0.034483
17	202	0.038462
17	210	0.045455
17	212	0.035714
17	217	0.038462
17	218	0.041667
17	220	0.058824
17	223	0.052632
17	224	0.050000
17	225	0.043478
17	229	0.050000
17	240	0.047619
17	241	0.050000
17	252	0.045455
17	253	0.052632
17	257	0.035714
17	265	0.040000
17	266	0.052632
17	268	0.052632
17	274	0.045455
17	277	0.045455
17	280	0.058824
17	281	0.047619
17	293	0.050000
17	294	0.045455
17	299	0.055556
17	300	0.055556
17	304	0.047619
17	307	0.045455
17	320	0.047619
17	323	0.045455
17	328	0.050000
17	329	0.050000
17	334	0.062500
17	339	0.052632
17	344	0.062500
17	348	0.062500
17	354	0.050000
17	355	0.052632
17	357	0.062500
17	365	0.058824
17	366	0.055556
17	370	0.062500
17	371	0.055556
17	381	0.062500
17	382	0.055556
17	390	0.062500
17	391	0.058824
17	398	0.062500
17	399	0.062500
17	402	0.062500
17	405	0.062500
17	406	0.062500
17	412	0.062500
17	416	0.062500
18	0	0.021277
18	2	0.020408
18	3	0.012658
18	4	0.017241
18	5	0.024390
18	6	0.013699
18	7	0.015625
18	8	0.018182
18	9	0.016129
18	10	0.018868
18	11	0.010753
18	12	0.015873
18	14	0.011364
18	15	0.015152
18	16	0.007042
18	17	0.006623
18	19	0.009346
18	21	0.007634
18	22	0.008850
18	23	0.013699
18	24	0.013514
18	25	0.018182
18	26	0.015152
18	28	0.020833
18	30	0.033333
18	31	0.037037
18	32	0.010526
18	33	0.011765
18	36	0.009901
18	37	0.014286
18	38	0.013333
18	39	0.015625
18	40	0.010101
18	43	0.013699
18	44	0.017544
18	46	0.018182
18	49	0.016667
18	50	0.012658
18	51	0.016129
18	52	0.017544
18	54	0.017857
18	58	0.021739
18	60	0.025000
18	61	0.033333
18	65	0.024390
18	66	0.025641
18	70	0.021277
18	72	0.023810
18	73	0.018519
18	74	0.021739
18	76	0.020408
18	78	0.030303
18	81	0.029412
18	82	0.019231
18	88	0.027778
18	90	0.029412
18	93	0.035714
18	99	0.026316
18	101	0.024390
18	103	0.024390
18	104	0.025641
18	105	0.031250
18	107	0.029412
18	109	0.026316
18	112	0.025641
18	114	0.027027
18	119	0.030303
18	123	0.037037
18	128	0.032258
18	130	0.033333
18	136	0.037037
18	140	0.032258
18	141	0.022222
18	144	0.032258
18	147	0.040000
18	152	0.038462
18	157	0.040000
18	177	0.035714
18	181	0.043478
18	182	0.038462
18	183	0.041667
18	192	0.035714
18	199	0.041667
18	208	0.038462
18	212	0.035714
18	219	0.050000
18	220	0.058824
18	221	0.047619
18	226	0.043478
18	238	0.045455
18	245	0.052632
18	247	0.047619
18	248	0.062500
18	250	0.043478
18	256	0.043478
18	258	0.041667
18	262	0.045455
18	271	0.050000
18	276	0.047619
18	278	0.050000
18	279	0.050000
18	293	0.050000
18	295	0.052632
18	297	0.062500
18	299	0.055556
18	302	0.050000
18	306	0.058824
18	308	0.062500
18	313	0.055556
18	314	0.050000
18	322	0.050000
18	325	0.058824
18	336	0.058824
18	367	0.055556
18	373	0.062500
18	379	0.066667
18	380	0.062500
18	390	0.062500
18	412	0.062500
18	413	0.062500
18	414	0.062500
18	416	0.062500
19	0	0.021277
19	1	0.016129
19	2	0.020408
19	4	0.017241
19	6	0.013699
19	8	0.018182
19	9	0.016129
19	10	0.018868
19	11	0.010753
19	12	0.015873
19	13	0.016129
19	14	0.011364
19	15	0.015152
19	16	0.007042
19	17	0.006623
19	18	0.008197
19	22	0.008850
19	23	0.013699
19	24	0.013514
19	25	0.018182
19	27	0.020000
19	28	0.020833
19	29	0.032258
19	30	0.033333
19	31	0.037037
19	32	0.010526
19	33	0.011765
19	34	0.009091
19	35	0.015152
19	36	0.009901
19	37	0.014286
19	38	0.013333
19	39	0.015625
19	41	0.013158
19	42	0.010417
19	43	0.013699
19	46	0.018182
19	47	0.014493
19	54	0.017857
19	56	0.018868
19	60	0.025000
19	62	0.035714
19	65	0.024390
19	68	0.027778
19	69	0.019231
19	71	0.020408
19	73	0.018519
19	75	0.027027
19	76	0.020408
19	80	0.038462
19	83	0.018868
19	86	0.027778
19	88	0.027778
19	89	0.023256
19	99	0.026316
19	102	0.027027
19	103	0.024390
19	105	0.031250
19	109	0.026316
19	112	0.025641
19	127	0.047619
19	128	0.032258
19	135	0.037037
19	143	0.038462
19	144	0.032258
19	153	0.040000
19	166	0.041667
19	167	0.034483
19	172	0.037037
19	175	0.038462
19	185	0.038462
19	187	0.032258
19	195	0.041667
19	199	0.041667
19	200	0.037037
19	201	0.034483
19	207	0.040000
19	214	0.045455
19	217	0.038462
19	222	0.052632
19	226	0.043478
19	227	0.040000
19	230	0.052632
19	231	0.052632
19	236	0.055556
19	239	0.045455
19	242	0.043478
19	243	0.043478
19	255	0.043478
19	264	0.050000
19	275	0.041667
19	289	0.041667
19	296	0.047619
19	297	0.062500
19	306	0.058824
19	315	0.058824
19	322	0.050000
19	326	0.045455
19	328	0.050000
19	336	0.058824
19	340	0.052632
19	341	0.062500
19	368	0.058824
19	374	0.062500
19	375	0.062500
19	384	0.066667
19	398	0.062500
20	0	0.021277
20	1	0.016129
20	3	0.012658
20	4	0.017241
20	6	0.013699
20	7	0.015625
20	9	0.016129
20	10	0.018868
20	11	0.010753
20	12	0.015873
20	13	0.016129
20	14	0.011364
20	15	0.015152
20	16	0.007042
20	17	0.006623
20	23	0.013699
20	25	0.018182
20	26	0.015152
20	28	0.020833
20	29	0.032258
20	30	0.033333
20	32	0.010526
20	34	0.009091
20	36	0.009901
20	38	0.013333
20	39	0.015625
20	42	0.010417
20	44	0.017544
20	45	0.013158
20	46	0.018182
20	47	0.014493
20	51	0.016129
20	52	0.017544
20	53	0.019608
20	58	0.021739
20	60	0.025000
20	64	0.031250
20	65	0.024390
20	66	0.025641
20	71	0.020408
20	78	0.030303
20	85	0.030303
20	86	0.027778
20	87	0.032258
20	88	0.027778
20	92	0.032258
20	100	0.032258
20	104	0.025641
20	105	0.031250
20	122	0.034483
20	133	0.041667
20	134	0.047619
20	138	0.045455
20	141	0.022222
20	151	0.038462
20	160	0.030303
20	171	0.038462
20	177	0.035714
20	178	0.027027
20	186	0.047619
20	188	0.043478
20	191	0.058824
20	193	0.035714
20	196	0.043478
20	199	0.041667
20	204	0.034483
20	211	0.045455
20	216	0.047619
20	228	0.050000
20	237	0.041667
20	238	0.045455
20	252	0.045455
20	263	0.052632
20	274	0.045455
20	279	0.050000
20	301	0.047619
20	305	0.055556
20	327	0.058824
20	341	0.062500
20	343	0.058824
20	353	0.047619
20	357	0.062500
20	365	0.058824
20	373	0.062500
20	382	0.055556
20	386	0.062500
20	392	0.062500
20	394	0.058824
20	409	0.062500
20	410	0.062500
20	413	0.062500
20	415	0.062500
21	0	0.021277
21	2	0.020408
21	3	0.012658
21	4	0.017241
21	6	0.013699
21	7	0.015625
21	9	0.016129
21	10	0.018868
21	11	0.010753
21	12	0.015873
21	13	0.016129
21	14	0.011364
21	16	0.007042
21	17	0.006623
21	18	0.008197
21	24	0.013514
21	25	0.018182
21	26	0.015152
21	27	0.020000
21	29	0.032258
21	30	0.033333
21	31	0.037037
21	32	0.010526
21	33	0.011765
21	35	0.015152
21	36	0.009901
21	37	0.014286
21	38	0.013333
21	39	0.015625
21	41	0.013158
21	44	0.017544
21	45	0.013158
21	46	0.018182
21	47	0.014493
21	49	0.016667
21	52	0.017544
21	53	0.019608
21	54	0.017857
21	56	0.018868
21	57	0.032258
21	58	0.021739
21	60	0.025000
21	61	0.033333
21	62	0.035714
21	63	0.047619
21	65	0.024390
21	67	0.025641
21	69	0.019231
21	74	0.021739
21	75	0.027027
21	77	0.021739
21	78	0.030303
21	82	0.019231
21	83	0.018868
21	86	0.027778
21	87	0.032258
21	89	0.023256
21	90	0.029412
21	93	0.035714
21	94	0.038462
21	98	0.023810
21	99	0.026316
21	101	0.024390
21	107	0.029412
21	114	0.027027
21	121	0.041667
21	123	0.037037
21	127	0.047619
21	128	0.032258
21	129	0.028571
21	133	0.041667
21	135	0.037037
21	137	0.033333
21	141	0.022222
21	148	0.032258
21	149	0.050000
21	150	0.043478
21	152	0.038462
21	153	0.040000
21	160	0.030303
21	161	0.032258
21	186	0.047619
21	193	0.035714
21	194	0.043478
21	195	0.041667
21	203	0.033333
21	205	0.041667
21	207	0.040000
21	208	0.038462
21	211	0.045455
21	222	0.052632
21	223	0.052632
21	226	0.043478
21	228	0.050000
21	230	0.052632
21	231	0.052632
21	232	0.041667
21	238	0.045455
21	250	0.043478
21	251	0.055556
21	257	0.035714
21	259	0.052632
21	263	0.052632
21	268	0.052632
21	272	0.052632
21	278	0.050000
21	282	0.058824
21	285	0.058824
21	295	0.052632
21	304	0.047619
21	312	0.050000
21	315	0.058824
21	320	0.047619
21	322	0.050000
21	323	0.045455
21	325	0.058824
21	329	0.050000
21	331	0.050000
21	335	0.058824
21	336	0.058824
21	343	0.058824
21	344	0.062500
21	348	0.062500
21	353	0.047619
21	360	0.058824
21	387	0.055556
21	393	0.058824
21	404	0.062500
21	406	0.062500
21	408	0.062500
21	413	0.062500
22	1	0.016129
22	2	0.020408
22	3	0.012658
22	4	0.017241
22	6	0.013699
22	7	0.015625
22	9	0.016129
22	10	0.018868
22	11	0.010753
22	12	0.015873
22	14	0.011364
22	15	0.015152
22	16	0.007042
22	17	0.006623
22	18	0.008197
22	19	0.009346
22	23	0.013699
22	24	0.013514
22	26	0.015152
22	27	0.020000
22	28	0.020833
22	29	0.032258
22	30	0.033333
22	31	0.037037
22	32	0.010526
22	33	0.011765
22	35	0.015152
22	36	0.009901
22	42	0.010417
22	44	0.017544
22	45	0.013158
22	46	0.018182
22	47	0.014493
22	49	0.016667
22	52	0.017544
22	55	0.017241
22	56	0.018868
22	61	0.033333
22	63	0.047619
22	65	0.024390
22	66	0.025641
22	67	0.025641
22	69	0.019231
22	71	0.020408
22	72	0.023810
22	77	0.021739
22	79	0.021277
22	82	0.019231
22	87	0.032258
22	90	0.029412
22	91	0.032258
22	93	0.035714
22	94	0.038462
22	98	0.023810
22	100	0.032258
22	101	0.024390
22	104	0.025641
22	106	0.022727
22	109	0.026316
22	113	0.034483
22	118	0.023256
22	120	0.037037
22	124	0.047619
22	125	0.052632
22	127	0.047619
22	130	0.033333
22	134	0.047619
22	138	0.045455
22	141	0.022222
22	143	0.038462
22	148	0.032258
22	153	0.040000
22	154	0.043478
22	156	0.038462
22	160	0.030303
22	162	0.037037
22	167	0.034483
22	171	0.038462
22	182	0.038462
22	185	0.038462
22	190	0.058824
22	193	0.035714
22	194	0.043478
22	206	0.052632
22	211	0.045455
22	223	0.052632
22	227	0.040000
22	236	0.055556
22	239	0.045455
22	243	0.043478
22	244	0.047619
22	252	0.045455
22	259	0.052632
22	263	0.052632
22	267	0.047619
22	269	0.055556
22	270	0.052632
22	281	0.047619
22	289	0.041667
22	295	0.052632
22	305	0.055556
22	312	0.050000
22	314	0.050000
22	351	0.062500
22	356	0.058824
22	364	0.058824
22	367	0.055556
22	370	0.062500
22	378	0.058824
22	383	0.058824
22	384	0.066667
22	391	0.058824
22	412	0.062500
23	0	0.021277
23	1	0.016129
23	4	0.017241
23	5	0.024390
23	8	0.018182
23	9	0.016129
23	10	0.018868
23	11	0.010753
23	14	0.011364
23	15	0.015152
23	16	0.007042
23	17	0.006623
23	18	0.008197
23	19	0.009346
23	20	0.010870
23	22	0.008850
23	26	0.015152
23	29	0.032258
23	32	0.010526
23	33	0.011765
23	35	0.015152
23	36	0.009901
23	39	0.015625
23	41	0.013158
23	42	0.010417
23	45	0.013158
23	46	0.018182
23	53	0.019608
23	60	0.025000
23	65	0.024390
23	66	0.025641
23	69	0.019231
23	74	0.021739
23	76	0.020408
23	81	0.029412
23	82	0.019231
23	87	0.032258
23	94	0.038462
23	96	0.040000
23	97	0.027778
23	105	0.031250
23	116	0.019231
23	117	0.043478
23	118	0.023256
23	129	0.028571
23	145	0.035714
23	146	0.033333
23	147	0.040000
23	165	0.041667
23	168	0.040000
23	179	0.045455
23	181	0.043478
23	184	0.043478
23	185	0.038462
23	190	0.058824
23	192	0.035714
23	198	0.037037
23	201	0.034483
23	240	0.047619
23	256	0.043478
23	268	0.052632
23	283	0.052632
23	290	0.058824
23	296	0.047619
23	303	0.055556
23	328	0.050000
23	339	0.052632
23	342	0.055556
23	353	0.047619
23	366	0.055556
23	368	0.058824
23	391	0.058824
23	414	0.062500
24	2	0.020408
24	5	0.024390
24	7	0.015625
24	8	0.018182
24	9	0.016129
24	10	0.018868
24	12	0.015873
24	14	0.011364
24	15	0.015152
24	16	0.007042
24	17	0.006623
24	18	0.008197
24	19	0.009346
24	21	0.007634
24	22	0.008850
24	26	0.015152
24	27	0.020000
24	28	0.020833
24	29	0.032258
24	30	0.033333
24	31	0.037037
24	32	0.010526
24	33	0.011765
24	35	0.015152
24	36	0.009901
24	41	0.013158
24	42	0.010417
24	43	0.013699
24	46	0.018182
24	49	0.016667
24	52	0.017544
24	54	0.017857
24	55	0.017241
24	62	0.035714
24	63	0.047619
24	65	0.024390
24	67	0.025641
24	80	0.038462
24	88	0.027778
24	94	0.038462
24	95	0.045455
24	103	0.024390
24	124	0.047619
24	127	0.047619
24	137	0.033333
24	142	0.034483
24	152	0.038462
24	172	0.037037
24	226	0.043478
24	227	0.040000
24	232	0.041667
24	233	0.055556
24	234	0.052632
24	236	0.055556
24	243	0.043478
24	249	0.047619
24	259	0.052632
24	270	0.052632
24	273	0.052632
24	274	0.045455
24	281	0.047619
24	282	0.058824
24	283	0.052632
24	340	0.052632
24	345	0.058824
24	349	0.062500
24	354	0.050000
24	358	0.066667
24	385	0.062500
24	387	0.055556
24	395	0.058824
24	407	0.062500
24	409	0.062500
24	411	0.062500
25	0	0.021277
25	1	0.016129
25	3	0.012658
25	6	0.013699
25	7	0.015625
25	12	0.015873
25	13	0.016129
25	14	0.011364
25	15	0.015152
25	16	0.007042
25	17	0.006623
25	18	0.008197
25	19	0.009346
25	20	0.010870
25	21	0.007634
25	26	0.015152
25	27	0.020000
25	29	0.032258
25	31	0.037037
25	34	0.009091
25	38	0.013333
25	39	0.015625
25	42	0.010417
25	44	0.017544
25	64	0.031250
25	76	0.020408
25	81	0.029412
25	95	0.045455
25	104	0.025641
25	111	0.020833
25	115	0.029412
25	125	0.052632
25	128	0.032258
25	135	0.037037
25	165	0.041667
25	166	0.041667
25	168	0.040000
25	172	0.037037
25	202	0.038462
25	205	0.041667
25	207	0.040000
25	229	0.050000
25	260	0.045455
25	278	0.050000
25	288	0.052632
25	315	0.058824
25	321	0.052632
25	328	0.050000
25	330	0.058824
25	345	0.058824
25	357	0.062500
25	360	0.058824
25	369	0.052632
25	391	0.058824
25	401	0.062500
26	1	0.016129
26	3	0.012658
26	9	0.016129
26	11	0.010753
26	12	0.015873
26	14	0.011364
26	15	0.015152
26	16	0.007042
26	17	0.006623
26	18	0.008197
26	20	0.010870
26	21	0.007634
26	22	0.008850
26	23	0.013699
26	24	0.013514
26	25	0.018182
26	29	0.032258
26	30	0.033333
26	31	0.037037
26	33	0.011765
26	34	0.009091
26	35	0.015152
26	37	0.014286
26	39	0.015625
26	43	0.013699
26	46	0.018182
26	59	0.033333
26	61	0.033333
26	63	0.047619
26	64	0.031250
26	74	0.021739
26	79	0.021277
26	97	0.027778
26	104	0.025641
26	115	0.029412
26	138	0.045455
26	139	0.037037
26	140	0.032258
26	151	0.038462
26	155	0.038462
26	164	0.045455
26	165	0.041667
26	169	0.023256
26	170	0.035714
26	172	0.037037
26	182	0.038462
26	189	0.043478
26	208	0.038462
26	224	0.050000
26	248	0.062500
26	249	0.047619
26	252	0.045455
26	261	0.050000
26	265	0.040000
26	281	0.047619
26	284	0.055556
26	291	0.055556
26	318	0.062500
26	321	0.052632
26	323	0.045455
26	335	0.058824
26	349	0.062500
26	361	0.055556
26	372	0.062500
26	383	0.058824
26	403	0.062500
27	0	0.021277
27	1	0.016129
27	2	0.020408
27	6	0.013699
27	9	0.016129
27	10	0.018868
27	12	0.015873
27	13	0.016129
27	15	0.015152
27	16	0.007042
27	17	0.006623
27	19	0.009346
27	21	0.007634
27	22	0.008850
27	24	0.013514
27	25	0.018182
27	32	0.010526
27	38	0.013333
27	39	0.015625
27	40	0.010101
27	43	0.013699
27	45	0.013158
27	59	0.033333
27	61	0.033333
27	62	0.035714
27	63	0.047619
27	64	0.031250
27	65	0.024390
27	68	0.027778
27	70	0.021277
27	79	0.021277
27	80	0.038462
27	95	0.045455
27	131	0.032258
27	142	0.034483
27	146	0.033333
27	152	0.038462
27	162	0.037037
27	184	0.043478
27	229	0.050000
27	239	0.045455
27	254	0.052632
27	264	0.050000
27	279	0.050000
27	307	0.045455
27	310	0.052632
27	346	0.062500
27	367	0.055556
27	382	0.055556
27	405	0.062500
28	0	0.021277
28	2	0.020408
28	3	0.012658
28	4	0.017241
28	7	0.015625
28	8	0.018182
28	9	0.016129
28	13	0.016129
28	14	0.011364
28	16	0.007042
28	17	0.006623
28	18	0.008197
28	19	0.009346
28	20	0.010870
28	22	0.008850
28	24	0.013514
28	31	0.037037
28	33	0.011765
28	38	0.013333
28	40	0.010101
28	45	0.013158
28	47	0.014493
28	59	0.033333
28	61	0.033333
28	79	0.021277
28	98	0.023810
28	119	0.030303
28	127	0.047619
28	131	0.032258
28	133	0.041667
28	140	0.032258
28	146	0.033333
28	163	0.038462
28	164	0.045455
28	176	0.041667
28	178	0.027027
28	189	0.043478
28	192	0.035714
28	227	0.040000
28	234	0.052632
28	243	0.043478
28	299	0.055556
28	321	0.052632
28	353	0.047619
28	375	0.062500
28	401	0.062500
28	403	0.062500
28	404	0.062500
29	1	0.016129
29	6	0.013699
29	7	0.015625
29	9	0.016129
29	12	0.015873
29	16	0.007042
29	17	0.006623
29	19	0.009346
29	20	0.010870
29	21	0.007634
29	22	0.008850
29	23	0.013699
29	24	0.013514
29	25	0.018182
29	26	0.015152
29	36	0.009901
29	43	0.013699
29	47	0.014493
29	51	0.016129
29	57	0.032258
29	62	0.035714
29	69	0.019231
29	85	0.030303
29	97	0.027778
29	126	0.045455
29	136	0.037037
29	185	0.038462
29	239	0.045455
29	242	0.043478
29	257	0.035714
29	346	0.062500
30	0	0.021277
30	1	0.016129
30	4	0.017241
30	6	0.013699
30	10	0.018868
30	11	0.010753
30	16	0.007042
30	17	0.006623
30	18	0.008197
30	19	0.009346
30	20	0.010870
30	21	0.007634
30	22	0.008850
30	24	0.013514
30	26	0.015152
30	41	0.013158
30	51	0.016129
30	59	0.033333
30	64	0.031250
30	65	0.024390
30	66	0.025641
30	70	0.021277
30	110	0.028571
30	172	0.037037
30	212	0.035714
30	213	0.032258
30	224	0.050000
30	294	0.045455
30	351	0.062500
30	376	0.062500
31	0	0.021277
31	2	0.020408
31	3	0.012658
31	6	0.013699
31	8	0.018182
31	10	0.018868
31	15	0.015152
31	16	0.007042
31	18	0.008197
31	19	0.009346
31	21	0.007634
31	22	0.008850
31	24	0.013514
31	25	0.018182
31	26	0.015152
31	28	0.020833
31	41	0.013158
31	44	0.017544
31	47	0.014493
31	51	0.016129
31	63	0.047619
31	71	0.020408
31	97	0.027778
31	108	0.050000
31	113	0.034483
31	152	0.038462
31	181	0.043478
32	0	0.021277
32	2	0.020408
32	3	0.012658
32	11	0.010753
32	12	0.015873
32	15	0.015152
32	16	0.007042
32	17	0.006623
32	18	0.008197
32	19	0.009346
32	20	0.010870
32	21	0.007634
32	22	0.008850
32	23	0.013699
32	24	0.013514
32	27	0.020000
32	33	0.011765
32	35	0.015152
32	37	0.014286
32	38	0.013333
32	39	0.015625
32	41	0.013158
32	43	0.013699
32	44	0.017544
32	46	0.018182
32	48	0.016129
32	50	0.012658
32	51	0.016129
32	52	0.017544
32	53	0.019608
32	54	0.017857
32	55	0.017241
32	68	0.027778
32	70	0.021277
32	71	0.020408
32	72	0.023810
32	77	0.021739
32	80	0.038462
32	83	0.018868
32	85	0.030303
32	90	0.029412
32	92	0.032258
32	93	0.035714
32	97	0.027778
32	98	0.023810
32	99	0.026316
32	103	0.024390
32	113	0.034483
32	116	0.019231
32	119	0.030303
32	123	0.037037
32	124	0.047619
32	126	0.045455
32	129	0.028571
32	132	0.020000
32	134	0.047619
32	139	0.037037
32	142	0.034483
32	143	0.038462
32	144	0.032258
32	146	0.033333
32	147	0.040000
32	154	0.043478
32	157	0.040000
32	158	0.055556
32	160	0.030303
32	163	0.038462
32	168	0.040000
32	174	0.047619
32	175	0.038462
32	177	0.035714
32	189	0.043478
32	197	0.045455
32	202	0.038462
32	212	0.035714
32	224	0.050000
32	226	0.043478
32	228	0.050000
32	231	0.052632
32	236	0.055556
32	264	0.050000
32	266	0.052632
32	268	0.052632
32	295	0.052632
32	303	0.055556
32	312	0.050000
32	320	0.047619
32	337	0.058824
32	339	0.052632
32	342	0.055556
32	343	0.058824
32	345	0.058824
32	347	0.062500
32	373	0.062500
32	388	0.062500
33	1	0.016129
33	6	0.013699
33	7	0.015625
33	12	0.015873
33	16	0.007042
33	17	0.006623
33	18	0.008197
33	19	0.009346
33	21	0.007634
33	22	0.008850
33	23	0.013699
33	24	0.013514
33	26	0.015152
33	28	0.020833
33	32	0.010526
33	34	0.009091
33	35	0.015152
33	37	0.014286
33	40	0.010101
33	42	0.010417
33	48	0.016129
33	49	0.016667
33	50	0.012658
33	57	0.032258
33	60	0.025000
33	63	0.047619
33	69	0.019231
33	71	0.020408
33	75	0.027027
33	76	0.020408
33	79	0.021277
33	83	0.018868
33	89	0.023256
33	90	0.029412
33	93	0.035714
33	94	0.038462
33	97	0.027778
33	98	0.023810
33	99	0.026316
33	101	0.024390
33	102	0.027027
33	103	0.024390
33	134	0.047619
33	136	0.037037
33	141	0.022222
33	148	0.032258
33	150	0.043478
33	153	0.040000
33	157	0.040000
33	160	0.030303
33	161	0.032258
33	163	0.038462
33	169	0.023256
33	170	0.035714
33	174	0.047619
33	179	0.045455
33	183	0.041667
33	190	0.058824
33	193	0.035714
33	208	0.038462
33	210	0.045455
33	221	0.047619
33	237	0.041667
33	243	0.043478
33	248	0.062500
33	258	0.041667
33	259	0.052632
33	262	0.045455
33	274	0.045455
33	275	0.041667
33	288	0.052632
33	301	0.047619
33	305	0.055556
33	307	0.045455
33	309	0.052632
33	313	0.055556
33	326	0.045455
33	327	0.058824
33	331	0.050000
33	369	0.052632
33	375	0.062500
33	383	0.058824
33	387	0.055556
33	393	0.058824
33	409	0.062500
34	3	0.012658
34	4	0.017241
34	6	0.013699
34	7	0.015625
34	9	0.016129
34	10	0.018868
34	11	0.010753
34	12	0.015873
34	15	0.015152
34	16	0.007042
34	17	0.006623
34	19	0.009346
34	20	0.010870
34	25	0.018182
34	26	0.015152
34	33	0.011765
34	36	0.009901
34	37	0.014286
34	40	0.010101
34	45	0.013158
34	46	0.018182
34	47	0.014493
34	48	0.016129
34	50	0.012658
34	51	0.016129
34	52	0.017544
34	57	0.032258
34	58	0.021739
34	64	0.031250
34	66	0.025641
34	68	0.027778
34	71	0.020408
34	74	0.021739
34	79	0.021277
34	82	0.019231
34	85	0.030303
34	86	0.027778
34	89	0.023256
34	92	0.032258
34	93	0.035714
34	96	0.040000
34	100	0.032258
34	106	0.022727
34	109	0.026316
34	111	0.020833
34	112	0.025641
34	116	0.019231
34	118	0.023256
34	121	0.041667
34	125	0.052632
34	126	0.045455
34	134	0.047619
34	138	0.045455
34	139	0.037037
34	143	0.038462
34	144	0.032258
34	145	0.035714
34	163	0.038462
34	164	0.045455
34	165	0.041667
34	167	0.034483
34	173	0.037037
34	174	0.047619
34	175	0.038462
34	176	0.041667
34	179	0.045455
34	192	0.035714
34	199	0.041667
34	200	0.037037
34	202	0.038462
34	203	0.033333
34	206	0.052632
34	209	0.033333
34	214	0.045455
34	215	0.043478
34	225	0.043478
34	233	0.055556
34	235	0.047619
34	240	0.047619
34	250	0.043478
34	254	0.052632
34	258	0.041667
34	260	0.045455
34	262	0.045455
34	267	0.047619
34	268	0.052632
34	270	0.052632
34	272	0.052632
34	282	0.058824
34	298	0.055556
34	303	0.055556
34	314	0.050000
34	316	0.052632
34	318	0.062500
34	327	0.058824
34	329	0.050000
34	335	0.058824
34	336	0.058824
34	342	0.055556
34	343	0.058824
34	347	0.062500
34	351	0.062500
34	369	0.052632
34	378	0.058824
34	383	0.058824
34	391	0.058824
34	395	0.058824
34	400	0.058824
34	405	0.062500
34	411	0.062500
35	1	0.016129
35	4	0.017241
35	7	0.015625
35	8	0.018182
35	14	0.011364
35	15	0.015152
35	17	0.006623
35	19	0.009346
35	21	0.007634
35	22	0.008850
35	23	0.013699
35	24	0.013514
35	26	0.015152
35	32	0.010526
35	33	0.011765
35	36	0.009901
35	37	0.014286
35	39	0.015625
35	46	0.018182
35	50	0.012658
35	55	0.017241
35	56	0.018868
35	57	0.032258
35	61	0.033333
35	64	0.031250
35	70	0.021277
35	85	0.030303
35	96	0.040000
35	100	0.032258
35	102	0.027027
35	106	0.022727
35	107	0.029412
35	111	0.020833
35	118	0.023256
35	129	0.028571
35	138	0.045455
35	150	0.043478
35	153	0.040000
35	156	0.038462
35	167	0.034483
35	190	0.058824
35	193	0.035714
35	210	0.045455
35	218	0.041667
35	219	0.050000
35	221	0.047619
35	241	0.050000
35	243	0.043478
35	245	0.052632
35	246	0.058824
35	267	0.047619
35	270	0.052632
35	272	0.052632
35	275	0.041667
35	276	0.047619
35	280	0.058824
35	281	0.047619
35	289	0.041667
35	311	0.062500
35	337	0.058824
35	347	0.062500
35	358	0.066667
35	379	0.066667
35	383	0.058824
35	397	0.062500
35	400	0.058824
36	1	0.016129
36	8	0.018182
36	11	0.010753
36	13	0.016129
36	16	0.007042
36	17	0.006623
36	18	0.008197
36	19	0.009346
36	20	0.010870
36	21	0.007634
36	22	0.008850
36	23	0.013699
36	24	0.013514
36	29	0.032258
36	34	0.009091
36	35	0.015152
36	38	0.013333
36	39	0.015625
36	45	0.013158
36	46	0.018182
36	47	0.014493
36	50	0.012658
36	51	0.016129
36	52	0.017544
36	53	0.019608
36	55	0.017241
36	57	0.032258
36	61	0.033333
36	62	0.035714
36	64	0.031250
36	67	0.025641
36	69	0.019231
36	72	0.023810
36	73	0.018519
36	75	0.027027
36	77	0.021739
36	79	0.021277
36	88	0.027778
36	94	0.038462
36	97	0.027778
36	109	0.026316
36	111	0.020833
36	113	0.034483
36	114	0.027027
36	120	0.037037
36	125	0.052632
36	127	0.047619
36	130	0.033333
36	131	0.032258
36	139	0.037037
36	143	0.038462
36	149	0.050000
36	151	0.038462
36	162	0.037037
36	163	0.038462
36	164	0.045455
36	165	0.041667
36	166	0.041667
36	168	0.040000
36	170	0.035714
36	177	0.035714
36	181	0.043478
36	194	0.043478
36	196	0.043478
36	212	0.035714
36	215	0.043478
36	216	0.047619
36	218	0.041667
36	221	0.047619
36	223	0.052632
36	224	0.050000
36	228	0.050000
36	229	0.050000
36	245	0.052632
36	252	0.045455
36	262	0.045455
36	267	0.047619
36	269	0.055556
36	272	0.052632
36	277	0.045455
36	279	0.050000
36	293	0.050000
36	301	0.047619
36	302	0.050000
36	315	0.058824
36	327	0.058824
36	328	0.050000
36	337	0.058824
36	342	0.055556
36	345	0.058824
36	347	0.062500
36	350	0.062500
36	368	0.058824
36	385	0.062500
36	388	0.062500
36	396	0.058824
36	400	0.058824
36	405	0.062500
36	409	0.062500
36	413	0.062500
36	415	0.062500
37	7	0.015625
37	8	0.018182
37	11	0.010753
37	12	0.015873
37	14	0.011364
37	15	0.015152
37	17	0.006623
37	18	0.008197
37	19	0.009346
37	21	0.007634
37	26	0.015152
37	32	0.010526
37	33	0.011765
37	34	0.009091
37	35	0.015152
37	43	0.013699
37	44	0.017544
37	45	0.013158
37	47	0.014493
37	48	0.016129
37	49	0.016667
37	57	0.032258
37	62	0.035714
37	70	0.021277
37	72	0.023810
37	74	0.021739
37	75	0.027027
37	80	0.038462
37	81	0.029412
37	94	0.038462
37	96	0.040000
37	107	0.029412
37	108	0.050000
37	110	0.028571
37	112	0.025641
37	113	0.034483
37	115	0.029412
37	116	0.019231
37	117	0.043478
37	118	0.023256
37	120	0.037037
37	121	0.041667
37	123	0.037037
37	142	0.034483
37	149	0.050000
37	154	0.043478
37	158	0.055556
37	170	0.035714
37	186	0.047619
37	190	0.058824
37	195	0.041667
37	222	0.052632
37	249	0.047619
37	250	0.043478
37	252	0.045455
37	277	0.045455
37	279	0.050000
37	282	0.058824
37	320	0.047619
37	334	0.062500
37	338	0.062500
37	345	0.058824
37	353	0.047619
37	357	0.062500
37	361	0.055556
37	371	0.055556
37	387	0.055556
37	398	0.062500
37	406	0.062500
37	410	0.062500
38	0	0.021277
38	3	0.012658
38	9	0.016129
38	10	0.018868
38	12	0.015873
38	16	0.007042
38	17	0.006623
38	18	0.008197
38	19	0.009346
38	20	0.010870
38	21	0.007634
38	25	0.018182
38	27	0.020000
38	28	0.020833
38	32	0.010526
38	36	0.009901
38	44	0.017544
38	51	0.016129
38	57	0.032258
38	65	0.024390
38	66	0.025641
38	68	0.027778
38	69	0.019231
38	75	0.027027
38	85	0.030303
38	86	0.027778
38	87	0.032258
38	88	0.027778
38	90	0.029412
38	97	0.027778
38	99	0.026316
38	100	0.032258
38	101	0.024390
38	103	0.024390
38	105	0.031250
38	108	0.050000
38	111	0.020833
38	119	0.030303
38	120	0.037037
38	122	0.034483
38	124	0.047619
38	137	0.033333
38	142	0.034483
38	146	0.033333
38	148	0.032258
38	153	0.040000
38	157	0.040000
38	166	0.041667
38	168	0.040000
38	174	0.047619
38	175	0.038462
38	183	0.041667
38	189	0.043478
38	209	0.033333
38	229	0.050000
38	240	0.047619
38	245	0.052632
38	251	0.055556
38	260	0.045455
38	261	0.050000
38	263	0.052632
38	264	0.050000
38	266	0.052632
38	267	0.047619
38	276	0.047619
38	287	0.052632
38	315	0.058824
38	319	0.062500
38	324	0.050000
38	333	0.058824
38	356	0.058824
38	378	0.058824
38	380	0.062500
38	402	0.062500
38	411	0.062500
39	1	0.016129
39	5	0.024390
39	9	0.016129
39	16	0.007042
39	17	0.006623
39	18	0.008197
39	19	0.009346
39	20	0.010870
39	21	0.007634
39	23	0.013699
39	25	0.018182
39	26	0.015152
39	27	0.020000
39	32	0.010526
39	35	0.015152
39	36	0.009901
39	40	0.010101
39	43	0.013699
39	48	0.016129
39	52	0.017544
39	53	0.019608
39	66	0.025641
39	67	0.025641
39	80	0.038462
39	82	0.019231
39	85	0.030303
39	104	0.025641
39	113	0.034483
39	122	0.034483
39	125	0.052632
39	129	0.028571
39	133	0.041667
39	155	0.038462
39	158	0.055556
39	159	0.043478
39	160	0.030303
39	162	0.037037
39	170	0.035714
39	175	0.038462
39	177	0.035714
39	196	0.043478
39	201	0.034483
39	207	0.040000
39	227	0.040000
39	229	0.050000
39	231	0.052632
39	233	0.055556
39	255	0.043478
39	261	0.050000
39	263	0.052632
39	282	0.058824
39	289	0.041667
39	290	0.058824
39	300	0.055556
39	306	0.058824
39	316	0.052632
39	319	0.062500
39	333	0.058824
39	353	0.047619
39	357	0.062500
39	363	0.058824
39	369	0.052632
39	384	0.066667
39	410	0.062500
40	0	0.021277
40	2	0.020408
40	3	0.012658
40	8	0.018182
40	12	0.015873
40	13	0.016129
40	14	0.011364
40	15	0.015152
40	16	0.007042
40	17	0.006623
40	18	0.008197
40	27	0.020000
40	28	0.020833
40	33	0.011765
40	34	0.009091
40	39	0.015625
40	41	0.013158
40	44	0.017544
40	47	0.014493
40	48	0.016129
40	49	0.016667
40	50	0.012658
40	54	0.017857
40	55	0.017241
40	57	0.032258
40	59	0.033333
40	60	0.025000
40	66	0.025641
40	68	0.027778
40	72	0.023810
40	74	0.021739
40	75	0.027027
40	78	0.030303
40	79	0.021277
40	81	0.029412
40	82	0.019231
40	83	0.018868
40	84	0.024390
40	90	0.029412
40	91	0.032258
40	92	0.032258
40	100	0.032258
40	101	0.024390
40	106	0.022727
40	116	0.019231
40	123	0.037037
40	124	0.047619
40	133	0.041667
40	136	0.037037
40	141	0.022222
40	147	0.040000
40	152	0.038462
40	159	0.043478
40	175	0.038462
40	180	0.031250
40	181	0.043478
40	187	0.032258
40	193	0.035714
40	195	0.041667
40	197	0.045455
40	198	0.037037
40	204	0.034483
40	207	0.040000
40	215	0.043478
40	221	0.047619
40	230	0.052632
40	231	0.052632
40	237	0.041667
40	241	0.050000
40	242	0.043478
40	251	0.055556
40	255	0.043478
40	256	0.043478
40	263	0.052632
40	270	0.052632
40	275	0.041667
40	279	0.050000
40	286	0.058824
40	302	0.050000
40	305	0.055556
40	308	0.062500
40	313	0.055556
40	319	0.062500
40	322	0.050000
40	331	0.050000
40	334	0.062500
40	340	0.052632
40	345	0.058824
40	351	0.062500
40	361	0.055556
40	367	0.055556
40	373	0.062500
40	382	0.055556
40	383	0.058824
40	384	0.066667
40	392	0.062500
40	396	0.058824
40	407	0.062500
40	411	0.062500
41	1	0.016129
41	3	0.012658
41	8	0.018182
41	10	0.018868
41	11	0.010753
41	13	0.016129
41	14	0.011364
41	17	0.006623
41	19	0.009346
41	21	0.007634
41	23	0.013699
41	24	0.013514
41	30	0.033333
41	31	0.037037
41	32	0.010526
41	40	0.010101
41	51	0.016129
41	60	0.025000
41	61	0.033333
41	62	0.035714
41	68	0.027778
41	76	0.020408
41	77	0.021739
41	81	0.029412
41	83	0.018868
41	84	0.024390
41	85	0.030303
41	92	0.032258
41	94	0.038462
41	99	0.026316
41	101	0.024390
41	102	0.027027
41	118	0.023256
41	123	0.037037
41	126	0.045455
41	136	0.037037
41	140	0.032258
41	142	0.034483
41	144	0.032258
41	145	0.035714
41	148	0.032258
41	154	0.043478
41	162	0.037037
41	169	0.023256
41	170	0.035714
41	178	0.027027
41	191	0.058824
41	192	0.035714
41	198	0.037037
41	207	0.040000
41	209	0.033333
41	210	0.045455
41	216	0.047619
41	217	0.038462
41	222	0.052632
41	237	0.041667
41	247	0.047619
41	251	0.055556
41	260	0.045455
41	278	0.050000
41	294	0.045455
41	301	0.047619
41	308	0.062500
41	317	0.062500
41	319	0.062500
41	325	0.058824
41	348	0.062500
41	358	0.066667
41	360	0.058824
41	365	0.058824
41	379	0.066667
41	387	0.055556
41	394	0.058824
41	396	0.058824
41	399	0.062500
41	403	0.062500
42	1	0.016129
42	3	0.012658
42	4	0.017241
42	7	0.015625
42	8	0.018182
42	11	0.010753
42	14	0.011364
42	17	0.006623
42	19	0.009346
42	20	0.010870
42	22	0.008850
42	23	0.013699
42	24	0.013514
42	25	0.018182
42	33	0.011765
42	48	0.016129
42	55	0.017241
42	56	0.018868
42	57	0.032258
42	58	0.021739
42	60	0.025000
42	65	0.024390
42	67	0.025641
42	72	0.023810
42	74	0.021739
42	75	0.027027
42	78	0.030303
42	80	0.038462
42	84	0.024390
42	88	0.027778
42	90	0.029412
42	92	0.032258
42	93	0.035714
42	95	0.045455
42	98	0.023810
42	102	0.027027
42	103	0.024390
42	105	0.031250
42	107	0.029412
42	109	0.026316
42	110	0.028571
42	111	0.020833
42	118	0.023256
42	121	0.041667
42	122	0.034483
42	123	0.037037
42	129	0.028571
42	130	0.033333
42	140	0.032258
42	144	0.032258
42	148	0.032258
42	149	0.050000
42	150	0.043478
42	163	0.038462
42	167	0.034483
42	173	0.037037
42	177	0.035714
42	178	0.027027
42	183	0.041667
42	186	0.047619
42	188	0.043478
42	194	0.043478
42	195	0.041667
42	196	0.043478
42	197	0.045455
42	217	0.038462
42	230	0.052632
42	240	0.047619
42	241	0.050000
42	251	0.055556
42	254	0.052632
42	257	0.035714
42	260	0.045455
42	262	0.045455
42	269	0.055556
42	270	0.052632
42	272	0.052632
42	273	0.052632
42	286	0.058824
42	293	0.050000
42	297	0.062500
42	301	0.047619
42	308	0.062500
42	310	0.052632
42	318	0.062500
42	322	0.050000
42	327	0.058824
42	348	0.062500
42	356	0.058824
42	361	0.055556
42	363	0.058824
42	367	0.055556
42	370	0.062500
42	372	0.062500
42	392	0.062500
42	408	0.062500
43	2	0.020408
43	4	0.017241
43	6	0.013699
43	8	0.018182
43	9	0.016129
43	16	0.007042
43	17	0.006623
43	18	0.008197
43	19	0.009346
43	24	0.013514
43	26	0.015152
43	27	0.020000
43	29	0.032258
43	32	0.010526
43	37	0.014286
43	39	0.015625
43	49	0.016667
43	51	0.016129
43	54	0.017857
43	61	0.033333
43	64	0.031250
43	66	0.025641
43	68	0.027778
43	70	0.021277
43	80	0.038462
43	81	0.029412
43	84	0.024390
43	85	0.030303
43	91	0.032258
43	95	0.045455
43	98	0.023810
43	105	0.031250
43	115	0.029412
43	146	0.033333
43	147	0.040000
43	149	0.050000
43	150	0.043478
43	158	0.055556
43	159	0.043478
43	160	0.030303
43	163	0.038462
43	166	0.041667
43	173	0.037037
43	183	0.041667
43	186	0.047619
43	191	0.058824
43	199	0.041667
43	209	0.033333
43	227	0.040000
43	232	0.041667
43	240	0.047619
43	242	0.043478
43	255	0.043478
43	256	0.043478
43	265	0.040000
43	266	0.052632
43	286	0.058824
43	296	0.047619
43	306	0.058824
43	309	0.052632
43	317	0.062500
43	334	0.062500
43	349	0.062500
43	357	0.062500
43	368	0.058824
43	370	0.062500
43	371	0.055556
43	385	0.062500
43	386	0.062500
43	387	0.055556
43	393	0.058824
43	403	0.062500
43	406	0.062500
44	3	0.012658
44	7	0.015625
44	11	0.010753
44	12	0.015873
44	13	0.016129
44	16	0.007042
44	18	0.008197
44	20	0.010870
44	21	0.007634
44	22	0.008850
44	25	0.018182
44	31	0.037037
44	32	0.010526
44	37	0.014286
44	38	0.013333
44	40	0.010101
44	47	0.014493
44	52	0.017544
44	63	0.047619
44	72	0.023810
44	82	0.019231
44	83	0.018868
44	96	0.040000
44	98	0.023810
44	108	0.050000
44	111	0.020833
44	118	0.023256
44	119	0.030303
44	120	0.037037
44	121	0.041667
44	127	0.047619
44	135	0.037037
44	157	0.040000
44	178	0.027027
44	180	0.031250
44	185	0.038462
44	186	0.047619
44	191	0.058824
44	201	0.034483
44	209	0.033333
44	211	0.045455
44	213	0.032258
44	220	0.058824
44	231	0.052632
44	247	0.047619
44	264	0.050000
44	271	0.050000
44	272	0.052632
44	299	0.055556
44	305	0.055556
44	334	0.062500
44	336	0.058824
44	353	0.047619
44	364	0.058824
44	371	0.055556
44	396	0.058824
44	402	0.062500
45	1	0.016129
45	3	0.012658
45	5	0.024390
45	9	0.016129
45	11	0.010753
45	14	0.011364
45	17	0.006623
45	20	0.010870
45	21	0.007634
45	22	0.008850
45	23	0.013699
45	27	0.020000
45	28	0.020833
45	34	0.009091
45	36	0.009901
45	37	0.014286
45	46	0.018182
45	48	0.016129
45	49	0.016667
45	50	0.012658
45	58	0.021739
45	67	0.025641
45	71	0.020408
45	73	0.018519
45	77	0.021739
45	88	0.027778
45	96	0.040000
45	98	0.023810
45	103	0.024390
45	106	0.022727
45	114	0.027027
45	119	0.030303
45	120	0.037037
45	121	0.041667
45	136	0.037037
45	138	0.045455
45	140	0.032258
45	152	0.038462
45	155	0.038462
45	160	0.030303
45	163	0.038462
45	169	0.023256
45	176	0.041667
45	178	0.027027
45	195	0.041667
45	198	0.037037
45	200	0.037037
45	201	0.034483
45	202	0.038462
45	206	0.052632
45	231	0.052632
45	246	0.058824
45	247	0.047619
45	252	0.045455
45	264	0.050000
45	265	0.040000
45	274	0.045455
45	276	0.047619
45	294	0.045455
45	312	0.050000
45	325	0.058824
45	342	0.055556
45	343	0.058824
45	344	0.062500
45	345	0.058824
45	351	0.062500
45	359	0.052632
45	363	0.058824
45	364	0.058824
45	371	0.055556
45	378	0.058824
45	385	0.062500
45	387	0.055556
45	392	0.062500
45	398	0.062500
45	403	0.062500
46	4	0.017241
46	8	0.018182
46	14	0.011364
46	18	0.008197
46	19	0.009346
46	20	0.010870
46	21	0.007634
46	22	0.008850
46	23	0.013699
46	24	0.013514
46	26	0.015152
46	32	0.010526
46	34	0.009091
46	35	0.015152
46	36	0.009901
46	45	0.013158
46	47	0.014493
46	49	0.016667
46	54	0.017857
46	55	0.017241
46	58	0.021739
46	60	0.025000
46	63	0.047619
46	66	0.025641
46	74	0.021739
46	85	0.030303
46	93	0.035714
46	94	0.038462
46	96	0.040000
46	104	0.025641
46	114	0.027027
46	123	0.037037
46	127	0.047619
46	128	0.032258
46	134	0.047619
46	162	0.037037
46	170	0.035714
46	181	0.043478
46	192	0.035714
46	200	0.037037
46	206	0.052632
46	212	0.035714
46	232	0.041667
46	236	0.055556
46	269	0.055556
46	280	0.058824
46	284	0.055556
46	297	0.062500
46	331	0.050000
46	353	0.047619
46	361	0.055556
46	362	0.062500
46	363	0.058824
46	373	0.062500
46	394	0.058824
47	6	0.013699
47	11	0.010753
47	16	0.007042
47	19	0.009346
47	20	0.010870
47	21	0.007634
47	22	0.008850
47	28	0.020833
47	29	0.032258
47	31	0.037037
47	34	0.009091
47	36	0.009901
47	37	0.014286
47	40	0.010101
47	44	0.017544
47	46	0.018182
47	53	0.019608
47	55	0.017241
47	56	0.018868
47	58	0.021739
47	63	0.047619
47	64	0.031250
47	68	0.027778
47	70	0.021277
47	75	0.027027
47	78	0.030303
47	79	0.021277
47	81	0.029412
47	83	0.018868
47	87	0.032258
47	88	0.027778
47	90	0.029412
47	115	0.029412
47	117	0.043478
47	127	0.047619
47	138	0.045455
47	140	0.032258
47	148	0.032258
47	150	0.043478
47	155	0.038462
47	159	0.043478
47	165	0.041667
47	168	0.040000
47	194	0.043478
47	199	0.041667
47	213	0.032258
47	216	0.047619
47	223	0.052632
47	242	0.043478
47	247	0.047619
47	253	0.052632
47	255	0.043478
47	275	0.041667
47	280	0.058824
47	283	0.052632
47	284	0.055556
47	298	0.055556
47	311	0.062500
47	318	0.062500
47	319	0.062500
47	335	0.058824
47	352	0.055556
47	355	0.052632
47	356	0.058824
47	371	0.055556
47	377	0.066667
47	381	0.062500
47	397	0.062500
47	399	0.062500
48	4	0.017241
48	5	0.024390
48	6	0.013699
48	8	0.018182
48	9	0.016129
48	10	0.018868
48	14	0.011364
48	32	0.010526
48	33	0.011765
48	34	0.009091
48	37	0.014286
48	39	0.015625
48	40	0.010101
48	42	0.010417
48	45	0.013158
48	51	0.016129
48	57	0.032258
48	58	0.021739
48	59	0.033333
48	61	0.033333
48	65	0.024390
48	69	0.019231
48	71	0.020408
48	74	0.021739
48	78	0.030303
48	79	0.021277
48	89	0.023256
48	100	0.032258
48	103	0.024390
48	108	0.050000
48	112	0.025641
48	114	0.027027
48	118	0.023256
48	130	0.033333
48	132	0.020000
48	135	0.037037
48	155	0.038462
48	166	0.041667
48	173	0.037037
48	180	0.031250
48	200	0.037037
48	204	0.034483
48	210	0.045455
48	215	0.043478
48	218	0.041667
48	235	0.047619
48	236	0.055556
48	260	0.045455
48	277	0.045455
48	298	0.055556
48	300	0.055556
48	322	0.050000
48	323	0.045455
48	326	0.045455
48	338	0.062500
48	341	0.062500
48	349	0.062500
48	367	0.055556
48	373	0.062500
48	377	0.066667
48	397	0.062500
48	415	0.062500
49	2	0.020408
49	6	0.013699
49	7	0.015625
49	14	0.011364
49	16	0.007042
49	17	0.006623
49	18	0.008197
49	21	0.007634
49	22	0.008850
49	24	0.013514
49	33	0.011765
49	37	0.014286
49	40	0.010101
49	43	0.013699
49	45	0.013158
49	46	0.018182
49	50	0.012658
49	57	0.032258
49	61	0.033333
49	62	0.035714
49	63	0.047619
49	69	0.019231
49	72	0.023810
49	78	0.030303
49	107	0.029412
49	109	0.026316
49	115	0.029412
49	124	0.047619
49	125	0.052632
49	141	0.022222
49	150	0.043478
49	154	0.043478
49	166	0.041667
49	173	0.037037
49	178	0.027027
49	190	0.058824
49	206	0.052632
49	215	0.043478
49	218	0.041667
49	222	0.052632
49	227	0.040000
49	235	0.047619
49	240	0.047619
49	246	0.058824
49	256	0.043478
49	264	0.050000
49	282	0.058824
49	304	0.047619
49	309	0.052632
49	330	0.058824
49	332	0.058824
49	348	0.062500
49	356	0.058824
49	363	0.058824
49	369	0.052632
49	385	0.062500
49	386	0.062500
49	395	0.058824
49	402	0.062500
49	410	0.062500
50	2	0.020408
50	6	0.013699
50	7	0.015625
50	14	0.011364
50	16	0.007042
50	17	0.006623
50	18	0.008197
50	32	0.010526
50	33	0.011765
50	34	0.009091
50	35	0.015152
50	36	0.009901
50	40	0.010101
50	45	0.013158
50	49	0.016667
50	51	0.016129
50	53	0.019608
50	56	0.018868
50	59	0.033333
50	60	0.025000
50	62	0.035714
50	63	0.047619
50	67	0.025641
50	69	0.019231
50	75	0.027027
50	82	0.019231
50	83	0.018868
50	92	0.032258
50	96	0.040000
50	104	0.025641
50	107	0.029412
50	113	0.034483
50	117	0.043478
50	121	0.041667
50	131	0.032258
50	132	0.020000
50	134	0.047619
50	153	0.040000
50	154	0.043478
50	156	0.038462
50	161	0.032258
50	172	0.037037
50	174	0.047619
50	179	0.045455
50	189	0.043478
50	191	0.058824
50	194	0.043478
50	196	0.043478
50	197	0.045455
50	217	0.038462
50	220	0.058824
50	224	0.050000
50	227	0.040000
50	236	0.055556
50	237	0.041667
50	241	0.050000
50	244	0.047619
50	245	0.052632
50	252	0.045455
50	254	0.052632
50	262	0.045455
50	268	0.052632
50	282	0.058824
50	286	0.058824
50	288	0.052632
50	303	0.055556
50	320	0.047619
50	321	0.052632
50	329	0.050000
50	332	0.058824
50	348	0.062500
50	357	0.062500
50	361	0.055556
50	371	0.055556
50	378	0.058824
50	389	0.062500
50	400	0.058824
50	406	0.062500
50	415	0.062500
51	1	0.016129
51	14	0.011364
51	16	0.007042
51	18	0.008197
51	20	0.010870
51	29	0.032258
51	30	0.033333
51	31	0.037037
51	32	0.010526
51	34	0.009091
51	36	0.009901
51	38	0.013333
51	41	0.013158
51	43	0.013699
51	48	0.016129
51	50	0.012658
51	55	0.017241
51	58	0.021739
51	59	0.033333
51	63	0.047619
51	75	0.027027
51	87	0.032258
51	91	0.032258
51	92	0.032258
51	101	0.024390
51	113	0.034483
51	124	0.047619
51	126	0.045455
51	130	0.033333
51	134	0.047619
51	143	0.038462
51	149	0.050000
51	153	0.040000
51	157	0.040000
51	171	0.038462
51	177	0.035714
51	179	0.045455
51	181	0.043478
51	182	0.038462
51	183	0.041667
51	196	0.043478
51	201	0.034483
51	205	0.041667
51	206	0.052632
51	209	0.033333
51	214	0.045455
51	219	0.050000
51	231	0.052632
51	235	0.047619
51	248	0.062500
51	259	0.052632
51	270	0.052632
51	294	0.045455
51	301	0.047619
51	306	0.058824
51	358	0.066667
51	374	0.062500
51	377	0.066667
51	392	0.062500
51	397	0.062500
51	399	0.062500
51	411	0.062500
52	3	0.012658
52	12	0.015873
52	14	0.011364
52	16	0.007042
52	17	0.006623
52	18	0.008197
52	20	0.010870
52	21	0.007634
52	22	0.008850
52	24	0.013514
52	32	0.010526
52	34	0.009091
52	36	0.009901
52	39	0.015625
52	44	0.017544
52	68	0.027778
52	75	0.027027
52	76	0.020408
52	77	0.021739
52	88	0.027778
52	98	0.023810
52	100	0.032258
52	101	0.024390
52	112	0.025641
52	132	0.020000
52	139	0.037037
52	142	0.034483
52	144	0.032258
52	151	0.038462
52	155	0.038462
52	173	0.037037
52	174	0.047619
52	181	0.043478
52	182	0.038462
52	184	0.043478
52	188	0.043478
52	214	0.045455
52	226	0.043478
52	244	0.047619
52	250	0.043478
52	256	0.043478
52	262	0.045455
52	267	0.047619
52	277	0.045455
52	282	0.058824
52	283	0.052632
52	288	0.052632
52	301	0.047619
52	308	0.062500
52	337	0.058824
52	342	0.055556
52	352	0.055556
52	354	0.050000
52	361	0.055556
52	387	0.055556
52	396	0.058824
52	404	0.062500
53	0	0.021277
53	6	0.013699
53	7	0.015625
53	12	0.015873
53	13	0.016129
53	15	0.015152
53	16	0.007042
53	17	0.006623
53	20	0.010870
53	21	0.007634
53	23	0.013699
53	32	0.010526
53	36	0.009901
53	39	0.015625
53	47	0.014493
53	50	0.012658
53	70	0.021277
53	71	0.020408
53	78	0.030303
53	84	0.024390
53	85	0.030303
53	97	0.027778
53	99	0.026316
53	109	0.026316
53	120	0.037037
53	126	0.045455
53	132	0.020000
53	134	0.047619
53	140	0.032258
53	145	0.035714
53	154	0.043478
53	160	0.030303
53	182	0.038462
53	188	0.043478
53	211	0.045455
53	238	0.045455
53	241	0.050000
53	260	0.045455
53	267	0.047619
53	276	0.047619
53	278	0.050000
53	288	0.052632
53	290	0.058824
53	330	0.058824
53	355	0.052632
53	375	0.062500
53	383	0.058824
53	400	0.058824
53	403	0.062500
53	404	0.062500
53	416	0.062500
54	2	0.020408
54	3	0.012658
54	7	0.015625
54	9	0.016129
54	11	0.010753
54	13	0.016129
54	14	0.011364
54	16	0.007042
54	18	0.008197
54	19	0.009346
54	21	0.007634
54	24	0.013514
54	32	0.010526
54	40	0.010101
54	43	0.013699
54	46	0.018182
54	55	0.017241
54	56	0.018868
54	62	0.035714
54	63	0.047619
54	68	0.027778
54	78	0.030303
54	88	0.027778
54	123	0.037037
54	124	0.047619
54	131	0.032258
54	132	0.020000
54	152	0.038462
54	158	0.055556
54	167	0.034483
54	168	0.040000
54	179	0.045455
54	180	0.031250
54	183	0.041667
54	185	0.038462
54	194	0.043478
54	204	0.034483
54	213	0.032258
54	238	0.045455
54	284	0.055556
54	297	0.062500
54	314	0.050000
54	316	0.052632
54	332	0.058824
54	340	0.052632
54	360	0.058824
54	361	0.055556
54	362	0.062500
54	367	0.055556
54	374	0.062500
54	381	0.062500
54	383	0.058824
54	394	0.058824
54	396	0.058824
54	401	0.062500
54	409	0.062500
55	11	0.010753
55	13	0.016129
55	14	0.011364
55	15	0.015152
55	16	0.007042
55	22	0.008850
55	24	0.013514
55	32	0.010526
55	35	0.015152
55	36	0.009901
55	40	0.010101
55	42	0.010417
55	46	0.018182
55	47	0.014493
55	51	0.016129
55	54	0.017857
55	56	0.018868
55	58	0.021739
55	59	0.033333
55	67	0.025641
55	70	0.021277
55	73	0.018519
55	74	0.021739
55	86	0.027778
55	89	0.023256
55	91	0.032258
55	103	0.024390
55	107	0.029412
55	114	0.027027
55	116	0.019231
55	129	0.028571
55	131	0.032258
55	132	0.020000
55	134	0.047619
55	142	0.034483
55	157	0.040000
55	160	0.030303
55	161	0.032258
55	162	0.037037
55	171	0.038462
55	173	0.037037
55	181	0.043478
55	207	0.040000
55	219	0.050000
55	222	0.052632
55	233	0.055556
55	244	0.047619
55	256	0.043478
55	266	0.052632
55	267	0.047619
55	269	0.055556
55	289	0.041667
55	303	0.055556
55	325	0.058824
55	347	0.062500
55	372	0.062500
55	374	0.062500
55	414	0.062500
56	3	0.012658
56	6	0.013699
56	11	0.010753
56	12	0.015873
56	13	0.016129
56	15	0.015152
56	17	0.006623
56	19	0.009346
56	21	0.007634
56	22	0.008850
56	35	0.015152
56	42	0.010417
56	47	0.014493
56	50	0.012658
56	54	0.017857
56	55	0.017241
56	62	0.035714
56	80	0.038462
56	89	0.023256
56	95	0.045455
56	106	0.022727
56	116	0.019231
56	118	0.023256
56	127	0.047619
56	128	0.032258
56	131	0.032258
56	138	0.045455
56	142	0.034483
56	154	0.043478
56	158	0.055556
56	171	0.038462
56	175	0.038462
56	189	0.043478
56	191	0.058824
56	196	0.043478
56	198	0.037037
56	201	0.034483
56	212	0.035714
56	214	0.045455
56	217	0.038462
56	218	0.041667
56	219	0.050000
56	223	0.052632
56	242	0.043478
56	266	0.052632
56	282	0.058824
56	288	0.052632
56	295	0.052632
56	298	0.055556
56	299	0.055556
56	325	0.058824
56	366	0.055556
56	378	0.058824
57	5	0.024390
57	6	0.013699
57	9	0.016129
57	12	0.015873
57	21	0.007634
57	29	0.032258
57	33	0.011765
57	34	0.009091
57	35	0.015152
57	36	0.009901
57	37	0.014286
57	38	0.013333
57	40	0.010101
57	42	0.010417
57	48	0.016129
57	49	0.016667
57	60	0.025000
57	77	0.021739
57	100	0.032258
57	108	0.050000
57	110	0.028571
57	113	0.034483
57	136	0.037037
57	138	0.045455
57	139	0.037037
57	146	0.033333
57	161	0.032258
57	218	0.041667
57	254	0.052632
57	354	0.050000
57	393	0.058824
58	5	0.024390
58	12	0.015873
58	14	0.011364
58	16	0.007042
58	17	0.006623
58	18	0.008197
58	20	0.010870
58	21	0.007634
58	34	0.009091
58	42	0.010417
58	45	0.013158
58	46	0.018182
58	47	0.014493
58	48	0.016129
58	51	0.016129
58	55	0.017241
58	64	0.031250
58	75	0.027027
58	84	0.024390
58	106	0.022727
58	112	0.025641
58	113	0.034483
58	129	0.028571
58	140	0.032258
58	143	0.038462
58	144	0.032258
58	152	0.038462
58	169	0.023256
58	176	0.041667
58	200	0.037037
58	205	0.041667
58	212	0.035714
58	225	0.043478
58	232	0.041667
58	239	0.045455
58	274	0.045455
58	277	0.045455
58	283	0.052632
58	290	0.058824
58	303	0.055556
58	363	0.058824
58	377	0.066667
58	390	0.062500
58	401	0.062500
58	403	0.062500
58	413	0.062500
59	1	0.016129
59	3	0.012658
59	6	0.013699
59	10	0.018868
59	11	0.010753
59	13	0.016129
59	14	0.011364
59	26	0.015152
59	27	0.020000
59	28	0.020833
59	30	0.033333
59	40	0.010101
59	48	0.016129
59	50	0.012658
59	51	0.016129
59	55	0.017241
59	67	0.025641
59	71	0.020408
59	77	0.021739
59	101	0.024390
59	128	0.032258
59	140	0.032258
59	164	0.045455
59	172	0.037037
59	173	0.037037
59	327	0.058824
59	342	0.055556
59	350	0.062500
59	364	0.058824
59	371	0.055556
60	4	0.017241
60	8	0.018182
60	14	0.011364
60	18	0.008197
60	19	0.009346
60	20	0.010870
60	21	0.007634
60	23	0.013699
60	33	0.011765
60	40	0.010101
60	41	0.013158
60	42	0.010417
60	46	0.018182
60	50	0.012658
60	57	0.032258
60	74	0.021739
60	76	0.020408
60	85	0.030303
60	100	0.032258
60	113	0.034483
60	114	0.027027
60	117	0.043478
60	119	0.030303
60	136	0.037037
60	142	0.034483
60	167	0.034483
60	189	0.043478
60	198	0.037037
60	220	0.058824
60	222	0.052632
60	234	0.052632
60	261	0.050000
60	285	0.058824
60	304	0.047619
60	324	0.050000
60	338	0.062500
60	360	0.058824
60	375	0.062500
60	378	0.058824
60	413	0.062500
61	2	0.020408
61	16	0.007042
61	17	0.006623
61	18	0.008197
61	21	0.007634
61	22	0.008850
61	26	0.015152
61	27	0.020000
61	28	0.020833
61	35	0.015152
61	36	0.009901
61	41	0.013158
61	43	0.013699
61	48	0.016129
61	49	0.016667
61	62	0.035714
61	81	0.029412
61	82	0.019231
61	128	0.032258
61	135	0.037037
61	137	0.033333
61	189	0.043478
61	197	0.045455
61	199	0.041667
61	229	0.050000
61	236	0.055556
61	247	0.047619
61	256	0.043478
61	289	0.041667
61	401	0.062500
62	15	0.015152
62	16	0.007042
62	17	0.006623
62	19	0.009346
62	21	0.007634
62	24	0.013514
62	27	0.020000
62	29	0.032258
62	36	0.009901
62	37	0.014286
62	41	0.013158
62	49	0.016667
62	50	0.012658
62	54	0.017857
62	56	0.018868
62	61	0.033333
62	70	0.021277
62	104	0.025641
62	115	0.029412
62	154	0.043478
62	158	0.055556
62	171	0.038462
62	190	0.058824
62	201	0.034483
62	227	0.040000
62	356	0.058824
62	369	0.052632
62	396	0.058824
63	4	0.017241
63	16	0.007042
63	21	0.007634
63	22	0.008850
63	24	0.013514
63	26	0.015152
63	27	0.020000
63	31	0.037037
63	33	0.011765
63	44	0.017544
63	46	0.018182
63	47	0.014493
63	49	0.016667
63	50	0.012658
63	51	0.016129
63	54	0.017857
63	64	0.031250
63	132	0.020000
63	154	0.043478
63	215	0.043478
63	225	0.043478
64	3	0.012658
64	5	0.024390
64	7	0.015625
64	15	0.015152
64	20	0.010870
64	25	0.018182
64	26	0.015152
64	27	0.020000
64	30	0.033333
64	34	0.009091
64	35	0.015152
64	36	0.009901
64	43	0.013699
64	47	0.014493
64	58	0.021739
64	63	0.047619
64	68	0.027778
64	77	0.021739
64	89	0.023256
64	114	0.027027
64	122	0.034483
64	126	0.045455
64	135	0.037037
64	139	0.037037
64	155	0.038462
64	168	0.040000
64	252	0.045455
64	270	0.052632
64	313	0.055556
64	343	0.058824
64	361	0.055556
64	382	0.055556
65	1	0.016129
65	6	0.013699
65	16	0.007042
65	17	0.006623
65	18	0.008197
65	19	0.009346
65	20	0.010870
65	21	0.007634
65	22	0.008850
65	23	0.013699
65	24	0.013514
65	27	0.020000
65	30	0.033333
65	38	0.013333
65	42	0.010417
65	48	0.016129
65	70	0.021277
65	71	0.020408
65	76	0.020408
65	82	0.019231
65	90	0.029412
65	97	0.027778
65	104	0.025641
65	107	0.029412
65	112	0.025641
65	124	0.047619
65	137	0.033333
65	164	0.045455
65	185	0.038462
65	189	0.043478
65	194	0.043478
65	216	0.047619
65	218	0.041667
65	233	0.055556
65	256	0.043478
65	260	0.045455
65	261	0.050000
65	302	0.050000
65	308	0.062500
65	369	0.052632
65	392	0.062500
66	2	0.020408
66	4	0.017241
66	5	0.024390
66	8	0.018182
66	11	0.010753
66	18	0.008197
66	20	0.010870
66	22	0.008850
66	23	0.013699
66	30	0.033333
66	34	0.009091
66	38	0.013333
66	39	0.015625
66	40	0.010101
66	43	0.013699
66	46	0.018182
66	78	0.030303
66	80	0.038462
66	96	0.040000
66	110	0.028571
66	132	0.020000
66	134	0.047619
66	136	0.037037
66	137	0.033333
66	147	0.040000
66	166	0.041667
66	190	0.058824
66	195	0.041667
66	196	0.043478
66	225	0.043478
66	232	0.041667
66	237	0.041667
66	278	0.050000
66	290	0.058824
66	319	0.062500
66	332	0.058824
66	373	0.062500
66	374	0.062500
66	398	0.062500
67	1	0.016129
67	2	0.020408
67	6	0.013699
67	11	0.010753
67	15	0.015152
67	16	0.007042
67	21	0.007634
67	22	0.008850
67	24	0.013514
67	36	0.009901
67	39	0.015625
67	42	0.010417
67	45	0.013158
67	50	0.012658
67	55	0.017241
67	59	0.033333
67	77	0.021739
67	85	0.030303
67	91	0.032258
67	105	0.031250
67	124	0.047619
67	128	0.032258
67	145	0.035714
67	159	0.043478
67	177	0.035714
67	187	0.032258
67	234	0.052632
67	247	0.047619
67	257	0.035714
67	261	0.050000
67	262	0.045455
67	294	0.045455
67	301	0.047619
67	308	0.062500
67	310	0.052632
67	324	0.050000
67	349	0.062500
67	351	0.062500
67	404	0.062500
68	1	0.016129
68	2	0.020408
68	3	0.012658
68	16	0.007042
68	19	0.009346
68	27	0.020000
68	32	0.010526
68	34	0.009091
68	38	0.013333
68	40	0.010101
68	41	0.013158
68	43	0.013699
68	47	0.014493
68	52	0.017544
68	54	0.017857
68	64	0.031250
68	74	0.021739
68	75	0.027027
68	88	0.027778
68	91	0.032258
68	109	0.026316
68	123	0.037037
68	129	0.028571
68	154	0.043478
68	157	0.040000
68	194	0.043478
68	199	0.041667
68	213	0.032258
68	291	0.055556
68	326	0.045455
68	328	0.050000
68	329	0.050000
68	343	0.058824
68	352	0.055556
68	401	0.062500
68	407	0.062500
69	1	0.016129
69	3	0.012658
69	6	0.013699
69	11	0.010753
69	16	0.007042
69	19	0.009346
69	21	0.007634
69	22	0.008850
69	23	0.013699
69	29	0.032258
69	33	0.011765
69	36	0.009901
69	38	0.013333
69	48	0.016129
69	49	0.016667
69	50	0.012658
69	73	0.018519
69	79	0.021277
69	88	0.027778
69	92	0.032258
69	93	0.035714
69	107	0.029412
69	110	0.028571
69	112	0.025641
69	117	0.043478
69	122	0.034483
69	128	0.032258
69	130	0.033333
69	137	0.033333
69	164	0.045455
69	168	0.040000
69	174	0.047619
69	175	0.038462
69	186	0.047619
69	203	0.033333
69	224	0.050000
69	225	0.043478
69	231	0.052632
69	233	0.055556
69	243	0.043478
69	244	0.047619
69	245	0.052632
69	271	0.050000
69	279	0.050000
69	291	0.055556
69	316	0.052632
69	325	0.058824
69	332	0.058824
69	333	0.058824
69	344	0.062500
69	346	0.062500
69	355	0.052632
70	2	0.020408
70	3	0.012658
70	16	0.007042
70	17	0.006623
70	18	0.008197
70	27	0.020000
70	30	0.033333
70	32	0.010526
70	35	0.015152
70	37	0.014286
70	43	0.013699
70	47	0.014493
70	53	0.019608
70	55	0.017241
70	62	0.035714
70	65	0.024390
70	72	0.023810
70	73	0.018519
70	78	0.030303
70	80	0.038462
70	82	0.019231
70	86	0.027778
70	87	0.032258
70	91	0.032258
70	92	0.032258
70	95	0.045455
70	110	0.028571
70	125	0.052632
70	141	0.022222
70	152	0.038462
70	161	0.032258
70	174	0.047619
70	188	0.043478
70	205	0.041667
70	220	0.058824
70	224	0.050000
70	237	0.041667
70	247	0.047619
70	259	0.052632
70	261	0.050000
70	296	0.047619
70	300	0.055556
70	330	0.058824
70	339	0.052632
70	347	0.062500
70	348	0.062500
70	350	0.062500
71	1	0.016129
71	3	0.012658
71	6	0.013699
71	10	0.018868
71	19	0.009346
71	20	0.010870
71	22	0.008850
71	31	0.037037
71	32	0.010526
71	33	0.011765
71	34	0.009091
71	45	0.013158
71	48	0.016129
71	53	0.019608
71	59	0.033333
71	65	0.024390
71	76	0.020408
71	77	0.021739
71	79	0.021277
71	80	0.038462
71	88	0.027778
71	123	0.037037
71	130	0.033333
71	134	0.047619
71	141	0.022222
71	148	0.032258
71	157	0.040000
71	158	0.055556
71	165	0.041667
71	179	0.045455
71	182	0.038462
71	184	0.043478
71	187	0.032258
71	197	0.045455
71	222	0.052632
71	224	0.050000
71	244	0.047619
71	260	0.045455
71	273	0.052632
71	292	0.050000
71	293	0.050000
71	320	0.047619
71	322	0.050000
71	342	0.055556
71	367	0.055556
71	392	0.062500
71	401	0.062500
71	407	0.062500
71	416	0.062500
72	0	0.021277
72	1	0.016129
72	3	0.012658
72	7	0.015625
72	13	0.016129
72	18	0.008197
72	22	0.008850
72	32	0.010526
72	36	0.009901
72	37	0.014286
72	40	0.010101
72	42	0.010417
72	44	0.017544
72	49	0.016667
72	70	0.021277
72	73	0.018519
72	84	0.024390
72	95	0.045455
72	111	0.020833
72	121	0.041667
72	127	0.047619
72	143	0.038462
72	147	0.040000
72	159	0.043478
72	161	0.032258
72	183	0.041667
72	193	0.035714
72	201	0.034483
72	221	0.047619
72	238	0.045455
72	254	0.052632
72	265	0.040000
72	270	0.052632
72	295	0.052632
72	321	0.052632
72	330	0.058824
72	344	0.062500
72	370	0.062500
72	375	0.062500
72	391	0.058824
72	398	0.062500
72	405	0.062500
73	0	0.021277
73	3	0.012658
73	4	0.017241
73	6	0.013699
73	8	0.018182
73	10	0.018868
73	13	0.016129
73	14	0.011364
73	18	0.008197
73	19	0.009346
73	36	0.009901
73	45	0.013158
73	55	0.017241
73	69	0.019231
73	70	0.021277
73	72	0.023810
73	75	0.027027
73	77	0.021739
73	80	0.038462
73	84	0.024390
73	86	0.027778
73	87	0.032258
73	93	0.035714
73	109	0.026316
73	117	0.043478
73	119	0.030303
73	142	0.034483
73	152	0.038462
73	159	0.043478
73	162	0.037037
73	173	0.037037
73	174	0.047619
73	183	0.041667
73	187	0.032258
73	193	0.035714
73	195	0.041667
73	207	0.040000
73	217	0.038462
73	218	0.041667
73	228	0.050000
73	236	0.055556
73	284	0.055556
73	288	0.052632
73	296	0.047619
73	310	0.052632
73	315	0.058824
73	316	0.052632
73	321	0.052632
73	339	0.052632
73	375	0.062500
73	383	0.058824
73	397	0.062500
73	398	0.062500
73	415	0.062500
74	9	0.016129
74	13	0.016129
74	17	0.006623
74	18	0.008197
74	21	0.007634
74	23	0.013699
74	26	0.015152
74	34	0.009091
74	37	0.014286
74	40	0.010101
74	42	0.010417
74	46	0.018182
74	48	0.016129
74	55	0.017241
74	60	0.025000
74	68	0.027778
74	84	0.024390
74	89	0.023256
74	90	0.029412
74	99	0.026316
74	101	0.024390
74	102	0.027027
74	104	0.025641
74	106	0.022727
74	119	0.030303
74	125	0.052632
74	193	0.035714
74	200	0.037037
74	208	0.038462
74	231	0.052632
74	265	0.040000
74	271	0.050000
74	277	0.045455
74	289	0.041667
74	330	0.058824
74	340	0.052632
74	351	0.062500
74	358	0.066667
74	366	0.055556
74	368	0.058824
74	371	0.055556
74	384	0.066667
74	391	0.058824
74	394	0.058824
74	395	0.058824
74	409	0.062500
75	16	0.007042
75	19	0.009346
75	21	0.007634
75	33	0.011765
75	36	0.009901
75	37	0.014286
75	38	0.013333
75	40	0.010101
75	42	0.010417
75	47	0.014493
75	50	0.012658
75	51	0.016129
75	52	0.017544
75	58	0.021739
75	68	0.027778
75	73	0.018519
75	78	0.030303
75	79	0.021277
75	115	0.029412
75	123	0.037037
75	124	0.047619
75	127	0.047619
75	135	0.037037
75	142	0.034483
75	152	0.038462
75	168	0.040000
75	172	0.037037
75	196	0.043478
75	206	0.052632
75	226	0.043478
75	229	0.050000
75	256	0.043478
75	274	0.045455
75	282	0.058824
75	287	0.052632
75	318	0.062500
75	322	0.050000
76	2	0.020408
76	3	0.012658
76	8	0.018182
76	9	0.016129
76	14	0.011364
76	16	0.007042
76	18	0.008197
76	19	0.009346
76	23	0.013699
76	25	0.018182
76	33	0.011765
76	41	0.013158
76	52	0.017544
76	60	0.025000
76	65	0.024390
76	71	0.020408
76	81	0.029412
76	83	0.018868
76	95	0.045455
76	104	0.025641
76	105	0.031250
76	109	0.026316
76	113	0.034483
76	116	0.019231
76	125	0.052632
76	128	0.032258
76	141	0.022222
76	161	0.032258
76	164	0.045455
76	184	0.043478
76	201	0.034483
76	209	0.033333
76	221	0.047619
76	224	0.050000
76	251	0.055556
76	255	0.043478
76	266	0.052632
76	293	0.050000
76	306	0.058824
76	313	0.055556
76	318	0.062500
76	330	0.058824
76	334	0.062500
76	343	0.058824
76	362	0.062500
76	365	0.058824
76	374	0.062500
76	379	0.066667
76	412	0.062500
77	4	0.017241
77	6	0.013699
77	16	0.007042
77	21	0.007634
77	22	0.008850
77	32	0.010526
77	36	0.009901
77	41	0.013158
77	45	0.013158
77	52	0.017544
77	57	0.032258
77	59	0.033333
77	64	0.031250
77	67	0.025641
77	71	0.020408
77	73	0.018519
77	78	0.030303
77	84	0.024390
77	86	0.027778
77	87	0.032258
77	90	0.029412
77	91	0.032258
77	95	0.045455
77	111	0.020833
77	120	0.037037
77	139	0.037037
77	162	0.037037
77	164	0.045455
77	177	0.035714
77	185	0.038462
77	190	0.058824
77	192	0.035714
77	202	0.038462
77	233	0.055556
77	246	0.058824
77	247	0.047619
77	258	0.041667
77	299	0.055556
77	314	0.050000
77	325	0.058824
77	332	0.058824
77	334	0.062500
77	348	0.062500
77	357	0.062500
77	388	0.062500
77	391	0.058824
78	1	0.016129
78	16	0.007042
78	18	0.008197
78	20	0.010870
78	21	0.007634
78	40	0.010101
78	42	0.010417
78	47	0.014493
78	48	0.016129
78	49	0.016667
78	53	0.019608
78	54	0.017857
78	66	0.025641
78	70	0.021277
78	75	0.027027
78	77	0.021739
78	96	0.040000
78	130	0.033333
78	166	0.041667
78	167	0.034483
78	179	0.045455
78	181	0.043478
78	182	0.038462
78	190	0.058824
78	204	0.034483
78	235	0.047619
78	269	0.055556
78	298	0.055556
78	338	0.062500
78	370	0.062500
78	381	0.062500
78	401	0.062500
78	411	0.062500
79	9	0.016129
79	13	0.016129
79	16	0.007042
79	22	0.008850
79	26	0.015152
79	27	0.020000
79	28	0.020833
79	33	0.011765
79	34	0.009091
79	36	0.009901
79	40	0.010101
79	47	0.014493
79	48	0.016129
79	69	0.019231
79	71	0.020408
79	75	0.027027
79	80	0.038462
79	81	0.029412
79	83	0.018868
79	95	0.045455
79	102	0.027027
79	106	0.022727
79	126	0.045455
79	137	0.033333
79	144	0.032258
79	145	0.035714
79	155	0.038462
79	159	0.043478
79	162	0.037037
79	169	0.023256
79	216	0.047619
79	221	0.047619
79	226	0.043478
79	227	0.040000
79	231	0.052632
79	247	0.047619
79	259	0.052632
79	276	0.047619
79	307	0.045455
79	308	0.062500
79	312	0.050000
79	338	0.062500
79	343	0.058824
79	348	0.062500
79	362	0.062500
79	380	0.062500
79	398	0.062500
80	10	0.018868
80	12	0.015873
80	19	0.009346
80	24	0.013514
80	27	0.020000
80	32	0.010526
80	37	0.014286
80	39	0.015625
80	42	0.010417
80	43	0.013699
80	56	0.018868
80	66	0.025641
80	70	0.021277
80	71	0.020408
80	73	0.018519
80	79	0.021277
80	85	0.030303
80	198	0.037037
80	225	0.043478
80	229	0.050000
80	284	0.055556
80	306	0.058824
80	344	0.062500
80	360	0.058824
80	394	0.058824
80	408	0.062500
81	1	0.016129
81	6	0.013699
81	8	0.018182
81	14	0.011364
81	17	0.006623
81	18	0.008197
81	23	0.013699
81	25	0.018182
81	37	0.014286
81	40	0.010101
81	41	0.013158
81	43	0.013699
81	47	0.014493
81	61	0.033333
81	76	0.020408
81	79	0.021277
81	91	0.032258
81	92	0.032258
81	94	0.038462
81	98	0.023810
81	122	0.034483
81	123	0.037037
81	136	0.037037
81	190	0.058824
81	227	0.040000
81	232	0.041667
81	255	0.043478
81	257	0.035714
81	288	0.052632
81	290	0.058824
81	319	0.062500
81	337	0.058824
81	382	0.055556
81	399	0.062500
82	4	0.017241
82	13	0.016129
82	14	0.011364
82	16	0.007042
82	18	0.008197
82	21	0.007634
82	22	0.008850
82	23	0.013699
82	34	0.009091
82	39	0.015625
82	40	0.010101
82	44	0.017544
82	50	0.012658
82	61	0.033333
82	65	0.024390
82	70	0.021277
82	84	0.024390
82	86	0.027778
82	107	0.029412
82	113	0.034483
82	121	0.041667
82	145	0.035714
82	153	0.040000
82	160	0.030303
82	163	0.038462
82	177	0.035714
82	178	0.027027
82	181	0.043478
82	183	0.041667
82	203	0.033333
82	208	0.038462
82	213	0.032258
82	236	0.055556
82	239	0.045455
82	245	0.052632
82	247	0.047619
82	253	0.052632
82	276	0.047619
82	284	0.055556
82	287	0.052632
82	290	0.058824
82	329	0.050000
82	330	0.058824
82	334	0.062500
82	335	0.058824
82	336	0.058824
82	356	0.058824
82	362	0.062500
82	370	0.062500
82	382	0.055556
82	399	0.062500
82	406	0.062500
83	2	0.020408
83	13	0.016129
83	14	0.011364
83	15	0.015152
83	16	0.007042
83	19	0.009346
83	21	0.007634
83	32	0.010526
83	33	0.011765
83	40	0.010101
83	41	0.013158
83	44	0.017544
83	47	0.014493
83	50	0.012658
83	76	0.020408
83	79	0.021277
83	84	0.024390
83	95	0.045455
83	111	0.020833
83	133	0.041667
83	145	0.035714
83	146	0.033333
83	151	0.038462
83	157	0.040000
83	178	0.027027
83	180	0.031250
83	190	0.058824
83	203	0.033333
83	205	0.041667
83	207	0.040000
83	218	0.041667
83	219	0.050000
83	221	0.047619
83	223	0.052632
83	225	0.043478
83	250	0.043478
83	271	0.050000
83	275	0.041667
83	291	0.055556
83	293	0.050000
83	301	0.047619
83	306	0.058824
83	309	0.052632
83	312	0.050000
83	326	0.045455
83	347	0.062500
83	348	0.062500
83	352	0.055556
83	361	0.055556
83	378	0.058824
83	389	0.062500
83	390	0.062500
83	404	0.062500
84	2	0.020408
84	3	0.012658
84	9	0.016129
84	17	0.006623
84	40	0.010101
84	41	0.013158
84	42	0.010417
84	43	0.013699
84	53	0.019608
84	58	0.021739
84	72	0.023810
84	73	0.018519
84	74	0.021739
84	77	0.021739
84	82	0.019231
84	83	0.018868
84	85	0.030303
84	90	0.029412
84	99	0.026316
84	100	0.032258
84	107	0.029412
84	113	0.034483
84	114	0.027027
84	117	0.043478
84	154	0.043478
84	158	0.055556
84	167	0.034483
84	171	0.038462
84	180	0.031250
84	200	0.037037
84	202	0.038462
84	214	0.045455
84	245	0.052632
84	254	0.052632
84	259	0.052632
84	298	0.055556
84	304	0.047619
84	305	0.055556
84	339	0.052632
84	371	0.055556
84	407	0.062500
85	7	0.015625
85	20	0.010870
85	29	0.032258
85	32	0.010526
85	34	0.009091
85	35	0.015152
85	38	0.013333
85	39	0.015625
85	41	0.013158
85	43	0.013699
85	46	0.018182
85	53	0.019608
85	60	0.025000
85	67	0.025641
85	80	0.038462
85	84	0.024390
85	101	0.024390
85	114	0.027027
85	115	0.029412
85	126	0.045455
85	158	0.055556
85	169	0.023256
85	186	0.047619
85	210	0.045455
85	238	0.045455
85	242	0.043478
85	257	0.035714
85	258	0.041667
85	259	0.052632
85	281	0.047619
85	284	0.055556
85	329	0.050000
85	345	0.058824
86	1	0.016129
86	8	0.018182
86	9	0.016129
86	10	0.018868
86	16	0.007042
86	17	0.006623
86	19	0.009346
86	20	0.010870
86	21	0.007634
86	34	0.009091
86	38	0.013333
86	55	0.017241
86	70	0.021277
86	73	0.018519
86	77	0.021739
86	82	0.019231
86	87	0.032258
86	91	0.032258
86	99	0.026316
86	106	0.022727
86	107	0.029412
86	110	0.028571
86	131	0.032258
86	138	0.045455
86	147	0.040000
86	153	0.040000
86	154	0.043478
86	164	0.045455
86	208	0.038462
86	239	0.045455
86	318	0.062500
86	324	0.050000
86	354	0.050000
86	365	0.058824
86	379	0.066667
86	393	0.058824
87	1	0.016129
87	4	0.017241
87	8	0.018182
87	15	0.015152
87	16	0.007042
87	20	0.010870
87	21	0.007634
87	22	0.008850
87	23	0.013699
87	38	0.013333
87	47	0.014493
87	51	0.016129
87	70	0.021277
87	73	0.018519
87	77	0.021739
87	86	0.027778
87	93	0.035714
87	94	0.038462
87	98	0.023810
87	104	0.025641
87	110	0.028571
87	129	0.028571
87	220	0.058824
87	224	0.050000
87	280	0.058824
87	284	0.055556
87	321	0.052632
87	336	0.058824
87	359	0.052632
87	384	0.066667
87	391	0.058824
88	17	0.006623
88	18	0.008197
88	19	0.009346
88	20	0.010870
88	24	0.013514
88	36	0.009901
88	38	0.013333
88	42	0.010417
88	45	0.013158
88	47	0.014493
88	52	0.017544
88	54	0.017857
88	68	0.027778
88	69	0.019231
88	71	0.020408
88	89	0.023256
88	96	0.040000
88	102	0.027027
88	103	0.024390
88	107	0.029412
88	124	0.047619
88	131	0.032258
88	146	0.033333
88	151	0.038462
88	161	0.032258
88	164	0.045455
88	175	0.038462
88	213	0.032258
88	214	0.045455
88	286	0.058824
88	307	0.045455
88	322	0.050000
88	370	0.062500
88	378	0.058824
88	381	0.062500
88	388	0.062500
89	2	0.020408
89	3	0.012658
89	7	0.015625
89	11	0.010753
89	14	0.011364
89	16	0.007042
89	19	0.009346
89	21	0.007634
89	33	0.011765
89	34	0.009091
89	48	0.016129
89	55	0.017241
89	56	0.018868
89	64	0.031250
89	74	0.021739
89	88	0.027778
89	106	0.022727
89	117	0.043478
89	119	0.030303
89	121	0.041667
89	142	0.034483
89	152	0.038462
89	158	0.055556
89	166	0.041667
89	188	0.043478
89	192	0.035714
89	194	0.043478
89	202	0.038462
89	212	0.035714
89	223	0.052632
89	227	0.040000
89	234	0.052632
89	245	0.052632
89	254	0.052632
89	270	0.052632
89	297	0.062500
89	300	0.055556
89	324	0.050000
89	342	0.055556
89	368	0.058824
89	377	0.066667
89	409	0.062500
89	411	0.062500
90	6	0.013699
90	7	0.015625
90	16	0.007042
90	18	0.008197
90	21	0.007634
90	22	0.008850
90	32	0.010526
90	33	0.011765
90	38	0.013333
90	40	0.010101
90	42	0.010417
90	47	0.014493
90	65	0.024390
90	74	0.021739
90	77	0.021739
90	84	0.024390
90	115	0.029412
90	121	0.041667
90	129	0.028571
90	145	0.035714
90	150	0.043478
90	172	0.037037
90	187	0.032258
90	217	0.038462
90	230	0.052632
90	241	0.050000
90	242	0.043478
90	284	0.055556
90	285	0.058824
90	295	0.052632
90	303	0.055556
90	313	0.055556
90	367	0.055556
90	389	0.062500
91	1	0.016129
91	4	0.017241
91	12	0.015873
91	13	0.016129
91	15	0.015152
91	22	0.008850
91	40	0.010101
91	43	0.013699
91	51	0.016129
91	55	0.017241
91	67	0.025641
91	68	0.027778
91	70	0.021277
91	77	0.021739
91	81	0.029412
91	86	0.027778
91	97	0.027778
91	114	0.027027
91	124	0.047619
91	129	0.028571
91	170	0.035714
91	211	0.045455
91	213	0.032258
91	254	0.052632
91	275	0.041667
91	288	0.052632
91	290	0.058824
91	299	0.055556
91	300	0.055556
91	365	0.058824
91	416	0.062500
92	0	0.021277
92	3	0.012658
92	8	0.018182
92	13	0.016129
92	17	0.006623
92	20	0.010870
92	32	0.010526
92	34	0.009091
92	40	0.010101
92	41	0.013158
92	42	0.010417
92	50	0.012658
92	51	0.016129
92	69	0.019231
92	70	0.021277
92	81	0.029412
92	129	0.028571
92	137	0.033333
92	176	0.041667
92	187	0.032258
92	193	0.035714
92	208	0.038462
92	228	0.050000
92	241	0.050000
92	246	0.058824
92	311	0.062500
92	314	0.050000
92	325	0.058824
92	335	0.058824
92	375	0.062500
92	414	0.062500
93	3	0.012658
93	12	0.015873
93	13	0.016129
93	14	0.011364
93	18	0.008197
93	21	0.007634
93	22	0.008850
93	32	0.010526
93	33	0.011765
93	34	0.009091
93	42	0.010417
93	46	0.018182
93	69	0.019231
93	73	0.018519
93	87	0.032258
93	106	0.022727
93	127	0.047619
93	141	0.022222
93	148	0.032258
93	164	0.045455
93	176	0.041667
93	181	0.043478
93	203	0.033333
93	277	0.045455
93	287	0.052632
93	300	0.055556
93	331	0.050000
93	356	0.058824
94	5	0.024390
94	7	0.015625
94	10	0.018868
94	11	0.010753
94	14	0.011364
94	21	0.007634
94	22	0.008850
94	23	0.013699
94	24	0.013514
94	33	0.011765
94	36	0.009901
94	37	0.014286
94	41	0.013158
94	46	0.018182
94	81	0.029412
94	87	0.032258
94	108	0.050000
94	125	0.052632
94	126	0.045455
94	136	0.037037
94	156	0.038462
94	158	0.055556
94	187	0.032258
94	216	0.047619
94	277	0.045455
94	308	0.062500
95	6	0.013699
95	7	0.015625
95	12	0.015873
95	16	0.007042
95	24	0.013514
95	25	0.018182
95	27	0.020000
95	42	0.010417
95	43	0.013699
95	56	0.018868
95	70	0.021277
95	72	0.023810
95	76	0.020408
95	77	0.021739
95	79	0.021277
95	83	0.018868
95	100	0.032258
95	110	0.028571
95	191	0.058824
95	275	0.041667
95	306	0.058824
95	389	0.062500
96	0	0.021277
96	1	0.016129
96	13	0.016129
96	14	0.011364
96	17	0.006623
96	23	0.013699
96	34	0.009091
96	35	0.015152
96	37	0.014286
96	44	0.017544
96	45	0.013158
96	46	0.018182
96	50	0.012658
96	66	0.025641
96	78	0.030303
96	88	0.027778
96	105	0.031250
96	110	0.028571
96	157	0.040000
96	198	0.037037
96	241	0.050000
96	251	0.055556
96	254	0.052632
96	318	0.062500
96	373	0.062500
97	1	0.016129
97	7	0.015625
97	9	0.016129
97	13	0.016129
97	15	0.015152
97	23	0.013699
97	26	0.015152
97	29	0.032258
97	31	0.037037
97	32	0.010526
97	33	0.011765
97	36	0.009901
97	38	0.013333
97	53	0.019608
97	65	0.024390
97	91	0.032258
97	98	0.023810
97	119	0.030303
97	131	0.032258
97	141	0.022222
97	143	0.038462
97	149	0.050000
97	163	0.038462
97	179	0.045455
97	196	0.043478
97	197	0.045455
97	210	0.045455
97	221	0.047619
97	235	0.047619
97	266	0.052632
97	276	0.047619
97	280	0.058824
97	330	0.058824
97	340	0.052632
97	349	0.062500
97	356	0.058824
98	6	0.013699
98	13	0.016129
98	17	0.006623
98	21	0.007634
98	22	0.008850
98	28	0.020833
98	32	0.010526
98	33	0.011765
98	42	0.010417
98	43	0.013699
98	44	0.017544
98	45	0.013158
98	52	0.017544
98	81	0.029412
98	87	0.032258
98	97	0.027778
98	100	0.032258
98	106	0.022727
98	108	0.050000
98	109	0.026316
98	125	0.052632
98	126	0.045455
98	127	0.047619
98	149	0.050000
98	153	0.040000
98	169	0.023256
98	170	0.035714
98	187	0.032258
98	204	0.034483
98	217	0.038462
98	220	0.058824
98	235	0.047619
98	258	0.041667
98	273	0.052632
98	306	0.058824
98	309	0.052632
98	311	0.062500
98	325	0.058824
98	337	0.058824
98	376	0.062500
98	394	0.058824
98	405	0.062500
99	2	0.020408
99	14	0.011364
99	16	0.007042
99	17	0.006623
99	18	0.008197
99	19	0.009346
99	21	0.007634
99	32	0.010526
99	33	0.011765
99	38	0.013333
99	41	0.013158
99	53	0.019608
99	74	0.021739
99	84	0.024390
99	86	0.027778
99	101	0.024390
99	113	0.034483
99	123	0.037037
99	132	0.020000
99	138	0.045455
99	143	0.038462
99	182	0.038462
99	185	0.038462
99	188	0.043478
99	191	0.058824
99	230	0.052632
99	236	0.055556
99	243	0.043478
99	258	0.041667
99	260	0.045455
99	291	0.055556
99	302	0.050000
99	305	0.055556
99	326	0.045455
99	350	0.062500
99	354	0.050000
99	380	0.062500
99	401	0.062500
100	1	0.016129
100	15	0.015152
100	17	0.006623
100	20	0.010870
100	22	0.008850
100	34	0.009091
100	35	0.015152
100	38	0.013333
100	40	0.010101
100	48	0.016129
100	52	0.017544
100	57	0.032258
100	60	0.025000
100	84	0.024390
100	95	0.045455
100	98	0.023810
100	115	0.029412
100	126	0.045455
100	127	0.047619
100	139	0.037037
100	159	0.043478
100	166	0.041667
100	171	0.038462
100	178	0.027027
100	201	0.034483
100	248	0.062500
100	303	0.055556
100	329	0.050000
100	356	0.058824
100	383	0.058824
100	401	0.062500
101	4	0.017241
101	11	0.010753
101	18	0.008197
101	21	0.007634
101	22	0.008850
101	33	0.011765
101	38	0.013333
101	40	0.010101
101	41	0.013158
101	51	0.016129
101	52	0.017544
101	59	0.033333
101	74	0.021739
101	85	0.030303
101	99	0.026316
101	103	0.024390
101	111	0.020833
101	117	0.043478
101	137	0.033333
101	143	0.038462
101	147	0.040000
101	156	0.038462
101	172	0.037037
101	179	0.045455
101	201	0.034483
101	219	0.050000
101	226	0.043478
101	244	0.047619
101	253	0.052632
101	255	0.043478
101	261	0.050000
101	283	0.052632
101	286	0.058824
101	289	0.041667
101	305	0.055556
101	315	0.058824
101	317	0.062500
101	336	0.058824
101	337	0.058824
101	409	0.062500
101	410	0.062500
102	3	0.012658
102	4	0.017241
102	6	0.013699
102	7	0.015625
102	13	0.016129
102	16	0.007042
102	17	0.006623
102	19	0.009346
102	33	0.011765
102	35	0.015152
102	41	0.013158
102	42	0.010417
102	74	0.021739
102	79	0.021277
102	88	0.027778
102	106	0.022727
102	107	0.029412
102	108	0.050000
102	115	0.029412
102	121	0.041667
102	131	0.032258
102	144	0.032258
102	150	0.043478
102	153	0.040000
102	157	0.040000
102	163	0.038462
102	166	0.041667
102	185	0.038462
102	197	0.045455
102	202	0.038462
102	235	0.047619
102	273	0.052632
102	295	0.052632
102	315	0.058824
102	347	0.062500
102	361	0.055556
102	399	0.062500
103	3	0.012658
103	8	0.018182
103	17	0.006623
103	18	0.008197
103	19	0.009346
103	24	0.013514
103	32	0.010526
103	33	0.011765
103	38	0.013333
103	42	0.010417
103	45	0.013158
103	48	0.016129
103	55	0.017241
103	88	0.027778
103	101	0.024390
103	105	0.031250
103	111	0.020833
103	120	0.037037
103	147	0.040000
103	149	0.050000
103	157	0.040000
103	162	0.037037
103	172	0.037037
103	174	0.047619
103	179	0.045455
103	184	0.043478
103	210	0.045455
103	229	0.050000
103	250	0.043478
103	265	0.040000
103	269	0.055556
103	278	0.050000
103	281	0.047619
103	291	0.055556
103	293	0.050000
103	309	0.052632
103	347	0.062500
103	356	0.058824
103	366	0.055556
103	381	0.062500
103	392	0.062500
104	15	0.015152
104	16	0.007042
104	18	0.008197
104	20	0.010870
104	22	0.008850
104	25	0.018182
104	26	0.015152
104	39	0.015625
104	46	0.018182
104	50	0.012658
104	62	0.035714
104	65	0.024390
104	74	0.021739
104	76	0.020408
104	87	0.032258
104	111	0.020833
104	113	0.034483
104	116	0.019231
104	121	0.041667
104	132	0.020000
104	136	0.037037
104	141	0.022222
104	142	0.034483
104	148	0.032258
104	156	0.038462
104	161	0.032258
104	162	0.037037
104	167	0.034483
104	174	0.047619
104	176	0.041667
104	199	0.041667
104	201	0.034483
104	202	0.038462
104	205	0.041667
104	233	0.055556
104	373	0.062500
104	386	0.062500
104	395	0.058824
104	406	0.062500
105	5	0.024390
105	8	0.018182
105	9	0.016129
105	11	0.010753
105	16	0.007042
105	18	0.008197
105	19	0.009346
105	20	0.010870
105	23	0.013699
105	38	0.013333
105	42	0.010417
105	43	0.013699
105	67	0.025641
105	76	0.020408
105	96	0.040000
105	103	0.024390
105	133	0.041667
105	144	0.032258
105	145	0.035714
105	157	0.040000
105	175	0.038462
105	203	0.033333
105	211	0.045455
105	269	0.055556
105	273	0.052632
105	292	0.050000
105	305	0.055556
105	331	0.050000
105	348	0.062500
105	349	0.062500
105	350	0.062500
105	400	0.058824
106	4	0.017241
106	17	0.006623
106	22	0.008850
106	34	0.009091
106	35	0.015152
106	40	0.010101
106	45	0.013158
106	56	0.018868
106	58	0.021739
106	74	0.021739
106	79	0.021277
106	86	0.027778
106	89	0.023256
106	93	0.035714
106	98	0.023810
106	102	0.027027
106	118	0.023256
106	126	0.045455
106	141	0.022222
106	150	0.043478
106	151	0.038462
106	168	0.040000
106	176	0.041667
106	188	0.043478
106	204	0.034483
106	233	0.055556
106	234	0.052632
106	248	0.062500
106	294	0.045455
106	297	0.062500
106	299	0.055556
106	300	0.055556
106	302	0.050000
106	312	0.050000
106	326	0.045455
106	327	0.058824
106	332	0.058824
106	345	0.058824
106	357	0.062500
106	365	0.058824
106	379	0.066667
106	404	0.062500
106	408	0.062500
106	415	0.062500
107	8	0.018182
107	18	0.008197
107	21	0.007634
107	35	0.015152
107	37	0.014286
107	42	0.010417
107	49	0.016667
107	50	0.012658
107	55	0.017241
107	65	0.024390
107	69	0.019231
107	82	0.019231
107	84	0.024390
107	86	0.027778
107	88	0.027778
107	102	0.027027
107	120	0.037037
107	147	0.040000
107	153	0.040000
107	156	0.038462
107	167	0.034483
107	172	0.037037
107	182	0.038462
107	185	0.038462
107	190	0.058824
107	203	0.033333
107	247	0.047619
107	249	0.047619
107	311	0.062500
107	323	0.045455
107	357	0.062500
107	361	0.055556
107	372	0.062500
107	413	0.062500
108	2	0.020408
108	5	0.024390
108	8	0.018182
108	11	0.010753
108	14	0.011364
108	16	0.007042
108	17	0.006623
108	31	0.037037
108	37	0.014286
108	38	0.013333
108	44	0.017544
108	48	0.016129
108	57	0.032258
108	94	0.038462
108	98	0.023810
108	102	0.027027
108	148	0.032258
108	211	0.045455
108	228	0.050000
108	238	0.045455
109	9	0.016129
109	12	0.015873
109	13	0.016129
109	17	0.006623
109	18	0.008197
109	19	0.009346
109	22	0.008850
109	34	0.009091
109	36	0.009901
109	42	0.010417
109	49	0.016667
109	53	0.019608
109	68	0.027778
109	73	0.018519
109	76	0.020408
109	98	0.023810
109	139	0.037037
109	140	0.032258
109	160	0.030303
109	165	0.041667
109	168	0.040000
109	176	0.041667
109	185	0.038462
109	202	0.038462
109	215	0.043478
109	233	0.055556
109	235	0.047619
109	237	0.041667
109	252	0.045455
109	268	0.052632
109	271	0.050000
109	300	0.055556
109	317	0.062500
109	333	0.058824
109	343	0.058824
109	388	0.062500
109	408	0.062500
109	416	0.062500
110	1	0.016129
110	4	0.017241
110	5	0.024390
110	8	0.018182
110	13	0.016129
110	30	0.033333
110	37	0.014286
110	42	0.010417
110	57	0.032258
110	66	0.025641
110	69	0.019231
110	70	0.021277
110	86	0.027778
110	87	0.032258
110	95	0.045455
110	96	0.040000
110	116	0.019231
110	123	0.037037
110	149	0.050000
110	159	0.043478
110	165	0.041667
110	167	0.034483
110	224	0.050000
110	253	0.052632
110	259	0.052632
110	278	0.050000
110	287	0.052632
110	318	0.062500
110	323	0.045455
110	333	0.058824
110	349	0.062500
110	350	0.062500
110	364	0.058824
110	370	0.062500
110	410	0.062500
111	2	0.020408
111	3	0.012658
111	6	0.013699
111	25	0.018182
111	34	0.009091
111	35	0.015152
111	36	0.009901
111	38	0.013333
111	42	0.010417
111	44	0.017544
111	72	0.023810
111	77	0.021739
111	83	0.018868
111	101	0.024390
111	103	0.024390
111	104	0.025641
111	117	0.043478
111	120	0.037037
111	122	0.034483
111	124	0.047619
111	147	0.040000
111	155	0.038462
111	164	0.045455
111	169	0.023256
111	173	0.037037
111	180	0.031250
111	186	0.047619
111	196	0.043478
111	209	0.033333
111	211	0.045455
111	226	0.043478
111	235	0.047619
111	238	0.045455
111	242	0.043478
111	253	0.052632
111	255	0.043478
111	292	0.050000
111	298	0.055556
111	321	0.052632
111	332	0.058824
111	350	0.062500
111	352	0.055556
111	359	0.052632
111	363	0.058824
111	365	0.058824
111	389	0.062500
111	405	0.062500
111	412	0.062500
112	3	0.012658
112	6	0.013699
112	7	0.015625
112	9	0.016129
112	11	0.010753
112	14	0.011364
112	17	0.006623
112	18	0.008197
112	19	0.009346
112	34	0.009091
112	37	0.014286
112	48	0.016129
112	52	0.017544
112	58	0.021739
112	65	0.024390
112	69	0.019231
112	130	0.033333
112	132	0.020000
112	135	0.037037
112	160	0.030303
112	178	0.027027
112	181	0.043478
112	194	0.043478
112	199	0.041667
112	212	0.035714
112	223	0.052632
112	241	0.050000
112	248	0.062500
112	249	0.047619
112	253	0.052632
112	268	0.052632
112	271	0.050000
112	279	0.050000
112	294	0.045455
112	313	0.055556
112	331	0.050000
112	349	0.062500
112	369	0.052632
112	396	0.058824
113	22	0.008850
113	31	0.037037
113	32	0.010526
113	36	0.009901
113	37	0.014286
113	39	0.015625
113	50	0.012658
113	51	0.016129
113	57	0.032258
113	58	0.021739
113	60	0.025000
113	76	0.020408
113	82	0.019231
113	84	0.024390
113	99	0.026316
113	104	0.025641
113	117	0.043478
113	132	0.020000
113	135	0.037037
113	182	0.038462
113	216	0.047619
113	233	0.055556
113	241	0.050000
113	246	0.058824
113	291	0.055556
113	317	0.062500
113	338	0.062500
113	340	0.052632
113	365	0.058824
114	8	0.018182
114	11	0.010753
114	12	0.015873
114	14	0.011364
114	18	0.008197
114	21	0.007634
114	36	0.009901
114	45	0.013158
114	46	0.018182
114	48	0.016129
114	55	0.017241
114	60	0.025000
114	64	0.031250
114	84	0.024390
114	85	0.030303
114	91	0.032258
114	116	0.019231
114	118	0.023256
114	122	0.034483
114	129	0.028571
114	148	0.032258
114	151	0.038462
114	156	0.038462
114	165	0.041667
114	167	0.034483
114	170	0.035714
114	180	0.031250
114	182	0.038462
114	248	0.062500
114	287	0.052632
114	290	0.058824
114	305	0.055556
114	311	0.062500
114	329	0.050000
114	378	0.058824
114	408	0.062500
114	412	0.062500
115	4	0.017241
115	7	0.015625
115	16	0.007042
115	17	0.006623
115	25	0.018182
115	26	0.015152
115	37	0.014286
115	43	0.013699
115	47	0.014493
115	49	0.016667
115	62	0.035714
115	75	0.027027
115	85	0.030303
115	90	0.029412
115	100	0.032258
115	102	0.027027
115	131	0.032258
115	135	0.037037
115	145	0.035714
115	187	0.032258
115	189	0.043478
115	205	0.041667
115	207	0.040000
115	230	0.052632
115	238	0.045455
115	240	0.047619
115	251	0.055556
115	272	0.052632
115	314	0.050000
115	333	0.058824
115	357	0.062500
115	378	0.058824
115	388	0.062500
115	390	0.062500
116	1	0.016129
116	8	0.018182
116	16	0.007042
116	17	0.006623
116	23	0.013699
116	32	0.010526
116	34	0.009091
116	37	0.014286
116	40	0.010101
116	55	0.017241
116	56	0.018868
116	76	0.020408
116	104	0.025641
116	110	0.028571
116	114	0.027027
116	118	0.023256
116	119	0.030303
116	120	0.037037
116	128	0.032258
116	129	0.028571
116	132	0.020000
116	139	0.037037
116	140	0.032258
116	145	0.035714
116	147	0.040000
116	150	0.043478
116	159	0.043478
116	195	0.041667
116	200	0.037037
116	203	0.033333
116	204	0.034483
116	207	0.040000
116	210	0.045455
116	224	0.050000
116	225	0.043478
116	232	0.041667
116	235	0.047619
116	251	0.055556
116	253	0.052632
116	261	0.050000
116	279	0.050000
116	280	0.058824
116	316	0.052632
116	317	0.062500
116	319	0.062500
116	321	0.052632
116	353	0.047619
116	367	0.055556
116	376	0.062500
116	380	0.062500
116	399	0.062500
116	405	0.062500
117	9	0.016129
117	14	0.011364
117	16	0.007042
117	17	0.006623
117	23	0.013699
117	37	0.014286
117	47	0.014493
117	50	0.012658
117	60	0.025000
117	69	0.019231
117	73	0.018519
117	84	0.024390
117	89	0.023256
117	101	0.024390
117	111	0.020833
117	113	0.034483
117	120	0.037037
117	134	0.047619
117	137	0.033333
117	169	0.023256
117	244	0.047619
117	284	0.055556
117	292	0.050000
118	3	0.012658
118	6	0.013699
118	16	0.007042
118	22	0.008850
118	23	0.013699
118	34	0.009091
118	35	0.015152
118	37	0.014286
118	41	0.013158
118	42	0.010417
118	44	0.017544
118	48	0.016129
118	56	0.018868
118	106	0.022727
118	114	0.027027
118	116	0.019231
118	122	0.034483
118	125	0.052632
118	131	0.032258
118	140	0.032258
118	144	0.032258
118	161	0.032258
118	168	0.040000
118	183	0.041667
118	193	0.035714
118	216	0.047619
118	237	0.041667
118	246	0.058824
118	258	0.041667
118	272	0.052632
118	274	0.045455
118	281	0.047619
118	300	0.055556
118	302	0.050000
118	306	0.058824
118	339	0.052632
118	350	0.062500
118	364	0.058824
118	372	0.062500
118	383	0.058824
118	388	0.062500
118	407	0.062500
118	408	0.062500
119	0	0.021277
119	4	0.017241
119	11	0.010753
119	13	0.016129
119	18	0.008197
119	28	0.020833
119	32	0.010526
119	38	0.013333
119	44	0.017544
119	45	0.013158
119	60	0.025000
119	73	0.018519
119	74	0.021739
119	89	0.023256
119	97	0.027778
119	116	0.019231
119	130	0.033333
119	149	0.050000
119	163	0.038462
119	171	0.038462
119	176	0.041667
119	198	0.037037
119	205	0.041667
119	211	0.045455
119	220	0.058824
119	286	0.058824
119	297	0.062500
119	298	0.055556
119	336	0.058824
119	343	0.058824
119	365	0.058824
119	414	0.062500
119	416	0.062500
120	0	0.021277
120	11	0.010753
120	17	0.006623
120	22	0.008850
120	36	0.009901
120	37	0.014286
120	38	0.013333
120	44	0.017544
120	45	0.013158
120	53	0.019608
120	77	0.021739
120	103	0.024390
120	107	0.029412
120	111	0.020833
120	116	0.019231
120	117	0.043478
120	125	0.052632
120	145	0.035714
120	155	0.038462
120	171	0.038462
120	200	0.037037
120	250	0.043478
120	303	0.055556
120	313	0.055556
120	365	0.058824
120	366	0.055556
120	408	0.062500
121	3	0.012658
121	12	0.015873
121	16	0.007042
121	21	0.007634
121	34	0.009091
121	37	0.014286
121	42	0.010417
121	44	0.017544
121	45	0.013158
121	50	0.012658
121	72	0.023810
121	82	0.019231
121	89	0.023256
121	90	0.029412
121	102	0.027027
121	104	0.025641
121	177	0.035714
121	219	0.050000
121	223	0.052632
121	238	0.045455
121	304	0.047619
121	310	0.052632
121	322	0.050000
121	397	0.062500
122	0	0.021277
122	1	0.016129
122	6	0.013699
122	11	0.010753
122	16	0.007042
122	17	0.006623
122	20	0.010870
122	38	0.013333
122	39	0.015625
122	42	0.010417
122	64	0.031250
122	69	0.019231
122	81	0.029412
122	111	0.020833
122	114	0.027027
122	118	0.023256
122	128	0.032258
122	139	0.037037
122	156	0.038462
122	165	0.041667
122	197	0.045455
122	204	0.034483
122	230	0.052632
122	275	0.041667
122	315	0.058824
122	333	0.058824
122	348	0.062500
122	356	0.058824
122	416	0.062500
123	9	0.016129
123	18	0.008197
123	21	0.007634
123	32	0.010526
123	37	0.014286
123	40	0.010101
123	41	0.013158
123	42	0.010417
123	46	0.018182
123	54	0.017857
123	68	0.027778
123	71	0.020408
123	75	0.027027
123	81	0.029412
123	99	0.026316
123	110	0.028571
123	130	0.033333
123	137	0.033333
123	160	0.030303
123	164	0.045455
123	192	0.035714
123	206	0.052632
123	225	0.043478
123	267	0.047619
123	273	0.052632
123	291	0.055556
123	359	0.052632
124	10	0.018868
124	11	0.010753
124	22	0.008850
124	24	0.013514
124	32	0.010526
124	38	0.013333
124	40	0.010101
124	49	0.016667
124	51	0.016129
124	54	0.017857
124	65	0.024390
124	67	0.025641
124	75	0.027027
124	88	0.027778
124	91	0.032258
124	111	0.020833
124	126	0.045455
124	149	0.050000
124	244	0.047619
124	312	0.050000
124	388	0.062500
125	3	0.012658
125	9	0.016129
125	10	0.018868
125	22	0.008850
125	25	0.018182
125	34	0.009091
125	36	0.009901
125	39	0.015625
125	49	0.016667
125	70	0.021277
125	74	0.021739
125	76	0.020408
125	94	0.038462
125	98	0.023810
125	118	0.023256
125	120	0.037037
125	192	0.035714
125	285	0.058824
125	292	0.050000
126	7	0.015625
126	17	0.006623
126	29	0.032258
126	32	0.010526
126	34	0.009091
126	41	0.013158
126	51	0.016129
126	53	0.019608
126	64	0.031250
126	79	0.021277
126	85	0.030303
126	94	0.038462
126	98	0.023810
126	100	0.032258
126	106	0.022727
126	124	0.047619
126	128	0.032258
126	243	0.043478
126	250	0.043478
126	272	0.052632
126	346	0.062500
126	347	0.062500
127	14	0.011364
127	19	0.009346
127	21	0.007634
127	22	0.008850
127	24	0.013514
127	28	0.020833
127	36	0.009901
127	44	0.017544
127	46	0.018182
127	47	0.014493
127	56	0.018868
127	72	0.023810
127	75	0.027027
127	93	0.035714
127	98	0.023810
127	100	0.032258
127	128	0.032258
127	160	0.030303
127	172	0.037037
127	298	0.055556
127	331	0.050000
128	13	0.016129
128	18	0.008197
128	19	0.009346
128	21	0.007634
128	25	0.018182
128	46	0.018182
128	56	0.018868
128	59	0.033333
128	61	0.033333
128	67	0.025641
128	69	0.019231
128	76	0.020408
128	116	0.019231
128	122	0.034483
128	126	0.045455
128	127	0.047619
128	133	0.041667
128	155	0.038462
128	165	0.041667
128	177	0.035714
128	182	0.038462
128	198	0.037037
128	206	0.052632
128	253	0.052632
128	268	0.052632
128	285	0.058824
128	316	0.052632
128	333	0.058824
128	334	0.062500
128	338	0.062500
128	341	0.062500
129	17	0.006623
129	21	0.007634
129	23	0.013699
129	32	0.010526
129	35	0.015152
129	39	0.015625
129	42	0.010417
129	55	0.017241
129	58	0.021739
129	68	0.027778
129	87	0.032258
129	90	0.029412
129	91	0.032258
129	92	0.032258
129	114	0.027027
129	116	0.019231
129	137	0.033333
129	141	0.022222
129	145	0.035714
129	155	0.038462
129	174	0.047619
129	175	0.038462
129	176	0.041667
129	183	0.041667
129	219	0.050000
129	273	0.052632
129	280	0.058824
129	314	0.050000
129	321	0.052632
129	333	0.058824
129	340	0.052632
129	341	0.062500
129	348	0.062500
129	397	0.062500
129	404	0.062500
130	3	0.012658
130	14	0.011364
130	16	0.007042
130	18	0.008197
130	22	0.008850
130	36	0.009901
130	42	0.010417
130	48	0.016129
130	51	0.016129
130	69	0.019231
130	71	0.020408
130	78	0.030303
130	112	0.025641
130	119	0.030303
130	123	0.037037
130	131	0.032258
130	143	0.038462
130	149	0.050000
130	151	0.038462
130	163	0.038462
130	191	0.058824
130	194	0.043478
130	204	0.034483
130	206	0.052632
130	265	0.040000
130	293	0.050000
130	305	0.055556
130	374	0.062500
130	410	0.062500
130	414	0.062500
131	8	0.018182
131	16	0.007042
131	27	0.020000
131	28	0.020833
131	36	0.009901
131	50	0.012658
131	54	0.017857
131	55	0.017241
131	56	0.018868
131	86	0.027778
131	88	0.027778
131	97	0.027778
131	102	0.027027
131	115	0.029412
131	118	0.023256
131	130	0.033333
131	140	0.032258
131	155	0.038462
131	178	0.027027
131	192	0.035714
131	200	0.037037
131	239	0.045455
131	283	0.052632
131	286	0.058824
131	292	0.050000
131	320	0.047619
131	351	0.062500
131	372	0.062500
131	382	0.055556
131	402	0.062500
131	411	0.062500
132	7	0.015625
132	15	0.015152
132	32	0.010526
132	48	0.016129
132	50	0.012658
132	52	0.017544
132	53	0.019608
132	54	0.017857
132	55	0.017241
132	63	0.047619
132	66	0.025641
132	99	0.026316
132	104	0.025641
132	112	0.025641
132	113	0.034483
132	116	0.019231
132	145	0.035714
132	156	0.038462
132	161	0.032258
132	166	0.041667
132	168	0.040000
132	174	0.047619
132	179	0.045455
132	180	0.031250
132	214	0.045455
132	215	0.043478
132	216	0.047619
132	223	0.052632
132	225	0.043478
132	228	0.050000
132	234	0.052632
132	257	0.035714
132	278	0.050000
132	279	0.050000
132	283	0.052632
132	288	0.052632
132	300	0.055556
132	301	0.047619
132	326	0.045455
132	330	0.058824
132	335	0.058824
132	338	0.062500
132	363	0.058824
132	367	0.055556
132	370	0.062500
132	374	0.062500
132	385	0.062500
132	389	0.062500
132	390	0.062500
132	406	0.062500
133	0	0.021277
133	2	0.020408
133	7	0.015625
133	11	0.010753
133	12	0.015873
133	14	0.011364
133	15	0.015152
133	17	0.006623
133	20	0.010870
133	21	0.007634
133	28	0.020833
133	39	0.015625
133	40	0.010101
133	83	0.018868
133	105	0.031250
133	128	0.032258
133	135	0.037037
133	145	0.035714
133	155	0.038462
133	217	0.038462
133	316	0.052632
133	376	0.062500
133	395	0.058824
133	406	0.062500
134	7	0.015625
134	12	0.015873
134	20	0.010870
134	22	0.008850
134	32	0.010526
134	33	0.011765
134	34	0.009091
134	46	0.018182
134	50	0.012658
134	51	0.016129
134	53	0.019608
134	55	0.017241
134	66	0.025641
134	71	0.020408
134	117	0.043478
134	147	0.040000
134	183	0.041667
134	246	0.058824
134	280	0.058824
134	351	0.062500
134	391	0.058824
135	10	0.018868
135	11	0.010753
135	15	0.015152
135	17	0.006623
135	19	0.009346
135	21	0.007634
135	25	0.018182
135	44	0.017544
135	48	0.016129
135	61	0.033333
135	64	0.031250
135	75	0.027027
135	112	0.025641
135	113	0.034483
135	115	0.029412
135	133	0.041667
135	138	0.045455
135	139	0.037037
135	184	0.043478
135	192	0.035714
135	209	0.033333
135	218	0.041667
135	253	0.052632
135	268	0.052632
135	298	0.055556
135	341	0.062500
135	403	0.062500
136	0	0.021277
136	10	0.018868
136	12	0.015873
136	16	0.007042
136	18	0.008197
136	29	0.032258
136	33	0.011765
136	40	0.010101
136	41	0.013158
136	45	0.013158
136	57	0.032258
136	60	0.025000
136	66	0.025641
136	81	0.029412
136	94	0.038462
136	104	0.025641
136	138	0.045455
136	148	0.032258
136	162	0.037037
136	209	0.033333
136	232	0.041667
136	244	0.047619
136	245	0.052632
136	263	0.052632
136	285	0.058824
136	329	0.050000
136	416	0.062500
137	2	0.020408
137	6	0.013699
137	12	0.015873
137	21	0.007634
137	24	0.013514
137	38	0.013333
137	61	0.033333
137	65	0.024390
137	66	0.025641
137	69	0.019231
137	79	0.021277
137	92	0.032258
137	101	0.024390
137	117	0.043478
137	123	0.037037
137	129	0.028571
137	169	0.023256
137	184	0.043478
137	199	0.041667
137	216	0.047619
137	238	0.045455
137	240	0.047619
137	259	0.052632
137	264	0.050000
137	265	0.040000
137	292	0.050000
137	302	0.050000
137	306	0.058824
137	328	0.050000
137	398	0.062500
138	3	0.012658
138	10	0.018868
138	20	0.010870
138	22	0.008850
138	26	0.015152
138	34	0.009091
138	35	0.015152
138	45	0.013158
138	47	0.014493
138	56	0.018868
138	57	0.032258
138	86	0.027778
138	99	0.026316
138	135	0.037037
138	136	0.037037
138	181	0.043478
138	248	0.062500
138	267	0.047619
138	271	0.050000
138	302	0.050000
138	350	0.062500
138	367	0.055556
139	11	0.010753
139	14	0.011364
139	17	0.006623
139	26	0.015152
139	32	0.010526
139	34	0.009091
139	36	0.009901
139	52	0.017544
139	57	0.032258
139	64	0.031250
139	77	0.021739
139	100	0.032258
139	109	0.026316
139	116	0.019231
139	122	0.034483
139	135	0.037037
139	173	0.037037
139	193	0.035714
139	197	0.045455
139	219	0.050000
139	221	0.047619
139	225	0.043478
139	245	0.052632
139	254	0.052632
139	338	0.062500
139	410	0.062500
139	412	0.062500
140	10	0.018868
140	16	0.007042
140	18	0.008197
140	26	0.015152
140	28	0.020833
140	41	0.013158
140	42	0.010417
140	45	0.013158
140	47	0.014493
140	53	0.019608
140	58	0.021739
140	59	0.033333
140	109	0.026316
140	116	0.019231
140	118	0.023256
140	131	0.032258
140	149	0.050000
140	154	0.043478
140	158	0.055556
140	162	0.037037
140	173	0.037037
140	174	0.047619
140	183	0.041667
140	203	0.033333
140	253	0.052632
140	277	0.045455
140	335	0.058824
140	350	0.062500
140	365	0.058824
140	374	0.062500
140	377	0.066667
141	3	0.012658
141	18	0.008197
141	20	0.010870
141	21	0.007634
141	22	0.008850
141	33	0.011765
141	40	0.010101
141	49	0.016667
141	70	0.021277
141	71	0.020408
141	76	0.020408
141	93	0.035714
141	97	0.027778
141	104	0.025641
141	106	0.022727
141	129	0.028571
141	148	0.032258
141	150	0.043478
141	176	0.041667
141	183	0.041667
141	185	0.038462
141	196	0.043478
141	208	0.038462
141	211	0.045455
141	228	0.050000
141	231	0.052632
141	241	0.050000
141	243	0.043478
141	253	0.052632
141	265	0.040000
141	270	0.052632
141	291	0.055556
141	299	0.055556
141	314	0.050000
141	318	0.062500
141	323	0.045455
141	339	0.052632
141	341	0.062500
141	353	0.047619
141	354	0.050000
141	366	0.055556
141	374	0.062500
141	380	0.062500
141	384	0.066667
141	408	0.062500
142	9	0.016129
142	13	0.016129
142	24	0.013514
142	27	0.020000
142	32	0.010526
142	37	0.014286
142	38	0.013333
142	41	0.013158
142	52	0.017544
142	55	0.017241
142	56	0.018868
142	60	0.025000
142	73	0.018519
142	75	0.027027
142	89	0.023256
142	104	0.025641
142	171	0.038462
142	175	0.038462
142	198	0.037037
142	207	0.040000
142	229	0.050000
142	250	0.043478
142	254	0.052632
142	318	0.062500
142	331	0.050000
142	339	0.052632
142	348	0.062500
142	386	0.062500
142	394	0.058824
143	6	0.013699
143	14	0.011364
143	17	0.006623
143	19	0.009346
143	22	0.008850
143	32	0.010526
143	34	0.009091
143	36	0.009901
143	51	0.016129
143	58	0.021739
143	72	0.023810
143	97	0.027778
143	99	0.026316
143	101	0.024390
143	130	0.033333
143	144	0.032258
143	161	0.032258
143	182	0.038462
143	199	0.041667
143	292	0.050000
143	297	0.062500
143	314	0.050000
143	375	0.062500
143	376	0.062500
143	400	0.058824
143	402	0.062500
144	5	0.024390
144	12	0.015873
144	13	0.016129
144	18	0.008197
144	19	0.009346
144	32	0.010526
144	34	0.009091
144	41	0.013158
144	42	0.010417
144	52	0.017544
144	58	0.021739
144	79	0.021277
144	102	0.027027
144	105	0.031250
144	118	0.023256
144	143	0.038462
144	156	0.038462
144	172	0.037037
144	173	0.037037
144	175	0.038462
144	205	0.041667
144	217	0.038462
144	220	0.058824
144	233	0.055556
144	234	0.052632
144	316	0.052632
144	320	0.047619
144	324	0.050000
144	373	0.062500
144	399	0.062500
144	407	0.062500
145	23	0.013699
145	34	0.009091
145	41	0.013158
145	53	0.019608
145	67	0.025641
145	79	0.021277
145	82	0.019231
145	83	0.018868
145	90	0.029412
145	105	0.031250
145	115	0.029412
145	116	0.019231
145	120	0.037037
145	129	0.028571
145	132	0.020000
145	133	0.041667
145	163	0.038462
145	195	0.041667
145	204	0.034483
145	210	0.045455
145	226	0.043478
145	279	0.050000
145	334	0.062500
145	339	0.052632
145	352	0.055556
145	384	0.066667
145	386	0.062500
145	407	0.062500
146	0	0.021277
146	1	0.016129
146	7	0.015625
146	9	0.016129
146	11	0.010753
146	14	0.011364
146	17	0.006623
146	23	0.013699
146	27	0.020000
146	28	0.020833
146	32	0.010526
146	38	0.013333
146	43	0.013699
146	57	0.032258
146	83	0.018868
146	88	0.027778
146	156	0.038462
146	161	0.032258
146	200	0.037037
146	204	0.034483
146	242	0.043478
146	263	0.052632
146	267	0.047619
146	280	0.058824
146	304	0.047619
146	311	0.062500
146	362	0.062500
146	372	0.062500
146	409	0.062500
146	415	0.062500
147	3	0.012658
147	16	0.007042
147	18	0.008197
147	23	0.013699
147	32	0.010526
147	40	0.010101
147	43	0.013699
147	66	0.025641
147	72	0.023810
147	86	0.027778
147	101	0.024390
147	103	0.024390
147	107	0.029412
147	111	0.020833
147	116	0.019231
147	134	0.047619
147	156	0.038462
147	197	0.045455
147	222	0.052632
147	242	0.043478
147	279	0.050000
147	308	0.062500
147	326	0.045455
147	355	0.052632
147	358	0.066667
148	0	0.021277
148	10	0.018868
148	21	0.007634
148	22	0.008850
148	33	0.011765
148	38	0.013333
148	41	0.013158
148	42	0.010417
148	47	0.014493
148	71	0.020408
148	93	0.035714
148	104	0.025641
148	108	0.050000
148	114	0.027027
148	136	0.037037
148	141	0.022222
148	184	0.043478
148	211	0.045455
148	263	0.052632
148	276	0.047619
148	292	0.050000
148	322	0.050000
148	327	0.058824
148	329	0.050000
148	343	0.058824
148	361	0.055556
148	362	0.062500
148	369	0.052632
148	371	0.055556
148	386	0.062500
148	402	0.062500
149	3	0.012658
149	6	0.013699
149	21	0.007634
149	36	0.009901
149	37	0.014286
149	42	0.010417
149	43	0.013699
149	51	0.016129
149	97	0.027778
149	98	0.023810
149	103	0.024390
149	110	0.028571
149	119	0.030303
149	124	0.047619
149	130	0.033333
149	140	0.032258
149	170	0.035714
149	214	0.045455
149	278	0.050000
149	409	0.062500
150	1	0.016129
150	5	0.024390
150	14	0.011364
150	17	0.006623
150	21	0.007634
150	33	0.011765
150	35	0.015152
150	42	0.010417
150	43	0.013699
150	47	0.014493
150	49	0.016667
150	90	0.029412
150	102	0.027027
150	106	0.022727
150	116	0.019231
150	141	0.022222
150	166	0.041667
150	196	0.043478
150	202	0.038462
150	217	0.038462
150	311	0.062500
150	347	0.062500
150	389	0.062500
151	0	0.021277
151	4	0.017241
151	6	0.013699
151	12	0.015873
151	13	0.016129
151	14	0.011364
151	16	0.007042
151	20	0.010870
151	26	0.015152
151	36	0.009901
151	52	0.017544
151	83	0.018868
151	88	0.027778
151	106	0.022727
151	114	0.027027
151	130	0.033333
151	195	0.041667
151	197	0.045455
151	206	0.052632
151	207	0.040000
151	219	0.050000
151	299	0.055556
151	307	0.045455
151	310	0.052632
151	321	0.052632
151	359	0.052632
152	2	0.020408
152	4	0.017241
152	9	0.016129
152	18	0.008197
152	21	0.007634
152	24	0.013514
152	27	0.020000
152	31	0.037037
152	40	0.010101
152	45	0.013158
152	54	0.017857
152	58	0.021739
152	70	0.021277
152	73	0.018519
152	75	0.027027
152	89	0.023256
152	184	0.043478
152	187	0.032258
152	188	0.043478
152	191	0.058824
152	199	0.041667
152	205	0.041667
152	274	0.045455
152	311	0.062500
152	359	0.052632
152	411	0.062500
153	2	0.020408
153	6	0.013699
153	15	0.015152
153	19	0.009346
153	21	0.007634
153	22	0.008850
153	33	0.011765
153	35	0.015152
153	38	0.013333
153	50	0.012658
153	51	0.016129
153	82	0.019231
153	86	0.027778
153	98	0.023810
153	102	0.027027
153	107	0.029412
153	192	0.035714
153	230	0.052632
153	250	0.043478
153	271	0.050000
153	278	0.050000
153	311	0.062500
153	321	0.052632
153	394	0.058824
153	399	0.062500
154	11	0.010753
154	13	0.016129
154	22	0.008850
154	32	0.010526
154	37	0.014286
154	41	0.013158
154	49	0.016667
154	50	0.012658
154	53	0.019608
154	56	0.018868
154	62	0.035714
154	63	0.047619
154	68	0.027778
154	84	0.024390
154	86	0.027778
154	140	0.032258
154	164	0.045455
154	184	0.043478
154	203	0.033333
154	260	0.045455
154	315	0.058824
154	354	0.050000
154	389	0.062500
155	4	0.017241
155	7	0.015625
155	26	0.015152
155	39	0.015625
155	45	0.013158
155	47	0.014493
155	48	0.016129
155	52	0.017544
155	64	0.031250
155	79	0.021277
155	111	0.020833
155	120	0.037037
155	128	0.032258
155	129	0.028571
155	131	0.032258
155	133	0.041667
155	180	0.031250
155	196	0.043478
155	215	0.043478
155	224	0.050000
155	267	0.047619
155	323	0.045455
155	338	0.062500
155	386	0.062500
155	409	0.062500
155	413	0.062500
156	7	0.015625
156	14	0.011364
156	22	0.008850
156	35	0.015152
156	50	0.012658
156	94	0.038462
156	101	0.024390
156	104	0.025641
156	107	0.029412
156	114	0.027027
156	122	0.034483
156	132	0.020000
156	144	0.032258
156	146	0.033333
156	147	0.040000
156	162	0.037037
156	163	0.038462
156	199	0.041667
156	257	0.035714
156	274	0.045455
156	287	0.052632
156	320	0.047619
156	327	0.058824
156	347	0.062500
156	385	0.062500
156	403	0.062500
157	5	0.024390
157	17	0.006623
157	18	0.008197
157	32	0.010526
157	33	0.011765
157	38	0.013333
157	44	0.017544
157	51	0.016129
157	55	0.017241
157	68	0.027778
157	71	0.020408
157	83	0.018868
157	96	0.040000
157	102	0.027027
157	103	0.024390
157	105	0.031250
157	198	0.037037
157	215	0.043478
157	222	0.052632
157	230	0.052632
157	304	0.047619
157	313	0.055556
157	323	0.045455
157	389	0.062500
157	390	0.062500
158	7	0.015625
158	9	0.016129
158	14	0.011364
158	32	0.010526
158	37	0.014286
158	39	0.015625
158	43	0.013699
158	54	0.017857
158	56	0.018868
158	62	0.035714
158	71	0.020408
158	84	0.024390
158	85	0.030303
158	89	0.023256
158	94	0.038462
158	140	0.032258
158	163	0.038462
158	356	0.058824
159	3	0.012658
159	7	0.015625
159	9	0.016129
159	16	0.007042
159	17	0.006623
159	39	0.015625
159	40	0.010101
159	43	0.013699
159	47	0.014493
159	67	0.025641
159	72	0.023810
159	73	0.018519
159	79	0.021277
159	100	0.032258
159	110	0.028571
159	116	0.019231
159	193	0.035714
159	215	0.043478
159	259	0.052632
159	276	0.047619
159	277	0.045455
159	344	0.062500
159	380	0.062500
160	6	0.013699
160	20	0.010870
160	21	0.007634
160	22	0.008850
160	32	0.010526
160	33	0.011765
160	39	0.015625
160	43	0.013699
160	45	0.013158
160	53	0.019608
160	55	0.017241
160	82	0.019231
160	109	0.026316
160	112	0.025641
160	123	0.037037
160	127	0.047619
160	164	0.045455
160	170	0.035714
160	171	0.038462
160	178	0.027027
160	180	0.031250
160	193	0.035714
160	243	0.043478
160	271	0.050000
160	272	0.052632
160	291	0.055556
160	293	0.050000
160	300	0.055556
160	327	0.058824
160	334	0.062500
160	343	0.058824
160	345	0.058824
160	403	0.062500
161	9	0.016129
161	16	0.007042
161	21	0.007634
161	33	0.011765
161	50	0.012658
161	55	0.017241
161	57	0.032258
161	70	0.021277
161	72	0.023810
161	76	0.020408
161	88	0.027778
161	104	0.025641
161	118	0.023256
161	132	0.020000
161	143	0.038462
161	146	0.033333
161	169	0.023256
161	176	0.041667
161	187	0.032258
161	212	0.035714
161	226	0.043478
161	230	0.052632
161	232	0.041667
161	254	0.052632
161	264	0.050000
161	327	0.058824
161	330	0.058824
161	350	0.062500
161	379	0.066667
161	394	0.058824
161	403	0.062500
162	14	0.011364
162	22	0.008850
162	27	0.020000
162	36	0.009901
162	39	0.015625
162	41	0.013158
162	46	0.018182
162	55	0.017241
162	73	0.018519
162	77	0.021739
162	79	0.021277
162	103	0.024390
162	104	0.025641
162	136	0.037037
162	140	0.032258
162	156	0.038462
162	211	0.045455
162	214	0.045455
162	234	0.052632
162	272	0.052632
162	279	0.050000
162	313	0.055556
162	319	0.062500
162	340	0.052632
162	395	0.058824
162	403	0.062500
162	416	0.062500
163	28	0.020833
163	32	0.010526
163	33	0.011765
163	34	0.009091
163	36	0.009901
163	42	0.010417
163	43	0.013699
163	45	0.013158
163	82	0.019231
163	97	0.027778
163	102	0.027027
163	119	0.030303
163	130	0.033333
163	145	0.035714
163	156	0.038462
163	158	0.055556
163	165	0.041667
163	177	0.035714
163	184	0.043478
163	221	0.047619
163	269	0.055556
163	285	0.058824
163	307	0.045455
163	311	0.062500
163	332	0.058824
163	364	0.058824
164	26	0.015152
164	28	0.020833
164	34	0.009091
164	36	0.009901
164	59	0.033333
164	65	0.024390
164	69	0.019231
164	76	0.020408
164	77	0.021739
164	86	0.027778
164	88	0.027778
164	93	0.035714
164	111	0.020833
164	123	0.037037
164	154	0.043478
164	160	0.030303
164	168	0.040000
164	234	0.052632
164	245	0.052632
164	292	0.050000
164	316	0.052632
164	385	0.062500
165	1	0.016129
165	11	0.010753
165	17	0.006623
165	23	0.013699
165	25	0.018182
165	26	0.015152
165	34	0.009091
165	36	0.009901
165	47	0.014493
165	71	0.020408
165	109	0.026316
165	110	0.028571
165	114	0.027027
165	122	0.034483
165	128	0.032258
165	163	0.038462
165	177	0.035714
165	229	0.050000
165	235	0.047619
165	250	0.043478
165	258	0.041667
165	309	0.052632
165	315	0.058824
165	413	0.062500
166	3	0.012658
166	17	0.006623
166	19	0.009346
166	25	0.018182
166	36	0.009901
166	38	0.013333
166	43	0.013699
166	48	0.016129
166	49	0.016667
166	66	0.025641
166	78	0.030303
166	89	0.023256
166	100	0.032258
166	102	0.027027
166	132	0.020000
166	150	0.043478
166	169	0.023256
166	170	0.035714
166	179	0.045455
166	211	0.045455
166	262	0.045455
166	340	0.052632
166	346	0.062500
166	358	0.066667
167	11	0.010753
167	16	0.007042
167	17	0.006623
167	19	0.009346
167	22	0.008850
167	34	0.009091
167	35	0.015152
167	42	0.010417
167	54	0.017857
167	60	0.025000
167	78	0.030303
167	84	0.024390
167	104	0.025641
167	107	0.029412
167	110	0.028571
167	114	0.027027
167	283	0.052632
167	295	0.052632
167	297	0.062500
167	316	0.052632
167	329	0.050000
167	339	0.052632
167	369	0.052632
167	371	0.055556
167	375	0.062500
167	380	0.062500
167	398	0.062500
167	400	0.058824
167	404	0.062500
168	9	0.016129
168	23	0.013699
168	25	0.018182
168	32	0.010526
168	36	0.009901
168	38	0.013333
168	47	0.014493
168	54	0.017857
168	64	0.031250
168	69	0.019231
168	75	0.027027
168	106	0.022727
168	109	0.026316
168	118	0.023256
168	132	0.020000
168	164	0.045455
168	188	0.043478
168	189	0.043478
168	191	0.058824
168	207	0.040000
168	209	0.033333
168	239	0.045455
168	277	0.045455
168	344	0.062500
168	345	0.058824
169	15	0.015152
169	17	0.006623
169	26	0.015152
169	33	0.011765
169	41	0.013158
169	45	0.013158
169	58	0.021739
169	79	0.021277
169	85	0.030303
169	98	0.023810
169	111	0.020833
169	117	0.043478
169	137	0.033333
169	161	0.032258
169	166	0.041667
169	173	0.037037
169	184	0.043478
169	191	0.058824
169	202	0.038462
169	204	0.034483
169	213	0.032258
169	223	0.052632
169	228	0.050000
169	232	0.041667
169	237	0.041667
169	238	0.045455
169	247	0.047619
169	248	0.062500
169	269	0.055556
169	286	0.058824
169	291	0.055556
169	298	0.055556
169	305	0.055556
169	314	0.050000
169	323	0.045455
169	332	0.058824
169	335	0.058824
169	338	0.062500
169	350	0.062500
169	380	0.062500
169	383	0.058824
169	396	0.058824
169	412	0.062500
170	11	0.010753
170	13	0.016129
170	17	0.006623
170	26	0.015152
170	33	0.011765
170	36	0.009901
170	37	0.014286
170	39	0.015625
170	41	0.013158
170	46	0.018182
170	91	0.032258
170	98	0.023810
170	114	0.027027
170	149	0.050000
170	160	0.030303
170	166	0.041667
170	186	0.047619
170	190	0.058824
170	223	0.052632
170	237	0.041667
170	242	0.043478
170	248	0.062500
170	287	0.052632
170	341	0.062500
170	349	0.062500
170	362	0.062500
170	372	0.062500
170	401	0.062500
171	0	0.021277
171	7	0.015625
171	10	0.018868
171	16	0.007042
171	20	0.010870
171	22	0.008850
171	51	0.016129
171	55	0.017241
171	56	0.018868
171	62	0.035714
171	84	0.024390
171	100	0.032258
171	119	0.030303
171	120	0.037037
171	142	0.034483
171	160	0.030303
171	185	0.038462
171	186	0.047619
171	225	0.043478
171	260	0.045455
171	288	0.052632
171	294	0.045455
171	304	0.047619
171	306	0.058824
171	336	0.058824
171	347	0.062500
172	11	0.010753
172	17	0.006623
172	19	0.009346
172	24	0.013514
172	25	0.018182
172	26	0.015152
172	30	0.033333
172	50	0.012658
172	59	0.033333
172	75	0.027027
172	90	0.029412
172	101	0.024390
172	103	0.024390
172	107	0.029412
172	127	0.047619
172	144	0.032258
172	173	0.037037
172	234	0.052632
172	238	0.045455
172	255	0.043478
172	277	0.045455
172	355	0.052632
172	358	0.066667
172	385	0.062500
172	396	0.058824
172	405	0.062500
172	413	0.062500
173	15	0.015152
173	34	0.009091
173	42	0.010417
173	43	0.013699
173	48	0.016129
173	49	0.016667
173	52	0.017544
173	55	0.017241
173	59	0.033333
173	73	0.018519
173	111	0.020833
173	139	0.037037
173	140	0.032258
173	144	0.032258
173	169	0.023256
173	172	0.037037
173	187	0.032258
173	208	0.038462
173	228	0.050000
173	244	0.047619
173	250	0.043478
173	295	0.052632
173	319	0.062500
173	360	0.058824
173	364	0.058824
173	367	0.055556
173	377	0.066667
174	11	0.010753
174	14	0.011364
174	32	0.010526
174	33	0.011765
174	34	0.009091
174	38	0.013333
174	50	0.012658
174	52	0.017544
174	69	0.019231
174	70	0.021277
174	73	0.018519
174	103	0.024390
174	104	0.025641
174	129	0.028571
174	132	0.020000
174	140	0.032258
174	175	0.038462
174	188	0.043478
174	191	0.058824
174	254	0.052632
174	295	0.052632
175	9	0.016129
175	14	0.011364
175	19	0.009346
175	32	0.010526
175	34	0.009091
175	38	0.013333
175	39	0.015625
175	40	0.010101
175	56	0.018868
175	69	0.019231
175	88	0.027778
175	105	0.031250
175	129	0.028571
175	142	0.034483
175	144	0.032258
175	174	0.047619
175	176	0.041667
175	203	0.033333
175	205	0.041667
175	212	0.035714
175	224	0.050000
175	225	0.043478
175	251	0.055556
175	253	0.052632
175	289	0.041667
175	369	0.052632
176	13	0.016129
176	15	0.015152
176	28	0.020833
176	34	0.009091
176	45	0.013158
176	58	0.021739
176	92	0.032258
176	93	0.035714
176	104	0.025641
176	106	0.022727
176	109	0.026316
176	119	0.030303
176	129	0.028571
176	141	0.022222
176	161	0.032258
176	175	0.038462
176	201	0.034483
176	207	0.040000
176	257	0.035714
176	258	0.041667
176	273	0.052632
176	276	0.047619
176	301	0.047619
176	314	0.050000
177	14	0.011364
177	16	0.007042
177	18	0.008197
177	20	0.010870
177	32	0.010526
177	36	0.009901
177	39	0.015625
177	42	0.010417
177	51	0.016129
177	67	0.025641
177	77	0.021739
177	82	0.019231
177	121	0.041667
177	128	0.032258
177	163	0.038462
177	165	0.041667
177	188	0.043478
177	202	0.038462
177	218	0.041667
177	228	0.050000
177	272	0.052632
177	277	0.045455
177	323	0.045455
177	360	0.058824
177	376	0.062500
177	379	0.066667
177	405	0.062500
177	411	0.062500
178	6	0.013699
178	15	0.015152
178	17	0.006623
178	20	0.010870
178	28	0.020833
178	41	0.013158
178	42	0.010417
178	44	0.017544
178	45	0.013158
178	49	0.016667
178	82	0.019231
178	83	0.018868
178	100	0.032258
178	112	0.025641
178	131	0.032258
178	160	0.030303
178	179	0.045455
178	180	0.031250
178	196	0.043478
178	204	0.034483
178	206	0.052632
178	218	0.041667
178	230	0.052632
178	236	0.055556
178	237	0.041667
178	275	0.041667
178	280	0.058824
178	291	0.055556
178	315	0.058824
178	326	0.045455
178	327	0.058824
178	346	0.062500
178	355	0.052632
178	362	0.062500
178	384	0.066667
178	403	0.062500
178	407	0.062500
179	3	0.012658
179	16	0.007042
179	23	0.013699
179	33	0.011765
179	34	0.009091
179	50	0.012658
179	51	0.016129
179	54	0.017857
179	71	0.020408
179	78	0.030303
179	97	0.027778
179	101	0.024390
179	103	0.024390
179	132	0.020000
179	166	0.041667
179	178	0.027027
179	231	0.052632
179	258	0.041667
179	296	0.047619
179	361	0.055556
179	364	0.058824
179	390	0.062500
180	1	0.016129
180	2	0.020408
180	3	0.012658
180	17	0.006623
180	40	0.010101
180	44	0.017544
180	48	0.016129
180	54	0.017857
180	83	0.018868
180	84	0.024390
180	111	0.020833
180	114	0.027027
180	132	0.020000
180	155	0.038462
180	160	0.030303
180	178	0.027027
180	184	0.043478
180	195	0.041667
180	201	0.034483
180	203	0.033333
180	213	0.032258
180	223	0.052632
180	229	0.050000
180	230	0.052632
180	276	0.047619
180	293	0.050000
180	320	0.047619
180	361	0.055556
180	368	0.058824
180	372	0.062500
180	403	0.062500
180	412	0.062500
181	13	0.016129
181	14	0.011364
181	18	0.008197
181	23	0.013699
181	31	0.037037
181	36	0.009901
181	40	0.010101
181	46	0.018182
181	51	0.016129
181	52	0.017544
181	55	0.017241
181	78	0.030303
181	82	0.019231
181	93	0.035714
181	112	0.025641
181	138	0.045455
181	194	0.043478
181	203	0.033333
181	222	0.052632
181	255	0.043478
181	274	0.045455
181	279	0.050000
181	350	0.062500
182	10	0.018868
182	15	0.015152
182	18	0.008197
182	22	0.008850
182	26	0.015152
182	51	0.016129
182	52	0.017544
182	53	0.019608
182	71	0.020408
182	78	0.030303
182	99	0.026316
182	107	0.029412
182	113	0.034483
182	114	0.027027
182	128	0.032258
182	143	0.038462
182	194	0.043478
182	218	0.041667
182	235	0.047619
182	261	0.050000
182	295	0.052632
182	296	0.047619
182	304	0.047619
182	308	0.062500
182	395	0.058824
182	415	0.062500
183	17	0.006623
183	18	0.008197
183	33	0.011765
183	38	0.013333
183	42	0.010417
183	43	0.013699
183	51	0.016129
183	54	0.017857
183	72	0.023810
183	73	0.018519
183	82	0.019231
183	118	0.023256
183	129	0.028571
183	134	0.047619
183	140	0.032258
183	141	0.022222
183	192	0.035714
183	215	0.043478
183	266	0.052632
183	287	0.052632
183	289	0.041667
183	293	0.050000
183	302	0.050000
183	391	0.058824
184	6	0.013699
184	15	0.015152
184	23	0.013699
184	27	0.020000
184	52	0.017544
184	71	0.020408
184	76	0.020408
184	103	0.024390
184	135	0.037037
184	137	0.033333
184	148	0.032258
184	152	0.038462
184	154	0.043478
184	163	0.038462
184	169	0.023256
184	180	0.031250
184	244	0.047619
184	261	0.050000
184	264	0.050000
184	266	0.052632
184	305	0.055556
184	353	0.047619
184	385	0.062500
185	5	0.024390
185	14	0.011364
185	19	0.009346
185	22	0.008850
185	23	0.013699
185	29	0.032258
185	44	0.017544
185	54	0.017857
185	65	0.024390
185	77	0.021739
185	99	0.026316
185	102	0.027027
185	107	0.029412
185	109	0.026316
185	141	0.022222
185	171	0.038462
185	195	0.041667
185	204	0.034483
185	243	0.043478
185	259	0.052632
185	264	0.050000
185	266	0.052632
185	267	0.047619
185	307	0.045455
185	377	0.066667
185	409	0.062500
186	4	0.017241
186	12	0.015873
186	14	0.011364
186	16	0.007042
186	17	0.006623
186	20	0.010870
186	21	0.007634
186	37	0.014286
186	42	0.010417
186	43	0.013699
186	44	0.017544
186	69	0.019231
186	85	0.030303
186	111	0.020833
186	170	0.035714
186	171	0.038462
186	246	0.058824
186	269	0.055556
186	317	0.062500
186	355	0.052632
186	381	0.062500
187	9	0.016129
187	14	0.011364
187	15	0.015152
187	19	0.009346
187	40	0.010101
187	67	0.025641
187	71	0.020408
187	73	0.018519
187	90	0.029412
187	92	0.032258
187	94	0.038462
187	98	0.023810
187	115	0.029412
187	152	0.038462
187	161	0.032258
187	173	0.037037
187	193	0.035714
187	209	0.033333
187	213	0.032258
187	228	0.050000
187	246	0.058824
187	254	0.052632
187	269	0.055556
187	279	0.050000
187	304	0.047619
187	319	0.062500
187	331	0.050000
187	352	0.055556
187	376	0.062500
187	381	0.062500
187	405	0.062500
188	0	0.021277
188	1	0.016129
188	2	0.020408
188	4	0.017241
188	20	0.010870
188	42	0.010417
188	52	0.017544
188	53	0.019608
188	70	0.021277
188	89	0.023256
188	99	0.026316
188	106	0.022727
188	152	0.038462
188	168	0.040000
188	174	0.047619
188	177	0.035714
188	203	0.033333
188	212	0.035714
188	288	0.052632
188	298	0.055556
188	354	0.050000
188	368	0.058824
188	385	0.062500
189	7	0.015625
189	10	0.018868
189	11	0.010753
189	16	0.007042
189	17	0.006623
189	26	0.015152
189	28	0.020833
189	32	0.010526
189	38	0.013333
189	50	0.012658
189	56	0.018868
189	60	0.025000
189	61	0.033333
189	65	0.024390
189	115	0.029412
189	168	0.040000
189	190	0.058824
189	208	0.038462
189	213	0.032258
189	288	0.052632
189	390	0.062500
189	412	0.062500
189	413	0.062500
190	9	0.016129
190	22	0.008850
190	23	0.013699
190	33	0.011765
190	35	0.015152
190	37	0.014286
190	49	0.016667
190	62	0.035714
190	66	0.025641
190	77	0.021739
190	78	0.030303
190	81	0.029412
190	83	0.018868
190	107	0.029412
190	170	0.035714
190	189	0.043478
190	269	0.055556
191	7	0.015625
191	12	0.015873
191	17	0.006623
191	20	0.010870
191	41	0.013158
191	43	0.013699
191	44	0.017544
191	50	0.012658
191	56	0.018868
191	95	0.045455
191	99	0.026316
191	130	0.033333
191	152	0.038462
191	168	0.040000
191	169	0.023256
191	174	0.047619
191	210	0.045455
192	11	0.010753
192	16	0.007042
192	18	0.008197
192	23	0.013699
192	28	0.020833
192	34	0.009091
192	41	0.013158
192	46	0.018182
192	77	0.021739
192	89	0.023256
192	123	0.037037
192	125	0.052632
192	131	0.032258
192	135	0.037037
192	153	0.040000
192	183	0.041667
192	200	0.037037
192	220	0.058824
192	232	0.041667
192	236	0.055556
192	253	0.052632
192	257	0.035714
192	287	0.052632
192	295	0.052632
192	324	0.050000
192	344	0.062500
192	366	0.055556
192	405	0.062500
193	16	0.007042
193	20	0.010870
193	21	0.007634
193	22	0.008850
193	33	0.011765
193	35	0.015152
193	40	0.010101
193	72	0.023810
193	73	0.018519
193	74	0.021739
193	92	0.032258
193	118	0.023256
193	139	0.037037
193	159	0.043478
193	160	0.030303
193	187	0.032258
193	216	0.047619
193	251	0.055556
193	260	0.045455
193	261	0.050000
193	303	0.055556
193	305	0.055556
193	317	0.062500
193	320	0.047619
193	321	0.052632
193	341	0.062500
193	363	0.058824
193	386	0.062500
194	3	0.012658
194	11	0.010753
194	21	0.007634
194	22	0.008850
194	36	0.009901
194	42	0.010417
194	47	0.014493
194	50	0.012658
194	54	0.017857
194	65	0.024390
194	68	0.027778
194	89	0.023256
194	112	0.025641
194	130	0.033333
194	181	0.043478
194	182	0.038462
194	213	0.032258
194	216	0.047619
194	256	0.043478
194	265	0.040000
194	313	0.055556
194	315	0.058824
194	387	0.055556
195	5	0.024390
195	15	0.015152
195	16	0.007042
195	19	0.009346
195	21	0.007634
195	37	0.014286
195	40	0.010101
195	42	0.010417
195	45	0.013158
195	66	0.025641
195	73	0.018519
195	116	0.019231
195	145	0.035714
195	151	0.038462
195	180	0.031250
195	185	0.038462
195	206	0.052632
195	286	0.058824
195	296	0.047619
195	304	0.047619
195	319	0.062500
195	329	0.050000
195	334	0.062500
195	381	0.062500
196	17	0.006623
196	20	0.010870
196	36	0.009901
196	39	0.015625
196	42	0.010417
196	50	0.012658
196	51	0.016129
196	56	0.018868
196	66	0.025641
196	75	0.027027
196	97	0.027778
196	111	0.020833
196	141	0.022222
196	150	0.043478
196	155	0.038462
196	178	0.027027
196	221	0.047619
196	246	0.058824
196	259	0.052632
196	280	0.058824
196	286	0.058824
196	347	0.062500
196	414	0.062500
197	0	0.021277
197	5	0.024390
197	11	0.010753
197	15	0.015152
197	32	0.010526
197	40	0.010101
197	42	0.010417
197	50	0.012658
197	61	0.033333
197	71	0.020408
197	97	0.027778
197	102	0.027027
197	122	0.034483
197	139	0.037037
197	147	0.040000
197	151	0.038462
197	210	0.045455
197	249	0.047619
197	281	0.047619
197	294	0.045455
197	300	0.055556
197	392	0.062500
198	0	0.021277
198	1	0.016129
198	13	0.016129
198	23	0.013699
198	40	0.010101
198	41	0.013158
198	45	0.013158
198	56	0.018868
198	60	0.025000
198	80	0.038462
198	96	0.040000
198	119	0.030303
198	128	0.032258
198	142	0.034483
198	157	0.040000
198	215	0.043478
198	216	0.047619
198	225	0.043478
198	236	0.055556
198	247	0.047619
198	278	0.050000
198	281	0.047619
198	338	0.062500
198	355	0.052632
198	373	0.062500
198	390	0.062500
198	414	0.062500
199	2	0.020408
199	12	0.015873
199	18	0.008197
199	19	0.009346
199	20	0.010870
199	34	0.009091
199	43	0.013699
199	47	0.014493
199	61	0.033333
199	68	0.027778
199	104	0.025641
199	112	0.025641
199	137	0.033333
199	143	0.038462
199	152	0.038462
199	156	0.038462
199	230	0.052632
199	240	0.047619
199	244	0.047619
199	249	0.047619
199	315	0.058824
199	376	0.062500
199	394	0.058824
199	407	0.062500
200	3	0.012658
200	8	0.018182
200	11	0.010753
200	19	0.009346
200	34	0.009091
200	45	0.013158
200	46	0.018182
200	48	0.016129
200	58	0.021739
200	74	0.021739
200	84	0.024390
200	116	0.019231
200	120	0.037037
200	131	0.032258
200	146	0.033333
200	192	0.035714
200	214	0.045455
200	217	0.038462
200	236	0.055556
200	249	0.047619
200	263	0.052632
200	274	0.045455
200	275	0.041667
200	297	0.062500
200	319	0.062500
200	322	0.050000
200	407	0.062500
201	17	0.006623
201	19	0.009346
201	23	0.013699
201	39	0.015625
201	44	0.017544
201	45	0.013158
201	51	0.016129
201	56	0.018868
201	62	0.035714
201	72	0.023810
201	76	0.020408
201	100	0.032258
201	101	0.024390
201	104	0.025641
201	176	0.041667
201	180	0.031250
201	214	0.045455
201	219	0.050000
201	234	0.052632
201	248	0.062500
201	301	0.047619
201	303	0.055556
201	307	0.045455
201	315	0.058824
201	324	0.050000
201	328	0.050000
201	331	0.050000
201	377	0.066667
201	386	0.062500
202	9	0.016129
202	17	0.006623
202	25	0.018182
202	32	0.010526
202	34	0.009091
202	45	0.013158
202	77	0.021739
202	84	0.024390
202	89	0.023256
202	102	0.027027
202	104	0.025641
202	109	0.026316
202	150	0.043478
202	169	0.023256
202	177	0.035714
202	266	0.052632
202	290	0.058824
202	294	0.045455
202	308	0.062500
202	317	0.062500
202	342	0.055556
202	355	0.052632
202	366	0.055556
202	374	0.062500
202	375	0.062500
202	377	0.066667
203	6	0.013699
203	21	0.007634
203	34	0.009091
203	69	0.019231
203	82	0.019231
203	83	0.018868
203	93	0.035714
203	105	0.031250
203	107	0.029412
203	116	0.019231
203	140	0.032258
203	154	0.043478
203	175	0.038462
203	180	0.031250
203	181	0.043478
203	188	0.043478
203	206	0.052632
203	230	0.052632
203	237	0.041667
203	258	0.041667
203	264	0.050000
203	288	0.052632
203	302	0.050000
203	337	0.058824
203	343	0.058824
203	353	0.047619
203	360	0.058824
203	363	0.058824
203	395	0.058824
203	410	0.062500
204	15	0.015152
204	20	0.010870
204	40	0.010101
204	48	0.016129
204	54	0.017857
204	78	0.030303
204	98	0.023810
204	106	0.022727
204	116	0.019231
204	122	0.034483
204	130	0.033333
204	145	0.035714
204	146	0.033333
204	169	0.023256
204	178	0.027027
204	185	0.038462
204	205	0.041667
204	215	0.043478
204	237	0.041667
204	259	0.052632
204	262	0.045455
204	280	0.058824
204	282	0.058824
204	294	0.045455
204	296	0.047619
204	298	0.055556
204	324	0.050000
204	368	0.058824
204	375	0.062500
205	7	0.015625
205	9	0.016129
205	15	0.015152
205	21	0.007634
205	25	0.018182
205	51	0.016129
205	58	0.021739
205	70	0.021277
205	83	0.018868
205	104	0.025641
205	115	0.029412
205	119	0.030303
205	144	0.032258
205	152	0.038462
205	175	0.038462
205	204	0.034483
205	210	0.045455
205	231	0.052632
205	232	0.041667
205	243	0.043478
205	271	0.050000
205	301	0.047619
205	310	0.052632
205	381	0.062500
206	0	0.021277
206	4	0.017241
206	22	0.008850
206	34	0.009091
206	45	0.013158
206	46	0.018182
206	49	0.016667
206	51	0.016129
206	75	0.027027
206	123	0.037037
206	128	0.032258
206	130	0.033333
206	151	0.038462
206	178	0.027027
206	195	0.041667
206	203	0.033333
206	219	0.050000
206	246	0.058824
206	359	0.052632
207	12	0.015873
207	19	0.009346
207	21	0.007634
207	25	0.018182
207	39	0.015625
207	40	0.010101
207	41	0.013158
207	55	0.017241
207	73	0.018519
207	83	0.018868
207	115	0.029412
207	116	0.019231
207	142	0.034483
207	151	0.038462
207	168	0.040000
207	176	0.041667
207	217	0.038462
207	251	0.055556
207	257	0.035714
207	307	0.045455
207	310	0.052632
207	392	0.062500
207	393	0.058824
207	402	0.062500
207	409	0.062500
208	1	0.016129
208	2	0.020408
208	3	0.012658
208	6	0.013699
208	18	0.008197
208	21	0.007634
208	26	0.015152
208	33	0.011765
208	74	0.021739
208	82	0.019231
208	86	0.027778
208	92	0.032258
208	141	0.022222
208	173	0.037037
208	189	0.043478
208	211	0.045455
208	235	0.047619
208	248	0.062500
208	262	0.045455
208	292	0.050000
208	337	0.058824
208	352	0.055556
208	358	0.066667
208	377	0.066667
208	396	0.058824
208	412	0.062500
209	7	0.015625
209	10	0.018868
209	14	0.011364
209	16	0.007042
209	34	0.009091
209	38	0.013333
209	41	0.013158
209	43	0.013699
209	44	0.017544
209	51	0.016129
209	76	0.020408
209	111	0.020833
209	135	0.037037
209	136	0.037037
209	168	0.040000
209	187	0.032258
209	240	0.047619
209	244	0.047619
209	261	0.050000
209	294	0.045455
209	309	0.052632
209	317	0.062500
209	342	0.055556
209	344	0.062500
209	356	0.058824
209	358	0.066667
209	359	0.052632
209	385	0.062500
209	390	0.062500
209	411	0.062500
210	5	0.024390
210	8	0.018182
210	10	0.018868
210	17	0.006623
210	33	0.011765
210	35	0.015152
210	41	0.013158
210	48	0.016129
210	85	0.030303
210	97	0.027778
210	103	0.024390
210	116	0.019231
210	145	0.035714
210	191	0.058824
210	197	0.045455
210	205	0.041667
210	255	0.043478
210	282	0.058824
210	300	0.055556
210	301	0.047619
210	352	0.055556
210	410	0.062500
211	11	0.010753
211	20	0.010870
211	21	0.007634
211	22	0.008850
211	44	0.017544
211	53	0.019608
211	91	0.032258
211	105	0.031250
211	108	0.050000
211	111	0.020833
211	119	0.030303
211	141	0.022222
211	148	0.032258
211	162	0.037037
211	166	0.041667
211	208	0.038462
211	262	0.045455
211	273	0.052632
211	330	0.058824
211	376	0.062500
211	388	0.062500
211	407	0.062500
212	3	0.012658
212	6	0.013699
212	16	0.007042
212	17	0.006623
212	18	0.008197
212	30	0.033333
212	32	0.010526
212	36	0.009901
212	46	0.018182
212	56	0.018868
212	58	0.021739
212	89	0.023256
212	112	0.025641
212	161	0.032258
212	175	0.038462
212	188	0.043478
212	214	0.045455
212	219	0.050000
212	222	0.052632
212	246	0.058824
212	267	0.047619
212	293	0.050000
212	308	0.062500
212	331	0.050000
212	337	0.058824
212	360	0.058824
212	362	0.062500
212	393	0.058824
213	4	0.017241
213	6	0.013699
213	9	0.016129
213	30	0.033333
213	44	0.017544
213	47	0.014493
213	54	0.017857
213	68	0.027778
213	82	0.019231
213	88	0.027778
213	91	0.032258
213	169	0.023256
213	180	0.031250
213	187	0.032258
213	189	0.043478
213	194	0.043478
213	227	0.040000
213	233	0.055556
213	236	0.055556
213	248	0.062500
213	255	0.043478
213	258	0.041667
213	278	0.050000
213	281	0.047619
213	285	0.058824
213	312	0.050000
213	331	0.050000
213	352	0.055556
213	365	0.058824
213	379	0.066667
213	399	0.062500
214	12	0.015873
214	13	0.016129
214	14	0.011364
214	19	0.009346
214	34	0.009091
214	51	0.016129
214	52	0.017544
214	56	0.018868
214	84	0.024390
214	88	0.027778
214	132	0.020000
214	149	0.050000
214	162	0.037037
214	200	0.037037
214	201	0.034483
214	212	0.035714
214	249	0.047619
214	283	0.052632
214	312	0.050000
214	339	0.052632
214	369	0.052632
214	416	0.062500
215	2	0.020408
215	7	0.015625
215	34	0.009091
215	36	0.009901
215	40	0.010101
215	48	0.016129
215	49	0.016667
215	63	0.047619
215	109	0.026316
215	132	0.020000
215	155	0.038462
215	157	0.040000
215	159	0.043478
215	183	0.041667
215	198	0.037037
215	204	0.034483
215	218	0.041667
215	263	0.052632
215	316	0.052632
215	322	0.050000
215	372	0.062500
215	376	0.062500
215	387	0.055556
216	7	0.015625
216	20	0.010870
216	36	0.009901
216	41	0.013158
216	47	0.014493
216	65	0.024390
216	79	0.021277
216	94	0.038462
216	113	0.034483
216	118	0.023256
216	132	0.020000
216	137	0.033333
216	193	0.035714
216	194	0.043478
216	198	0.037037
216	258	0.041667
216	271	0.050000
216	307	0.045455
216	310	0.052632
216	323	0.045455
216	416	0.062500
217	6	0.013699
217	16	0.007042
217	17	0.006623
217	19	0.009346
217	41	0.013158
217	42	0.010417
217	50	0.012658
217	56	0.018868
217	73	0.018519
217	90	0.029412
217	98	0.023810
217	133	0.041667
217	144	0.032258
217	150	0.043478
217	200	0.037037
217	207	0.040000
217	219	0.050000
217	234	0.052632
217	265	0.040000
217	282	0.058824
217	303	0.055556
217	324	0.050000
217	332	0.058824
217	346	0.062500
217	378	0.058824
217	385	0.062500
218	16	0.007042
218	17	0.006623
218	35	0.015152
218	36	0.009901
218	48	0.016129
218	49	0.016667
218	56	0.018868
218	57	0.032258
218	65	0.024390
218	73	0.018519
218	83	0.018868
218	135	0.037037
218	177	0.035714
218	178	0.027027
218	182	0.038462
218	215	0.043478
218	226	0.043478
218	268	0.052632
218	294	0.045455
218	296	0.047619
218	311	0.062500
218	359	0.052632
218	360	0.058824
218	387	0.055556
219	18	0.008197
219	35	0.015152
219	51	0.016129
219	55	0.017241
219	56	0.018868
219	83	0.018868
219	101	0.024390
219	121	0.041667
219	129	0.028571
219	139	0.037037
219	151	0.038462
219	201	0.034483
219	206	0.052632
219	212	0.035714
219	217	0.038462
219	254	0.052632
219	282	0.058824
219	296	0.047619
219	355	0.052632
219	366	0.055556
220	9	0.016129
220	11	0.010753
220	13	0.016129
220	15	0.015152
220	17	0.006623
220	18	0.008197
220	44	0.017544
220	50	0.012658
220	60	0.025000
220	70	0.021277
220	87	0.032258
220	98	0.023810
220	119	0.030303
220	144	0.032258
220	192	0.035714
220	270	0.052632
220	352	0.055556
221	11	0.010753
221	13	0.016129
221	18	0.008197
221	33	0.011765
221	35	0.015152
221	36	0.009901
221	40	0.010101
221	72	0.023810
221	76	0.020408
221	79	0.021277
221	83	0.018868
221	97	0.027778
221	139	0.037037
221	163	0.038462
221	196	0.043478
221	249	0.047619
221	299	0.055556
221	310	0.052632
221	353	0.047619
221	409	0.062500
221	414	0.062500
222	4	0.017241
222	6	0.013699
222	13	0.016129
222	16	0.007042
222	19	0.009346
222	21	0.007634
222	37	0.014286
222	41	0.013158
222	49	0.016667
222	55	0.017241
222	60	0.025000
222	71	0.020408
222	147	0.040000
222	157	0.040000
222	181	0.043478
222	212	0.035714
222	287	0.052632
222	332	0.058824
222	390	0.062500
223	7	0.015625
223	14	0.011364
223	17	0.006623
223	21	0.007634
223	22	0.008850
223	36	0.009901
223	47	0.014493
223	56	0.018868
223	83	0.018868
223	89	0.023256
223	112	0.025641
223	121	0.041667
223	132	0.020000
223	169	0.023256
223	170	0.035714
223	180	0.031250
223	249	0.047619
223	346	0.062500
223	382	0.055556
224	12	0.015873
224	17	0.006623
224	26	0.015152
224	30	0.033333
224	32	0.010526
224	36	0.009901
224	50	0.012658
224	69	0.019231
224	70	0.021277
224	71	0.020408
224	76	0.020408
224	87	0.032258
224	110	0.028571
224	116	0.019231
224	155	0.038462
224	175	0.038462
224	264	0.050000
224	340	0.052632
224	373	0.062500
224	386	0.062500
225	3	0.012658
225	17	0.006623
225	34	0.009091
225	58	0.021739
225	63	0.047619
225	66	0.025641
225	69	0.019231
225	80	0.038462
225	83	0.018868
225	116	0.019231
225	123	0.037037
225	132	0.020000
225	139	0.037037
225	171	0.038462
225	175	0.038462
225	198	0.037037
225	235	0.047619
225	238	0.045455
225	291	0.055556
225	384	0.066667
225	398	0.062500
225	408	0.062500
225	412	0.062500
226	6	0.013699
226	9	0.016129
226	11	0.010753
226	18	0.008197
226	19	0.009346
226	21	0.007634
226	24	0.013514
226	32	0.010526
226	52	0.017544
226	75	0.027027
226	79	0.021277
226	101	0.024390
226	111	0.020833
226	145	0.035714
226	161	0.032258
226	218	0.041667
226	235	0.047619
226	273	0.052632
226	284	0.055556
226	286	0.058824
226	288	0.052632
226	312	0.050000
226	362	0.062500
227	5	0.024390
227	6	0.013699
227	19	0.009346
227	22	0.008850
227	24	0.013514
227	28	0.020833
227	39	0.015625
227	43	0.013699
227	49	0.016667
227	50	0.012658
227	62	0.035714
227	79	0.021277
227	81	0.029412
227	89	0.023256
227	213	0.032258
227	239	0.045455
227	245	0.052632
227	263	0.052632
227	276	0.047619
227	281	0.047619
227	320	0.047619
227	334	0.062500
227	344	0.062500
227	364	0.058824
227	411	0.062500
228	4	0.017241
228	12	0.015873
228	14	0.011364
228	20	0.010870
228	21	0.007634
228	32	0.010526
228	36	0.009901
228	73	0.018519
228	92	0.032258
228	108	0.050000
228	132	0.020000
228	141	0.022222
228	169	0.023256
228	173	0.037037
228	177	0.035714
228	187	0.032258
228	251	0.055556
228	311	0.062500
228	323	0.045455
228	392	0.062500
229	3	0.012658
229	8	0.018182
229	16	0.007042
229	17	0.006623
229	25	0.018182
229	27	0.020000
229	36	0.009901
229	38	0.013333
229	39	0.015625
229	61	0.033333
229	75	0.027027
229	80	0.038462
229	103	0.024390
229	142	0.034483
229	165	0.041667
229	180	0.031250
229	252	0.045455
229	272	0.052632
229	293	0.050000
229	302	0.050000
230	10	0.018868
230	19	0.009346
230	21	0.007634
230	40	0.010101
230	42	0.010417
230	90	0.029412
230	99	0.026316
230	115	0.029412
230	122	0.034483
230	153	0.040000
230	157	0.040000
230	161	0.032258
230	178	0.027027
230	180	0.031250
230	199	0.041667
230	203	0.033333
230	249	0.047619
230	360	0.058824
230	372	0.062500
231	9	0.016129
231	11	0.010753
231	19	0.009346
231	21	0.007634
231	32	0.010526
231	39	0.015625
231	40	0.010101
231	44	0.017544
231	45	0.013158
231	51	0.016129
231	69	0.019231
231	74	0.021739
231	79	0.021277
231	141	0.022222
231	179	0.045455
231	205	0.041667
231	241	0.050000
231	363	0.058824
231	395	0.058824
232	1	0.016129
232	6	0.013699
232	14	0.011364
232	21	0.007634
232	24	0.013514
232	43	0.013699
232	46	0.018182
232	58	0.021739
232	66	0.025641
232	81	0.029412
232	116	0.019231
232	136	0.037037
232	161	0.032258
232	169	0.023256
232	192	0.035714
232	205	0.041667
232	242	0.043478
232	262	0.045455
232	268	0.052632
232	307	0.045455
232	362	0.062500
232	386	0.062500
232	401	0.062500
232	410	0.062500
233	2	0.020408
233	3	0.012658
233	16	0.007042
233	24	0.013514
233	34	0.009091
233	39	0.015625
233	55	0.017241
233	65	0.024390
233	69	0.019231
233	77	0.021739
233	104	0.025641
233	106	0.022727
233	109	0.026316
233	113	0.034483
233	144	0.032258
233	213	0.032258
233	387	0.055556
233	410	0.062500
234	8	0.018182
234	10	0.018868
234	11	0.010753
234	24	0.013514
234	28	0.020833
234	60	0.025000
234	67	0.025641
234	89	0.023256
234	106	0.022727
234	132	0.020000
234	144	0.032258
234	162	0.037037
234	164	0.045455
234	172	0.037037
234	201	0.034483
234	217	0.038462
234	261	0.050000
234	273	0.052632
234	364	0.058824
235	34	0.009091
235	48	0.016129
235	49	0.016667
235	51	0.016129
235	78	0.030303
235	97	0.027778
235	98	0.023810
235	102	0.027027
235	109	0.026316
235	111	0.020833
235	116	0.019231
235	165	0.041667
235	182	0.038462
235	208	0.038462
235	225	0.043478
235	226	0.043478
235	253	0.052632
235	317	0.062500
235	339	0.052632
235	367	0.055556
235	396	0.058824
236	19	0.009346
236	22	0.008850
236	24	0.013514
236	32	0.010526
236	46	0.018182
236	48	0.016129
236	50	0.012658
236	61	0.033333
236	73	0.018519
236	82	0.019231
236	99	0.026316
236	178	0.027027
236	192	0.035714
236	198	0.037037
236	200	0.037037
236	213	0.032258
236	355	0.052632
236	359	0.052632
237	7	0.015625
237	13	0.016129
237	20	0.010870
237	33	0.011765
237	40	0.010101
237	41	0.013158
237	50	0.012658
237	66	0.025641
237	70	0.021277
237	109	0.026316
237	118	0.023256
237	169	0.023256
237	170	0.035714
237	178	0.027027
237	203	0.033333
237	204	0.034483
237	240	0.047619
237	243	0.043478
237	262	0.045455
237	283	0.052632
237	316	0.052632
237	325	0.058824
237	374	0.062500
237	396	0.058824
238	1	0.016129
238	18	0.008197
238	20	0.010870
238	21	0.007634
238	53	0.019608
238	54	0.017857
238	72	0.023810
238	85	0.030303
238	108	0.050000
238	111	0.020833
238	115	0.029412
238	121	0.041667
238	137	0.033333
238	169	0.023256
238	172	0.037037
238	225	0.043478
238	287	0.052632
238	289	0.041667
238	298	0.055556
238	302	0.050000
238	333	0.058824
238	380	0.062500
239	1	0.016129
239	2	0.020408
239	4	0.017241
239	5	0.024390
239	13	0.016129
239	16	0.007042
239	19	0.009346
239	22	0.008850
239	27	0.020000
239	29	0.032258
239	58	0.021739
239	82	0.019231
239	86	0.027778
239	131	0.032258
239	168	0.040000
239	227	0.040000
239	289	0.041667
239	296	0.047619
239	301	0.047619
239	326	0.045455
239	339	0.052632
239	402	0.062500
240	1	0.016129
240	8	0.018182
240	14	0.011364
240	17	0.006623
240	23	0.013699
240	34	0.009091
240	38	0.013333
240	42	0.010417
240	43	0.013699
240	49	0.016667
240	115	0.029412
240	137	0.033333
240	199	0.041667
240	209	0.033333
240	237	0.041667
240	297	0.062500
240	303	0.055556
240	322	0.050000
240	346	0.062500
240	375	0.062500
240	389	0.062500
241	3	0.012658
241	13	0.016129
241	16	0.007042
241	17	0.006623
241	35	0.015152
241	40	0.010101
241	42	0.010417
241	50	0.012658
241	53	0.019608
241	90	0.029412
241	92	0.032258
241	96	0.040000
241	112	0.025641
241	113	0.034483
241	141	0.022222
241	231	0.052632
241	272	0.052632
241	304	0.047619
241	327	0.058824
241	401	0.062500
242	0	0.021277
242	2	0.020408
242	10	0.018868
242	19	0.009346
242	29	0.032258
242	40	0.010101
242	43	0.013699
242	47	0.014493
242	56	0.018868
242	85	0.030303
242	90	0.029412
242	111	0.020833
242	146	0.033333
242	147	0.040000
242	170	0.035714
242	232	0.041667
242	253	0.052632
242	255	0.043478
242	329	0.050000
242	378	0.058824
242	393	0.058824
242	411	0.062500
242	416	0.062500
243	8	0.018182
243	14	0.011364
243	19	0.009346
243	22	0.008850
243	24	0.013514
243	28	0.020833
243	33	0.011765
243	35	0.015152
243	69	0.019231
243	99	0.026316
243	126	0.045455
243	141	0.022222
243	160	0.030303
243	185	0.038462
243	205	0.041667
243	237	0.041667
243	260	0.045455
243	284	0.055556
243	295	0.052632
243	303	0.055556
243	308	0.062500
243	341	0.062500
243	349	0.062500
244	4	0.017241
244	6	0.013699
244	22	0.008850
244	50	0.012658
244	52	0.017544
244	55	0.017241
244	69	0.019231
244	71	0.020408
244	101	0.024390
244	117	0.043478
244	124	0.047619
244	136	0.037037
244	173	0.037037
244	184	0.043478
244	199	0.041667
244	209	0.033333
244	275	0.041667
244	276	0.047619
244	296	0.047619
244	305	0.055556
244	395	0.058824
245	6	0.013699
245	12	0.015873
245	13	0.016129
245	18	0.008197
245	35	0.015152
245	36	0.009901
245	38	0.013333
245	50	0.012658
245	69	0.019231
245	82	0.019231
245	84	0.024390
245	89	0.023256
245	136	0.037037
245	139	0.037037
245	164	0.045455
245	227	0.040000
245	272	0.052632
245	338	0.062500
245	409	0.062500
246	0	0.021277
246	16	0.007042
246	35	0.015152
246	45	0.013158
246	49	0.016667
246	77	0.021739
246	92	0.032258
246	113	0.034483
246	118	0.023256
246	134	0.047619
246	186	0.047619
246	187	0.032258
246	196	0.043478
246	206	0.052632
246	212	0.035714
246	370	0.062500
246	415	0.062500
247	14	0.011364
247	16	0.007042
247	18	0.008197
247	41	0.013158
247	44	0.017544
247	45	0.013158
247	47	0.014493
247	61	0.033333
247	67	0.025641
247	70	0.021277
247	77	0.021739
247	79	0.021277
247	82	0.019231
247	107	0.029412
247	169	0.023256
247	198	0.037037
247	252	0.045455
247	275	0.041667
247	277	0.045455
247	402	0.062500
247	415	0.062500
248	6	0.013699
248	9	0.016129
248	18	0.008197
248	26	0.015152
248	33	0.011765
248	51	0.016129
248	100	0.032258
248	106	0.022727
248	112	0.025641
248	114	0.027027
248	138	0.045455
248	169	0.023256
248	170	0.035714
248	201	0.034483
248	208	0.038462
248	213	0.032258
249	4	0.017241
249	5	0.024390
249	7	0.015625
249	10	0.018868
249	24	0.013514
249	26	0.015152
249	37	0.014286
249	107	0.029412
249	112	0.025641
249	197	0.045455
249	199	0.041667
249	200	0.037037
249	214	0.045455
249	221	0.047619
249	223	0.052632
249	230	0.052632
249	287	0.052632
249	297	0.062500
249	309	0.052632
249	323	0.045455
249	372	0.062500
250	10	0.018868
250	11	0.010753
250	16	0.007042
250	18	0.008197
250	21	0.007634
250	34	0.009091
250	37	0.014286
250	52	0.017544
250	83	0.018868
250	103	0.024390
250	120	0.037037
250	126	0.045455
250	142	0.034483
250	153	0.040000
250	165	0.041667
250	173	0.037037
250	262	0.045455
250	264	0.050000
250	274	0.045455
250	330	0.058824
250	345	0.058824
250	369	0.052632
250	394	0.058824
251	2	0.020408
251	11	0.010753
251	12	0.015873
251	21	0.007634
251	38	0.013333
251	40	0.010101
251	41	0.013158
251	42	0.010417
251	76	0.020408
251	96	0.040000
251	115	0.029412
251	116	0.019231
251	175	0.038462
251	193	0.035714
251	207	0.040000
251	228	0.050000
251	255	0.043478
251	268	0.052632
252	6	0.013699
252	8	0.018182
252	9	0.016129
252	15	0.015152
252	17	0.006623
252	20	0.010870
252	22	0.008850
252	26	0.015152
252	36	0.009901
252	37	0.014286
252	45	0.013158
252	50	0.012658
252	64	0.031250
252	109	0.026316
252	229	0.050000
252	247	0.047619
252	257	0.035714
252	265	0.040000
252	268	0.052632
252	313	0.055556
252	324	0.050000
252	362	0.062500
253	17	0.006623
253	47	0.014493
253	82	0.019231
253	101	0.024390
253	110	0.028571
253	111	0.020833
253	112	0.025641
253	116	0.019231
253	128	0.032258
253	135	0.037037
253	140	0.032258
253	141	0.022222
253	175	0.038462
253	192	0.035714
253	235	0.047619
253	242	0.043478
253	314	0.050000
253	334	0.062500
253	379	0.066667
254	27	0.020000
254	34	0.009091
254	42	0.010417
254	50	0.012658
254	57	0.032258
254	72	0.023810
254	84	0.024390
254	89	0.023256
254	91	0.032258
254	96	0.040000
254	139	0.037037
254	142	0.034483
254	161	0.032258
254	174	0.047619
254	187	0.032258
254	219	0.050000
254	265	0.040000
254	271	0.050000
254	296	0.047619
255	11	0.010753
255	19	0.009346
255	39	0.015625
255	40	0.010101
255	43	0.013699
255	47	0.014493
255	76	0.020408
255	81	0.029412
255	101	0.024390
255	111	0.020833
255	172	0.037037
255	181	0.043478
255	210	0.045455
255	213	0.032258
255	242	0.043478
255	251	0.055556
255	258	0.041667
255	285	0.058824
255	292	0.050000
255	318	0.062500
255	344	0.062500
255	358	0.066667
255	399	0.062500
256	2	0.020408
256	3	0.012658
256	6	0.013699
256	8	0.018182
256	16	0.007042
256	18	0.008197
256	23	0.013699
256	40	0.010101
256	43	0.013699
256	49	0.016667
256	52	0.017544
256	55	0.017241
256	61	0.033333
256	65	0.024390
256	75	0.027027
256	194	0.043478
256	278	0.050000
256	310	0.052632
256	333	0.058824
256	348	0.062500
256	378	0.058824
256	393	0.058824
256	408	0.062500
257	11	0.010753
257	14	0.011364
257	16	0.007042
257	17	0.006623
257	21	0.007634
257	29	0.032258
257	42	0.010417
257	67	0.025641
257	81	0.029412
257	85	0.030303
257	132	0.020000
257	156	0.038462
257	176	0.041667
257	192	0.035714
257	207	0.040000
257	252	0.045455
257	261	0.050000
257	263	0.052632
257	274	0.045455
257	276	0.047619
257	299	0.055556
257	310	0.052632
257	312	0.050000
257	355	0.052632
257	359	0.052632
257	388	0.062500
257	389	0.062500
257	414	0.062500
258	10	0.018868
258	18	0.008197
258	33	0.011765
258	34	0.009091
258	77	0.021739
258	85	0.030303
258	98	0.023810
258	99	0.026316
258	118	0.023256
258	165	0.041667
258	176	0.041667
258	179	0.045455
258	203	0.033333
258	213	0.032258
258	216	0.047619
258	255	0.043478
258	267	0.047619
258	295	0.052632
258	302	0.050000
258	307	0.045455
258	325	0.058824
258	338	0.062500
258	377	0.066667
258	394	0.058824
259	9	0.016129
259	21	0.007634
259	22	0.008850
259	24	0.013514
259	33	0.011765
259	51	0.016129
259	70	0.021277
259	79	0.021277
259	84	0.024390
259	85	0.030303
259	110	0.028571
259	137	0.033333
259	159	0.043478
259	185	0.038462
259	196	0.043478
259	204	0.034483
259	359	0.052632
259	370	0.062500
259	393	0.058824
260	11	0.010753
260	16	0.007042
260	25	0.018182
260	34	0.009091
260	38	0.013333
260	41	0.013158
260	42	0.010417
260	48	0.016129
260	53	0.019608
260	65	0.024390
260	71	0.020408
260	99	0.026316
260	154	0.043478
260	171	0.038462
260	193	0.035714
260	243	0.043478
260	310	0.052632
260	318	0.062500
260	324	0.050000
260	332	0.058824
260	341	0.062500
260	404	0.062500
261	11	0.010753
261	26	0.015152
261	38	0.013333
261	39	0.015625
261	60	0.025000
261	65	0.024390
261	67	0.025641
261	70	0.021277
261	101	0.024390
261	116	0.019231
261	182	0.038462
261	184	0.043478
261	193	0.035714
261	209	0.033333
261	234	0.052632
261	257	0.035714
261	294	0.045455
261	358	0.066667
261	386	0.062500
261	388	0.062500
262	3	0.012658
262	18	0.008197
262	33	0.011765
262	34	0.009091
262	36	0.009901
262	42	0.010417
262	50	0.012658
262	52	0.017544
262	67	0.025641
262	166	0.041667
262	204	0.034483
262	208	0.038462
262	211	0.045455
262	232	0.041667
262	237	0.041667
262	250	0.043478
262	310	0.052632
262	315	0.058824
262	349	0.062500
262	355	0.052632
262	364	0.058824
262	415	0.062500
263	10	0.018868
263	14	0.011364
263	16	0.007042
263	20	0.010870
263	21	0.007634
263	22	0.008850
263	38	0.013333
263	39	0.015625
263	40	0.010101
263	136	0.037037
263	146	0.033333
263	148	0.032258
263	200	0.037037
263	215	0.043478
263	227	0.040000
263	257	0.035714
263	297	0.062500
263	404	0.062500
263	414	0.062500
264	7	0.015625
264	16	0.007042
264	19	0.009346
264	27	0.020000
264	32	0.010526
264	38	0.013333
264	44	0.017544
264	45	0.013158
264	49	0.016667
264	137	0.033333
264	161	0.032258
264	184	0.043478
264	185	0.038462
264	203	0.033333
264	224	0.050000
264	250	0.043478
264	308	0.062500
264	332	0.058824
264	342	0.055556
264	356	0.058824
265	7	0.015625
265	10	0.018868
265	17	0.006623
265	26	0.015152
265	43	0.013699
265	45	0.013158
265	72	0.023810
265	74	0.021739
265	103	0.024390
265	130	0.033333
265	137	0.033333
265	141	0.022222
265	194	0.043478
265	217	0.038462
265	252	0.045455
265	254	0.052632
265	266	0.052632
265	283	0.052632
265	299	0.055556
265	305	0.055556
265	323	0.045455
265	330	0.058824
265	354	0.050000
265	363	0.058824
265	403	0.062500
266	11	0.010753
266	12	0.015873
266	13	0.016129
266	17	0.006623
266	32	0.010526
266	38	0.013333
266	43	0.013699
266	55	0.017241
266	56	0.018868
266	76	0.020408
266	97	0.027778
266	183	0.041667
266	184	0.043478
266	185	0.038462
266	202	0.038462
266	265	0.040000
266	280	0.058824
266	370	0.062500
266	400	0.058824
267	6	0.013699
267	22	0.008850
267	34	0.009091
267	35	0.015152
267	36	0.009901
267	38	0.013333
267	52	0.017544
267	53	0.019608
267	55	0.017241
267	123	0.037037
267	138	0.045455
267	146	0.033333
267	155	0.038462
267	185	0.038462
267	212	0.035714
267	258	0.041667
267	281	0.047619
267	285	0.058824
267	299	0.055556
267	334	0.062500
267	368	0.058824
268	11	0.010753
268	16	0.007042
268	17	0.006623
268	21	0.007634
268	23	0.013699
268	32	0.010526
268	34	0.009091
268	50	0.012658
268	109	0.026316
268	112	0.025641
268	128	0.032258
268	135	0.037037
268	218	0.041667
268	232	0.041667
268	251	0.055556
268	252	0.045455
268	292	0.050000
268	400	0.058824
268	415	0.062500
269	4	0.017241
269	8	0.018182
269	10	0.018868
269	22	0.008850
269	36	0.009901
269	42	0.010417
269	46	0.018182
269	55	0.017241
269	78	0.030303
269	103	0.024390
269	105	0.031250
269	163	0.038462
269	169	0.023256
269	186	0.047619
269	187	0.032258
269	190	0.058824
269	300	0.055556
269	401	0.062500
270	9	0.016129
270	14	0.011364
270	15	0.015152
270	16	0.007042
270	22	0.008850
270	24	0.013514
270	34	0.009091
270	35	0.015152
270	40	0.010101
270	42	0.010417
270	51	0.016129
270	64	0.031250
270	72	0.023810
270	89	0.023256
270	141	0.022222
270	220	0.058824
270	287	0.052632
270	336	0.058824
270	357	0.062500
271	0	0.021277
271	3	0.012658
271	11	0.010753
271	18	0.008197
271	44	0.017544
271	69	0.019231
271	74	0.021739
271	83	0.018868
271	109	0.026316
271	112	0.025641
271	138	0.045455
271	153	0.040000
271	160	0.030303
271	205	0.041667
271	216	0.047619
271	254	0.052632
271	272	0.052632
271	347	0.062500
271	352	0.055556
271	379	0.066667
272	21	0.007634
272	34	0.009091
272	35	0.015152
272	36	0.009901
272	42	0.010417
272	44	0.017544
272	115	0.029412
272	118	0.023256
272	126	0.045455
272	160	0.030303
272	162	0.037037
272	177	0.035714
272	229	0.050000
272	241	0.050000
272	245	0.052632
272	271	0.050000
272	352	0.055556
272	396	0.058824
272	399	0.062500
273	4	0.017241
273	9	0.016129
273	16	0.007042
273	24	0.013514
273	42	0.010417
273	71	0.020408
273	98	0.023810
273	102	0.027027
273	105	0.031250
273	123	0.037037
273	129	0.028571
273	176	0.041667
273	211	0.045455
273	226	0.043478
273	234	0.052632
273	309	0.052632
273	375	0.062500
273	377	0.066667
273	407	0.062500
274	3	0.012658
274	4	0.017241
274	17	0.006623
274	20	0.010870
274	24	0.013514
274	33	0.011765
274	45	0.013158
274	58	0.021739
274	75	0.027027
274	118	0.023256
274	152	0.038462
274	156	0.038462
274	181	0.043478
274	200	0.037037
274	250	0.043478
274	257	0.035714
274	289	0.041667
274	375	0.062500
274	387	0.055556
274	404	0.062500
274	407	0.062500
274	414	0.062500
275	9	0.016129
275	13	0.016129
275	14	0.011364
275	19	0.009346
275	33	0.011765
275	35	0.015152
275	40	0.010101
275	47	0.014493
275	83	0.018868
275	91	0.032258
275	95	0.045455
275	122	0.034483
275	178	0.027027
275	200	0.037037
275	244	0.047619
275	247	0.047619
275	284	0.055556
275	292	0.050000
275	307	0.045455
275	337	0.058824
275	373	0.062500
275	383	0.058824
275	388	0.062500
275	406	0.062500
276	14	0.011364
276	18	0.008197
276	35	0.015152
276	38	0.013333
276	45	0.013158
276	53	0.019608
276	79	0.021277
276	82	0.019231
276	97	0.027778
276	148	0.032258
276	159	0.043478
276	176	0.041667
276	180	0.031250
276	227	0.040000
276	244	0.047619
276	257	0.035714
276	306	0.058824
276	324	0.050000
276	325	0.058824
276	393	0.058824
276	405	0.062500
277	10	0.018868
277	17	0.006623
277	36	0.009901
277	37	0.014286
277	48	0.016129
277	52	0.017544
277	58	0.021739
277	74	0.021739
277	93	0.035714
277	94	0.038462
277	140	0.032258
277	159	0.043478
277	168	0.040000
277	172	0.037037
277	177	0.035714
277	247	0.047619
277	281	0.047619
277	317	0.062500
277	328	0.050000
277	378	0.058824
277	382	0.055556
277	388	0.062500
278	15	0.015152
278	16	0.007042
278	18	0.008197
278	21	0.007634
278	25	0.018182
278	41	0.013158
278	53	0.019608
278	66	0.025641
278	103	0.024390
278	110	0.028571
278	132	0.020000
278	149	0.050000
278	153	0.040000
278	198	0.037037
278	213	0.032258
278	256	0.043478
278	290	0.058824
278	372	0.062500
278	381	0.062500
278	406	0.062500
279	1	0.016129
279	18	0.008197
279	20	0.010870
279	27	0.020000
279	36	0.009901
279	37	0.014286
279	40	0.010101
279	69	0.019231
279	112	0.025641
279	116	0.019231
279	132	0.020000
279	145	0.035714
279	147	0.040000
279	162	0.037037
279	181	0.043478
279	187	0.032258
279	283	0.052632
279	381	0.062500
279	397	0.062500
279	400	0.058824
280	12	0.015873
280	15	0.015152
280	17	0.006623
280	35	0.015152
280	46	0.018182
280	47	0.014493
280	87	0.032258
280	97	0.027778
280	116	0.019231
280	129	0.028571
280	134	0.047619
280	146	0.033333
280	178	0.027027
280	196	0.043478
280	204	0.034483
280	266	0.052632
280	319	0.062500
281	0	0.021277
281	14	0.011364
281	17	0.006623
281	22	0.008850
281	24	0.013514
281	26	0.015152
281	35	0.015152
281	85	0.030303
281	103	0.024390
281	118	0.023256
281	197	0.045455
281	198	0.037037
281	213	0.032258
281	227	0.040000
281	267	0.047619
281	277	0.045455
281	283	0.052632
281	328	0.050000
281	335	0.058824
281	366	0.055556
281	382	0.055556
282	5	0.024390
282	11	0.010753
282	21	0.007634
282	24	0.013514
282	34	0.009091
282	37	0.014286
282	39	0.015625
282	49	0.016667
282	50	0.012658
282	52	0.017544
282	56	0.018868
282	75	0.027027
282	204	0.034483
282	210	0.045455
282	217	0.038462
282	219	0.050000
282	403	0.062500
283	2	0.020408
283	5	0.024390
283	23	0.013699
283	24	0.013514
283	47	0.014493
283	52	0.017544
283	58	0.021739
283	101	0.024390
283	131	0.032258
283	132	0.020000
283	167	0.034483
283	214	0.045455
283	237	0.041667
283	265	0.040000
283	279	0.050000
283	281	0.047619
283	286	0.058824
283	292	0.050000
283	296	0.047619
284	1	0.016129
284	7	0.015625
284	26	0.015152
284	46	0.018182
284	47	0.014493
284	54	0.017857
284	73	0.018519
284	80	0.038462
284	82	0.019231
284	85	0.030303
284	87	0.032258
284	90	0.029412
284	117	0.043478
284	226	0.043478
284	243	0.043478
284	275	0.041667
284	341	0.062500
284	346	0.062500
285	4	0.017241
285	11	0.010753
285	13	0.016129
285	14	0.011364
285	15	0.015152
285	16	0.007042
285	21	0.007634
285	60	0.025000
285	90	0.029412
285	125	0.052632
285	128	0.032258
285	136	0.037037
285	163	0.038462
285	213	0.032258
285	255	0.043478
285	267	0.047619
285	363	0.058824
286	5	0.024390
286	6	0.013699
286	12	0.015873
286	40	0.010101
286	42	0.010417
286	43	0.013699
286	50	0.012658
286	88	0.027778
286	101	0.024390
286	119	0.030303
286	131	0.032258
286	169	0.023256
286	195	0.041667
286	196	0.043478
286	226	0.043478
286	283	0.052632
286	298	0.055556
287	1	0.016129
287	3	0.012658
287	38	0.013333
287	75	0.027027
287	82	0.019231
287	93	0.035714
287	110	0.028571
287	114	0.027027
287	156	0.038462
287	170	0.035714
287	183	0.041667
287	192	0.035714
287	222	0.052632
287	238	0.045455
287	249	0.047619
287	270	0.052632
287	332	0.058824
287	389	0.062500
287	405	0.062500
288	14	0.011364
288	25	0.018182
288	33	0.011765
288	50	0.012658
288	52	0.017544
288	53	0.019608
288	56	0.018868
288	73	0.018519
288	81	0.029412
288	91	0.032258
288	132	0.020000
288	171	0.038462
288	188	0.043478
288	189	0.043478
288	203	0.033333
288	226	0.043478
288	306	0.058824
288	360	0.058824
288	400	0.058824
289	9	0.016129
289	11	0.010753
289	16	0.007042
289	19	0.009346
289	22	0.008850
289	35	0.015152
289	39	0.015625
289	55	0.017241
289	61	0.033333
289	74	0.021739
289	101	0.024390
289	175	0.038462
289	183	0.041667
289	238	0.045455
289	239	0.045455
289	274	0.045455
289	304	0.047619
289	326	0.045455
289	333	0.058824
289	359	0.052632
289	370	0.062500
289	377	0.066667
289	402	0.062500
289	404	0.062500
290	5	0.024390
290	6	0.013699
290	11	0.010753
290	14	0.011364
290	16	0.007042
290	23	0.013699
290	39	0.015625
290	53	0.019608
290	58	0.021739
290	66	0.025641
290	81	0.029412
290	82	0.019231
290	91	0.032258
290	114	0.027027
290	202	0.038462
290	278	0.050000
290	304	0.047619
291	8	0.018182
291	11	0.010753
291	12	0.015873
291	26	0.015152
291	68	0.027778
291	69	0.019231
291	83	0.018868
291	99	0.026316
291	103	0.024390
291	113	0.034483
291	123	0.037037
291	141	0.022222
291	160	0.030303
291	169	0.023256
291	178	0.027027
291	225	0.043478
291	337	0.058824
291	351	0.062500
292	6	0.013699
292	71	0.020408
292	105	0.031250
292	111	0.020833
292	117	0.043478
292	125	0.052632
292	131	0.032258
292	137	0.033333
292	143	0.038462
292	148	0.032258
292	164	0.045455
292	208	0.038462
292	255	0.043478
292	268	0.052632
292	275	0.041667
292	283	0.052632
292	303	0.055556
292	318	0.062500
292	363	0.058824
292	369	0.052632
293	9	0.016129
293	12	0.015873
293	17	0.006623
293	18	0.008197
293	36	0.009901
293	42	0.010417
293	71	0.020408
293	76	0.020408
293	83	0.018868
293	103	0.024390
293	130	0.033333
293	160	0.030303
293	180	0.031250
293	183	0.041667
293	212	0.035714
293	229	0.050000
293	338	0.062500
293	391	0.058824
293	401	0.062500
293	404	0.062500
294	13	0.016129
294	17	0.006623
294	30	0.033333
294	41	0.013158
294	45	0.013158
294	51	0.016129
294	67	0.025641
294	106	0.022727
294	112	0.025641
294	171	0.038462
294	197	0.045455
294	202	0.038462
294	204	0.034483
294	209	0.033333
294	218	0.041667
294	261	0.050000
294	303	0.055556
294	309	0.052632
294	312	0.050000
294	328	0.050000
294	352	0.055556
294	395	0.058824
295	3	0.012658
295	18	0.008197
295	21	0.007634
295	22	0.008850
295	32	0.010526
295	56	0.018868
295	72	0.023810
295	90	0.029412
295	102	0.027027
295	167	0.034483
295	173	0.037037
295	174	0.047619
295	182	0.038462
295	192	0.035714
295	243	0.043478
295	258	0.041667
295	300	0.055556
295	312	0.050000
295	395	0.058824
296	15	0.015152
296	19	0.009346
296	23	0.013699
296	43	0.013699
296	70	0.021277
296	73	0.018519
296	179	0.045455
296	182	0.038462
296	195	0.041667
296	204	0.034483
296	218	0.041667
296	219	0.050000
296	239	0.045455
296	244	0.047619
296	254	0.052632
296	283	0.052632
296	341	0.062500
296	342	0.055556
296	386	0.062500
296	398	0.062500
296	406	0.062500
297	11	0.010753
297	14	0.011364
297	18	0.008197
297	19	0.009346
297	42	0.010417
297	46	0.018182
297	54	0.017857
297	89	0.023256
297	106	0.022727
297	119	0.030303
297	143	0.038462
297	167	0.034483
297	200	0.037037
297	240	0.047619
297	249	0.047619
297	263	0.052632
298	0	0.021277
298	34	0.009091
298	47	0.014493
298	48	0.016129
298	56	0.018868
298	78	0.030303
298	84	0.024390
298	111	0.020833
298	119	0.030303
298	127	0.047619
298	135	0.037037
298	169	0.023256
298	188	0.043478
298	204	0.034483
298	238	0.045455
298	286	0.058824
298	351	0.062500
298	390	0.062500
299	0	0.021277
299	11	0.010753
299	17	0.006623
299	18	0.008197
299	28	0.020833
299	44	0.017544
299	56	0.018868
299	77	0.021739
299	91	0.032258
299	106	0.022727
299	141	0.022222
299	151	0.038462
299	221	0.047619
299	257	0.035714
299	265	0.040000
299	267	0.047619
299	328	0.050000
299	392	0.062500
300	17	0.006623
300	39	0.015625
300	48	0.016129
300	70	0.021277
300	89	0.023256
300	91	0.032258
300	93	0.035714
300	106	0.022727
300	109	0.026316
300	118	0.023256
300	132	0.020000
300	160	0.030303
300	197	0.045455
300	210	0.045455
300	269	0.055556
300	295	0.052632
300	354	0.050000
300	357	0.062500
301	9	0.016129
301	20	0.010870
301	33	0.011765
301	36	0.009901
301	41	0.013158
301	42	0.010417
301	51	0.016129
301	52	0.017544
301	67	0.025641
301	83	0.018868
301	132	0.020000
301	176	0.041667
301	201	0.034483
301	205	0.041667
301	210	0.045455
301	239	0.045455
301	302	0.050000
301	307	0.045455
301	324	0.050000
301	325	0.058824
301	352	0.055556
302	3	0.012658
302	18	0.008197
302	36	0.009901
302	40	0.010101
302	65	0.024390
302	99	0.026316
302	106	0.022727
302	118	0.023256
302	137	0.033333
302	138	0.045455
302	183	0.041667
302	203	0.033333
302	229	0.050000
302	238	0.045455
302	258	0.041667
302	301	0.047619
302	326	0.045455
302	392	0.062500
302	398	0.062500
302	413	0.062500
303	23	0.013699
303	32	0.010526
303	34	0.009091
303	50	0.012658
303	55	0.017241
303	58	0.021739
303	90	0.029412
303	100	0.032258
303	120	0.037037
303	193	0.035714
303	201	0.034483
303	217	0.038462
303	240	0.047619
303	243	0.043478
303	292	0.050000
303	294	0.045455
303	321	0.052632
303	324	0.050000
304	11	0.010753
304	17	0.006623
304	21	0.007634
304	49	0.016667
304	60	0.025000
304	84	0.024390
304	121	0.041667
304	146	0.033333
304	157	0.040000
304	171	0.038462
304	182	0.038462
304	187	0.032258
304	195	0.041667
304	241	0.050000
304	289	0.041667
304	290	0.058824
304	318	0.062500
304	337	0.058824
304	354	0.050000
304	366	0.055556
304	380	0.062500
305	20	0.010870
305	22	0.008850
305	33	0.011765
305	40	0.010101
305	44	0.017544
305	84	0.024390
305	99	0.026316
305	101	0.024390
305	105	0.031250
305	114	0.027027
305	130	0.033333
305	169	0.023256
305	184	0.043478
305	193	0.035714
305	244	0.047619
305	265	0.040000
305	314	0.050000
305	327	0.058824
306	3	0.012658
306	18	0.008197
306	19	0.009346
306	39	0.015625
306	43	0.013699
306	51	0.016129
306	76	0.020408
306	80	0.038462
306	83	0.018868
306	95	0.045455
306	98	0.023810
306	118	0.023256
306	137	0.033333
306	171	0.038462
306	276	0.047619
306	288	0.052632
306	345	0.058824
307	12	0.015873
307	17	0.006623
307	27	0.020000
307	33	0.011765
307	79	0.021277
307	88	0.027778
307	151	0.038462
307	163	0.038462
307	185	0.038462
307	201	0.034483
307	207	0.040000
307	216	0.047619
307	232	0.041667
307	258	0.041667
307	275	0.041667
307	301	0.047619
307	328	0.050000
307	331	0.050000
307	336	0.058824
307	351	0.062500
307	381	0.062500
307	386	0.062500
308	3	0.012658
308	18	0.008197
308	40	0.010101
308	41	0.013158
308	42	0.010417
308	52	0.017544
308	65	0.024390
308	67	0.025641
308	79	0.021277
308	94	0.038462
308	147	0.040000
308	182	0.038462
308	202	0.038462
308	212	0.035714
308	243	0.043478
308	264	0.050000
309	0	0.021277
309	3	0.012658
309	7	0.015625
309	10	0.018868
309	16	0.007042
309	33	0.011765
309	43	0.013699
309	49	0.016667
309	83	0.018868
309	98	0.023810
309	103	0.024390
309	165	0.041667
309	209	0.033333
309	249	0.047619
309	273	0.052632
309	294	0.045455
309	358	0.066667
309	376	0.062500
309	389	0.062500
310	0	0.021277
310	15	0.015152
310	27	0.020000
310	42	0.010417
310	67	0.025641
310	73	0.018519
310	121	0.041667
310	151	0.038462
310	205	0.041667
310	207	0.040000
310	216	0.047619
310	221	0.047619
310	256	0.043478
310	257	0.035714
310	260	0.045455
310	262	0.045455
310	346	0.062500
310	367	0.055556
310	385	0.062500
311	1	0.016129
311	7	0.015625
311	8	0.018182
311	35	0.015152
311	47	0.014493
311	92	0.032258
311	98	0.023810
311	107	0.029412
311	114	0.027027
311	146	0.033333
311	150	0.043478
311	152	0.038462
311	153	0.040000
311	163	0.038462
311	218	0.041667
311	228	0.050000
312	3	0.012658
312	10	0.018868
312	21	0.007634
312	22	0.008850
312	32	0.010526
312	45	0.013158
312	79	0.021277
312	83	0.018868
312	106	0.022727
312	124	0.047619
312	213	0.032258
312	214	0.045455
312	226	0.043478
312	257	0.035714
312	294	0.045455
312	295	0.052632
312	317	0.062500
312	321	0.052632
312	346	0.062500
312	393	0.058824
313	7	0.015625
313	8	0.018182
313	9	0.016129
313	15	0.015152
313	18	0.008197
313	33	0.011765
313	40	0.010101
313	64	0.031250
313	76	0.020408
313	90	0.029412
313	112	0.025641
313	120	0.037037
313	157	0.040000
313	162	0.037037
313	194	0.043478
313	252	0.045455
313	344	0.062500
313	379	0.066667
314	11	0.010753
314	16	0.007042
314	18	0.008197
314	22	0.008850
314	34	0.009091
314	54	0.017857
314	77	0.021739
314	92	0.032258
314	115	0.029412
314	129	0.028571
314	141	0.022222
314	143	0.038462
314	169	0.023256
314	176	0.041667
314	253	0.052632
314	305	0.055556
314	364	0.058824
314	368	0.058824
314	408	0.062500
314	414	0.062500
315	19	0.009346
315	21	0.007634
315	25	0.018182
315	36	0.009901
315	38	0.013333
315	73	0.018519
315	101	0.024390
315	102	0.027027
315	122	0.034483
315	154	0.043478
315	165	0.041667
315	178	0.027027
315	194	0.043478
315	199	0.041667
315	201	0.034483
315	262	0.045455
315	385	0.062500
316	1	0.016129
316	7	0.015625
316	12	0.015873
316	34	0.009091
316	39	0.015625
316	54	0.017857
316	69	0.019231
316	73	0.018519
316	116	0.019231
316	128	0.032258
316	133	0.041667
316	144	0.032258
316	164	0.045455
316	167	0.034483
316	215	0.043478
316	237	0.041667
316	317	0.062500
316	341	0.062500
316	359	0.052632
317	3	0.012658
317	11	0.010753
317	41	0.013158
317	43	0.013699
317	101	0.024390
317	109	0.026316
317	113	0.034483
317	116	0.019231
317	186	0.047619
317	193	0.035714
317	202	0.038462
317	209	0.033333
317	235	0.047619
317	277	0.045455
317	312	0.050000
317	316	0.052632
318	12	0.015873
318	26	0.015152
318	34	0.009091
318	42	0.010417
318	47	0.014493
318	75	0.027027
318	76	0.020408
318	86	0.027778
318	96	0.040000
318	110	0.028571
318	141	0.022222
318	142	0.034483
318	255	0.043478
318	260	0.045455
318	292	0.050000
318	304	0.047619
319	12	0.015873
319	16	0.007042
319	38	0.013333
319	39	0.015625
319	40	0.010101
319	41	0.013158
319	47	0.014493
319	66	0.025641
319	81	0.029412
319	116	0.019231
319	162	0.037037
319	173	0.037037
319	187	0.032258
319	195	0.041667
319	200	0.037037
319	280	0.058824
320	6	0.013699
320	10	0.018868
320	11	0.010753
320	15	0.015152
320	17	0.006623
320	21	0.007634
320	32	0.010526
320	37	0.014286
320	50	0.012658
320	71	0.020408
320	131	0.032258
320	144	0.032258
320	156	0.038462
320	180	0.031250
320	193	0.035714
320	227	0.040000
320	382	0.055556
320	389	0.062500
320	395	0.058824
320	413	0.062500
320	416	0.062500
321	11	0.010753
321	25	0.018182
321	26	0.015152
321	28	0.020833
321	50	0.012658
321	72	0.023810
321	73	0.018519
321	87	0.032258
321	111	0.020833
321	116	0.019231
321	129	0.028571
321	151	0.038462
321	153	0.040000
321	193	0.035714
321	303	0.055556
321	312	0.050000
321	334	0.062500
321	340	0.052632
321	368	0.058824
322	3	0.012658
322	4	0.017241
322	18	0.008197
322	19	0.009346
322	21	0.007634
322	40	0.010101
322	42	0.010417
322	48	0.016129
322	71	0.020408
322	75	0.027027
322	88	0.027778
322	121	0.041667
322	148	0.032258
322	200	0.037037
322	215	0.043478
322	240	0.047619
322	369	0.052632
322	376	0.062500
322	381	0.062500
322	399	0.062500
323	15	0.015152
323	17	0.006623
323	21	0.007634
323	26	0.015152
323	48	0.016129
323	107	0.029412
323	110	0.028571
323	141	0.022222
323	155	0.038462
323	157	0.040000
323	169	0.023256
323	177	0.035714
323	216	0.047619
323	228	0.050000
323	249	0.047619
323	265	0.040000
323	328	0.050000
323	330	0.058824
323	350	0.062500
323	360	0.058824
323	373	0.062500
323	410	0.062500
324	8	0.018182
324	38	0.013333
324	60	0.025000
324	67	0.025641
324	86	0.027778
324	89	0.023256
324	144	0.032258
324	192	0.035714
324	201	0.034483
324	204	0.034483
324	217	0.038462
324	252	0.045455
324	260	0.045455
324	276	0.047619
324	301	0.047619
324	303	0.055556
324	327	0.058824
324	387	0.055556
324	404	0.062500
324	411	0.062500
325	3	0.012658
325	16	0.007042
325	18	0.008197
325	21	0.007634
325	41	0.013158
325	45	0.013158
325	55	0.017241
325	56	0.018868
325	69	0.019231
325	77	0.021739
325	92	0.032258
325	98	0.023810
325	237	0.041667
325	258	0.041667
325	276	0.047619
325	301	0.047619
325	337	0.058824
326	6	0.013699
326	15	0.015152
326	16	0.007042
326	19	0.009346
326	33	0.011765
326	48	0.016129
326	68	0.027778
326	83	0.018868
326	99	0.026316
326	106	0.022727
326	132	0.020000
326	147	0.040000
326	178	0.027027
326	239	0.045455
326	289	0.041667
326	302	0.050000
326	341	0.062500
326	351	0.062500
326	390	0.062500
326	392	0.062500
326	408	0.062500
326	414	0.062500
327	15	0.015152
327	20	0.010870
327	33	0.011765
327	34	0.009091
327	36	0.009901
327	42	0.010417
327	59	0.033333
327	106	0.022727
327	148	0.032258
327	156	0.038462
327	160	0.030303
327	161	0.032258
327	178	0.027027
327	241	0.050000
327	305	0.055556
327	324	0.050000
327	335	0.058824
328	0	0.021277
328	16	0.007042
328	17	0.006623
328	19	0.009346
328	23	0.013699
328	25	0.018182
328	36	0.009901
328	68	0.027778
328	137	0.033333
328	201	0.034483
328	277	0.045455
328	281	0.047619
328	294	0.045455
328	299	0.055556
328	307	0.045455
328	323	0.045455
328	331	0.050000
328	395	0.058824
328	405	0.062500
328	415	0.062500
329	2	0.020408
329	8	0.018182
329	17	0.006623
329	21	0.007634
329	34	0.009091
329	50	0.012658
329	68	0.027778
329	82	0.019231
329	85	0.030303
329	100	0.032258
329	114	0.027027
329	136	0.037037
329	148	0.032258
329	167	0.034483
329	195	0.041667
329	242	0.043478
329	339	0.052632
329	341	0.062500
329	391	0.058824
329	413	0.062500
330	4	0.017241
330	25	0.018182
330	49	0.016667
330	53	0.019608
330	70	0.021277
330	72	0.023810
330	74	0.021739
330	76	0.020408
330	82	0.019231
330	97	0.027778
330	132	0.020000
330	161	0.032258
330	211	0.045455
330	250	0.043478
330	265	0.040000
330	323	0.045455
330	406	0.062500
331	14	0.011364
331	21	0.007634
331	33	0.011765
331	40	0.010101
331	46	0.018182
331	93	0.035714
331	105	0.031250
331	112	0.025641
331	127	0.047619
331	142	0.034483
331	187	0.032258
331	201	0.034483
331	212	0.035714
331	213	0.032258
331	307	0.045455
331	328	0.050000
331	346	0.062500
331	353	0.047619
331	371	0.055556
331	407	0.062500
332	12	0.015873
332	49	0.016667
332	50	0.012658
332	54	0.017857
332	66	0.025641
332	69	0.019231
332	77	0.021739
332	106	0.022727
332	111	0.020833
332	163	0.038462
332	169	0.023256
332	217	0.038462
332	222	0.052632
332	260	0.045455
332	264	0.050000
332	287	0.052632
332	394	0.058824
333	1	0.016129
333	4	0.017241
333	8	0.018182
333	14	0.011364
333	38	0.013333
333	39	0.015625
333	69	0.019231
333	109	0.026316
333	110	0.028571
333	115	0.029412
333	122	0.034483
333	128	0.032258
333	129	0.028571
333	238	0.045455
333	256	0.043478
333	289	0.041667
333	415	0.062500
334	17	0.006623
334	37	0.014286
334	40	0.010101
334	43	0.013699
334	44	0.017544
334	76	0.020408
334	77	0.021739
334	82	0.019231
334	128	0.032258
334	145	0.035714
334	160	0.030303
334	195	0.041667
334	227	0.040000
334	253	0.052632
334	267	0.047619
334	321	0.052632
335	4	0.017241
335	7	0.015625
335	8	0.018182
335	13	0.016129
335	14	0.011364
335	21	0.007634
335	26	0.015152
335	34	0.009091
335	47	0.014493
335	82	0.019231
335	92	0.032258
335	132	0.020000
335	140	0.032258
335	169	0.023256
335	281	0.047619
335	327	0.058824
335	354	0.050000
336	5	0.024390
336	8	0.018182
336	10	0.018868
336	16	0.007042
336	18	0.008197
336	19	0.009346
336	21	0.007634
336	34	0.009091
336	44	0.017544
336	82	0.019231
336	87	0.032258
336	101	0.024390
336	119	0.030303
336	171	0.038462
336	270	0.052632
336	307	0.045455
336	349	0.062500
337	6	0.013699
337	15	0.015152
337	32	0.010526
337	35	0.015152
337	36	0.009901
337	52	0.017544
337	81	0.029412
337	98	0.023810
337	101	0.024390
337	203	0.033333
337	208	0.038462
337	212	0.035714
337	275	0.041667
337	291	0.055556
337	304	0.047619
337	325	0.058824
337	364	0.058824
338	16	0.007042
338	37	0.014286
338	48	0.016129
338	60	0.025000
338	78	0.030303
338	79	0.021277
338	113	0.034483
338	128	0.032258
338	132	0.020000
338	139	0.037037
338	155	0.038462
338	169	0.023256
338	198	0.037037
338	245	0.052632
338	258	0.041667
338	293	0.050000
339	5	0.024390
339	17	0.006623
339	23	0.013699
339	32	0.010526
339	70	0.021277
339	73	0.018519
339	84	0.024390
339	118	0.023256
339	141	0.022222
339	142	0.034483
339	145	0.035714
339	167	0.034483
339	214	0.045455
339	235	0.047619
339	239	0.045455
339	329	0.050000
339	368	0.058824
339	372	0.062500
339	380	0.062500
340	1	0.016129
340	7	0.015625
340	8	0.018182
340	10	0.018868
340	19	0.009346
340	24	0.013514
340	40	0.010101
340	54	0.017857
340	74	0.021739
340	97	0.027778
340	113	0.034483
340	129	0.028571
340	162	0.037037
340	166	0.041667
340	224	0.050000
340	321	0.052632
340	396	0.058824
340	397	0.062500
340	402	0.062500
341	19	0.009346
341	20	0.010870
341	48	0.016129
341	128	0.032258
341	129	0.028571
341	135	0.037037
341	141	0.022222
341	170	0.035714
341	193	0.035714
341	243	0.043478
341	260	0.045455
341	284	0.055556
341	296	0.047619
341	316	0.052632
341	326	0.045455
341	329	0.050000
342	1	0.016129
342	11	0.010753
342	15	0.015152
342	23	0.013699
342	32	0.010526
342	34	0.009091
342	36	0.009901
342	45	0.013158
342	52	0.017544
342	59	0.033333
342	71	0.020408
342	89	0.023256
342	202	0.038462
342	209	0.033333
342	264	0.050000
342	296	0.047619
342	398	0.062500
342	406	0.062500
343	5	0.024390
343	20	0.010870
343	21	0.007634
343	32	0.010526
343	34	0.009091
343	45	0.013158
343	64	0.031250
343	68	0.027778
343	76	0.020408
343	79	0.021277
343	109	0.026316
343	119	0.030303
343	148	0.032258
343	160	0.030303
343	203	0.033333
343	344	0.062500
343	354	0.050000
344	8	0.018182
344	11	0.010753
344	17	0.006623
344	21	0.007634
344	45	0.013158
344	69	0.019231
344	72	0.023810
344	80	0.038462
344	159	0.043478
344	168	0.040000
344	192	0.035714
344	209	0.033333
344	227	0.040000
344	255	0.043478
344	313	0.055556
344	343	0.058824
345	0	0.021277
345	4	0.017241
345	15	0.015152
345	24	0.013514
345	25	0.018182
345	32	0.010526
345	36	0.009901
345	37	0.014286
345	40	0.010101
345	45	0.013158
345	85	0.030303
345	106	0.022727
345	160	0.030303
345	168	0.040000
345	250	0.043478
345	306	0.058824
345	400	0.058824
346	0	0.021277
346	6	0.013699
346	12	0.015873
346	27	0.020000
346	29	0.032258
346	69	0.019231
346	126	0.045455
346	166	0.041667
346	178	0.027027
346	217	0.038462
346	223	0.052632
346	240	0.047619
346	284	0.055556
346	310	0.052632
346	312	0.050000
346	331	0.050000
347	7	0.015625
347	32	0.010526
347	34	0.009091
347	35	0.015152
347	36	0.009901
347	55	0.017241
347	70	0.021277
347	83	0.018868
347	102	0.027027
347	103	0.024390
347	126	0.045455
347	150	0.043478
347	156	0.038462
347	171	0.038462
347	196	0.043478
347	271	0.050000
348	4	0.017241
348	17	0.006623
348	21	0.007634
348	41	0.013158
348	42	0.010417
348	49	0.016667
348	50	0.012658
348	70	0.021277
348	77	0.021739
348	79	0.021277
348	83	0.018868
348	105	0.031250
348	122	0.034483
348	129	0.028571
348	142	0.034483
348	256	0.043478
349	1	0.016129
349	6	0.013699
349	8	0.018182
349	24	0.013514
349	26	0.015152
349	43	0.013699
349	48	0.016129
349	67	0.025641
349	97	0.027778
349	105	0.031250
349	110	0.028571
349	112	0.025641
349	170	0.035714
349	243	0.043478
349	262	0.045455
349	336	0.058824
350	11	0.010753
350	16	0.007042
350	36	0.009901
350	59	0.033333
350	70	0.021277
350	99	0.026316
350	105	0.031250
350	110	0.028571
350	111	0.020833
350	118	0.023256
350	138	0.045455
350	140	0.032258
350	161	0.032258
350	169	0.023256
350	181	0.043478
350	323	0.045455
351	0	0.021277
351	11	0.010753
351	12	0.015873
351	22	0.008850
351	30	0.033333
351	34	0.009091
351	40	0.010101
351	45	0.013158
351	67	0.025641
351	74	0.021739
351	131	0.032258
351	134	0.047619
351	291	0.055556
351	298	0.055556
351	307	0.045455
351	326	0.045455
352	2	0.020408
352	47	0.014493
352	52	0.017544
352	68	0.027778
352	83	0.018868
352	111	0.020833
352	145	0.035714
352	187	0.032258
352	208	0.038462
352	210	0.045455
352	213	0.032258
352	220	0.058824
352	271	0.050000
352	272	0.052632
352	294	0.045455
352	301	0.047619
352	384	0.066667
352	413	0.062500
353	14	0.011364
353	20	0.010870
353	21	0.007634
353	23	0.013699
353	28	0.020833
353	37	0.014286
353	39	0.015625
353	44	0.017544
353	46	0.018182
353	116	0.019231
353	141	0.022222
353	184	0.043478
353	203	0.033333
353	221	0.047619
353	331	0.050000
353	354	0.050000
353	359	0.052632
353	366	0.055556
353	376	0.062500
353	388	0.062500
353	397	0.062500
354	7	0.015625
354	17	0.006623
354	24	0.013514
354	52	0.017544
354	57	0.032258
354	86	0.027778
354	99	0.026316
354	141	0.022222
354	154	0.043478
354	188	0.043478
354	265	0.040000
354	300	0.055556
354	304	0.047619
354	335	0.058824
354	343	0.058824
354	353	0.047619
354	383	0.058824
354	388	0.062500
354	393	0.058824
354	410	0.062500
355	8	0.018182
355	16	0.007042
355	17	0.006623
355	47	0.014493
355	53	0.019608
355	69	0.019231
355	147	0.040000
355	172	0.037037
355	178	0.027027
355	186	0.047619
355	198	0.037037
355	202	0.038462
355	219	0.050000
355	236	0.055556
355	257	0.035714
355	262	0.045455
355	376	0.062500
355	378	0.058824
355	397	0.062500
356	0	0.021277
356	22	0.008850
356	38	0.013333
356	42	0.010417
356	47	0.014493
356	49	0.016667
356	62	0.035714
356	82	0.019231
356	93	0.035714
356	97	0.027778
356	100	0.032258
356	103	0.024390
356	122	0.034483
356	158	0.055556
356	209	0.033333
356	264	0.050000
356	392	0.062500
357	4	0.017241
357	7	0.015625
357	14	0.011364
357	17	0.006623
357	20	0.010870
357	25	0.018182
357	37	0.014286
357	39	0.015625
357	43	0.013699
357	50	0.012658
357	77	0.021739
357	106	0.022727
357	107	0.029412
357	115	0.029412
357	270	0.052632
357	300	0.055556
358	3	0.012658
358	16	0.007042
358	24	0.013514
358	35	0.015152
358	41	0.013158
358	51	0.016129
358	74	0.021739
358	147	0.040000
358	166	0.041667
358	172	0.037037
358	208	0.038462
358	209	0.033333
358	255	0.043478
358	261	0.050000
358	309	0.052632
359	16	0.007042
359	45	0.013158
359	87	0.032258
359	111	0.020833
359	123	0.037037
359	151	0.038462
359	152	0.038462
359	206	0.052632
359	209	0.033333
359	218	0.041667
359	236	0.055556
359	257	0.035714
359	259	0.052632
359	289	0.041667
359	316	0.052632
359	353	0.047619
359	367	0.055556
359	368	0.058824
359	397	0.062500
360	5	0.024390
360	14	0.011364
360	21	0.007634
360	25	0.018182
360	41	0.013158
360	54	0.017857
360	60	0.025000
360	80	0.038462
360	173	0.037037
360	177	0.035714
360	203	0.033333
360	212	0.035714
360	218	0.041667
360	230	0.052632
360	288	0.052632
360	323	0.045455
360	372	0.062500
361	13	0.016129
361	26	0.015152
361	37	0.014286
361	40	0.010101
361	42	0.010417
361	46	0.018182
361	50	0.012658
361	52	0.017544
361	54	0.017857
361	64	0.031250
361	83	0.018868
361	102	0.027027
361	107	0.029412
361	148	0.032258
361	179	0.045455
361	180	0.031250
361	374	0.062500
361	384	0.066667
362	4	0.017241
362	11	0.010753
362	13	0.016129
362	46	0.018182
362	54	0.017857
362	76	0.020408
362	79	0.021277
362	82	0.019231
362	146	0.033333
362	148	0.032258
362	170	0.035714
362	178	0.027027
362	212	0.035714
362	226	0.043478
362	232	0.041667
362	252	0.045455
363	12	0.015873
363	16	0.007042
363	39	0.015625
363	42	0.010417
363	45	0.013158
363	46	0.018182
363	49	0.016667
363	58	0.021739
363	111	0.020833
363	132	0.020000
363	193	0.035714
363	203	0.033333
363	231	0.052632
363	265	0.040000
363	285	0.058824
363	292	0.050000
363	375	0.062500
364	1	0.016129
364	16	0.007042
364	22	0.008850
364	44	0.017544
364	45	0.013158
364	59	0.033333
364	110	0.028571
364	118	0.023256
364	163	0.038462
364	173	0.037037
364	179	0.045455
364	227	0.040000
364	234	0.052632
364	262	0.045455
364	314	0.050000
364	337	0.058824
364	389	0.062500
365	5	0.024390
365	10	0.018868
365	15	0.015152
365	17	0.006623
365	20	0.010870
365	41	0.013158
365	76	0.020408
365	86	0.027778
365	91	0.032258
365	106	0.022727
365	111	0.020833
365	113	0.034483
365	119	0.030303
365	120	0.037037
365	140	0.032258
365	213	0.032258
365	381	0.062500
366	2	0.020408
366	11	0.010753
366	12	0.015873
366	17	0.006623
366	23	0.013699
366	56	0.018868
366	74	0.021739
366	103	0.024390
366	120	0.037037
366	141	0.022222
366	192	0.035714
366	202	0.038462
366	219	0.050000
366	281	0.047619
366	304	0.047619
366	353	0.047619
366	382	0.055556
366	384	0.066667
367	18	0.008197
367	22	0.008850
367	27	0.020000
367	40	0.010101
367	42	0.010417
367	48	0.016129
367	54	0.017857
367	71	0.020408
367	90	0.029412
367	116	0.019231
367	132	0.020000
367	138	0.045455
367	173	0.037037
367	235	0.047619
367	310	0.052632
367	359	0.052632
367	374	0.062500
367	409	0.062500
368	10	0.018868
368	13	0.016129
368	19	0.009346
368	23	0.013699
368	36	0.009901
368	43	0.013699
368	74	0.021739
368	89	0.023256
368	180	0.031250
368	188	0.043478
368	204	0.034483
368	267	0.047619
368	314	0.050000
368	321	0.052632
368	339	0.052632
368	359	0.052632
368	397	0.062500
369	4	0.017241
369	25	0.018182
369	33	0.011765
369	34	0.009091
369	39	0.015625
369	49	0.016667
369	62	0.035714
369	65	0.024390
369	112	0.025641
369	148	0.032258
369	167	0.034483
369	175	0.038462
369	214	0.045455
369	250	0.043478
369	292	0.050000
369	322	0.050000
369	379	0.066667
369	384	0.066667
369	408	0.062500
370	6	0.013699
370	15	0.015152
370	17	0.006623
370	22	0.008850
370	42	0.010417
370	43	0.013699
370	72	0.023810
370	78	0.030303
370	82	0.019231
370	88	0.027778
370	110	0.028571
370	132	0.020000
370	246	0.058824
370	259	0.052632
370	266	0.052632
370	289	0.041667
371	1	0.016129
371	13	0.016129
371	16	0.007042
371	17	0.006623
371	37	0.014286
371	43	0.013699
371	44	0.017544
371	45	0.013158
371	47	0.014493
371	50	0.012658
371	59	0.033333
371	74	0.021739
371	84	0.024390
371	148	0.032258
371	167	0.034483
371	331	0.050000
371	394	0.058824
371	406	0.062500
372	4	0.017241
372	26	0.015152
372	42	0.010417
372	55	0.017241
372	107	0.029412
372	118	0.023256
372	131	0.032258
372	146	0.033333
372	170	0.035714
372	180	0.031250
372	215	0.043478
372	230	0.052632
372	249	0.047619
372	278	0.050000
372	339	0.052632
372	360	0.058824
373	9	0.016129
373	11	0.010753
373	18	0.008197
373	20	0.010870
373	32	0.010526
373	40	0.010101
373	46	0.018182
373	48	0.016129
373	66	0.025641
373	96	0.040000
373	104	0.025641
373	144	0.032258
373	198	0.037037
373	224	0.050000
373	275	0.041667
373	323	0.045455
374	9	0.016129
374	19	0.009346
374	51	0.016129
374	54	0.017857
374	55	0.017241
374	66	0.025641
374	76	0.020408
374	130	0.033333
374	132	0.020000
374	140	0.032258
374	141	0.022222
374	202	0.038462
374	237	0.041667
374	361	0.055556
374	367	0.055556
374	402	0.062500
375	19	0.009346
375	28	0.020833
375	33	0.011765
375	53	0.019608
375	60	0.025000
375	72	0.023810
375	73	0.018519
375	92	0.032258
375	143	0.038462
375	167	0.034483
375	202	0.038462
375	204	0.034483
375	240	0.047619
375	273	0.052632
375	274	0.045455
375	363	0.058824
376	11	0.010753
376	12	0.015873
376	30	0.033333
376	98	0.023810
376	116	0.019231
376	133	0.041667
376	143	0.038462
376	177	0.035714
376	187	0.032258
376	199	0.041667
376	211	0.045455
376	215	0.043478
376	309	0.052632
376	322	0.050000
376	353	0.047619
376	355	0.052632
377	15	0.015152
377	47	0.014493
377	48	0.016129
377	51	0.016129
377	58	0.021739
377	89	0.023256
377	140	0.032258
377	173	0.037037
377	185	0.038462
377	201	0.034483
377	202	0.038462
377	208	0.038462
377	258	0.041667
377	273	0.052632
377	289	0.041667
378	22	0.008850
378	34	0.009091
378	38	0.013333
378	45	0.013158
378	50	0.012658
378	56	0.018868
378	60	0.025000
378	83	0.018868
378	88	0.027778
378	114	0.027027
378	115	0.029412
378	217	0.038462
378	242	0.043478
378	256	0.043478
378	277	0.045455
378	355	0.052632
378	388	0.062500
379	5	0.024390
379	11	0.010753
379	18	0.008197
379	35	0.015152
379	41	0.013158
379	76	0.020408
379	86	0.027778
379	106	0.022727
379	161	0.032258
379	177	0.035714
379	213	0.032258
379	253	0.052632
379	271	0.050000
379	313	0.055556
379	369	0.052632
380	3	0.012658
380	7	0.015625
380	11	0.010753
380	14	0.011364
380	18	0.008197
380	38	0.013333
380	79	0.021277
380	99	0.026316
380	116	0.019231
380	141	0.022222
380	159	0.043478
380	167	0.034483
380	169	0.023256
380	238	0.045455
380	304	0.047619
380	339	0.052632
381	11	0.010753
381	17	0.006623
381	47	0.014493
381	54	0.017857
381	78	0.030303
381	88	0.027778
381	103	0.024390
381	186	0.047619
381	187	0.032258
381	195	0.041667
381	205	0.041667
381	278	0.050000
381	279	0.050000
381	307	0.045455
381	322	0.050000
381	365	0.058824
382	3	0.012658
382	10	0.018868
382	11	0.010753
382	17	0.006623
382	20	0.010870
382	27	0.020000
382	40	0.010101
382	64	0.031250
382	81	0.029412
382	82	0.019231
382	131	0.032258
382	223	0.052632
382	277	0.045455
382	281	0.047619
382	320	0.047619
382	366	0.055556
382	395	0.058824
382	396	0.058824
383	0	0.021277
383	3	0.012658
383	22	0.008850
383	26	0.015152
383	33	0.011765
383	34	0.009091
383	35	0.015152
383	40	0.010101
383	53	0.019608
383	54	0.017857
383	73	0.018519
383	100	0.032258
383	118	0.023256
383	169	0.023256
383	275	0.041667
383	354	0.050000
383	415	0.062500
384	8	0.018182
384	19	0.009346
384	22	0.008850
384	39	0.015625
384	40	0.010101
384	74	0.021739
384	87	0.032258
384	141	0.022222
384	145	0.035714
384	178	0.027027
384	225	0.043478
384	352	0.055556
384	361	0.055556
384	366	0.055556
384	369	0.052632
385	15	0.015152
385	24	0.013514
385	36	0.009901
385	43	0.013699
385	45	0.013158
385	49	0.016667
385	132	0.020000
385	156	0.038462
385	164	0.045455
385	172	0.037037
385	184	0.043478
385	188	0.043478
385	209	0.033333
385	217	0.038462
385	310	0.052632
385	315	0.058824
386	2	0.020408
386	20	0.010870
386	43	0.013699
386	49	0.016667
386	104	0.025641
386	142	0.034483
386	145	0.035714
386	148	0.032258
386	155	0.038462
386	193	0.035714
386	201	0.034483
386	224	0.050000
386	232	0.041667
386	261	0.050000
386	296	0.047619
386	307	0.045455
387	5	0.024390
387	6	0.013699
387	21	0.007634
387	24	0.013514
387	33	0.011765
387	37	0.014286
387	41	0.013158
387	43	0.013699
387	45	0.013158
387	52	0.017544
387	194	0.043478
387	215	0.043478
387	218	0.041667
387	233	0.055556
387	274	0.045455
387	324	0.050000
387	410	0.062500
387	412	0.062500
388	32	0.010526
388	36	0.009901
388	77	0.021739
388	88	0.027778
388	109	0.026316
388	115	0.029412
388	118	0.023256
388	124	0.047619
388	211	0.045455
388	257	0.035714
388	261	0.050000
388	275	0.041667
388	277	0.045455
388	353	0.047619
388	354	0.050000
388	378	0.058824
389	2	0.020408
389	50	0.012658
389	83	0.018868
389	90	0.029412
389	95	0.045455
389	111	0.020833
389	132	0.020000
389	150	0.043478
389	154	0.043478
389	157	0.040000
389	240	0.047619
389	257	0.035714
389	287	0.052632
389	309	0.052632
389	320	0.047619
389	364	0.058824
390	4	0.017241
390	12	0.015873
390	17	0.006623
390	18	0.008197
390	58	0.021739
390	83	0.018868
390	115	0.029412
390	132	0.020000
390	157	0.040000
390	179	0.045455
390	189	0.043478
390	198	0.037037
390	209	0.033333
390	222	0.052632
390	298	0.055556
390	326	0.045455
391	1	0.016129
391	12	0.015873
391	16	0.007042
391	17	0.006623
391	22	0.008850
391	23	0.013699
391	25	0.018182
391	34	0.009091
391	72	0.023810
391	74	0.021739
391	77	0.021739
391	87	0.032258
391	134	0.047619
391	183	0.041667
391	293	0.050000
391	329	0.050000
391	399	0.062500
392	16	0.007042
392	20	0.010870
392	40	0.010101
392	42	0.010417
392	45	0.013158
392	51	0.016129
392	65	0.024390
392	71	0.020408
392	103	0.024390
392	197	0.045455
392	207	0.040000
392	228	0.050000
392	299	0.055556
392	302	0.050000
392	326	0.045455
392	356	0.058824
393	1	0.016129
393	2	0.020408
393	16	0.007042
393	21	0.007634
393	33	0.011765
393	43	0.013699
393	57	0.032258
393	86	0.027778
393	207	0.040000
393	212	0.035714
393	242	0.043478
393	256	0.043478
393	259	0.052632
393	276	0.047619
393	312	0.050000
393	354	0.050000
393	402	0.062500
394	7	0.015625
394	20	0.010870
394	41	0.013158
394	46	0.018182
394	54	0.017857
394	74	0.021739
394	80	0.038462
394	98	0.023810
394	142	0.034483
394	153	0.040000
394	161	0.032258
394	199	0.041667
394	250	0.043478
394	258	0.041667
394	332	0.058824
394	371	0.055556
394	408	0.062500
395	24	0.013514
395	34	0.009091
395	49	0.016667
395	74	0.021739
395	104	0.025641
395	133	0.041667
395	162	0.037037
395	182	0.038462
395	203	0.033333
395	231	0.052632
395	244	0.047619
395	294	0.045455
395	295	0.052632
395	320	0.047619
395	328	0.050000
395	382	0.055556
395	413	0.062500
396	36	0.009901
396	40	0.010101
396	41	0.013158
396	44	0.017544
396	52	0.017544
396	54	0.017857
396	62	0.035714
396	112	0.025641
396	169	0.023256
396	172	0.037037
396	208	0.038462
396	235	0.047619
396	237	0.041667
396	272	0.052632
396	340	0.052632
396	382	0.055556
396	402	0.062500
397	10	0.018868
397	13	0.016129
397	14	0.011364
397	35	0.015152
397	47	0.014493
397	48	0.016129
397	51	0.016129
397	73	0.018519
397	121	0.041667
397	129	0.028571
397	279	0.050000
397	340	0.052632
397	353	0.047619
397	355	0.052632
397	359	0.052632
397	368	0.058824
398	3	0.012658
398	15	0.015152
398	17	0.006623
398	19	0.009346
398	37	0.014286
398	45	0.013158
398	66	0.025641
398	72	0.023810
398	73	0.018519
398	79	0.021277
398	137	0.033333
398	167	0.034483
398	225	0.043478
398	296	0.047619
398	302	0.050000
398	342	0.055556
399	5	0.024390
399	17	0.006623
399	41	0.013158
399	47	0.014493
399	51	0.016129
399	81	0.029412
399	82	0.019231
399	102	0.027027
399	116	0.019231
399	144	0.032258
399	153	0.040000
399	213	0.032258
399	255	0.043478
399	272	0.052632
399	322	0.050000
399	391	0.058824
400	9	0.016129
400	11	0.010753
400	15	0.015152
400	34	0.009091
400	35	0.015152
400	36	0.009901
400	50	0.012658
400	53	0.019608
400	105	0.031250
400	143	0.038462
400	167	0.034483
400	266	0.052632
400	268	0.052632
400	279	0.050000
400	288	0.052632
400	345	0.058824
400	411	0.062500
401	16	0.007042
401	25	0.018182
401	28	0.020833
401	54	0.017857
401	58	0.021739
401	61	0.033333
401	68	0.027778
401	71	0.020408
401	78	0.030303
401	99	0.026316
401	100	0.032258
401	170	0.035714
401	232	0.041667
401	241	0.050000
401	269	0.055556
401	293	0.050000
402	14	0.011364
402	17	0.006623
402	38	0.013333
402	44	0.017544
402	49	0.016667
402	131	0.032258
402	143	0.038462
402	148	0.032258
402	207	0.040000
402	239	0.045455
402	247	0.047619
402	289	0.041667
402	340	0.052632
402	374	0.062500
402	393	0.058824
402	396	0.058824
403	26	0.015152
403	28	0.020833
403	41	0.013158
403	43	0.013699
403	45	0.013158
403	53	0.019608
403	58	0.021739
403	135	0.037037
403	156	0.038462
403	160	0.030303
403	161	0.032258
403	162	0.037037
403	178	0.027027
403	180	0.031250
403	265	0.040000
403	282	0.058824
404	1	0.016129
404	21	0.007634
404	28	0.020833
404	52	0.017544
404	53	0.019608
404	67	0.025641
404	83	0.018868
404	106	0.022727
404	129	0.028571
404	167	0.034483
404	260	0.045455
404	263	0.052632
404	274	0.045455
404	289	0.041667
404	293	0.050000
404	324	0.050000
405	13	0.016129
405	17	0.006623
405	27	0.020000
405	34	0.009091
405	36	0.009901
405	72	0.023810
405	98	0.023810
405	111	0.020833
405	116	0.019231
405	172	0.037037
405	177	0.035714
405	187	0.032258
405	192	0.035714
405	276	0.047619
405	287	0.052632
405	328	0.050000
406	6	0.013699
406	17	0.006623
406	21	0.007634
406	37	0.014286
406	43	0.013699
406	50	0.012658
406	82	0.019231
406	104	0.025641
406	132	0.020000
406	133	0.041667
406	275	0.041667
406	278	0.050000
406	296	0.047619
406	330	0.058824
406	342	0.055556
406	371	0.055556
407	5	0.024390
407	24	0.013514
407	40	0.010101
407	68	0.027778
407	71	0.020408
407	84	0.024390
407	118	0.023256
407	144	0.032258
407	145	0.035714
407	178	0.027027
407	199	0.041667
407	200	0.037037
407	211	0.045455
407	273	0.052632
407	274	0.045455
407	331	0.050000
408	3	0.012658
408	21	0.007634
408	42	0.010417
408	80	0.038462
408	106	0.022727
408	109	0.026316
408	114	0.027027
408	118	0.023256
408	120	0.037037
408	141	0.022222
408	225	0.043478
408	256	0.043478
408	314	0.050000
408	326	0.045455
408	369	0.052632
408	394	0.058824
409	20	0.010870
409	24	0.013514
409	33	0.011765
409	36	0.009901
409	54	0.017857
409	74	0.021739
409	89	0.023256
409	101	0.024390
409	146	0.033333
409	149	0.050000
409	155	0.038462
409	185	0.038462
409	207	0.040000
409	221	0.047619
409	245	0.052632
409	367	0.055556
410	5	0.024390
410	20	0.010870
410	37	0.014286
410	39	0.015625
410	49	0.016667
410	101	0.024390
410	110	0.028571
410	130	0.033333
410	139	0.037037
410	203	0.033333
410	210	0.045455
410	232	0.041667
410	233	0.055556
410	323	0.045455
410	354	0.050000
410	387	0.055556
411	16	0.007042
411	24	0.013514
411	34	0.009091
411	38	0.013333
411	40	0.010101
411	51	0.016129
411	78	0.030303
411	89	0.023256
411	131	0.032258
411	152	0.038462
411	177	0.035714
411	209	0.033333
411	227	0.040000
411	242	0.043478
411	324	0.050000
411	400	0.058824
412	3	0.012658
412	6	0.013699
412	16	0.007042
412	17	0.006623
412	18	0.008197
412	22	0.008850
412	76	0.020408
412	111	0.020833
412	114	0.027027
412	139	0.037037
412	169	0.023256
412	180	0.031250
412	189	0.043478
412	208	0.038462
412	225	0.043478
412	387	0.055556
413	18	0.008197
413	20	0.010870
413	21	0.007634
413	36	0.009901
413	58	0.021739
413	60	0.025000
413	107	0.029412
413	155	0.038462
413	165	0.041667
413	172	0.037037
413	189	0.043478
413	302	0.050000
413	320	0.047619
413	329	0.050000
413	352	0.055556
413	395	0.058824
414	11	0.010753
414	13	0.016129
414	18	0.008197
414	23	0.013699
414	55	0.017241
414	92	0.032258
414	119	0.030303
414	130	0.033333
414	196	0.043478
414	198	0.037037
414	221	0.047619
414	257	0.035714
414	263	0.052632
414	274	0.045455
414	314	0.050000
414	326	0.045455
415	8	0.018182
415	20	0.010870
415	36	0.009901
415	48	0.016129
415	50	0.012658
415	73	0.018519
415	106	0.022727
415	146	0.033333
415	182	0.038462
415	246	0.058824
415	247	0.047619
415	262	0.045455
415	268	0.052632
415	328	0.050000
415	333	0.058824
415	383	0.058824
416	4	0.017241
416	5	0.024390
416	17	0.006623
416	18	0.008197
416	53	0.019608
416	71	0.020408
416	91	0.032258
416	109	0.026316
416	119	0.030303
416	122	0.034483
416	136	0.037037
416	162	0.037037
416	214	0.045455
416	216	0.047619
416	242	0.043478
416	320	0.047619
