444	14404
0	17	0.006536
0	18	0.005917
0	19	0.006579
0	20	0.007353
0	22	0.011628
0	23	0.009434
0	24	0.010204
0	25	0.012987
0	28	0.017241
0	29	0.029412
0	30	0.030303
0	31	0.050000
0	33	0.009009
0	35	0.010309
0	40	0.014925
0	41	0.011494
0	46	0.014286
0	57	0.019231
0	64	0.023810
0	70	0.018182
0	83	0.018519
0	105	0.023810
0	119	0.027027
0	140	0.034483
0	147	0.030303
0	150	0.028571
0	151	0.034483
0	154	0.037037
0	164	0.033333
0	195	0.028571
0	216	0.030303
0	251	0.045455
0	252	0.045455
0	254	0.052632
0	260	0.050000
0	265	0.045455
0	283	0.047619
0	292	0.050000
0	338	0.045455
0	349	0.055556
0	384	0.055556
0	416	0.052632
0	417	0.058824
0	421	0.052632
0	428	0.058824
1	17	0.006536
1	18	0.005917
1	19	0.006579
1	20	0.007353
1	21	0.009091
1	22	0.011628
1	23	0.009434
1	25	0.012987
1	26	0.012658
1	30	0.030303
1	32	0.009009
1	33	0.009009
1	34	0.011494
1	38	0.014706
1	40	0.014925
1	41	0.011494
1	42	0.012821
1	47	0.014286
1	48	0.011905
1	49	0.011494
1	52	0.013514
1	54	0.020408
1	56	0.015385
1	58	0.020833
1	67	0.014925
1	72	0.022727
1	76	0.025000
1	77	0.014286
1	78	0.020408
1	79	0.019608
1	80	0.023810
1	81	0.020833
1	82	0.029412
1	83	0.018519
1	84	0.030303
1	85	0.022222
1	87	0.023810
1	92	0.035714
1	95	0.041667
1	98	0.018182
1	100	0.022727
1	103	0.020408
1	107	0.021739
1	110	0.018519
1	120	0.032258
1	121	0.033333
1	126	0.041667
1	128	0.032258
1	132	0.035714
1	137	0.033333
1	151	0.034483
1	154	0.037037
1	165	0.025641
1	166	0.037037
1	168	0.027778
1	181	0.041667
1	185	0.040000
1	190	0.038462
1	199	0.040000
1	201	0.041667
1	202	0.037037
1	203	0.041667
1	205	0.033333
1	211	0.034483
1	220	0.041667
1	221	0.052632
1	222	0.052632
1	224	0.041667
1	229	0.033333
1	232	0.040000
1	238	0.033333
1	242	0.047619
1	243	0.034483
1	246	0.045455
1	251	0.045455
1	255	0.052632
1	261	0.035714
1	263	0.052632
1	264	0.050000
1	265	0.045455
1	271	0.050000
1	276	0.045455
1	280	0.045455
1	293	0.045455
1	308	0.055556
1	313	0.047619
1	322	0.045455
1	333	0.045455
1	342	0.050000
1	343	0.052632
1	346	0.050000
1	351	0.055556
1	357	0.047619
1	360	0.047619
1	376	0.058824
1	384	0.055556
1	392	0.062500
1	426	0.058824
1	427	0.058824
1	430	0.058824
1	439	0.058824
2	17	0.006536
2	18	0.005917
2	19	0.006579
2	21	0.009091
2	22	0.011628
2	24	0.010204
2	27	0.014493
2	30	0.030303
2	34	0.011494
2	35	0.010309
2	37	0.011494
2	41	0.011494
2	43	0.012658
2	47	0.014286
2	50	0.013699
2	51	0.012658
2	54	0.020408
2	59	0.019608
2	71	0.014286
2	79	0.019608
2	83	0.018519
2	101	0.021277
2	102	0.029412
2	113	0.033333
2	118	0.032258
2	123	0.037037
2	124	0.029412
2	130	0.024390
2	132	0.035714
2	141	0.027778
2	153	0.043478
2	156	0.043478
2	165	0.025641
2	175	0.037037
2	176	0.034483
2	185	0.040000
2	187	0.043478
2	211	0.034483
2	227	0.045455
2	238	0.033333
2	243	0.034483
2	246	0.045455
2	256	0.045455
2	266	0.043478
2	273	0.047619
2	277	0.050000
2	287	0.052632
2	301	0.043478
2	305	0.047619
2	312	0.045455
2	320	0.047619
2	329	0.047619
2	336	0.047619
2	347	0.055556
2	359	0.058824
2	361	0.058824
2	386	0.055556
2	389	0.058824
2	393	0.058824
2	394	0.055556
2	419	0.055556
2	422	0.058824
2	426	0.058824
2	429	0.058824
2	431	0.055556
2	437	0.055556
2	442	0.058824
3	17	0.006536
3	18	0.005917
3	19	0.006579
3	20	0.007353
3	21	0.009091
3	23	0.009434
3	24	0.010204
3	25	0.012987
3	28	0.017241
3	29	0.029412
3	32	0.009009
3	35	0.010309
3	37	0.011494
3	39	0.014085
3	42	0.012821
3	45	0.016393
3	50	0.013699
3	53	0.021739
3	55	0.023810
3	57	0.019231
3	61	0.047619
3	63	0.043478
3	64	0.023810
3	66	0.020000
3	75	0.017857
3	78	0.020408
3	79	0.019608
3	80	0.023810
3	81	0.020833
3	87	0.023810
3	110	0.018519
3	129	0.034483
3	133	0.035714
3	147	0.030303
3	152	0.028571
3	156	0.043478
3	162	0.028571
3	163	0.040000
3	171	0.030303
3	179	0.030303
3	187	0.043478
3	192	0.038462
3	198	0.035714
3	216	0.030303
3	219	0.041667
3	227	0.045455
3	239	0.050000
3	249	0.043478
3	268	0.035714
3	290	0.052632
3	296	0.047619
3	299	0.045455
3	332	0.052632
3	350	0.050000
3	351	0.055556
3	354	0.052632
3	358	0.047619
3	362	0.050000
3	363	0.052632
3	364	0.058824
3	388	0.058824
3	393	0.058824
3	403	0.052632
3	404	0.055556
3	413	0.058824
3	428	0.058824
4	17	0.006536
4	18	0.005917
4	19	0.006579
4	20	0.007353
4	22	0.011628
4	23	0.009434
4	26	0.012658
4	29	0.029412
4	31	0.050000
4	32	0.009009
4	40	0.014925
4	47	0.014286
4	58	0.020833
4	60	0.029412
4	61	0.047619
4	66	0.020000
4	67	0.014925
4	72	0.022727
4	97	0.032258
4	100	0.022727
4	106	0.026316
4	112	0.027778
4	114	0.034483
4	118	0.032258
4	128	0.032258
4	139	0.032258
4	171	0.030303
4	173	0.027027
4	235	0.043478
4	245	0.050000
4	252	0.045455
4	262	0.041667
4	299	0.045455
4	311	0.050000
4	324	0.052632
4	330	0.047619
4	362	0.050000
4	364	0.058824
4	366	0.045455
4	373	0.055556
4	380	0.055556
4	388	0.058824
4	402	0.052632
4	403	0.052632
4	406	0.058824
4	407	0.058824
4	422	0.058824
4	425	0.055556
4	443	0.058824
5	17	0.006536
5	18	0.005917
5	19	0.006579
5	20	0.007353
5	21	0.009091
5	23	0.009434
5	25	0.012987
5	26	0.012658
5	27	0.014493
5	34	0.011494
5	35	0.010309
5	44	0.020408
5	45	0.016393
5	48	0.011905
5	50	0.013699
5	52	0.013514
5	54	0.020408
5	63	0.043478
5	64	0.023810
5	68	0.019608
5	93	0.050000
5	102	0.029412
5	107	0.021739
5	115	0.027027
5	118	0.032258
5	128	0.032258
5	140	0.034483
5	150	0.028571
5	153	0.043478
5	161	0.032258
5	166	0.037037
5	169	0.025641
5	172	0.038462
5	176	0.034483
5	180	0.043478
5	201	0.041667
5	222	0.052632
5	232	0.040000
5	261	0.035714
5	266	0.043478
5	279	0.045455
5	283	0.047619
5	321	0.050000
5	386	0.055556
5	414	0.058824
5	416	0.052632
5	418	0.058824
5	426	0.058824
5	434	0.055556
6	17	0.006536
6	18	0.005917
6	19	0.006579
6	20	0.007353
6	21	0.009091
6	22	0.011628
6	23	0.009434
6	24	0.010204
6	25	0.012987
6	26	0.012658
6	27	0.014493
6	29	0.029412
6	33	0.009009
6	34	0.011494
6	35	0.010309
6	36	0.010753
6	37	0.011494
6	41	0.011494
6	42	0.012821
6	56	0.015385
6	60	0.029412
6	65	0.016667
6	71	0.014286
6	73	0.017544
6	83	0.018519
6	89	0.029412
6	90	0.027778
6	91	0.033333
6	101	0.021277
6	106	0.026316
6	108	0.021739
6	117	0.038462
6	146	0.027027
6	150	0.028571
6	152	0.028571
6	155	0.037037
6	160	0.040000
6	171	0.030303
6	178	0.040000
6	196	0.038462
6	198	0.035714
6	207	0.040000
6	216	0.030303
6	225	0.026316
6	228	0.050000
6	236	0.030303
6	241	0.045455
6	251	0.045455
6	252	0.045455
6	262	0.041667
6	274	0.041667
6	284	0.047619
6	302	0.038462
6	318	0.058824
6	320	0.047619
6	322	0.045455
6	328	0.045455
6	331	0.050000
6	339	0.050000
6	374	0.058824
6	376	0.058824
6	382	0.058824
6	386	0.055556
6	422	0.058824
7	17	0.006536
7	18	0.005917
7	19	0.006579
7	20	0.007353
7	22	0.011628
7	23	0.009434
7	27	0.014493
7	28	0.017241
7	29	0.029412
7	31	0.050000
7	32	0.009009
7	33	0.009009
7	34	0.011494
7	35	0.010309
7	37	0.011494
7	40	0.014925
7	43	0.012658
7	46	0.014286
7	51	0.012658
7	60	0.029412
7	61	0.047619
7	62	0.027778
7	67	0.014925
7	68	0.019608
7	70	0.018182
7	74	0.018519
7	75	0.017857
7	79	0.019608
7	84	0.030303
7	106	0.026316
7	108	0.021739
7	120	0.032258
7	122	0.033333
7	126	0.041667
7	127	0.045455
7	130	0.024390
7	137	0.033333
7	140	0.034483
7	142	0.040000
7	145	0.031250
7	148	0.029412
7	155	0.037037
7	160	0.040000
7	162	0.028571
7	165	0.025641
7	174	0.045455
7	184	0.043478
7	189	0.052632
7	196	0.038462
7	200	0.037037
7	203	0.041667
7	212	0.037037
7	222	0.052632
7	228	0.050000
7	231	0.045455
7	236	0.030303
7	242	0.047619
7	250	0.041667
7	254	0.052632
7	276	0.045455
7	279	0.045455
7	288	0.045455
7	303	0.050000
7	325	0.047619
7	341	0.050000
7	348	0.058824
7	357	0.047619
7	363	0.052632
7	368	0.052632
7	369	0.052632
7	372	0.050000
7	379	0.058824
7	381	0.055556
7	390	0.058824
7	398	0.062500
7	415	0.058824
7	419	0.055556
8	17	0.006536
8	18	0.005917
8	19	0.006579
8	20	0.007353
8	21	0.009091
8	22	0.011628
8	23	0.009434
8	24	0.010204
8	25	0.012987
8	26	0.012658
8	29	0.029412
8	30	0.030303
8	33	0.009009
8	34	0.011494
8	36	0.010753
8	37	0.011494
8	41	0.011494
8	43	0.012658
8	45	0.016393
8	46	0.014286
8	48	0.011905
8	50	0.013699
8	52	0.013514
8	53	0.021739
8	54	0.020408
8	55	0.023810
8	58	0.020833
8	64	0.023810
8	65	0.016667
8	70	0.018182
8	72	0.022727
8	74	0.018519
8	75	0.017857
8	79	0.019608
8	80	0.023810
8	84	0.030303
8	87	0.023810
8	98	0.018182
8	99	0.022727
8	101	0.021277
8	104	0.033333
8	105	0.023810
8	106	0.026316
8	108	0.021739
8	109	0.030303
8	112	0.027778
8	116	0.019608
8	123	0.037037
8	135	0.024390
8	136	0.024390
8	141	0.027778
8	142	0.040000
8	145	0.031250
8	154	0.037037
8	158	0.050000
8	159	0.043478
8	165	0.025641
8	167	0.037037
8	170	0.034483
8	179	0.030303
8	187	0.043478
8	188	0.055556
8	196	0.038462
8	197	0.038462
8	207	0.040000
8	212	0.037037
8	213	0.034483
8	214	0.047619
8	222	0.052632
8	229	0.033333
8	233	0.043478
8	251	0.045455
8	255	0.052632
8	258	0.047619
8	266	0.043478
8	267	0.043478
8	282	0.043478
8	285	0.050000
8	287	0.052632
8	293	0.045455
8	311	0.050000
8	312	0.045455
8	316	0.055556
8	320	0.047619
8	331	0.050000
8	342	0.050000
8	359	0.058824
8	364	0.058824
8	370	0.058824
8	381	0.055556
8	393	0.058824
8	396	0.052632
8	405	0.058824
8	410	0.055556
8	413	0.058824
8	417	0.058824
8	420	0.058824
9	17	0.006536
9	18	0.005917
9	19	0.006579
9	21	0.009091
9	27	0.014493
9	39	0.014085
9	41	0.011494
9	42	0.012821
9	59	0.019608
9	79	0.019608
9	81	0.020833
9	84	0.030303
9	95	0.041667
9	104	0.033333
9	135	0.024390
9	144	0.038462
9	165	0.025641
9	174	0.045455
9	180	0.043478
9	181	0.041667
9	223	0.052632
9	228	0.050000
9	246	0.045455
9	265	0.045455
9	285	0.050000
9	308	0.055556
9	354	0.052632
9	387	0.055556
9	389	0.058824
9	396	0.052632
9	418	0.058824
9	427	0.058824
10	17	0.006536
10	18	0.005917
10	19	0.006579
10	20	0.007353
10	21	0.009091
10	22	0.011628
10	23	0.009434
10	25	0.012987
10	27	0.014493
10	31	0.050000
10	33	0.009009
10	34	0.011494
10	36	0.010753
10	42	0.012821
10	44	0.020408
10	52	0.013514
10	53	0.021739
10	56	0.015385
10	59	0.019608
10	60	0.029412
10	62	0.027778
10	63	0.043478
10	67	0.014925
10	68	0.019608
10	85	0.022222
10	92	0.035714
10	99	0.022727
10	101	0.021277
10	102	0.029412
10	107	0.021739
10	112	0.027778
10	116	0.019608
10	118	0.032258
10	122	0.033333
10	129	0.034483
10	130	0.024390
10	131	0.025641
10	132	0.035714
10	135	0.024390
10	136	0.024390
10	142	0.040000
10	150	0.028571
10	157	0.043478
10	163	0.040000
10	168	0.027778
10	170	0.034483
10	178	0.040000
10	181	0.041667
10	185	0.040000
10	191	0.052632
10	193	0.038462
10	194	0.040000
10	212	0.037037
10	223	0.052632
10	230	0.040000
10	236	0.030303
10	269	0.038462
10	270	0.033333
10	271	0.050000
10	279	0.045455
10	305	0.047619
10	313	0.047619
10	326	0.041667
10	336	0.047619
10	344	0.058824
10	363	0.052632
10	365	0.055556
10	368	0.052632
10	371	0.047619
10	380	0.055556
10	382	0.058824
10	397	0.058824
10	402	0.052632
10	406	0.058824
10	409	0.058824
10	413	0.058824
10	418	0.058824
10	423	0.058824
10	432	0.058824
10	434	0.055556
11	17	0.006536
11	18	0.005917
11	19	0.006579
11	20	0.007353
11	21	0.009091
11	22	0.011628
11	24	0.010204
11	25	0.012987
11	29	0.029412
11	30	0.030303
11	37	0.011494
11	38	0.014706
11	40	0.014925
11	42	0.012821
11	43	0.012658
11	55	0.023810
11	65	0.016667
11	70	0.018182
11	71	0.014286
11	75	0.017857
11	76	0.025000
11	79	0.019608
11	80	0.023810
11	81	0.020833
11	82	0.029412
11	86	0.025641
11	88	0.027778
11	97	0.032258
11	99	0.022727
11	101	0.021277
11	102	0.029412
11	105	0.023810
11	108	0.021739
11	111	0.026316
11	116	0.019608
11	119	0.027027
11	120	0.032258
11	122	0.033333
11	123	0.037037
11	131	0.025641
11	133	0.035714
11	137	0.033333
11	138	0.027027
11	139	0.032258
11	144	0.038462
11	145	0.031250
11	158	0.050000
11	159	0.043478
11	160	0.040000
11	162	0.028571
11	173	0.027027
11	175	0.037037
11	180	0.043478
11	191	0.052632
11	197	0.038462
11	215	0.043478
11	220	0.041667
11	232	0.040000
11	237	0.040000
11	241	0.045455
11	248	0.035714
11	263	0.052632
11	264	0.050000
11	265	0.045455
11	266	0.043478
11	272	0.043478
11	281	0.045455
11	288	0.045455
11	290	0.052632
11	295	0.050000
11	302	0.038462
11	305	0.047619
11	306	0.050000
11	332	0.052632
11	336	0.047619
11	339	0.050000
11	348	0.058824
11	354	0.052632
11	355	0.052632
11	357	0.047619
11	358	0.047619
11	374	0.058824
11	387	0.055556
11	403	0.052632
11	407	0.058824
11	434	0.055556
11	442	0.058824
12	17	0.006536
12	18	0.005917
12	20	0.007353
12	23	0.009434
12	24	0.010204
12	26	0.012658
12	27	0.014493
12	30	0.030303
12	31	0.050000
12	36	0.010753
12	38	0.014706
12	44	0.020408
12	45	0.016393
12	47	0.014286
12	49	0.011494
12	50	0.013699
12	55	0.023810
12	68	0.019608
12	69	0.019608
12	73	0.017544
12	74	0.018519
12	83	0.018519
12	85	0.022222
12	88	0.027778
12	89	0.029412
12	94	0.043478
12	105	0.023810
12	114	0.034483
12	117	0.038462
12	122	0.033333
12	124	0.029412
12	128	0.032258
12	135	0.024390
12	155	0.037037
12	164	0.033333
12	174	0.045455
12	177	0.034483
12	182	0.041667
12	188	0.055556
12	195	0.028571
12	200	0.037037
12	202	0.037037
12	211	0.034483
12	227	0.045455
12	228	0.050000
12	233	0.043478
12	240	0.047619
12	255	0.052632
12	258	0.047619
12	267	0.043478
12	279	0.045455
12	285	0.050000
12	290	0.052632
12	291	0.041667
12	317	0.055556
12	330	0.047619
12	333	0.045455
12	339	0.050000
12	351	0.055556
12	376	0.058824
12	379	0.058824
12	405	0.058824
12	413	0.058824
12	426	0.058824
13	17	0.006536
13	19	0.006579
13	20	0.007353
13	21	0.009091
13	22	0.011628
13	23	0.009434
13	24	0.010204
13	25	0.012987
13	26	0.012658
13	28	0.017241
13	29	0.029412
13	31	0.050000
13	32	0.009009
13	33	0.009009
13	34	0.011494
13	35	0.010309
13	40	0.014925
13	41	0.011494
13	43	0.012658
13	45	0.016393
13	46	0.014286
13	49	0.011494
13	51	0.012658
13	52	0.013514
13	54	0.020408
13	56	0.015385
13	62	0.027778
13	65	0.016667
13	66	0.020000
13	67	0.014925
13	68	0.019608
13	74	0.018519
13	77	0.014286
13	82	0.029412
13	85	0.022222
13	86	0.025641
13	87	0.023810
13	96	0.031250
13	98	0.018182
13	101	0.021277
13	104	0.033333
13	112	0.027778
13	120	0.032258
13	128	0.032258
13	131	0.025641
13	134	0.031250
13	135	0.024390
13	136	0.024390
13	163	0.040000
13	167	0.037037
13	170	0.034483
13	179	0.030303
13	180	0.043478
13	195	0.028571
13	196	0.038462
13	199	0.040000
13	200	0.037037
13	201	0.041667
13	202	0.037037
13	205	0.033333
13	210	0.045455
13	214	0.047619
13	216	0.030303
13	217	0.041667
13	220	0.041667
13	223	0.052632
13	229	0.033333
13	235	0.043478
13	245	0.050000
13	260	0.050000
13	262	0.041667
13	267	0.043478
13	298	0.058824
13	318	0.058824
13	341	0.050000
13	343	0.052632
13	361	0.058824
13	373	0.055556
13	405	0.058824
13	408	0.055556
13	412	0.058824
13	416	0.052632
13	420	0.058824
13	438	0.062500
13	441	0.058824
14	17	0.006536
14	18	0.005917
14	19	0.006579
14	20	0.007353
14	21	0.009091
14	22	0.011628
14	23	0.009434
14	24	0.010204
14	25	0.012987
14	26	0.012658
14	27	0.014493
14	28	0.017241
14	29	0.029412
14	31	0.050000
14	32	0.009009
14	33	0.009009
14	34	0.011494
14	36	0.010753
14	37	0.011494
14	39	0.014085
14	40	0.014925
14	42	0.012821
14	45	0.016393
14	50	0.013699
14	51	0.012658
14	53	0.021739
14	55	0.023810
14	56	0.015385
14	61	0.047619
14	72	0.022727
14	79	0.019608
14	85	0.022222
14	96	0.031250
14	97	0.032258
14	101	0.021277
14	107	0.021739
14	119	0.027027
14	130	0.024390
14	133	0.035714
14	134	0.031250
14	135	0.024390
14	136	0.024390
14	138	0.027027
14	140	0.034483
14	143	0.032258
14	145	0.031250
14	150	0.028571
14	159	0.043478
14	164	0.033333
14	167	0.037037
14	171	0.030303
14	178	0.040000
14	180	0.043478
14	188	0.055556
14	189	0.052632
14	191	0.052632
14	214	0.047619
14	224	0.041667
14	232	0.040000
14	249	0.043478
14	261	0.035714
14	262	0.041667
14	268	0.035714
14	269	0.038462
14	272	0.043478
14	275	0.055556
14	276	0.045455
14	281	0.045455
14	299	0.045455
14	339	0.050000
14	340	0.052632
14	352	0.038462
14	363	0.052632
14	372	0.050000
14	384	0.055556
14	390	0.058824
14	409	0.058824
14	437	0.055556
15	17	0.006536
15	18	0.005917
15	21	0.009091
15	22	0.011628
15	24	0.010204
15	27	0.014493
15	33	0.009009
15	39	0.014085
15	52	0.013514
15	53	0.021739
15	57	0.019231
15	62	0.027778
15	68	0.019608
15	69	0.019608
15	71	0.014286
15	79	0.019608
15	80	0.023810
15	81	0.020833
15	88	0.027778
15	90	0.027778
15	94	0.043478
15	100	0.022727
15	112	0.027778
15	121	0.033333
15	158	0.050000
15	164	0.033333
15	171	0.030303
15	184	0.043478
15	187	0.043478
15	188	0.055556
15	194	0.040000
15	208	0.027778
15	237	0.040000
15	247	0.043478
15	259	0.043478
15	272	0.043478
15	280	0.045455
15	283	0.047619
15	293	0.045455
15	301	0.043478
15	325	0.047619
15	337	0.055556
15	339	0.050000
15	356	0.043478
15	384	0.055556
15	392	0.062500
16	17	0.006536
16	18	0.005917
16	19	0.006579
16	20	0.007353
16	21	0.009091
16	23	0.009434
16	25	0.012987
16	26	0.012658
16	27	0.014493
16	28	0.017241
16	29	0.029412
16	31	0.050000
16	32	0.009009
16	35	0.010309
16	37	0.011494
16	38	0.014706
16	39	0.014085
16	43	0.012658
16	45	0.016393
16	46	0.014286
16	56	0.015385
16	57	0.019231
16	61	0.047619
16	65	0.016667
16	66	0.020000
16	71	0.014286
16	73	0.017544
16	75	0.017857
16	81	0.020833
16	83	0.018519
16	86	0.025641
16	90	0.027778
16	92	0.035714
16	94	0.043478
16	101	0.021277
16	115	0.027027
16	131	0.025641
16	133	0.035714
16	134	0.031250
16	164	0.033333
16	167	0.037037
16	168	0.027778
16	179	0.030303
16	186	0.040000
16	212	0.037037
16	221	0.052632
16	227	0.045455
16	229	0.033333
16	230	0.040000
16	243	0.034483
16	260	0.050000
16	264	0.050000
16	266	0.043478
16	269	0.038462
16	293	0.045455
16	302	0.038462
16	311	0.050000
16	314	0.052632
16	328	0.045455
16	329	0.047619
16	350	0.050000
16	356	0.043478
16	362	0.050000
16	375	0.055556
16	383	0.055556
16	384	0.055556
16	394	0.055556
16	432	0.058824
16	433	0.058824
16	442	0.058824
17	0	0.022222
17	1	0.009901
17	2	0.014925
17	3	0.015152
17	4	0.020408
17	5	0.020408
17	6	0.015625
17	7	0.012987
17	8	0.010309
17	9	0.031250
17	10	0.012500
17	11	0.011494
17	12	0.015625
17	13	0.011765
17	14	0.012821
17	15	0.021739
17	16	0.014286
17	18	0.005917
17	19	0.006579
17	20	0.007353
17	21	0.009091
17	22	0.011628
17	23	0.009434
17	24	0.010204
17	25	0.012987
17	26	0.012658
17	27	0.014493
17	28	0.017241
17	29	0.029412
17	30	0.030303
17	31	0.050000
17	33	0.009009
17	34	0.011494
17	35	0.010309
17	36	0.010753
17	38	0.014706
17	39	0.014085
17	40	0.014925
17	42	0.012821
17	43	0.012658
17	44	0.020408
17	45	0.016393
17	46	0.014286
17	47	0.014286
17	48	0.011905
17	49	0.011494
17	50	0.013699
17	51	0.012658
17	53	0.021739
17	57	0.019231
17	59	0.019608
17	61	0.047619
17	62	0.027778
17	63	0.043478
17	64	0.023810
17	66	0.020000
17	68	0.019608
17	69	0.019608
17	71	0.014286
17	72	0.022727
17	74	0.018519
17	76	0.025000
17	77	0.014286
17	78	0.020408
17	81	0.020833
17	84	0.030303
17	86	0.025641
17	88	0.027778
17	92	0.035714
17	93	0.050000
17	96	0.031250
17	103	0.020408
17	106	0.026316
17	110	0.018519
17	112	0.027778
17	118	0.032258
17	119	0.027027
17	124	0.029412
17	125	0.033333
17	126	0.041667
17	130	0.024390
17	132	0.035714
17	134	0.031250
17	139	0.032258
17	142	0.040000
17	143	0.032258
17	144	0.038462
17	146	0.027027
17	148	0.029412
17	154	0.037037
17	155	0.037037
17	157	0.043478
17	158	0.050000
17	159	0.043478
17	166	0.037037
17	168	0.027778
17	181	0.041667
17	182	0.041667
17	187	0.043478
17	192	0.038462
17	193	0.038462
17	196	0.038462
17	197	0.038462
17	212	0.037037
17	216	0.030303
17	218	0.047619
17	219	0.041667
17	225	0.026316
17	226	0.041667
17	227	0.045455
17	230	0.040000
17	234	0.038462
17	241	0.045455
17	242	0.047619
17	249	0.043478
17	265	0.045455
17	266	0.043478
17	269	0.038462
17	270	0.033333
17	273	0.047619
17	275	0.055556
17	290	0.052632
17	291	0.041667
17	293	0.045455
17	296	0.047619
17	298	0.058824
17	301	0.043478
17	303	0.050000
17	309	0.050000
17	312	0.045455
17	315	0.055556
17	316	0.055556
17	318	0.058824
17	322	0.045455
17	323	0.052632
17	326	0.041667
17	335	0.050000
17	352	0.038462
17	363	0.052632
17	364	0.058824
17	365	0.055556
17	367	0.058824
17	368	0.052632
17	382	0.058824
17	391	0.045455
17	393	0.058824
17	395	0.055556
17	398	0.062500
17	420	0.058824
17	426	0.058824
17	431	0.055556
17	440	0.058824
17	443	0.058824
18	0	0.022222
18	1	0.009901
18	2	0.014925
18	3	0.015152
18	4	0.020408
18	5	0.020408
18	6	0.015625
18	7	0.012987
18	8	0.010309
18	9	0.031250
18	10	0.012500
18	11	0.011494
18	12	0.015625
18	14	0.012821
18	15	0.021739
18	16	0.014286
18	17	0.006536
18	19	0.006579
18	20	0.007353
18	21	0.009091
18	22	0.011628
18	23	0.009434
18	24	0.010204
18	25	0.012987
18	26	0.012658
18	27	0.014493
18	28	0.017241
18	29	0.029412
18	30	0.030303
18	31	0.050000
18	32	0.009009
18	33	0.009009
18	34	0.011494
18	35	0.010309
18	36	0.010753
18	37	0.011494
18	38	0.014706
18	39	0.014085
18	40	0.014925
18	42	0.012821
18	44	0.020408
18	46	0.014286
18	47	0.014286
18	49	0.011494
18	51	0.012658
18	52	0.013514
18	53	0.021739
18	55	0.023810
18	56	0.015385
18	57	0.019231
18	58	0.020833
18	59	0.019608
18	60	0.029412
18	61	0.047619
18	62	0.027778
18	63	0.043478
18	64	0.023810
18	66	0.020000
18	67	0.014925
18	68	0.019608
18	72	0.022727
18	80	0.023810
18	81	0.020833
18	84	0.030303
18	89	0.029412
18	90	0.027778
18	92	0.035714
18	95	0.041667
18	101	0.021277
18	102	0.029412
18	106	0.026316
18	107	0.021739
18	110	0.018519
18	115	0.027027
18	119	0.027027
18	120	0.032258
18	123	0.037037
18	125	0.033333
18	126	0.041667
18	127	0.045455
18	129	0.034483
18	130	0.024390
18	131	0.025641
18	138	0.027027
18	139	0.032258
18	140	0.034483
18	142	0.040000
18	143	0.032258
18	145	0.031250
18	147	0.030303
18	150	0.028571
18	156	0.043478
18	157	0.043478
18	161	0.032258
18	162	0.028571
18	167	0.037037
18	168	0.027778
18	169	0.025641
18	170	0.034483
18	172	0.038462
18	175	0.037037
18	176	0.034483
18	179	0.030303
18	189	0.052632
18	192	0.038462
18	196	0.038462
18	197	0.038462
18	199	0.040000
18	200	0.037037
18	202	0.037037
18	203	0.041667
18	210	0.045455
18	213	0.034483
18	218	0.047619
18	220	0.041667
18	221	0.052632
18	224	0.041667
18	226	0.041667
18	228	0.050000
18	230	0.040000
18	232	0.040000
18	237	0.040000
18	238	0.033333
18	240	0.047619
18	244	0.040000
18	245	0.050000
18	247	0.043478
18	248	0.035714
18	249	0.043478
18	257	0.043478
18	259	0.043478
18	261	0.035714
18	263	0.052632
18	265	0.045455
18	268	0.035714
18	269	0.038462
18	275	0.055556
18	278	0.040000
18	284	0.047619
18	285	0.050000
18	295	0.050000
18	298	0.058824
18	304	0.050000
18	310	0.050000
18	313	0.047619
18	316	0.055556
18	317	0.055556
18	320	0.047619
18	321	0.050000
18	329	0.047619
18	331	0.050000
18	335	0.050000
18	343	0.052632
18	346	0.050000
18	347	0.055556
18	349	0.055556
18	350	0.050000
18	356	0.043478
18	358	0.047619
18	361	0.058824
18	364	0.058824
18	373	0.055556
18	380	0.055556
18	393	0.058824
18	402	0.052632
18	411	0.052632
18	413	0.058824
18	432	0.058824
18	438	0.062500
19	0	0.022222
19	1	0.009901
19	2	0.014925
19	3	0.015152
19	4	0.020408
19	5	0.020408
19	6	0.015625
19	7	0.012987
19	8	0.010309
19	9	0.031250
19	10	0.012500
19	11	0.011494
19	13	0.011765
19	14	0.012821
19	16	0.014286
19	17	0.006536
19	18	0.005917
19	20	0.007353
19	21	0.009091
19	22	0.011628
19	23	0.009434
19	24	0.010204
19	25	0.012987
19	26	0.012658
19	27	0.014493
19	28	0.017241
19	30	0.030303
19	33	0.009009
19	34	0.011494
19	35	0.010309
19	36	0.010753
19	37	0.011494
19	38	0.014706
19	39	0.014085
19	40	0.014925
19	41	0.011494
19	43	0.012658
19	44	0.020408
19	45	0.016393
19	46	0.014286
19	47	0.014286
19	49	0.011494
19	50	0.013699
19	52	0.013514
19	53	0.021739
19	57	0.019231
19	60	0.029412
19	62	0.027778
19	63	0.043478
19	64	0.023810
19	65	0.016667
19	67	0.014925
19	70	0.018182
19	73	0.017544
19	77	0.014286
19	78	0.020408
19	79	0.019608
19	81	0.020833
19	84	0.030303
19	85	0.022222
19	86	0.025641
19	87	0.023810
19	94	0.043478
19	100	0.022727
19	102	0.029412
19	105	0.023810
19	106	0.026316
19	108	0.021739
19	109	0.030303
19	111	0.026316
19	112	0.027778
19	113	0.033333
19	114	0.034483
19	115	0.027027
19	117	0.038462
19	119	0.027027
19	121	0.033333
19	127	0.045455
19	128	0.032258
19	130	0.024390
19	131	0.025641
19	132	0.035714
19	143	0.032258
19	145	0.031250
19	147	0.030303
19	149	0.033333
19	154	0.037037
19	156	0.043478
19	163	0.040000
19	166	0.037037
19	168	0.027778
19	170	0.034483
19	173	0.027027
19	174	0.045455
19	176	0.034483
19	186	0.040000
19	188	0.055556
19	191	0.052632
19	192	0.038462
19	194	0.040000
19	207	0.040000
19	211	0.034483
19	214	0.047619
19	219	0.041667
19	221	0.052632
19	224	0.041667
19	225	0.026316
19	226	0.041667
19	227	0.045455
19	237	0.040000
19	241	0.045455
19	243	0.034483
19	244	0.040000
19	248	0.035714
19	249	0.043478
19	254	0.052632
19	260	0.050000
19	261	0.035714
19	265	0.045455
19	271	0.050000
19	276	0.045455
19	277	0.050000
19	288	0.045455
19	295	0.050000
19	299	0.045455
19	302	0.038462
19	306	0.050000
19	307	0.052632
19	309	0.050000
19	310	0.050000
19	314	0.052632
19	317	0.055556
19	323	0.052632
19	336	0.047619
19	339	0.050000
19	341	0.050000
19	342	0.050000
19	344	0.058824
19	351	0.055556
19	355	0.052632
19	357	0.047619
19	363	0.052632
19	368	0.052632
19	380	0.055556
19	391	0.045455
19	392	0.062500
19	401	0.055556
19	411	0.052632
19	416	0.052632
19	419	0.055556
19	441	0.058824
19	442	0.058824
20	0	0.022222
20	1	0.009901
20	3	0.015152
20	4	0.020408
20	5	0.020408
20	6	0.015625
20	7	0.012987
20	8	0.010309
20	10	0.012500
20	11	0.011494
20	12	0.015625
20	13	0.011765
20	14	0.012821
20	16	0.014286
20	17	0.006536
20	18	0.005917
20	19	0.006579
20	22	0.011628
20	23	0.009434
20	24	0.010204
20	25	0.012987
20	26	0.012658
20	27	0.014493
20	28	0.017241
20	29	0.029412
20	30	0.030303
20	31	0.050000
20	32	0.009009
20	33	0.009009
20	34	0.011494
20	35	0.010309
20	36	0.010753
20	37	0.011494
20	38	0.014706
20	39	0.014085
20	40	0.014925
20	41	0.011494
20	43	0.012658
20	44	0.020408
20	46	0.014286
20	47	0.014286
20	50	0.013699
20	51	0.012658
20	53	0.021739
20	54	0.020408
20	55	0.023810
20	57	0.019231
20	60	0.029412
20	63	0.043478
20	65	0.016667
20	67	0.014925
20	78	0.020408
20	82	0.029412
20	83	0.018519
20	92	0.035714
20	98	0.018182
20	100	0.022727
20	102	0.029412
20	106	0.026316
20	107	0.021739
20	118	0.032258
20	122	0.033333
20	124	0.029412
20	126	0.041667
20	128	0.032258
20	132	0.035714
20	136	0.024390
20	137	0.033333
20	138	0.027027
20	140	0.034483
20	142	0.040000
20	143	0.032258
20	144	0.038462
20	153	0.043478
20	157	0.043478
20	158	0.050000
20	159	0.043478
20	169	0.025641
20	173	0.027027
20	180	0.043478
20	182	0.041667
20	183	0.041667
20	184	0.043478
20	189	0.052632
20	190	0.038462
20	191	0.052632
20	192	0.038462
20	196	0.038462
20	207	0.040000
20	214	0.047619
20	216	0.030303
20	222	0.052632
20	226	0.041667
20	228	0.050000
20	241	0.045455
20	245	0.050000
20	248	0.035714
20	253	0.047619
20	255	0.052632
20	264	0.050000
20	272	0.043478
20	274	0.041667
20	276	0.045455
20	278	0.040000
20	284	0.047619
20	285	0.050000
20	286	0.058824
20	287	0.052632
20	288	0.045455
20	290	0.052632
20	293	0.045455
20	294	0.050000
20	300	0.041667
20	303	0.050000
20	304	0.050000
20	321	0.050000
20	326	0.041667
20	332	0.052632
20	338	0.045455
20	339	0.050000
20	346	0.050000
20	359	0.058824
20	361	0.058824
20	363	0.052632
20	373	0.055556
20	380	0.055556
20	381	0.055556
20	385	0.058824
20	398	0.062500
20	406	0.058824
20	417	0.058824
20	418	0.058824
20	423	0.058824
20	434	0.055556
20	435	0.058824
20	438	0.062500
21	1	0.009901
21	2	0.014925
21	3	0.015152
21	5	0.020408
21	6	0.015625
21	8	0.010309
21	9	0.031250
21	10	0.012500
21	11	0.011494
21	13	0.011765
21	14	0.012821
21	15	0.021739
21	16	0.014286
21	17	0.006536
21	18	0.005917
21	19	0.006579
21	22	0.011628
21	24	0.010204
21	25	0.012987
21	26	0.012658
21	27	0.014493
21	28	0.017241
21	29	0.029412
21	30	0.030303
21	31	0.050000
21	40	0.014925
21	41	0.011494
21	43	0.012658
21	44	0.020408
21	46	0.014286
21	47	0.014286
21	48	0.011905
21	51	0.012658
21	53	0.021739
21	54	0.020408
21	58	0.020833
21	59	0.019608
21	60	0.029412
21	63	0.043478
21	65	0.016667
21	66	0.020000
21	70	0.018182
21	77	0.014286
21	80	0.023810
21	88	0.027778
21	91	0.033333
21	92	0.035714
21	95	0.041667
21	96	0.031250
21	105	0.023810
21	110	0.018519
21	115	0.027027
21	117	0.038462
21	119	0.027027
21	126	0.041667
21	134	0.031250
21	136	0.024390
21	142	0.040000
21	144	0.038462
21	148	0.029412
21	149	0.033333
21	154	0.037037
21	156	0.043478
21	157	0.043478
21	164	0.033333
21	167	0.037037
21	173	0.027027
21	178	0.040000
21	181	0.041667
21	184	0.043478
21	185	0.040000
21	191	0.052632
21	204	0.045455
21	211	0.034483
21	215	0.043478
21	221	0.052632
21	226	0.041667
21	231	0.045455
21	235	0.043478
21	236	0.030303
21	238	0.033333
21	246	0.045455
21	255	0.052632
21	256	0.045455
21	257	0.043478
21	261	0.035714
21	262	0.041667
21	268	0.035714
21	270	0.033333
21	276	0.045455
21	282	0.043478
21	299	0.045455
21	313	0.047619
21	320	0.047619
21	324	0.052632
21	332	0.052632
21	337	0.055556
21	345	0.055556
21	353	0.055556
21	359	0.058824
21	366	0.045455
21	373	0.055556
21	383	0.055556
21	387	0.055556
21	389	0.058824
21	403	0.052632
21	407	0.058824
21	421	0.052632
21	430	0.058824
21	431	0.055556
22	0	0.022222
22	1	0.009901
22	2	0.014925
22	4	0.020408
22	6	0.015625
22	7	0.012987
22	8	0.010309
22	10	0.012500
22	11	0.011494
22	13	0.011765
22	14	0.012821
22	15	0.021739
22	17	0.006536
22	18	0.005917
22	19	0.006579
22	20	0.007353
22	21	0.009091
22	26	0.012658
22	27	0.014493
22	28	0.017241
22	29	0.029412
22	30	0.030303
22	31	0.050000
22	32	0.009009
22	34	0.011494
22	36	0.010753
22	38	0.014706
22	41	0.011494
22	44	0.020408
22	45	0.016393
22	49	0.011494
22	50	0.013699
22	53	0.021739
22	55	0.023810
22	59	0.019608
22	64	0.023810
22	65	0.016667
22	69	0.019608
22	72	0.022727
22	73	0.017544
22	74	0.018519
22	76	0.025000
22	81	0.020833
22	88	0.027778
22	91	0.033333
22	93	0.050000
22	96	0.031250
22	97	0.032258
22	102	0.029412
22	106	0.026316
22	107	0.021739
22	108	0.021739
22	123	0.037037
22	128	0.032258
22	156	0.043478
22	172	0.038462
22	210	0.045455
22	213	0.034483
22	217	0.041667
22	230	0.040000
22	233	0.043478
22	256	0.045455
22	259	0.043478
22	266	0.043478
22	268	0.035714
22	270	0.033333
22	287	0.052632
22	291	0.041667
22	292	0.050000
22	305	0.047619
22	311	0.050000
22	314	0.052632
22	319	0.052632
22	324	0.052632
22	340	0.052632
22	356	0.043478
22	365	0.055556
22	382	0.058824
22	395	0.055556
22	398	0.062500
22	414	0.058824
22	421	0.052632
22	424	0.055556
22	436	0.058824
22	438	0.062500
22	440	0.058824
23	0	0.022222
23	1	0.009901
23	3	0.015152
23	4	0.020408
23	5	0.020408
23	6	0.015625
23	7	0.012987
23	8	0.010309
23	10	0.012500
23	12	0.015625
23	13	0.011765
23	14	0.012821
23	16	0.014286
23	17	0.006536
23	18	0.005917
23	19	0.006579
23	20	0.007353
23	26	0.012658
23	27	0.014493
23	28	0.017241
23	30	0.030303
23	31	0.050000
23	32	0.009009
23	33	0.009009
23	34	0.011494
23	35	0.010309
23	36	0.010753
23	37	0.011494
23	38	0.014706
23	39	0.014085
23	40	0.014925
23	43	0.012658
23	45	0.016393
23	48	0.011905
23	50	0.013699
23	52	0.013514
23	54	0.020408
23	55	0.023810
23	56	0.015385
23	61	0.047619
23	62	0.027778
23	64	0.023810
23	65	0.016667
23	67	0.014925
23	69	0.019608
23	77	0.014286
23	78	0.020408
23	82	0.029412
23	83	0.018519
23	84	0.030303
23	87	0.023810
23	90	0.027778
23	100	0.022727
23	104	0.033333
23	110	0.018519
23	111	0.026316
23	112	0.027778
23	114	0.034483
23	116	0.019608
23	118	0.032258
23	121	0.033333
23	129	0.034483
23	132	0.035714
23	136	0.024390
23	141	0.027778
23	143	0.032258
23	155	0.037037
23	170	0.034483
23	172	0.038462
23	177	0.034483
23	178	0.040000
23	179	0.030303
23	183	0.041667
23	184	0.043478
23	200	0.037037
23	205	0.033333
23	208	0.027778
23	216	0.030303
23	218	0.047619
23	220	0.041667
23	222	0.052632
23	223	0.052632
23	224	0.041667
23	230	0.040000
23	233	0.043478
23	240	0.047619
23	282	0.043478
23	286	0.058824
23	287	0.052632
23	300	0.041667
23	301	0.043478
23	323	0.052632
23	332	0.052632
23	337	0.055556
23	341	0.050000
23	358	0.047619
23	376	0.058824
23	388	0.058824
23	391	0.045455
23	396	0.052632
23	408	0.055556
23	415	0.058824
23	418	0.058824
23	425	0.055556
23	431	0.055556
23	435	0.058824
24	0	0.022222
24	2	0.014925
24	3	0.015152
24	6	0.015625
24	8	0.010309
24	11	0.011494
24	12	0.015625
24	13	0.011765
24	14	0.012821
24	15	0.021739
24	17	0.006536
24	18	0.005917
24	19	0.006579
24	20	0.007353
24	21	0.009091
24	26	0.012658
24	28	0.017241
24	30	0.030303
24	31	0.050000
24	32	0.009009
24	34	0.011494
24	35	0.010309
24	37	0.011494
24	38	0.014706
24	39	0.014085
24	40	0.014925
24	41	0.011494
24	46	0.014286
24	52	0.013514
24	53	0.021739
24	57	0.019231
24	58	0.020833
24	62	0.027778
24	65	0.016667
24	66	0.020000
24	67	0.014925
24	72	0.022727
24	80	0.023810
24	87	0.023810
24	94	0.043478
24	96	0.031250
24	97	0.032258
24	100	0.022727
24	106	0.026316
24	108	0.021739
24	112	0.027778
24	116	0.019608
24	118	0.032258
24	124	0.029412
24	130	0.024390
24	136	0.024390
24	137	0.033333
24	142	0.040000
24	148	0.029412
24	151	0.034483
24	155	0.037037
24	156	0.043478
24	157	0.043478
24	159	0.043478
24	164	0.033333
24	169	0.025641
24	177	0.034483
24	179	0.030303
24	185	0.040000
24	186	0.040000
24	197	0.038462
24	207	0.040000
24	210	0.045455
24	213	0.034483
24	214	0.047619
24	223	0.052632
24	228	0.050000
24	232	0.040000
24	240	0.047619
24	248	0.035714
24	249	0.043478
24	252	0.045455
24	261	0.035714
24	264	0.050000
24	267	0.043478
24	275	0.055556
24	279	0.045455
24	282	0.043478
24	285	0.050000
24	290	0.052632
24	303	0.050000
24	337	0.055556
24	340	0.052632
24	349	0.055556
24	354	0.052632
24	356	0.043478
24	364	0.058824
24	374	0.058824
24	375	0.055556
24	391	0.045455
24	410	0.055556
24	414	0.058824
24	428	0.058824
25	0	0.022222
25	1	0.009901
25	3	0.015152
25	5	0.020408
25	6	0.015625
25	8	0.010309
25	10	0.012500
25	11	0.011494
25	13	0.011765
25	14	0.012821
25	16	0.014286
25	17	0.006536
25	18	0.005917
25	19	0.006579
25	20	0.007353
25	21	0.009091
25	28	0.017241
25	29	0.029412
25	30	0.030303
25	32	0.009009
25	37	0.011494
25	41	0.011494
25	42	0.012821
25	45	0.016393
25	50	0.013699
25	51	0.012658
25	55	0.023810
25	57	0.019231
25	61	0.047619
25	62	0.027778
25	63	0.043478
25	66	0.020000
25	68	0.019608
25	69	0.019608
25	70	0.018182
25	73	0.017544
25	81	0.020833
25	82	0.029412
25	90	0.027778
25	91	0.033333
25	103	0.020408
25	118	0.032258
25	119	0.027027
25	120	0.032258
25	122	0.033333
25	128	0.032258
25	132	0.035714
25	137	0.033333
25	142	0.040000
25	146	0.027027
25	161	0.032258
25	167	0.037037
25	176	0.034483
25	180	0.043478
25	187	0.043478
25	190	0.038462
25	202	0.037037
25	206	0.038462
25	207	0.040000
25	213	0.034483
25	236	0.030303
25	238	0.033333
25	248	0.035714
25	255	0.052632
25	257	0.043478
25	280	0.045455
25	304	0.050000
25	309	0.050000
25	316	0.055556
25	324	0.052632
25	327	0.043478
25	356	0.043478
25	375	0.055556
25	378	0.058824
25	399	0.052632
25	410	0.055556
25	442	0.058824
26	1	0.009901
26	4	0.020408
26	5	0.020408
26	6	0.015625
26	8	0.010309
26	12	0.015625
26	13	0.011765
26	14	0.012821
26	16	0.014286
26	17	0.006536
26	18	0.005917
26	19	0.006579
26	20	0.007353
26	21	0.009091
26	22	0.011628
26	23	0.009434
26	24	0.010204
26	28	0.017241
26	29	0.029412
26	31	0.050000
26	32	0.009009
26	33	0.009009
26	36	0.010753
26	38	0.014706
26	44	0.020408
26	46	0.014286
26	49	0.011494
26	51	0.012658
26	55	0.023810
26	57	0.019231
26	58	0.020833
26	60	0.029412
26	71	0.014286
26	73	0.017544
26	78	0.020408
26	84	0.030303
26	86	0.025641
26	89	0.029412
26	104	0.033333
26	106	0.026316
26	114	0.034483
26	116	0.019608
26	121	0.033333
26	128	0.032258
26	130	0.024390
26	144	0.038462
26	163	0.040000
26	165	0.025641
26	169	0.025641
26	173	0.027027
26	177	0.034483
26	178	0.040000
26	179	0.030303
26	203	0.041667
26	211	0.034483
26	218	0.047619
26	224	0.041667
26	237	0.040000
26	247	0.043478
26	265	0.045455
26	269	0.038462
26	289	0.040000
26	301	0.043478
26	302	0.038462
26	306	0.050000
26	309	0.050000
26	310	0.050000
26	324	0.052632
26	332	0.052632
26	342	0.050000
26	360	0.047619
26	385	0.058824
26	391	0.045455
26	403	0.052632
26	407	0.058824
26	416	0.052632
26	424	0.055556
26	431	0.055556
26	442	0.058824
27	2	0.014925
27	5	0.020408
27	6	0.015625
27	7	0.012987
27	9	0.031250
27	10	0.012500
27	12	0.015625
27	14	0.012821
27	15	0.021739
27	16	0.014286
27	17	0.006536
27	18	0.005917
27	19	0.006579
27	20	0.007353
27	21	0.009091
27	22	0.011628
27	23	0.009434
27	28	0.017241
27	30	0.030303
27	32	0.009009
27	36	0.010753
27	39	0.014085
27	42	0.012821
27	44	0.020408
27	45	0.016393
27	49	0.011494
27	59	0.019608
27	63	0.043478
27	70	0.018182
27	73	0.017544
27	74	0.018519
27	76	0.025000
27	79	0.019608
27	83	0.018519
27	97	0.032258
27	99	0.022727
27	108	0.021739
27	112	0.027778
27	121	0.033333
27	123	0.037037
27	124	0.029412
27	137	0.033333
27	139	0.032258
27	141	0.027778
27	142	0.040000
27	150	0.028571
27	162	0.028571
27	163	0.040000
27	170	0.034483
27	185	0.040000
27	194	0.040000
27	196	0.038462
27	203	0.041667
27	206	0.038462
27	209	0.043478
27	213	0.034483
27	217	0.041667
27	231	0.045455
27	262	0.041667
27	278	0.040000
27	307	0.052632
27	313	0.047619
27	327	0.043478
27	329	0.047619
27	358	0.047619
27	385	0.058824
27	388	0.058824
27	416	0.052632
27	443	0.058824
28	0	0.022222
28	3	0.015152
28	7	0.012987
28	13	0.011765
28	14	0.012821
28	16	0.014286
28	17	0.006536
28	18	0.005917
28	19	0.006579
28	20	0.007353
28	21	0.009091
28	22	0.011628
28	23	0.009434
28	24	0.010204
28	25	0.012987
28	26	0.012658
28	27	0.014493
28	38	0.014706
28	39	0.014085
28	41	0.011494
28	44	0.020408
28	48	0.011905
28	52	0.013514
28	61	0.047619
28	65	0.016667
28	76	0.025000
28	86	0.025641
28	87	0.023810
28	90	0.027778
28	122	0.033333
28	126	0.041667
28	127	0.045455
28	129	0.034483
28	137	0.033333
28	142	0.040000
28	144	0.038462
28	172	0.038462
28	178	0.040000
28	183	0.041667
28	208	0.027778
28	213	0.034483
28	216	0.030303
28	217	0.041667
28	235	0.043478
28	304	0.050000
28	312	0.045455
28	314	0.052632
28	338	0.045455
28	350	0.050000
28	374	0.058824
28	390	0.058824
28	391	0.045455
28	398	0.062500
28	400	0.047619
28	405	0.058824
28	407	0.058824
28	412	0.058824
28	425	0.055556
29	0	0.022222
29	3	0.015152
29	4	0.020408
29	6	0.015625
29	7	0.012987
29	8	0.010309
29	11	0.011494
29	13	0.011765
29	14	0.012821
29	16	0.014286
29	17	0.006536
29	18	0.005917
29	20	0.007353
29	21	0.009091
29	22	0.011628
29	25	0.012987
29	26	0.012658
29	32	0.009009
29	42	0.012821
29	44	0.020408
29	45	0.016393
29	54	0.020408
29	59	0.019608
29	69	0.019608
29	70	0.018182
29	90	0.027778
29	163	0.040000
29	207	0.040000
29	209	0.043478
29	248	0.035714
29	311	0.050000
29	350	0.050000
29	412	0.058824
29	425	0.055556
30	0	0.022222
30	1	0.009901
30	2	0.014925
30	8	0.010309
30	11	0.011494
30	12	0.015625
30	17	0.006536
30	18	0.005917
30	19	0.006579
30	20	0.007353
30	21	0.009091
30	22	0.011628
30	23	0.009434
30	24	0.010204
30	25	0.012987
30	27	0.014493
30	38	0.014706
30	39	0.014085
30	69	0.019608
30	144	0.038462
30	148	0.029412
30	175	0.037037
30	186	0.040000
30	193	0.038462
30	202	0.037037
30	243	0.034483
30	264	0.050000
30	273	0.047619
30	289	0.040000
30	297	0.045455
30	309	0.050000
30	404	0.055556
30	430	0.058824
31	0	0.022222
31	4	0.020408
31	7	0.012987
31	10	0.012500
31	12	0.015625
31	13	0.011765
31	14	0.012821
31	16	0.014286
31	17	0.006536
31	18	0.005917
31	20	0.007353
31	21	0.009091
31	22	0.011628
31	23	0.009434
31	24	0.010204
31	26	0.012658
31	54	0.020408
31	61	0.047619
31	90	0.027778
31	342	0.050000
32	1	0.009901
32	3	0.015152
32	4	0.020408
32	7	0.012987
32	13	0.011765
32	14	0.012821
32	16	0.014286
32	18	0.005917
32	20	0.007353
32	22	0.011628
32	23	0.009434
32	24	0.010204
32	25	0.012987
32	26	0.012658
32	27	0.014493
32	29	0.029412
32	33	0.009009
32	37	0.011494
32	38	0.014706
32	43	0.012658
32	47	0.014286
32	48	0.011905
32	51	0.012658
32	52	0.013514
32	53	0.021739
32	54	0.020408
32	56	0.015385
32	63	0.043478
32	64	0.023810
32	69	0.019608
32	71	0.014286
32	72	0.022727
32	74	0.018519
32	75	0.017857
32	78	0.020408
32	86	0.025641
32	88	0.027778
32	89	0.029412
32	91	0.033333
32	94	0.043478
32	99	0.022727
32	101	0.021277
32	102	0.029412
32	104	0.033333
32	105	0.023810
32	107	0.021739
32	110	0.018519
32	111	0.026316
32	114	0.034483
32	116	0.019608
32	119	0.027027
32	120	0.032258
32	130	0.024390
32	139	0.032258
32	141	0.027778
32	142	0.040000
32	145	0.031250
32	146	0.027027
32	147	0.030303
32	148	0.029412
32	149	0.033333
32	153	0.043478
32	156	0.043478
32	158	0.050000
32	160	0.040000
32	162	0.028571
32	166	0.037037
32	171	0.030303
32	178	0.040000
32	184	0.043478
32	190	0.038462
32	191	0.052632
32	202	0.037037
32	210	0.045455
32	211	0.034483
32	212	0.037037
32	216	0.030303
32	220	0.041667
32	227	0.045455
32	228	0.050000
32	247	0.043478
32	249	0.043478
32	253	0.047619
32	261	0.035714
32	281	0.045455
32	296	0.047619
32	300	0.041667
32	301	0.043478
32	304	0.050000
32	305	0.047619
32	315	0.055556
32	320	0.047619
32	321	0.050000
32	323	0.052632
32	328	0.045455
32	330	0.047619
32	332	0.052632
32	352	0.038462
32	353	0.055556
32	362	0.050000
32	372	0.050000
32	374	0.058824
32	392	0.062500
32	400	0.047619
32	408	0.055556
32	415	0.058824
32	422	0.058824
32	428	0.058824
32	434	0.055556
32	440	0.058824
32	441	0.058824
33	0	0.022222
33	1	0.009901
33	6	0.015625
33	7	0.012987
33	8	0.010309
33	10	0.012500
33	13	0.011765
33	14	0.012821
33	15	0.021739
33	17	0.006536
33	18	0.005917
33	19	0.006579
33	20	0.007353
33	23	0.009434
33	26	0.012658
33	32	0.009009
33	35	0.010309
33	36	0.010753
33	38	0.014706
33	39	0.014085
33	40	0.014925
33	45	0.016393
33	46	0.014286
33	49	0.011494
33	52	0.013514
33	56	0.015385
33	58	0.020833
33	59	0.019608
33	61	0.047619
33	62	0.027778
33	63	0.043478
33	72	0.022727
33	73	0.017544
33	74	0.018519
33	75	0.017857
33	76	0.025000
33	78	0.020408
33	96	0.031250
33	97	0.032258
33	99	0.022727
33	100	0.022727
33	101	0.021277
33	103	0.020408
33	110	0.018519
33	113	0.033333
33	115	0.027027
33	116	0.019608
33	119	0.027027
33	122	0.033333
33	131	0.025641
33	137	0.033333
33	138	0.027027
33	149	0.033333
33	152	0.028571
33	155	0.037037
33	157	0.043478
33	160	0.040000
33	162	0.028571
33	164	0.033333
33	169	0.025641
33	170	0.034483
33	179	0.030303
33	183	0.041667
33	192	0.038462
33	194	0.040000
33	203	0.041667
33	205	0.033333
33	209	0.043478
33	216	0.030303
33	218	0.047619
33	219	0.041667
33	221	0.052632
33	234	0.038462
33	238	0.033333
33	240	0.047619
33	245	0.050000
33	250	0.041667
33	255	0.052632
33	257	0.043478
33	261	0.035714
33	266	0.043478
33	268	0.035714
33	274	0.041667
33	282	0.043478
33	284	0.047619
33	286	0.058824
33	299	0.045455
33	313	0.047619
33	314	0.052632
33	317	0.055556
33	325	0.047619
33	326	0.041667
33	330	0.047619
33	332	0.052632
33	335	0.050000
33	348	0.058824
33	355	0.052632
33	366	0.045455
33	374	0.058824
33	386	0.055556
33	397	0.058824
33	398	0.062500
33	401	0.055556
33	411	0.052632
33	419	0.055556
33	420	0.058824
33	423	0.058824
33	424	0.055556
33	431	0.055556
33	437	0.055556
33	438	0.062500
34	1	0.009901
34	2	0.014925
34	5	0.020408
34	6	0.015625
34	7	0.012987
34	8	0.010309
34	10	0.012500
34	13	0.011765
34	14	0.012821
34	17	0.006536
34	18	0.005917
34	19	0.006579
34	20	0.007353
34	22	0.011628
34	23	0.009434
34	24	0.010204
34	35	0.010309
34	36	0.010753
34	37	0.011494
34	39	0.014085
34	42	0.012821
34	43	0.012658
34	44	0.020408
34	47	0.014286
34	48	0.011905
34	49	0.011494
34	50	0.013699
34	51	0.012658
34	59	0.019608
34	61	0.047619
34	65	0.016667
34	68	0.019608
34	73	0.017544
34	79	0.019608
34	85	0.022222
34	89	0.029412
34	91	0.033333
34	93	0.050000
34	106	0.026316
34	110	0.018519
34	118	0.032258
34	121	0.033333
34	124	0.029412
34	129	0.034483
34	135	0.024390
34	137	0.033333
34	138	0.027027
34	140	0.034483
34	159	0.043478
34	161	0.032258
34	164	0.033333
34	166	0.037037
34	177	0.034483
34	193	0.038462
34	194	0.040000
34	199	0.040000
34	202	0.037037
34	212	0.037037
34	213	0.034483
34	234	0.038462
34	236	0.030303
34	237	0.040000
34	241	0.045455
34	249	0.043478
34	264	0.050000
34	276	0.045455
34	278	0.040000
34	280	0.045455
34	283	0.047619
34	299	0.045455
34	301	0.043478
34	306	0.050000
34	312	0.045455
34	316	0.055556
34	325	0.047619
34	338	0.045455
34	346	0.050000
34	349	0.055556
34	380	0.055556
34	382	0.058824
34	400	0.047619
34	407	0.058824
34	422	0.058824
34	429	0.058824
34	433	0.058824
34	434	0.055556
34	440	0.058824
35	0	0.022222
35	2	0.014925
35	3	0.015152
35	5	0.020408
35	6	0.015625
35	7	0.012987
35	13	0.011765
35	16	0.014286
35	17	0.006536
35	18	0.005917
35	19	0.006579
35	20	0.007353
35	23	0.009434
35	24	0.010204
35	33	0.009009
35	34	0.011494
35	36	0.010753
35	42	0.012821
35	48	0.011905
35	54	0.020408
35	56	0.015385
35	57	0.019231
35	58	0.020833
35	59	0.019608
35	60	0.029412
35	62	0.027778
35	64	0.023810
35	65	0.016667
35	66	0.020000
35	68	0.019608
35	70	0.018182
35	73	0.017544
35	76	0.025000
35	80	0.023810
35	83	0.018519
35	91	0.033333
35	93	0.050000
35	94	0.043478
35	95	0.041667
35	98	0.018182
35	106	0.026316
35	108	0.021739
35	113	0.033333
35	114	0.034483
35	126	0.041667
35	129	0.034483
35	141	0.027778
35	143	0.032258
35	148	0.029412
35	151	0.034483
35	160	0.040000
35	161	0.032258
35	167	0.037037
35	168	0.027778
35	171	0.030303
35	172	0.038462
35	178	0.040000
35	180	0.043478
35	184	0.043478
35	185	0.040000
35	188	0.055556
35	195	0.028571
35	198	0.035714
35	201	0.041667
35	204	0.045455
35	207	0.040000
35	211	0.034483
35	226	0.041667
35	233	0.043478
35	242	0.047619
35	256	0.045455
35	268	0.035714
35	271	0.050000
35	277	0.050000
35	284	0.047619
35	294	0.050000
35	296	0.047619
35	297	0.045455
35	307	0.052632
35	310	0.050000
35	317	0.055556
35	318	0.058824
35	325	0.047619
35	329	0.047619
35	331	0.050000
35	332	0.052632
35	341	0.050000
35	346	0.050000
35	350	0.050000
35	352	0.038462
35	376	0.058824
35	377	0.052632
35	392	0.062500
35	393	0.058824
35	421	0.052632
35	422	0.058824
35	437	0.055556
36	6	0.015625
36	8	0.010309
36	10	0.012500
36	12	0.015625
36	14	0.012821
36	17	0.006536
36	18	0.005917
36	19	0.006579
36	20	0.007353
36	22	0.011628
36	23	0.009434
36	26	0.012658
36	27	0.014493
36	33	0.009009
36	34	0.011494
36	35	0.010309
36	38	0.014706
36	41	0.011494
36	44	0.020408
36	47	0.014286
36	48	0.011905
36	49	0.011494
36	51	0.012658
36	56	0.015385
36	58	0.020833
36	60	0.029412
36	67	0.014925
36	68	0.019608
36	70	0.018182
36	71	0.014286
36	73	0.017544
36	74	0.018519
36	75	0.017857
36	77	0.014286
36	78	0.020408
36	80	0.023810
36	86	0.025641
36	89	0.029412
36	90	0.027778
36	95	0.041667
36	103	0.020408
36	112	0.027778
36	114	0.034483
36	120	0.032258
36	137	0.033333
36	143	0.032258
36	146	0.027027
36	149	0.033333
36	154	0.037037
36	162	0.028571
36	168	0.027778
36	169	0.025641
36	171	0.030303
36	186	0.040000
36	187	0.043478
36	198	0.035714
36	200	0.037037
36	205	0.033333
36	219	0.041667
36	222	0.052632
36	223	0.052632
36	226	0.041667
36	227	0.045455
36	239	0.050000
36	240	0.047619
36	242	0.047619
36	251	0.045455
36	254	0.052632
36	255	0.052632
36	262	0.041667
36	265	0.045455
36	270	0.033333
36	279	0.045455
36	282	0.043478
36	285	0.050000
36	286	0.058824
36	288	0.045455
36	292	0.050000
36	294	0.050000
36	303	0.050000
36	305	0.047619
36	325	0.047619
36	333	0.045455
36	335	0.050000
36	336	0.047619
36	339	0.050000
36	346	0.050000
36	390	0.058824
36	410	0.055556
36	414	0.058824
36	432	0.058824
36	438	0.062500
36	441	0.058824
37	2	0.014925
37	3	0.015152
37	6	0.015625
37	7	0.012987
37	8	0.010309
37	11	0.011494
37	14	0.012821
37	16	0.014286
37	18	0.005917
37	19	0.006579
37	20	0.007353
37	23	0.009434
37	24	0.010204
37	25	0.012987
37	32	0.009009
37	34	0.011494
37	39	0.014085
37	40	0.014925
37	42	0.012821
37	47	0.014286
37	48	0.011905
37	51	0.012658
37	52	0.013514
37	53	0.021739
37	54	0.020408
37	56	0.015385
37	59	0.019608
37	64	0.023810
37	67	0.014925
37	74	0.018519
37	83	0.018519
37	85	0.022222
37	89	0.029412
37	94	0.043478
37	98	0.018182
37	104	0.033333
37	129	0.034483
37	130	0.024390
37	139	0.032258
37	146	0.027027
37	147	0.030303
37	149	0.033333
37	162	0.028571
37	163	0.040000
37	165	0.025641
37	166	0.037037
37	167	0.037037
37	174	0.045455
37	175	0.037037
37	178	0.040000
37	183	0.041667
37	185	0.040000
37	187	0.043478
37	191	0.052632
37	192	0.038462
37	198	0.035714
37	199	0.040000
37	203	0.041667
37	207	0.040000
37	219	0.041667
37	232	0.040000
37	233	0.043478
37	234	0.038462
37	237	0.040000
37	247	0.043478
37	249	0.043478
37	253	0.047619
37	257	0.043478
37	260	0.050000
37	264	0.050000
37	270	0.033333
37	280	0.045455
37	281	0.045455
37	290	0.052632
37	312	0.045455
37	348	0.058824
37	350	0.050000
37	354	0.052632
37	370	0.058824
37	405	0.058824
37	408	0.055556
37	409	0.058824
37	419	0.055556
37	421	0.052632
37	428	0.058824
37	431	0.055556
37	436	0.058824
38	1	0.009901
38	11	0.011494
38	12	0.015625
38	16	0.014286
38	17	0.006536
38	18	0.005917
38	19	0.006579
38	20	0.007353
38	22	0.011628
38	23	0.009434
38	24	0.010204
38	26	0.012658
38	28	0.017241
38	30	0.030303
38	32	0.009009
38	33	0.009009
38	36	0.010753
38	42	0.012821
38	44	0.020408
38	47	0.014286
38	48	0.011905
38	49	0.011494
38	50	0.013699
38	59	0.019608
38	60	0.029412
38	63	0.043478
38	72	0.022727
38	76	0.025000
38	85	0.022222
38	89	0.029412
38	97	0.032258
38	100	0.022727
38	110	0.018519
38	111	0.026316
38	120	0.032258
38	121	0.033333
38	144	0.038462
38	145	0.031250
38	158	0.050000
38	163	0.040000
38	172	0.038462
38	176	0.034483
38	183	0.041667
38	195	0.028571
38	196	0.038462
38	198	0.035714
38	222	0.052632
38	229	0.033333
38	235	0.043478
38	236	0.030303
38	238	0.033333
38	245	0.050000
38	248	0.035714
38	251	0.045455
38	260	0.050000
38	267	0.043478
38	268	0.035714
38	274	0.041667
38	276	0.045455
38	295	0.050000
38	317	0.055556
38	322	0.045455
38	340	0.052632
38	341	0.050000
38	370	0.058824
38	428	0.058824
38	433	0.058824
38	436	0.058824
39	3	0.015152
39	9	0.031250
39	14	0.012821
39	15	0.021739
39	16	0.014286
39	17	0.006536
39	18	0.005917
39	19	0.006579
39	20	0.007353
39	23	0.009434
39	24	0.010204
39	27	0.014493
39	28	0.017241
39	30	0.030303
39	33	0.009009
39	34	0.011494
39	37	0.011494
39	40	0.014925
39	43	0.012658
39	48	0.011905
39	49	0.011494
39	55	0.023810
39	63	0.043478
39	69	0.019608
39	71	0.014286
39	72	0.022727
39	76	0.025000
39	80	0.023810
39	82	0.029412
39	84	0.030303
39	85	0.022222
39	90	0.027778
39	98	0.018182
39	103	0.020408
39	110	0.018519
39	115	0.027027
39	123	0.037037
39	128	0.032258
39	129	0.034483
39	140	0.034483
39	148	0.029412
39	159	0.043478
39	160	0.040000
39	164	0.033333
39	165	0.025641
39	169	0.025641
39	172	0.038462
39	180	0.043478
39	186	0.040000
39	198	0.035714
39	201	0.041667
39	204	0.045455
39	211	0.034483
39	235	0.043478
39	237	0.040000
39	259	0.043478
39	263	0.052632
39	274	0.041667
39	284	0.047619
39	297	0.045455
39	298	0.058824
39	324	0.052632
39	331	0.050000
39	334	0.058824
39	343	0.052632
39	356	0.043478
39	360	0.047619
39	365	0.055556
39	411	0.052632
39	418	0.058824
39	419	0.055556
40	0	0.022222
40	1	0.009901
40	4	0.020408
40	7	0.012987
40	11	0.011494
40	13	0.011765
40	14	0.012821
40	17	0.006536
40	18	0.005917
40	19	0.006579
40	20	0.007353
40	21	0.009091
40	23	0.009434
40	24	0.010204
40	33	0.009009
40	37	0.011494
40	39	0.014085
40	43	0.012658
40	44	0.020408
40	46	0.014286
40	48	0.011905
40	58	0.020833
40	61	0.047619
40	63	0.043478
40	66	0.020000
40	67	0.014925
40	68	0.019608
40	82	0.029412
40	85	0.022222
40	89	0.029412
40	93	0.050000
40	96	0.031250
40	99	0.022727
40	105	0.023810
40	110	0.018519
40	117	0.038462
40	118	0.032258
40	125	0.033333
40	133	0.035714
40	134	0.031250
40	164	0.033333
40	172	0.038462
40	176	0.034483
40	177	0.034483
40	187	0.043478
40	196	0.038462
40	200	0.037037
40	202	0.037037
40	208	0.027778
40	241	0.045455
40	250	0.041667
40	264	0.050000
40	283	0.047619
40	292	0.050000
40	294	0.050000
40	302	0.038462
40	329	0.047619
40	338	0.045455
40	340	0.052632
40	347	0.055556
40	351	0.055556
40	352	0.038462
40	355	0.052632
40	357	0.047619
40	386	0.055556
40	388	0.058824
40	432	0.058824
41	0	0.022222
41	1	0.009901
41	2	0.014925
41	6	0.015625
41	8	0.010309
41	9	0.031250
41	13	0.011765
41	19	0.006579
41	20	0.007353
41	21	0.009091
41	22	0.011628
41	24	0.010204
41	25	0.012987
41	28	0.017241
41	36	0.010753
41	42	0.012821
41	45	0.016393
41	46	0.014286
41	48	0.011905
41	49	0.011494
41	50	0.013699
41	52	0.013514
41	55	0.023810
41	56	0.015385
41	66	0.020000
41	67	0.014925
41	74	0.018519
41	77	0.014286
41	78	0.020408
41	80	0.023810
41	83	0.018519
41	87	0.023810
41	89	0.029412
41	93	0.050000
41	96	0.031250
41	98	0.018182
41	101	0.021277
41	111	0.026316
41	113	0.033333
41	122	0.033333
41	126	0.041667
41	128	0.032258
41	134	0.031250
41	135	0.024390
41	147	0.030303
41	157	0.043478
41	173	0.027027
41	183	0.041667
41	199	0.040000
41	201	0.041667
41	206	0.038462
41	218	0.047619
41	219	0.041667
41	221	0.052632
41	232	0.040000
41	234	0.038462
41	235	0.043478
41	239	0.050000
41	245	0.050000
41	253	0.047619
41	260	0.050000
41	263	0.052632
41	280	0.045455
41	285	0.050000
41	286	0.058824
41	290	0.052632
41	291	0.041667
41	316	0.055556
41	322	0.045455
41	326	0.041667
41	329	0.047619
41	343	0.052632
41	348	0.058824
41	352	0.038462
41	362	0.050000
41	365	0.055556
41	371	0.047619
41	379	0.058824
41	380	0.055556
41	382	0.058824
41	389	0.058824
41	391	0.045455
41	402	0.052632
41	408	0.055556
41	416	0.052632
41	427	0.058824
41	438	0.062500
42	1	0.009901
42	3	0.015152
42	6	0.015625
42	9	0.031250
42	10	0.012500
42	11	0.011494
42	14	0.012821
42	17	0.006536
42	18	0.005917
42	25	0.012987
42	27	0.014493
42	29	0.029412
42	34	0.011494
42	35	0.010309
42	37	0.011494
42	38	0.014706
42	41	0.011494
42	48	0.011905
42	53	0.021739
42	54	0.020408
42	55	0.023810
42	58	0.020833
42	60	0.029412
42	62	0.027778
42	70	0.018182
42	74	0.018519
42	77	0.014286
42	79	0.019608
42	80	0.023810
42	81	0.020833
42	88	0.027778
42	91	0.033333
42	95	0.041667
42	98	0.018182
42	100	0.022727
42	101	0.021277
42	126	0.041667
42	131	0.025641
42	135	0.024390
42	140	0.034483
42	145	0.031250
42	150	0.028571
42	152	0.028571
42	161	0.032258
42	185	0.040000
42	186	0.040000
42	189	0.052632
42	209	0.043478
42	217	0.041667
42	219	0.041667
42	226	0.041667
42	229	0.033333
42	239	0.050000
42	240	0.047619
42	242	0.047619
42	244	0.040000
42	246	0.045455
42	247	0.043478
42	267	0.043478
42	274	0.041667
42	275	0.055556
42	278	0.040000
42	289	0.040000
42	319	0.052632
42	327	0.043478
42	330	0.047619
42	334	0.058824
42	342	0.050000
42	362	0.050000
42	364	0.058824
42	365	0.055556
42	371	0.047619
42	375	0.055556
42	395	0.055556
42	408	0.055556
42	417	0.058824
42	432	0.058824
42	442	0.058824
43	2	0.014925
43	7	0.012987
43	8	0.010309
43	11	0.011494
43	13	0.011765
43	16	0.014286
43	17	0.006536
43	19	0.006579
43	20	0.007353
43	21	0.009091
43	23	0.009434
43	32	0.009009
43	34	0.011494
43	39	0.014085
43	40	0.014925
43	46	0.014286
43	47	0.014286
43	52	0.013514
43	54	0.020408
43	57	0.019231
43	63	0.043478
43	72	0.022727
43	74	0.018519
43	79	0.019608
43	84	0.030303
43	86	0.025641
43	97	0.032258
43	100	0.022727
43	102	0.029412
43	104	0.033333
43	114	0.034483
43	117	0.038462
43	118	0.032258
43	120	0.032258
43	123	0.037037
43	130	0.024390
43	135	0.024390
43	144	0.038462
43	145	0.031250
43	148	0.029412
43	149	0.033333
43	151	0.034483
43	155	0.037037
43	157	0.043478
43	168	0.027778
43	198	0.035714
43	199	0.040000
43	200	0.037037
43	201	0.041667
43	204	0.045455
43	211	0.034483
43	218	0.047619
43	221	0.052632
43	231	0.045455
43	232	0.040000
43	236	0.030303
43	252	0.045455
43	254	0.052632
43	271	0.050000
43	275	0.055556
43	287	0.052632
43	289	0.040000
43	297	0.045455
43	301	0.043478
43	302	0.038462
43	306	0.050000
43	307	0.052632
43	311	0.050000
43	328	0.045455
43	330	0.047619
43	340	0.052632
43	344	0.058824
43	350	0.050000
43	368	0.052632
43	405	0.058824
43	415	0.058824
43	419	0.055556
43	422	0.058824
43	432	0.058824
44	5	0.020408
44	10	0.012500
44	12	0.015625
44	17	0.006536
44	18	0.005917
44	19	0.006579
44	20	0.007353
44	21	0.009091
44	22	0.011628
44	26	0.012658
44	27	0.014493
44	28	0.017241
44	29	0.029412
44	34	0.011494
44	36	0.010753
44	38	0.014706
44	40	0.014925
44	47	0.014286
44	51	0.012658
44	59	0.019608
44	60	0.029412
44	70	0.018182
44	74	0.018519
44	75	0.017857
44	77	0.014286
44	82	0.029412
44	90	0.027778
44	96	0.031250
44	111	0.026316
44	113	0.033333
44	114	0.034483
44	116	0.019608
44	118	0.032258
44	130	0.024390
44	149	0.033333
44	152	0.028571
44	178	0.040000
44	218	0.047619
44	229	0.033333
44	230	0.040000
44	234	0.038462
44	238	0.033333
44	266	0.043478
44	269	0.038462
44	275	0.055556
44	337	0.055556
44	366	0.045455
44	388	0.058824
44	417	0.058824
45	3	0.015152
45	5	0.020408
45	8	0.010309
45	12	0.015625
45	13	0.011765
45	14	0.012821
45	16	0.014286
45	17	0.006536
45	19	0.006579
45	22	0.011628
45	23	0.009434
45	25	0.012987
45	27	0.014493
45	29	0.029412
45	33	0.009009
45	41	0.011494
45	46	0.014286
45	47	0.014286
45	49	0.011494
45	57	0.019231
45	65	0.016667
45	75	0.017857
45	85	0.022222
45	93	0.050000
45	98	0.018182
45	101	0.021277
45	103	0.020408
45	104	0.033333
45	115	0.027027
45	141	0.027778
45	146	0.027027
45	147	0.030303
45	149	0.033333
45	154	0.037037
45	157	0.043478
45	180	0.043478
45	197	0.038462
45	234	0.038462
45	237	0.040000
45	240	0.047619
45	248	0.035714
45	253	0.047619
45	260	0.050000
45	265	0.045455
45	275	0.055556
45	287	0.052632
45	302	0.038462
45	305	0.047619
45	308	0.055556
45	316	0.055556
45	318	0.058824
45	327	0.043478
45	350	0.050000
45	358	0.047619
45	365	0.055556
45	395	0.055556
45	397	0.058824
45	401	0.055556
45	410	0.055556
45	420	0.058824
45	426	0.058824
46	0	0.022222
46	7	0.012987
46	8	0.010309
46	13	0.011765
46	16	0.014286
46	17	0.006536
46	18	0.005917
46	19	0.006579
46	20	0.007353
46	21	0.009091
46	24	0.010204
46	26	0.012658
46	33	0.009009
46	40	0.014925
46	41	0.011494
46	43	0.012658
46	45	0.016393
46	51	0.012658
46	60	0.029412
46	66	0.020000
46	71	0.014286
46	82	0.029412
46	84	0.030303
46	97	0.032258
46	99	0.022727
46	100	0.022727
46	102	0.029412
46	108	0.021739
46	109	0.030303
46	116	0.019608
46	117	0.038462
46	125	0.033333
46	134	0.031250
46	150	0.028571
46	159	0.043478
46	162	0.028571
46	175	0.037037
46	180	0.043478
46	184	0.043478
46	189	0.052632
46	196	0.038462
46	203	0.041667
46	209	0.043478
46	213	0.034483
46	221	0.052632
46	229	0.033333
46	230	0.040000
46	231	0.045455
46	235	0.043478
46	249	0.043478
46	267	0.043478
46	268	0.035714
46	270	0.033333
46	278	0.040000
46	289	0.040000
46	291	0.041667
46	293	0.045455
46	296	0.047619
46	297	0.045455
46	315	0.055556
46	318	0.058824
46	321	0.050000
46	332	0.052632
46	359	0.058824
46	363	0.052632
46	373	0.055556
46	389	0.058824
46	395	0.055556
46	407	0.058824
46	419	0.055556
47	1	0.009901
47	2	0.014925
47	4	0.020408
47	12	0.015625
47	17	0.006536
47	18	0.005917
47	19	0.006579
47	20	0.007353
47	21	0.009091
47	32	0.009009
47	34	0.011494
47	36	0.010753
47	37	0.011494
47	38	0.014706
47	43	0.012658
47	44	0.020408
47	45	0.016393
47	49	0.011494
47	58	0.020833
47	61	0.047619
47	62	0.027778
47	69	0.019608
47	71	0.014286
47	75	0.017857
47	84	0.030303
47	86	0.025641
47	88	0.027778
47	90	0.027778
47	93	0.050000
47	94	0.043478
47	104	0.033333
47	106	0.026316
47	108	0.021739
47	115	0.027027
47	116	0.019608
47	117	0.038462
47	119	0.027027
47	123	0.037037
47	138	0.027027
47	151	0.034483
47	152	0.028571
47	153	0.043478
47	159	0.043478
47	175	0.037037
47	185	0.040000
47	198	0.035714
47	202	0.037037
47	211	0.034483
47	215	0.043478
47	217	0.041667
47	253	0.047619
47	263	0.052632
47	266	0.043478
47	271	0.050000
47	288	0.045455
47	303	0.050000
47	312	0.045455
47	318	0.058824
47	338	0.045455
47	344	0.058824
47	357	0.047619
47	359	0.058824
47	373	0.055556
47	374	0.058824
47	408	0.055556
47	415	0.058824
47	424	0.055556
47	430	0.058824
47	436	0.058824
47	437	0.055556
48	1	0.009901
48	5	0.020408
48	8	0.010309
48	17	0.006536
48	21	0.009091
48	23	0.009434
48	28	0.017241
48	32	0.009009
48	34	0.011494
48	35	0.010309
48	36	0.010753
48	37	0.011494
48	38	0.014706
48	39	0.014085
48	40	0.014925
48	41	0.011494
48	42	0.012821
48	54	0.020408
48	55	0.023810
48	64	0.023810
48	69	0.019608
48	72	0.022727
48	76	0.025000
48	82	0.029412
48	86	0.025641
48	88	0.027778
48	91	0.033333
48	92	0.035714
48	99	0.022727
48	104	0.033333
48	105	0.023810
48	107	0.021739
48	108	0.021739
48	111	0.026316
48	117	0.038462
48	125	0.033333
48	127	0.045455
48	131	0.025641
48	133	0.035714
48	135	0.024390
48	147	0.030303
48	148	0.029412
48	152	0.028571
48	157	0.043478
48	160	0.040000
48	161	0.032258
48	162	0.028571
48	163	0.040000
48	171	0.030303
48	174	0.045455
48	176	0.034483
48	177	0.034483
48	179	0.030303
48	181	0.041667
48	183	0.041667
48	192	0.038462
48	193	0.038462
48	197	0.038462
48	200	0.037037
48	202	0.037037
48	219	0.041667
48	220	0.041667
48	233	0.043478
48	237	0.040000
48	242	0.047619
48	258	0.047619
48	280	0.045455
48	281	0.045455
48	299	0.045455
48	334	0.058824
48	341	0.050000
48	346	0.050000
48	348	0.058824
48	362	0.050000
48	363	0.052632
48	373	0.055556
48	382	0.058824
48	383	0.055556
48	390	0.058824
48	391	0.045455
48	394	0.055556
48	395	0.055556
48	405	0.058824
48	423	0.058824
49	1	0.009901
49	12	0.015625
49	13	0.011765
49	17	0.006536
49	18	0.005917
49	19	0.006579
49	22	0.011628
49	26	0.012658
49	27	0.014493
49	33	0.009009
49	34	0.011494
49	36	0.010753
49	38	0.014706
49	39	0.014085
49	41	0.011494
49	45	0.016393
49	47	0.014286
49	50	0.013699
49	51	0.012658
49	55	0.023810
49	56	0.015385
49	60	0.029412
49	62	0.027778
49	64	0.023810
49	68	0.019608
49	73	0.017544
49	86	0.025641
49	87	0.023810
49	90	0.027778
49	92	0.035714
49	95	0.041667
49	96	0.031250
49	97	0.032258
49	110	0.018519
49	112	0.027778
49	113	0.033333
49	115	0.027027
49	117	0.038462
49	120	0.032258
49	124	0.029412
49	125	0.033333
49	136	0.024390
49	139	0.032258
49	146	0.027027
49	167	0.037037
49	174	0.045455
49	176	0.034483
49	177	0.034483
49	183	0.041667
49	184	0.043478
49	185	0.040000
49	201	0.041667
49	204	0.045455
49	205	0.033333
49	207	0.040000
49	212	0.037037
49	213	0.034483
49	215	0.043478
49	222	0.052632
49	224	0.041667
49	228	0.050000
49	232	0.040000
49	245	0.050000
49	258	0.047619
49	277	0.050000
49	279	0.045455
49	280	0.045455
49	301	0.043478
49	308	0.055556
49	312	0.045455
49	317	0.055556
49	320	0.047619
49	324	0.052632
49	325	0.047619
49	333	0.045455
49	335	0.050000
49	336	0.047619
49	341	0.050000
49	346	0.050000
49	348	0.058824
49	376	0.058824
49	394	0.055556
49	398	0.062500
49	404	0.055556
49	417	0.058824
49	423	0.058824
49	441	0.058824
50	2	0.014925
50	3	0.015152
50	5	0.020408
50	8	0.010309
50	12	0.015625
50	14	0.012821
50	17	0.006536
50	19	0.006579
50	20	0.007353
50	22	0.011628
50	23	0.009434
50	25	0.012987
50	34	0.011494
50	38	0.014706
50	41	0.011494
50	49	0.011494
50	52	0.013514
50	54	0.020408
50	57	0.019231
50	58	0.020833
50	65	0.016667
50	71	0.014286
50	78	0.020408
50	85	0.022222
50	95	0.041667
50	104	0.033333
50	107	0.021739
50	109	0.030303
50	113	0.033333
50	117	0.038462
50	119	0.027027
50	138	0.027027
50	147	0.030303
50	159	0.043478
50	165	0.025641
50	169	0.025641
50	173	0.027027
50	177	0.034483
50	181	0.041667
50	182	0.041667
50	195	0.028571
50	197	0.038462
50	206	0.038462
50	217	0.041667
50	218	0.047619
50	231	0.045455
50	238	0.033333
50	247	0.043478
50	250	0.041667
50	266	0.043478
50	270	0.033333
50	271	0.050000
50	286	0.058824
50	289	0.040000
50	291	0.041667
50	298	0.058824
50	304	0.050000
50	305	0.047619
50	308	0.055556
50	315	0.055556
50	317	0.055556
50	328	0.045455
50	331	0.050000
50	339	0.050000
50	346	0.050000
50	364	0.058824
50	370	0.058824
50	374	0.058824
50	390	0.058824
50	396	0.052632
50	414	0.058824
50	420	0.058824
50	441	0.058824
51	2	0.014925
51	7	0.012987
51	13	0.011765
51	14	0.012821
51	17	0.006536
51	18	0.005917
51	20	0.007353
51	21	0.009091
51	25	0.012987
51	26	0.012658
51	32	0.009009
51	34	0.011494
51	36	0.010753
51	37	0.011494
51	44	0.020408
51	46	0.014286
51	49	0.011494
51	59	0.019608
51	62	0.027778
51	63	0.043478
51	64	0.023810
51	68	0.019608
51	71	0.014286
51	75	0.017857
51	76	0.025000
51	79	0.019608
51	84	0.030303
51	90	0.027778
51	92	0.035714
51	95	0.041667
51	99	0.022727
51	103	0.020408
51	105	0.023810
51	106	0.026316
51	108	0.021739
51	117	0.038462
51	123	0.037037
51	130	0.024390
51	132	0.035714
51	136	0.024390
51	138	0.027027
51	149	0.033333
51	151	0.034483
51	153	0.043478
51	156	0.043478
51	160	0.040000
51	170	0.034483
51	176	0.034483
51	181	0.041667
51	182	0.041667
51	196	0.038462
51	199	0.040000
51	214	0.047619
51	216	0.030303
51	219	0.041667
51	222	0.052632
51	239	0.050000
51	241	0.045455
51	249	0.043478
51	259	0.043478
51	261	0.035714
51	290	0.052632
51	294	0.050000
51	299	0.045455
51	309	0.050000
51	310	0.050000
51	324	0.052632
51	342	0.050000
51	344	0.058824
51	355	0.052632
51	368	0.052632
51	379	0.058824
51	387	0.055556
51	392	0.062500
51	394	0.055556
51	398	0.062500
51	418	0.058824
51	420	0.058824
51	422	0.058824
52	1	0.009901
52	5	0.020408
52	8	0.010309
52	10	0.012500
52	13	0.011765
52	15	0.021739
52	18	0.005917
52	19	0.006579
52	23	0.009434
52	24	0.010204
52	28	0.017241
52	32	0.009009
52	33	0.009009
52	37	0.011494
52	41	0.011494
52	43	0.012658
52	50	0.013699
52	53	0.021739
52	57	0.019231
52	59	0.019608
52	61	0.047619
52	66	0.020000
52	70	0.018182
52	78	0.020408
52	80	0.023810
52	85	0.022222
52	86	0.025641
52	93	0.050000
52	95	0.041667
52	96	0.031250
52	104	0.033333
52	109	0.030303
52	111	0.026316
52	112	0.027778
52	114	0.034483
52	115	0.027027
52	121	0.033333
52	122	0.033333
52	123	0.037037
52	127	0.045455
52	128	0.032258
52	129	0.034483
52	136	0.024390
52	146	0.027027
52	150	0.028571
52	154	0.037037
52	156	0.043478
52	159	0.043478
52	169	0.025641
52	170	0.034483
52	175	0.037037
52	180	0.043478
52	183	0.041667
52	189	0.052632
52	197	0.038462
52	209	0.043478
52	224	0.041667
52	231	0.045455
52	232	0.040000
52	240	0.047619
52	243	0.034483
52	245	0.050000
52	270	0.033333
52	272	0.043478
52	275	0.055556
52	289	0.040000
52	303	0.050000
52	304	0.050000
52	335	0.050000
52	356	0.043478
52	370	0.058824
52	371	0.047619
52	420	0.058824
52	430	0.058824
53	3	0.015152
53	8	0.010309
53	10	0.012500
53	14	0.012821
53	15	0.021739
53	17	0.006536
53	18	0.005917
53	19	0.006579
53	20	0.007353
53	21	0.009091
53	22	0.011628
53	24	0.010204
53	32	0.009009
53	37	0.011494
53	42	0.012821
53	52	0.013514
53	55	0.023810
53	56	0.015385
53	57	0.019231
53	80	0.023810
53	84	0.030303
53	92	0.035714
53	95	0.041667
53	98	0.018182
53	111	0.026316
53	126	0.041667
53	131	0.025641
53	132	0.035714
53	136	0.024390
53	137	0.033333
53	155	0.037037
53	169	0.025641
53	199	0.040000
53	233	0.043478
53	239	0.050000
53	244	0.040000
53	257	0.043478
53	259	0.043478
53	270	0.033333
53	278	0.040000
53	317	0.055556
53	321	0.050000
53	399	0.052632
53	404	0.055556
53	412	0.058824
53	421	0.052632
54	1	0.009901
54	2	0.014925
54	5	0.020408
54	8	0.010309
54	13	0.011765
54	20	0.007353
54	21	0.009091
54	23	0.009434
54	29	0.029412
54	31	0.050000
54	32	0.009009
54	35	0.010309
54	37	0.011494
54	42	0.012821
54	43	0.012658
54	48	0.011905
54	50	0.013699
54	58	0.020833
54	73	0.017544
54	80	0.023810
54	81	0.020833
54	114	0.034483
54	140	0.034483
54	151	0.034483
54	186	0.040000
54	203	0.041667
54	214	0.047619
54	223	0.052632
54	238	0.033333
54	242	0.047619
54	243	0.034483
54	257	0.043478
54	267	0.043478
54	269	0.038462
54	272	0.043478
54	275	0.055556
54	280	0.045455
54	287	0.052632
54	293	0.045455
54	326	0.041667
54	331	0.050000
54	334	0.058824
54	342	0.050000
54	374	0.058824
54	389	0.058824
54	396	0.052632
54	397	0.058824
54	413	0.058824
54	428	0.058824
55	3	0.015152
55	8	0.010309
55	11	0.011494
55	12	0.015625
55	14	0.012821
55	18	0.005917
55	20	0.007353
55	22	0.011628
55	23	0.009434
55	25	0.012987
55	26	0.012658
55	39	0.014085
55	41	0.011494
55	42	0.012821
55	48	0.011905
55	49	0.011494
55	53	0.021739
55	56	0.015385
55	67	0.014925
55	69	0.019608
55	77	0.014286
55	95	0.041667
55	97	0.032258
55	98	0.018182
55	110	0.018519
55	113	0.033333
55	143	0.032258
55	147	0.030303
55	171	0.030303
55	208	0.027778
55	211	0.034483
55	218	0.047619
55	225	0.026316
55	227	0.045455
55	268	0.035714
55	323	0.052632
55	356	0.043478
55	372	0.050000
55	375	0.055556
55	397	0.058824
55	400	0.047619
55	423	0.058824
56	1	0.009901
56	6	0.015625
56	10	0.012500
56	13	0.011765
56	14	0.012821
56	16	0.014286
56	18	0.005917
56	23	0.009434
56	32	0.009009
56	33	0.009009
56	35	0.010309
56	36	0.010753
56	37	0.011494
56	41	0.011494
56	49	0.011494
56	53	0.021739
56	55	0.023810
56	58	0.020833
56	60	0.029412
56	64	0.023810
56	68	0.019608
56	74	0.018519
56	77	0.014286
56	78	0.020408
56	87	0.023810
56	91	0.033333
56	94	0.043478
56	96	0.031250
56	99	0.022727
56	100	0.022727
56	103	0.020408
56	107	0.021739
56	121	0.033333
56	140	0.034483
56	143	0.032258
56	158	0.050000
56	160	0.040000
56	169	0.025641
56	172	0.038462
56	175	0.037037
56	182	0.041667
56	188	0.055556
56	197	0.038462
56	213	0.034483
56	234	0.038462
56	242	0.047619
56	246	0.045455
56	247	0.043478
56	303	0.050000
56	310	0.050000
56	311	0.050000
56	313	0.047619
56	343	0.052632
56	347	0.055556
56	348	0.058824
56	364	0.058824
56	365	0.055556
56	367	0.058824
56	375	0.055556
56	385	0.058824
56	386	0.055556
56	396	0.052632
56	398	0.062500
56	407	0.058824
56	439	0.058824
57	0	0.022222
57	3	0.015152
57	15	0.021739
57	16	0.014286
57	17	0.006536
57	18	0.005917
57	19	0.006579
57	20	0.007353
57	24	0.010204
57	25	0.012987
57	26	0.012658
57	35	0.010309
57	43	0.012658
57	45	0.016393
57	50	0.013699
57	52	0.013514
57	53	0.021739
57	61	0.047619
57	65	0.016667
57	92	0.035714
57	98	0.018182
57	104	0.033333
57	106	0.026316
57	114	0.034483
57	116	0.019608
57	117	0.038462
57	120	0.032258
57	125	0.033333
57	129	0.034483
57	132	0.035714
57	135	0.024390
57	139	0.032258
57	146	0.027027
57	154	0.037037
57	172	0.038462
57	174	0.045455
57	175	0.037037
57	177	0.034483
57	190	0.038462
57	195	0.028571
57	228	0.050000
57	239	0.050000
57	240	0.047619
57	243	0.034483
57	269	0.038462
57	284	0.047619
57	289	0.040000
57	306	0.050000
57	368	0.052632
57	390	0.058824
57	395	0.055556
57	414	0.058824
58	1	0.009901
58	4	0.020408
58	8	0.010309
58	18	0.005917
58	21	0.009091
58	24	0.010204
58	26	0.012658
58	33	0.009009
58	35	0.010309
58	36	0.010753
58	40	0.014925
58	42	0.012821
58	47	0.014286
58	50	0.013699
58	54	0.020408
58	56	0.015385
58	64	0.023810
58	74	0.018519
58	75	0.017857
58	76	0.025000
58	78	0.020408
58	81	0.020833
58	83	0.018519
58	88	0.027778
58	99	0.022727
58	103	0.020408
58	117	0.038462
58	132	0.035714
58	139	0.032258
58	142	0.040000
58	165	0.025641
58	176	0.034483
58	185	0.040000
58	191	0.052632
58	193	0.038462
58	205	0.033333
58	225	0.026316
58	236	0.030303
58	244	0.040000
58	247	0.043478
58	295	0.050000
58	303	0.050000
58	346	0.050000
58	354	0.052632
58	364	0.058824
58	376	0.058824
58	386	0.055556
58	435	0.058824
59	2	0.014925
59	9	0.031250
59	10	0.012500
59	17	0.006536
59	18	0.005917
59	21	0.009091
59	22	0.011628
59	27	0.014493
59	29	0.029412
59	33	0.009009
59	34	0.011494
59	35	0.010309
59	37	0.011494
59	38	0.014706
59	44	0.020408
59	51	0.012658
59	52	0.013514
59	69	0.019608
59	76	0.025000
59	77	0.014286
59	78	0.020408
59	82	0.029412
59	89	0.029412
59	91	0.033333
59	92	0.035714
59	97	0.032258
59	123	0.037037
59	126	0.041667
59	129	0.034483
59	146	0.027027
59	153	0.043478
59	160	0.040000
59	163	0.040000
59	193	0.038462
59	200	0.037037
59	208	0.027778
59	211	0.034483
59	213	0.034483
59	218	0.047619
59	233	0.043478
59	252	0.045455
59	280	0.045455
59	283	0.047619
59	292	0.050000
59	319	0.052632
59	338	0.045455
59	349	0.055556
59	352	0.038462
59	377	0.052632
59	396	0.052632
59	413	0.058824
60	4	0.020408
60	6	0.015625
60	7	0.012987
60	10	0.012500
60	18	0.005917
60	19	0.006579
60	20	0.007353
60	21	0.009091
60	26	0.012658
60	35	0.010309
60	36	0.010753
60	38	0.014706
60	42	0.012821
60	44	0.020408
60	46	0.014286
60	49	0.011494
60	56	0.015385
60	66	0.020000
60	90	0.027778
60	94	0.043478
60	125	0.033333
60	126	0.041667
60	147	0.030303
60	153	0.043478
60	174	0.045455
60	190	0.038462
60	201	0.041667
60	221	0.052632
60	247	0.043478
60	256	0.045455
60	321	0.050000
60	324	0.052632
60	363	0.052632
60	424	0.055556
61	3	0.015152
61	4	0.020408
61	7	0.012987
61	14	0.012821
61	16	0.014286
61	17	0.006536
61	18	0.005917
61	23	0.009434
61	25	0.012987
61	28	0.017241
61	31	0.050000
61	33	0.009009
61	34	0.011494
61	40	0.014925
61	47	0.014286
61	52	0.013514
61	57	0.019231
61	70	0.018182
61	89	0.029412
61	181	0.041667
61	300	0.041667
62	7	0.012987
62	10	0.012500
62	13	0.011765
62	15	0.021739
62	17	0.006536
62	18	0.005917
62	19	0.006579
62	23	0.009434
62	24	0.010204
62	25	0.012987
62	33	0.009009
62	35	0.010309
62	42	0.012821
62	47	0.014286
62	49	0.011494
62	51	0.012658
62	69	0.019608
62	71	0.014286
62	105	0.023810
62	116	0.019608
62	124	0.029412
62	136	0.024390
62	137	0.033333
62	161	0.032258
62	190	0.038462
62	199	0.040000
62	204	0.045455
62	206	0.038462
62	254	0.052632
62	272	0.043478
62	279	0.045455
62	319	0.052632
62	365	0.055556
62	377	0.052632
62	385	0.058824
62	410	0.055556
63	3	0.015152
63	5	0.020408
63	10	0.012500
63	17	0.006536
63	18	0.005917
63	19	0.006579
63	20	0.007353
63	21	0.009091
63	25	0.012987
63	27	0.014493
63	32	0.009009
63	33	0.009009
63	38	0.014706
63	39	0.014085
63	40	0.014925
63	43	0.012658
63	51	0.012658
63	81	0.020833
63	118	0.032258
63	162	0.028571
63	290	0.052632
63	309	0.050000
63	381	0.055556
64	0	0.022222
64	3	0.015152
64	5	0.020408
64	8	0.010309
64	17	0.006536
64	18	0.005917
64	19	0.006579
64	22	0.011628
64	23	0.009434
64	32	0.009009
64	35	0.010309
64	37	0.011494
64	48	0.011905
64	49	0.011494
64	51	0.012658
64	56	0.015385
64	58	0.020833
64	68	0.019608
64	91	0.033333
64	106	0.026316
64	108	0.021739
64	113	0.033333
64	114	0.034483
64	119	0.027027
64	129	0.034483
64	133	0.035714
64	148	0.029412
64	155	0.037037
64	192	0.038462
64	205	0.033333
64	207	0.040000
64	208	0.027778
64	227	0.045455
64	234	0.038462
64	236	0.030303
64	250	0.041667
64	256	0.045455
64	273	0.047619
64	366	0.045455
64	417	0.058824
64	426	0.058824
64	438	0.062500
65	6	0.015625
65	8	0.010309
65	11	0.011494
65	13	0.011765
65	16	0.014286
65	19	0.006579
65	20	0.007353
65	21	0.009091
65	22	0.011628
65	23	0.009434
65	24	0.010204
65	28	0.017241
65	34	0.011494
65	35	0.010309
65	45	0.016393
65	50	0.013699
65	57	0.019231
65	69	0.019608
65	70	0.018182
65	71	0.014286
65	77	0.014286
65	81	0.020833
65	82	0.029412
65	86	0.025641
65	87	0.023810
65	100	0.022727
65	102	0.029412
65	103	0.020408
65	109	0.030303
65	112	0.027778
65	117	0.038462
65	118	0.032258
65	138	0.027027
65	156	0.043478
65	158	0.050000
65	161	0.032258
65	179	0.030303
65	204	0.045455
65	222	0.052632
65	230	0.040000
65	244	0.040000
65	250	0.041667
65	284	0.047619
65	287	0.052632
65	305	0.047619
65	320	0.047619
65	336	0.047619
65	345	0.055556
65	356	0.043478
65	366	0.045455
65	387	0.055556
65	392	0.062500
65	397	0.058824
65	399	0.052632
65	410	0.055556
65	424	0.055556
65	428	0.058824
65	433	0.058824
65	439	0.058824
65	443	0.058824
66	3	0.015152
66	4	0.020408
66	13	0.011765
66	16	0.014286
66	17	0.006536
66	18	0.005917
66	21	0.009091
66	24	0.010204
66	25	0.012987
66	35	0.010309
66	40	0.014925
66	41	0.011494
66	46	0.014286
66	52	0.013514
66	60	0.029412
66	69	0.019608
66	70	0.018182
66	76	0.025000
66	82	0.029412
66	87	0.023810
66	92	0.035714
66	94	0.043478
66	100	0.022727
66	111	0.026316
66	114	0.034483
66	152	0.028571
66	153	0.043478
66	171	0.030303
66	186	0.040000
66	188	0.055556
66	225	0.026316
66	226	0.041667
66	249	0.043478
66	257	0.043478
66	278	0.040000
66	296	0.047619
66	297	0.045455
66	306	0.050000
66	324	0.052632
66	327	0.043478
66	348	0.058824
66	365	0.055556
66	368	0.052632
66	369	0.052632
66	373	0.055556
66	374	0.058824
66	375	0.055556
66	378	0.058824
66	401	0.055556
66	417	0.058824
67	1	0.009901
67	4	0.020408
67	7	0.012987
67	10	0.012500
67	13	0.011765
67	18	0.005917
67	19	0.006579
67	20	0.007353
67	23	0.009434
67	24	0.010204
67	36	0.010753
67	37	0.011494
67	40	0.014925
67	41	0.011494
67	55	0.023810
67	72	0.022727
67	79	0.019608
67	93	0.050000
67	94	0.043478
67	95	0.041667
67	99	0.022727
67	102	0.029412
67	103	0.020408
67	107	0.021739
67	112	0.027778
67	113	0.033333
67	124	0.029412
67	126	0.041667
67	127	0.045455
67	138	0.027027
67	139	0.032258
67	141	0.027778
67	152	0.028571
67	161	0.032258
67	164	0.033333
67	180	0.043478
67	194	0.040000
67	197	0.038462
67	211	0.034483
67	217	0.041667
67	230	0.040000
67	239	0.050000
67	246	0.045455
67	249	0.043478
67	252	0.045455
67	257	0.043478
67	258	0.047619
67	260	0.050000
67	264	0.050000
67	267	0.043478
67	276	0.045455
67	279	0.045455
67	291	0.041667
67	309	0.050000
67	322	0.045455
67	324	0.052632
67	336	0.047619
67	339	0.050000
67	352	0.038462
67	355	0.052632
67	361	0.058824
67	370	0.058824
67	373	0.055556
67	381	0.055556
67	395	0.055556
67	408	0.055556
67	435	0.058824
68	5	0.020408
68	7	0.012987
68	10	0.012500
68	12	0.015625
68	13	0.011765
68	15	0.021739
68	17	0.006536
68	18	0.005917
68	25	0.012987
68	34	0.011494
68	35	0.010309
68	36	0.010753
68	40	0.014925
68	49	0.011494
68	51	0.012658
68	56	0.015385
68	64	0.023810
68	76	0.025000
68	80	0.023810
68	83	0.018519
68	101	0.021277
68	113	0.033333
68	116	0.019608
68	121	0.033333
68	149	0.033333
68	152	0.028571
68	176	0.034483
68	179	0.030303
68	181	0.041667
68	188	0.055556
68	194	0.040000
68	199	0.040000
68	209	0.043478
68	210	0.045455
68	259	0.043478
68	272	0.043478
68	281	0.045455
68	301	0.043478
68	304	0.050000
68	307	0.052632
68	314	0.052632
68	315	0.055556
68	327	0.043478
68	330	0.047619
68	332	0.052632
68	357	0.047619
68	358	0.047619
68	359	0.058824
68	387	0.055556
68	406	0.058824
68	409	0.058824
69	12	0.015625
69	15	0.021739
69	17	0.006536
69	22	0.011628
69	23	0.009434
69	25	0.012987
69	29	0.029412
69	30	0.030303
69	32	0.009009
69	39	0.014085
69	47	0.014286
69	48	0.011905
69	55	0.023810
69	59	0.019608
69	62	0.027778
69	65	0.016667
69	66	0.020000
69	72	0.022727
69	83	0.018519
69	93	0.050000
69	111	0.026316
69	113	0.033333
69	125	0.033333
69	127	0.045455
69	139	0.032258
69	150	0.028571
69	163	0.040000
69	169	0.025641
69	171	0.030303
69	174	0.045455
69	195	0.028571
69	205	0.033333
69	216	0.030303
69	246	0.045455
69	253	0.047619
69	274	0.041667
69	278	0.040000
69	295	0.050000
69	296	0.047619
69	301	0.043478
69	304	0.050000
69	335	0.050000
69	337	0.055556
69	350	0.050000
69	355	0.052632
69	357	0.047619
69	370	0.058824
69	389	0.058824
69	413	0.058824
69	432	0.058824
69	435	0.058824
70	0	0.022222
70	7	0.012987
70	8	0.010309
70	11	0.011494
70	19	0.006579
70	21	0.009091
70	25	0.012987
70	27	0.014493
70	29	0.029412
70	35	0.010309
70	36	0.010753
70	42	0.012821
70	44	0.020408
70	52	0.013514
70	61	0.047619
70	65	0.016667
70	66	0.020000
70	71	0.014286
70	73	0.017544
70	75	0.017857
70	76	0.025000
70	82	0.029412
70	84	0.030303
70	88	0.027778
70	96	0.031250
70	138	0.027027
70	143	0.032258
70	151	0.034483
70	156	0.043478
70	158	0.050000
70	161	0.032258
70	172	0.038462
70	174	0.045455
70	178	0.040000
70	187	0.043478
70	204	0.045455
70	207	0.040000
70	208	0.027778
70	210	0.045455
70	231	0.045455
70	249	0.043478
70	254	0.052632
70	263	0.052632
70	269	0.038462
70	278	0.040000
70	280	0.045455
70	304	0.050000
70	330	0.047619
70	336	0.047619
70	356	0.043478
70	371	0.047619
70	377	0.052632
70	403	0.052632
70	404	0.055556
70	440	0.058824
71	2	0.014925
71	6	0.015625
71	11	0.011494
71	15	0.021739
71	16	0.014286
71	17	0.006536
71	26	0.012658
71	32	0.009009
71	36	0.010753
71	39	0.014085
71	46	0.014286
71	47	0.014286
71	50	0.013699
71	51	0.012658
71	62	0.027778
71	65	0.016667
71	70	0.018182
71	73	0.017544
71	75	0.017857
71	87	0.023810
71	88	0.027778
71	91	0.033333
71	93	0.050000
71	94	0.043478
71	95	0.041667
71	97	0.032258
71	99	0.022727
71	103	0.020408
71	104	0.033333
71	111	0.026316
71	115	0.027027
71	127	0.045455
71	130	0.024390
71	134	0.031250
71	137	0.033333
71	148	0.029412
71	159	0.043478
71	160	0.040000
71	173	0.027027
71	175	0.037037
71	186	0.040000
71	187	0.043478
71	204	0.045455
71	208	0.027778
71	214	0.047619
71	219	0.041667
71	225	0.026316
71	238	0.033333
71	240	0.047619
71	241	0.045455
71	251	0.045455
71	252	0.045455
71	271	0.050000
71	276	0.045455
71	281	0.045455
71	293	0.045455
71	302	0.038462
71	316	0.055556
71	325	0.047619
71	328	0.045455
71	331	0.050000
71	340	0.052632
71	347	0.055556
71	353	0.055556
71	358	0.047619
71	372	0.050000
71	380	0.055556
71	402	0.052632
71	406	0.058824
71	441	0.058824
72	1	0.009901
72	4	0.020408
72	8	0.010309
72	14	0.012821
72	17	0.006536
72	18	0.005917
72	22	0.011628
72	24	0.010204
72	32	0.009009
72	33	0.009009
72	38	0.014706
72	39	0.014085
72	43	0.012658
72	48	0.011905
72	67	0.014925
72	69	0.019608
72	75	0.017857
72	77	0.014286
72	81	0.020833
72	93	0.050000
72	94	0.043478
72	109	0.030303
72	127	0.045455
72	129	0.034483
72	156	0.043478
72	166	0.037037
72	173	0.027027
72	182	0.041667
72	194	0.040000
72	199	0.040000
72	204	0.045455
72	218	0.047619
72	226	0.041667
72	245	0.050000
72	254	0.052632
72	263	0.052632
72	271	0.050000
72	288	0.045455
72	291	0.041667
72	306	0.050000
72	333	0.045455
72	337	0.055556
72	348	0.058824
72	417	0.058824
73	6	0.015625
73	12	0.015625
73	16	0.014286
73	19	0.006579
73	22	0.011628
73	25	0.012987
73	26	0.012658
73	27	0.014493
73	33	0.009009
73	34	0.011494
73	35	0.010309
73	36	0.010753
73	49	0.011494
73	54	0.020408
73	70	0.018182
73	71	0.014286
73	83	0.018519
73	85	0.022222
73	86	0.025641
73	88	0.027778
73	91	0.033333
73	103	0.020408
73	105	0.023810
73	107	0.021739
73	109	0.030303
73	115	0.027027
73	123	0.037037
73	124	0.029412
73	126	0.041667
73	133	0.035714
73	139	0.032258
73	143	0.032258
73	145	0.031250
73	147	0.030303
73	150	0.028571
73	154	0.037037
73	174	0.045455
73	179	0.030303
73	197	0.038462
73	212	0.037037
73	219	0.041667
73	220	0.041667
73	223	0.052632
73	240	0.047619
73	282	0.043478
73	287	0.052632
73	297	0.045455
73	344	0.058824
73	361	0.058824
73	365	0.055556
73	380	0.055556
73	383	0.055556
73	402	0.052632
73	405	0.058824
73	411	0.052632
73	425	0.055556
73	429	0.058824
74	7	0.012987
74	8	0.010309
74	12	0.015625
74	13	0.011765
74	17	0.006536
74	22	0.011628
74	27	0.014493
74	32	0.009009
74	33	0.009009
74	36	0.010753
74	37	0.011494
74	41	0.011494
74	42	0.012821
74	43	0.012658
74	44	0.020408
74	56	0.015385
74	58	0.020833
74	75	0.017857
74	77	0.014286
74	82	0.029412
74	91	0.033333
74	93	0.050000
74	104	0.033333
74	109	0.030303
74	110	0.018519
74	113	0.033333
74	121	0.033333
74	129	0.034483
74	134	0.031250
74	158	0.050000
74	172	0.038462
74	184	0.043478
74	186	0.040000
74	194	0.040000
74	196	0.038462
74	209	0.043478
74	236	0.030303
74	265	0.045455
74	276	0.045455
74	279	0.045455
74	290	0.052632
74	294	0.050000
74	318	0.058824
74	341	0.050000
74	347	0.055556
74	349	0.055556
74	356	0.043478
74	377	0.052632
74	394	0.055556
74	395	0.055556
74	399	0.052632
74	401	0.055556
74	402	0.052632
74	408	0.055556
75	3	0.015152
75	7	0.012987
75	8	0.010309
75	11	0.011494
75	16	0.014286
75	32	0.009009
75	33	0.009009
75	36	0.010753
75	44	0.020408
75	45	0.016393
75	47	0.014286
75	51	0.012658
75	58	0.020833
75	70	0.018182
75	71	0.014286
75	72	0.022727
75	74	0.018519
75	77	0.014286
75	93	0.050000
75	98	0.018182
75	111	0.026316
75	128	0.032258
75	133	0.035714
75	158	0.050000
75	162	0.028571
75	170	0.034483
75	180	0.043478
75	188	0.055556
75	189	0.052632
75	191	0.052632
75	221	0.052632
75	231	0.045455
75	241	0.045455
75	247	0.043478
75	253	0.047619
75	258	0.047619
75	269	0.038462
75	274	0.041667
75	288	0.045455
75	289	0.040000
75	299	0.045455
75	327	0.043478
75	329	0.047619
75	335	0.050000
75	342	0.050000
75	350	0.050000
75	356	0.043478
75	357	0.047619
75	369	0.052632
75	390	0.058824
75	408	0.055556
75	409	0.058824
75	410	0.055556
75	427	0.058824
75	433	0.058824
75	436	0.058824
76	1	0.009901
76	11	0.011494
76	17	0.006536
76	22	0.011628
76	27	0.014493
76	28	0.017241
76	33	0.009009
76	35	0.010309
76	38	0.014706
76	39	0.014085
76	48	0.011905
76	51	0.012658
76	58	0.020833
76	59	0.019608
76	66	0.020000
76	68	0.019608
76	70	0.018182
76	79	0.019608
76	89	0.029412
76	91	0.033333
76	96	0.031250
76	127	0.045455
76	145	0.031250
76	149	0.033333
76	172	0.038462
76	182	0.041667
76	192	0.038462
76	209	0.043478
76	235	0.043478
76	237	0.040000
76	248	0.035714
76	257	0.043478
76	259	0.043478
76	260	0.050000
76	285	0.050000
76	298	0.058824
76	302	0.038462
76	327	0.043478
76	367	0.058824
76	400	0.047619
77	1	0.009901
77	13	0.011765
77	17	0.006536
77	19	0.006579
77	21	0.009091
77	23	0.009434
77	36	0.010753
77	41	0.011494
77	42	0.012821
77	44	0.020408
77	55	0.023810
77	56	0.015385
77	59	0.019608
77	65	0.016667
77	72	0.022727
77	74	0.018519
77	75	0.017857
77	87	0.023810
77	92	0.035714
77	96	0.031250
77	107	0.021739
77	109	0.030303
77	111	0.026316
77	112	0.027778
77	118	0.032258
77	119	0.027027
77	124	0.029412
77	144	0.038462
77	145	0.031250
77	146	0.027027
77	148	0.029412
77	156	0.043478
77	160	0.040000
77	168	0.027778
77	173	0.027027
77	188	0.055556
77	196	0.038462
77	202	0.037037
77	210	0.045455
77	212	0.037037
77	221	0.052632
77	224	0.041667
77	232	0.040000
77	233	0.043478
77	239	0.050000
77	246	0.045455
77	259	0.043478
77	261	0.035714
77	274	0.041667
77	277	0.050000
77	289	0.040000
77	294	0.050000
77	296	0.047619
77	302	0.038462
77	308	0.055556
77	315	0.055556
77	346	0.050000
77	353	0.055556
77	357	0.047619
77	362	0.050000
77	371	0.047619
77	375	0.055556
77	408	0.055556
77	409	0.058824
77	413	0.058824
77	420	0.058824
77	429	0.058824
77	435	0.058824
77	436	0.058824
77	441	0.058824
78	1	0.009901
78	3	0.015152
78	17	0.006536
78	19	0.006579
78	20	0.007353
78	23	0.009434
78	26	0.012658
78	32	0.009009
78	33	0.009009
78	36	0.010753
78	41	0.011494
78	50	0.013699
78	52	0.013514
78	56	0.015385
78	58	0.020833
78	59	0.019608
78	83	0.018519
78	85	0.022222
78	100	0.022727
78	103	0.020408
78	126	0.041667
78	138	0.027027
78	140	0.034483
78	142	0.040000
78	147	0.030303
78	158	0.050000
78	161	0.032258
78	166	0.037037
78	182	0.041667
78	187	0.043478
78	198	0.035714
78	226	0.041667
78	245	0.050000
78	257	0.043478
78	266	0.043478
78	291	0.041667
78	294	0.050000
78	299	0.045455
78	316	0.055556
78	334	0.058824
78	344	0.058824
78	349	0.055556
78	360	0.047619
78	384	0.055556
78	385	0.058824
78	392	0.062500
78	399	0.052632
78	433	0.058824
78	439	0.058824
79	1	0.009901
79	2	0.014925
79	3	0.015152
79	7	0.012987
79	8	0.010309
79	9	0.031250
79	11	0.011494
79	14	0.012821
79	15	0.021739
79	19	0.006579
79	27	0.014493
79	34	0.011494
79	42	0.012821
79	43	0.012658
79	51	0.012658
79	67	0.014925
79	76	0.025000
79	85	0.022222
79	87	0.023810
79	89	0.029412
79	98	0.018182
79	103	0.020408
79	105	0.023810
79	120	0.032258
79	151	0.034483
79	157	0.043478
79	162	0.028571
79	164	0.033333
79	170	0.034483
79	184	0.043478
79	194	0.040000
79	225	0.026316
79	244	0.040000
79	258	0.047619
79	259	0.043478
79	261	0.035714
79	264	0.050000
79	279	0.045455
79	295	0.050000
79	309	0.050000
79	319	0.052632
79	321	0.050000
79	342	0.050000
79	348	0.058824
79	365	0.055556
79	372	0.050000
79	378	0.058824
79	389	0.058824
79	408	0.055556
79	412	0.058824
79	431	0.055556
80	1	0.009901
80	3	0.015152
80	8	0.010309
80	11	0.011494
80	15	0.021739
80	18	0.005917
80	21	0.009091
80	24	0.010204
80	35	0.010309
80	36	0.010753
80	39	0.014085
80	41	0.011494
80	42	0.012821
80	52	0.013514
80	53	0.021739
80	54	0.020408
80	68	0.019608
80	82	0.029412
80	84	0.030303
80	88	0.027778
80	109	0.030303
80	111	0.026316
80	121	0.033333
80	133	0.035714
80	134	0.031250
80	145	0.031250
80	222	0.052632
80	228	0.050000
80	231	0.045455
80	233	0.043478
80	241	0.045455
80	278	0.040000
80	283	0.047619
80	286	0.058824
80	287	0.052632
80	290	0.052632
80	310	0.050000
80	369	0.052632
80	406	0.058824
80	418	0.058824
80	429	0.058824
80	433	0.058824
81	1	0.009901
81	3	0.015152
81	9	0.031250
81	11	0.011494
81	15	0.021739
81	16	0.014286
81	17	0.006536
81	18	0.005917
81	19	0.006579
81	22	0.011628
81	25	0.012987
81	42	0.012821
81	54	0.020408
81	58	0.020833
81	63	0.043478
81	65	0.016667
81	72	0.022727
81	94	0.043478
81	102	0.029412
81	114	0.034483
81	115	0.027027
81	121	0.033333
81	122	0.033333
81	127	0.045455
81	128	0.032258
81	131	0.025641
81	132	0.035714
81	136	0.024390
81	142	0.040000
81	145	0.031250
81	150	0.028571
81	170	0.034483
81	175	0.037037
81	231	0.045455
81	236	0.030303
81	240	0.047619
81	251	0.045455
81	266	0.043478
81	284	0.047619
81	286	0.058824
81	291	0.041667
81	348	0.058824
81	354	0.052632
81	366	0.045455
81	377	0.052632
81	388	0.058824
81	391	0.045455
81	418	0.058824
82	1	0.009901
82	11	0.011494
82	13	0.011765
82	20	0.007353
82	23	0.009434
82	25	0.012987
82	39	0.014085
82	40	0.014925
82	44	0.020408
82	46	0.014286
82	48	0.011905
82	59	0.019608
82	65	0.016667
82	66	0.020000
82	70	0.018182
82	74	0.018519
82	80	0.023810
82	95	0.041667
82	105	0.023810
82	107	0.021739
82	127	0.045455
82	134	0.031250
82	153	0.043478
82	158	0.050000
82	169	0.025641
82	226	0.041667
82	236	0.030303
82	251	0.045455
82	252	0.045455
82	281	0.045455
82	287	0.052632
82	294	0.050000
82	339	0.050000
82	343	0.052632
83	0	0.022222
83	1	0.009901
83	2	0.014925
83	6	0.015625
83	12	0.015625
83	16	0.014286
83	20	0.007353
83	23	0.009434
83	27	0.014493
83	35	0.010309
83	37	0.011494
83	41	0.011494
83	58	0.020833
83	68	0.019608
83	69	0.019608
83	73	0.017544
83	78	0.020408
83	89	0.029412
83	93	0.050000
83	98	0.018182
83	99	0.022727
83	102	0.029412
83	104	0.033333
83	108	0.021739
83	118	0.032258
83	124	0.029412
83	133	0.035714
83	167	0.037037
83	170	0.034483
83	178	0.040000
83	189	0.052632
83	190	0.038462
83	195	0.028571
83	212	0.037037
83	213	0.034483
83	215	0.043478
83	216	0.030303
83	218	0.047619
83	221	0.052632
83	250	0.041667
83	255	0.052632
83	264	0.050000
83	291	0.041667
83	328	0.045455
83	339	0.050000
83	351	0.055556
83	354	0.052632
83	370	0.058824
83	377	0.052632
83	381	0.055556
83	384	0.055556
83	397	0.058824
83	425	0.055556
83	443	0.058824
84	1	0.009901
84	7	0.012987
84	8	0.010309
84	9	0.031250
84	17	0.006536
84	18	0.005917
84	19	0.006579
84	23	0.009434
84	26	0.012658
84	39	0.014085
84	43	0.012658
84	46	0.014286
84	47	0.014286
84	51	0.012658
84	53	0.021739
84	70	0.018182
84	80	0.023810
84	90	0.027778
84	124	0.029412
84	135	0.024390
84	183	0.041667
84	193	0.038462
84	215	0.043478
84	228	0.050000
84	234	0.038462
84	255	0.052632
84	298	0.058824
84	330	0.047619
84	353	0.055556
84	378	0.058824
84	383	0.055556
84	397	0.058824
84	403	0.052632
85	1	0.009901
85	10	0.012500
85	12	0.015625
85	13	0.011765
85	14	0.012821
85	19	0.006579
85	34	0.011494
85	37	0.011494
85	38	0.014706
85	39	0.014085
85	40	0.014925
85	45	0.016393
85	50	0.013699
85	52	0.013514
85	73	0.017544
85	78	0.020408
85	79	0.019608
85	87	0.023810
85	92	0.035714
85	95	0.041667
85	96	0.031250
85	99	0.022727
85	101	0.021277
85	115	0.027027
85	133	0.035714
85	150	0.028571
85	183	0.041667
85	201	0.041667
85	206	0.038462
85	230	0.040000
85	253	0.047619
85	259	0.043478
85	262	0.041667
85	274	0.041667
85	277	0.050000
85	281	0.045455
85	291	0.041667
85	295	0.050000
85	306	0.050000
85	316	0.055556
85	350	0.050000
85	353	0.055556
85	361	0.058824
85	372	0.050000
85	425	0.055556
86	11	0.011494
86	13	0.011765
86	16	0.014286
86	17	0.006536
86	19	0.006579
86	26	0.012658
86	28	0.017241
86	32	0.009009
86	36	0.010753
86	43	0.012658
86	47	0.014286
86	48	0.011905
86	49	0.011494
86	52	0.013514
86	65	0.016667
86	73	0.017544
86	91	0.033333
86	97	0.032258
86	105	0.023810
86	109	0.030303
86	125	0.033333
86	141	0.027778
86	191	0.052632
86	212	0.037037
86	216	0.030303
86	227	0.045455
86	241	0.045455
86	263	0.052632
86	273	0.047619
86	275	0.055556
86	285	0.050000
86	292	0.050000
86	294	0.050000
86	297	0.045455
86	322	0.045455
86	328	0.045455
86	354	0.052632
86	406	0.058824
86	439	0.058824
87	1	0.009901
87	3	0.015152
87	8	0.010309
87	13	0.011765
87	19	0.006579
87	23	0.009434
87	24	0.010204
87	28	0.017241
87	41	0.011494
87	49	0.011494
87	56	0.015385
87	65	0.016667
87	66	0.020000
87	71	0.014286
87	77	0.014286
87	79	0.019608
87	85	0.022222
87	88	0.027778
87	89	0.029412
87	94	0.043478
87	100	0.022727
87	108	0.021739
87	128	0.032258
87	141	0.027778
87	143	0.032258
87	155	0.037037
87	156	0.043478
87	162	0.028571
87	174	0.045455
87	188	0.055556
87	192	0.038462
87	223	0.052632
87	225	0.026316
87	233	0.043478
87	253	0.047619
87	256	0.045455
87	306	0.050000
87	319	0.052632
87	321	0.050000
87	322	0.045455
87	342	0.050000
87	380	0.055556
88	11	0.011494
88	12	0.015625
88	15	0.021739
88	17	0.006536
88	21	0.009091
88	22	0.011628
88	32	0.009009
88	42	0.012821
88	47	0.014286
88	48	0.011905
88	58	0.020833
88	70	0.018182
88	71	0.014286
88	73	0.017544
88	80	0.023810
88	87	0.023810
88	98	0.018182
88	109	0.030303
88	110	0.018519
88	113	0.033333
88	126	0.041667
88	130	0.024390
88	149	0.033333
88	153	0.043478
88	174	0.045455
88	194	0.040000
88	203	0.041667
88	254	0.052632
88	256	0.045455
88	262	0.041667
88	265	0.045455
88	272	0.043478
88	273	0.047619
88	276	0.045455
88	304	0.050000
88	410	0.055556
89	6	0.015625
89	12	0.015625
89	18	0.005917
89	26	0.012658
89	32	0.009009
89	34	0.011494
89	36	0.010753
89	37	0.011494
89	38	0.014706
89	40	0.014925
89	41	0.011494
89	59	0.019608
89	61	0.047619
89	76	0.025000
89	79	0.019608
89	83	0.018519
89	87	0.023810
89	108	0.021739
89	116	0.019608
89	128	0.032258
89	145	0.031250
89	173	0.027027
89	184	0.043478
89	194	0.040000
89	201	0.041667
89	207	0.040000
89	224	0.041667
89	268	0.035714
89	281	0.045455
89	299	0.045455
89	300	0.041667
89	307	0.052632
89	322	0.045455
89	329	0.047619
90	6	0.015625
90	15	0.021739
90	16	0.014286
90	18	0.005917
90	23	0.009434
90	25	0.012987
90	28	0.017241
90	29	0.029412
90	31	0.050000
90	36	0.010753
90	39	0.014085
90	44	0.020408
90	47	0.014286
90	49	0.011494
90	51	0.012658
90	60	0.029412
90	84	0.030303
90	113	0.033333
90	130	0.024390
90	149	0.033333
90	198	0.035714
90	201	0.041667
90	206	0.038462
90	217	0.041667
90	229	0.033333
90	232	0.040000
90	238	0.033333
90	255	0.052632
90	269	0.038462
90	308	0.055556
90	345	0.055556
90	353	0.055556
90	373	0.055556
90	380	0.055556
90	403	0.052632
90	423	0.058824
91	6	0.015625
91	21	0.009091
91	22	0.011628
91	25	0.012987
91	32	0.009009
91	34	0.011494
91	35	0.010309
91	42	0.012821
91	48	0.011905
91	56	0.015385
91	59	0.019608
91	64	0.023810
91	71	0.014286
91	73	0.017544
91	74	0.018519
91	76	0.025000
91	86	0.025641
91	175	0.037037
91	186	0.040000
91	192	0.038462
91	213	0.034483
91	246	0.045455
91	256	0.045455
91	269	0.038462
91	323	0.052632
91	331	0.050000
91	334	0.058824
91	380	0.055556
91	385	0.058824
91	405	0.058824
92	1	0.009901
92	10	0.012500
92	16	0.014286
92	17	0.006536
92	18	0.005917
92	20	0.007353
92	21	0.009091
92	48	0.011905
92	49	0.011494
92	51	0.012658
92	53	0.021739
92	57	0.019231
92	59	0.019608
92	66	0.020000
92	77	0.014286
92	85	0.022222
92	107	0.021739
92	111	0.026316
92	113	0.033333
92	132	0.035714
92	144	0.038462
92	146	0.027027
92	148	0.029412
92	269	0.038462
92	331	0.050000
92	390	0.058824
92	415	0.058824
92	424	0.055556
93	5	0.020408
93	17	0.006536
93	22	0.011628
93	34	0.011494
93	35	0.010309
93	40	0.014925
93	41	0.011494
93	45	0.016393
93	47	0.014286
93	52	0.013514
93	67	0.014925
93	69	0.019608
93	71	0.014286
93	72	0.022727
93	74	0.018519
93	75	0.017857
93	83	0.018519
93	272	0.043478
93	397	0.058824
93	401	0.055556
94	12	0.015625
94	15	0.021739
94	16	0.014286
94	19	0.006579
94	24	0.010204
94	32	0.009009
94	35	0.010309
94	37	0.011494
94	47	0.014286
94	56	0.015385
94	60	0.029412
94	66	0.020000
94	67	0.014925
94	71	0.014286
94	72	0.022727
94	81	0.020833
94	87	0.023810
94	134	0.031250
94	151	0.034483
94	273	0.047619
94	374	0.058824
94	391	0.045455
94	424	0.055556
95	1	0.009901
95	9	0.031250
95	18	0.005917
95	21	0.009091
95	35	0.010309
95	36	0.010753
95	42	0.012821
95	49	0.011494
95	50	0.013699
95	51	0.012658
95	52	0.013514
95	53	0.021739
95	55	0.023810
95	67	0.014925
95	71	0.014286
95	82	0.029412
95	85	0.022222
95	146	0.027027
95	177	0.034483
95	202	0.037037
95	267	0.043478
95	310	0.050000
95	380	0.055556
95	424	0.055556
96	13	0.011765
96	14	0.012821
96	17	0.006536
96	21	0.009091
96	22	0.011628
96	24	0.010204
96	33	0.009009
96	40	0.014925
96	41	0.011494
96	44	0.020408
96	49	0.011494
96	52	0.013514
96	56	0.015385
96	70	0.018182
96	76	0.025000
96	77	0.014286
96	85	0.022222
96	97	0.032258
96	99	0.022727
96	120	0.032258
96	157	0.043478
96	168	0.027778
96	195	0.028571
96	200	0.037037
96	212	0.037037
96	213	0.034483
96	236	0.030303
96	238	0.033333
96	265	0.045455
96	267	0.043478
96	295	0.050000
96	301	0.043478
97	4	0.020408
97	11	0.011494
97	14	0.012821
97	22	0.011628
97	24	0.010204
97	27	0.014493
97	33	0.009009
97	38	0.014706
97	43	0.012658
97	46	0.014286
97	49	0.011494
97	55	0.023810
97	59	0.019608
97	71	0.014286
97	86	0.025641
97	96	0.031250
97	125	0.033333
97	142	0.040000
97	161	0.032258
97	190	0.038462
97	235	0.043478
97	247	0.043478
97	282	0.043478
97	313	0.047619
97	376	0.058824
97	384	0.055556
97	387	0.055556
97	396	0.052632
97	419	0.055556
97	426	0.058824
97	440	0.058824
98	1	0.009901
98	8	0.010309
98	13	0.011765
98	20	0.007353
98	35	0.010309
98	37	0.011494
98	39	0.014085
98	41	0.011494
98	42	0.012821
98	45	0.016393
98	53	0.021739
98	55	0.023810
98	57	0.019231
98	75	0.017857
98	79	0.019608
98	83	0.018519
98	88	0.027778
98	101	0.021277
98	102	0.029412
98	103	0.020408
98	110	0.018519
98	121	0.033333
98	135	0.024390
98	165	0.025641
98	167	0.037037
98	170	0.034483
98	176	0.034483
98	184	0.043478
98	191	0.052632
98	193	0.038462
98	201	0.041667
98	202	0.037037
98	205	0.033333
98	219	0.041667
98	229	0.033333
98	238	0.033333
98	244	0.040000
98	250	0.041667
98	260	0.050000
98	264	0.050000
98	271	0.050000
98	288	0.045455
98	289	0.040000
98	305	0.047619
98	323	0.052632
98	330	0.047619
98	332	0.052632
98	349	0.055556
98	351	0.055556
98	361	0.058824
98	377	0.052632
98	401	0.055556
98	408	0.055556
98	422	0.058824
98	439	0.058824
99	8	0.010309
99	10	0.012500
99	11	0.011494
99	27	0.014493
99	32	0.009009
99	33	0.009009
99	40	0.014925
99	46	0.014286
99	48	0.011905
99	51	0.012658
99	56	0.015385
99	58	0.020833
99	67	0.014925
99	71	0.014286
99	83	0.018519
99	85	0.022222
99	96	0.031250
99	117	0.038462
99	124	0.029412
99	132	0.035714
99	138	0.027027
99	140	0.034483
99	146	0.027027
99	152	0.028571
99	159	0.043478
99	163	0.040000
99	169	0.025641
99	177	0.034483
99	187	0.043478
99	188	0.055556
99	220	0.041667
99	244	0.040000
99	250	0.041667
99	295	0.050000
99	296	0.047619
99	319	0.052632
99	320	0.047619
99	334	0.058824
99	337	0.055556
99	371	0.047619
99	392	0.062500
99	409	0.058824
99	415	0.058824
99	442	0.058824
100	1	0.009901
100	4	0.020408
100	15	0.021739
100	19	0.006579
100	20	0.007353
100	23	0.009434
100	24	0.010204
100	33	0.009009
100	38	0.014706
100	42	0.012821
100	43	0.012658
100	46	0.014286
100	56	0.015385
100	65	0.016667
100	66	0.020000
100	78	0.020408
100	87	0.023810
100	105	0.023810
100	112	0.027778
100	115	0.027027
100	119	0.027027
100	121	0.033333
100	127	0.045455
100	154	0.037037
100	155	0.037037
100	166	0.037037
100	177	0.034483
100	186	0.040000
100	191	0.052632
100	204	0.045455
100	206	0.038462
100	226	0.041667
100	250	0.041667
100	260	0.050000
100	261	0.035714
100	282	0.043478
100	293	0.045455
100	315	0.055556
100	319	0.052632
100	333	0.045455
100	352	0.038462
100	356	0.043478
100	372	0.050000
100	381	0.055556
101	2	0.014925
101	6	0.015625
101	8	0.010309
101	10	0.012500
101	11	0.011494
101	13	0.011765
101	14	0.012821
101	16	0.014286
101	18	0.005917
101	32	0.009009
101	33	0.009009
101	41	0.011494
101	42	0.012821
101	45	0.016393
101	68	0.019608
101	85	0.022222
101	98	0.018182
101	105	0.023810
101	120	0.032258
101	122	0.033333
101	133	0.035714
101	135	0.024390
101	137	0.033333
101	140	0.034483
101	143	0.032258
101	175	0.037037
101	180	0.043478
101	201	0.041667
101	210	0.045455
101	237	0.040000
101	243	0.034483
101	253	0.047619
101	254	0.052632
101	255	0.052632
101	268	0.035714
101	270	0.033333
101	286	0.058824
101	310	0.050000
101	327	0.043478
101	343	0.052632
101	365	0.055556
101	382	0.058824
101	387	0.055556
101	399	0.052632
101	431	0.055556
101	435	0.058824
101	438	0.062500
102	2	0.014925
102	5	0.020408
102	10	0.012500
102	11	0.011494
102	18	0.005917
102	19	0.006579
102	20	0.007353
102	22	0.011628
102	32	0.009009
102	43	0.012658
102	46	0.014286
102	65	0.016667
102	67	0.014925
102	81	0.020833
102	83	0.018519
102	98	0.018182
102	107	0.021739
102	123	0.037037
102	131	0.025641
102	133	0.035714
102	148	0.029412
102	155	0.037037
102	180	0.043478
102	189	0.052632
102	203	0.041667
102	215	0.043478
102	282	0.043478
102	296	0.047619
102	318	0.058824
102	384	0.055556
102	402	0.052632
102	403	0.052632
102	413	0.058824
102	429	0.058824
103	1	0.009901
103	17	0.006536
103	25	0.012987
103	33	0.009009
103	36	0.010753
103	39	0.014085
103	45	0.016393
103	51	0.012658
103	56	0.015385
103	58	0.020833
103	65	0.016667
103	67	0.014925
103	71	0.014286
103	73	0.017544
103	78	0.020408
103	79	0.019608
103	98	0.018182
103	109	0.030303
103	115	0.027027
103	122	0.033333
103	140	0.034483
103	146	0.027027
103	147	0.030303
103	151	0.034483
103	157	0.043478
103	164	0.033333
103	166	0.037037
103	181	0.041667
103	182	0.041667
103	222	0.052632
103	231	0.045455
103	235	0.043478
103	240	0.047619
103	263	0.052632
103	267	0.043478
103	283	0.047619
103	288	0.045455
103	298	0.058824
103	323	0.052632
103	338	0.045455
103	345	0.055556
103	348	0.058824
103	351	0.055556
103	369	0.052632
103	386	0.055556
103	398	0.062500
103	409	0.058824
103	433	0.058824
103	439	0.058824
104	8	0.010309
104	9	0.031250
104	13	0.011765
104	23	0.009434
104	26	0.012658
104	32	0.009009
104	37	0.011494
104	43	0.012658
104	45	0.016393
104	47	0.014286
104	48	0.011905
104	50	0.013699
104	52	0.013514
104	57	0.019231
104	71	0.014286
104	74	0.018519
104	83	0.018519
104	189	0.052632
104	214	0.047619
104	215	0.043478
104	233	0.043478
104	244	0.040000
104	269	0.038462
104	295	0.050000
104	308	0.055556
104	332	0.052632
104	349	0.055556
104	401	0.055556
104	416	0.052632
104	433	0.058824
105	0	0.022222
105	8	0.010309
105	11	0.011494
105	12	0.015625
105	19	0.006579
105	21	0.009091
105	32	0.009009
105	40	0.014925
105	48	0.011905
105	51	0.012658
105	62	0.027778
105	73	0.017544
105	79	0.019608
105	82	0.029412
105	86	0.025641
105	100	0.022727
105	101	0.021277
105	122	0.033333
105	125	0.033333
105	127	0.045455
105	131	0.025641
105	133	0.035714
105	152	0.028571
105	157	0.043478
105	181	0.041667
105	188	0.055556
105	217	0.041667
105	230	0.040000
105	233	0.043478
105	254	0.052632
105	262	0.041667
105	286	0.058824
105	345	0.055556
105	352	0.038462
105	359	0.058824
105	371	0.047619
105	378	0.058824
105	381	0.055556
105	385	0.058824
105	407	0.058824
105	420	0.058824
105	423	0.058824
106	4	0.020408
106	6	0.015625
106	7	0.012987
106	8	0.010309
106	17	0.006536
106	18	0.005917
106	19	0.006579
106	20	0.007353
106	22	0.011628
106	24	0.010204
106	26	0.012658
106	34	0.011494
106	35	0.010309
106	47	0.014286
106	51	0.012658
106	57	0.019231
106	64	0.023810
106	109	0.030303
106	123	0.037037
106	125	0.033333
106	131	0.025641
106	140	0.034483
106	144	0.038462
106	160	0.040000
106	184	0.043478
106	190	0.038462
106	195	0.028571
106	198	0.035714
106	205	0.033333
106	211	0.034483
106	251	0.045455
106	262	0.041667
106	270	0.033333
106	296	0.047619
106	314	0.052632
106	354	0.052632
106	431	0.055556
106	436	0.058824
107	1	0.009901
107	5	0.020408
107	10	0.012500
107	14	0.012821
107	18	0.005917
107	20	0.007353
107	22	0.011628
107	32	0.009009
107	48	0.011905
107	50	0.013699
107	56	0.015385
107	67	0.014925
107	73	0.017544
107	77	0.014286
107	82	0.029412
107	92	0.035714
107	102	0.029412
107	109	0.030303
107	116	0.019608
107	120	0.032258
107	131	0.025641
107	133	0.035714
107	147	0.030303
107	153	0.043478
107	166	0.037037
107	168	0.027778
107	171	0.030303
107	173	0.027027
107	174	0.045455
107	179	0.030303
107	182	0.041667
107	189	0.052632
107	213	0.034483
107	246	0.045455
107	262	0.041667
107	282	0.043478
107	292	0.050000
107	328	0.045455
107	335	0.050000
107	340	0.052632
107	362	0.050000
107	380	0.055556
107	383	0.055556
107	391	0.045455
107	411	0.052632
107	413	0.058824
108	6	0.015625
108	7	0.012987
108	8	0.010309
108	11	0.011494
108	19	0.006579
108	22	0.011628
108	24	0.010204
108	27	0.014493
108	35	0.010309
108	46	0.014286
108	47	0.014286
108	48	0.011905
108	51	0.012658
108	64	0.023810
108	83	0.018519
108	87	0.023810
108	89	0.029412
108	120	0.032258
108	123	0.037037
108	131	0.025641
108	148	0.029412
108	152	0.028571
108	153	0.043478
108	184	0.043478
108	185	0.040000
108	189	0.052632
108	212	0.037037
108	214	0.047619
108	215	0.043478
108	229	0.033333
108	284	0.047619
108	295	0.050000
108	296	0.047619
108	299	0.045455
108	302	0.038462
108	307	0.052632
108	310	0.050000
108	318	0.058824
108	322	0.045455
108	326	0.041667
108	330	0.047619
108	335	0.050000
108	367	0.058824
108	372	0.050000
108	425	0.055556
108	436	0.058824
109	8	0.010309
109	19	0.006579
109	46	0.014286
109	50	0.013699
109	52	0.013514
109	65	0.016667
109	72	0.022727
109	73	0.017544
109	74	0.018519
109	77	0.014286
109	80	0.023810
109	86	0.025641
109	88	0.027778
109	103	0.020408
109	106	0.026316
109	107	0.021739
109	144	0.038462
109	149	0.033333
109	150	0.028571
109	154	0.037037
109	165	0.025641
109	167	0.037037
109	173	0.027027
109	184	0.043478
109	199	0.040000
109	222	0.052632
109	231	0.045455
109	249	0.043478
109	297	0.045455
109	309	0.050000
109	330	0.047619
109	351	0.055556
109	436	0.058824
110	1	0.009901
110	3	0.015152
110	17	0.006536
110	18	0.005917
110	21	0.009091
110	23	0.009434
110	32	0.009009
110	33	0.009009
110	34	0.011494
110	38	0.014706
110	39	0.014085
110	40	0.014925
110	49	0.011494
110	55	0.023810
110	74	0.018519
110	88	0.027778
110	98	0.018182
110	116	0.019608
110	117	0.038462
110	119	0.027027
110	121	0.033333
110	122	0.033333
110	124	0.029412
110	132	0.035714
110	134	0.031250
110	140	0.034483
110	141	0.027778
110	165	0.025641
110	185	0.040000
110	210	0.045455
110	219	0.041667
110	225	0.026316
110	227	0.045455
110	246	0.045455
110	247	0.043478
110	255	0.052632
110	285	0.050000
110	287	0.052632
110	295	0.050000
110	296	0.047619
110	300	0.041667
110	329	0.047619
110	333	0.045455
110	334	0.058824
110	345	0.055556
110	350	0.050000
110	367	0.058824
110	381	0.055556
110	383	0.055556
110	385	0.058824
110	404	0.055556
110	414	0.058824
110	415	0.058824
110	431	0.055556
111	11	0.011494
111	19	0.006579
111	23	0.009434
111	32	0.009009
111	38	0.014706
111	41	0.011494
111	44	0.020408
111	48	0.011905
111	52	0.013514
111	53	0.021739
111	66	0.020000
111	69	0.019608
111	71	0.014286
111	75	0.017857
111	77	0.014286
111	80	0.023810
111	92	0.035714
111	127	0.045455
111	139	0.032258
111	194	0.040000
111	196	0.038462
111	206	0.038462
111	211	0.034483
111	215	0.043478
111	235	0.043478
111	246	0.045455
111	261	0.035714
111	270	0.033333
111	277	0.050000
111	292	0.050000
111	300	0.041667
111	306	0.050000
111	326	0.041667
111	341	0.050000
111	351	0.055556
111	373	0.055556
111	374	0.058824
111	405	0.058824
112	4	0.020408
112	8	0.010309
112	10	0.012500
112	13	0.011765
112	15	0.021739
112	17	0.006536
112	19	0.006579
112	23	0.009434
112	24	0.010204
112	27	0.014493
112	36	0.010753
112	49	0.011494
112	52	0.013514
112	65	0.016667
112	67	0.014925
112	77	0.014286
112	100	0.022727
112	122	0.033333
112	139	0.032258
112	149	0.033333
112	153	0.043478
112	198	0.035714
112	204	0.045455
112	232	0.040000
112	243	0.034483
112	244	0.040000
112	283	0.047619
112	284	0.047619
112	334	0.058824
112	373	0.055556
112	384	0.055556
112	387	0.055556
112	411	0.052632
112	412	0.058824
112	430	0.058824
112	441	0.058824
113	2	0.014925
113	19	0.006579
113	33	0.009009
113	35	0.010309
113	41	0.011494
113	44	0.020408
113	49	0.011494
113	50	0.013699
113	55	0.023810
113	64	0.023810
113	67	0.014925
113	68	0.019608
113	69	0.019608
113	74	0.018519
113	88	0.027778
113	90	0.027778
113	92	0.035714
113	114	0.034483
113	189	0.052632
113	209	0.043478
113	233	0.043478
113	240	0.047619
113	250	0.041667
113	279	0.045455
113	281	0.045455
113	323	0.052632
113	333	0.045455
113	344	0.058824
113	389	0.058824
113	406	0.058824
114	4	0.020408
114	12	0.015625
114	19	0.006579
114	23	0.009434
114	26	0.012658
114	32	0.009009
114	35	0.010309
114	36	0.010753
114	43	0.012658
114	44	0.020408
114	52	0.013514
114	54	0.020408
114	57	0.019231
114	64	0.023810
114	66	0.020000
114	81	0.020833
114	113	0.033333
114	135	0.024390
114	178	0.040000
114	208	0.027778
114	215	0.043478
114	220	0.041667
114	224	0.041667
114	251	0.045455
114	282	0.043478
114	307	0.052632
114	333	0.045455
114	347	0.055556
114	360	0.047619
115	5	0.020408
115	16	0.014286
115	18	0.005917
115	19	0.006579
115	21	0.009091
115	33	0.009009
115	39	0.014085
115	45	0.016393
115	47	0.014286
115	49	0.011494
115	52	0.013514
115	71	0.014286
115	73	0.017544
115	81	0.020833
115	85	0.022222
115	100	0.022727
115	103	0.020408
115	139	0.032258
115	143	0.032258
115	151	0.034483
115	154	0.037037
115	157	0.043478
115	168	0.027778
115	199	0.040000
115	263	0.052632
115	270	0.033333
115	287	0.052632
115	300	0.041667
115	310	0.050000
115	316	0.055556
115	343	0.052632
115	346	0.050000
115	366	0.045455
115	369	0.052632
115	416	0.052632
115	427	0.058824
115	435	0.058824
116	8	0.010309
116	10	0.012500
116	11	0.011494
116	23	0.009434
116	24	0.010204
116	26	0.012658
116	32	0.009009
116	33	0.009009
116	44	0.020408
116	46	0.014286
116	47	0.014286
116	57	0.019231
116	62	0.027778
116	68	0.019608
116	89	0.029412
116	107	0.021739
116	110	0.018519
116	132	0.035714
116	133	0.035714
116	134	0.031250
116	136	0.024390
116	137	0.033333
116	141	0.027778
116	149	0.033333
116	157	0.043478
116	192	0.038462
116	195	0.028571
116	197	0.038462
116	202	0.037037
116	210	0.045455
116	215	0.043478
116	225	0.026316
116	227	0.045455
116	235	0.043478
116	242	0.047619
116	246	0.045455
116	258	0.047619
116	273	0.047619
116	305	0.047619
116	313	0.047619
116	321	0.050000
116	322	0.045455
116	323	0.052632
116	325	0.047619
116	356	0.043478
116	370	0.058824
116	378	0.058824
116	403	0.052632
116	414	0.058824
116	427	0.058824
116	428	0.058824
117	6	0.015625
117	12	0.015625
117	19	0.006579
117	21	0.009091
117	40	0.014925
117	43	0.012658
117	46	0.014286
117	47	0.014286
117	48	0.011905
117	49	0.011494
117	50	0.013699
117	51	0.012658
117	57	0.019231
117	58	0.020833
117	65	0.016667
117	99	0.022727
117	110	0.018519
117	119	0.027027
117	122	0.033333
117	125	0.033333
117	156	0.043478
117	226	0.041667
117	274	0.041667
117	382	0.058824
117	422	0.058824
117	435	0.058824
118	2	0.014925
118	4	0.020408
118	5	0.020408
118	10	0.012500
118	17	0.006536
118	20	0.007353
118	23	0.009434
118	24	0.010204
118	25	0.012987
118	34	0.011494
118	40	0.014925
118	43	0.012658
118	44	0.020408
118	63	0.043478
118	65	0.016667
118	77	0.014286
118	83	0.018519
118	151	0.034483
118	155	0.037037
118	178	0.040000
118	203	0.041667
118	222	0.052632
118	284	0.047619
118	302	0.038462
118	328	0.045455
118	330	0.047619
118	358	0.047619
118	362	0.050000
118	380	0.055556
118	420	0.058824
118	425	0.055556
119	0	0.022222
119	11	0.011494
119	14	0.012821
119	17	0.006536
119	18	0.005917
119	19	0.006579
119	21	0.009091
119	25	0.012987
119	32	0.009009
119	33	0.009009
119	47	0.014286
119	50	0.013699
119	64	0.023810
119	77	0.014286
119	100	0.022727
119	110	0.018519
119	117	0.038462
119	127	0.045455
119	144	0.038462
119	151	0.034483
119	165	0.025641
119	172	0.038462
119	189	0.052632
119	206	0.038462
119	234	0.038462
119	271	0.050000
119	273	0.047619
119	275	0.055556
119	291	0.041667
119	313	0.047619
119	326	0.041667
119	333	0.045455
119	353	0.055556
119	375	0.055556
119	378	0.058824
119	418	0.058824
119	430	0.058824
120	1	0.009901
120	7	0.012987
120	11	0.011494
120	13	0.011765
120	18	0.005917
120	25	0.012987
120	32	0.009009
120	36	0.010753
120	38	0.014706
120	43	0.012658
120	49	0.011494
120	57	0.019231
120	79	0.019608
120	96	0.031250
120	101	0.021277
120	107	0.021739
120	108	0.021739
120	124	0.029412
120	125	0.033333
120	148	0.029412
120	151	0.034483
120	174	0.045455
120	177	0.034483
120	209	0.043478
120	232	0.040000
120	253	0.047619
120	256	0.045455
120	360	0.047619
120	394	0.055556
120	414	0.058824
120	431	0.055556
121	1	0.009901
121	15	0.021739
121	19	0.006579
121	23	0.009434
121	26	0.012658
121	27	0.014493
121	34	0.011494
121	38	0.014706
121	52	0.013514
121	56	0.015385
121	68	0.019608
121	74	0.018519
121	80	0.023810
121	81	0.020833
121	98	0.018182
121	100	0.022727
121	110	0.018519
121	123	0.037037
121	129	0.034483
121	141	0.027778
121	144	0.038462
121	145	0.031250
121	158	0.050000
121	182	0.041667
121	256	0.045455
121	259	0.043478
121	285	0.050000
121	309	0.050000
121	351	0.055556
121	440	0.058824
122	7	0.012987
122	10	0.012500
122	11	0.011494
122	12	0.015625
122	20	0.007353
122	25	0.012987
122	28	0.017241
122	33	0.009009
122	41	0.011494
122	52	0.013514
122	81	0.020833
122	101	0.021277
122	103	0.020408
122	105	0.023810
122	110	0.018519
122	112	0.027778
122	117	0.038462
122	125	0.033333
122	138	0.027027
122	141	0.027778
122	155	0.037037
122	217	0.041667
122	223	0.052632
122	231	0.045455
122	232	0.040000
122	252	0.045455
122	298	0.058824
122	343	0.052632
122	375	0.055556
122	377	0.052632
123	2	0.014925
123	8	0.010309
123	11	0.011494
123	18	0.005917
123	22	0.011628
123	27	0.014493
123	39	0.014085
123	43	0.012658
123	47	0.014286
123	51	0.012658
123	52	0.013514
123	59	0.019608
123	73	0.017544
123	102	0.029412
123	106	0.026316
123	108	0.021739
123	121	0.033333
123	164	0.033333
123	172	0.038462
123	179	0.030303
123	192	0.038462
123	234	0.038462
123	277	0.050000
123	292	0.050000
123	364	0.058824
123	405	0.058824
123	430	0.058824
124	2	0.014925
124	12	0.015625
124	17	0.006536
124	20	0.007353
124	24	0.010204
124	27	0.014493
124	34	0.011494
124	49	0.011494
124	62	0.027778
124	67	0.014925
124	73	0.017544
124	77	0.014286
124	83	0.018519
124	84	0.030303
124	99	0.022727
124	110	0.018519
124	120	0.032258
124	125	0.033333
124	141	0.027778
124	150	0.028571
124	177	0.034483
124	186	0.040000
124	193	0.038462
124	212	0.037037
124	243	0.034483
124	250	0.041667
124	270	0.033333
124	284	0.047619
124	286	0.058824
124	307	0.052632
124	309	0.050000
124	361	0.058824
124	364	0.058824
124	400	0.047619
125	17	0.006536
125	18	0.005917
125	40	0.014925
125	46	0.014286
125	48	0.011905
125	49	0.011494
125	57	0.019231
125	60	0.029412
125	69	0.019608
125	86	0.025641
125	97	0.032258
125	105	0.023810
125	106	0.026316
125	117	0.038462
125	120	0.032258
125	122	0.033333
125	124	0.029412
125	135	0.024390
125	138	0.027027
125	153	0.043478
125	160	0.040000
125	168	0.027778
125	175	0.037037
125	205	0.033333
125	210	0.045455
125	291	0.041667
125	311	0.050000
125	360	0.047619
125	381	0.055556
125	428	0.058824
126	1	0.009901
126	7	0.012987
126	17	0.006536
126	18	0.005917
126	20	0.007353
126	21	0.009091
126	28	0.017241
126	35	0.010309
126	41	0.011494
126	42	0.012821
126	53	0.021739
126	59	0.019608
126	60	0.029412
126	67	0.014925
126	73	0.017544
126	78	0.020408
126	88	0.027778
126	176	0.034483
126	190	0.038462
126	193	0.038462
126	205	0.033333
126	280	0.045455
126	380	0.055556
126	443	0.058824
127	7	0.012987
127	18	0.005917
127	19	0.006579
127	28	0.017241
127	48	0.011905
127	52	0.013514
127	67	0.014925
127	69	0.019608
127	71	0.014286
127	72	0.022727
127	76	0.025000
127	81	0.020833
127	82	0.029412
127	100	0.022727
127	105	0.023810
127	111	0.026316
127	119	0.027027
127	207	0.040000
127	250	0.041667
127	340	0.052632
127	341	0.050000
127	382	0.058824
128	1	0.009901
128	4	0.020408
128	5	0.020408
128	12	0.015625
128	13	0.011765
128	19	0.006579
128	20	0.007353
128	22	0.011628
128	25	0.012987
128	26	0.012658
128	39	0.014085
128	41	0.011494
128	52	0.013514
128	75	0.017857
128	81	0.020833
128	87	0.023810
128	89	0.029412
128	158	0.050000
128	193	0.038462
128	195	0.028571
128	205	0.033333
128	229	0.033333
128	294	0.050000
128	301	0.043478
128	321	0.050000
128	331	0.050000
128	394	0.055556
128	409	0.058824
128	434	0.055556
128	436	0.058824
128	442	0.058824
129	3	0.015152
129	10	0.012500
129	18	0.005917
129	23	0.009434
129	28	0.017241
129	34	0.011494
129	35	0.010309
129	37	0.011494
129	39	0.014085
129	52	0.013514
129	57	0.019231
129	59	0.019608
129	64	0.023810
129	72	0.022727
129	74	0.018519
129	121	0.033333
129	134	0.031250
129	138	0.027027
129	139	0.032258
129	142	0.040000
129	276	0.045455
129	298	0.058824
129	303	0.050000
129	319	0.052632
129	359	0.058824
129	369	0.052632
129	378	0.058824
129	415	0.058824
129	443	0.058824
130	2	0.014925
130	7	0.012987
130	10	0.012500
130	14	0.012821
130	17	0.006536
130	18	0.005917
130	19	0.006579
130	24	0.010204
130	26	0.012658
130	32	0.009009
130	37	0.011494
130	43	0.012658
130	44	0.020408
130	51	0.012658
130	71	0.014286
130	88	0.027778
130	90	0.027778
130	131	0.025641
130	141	0.027778
130	146	0.027027
130	154	0.037037
130	163	0.040000
130	166	0.037037
130	171	0.030303
130	193	0.038462
130	220	0.041667
130	236	0.030303
130	238	0.033333
130	268	0.035714
130	269	0.038462
130	282	0.043478
130	286	0.058824
130	294	0.050000
130	307	0.052632
130	327	0.043478
130	347	0.055556
130	350	0.050000
130	363	0.052632
130	366	0.045455
130	399	0.052632
130	412	0.058824
131	10	0.012500
131	11	0.011494
131	13	0.011765
131	16	0.014286
131	18	0.005917
131	19	0.006579
131	33	0.009009
131	42	0.012821
131	48	0.011905
131	53	0.021739
131	81	0.020833
131	102	0.029412
131	105	0.023810
131	106	0.026316
131	107	0.021739
131	108	0.021739
131	130	0.024390
131	134	0.031250
131	173	0.027027
131	202	0.037037
131	203	0.041667
131	214	0.047619
131	223	0.052632
131	225	0.026316
131	233	0.043478
131	239	0.050000
131	243	0.034483
131	295	0.050000
131	297	0.045455
131	301	0.043478
131	310	0.050000
131	316	0.055556
131	325	0.047619
131	351	0.055556
131	355	0.052632
131	379	0.058824
131	383	0.055556
131	412	0.058824
131	438	0.062500
132	1	0.009901
132	2	0.014925
132	10	0.012500
132	17	0.006536
132	19	0.006579
132	20	0.007353
132	23	0.009434
132	25	0.012987
132	51	0.012658
132	53	0.021739
132	57	0.019231
132	58	0.020833
132	81	0.020833
132	92	0.035714
132	99	0.022727
132	110	0.018519
132	116	0.019608
132	176	0.034483
132	215	0.043478
132	217	0.041667
132	224	0.041667
132	248	0.035714
132	346	0.050000
132	404	0.055556
132	419	0.055556
132	432	0.058824
132	434	0.055556
132	435	0.058824
133	3	0.015152
133	11	0.011494
133	14	0.012821
133	16	0.014286
133	40	0.014925
133	48	0.011905
133	64	0.023810
133	73	0.017544
133	75	0.017857
133	80	0.023810
133	83	0.018519
133	85	0.022222
133	101	0.021277
133	102	0.029412
133	105	0.023810
133	107	0.021739
133	116	0.019608
133	199	0.040000
133	210	0.045455
133	214	0.047619
133	215	0.043478
133	255	0.052632
133	274	0.041667
133	358	0.047619
133	360	0.047619
133	385	0.058824
133	410	0.055556
133	425	0.055556
134	13	0.011765
134	14	0.012821
134	16	0.014286
134	17	0.006536
134	21	0.009091
134	40	0.014925
134	41	0.011494
134	46	0.014286
134	71	0.014286
134	74	0.018519
134	80	0.023810
134	82	0.029412
134	94	0.043478
134	110	0.018519
134	116	0.019608
134	129	0.034483
134	131	0.025641
134	137	0.033333
134	147	0.030303
134	152	0.028571
134	158	0.050000
134	168	0.027778
134	181	0.041667
134	190	0.038462
134	254	0.052632
134	266	0.043478
134	271	0.050000
134	279	0.045455
134	299	0.045455
134	317	0.055556
134	329	0.047619
134	417	0.058824
135	8	0.010309
135	9	0.031250
135	10	0.012500
135	12	0.015625
135	13	0.011765
135	14	0.012821
135	34	0.011494
135	41	0.011494
135	42	0.012821
135	43	0.012658
135	48	0.011905
135	57	0.019231
135	84	0.030303
135	98	0.018182
135	101	0.021277
135	114	0.034483
135	125	0.033333
135	136	0.024390
135	143	0.032258
135	155	0.037037
135	160	0.040000
135	162	0.028571
135	167	0.037037
135	178	0.040000
135	182	0.041667
135	218	0.047619
135	227	0.045455
135	229	0.033333
135	239	0.050000
135	262	0.041667
135	289	0.040000
135	304	0.050000
135	308	0.055556
135	322	0.045455
135	340	0.052632
135	342	0.050000
135	347	0.055556
135	357	0.047619
135	359	0.058824
135	387	0.055556
135	435	0.058824
136	8	0.010309
136	10	0.012500
136	13	0.011765
136	14	0.012821
136	20	0.007353
136	21	0.009091
136	23	0.009434
136	24	0.010204
136	49	0.011494
136	51	0.012658
136	52	0.013514
136	53	0.021739
136	62	0.027778
136	81	0.020833
136	116	0.019608
136	135	0.024390
136	156	0.043478
136	195	0.028571
136	197	0.038462
136	201	0.041667
136	204	0.045455
136	214	0.047619
136	215	0.043478
136	225	0.026316
136	234	0.038462
136	242	0.047619
136	244	0.040000
136	260	0.050000
136	275	0.055556
136	319	0.052632
136	325	0.047619
136	336	0.047619
136	337	0.055556
136	340	0.052632
136	367	0.058824
136	386	0.055556
136	407	0.058824
136	417	0.058824
136	427	0.058824
136	432	0.058824
136	436	0.058824
137	1	0.009901
137	7	0.012987
137	11	0.011494
137	20	0.007353
137	24	0.010204
137	25	0.012987
137	27	0.014493
137	28	0.017241
137	33	0.009009
137	34	0.011494
137	36	0.010753
137	53	0.021739
137	62	0.027778
137	71	0.014286
137	101	0.021277
137	116	0.019608
137	134	0.031250
137	141	0.027778
137	161	0.032258
137	177	0.034483
137	181	0.041667
137	200	0.037037
137	225	0.026316
137	228	0.050000
137	300	0.041667
137	335	0.050000
137	352	0.038462
137	362	0.050000
137	387	0.055556
137	395	0.055556
138	11	0.011494
138	14	0.012821
138	18	0.005917
138	20	0.007353
138	33	0.009009
138	34	0.011494
138	47	0.014286
138	50	0.013699
138	51	0.012658
138	65	0.016667
138	67	0.014925
138	70	0.018182
138	78	0.020408
138	99	0.022727
138	122	0.033333
138	125	0.033333
138	129	0.034483
138	144	0.038462
138	162	0.028571
138	165	0.025641
138	168	0.027778
138	171	0.030303
138	195	0.028571
138	256	0.045455
138	268	0.035714
138	273	0.047619
138	283	0.047619
138	300	0.041667
138	302	0.038462
138	317	0.055556
138	318	0.058824
138	336	0.047619
138	343	0.052632
138	368	0.052632
138	390	0.058824
138	417	0.058824
138	440	0.058824
139	4	0.020408
139	11	0.011494
139	17	0.006536
139	18	0.005917
139	27	0.014493
139	32	0.009009
139	37	0.011494
139	49	0.011494
139	57	0.019231
139	58	0.020833
139	67	0.014925
139	69	0.019608
139	73	0.017544
139	111	0.026316
139	112	0.027778
139	115	0.027027
139	129	0.034483
139	143	0.032258
139	155	0.037037
139	167	0.037037
139	170	0.034483
139	186	0.040000
139	197	0.038462
139	204	0.045455
139	208	0.027778
139	289	0.040000
139	298	0.058824
139	310	0.050000
139	323	0.052632
139	355	0.052632
139	369	0.052632
140	0	0.022222
140	5	0.020408
140	7	0.012987
140	14	0.012821
140	18	0.005917
140	20	0.007353
140	34	0.011494
140	39	0.014085
140	42	0.012821
140	54	0.020408
140	56	0.015385
140	78	0.020408
140	99	0.022727
140	101	0.021277
140	103	0.020408
140	106	0.026316
140	110	0.018519
140	194	0.040000
140	195	0.028571
140	224	0.041667
140	251	0.045455
140	252	0.045455
140	254	0.052632
140	262	0.041667
140	307	0.052632
140	314	0.052632
140	328	0.045455
140	393	0.058824
140	419	0.055556
141	2	0.014925
141	8	0.010309
141	23	0.009434
141	27	0.014493
141	32	0.009009
141	35	0.010309
141	45	0.016393
141	67	0.014925
141	86	0.025641
141	87	0.023810
141	110	0.018519
141	116	0.019608
141	121	0.033333
141	122	0.033333
141	124	0.029412
141	130	0.024390
141	137	0.033333
141	151	0.034483
141	163	0.040000
141	164	0.033333
141	187	0.043478
141	206	0.038462
141	216	0.030303
141	220	0.041667
141	225	0.026316
141	228	0.050000
141	233	0.043478
141	275	0.055556
141	312	0.045455
141	315	0.055556
141	344	0.058824
141	351	0.055556
141	368	0.052632
141	379	0.058824
141	381	0.055556
141	434	0.055556
142	7	0.012987
142	8	0.010309
142	10	0.012500
142	17	0.006536
142	18	0.005917
142	20	0.007353
142	21	0.009091
142	24	0.010204
142	25	0.012987
142	27	0.014493
142	28	0.017241
142	32	0.009009
142	58	0.020833
142	78	0.020408
142	81	0.020833
142	97	0.032258
142	129	0.034483
142	173	0.027027
142	178	0.040000
142	208	0.027778
142	228	0.050000
142	244	0.040000
142	263	0.052632
142	293	0.045455
142	376	0.058824
143	14	0.012821
143	17	0.006536
143	18	0.005917
143	19	0.006579
143	20	0.007353
143	23	0.009434
143	35	0.010309
143	36	0.010753
143	55	0.023810
143	56	0.015385
143	70	0.018182
143	73	0.017544
143	87	0.023810
143	101	0.021277
143	115	0.027027
143	135	0.024390
143	139	0.032258
143	154	0.037037
143	166	0.037037
143	169	0.025641
143	175	0.037037
143	224	0.041667
143	242	0.047619
143	259	0.043478
143	322	0.045455
143	347	0.055556
143	361	0.058824
143	369	0.052632
143	385	0.058824
143	403	0.052632
143	405	0.058824
144	9	0.031250
144	11	0.011494
144	17	0.006536
144	20	0.007353
144	21	0.009091
144	26	0.012658
144	28	0.017241
144	30	0.030303
144	38	0.014706
144	43	0.012658
144	77	0.014286
144	92	0.035714
144	106	0.026316
144	109	0.030303
144	119	0.027027
144	121	0.033333
144	138	0.027027
144	152	0.028571
144	161	0.032258
144	168	0.027778
144	182	0.041667
144	231	0.045455
144	252	0.045455
144	282	0.043478
144	406	0.058824
144	427	0.058824
145	7	0.012987
145	8	0.010309
145	11	0.011494
145	14	0.012821
145	18	0.005917
145	19	0.006579
145	32	0.009009
145	38	0.014706
145	42	0.012821
145	43	0.012658
145	73	0.017544
145	76	0.025000
145	77	0.014286
145	80	0.023810
145	81	0.020833
145	89	0.029412
145	121	0.033333
145	181	0.041667
145	183	0.041667
145	199	0.040000
145	221	0.052632
145	244	0.040000
145	245	0.050000
145	318	0.058824
145	323	0.052632
145	330	0.047619
145	338	0.045455
145	354	0.052632
145	371	0.047619
145	374	0.058824
145	420	0.058824
145	432	0.058824
146	6	0.015625
146	17	0.006536
146	25	0.012987
146	32	0.009009
146	36	0.010753
146	37	0.011494
146	45	0.016393
146	49	0.011494
146	52	0.013514
146	57	0.019231
146	59	0.019608
146	77	0.014286
146	92	0.035714
146	95	0.041667
146	99	0.022727
146	103	0.020408
146	130	0.024390
146	153	0.043478
146	166	0.037037
146	198	0.035714
146	210	0.045455
146	216	0.030303
146	223	0.052632
146	244	0.040000
146	267	0.043478
146	281	0.045455
146	300	0.041667
146	305	0.047619
146	317	0.055556
146	320	0.047619
146	322	0.045455
146	344	0.058824
146	347	0.055556
146	349	0.055556
146	369	0.052632
146	407	0.058824
146	409	0.058824
147	0	0.022222
147	3	0.015152
147	18	0.005917
147	19	0.006579
147	32	0.009009
147	37	0.011494
147	41	0.011494
147	45	0.016393
147	48	0.011905
147	50	0.013699
147	55	0.023810
147	60	0.029412
147	73	0.017544
147	78	0.020408
147	103	0.020408
147	107	0.021739
147	134	0.031250
147	159	0.043478
147	175	0.037037
147	181	0.041667
147	215	0.043478
147	239	0.050000
147	263	0.052632
147	291	0.041667
147	317	0.055556
147	333	0.045455
147	372	0.050000
147	382	0.058824
147	399	0.052632
147	401	0.055556
147	402	0.052632
147	405	0.058824
147	408	0.055556
148	7	0.012987
148	17	0.006536
148	21	0.009091
148	24	0.010204
148	30	0.030303
148	32	0.009009
148	35	0.010309
148	39	0.014085
148	43	0.012658
148	48	0.011905
148	64	0.023810
148	71	0.014286
148	77	0.014286
148	92	0.035714
148	102	0.029412
148	108	0.021739
148	120	0.032258
148	152	0.028571
148	165	0.025641
148	200	0.037037
148	209	0.043478
148	211	0.034483
148	234	0.038462
148	242	0.047619
148	257	0.043478
148	276	0.045455
148	282	0.043478
148	308	0.055556
148	312	0.045455
148	353	0.055556
148	377	0.052632
148	383	0.055556
148	398	0.062500
148	426	0.058824
149	19	0.006579
149	21	0.009091
149	32	0.009009
149	33	0.009009
149	36	0.010753
149	37	0.011494
149	43	0.012658
149	44	0.020408
149	45	0.016393
149	51	0.012658
149	68	0.019608
149	76	0.025000
149	88	0.027778
149	90	0.027778
149	109	0.030303
149	112	0.027778
149	116	0.019608
149	150	0.028571
149	154	0.037037
149	193	0.038462
149	198	0.035714
149	207	0.040000
149	256	0.045455
149	257	0.043478
149	271	0.050000
149	292	0.050000
149	314	0.052632
149	365	0.055556
149	401	0.055556
149	404	0.055556
150	0	0.022222
150	5	0.020408
150	6	0.015625
150	10	0.012500
150	14	0.012821
150	18	0.005917
150	27	0.014493
150	42	0.012821
150	46	0.014286
150	52	0.013514
150	69	0.019608
150	73	0.017544
150	81	0.020833
150	85	0.022222
150	109	0.030303
150	124	0.029412
150	149	0.033333
150	159	0.043478
150	166	0.037037
150	170	0.034483
150	219	0.041667
150	237	0.040000
150	238	0.033333
150	247	0.043478
150	248	0.035714
150	251	0.045455
150	258	0.047619
150	298	0.058824
150	354	0.052632
150	413	0.058824
150	414	0.058824
150	425	0.055556
150	427	0.058824
150	437	0.055556
150	443	0.058824
151	0	0.022222
151	1	0.009901
151	24	0.010204
151	35	0.010309
151	43	0.012658
151	47	0.014286
151	51	0.012658
151	54	0.020408
151	70	0.018182
151	79	0.019608
151	94	0.043478
151	103	0.020408
151	115	0.027027
151	118	0.032258
151	119	0.027027
151	120	0.032258
151	141	0.027778
151	152	0.028571
151	163	0.040000
151	183	0.041667
151	217	0.041667
151	242	0.047619
151	255	0.052632
151	261	0.035714
151	263	0.052632
151	267	0.043478
151	323	0.052632
151	326	0.041667
151	332	0.052632
152	3	0.015152
152	6	0.015625
152	33	0.009009
152	42	0.012821
152	44	0.020408
152	47	0.014286
152	48	0.011905
152	66	0.020000
152	67	0.014925
152	68	0.019608
152	99	0.022727
152	105	0.023810
152	108	0.021739
152	134	0.031250
152	144	0.038462
152	148	0.029412
152	151	0.034483
152	153	0.043478
152	163	0.040000
152	179	0.030303
152	181	0.041667
152	190	0.038462
152	205	0.033333
152	206	0.038462
152	221	0.052632
152	237	0.040000
152	243	0.034483
152	272	0.043478
152	341	0.050000
152	360	0.047619
152	362	0.050000
152	366	0.045455
152	423	0.058824
152	425	0.055556
152	429	0.058824
153	2	0.014925
153	5	0.020408
153	20	0.007353
153	32	0.009009
153	47	0.014286
153	51	0.012658
153	59	0.019608
153	60	0.029412
153	66	0.020000
153	82	0.029412
153	88	0.027778
153	107	0.021739
153	108	0.021739
153	112	0.027778
153	125	0.033333
153	146	0.027027
153	152	0.028571
153	159	0.043478
153	167	0.037037
153	190	0.038462
153	194	0.040000
153	360	0.047619
153	441	0.058824
154	0	0.022222
154	1	0.009901
154	8	0.010309
154	17	0.006536
154	19	0.006579
154	21	0.009091
154	36	0.010753
154	45	0.016393
154	52	0.013514
154	57	0.019231
154	73	0.017544
154	100	0.022727
154	109	0.030303
154	115	0.027027
154	130	0.024390
154	143	0.032258
154	149	0.033333
154	186	0.040000
154	188	0.055556
154	194	0.040000
154	237	0.040000
154	260	0.050000
154	308	0.055556
154	331	0.050000
154	366	0.045455
154	386	0.055556
154	425	0.055556
155	6	0.015625
155	7	0.012987
155	12	0.015625
155	17	0.006536
155	23	0.009434
155	24	0.010204
155	33	0.009009
155	43	0.012658
155	53	0.021739
155	64	0.023810
155	87	0.023810
155	100	0.022727
155	102	0.029412
155	118	0.032258
155	122	0.033333
155	135	0.024390
155	139	0.032258
155	161	0.032258
155	193	0.038462
155	206	0.038462
155	230	0.040000
155	239	0.050000
155	257	0.043478
155	269	0.038462
155	353	0.055556
155	354	0.052632
155	391	0.045455
156	2	0.014925
156	3	0.015152
156	18	0.005917
156	19	0.006579
156	21	0.009091
156	22	0.011628
156	24	0.010204
156	32	0.009009
156	51	0.012658
156	52	0.013514
156	65	0.016667
156	70	0.018182
156	72	0.022727
156	77	0.014286
156	87	0.023810
156	117	0.038462
156	136	0.024390
156	208	0.027778
156	231	0.045455
156	256	0.045455
156	303	0.050000
156	421	0.052632
156	424	0.055556
157	10	0.012500
157	17	0.006536
157	18	0.005917
157	20	0.007353
157	21	0.009091
157	24	0.010204
157	33	0.009009
157	41	0.011494
157	43	0.012658
157	45	0.016393
157	48	0.011905
157	79	0.019608
157	96	0.031250
157	103	0.020408
157	105	0.023810
157	115	0.027027
157	116	0.019608
157	192	0.038462
157	247	0.043478
157	262	0.041667
157	319	0.052632
157	320	0.047619
157	343	0.052632
158	8	0.010309
158	11	0.011494
158	15	0.021739
158	17	0.006536
158	20	0.007353
158	32	0.009009
158	38	0.014706
158	56	0.015385
158	65	0.016667
158	70	0.018182
158	74	0.018519
158	75	0.017857
158	78	0.020408
158	82	0.029412
158	121	0.033333
158	128	0.032258
158	134	0.031250
158	161	0.032258
158	191	0.052632
158	247	0.043478
159	8	0.010309
159	11	0.011494
159	14	0.012821
159	17	0.006536
159	20	0.007353
159	24	0.010204
159	34	0.011494
159	39	0.014085
159	46	0.014286
159	47	0.014286
159	50	0.013699
159	52	0.013514
159	71	0.014286
159	99	0.022727
159	147	0.030303
159	150	0.028571
159	153	0.043478
159	169	0.025641
159	206	0.038462
159	230	0.040000
159	300	0.041667
159	395	0.055556
159	437	0.055556
160	6	0.015625
160	7	0.012987
160	11	0.011494
160	32	0.009009
160	33	0.009009
160	35	0.010309
160	39	0.014085
160	48	0.011905
160	51	0.012658
160	56	0.015385
160	59	0.019608
160	71	0.014286
160	77	0.014286
160	106	0.026316
160	125	0.033333
160	135	0.024390
160	164	0.033333
160	165	0.025641
160	189	0.052632
160	227	0.045455
160	338	0.045455
160	363	0.052632
160	387	0.055556
160	419	0.055556
160	441	0.058824
161	5	0.020408
161	18	0.005917
161	25	0.012987
161	34	0.011494
161	35	0.010309
161	42	0.012821
161	48	0.011905
161	62	0.027778
161	65	0.016667
161	67	0.014925
161	70	0.018182
161	78	0.020408
161	97	0.032258
161	137	0.033333
161	144	0.038462
161	155	0.037037
161	158	0.050000
161	236	0.030303
161	246	0.045455
161	254	0.052632
161	256	0.045455
161	285	0.050000
161	324	0.052632
161	325	0.047619
161	331	0.050000
161	345	0.055556
161	361	0.058824
161	362	0.050000
161	397	0.058824
161	406	0.058824
161	430	0.058824
162	3	0.015152
162	7	0.012987
162	11	0.011494
162	18	0.005917
162	27	0.014493
162	32	0.009009
162	33	0.009009
162	36	0.010753
162	37	0.011494
162	46	0.014286
162	48	0.011905
162	63	0.043478
162	75	0.017857
162	79	0.019608
162	87	0.023810
162	135	0.024390
162	138	0.027027
162	166	0.037037
162	176	0.034483
162	191	0.052632
162	239	0.050000
162	241	0.045455
162	252	0.045455
162	273	0.047619
162	307	0.052632
162	311	0.050000
162	354	0.052632
162	361	0.058824
162	364	0.058824
162	370	0.058824
162	371	0.047619
162	390	0.058824
162	403	0.052632
162	414	0.058824
162	426	0.058824
163	3	0.015152
163	10	0.012500
163	13	0.011765
163	19	0.006579
163	26	0.012658
163	27	0.014493
163	29	0.029412
163	37	0.011494
163	38	0.014706
163	48	0.011905
163	59	0.019608
163	69	0.019608
163	99	0.022727
163	130	0.024390
163	141	0.027778
163	151	0.034483
163	152	0.028571
163	174	0.045455
163	187	0.043478
163	223	0.052632
163	289	0.040000
163	343	0.052632
163	376	0.058824
163	390	0.058824
163	436	0.058824
164	0	0.022222
164	12	0.015625
164	14	0.012821
164	15	0.021739
164	16	0.014286
164	21	0.009091
164	24	0.010204
164	33	0.009009
164	34	0.011494
164	39	0.014085
164	40	0.014925
164	67	0.014925
164	79	0.019608
164	103	0.020408
164	123	0.037037
164	141	0.027778
164	160	0.040000
164	167	0.037037
164	188	0.055556
164	207	0.040000
164	223	0.052632
164	251	0.045455
164	253	0.047619
164	258	0.047619
164	261	0.035714
164	274	0.041667
164	379	0.058824
164	383	0.055556
164	399	0.052632
164	411	0.052632
165	1	0.009901
165	2	0.014925
165	7	0.012987
165	8	0.010309
165	9	0.031250
165	26	0.012658
165	37	0.011494
165	39	0.014085
165	50	0.013699
165	58	0.020833
165	98	0.018182
165	109	0.030303
165	110	0.018519
165	119	0.027027
165	138	0.027027
165	148	0.029412
165	160	0.040000
165	171	0.030303
165	172	0.038462
165	186	0.040000
165	200	0.037037
165	209	0.043478
165	217	0.041667
165	248	0.035714
165	249	0.043478
165	253	0.047619
165	257	0.043478
165	283	0.047619
165	327	0.043478
165	328	0.045455
165	340	0.052632
165	345	0.055556
165	348	0.058824
165	366	0.045455
165	378	0.058824
165	388	0.058824
165	392	0.062500
165	412	0.058824
165	432	0.058824
166	1	0.009901
166	5	0.020408
166	17	0.006536
166	19	0.006579
166	32	0.009009
166	34	0.011494
166	37	0.011494
166	72	0.022727
166	78	0.020408
166	100	0.022727
166	103	0.020408
166	107	0.021739
166	130	0.024390
166	143	0.032258
166	146	0.027027
166	150	0.028571
166	162	0.028571
166	171	0.030303
166	182	0.041667
166	252	0.045455
166	262	0.041667
166	284	0.047619
166	293	0.045455
166	302	0.038462
166	396	0.052632
166	397	0.058824
166	414	0.058824
167	8	0.010309
167	13	0.011765
167	14	0.012821
167	16	0.014286
167	18	0.005917
167	21	0.009091
167	25	0.012987
167	35	0.010309
167	37	0.011494
167	49	0.011494
167	83	0.018519
167	98	0.018182
167	109	0.030303
167	135	0.024390
167	139	0.032258
167	153	0.043478
167	164	0.033333
167	193	0.038462
167	214	0.047619
167	224	0.041667
167	235	0.043478
167	284	0.047619
167	288	0.045455
167	321	0.050000
167	387	0.055556
167	416	0.052632
167	441	0.058824
168	1	0.009901
168	10	0.012500
168	16	0.014286
168	17	0.006536
168	18	0.005917
168	19	0.006579
168	35	0.010309
168	36	0.010753
168	43	0.012658
168	77	0.014286
168	96	0.031250
168	107	0.021739
168	115	0.027027
168	125	0.033333
168	134	0.031250
168	138	0.027027
168	144	0.038462
168	182	0.041667
168	187	0.043478
168	191	0.052632
168	217	0.041667
168	221	0.052632
168	247	0.043478
168	263	0.052632
168	275	0.055556
168	281	0.045455
168	292	0.050000
168	310	0.050000
168	322	0.045455
168	356	0.043478
168	359	0.058824
168	367	0.058824
168	389	0.058824
168	400	0.047619
168	402	0.052632
168	421	0.052632
169	5	0.020408
169	18	0.005917
169	20	0.007353
169	24	0.010204
169	26	0.012658
169	33	0.009009
169	36	0.010753
169	39	0.014085
169	50	0.013699
169	52	0.013514
169	53	0.021739
169	56	0.015385
169	69	0.019608
169	82	0.029412
169	99	0.022727
169	143	0.032258
169	159	0.043478
169	182	0.041667
169	192	0.038462
169	223	0.052632
169	228	0.050000
169	244	0.040000
169	253	0.047619
169	258	0.047619
169	272	0.043478
169	273	0.047619
169	297	0.045455
169	307	0.052632
169	326	0.041667
169	328	0.045455
169	333	0.045455
169	334	0.058824
169	337	0.055556
169	340	0.052632
169	345	0.055556
169	370	0.058824
169	399	0.052632
169	417	0.058824
169	433	0.058824
170	8	0.010309
170	10	0.012500
170	13	0.011765
170	18	0.005917
170	19	0.006579
170	23	0.009434
170	27	0.014493
170	33	0.009009
170	51	0.012658
170	52	0.013514
170	75	0.017857
170	79	0.019608
170	81	0.020833
170	83	0.018519
170	98	0.018182
170	139	0.032258
170	150	0.028571
170	183	0.041667
170	190	0.038462
170	192	0.038462
170	203	0.041667
170	293	0.045455
170	298	0.058824
170	335	0.050000
170	363	0.052632
170	384	0.055556
170	391	0.045455
170	395	0.055556
170	411	0.052632
171	3	0.015152
171	4	0.020408
171	6	0.015625
171	14	0.012821
171	15	0.021739
171	32	0.009009
171	35	0.010309
171	36	0.010753
171	48	0.011905
171	55	0.023810
171	66	0.020000
171	69	0.019608
171	107	0.021739
171	130	0.024390
171	138	0.027027
171	165	0.025641
171	166	0.037037
171	208	0.027778
171	209	0.043478
171	226	0.041667
171	227	0.045455
171	240	0.047619
171	245	0.050000
171	277	0.050000
171	281	0.045455
171	288	0.045455
171	292	0.050000
171	301	0.043478
171	311	0.050000
171	314	0.052632
171	347	0.055556
171	385	0.058824
171	433	0.058824
172	5	0.020408
172	18	0.005917
172	22	0.011628
172	23	0.009434
172	28	0.017241
172	35	0.010309
172	38	0.014706
172	39	0.014085
172	40	0.014925
172	56	0.015385
172	57	0.019231
172	70	0.018182
172	74	0.018519
172	76	0.025000
172	119	0.027027
172	123	0.037037
172	165	0.025641
172	173	0.027027
172	212	0.037037
172	231	0.045455
172	245	0.050000
172	264	0.050000
172	321	0.050000
172	355	0.052632
172	367	0.058824
172	437	0.055556
173	4	0.020408
173	11	0.011494
173	19	0.006579
173	20	0.007353
173	21	0.009091
173	26	0.012658
173	41	0.011494
173	50	0.013699
173	71	0.014286
173	72	0.022727
173	77	0.014286
173	89	0.029412
173	107	0.021739
173	109	0.030303
173	131	0.025641
173	142	0.040000
173	172	0.038462
173	177	0.034483
173	184	0.043478
173	200	0.037037
173	201	0.041667
173	205	0.033333
173	226	0.041667
173	239	0.050000
173	300	0.041667
173	312	0.045455
173	327	0.043478
173	343	0.052632
173	352	0.038462
173	363	0.052632
173	381	0.055556
173	391	0.045455
173	393	0.058824
173	407	0.058824
173	422	0.058824
173	427	0.058824
173	428	0.058824
174	7	0.012987
174	9	0.031250
174	12	0.015625
174	19	0.006579
174	37	0.011494
174	48	0.011905
174	49	0.011494
174	57	0.019231
174	60	0.029412
174	69	0.019608
174	70	0.018182
174	73	0.017544
174	87	0.023810
174	88	0.027778
174	107	0.021739
174	120	0.032258
174	163	0.040000
174	234	0.038462
174	259	0.043478
174	363	0.052632
174	382	0.058824
174	385	0.058824
175	2	0.014925
175	11	0.011494
175	18	0.005917
175	30	0.030303
175	37	0.011494
175	46	0.014286
175	47	0.014286
175	52	0.013514
175	56	0.015385
175	57	0.019231
175	71	0.014286
175	81	0.020833
175	91	0.033333
175	101	0.021277
175	125	0.033333
175	143	0.032258
175	147	0.030303
175	176	0.034483
175	196	0.038462
175	206	0.038462
175	220	0.041667
175	242	0.047619
175	285	0.050000
175	309	0.050000
175	325	0.047619
175	394	0.055556
175	403	0.052632
176	2	0.014925
176	5	0.020408
176	18	0.005917
176	19	0.006579
176	25	0.012987
176	38	0.014706
176	40	0.014925
176	48	0.011905
176	49	0.011494
176	51	0.012658
176	58	0.020833
176	68	0.019608
176	98	0.018182
176	126	0.041667
176	132	0.035714
176	162	0.028571
176	175	0.037037
176	179	0.030303
176	187	0.043478
176	243	0.034483
176	246	0.045455
176	258	0.047619
176	287	0.052632
176	338	0.045455
176	364	0.058824
176	376	0.058824
176	398	0.062500
176	419	0.055556
176	434	0.055556
177	12	0.015625
177	23	0.009434
177	24	0.010204
177	26	0.012658
177	34	0.011494
177	40	0.014925
177	48	0.011905
177	49	0.011494
177	50	0.013699
177	57	0.019231
177	95	0.041667
177	99	0.022727
177	100	0.022727
177	120	0.032258
177	124	0.029412
177	137	0.033333
177	173	0.027027
177	200	0.037037
177	203	0.041667
177	244	0.040000
177	250	0.041667
177	253	0.047619
177	294	0.050000
177	300	0.041667
177	334	0.058824
177	378	0.058824
177	382	0.058824
177	394	0.055556
177	404	0.055556
178	6	0.015625
178	10	0.012500
178	14	0.012821
178	21	0.009091
178	23	0.009434
178	26	0.012658
178	28	0.017241
178	32	0.009009
178	35	0.010309
178	37	0.011494
178	44	0.020408
178	70	0.018182
178	83	0.018519
178	114	0.034483
178	118	0.032258
178	135	0.024390
178	142	0.040000
178	185	0.040000
178	216	0.030303
178	220	0.041667
178	288	0.045455
178	414	0.058824
178	432	0.058824
178	439	0.058824
178	440	0.058824
179	3	0.015152
179	8	0.010309
179	13	0.011765
179	16	0.014286
179	18	0.005917
179	23	0.009434
179	24	0.010204
179	26	0.012658
179	33	0.009009
179	48	0.011905
179	65	0.016667
179	68	0.019608
179	73	0.017544
179	107	0.021739
179	123	0.037037
179	152	0.028571
179	176	0.034483
179	183	0.041667
179	190	0.038462
179	198	0.035714
179	205	0.033333
179	225	0.026316
179	235	0.043478
179	265	0.045455
179	277	0.050000
179	293	0.045455
179	295	0.050000
179	297	0.045455
179	319	0.052632
179	336	0.047619
179	360	0.047619
179	405	0.058824
179	443	0.058824
180	5	0.020408
180	9	0.031250
180	11	0.011494
180	13	0.011765
180	14	0.012821
180	20	0.007353
180	25	0.012987
180	35	0.010309
180	39	0.014085
180	45	0.016393
180	46	0.014286
180	52	0.013514
180	67	0.014925
180	75	0.017857
180	101	0.021277
180	102	0.029412
180	220	0.041667
180	228	0.050000
180	298	0.058824
180	313	0.047619
180	330	0.047619
180	355	0.052632
180	410	0.055556
181	1	0.009901
181	9	0.031250
181	10	0.012500
181	17	0.006536
181	21	0.009091
181	48	0.011905
181	50	0.013699
181	51	0.012658
181	61	0.047619
181	68	0.019608
181	103	0.020408
181	105	0.023810
181	134	0.031250
181	137	0.033333
181	145	0.031250
181	147	0.030303
181	152	0.028571
181	185	0.040000
181	208	0.027778
181	261	0.035714
181	349	0.055556
181	350	0.050000
181	397	0.058824
181	442	0.058824
182	12	0.015625
182	17	0.006536
182	20	0.007353
182	50	0.013699
182	51	0.012658
182	56	0.015385
182	72	0.022727
182	76	0.025000
182	78	0.020408
182	103	0.020408
182	107	0.021739
182	121	0.033333
182	135	0.024390
182	144	0.038462
182	166	0.037037
182	168	0.027778
182	169	0.025641
182	245	0.050000
182	258	0.047619
182	271	0.050000
182	273	0.047619
182	326	0.041667
182	352	0.038462
182	434	0.055556
183	20	0.007353
183	23	0.009434
183	28	0.017241
183	33	0.009009
183	37	0.011494
183	38	0.014706
183	41	0.011494
183	48	0.011905
183	49	0.011494
183	52	0.013514
183	84	0.030303
183	85	0.022222
183	145	0.031250
183	151	0.034483
183	170	0.034483
183	179	0.030303
183	185	0.040000
183	230	0.040000
183	306	0.050000
183	314	0.052632
183	353	0.055556
183	377	0.052632
183	393	0.058824
183	429	0.058824
184	7	0.012987
184	15	0.021739
184	20	0.007353
184	21	0.009091
184	23	0.009434
184	32	0.009009
184	35	0.010309
184	46	0.014286
184	49	0.011494
184	74	0.018519
184	79	0.019608
184	89	0.029412
184	98	0.018182
184	106	0.026316
184	108	0.021739
184	109	0.030303
184	173	0.027027
184	235	0.043478
184	344	0.058824
184	360	0.047619
184	363	0.052632
184	426	0.058824
184	440	0.058824
185	1	0.009901
185	2	0.014925
185	10	0.012500
185	21	0.009091
185	24	0.010204
185	27	0.014493
185	35	0.010309
185	37	0.011494
185	42	0.012821
185	47	0.014286
185	49	0.011494
185	58	0.020833
185	108	0.021739
185	110	0.018519
185	178	0.040000
185	181	0.041667
185	183	0.041667
185	190	0.038462
185	199	0.040000
185	279	0.045455
185	345	0.055556
185	360	0.047619
185	367	0.058824
185	368	0.052632
185	375	0.055556
186	16	0.014286
186	19	0.006579
186	24	0.010204
186	30	0.030303
186	36	0.010753
186	39	0.014085
186	42	0.012821
186	54	0.020408
186	66	0.020000
186	71	0.014286
186	74	0.018519
186	91	0.033333
186	100	0.022727
186	124	0.029412
186	139	0.032258
186	154	0.037037
186	165	0.025641
186	210	0.045455
186	218	0.047619
186	238	0.033333
186	240	0.047619
186	259	0.043478
186	303	0.050000
186	353	0.055556
186	436	0.058824
187	2	0.014925
187	3	0.015152
187	8	0.010309
187	15	0.021739
187	17	0.006536
187	25	0.012987
187	36	0.010753
187	37	0.011494
187	40	0.014925
187	70	0.018182
187	71	0.014286
187	78	0.020408
187	99	0.022727
187	141	0.027778
187	163	0.040000
187	168	0.027778
187	176	0.034483
187	303	0.050000
187	311	0.050000
187	337	0.055556
187	378	0.058824
187	386	0.055556
187	418	0.058824
188	8	0.010309
188	12	0.015625
188	14	0.012821
188	15	0.021739
188	19	0.006579
188	35	0.010309
188	56	0.015385
188	66	0.020000
188	68	0.019608
188	75	0.017857
188	77	0.014286
188	87	0.023810
188	99	0.022727
188	105	0.023810
188	154	0.037037
188	164	0.033333
188	342	0.050000
188	390	0.058824
189	7	0.012987
189	14	0.012821
189	18	0.005917
189	20	0.007353
189	42	0.012821
189	46	0.014286
189	52	0.013514
189	75	0.017857
189	83	0.018519
189	102	0.029412
189	104	0.033333
189	107	0.021739
189	108	0.021739
189	113	0.033333
189	119	0.027027
189	160	0.040000
189	272	0.043478
189	296	0.047619
189	429	0.058824
190	1	0.009901
190	20	0.007353
190	25	0.012987
190	32	0.009009
190	57	0.019231
190	60	0.029412
190	62	0.027778
190	83	0.018519
190	97	0.032258
190	106	0.026316
190	126	0.041667
190	134	0.031250
190	152	0.028571
190	153	0.043478
190	170	0.034483
190	179	0.030303
190	185	0.040000
190	206	0.038462
190	208	0.027778
190	209	0.043478
190	221	0.052632
190	243	0.034483
190	285	0.050000
190	289	0.040000
190	375	0.055556
190	376	0.058824
191	10	0.012500
191	11	0.011494
191	14	0.012821
191	19	0.006579
191	20	0.007353
191	21	0.009091
191	32	0.009009
191	37	0.011494
191	58	0.020833
191	75	0.017857
191	86	0.025641
191	98	0.018182
191	100	0.022727
191	158	0.050000
191	162	0.028571
191	168	0.027778
191	345	0.055556
191	349	0.055556
191	424	0.055556
192	3	0.015152
192	17	0.006536
192	18	0.005917
192	19	0.006579
192	20	0.007353
192	33	0.009009
192	37	0.011494
192	48	0.011905
192	64	0.023810
192	76	0.025000
192	87	0.023810
192	91	0.033333
192	116	0.019608
192	123	0.037037
192	157	0.043478
192	169	0.025641
192	170	0.034483
192	193	0.038462
192	196	0.038462
192	229	0.033333
192	279	0.045455
192	330	0.047619
192	374	0.058824
192	379	0.058824
192	397	0.058824
192	400	0.047619
193	10	0.012500
193	17	0.006536
193	30	0.030303
193	34	0.011494
193	48	0.011905
193	58	0.020833
193	59	0.019608
193	84	0.030303
193	98	0.018182
193	124	0.029412
193	126	0.041667
193	128	0.032258
193	130	0.024390
193	149	0.033333
193	155	0.037037
193	167	0.037037
193	192	0.038462
193	204	0.045455
193	219	0.041667
193	220	0.041667
193	254	0.052632
193	280	0.045455
193	298	0.058824
193	311	0.050000
193	354	0.052632
193	394	0.055556
194	10	0.012500
194	15	0.021739
194	19	0.006579
194	27	0.014493
194	33	0.009009
194	34	0.011494
194	67	0.014925
194	68	0.019608
194	72	0.022727
194	74	0.018519
194	79	0.019608
194	88	0.027778
194	89	0.029412
194	111	0.026316
194	140	0.034483
194	153	0.043478
194	154	0.037037
194	258	0.047619
194	259	0.043478
194	288	0.045455
194	326	0.041667
194	337	0.055556
194	378	0.058824
194	428	0.058824
194	434	0.055556
195	0	0.022222
195	12	0.015625
195	13	0.011765
195	35	0.010309
195	38	0.014706
195	50	0.013699
195	57	0.019231
195	69	0.019608
195	83	0.018519
195	96	0.031250
195	106	0.026316
195	116	0.019608
195	128	0.032258
195	136	0.024390
195	138	0.027027
195	140	0.034483
195	197	0.038462
195	207	0.040000
195	214	0.047619
195	224	0.041667
195	252	0.045455
195	268	0.035714
195	313	0.047619
195	319	0.052632
195	334	0.058824
195	351	0.055556
195	353	0.055556
195	355	0.052632
195	361	0.058824
195	378	0.058824
195	381	0.055556
195	388	0.058824
195	400	0.047619
195	401	0.055556
195	429	0.058824
196	6	0.015625
196	7	0.012987
196	8	0.010309
196	13	0.011765
196	17	0.006536
196	18	0.005917
196	20	0.007353
196	27	0.014493
196	38	0.014706
196	40	0.014925
196	46	0.014286
196	51	0.012658
196	74	0.018519
196	77	0.014286
196	111	0.026316
196	175	0.037037
196	192	0.038462
196	197	0.038462
196	235	0.043478
196	264	0.050000
196	290	0.052632
196	291	0.041667
196	294	0.050000
196	325	0.047619
196	333	0.045455
196	371	0.047619
197	8	0.010309
197	11	0.011494
197	17	0.006536
197	18	0.005917
197	24	0.010204
197	45	0.016393
197	48	0.011905
197	50	0.013699
197	52	0.013514
197	56	0.015385
197	67	0.014925
197	73	0.017544
197	116	0.019608
197	136	0.024390
197	139	0.032258
197	195	0.028571
197	196	0.038462
197	200	0.037037
197	201	0.041667
197	203	0.041667
197	204	0.045455
197	262	0.041667
197	277	0.050000
197	298	0.058824
197	386	0.055556
197	415	0.058824
198	3	0.015152
198	6	0.015625
198	35	0.010309
198	36	0.010753
198	37	0.011494
198	38	0.014706
198	39	0.014085
198	43	0.012658
198	47	0.014286
198	78	0.020408
198	90	0.027778
198	106	0.026316
198	112	0.027778
198	146	0.027027
198	149	0.033333
198	179	0.030303
198	202	0.037037
198	212	0.037037
198	239	0.050000
198	241	0.045455
198	257	0.043478
198	292	0.050000
198	327	0.043478
198	345	0.055556
198	348	0.058824
198	384	0.055556
198	389	0.058824
198	411	0.052632
199	1	0.009901
199	13	0.011765
199	18	0.005917
199	34	0.011494
199	37	0.011494
199	41	0.011494
199	43	0.012658
199	51	0.012658
199	53	0.021739
199	62	0.027778
199	68	0.019608
199	72	0.022727
199	109	0.030303
199	115	0.027027
199	133	0.035714
199	145	0.031250
199	185	0.040000
199	204	0.045455
199	219	0.041667
199	266	0.043478
199	267	0.043478
199	272	0.043478
199	320	0.047619
199	336	0.047619
199	404	0.055556
200	7	0.012987
200	12	0.015625
200	13	0.011765
200	18	0.005917
200	23	0.009434
200	36	0.010753
200	40	0.014925
200	43	0.012658
200	48	0.011905
200	59	0.019608
200	96	0.031250
200	137	0.033333
200	148	0.029412
200	165	0.025641
200	173	0.027027
200	177	0.034483
200	197	0.038462
200	206	0.038462
200	208	0.027778
200	245	0.050000
200	254	0.052632
200	267	0.043478
200	277	0.050000
200	292	0.050000
200	344	0.058824
200	399	0.052632
200	420	0.058824
201	1	0.009901
201	5	0.020408
201	13	0.011765
201	35	0.010309
201	39	0.014085
201	41	0.011494
201	43	0.012658
201	49	0.011494
201	60	0.029412
201	85	0.022222
201	89	0.029412
201	90	0.027778
201	98	0.018182
201	101	0.021277
201	136	0.024390
201	173	0.027027
201	197	0.038462
201	210	0.045455
201	217	0.041667
201	229	0.033333
201	348	0.058824
201	431	0.055556
201	435	0.058824
201	440	0.058824
202	1	0.009901
202	12	0.015625
202	13	0.011765
202	18	0.005917
202	25	0.012987
202	30	0.030303
202	32	0.009009
202	34	0.011494
202	40	0.014925
202	47	0.014286
202	48	0.011905
202	77	0.014286
202	95	0.041667
202	98	0.018182
202	116	0.019608
202	131	0.025641
202	198	0.035714
202	241	0.045455
202	243	0.034483
202	254	0.052632
202	288	0.045455
202	308	0.055556
202	346	0.050000
202	355	0.052632
202	372	0.050000
202	391	0.045455
202	393	0.058824
203	1	0.009901
203	7	0.012987
203	18	0.005917
203	26	0.012658
203	27	0.014493
203	33	0.009009
203	37	0.011494
203	46	0.014286
203	54	0.020408
203	88	0.027778
203	102	0.029412
203	118	0.032258
203	131	0.025641
203	170	0.034483
203	177	0.034483
203	197	0.038462
203	214	0.047619
203	341	0.050000
203	372	0.050000
203	390	0.058824
203	427	0.058824
203	430	0.058824
203	437	0.055556
203	439	0.058824
204	21	0.009091
204	35	0.010309
204	39	0.014085
204	43	0.012658
204	49	0.011494
204	62	0.027778
204	65	0.016667
204	70	0.018182
204	71	0.014286
204	72	0.022727
204	100	0.022727
204	112	0.027778
204	136	0.024390
204	139	0.032258
204	193	0.038462
204	197	0.038462
204	199	0.040000
204	209	0.043478
204	290	0.052632
204	329	0.047619
204	331	0.050000
204	406	0.058824
205	1	0.009901
205	13	0.011765
205	23	0.009434
205	33	0.009009
205	36	0.010753
205	49	0.011494
205	58	0.020833
205	64	0.023810
205	69	0.019608
205	98	0.018182
205	106	0.026316
205	125	0.033333
205	126	0.041667
205	128	0.032258
205	152	0.028571
205	173	0.027027
205	179	0.030303
205	234	0.038462
205	237	0.040000
205	260	0.050000
205	268	0.035714
205	278	0.040000
205	286	0.058824
205	290	0.052632
205	310	0.050000
205	367	0.058824
205	391	0.045455
205	393	0.058824
205	401	0.055556
205	435	0.058824
206	25	0.012987
206	27	0.014493
206	41	0.011494
206	50	0.013699
206	62	0.027778
206	85	0.022222
206	90	0.027778
206	100	0.022727
206	111	0.026316
206	119	0.027027
206	141	0.027778
206	152	0.028571
206	155	0.037037
206	159	0.043478
206	175	0.037037
206	190	0.038462
206	200	0.037037
206	215	0.043478
206	217	0.041667
206	280	0.045455
206	326	0.041667
206	349	0.055556
206	370	0.058824
206	379	0.058824
206	384	0.055556
206	440	0.058824
207	6	0.015625
207	8	0.010309
207	19	0.006579
207	20	0.007353
207	24	0.010204
207	25	0.012987
207	29	0.029412
207	35	0.010309
207	37	0.011494
207	49	0.011494
207	64	0.023810
207	70	0.018182
207	89	0.029412
207	127	0.045455
207	149	0.033333
207	164	0.033333
207	195	0.028571
207	220	0.041667
207	249	0.043478
207	290	0.052632
207	301	0.043478
207	320	0.047619
207	362	0.050000
207	382	0.058824
207	388	0.058824
208	15	0.021739
208	23	0.009434
208	28	0.017241
208	40	0.014925
208	55	0.023810
208	59	0.019608
208	64	0.023810
208	70	0.018182
208	71	0.014286
208	114	0.034483
208	139	0.032258
208	142	0.040000
208	156	0.043478
208	171	0.030303
208	181	0.041667
208	190	0.038462
208	200	0.037037
208	209	0.043478
208	210	0.045455
208	213	0.034483
208	223	0.052632
208	241	0.045455
208	251	0.045455
208	266	0.043478
208	273	0.047619
208	277	0.050000
208	278	0.040000
208	282	0.043478
208	285	0.050000
208	333	0.045455
208	334	0.058824
208	343	0.052632
208	355	0.052632
208	369	0.052632
208	404	0.055556
208	440	0.058824
209	27	0.014493
209	29	0.029412
209	33	0.009009
209	42	0.012821
209	46	0.014286
209	52	0.013514
209	68	0.019608
209	74	0.018519
209	76	0.025000
209	113	0.033333
209	120	0.032258
209	148	0.029412
209	165	0.025641
209	171	0.030303
209	190	0.038462
209	204	0.045455
209	208	0.027778
209	229	0.033333
209	239	0.050000
209	245	0.050000
209	314	0.052632
209	325	0.047619
209	400	0.047619
210	13	0.011765
210	18	0.005917
210	22	0.011628
210	24	0.010204
210	32	0.009009
210	68	0.019608
210	70	0.018182
210	77	0.014286
210	101	0.021277
210	110	0.018519
210	116	0.019608
210	125	0.033333
210	133	0.035714
210	146	0.027027
210	186	0.040000
210	201	0.041667
210	208	0.027778
210	218	0.047619
210	283	0.047619
210	302	0.038462
210	342	0.050000
210	428	0.058824
211	1	0.009901
211	2	0.014925
211	12	0.015625
211	19	0.006579
211	21	0.009091
211	26	0.012658
211	32	0.009009
211	35	0.010309
211	39	0.014085
211	43	0.012658
211	47	0.014286
211	55	0.023810
211	59	0.019608
211	67	0.014925
211	106	0.026316
211	111	0.026316
211	148	0.029412
211	222	0.052632
211	263	0.052632
211	281	0.045455
211	312	0.045455
211	313	0.047619
211	357	0.047619
211	359	0.058824
211	379	0.058824
211	384	0.055556
211	389	0.058824
211	393	0.058824
211	413	0.058824
212	7	0.012987
212	8	0.010309
212	10	0.012500
212	16	0.014286
212	17	0.006536
212	32	0.009009
212	34	0.011494
212	49	0.011494
212	73	0.017544
212	77	0.014286
212	83	0.018519
212	86	0.025641
212	96	0.031250
212	108	0.021739
212	124	0.029412
212	172	0.038462
212	198	0.035714
212	224	0.041667
212	256	0.045455
212	270	0.033333
212	299	0.045455
212	303	0.050000
212	338	0.045455
212	367	0.058824
212	377	0.052632
212	400	0.047619
212	430	0.058824
213	8	0.010309
213	18	0.005917
213	22	0.011628
213	24	0.010204
213	25	0.012987
213	27	0.014493
213	28	0.017241
213	34	0.011494
213	46	0.014286
213	49	0.011494
213	56	0.015385
213	59	0.019608
213	83	0.018519
213	91	0.033333
213	96	0.031250
213	107	0.021739
213	208	0.027778
213	259	0.043478
213	294	0.050000
213	312	0.045455
213	328	0.045455
213	329	0.047619
213	370	0.058824
213	396	0.052632
213	403	0.052632
213	410	0.055556
213	416	0.052632
213	433	0.058824
213	437	0.055556
214	8	0.010309
214	13	0.011765
214	14	0.012821
214	19	0.006579
214	20	0.007353
214	24	0.010204
214	51	0.012658
214	54	0.020408
214	71	0.014286
214	104	0.033333
214	108	0.021739
214	131	0.025641
214	133	0.035714
214	136	0.024390
214	167	0.037037
214	195	0.028571
214	203	0.041667
214	319	0.052632
214	353	0.055556
214	388	0.058824
214	433	0.058824
215	11	0.011494
215	21	0.009091
215	47	0.014286
215	49	0.011494
215	83	0.018519
215	84	0.030303
215	102	0.029412
215	104	0.033333
215	108	0.021739
215	111	0.026316
215	114	0.034483
215	116	0.019608
215	132	0.035714
215	133	0.035714
215	136	0.024390
215	147	0.030303
215	206	0.038462
215	223	0.052632
215	226	0.041667
215	246	0.045455
215	316	0.055556
215	360	0.047619
215	390	0.058824
216	0	0.022222
216	3	0.015152
216	6	0.015625
216	13	0.011765
216	17	0.006536
216	20	0.007353
216	23	0.009434
216	28	0.017241
216	32	0.009009
216	33	0.009009
216	51	0.012658
216	69	0.019608
216	83	0.018519
216	86	0.025641
216	141	0.027778
216	146	0.027027
216	178	0.040000
216	218	0.047619
216	222	0.052632
216	232	0.040000
216	236	0.030303
216	248	0.035714
216	277	0.050000
216	281	0.045455
216	283	0.047619
216	294	0.050000
216	300	0.041667
216	312	0.045455
216	329	0.047619
216	369	0.052632
216	376	0.058824
216	386	0.055556
216	416	0.052632
217	13	0.011765
217	22	0.011628
217	27	0.014493
217	28	0.017241
217	42	0.012821
217	47	0.014286
217	50	0.013699
217	67	0.014925
217	90	0.027778
217	105	0.023810
217	122	0.033333
217	132	0.035714
217	151	0.034483
217	165	0.025641
217	168	0.027778
217	201	0.041667
217	206	0.038462
217	248	0.035714
217	265	0.045455
217	340	0.052632
217	344	0.058824
217	394	0.055556
217	418	0.058824
217	443	0.058824
218	17	0.006536
218	18	0.005917
218	23	0.009434
218	26	0.012658
218	33	0.009009
218	41	0.011494
218	43	0.012658
218	44	0.020408
218	50	0.013699
218	55	0.023810
218	59	0.019608
218	72	0.022727
218	83	0.018519
218	135	0.024390
218	186	0.040000
218	210	0.045455
218	216	0.030303
218	298	0.058824
218	371	0.047619
218	393	0.058824
218	407	0.058824
219	3	0.015152
219	17	0.006536
219	19	0.006579
219	33	0.009009
219	36	0.010753
219	37	0.011494
219	41	0.011494
219	42	0.012821
219	48	0.011905
219	51	0.012658
219	71	0.014286
219	73	0.017544
219	98	0.018182
219	110	0.018519
219	150	0.028571
219	193	0.038462
219	199	0.040000
219	253	0.047619
219	271	0.050000
219	277	0.050000
219	299	0.045455
219	383	0.055556
219	433	0.058824
219	441	0.058824
220	1	0.009901
220	11	0.011494
220	13	0.011765
220	18	0.005917
220	23	0.009434
220	32	0.009009
220	48	0.011905
220	73	0.017544
220	99	0.022727
220	114	0.034483
220	130	0.024390
220	141	0.027778
220	175	0.037037
220	178	0.040000
220	180	0.043478
220	193	0.038462
220	207	0.040000
220	252	0.045455
220	315	0.055556
220	371	0.047619
220	388	0.058824
220	415	0.058824
220	424	0.055556
220	430	0.058824
221	1	0.009901
221	16	0.014286
221	18	0.005917
221	19	0.006579
221	21	0.009091
221	33	0.009009
221	41	0.011494
221	43	0.012658
221	46	0.014286
221	60	0.029412
221	75	0.017857
221	77	0.014286
221	83	0.018519
221	145	0.031250
221	152	0.028571
221	168	0.027778
221	190	0.038462
221	308	0.055556
221	337	0.055556
222	1	0.009901
222	5	0.020408
222	7	0.012987
222	8	0.010309
222	20	0.007353
222	23	0.009434
222	36	0.010753
222	38	0.014706
222	49	0.011494
222	51	0.012658
222	65	0.016667
222	80	0.023810
222	103	0.020408
222	109	0.030303
222	118	0.032258
222	211	0.034483
222	216	0.030303
222	272	0.043478
222	284	0.047619
223	9	0.031250
223	10	0.012500
223	13	0.011765
223	23	0.009434
223	24	0.010204
223	36	0.010753
223	54	0.020408
223	73	0.017544
223	87	0.023810
223	122	0.033333
223	131	0.025641
223	146	0.027027
223	163	0.040000
223	164	0.033333
223	169	0.025641
223	208	0.027778
223	215	0.043478
223	379	0.058824
223	442	0.058824
224	1	0.009901
224	14	0.012821
224	18	0.005917
224	19	0.006579
224	23	0.009434
224	26	0.012658
224	49	0.011494
224	52	0.013514
224	77	0.014286
224	89	0.029412
224	114	0.034483
224	132	0.035714
224	140	0.034483
224	143	0.032258
224	167	0.037037
224	195	0.028571
224	212	0.037037
224	274	0.041667
224	276	0.045455
224	323	0.052632
224	335	0.050000
224	340	0.052632
224	361	0.058824
224	433	0.058824
225	6	0.015625
225	17	0.006536
225	19	0.006579
225	55	0.023810
225	58	0.020833
225	66	0.020000
225	71	0.014286
225	79	0.019608
225	87	0.023810
225	110	0.018519
225	116	0.019608
225	131	0.025641
225	136	0.024390
225	137	0.033333
225	141	0.027778
225	179	0.030303
225	227	0.045455
225	243	0.034483
225	255	0.052632
225	276	0.045455
225	277	0.050000
225	283	0.047619
225	297	0.045455
225	307	0.052632
225	320	0.047619
225	321	0.050000
225	322	0.045455
225	336	0.047619
225	339	0.050000
225	365	0.055556
225	367	0.058824
225	387	0.055556
225	400	0.047619
225	411	0.052632
225	417	0.058824
225	420	0.058824
225	427	0.058824
225	434	0.055556
226	17	0.006536
226	18	0.005917
226	19	0.006579
226	20	0.007353
226	21	0.009091
226	35	0.010309
226	36	0.010753
226	42	0.012821
226	66	0.020000
226	72	0.022727
226	78	0.020408
226	82	0.029412
226	100	0.022727
226	117	0.038462
226	171	0.030303
226	173	0.027027
226	215	0.043478
226	283	0.047619
226	287	0.052632
226	288	0.045455
226	292	0.050000
226	300	0.041667
226	334	0.058824
226	379	0.058824
227	2	0.014925
227	3	0.015152
227	12	0.015625
227	16	0.014286
227	17	0.006536
227	19	0.006579
227	32	0.009009
227	36	0.010753
227	55	0.023810
227	64	0.023810
227	86	0.025641
227	110	0.018519
227	116	0.019608
227	135	0.024390
227	160	0.040000
227	171	0.030303
227	225	0.026316
227	229	0.033333
227	230	0.040000
227	305	0.047619
227	347	0.055556
227	395	0.055556
228	6	0.015625
228	7	0.012987
228	9	0.031250
228	12	0.015625
228	18	0.005917
228	20	0.007353
228	24	0.010204
228	32	0.009009
228	49	0.011494
228	57	0.019231
228	80	0.023810
228	84	0.030303
228	137	0.033333
228	141	0.027778
228	142	0.040000
228	169	0.025641
228	180	0.043478
228	234	0.038462
228	403	0.052632
228	405	0.058824
229	1	0.009901
229	8	0.010309
229	13	0.011765
229	16	0.014286
229	38	0.014706
229	42	0.012821
229	44	0.020408
229	46	0.014286
229	90	0.027778
229	98	0.018182
229	108	0.021739
229	128	0.032258
229	135	0.024390
229	192	0.038462
229	201	0.041667
229	209	0.043478
229	227	0.045455
229	230	0.040000
229	248	0.035714
229	266	0.043478
229	275	0.055556
229	296	0.047619
229	303	0.050000
229	327	0.043478
229	332	0.052632
229	349	0.055556
229	352	0.038462
229	366	0.045455
229	423	0.058824
229	430	0.058824
230	10	0.012500
230	16	0.014286
230	17	0.006536
230	18	0.005917
230	22	0.011628
230	23	0.009434
230	44	0.020408
230	46	0.014286
230	65	0.016667
230	67	0.014925
230	85	0.022222
230	105	0.023810
230	155	0.037037
230	159	0.043478
230	183	0.041667
230	227	0.045455
230	229	0.033333
230	275	0.055556
230	313	0.047619
230	318	0.058824
230	324	0.052632
230	383	0.055556
230	388	0.058824
230	423	0.058824
230	426	0.058824
231	7	0.012987
231	21	0.009091
231	27	0.014493
231	43	0.012658
231	46	0.014286
231	50	0.013699
231	52	0.013514
231	70	0.018182
231	75	0.017857
231	80	0.023810
231	81	0.020833
231	103	0.020408
231	109	0.030303
231	122	0.033333
231	144	0.038462
231	156	0.043478
231	172	0.038462
231	250	0.041667
231	335	0.050000
231	344	0.058824
231	368	0.052632
231	371	0.047619
232	1	0.009901
232	5	0.020408
232	11	0.011494
232	14	0.012821
232	18	0.005917
232	24	0.010204
232	37	0.011494
232	41	0.011494
232	43	0.012658
232	49	0.011494
232	52	0.013514
232	77	0.014286
232	90	0.027778
232	112	0.027778
232	120	0.032258
232	122	0.033333
232	216	0.030303
232	257	0.043478
232	265	0.045455
232	273	0.047619
232	328	0.045455
232	334	0.058824
232	342	0.050000
232	345	0.055556
232	404	0.055556
233	8	0.010309
233	12	0.015625
233	22	0.011628
233	23	0.009434
233	35	0.010309
233	37	0.011494
233	48	0.011905
233	53	0.021739
233	59	0.019608
233	77	0.014286
233	80	0.023810
233	87	0.023810
233	104	0.033333
233	105	0.023810
233	113	0.033333
233	131	0.025641
233	141	0.027778
233	250	0.041667
233	314	0.052632
233	329	0.047619
233	403	0.052632
233	409	0.058824
233	436	0.058824
234	17	0.006536
234	33	0.009009
234	34	0.011494
234	37	0.011494
234	41	0.011494
234	44	0.020408
234	45	0.016393
234	56	0.015385
234	64	0.023810
234	84	0.030303
234	119	0.027027
234	123	0.037037
234	136	0.024390
234	148	0.029412
234	174	0.045455
234	205	0.033333
234	228	0.050000
234	237	0.040000
234	286	0.058824
234	313	0.047619
234	314	0.052632
234	315	0.055556
234	343	0.052632
234	374	0.058824
234	396	0.052632
234	402	0.052632
235	4	0.020408
235	13	0.011765
235	21	0.009091
235	28	0.017241
235	38	0.014706
235	39	0.014085
235	41	0.011494
235	46	0.014286
235	76	0.025000
235	97	0.032258
235	103	0.020408
235	111	0.026316
235	116	0.019608
235	167	0.037037
235	179	0.030303
235	184	0.043478
235	196	0.038462
235	306	0.050000
235	311	0.050000
235	337	0.055556
235	341	0.050000
235	351	0.055556
235	361	0.058824
236	6	0.015625
236	7	0.012987
236	10	0.012500
236	21	0.009091
236	25	0.012987
236	34	0.011494
236	38	0.014706
236	43	0.012658
236	58	0.020833
236	64	0.023810
236	74	0.018519
236	81	0.020833
236	82	0.029412
236	96	0.031250
236	130	0.024390
236	161	0.032258
236	216	0.030303
236	241	0.045455
236	248	0.035714
236	260	0.050000
236	280	0.045455
236	315	0.055556
236	318	0.058824
236	320	0.047619
236	327	0.043478
236	334	0.058824
236	347	0.055556
236	383	0.055556
236	416	0.052632
236	422	0.058824
236	426	0.058824
236	429	0.058824
236	437	0.055556
237	11	0.011494
237	15	0.021739
237	18	0.005917
237	19	0.006579
237	26	0.012658
237	34	0.011494
237	37	0.011494
237	39	0.014085
237	45	0.016393
237	48	0.011905
237	76	0.025000
237	101	0.021277
237	150	0.028571
237	152	0.028571
237	154	0.037037
237	205	0.033333
237	234	0.038462
237	250	0.041667
237	263	0.052632
237	270	0.033333
237	278	0.040000
237	317	0.055556
237	367	0.058824
237	370	0.058824
237	392	0.062500
238	1	0.009901
238	2	0.014925
238	18	0.005917
238	21	0.009091
238	25	0.012987
238	33	0.009009
238	38	0.014706
238	44	0.020408
238	50	0.013699
238	54	0.020408
238	71	0.014286
238	90	0.027778
238	96	0.031250
238	98	0.018182
238	130	0.024390
238	150	0.028571
238	186	0.040000
238	251	0.045455
238	272	0.043478
238	274	0.041667
238	278	0.040000
238	286	0.058824
238	299	0.045455
238	301	0.043478
238	311	0.050000
238	328	0.045455
238	354	0.052632
238	379	0.058824
238	415	0.058824
238	425	0.055556
239	3	0.015152
239	36	0.010753
239	41	0.011494
239	42	0.012821
239	51	0.012658
239	53	0.021739
239	57	0.019231
239	67	0.014925
239	77	0.014286
239	131	0.025641
239	135	0.024390
239	147	0.030303
239	155	0.037037
239	162	0.028571
239	173	0.027027
239	198	0.035714
239	209	0.043478
239	242	0.047619
239	325	0.047619
239	415	0.058824
240	12	0.015625
240	18	0.005917
240	23	0.009434
240	24	0.010204
240	33	0.009009
240	36	0.010753
240	42	0.012821
240	45	0.016393
240	52	0.013514
240	57	0.019231
240	71	0.014286
240	73	0.017544
240	81	0.020833
240	103	0.020408
240	113	0.033333
240	171	0.030303
240	186	0.040000
240	378	0.058824
240	387	0.055556
240	405	0.058824
240	415	0.058824
241	6	0.015625
241	11	0.011494
241	17	0.006536
241	19	0.006579
241	20	0.007353
241	34	0.011494
241	40	0.014925
241	51	0.012658
241	71	0.014286
241	75	0.017857
241	80	0.023810
241	86	0.025641
241	162	0.028571
241	198	0.035714
241	202	0.037037
241	208	0.027778
241	236	0.030303
241	290	0.052632
241	304	0.050000
241	307	0.052632
241	321	0.050000
241	349	0.055556
242	1	0.009901
242	7	0.012987
242	17	0.006536
242	35	0.010309
242	36	0.010753
242	42	0.012821
242	48	0.011905
242	54	0.020408
242	56	0.015385
242	116	0.019608
242	136	0.024390
242	143	0.032258
242	148	0.029412
242	151	0.034483
242	175	0.037037
242	239	0.050000
242	268	0.035714
242	271	0.050000
242	304	0.050000
242	333	0.045455
242	372	0.050000
243	1	0.009901
243	2	0.014925
243	16	0.014286
243	19	0.006579
243	30	0.030303
243	52	0.013514
243	54	0.020408
243	57	0.019231
243	101	0.021277
243	112	0.027778
243	124	0.029412
243	131	0.025641
243	152	0.028571
243	176	0.034483
243	190	0.038462
243	202	0.037037
243	225	0.026316
243	295	0.050000
243	309	0.050000
243	327	0.043478
243	347	0.055556
243	358	0.047619
243	361	0.058824
243	372	0.050000
243	389	0.058824
243	393	0.058824
243	432	0.058824
243	439	0.058824
243	443	0.058824
244	18	0.005917
244	19	0.006579
244	42	0.012821
244	53	0.021739
244	58	0.020833
244	65	0.016667
244	79	0.019608
244	98	0.018182
244	99	0.022727
244	104	0.033333
244	112	0.027778
244	136	0.024390
244	142	0.040000
244	145	0.031250
244	146	0.027027
244	169	0.025641
244	177	0.034483
244	264	0.050000
244	267	0.043478
244	293	0.045455
244	324	0.052632
244	332	0.052632
244	355	0.052632
244	369	0.052632
244	434	0.055556
245	4	0.020408
245	13	0.011765
245	18	0.005917
245	20	0.007353
245	33	0.009009
245	38	0.014706
245	41	0.011494
245	49	0.011494
245	52	0.013514
245	72	0.022727
245	78	0.020408
245	145	0.031250
245	171	0.030303
245	172	0.038462
245	182	0.041667
245	200	0.037037
245	209	0.043478
245	342	0.050000
245	402	0.052632
245	441	0.058824
246	1	0.009901
246	2	0.014925
246	9	0.031250
246	21	0.009091
246	42	0.012821
246	56	0.015385
246	67	0.014925
246	69	0.019608
246	77	0.014286
246	91	0.033333
246	107	0.021739
246	110	0.018519
246	111	0.026316
246	116	0.019608
246	161	0.032258
246	176	0.034483
246	215	0.043478
246	258	0.047619
246	276	0.045455
246	281	0.045455
246	358	0.047619
246	388	0.058824
247	15	0.021739
247	18	0.005917
247	26	0.012658
247	32	0.009009
247	37	0.011494
247	42	0.012821
247	50	0.013699
247	56	0.015385
247	58	0.020833
247	60	0.029412
247	75	0.017857
247	97	0.032258
247	110	0.018519
247	150	0.028571
247	157	0.043478
247	158	0.050000
247	168	0.027778
247	273	0.047619
247	352	0.038462
247	378	0.058824
247	384	0.055556
247	416	0.052632
247	437	0.055556
248	11	0.011494
248	18	0.005917
248	19	0.006579
248	20	0.007353
248	24	0.010204
248	25	0.012987
248	29	0.029412
248	38	0.014706
248	45	0.016393
248	76	0.025000
248	132	0.035714
248	150	0.028571
248	165	0.025641
248	216	0.030303
248	217	0.041667
248	229	0.033333
248	236	0.030303
248	251	0.045455
248	272	0.043478
248	305	0.047619
248	344	0.058824
248	347	0.055556
248	382	0.058824
248	392	0.062500
248	395	0.055556
248	396	0.052632
248	412	0.058824
248	414	0.058824
249	3	0.015152
249	14	0.012821
249	17	0.006536
249	18	0.005917
249	19	0.006579
249	24	0.010204
249	32	0.009009
249	34	0.011494
249	37	0.011494
249	46	0.014286
249	51	0.012658
249	66	0.020000
249	67	0.014925
249	70	0.018182
249	109	0.030303
249	165	0.025641
249	207	0.040000
249	279	0.045455
249	310	0.050000
249	324	0.052632
249	338	0.045455
249	394	0.055556
249	398	0.062500
250	7	0.012987
250	33	0.009009
250	40	0.014925
250	50	0.013699
250	64	0.023810
250	65	0.016667
250	83	0.018519
250	98	0.018182
250	99	0.022727
250	100	0.022727
250	113	0.033333
250	124	0.029412
250	127	0.045455
250	177	0.034483
250	231	0.045455
250	233	0.043478
250	237	0.040000
250	256	0.045455
250	323	0.052632
250	345	0.055556
250	381	0.055556
250	413	0.058824
250	421	0.052632
250	439	0.058824
251	0	0.022222
251	1	0.009901
251	6	0.015625
251	8	0.010309
251	36	0.010753
251	38	0.014706
251	71	0.014286
251	81	0.020833
251	82	0.029412
251	106	0.026316
251	114	0.034483
251	140	0.034483
251	150	0.028571
251	164	0.033333
251	208	0.027778
251	238	0.033333
251	248	0.035714
251	252	0.045455
251	255	0.052632
251	289	0.040000
251	311	0.050000
251	428	0.058824
252	0	0.022222
252	4	0.020408
252	6	0.015625
252	24	0.010204
252	43	0.012658
252	59	0.019608
252	67	0.014925
252	71	0.014286
252	82	0.029412
252	122	0.033333
252	140	0.034483
252	144	0.038462
252	162	0.028571
252	166	0.037037
252	195	0.028571
252	220	0.041667
252	251	0.045455
252	282	0.043478
252	304	0.050000
252	421	0.052632
252	442	0.058824
252	443	0.058824
253	20	0.007353
253	32	0.009009
253	37	0.011494
253	41	0.011494
253	45	0.016393
253	47	0.014286
253	69	0.019608
253	75	0.017857
253	85	0.022222
253	87	0.023810
253	101	0.021277
253	120	0.032258
253	164	0.033333
253	165	0.025641
253	169	0.025641
253	177	0.034483
253	219	0.041667
253	304	0.050000
253	354	0.052632
253	397	0.058824
253	400	0.047619
254	0	0.022222
254	7	0.012987
254	19	0.006579
254	36	0.010753
254	43	0.012658
254	62	0.027778
254	70	0.018182
254	72	0.022727
254	88	0.027778
254	101	0.021277
254	105	0.023810
254	134	0.031250
254	140	0.034483
254	161	0.032258
254	193	0.038462
254	200	0.037037
254	202	0.037037
254	307	0.052632
254	375	0.055556
255	1	0.009901
255	8	0.010309
255	12	0.015625
255	20	0.007353
255	21	0.009091
255	25	0.012987
255	33	0.009009
255	36	0.010753
255	83	0.018519
255	84	0.030303
255	90	0.027778
255	101	0.021277
255	110	0.018519
255	133	0.035714
255	151	0.034483
255	225	0.026316
255	251	0.045455
255	319	0.052632
255	412	0.058824
256	2	0.014925
256	21	0.009091
256	22	0.011628
256	35	0.010309
256	60	0.029412
256	64	0.023810
256	87	0.023810
256	88	0.027778
256	91	0.033333
256	120	0.032258
256	121	0.033333
256	138	0.027027
256	149	0.033333
256	156	0.043478
256	161	0.032258
256	212	0.037037
256	250	0.041667
256	258	0.047619
256	279	0.045455
256	315	0.055556
256	430	0.058824
256	437	0.055556
257	18	0.005917
257	21	0.009091
257	25	0.012987
257	33	0.009009
257	37	0.011494
257	53	0.021739
257	54	0.020408
257	66	0.020000
257	67	0.014925
257	76	0.025000
257	78	0.020408
257	148	0.029412
257	149	0.033333
257	155	0.037037
257	165	0.025641
257	198	0.035714
257	232	0.040000
257	294	0.050000
257	325	0.047619
257	355	0.052632
257	361	0.058824
257	411	0.052632
257	441	0.058824
258	8	0.010309
258	12	0.015625
258	48	0.011905
258	49	0.011494
258	67	0.014925
258	75	0.017857
258	79	0.019608
258	116	0.019608
258	150	0.028571
258	164	0.033333
258	169	0.025641
258	176	0.034483
258	182	0.041667
258	194	0.040000
258	246	0.045455
258	256	0.045455
258	274	0.041667
258	278	0.040000
258	311	0.050000
258	317	0.055556
258	340	0.052632
259	15	0.021739
259	18	0.005917
259	22	0.011628
259	39	0.014085
259	51	0.012658
259	53	0.021739
259	68	0.019608
259	76	0.025000
259	77	0.014286
259	79	0.019608
259	85	0.022222
259	121	0.033333
259	143	0.032258
259	174	0.045455
259	186	0.040000
259	194	0.040000
259	213	0.034483
259	273	0.047619
259	315	0.055556
259	330	0.047619
259	351	0.055556
259	401	0.055556
259	422	0.058824
260	0	0.022222
260	13	0.011765
260	16	0.014286
260	19	0.006579
260	37	0.011494
260	38	0.014706
260	41	0.011494
260	45	0.016393
260	67	0.014925
260	76	0.025000
260	98	0.018182
260	100	0.022727
260	136	0.024390
260	154	0.037037
260	205	0.033333
260	236	0.030303
260	334	0.058824
260	385	0.058824
260	390	0.058824
260	443	0.058824
261	1	0.009901
261	5	0.020408
261	14	0.012821
261	18	0.005917
261	19	0.006579
261	21	0.009091
261	24	0.010204
261	32	0.009009
261	33	0.009009
261	51	0.012658
261	77	0.014286
261	79	0.019608
261	100	0.022727
261	111	0.026316
261	151	0.034483
261	164	0.033333
261	181	0.041667
261	265	0.045455
261	287	0.052632
261	306	0.050000
261	318	0.058824
261	322	0.045455
261	324	0.052632
261	338	0.045455
261	369	0.052632
261	375	0.055556
261	378	0.058824
261	386	0.055556
262	4	0.020408
262	6	0.015625
262	13	0.011765
262	14	0.012821
262	21	0.009091
262	27	0.014493
262	36	0.010753
262	85	0.022222
262	88	0.027778
262	105	0.023810
262	106	0.026316
262	107	0.021739
262	135	0.024390
262	140	0.034483
262	157	0.043478
262	166	0.037037
262	197	0.038462
262	284	0.047619
262	306	0.050000
262	346	0.050000
262	366	0.045455
262	377	0.052632
262	406	0.058824
262	418	0.058824
263	1	0.009901
263	11	0.011494
263	18	0.005917
263	39	0.014085
263	41	0.011494
263	47	0.014286
263	70	0.018182
263	72	0.022727
263	86	0.025641
263	103	0.020408
263	115	0.027027
263	142	0.040000
263	147	0.030303
263	151	0.034483
263	168	0.027778
263	211	0.034483
263	237	0.040000
263	264	0.050000
263	422	0.058824
264	1	0.009901
264	11	0.011494
264	16	0.014286
264	20	0.007353
264	24	0.010204
264	30	0.030303
264	34	0.011494
264	37	0.011494
264	40	0.014925
264	67	0.014925
264	79	0.019608
264	83	0.018519
264	98	0.018182
264	172	0.038462
264	196	0.038462
264	244	0.040000
264	263	0.052632
264	321	0.050000
264	402	0.052632
264	429	0.058824
265	0	0.022222
265	1	0.009901
265	9	0.031250
265	11	0.011494
265	17	0.006536
265	18	0.005917
265	19	0.006579
265	26	0.012658
265	36	0.010753
265	45	0.016393
265	74	0.018519
265	88	0.027778
265	96	0.031250
265	179	0.030303
265	217	0.041667
265	232	0.040000
265	261	0.035714
265	292	0.050000
265	369	0.052632
265	406	0.058824
265	430	0.058824
265	442	0.058824
266	2	0.014925
266	5	0.020408
266	8	0.010309
266	11	0.011494
266	16	0.014286
266	17	0.006536
266	22	0.011628
266	33	0.009009
266	44	0.020408
266	47	0.014286
266	50	0.013699
266	78	0.020408
266	81	0.020833
266	134	0.031250
266	199	0.040000
266	208	0.027778
266	229	0.033333
266	293	0.045455
266	297	0.045455
266	303	0.050000
266	394	0.055556
266	400	0.047619
266	423	0.058824
267	8	0.010309
267	12	0.015625
267	13	0.011765
267	24	0.010204
267	38	0.014706
267	42	0.012821
267	46	0.014286
267	54	0.020408
267	67	0.014925
267	95	0.041667
267	96	0.031250
267	103	0.020408
267	146	0.027027
267	151	0.034483
267	199	0.040000
267	200	0.037037
267	244	0.040000
267	295	0.050000
267	297	0.045455
267	315	0.055556
267	366	0.045455
267	373	0.055556
267	392	0.062500
268	3	0.015152
268	14	0.012821
268	18	0.005917
268	21	0.009091
268	22	0.011628
268	33	0.009009
268	35	0.010309
268	38	0.014706
268	46	0.014286
268	55	0.023810
268	89	0.029412
268	101	0.021277
268	130	0.024390
268	138	0.027027
268	195	0.028571
268	205	0.033333
268	242	0.047619
268	283	0.047619
268	314	0.052632
268	317	0.055556
268	339	0.050000
268	341	0.050000
268	346	0.050000
268	372	0.050000
268	373	0.055556
268	389	0.058824
268	401	0.055556
268	428	0.058824
269	10	0.012500
269	14	0.012821
269	16	0.014286
269	17	0.006536
269	18	0.005917
269	26	0.012658
269	44	0.020408
269	54	0.020408
269	57	0.019231
269	70	0.018182
269	75	0.017857
269	90	0.027778
269	91	0.033333
269	92	0.035714
269	104	0.033333
269	130	0.024390
269	155	0.037037
269	277	0.050000
269	311	0.050000
269	320	0.047619
269	324	0.052632
269	331	0.050000
269	335	0.050000
269	337	0.055556
269	358	0.047619
269	377	0.052632
270	10	0.012500
270	17	0.006536
270	21	0.009091
270	22	0.011628
270	36	0.010753
270	37	0.011494
270	46	0.014286
270	50	0.013699
270	52	0.013514
270	53	0.021739
270	101	0.021277
270	106	0.026316
270	111	0.026316
270	115	0.027027
270	124	0.029412
270	212	0.037037
270	237	0.040000
270	271	0.050000
270	286	0.058824
270	292	0.050000
270	305	0.047619
270	315	0.055556
270	333	0.045455
270	335	0.050000
270	338	0.045455
270	364	0.058824
270	369	0.052632
270	375	0.055556
270	404	0.055556
270	412	0.058824
271	1	0.009901
271	10	0.012500
271	19	0.006579
271	35	0.010309
271	43	0.012658
271	47	0.014286
271	50	0.013699
271	71	0.014286
271	72	0.022727
271	98	0.018182
271	119	0.027027
271	134	0.031250
271	149	0.033333
271	182	0.041667
271	219	0.041667
271	242	0.047619
271	270	0.033333
271	376	0.058824
271	404	0.055556
271	406	0.058824
272	11	0.011494
272	14	0.012821
272	15	0.021739
272	20	0.007353
272	52	0.013514
272	54	0.020408
272	62	0.027778
272	68	0.019608
272	88	0.027778
272	93	0.050000
272	152	0.028571
272	169	0.025641
272	189	0.052632
272	199	0.040000
272	222	0.052632
272	238	0.033333
272	248	0.035714
272	280	0.045455
272	288	0.045455
272	291	0.041667
272	346	0.050000
272	397	0.058824
272	412	0.058824
273	2	0.014925
273	17	0.006536
273	30	0.030303
273	64	0.023810
273	86	0.025641
273	88	0.027778
273	94	0.043478
273	116	0.019608
273	119	0.027027
273	138	0.027027
273	162	0.028571
273	169	0.025641
273	182	0.041667
273	208	0.027778
273	232	0.040000
273	247	0.043478
273	259	0.043478
273	398	0.062500
273	399	0.052632
273	412	0.058824
273	442	0.058824
274	6	0.015625
274	20	0.007353
274	33	0.009009
274	38	0.014706
274	39	0.014085
274	42	0.012821
274	69	0.019608
274	75	0.017857
274	77	0.014286
274	85	0.022222
274	117	0.038462
274	133	0.035714
274	164	0.033333
274	224	0.041667
274	238	0.033333
274	258	0.047619
274	278	0.040000
274	289	0.040000
274	296	0.047619
274	306	0.050000
274	368	0.052632
274	384	0.055556
274	401	0.055556
274	420	0.058824
275	14	0.012821
275	17	0.006536
275	18	0.005917
275	24	0.010204
275	42	0.012821
275	43	0.012658
275	44	0.020408
275	45	0.016393
275	52	0.013514
275	54	0.020408
275	86	0.025641
275	119	0.027027
275	136	0.024390
275	141	0.027778
275	168	0.027778
275	229	0.033333
275	230	0.040000
275	417	0.058824
276	1	0.009901
276	7	0.012987
276	14	0.012821
276	19	0.006579
276	20	0.007353
276	21	0.009091
276	34	0.011494
276	38	0.014706
276	67	0.014925
276	71	0.014286
276	74	0.018519
276	88	0.027778
276	129	0.034483
276	148	0.029412
276	224	0.041667
276	225	0.026316
276	246	0.045455
276	283	0.047619
276	360	0.047619
276	371	0.047619
276	381	0.055556
276	396	0.052632
277	2	0.014925
277	19	0.006579
277	35	0.010309
277	49	0.011494
277	77	0.014286
277	85	0.022222
277	111	0.026316
277	123	0.037037
277	171	0.030303
277	179	0.030303
277	197	0.038462
277	200	0.037037
277	208	0.027778
277	216	0.030303
277	219	0.041667
277	225	0.026316
277	269	0.038462
277	303	0.050000
277	319	0.052632
277	368	0.052632
278	18	0.005917
278	20	0.007353
278	27	0.014493
278	34	0.011494
278	42	0.012821
278	46	0.014286
278	53	0.021739
278	66	0.020000
278	69	0.019608
278	70	0.018182
278	80	0.023810
278	205	0.033333
278	208	0.027778
278	237	0.040000
278	238	0.033333
278	258	0.047619
278	274	0.041667
278	280	0.045455
278	297	0.045455
278	337	0.055556
278	352	0.038462
278	359	0.058824
278	370	0.058824
278	437	0.055556
278	439	0.058824
279	5	0.020408
279	7	0.012987
279	10	0.012500
279	12	0.015625
279	24	0.010204
279	36	0.010753
279	49	0.011494
279	62	0.027778
279	67	0.014925
279	74	0.018519
279	79	0.019608
279	113	0.033333
279	134	0.031250
279	185	0.040000
279	192	0.038462
279	249	0.043478
279	256	0.045455
279	309	0.050000
279	349	0.055556
279	358	0.047619
279	370	0.058824
279	374	0.058824
280	1	0.009901
280	15	0.021739
280	25	0.012987
280	34	0.011494
280	37	0.011494
280	41	0.011494
280	48	0.011905
280	49	0.011494
280	54	0.020408
280	59	0.019608
280	70	0.018182
280	126	0.041667
280	193	0.038462
280	206	0.038462
280	236	0.030303
280	272	0.043478
280	278	0.040000
280	297	0.045455
280	305	0.047619
280	336	0.047619
280	349	0.055556
280	370	0.058824
281	11	0.011494
281	14	0.012821
281	32	0.009009
281	37	0.011494
281	48	0.011905
281	68	0.019608
281	71	0.014286
281	82	0.029412
281	85	0.022222
281	89	0.029412
281	113	0.033333
281	146	0.027027
281	168	0.027778
281	171	0.030303
281	211	0.034483
281	216	0.030303
281	246	0.045455
281	307	0.052632
281	316	0.055556
281	357	0.047619
281	383	0.055556
281	419	0.055556
282	8	0.010309
282	21	0.009091
282	23	0.009434
282	24	0.010204
282	33	0.009009
282	36	0.010753
282	73	0.017544
282	97	0.032258
282	100	0.022727
282	102	0.029412
282	107	0.021739
282	114	0.034483
282	130	0.024390
282	144	0.038462
282	148	0.029412
282	208	0.027778
282	252	0.045455
282	286	0.058824
282	304	0.050000
282	312	0.045455
282	357	0.047619
282	376	0.058824
282	426	0.058824
283	0	0.022222
283	5	0.020408
283	15	0.021739
283	34	0.011494
283	40	0.014925
283	59	0.019608
283	80	0.023810
283	103	0.020408
283	112	0.027778
283	138	0.027027
283	165	0.025641
283	210	0.045455
283	216	0.030303
283	225	0.026316
283	226	0.041667
283	268	0.035714
283	276	0.045455
283	296	0.047619
283	371	0.047619
283	419	0.055556
283	423	0.058824
284	6	0.015625
284	18	0.005917
284	20	0.007353
284	33	0.009009
284	35	0.010309
284	39	0.014085
284	57	0.019231
284	65	0.016667
284	81	0.020833
284	108	0.021739
284	112	0.027778
284	118	0.032258
284	124	0.029412
284	166	0.037037
284	167	0.037037
284	222	0.052632
284	262	0.041667
284	285	0.050000
284	308	0.055556
284	309	0.050000
284	358	0.047619
285	8	0.010309
285	9	0.031250
285	12	0.015625
285	18	0.005917
285	20	0.007353
285	24	0.010204
285	36	0.010753
285	41	0.011494
285	76	0.025000
285	86	0.025641
285	110	0.018519
285	121	0.033333
285	161	0.032258
285	175	0.037037
285	190	0.038462
285	208	0.027778
285	284	0.047619
285	353	0.055556
285	379	0.058824
285	399	0.052632
286	20	0.007353
286	23	0.009434
286	33	0.009009
286	36	0.010753
286	41	0.011494
286	50	0.013699
286	80	0.023810
286	81	0.020833
286	101	0.021277
286	105	0.023810
286	124	0.029412
286	130	0.024390
286	205	0.033333
286	234	0.038462
286	238	0.033333
286	270	0.033333
286	282	0.043478
287	2	0.014925
287	8	0.010309
287	20	0.007353
287	22	0.011628
287	23	0.009434
287	43	0.012658
287	45	0.016393
287	54	0.020408
287	65	0.016667
287	73	0.017544
287	80	0.023810
287	82	0.029412
287	110	0.018519
287	115	0.027027
287	176	0.034483
287	226	0.041667
287	261	0.035714
287	293	0.045455
287	429	0.058824
288	7	0.012987
288	11	0.011494
288	19	0.006579
288	20	0.007353
288	36	0.010753
288	47	0.014286
288	72	0.022727
288	75	0.017857
288	98	0.018182
288	103	0.020408
288	167	0.037037
288	171	0.030303
288	178	0.040000
288	194	0.040000
288	202	0.037037
288	226	0.041667
288	272	0.043478
288	300	0.041667
288	318	0.058824
288	333	0.045455
288	399	0.052632
288	437	0.055556
289	26	0.012658
289	30	0.030303
289	42	0.012821
289	43	0.012658
289	46	0.014286
289	50	0.013699
289	52	0.013514
289	57	0.019231
289	75	0.017857
289	77	0.014286
289	98	0.018182
289	135	0.024390
289	139	0.032258
289	163	0.040000
289	190	0.038462
289	251	0.045455
289	274	0.041667
289	309	0.050000
289	312	0.045455
289	323	0.052632
289	328	0.045455
289	374	0.058824
289	375	0.055556
289	403	0.052632
289	441	0.058824
290	3	0.015152
290	11	0.011494
290	12	0.015625
290	17	0.006536
290	20	0.007353
290	24	0.010204
290	37	0.011494
290	41	0.011494
290	51	0.012658
290	63	0.043478
290	74	0.018519
290	80	0.023810
290	196	0.038462
290	204	0.045455
290	205	0.033333
290	207	0.040000
290	241	0.045455
290	321	0.050000
290	398	0.062500
291	12	0.015625
291	17	0.006536
291	22	0.011628
291	41	0.011494
291	46	0.014286
291	50	0.013699
291	67	0.014925
291	72	0.022727
291	78	0.020408
291	81	0.020833
291	83	0.018519
291	85	0.022222
291	119	0.027027
291	125	0.033333
291	147	0.030303
291	196	0.038462
291	272	0.043478
291	316	0.055556
291	318	0.058824
291	319	0.052632
291	339	0.050000
291	359	0.058824
291	408	0.055556
291	418	0.058824
292	0	0.022222
292	22	0.011628
292	36	0.010753
292	40	0.014925
292	59	0.019608
292	86	0.025641
292	107	0.021739
292	111	0.026316
292	123	0.037037
292	149	0.033333
292	168	0.027778
292	171	0.030303
292	198	0.035714
292	200	0.037037
292	226	0.041667
292	265	0.045455
292	270	0.033333
292	323	0.052632
292	329	0.047619
292	372	0.050000
293	1	0.009901
293	8	0.010309
293	15	0.021739
293	16	0.014286
293	17	0.006536
293	20	0.007353
293	46	0.014286
293	54	0.020408
293	71	0.014286
293	100	0.022727
293	142	0.040000
293	166	0.037037
293	170	0.034483
293	179	0.030303
293	244	0.040000
293	266	0.043478
293	287	0.052632
293	302	0.038462
293	332	0.052632
293	373	0.055556
293	401	0.055556
293	439	0.058824
294	20	0.007353
294	35	0.010309
294	36	0.010753
294	40	0.014925
294	51	0.012658
294	74	0.018519
294	77	0.014286
294	78	0.020408
294	82	0.029412
294	86	0.025641
294	128	0.032258
294	130	0.024390
294	177	0.034483
294	196	0.038462
294	213	0.034483
294	216	0.030303
294	257	0.043478
294	351	0.055556
294	409	0.058824
294	428	0.058824
295	11	0.011494
295	18	0.005917
295	19	0.006579
295	38	0.014706
295	58	0.020833
295	69	0.019608
295	79	0.019608
295	85	0.022222
295	96	0.031250
295	99	0.022727
295	104	0.033333
295	108	0.021739
295	110	0.018519
295	131	0.025641
295	179	0.030303
295	243	0.034483
295	267	0.043478
295	305	0.047619
295	345	0.055556
295	440	0.058824
296	3	0.015152
296	17	0.006536
296	32	0.009009
296	35	0.010309
296	46	0.014286
296	66	0.020000
296	69	0.019608
296	77	0.014286
296	99	0.022727
296	102	0.029412
296	106	0.026316
296	108	0.021739
296	110	0.018519
296	189	0.052632
296	229	0.033333
296	274	0.041667
296	283	0.047619
296	341	0.050000
296	357	0.047619
296	398	0.062500
296	421	0.052632
297	30	0.030303
297	35	0.010309
297	39	0.014085
297	43	0.012658
297	46	0.014286
297	66	0.020000
297	73	0.017544
297	86	0.025641
297	109	0.030303
297	131	0.025641
297	169	0.025641
297	179	0.030303
297	225	0.026316
297	266	0.043478
297	267	0.043478
297	278	0.040000
297	280	0.045455
297	327	0.043478
297	366	0.045455
297	387	0.055556
297	414	0.058824
297	443	0.058824
298	13	0.011765
298	17	0.006536
298	18	0.005917
298	39	0.014085
298	50	0.013699
298	76	0.025000
298	84	0.030303
298	103	0.020408
298	122	0.033333
298	129	0.034483
298	139	0.032258
298	150	0.028571
298	170	0.034483
298	180	0.043478
298	193	0.038462
298	197	0.038462
298	218	0.047619
299	3	0.015152
299	4	0.020408
299	14	0.012821
299	19	0.006579
299	21	0.009091
299	33	0.009009
299	34	0.011494
299	48	0.011905
299	51	0.012658
299	75	0.017857
299	78	0.020408
299	89	0.029412
299	108	0.021739
299	134	0.031250
299	212	0.037037
299	219	0.041667
299	238	0.033333
299	313	0.047619
299	342	0.050000
299	367	0.058824
299	413	0.058824
299	443	0.058824
300	20	0.007353
300	23	0.009434
300	32	0.009009
300	61	0.047619
300	89	0.029412
300	110	0.018519
300	111	0.026316
300	115	0.027027
300	137	0.033333
300	138	0.027027
300	146	0.027027
300	159	0.043478
300	173	0.027027
300	177	0.034483
300	216	0.030303
300	226	0.041667
300	288	0.045455
300	313	0.047619
300	320	0.047619
300	336	0.047619
300	344	0.058824
300	415	0.058824
300	421	0.052632
300	427	0.058824
301	2	0.014925
301	15	0.021739
301	17	0.006536
301	23	0.009434
301	26	0.012658
301	32	0.009009
301	34	0.011494
301	43	0.012658
301	49	0.011494
301	68	0.019608
301	69	0.019608
301	96	0.031250
301	128	0.032258
301	131	0.025641
301	171	0.030303
301	207	0.040000
301	238	0.033333
301	308	0.055556
301	314	0.052632
301	316	0.055556
301	359	0.058824
301	379	0.058824
301	396	0.052632
302	6	0.015625
302	11	0.011494
302	16	0.014286
302	19	0.006579
302	26	0.012658
302	40	0.014925
302	43	0.012658
302	45	0.016393
302	71	0.014286
302	76	0.025000
302	77	0.014286
302	108	0.021739
302	118	0.032258
302	138	0.027027
302	166	0.037037
302	210	0.045455
302	293	0.045455
302	306	0.050000
302	308	0.055556
302	312	0.045455
302	316	0.055556
302	317	0.055556
302	350	0.050000
302	372	0.050000
302	384	0.055556
302	432	0.058824
303	7	0.012987
303	17	0.006536
303	20	0.007353
303	24	0.010204
303	36	0.010753
303	47	0.014286
303	52	0.013514
303	56	0.015385
303	58	0.020833
303	129	0.034483
303	156	0.043478
303	186	0.040000
303	187	0.043478
303	212	0.037037
303	229	0.033333
303	266	0.043478
303	277	0.050000
303	386	0.055556
303	409	0.058824
303	425	0.055556
304	18	0.005917
304	20	0.007353
304	25	0.012987
304	28	0.017241
304	32	0.009009
304	50	0.013699
304	52	0.013514
304	68	0.019608
304	69	0.019608
304	70	0.018182
304	88	0.027778
304	135	0.024390
304	241	0.045455
304	242	0.047619
304	252	0.045455
304	253	0.047619
304	282	0.043478
304	358	0.047619
304	410	0.055556
304	417	0.058824
305	2	0.014925
305	10	0.012500
305	11	0.011494
305	22	0.011628
305	32	0.009009
305	36	0.010753
305	45	0.016393
305	50	0.013699
305	65	0.016667
305	98	0.018182
305	116	0.019608
305	146	0.027027
305	227	0.045455
305	248	0.035714
305	270	0.033333
305	280	0.045455
305	295	0.050000
305	338	0.045455
305	371	0.047619
305	382	0.058824
305	434	0.055556
306	11	0.011494
306	19	0.006579
306	26	0.012658
306	34	0.011494
306	43	0.012658
306	57	0.019231
306	66	0.020000
306	72	0.022727
306	85	0.022222
306	87	0.023810
306	111	0.026316
306	183	0.041667
306	235	0.043478
306	261	0.035714
306	262	0.041667
306	274	0.041667
306	302	0.038462
306	339	0.050000
306	386	0.055556
306	437	0.055556
307	19	0.006579
307	27	0.014493
307	35	0.010309
307	43	0.012658
307	68	0.019608
307	89	0.029412
307	108	0.021739
307	114	0.034483
307	124	0.029412
307	130	0.024390
307	140	0.034483
307	162	0.028571
307	169	0.025641
307	225	0.026316
307	241	0.045455
307	254	0.052632
307	281	0.045455
307	315	0.055556
307	422	0.058824
308	1	0.009901
308	9	0.031250
308	45	0.016393
308	49	0.011494
308	50	0.013699
308	77	0.014286
308	90	0.027778
308	104	0.033333
308	135	0.024390
308	148	0.029412
308	154	0.037037
308	202	0.037037
308	221	0.052632
308	284	0.047619
308	301	0.043478
308	302	0.038462
308	358	0.047619
308	363	0.052632
309	17	0.006536
309	19	0.006579
309	25	0.012987
309	26	0.012658
309	30	0.030303
309	51	0.012658
309	63	0.043478
309	67	0.014925
309	79	0.019608
309	109	0.030303
309	121	0.033333
309	124	0.029412
309	175	0.037037
309	243	0.034483
309	279	0.045455
309	284	0.047619
309	289	0.040000
309	389	0.058824
309	393	0.058824
309	397	0.058824
310	18	0.005917
310	19	0.006579
310	26	0.012658
310	35	0.010309
310	51	0.012658
310	56	0.015385
310	80	0.023810
310	95	0.041667
310	101	0.021277
310	108	0.021739
310	115	0.027027
310	131	0.025641
310	139	0.032258
310	168	0.027778
310	205	0.033333
310	249	0.043478
310	360	0.047619
310	421	0.052632
310	423	0.058824
310	431	0.055556
311	4	0.020408
311	8	0.010309
311	16	0.014286
311	22	0.011628
311	29	0.029412
311	43	0.012658
311	56	0.015385
311	125	0.033333
311	162	0.028571
311	171	0.030303
311	187	0.043478
311	193	0.038462
311	235	0.043478
311	238	0.033333
311	251	0.045455
311	258	0.047619
311	269	0.038462
311	331	0.050000
311	360	0.047619
311	441	0.058824
312	2	0.014925
312	8	0.010309
312	17	0.006536
312	28	0.017241
312	34	0.011494
312	37	0.011494
312	47	0.014286
312	49	0.011494
312	141	0.027778
312	148	0.029412
312	173	0.027027
312	211	0.034483
312	213	0.034483
312	216	0.030303
312	282	0.043478
312	289	0.040000
312	302	0.038462
312	350	0.050000
312	409	0.058824
312	426	0.058824
312	427	0.058824
312	438	0.062500
313	1	0.009901
313	10	0.012500
313	18	0.005917
313	21	0.009091
313	27	0.014493
313	33	0.009009
313	56	0.015385
313	97	0.032258
313	116	0.019608
313	119	0.027027
313	180	0.043478
313	195	0.028571
313	211	0.034483
313	230	0.040000
313	234	0.038462
313	299	0.045455
313	300	0.041667
313	314	0.052632
313	326	0.041667
313	367	0.058824
313	424	0.055556
314	16	0.014286
314	19	0.006579
314	22	0.011628
314	28	0.017241
314	33	0.009009
314	68	0.019608
314	106	0.026316
314	140	0.034483
314	149	0.033333
314	171	0.030303
314	183	0.041667
314	209	0.043478
314	233	0.043478
314	234	0.038462
314	268	0.035714
314	301	0.043478
314	313	0.047619
314	315	0.055556
314	438	0.062500
315	17	0.006536
315	32	0.009009
315	46	0.014286
315	50	0.013699
315	68	0.019608
315	77	0.014286
315	100	0.022727
315	141	0.027778
315	220	0.041667
315	234	0.038462
315	236	0.030303
315	256	0.045455
315	259	0.043478
315	267	0.043478
315	270	0.033333
315	307	0.052632
315	314	0.052632
315	407	0.058824
316	8	0.010309
316	17	0.006536
316	18	0.005917
316	25	0.012987
316	34	0.011494
316	41	0.011494
316	45	0.016393
316	71	0.014286
316	78	0.020408
316	85	0.022222
316	115	0.027027
316	131	0.025641
316	215	0.043478
316	281	0.045455
316	291	0.041667
316	301	0.043478
316	302	0.038462
316	438	0.062500
317	12	0.015625
317	18	0.005917
317	19	0.006579
317	33	0.009009
317	35	0.010309
317	38	0.014706
317	49	0.011494
317	50	0.013699
317	53	0.021739
317	134	0.031250
317	138	0.027027
317	146	0.027027
317	147	0.030303
317	237	0.040000
317	258	0.047619
317	268	0.035714
317	302	0.038462
317	337	0.055556
318	6	0.015625
318	13	0.011765
318	17	0.006536
318	35	0.010309
318	45	0.016393
318	46	0.014286
318	47	0.014286
318	74	0.018519
318	102	0.029412
318	108	0.021739
318	138	0.027027
318	145	0.031250
318	230	0.040000
318	236	0.030303
318	261	0.035714
318	288	0.045455
318	291	0.041667
319	22	0.011628
319	42	0.012821
319	59	0.019608
319	62	0.027778
319	79	0.019608
319	87	0.023810
319	99	0.022727
319	100	0.022727
319	129	0.034483
319	136	0.024390
319	157	0.043478
319	179	0.030303
319	195	0.028571
319	214	0.047619
319	255	0.052632
319	277	0.050000
319	291	0.041667
319	329	0.047619
319	412	0.058824
320	2	0.014925
320	6	0.015625
320	8	0.010309
320	18	0.005917
320	21	0.009091
320	32	0.009009
320	49	0.011494
320	65	0.016667
320	99	0.022727
320	146	0.027027
320	157	0.043478
320	199	0.040000
320	207	0.040000
320	225	0.026316
320	236	0.030303
320	269	0.038462
320	300	0.041667
320	326	0.041667
320	344	0.058824
320	348	0.058824
320	387	0.055556
321	5	0.020408
321	18	0.005917
321	20	0.007353
321	32	0.009009
321	46	0.014286
321	53	0.021739
321	60	0.029412
321	79	0.019608
321	87	0.023810
321	116	0.019608
321	128	0.032258
321	167	0.037037
321	172	0.038462
321	225	0.026316
321	241	0.045455
321	264	0.050000
321	290	0.052632
321	345	0.055556
321	375	0.055556
321	383	0.055556
322	1	0.009901
322	6	0.015625
322	17	0.006536
322	38	0.014706
322	41	0.011494
322	67	0.014925
322	86	0.025641
322	87	0.023810
322	89	0.029412
322	108	0.021739
322	116	0.019608
322	135	0.024390
322	143	0.032258
322	146	0.027027
322	168	0.027778
322	225	0.026316
322	261	0.035714
322	359	0.058824
322	379	0.058824
322	399	0.052632
322	411	0.052632
322	438	0.062500
323	17	0.006536
323	19	0.006579
323	23	0.009434
323	32	0.009009
323	55	0.023810
323	91	0.033333
323	98	0.018182
323	103	0.020408
323	113	0.033333
323	116	0.019608
323	139	0.032258
323	145	0.031250
323	151	0.034483
323	224	0.041667
323	250	0.041667
323	289	0.040000
323	292	0.050000
323	406	0.058824
323	412	0.058824
324	4	0.020408
324	21	0.009091
324	22	0.011628
324	25	0.012987
324	26	0.012658
324	39	0.014085
324	49	0.011494
324	51	0.012658
324	60	0.029412
324	66	0.020000
324	67	0.014925
324	161	0.032258
324	230	0.040000
324	244	0.040000
324	249	0.043478
324	261	0.035714
324	269	0.038462
324	347	0.055556
324	365	0.055556
325	7	0.012987
325	15	0.021739
325	33	0.009009
325	34	0.011494
325	35	0.010309
325	36	0.010753
325	49	0.011494
325	71	0.014286
325	116	0.019608
325	131	0.025641
325	136	0.024390
325	161	0.032258
325	175	0.037037
325	196	0.038462
325	209	0.043478
325	239	0.050000
325	257	0.043478
325	326	0.041667
325	381	0.055556
325	392	0.062500
325	435	0.058824
326	10	0.012500
326	17	0.006536
326	20	0.007353
326	33	0.009009
326	41	0.011494
326	54	0.020408
326	108	0.021739
326	111	0.026316
326	119	0.027027
326	151	0.034483
326	169	0.025641
326	182	0.041667
326	194	0.040000
326	206	0.038462
326	313	0.047619
326	320	0.047619
326	325	0.047619
326	331	0.050000
326	336	0.047619
326	339	0.050000
326	352	0.038462
326	357	0.047619
326	366	0.045455
326	411	0.052632
327	25	0.012987
327	27	0.014493
327	42	0.012821
327	45	0.016393
327	66	0.020000
327	68	0.019608
327	75	0.017857
327	76	0.025000
327	101	0.021277
327	130	0.024390
327	165	0.025641
327	173	0.027027
327	198	0.035714
327	229	0.033333
327	236	0.030303
327	243	0.034483
327	297	0.045455
327	341	0.050000
327	357	0.047619
327	376	0.058824
327	395	0.055556
327	409	0.058824
327	440	0.058824
328	6	0.015625
328	16	0.014286
328	32	0.009009
328	43	0.012658
328	50	0.013699
328	71	0.014286
328	83	0.018519
328	86	0.025641
328	107	0.021739
328	118	0.032258
328	140	0.034483
328	165	0.025641
328	169	0.025641
328	213	0.034483
328	232	0.040000
328	238	0.033333
328	289	0.040000
328	362	0.050000
328	381	0.055556
328	385	0.058824
328	424	0.055556
328	439	0.058824
329	2	0.014925
329	16	0.014286
329	18	0.005917
329	27	0.014493
329	35	0.010309
329	40	0.014925
329	41	0.011494
329	75	0.017857
329	89	0.029412
329	110	0.018519
329	134	0.031250
329	204	0.045455
329	213	0.034483
329	216	0.030303
329	233	0.043478
329	292	0.050000
329	319	0.052632
329	355	0.052632
329	383	0.055556
329	429	0.058824
329	438	0.062500
330	4	0.020408
330	12	0.015625
330	32	0.009009
330	33	0.009009
330	42	0.012821
330	43	0.012658
330	68	0.019608
330	70	0.018182
330	84	0.030303
330	98	0.018182
330	108	0.021739
330	109	0.030303
330	118	0.032258
330	145	0.031250
330	180	0.043478
330	192	0.038462
330	259	0.043478
330	367	0.058824
330	379	0.058824
330	401	0.055556
330	422	0.058824
331	6	0.015625
331	8	0.010309
331	18	0.005917
331	35	0.010309
331	39	0.014085
331	50	0.013699
331	54	0.020408
331	71	0.014286
331	91	0.033333
331	92	0.035714
331	128	0.032258
331	154	0.037037
331	161	0.032258
331	204	0.045455
331	269	0.038462
331	311	0.050000
331	326	0.041667
331	343	0.052632
331	406	0.058824
331	425	0.055556
332	3	0.015152
332	11	0.011494
332	20	0.007353
332	21	0.009091
332	23	0.009434
332	26	0.012658
332	32	0.009009
332	33	0.009009
332	35	0.010309
332	46	0.014286
332	68	0.019608
332	98	0.018182
332	104	0.033333
332	151	0.034483
332	229	0.033333
332	244	0.040000
332	293	0.045455
332	390	0.058824
332	404	0.055556
333	1	0.009901
333	12	0.015625
333	36	0.010753
333	49	0.011494
333	72	0.022727
333	100	0.022727
333	110	0.018519
333	113	0.033333
333	114	0.034483
333	119	0.027027
333	147	0.030303
333	169	0.025641
333	196	0.038462
333	208	0.027778
333	242	0.047619
333	270	0.033333
333	288	0.045455
333	335	0.050000
333	338	0.045455
333	402	0.052632
333	404	0.055556
333	435	0.058824
334	39	0.014085
334	42	0.012821
334	48	0.011905
334	54	0.020408
334	78	0.020408
334	91	0.033333
334	99	0.022727
334	110	0.018519
334	112	0.027778
334	169	0.025641
334	177	0.034483
334	195	0.028571
334	208	0.027778
334	226	0.041667
334	232	0.040000
334	236	0.030303
334	260	0.050000
335	17	0.006536
335	18	0.005917
335	33	0.009009
335	36	0.010753
335	49	0.011494
335	52	0.013514
335	69	0.019608
335	75	0.017857
335	107	0.021739
335	108	0.021739
335	137	0.033333
335	170	0.034483
335	224	0.041667
335	231	0.045455
335	269	0.038462
335	270	0.033333
335	333	0.045455
335	345	0.055556
335	395	0.055556
335	419	0.055556
336	2	0.014925
336	10	0.012500
336	11	0.011494
336	19	0.006579
336	36	0.010753
336	49	0.011494
336	65	0.016667
336	67	0.014925
336	70	0.018182
336	136	0.024390
336	138	0.027027
336	179	0.030303
336	199	0.040000
336	225	0.026316
336	280	0.045455
336	300	0.041667
336	326	0.041667
336	340	0.052632
336	376	0.058824
336	420	0.058824
336	434	0.055556
337	15	0.021739
337	21	0.009091
337	23	0.009434
337	24	0.010204
337	44	0.020408
337	69	0.019608
337	72	0.022727
337	99	0.022727
337	136	0.024390
337	169	0.025641
337	187	0.043478
337	194	0.040000
337	221	0.052632
337	235	0.043478
337	269	0.038462
337	278	0.040000
337	317	0.055556
337	428	0.058824
338	0	0.022222
338	20	0.007353
338	28	0.017241
338	34	0.011494
338	40	0.014925
338	47	0.014286
338	59	0.019608
338	103	0.020408
338	145	0.031250
338	160	0.040000
338	176	0.034483
338	212	0.037037
338	249	0.043478
338	261	0.035714
338	270	0.033333
338	305	0.047619
338	333	0.045455
338	386	0.055556
338	400	0.047619
338	409	0.058824
338	415	0.058824
338	433	0.058824
339	6	0.015625
339	11	0.011494
339	12	0.015625
339	14	0.012821
339	15	0.021739
339	19	0.006579
339	20	0.007353
339	36	0.010753
339	50	0.013699
339	67	0.014925
339	82	0.029412
339	83	0.018519
339	225	0.026316
339	268	0.035714
339	291	0.041667
339	306	0.050000
339	326	0.041667
339	377	0.052632
339	427	0.058824
339	429	0.058824
340	14	0.012821
340	22	0.011628
340	24	0.010204
340	38	0.014706
340	40	0.014925
340	43	0.012658
340	71	0.014286
340	107	0.021739
340	127	0.045455
340	135	0.024390
340	136	0.024390
340	165	0.025641
340	169	0.025641
340	217	0.041667
340	224	0.041667
340	258	0.047619
340	336	0.047619
340	394	0.055556
340	436	0.058824
341	7	0.012987
341	13	0.011765
341	19	0.006579
341	23	0.009434
341	35	0.010309
341	38	0.014706
341	48	0.011905
341	49	0.011494
341	74	0.018519
341	111	0.026316
341	127	0.045455
341	152	0.028571
341	203	0.041667
341	235	0.043478
341	268	0.035714
341	296	0.047619
341	327	0.043478
341	365	0.055556
341	402	0.052632
341	416	0.052632
342	1	0.009901
342	8	0.010309
342	19	0.006579
342	26	0.012658
342	31	0.050000
342	42	0.012821
342	51	0.012658
342	54	0.020408
342	75	0.017857
342	79	0.019608
342	87	0.023810
342	135	0.024390
342	188	0.055556
342	210	0.045455
342	232	0.040000
342	245	0.050000
342	299	0.045455
342	389	0.058824
342	396	0.052632
342	421	0.052632
343	1	0.009901
343	13	0.011765
343	18	0.005917
343	39	0.014085
343	41	0.011494
343	56	0.015385
343	82	0.029412
343	101	0.021277
343	115	0.027027
343	122	0.033333
343	138	0.027027
343	157	0.043478
343	163	0.040000
343	173	0.027027
343	208	0.027778
343	234	0.038462
343	331	0.050000
343	362	0.050000
343	435	0.058824
344	10	0.012500
344	19	0.006579
344	43	0.012658
344	47	0.014286
344	51	0.012658
344	73	0.017544
344	78	0.020408
344	113	0.033333
344	141	0.027778
344	146	0.027027
344	184	0.043478
344	200	0.037037
344	217	0.041667
344	231	0.045455
344	248	0.035714
344	300	0.041667
344	320	0.047619
345	21	0.009091
345	65	0.016667
345	90	0.027778
345	103	0.020408
345	105	0.023810
345	110	0.018519
345	161	0.032258
345	165	0.025641
345	169	0.025641
345	185	0.040000
345	191	0.052632
345	198	0.035714
345	232	0.040000
345	250	0.041667
345	295	0.050000
345	321	0.050000
345	335	0.050000
345	385	0.058824
346	1	0.009901
346	18	0.005917
346	20	0.007353
346	34	0.011494
346	35	0.010309
346	36	0.010753
346	48	0.011905
346	49	0.011494
346	50	0.013699
346	58	0.020833
346	77	0.014286
346	115	0.027027
346	132	0.035714
346	202	0.037037
346	262	0.041667
346	268	0.035714
346	272	0.043478
346	410	0.055556
346	416	0.052632
346	418	0.058824
347	2	0.014925
347	18	0.005917
347	40	0.014925
347	56	0.015385
347	71	0.014286
347	74	0.018519
347	114	0.034483
347	130	0.024390
347	135	0.024390
347	143	0.032258
347	146	0.027027
347	171	0.030303
347	227	0.045455
347	236	0.030303
347	243	0.034483
347	248	0.035714
347	324	0.052632
347	359	0.058824
348	7	0.012987
348	11	0.011494
348	33	0.009009
348	37	0.011494
348	41	0.011494
348	48	0.011905
348	49	0.011494
348	56	0.015385
348	66	0.020000
348	72	0.022727
348	79	0.019608
348	81	0.020833
348	103	0.020408
348	165	0.025641
348	198	0.035714
348	201	0.041667
348	320	0.047619
349	0	0.022222
349	18	0.005917
349	24	0.010204
349	34	0.011494
349	59	0.019608
349	74	0.018519
349	78	0.020408
349	98	0.018182
349	104	0.033333
349	146	0.027027
349	181	0.041667
349	191	0.052632
349	206	0.038462
349	229	0.033333
349	241	0.045455
349	279	0.045455
349	280	0.045455
349	353	0.055556
350	3	0.015152
350	16	0.014286
350	18	0.005917
350	28	0.017241
350	29	0.029412
350	35	0.010309
350	37	0.011494
350	43	0.012658
350	45	0.016393
350	69	0.019608
350	75	0.017857
350	85	0.022222
350	110	0.018519
350	130	0.024390
350	181	0.041667
350	302	0.038462
350	312	0.045455
350	353	0.055556
350	368	0.052632
350	400	0.047619
351	1	0.009901
351	3	0.015152
351	12	0.015625
351	19	0.006579
351	40	0.014925
351	83	0.018519
351	98	0.018182
351	103	0.020408
351	109	0.030303
351	111	0.026316
351	121	0.033333
351	131	0.025641
351	141	0.027778
351	195	0.028571
351	235	0.043478
351	259	0.043478
351	294	0.050000
351	432	0.058824
352	14	0.012821
352	17	0.006536
352	32	0.009009
352	35	0.010309
352	40	0.014925
352	41	0.011494
352	59	0.019608
352	67	0.014925
352	100	0.022727
352	105	0.023810
352	137	0.033333
352	173	0.027027
352	182	0.041667
352	229	0.033333
352	247	0.043478
352	278	0.040000
352	326	0.041667
352	356	0.043478
352	380	0.055556
352	383	0.055556
352	402	0.052632
352	408	0.055556
352	416	0.052632
352	423	0.058824
352	424	0.055556
352	431	0.055556
353	21	0.009091
353	32	0.009009
353	71	0.014286
353	77	0.014286
353	84	0.030303
353	85	0.022222
353	90	0.027778
353	119	0.027027
353	148	0.029412
353	155	0.037037
353	183	0.041667
353	186	0.040000
353	195	0.028571
353	214	0.047619
353	285	0.050000
353	349	0.055556
353	350	0.050000
353	391	0.045455
354	3	0.015152
354	9	0.031250
354	11	0.011494
354	24	0.010204
354	37	0.011494
354	58	0.020833
354	81	0.020833
354	83	0.018519
354	86	0.025641
354	106	0.026316
354	145	0.031250
354	150	0.028571
354	155	0.037037
354	162	0.028571
354	193	0.038462
354	238	0.033333
354	253	0.047619
354	382	0.058824
354	427	0.058824
355	11	0.011494
355	19	0.006579
355	33	0.009009
355	40	0.014925
355	51	0.012658
355	67	0.014925
355	69	0.019608
355	131	0.025641
355	139	0.032258
355	172	0.038462
355	180	0.043478
355	195	0.028571
355	202	0.037037
355	208	0.027778
355	244	0.040000
355	257	0.043478
355	329	0.047619
355	392	0.062500
355	423	0.058824
356	15	0.021739
356	16	0.014286
356	18	0.005917
356	22	0.011628
356	24	0.010204
356	25	0.012987
356	39	0.014085
356	52	0.013514
356	55	0.023810
356	65	0.016667
356	70	0.018182
356	74	0.018519
356	75	0.017857
356	100	0.022727
356	116	0.019608
356	168	0.027778
356	352	0.038462
356	364	0.058824
356	395	0.055556
356	399	0.052632
356	400	0.047619
356	421	0.052632
356	438	0.062500
357	1	0.009901
357	7	0.012987
357	11	0.011494
357	19	0.006579
357	40	0.014925
357	47	0.014286
357	68	0.019608
357	69	0.019608
357	75	0.017857
357	77	0.014286
357	135	0.024390
357	211	0.034483
357	281	0.045455
357	282	0.043478
357	296	0.047619
357	326	0.041667
357	327	0.043478
357	373	0.055556
357	393	0.058824
357	410	0.055556
357	427	0.058824
358	3	0.015152
358	11	0.011494
358	18	0.005917
358	23	0.009434
358	27	0.014493
358	45	0.016393
358	68	0.019608
358	71	0.014286
358	118	0.032258
358	133	0.035714
358	243	0.034483
358	246	0.045455
358	269	0.038462
358	279	0.045455
358	284	0.047619
358	304	0.050000
358	308	0.055556
358	362	0.050000
358	364	0.058824
358	368	0.052632
358	388	0.058824
359	2	0.014925
359	8	0.010309
359	20	0.007353
359	21	0.009091
359	46	0.014286
359	47	0.014286
359	68	0.019608
359	105	0.023810
359	129	0.034483
359	135	0.024390
359	168	0.027778
359	211	0.034483
359	278	0.040000
359	291	0.041667
359	301	0.043478
359	322	0.045455
359	347	0.055556
360	1	0.009901
360	26	0.012658
360	39	0.014085
360	78	0.020408
360	114	0.034483
360	120	0.032258
360	125	0.033333
360	133	0.035714
360	152	0.028571
360	153	0.043478
360	179	0.030303
360	184	0.043478
360	185	0.040000
360	215	0.043478
360	276	0.045455
360	310	0.050000
360	311	0.050000
360	388	0.058824
360	413	0.058824
360	425	0.055556
360	443	0.058824
361	2	0.014925
361	13	0.011765
361	18	0.005917
361	20	0.007353
361	67	0.014925
361	73	0.017544
361	85	0.022222
361	98	0.018182
361	124	0.029412
361	143	0.032258
361	161	0.032258
361	162	0.028571
361	195	0.028571
361	224	0.041667
361	235	0.043478
361	243	0.034483
361	257	0.043478
362	3	0.015152
362	4	0.020408
362	16	0.014286
362	32	0.009009
362	41	0.011494
362	42	0.012821
362	48	0.011905
362	77	0.014286
362	107	0.021739
362	118	0.032258
362	137	0.033333
362	152	0.028571
362	161	0.032258
362	207	0.040000
362	328	0.045455
362	343	0.052632
362	358	0.047619
362	396	0.052632
362	421	0.052632
362	424	0.055556
363	3	0.015152
363	7	0.012987
363	10	0.012500
363	14	0.012821
363	17	0.006536
363	19	0.006579
363	20	0.007353
363	46	0.014286
363	48	0.011905
363	60	0.029412
363	130	0.024390
363	160	0.040000
363	170	0.034483
363	173	0.027027
363	174	0.045455
363	184	0.043478
363	308	0.055556
363	367	0.058824
363	368	0.052632
364	3	0.015152
364	4	0.020408
364	8	0.010309
364	17	0.006536
364	18	0.005917
364	24	0.010204
364	42	0.012821
364	50	0.013699
364	56	0.015385
364	58	0.020833
364	123	0.037037
364	124	0.029412
364	162	0.028571
364	176	0.034483
364	270	0.033333
364	356	0.043478
364	358	0.047619
365	10	0.012500
365	17	0.006536
365	22	0.011628
365	39	0.014085
365	41	0.011494
365	42	0.012821
365	45	0.016393
365	56	0.015385
365	62	0.027778
365	66	0.020000
365	73	0.017544
365	79	0.019608
365	101	0.021277
365	149	0.033333
365	225	0.026316
365	324	0.052632
365	341	0.050000
365	369	0.052632
366	4	0.020408
366	21	0.009091
366	33	0.009009
366	44	0.020408
366	64	0.023810
366	65	0.016667
366	81	0.020833
366	115	0.027027
366	130	0.024390
366	152	0.028571
366	154	0.037037
366	165	0.025641
366	229	0.033333
366	262	0.041667
366	267	0.043478
366	297	0.045455
366	326	0.041667
366	385	0.058824
366	388	0.058824
366	402	0.052632
366	409	0.058824
366	420	0.058824
367	17	0.006536
367	56	0.015385
367	76	0.025000
367	108	0.021739
367	110	0.018519
367	136	0.024390
367	168	0.027778
367	172	0.038462
367	185	0.040000
367	205	0.033333
367	212	0.037037
367	225	0.026316
367	237	0.040000
367	299	0.045455
367	313	0.047619
367	330	0.047619
367	363	0.052632
368	7	0.012987
368	10	0.012500
368	17	0.006536
368	19	0.006579
368	43	0.012658
368	51	0.012658
368	57	0.019231
368	66	0.020000
368	138	0.027027
368	141	0.027778
368	185	0.040000
368	231	0.045455
368	274	0.041667
368	277	0.050000
368	350	0.050000
368	358	0.047619
368	363	0.052632
368	392	0.062500
368	442	0.058824
369	7	0.012987
369	66	0.020000
369	75	0.017857
369	80	0.023810
369	103	0.020408
369	115	0.027027
369	129	0.034483
369	139	0.032258
369	143	0.032258
369	146	0.027027
369	208	0.027778
369	216	0.030303
369	244	0.040000
369	261	0.035714
369	265	0.045455
369	270	0.033333
369	365	0.055556
369	377	0.052632
369	404	0.055556
370	8	0.010309
370	37	0.011494
370	38	0.014706
370	50	0.013699
370	52	0.013514
370	67	0.014925
370	69	0.019608
370	83	0.018519
370	116	0.019608
370	162	0.028571
370	169	0.025641
370	206	0.038462
370	213	0.034483
370	237	0.040000
370	278	0.040000
370	279	0.045455
370	280	0.045455
371	10	0.012500
371	41	0.011494
371	42	0.012821
371	52	0.013514
371	70	0.018182
371	77	0.014286
371	99	0.022727
371	105	0.023810
371	145	0.031250
371	162	0.028571
371	196	0.038462
371	218	0.047619
371	220	0.041667
371	231	0.045455
371	276	0.045455
371	283	0.047619
371	305	0.047619
371	377	0.052632
371	396	0.052632
371	411	0.052632
371	440	0.058824
372	7	0.012987
372	14	0.012821
372	32	0.009009
372	55	0.023810
372	71	0.014286
372	79	0.019608
372	85	0.022222
372	100	0.022727
372	108	0.021739
372	147	0.030303
372	202	0.037037
372	203	0.041667
372	242	0.047619
372	243	0.034483
372	268	0.035714
372	292	0.050000
372	302	0.038462
372	378	0.058824
372	421	0.052632
372	436	0.058824
373	4	0.020408
373	13	0.011765
373	18	0.005917
373	20	0.007353
373	21	0.009091
373	46	0.014286
373	47	0.014286
373	48	0.011905
373	66	0.020000
373	67	0.014925
373	90	0.027778
373	111	0.026316
373	112	0.027778
373	267	0.043478
373	268	0.035714
373	293	0.045455
373	357	0.047619
373	408	0.055556
374	6	0.015625
374	11	0.011494
374	24	0.010204
374	28	0.017241
374	32	0.009009
374	33	0.009009
374	47	0.014286
374	50	0.013699
374	54	0.020408
374	66	0.020000
374	94	0.043478
374	111	0.026316
374	145	0.031250
374	192	0.038462
374	234	0.038462
374	279	0.045455
374	289	0.040000
375	16	0.014286
375	24	0.010204
375	25	0.012987
375	42	0.012821
375	55	0.023810
375	56	0.015385
375	66	0.020000
375	77	0.014286
375	119	0.027027
375	122	0.033333
375	185	0.040000
375	190	0.038462
375	254	0.052632
375	261	0.035714
375	270	0.033333
375	289	0.040000
375	321	0.050000
375	429	0.058824
376	1	0.009901
376	6	0.015625
376	12	0.015625
376	23	0.009434
376	35	0.010309
376	49	0.011494
376	58	0.020833
376	97	0.032258
376	142	0.040000
376	163	0.040000
376	176	0.034483
376	190	0.038462
376	216	0.030303
376	271	0.050000
376	282	0.043478
376	327	0.043478
376	336	0.047619
377	35	0.010309
377	59	0.019608
377	62	0.027778
377	70	0.018182
377	74	0.018519
377	81	0.020833
377	83	0.018519
377	98	0.018182
377	122	0.033333
377	148	0.029412
377	183	0.041667
377	212	0.037037
377	262	0.041667
377	269	0.038462
377	339	0.050000
377	369	0.052632
377	371	0.047619
377	393	0.058824
377	414	0.058824
378	25	0.012987
378	66	0.020000
378	79	0.019608
378	84	0.030303
378	105	0.023810
378	116	0.019608
378	119	0.027027
378	129	0.034483
378	165	0.025641
378	177	0.034483
378	187	0.043478
378	194	0.040000
378	195	0.028571
378	240	0.047619
378	247	0.043478
378	261	0.035714
378	372	0.050000
379	7	0.012987
379	12	0.015625
379	41	0.011494
379	51	0.012658
379	131	0.025641
379	141	0.027778
379	164	0.033333
379	192	0.038462
379	206	0.038462
379	211	0.034483
379	223	0.052632
379	226	0.041667
379	238	0.033333
379	285	0.050000
379	301	0.043478
379	322	0.045455
379	330	0.047619
380	4	0.020408
380	10	0.012500
380	18	0.005917
380	19	0.006579
380	20	0.007353
380	34	0.011494
380	41	0.011494
380	71	0.014286
380	73	0.017544
380	87	0.023810
380	90	0.027778
380	91	0.033333
380	95	0.041667
380	107	0.021739
380	118	0.032258
380	126	0.041667
380	352	0.038462
380	424	0.055556
381	7	0.012987
381	8	0.010309
381	20	0.007353
381	63	0.043478
381	67	0.014925
381	83	0.018519
381	100	0.022727
381	105	0.023810
381	110	0.018519
381	125	0.033333
381	141	0.027778
381	173	0.027027
381	195	0.028571
381	250	0.041667
381	276	0.045455
381	325	0.047619
381	328	0.045455
381	397	0.058824
382	6	0.015625
382	10	0.012500
382	17	0.006536
382	22	0.011628
382	34	0.011494
382	41	0.011494
382	48	0.011905
382	101	0.021277
382	117	0.038462
382	127	0.045455
382	147	0.030303
382	174	0.045455
382	177	0.034483
382	207	0.040000
382	248	0.035714
382	305	0.047619
382	354	0.052632
383	16	0.014286
383	21	0.009091
383	48	0.011905
383	73	0.017544
383	84	0.030303
383	107	0.021739
383	110	0.018519
383	131	0.025641
383	148	0.029412
383	164	0.033333
383	219	0.041667
383	230	0.040000
383	236	0.030303
383	281	0.045455
383	321	0.050000
383	329	0.047619
383	352	0.038462
383	405	0.058824
384	0	0.022222
384	1	0.009901
384	14	0.012821
384	15	0.021739
384	16	0.014286
384	78	0.020408
384	83	0.018519
384	97	0.032258
384	102	0.029412
384	112	0.027778
384	170	0.034483
384	198	0.035714
384	206	0.038462
384	211	0.034483
384	247	0.043478
384	274	0.041667
384	302	0.038462
384	406	0.058824
385	20	0.007353
385	26	0.012658
385	27	0.014493
385	56	0.015385
385	62	0.027778
385	78	0.020408
385	91	0.033333
385	105	0.023810
385	110	0.018519
385	133	0.035714
385	143	0.032258
385	171	0.030303
385	174	0.045455
385	260	0.050000
385	328	0.045455
385	345	0.055556
385	366	0.045455
386	2	0.014925
386	5	0.020408
386	6	0.015625
386	33	0.009009
386	40	0.014925
386	56	0.015385
386	58	0.020833
386	103	0.020408
386	136	0.024390
386	154	0.037037
386	187	0.043478
386	197	0.038462
386	216	0.030303
386	261	0.035714
386	303	0.050000
386	306	0.050000
386	338	0.045455
386	407	0.058824
387	9	0.031250
387	11	0.011494
387	21	0.009091
387	51	0.012658
387	65	0.016667
387	68	0.019608
387	97	0.032258
387	101	0.021277
387	112	0.027778
387	135	0.024390
387	137	0.033333
387	160	0.040000
387	167	0.037037
387	225	0.026316
387	240	0.047619
387	297	0.045455
387	320	0.047619
387	410	0.055556
388	3	0.015152
388	4	0.020408
388	23	0.009434
388	27	0.014493
388	40	0.014925
388	44	0.020408
388	81	0.020833
388	165	0.025641
388	195	0.028571
388	207	0.040000
388	214	0.047619
388	220	0.041667
388	230	0.040000
388	246	0.045455
388	358	0.047619
388	360	0.047619
388	366	0.045455
389	2	0.014925
389	9	0.031250
389	21	0.009091
389	41	0.011494
389	46	0.014286
389	54	0.020408
389	69	0.019608
389	79	0.019608
389	113	0.033333
389	168	0.027778
389	198	0.035714
389	211	0.034483
389	243	0.034483
389	268	0.035714
389	309	0.050000
389	342	0.050000
389	407	0.058824
390	7	0.012987
390	14	0.012821
390	28	0.017241
390	36	0.010753
390	48	0.011905
390	50	0.013699
390	57	0.019231
390	75	0.017857
390	92	0.035714
390	138	0.027027
390	162	0.028571
390	163	0.040000
390	188	0.055556
390	203	0.041667
390	215	0.043478
390	260	0.050000
390	332	0.052632
391	17	0.006536
391	19	0.006579
391	23	0.009434
391	24	0.010204
391	26	0.012658
391	28	0.017241
391	41	0.011494
391	48	0.011905
391	81	0.020833
391	94	0.043478
391	107	0.021739
391	155	0.037037
391	170	0.034483
391	173	0.027027
391	202	0.037037
391	205	0.033333
391	353	0.055556
391	394	0.055556
391	411	0.052632
391	418	0.058824
391	431	0.055556
391	434	0.055556
392	1	0.009901
392	15	0.021739
392	19	0.006579
392	32	0.009009
392	35	0.010309
392	51	0.012658
392	65	0.016667
392	78	0.020408
392	99	0.022727
392	165	0.025641
392	237	0.040000
392	248	0.035714
392	267	0.043478
392	325	0.047619
392	355	0.052632
392	368	0.052632
393	2	0.014925
393	3	0.015152
393	8	0.010309
393	17	0.006536
393	18	0.005917
393	35	0.010309
393	140	0.034483
393	173	0.027027
393	183	0.041667
393	202	0.037037
393	205	0.033333
393	211	0.034483
393	218	0.047619
393	243	0.034483
393	309	0.050000
393	357	0.047619
393	377	0.052632
394	2	0.014925
394	16	0.014286
394	48	0.011905
394	49	0.011494
394	51	0.012658
394	74	0.018519
394	120	0.032258
394	128	0.032258
394	175	0.037037
394	177	0.034483
394	193	0.038462
394	217	0.041667
394	249	0.043478
394	266	0.043478
394	340	0.052632
394	391	0.045455
394	426	0.058824
394	436	0.058824
395	17	0.006536
395	22	0.011628
395	42	0.012821
395	45	0.016393
395	46	0.014286
395	48	0.011905
395	57	0.019231
395	67	0.014925
395	74	0.018519
395	137	0.033333
395	159	0.043478
395	170	0.034483
395	227	0.045455
395	248	0.035714
395	327	0.043478
395	335	0.050000
395	356	0.043478
395	399	0.052632
396	8	0.010309
396	9	0.031250
396	23	0.009434
396	50	0.013699
396	54	0.020408
396	56	0.015385
396	59	0.019608
396	97	0.032258
396	166	0.037037
396	213	0.034483
396	234	0.038462
396	248	0.035714
396	276	0.045455
396	301	0.043478
396	342	0.050000
396	362	0.050000
396	371	0.047619
396	433	0.058824
396	440	0.058824
397	10	0.012500
397	33	0.009009
397	45	0.016393
397	54	0.020408
397	55	0.023810
397	65	0.016667
397	83	0.018519
397	84	0.030303
397	93	0.050000
397	161	0.032258
397	166	0.037037
397	181	0.041667
397	192	0.038462
397	253	0.047619
397	272	0.043478
397	309	0.050000
397	381	0.055556
398	7	0.012987
398	17	0.006536
398	20	0.007353
398	22	0.011628
398	28	0.017241
398	33	0.009009
398	49	0.011494
398	51	0.012658
398	56	0.015385
398	103	0.020408
398	148	0.029412
398	176	0.034483
398	249	0.043478
398	273	0.047619
398	290	0.052632
398	296	0.047619
399	25	0.012987
399	53	0.021739
399	65	0.016667
399	74	0.018519
399	78	0.020408
399	101	0.021277
399	130	0.024390
399	147	0.030303
399	164	0.033333
399	169	0.025641
399	200	0.037037
399	273	0.047619
399	285	0.050000
399	288	0.045455
399	322	0.045455
399	356	0.043478
399	395	0.055556
399	415	0.058824
399	442	0.058824
400	28	0.017241
400	32	0.009009
400	34	0.011494
400	55	0.023810
400	76	0.025000
400	124	0.029412
400	168	0.027778
400	192	0.038462
400	195	0.028571
400	209	0.043478
400	212	0.037037
400	225	0.026316
400	253	0.047619
400	266	0.043478
400	338	0.045455
400	350	0.050000
400	356	0.043478
400	407	0.058824
400	411	0.052632
400	418	0.058824
400	432	0.058824
401	19	0.006579
401	33	0.009009
401	45	0.016393
401	66	0.020000
401	74	0.018519
401	93	0.050000
401	98	0.018182
401	104	0.033333
401	147	0.030303
401	149	0.033333
401	195	0.028571
401	205	0.033333
401	259	0.043478
401	268	0.035714
401	274	0.041667
401	293	0.045455
401	330	0.047619
401	439	0.058824
402	4	0.020408
402	10	0.012500
402	18	0.005917
402	41	0.011494
402	71	0.014286
402	73	0.017544
402	74	0.018519
402	102	0.029412
402	147	0.030303
402	168	0.027778
402	234	0.038462
402	245	0.050000
402	264	0.050000
402	333	0.045455
402	341	0.050000
402	352	0.038462
402	366	0.045455
402	414	0.058824
402	419	0.055556
403	3	0.015152
403	4	0.020408
403	11	0.011494
403	21	0.009091
403	26	0.012658
403	70	0.018182
403	84	0.030303
403	90	0.027778
403	102	0.029412
403	116	0.019608
403	143	0.032258
403	162	0.028571
403	175	0.037037
403	213	0.034483
403	228	0.050000
403	233	0.043478
403	289	0.040000
403	410	0.055556
403	430	0.058824
404	3	0.015152
404	30	0.030303
404	49	0.011494
404	53	0.021739
404	70	0.018182
404	110	0.018519
404	132	0.035714
404	149	0.033333
404	177	0.034483
404	199	0.040000
404	208	0.027778
404	232	0.040000
404	270	0.033333
404	271	0.050000
404	332	0.052632
404	333	0.045455
404	369	0.052632
404	422	0.058824
405	8	0.010309
405	12	0.015625
405	13	0.011765
405	28	0.017241
405	37	0.011494
405	43	0.012658
405	48	0.011905
405	73	0.017544
405	91	0.033333
405	111	0.026316
405	123	0.037037
405	143	0.032258
405	147	0.030303
405	179	0.030303
405	228	0.050000
405	240	0.047619
405	383	0.055556
406	4	0.020408
406	10	0.012500
406	20	0.007353
406	68	0.019608
406	71	0.014286
406	80	0.023810
406	86	0.025641
406	113	0.033333
406	144	0.038462
406	161	0.032258
406	204	0.045455
406	262	0.041667
406	265	0.045455
406	271	0.050000
406	323	0.052632
406	331	0.050000
406	384	0.055556
407	4	0.020408
407	11	0.011494
407	21	0.009091
407	26	0.012658
407	28	0.017241
407	34	0.011494
407	46	0.014286
407	56	0.015385
407	105	0.023810
407	136	0.024390
407	146	0.027027
407	173	0.027027
407	218	0.047619
407	315	0.055556
407	386	0.055556
407	389	0.058824
407	400	0.047619
408	13	0.011765
408	23	0.009434
408	32	0.009009
408	37	0.011494
408	41	0.011494
408	42	0.012821
408	47	0.014286
408	67	0.014925
408	74	0.018519
408	75	0.017857
408	77	0.014286
408	79	0.019608
408	98	0.018182
408	147	0.030303
408	291	0.041667
408	352	0.038462
408	373	0.055556
408	412	0.058824
409	10	0.012500
409	14	0.012821
409	37	0.011494
409	68	0.019608
409	75	0.017857
409	77	0.014286
409	99	0.022727
409	103	0.020408
409	128	0.032258
409	146	0.027027
409	233	0.043478
409	294	0.050000
409	303	0.050000
409	312	0.045455
409	327	0.043478
409	338	0.045455
409	366	0.045455
410	8	0.010309
410	24	0.010204
410	25	0.012987
410	36	0.010753
410	45	0.016393
410	62	0.027778
410	65	0.016667
410	75	0.017857
410	88	0.027778
410	133	0.035714
410	180	0.043478
410	213	0.034483
410	304	0.050000
410	346	0.050000
410	357	0.047619
410	387	0.055556
410	403	0.052632
410	417	0.058824
411	18	0.005917
411	19	0.006579
411	33	0.009009
411	39	0.014085
411	73	0.017544
411	107	0.021739
411	112	0.027778
411	164	0.033333
411	170	0.034483
411	198	0.035714
411	225	0.026316
411	257	0.043478
411	322	0.045455
411	326	0.041667
411	371	0.047619
411	391	0.045455
411	400	0.047619
411	413	0.058824
411	442	0.058824
412	13	0.011765
412	28	0.017241
412	29	0.029412
412	53	0.021739
412	79	0.019608
412	112	0.027778
412	130	0.024390
412	131	0.025641
412	165	0.025641
412	248	0.035714
412	255	0.052632
412	270	0.033333
412	272	0.043478
412	273	0.047619
412	319	0.052632
412	323	0.052632
412	408	0.055556
413	3	0.015152
413	8	0.010309
413	10	0.012500
413	12	0.015625
413	18	0.005917
413	54	0.020408
413	59	0.019608
413	69	0.019608
413	77	0.014286
413	102	0.029412
413	107	0.021739
413	150	0.028571
413	211	0.034483
413	250	0.041667
413	299	0.045455
413	360	0.047619
413	411	0.052632
414	5	0.020408
414	22	0.011628
414	24	0.010204
414	36	0.010753
414	50	0.013699
414	57	0.019231
414	110	0.018519
414	116	0.019608
414	120	0.032258
414	150	0.028571
414	162	0.028571
414	166	0.037037
414	178	0.040000
414	248	0.035714
414	297	0.045455
414	377	0.052632
414	402	0.052632
415	7	0.012987
415	23	0.009434
415	32	0.009009
415	43	0.012658
415	47	0.014286
415	92	0.035714
415	99	0.022727
415	110	0.018519
415	129	0.034483
415	197	0.038462
415	220	0.041667
415	238	0.033333
415	239	0.050000
415	240	0.047619
415	300	0.041667
415	338	0.045455
415	399	0.052632
416	0	0.022222
416	5	0.020408
416	13	0.011765
416	19	0.006579
416	26	0.012658
416	27	0.014493
416	41	0.011494
416	104	0.033333
416	115	0.027027
416	167	0.037037
416	213	0.034483
416	216	0.030303
416	236	0.030303
416	247	0.043478
416	341	0.050000
416	346	0.050000
416	352	0.038462
416	437	0.055556
416	439	0.058824
417	0	0.022222
417	8	0.010309
417	20	0.007353
417	42	0.012821
417	44	0.020408
417	49	0.011494
417	64	0.023810
417	66	0.020000
417	72	0.022727
417	134	0.031250
417	136	0.024390
417	138	0.027027
417	169	0.025641
417	225	0.026316
417	275	0.055556
417	304	0.050000
417	410	0.055556
418	5	0.020408
418	9	0.031250
418	10	0.012500
418	20	0.007353
418	23	0.009434
418	39	0.014085
418	51	0.012658
418	80	0.023810
418	81	0.020833
418	119	0.027027
418	187	0.043478
418	217	0.041667
418	262	0.041667
418	291	0.041667
418	346	0.050000
418	391	0.045455
418	400	0.047619
419	2	0.014925
419	7	0.012987
419	19	0.006579
419	33	0.009009
419	37	0.011494
419	39	0.014085
419	43	0.012658
419	46	0.014286
419	97	0.032258
419	132	0.035714
419	140	0.034483
419	160	0.040000
419	176	0.034483
419	281	0.045455
419	283	0.047619
419	335	0.050000
419	402	0.052632
419	423	0.058824
420	8	0.010309
420	13	0.011765
420	17	0.006536
420	33	0.009009
420	45	0.016393
420	50	0.013699
420	51	0.012658
420	52	0.013514
420	77	0.014286
420	105	0.023810
420	118	0.032258
420	145	0.031250
420	200	0.037037
420	225	0.026316
420	274	0.041667
420	336	0.047619
420	366	0.045455
421	0	0.022222
421	21	0.009091
421	22	0.011628
421	35	0.010309
421	37	0.011494
421	53	0.021739
421	156	0.043478
421	168	0.027778
421	250	0.041667
421	252	0.045455
421	296	0.047619
421	300	0.041667
421	310	0.050000
421	342	0.050000
421	356	0.043478
421	362	0.050000
421	372	0.050000
421	426	0.058824
421	431	0.055556
422	2	0.014925
422	4	0.020408
422	6	0.015625
422	32	0.009009
422	34	0.011494
422	35	0.010309
422	43	0.012658
422	51	0.012658
422	98	0.018182
422	117	0.038462
422	173	0.027027
422	236	0.030303
422	259	0.043478
422	263	0.052632
422	307	0.052632
422	330	0.047619
422	404	0.055556
423	10	0.012500
423	20	0.007353
423	33	0.009009
423	48	0.011905
423	49	0.011494
423	55	0.023810
423	90	0.027778
423	105	0.023810
423	152	0.028571
423	229	0.033333
423	230	0.040000
423	266	0.043478
423	283	0.047619
423	310	0.050000
423	352	0.038462
423	355	0.052632
423	419	0.055556
424	22	0.011628
424	26	0.012658
424	33	0.009009
424	47	0.014286
424	60	0.029412
424	65	0.016667
424	92	0.035714
424	94	0.043478
424	95	0.041667
424	156	0.043478
424	191	0.052632
424	220	0.041667
424	313	0.047619
424	328	0.045455
424	352	0.038462
424	362	0.050000
424	380	0.055556
424	430	0.058824
425	4	0.020408
425	23	0.009434
425	28	0.017241
425	29	0.029412
425	73	0.017544
425	83	0.018519
425	85	0.022222
425	108	0.021739
425	118	0.032258
425	133	0.035714
425	150	0.028571
425	152	0.028571
425	154	0.037037
425	238	0.033333
425	303	0.050000
425	331	0.050000
425	360	0.047619
425	429	0.058824
426	1	0.009901
426	2	0.014925
426	5	0.020408
426	12	0.015625
426	17	0.006536
426	45	0.016393
426	64	0.023810
426	97	0.032258
426	148	0.029412
426	162	0.028571
426	184	0.043478
426	230	0.040000
426	236	0.030303
426	282	0.043478
426	312	0.045455
426	394	0.055556
426	421	0.052632
427	1	0.009901
427	9	0.031250
427	41	0.011494
427	75	0.017857
427	115	0.027027
427	116	0.019608
427	136	0.024390
427	144	0.038462
427	150	0.028571
427	173	0.027027
427	203	0.041667
427	225	0.026316
427	300	0.041667
427	312	0.045455
427	339	0.050000
427	354	0.052632
427	357	0.047619
428	0	0.022222
428	3	0.015152
428	24	0.010204
428	32	0.009009
428	37	0.011494
428	38	0.014706
428	54	0.020408
428	65	0.016667
428	116	0.019608
428	125	0.033333
428	173	0.027027
428	194	0.040000
428	210	0.045455
428	251	0.045455
428	268	0.035714
428	294	0.050000
428	337	0.055556
429	2	0.014925
429	34	0.011494
429	73	0.017544
429	77	0.014286
429	80	0.023810
429	102	0.029412
429	152	0.028571
429	183	0.041667
429	189	0.052632
429	195	0.028571
429	236	0.030303
429	264	0.050000
429	287	0.052632
429	329	0.047619
429	339	0.050000
429	375	0.055556
429	425	0.055556
430	1	0.009901
430	21	0.009091
430	30	0.030303
430	47	0.014286
430	52	0.013514
430	112	0.027778
430	119	0.027027
430	123	0.037037
430	161	0.032258
430	203	0.041667
430	212	0.037037
430	220	0.041667
430	229	0.033333
430	256	0.045455
430	265	0.045455
430	403	0.052632
430	424	0.055556
431	2	0.014925
431	17	0.006536
431	21	0.009091
431	23	0.009434
431	26	0.012658
431	33	0.009009
431	37	0.011494
431	79	0.019608
431	101	0.021277
431	106	0.026316
431	110	0.018519
431	120	0.032258
431	201	0.041667
431	310	0.050000
431	352	0.038462
431	391	0.045455
431	421	0.052632
431	435	0.058824
432	10	0.012500
432	16	0.014286
432	18	0.005917
432	36	0.010753
432	40	0.014925
432	42	0.012821
432	43	0.012658
432	69	0.019608
432	132	0.035714
432	136	0.024390
432	145	0.031250
432	165	0.025641
432	178	0.040000
432	243	0.034483
432	302	0.038462
432	351	0.055556
432	400	0.047619
433	16	0.014286
433	34	0.011494
433	38	0.014706
433	65	0.016667
433	75	0.017857
433	78	0.020408
433	80	0.023810
433	103	0.020408
433	104	0.033333
433	169	0.025641
433	171	0.030303
433	213	0.034483
433	214	0.047619
433	219	0.041667
433	224	0.041667
433	338	0.045455
433	396	0.052632
434	5	0.020408
434	10	0.012500
434	11	0.011494
434	20	0.007353
434	32	0.009009
434	34	0.011494
434	128	0.032258
434	132	0.035714
434	141	0.027778
434	176	0.034483
434	182	0.041667
434	194	0.040000
434	225	0.026316
434	244	0.040000
434	305	0.047619
434	336	0.047619
434	391	0.045455
434	439	0.058824
435	20	0.007353
435	23	0.009434
435	58	0.020833
435	67	0.014925
435	69	0.019608
435	77	0.014286
435	101	0.021277
435	115	0.027027
435	117	0.038462
435	132	0.035714
435	135	0.024390
435	201	0.041667
435	205	0.033333
435	325	0.047619
435	333	0.045455
435	343	0.052632
435	431	0.055556
436	22	0.011628
436	37	0.011494
436	38	0.014706
436	47	0.014286
436	75	0.017857
436	77	0.014286
436	106	0.026316
436	108	0.021739
436	109	0.030303
436	128	0.032258
436	136	0.024390
436	163	0.040000
436	186	0.040000
436	233	0.043478
436	340	0.052632
436	372	0.050000
436	394	0.055556
437	2	0.014925
437	14	0.012821
437	33	0.009009
437	35	0.010309
437	47	0.014286
437	150	0.028571
437	159	0.043478
437	172	0.038462
437	203	0.041667
437	213	0.034483
437	236	0.030303
437	247	0.043478
437	256	0.045455
437	278	0.040000
437	288	0.045455
437	306	0.050000
437	416	0.052632
437	443	0.058824
438	13	0.011765
438	18	0.005917
438	20	0.007353
438	22	0.011628
438	33	0.009009
438	36	0.010753
438	41	0.011494
438	64	0.023810
438	101	0.021277
438	131	0.025641
438	312	0.045455
438	314	0.052632
438	316	0.055556
438	322	0.045455
438	329	0.047619
438	356	0.043478
439	1	0.009901
439	56	0.015385
439	65	0.016667
439	78	0.020408
439	86	0.025641
439	98	0.018182
439	103	0.020408
439	178	0.040000
439	203	0.041667
439	243	0.034483
439	250	0.041667
439	278	0.040000
439	293	0.045455
439	328	0.045455
439	401	0.055556
439	416	0.052632
439	434	0.055556
440	17	0.006536
440	22	0.011628
440	32	0.009009
440	34	0.011494
440	70	0.018182
440	97	0.032258
440	121	0.033333
440	138	0.027027
440	178	0.040000
440	184	0.043478
440	201	0.041667
440	206	0.038462
440	208	0.027778
440	295	0.050000
440	327	0.043478
440	371	0.047619
440	396	0.052632
441	13	0.011765
441	19	0.006579
441	32	0.009009
441	36	0.010753
441	49	0.011494
441	50	0.013699
441	71	0.014286
441	77	0.014286
441	112	0.027778
441	153	0.043478
441	160	0.040000
441	167	0.037037
441	219	0.041667
441	245	0.050000
441	257	0.043478
441	289	0.040000
441	311	0.050000
442	2	0.014925
442	11	0.011494
442	16	0.014286
442	19	0.006579
442	25	0.012987
442	26	0.012658
442	42	0.012821
442	99	0.022727
442	128	0.032258
442	181	0.041667
442	223	0.052632
442	252	0.045455
442	265	0.045455
442	273	0.047619
442	368	0.052632
442	399	0.052632
442	411	0.052632
443	4	0.020408
443	17	0.006536
443	27	0.014493
443	65	0.016667
443	83	0.018519
443	126	0.041667
443	129	0.034483
443	150	0.028571
443	179	0.030303
443	217	0.041667
443	243	0.034483
443	252	0.045455
443	260	0.050000
443	297	0.045455
443	299	0.045455
443	360	0.047619
443	437	0.055556
