433	14066
0	17	0.006579
0	18	0.008000
0	19	0.007937
0	21	0.008000
0	22	0.007194
0	23	0.010000
0	24	0.011494
0	25	0.010989
0	26	0.010526
0	28	0.014085
0	29	0.016667
0	30	0.027778
0	31	0.033333
0	34	0.008772
0	37	0.012195
0	40	0.014085
0	44	0.015152
0	49	0.018519
0	54	0.018519
0	58	0.021277
0	59	0.018182
0	60	0.021277
0	63	0.038462
0	65	0.020833
0	68	0.017241
0	69	0.016667
0	74	0.020833
0	75	0.018519
0	82	0.028571
0	84	0.025000
0	87	0.028571
0	90	0.031250
0	97	0.025641
0	100	0.027778
0	105	0.021277
0	106	0.025000
0	107	0.026316
0	111	0.023256
0	120	0.043478
0	126	0.045455
0	131	0.026316
0	133	0.030303
0	135	0.027027
0	147	0.033333
0	148	0.032258
0	150	0.037037
0	151	0.037037
0	156	0.043478
0	158	0.047619
0	161	0.029412
0	162	0.041667
0	177	0.030303
0	187	0.035714
0	191	0.047619
0	193	0.041667
0	204	0.043478
0	205	0.043478
0	220	0.050000
0	223	0.050000
0	239	0.047619
0	241	0.045455
0	248	0.040000
0	269	0.052632
0	280	0.047619
0	286	0.058824
0	295	0.055556
0	296	0.050000
0	299	0.041667
0	312	0.050000
0	322	0.058824
0	329	0.047619
0	333	0.050000
0	342	0.050000
0	343	0.047619
0	348	0.055556
0	349	0.055556
0	364	0.052632
0	367	0.058824
0	369	0.052632
0	371	0.052632
0	384	0.055556
0	388	0.055556
0	395	0.052632
0	396	0.055556
0	401	0.052632
0	414	0.055556
0	429	0.058824
1	17	0.006579
1	18	0.008000
1	20	0.006623
1	21	0.008000
1	22	0.007194
1	25	0.010989
1	30	0.027778
1	32	0.012346
1	45	0.018182
1	50	0.012821
1	56	0.024390
1	57	0.023810
1	70	0.017241
1	71	0.022222
1	73	0.022222
1	82	0.028571
1	89	0.027778
1	90	0.031250
1	95	0.040000
1	98	0.025641
1	100	0.027778
1	107	0.026316
1	133	0.030303
1	138	0.031250
1	155	0.034483
1	156	0.043478
1	187	0.035714
1	206	0.040000
1	218	0.047619
1	221	0.045455
1	239	0.047619
1	279	0.047619
1	282	0.047619
1	283	0.052632
1	288	0.045455
1	300	0.052632
1	303	0.041667
1	317	0.052632
1	341	0.047619
1	349	0.055556
1	426	0.058824
2	17	0.006579
2	18	0.008000
2	19	0.007937
2	20	0.006623
2	21	0.008000
2	22	0.007194
2	23	0.010000
2	24	0.011494
2	25	0.010989
2	26	0.010526
2	28	0.014085
2	30	0.027778
2	31	0.033333
2	33	0.011236
2	36	0.015385
2	37	0.012195
2	38	0.015873
2	40	0.014085
2	41	0.012987
2	42	0.013699
2	46	0.019608
2	47	0.011628
2	49	0.018519
2	51	0.013158
2	53	0.019608
2	56	0.024390
2	58	0.021277
2	61	0.032258
2	63	0.038462
2	69	0.016667
2	73	0.022222
2	80	0.022727
2	83	0.018868
2	84	0.025000
2	89	0.027778
2	98	0.025641
2	101	0.022727
2	102	0.025000
2	112	0.022222
2	113	0.022222
2	118	0.026316
2	121	0.029412
2	128	0.033333
2	131	0.026316
2	138	0.031250
2	144	0.032258
2	149	0.037037
2	150	0.037037
2	169	0.034483
2	170	0.034483
2	172	0.035714
2	177	0.030303
2	181	0.041667
2	183	0.055556
2	187	0.035714
2	197	0.033333
2	209	0.034483
2	214	0.037037
2	215	0.030303
2	219	0.055556
2	221	0.045455
2	226	0.037037
2	227	0.037037
2	233	0.043478
2	237	0.037037
2	245	0.038462
2	250	0.043478
2	257	0.038462
2	261	0.047619
2	263	0.035714
2	265	0.038462
2	288	0.045455
2	294	0.050000
2	295	0.055556
2	300	0.052632
2	301	0.052632
2	315	0.052632
2	318	0.055556
2	319	0.052632
2	324	0.050000
2	328	0.052632
2	338	0.052632
2	360	0.052632
2	361	0.047619
2	368	0.052632
2	375	0.058824
2	395	0.052632
2	396	0.055556
2	398	0.052632
2	412	0.058824
2	416	0.055556
2	425	0.058824
2	429	0.058824
3	17	0.006579
3	18	0.008000
3	19	0.007937
3	21	0.008000
3	22	0.007194
3	23	0.010000
3	24	0.011494
3	26	0.010526
3	29	0.016667
3	30	0.027778
3	35	0.009009
3	36	0.015385
3	39	0.014286
3	41	0.012987
3	46	0.019608
3	47	0.011628
3	58	0.021277
3	60	0.021277
3	69	0.016667
3	96	0.030303
3	100	0.027778
3	107	0.026316
3	108	0.035714
3	120	0.043478
3	122	0.041667
3	126	0.045455
3	130	0.040000
3	135	0.027027
3	136	0.033333
3	157	0.038462
3	159	0.047619
3	163	0.033333
3	176	0.029412
3	179	0.035714
3	181	0.041667
3	190	0.050000
3	196	0.031250
3	201	0.038462
3	212	0.035714
3	222	0.050000
3	224	0.035714
3	232	0.031250
3	240	0.041667
3	250	0.043478
3	253	0.055556
3	262	0.043478
3	274	0.037037
3	277	0.045455
3	291	0.043478
3	296	0.050000
3	301	0.052632
3	307	0.052632
3	308	0.038462
3	320	0.045455
3	341	0.047619
3	348	0.055556
3	372	0.052632
3	375	0.058824
3	384	0.055556
3	390	0.050000
3	393	0.052632
3	404	0.058824
3	417	0.058824
4	17	0.006579
4	18	0.008000
4	19	0.007937
4	20	0.006623
4	21	0.008000
4	22	0.007194
4	23	0.010000
4	24	0.011494
4	29	0.016667
4	30	0.027778
4	33	0.011236
4	34	0.008772
4	35	0.009009
4	39	0.014286
4	41	0.012987
4	46	0.019608
4	53	0.019608
4	62	0.037037
4	66	0.026316
4	67	0.016129
4	81	0.025641
4	83	0.018868
4	87	0.028571
4	97	0.025641
4	101	0.022727
4	115	0.023810
4	119	0.027778
4	127	0.047619
4	134	0.027027
4	140	0.032258
4	159	0.047619
4	167	0.038462
4	173	0.031250
4	176	0.029412
4	179	0.035714
4	180	0.031250
4	185	0.028571
4	195	0.041667
4	200	0.035714
4	201	0.038462
4	206	0.040000
4	214	0.037037
4	222	0.050000
4	246	0.038462
4	247	0.043478
4	252	0.052632
4	265	0.038462
4	275	0.050000
4	277	0.045455
4	298	0.052632
4	310	0.041667
4	320	0.045455
4	323	0.050000
4	327	0.055556
4	334	0.052632
4	336	0.052632
4	342	0.050000
4	343	0.047619
4	355	0.055556
4	358	0.052632
4	371	0.052632
4	375	0.058824
4	387	0.050000
4	389	0.055556
4	395	0.052632
4	415	0.058824
4	425	0.058824
4	432	0.058824
5	17	0.006579
5	18	0.008000
5	20	0.006623
5	21	0.008000
5	22	0.007194
5	23	0.010000
5	24	0.011494
5	25	0.010989
5	27	0.012987
5	29	0.016667
5	31	0.033333
5	35	0.009009
5	38	0.015873
5	47	0.011628
5	52	0.018182
5	54	0.018519
5	57	0.023810
5	59	0.018182
5	79	0.015873
5	85	0.017544
5	114	0.032258
5	115	0.023810
5	133	0.030303
5	148	0.032258
5	161	0.029412
5	165	0.032258
5	174	0.029412
5	175	0.030303
5	226	0.037037
5	240	0.041667
5	258	0.043478
5	275	0.050000
5	284	0.045455
5	299	0.041667
5	327	0.055556
5	344	0.050000
5	381	0.052632
5	417	0.058824
6	17	0.006579
6	18	0.008000
6	19	0.007937
6	20	0.006623
6	23	0.010000
6	24	0.011494
6	26	0.010526
6	27	0.012987
6	28	0.014085
6	29	0.016667
6	37	0.012195
6	41	0.012987
6	51	0.013158
6	68	0.017241
6	72	0.020833
6	89	0.027778
6	97	0.025641
6	103	0.034483
6	106	0.025000
6	107	0.026316
6	110	0.030303
6	118	0.026316
6	125	0.045455
6	145	0.032258
6	147	0.033333
6	156	0.043478
6	161	0.029412
6	182	0.047619
6	195	0.041667
6	196	0.031250
6	211	0.041667
6	216	0.043478
6	220	0.050000
6	237	0.037037
6	253	0.055556
6	272	0.050000
6	275	0.050000
6	276	0.045455
6	287	0.055556
6	345	0.058824
6	347	0.055556
6	348	0.055556
6	349	0.055556
6	361	0.047619
6	376	0.058824
6	378	0.050000
6	393	0.052632
6	395	0.052632
6	396	0.055556
6	404	0.058824
6	413	0.058824
6	432	0.058824
7	17	0.006579
7	18	0.008000
7	19	0.007937
7	20	0.006623
7	21	0.008000
7	24	0.011494
7	27	0.012987
7	29	0.016667
7	30	0.027778
7	33	0.011236
7	38	0.015873
7	40	0.014085
7	41	0.012987
7	43	0.012658
7	46	0.019608
7	48	0.012048
7	52	0.018182
7	58	0.021277
7	65	0.020833
7	70	0.017241
7	87	0.028571
7	88	0.025641
7	92	0.038462
7	99	0.022222
7	112	0.022222
7	122	0.041667
7	126	0.045455
7	144	0.032258
7	169	0.034483
7	170	0.034483
7	173	0.031250
7	178	0.030303
7	228	0.045455
7	231	0.052632
7	233	0.043478
7	260	0.047619
7	267	0.045455
7	274	0.037037
7	289	0.038462
7	303	0.041667
7	323	0.050000
7	329	0.047619
7	346	0.055556
7	347	0.055556
7	352	0.055556
7	354	0.058824
7	369	0.052632
7	385	0.058824
7	397	0.047619
7	424	0.058824
8	17	0.006579
8	18	0.008000
8	19	0.007937
8	20	0.006623
8	21	0.008000
8	22	0.007194
8	24	0.011494
8	25	0.010989
8	26	0.010526
8	27	0.012987
8	29	0.016667
8	32	0.012346
8	33	0.011236
8	35	0.009009
8	36	0.015385
8	37	0.012195
8	41	0.012987
8	42	0.013699
8	43	0.012658
8	48	0.012048
8	50	0.012821
8	51	0.013158
8	52	0.018182
8	53	0.019608
8	54	0.018519
8	66	0.026316
8	69	0.016667
8	71	0.022222
8	73	0.022222
8	77	0.020833
8	79	0.015873
8	86	0.029412
8	91	0.023256
8	94	0.035714
8	96	0.030303
8	97	0.025641
8	105	0.021277
8	110	0.030303
8	112	0.022222
8	113	0.022222
8	133	0.030303
8	134	0.027027
8	140	0.032258
8	149	0.037037
8	153	0.032258
8	160	0.032258
8	169	0.034483
8	174	0.029412
8	177	0.030303
8	189	0.047619
8	191	0.047619
8	203	0.041667
8	206	0.040000
8	212	0.035714
8	233	0.043478
8	234	0.043478
8	236	0.043478
8	238	0.050000
8	240	0.041667
8	244	0.043478
8	245	0.038462
8	249	0.043478
8	255	0.058824
8	263	0.035714
8	283	0.052632
8	287	0.055556
8	289	0.038462
8	290	0.050000
8	292	0.041667
8	293	0.050000
8	300	0.052632
8	306	0.052632
8	321	0.050000
8	340	0.055556
8	341	0.047619
8	348	0.055556
8	357	0.047619
8	370	0.052632
8	377	0.052632
8	385	0.058824
8	399	0.058824
8	407	0.055556
8	409	0.058824
8	431	0.058824
9	17	0.006579
9	18	0.008000
9	19	0.007937
9	21	0.008000
9	23	0.010000
9	24	0.011494
9	25	0.010989
9	26	0.010526
9	28	0.014085
9	31	0.033333
9	46	0.019608
9	47	0.011628
9	52	0.018182
9	71	0.022222
9	75	0.018519
9	82	0.028571
9	93	0.040000
9	96	0.030303
9	99	0.022222
9	103	0.034483
9	109	0.029412
9	112	0.022222
9	127	0.047619
9	131	0.026316
9	132	0.025000
9	152	0.035714
9	162	0.041667
9	166	0.034483
9	179	0.035714
9	187	0.035714
9	190	0.050000
9	198	0.032258
9	206	0.040000
9	219	0.055556
9	227	0.037037
9	241	0.045455
9	252	0.052632
9	266	0.047619
9	272	0.050000
9	305	0.050000
9	313	0.050000
9	320	0.045455
9	321	0.050000
9	343	0.047619
9	350	0.058824
9	364	0.052632
9	365	0.055556
9	366	0.055556
9	378	0.050000
9	398	0.052632
9	409	0.058824
9	418	0.058824
10	17	0.006579
10	18	0.008000
10	19	0.007937
10	20	0.006623
10	21	0.008000
10	22	0.007194
10	23	0.010000
10	24	0.011494
10	27	0.012987
10	29	0.016667
10	31	0.033333
10	32	0.012346
10	33	0.011236
10	38	0.015873
10	40	0.014085
10	41	0.012987
10	65	0.020833
10	69	0.016667
10	109	0.029412
10	111	0.023256
10	116	0.024390
10	125	0.045455
10	132	0.025000
10	134	0.027027
10	145	0.032258
10	147	0.033333
10	149	0.037037
10	161	0.029412
10	162	0.041667
10	179	0.035714
10	186	0.041667
10	189	0.047619
10	199	0.033333
10	217	0.038462
10	240	0.041667
10	261	0.047619
10	266	0.047619
10	275	0.050000
10	277	0.045455
10	279	0.047619
10	280	0.047619
10	281	0.047619
10	294	0.050000
10	295	0.055556
10	303	0.041667
10	315	0.052632
10	329	0.047619
10	352	0.055556
10	361	0.047619
10	366	0.055556
10	373	0.055556
10	387	0.050000
10	404	0.058824
10	409	0.058824
10	426	0.058824
10	428	0.058824
10	430	0.058824
11	17	0.006579
11	18	0.008000
11	19	0.007937
11	20	0.006623
11	23	0.010000
11	25	0.010989
11	26	0.010526
11	28	0.014085
11	29	0.016667
11	30	0.027778
11	31	0.033333
11	32	0.012346
11	39	0.014286
11	42	0.013699
11	44	0.015152
11	48	0.012048
11	52	0.018182
11	54	0.018519
11	55	0.016949
11	57	0.023810
11	59	0.018182
11	67	0.016129
11	68	0.017241
11	76	0.018182
11	77	0.020833
11	83	0.018868
11	85	0.017544
11	102	0.025000
11	103	0.034483
11	111	0.023256
11	119	0.027778
11	120	0.043478
11	123	0.037037
11	130	0.040000
11	132	0.025000
11	142	0.030303
11	151	0.037037
11	153	0.032258
11	159	0.047619
11	167	0.038462
11	171	0.037037
11	173	0.031250
11	189	0.047619
11	195	0.041667
11	209	0.034483
11	212	0.035714
11	222	0.050000
11	241	0.045455
11	251	0.055556
11	252	0.052632
11	255	0.058824
11	257	0.038462
11	260	0.047619
11	266	0.047619
11	276	0.045455
11	278	0.052632
11	283	0.052632
11	293	0.050000
11	313	0.050000
11	316	0.055556
11	317	0.052632
11	321	0.050000
11	327	0.055556
11	339	0.052632
11	344	0.050000
11	349	0.055556
11	379	0.058824
11	400	0.052632
11	428	0.058824
11	430	0.058824
12	17	0.006579
12	18	0.008000
12	19	0.007937
12	20	0.006623
12	21	0.008000
12	22	0.007194
12	24	0.011494
12	25	0.010989
12	27	0.012987
12	28	0.014085
12	29	0.016667
12	32	0.012346
12	33	0.011236
12	34	0.008772
12	37	0.012195
12	38	0.015873
12	40	0.014085
12	44	0.015152
12	48	0.012048
12	50	0.012821
12	53	0.019608
12	57	0.023810
12	60	0.021277
12	61	0.032258
12	63	0.038462
12	67	0.016129
12	72	0.020833
12	75	0.018519
12	82	0.028571
12	86	0.029412
12	88	0.025641
12	95	0.040000
12	97	0.025641
12	103	0.034483
12	117	0.031250
12	122	0.041667
12	125	0.045455
12	136	0.033333
12	140	0.032258
12	154	0.027027
12	159	0.047619
12	160	0.032258
12	162	0.041667
12	174	0.029412
12	196	0.031250
12	211	0.041667
12	218	0.047619
12	223	0.050000
12	225	0.040000
12	227	0.037037
12	228	0.045455
12	229	0.041667
12	250	0.043478
12	253	0.055556
12	254	0.052632
12	291	0.043478
12	293	0.050000
12	298	0.052632
12	321	0.050000
12	324	0.050000
12	329	0.047619
12	332	0.055556
12	336	0.052632
12	341	0.047619
12	359	0.047619
12	365	0.055556
12	371	0.052632
12	392	0.052632
12	406	0.055556
12	429	0.058824
13	17	0.006579
13	19	0.007937
13	20	0.006623
13	21	0.008000
13	22	0.007194
13	23	0.010000
13	25	0.010989
13	26	0.010526
13	31	0.033333
13	36	0.015385
13	37	0.012195
13	39	0.014286
13	42	0.013699
13	48	0.012048
13	52	0.018182
13	53	0.019608
13	56	0.024390
13	60	0.021277
13	66	0.026316
13	67	0.016129
13	69	0.016667
13	73	0.022222
13	76	0.018182
13	78	0.018519
13	85	0.017544
13	88	0.025641
13	115	0.023810
13	117	0.031250
13	120	0.043478
13	125	0.045455
13	134	0.027027
13	136	0.033333
13	144	0.032258
13	146	0.037037
13	162	0.041667
13	165	0.032258
13	167	0.038462
13	173	0.031250
13	174	0.029412
13	178	0.030303
13	188	0.041667
13	189	0.047619
13	194	0.043478
13	211	0.041667
13	212	0.035714
13	215	0.030303
13	216	0.043478
13	227	0.037037
13	232	0.031250
13	242	0.045455
13	244	0.043478
13	257	0.038462
13	262	0.043478
13	263	0.035714
13	267	0.045455
13	284	0.045455
13	304	0.050000
13	307	0.052632
13	312	0.050000
13	315	0.052632
13	317	0.052632
13	342	0.050000
13	346	0.055556
13	377	0.052632
13	381	0.052632
13	382	0.058824
13	383	0.058824
13	394	0.058824
13	397	0.047619
13	398	0.052632
13	418	0.058824
13	424	0.058824
13	426	0.058824
14	17	0.006579
14	18	0.008000
14	19	0.007937
14	20	0.006623
14	23	0.010000
14	25	0.010989
14	28	0.014085
14	29	0.016667
14	32	0.012346
14	36	0.015385
14	38	0.015873
14	40	0.014085
14	47	0.011628
14	49	0.018519
14	51	0.013158
14	59	0.018182
14	60	0.021277
14	63	0.038462
14	65	0.020833
14	67	0.016129
14	68	0.017241
14	71	0.022222
14	80	0.022727
14	84	0.025000
14	90	0.031250
14	91	0.023256
14	97	0.025641
14	108	0.035714
14	109	0.029412
14	113	0.022222
14	131	0.026316
14	140	0.032258
14	143	0.033333
14	145	0.032258
14	146	0.037037
14	148	0.032258
14	166	0.034483
14	169	0.034483
14	172	0.035714
14	190	0.050000
14	195	0.041667
14	200	0.035714
14	202	0.038462
14	211	0.041667
14	216	0.043478
14	264	0.047619
14	279	0.047619
14	297	0.045455
14	337	0.050000
14	339	0.052632
14	352	0.055556
14	357	0.047619
14	365	0.055556
14	368	0.052632
14	375	0.058824
14	377	0.052632
15	17	0.006579
15	18	0.008000
15	19	0.007937
15	20	0.006623
15	22	0.007194
15	23	0.010000
15	24	0.011494
15	26	0.010526
15	27	0.012987
15	28	0.014085
15	30	0.027778
15	31	0.033333
15	35	0.009009
15	38	0.015873
15	39	0.014286
15	40	0.014085
15	41	0.012987
15	45	0.018182
15	46	0.019608
15	49	0.018519
15	50	0.012821
15	51	0.013158
15	65	0.020833
15	73	0.022222
15	75	0.018519
15	85	0.017544
15	87	0.028571
15	91	0.023256
15	99	0.022222
15	103	0.034483
15	104	0.021739
15	116	0.024390
15	117	0.031250
15	121	0.029412
15	129	0.023810
15	145	0.032258
15	150	0.037037
15	152	0.035714
15	156	0.043478
15	157	0.038462
15	168	0.028571
15	186	0.041667
15	195	0.041667
15	215	0.030303
15	216	0.043478
15	217	0.038462
15	219	0.055556
15	220	0.050000
15	225	0.040000
15	226	0.037037
15	234	0.043478
15	236	0.043478
15	247	0.043478
15	249	0.043478
15	262	0.043478
15	265	0.038462
15	276	0.045455
15	286	0.058824
15	292	0.041667
15	302	0.052632
15	320	0.045455
15	331	0.043478
15	335	0.047619
15	363	0.052632
15	369	0.052632
15	374	0.047619
15	386	0.045455
15	389	0.055556
15	399	0.058824
15	417	0.058824
15	426	0.058824
16	17	0.006579
16	18	0.008000
16	19	0.007937
16	20	0.006623
16	21	0.008000
16	22	0.007194
16	23	0.010000
16	24	0.011494
16	27	0.012987
16	28	0.014085
16	29	0.016667
16	30	0.027778
16	32	0.012346
16	34	0.008772
16	35	0.009009
16	36	0.015385
16	37	0.012195
16	39	0.014286
16	40	0.014085
16	42	0.013699
16	43	0.012658
16	47	0.011628
16	51	0.013158
16	53	0.019608
16	54	0.018519
16	55	0.016949
16	56	0.024390
16	60	0.021277
16	62	0.037037
16	63	0.038462
16	65	0.020833
16	66	0.026316
16	71	0.022222
16	72	0.020833
16	74	0.020833
16	75	0.018519
16	78	0.018519
16	80	0.022727
16	82	0.028571
16	85	0.017544
16	87	0.028571
16	88	0.025641
16	93	0.040000
16	95	0.040000
16	98	0.025641
16	99	0.022222
16	103	0.034483
16	107	0.026316
16	112	0.022222
16	119	0.027778
16	120	0.043478
16	124	0.031250
16	138	0.031250
16	139	0.033333
16	143	0.033333
16	145	0.032258
16	146	0.037037
16	151	0.037037
16	166	0.034483
16	167	0.038462
16	168	0.028571
16	184	0.035714
16	186	0.041667
16	198	0.032258
16	201	0.038462
16	203	0.041667
16	214	0.037037
16	215	0.030303
16	216	0.043478
16	217	0.038462
16	218	0.047619
16	221	0.045455
16	227	0.037037
16	241	0.045455
16	242	0.045455
16	245	0.038462
16	261	0.047619
16	264	0.047619
16	270	0.041667
16	272	0.050000
16	281	0.047619
16	283	0.052632
16	300	0.052632
16	310	0.041667
16	316	0.055556
16	323	0.050000
16	335	0.047619
16	336	0.052632
16	338	0.052632
16	348	0.055556
16	360	0.052632
16	362	0.050000
16	365	0.055556
16	386	0.045455
16	387	0.050000
16	389	0.055556
16	393	0.052632
16	394	0.058824
16	395	0.052632
16	417	0.058824
16	424	0.058824
16	425	0.058824
16	428	0.058824
17	0	0.011494
17	1	0.024390
17	2	0.010753
17	3	0.015873
17	4	0.014706
17	5	0.026316
17	6	0.019231
17	7	0.020000
17	8	0.011905
17	9	0.019231
17	10	0.017544
17	11	0.014286
17	12	0.014286
17	13	0.013699
17	14	0.017857
17	15	0.014085
17	16	0.009709
17	18	0.008000
17	19	0.007937
17	20	0.006623
17	21	0.008000
17	22	0.007194
17	24	0.011494
17	25	0.010989
17	26	0.010526
17	27	0.012987
17	28	0.014085
17	29	0.016667
17	31	0.033333
17	33	0.011236
17	34	0.008772
17	36	0.015385
17	37	0.012195
17	38	0.015873
17	39	0.014286
17	41	0.012987
17	42	0.013699
17	44	0.015152
17	45	0.018182
17	46	0.019608
17	47	0.011628
17	49	0.018519
17	50	0.012821
17	53	0.019608
17	55	0.016949
17	56	0.024390
17	58	0.021277
17	59	0.018182
17	60	0.021277
17	63	0.038462
17	64	0.019608
17	65	0.020833
17	66	0.026316
17	67	0.016129
17	68	0.017241
17	69	0.016667
17	70	0.017241
17	71	0.022222
17	75	0.018519
17	76	0.018182
17	77	0.020833
17	79	0.015873
17	81	0.025641
17	82	0.028571
17	83	0.018868
17	85	0.017544
17	86	0.029412
17	88	0.025641
17	95	0.040000
17	96	0.030303
17	101	0.022727
17	104	0.021739
17	105	0.021277
17	106	0.025000
17	107	0.026316
17	108	0.035714
17	109	0.029412
17	114	0.032258
17	116	0.024390
17	122	0.041667
17	123	0.037037
17	124	0.031250
17	126	0.045455
17	127	0.047619
17	130	0.040000
17	132	0.025000
17	134	0.027027
17	140	0.032258
17	143	0.033333
17	146	0.037037
17	149	0.037037
17	157	0.038462
17	158	0.047619
17	160	0.032258
17	161	0.029412
17	165	0.032258
17	168	0.028571
17	171	0.037037
17	174	0.029412
17	178	0.030303
17	180	0.031250
17	184	0.035714
17	188	0.041667
17	190	0.050000
17	195	0.041667
17	196	0.031250
17	197	0.033333
17	200	0.035714
17	203	0.041667
17	210	0.037037
17	224	0.035714
17	234	0.043478
17	236	0.043478
17	237	0.037037
17	240	0.041667
17	243	0.041667
17	252	0.052632
17	255	0.058824
17	263	0.035714
17	265	0.038462
17	270	0.041667
17	272	0.050000
17	274	0.037037
17	284	0.045455
17	292	0.041667
17	295	0.055556
17	303	0.041667
17	305	0.050000
17	307	0.052632
17	309	0.047619
17	316	0.055556
17	322	0.058824
17	323	0.050000
17	326	0.050000
17	328	0.052632
17	330	0.052632
17	335	0.047619
17	336	0.052632
17	337	0.050000
17	342	0.050000
17	345	0.058824
17	350	0.058824
17	359	0.047619
17	363	0.052632
17	366	0.055556
17	369	0.052632
17	383	0.058824
17	388	0.055556
17	402	0.050000
17	406	0.055556
17	413	0.058824
17	414	0.055556
18	0	0.011494
18	1	0.024390
18	2	0.010753
18	3	0.015873
18	4	0.014706
18	5	0.026316
18	6	0.019231
18	7	0.020000
18	8	0.011905
18	9	0.019231
18	10	0.017544
18	11	0.014286
18	12	0.014286
18	14	0.017857
18	15	0.014085
18	16	0.009709
18	17	0.006579
18	19	0.007937
18	20	0.006623
18	21	0.008000
18	22	0.007194
18	23	0.010000
18	24	0.011494
18	26	0.010526
18	27	0.012987
18	28	0.014085
18	30	0.027778
18	31	0.033333
18	32	0.012346
18	34	0.008772
18	35	0.009009
18	37	0.012195
18	39	0.014286
18	40	0.014085
18	41	0.012987
18	42	0.013699
18	43	0.012658
18	46	0.019608
18	48	0.012048
18	50	0.012821
18	51	0.013158
18	53	0.019608
18	58	0.021277
18	59	0.018182
18	60	0.021277
18	61	0.032258
18	65	0.020833
18	66	0.026316
18	67	0.016129
18	69	0.016667
18	70	0.017241
18	73	0.022222
18	75	0.018519
18	76	0.018182
18	79	0.015873
18	81	0.025641
18	83	0.018868
18	84	0.025000
18	86	0.029412
18	97	0.025641
18	99	0.022222
18	105	0.021277
18	106	0.025000
18	107	0.026316
18	112	0.022222
18	115	0.023810
18	117	0.031250
18	119	0.027778
18	121	0.029412
18	126	0.045455
18	128	0.033333
18	133	0.030303
18	134	0.027027
18	137	0.034483
18	139	0.033333
18	141	0.033333
18	144	0.032258
18	145	0.032258
18	151	0.037037
18	162	0.041667
18	165	0.032258
18	179	0.035714
18	180	0.031250
18	181	0.041667
18	183	0.055556
18	184	0.035714
18	190	0.050000
18	192	0.037037
18	201	0.038462
18	205	0.043478
18	210	0.037037
18	221	0.045455
18	223	0.050000
18	227	0.037037
18	229	0.041667
18	231	0.052632
18	243	0.041667
18	257	0.038462
18	261	0.047619
18	267	0.045455
18	268	0.040000
18	271	0.043478
18	276	0.045455
18	279	0.047619
18	281	0.047619
18	290	0.050000
18	300	0.052632
18	302	0.052632
18	306	0.052632
18	307	0.052632
18	308	0.038462
18	325	0.045455
18	337	0.050000
18	347	0.055556
18	348	0.055556
18	355	0.055556
18	357	0.047619
18	359	0.047619
18	371	0.052632
18	374	0.047619
18	382	0.058824
18	386	0.045455
18	388	0.055556
18	403	0.058824
18	420	0.058824
19	0	0.011494
19	2	0.010753
19	3	0.015873
19	4	0.014706
19	6	0.019231
19	7	0.020000
19	8	0.011905
19	9	0.019231
19	10	0.017544
19	11	0.014286
19	12	0.014286
19	13	0.013699
19	14	0.017857
19	15	0.014085
19	16	0.009709
19	17	0.006579
19	18	0.008000
19	21	0.008000
19	22	0.007194
19	23	0.010000
19	24	0.011494
19	25	0.010989
19	26	0.010526
19	27	0.012987
19	28	0.014085
19	29	0.016667
19	30	0.027778
19	31	0.033333
19	32	0.012346
19	35	0.009009
19	38	0.015873
19	39	0.014286
19	40	0.014085
19	44	0.015152
19	45	0.018182
19	51	0.013158
19	55	0.016949
19	57	0.023810
19	58	0.021277
19	59	0.018182
19	61	0.032258
19	63	0.038462
19	64	0.019608
19	67	0.016129
19	68	0.017241
19	70	0.017241
19	72	0.020833
19	79	0.015873
19	80	0.022727
19	88	0.025641
19	93	0.040000
19	102	0.025000
19	103	0.034483
19	104	0.021739
19	107	0.026316
19	108	0.035714
19	111	0.023256
19	112	0.022222
19	113	0.022222
19	114	0.032258
19	115	0.023810
19	119	0.027778
19	121	0.029412
19	132	0.025000
19	142	0.030303
19	144	0.032258
19	147	0.033333
19	149	0.037037
19	150	0.037037
19	152	0.035714
19	156	0.043478
19	162	0.041667
19	163	0.033333
19	166	0.034483
19	167	0.038462
19	170	0.034483
19	174	0.029412
19	184	0.035714
19	185	0.028571
19	188	0.041667
19	192	0.037037
19	193	0.041667
19	196	0.031250
19	203	0.041667
19	207	0.041667
19	211	0.041667
19	215	0.030303
19	217	0.038462
19	224	0.035714
19	235	0.040000
19	236	0.043478
19	241	0.045455
19	247	0.043478
19	252	0.052632
19	253	0.055556
19	269	0.052632
19	270	0.041667
19	274	0.037037
19	275	0.050000
19	304	0.050000
19	305	0.050000
19	306	0.052632
19	313	0.050000
19	316	0.055556
19	326	0.050000
19	328	0.052632
19	336	0.052632
19	337	0.050000
19	339	0.052632
19	340	0.055556
19	345	0.058824
19	347	0.055556
19	352	0.055556
19	356	0.055556
19	357	0.047619
19	364	0.052632
19	365	0.055556
19	369	0.052632
19	380	0.058824
19	381	0.052632
19	382	0.058824
19	397	0.047619
19	404	0.058824
19	411	0.058824
19	417	0.058824
19	429	0.058824
20	1	0.024390
20	2	0.010753
20	4	0.014706
20	5	0.026316
20	6	0.019231
20	7	0.020000
20	8	0.011905
20	10	0.017544
20	11	0.014286
20	12	0.014286
20	13	0.013699
20	14	0.017857
20	15	0.014085
20	16	0.009709
20	17	0.006579
20	18	0.008000
20	22	0.007194
20	23	0.010000
20	24	0.011494
20	25	0.010989
20	27	0.012987
20	28	0.014085
20	29	0.016667
20	30	0.027778
20	31	0.033333
20	33	0.011236
20	34	0.008772
20	35	0.009009
20	36	0.015385
20	37	0.012195
20	38	0.015873
20	39	0.014286
20	40	0.014085
20	41	0.012987
20	42	0.013699
20	43	0.012658
20	44	0.015152
20	45	0.018182
20	48	0.012048
20	49	0.018519
20	50	0.012821
20	51	0.013158
20	52	0.018182
20	54	0.018519
20	57	0.023810
20	59	0.018182
20	63	0.038462
20	64	0.019608
20	65	0.020833
20	67	0.016129
20	68	0.017241
20	71	0.022222
20	72	0.020833
20	73	0.022222
20	77	0.020833
20	79	0.015873
20	82	0.028571
20	85	0.017544
20	86	0.029412
20	87	0.028571
20	92	0.038462
20	95	0.040000
20	97	0.025641
20	100	0.027778
20	102	0.025000
20	103	0.034483
20	104	0.021739
20	105	0.021277
20	108	0.035714
20	109	0.029412
20	113	0.022222
20	115	0.023810
20	118	0.026316
20	121	0.029412
20	123	0.037037
20	134	0.027027
20	135	0.027027
20	143	0.033333
20	148	0.032258
20	149	0.037037
20	151	0.037037
20	155	0.034483
20	156	0.043478
20	159	0.047619
20	162	0.041667
20	165	0.032258
20	166	0.034483
20	172	0.035714
20	175	0.030303
20	178	0.030303
20	182	0.047619
20	183	0.055556
20	185	0.028571
20	187	0.035714
20	200	0.035714
20	201	0.038462
20	207	0.041667
20	208	0.047619
20	210	0.037037
20	212	0.035714
20	213	0.041667
20	217	0.038462
20	220	0.050000
20	225	0.040000
20	234	0.043478
20	241	0.045455
20	247	0.043478
20	248	0.040000
20	249	0.043478
20	250	0.043478
20	251	0.055556
20	253	0.055556
20	254	0.052632
20	256	0.040000
20	257	0.038462
20	264	0.047619
20	265	0.038462
20	268	0.040000
20	269	0.052632
20	272	0.050000
20	273	0.047619
20	274	0.037037
20	281	0.047619
20	293	0.050000
20	299	0.041667
20	300	0.052632
20	304	0.050000
20	310	0.041667
20	315	0.052632
20	318	0.055556
20	319	0.052632
20	334	0.052632
20	337	0.050000
20	339	0.052632
20	349	0.055556
20	367	0.058824
20	374	0.047619
20	375	0.058824
20	378	0.050000
20	379	0.058824
20	383	0.058824
20	385	0.058824
20	387	0.050000
20	388	0.055556
20	390	0.050000
20	396	0.055556
20	403	0.058824
20	410	0.058824
20	416	0.055556
20	423	0.058824
20	424	0.058824
21	0	0.011494
21	1	0.024390
21	2	0.010753
21	3	0.015873
21	4	0.014706
21	5	0.026316
21	7	0.020000
21	8	0.011905
21	9	0.019231
21	10	0.017544
21	12	0.014286
21	13	0.013699
21	16	0.009709
21	17	0.006579
21	18	0.008000
21	19	0.007937
21	22	0.007194
21	23	0.010000
21	25	0.010989
21	26	0.010526
21	27	0.012987
21	28	0.014085
21	30	0.027778
21	31	0.033333
21	32	0.012346
21	33	0.011236
21	34	0.008772
21	35	0.009009
21	40	0.014085
21	41	0.012987
21	44	0.015152
21	46	0.019608
21	47	0.011628
21	50	0.012821
21	51	0.013158
21	54	0.018519
21	55	0.016949
21	56	0.024390
21	57	0.023810
21	58	0.021277
21	61	0.032258
21	62	0.037037
21	65	0.020833
21	66	0.026316
21	67	0.016129
21	70	0.017241
21	73	0.022222
21	78	0.018519
21	80	0.022727
21	82	0.028571
21	90	0.031250
21	91	0.023256
21	96	0.030303
21	97	0.025641
21	100	0.027778
21	106	0.025000
21	111	0.023256
21	115	0.023810
21	118	0.026316
21	120	0.043478
21	123	0.037037
21	124	0.031250
21	126	0.045455
21	128	0.033333
21	134	0.027027
21	136	0.033333
21	139	0.033333
21	140	0.032258
21	143	0.033333
21	154	0.027027
21	156	0.043478
21	158	0.047619
21	159	0.047619
21	160	0.032258
21	161	0.029412
21	167	0.038462
21	175	0.030303
21	180	0.031250
21	183	0.055556
21	186	0.041667
21	187	0.035714
21	191	0.047619
21	193	0.041667
21	196	0.031250
21	198	0.032258
21	200	0.035714
21	201	0.038462
21	209	0.034483
21	214	0.037037
21	220	0.050000
21	225	0.040000
21	233	0.043478
21	237	0.037037
21	239	0.047619
21	240	0.041667
21	243	0.041667
21	244	0.043478
21	256	0.040000
21	260	0.047619
21	276	0.045455
21	279	0.047619
21	280	0.047619
21	298	0.052632
21	301	0.052632
21	304	0.050000
21	311	0.052632
21	316	0.055556
21	317	0.052632
21	328	0.052632
21	329	0.047619
21	339	0.052632
21	344	0.050000
21	354	0.058824
21	357	0.047619
21	365	0.055556
21	367	0.058824
21	371	0.052632
21	376	0.058824
21	403	0.058824
21	406	0.055556
21	413	0.058824
21	416	0.055556
21	419	0.058824
21	420	0.058824
21	432	0.058824
22	0	0.011494
22	1	0.024390
22	2	0.010753
22	3	0.015873
22	4	0.014706
22	5	0.026316
22	8	0.011905
22	10	0.017544
22	12	0.014286
22	13	0.013699
22	15	0.014085
22	16	0.009709
22	17	0.006579
22	18	0.008000
22	19	0.007937
22	20	0.006623
22	21	0.008000
22	25	0.010989
22	26	0.010526
22	27	0.012987
22	30	0.027778
22	32	0.012346
22	33	0.011236
22	34	0.008772
22	35	0.009009
22	36	0.015385
22	37	0.012195
22	39	0.014286
22	41	0.012987
22	42	0.013699
22	43	0.012658
22	44	0.015152
22	45	0.018182
22	47	0.011628
22	51	0.013158
22	52	0.018182
22	56	0.024390
22	58	0.021277
22	61	0.032258
22	63	0.038462
22	64	0.019608
22	65	0.020833
22	66	0.026316
22	67	0.016129
22	68	0.017241
22	70	0.017241
22	75	0.018519
22	76	0.018182
22	77	0.020833
22	78	0.018519
22	79	0.015873
22	80	0.022727
22	85	0.017544
22	88	0.025641
22	93	0.040000
22	94	0.035714
22	96	0.030303
22	99	0.022222
22	101	0.022727
22	104	0.021739
22	107	0.026316
22	117	0.031250
22	124	0.031250
22	129	0.023810
22	133	0.030303
22	144	0.032258
22	155	0.034483
22	158	0.047619
22	159	0.047619
22	160	0.032258
22	164	0.045455
22	166	0.034483
22	168	0.028571
22	169	0.034483
22	173	0.031250
22	174	0.029412
22	184	0.035714
22	186	0.041667
22	190	0.050000
22	192	0.037037
22	193	0.041667
22	196	0.031250
22	198	0.032258
22	200	0.035714
22	204	0.043478
22	207	0.041667
22	213	0.041667
22	215	0.030303
22	216	0.043478
22	226	0.037037
22	228	0.045455
22	229	0.041667
22	230	0.045455
22	234	0.043478
22	241	0.045455
22	246	0.038462
22	251	0.055556
22	254	0.052632
22	255	0.058824
22	257	0.038462
22	268	0.040000
22	270	0.041667
22	281	0.047619
22	282	0.047619
22	292	0.041667
22	293	0.050000
22	296	0.050000
22	297	0.045455
22	304	0.050000
22	306	0.052632
22	308	0.038462
22	312	0.050000
22	319	0.052632
22	324	0.050000
22	328	0.052632
22	329	0.047619
22	330	0.052632
22	334	0.052632
22	344	0.050000
22	345	0.058824
22	352	0.055556
22	357	0.047619
22	372	0.052632
22	374	0.047619
22	387	0.050000
22	388	0.055556
22	390	0.050000
22	392	0.052632
22	393	0.052632
22	400	0.052632
22	403	0.058824
22	412	0.058824
22	413	0.058824
22	414	0.055556
22	415	0.058824
22	419	0.058824
22	420	0.058824
22	422	0.058824
22	429	0.058824
23	0	0.011494
23	2	0.010753
23	3	0.015873
23	4	0.014706
23	5	0.026316
23	6	0.019231
23	9	0.019231
23	10	0.017544
23	11	0.014286
23	13	0.013699
23	14	0.017857
23	15	0.014085
23	16	0.009709
23	18	0.008000
23	19	0.007937
23	20	0.006623
23	21	0.008000
23	25	0.010989
23	27	0.012987
23	28	0.014085
23	30	0.027778
23	31	0.033333
23	33	0.011236
23	34	0.008772
23	35	0.009009
23	36	0.015385
23	37	0.012195
23	38	0.015873
23	39	0.014286
23	42	0.013699
23	43	0.012658
23	44	0.015152
23	45	0.018182
23	49	0.018519
23	53	0.019608
23	54	0.018519
23	57	0.023810
23	58	0.021277
23	64	0.019608
23	69	0.016667
23	70	0.017241
23	72	0.020833
23	77	0.020833
23	78	0.018519
23	81	0.025641
23	85	0.017544
23	92	0.038462
23	99	0.022222
23	104	0.021739
23	109	0.029412
23	110	0.030303
23	111	0.023256
23	112	0.022222
23	119	0.027778
23	127	0.047619
23	131	0.026316
23	135	0.027027
23	143	0.033333
23	153	0.032258
23	165	0.032258
23	166	0.034483
23	167	0.038462
23	177	0.030303
23	181	0.041667
23	192	0.037037
23	196	0.031250
23	204	0.043478
23	212	0.035714
23	223	0.050000
23	234	0.043478
23	235	0.040000
23	237	0.037037
23	246	0.038462
23	248	0.040000
23	252	0.052632
23	253	0.055556
23	258	0.043478
23	264	0.047619
23	269	0.052632
23	270	0.041667
23	279	0.047619
23	284	0.045455
23	288	0.045455
23	330	0.052632
23	350	0.058824
23	351	0.058824
23	353	0.055556
23	356	0.055556
23	366	0.055556
23	367	0.058824
23	373	0.055556
23	378	0.050000
23	382	0.058824
23	383	0.058824
23	385	0.058824
23	388	0.055556
23	393	0.052632
23	397	0.047619
23	413	0.058824
23	423	0.058824
24	0	0.011494
24	2	0.010753
24	3	0.015873
24	4	0.014706
24	5	0.026316
24	6	0.019231
24	7	0.020000
24	8	0.011905
24	9	0.019231
24	10	0.017544
24	12	0.014286
24	15	0.014085
24	16	0.009709
24	17	0.006579
24	18	0.008000
24	19	0.007937
24	20	0.006623
24	25	0.010989
24	29	0.016667
24	31	0.033333
24	32	0.012346
24	33	0.011236
24	34	0.008772
24	38	0.015873
24	43	0.012658
24	52	0.018182
24	53	0.019608
24	54	0.018519
24	57	0.023810
24	59	0.018182
24	62	0.037037
24	65	0.020833
24	66	0.026316
24	69	0.016667
24	70	0.017241
24	72	0.020833
24	74	0.020833
24	81	0.025641
24	82	0.028571
24	89	0.027778
24	90	0.031250
24	93	0.040000
24	94	0.035714
24	95	0.040000
24	97	0.025641
24	98	0.025641
24	109	0.029412
24	116	0.024390
24	123	0.037037
24	129	0.023810
24	132	0.025000
24	133	0.030303
24	134	0.027027
24	141	0.033333
24	147	0.033333
24	152	0.035714
24	164	0.045455
24	176	0.029412
24	187	0.035714
24	199	0.033333
24	212	0.035714
24	218	0.047619
24	229	0.041667
24	236	0.043478
24	240	0.041667
24	242	0.045455
24	244	0.043478
24	254	0.052632
24	261	0.047619
24	278	0.052632
24	286	0.058824
24	292	0.041667
24	306	0.052632
24	325	0.045455
24	328	0.052632
24	333	0.050000
24	362	0.050000
24	379	0.058824
24	389	0.055556
24	400	0.052632
24	402	0.050000
24	409	0.058824
24	413	0.058824
24	420	0.058824
24	421	0.058824
24	423	0.058824
24	424	0.058824
25	0	0.011494
25	1	0.024390
25	2	0.010753
25	5	0.026316
25	8	0.011905
25	9	0.019231
25	11	0.014286
25	12	0.014286
25	13	0.013699
25	14	0.017857
25	17	0.006579
25	19	0.007937
25	20	0.006623
25	21	0.008000
25	22	0.007194
25	23	0.010000
25	24	0.011494
25	27	0.012987
25	28	0.014085
25	31	0.033333
25	32	0.012346
25	34	0.008772
25	35	0.009009
25	36	0.015385
25	39	0.014286
25	43	0.012658
25	45	0.018182
25	46	0.019608
25	52	0.018182
25	53	0.019608
25	54	0.018519
25	58	0.021277
25	63	0.038462
25	67	0.016129
25	71	0.022222
25	75	0.018519
25	78	0.018519
25	79	0.015873
25	80	0.022727
25	83	0.018868
25	84	0.025000
25	85	0.017544
25	86	0.029412
25	91	0.023256
25	93	0.040000
25	107	0.026316
25	109	0.029412
25	113	0.022222
25	120	0.043478
25	123	0.037037
25	124	0.031250
25	125	0.045455
25	133	0.030303
25	137	0.034483
25	140	0.032258
25	141	0.033333
25	144	0.032258
25	147	0.033333
25	148	0.032258
25	151	0.037037
25	153	0.032258
25	155	0.034483
25	165	0.032258
25	171	0.037037
25	173	0.031250
25	175	0.030303
25	188	0.041667
25	189	0.047619
25	201	0.038462
25	205	0.043478
25	210	0.037037
25	222	0.050000
25	227	0.037037
25	230	0.045455
25	235	0.040000
25	237	0.037037
25	248	0.040000
25	258	0.043478
25	269	0.052632
25	275	0.050000
25	289	0.038462
25	308	0.038462
25	310	0.041667
25	352	0.055556
25	353	0.055556
25	367	0.058824
25	378	0.050000
25	384	0.055556
25	396	0.055556
25	405	0.058824
25	410	0.058824
26	0	0.011494
26	2	0.010753
26	3	0.015873
26	6	0.019231
26	8	0.011905
26	9	0.019231
26	11	0.014286
26	13	0.013699
26	15	0.014085
26	17	0.006579
26	18	0.008000
26	19	0.007937
26	21	0.008000
26	22	0.007194
26	28	0.014085
26	32	0.012346
26	33	0.011236
26	35	0.009009
26	40	0.014085
26	44	0.015152
26	46	0.019608
26	47	0.011628
26	48	0.012048
26	49	0.018519
26	50	0.012821
26	52	0.018182
26	54	0.018519
26	55	0.016949
26	60	0.021277
26	67	0.016129
26	68	0.017241
26	70	0.017241
26	78	0.018519
26	79	0.015873
26	81	0.025641
26	83	0.018868
26	88	0.025641
26	89	0.027778
26	109	0.029412
26	119	0.027778
26	123	0.037037
26	125	0.045455
26	127	0.047619
26	131	0.026316
26	132	0.025000
26	134	0.027027
26	135	0.027027
26	137	0.034483
26	147	0.033333
26	153	0.032258
26	159	0.047619
26	160	0.032258
26	163	0.033333
26	171	0.037037
26	175	0.030303
26	177	0.030303
26	186	0.041667
26	191	0.047619
26	197	0.033333
26	200	0.035714
26	202	0.038462
26	208	0.047619
26	219	0.055556
26	223	0.050000
26	224	0.035714
26	225	0.040000
26	232	0.031250
26	244	0.043478
26	249	0.043478
26	256	0.040000
26	258	0.043478
26	268	0.040000
26	275	0.050000
26	284	0.045455
26	287	0.055556
26	291	0.043478
26	293	0.050000
26	303	0.041667
26	309	0.047619
26	312	0.050000
26	314	0.055556
26	317	0.052632
26	330	0.052632
26	334	0.052632
26	336	0.052632
26	346	0.055556
26	347	0.055556
26	354	0.058824
26	355	0.055556
26	367	0.058824
26	401	0.052632
26	402	0.050000
26	403	0.058824
26	415	0.058824
26	425	0.058824
27	5	0.026316
27	6	0.019231
27	7	0.020000
27	8	0.011905
27	10	0.017544
27	12	0.014286
27	15	0.014085
27	16	0.009709
27	17	0.006579
27	18	0.008000
27	19	0.007937
27	20	0.006623
27	21	0.008000
27	22	0.007194
27	23	0.010000
27	25	0.010989
27	29	0.016667
27	33	0.011236
27	34	0.008772
27	36	0.015385
27	37	0.012195
27	40	0.014085
27	41	0.012987
27	42	0.013699
27	43	0.012658
27	44	0.015152
27	45	0.018182
27	46	0.019608
27	47	0.011628
27	48	0.012048
27	49	0.018519
27	55	0.016949
27	63	0.038462
27	64	0.019608
27	73	0.022222
27	74	0.020833
27	76	0.018182
27	78	0.018519
27	85	0.017544
27	94	0.035714
27	101	0.022727
27	102	0.025000
27	107	0.026316
27	108	0.035714
27	123	0.037037
27	125	0.045455
27	130	0.040000
27	133	0.030303
27	135	0.027027
27	148	0.032258
27	154	0.027027
27	159	0.047619
27	163	0.033333
27	172	0.035714
27	173	0.031250
27	175	0.030303
27	191	0.047619
27	204	0.043478
27	208	0.047619
27	215	0.030303
27	239	0.047619
27	249	0.043478
27	266	0.047619
27	276	0.045455
27	283	0.052632
27	286	0.058824
27	294	0.050000
27	306	0.052632
27	323	0.050000
27	340	0.055556
27	346	0.055556
27	368	0.052632
27	395	0.052632
27	421	0.058824
27	425	0.058824
27	426	0.058824
27	427	0.058824
28	0	0.011494
28	2	0.010753
28	6	0.019231
28	9	0.019231
28	11	0.014286
28	12	0.014286
28	14	0.017857
28	15	0.014085
28	16	0.009709
28	17	0.006579
28	18	0.008000
28	19	0.007937
28	20	0.006623
28	21	0.008000
28	23	0.010000
28	25	0.010989
28	26	0.010526
28	31	0.033333
28	32	0.012346
28	33	0.011236
28	35	0.009009
28	36	0.015385
28	37	0.012195
28	40	0.014085
28	42	0.013699
28	43	0.012658
28	45	0.018182
28	46	0.019608
28	47	0.011628
28	49	0.018519
28	50	0.012821
28	52	0.018182
28	56	0.024390
28	62	0.037037
28	68	0.017241
28	71	0.022222
28	78	0.018519
28	79	0.015873
28	86	0.029412
28	93	0.040000
28	96	0.030303
28	98	0.025641
28	101	0.022727
28	111	0.023256
28	114	0.032258
28	124	0.031250
28	136	0.033333
28	145	0.032258
28	146	0.037037
28	148	0.032258
28	155	0.034483
28	167	0.038462
28	190	0.050000
28	196	0.031250
28	207	0.041667
28	209	0.034483
28	237	0.037037
28	240	0.041667
28	250	0.043478
28	269	0.052632
28	302	0.052632
28	306	0.052632
28	319	0.052632
28	325	0.045455
28	334	0.052632
28	358	0.052632
28	363	0.052632
28	371	0.052632
28	408	0.058824
28	418	0.058824
28	428	0.058824
29	0	0.011494
29	3	0.015873
29	4	0.014706
29	5	0.026316
29	6	0.019231
29	7	0.020000
29	8	0.011905
29	10	0.017544
29	11	0.014286
29	12	0.014286
29	14	0.017857
29	16	0.009709
29	17	0.006579
29	19	0.007937
29	20	0.006623
29	24	0.011494
29	27	0.012987
29	32	0.012346
29	33	0.011236
29	37	0.012195
29	40	0.014085
29	44	0.015152
29	45	0.018182
29	47	0.011628
29	49	0.018519
29	50	0.012821
29	55	0.016949
29	56	0.024390
29	62	0.037037
29	64	0.019608
29	65	0.020833
29	66	0.026316
29	67	0.016129
29	69	0.016667
29	71	0.022222
29	77	0.020833
29	81	0.025641
29	84	0.025000
29	86	0.029412
29	87	0.028571
29	92	0.038462
29	99	0.022222
29	116	0.024390
29	132	0.025000
29	133	0.030303
29	141	0.033333
29	154	0.027027
29	192	0.037037
29	209	0.034483
29	224	0.035714
29	225	0.040000
29	254	0.052632
29	261	0.047619
29	271	0.043478
29	337	0.050000
29	341	0.047619
29	346	0.055556
29	362	0.050000
29	369	0.052632
29	385	0.058824
30	0	0.011494
30	1	0.024390
30	2	0.010753
30	3	0.015873
30	4	0.014706
30	7	0.020000
30	11	0.014286
30	15	0.014085
30	16	0.009709
30	18	0.008000
30	19	0.007937
30	20	0.006623
30	21	0.008000
30	22	0.007194
30	23	0.010000
30	34	0.008772
30	36	0.015385
30	43	0.012658
30	44	0.015152
30	47	0.011628
30	48	0.012048
30	52	0.018182
30	55	0.016949
30	64	0.019608
30	77	0.020833
30	81	0.025641
30	84	0.025000
30	94	0.035714
30	132	0.025000
30	147	0.033333
30	189	0.047619
30	192	0.037037
30	328	0.052632
30	371	0.052632
30	377	0.052632
30	404	0.058824
31	0	0.011494
31	2	0.010753
31	5	0.026316
31	9	0.019231
31	10	0.017544
31	11	0.014286
31	13	0.013699
31	15	0.014085
31	17	0.006579
31	18	0.008000
31	19	0.007937
31	20	0.006623
31	21	0.008000
31	23	0.010000
31	24	0.011494
31	25	0.010989
31	28	0.014085
31	32	0.012346
31	33	0.011236
31	34	0.008772
31	37	0.012195
31	40	0.014085
31	43	0.012658
31	62	0.037037
31	123	0.037037
31	128	0.033333
31	132	0.025000
31	142	0.030303
31	182	0.047619
31	333	0.050000
32	1	0.024390
32	8	0.011905
32	10	0.017544
32	11	0.014286
32	12	0.014286
32	14	0.017857
32	16	0.009709
32	18	0.008000
32	19	0.007937
32	21	0.008000
32	22	0.007194
32	24	0.011494
32	25	0.010989
32	26	0.010526
32	28	0.014085
32	29	0.016667
32	31	0.033333
32	34	0.008772
32	35	0.009009
32	36	0.015385
32	42	0.013699
32	45	0.018182
32	48	0.012048
32	51	0.013158
32	54	0.018519
32	55	0.016949
32	57	0.023810
32	62	0.037037
32	65	0.020833
32	66	0.026316
32	68	0.017241
32	71	0.022222
32	74	0.020833
32	75	0.018519
32	81	0.025641
32	95	0.040000
32	101	0.022727
32	105	0.021277
32	107	0.026316
32	112	0.022222
32	121	0.029412
32	123	0.037037
32	128	0.033333
32	139	0.033333
32	145	0.032258
32	151	0.037037
32	156	0.043478
32	158	0.047619
32	163	0.033333
32	170	0.034483
32	172	0.035714
32	175	0.030303
32	176	0.029412
32	183	0.055556
32	188	0.041667
32	191	0.047619
32	193	0.041667
32	196	0.031250
32	198	0.032258
32	210	0.037037
32	214	0.037037
32	231	0.052632
32	233	0.043478
32	241	0.045455
32	243	0.041667
32	256	0.040000
32	266	0.047619
32	289	0.038462
32	290	0.050000
32	291	0.043478
32	298	0.052632
32	301	0.052632
32	304	0.050000
32	318	0.055556
32	339	0.052632
32	369	0.052632
32	381	0.052632
32	387	0.050000
32	391	0.058824
32	403	0.058824
32	412	0.058824
33	2	0.010753
33	4	0.014706
33	7	0.020000
33	8	0.011905
33	10	0.017544
33	12	0.014286
33	17	0.006579
33	20	0.006623
33	21	0.008000
33	22	0.007194
33	23	0.010000
33	24	0.011494
33	26	0.010526
33	27	0.012987
33	28	0.014085
33	29	0.016667
33	31	0.033333
33	34	0.008772
33	38	0.015873
33	39	0.014286
33	41	0.012987
33	42	0.013699
33	44	0.015152
33	46	0.019608
33	47	0.011628
33	48	0.012048
33	49	0.018519
33	52	0.018182
33	53	0.019608
33	56	0.024390
33	60	0.021277
33	61	0.032258
33	63	0.038462
33	64	0.019608
33	73	0.022222
33	75	0.018519
33	78	0.018519
33	79	0.015873
33	80	0.022727
33	81	0.025641
33	94	0.035714
33	96	0.030303
33	105	0.021277
33	106	0.025000
33	107	0.026316
33	108	0.035714
33	113	0.022222
33	120	0.043478
33	134	0.027027
33	139	0.033333
33	140	0.032258
33	142	0.030303
33	144	0.032258
33	148	0.032258
33	149	0.037037
33	152	0.035714
33	155	0.034483
33	163	0.033333
33	167	0.038462
33	173	0.031250
33	178	0.030303
33	191	0.047619
33	195	0.041667
33	201	0.038462
33	202	0.038462
33	203	0.041667
33	224	0.035714
33	238	0.050000
33	245	0.038462
33	254	0.052632
33	259	0.041667
33	273	0.047619
33	283	0.052632
33	284	0.045455
33	293	0.050000
33	308	0.038462
33	321	0.050000
33	324	0.050000
33	326	0.050000
33	364	0.052632
33	370	0.052632
33	375	0.058824
33	393	0.052632
33	402	0.050000
33	403	0.058824
33	405	0.058824
33	407	0.055556
33	412	0.058824
33	422	0.058824
34	0	0.011494
34	4	0.014706
34	12	0.014286
34	16	0.009709
34	17	0.006579
34	18	0.008000
34	20	0.006623
34	21	0.008000
34	22	0.007194
34	23	0.010000
34	24	0.011494
34	25	0.010989
34	27	0.012987
34	30	0.027778
34	31	0.033333
34	32	0.012346
34	33	0.011236
34	35	0.009009
34	38	0.015873
34	41	0.012987
34	42	0.013699
34	43	0.012658
34	48	0.012048
34	53	0.019608
34	54	0.018519
34	56	0.024390
34	60	0.021277
34	61	0.032258
34	62	0.037037
34	64	0.019608
34	66	0.026316
34	70	0.017241
34	72	0.020833
34	74	0.020833
34	78	0.018519
34	83	0.018868
34	84	0.025000
34	86	0.029412
34	88	0.025641
34	93	0.040000
34	100	0.027778
34	101	0.022727
34	102	0.025000
34	104	0.021739
34	105	0.021277
34	113	0.022222
34	114	0.032258
34	115	0.023810
34	120	0.043478
34	122	0.041667
34	137	0.034483
34	138	0.031250
34	143	0.033333
34	144	0.032258
34	150	0.037037
34	162	0.041667
34	166	0.034483
34	167	0.038462
34	169	0.034483
34	172	0.035714
34	174	0.029412
34	176	0.029412
34	177	0.030303
34	182	0.047619
34	183	0.055556
34	184	0.035714
34	185	0.028571
34	194	0.043478
34	198	0.032258
34	204	0.043478
34	206	0.040000
34	209	0.034483
34	214	0.037037
34	223	0.050000
34	224	0.035714
34	228	0.045455
34	232	0.031250
34	235	0.040000
34	237	0.037037
34	239	0.047619
34	245	0.038462
34	253	0.055556
34	254	0.052632
34	264	0.047619
34	270	0.041667
34	277	0.045455
34	281	0.047619
34	283	0.052632
34	285	0.055556
34	289	0.038462
34	298	0.052632
34	306	0.052632
34	310	0.041667
34	315	0.052632
34	316	0.055556
34	320	0.045455
34	321	0.050000
34	326	0.050000
34	329	0.047619
34	330	0.052632
34	332	0.055556
34	338	0.052632
34	343	0.047619
34	344	0.050000
34	345	0.058824
34	356	0.055556
34	363	0.052632
34	365	0.055556
34	373	0.055556
34	374	0.047619
34	385	0.058824
34	407	0.055556
34	411	0.058824
34	423	0.058824
35	3	0.015873
35	4	0.014706
35	5	0.026316
35	8	0.011905
35	15	0.014085
35	16	0.009709
35	18	0.008000
35	19	0.007937
35	20	0.006623
35	21	0.008000
35	22	0.007194
35	23	0.010000
35	25	0.010989
35	26	0.010526
35	28	0.014085
35	32	0.012346
35	34	0.008772
35	36	0.015385
35	38	0.015873
35	39	0.014286
35	43	0.012658
35	44	0.015152
35	45	0.018182
35	46	0.019608
35	53	0.019608
35	54	0.018519
35	58	0.021277
35	60	0.021277
35	61	0.032258
35	64	0.019608
35	68	0.017241
35	70	0.017241
35	71	0.022222
35	74	0.020833
35	75	0.018519
35	77	0.020833
35	78	0.018519
35	80	0.022727
35	83	0.018868
35	85	0.017544
35	91	0.023256
35	92	0.038462
35	94	0.035714
35	96	0.030303
35	99	0.022222
35	104	0.021739
35	108	0.035714
35	110	0.030303
35	112	0.022222
35	114	0.032258
35	116	0.024390
35	119	0.027778
35	120	0.043478
35	125	0.045455
35	127	0.047619
35	132	0.025000
35	138	0.031250
35	141	0.033333
35	142	0.030303
35	144	0.032258
35	145	0.032258
35	149	0.037037
35	150	0.037037
35	151	0.037037
35	155	0.034483
35	157	0.038462
35	162	0.041667
35	165	0.032258
35	168	0.028571
35	170	0.034483
35	172	0.035714
35	174	0.029412
35	184	0.035714
35	188	0.041667
35	190	0.050000
35	192	0.037037
35	194	0.043478
35	202	0.038462
35	209	0.034483
35	223	0.050000
35	224	0.035714
35	226	0.037037
35	230	0.045455
35	243	0.041667
35	244	0.043478
35	246	0.038462
35	259	0.041667
35	260	0.047619
35	264	0.047619
35	271	0.043478
35	277	0.045455
35	278	0.052632
35	295	0.055556
35	297	0.045455
35	303	0.041667
35	307	0.052632
35	308	0.038462
35	314	0.055556
35	329	0.047619
35	340	0.055556
35	348	0.055556
35	350	0.058824
35	351	0.058824
35	362	0.050000
35	369	0.052632
35	387	0.050000
35	400	0.052632
35	401	0.052632
35	403	0.058824
35	421	0.058824
35	428	0.058824
36	2	0.010753
36	3	0.015873
36	8	0.011905
36	13	0.013699
36	14	0.017857
36	16	0.009709
36	17	0.006579
36	20	0.006623
36	22	0.007194
36	23	0.010000
36	25	0.010989
36	27	0.012987
36	28	0.014085
36	30	0.027778
36	32	0.012346
36	35	0.009009
36	37	0.012195
36	41	0.012987
36	42	0.013699
36	43	0.012658
36	48	0.012048
36	55	0.016949
36	57	0.023810
36	59	0.018182
36	60	0.021277
36	61	0.032258
36	62	0.037037
36	64	0.019608
36	68	0.017241
36	73	0.022222
36	74	0.020833
36	75	0.018519
36	76	0.018182
36	100	0.027778
36	101	0.022727
36	126	0.045455
36	141	0.033333
36	144	0.032258
36	161	0.029412
36	164	0.045455
36	174	0.029412
36	175	0.030303
36	179	0.035714
36	182	0.047619
36	188	0.041667
36	202	0.038462
36	205	0.043478
36	212	0.035714
36	216	0.043478
36	219	0.055556
36	222	0.050000
36	224	0.035714
36	250	0.043478
36	256	0.040000
36	259	0.041667
36	269	0.052632
36	286	0.058824
36	288	0.045455
36	316	0.055556
36	350	0.058824
36	371	0.052632
36	380	0.058824
36	381	0.052632
36	392	0.052632
36	426	0.058824
37	0	0.011494
37	2	0.010753
37	6	0.019231
37	8	0.011905
37	12	0.014286
37	13	0.013699
37	16	0.009709
37	17	0.006579
37	18	0.008000
37	20	0.006623
37	22	0.007194
37	23	0.010000
37	27	0.012987
37	28	0.014085
37	29	0.016667
37	31	0.033333
37	36	0.015385
37	38	0.015873
37	47	0.011628
37	50	0.012821
37	51	0.013158
37	55	0.016949
37	62	0.037037
37	65	0.020833
37	72	0.020833
37	85	0.017544
37	86	0.029412
37	87	0.028571
37	95	0.040000
37	97	0.025641
37	100	0.027778
37	105	0.021277
37	106	0.025000
37	107	0.026316
37	108	0.035714
37	109	0.029412
37	112	0.022222
37	130	0.040000
37	145	0.032258
37	148	0.032258
37	149	0.037037
37	150	0.037037
37	159	0.047619
37	160	0.032258
37	163	0.033333
37	169	0.034483
37	178	0.030303
37	184	0.035714
37	186	0.041667
37	191	0.047619
37	198	0.032258
37	217	0.038462
37	220	0.050000
37	237	0.037037
37	241	0.045455
37	242	0.045455
37	250	0.043478
37	256	0.040000
37	258	0.043478
37	262	0.043478
37	268	0.040000
37	272	0.050000
37	277	0.045455
37	282	0.047619
37	285	0.055556
37	289	0.038462
37	298	0.052632
37	300	0.052632
37	320	0.045455
37	322	0.058824
37	329	0.047619
37	330	0.052632
37	344	0.050000
37	351	0.058824
37	357	0.047619
37	361	0.047619
37	364	0.052632
37	394	0.058824
37	405	0.058824
37	415	0.058824
37	420	0.058824
37	422	0.058824
38	2	0.010753
38	5	0.026316
38	7	0.020000
38	10	0.017544
38	12	0.014286
38	14	0.017857
38	15	0.014085
38	17	0.006579
38	19	0.007937
38	20	0.006623
38	23	0.010000
38	24	0.011494
38	33	0.011236
38	34	0.008772
38	35	0.009009
38	37	0.012195
38	39	0.014286
38	48	0.012048
38	49	0.018519
38	50	0.012821
38	51	0.013158
38	53	0.019608
38	56	0.024390
38	61	0.032258
38	66	0.026316
38	68	0.017241
38	74	0.020833
38	81	0.025641
38	86	0.029412
38	87	0.028571
38	90	0.031250
38	95	0.040000
38	103	0.034483
38	124	0.031250
38	128	0.033333
38	143	0.033333
38	146	0.037037
38	150	0.037037
38	155	0.034483
38	156	0.043478
38	157	0.038462
38	176	0.029412
38	178	0.030303
38	187	0.035714
38	192	0.037037
38	193	0.041667
38	199	0.033333
38	204	0.043478
38	219	0.055556
38	221	0.045455
38	222	0.050000
38	224	0.035714
38	238	0.050000
38	265	0.038462
38	292	0.041667
38	305	0.050000
38	309	0.047619
38	323	0.050000
38	345	0.058824
38	352	0.055556
38	384	0.055556
38	393	0.052632
38	408	0.058824
39	3	0.015873
39	4	0.014706
39	11	0.014286
39	13	0.013699
39	15	0.014085
39	16	0.009709
39	17	0.006579
39	18	0.008000
39	19	0.007937
39	20	0.006623
39	22	0.007194
39	23	0.010000
39	25	0.010989
39	33	0.011236
39	35	0.009009
39	38	0.015873
39	43	0.012658
39	48	0.012048
39	55	0.016949
39	60	0.021277
39	68	0.017241
39	74	0.020833
39	82	0.028571
39	87	0.028571
39	88	0.025641
39	89	0.027778
39	93	0.040000
39	94	0.035714
39	95	0.040000
39	99	0.022222
39	106	0.025000
39	108	0.035714
39	109	0.029412
39	117	0.031250
39	118	0.026316
39	129	0.023810
39	132	0.025000
39	135	0.027027
39	142	0.030303
39	143	0.033333
39	144	0.032258
39	148	0.032258
39	153	0.032258
39	154	0.027027
39	157	0.038462
39	164	0.045455
39	171	0.037037
39	187	0.035714
39	199	0.033333
39	201	0.038462
39	206	0.040000
39	211	0.041667
39	230	0.045455
39	231	0.052632
39	239	0.047619
39	244	0.043478
39	248	0.040000
39	278	0.052632
39	281	0.047619
39	287	0.055556
39	302	0.052632
39	310	0.041667
39	318	0.055556
39	324	0.050000
39	337	0.050000
39	366	0.055556
39	388	0.055556
39	398	0.052632
39	410	0.058824
39	423	0.058824
40	0	0.011494
40	2	0.010753
40	7	0.020000
40	10	0.017544
40	12	0.014286
40	14	0.017857
40	15	0.014085
40	16	0.009709
40	18	0.008000
40	19	0.007937
40	20	0.006623
40	21	0.008000
40	26	0.010526
40	27	0.012987
40	28	0.014085
40	29	0.016667
40	31	0.033333
40	45	0.018182
40	46	0.019608
40	49	0.018519
40	50	0.012821
40	56	0.024390
40	62	0.037037
40	63	0.038462
40	64	0.019608
40	72	0.020833
40	74	0.020833
40	81	0.025641
40	89	0.027778
40	91	0.023256
40	92	0.038462
40	102	0.025000
40	115	0.023810
40	116	0.024390
40	118	0.026316
40	131	0.026316
40	139	0.033333
40	165	0.032258
40	177	0.030303
40	179	0.035714
40	180	0.031250
40	182	0.047619
40	184	0.035714
40	189	0.047619
40	192	0.037037
40	207	0.041667
40	208	0.047619
40	223	0.050000
40	229	0.041667
40	233	0.043478
40	239	0.047619
40	240	0.041667
40	245	0.038462
40	256	0.040000
40	270	0.041667
40	284	0.045455
40	289	0.038462
40	291	0.043478
40	294	0.050000
40	296	0.050000
40	299	0.041667
40	303	0.041667
40	310	0.041667
40	311	0.052632
40	324	0.050000
40	329	0.047619
40	356	0.055556
40	381	0.052632
40	383	0.058824
40	395	0.052632
40	424	0.058824
41	2	0.010753
41	3	0.015873
41	4	0.014706
41	6	0.019231
41	7	0.020000
41	8	0.011905
41	10	0.017544
41	15	0.014085
41	17	0.006579
41	18	0.008000
41	20	0.006623
41	21	0.008000
41	22	0.007194
41	27	0.012987
41	33	0.011236
41	34	0.008772
41	36	0.015385
41	44	0.015152
41	45	0.018182
41	47	0.011628
41	52	0.018182
41	56	0.024390
41	60	0.021277
41	62	0.037037
41	64	0.019608
41	66	0.026316
41	69	0.016667
41	72	0.020833
41	73	0.022222
41	77	0.020833
41	83	0.018868
41	84	0.025000
41	90	0.031250
41	96	0.030303
41	98	0.025641
41	121	0.029412
41	124	0.031250
41	134	0.027027
41	138	0.031250
41	153	0.032258
41	165	0.032258
41	167	0.038462
41	171	0.037037
41	174	0.029412
41	184	0.035714
41	189	0.047619
41	194	0.043478
41	202	0.038462
41	204	0.043478
41	223	0.050000
41	226	0.037037
41	228	0.045455
41	231	0.052632
41	232	0.031250
41	236	0.043478
41	247	0.043478
41	248	0.040000
41	266	0.047619
41	267	0.045455
41	270	0.041667
41	273	0.047619
41	278	0.052632
41	282	0.047619
41	283	0.052632
41	311	0.052632
41	312	0.050000
41	327	0.055556
41	337	0.050000
41	367	0.058824
41	370	0.052632
41	372	0.052632
41	390	0.050000
41	398	0.052632
41	400	0.052632
41	408	0.058824
41	425	0.058824
41	429	0.058824
42	2	0.010753
42	8	0.011905
42	11	0.014286
42	13	0.013699
42	16	0.009709
42	17	0.006579
42	18	0.008000
42	20	0.006623
42	22	0.007194
42	23	0.010000
42	27	0.012987
42	28	0.014085
42	32	0.012346
42	33	0.011236
42	34	0.008772
42	36	0.015385
42	45	0.018182
42	46	0.019608
42	49	0.018519
42	54	0.018519
42	55	0.016949
42	59	0.018182
42	65	0.020833
42	68	0.017241
42	71	0.022222
42	80	0.022727
42	89	0.027778
42	94	0.035714
42	97	0.025641
42	103	0.034483
42	110	0.030303
42	113	0.022222
42	123	0.037037
42	125	0.045455
42	129	0.023810
42	142	0.030303
42	158	0.047619
42	160	0.032258
42	178	0.030303
42	185	0.028571
42	188	0.041667
42	191	0.047619
42	193	0.041667
42	195	0.041667
42	201	0.038462
42	205	0.043478
42	208	0.047619
42	210	0.037037
42	211	0.041667
42	217	0.038462
42	234	0.043478
42	238	0.050000
42	239	0.047619
42	242	0.045455
42	246	0.038462
42	256	0.040000
42	263	0.035714
42	264	0.047619
42	270	0.041667
42	273	0.047619
42	285	0.055556
42	292	0.041667
42	297	0.045455
42	318	0.055556
42	347	0.055556
42	349	0.055556
42	351	0.058824
42	354	0.058824
42	373	0.055556
42	382	0.058824
42	392	0.052632
42	406	0.055556
42	422	0.058824
43	7	0.020000
43	8	0.011905
43	16	0.009709
43	18	0.008000
43	20	0.006623
43	22	0.007194
43	23	0.010000
43	24	0.011494
43	25	0.010989
43	27	0.012987
43	28	0.014085
43	30	0.027778
43	31	0.033333
43	34	0.008772
43	35	0.009009
43	36	0.015385
43	39	0.014286
43	44	0.015152
43	45	0.018182
43	51	0.013158
43	52	0.018182
43	53	0.019608
43	55	0.016949
43	56	0.024390
43	59	0.018182
43	64	0.019608
43	66	0.026316
43	70	0.017241
43	74	0.020833
43	76	0.018182
43	87	0.028571
43	89	0.027778
43	90	0.031250
43	92	0.038462
43	104	0.021739
43	124	0.031250
43	127	0.047619
43	139	0.033333
43	145	0.032258
43	146	0.037037
43	147	0.033333
43	150	0.037037
43	153	0.032258
43	164	0.045455
43	178	0.030303
43	181	0.041667
43	194	0.043478
43	197	0.033333
43	208	0.047619
43	226	0.037037
43	227	0.037037
43	235	0.040000
43	236	0.043478
43	244	0.043478
43	255	0.058824
43	256	0.040000
43	257	0.038462
43	260	0.047619
43	261	0.047619
43	265	0.038462
43	266	0.047619
43	268	0.040000
43	281	0.047619
43	290	0.050000
43	291	0.043478
43	299	0.041667
43	301	0.052632
43	302	0.052632
43	307	0.052632
43	310	0.041667
43	315	0.052632
43	359	0.047619
43	371	0.052632
43	376	0.058824
43	389	0.055556
43	393	0.052632
43	400	0.052632
43	422	0.058824
43	432	0.058824
44	0	0.011494
44	11	0.014286
44	12	0.014286
44	17	0.006579
44	19	0.007937
44	20	0.006623
44	21	0.008000
44	22	0.007194
44	23	0.010000
44	26	0.010526
44	27	0.012987
44	29	0.016667
44	30	0.027778
44	33	0.011236
44	35	0.009009
44	41	0.012987
44	43	0.012658
44	49	0.018519
44	50	0.012821
44	55	0.016949
44	59	0.018182
44	61	0.032258
44	63	0.038462
44	65	0.020833
44	72	0.020833
44	86	0.029412
44	92	0.038462
44	94	0.035714
44	95	0.040000
44	98	0.025641
44	104	0.021739
44	106	0.025000
44	122	0.041667
44	147	0.033333
44	150	0.037037
44	152	0.035714
44	163	0.033333
44	166	0.034483
44	191	0.047619
44	198	0.032258
44	200	0.035714
44	201	0.038462
44	204	0.043478
44	216	0.043478
44	221	0.045455
44	225	0.040000
44	232	0.031250
44	245	0.038462
44	258	0.043478
44	264	0.047619
44	272	0.050000
44	278	0.052632
44	282	0.047619
44	284	0.045455
44	306	0.052632
44	307	0.052632
44	314	0.055556
44	324	0.050000
44	330	0.052632
44	333	0.050000
44	336	0.052632
44	397	0.047619
44	399	0.058824
44	402	0.050000
44	404	0.058824
44	427	0.058824
45	1	0.024390
45	15	0.014085
45	17	0.006579
45	19	0.007937
45	20	0.006623
45	22	0.007194
45	23	0.010000
45	25	0.010989
45	27	0.012987
45	28	0.014085
45	29	0.016667
45	32	0.012346
45	35	0.009009
45	40	0.014085
45	41	0.012987
45	42	0.013699
45	43	0.012658
45	50	0.012821
45	52	0.018182
45	59	0.018182
45	61	0.032258
45	73	0.022222
45	87	0.028571
45	90	0.031250
45	93	0.040000
45	95	0.040000
45	98	0.025641
45	100	0.027778
45	113	0.022222
45	129	0.023810
45	139	0.033333
45	154	0.027027
45	157	0.038462
45	159	0.047619
45	206	0.040000
45	213	0.041667
45	223	0.050000
45	232	0.031250
45	236	0.043478
45	257	0.038462
45	258	0.043478
45	272	0.050000
45	292	0.041667
45	299	0.041667
45	313	0.050000
45	326	0.050000
45	347	0.055556
45	356	0.055556
45	383	0.058824
45	396	0.055556
45	401	0.052632
45	406	0.055556
45	412	0.058824
45	415	0.058824
45	427	0.058824
46	2	0.010753
46	3	0.015873
46	4	0.014706
46	7	0.020000
46	9	0.019231
46	15	0.014085
46	17	0.006579
46	18	0.008000
46	21	0.008000
46	25	0.010989
46	26	0.010526
46	27	0.012987
46	28	0.014085
46	33	0.011236
46	35	0.009009
46	40	0.014085
46	42	0.013699
46	49	0.018519
46	50	0.012821
46	56	0.024390
46	57	0.023810
46	58	0.021277
46	60	0.021277
46	62	0.037037
46	84	0.025000
46	94	0.035714
46	98	0.025641
46	100	0.027778
46	111	0.023256
46	117	0.031250
46	128	0.033333
46	142	0.030303
46	152	0.035714
46	194	0.043478
46	225	0.040000
46	248	0.040000
46	249	0.043478
46	303	0.041667
46	307	0.052632
46	313	0.050000
46	326	0.050000
46	337	0.050000
46	353	0.055556
46	359	0.047619
46	376	0.058824
46	386	0.045455
46	398	0.052632
46	409	0.058824
46	418	0.058824
46	426	0.058824
46	428	0.058824
47	2	0.010753
47	3	0.015873
47	5	0.026316
47	9	0.019231
47	14	0.017857
47	16	0.009709
47	17	0.006579
47	21	0.008000
47	22	0.007194
47	26	0.010526
47	27	0.012987
47	28	0.014085
47	29	0.016667
47	30	0.027778
47	33	0.011236
47	37	0.012195
47	41	0.012987
47	48	0.012048
47	51	0.013158
47	57	0.023810
47	59	0.018182
47	61	0.032258
47	62	0.037037
47	63	0.038462
47	66	0.026316
47	73	0.022222
47	74	0.020833
47	77	0.020833
47	78	0.018519
47	79	0.015873
47	80	0.022727
47	82	0.028571
47	84	0.025000
47	87	0.028571
47	89	0.027778
47	97	0.025641
47	104	0.021739
47	106	0.025000
47	115	0.023810
47	121	0.029412
47	122	0.041667
47	123	0.037037
47	125	0.045455
47	126	0.045455
47	127	0.047619
47	128	0.033333
47	140	0.032258
47	144	0.032258
47	148	0.032258
47	154	0.027027
47	156	0.043478
47	157	0.038462
47	159	0.047619
47	171	0.037037
47	173	0.031250
47	176	0.029412
47	190	0.050000
47	192	0.037037
47	193	0.041667
47	197	0.033333
47	204	0.043478
47	210	0.037037
47	215	0.030303
47	217	0.038462
47	218	0.047619
47	225	0.040000
47	231	0.052632
47	238	0.050000
47	247	0.043478
47	264	0.047619
47	269	0.052632
47	284	0.045455
47	290	0.050000
47	295	0.055556
47	317	0.052632
47	322	0.058824
47	333	0.050000
47	336	0.052632
47	340	0.055556
47	358	0.052632
47	369	0.052632
47	370	0.052632
47	388	0.055556
47	404	0.058824
47	420	0.058824
47	421	0.058824
48	7	0.020000
48	8	0.011905
48	11	0.014286
48	12	0.014286
48	13	0.013699
48	18	0.008000
48	20	0.006623
48	26	0.010526
48	27	0.012987
48	30	0.027778
48	32	0.012346
48	33	0.011236
48	34	0.008772
48	36	0.015385
48	38	0.015873
48	39	0.014286
48	47	0.011628
48	57	0.023810
48	58	0.021277
48	61	0.032258
48	73	0.022222
48	74	0.020833
48	79	0.015873
48	82	0.028571
48	83	0.018868
48	87	0.028571
48	88	0.025641
48	91	0.023256
48	92	0.038462
48	96	0.030303
48	101	0.022727
48	104	0.021739
48	111	0.023256
48	122	0.041667
48	126	0.045455
48	133	0.030303
48	139	0.033333
48	149	0.037037
48	151	0.037037
48	159	0.047619
48	164	0.045455
48	168	0.028571
48	172	0.035714
48	176	0.029412
48	179	0.035714
48	182	0.047619
48	185	0.028571
48	196	0.031250
48	201	0.038462
48	205	0.043478
48	211	0.041667
48	219	0.055556
48	222	0.050000
48	226	0.037037
48	237	0.037037
48	249	0.043478
48	259	0.041667
48	263	0.035714
48	266	0.047619
48	273	0.047619
48	281	0.047619
48	285	0.055556
48	287	0.055556
48	288	0.045455
48	296	0.050000
48	298	0.052632
48	315	0.052632
48	317	0.052632
48	327	0.055556
48	332	0.055556
48	353	0.055556
48	358	0.052632
48	375	0.058824
48	383	0.058824
48	386	0.045455
48	395	0.052632
48	399	0.058824
48	401	0.052632
48	402	0.050000
48	403	0.058824
48	417	0.058824
48	422	0.058824
48	428	0.058824
49	0	0.011494
49	2	0.010753
49	14	0.017857
49	15	0.014085
49	17	0.006579
49	20	0.006623
49	23	0.010000
49	26	0.010526
49	27	0.012987
49	28	0.014085
49	29	0.016667
49	33	0.011236
49	38	0.015873
49	40	0.014085
49	42	0.013699
49	44	0.015152
49	46	0.019608
49	54	0.018519
49	61	0.032258
49	77	0.020833
49	83	0.018868
49	86	0.029412
49	89	0.027778
49	94	0.035714
49	98	0.025641
49	109	0.029412
49	110	0.030303
49	111	0.023256
49	120	0.043478
49	134	0.027027
49	135	0.027027
49	136	0.033333
49	149	0.037037
49	170	0.034483
49	171	0.037037
49	189	0.047619
49	190	0.050000
49	195	0.041667
49	207	0.041667
49	212	0.035714
49	220	0.050000
49	222	0.050000
49	238	0.050000
49	251	0.055556
49	266	0.047619
49	271	0.043478
49	274	0.037037
49	285	0.055556
49	310	0.041667
49	318	0.055556
49	323	0.050000
49	335	0.047619
49	385	0.058824
49	396	0.055556
50	1	0.024390
50	8	0.011905
50	12	0.014286
50	15	0.014085
50	17	0.006579
50	18	0.008000
50	20	0.006623
50	21	0.008000
50	26	0.010526
50	28	0.014085
50	29	0.016667
50	37	0.012195
50	38	0.015873
50	40	0.014085
50	44	0.015152
50	45	0.018182
50	46	0.019608
50	57	0.023810
50	59	0.018182
50	60	0.021277
50	70	0.017241
50	72	0.020833
50	74	0.020833
50	79	0.015873
50	80	0.022727
50	81	0.025641
50	84	0.025000
50	93	0.040000
50	94	0.035714
50	102	0.025000
50	103	0.034483
50	105	0.021277
50	111	0.023256
50	120	0.043478
50	131	0.026316
50	145	0.032258
50	153	0.032258
50	158	0.047619
50	163	0.033333
50	167	0.038462
50	177	0.030303
50	194	0.043478
50	196	0.031250
50	203	0.041667
50	212	0.035714
50	218	0.047619
50	222	0.050000
50	225	0.040000
50	246	0.038462
50	247	0.043478
50	249	0.043478
50	251	0.055556
50	257	0.038462
50	261	0.047619
50	272	0.050000
50	273	0.047619
50	279	0.047619
50	282	0.047619
50	287	0.055556
50	297	0.045455
50	299	0.041667
50	304	0.050000
50	330	0.052632
50	344	0.050000
50	345	0.058824
50	349	0.055556
50	350	0.058824
50	355	0.055556
50	362	0.050000
50	381	0.052632
50	384	0.055556
50	386	0.045455
50	396	0.055556
50	397	0.047619
50	405	0.058824
50	420	0.058824
50	424	0.058824
50	427	0.058824
51	2	0.010753
51	6	0.019231
51	8	0.011905
51	14	0.017857
51	15	0.014085
51	16	0.009709
51	18	0.008000
51	19	0.007937
51	20	0.006623
51	21	0.008000
51	22	0.007194
51	32	0.012346
51	37	0.012195
51	38	0.015873
51	43	0.012658
51	47	0.011628
51	54	0.018519
51	57	0.023810
51	67	0.016129
51	69	0.016667
51	73	0.022222
51	75	0.018519
51	76	0.018182
51	77	0.020833
51	84	0.025000
51	89	0.027778
51	90	0.031250
51	92	0.038462
51	95	0.040000
51	97	0.025641
51	99	0.022222
51	106	0.025000
51	111	0.023256
51	112	0.022222
51	117	0.031250
51	125	0.045455
51	131	0.026316
51	134	0.027027
51	141	0.033333
51	154	0.027027
51	157	0.038462
51	159	0.047619
51	160	0.032258
51	168	0.028571
51	177	0.030303
51	180	0.031250
51	183	0.055556
51	185	0.028571
51	189	0.047619
51	213	0.041667
51	217	0.038462
51	230	0.045455
51	233	0.043478
51	234	0.043478
51	237	0.037037
51	258	0.043478
51	259	0.041667
51	283	0.052632
51	284	0.045455
51	321	0.050000
51	327	0.055556
51	334	0.052632
51	341	0.047619
51	346	0.055556
51	351	0.058824
51	355	0.055556
51	366	0.055556
51	367	0.058824
51	373	0.055556
51	409	0.058824
51	411	0.058824
51	412	0.058824
51	420	0.058824
51	422	0.058824
51	424	0.058824
51	428	0.058824
52	5	0.026316
52	7	0.020000
52	8	0.011905
52	9	0.019231
52	11	0.014286
52	13	0.013699
52	20	0.006623
52	22	0.007194
52	24	0.011494
52	25	0.010989
52	26	0.010526
52	28	0.014085
52	30	0.027778
52	33	0.011236
52	41	0.012987
52	43	0.012658
52	45	0.018182
52	55	0.016949
52	58	0.021277
52	64	0.019608
52	70	0.017241
52	72	0.020833
52	76	0.018182
52	87	0.028571
52	92	0.038462
52	96	0.030303
52	100	0.027778
52	102	0.025000
52	105	0.021277
52	107	0.026316
52	147	0.033333
52	150	0.037037
52	160	0.032258
52	166	0.034483
52	170	0.034483
52	176	0.029412
52	178	0.030303
52	186	0.041667
52	197	0.033333
52	208	0.047619
52	210	0.037037
52	228	0.045455
52	230	0.045455
52	308	0.038462
52	309	0.047619
52	311	0.052632
52	322	0.058824
52	356	0.055556
52	367	0.058824
52	383	0.058824
52	384	0.055556
52	393	0.052632
52	399	0.058824
52	408	0.058824
52	431	0.058824
53	2	0.010753
53	4	0.014706
53	8	0.011905
53	12	0.014286
53	13	0.013699
53	16	0.009709
53	17	0.006579
53	18	0.008000
53	23	0.010000
53	24	0.011494
53	25	0.010989
53	33	0.011236
53	34	0.008772
53	35	0.009009
53	38	0.015873
53	43	0.012658
53	56	0.024390
53	57	0.023810
53	59	0.018182
53	76	0.018182
53	119	0.027778
53	125	0.045455
53	126	0.045455
53	140	0.032258
53	146	0.037037
53	149	0.037037
53	153	0.032258
53	154	0.027027
53	155	0.034483
53	177	0.030303
53	184	0.035714
53	206	0.040000
53	213	0.041667
53	216	0.043478
53	238	0.050000
53	241	0.045455
53	246	0.038462
53	260	0.047619
53	265	0.038462
53	289	0.038462
53	304	0.050000
53	309	0.047619
53	323	0.050000
53	350	0.058824
53	354	0.058824
53	390	0.050000
53	398	0.052632
53	403	0.058824
53	404	0.058824
53	406	0.055556
53	411	0.058824
54	0	0.011494
54	5	0.026316
54	8	0.011905
54	11	0.014286
54	16	0.009709
54	20	0.006623
54	21	0.008000
54	23	0.010000
54	24	0.011494
54	25	0.010989
54	26	0.010526
54	32	0.012346
54	34	0.008772
54	35	0.009009
54	42	0.013699
54	49	0.018519
54	51	0.013158
54	67	0.016129
54	71	0.022222
54	77	0.020833
54	78	0.018519
54	79	0.015873
54	80	0.022727
54	81	0.025641
54	83	0.018868
54	90	0.031250
54	93	0.040000
54	110	0.030303
54	113	0.022222
54	116	0.024390
54	126	0.045455
54	130	0.040000
54	136	0.033333
54	139	0.033333
54	143	0.033333
54	171	0.037037
54	175	0.030303
54	192	0.037037
54	199	0.033333
54	209	0.034483
54	213	0.041667
54	234	0.043478
54	252	0.052632
54	255	0.058824
54	268	0.040000
54	272	0.050000
54	296	0.050000
54	315	0.052632
54	339	0.052632
54	357	0.047619
54	368	0.052632
54	380	0.058824
54	384	0.055556
54	399	0.058824
55	11	0.014286
55	16	0.009709
55	17	0.006579
55	19	0.007937
55	21	0.008000
55	26	0.010526
55	27	0.012987
55	29	0.016667
55	30	0.027778
55	32	0.012346
55	36	0.015385
55	37	0.012195
55	39	0.014286
55	42	0.013699
55	43	0.012658
55	44	0.015152
55	52	0.018182
55	58	0.021277
55	64	0.019608
55	72	0.020833
55	74	0.020833
55	85	0.017544
55	93	0.040000
55	95	0.040000
55	96	0.030303
55	100	0.027778
55	104	0.021739
55	116	0.024390
55	117	0.031250
55	119	0.027778
55	123	0.037037
55	144	0.032258
55	161	0.029412
55	165	0.032258
55	170	0.034483
55	203	0.041667
55	208	0.047619
55	214	0.037037
55	221	0.045455
55	223	0.050000
55	231	0.052632
55	232	0.031250
55	253	0.055556
55	257	0.038462
55	260	0.047619
55	262	0.043478
55	270	0.041667
55	284	0.045455
55	289	0.038462
55	295	0.055556
55	305	0.050000
55	311	0.052632
55	313	0.050000
55	340	0.055556
55	350	0.058824
55	355	0.055556
55	372	0.052632
55	384	0.055556
55	406	0.055556
56	1	0.024390
56	2	0.010753
56	13	0.013699
56	16	0.009709
56	17	0.006579
56	21	0.008000
56	22	0.007194
56	28	0.014085
56	29	0.016667
56	33	0.011236
56	34	0.008772
56	38	0.015873
56	40	0.014085
56	41	0.012987
56	43	0.012658
56	46	0.019608
56	53	0.019608
56	66	0.026316
56	69	0.016667
56	98	0.025641
56	110	0.030303
56	115	0.023810
56	118	0.026316
56	122	0.041667
56	137	0.034483
56	153	0.032258
56	164	0.045455
56	172	0.035714
56	181	0.041667
56	196	0.031250
56	203	0.041667
56	211	0.041667
56	237	0.037037
56	257	0.038462
56	258	0.043478
56	265	0.038462
56	323	0.050000
56	336	0.052632
56	341	0.047619
56	342	0.050000
56	364	0.052632
57	1	0.024390
57	5	0.026316
57	11	0.014286
57	12	0.014286
57	19	0.007937
57	20	0.006623
57	21	0.008000
57	23	0.010000
57	24	0.011494
57	32	0.012346
57	36	0.015385
57	46	0.019608
57	47	0.011628
57	48	0.012048
57	50	0.012821
57	51	0.013158
57	53	0.019608
57	62	0.037037
57	76	0.018182
57	81	0.025641
57	82	0.028571
57	98	0.025641
57	99	0.022222
57	101	0.022727
57	114	0.032258
57	118	0.026316
57	122	0.041667
57	127	0.047619
57	142	0.030303
57	181	0.041667
57	182	0.047619
57	193	0.041667
57	209	0.034483
57	239	0.047619
57	251	0.055556
57	324	0.050000
57	344	0.050000
57	349	0.055556
57	377	0.052632
57	379	0.058824
57	413	0.058824
57	432	0.058824
58	0	0.011494
58	2	0.010753
58	3	0.015873
58	7	0.020000
58	17	0.006579
58	18	0.008000
58	19	0.007937
58	21	0.008000
58	22	0.007194
58	23	0.010000
58	25	0.010989
58	35	0.009009
58	46	0.019608
58	48	0.012048
58	52	0.018182
58	55	0.016949
58	69	0.016667
58	76	0.018182
58	90	0.031250
58	93	0.040000
58	112	0.022222
58	114	0.032258
58	116	0.024390
58	121	0.029412
58	124	0.031250
58	134	0.027027
58	139	0.033333
58	163	0.033333
58	195	0.041667
58	197	0.033333
58	199	0.033333
58	207	0.041667
58	224	0.035714
58	240	0.041667
58	245	0.038462
58	255	0.058824
58	288	0.045455
58	289	0.038462
58	293	0.050000
58	296	0.050000
58	303	0.041667
58	308	0.038462
58	332	0.055556
58	347	0.055556
58	379	0.058824
58	394	0.058824
58	405	0.058824
59	0	0.011494
59	5	0.026316
59	11	0.014286
59	14	0.017857
59	17	0.006579
59	18	0.008000
59	19	0.007937
59	20	0.006623
59	24	0.011494
59	36	0.015385
59	42	0.013699
59	43	0.012658
59	44	0.015152
59	45	0.018182
59	47	0.011628
59	50	0.012821
59	53	0.019608
59	62	0.037037
59	68	0.017241
59	69	0.016667
59	70	0.017241
59	71	0.022222
59	82	0.028571
59	85	0.017544
59	98	0.025641
59	109	0.029412
59	123	0.037037
59	139	0.033333
59	141	0.033333
59	147	0.033333
59	152	0.035714
59	153	0.032258
59	155	0.034483
59	168	0.028571
59	172	0.035714
59	192	0.037037
59	204	0.043478
59	221	0.045455
59	228	0.045455
59	229	0.041667
59	232	0.031250
59	235	0.040000
59	238	0.050000
59	242	0.045455
59	260	0.047619
59	270	0.041667
59	279	0.047619
59	299	0.041667
59	343	0.047619
59	353	0.055556
59	379	0.058824
59	384	0.055556
59	401	0.052632
59	416	0.055556
59	427	0.058824
60	0	0.011494
60	3	0.015873
60	12	0.014286
60	13	0.013699
60	14	0.017857
60	16	0.009709
60	17	0.006579
60	18	0.008000
60	26	0.010526
60	33	0.011236
60	34	0.008772
60	35	0.009009
60	36	0.015385
60	39	0.014286
60	41	0.012987
60	46	0.019608
60	50	0.012821
60	71	0.022222
60	75	0.018519
60	76	0.018182
60	77	0.020833
60	80	0.022727
60	105	0.021277
60	128	0.033333
60	131	0.026316
60	136	0.033333
60	140	0.032258
60	163	0.033333
60	170	0.034483
60	174	0.029412
60	187	0.035714
60	215	0.030303
60	227	0.037037
60	250	0.043478
60	253	0.055556
60	257	0.038462
60	271	0.043478
60	285	0.055556
60	287	0.055556
60	291	0.043478
60	310	0.041667
60	329	0.047619
60	358	0.052632
60	370	0.052632
60	374	0.047619
60	390	0.050000
60	397	0.047619
61	2	0.010753
61	12	0.014286
61	18	0.008000
61	19	0.007937
61	21	0.008000
61	22	0.007194
61	33	0.011236
61	34	0.008772
61	35	0.009009
61	36	0.015385
61	38	0.015873
61	44	0.015152
61	45	0.018182
61	47	0.011628
61	48	0.012048
61	49	0.018519
61	77	0.020833
61	84	0.025000
61	88	0.025641
61	109	0.029412
61	120	0.043478
61	129	0.023810
61	162	0.041667
61	174	0.029412
61	191	0.047619
61	196	0.031250
61	248	0.040000
61	284	0.045455
61	285	0.055556
61	302	0.052632
61	384	0.055556
62	4	0.014706
62	16	0.009709
62	21	0.008000
62	24	0.011494
62	28	0.014085
62	29	0.016667
62	31	0.033333
62	32	0.012346
62	34	0.008772
62	36	0.015385
62	37	0.012195
62	40	0.014085
62	41	0.012987
62	46	0.019608
62	47	0.011628
62	57	0.023810
62	59	0.018182
62	63	0.038462
62	72	0.020833
62	75	0.018519
62	84	0.025000
62	133	0.030303
62	218	0.047619
62	241	0.045455
62	319	0.052632
62	323	0.050000
62	397	0.047619
63	0	0.011494
63	2	0.010753
63	12	0.014286
63	14	0.017857
63	16	0.009709
63	17	0.006579
63	19	0.007937
63	20	0.006623
63	22	0.007194
63	25	0.010989
63	27	0.012987
63	33	0.011236
63	40	0.014085
63	44	0.015152
63	47	0.011628
63	62	0.037037
63	70	0.017241
63	99	0.022222
63	100	0.027778
63	116	0.024390
63	117	0.031250
63	126	0.045455
63	165	0.032258
63	175	0.030303
63	288	0.045455
63	307	0.052632
64	17	0.006579
64	19	0.007937
64	20	0.006623
64	22	0.007194
64	23	0.010000
64	27	0.012987
64	29	0.016667
64	30	0.027778
64	33	0.011236
64	34	0.008772
64	35	0.009009
64	36	0.015385
64	40	0.014085
64	41	0.012987
64	43	0.012658
64	52	0.018182
64	55	0.016949
64	72	0.020833
64	74	0.020833
64	91	0.023256
64	94	0.035714
64	110	0.030303
64	128	0.033333
64	139	0.033333
64	146	0.037037
64	149	0.037037
64	152	0.035714
64	182	0.047619
64	188	0.041667
64	191	0.047619
64	200	0.035714
64	202	0.038462
64	267	0.045455
64	274	0.037037
64	277	0.045455
64	287	0.055556
64	296	0.050000
64	298	0.052632
64	333	0.050000
64	337	0.050000
64	339	0.052632
64	341	0.047619
64	379	0.058824
64	380	0.058824
64	399	0.058824
64	403	0.058824
64	404	0.058824
64	410	0.058824
64	417	0.058824
64	418	0.058824
64	429	0.058824
65	0	0.011494
65	7	0.020000
65	10	0.017544
65	14	0.017857
65	15	0.014085
65	16	0.009709
65	17	0.006579
65	18	0.008000
65	20	0.006623
65	21	0.008000
65	22	0.007194
65	24	0.011494
65	29	0.016667
65	32	0.012346
65	37	0.012195
65	42	0.013699
65	44	0.015152
65	82	0.028571
65	88	0.025641
65	89	0.027778
65	97	0.025641
65	102	0.025000
65	103	0.034483
65	106	0.025000
65	108	0.035714
65	111	0.023256
65	128	0.033333
65	129	0.023810
65	130	0.040000
65	142	0.030303
65	166	0.034483
65	171	0.037037
65	181	0.041667
65	194	0.043478
65	206	0.040000
65	248	0.040000
65	252	0.052632
65	260	0.047619
65	269	0.052632
65	275	0.050000
65	285	0.055556
65	312	0.050000
65	325	0.045455
65	331	0.043478
65	332	0.055556
65	348	0.055556
65	377	0.052632
65	418	0.058824
66	4	0.014706
66	8	0.011905
66	13	0.013699
66	16	0.009709
66	17	0.006579
66	18	0.008000
66	21	0.008000
66	22	0.007194
66	24	0.011494
66	29	0.016667
66	32	0.012346
66	34	0.008772
66	38	0.015873
66	41	0.012987
66	43	0.012658
66	47	0.011628
66	56	0.024390
66	76	0.018182
66	112	0.022222
66	118	0.026316
66	119	0.027778
66	122	0.041667
66	127	0.047619
66	134	0.027027
66	138	0.031250
66	143	0.033333
66	152	0.035714
66	164	0.045455
66	176	0.029412
66	189	0.047619
66	194	0.043478
66	207	0.041667
66	281	0.047619
66	284	0.045455
66	286	0.058824
66	290	0.050000
66	335	0.047619
66	359	0.047619
67	4	0.014706
67	11	0.014286
67	12	0.014286
67	13	0.013699
67	14	0.017857
67	17	0.006579
67	18	0.008000
67	19	0.007937
67	20	0.006623
67	21	0.008000
67	22	0.007194
67	25	0.010989
67	26	0.010526
67	29	0.016667
67	51	0.013158
67	54	0.018519
67	69	0.016667
67	71	0.022222
67	76	0.018182
67	78	0.018519
67	84	0.025000
67	85	0.017544
67	87	0.028571
67	88	0.025641
67	91	0.023256
67	92	0.038462
67	96	0.030303
67	102	0.025000
67	108	0.035714
67	110	0.030303
67	127	0.047619
67	140	0.032258
67	141	0.033333
67	143	0.033333
67	153	0.032258
67	157	0.038462
67	160	0.032258
67	178	0.030303
67	179	0.035714
67	181	0.041667
67	187	0.035714
67	206	0.040000
67	212	0.035714
67	229	0.041667
67	236	0.043478
67	249	0.043478
67	253	0.055556
67	257	0.038462
67	275	0.050000
67	301	0.052632
67	312	0.050000
67	327	0.055556
67	328	0.052632
67	338	0.052632
67	351	0.058824
67	371	0.052632
67	379	0.058824
67	382	0.058824
67	387	0.050000
67	391	0.058824
67	409	0.058824
67	423	0.058824
68	0	0.011494
68	6	0.019231
68	11	0.014286
68	14	0.017857
68	17	0.006579
68	19	0.007937
68	20	0.006623
68	22	0.007194
68	26	0.010526
68	28	0.014085
68	32	0.012346
68	35	0.009009
68	36	0.015385
68	38	0.015873
68	39	0.014286
68	42	0.013699
68	59	0.018182
68	75	0.018519
68	76	0.018182
68	81	0.025641
68	90	0.031250
68	100	0.027778
68	103	0.034483
68	105	0.021277
68	113	0.022222
68	116	0.024390
68	117	0.031250
68	121	0.029412
68	122	0.041667
68	130	0.040000
68	131	0.026316
68	136	0.033333
68	137	0.034483
68	141	0.033333
68	144	0.032258
68	151	0.037037
68	156	0.043478
68	168	0.028571
68	172	0.035714
68	186	0.041667
68	190	0.050000
68	207	0.041667
68	225	0.040000
68	235	0.040000
68	240	0.041667
68	245	0.038462
68	247	0.043478
68	251	0.055556
68	263	0.035714
68	293	0.050000
68	296	0.050000
68	317	0.052632
68	319	0.052632
68	353	0.055556
68	355	0.055556
68	373	0.055556
68	413	0.058824
68	432	0.058824
69	0	0.011494
69	2	0.010753
69	3	0.015873
69	8	0.011905
69	10	0.017544
69	13	0.013699
69	17	0.006579
69	18	0.008000
69	23	0.010000
69	24	0.011494
69	29	0.016667
69	41	0.012987
69	51	0.013158
69	56	0.024390
69	58	0.021277
69	59	0.018182
69	67	0.016129
69	78	0.018519
69	79	0.015873
69	82	0.028571
69	89	0.027778
69	90	0.031250
69	92	0.038462
69	95	0.040000
69	102	0.025000
69	106	0.025000
69	114	0.032258
69	119	0.027778
69	128	0.033333
69	135	0.027027
69	152	0.035714
69	154	0.027027
69	158	0.047619
69	159	0.047619
69	165	0.032258
69	166	0.034483
69	170	0.034483
69	181	0.041667
69	182	0.047619
69	194	0.043478
69	214	0.037037
69	228	0.045455
69	245	0.038462
69	246	0.038462
69	247	0.043478
69	256	0.040000
69	257	0.038462
69	283	0.052632
69	295	0.055556
69	308	0.038462
69	324	0.050000
69	326	0.050000
69	333	0.050000
69	341	0.047619
69	360	0.052632
69	363	0.052632
69	368	0.052632
69	376	0.058824
69	389	0.055556
69	403	0.058824
70	1	0.024390
70	7	0.020000
70	17	0.006579
70	18	0.008000
70	19	0.007937
70	21	0.008000
70	22	0.007194
70	23	0.010000
70	24	0.011494
70	26	0.010526
70	34	0.008772
70	35	0.009009
70	43	0.012658
70	50	0.012821
70	52	0.018182
70	59	0.018182
70	63	0.038462
70	78	0.018519
70	80	0.022727
70	98	0.025641
70	104	0.021739
70	142	0.030303
70	145	0.032258
70	155	0.034483
70	157	0.038462
70	158	0.047619
70	161	0.029412
70	171	0.037037
70	173	0.031250
70	188	0.041667
70	189	0.047619
70	190	0.050000
70	191	0.047619
70	207	0.041667
70	211	0.041667
70	237	0.037037
70	259	0.041667
70	265	0.038462
70	274	0.037037
70	284	0.045455
70	286	0.058824
70	294	0.050000
70	310	0.041667
70	315	0.052632
70	320	0.045455
70	322	0.058824
70	346	0.055556
70	352	0.055556
70	366	0.055556
70	368	0.052632
70	373	0.055556
70	374	0.047619
70	396	0.055556
70	410	0.058824
70	411	0.058824
70	417	0.058824
70	421	0.058824
70	425	0.058824
71	1	0.024390
71	8	0.011905
71	9	0.019231
71	14	0.017857
71	16	0.009709
71	17	0.006579
71	20	0.006623
71	25	0.010989
71	28	0.014085
71	29	0.016667
71	32	0.012346
71	35	0.009009
71	42	0.013699
71	54	0.018519
71	59	0.018182
71	60	0.021277
71	67	0.016129
71	83	0.018868
71	86	0.029412
71	101	0.022727
71	114	0.032258
71	119	0.027778
71	143	0.033333
71	154	0.027027
71	156	0.043478
71	158	0.047619
71	166	0.034483
71	172	0.035714
71	179	0.035714
71	183	0.055556
71	201	0.038462
71	249	0.043478
71	257	0.038462
71	259	0.041667
71	265	0.038462
71	287	0.055556
71	288	0.045455
71	295	0.055556
71	343	0.047619
71	350	0.058824
71	364	0.052632
71	385	0.058824
71	391	0.058824
71	427	0.058824
71	429	0.058824
72	6	0.019231
72	12	0.014286
72	16	0.009709
72	19	0.007937
72	20	0.006623
72	23	0.010000
72	24	0.011494
72	34	0.008772
72	37	0.012195
72	40	0.014085
72	41	0.012987
72	44	0.015152
72	50	0.012821
72	52	0.018182
72	55	0.016949
72	62	0.037037
72	64	0.019608
72	73	0.022222
72	97	0.025641
72	109	0.029412
72	115	0.023810
72	118	0.026316
72	119	0.027778
72	122	0.041667
72	125	0.045455
72	131	0.026316
72	139	0.033333
72	169	0.034483
72	170	0.034483
72	176	0.029412
72	181	0.041667
72	205	0.043478
72	210	0.037037
72	215	0.030303
72	238	0.050000
72	244	0.043478
72	258	0.043478
72	267	0.045455
72	272	0.050000
72	295	0.055556
72	296	0.050000
72	307	0.052632
72	332	0.055556
72	344	0.050000
72	372	0.052632
72	374	0.047619
72	401	0.052632
72	415	0.058824
73	1	0.024390
73	2	0.010753
73	8	0.011905
73	13	0.013699
73	15	0.014085
73	18	0.008000
73	20	0.006623
73	21	0.008000
73	27	0.012987
73	33	0.011236
73	36	0.015385
73	41	0.012987
73	45	0.018182
73	47	0.011628
73	48	0.012048
73	51	0.013158
73	72	0.020833
73	77	0.020833
73	82	0.028571
73	94	0.035714
73	99	0.022222
73	111	0.023256
73	115	0.023810
73	124	0.031250
73	130	0.040000
73	135	0.027027
73	137	0.034483
73	142	0.030303
73	143	0.033333
73	180	0.031250
73	199	0.033333
73	201	0.038462
73	213	0.041667
73	234	0.043478
73	240	0.041667
73	315	0.052632
73	325	0.045455
73	326	0.050000
73	352	0.055556
73	364	0.052632
73	370	0.052632
73	395	0.052632
73	412	0.058824
73	420	0.058824
73	427	0.058824
74	0	0.011494
74	16	0.009709
74	24	0.011494
74	27	0.012987
74	32	0.012346
74	34	0.008772
74	35	0.009009
74	36	0.015385
74	38	0.015873
74	39	0.014286
74	40	0.014085
74	43	0.012658
74	47	0.011628
74	48	0.012048
74	50	0.012821
74	55	0.016949
74	64	0.019608
74	88	0.025641
74	92	0.038462
74	99	0.022222
74	117	0.031250
74	124	0.031250
74	129	0.023810
74	131	0.026316
74	132	0.025000
74	135	0.027027
74	137	0.034483
74	146	0.037037
74	157	0.038462
74	159	0.047619
74	162	0.041667
74	180	0.031250
74	200	0.035714
74	208	0.047619
74	214	0.037037
74	220	0.050000
74	230	0.045455
74	239	0.047619
74	244	0.043478
74	285	0.055556
74	286	0.058824
74	294	0.050000
74	316	0.055556
74	319	0.052632
74	323	0.050000
74	372	0.052632
74	374	0.047619
74	412	0.058824
75	0	0.011494
75	9	0.019231
75	12	0.014286
75	15	0.014085
75	16	0.009709
75	17	0.006579
75	18	0.008000
75	22	0.007194
75	25	0.010989
75	32	0.012346
75	33	0.011236
75	35	0.009009
75	36	0.015385
75	51	0.013158
75	60	0.021277
75	62	0.037037
75	68	0.017241
75	83	0.018868
75	85	0.017544
75	88	0.025641
75	90	0.031250
75	96	0.030303
75	108	0.035714
75	113	0.022222
75	116	0.024390
75	122	0.041667
75	125	0.045455
75	127	0.047619
75	145	0.032258
75	146	0.037037
75	153	0.032258
75	155	0.034483
75	158	0.047619
75	161	0.029412
75	169	0.034483
75	188	0.041667
75	190	0.050000
75	198	0.032258
75	199	0.033333
75	212	0.035714
75	223	0.050000
75	225	0.040000
75	243	0.041667
75	244	0.043478
75	261	0.047619
75	274	0.037037
75	305	0.050000
75	306	0.052632
75	354	0.058824
75	359	0.047619
75	363	0.052632
75	401	0.052632
75	405	0.058824
75	430	0.058824
76	11	0.014286
76	13	0.013699
76	17	0.006579
76	18	0.008000
76	22	0.007194
76	27	0.012987
76	36	0.015385
76	43	0.012658
76	51	0.013158
76	52	0.018182
76	53	0.019608
76	57	0.023810
76	58	0.021277
76	60	0.021277
76	66	0.026316
76	67	0.016129
76	68	0.017241
76	80	0.022727
76	91	0.023256
76	92	0.038462
76	93	0.040000
76	108	0.035714
76	112	0.022222
76	113	0.022222
76	116	0.024390
76	117	0.031250
76	120	0.043478
76	132	0.025000
76	136	0.033333
76	143	0.033333
76	154	0.027027
76	177	0.030303
76	193	0.041667
76	211	0.041667
76	213	0.041667
76	222	0.050000
76	237	0.037037
76	245	0.038462
76	251	0.055556
76	279	0.047619
76	290	0.050000
76	294	0.050000
76	295	0.055556
76	297	0.045455
76	302	0.052632
76	332	0.055556
76	347	0.055556
76	352	0.055556
76	359	0.047619
76	379	0.058824
76	389	0.055556
76	392	0.052632
76	402	0.050000
76	416	0.055556
76	422	0.058824
77	8	0.011905
77	11	0.014286
77	17	0.006579
77	20	0.006623
77	22	0.007194
77	23	0.010000
77	29	0.016667
77	30	0.027778
77	35	0.009009
77	41	0.012987
77	47	0.011628
77	49	0.018519
77	51	0.013158
77	54	0.018519
77	60	0.021277
77	61	0.032258
77	73	0.022222
77	91	0.023256
77	94	0.035714
77	98	0.025641
77	102	0.025000
77	103	0.034483
77	106	0.025000
77	109	0.029412
77	110	0.030303
77	114	0.032258
77	117	0.031250
77	120	0.043478
77	126	0.045455
77	128	0.033333
77	135	0.027027
77	138	0.031250
77	151	0.037037
77	163	0.033333
77	176	0.029412
77	200	0.035714
77	216	0.043478
77	225	0.040000
77	227	0.037037
77	267	0.045455
77	299	0.041667
77	313	0.050000
77	323	0.050000
77	346	0.055556
77	349	0.055556
77	355	0.055556
77	401	0.052632
77	424	0.058824
78	13	0.013699
78	16	0.009709
78	21	0.008000
78	22	0.007194
78	23	0.010000
78	25	0.010989
78	26	0.010526
78	27	0.012987
78	28	0.014085
78	33	0.011236
78	34	0.008772
78	35	0.009009
78	47	0.011628
78	54	0.018519
78	67	0.016129
78	69	0.016667
78	70	0.017241
78	79	0.015873
78	80	0.022727
78	83	0.018868
78	84	0.025000
78	86	0.029412
78	93	0.040000
78	101	0.022727
78	106	0.025000
78	108	0.035714
78	113	0.022222
78	115	0.023810
78	121	0.029412
78	125	0.045455
78	129	0.023810
78	134	0.027027
78	141	0.033333
78	151	0.037037
78	157	0.038462
78	178	0.030303
78	194	0.043478
78	198	0.032258
78	202	0.038462
78	229	0.041667
78	254	0.052632
78	265	0.038462
78	305	0.050000
78	307	0.052632
78	312	0.050000
78	338	0.052632
78	342	0.050000
78	348	0.055556
78	351	0.058824
78	368	0.052632
78	404	0.058824
78	419	0.058824
78	422	0.058824
78	430	0.058824
79	5	0.026316
79	8	0.011905
79	17	0.006579
79	18	0.008000
79	19	0.007937
79	20	0.006623
79	22	0.007194
79	25	0.010989
79	26	0.010526
79	28	0.014085
79	33	0.011236
79	47	0.011628
79	48	0.012048
79	50	0.012821
79	54	0.018519
79	69	0.016667
79	78	0.018519
79	83	0.018868
79	90	0.031250
79	97	0.025641
79	100	0.027778
79	101	0.022727
79	114	0.032258
79	131	0.026316
79	132	0.025000
79	136	0.033333
79	141	0.033333
79	151	0.037037
79	157	0.038462
79	163	0.033333
79	165	0.032258
79	172	0.035714
79	173	0.031250
79	175	0.030303
79	179	0.035714
79	180	0.031250
79	183	0.055556
79	191	0.047619
79	197	0.033333
79	214	0.037037
79	224	0.035714
79	226	0.037037
79	236	0.043478
79	247	0.043478
79	263	0.035714
79	265	0.038462
79	289	0.038462
79	292	0.041667
79	295	0.055556
79	298	0.052632
79	301	0.052632
79	307	0.052632
79	308	0.038462
79	309	0.047619
79	362	0.050000
79	378	0.050000
79	385	0.058824
79	388	0.055556
79	408	0.058824
79	412	0.058824
79	416	0.055556
79	419	0.058824
79	422	0.058824
80	2	0.010753
80	14	0.017857
80	16	0.009709
80	19	0.007937
80	21	0.008000
80	22	0.007194
80	25	0.010989
80	33	0.011236
80	35	0.009009
80	42	0.013699
80	47	0.011628
80	50	0.012821
80	54	0.018519
80	60	0.021277
80	70	0.017241
80	76	0.018182
80	78	0.018519
80	81	0.025641
80	88	0.025641
80	121	0.029412
80	122	0.041667
80	130	0.040000
80	133	0.030303
80	146	0.037037
80	165	0.032258
80	205	0.043478
80	207	0.041667
80	211	0.041667
80	254	0.052632
80	255	0.058824
80	258	0.043478
80	280	0.047619
80	301	0.052632
80	321	0.050000
80	324	0.050000
80	335	0.047619
80	362	0.050000
80	366	0.055556
80	381	0.052632
80	401	0.052632
80	407	0.055556
80	413	0.058824
80	414	0.055556
80	425	0.058824
81	4	0.014706
81	17	0.006579
81	18	0.008000
81	23	0.010000
81	24	0.011494
81	26	0.010526
81	29	0.016667
81	30	0.027778
81	32	0.012346
81	33	0.011236
81	38	0.015873
81	40	0.014085
81	50	0.012821
81	54	0.018519
81	57	0.023810
81	68	0.017241
81	80	0.022727
81	89	0.027778
81	99	0.022222
81	103	0.034483
81	105	0.021277
81	106	0.025000
81	129	0.023810
81	130	0.040000
81	138	0.031250
81	139	0.033333
81	199	0.033333
81	204	0.043478
81	209	0.034483
81	219	0.055556
81	221	0.045455
81	226	0.037037
81	244	0.043478
81	259	0.041667
81	262	0.043478
81	297	0.045455
81	329	0.047619
81	355	0.055556
81	365	0.055556
82	0	0.011494
82	1	0.024390
82	9	0.019231
82	12	0.014286
82	16	0.009709
82	17	0.006579
82	20	0.006623
82	21	0.008000
82	24	0.011494
82	39	0.014286
82	47	0.011628
82	48	0.012048
82	57	0.023810
82	59	0.018182
82	65	0.020833
82	69	0.016667
82	73	0.022222
82	106	0.025000
82	112	0.022222
82	115	0.023810
82	118	0.026316
82	128	0.033333
82	133	0.030303
82	152	0.035714
82	160	0.032258
82	164	0.045455
82	170	0.034483
82	242	0.045455
82	253	0.055556
82	300	0.052632
82	311	0.052632
82	371	0.052632
82	401	0.052632
82	407	0.055556
82	430	0.058824
83	2	0.010753
83	4	0.014706
83	11	0.014286
83	17	0.006579
83	18	0.008000
83	25	0.010989
83	26	0.010526
83	34	0.008772
83	35	0.009009
83	41	0.012987
83	48	0.012048
83	49	0.018519
83	54	0.018519
83	71	0.022222
83	75	0.018519
83	78	0.018519
83	79	0.015873
83	86	0.029412
83	91	0.023256
83	95	0.040000
83	98	0.025641
83	102	0.025000
83	104	0.021739
83	110	0.030303
83	136	0.033333
83	138	0.031250
83	139	0.033333
83	152	0.035714
83	156	0.043478
83	164	0.045455
83	172	0.035714
83	175	0.030303
83	203	0.041667
83	206	0.040000
83	210	0.037037
83	215	0.030303
83	262	0.043478
83	264	0.047619
83	270	0.041667
83	277	0.045455
83	288	0.045455
83	320	0.045455
83	321	0.050000
83	333	0.050000
83	346	0.055556
83	372	0.052632
83	376	0.058824
83	382	0.058824
83	386	0.045455
83	389	0.055556
83	407	0.055556
83	425	0.058824
83	426	0.058824
84	0	0.011494
84	2	0.010753
84	14	0.017857
84	18	0.008000
84	25	0.010989
84	29	0.016667
84	30	0.027778
84	34	0.008772
84	41	0.012987
84	46	0.019608
84	47	0.011628
84	50	0.012821
84	51	0.013158
84	61	0.032258
84	62	0.037037
84	67	0.016129
84	78	0.018519
84	90	0.031250
84	92	0.038462
84	111	0.023256
84	122	0.041667
84	138	0.031250
84	141	0.033333
84	182	0.047619
84	214	0.037037
84	218	0.047619
84	227	0.037037
84	231	0.052632
84	254	0.052632
84	264	0.047619
84	275	0.050000
84	277	0.045455
84	278	0.052632
84	310	0.041667
84	319	0.052632
84	326	0.050000
84	345	0.058824
84	357	0.047619
84	401	0.052632
84	427	0.058824
85	5	0.026316
85	11	0.014286
85	13	0.013699
85	15	0.014085
85	16	0.009709
85	17	0.006579
85	20	0.006623
85	22	0.007194
85	23	0.010000
85	25	0.010989
85	27	0.012987
85	35	0.009009
85	37	0.012195
85	55	0.016949
85	59	0.018182
85	67	0.016129
85	75	0.018519
85	89	0.027778
85	91	0.023256
85	93	0.040000
85	96	0.030303
85	100	0.027778
85	102	0.025000
85	113	0.022222
85	138	0.031250
85	147	0.033333
85	165	0.032258
85	188	0.041667
85	189	0.047619
85	192	0.037037
85	203	0.041667
85	207	0.041667
85	209	0.034483
85	213	0.041667
85	218	0.047619
85	225	0.040000
85	226	0.037037
85	231	0.052632
85	235	0.040000
85	255	0.058824
85	263	0.035714
85	267	0.045455
85	277	0.045455
85	292	0.041667
85	294	0.050000
85	313	0.050000
85	314	0.055556
85	316	0.055556
85	328	0.052632
85	330	0.052632
85	334	0.052632
85	341	0.047619
85	344	0.050000
85	360	0.052632
85	386	0.045455
85	399	0.058824
85	400	0.052632
86	8	0.011905
86	12	0.014286
86	17	0.006579
86	18	0.008000
86	20	0.006623
86	25	0.010989
86	28	0.014085
86	29	0.016667
86	34	0.008772
86	37	0.012195
86	38	0.015873
86	44	0.015152
86	49	0.018519
86	71	0.022222
86	78	0.018519
86	83	0.018868
86	87	0.028571
86	91	0.023256
86	95	0.040000
86	101	0.022727
86	102	0.025000
86	110	0.030303
86	128	0.033333
86	146	0.037037
86	192	0.037037
86	210	0.037037
86	230	0.045455
86	238	0.050000
86	272	0.050000
86	331	0.043478
86	366	0.055556
86	375	0.058824
86	379	0.058824
86	383	0.058824
87	0	0.011494
87	4	0.014706
87	7	0.020000
87	15	0.014085
87	16	0.009709
87	20	0.006623
87	29	0.016667
87	37	0.012195
87	38	0.015873
87	39	0.014286
87	43	0.012658
87	45	0.018182
87	47	0.011628
87	48	0.012048
87	52	0.018182
87	67	0.016129
87	86	0.029412
87	101	0.022727
87	118	0.026316
87	123	0.037037
87	146	0.037037
87	152	0.035714
87	156	0.043478
87	171	0.037037
87	172	0.035714
87	197	0.033333
87	249	0.043478
87	256	0.040000
87	268	0.040000
87	302	0.052632
87	319	0.052632
87	375	0.058824
87	377	0.052632
87	392	0.052632
87	410	0.058824
88	7	0.020000
88	12	0.014286
88	13	0.013699
88	16	0.009709
88	17	0.006579
88	19	0.007937
88	22	0.007194
88	26	0.010526
88	34	0.008772
88	39	0.014286
88	48	0.012048
88	61	0.032258
88	65	0.020833
88	67	0.016129
88	74	0.020833
88	75	0.018519
88	80	0.022727
88	89	0.027778
88	91	0.023256
88	92	0.038462
88	114	0.032258
88	131	0.026316
88	142	0.030303
88	149	0.037037
88	153	0.032258
88	163	0.033333
88	188	0.041667
88	202	0.038462
88	220	0.050000
88	225	0.040000
88	257	0.038462
88	275	0.050000
88	288	0.045455
88	314	0.055556
88	340	0.055556
88	361	0.047619
88	368	0.052632
88	369	0.052632
88	375	0.058824
89	1	0.024390
89	2	0.010753
89	6	0.019231
89	24	0.011494
89	26	0.010526
89	39	0.014286
89	40	0.014085
89	42	0.013699
89	43	0.012658
89	47	0.011628
89	49	0.018519
89	51	0.013158
89	65	0.020833
89	69	0.016667
89	81	0.025641
89	85	0.017544
89	88	0.025641
89	91	0.023256
89	94	0.035714
89	110	0.030303
89	116	0.024390
89	157	0.038462
89	164	0.045455
89	169	0.034483
89	199	0.033333
89	215	0.030303
89	221	0.045455
89	242	0.045455
89	256	0.040000
89	268	0.040000
89	288	0.045455
89	297	0.045455
89	301	0.052632
89	373	0.055556
89	400	0.052632
89	406	0.055556
90	0	0.011494
90	1	0.024390
90	14	0.017857
90	21	0.008000
90	24	0.011494
90	38	0.015873
90	41	0.012987
90	43	0.012658
90	45	0.018182
90	51	0.013158
90	54	0.018519
90	58	0.021277
90	68	0.017241
90	69	0.016667
90	75	0.018519
90	79	0.015873
90	84	0.025000
90	98	0.025641
90	121	0.029412
90	137	0.034483
90	152	0.035714
90	226	0.037037
90	243	0.041667
90	252	0.052632
90	253	0.055556
90	256	0.040000
90	297	0.045455
90	312	0.050000
90	352	0.055556
90	377	0.052632
90	378	0.050000
90	413	0.058824
91	8	0.011905
91	14	0.017857
91	15	0.014085
91	21	0.008000
91	25	0.010989
91	35	0.009009
91	40	0.014085
91	48	0.012048
91	64	0.019608
91	67	0.016129
91	76	0.018182
91	77	0.020833
91	83	0.018868
91	85	0.017544
91	86	0.029412
91	88	0.025641
91	89	0.027778
91	114	0.032258
91	120	0.043478
91	126	0.045455
91	136	0.033333
91	142	0.030303
91	152	0.035714
91	153	0.032258
91	170	0.034483
91	177	0.030303
91	183	0.055556
91	199	0.033333
91	219	0.055556
91	228	0.045455
91	290	0.050000
91	314	0.055556
91	323	0.050000
91	324	0.050000
91	331	0.043478
91	358	0.052632
91	360	0.052632
91	371	0.052632
91	386	0.045455
91	388	0.055556
91	389	0.055556
91	398	0.052632
91	407	0.055556
92	7	0.020000
92	20	0.006623
92	23	0.010000
92	29	0.016667
92	35	0.009009
92	40	0.014085
92	43	0.012658
92	44	0.015152
92	48	0.012048
92	51	0.013158
92	52	0.018182
92	67	0.016129
92	69	0.016667
92	74	0.020833
92	76	0.018182
92	84	0.025000
92	88	0.025641
92	102	0.025000
92	133	0.030303
92	197	0.033333
92	267	0.045455
92	327	0.055556
92	334	0.052632
92	352	0.055556
92	360	0.052632
92	399	0.058824
93	9	0.019231
93	16	0.009709
93	19	0.007937
93	22	0.007194
93	24	0.011494
93	25	0.010989
93	28	0.014085
93	34	0.008772
93	39	0.014286
93	45	0.018182
93	50	0.012821
93	54	0.018519
93	55	0.016949
93	58	0.021277
93	76	0.018182
93	78	0.018519
93	85	0.017544
93	109	0.029412
93	135	0.027027
93	182	0.047619
93	205	0.043478
93	350	0.058824
93	361	0.047619
93	392	0.052632
93	407	0.055556
94	8	0.011905
94	22	0.007194
94	24	0.011494
94	27	0.012987
94	30	0.027778
94	33	0.011236
94	35	0.009009
94	39	0.014286
94	42	0.013699
94	44	0.015152
94	46	0.019608
94	49	0.018519
94	50	0.012821
94	64	0.019608
94	73	0.022222
94	77	0.020833
94	89	0.027778
94	108	0.035714
94	111	0.023256
94	125	0.045455
94	126	0.045455
94	135	0.027027
94	165	0.032258
94	271	0.043478
94	289	0.038462
94	340	0.055556
94	358	0.052632
94	410	0.058824
95	1	0.024390
95	12	0.014286
95	16	0.009709
95	17	0.006579
95	20	0.006623
95	24	0.011494
95	32	0.012346
95	37	0.012195
95	38	0.015873
95	39	0.014286
95	44	0.015152
95	45	0.018182
95	51	0.013158
95	55	0.016949
95	69	0.016667
95	83	0.018868
95	86	0.029412
95	100	0.027778
95	107	0.026316
95	130	0.040000
95	168	0.028571
95	175	0.030303
95	294	0.050000
95	401	0.052632
95	416	0.055556
96	3	0.015873
96	8	0.011905
96	9	0.019231
96	17	0.006579
96	21	0.008000
96	22	0.007194
96	28	0.014085
96	33	0.011236
96	35	0.009009
96	41	0.012987
96	48	0.012048
96	52	0.018182
96	55	0.016949
96	67	0.016129
96	75	0.018519
96	85	0.017544
96	111	0.023256
96	120	0.043478
96	162	0.041667
96	169	0.034483
96	181	0.041667
96	189	0.047619
96	219	0.055556
96	222	0.050000
96	224	0.035714
96	259	0.041667
96	277	0.045455
96	322	0.058824
96	325	0.045455
96	397	0.047619
96	413	0.058824
96	419	0.058824
96	421	0.058824
97	0	0.011494
97	4	0.014706
97	6	0.019231
97	8	0.011905
97	12	0.014286
97	14	0.017857
97	18	0.008000
97	20	0.006623
97	21	0.008000
97	24	0.011494
97	37	0.012195
97	42	0.013699
97	47	0.011628
97	51	0.013158
97	65	0.020833
97	72	0.020833
97	79	0.015873
97	99	0.022222
97	104	0.021739
97	154	0.027027
97	198	0.032258
97	223	0.050000
97	231	0.052632
97	246	0.038462
97	267	0.045455
97	280	0.047619
97	282	0.047619
97	301	0.052632
97	304	0.050000
97	305	0.050000
97	308	0.038462
97	315	0.052632
97	333	0.050000
97	345	0.058824
97	355	0.055556
97	358	0.052632
97	387	0.050000
97	404	0.058824
97	419	0.058824
98	1	0.024390
98	2	0.010753
98	16	0.009709
98	24	0.011494
98	28	0.014085
98	41	0.012987
98	44	0.015152
98	45	0.018182
98	46	0.019608
98	49	0.018519
98	56	0.024390
98	57	0.023810
98	59	0.018182
98	70	0.017241
98	77	0.020833
98	83	0.018868
98	90	0.031250
98	101	0.022727
98	112	0.022222
98	124	0.031250
98	129	0.023810
98	137	0.034483
98	149	0.037037
98	150	0.037037
98	166	0.034483
98	211	0.041667
98	219	0.055556
98	234	0.043478
98	236	0.043478
98	237	0.037037
98	255	0.058824
98	271	0.043478
98	291	0.043478
98	315	0.052632
98	340	0.055556
98	349	0.055556
98	367	0.058824
98	377	0.052632
98	400	0.052632
99	7	0.020000
99	9	0.019231
99	15	0.014085
99	16	0.009709
99	18	0.008000
99	22	0.007194
99	23	0.010000
99	29	0.016667
99	35	0.009009
99	39	0.014286
99	51	0.013158
99	57	0.023810
99	63	0.038462
99	73	0.022222
99	74	0.020833
99	81	0.025641
99	97	0.025641
99	105	0.021277
99	114	0.032258
99	118	0.026316
99	119	0.027778
99	126	0.045455
99	135	0.027027
99	136	0.033333
99	138	0.031250
99	161	0.029412
99	162	0.041667
99	163	0.033333
99	183	0.055556
99	188	0.041667
99	201	0.038462
99	206	0.040000
99	220	0.050000
99	235	0.040000
99	236	0.043478
99	240	0.041667
99	244	0.043478
99	270	0.041667
99	276	0.045455
99	299	0.041667
99	301	0.052632
99	329	0.047619
99	395	0.052632
99	409	0.058824
99	424	0.058824
100	0	0.011494
100	1	0.024390
100	3	0.015873
100	20	0.006623
100	21	0.008000
100	34	0.008772
100	36	0.015385
100	37	0.012195
100	45	0.018182
100	46	0.019608
100	52	0.018182
100	55	0.016949
100	63	0.038462
100	68	0.017241
100	79	0.015873
100	85	0.017544
100	95	0.040000
100	105	0.021277
100	117	0.031250
100	145	0.032258
100	168	0.028571
100	220	0.050000
100	222	0.050000
100	227	0.037037
100	234	0.043478
100	268	0.040000
100	277	0.045455
100	293	0.050000
100	302	0.052632
100	309	0.047619
100	312	0.050000
100	322	0.058824
100	327	0.055556
100	385	0.058824
100	411	0.058824
100	415	0.058824
101	2	0.010753
101	4	0.014706
101	17	0.006579
101	22	0.007194
101	27	0.012987
101	28	0.014085
101	32	0.012346
101	34	0.008772
101	36	0.015385
101	48	0.012048
101	57	0.023810
101	71	0.022222
101	78	0.018519
101	79	0.015873
101	86	0.029412
101	87	0.028571
101	98	0.025641
101	104	0.021739
101	117	0.031250
101	140	0.032258
101	147	0.033333
101	154	0.027027
101	164	0.045455
101	168	0.028571
101	169	0.034483
101	200	0.035714
101	206	0.040000
101	229	0.041667
101	230	0.045455
101	244	0.043478
101	249	0.043478
101	250	0.043478
101	269	0.052632
101	284	0.045455
101	301	0.052632
101	318	0.055556
101	351	0.058824
101	355	0.055556
101	376	0.058824
101	383	0.058824
101	392	0.052632
101	395	0.052632
101	402	0.050000
101	432	0.058824
102	2	0.010753
102	11	0.014286
102	19	0.007937
102	20	0.006623
102	27	0.012987
102	34	0.008772
102	40	0.014085
102	50	0.012821
102	52	0.018182
102	65	0.020833
102	67	0.016129
102	69	0.016667
102	77	0.020833
102	83	0.018868
102	85	0.017544
102	86	0.029412
102	92	0.038462
102	148	0.032258
102	150	0.037037
102	154	0.027027
102	158	0.047619
102	176	0.029412
102	178	0.030303
102	196	0.031250
102	249	0.043478
102	259	0.041667
102	262	0.043478
102	274	0.037037
102	277	0.045455
102	280	0.047619
102	287	0.055556
102	293	0.050000
102	302	0.052632
102	306	0.052632
102	331	0.043478
102	362	0.050000
102	383	0.058824
102	389	0.055556
102	408	0.058824
102	431	0.058824
103	6	0.019231
103	9	0.019231
103	11	0.014286
103	12	0.014286
103	15	0.014085
103	16	0.009709
103	19	0.007937
103	20	0.006623
103	38	0.015873
103	42	0.013699
103	50	0.012821
103	65	0.020833
103	68	0.017241
103	77	0.020833
103	81	0.025641
103	127	0.047619
103	192	0.037037
103	195	0.041667
103	203	0.041667
103	213	0.041667
103	220	0.050000
103	234	0.043478
103	266	0.047619
103	287	0.055556
103	289	0.038462
103	292	0.041667
103	388	0.055556
103	389	0.055556
103	396	0.055556
104	15	0.014085
104	17	0.006579
104	19	0.007937
104	20	0.006623
104	22	0.007194
104	23	0.010000
104	34	0.008772
104	35	0.009009
104	43	0.012658
104	44	0.015152
104	47	0.011628
104	48	0.012048
104	55	0.016949
104	70	0.017241
104	83	0.018868
104	97	0.025641
104	101	0.022727
104	127	0.047619
104	136	0.033333
104	144	0.032258
104	156	0.043478
104	167	0.038462
104	179	0.035714
104	193	0.041667
104	195	0.041667
104	202	0.038462
104	221	0.045455
104	241	0.045455
104	243	0.041667
104	250	0.043478
104	271	0.043478
104	273	0.047619
104	279	0.047619
104	297	0.045455
104	311	0.052632
104	326	0.050000
104	328	0.052632
104	337	0.050000
104	360	0.052632
104	372	0.052632
104	374	0.047619
104	383	0.058824
104	391	0.058824
104	418	0.058824
104	422	0.058824
104	423	0.058824
105	0	0.011494
105	8	0.011905
105	17	0.006579
105	18	0.008000
105	20	0.006623
105	32	0.012346
105	33	0.011236
105	34	0.008772
105	37	0.012195
105	50	0.012821
105	52	0.018182
105	60	0.021277
105	68	0.017241
105	81	0.025641
105	99	0.022222
105	100	0.027778
105	108	0.035714
105	110	0.030303
105	113	0.022222
105	121	0.029412
105	136	0.033333
105	137	0.034483
105	138	0.031250
105	140	0.032258
105	147	0.033333
105	168	0.028571
105	169	0.034483
105	188	0.041667
105	204	0.043478
105	212	0.035714
105	215	0.030303
105	222	0.050000
105	235	0.040000
105	239	0.047619
105	243	0.041667
105	259	0.041667
105	277	0.045455
105	279	0.047619
105	287	0.055556
105	290	0.050000
105	292	0.041667
105	300	0.052632
105	327	0.055556
105	331	0.043478
105	336	0.052632
105	357	0.047619
105	376	0.058824
106	0	0.011494
106	6	0.019231
106	17	0.006579
106	18	0.008000
106	21	0.008000
106	33	0.011236
106	37	0.012195
106	39	0.014286
106	44	0.015152
106	47	0.011628
106	51	0.013158
106	65	0.020833
106	69	0.016667
106	77	0.020833
106	78	0.018519
106	81	0.025641
106	82	0.028571
106	110	0.030303
106	129	0.023810
106	137	0.034483
106	141	0.033333
106	151	0.037037
106	174	0.029412
106	178	0.030303
106	184	0.035714
106	185	0.028571
106	211	0.041667
106	226	0.037037
106	231	0.052632
106	276	0.045455
106	280	0.047619
106	286	0.058824
106	293	0.050000
106	308	0.038462
106	312	0.050000
106	331	0.043478
106	335	0.047619
106	338	0.052632
106	374	0.047619
106	382	0.058824
107	0	0.011494
107	1	0.024390
107	3	0.015873
107	6	0.019231
107	16	0.009709
107	17	0.006579
107	18	0.008000
107	19	0.007937
107	22	0.007194
107	25	0.010989
107	27	0.012987
107	32	0.012346
107	33	0.011236
107	37	0.012195
107	52	0.018182
107	95	0.040000
107	116	0.024390
107	117	0.031250
107	130	0.040000
107	139	0.033333
107	151	0.037037
107	166	0.034483
107	185	0.028571
107	197	0.033333
107	216	0.043478
107	217	0.038462
107	239	0.047619
107	260	0.047619
107	267	0.045455
107	286	0.058824
107	305	0.050000
107	339	0.052632
107	344	0.050000
107	348	0.055556
107	357	0.047619
107	392	0.052632
107	407	0.055556
107	425	0.058824
108	3	0.015873
108	14	0.017857
108	17	0.006579
108	19	0.007937
108	20	0.006623
108	27	0.012987
108	33	0.011236
108	35	0.009009
108	37	0.012195
108	39	0.014286
108	65	0.020833
108	67	0.016129
108	75	0.018519
108	76	0.018182
108	78	0.018519
108	94	0.035714
108	105	0.021277
108	130	0.040000
108	141	0.033333
108	170	0.034483
108	182	0.047619
108	184	0.035714
108	264	0.047619
108	266	0.047619
108	293	0.050000
108	316	0.055556
108	386	0.045455
108	407	0.055556
109	9	0.019231
109	10	0.017544
109	14	0.017857
109	17	0.006579
109	20	0.006623
109	23	0.010000
109	24	0.011494
109	25	0.010989
109	26	0.010526
109	37	0.012195
109	39	0.014286
109	49	0.018519
109	59	0.018182
109	61	0.032258
109	72	0.020833
109	77	0.020833
109	93	0.040000
109	129	0.023810
109	133	0.030303
109	160	0.032258
109	161	0.029412
109	175	0.030303
109	204	0.043478
109	212	0.035714
109	216	0.043478
109	218	0.047619
109	229	0.041667
109	238	0.050000
109	240	0.041667
109	294	0.050000
109	304	0.050000
109	343	0.047619
109	368	0.052632
109	403	0.058824
110	6	0.019231
110	8	0.011905
110	23	0.010000
110	35	0.009009
110	42	0.013699
110	49	0.018519
110	54	0.018519
110	56	0.024390
110	64	0.019608
110	67	0.016129
110	77	0.020833
110	83	0.018868
110	86	0.029412
110	89	0.027778
110	105	0.021277
110	106	0.025000
110	114	0.032258
110	135	0.027027
110	164	0.045455
110	166	0.034483
110	194	0.043478
110	199	0.033333
110	236	0.043478
110	252	0.052632
110	262	0.043478
110	291	0.043478
110	322	0.058824
110	346	0.055556
110	348	0.055556
110	389	0.055556
110	394	0.058824
110	409	0.058824
110	423	0.058824
111	0	0.011494
111	10	0.017544
111	11	0.014286
111	19	0.007937
111	21	0.008000
111	23	0.010000
111	28	0.014085
111	46	0.019608
111	48	0.012048
111	49	0.018519
111	50	0.012821
111	51	0.013158
111	65	0.020833
111	73	0.022222
111	84	0.025000
111	94	0.035714
111	96	0.030303
111	114	0.032258
111	118	0.026316
111	121	0.029412
111	132	0.025000
111	140	0.032258
111	148	0.032258
111	175	0.030303
111	183	0.055556
111	184	0.035714
111	188	0.041667
111	191	0.047619
111	220	0.050000
111	254	0.052632
111	256	0.040000
111	273	0.047619
111	295	0.055556
111	307	0.052632
111	312	0.050000
111	343	0.047619
111	354	0.058824
111	358	0.052632
111	398	0.052632
111	410	0.058824
111	425	0.058824
111	428	0.058824
111	432	0.058824
112	2	0.010753
112	7	0.020000
112	8	0.011905
112	9	0.019231
112	16	0.009709
112	18	0.008000
112	19	0.007937
112	23	0.010000
112	32	0.012346
112	35	0.009009
112	37	0.012195
112	51	0.013158
112	58	0.021277
112	66	0.026316
112	76	0.018182
112	82	0.028571
112	98	0.025641
112	115	0.023810
112	116	0.024390
112	124	0.031250
112	131	0.026316
112	150	0.037037
112	158	0.047619
112	176	0.029412
112	177	0.030303
112	184	0.035714
112	190	0.050000
112	194	0.043478
112	209	0.034483
112	225	0.040000
112	231	0.052632
112	233	0.043478
112	235	0.040000
112	249	0.043478
112	269	0.052632
112	272	0.050000
112	280	0.047619
112	304	0.050000
112	325	0.045455
112	338	0.052632
112	356	0.055556
112	368	0.052632
112	378	0.050000
112	388	0.055556
112	394	0.058824
113	2	0.010753
113	8	0.011905
113	14	0.017857
113	19	0.007937
113	20	0.006623
113	25	0.010989
113	33	0.011236
113	34	0.008772
113	42	0.013699
113	45	0.018182
113	54	0.018519
113	68	0.017241
113	75	0.018519
113	76	0.018182
113	78	0.018519
113	85	0.017544
113	105	0.021277
113	115	0.023810
113	121	0.029412
113	125	0.045455
113	129	0.023810
113	150	0.037037
113	153	0.032258
113	154	0.027027
113	168	0.028571
113	169	0.034483
113	174	0.029412
113	182	0.047619
113	185	0.028571
113	194	0.043478
113	218	0.047619
113	226	0.037037
113	243	0.041667
113	266	0.047619
113	272	0.050000
113	297	0.045455
113	320	0.045455
113	351	0.058824
113	353	0.055556
113	356	0.055556
113	380	0.058824
113	384	0.055556
113	385	0.058824
113	387	0.050000
113	408	0.058824
114	5	0.026316
114	17	0.006579
114	19	0.007937
114	28	0.014085
114	34	0.008772
114	35	0.009009
114	57	0.023810
114	58	0.021277
114	69	0.016667
114	71	0.022222
114	77	0.020833
114	79	0.015873
114	88	0.025641
114	91	0.023256
114	99	0.022222
114	110	0.030303
114	111	0.023256
114	130	0.040000
114	138	0.031250
114	181	0.041667
114	184	0.035714
114	212	0.035714
114	254	0.052632
114	275	0.050000
114	363	0.052632
114	402	0.050000
114	405	0.058824
114	409	0.058824
114	414	0.055556
114	421	0.058824
114	427	0.058824
115	4	0.014706
115	5	0.026316
115	13	0.013699
115	18	0.008000
115	19	0.007937
115	20	0.006623
115	21	0.008000
115	34	0.008772
115	40	0.014085
115	47	0.011628
115	56	0.024390
115	72	0.020833
115	73	0.022222
115	78	0.018519
115	82	0.028571
115	112	0.022222
115	113	0.022222
115	118	0.026316
115	124	0.031250
115	126	0.045455
115	128	0.033333
115	130	0.040000
115	137	0.034483
115	158	0.047619
115	178	0.030303
115	180	0.031250
115	201	0.038462
115	215	0.030303
115	217	0.038462
115	219	0.055556
115	223	0.050000
115	229	0.041667
115	274	0.037037
115	297	0.045455
115	312	0.050000
115	339	0.052632
115	375	0.058824
115	376	0.058824
115	401	0.052632
115	405	0.058824
115	416	0.055556
115	419	0.058824
116	10	0.017544
116	15	0.014085
116	17	0.006579
116	24	0.011494
116	29	0.016667
116	35	0.009009
116	40	0.014085
116	54	0.018519
116	55	0.016949
116	58	0.021277
116	63	0.038462
116	68	0.017241
116	75	0.018519
116	76	0.018182
116	89	0.027778
116	107	0.026316
116	112	0.022222
116	119	0.027778
116	123	0.037037
116	124	0.031250
116	131	0.026316
116	148	0.032258
116	163	0.033333
116	177	0.030303
116	180	0.031250
116	192	0.037037
116	219	0.055556
116	222	0.050000
116	231	0.052632
116	287	0.055556
116	295	0.055556
116	303	0.041667
116	317	0.052632
116	320	0.045455
116	331	0.043478
116	337	0.050000
116	339	0.052632
116	343	0.047619
116	348	0.055556
116	392	0.052632
116	396	0.055556
117	12	0.014286
117	13	0.013699
117	15	0.014085
117	18	0.008000
117	22	0.007194
117	39	0.014286
117	46	0.019608
117	51	0.013158
117	55	0.016949
117	63	0.038462
117	68	0.017241
117	74	0.020833
117	76	0.018182
117	77	0.020833
117	100	0.027778
117	101	0.022727
117	107	0.026316
117	118	0.026316
117	119	0.027778
117	128	0.033333
117	129	0.023810
117	136	0.033333
117	200	0.035714
117	207	0.041667
117	209	0.034483
117	311	0.052632
117	361	0.047619
117	364	0.052632
117	373	0.055556
117	375	0.058824
117	418	0.058824
117	431	0.058824
118	2	0.010753
118	6	0.019231
118	20	0.006623
118	21	0.008000
118	39	0.014286
118	40	0.014085
118	56	0.024390
118	57	0.023810
118	66	0.026316
118	72	0.020833
118	82	0.028571
118	87	0.028571
118	99	0.022222
118	111	0.023256
118	115	0.023810
118	117	0.031250
118	121	0.029412
118	143	0.033333
118	187	0.035714
118	197	0.033333
118	206	0.040000
118	210	0.037037
118	216	0.043478
118	234	0.043478
118	247	0.043478
118	256	0.040000
118	258	0.043478
118	270	0.041667
118	287	0.055556
118	288	0.045455
118	289	0.038462
118	334	0.052632
118	345	0.058824
118	353	0.055556
118	354	0.058824
118	366	0.055556
118	418	0.058824
118	430	0.058824
119	4	0.014706
119	11	0.014286
119	16	0.009709
119	18	0.008000
119	19	0.007937
119	23	0.010000
119	26	0.010526
119	35	0.009009
119	53	0.019608
119	55	0.016949
119	66	0.026316
119	69	0.016667
119	71	0.022222
119	72	0.020833
119	99	0.022222
119	116	0.024390
119	117	0.031250
119	122	0.041667
119	123	0.037037
119	127	0.047619
119	137	0.034483
119	152	0.035714
119	169	0.034483
119	176	0.029412
119	185	0.028571
119	187	0.035714
119	236	0.043478
119	241	0.045455
119	252	0.052632
119	259	0.041667
119	264	0.047619
119	288	0.045455
119	314	0.055556
119	340	0.055556
119	370	0.052632
119	383	0.058824
120	0	0.011494
120	3	0.015873
120	11	0.014286
120	13	0.013699
120	16	0.009709
120	21	0.008000
120	25	0.010989
120	33	0.011236
120	34	0.008772
120	35	0.009009
120	49	0.018519
120	50	0.012821
120	61	0.032258
120	76	0.018182
120	77	0.020833
120	91	0.023256
120	96	0.030303
120	149	0.037037
120	214	0.037037
120	222	0.050000
120	251	0.055556
120	256	0.040000
120	278	0.052632
121	2	0.010753
121	15	0.014085
121	18	0.008000
121	19	0.007937
121	20	0.006623
121	32	0.012346
121	41	0.012987
121	47	0.011628
121	58	0.021277
121	68	0.017241
121	78	0.018519
121	80	0.022727
121	90	0.031250
121	105	0.021277
121	111	0.023256
121	113	0.022222
121	118	0.026316
121	133	0.030303
121	157	0.038462
121	171	0.037037
121	198	0.032258
121	214	0.037037
121	217	0.038462
121	221	0.045455
121	234	0.043478
121	267	0.045455
121	276	0.045455
121	296	0.050000
121	318	0.055556
121	376	0.058824
121	378	0.050000
121	380	0.058824
121	400	0.052632
121	420	0.058824
122	3	0.015873
122	7	0.020000
122	12	0.014286
122	17	0.006579
122	34	0.008772
122	44	0.015152
122	47	0.011628
122	48	0.012048
122	56	0.024390
122	57	0.023810
122	66	0.026316
122	68	0.017241
122	72	0.020833
122	75	0.018519
122	80	0.022727
122	84	0.025000
122	119	0.027778
122	124	0.031250
122	148	0.032258
122	154	0.027027
122	194	0.043478
122	220	0.050000
122	243	0.041667
122	289	0.038462
123	11	0.014286
123	17	0.006579
123	20	0.006623
123	21	0.008000
123	24	0.011494
123	25	0.010989
123	26	0.010526
123	27	0.012987
123	31	0.033333
123	32	0.012346
123	42	0.013699
123	47	0.011628
123	55	0.016949
123	59	0.018182
123	87	0.028571
123	116	0.024390
123	119	0.027778
123	127	0.047619
123	171	0.037037
123	184	0.035714
123	219	0.055556
123	260	0.047619
123	279	0.047619
123	301	0.052632
123	320	0.045455
123	327	0.055556
123	397	0.047619
124	16	0.009709
124	17	0.006579
124	21	0.008000
124	22	0.007194
124	25	0.010989
124	28	0.014085
124	38	0.015873
124	41	0.012987
124	43	0.012658
124	58	0.021277
124	73	0.022222
124	74	0.020833
124	98	0.025641
124	112	0.022222
124	115	0.023810
124	116	0.024390
124	122	0.041667
124	130	0.040000
124	135	0.027027
124	141	0.033333
124	142	0.030303
124	149	0.037037
124	196	0.031250
124	208	0.047619
124	213	0.041667
124	214	0.037037
124	229	0.041667
124	269	0.052632
124	303	0.041667
124	308	0.038462
124	353	0.055556
124	416	0.055556
125	6	0.019231
125	10	0.017544
125	12	0.014286
125	13	0.013699
125	25	0.010989
125	26	0.010526
125	27	0.012987
125	35	0.009009
125	42	0.013699
125	47	0.011628
125	51	0.013158
125	53	0.019608
125	72	0.020833
125	75	0.018519
125	78	0.018519
125	94	0.035714
125	113	0.022222
125	155	0.034483
125	174	0.029412
125	198	0.032258
125	360	0.052632
125	370	0.052632
126	0	0.011494
126	3	0.015873
126	7	0.020000
126	17	0.006579
126	18	0.008000
126	21	0.008000
126	36	0.015385
126	47	0.011628
126	48	0.012048
126	53	0.019608
126	54	0.018519
126	63	0.038462
126	77	0.020833
126	91	0.023256
126	94	0.035714
126	99	0.022222
126	115	0.023810
126	151	0.037037
126	186	0.041667
126	255	0.058824
126	285	0.055556
126	333	0.050000
127	4	0.014706
127	9	0.019231
127	17	0.006579
127	23	0.010000
127	26	0.010526
127	35	0.009009
127	43	0.012658
127	47	0.011628
127	57	0.023810
127	66	0.026316
127	67	0.016129
127	75	0.018519
127	103	0.034483
127	104	0.021739
127	119	0.027778
127	123	0.037037
127	167	0.038462
127	261	0.047619
127	270	0.041667
127	290	0.050000
127	303	0.041667
128	2	0.010753
128	18	0.008000
128	21	0.008000
128	31	0.033333
128	32	0.012346
128	38	0.015873
128	46	0.019608
128	47	0.011628
128	60	0.021277
128	64	0.019608
128	65	0.020833
128	69	0.016667
128	77	0.020833
128	82	0.028571
128	86	0.029412
128	115	0.023810
128	117	0.031250
128	132	0.025000
128	142	0.030303
128	155	0.034483
128	181	0.041667
128	186	0.041667
128	216	0.043478
128	224	0.035714
128	263	0.035714
128	302	0.052632
128	326	0.050000
128	361	0.047619
128	420	0.058824
128	431	0.058824
129	15	0.014085
129	22	0.007194
129	24	0.011494
129	39	0.014286
129	42	0.013699
129	45	0.018182
129	61	0.032258
129	65	0.020833
129	74	0.020833
129	78	0.018519
129	81	0.025641
129	98	0.025641
129	106	0.025000
129	109	0.029412
129	113	0.022222
129	117	0.031250
129	155	0.034483
129	164	0.045455
129	173	0.031250
129	174	0.029412
129	175	0.030303
129	176	0.029412
129	179	0.035714
129	180	0.031250
129	186	0.041667
129	199	0.033333
129	211	0.041667
129	228	0.045455
129	230	0.045455
129	233	0.043478
129	251	0.055556
129	258	0.043478
129	268	0.040000
129	306	0.052632
129	319	0.052632
129	354	0.058824
129	360	0.052632
129	362	0.050000
129	370	0.052632
129	380	0.058824
129	391	0.058824
129	412	0.058824
130	3	0.015873
130	11	0.014286
130	17	0.006579
130	27	0.012987
130	37	0.012195
130	54	0.018519
130	65	0.020833
130	68	0.017241
130	73	0.022222
130	80	0.022727
130	81	0.025641
130	95	0.040000
130	107	0.026316
130	108	0.035714
130	114	0.032258
130	115	0.023810
130	124	0.031250
130	142	0.030303
130	179	0.035714
130	183	0.055556
130	246	0.038462
130	324	0.050000
130	338	0.052632
130	402	0.050000
130	403	0.058824
131	0	0.011494
131	2	0.010753
131	9	0.019231
131	14	0.017857
131	23	0.010000
131	26	0.010526
131	40	0.014085
131	50	0.012821
131	51	0.013158
131	60	0.021277
131	68	0.017241
131	72	0.020833
131	74	0.020833
131	79	0.015873
131	88	0.025641
131	112	0.022222
131	116	0.024390
131	141	0.033333
131	143	0.033333
131	145	0.032258
131	151	0.037037
131	155	0.034483
131	160	0.032258
131	163	0.033333
131	170	0.034483
131	172	0.035714
131	173	0.031250
131	204	0.043478
131	210	0.037037
131	232	0.031250
131	233	0.043478
131	245	0.038462
131	249	0.043478
131	311	0.052632
131	316	0.055556
131	325	0.045455
131	400	0.052632
131	430	0.058824
132	9	0.019231
132	10	0.017544
132	11	0.014286
132	17	0.006579
132	19	0.007937
132	24	0.011494
132	26	0.010526
132	29	0.016667
132	30	0.027778
132	31	0.033333
132	35	0.009009
132	39	0.014286
132	74	0.020833
132	76	0.018182
132	79	0.015873
132	111	0.023256
132	128	0.033333
132	138	0.031250
132	144	0.032258
132	161	0.029412
132	162	0.041667
132	178	0.030303
132	186	0.041667
132	191	0.047619
132	218	0.047619
132	221	0.045455
132	240	0.041667
132	246	0.038462
132	247	0.043478
132	262	0.043478
132	288	0.045455
132	298	0.052632
132	311	0.052632
132	322	0.058824
132	323	0.050000
132	341	0.047619
132	370	0.052632
132	382	0.058824
132	389	0.055556
132	421	0.058824
133	0	0.011494
133	1	0.024390
133	5	0.026316
133	8	0.011905
133	18	0.008000
133	22	0.007194
133	24	0.011494
133	25	0.010989
133	27	0.012987
133	29	0.016667
133	48	0.012048
133	62	0.037037
133	80	0.022727
133	82	0.028571
133	92	0.038462
133	109	0.029412
133	121	0.029412
133	148	0.032258
133	156	0.043478
133	203	0.041667
133	208	0.047619
133	216	0.043478
133	218	0.047619
133	285	0.055556
133	321	0.050000
133	334	0.052632
133	360	0.052632
133	368	0.052632
133	379	0.058824
133	407	0.055556
133	418	0.058824
133	421	0.058824
133	426	0.058824
134	4	0.014706
134	8	0.011905
134	10	0.017544
134	13	0.013699
134	17	0.006579
134	18	0.008000
134	20	0.006623
134	21	0.008000
134	24	0.011494
134	26	0.010526
134	33	0.011236
134	41	0.012987
134	49	0.018519
134	51	0.013158
134	58	0.021277
134	66	0.026316
134	78	0.018519
134	140	0.032258
134	147	0.033333
134	150	0.037037
134	155	0.034483
134	158	0.047619
134	197	0.033333
134	213	0.041667
134	232	0.031250
134	250	0.043478
134	266	0.047619
134	274	0.037037
134	291	0.043478
134	300	0.052632
134	311	0.052632
134	313	0.050000
134	338	0.052632
134	356	0.055556
134	384	0.055556
134	407	0.055556
134	416	0.055556
135	0	0.011494
135	3	0.015873
135	20	0.006623
135	23	0.010000
135	26	0.010526
135	27	0.012987
135	39	0.014286
135	49	0.018519
135	69	0.016667
135	73	0.022222
135	74	0.020833
135	77	0.020833
135	93	0.040000
135	94	0.035714
135	99	0.022222
135	110	0.030303
135	124	0.031250
135	137	0.034483
135	150	0.037037
135	158	0.047619
135	159	0.047619
135	185	0.028571
135	205	0.043478
135	228	0.045455
135	253	0.055556
135	268	0.040000
135	286	0.058824
135	291	0.043478
135	312	0.050000
135	319	0.052632
135	322	0.058824
135	335	0.047619
135	336	0.052632
135	343	0.047619
135	348	0.055556
135	351	0.058824
135	357	0.047619
136	3	0.015873
136	12	0.014286
136	13	0.013699
136	21	0.008000
136	28	0.014085
136	49	0.018519
136	54	0.018519
136	60	0.021277
136	68	0.017241
136	76	0.018182
136	79	0.015873
136	83	0.018868
136	91	0.023256
136	99	0.022222
136	104	0.021739
136	105	0.021277
136	117	0.031250
136	137	0.034483
136	138	0.031250
136	147	0.033333
136	148	0.032258
136	160	0.032258
136	173	0.031250
136	210	0.037037
136	231	0.052632
136	283	0.052632
136	292	0.041667
136	313	0.050000
136	417	0.058824
136	432	0.058824
137	18	0.008000
137	25	0.010989
137	26	0.010526
137	34	0.008772
137	56	0.024390
137	68	0.017241
137	73	0.022222
137	74	0.020833
137	90	0.031250
137	98	0.025641
137	105	0.021277
137	106	0.025000
137	115	0.023810
137	119	0.027778
137	135	0.027027
137	136	0.033333
137	140	0.032258
137	146	0.037037
137	160	0.032258
137	171	0.037037
137	194	0.043478
137	243	0.041667
137	244	0.043478
137	296	0.050000
137	319	0.052632
137	326	0.050000
137	330	0.052632
137	352	0.055556
137	376	0.058824
138	1	0.024390
138	2	0.010753
138	16	0.009709
138	34	0.008772
138	35	0.009009
138	41	0.012987
138	66	0.026316
138	77	0.020833
138	81	0.025641
138	83	0.018868
138	84	0.025000
138	85	0.017544
138	99	0.022222
138	105	0.021277
138	114	0.032258
138	132	0.025000
138	136	0.033333
138	160	0.032258
138	186	0.041667
138	224	0.035714
138	245	0.038462
138	259	0.041667
138	261	0.047619
138	273	0.047619
138	280	0.047619
138	327	0.055556
138	332	0.055556
138	335	0.047619
138	338	0.052632
138	397	0.047619
138	409	0.058824
138	415	0.058824
139	16	0.009709
139	18	0.008000
139	21	0.008000
139	32	0.012346
139	33	0.011236
139	40	0.014085
139	43	0.012658
139	45	0.018182
139	48	0.012048
139	54	0.018519
139	58	0.021277
139	59	0.018182
139	64	0.019608
139	72	0.020833
139	81	0.025641
139	83	0.018868
139	107	0.026316
139	156	0.043478
139	173	0.031250
139	180	0.031250
139	193	0.041667
139	208	0.047619
139	217	0.038462
139	242	0.045455
139	258	0.043478
139	277	0.045455
139	287	0.055556
139	303	0.041667
139	342	0.050000
139	375	0.058824
140	4	0.014706
140	8	0.011905
140	12	0.014286
140	14	0.017857
140	17	0.006579
140	21	0.008000
140	25	0.010989
140	33	0.011236
140	47	0.011628
140	53	0.019608
140	60	0.021277
140	67	0.016129
140	101	0.022727
140	105	0.021277
140	111	0.023256
140	134	0.027027
140	137	0.034483
140	170	0.034483
140	176	0.029412
140	204	0.043478
140	231	0.052632
140	250	0.043478
140	268	0.040000
140	272	0.050000
140	291	0.043478
140	292	0.041667
140	295	0.055556
140	296	0.050000
140	309	0.047619
140	319	0.052632
140	380	0.058824
141	18	0.008000
141	24	0.011494
141	25	0.010989
141	29	0.016667
141	35	0.009009
141	36	0.015385
141	51	0.013158
141	59	0.018182
141	67	0.016129
141	68	0.017241
141	78	0.018519
141	79	0.015873
141	84	0.025000
141	106	0.025000
141	108	0.035714
141	124	0.031250
141	131	0.026316
141	158	0.047619
141	180	0.031250
141	203	0.041667
141	233	0.043478
141	273	0.047619
141	287	0.055556
141	289	0.038462
141	338	0.052632
141	368	0.052632
141	393	0.052632
141	419	0.058824
141	421	0.058824
141	426	0.058824
142	11	0.014286
142	19	0.007937
142	31	0.033333
142	33	0.011236
142	35	0.009009
142	39	0.014286
142	42	0.013699
142	46	0.019608
142	57	0.023810
142	65	0.020833
142	70	0.017241
142	73	0.022222
142	88	0.025641
142	91	0.023256
142	124	0.031250
142	128	0.033333
142	130	0.040000
142	166	0.034483
142	187	0.035714
142	199	0.033333
142	213	0.041667
142	223	0.050000
142	250	0.043478
142	262	0.043478
142	281	0.047619
142	313	0.050000
142	317	0.052632
142	355	0.055556
142	366	0.055556
142	378	0.050000
142	428	0.058824
142	429	0.058824
142	432	0.058824
143	14	0.017857
143	16	0.009709
143	17	0.006579
143	20	0.006623
143	21	0.008000
143	23	0.010000
143	34	0.008772
143	38	0.015873
143	39	0.014286
143	54	0.018519
143	66	0.026316
143	67	0.016129
143	71	0.022222
143	73	0.022222
143	76	0.018182
143	118	0.026316
143	131	0.026316
143	146	0.037037
143	161	0.029412
143	210	0.037037
143	220	0.050000
143	245	0.038462
143	277	0.045455
143	285	0.055556
143	297	0.045455
143	318	0.055556
143	332	0.055556
143	336	0.052632
143	408	0.058824
143	413	0.058824
144	2	0.010753
144	7	0.020000
144	13	0.013699
144	18	0.008000
144	19	0.007937
144	22	0.007194
144	25	0.010989
144	33	0.011236
144	34	0.008772
144	35	0.009009
144	36	0.015385
144	39	0.014286
144	47	0.011628
144	55	0.016949
144	68	0.017241
144	104	0.021739
144	132	0.025000
144	200	0.035714
144	217	0.038462
144	221	0.045455
144	230	0.045455
144	256	0.040000
144	263	0.035714
144	271	0.043478
144	296	0.050000
144	319	0.052632
144	326	0.050000
144	343	0.047619
144	351	0.058824
144	361	0.047619
144	378	0.050000
145	6	0.019231
145	10	0.017544
145	14	0.017857
145	15	0.014085
145	16	0.009709
145	18	0.008000
145	28	0.014085
145	32	0.012346
145	35	0.009009
145	37	0.012195
145	43	0.012658
145	50	0.012821
145	70	0.017241
145	75	0.018519
145	100	0.027778
145	131	0.026316
145	146	0.037037
145	187	0.035714
145	189	0.047619
145	190	0.050000
145	225	0.040000
145	251	0.055556
145	255	0.058824
145	261	0.047619
145	262	0.043478
145	282	0.047619
145	309	0.047619
145	337	0.050000
145	381	0.052632
145	391	0.058824
145	410	0.058824
146	13	0.013699
146	14	0.017857
146	16	0.009709
146	17	0.006579
146	28	0.014085
146	38	0.015873
146	43	0.012658
146	53	0.019608
146	64	0.019608
146	74	0.020833
146	75	0.018519
146	80	0.022727
146	86	0.029412
146	87	0.028571
146	137	0.034483
146	143	0.033333
146	145	0.032258
146	170	0.034483
146	186	0.041667
146	195	0.041667
146	230	0.045455
146	247	0.043478
146	290	0.050000
146	361	0.047619
146	366	0.055556
146	429	0.058824
146	430	0.058824
147	0	0.011494
147	6	0.019231
147	10	0.017544
147	19	0.007937
147	24	0.011494
147	25	0.010989
147	26	0.010526
147	30	0.027778
147	43	0.012658
147	44	0.015152
147	52	0.018182
147	59	0.018182
147	85	0.017544
147	101	0.022727
147	105	0.021277
147	134	0.027027
147	136	0.033333
147	169	0.034483
147	173	0.031250
147	189	0.047619
147	200	0.035714
147	205	0.043478
147	235	0.040000
147	280	0.047619
147	336	0.052632
147	342	0.050000
147	357	0.047619
147	393	0.052632
147	416	0.055556
147	419	0.058824
148	0	0.011494
148	5	0.026316
148	14	0.017857
148	20	0.006623
148	25	0.010989
148	27	0.012987
148	28	0.014085
148	33	0.011236
148	37	0.012195
148	39	0.014286
148	47	0.011628
148	102	0.025000
148	111	0.023256
148	116	0.024390
148	122	0.041667
148	133	0.030303
148	136	0.033333
148	168	0.028571
148	191	0.047619
148	203	0.041667
148	232	0.031250
148	251	0.055556
148	253	0.055556
148	267	0.045455
148	306	0.052632
148	358	0.052632
148	373	0.055556
148	374	0.047619
148	377	0.052632
148	380	0.058824
148	388	0.055556
149	2	0.010753
149	8	0.011905
149	10	0.017544
149	17	0.006579
149	19	0.007937
149	20	0.006623
149	33	0.011236
149	35	0.009009
149	37	0.012195
149	48	0.012048
149	49	0.018519
149	53	0.019608
149	64	0.019608
149	88	0.025641
149	98	0.025641
149	120	0.043478
149	124	0.031250
149	177	0.030303
149	206	0.040000
149	220	0.050000
149	261	0.047619
149	294	0.050000
149	360	0.052632
149	376	0.058824
149	386	0.045455
149	402	0.050000
149	423	0.058824
150	0	0.011494
150	2	0.010753
150	15	0.014085
150	19	0.007937
150	34	0.008772
150	35	0.009009
150	37	0.012195
150	38	0.015873
150	43	0.012658
150	44	0.015152
150	52	0.018182
150	98	0.025641
150	102	0.025000
150	112	0.022222
150	113	0.022222
150	134	0.027027
150	135	0.027027
150	220	0.050000
150	265	0.038462
150	283	0.052632
150	293	0.050000
150	300	0.052632
150	310	0.041667
150	323	0.050000
150	342	0.050000
150	345	0.058824
150	412	0.058824
151	0	0.011494
151	11	0.014286
151	16	0.009709
151	18	0.008000
151	20	0.006623
151	25	0.010989
151	32	0.012346
151	35	0.009009
151	48	0.012048
151	68	0.017241
151	77	0.020833
151	78	0.018519
151	79	0.015873
151	106	0.025000
151	107	0.026316
151	126	0.045455
151	131	0.026316
151	164	0.045455
151	233	0.043478
151	260	0.047619
151	299	0.041667
151	315	0.052632
151	335	0.047619
151	356	0.055556
151	362	0.050000
151	418	0.058824
151	432	0.058824
152	9	0.019231
152	15	0.014085
152	19	0.007937
152	24	0.011494
152	33	0.011236
152	44	0.015152
152	46	0.019608
152	59	0.018182
152	64	0.019608
152	66	0.026316
152	69	0.016667
152	82	0.028571
152	83	0.018868
152	87	0.028571
152	90	0.031250
152	91	0.023256
152	119	0.027778
152	162	0.041667
152	172	0.035714
152	193	0.041667
152	213	0.041667
152	228	0.045455
152	229	0.041667
152	243	0.041667
152	285	0.055556
152	318	0.055556
152	369	0.052632
152	393	0.052632
153	8	0.011905
153	11	0.014286
153	23	0.010000
153	25	0.010989
153	26	0.010526
153	39	0.014286
153	41	0.012987
153	43	0.012658
153	50	0.012821
153	53	0.019608
153	56	0.024390
153	59	0.018182
153	67	0.016129
153	75	0.018519
153	88	0.025641
153	91	0.023256
153	113	0.022222
153	161	0.029412
153	177	0.030303
153	181	0.041667
153	185	0.028571
153	227	0.037037
153	228	0.045455
153	230	0.045455
153	271	0.043478
153	299	0.041667
153	302	0.052632
153	318	0.055556
153	328	0.052632
153	369	0.052632
153	421	0.058824
154	12	0.014286
154	21	0.008000
154	27	0.012987
154	29	0.016667
154	39	0.014286
154	45	0.018182
154	47	0.011628
154	51	0.013158
154	53	0.019608
154	69	0.016667
154	71	0.022222
154	76	0.018182
154	97	0.025641
154	101	0.022727
154	102	0.025000
154	113	0.022222
154	122	0.041667
154	164	0.045455
154	167	0.038462
154	205	0.043478
154	232	0.031250
154	238	0.050000
154	246	0.038462
154	250	0.043478
154	255	0.058824
154	274	0.037037
154	278	0.052632
154	294	0.050000
154	297	0.045455
154	301	0.052632
154	304	0.050000
154	345	0.058824
154	346	0.055556
154	363	0.052632
154	369	0.052632
154	389	0.055556
154	407	0.055556
155	1	0.024390
155	20	0.006623
155	22	0.007194
155	25	0.010989
155	28	0.014085
155	33	0.011236
155	35	0.009009
155	38	0.015873
155	53	0.019608
155	59	0.018182
155	70	0.017241
155	75	0.018519
155	125	0.045455
155	128	0.033333
155	129	0.023810
155	131	0.026316
155	134	0.027027
155	157	0.038462
155	167	0.038462
155	182	0.047619
155	205	0.043478
155	219	0.055556
155	276	0.045455
155	285	0.055556
155	298	0.052632
155	310	0.041667
155	381	0.052632
155	400	0.052632
155	427	0.058824
156	0	0.011494
156	1	0.024390
156	6	0.019231
156	15	0.014085
156	19	0.007937
156	20	0.006623
156	21	0.008000
156	32	0.012346
156	38	0.015873
156	47	0.011628
156	68	0.017241
156	71	0.022222
156	83	0.018868
156	87	0.028571
156	104	0.021739
156	133	0.030303
156	139	0.033333
156	183	0.055556
156	210	0.037037
156	275	0.050000
156	286	0.058824
156	288	0.045455
156	391	0.058824
157	3	0.015873
157	15	0.014085
157	17	0.006579
157	35	0.009009
157	38	0.015873
157	39	0.014286
157	45	0.018182
157	47	0.011628
157	51	0.013158
157	67	0.016129
157	70	0.017241
157	74	0.020833
157	78	0.018519
157	79	0.015873
157	89	0.027778
157	121	0.029412
157	155	0.034483
157	161	0.029412
157	167	0.038462
157	198	0.032258
157	200	0.035714
157	275	0.050000
157	316	0.055556
157	380	0.058824
157	397	0.047619
157	407	0.055556
158	0	0.011494
158	17	0.006579
158	21	0.008000
158	22	0.007194
158	32	0.012346
158	42	0.013699
158	50	0.012821
158	69	0.016667
158	70	0.017241
158	71	0.022222
158	75	0.018519
158	102	0.025000
158	112	0.022222
158	115	0.023810
158	134	0.027027
158	135	0.027027
158	141	0.033333
158	182	0.047619
158	227	0.037037
158	346	0.055556
158	421	0.058824
159	3	0.015873
159	4	0.014706
159	11	0.014286
159	12	0.014286
159	20	0.006623
159	21	0.008000
159	22	0.007194
159	26	0.010526
159	27	0.012987
159	37	0.012195
159	45	0.018182
159	47	0.011628
159	48	0.012048
159	51	0.013158
159	69	0.016667
159	74	0.020833
159	135	0.027027
159	180	0.031250
159	190	0.050000
159	261	0.047619
159	371	0.052632
160	8	0.011905
160	12	0.014286
160	17	0.006579
160	21	0.008000
160	22	0.007194
160	26	0.010526
160	37	0.012195
160	42	0.013699
160	51	0.013158
160	52	0.018182
160	67	0.016129
160	82	0.028571
160	109	0.029412
160	131	0.026316
160	136	0.033333
160	137	0.034483
160	138	0.031250
160	161	0.029412
160	164	0.045455
160	186	0.041667
160	193	0.041667
160	199	0.033333
160	202	0.038462
160	218	0.047619
160	239	0.047619
160	246	0.038462
160	264	0.047619
160	329	0.047619
160	393	0.052632
160	395	0.052632
160	428	0.058824
161	0	0.011494
161	5	0.026316
161	6	0.019231
161	10	0.017544
161	17	0.006579
161	21	0.008000
161	36	0.015385
161	55	0.016949
161	70	0.017241
161	75	0.018519
161	99	0.022222
161	109	0.029412
161	132	0.025000
161	143	0.033333
161	153	0.032258
161	157	0.038462
161	160	0.032258
161	168	0.028571
161	171	0.037037
161	181	0.041667
161	195	0.041667
161	227	0.037037
161	234	0.043478
161	238	0.050000
161	242	0.045455
161	248	0.040000
161	270	0.041667
161	283	0.052632
161	320	0.045455
161	332	0.055556
161	345	0.058824
161	401	0.052632
161	411	0.058824
161	431	0.058824
162	0	0.011494
162	9	0.019231
162	10	0.017544
162	12	0.014286
162	13	0.013699
162	18	0.008000
162	19	0.007937
162	20	0.006623
162	34	0.008772
162	35	0.009009
162	61	0.032258
162	74	0.020833
162	96	0.030303
162	99	0.022222
162	132	0.025000
162	152	0.035714
162	179	0.035714
162	202	0.038462
162	219	0.055556
162	236	0.043478
162	290	0.050000
162	303	0.041667
162	304	0.050000
162	325	0.045455
163	3	0.015873
163	19	0.007937
163	26	0.010526
163	27	0.012987
163	32	0.012346
163	33	0.011236
163	37	0.012195
163	44	0.015152
163	50	0.012821
163	58	0.021277
163	60	0.021277
163	77	0.020833
163	79	0.015873
163	88	0.025641
163	99	0.022222
163	116	0.024390
163	131	0.026316
163	169	0.034483
163	175	0.030303
163	252	0.052632
163	265	0.038462
163	271	0.043478
163	294	0.050000
163	330	0.052632
163	331	0.043478
163	347	0.055556
163	370	0.052632
163	396	0.055556
163	401	0.052632
163	412	0.058824
164	22	0.007194
164	24	0.011494
164	36	0.015385
164	39	0.014286
164	43	0.012658
164	48	0.012048
164	56	0.024390
164	66	0.026316
164	82	0.028571
164	83	0.018868
164	89	0.027778
164	101	0.022727
164	110	0.030303
164	129	0.023810
164	151	0.037037
164	154	0.027027
164	160	0.032258
164	207	0.041667
164	242	0.045455
164	254	0.052632
164	255	0.058824
164	327	0.055556
165	5	0.026316
165	13	0.013699
165	17	0.006579
165	18	0.008000
165	20	0.006623
165	23	0.010000
165	25	0.010989
165	35	0.009009
165	40	0.014085
165	41	0.012987
165	55	0.016949
165	63	0.038462
165	69	0.016667
165	79	0.015873
165	80	0.022727
165	85	0.017544
165	94	0.035714
165	171	0.037037
165	194	0.043478
165	233	0.043478
165	235	0.040000
165	257	0.038462
165	282	0.047619
165	305	0.050000
165	320	0.045455
165	334	0.052632
165	350	0.058824
165	368	0.052632
165	370	0.052632
165	373	0.055556
165	385	0.058824
166	9	0.019231
166	14	0.017857
166	16	0.009709
166	19	0.007937
166	20	0.006623
166	22	0.007194
166	23	0.010000
166	34	0.008772
166	44	0.015152
166	52	0.018182
166	65	0.020833
166	69	0.016667
166	71	0.022222
166	98	0.025641
166	107	0.026316
166	110	0.030303
166	142	0.030303
166	168	0.028571
166	179	0.035714
166	198	0.032258
166	205	0.043478
166	221	0.045455
166	232	0.031250
166	243	0.041667
166	245	0.038462
166	331	0.043478
166	332	0.055556
166	365	0.055556
166	432	0.058824
167	4	0.014706
167	11	0.014286
167	13	0.013699
167	16	0.009709
167	19	0.007937
167	21	0.008000
167	23	0.010000
167	28	0.014085
167	33	0.011236
167	34	0.008772
167	41	0.012987
167	50	0.012821
167	104	0.021739
167	127	0.047619
167	154	0.027027
167	155	0.034483
167	157	0.038462
167	187	0.035714
167	230	0.045455
167	278	0.052632
167	312	0.050000
167	341	0.047619
167	368	0.052632
167	387	0.050000
167	410	0.058824
167	428	0.058824
168	15	0.014085
168	16	0.009709
168	17	0.006579
168	22	0.007194
168	35	0.009009
168	48	0.012048
168	51	0.013158
168	59	0.018182
168	68	0.017241
168	95	0.040000
168	100	0.027778
168	101	0.022727
168	105	0.021277
168	113	0.022222
168	148	0.032258
168	161	0.029412
168	166	0.034483
168	198	0.032258
168	202	0.038462
168	204	0.043478
168	209	0.034483
168	215	0.030303
168	221	0.045455
168	229	0.041667
168	251	0.055556
168	252	0.052632
168	268	0.040000
168	281	0.047619
168	299	0.041667
168	320	0.045455
168	341	0.047619
168	346	0.055556
168	355	0.055556
168	362	0.050000
168	430	0.058824
169	2	0.010753
169	7	0.020000
169	8	0.011905
169	14	0.017857
169	22	0.007194
169	34	0.008772
169	37	0.012195
169	72	0.020833
169	75	0.018519
169	89	0.027778
169	96	0.030303
169	101	0.022727
169	105	0.021277
169	113	0.022222
169	119	0.027778
169	147	0.033333
169	163	0.033333
169	186	0.041667
169	193	0.041667
169	211	0.041667
169	232	0.031250
169	236	0.043478
169	274	0.037037
169	334	0.052632
169	349	0.055556
169	366	0.055556
169	382	0.058824
169	386	0.045455
169	417	0.058824
170	2	0.010753
170	7	0.020000
170	19	0.007937
170	32	0.012346
170	35	0.009009
170	49	0.018519
170	52	0.018182
170	55	0.016949
170	60	0.021277
170	69	0.016667
170	72	0.020833
170	82	0.028571
170	91	0.023256
170	108	0.035714
170	131	0.026316
170	140	0.032258
170	146	0.037037
170	177	0.030303
170	215	0.030303
170	217	0.038462
170	230	0.045455
170	233	0.043478
170	242	0.045455
170	243	0.041667
170	248	0.040000
170	338	0.052632
170	345	0.058824
170	379	0.058824
170	380	0.058824
171	11	0.014286
171	17	0.006579
171	25	0.010989
171	26	0.010526
171	39	0.014286
171	41	0.012987
171	47	0.011628
171	49	0.018519
171	54	0.018519
171	65	0.020833
171	70	0.017241
171	87	0.028571
171	121	0.029412
171	123	0.037037
171	137	0.034483
171	161	0.029412
171	165	0.032258
171	180	0.031250
171	185	0.028571
171	202	0.038462
171	240	0.041667
171	241	0.045455
171	251	0.055556
171	310	0.041667
171	321	0.050000
171	322	0.058824
171	333	0.050000
172	2	0.010753
172	14	0.017857
172	20	0.006623
172	27	0.012987
172	32	0.012346
172	34	0.008772
172	35	0.009009
172	48	0.012048
172	56	0.024390
172	59	0.018182
172	68	0.017241
172	71	0.022222
172	79	0.015873
172	83	0.018868
172	87	0.028571
172	131	0.026316
172	152	0.035714
172	173	0.031250
172	197	0.033333
172	269	0.052632
172	280	0.047619
172	291	0.043478
172	317	0.052632
172	343	0.047619
172	359	0.047619
172	367	0.058824
172	389	0.055556
172	415	0.058824
173	4	0.014706
173	7	0.020000
173	11	0.014286
173	13	0.013699
173	22	0.007194
173	25	0.010989
173	27	0.012987
173	33	0.011236
173	47	0.011628
173	70	0.017241
173	79	0.015873
173	129	0.023810
173	131	0.026316
173	136	0.033333
173	139	0.033333
173	147	0.033333
173	172	0.035714
173	178	0.030303
173	182	0.047619
173	188	0.041667
173	195	0.041667
173	197	0.033333
173	201	0.038462
173	202	0.038462
173	205	0.043478
173	216	0.043478
173	235	0.040000
173	252	0.052632
173	302	0.052632
173	330	0.052632
173	375	0.058824
173	376	0.058824
174	5	0.026316
174	8	0.011905
174	12	0.014286
174	13	0.013699
174	17	0.006579
174	19	0.007937
174	22	0.007194
174	34	0.008772
174	35	0.009009
174	36	0.015385
174	41	0.012987
174	60	0.021277
174	61	0.032258
174	106	0.025000
174	113	0.022222
174	125	0.045455
174	129	0.023810
174	179	0.035714
174	197	0.033333
174	205	0.043478
174	214	0.037037
174	218	0.047619
174	233	0.043478
174	240	0.041667
174	278	0.052632
174	281	0.047619
174	290	0.050000
174	291	0.043478
174	296	0.050000
174	308	0.038462
174	338	0.052632
174	379	0.058824
174	414	0.055556
174	423	0.058824
175	5	0.026316
175	20	0.006623
175	21	0.008000
175	25	0.010989
175	26	0.010526
175	27	0.012987
175	32	0.012346
175	36	0.015385
175	54	0.018519
175	63	0.038462
175	79	0.015873
175	83	0.018868
175	95	0.040000
175	109	0.029412
175	111	0.023256
175	129	0.023810
175	163	0.033333
175	195	0.041667
175	215	0.030303
175	216	0.043478
175	226	0.037037
175	250	0.043478
175	253	0.055556
175	258	0.043478
175	284	0.045455
175	318	0.055556
175	321	0.050000
175	331	0.043478
175	344	0.050000
175	377	0.052632
175	395	0.052632
175	411	0.058824
175	412	0.058824
176	3	0.015873
176	4	0.014706
176	24	0.011494
176	32	0.012346
176	34	0.008772
176	38	0.015873
176	47	0.011628
176	48	0.012048
176	52	0.018182
176	66	0.026316
176	72	0.020833
176	77	0.020833
176	102	0.025000
176	112	0.022222
176	119	0.027778
176	129	0.023810
176	140	0.032258
176	183	0.055556
176	185	0.028571
176	202	0.038462
176	203	0.041667
176	204	0.043478
176	246	0.038462
176	258	0.043478
176	261	0.047619
176	273	0.047619
176	278	0.052632
176	327	0.055556
176	338	0.052632
176	340	0.055556
176	387	0.050000
176	419	0.058824
176	422	0.058824
176	425	0.058824
177	0	0.011494
177	2	0.010753
177	8	0.011905
177	23	0.010000
177	26	0.010526
177	34	0.008772
177	40	0.014085
177	50	0.012821
177	51	0.013158
177	53	0.019608
177	76	0.018182
177	91	0.023256
177	112	0.022222
177	116	0.024390
177	149	0.037037
177	153	0.032258
177	170	0.034483
177	181	0.041667
177	183	0.055556
177	185	0.028571
177	190	0.050000
177	203	0.041667
177	206	0.040000
177	230	0.045455
177	248	0.040000
177	253	0.055556
177	269	0.052632
177	282	0.047619
177	318	0.055556
177	320	0.045455
177	373	0.055556
177	402	0.050000
177	427	0.058824
178	7	0.020000
178	13	0.013699
178	17	0.006579
178	20	0.006623
178	33	0.011236
178	37	0.012195
178	38	0.015873
178	42	0.013699
178	43	0.012658
178	52	0.018182
178	67	0.016129
178	78	0.018519
178	102	0.025000
178	106	0.025000
178	115	0.023810
178	132	0.025000
178	173	0.031250
178	183	0.055556
178	185	0.028571
178	196	0.031250
178	214	0.037037
178	234	0.043478
178	254	0.052632
178	262	0.043478
178	263	0.035714
178	312	0.050000
178	321	0.050000
178	324	0.050000
178	328	0.052632
178	335	0.047619
178	355	0.055556
178	366	0.055556
178	380	0.058824
179	3	0.015873
179	4	0.014706
179	9	0.019231
179	10	0.017544
179	18	0.008000
179	36	0.015385
179	40	0.014085
179	48	0.012048
179	67	0.016129
179	71	0.022222
179	79	0.015873
179	104	0.021739
179	129	0.023810
179	130	0.040000
179	162	0.041667
179	166	0.034483
179	174	0.029412
179	180	0.031250
179	187	0.035714
179	200	0.035714
179	227	0.037037
179	241	0.045455
179	260	0.047619
179	278	0.052632
179	318	0.055556
179	324	0.050000
179	365	0.055556
179	391	0.058824
180	4	0.014706
180	17	0.006579
180	18	0.008000
180	21	0.008000
180	40	0.014085
180	51	0.013158
180	73	0.022222
180	74	0.020833
180	79	0.015873
180	115	0.023810
180	116	0.024390
180	129	0.023810
180	139	0.033333
180	141	0.033333
180	159	0.047619
180	171	0.037037
180	179	0.035714
180	193	0.041667
180	205	0.043478
180	208	0.047619
180	233	0.043478
180	244	0.043478
180	271	0.043478
180	287	0.055556
180	291	0.043478
180	305	0.050000
180	314	0.055556
180	318	0.055556
180	324	0.050000
180	337	0.050000
180	343	0.047619
180	431	0.058824
181	2	0.010753
181	3	0.015873
181	18	0.008000
181	23	0.010000
181	43	0.012658
181	56	0.024390
181	57	0.023810
181	65	0.020833
181	67	0.016129
181	69	0.016667
181	72	0.020833
181	96	0.030303
181	114	0.032258
181	128	0.033333
181	153	0.032258
181	161	0.029412
181	177	0.030303
181	192	0.037037
181	228	0.045455
181	249	0.043478
181	282	0.047619
181	300	0.052632
181	302	0.052632
181	342	0.050000
182	6	0.019231
182	20	0.006623
182	31	0.033333
182	34	0.008772
182	36	0.015385
182	40	0.014085
182	48	0.012048
182	57	0.023810
182	64	0.019608
182	69	0.016667
182	84	0.025000
182	93	0.040000
182	108	0.035714
182	113	0.022222
182	155	0.034483
182	158	0.047619
182	173	0.031250
182	269	0.052632
182	337	0.050000
182	364	0.052632
182	373	0.055556
183	2	0.010753
183	18	0.008000
183	20	0.006623
183	21	0.008000
183	32	0.012346
183	34	0.008772
183	51	0.013158
183	71	0.022222
183	79	0.015873
183	91	0.023256
183	99	0.022222
183	111	0.023256
183	130	0.040000
183	156	0.043478
183	176	0.029412
183	177	0.030303
183	178	0.030303
183	406	0.055556
184	16	0.009709
184	17	0.006579
184	18	0.008000
184	19	0.007937
184	22	0.007194
184	34	0.008772
184	35	0.009009
184	37	0.012195
184	40	0.014085
184	41	0.012987
184	53	0.019608
184	106	0.025000
184	108	0.035714
184	111	0.023256
184	112	0.022222
184	114	0.032258
184	123	0.037037
184	212	0.035714
184	250	0.043478
184	268	0.040000
184	273	0.047619
184	302	0.052632
184	325	0.045455
184	333	0.050000
184	386	0.045455
184	410	0.058824
184	414	0.055556
184	428	0.058824
185	4	0.014706
185	19	0.007937
185	20	0.006623
185	34	0.008772
185	42	0.013699
185	48	0.012048
185	51	0.013158
185	106	0.025000
185	107	0.026316
185	113	0.022222
185	119	0.027778
185	135	0.027027
185	153	0.032258
185	171	0.037037
185	176	0.029412
185	177	0.030303
185	178	0.030303
185	207	0.041667
185	211	0.041667
185	214	0.037037
185	232	0.031250
185	237	0.037037
185	242	0.045455
185	245	0.038462
185	263	0.035714
185	264	0.047619
185	278	0.052632
185	279	0.047619
185	288	0.045455
185	327	0.055556
185	333	0.050000
185	380	0.058824
185	396	0.055556
185	406	0.055556
185	423	0.058824
186	10	0.017544
186	15	0.014085
186	16	0.009709
186	21	0.008000
186	22	0.007194
186	26	0.010526
186	37	0.012195
186	52	0.018182
186	68	0.017241
186	126	0.045455
186	128	0.033333
186	129	0.023810
186	132	0.025000
186	138	0.031250
186	146	0.037037
186	160	0.032258
186	169	0.034483
186	193	0.041667
186	228	0.045455
186	245	0.038462
186	258	0.043478
186	273	0.047619
186	274	0.037037
186	275	0.050000
187	0	0.011494
187	1	0.024390
187	2	0.010753
187	9	0.019231
187	20	0.006623
187	21	0.008000
187	24	0.011494
187	38	0.015873
187	39	0.014286
187	60	0.021277
187	67	0.016129
187	118	0.026316
187	119	0.027778
187	142	0.030303
187	145	0.032258
187	167	0.038462
187	179	0.035714
187	189	0.047619
187	197	0.033333
187	209	0.034483
187	271	0.043478
187	304	0.050000
187	310	0.041667
187	353	0.055556
187	358	0.052632
187	399	0.058824
187	400	0.052632
187	421	0.058824
188	13	0.013699
188	17	0.006579
188	19	0.007937
188	25	0.010989
188	32	0.012346
188	35	0.009009
188	36	0.015385
188	42	0.013699
188	64	0.019608
188	70	0.017241
188	75	0.018519
188	85	0.017544
188	88	0.025641
188	99	0.022222
188	105	0.021277
188	111	0.023256
188	173	0.031250
188	198	0.032258
188	210	0.037037
188	248	0.040000
188	317	0.052632
188	342	0.050000
188	362	0.050000
188	432	0.058824
189	8	0.011905
189	10	0.017544
189	11	0.014286
189	13	0.013699
189	25	0.010989
189	30	0.027778
189	40	0.014085
189	41	0.012987
189	49	0.018519
189	51	0.013158
189	66	0.026316
189	70	0.017241
189	85	0.017544
189	96	0.030303
189	145	0.032258
189	147	0.033333
189	187	0.035714
189	227	0.037037
189	319	0.052632
189	354	0.058824
189	372	0.052632
190	3	0.015873
190	9	0.019231
190	14	0.017857
190	17	0.006579
190	18	0.008000
190	22	0.007194
190	28	0.014085
190	35	0.009009
190	47	0.011628
190	49	0.018519
190	68	0.017241
190	70	0.017241
190	75	0.018519
190	112	0.022222
190	145	0.032258
190	159	0.047619
190	177	0.030303
190	199	0.033333
190	337	0.050000
190	340	0.055556
191	0	0.011494
191	8	0.011905
191	21	0.008000
191	26	0.010526
191	27	0.012987
191	32	0.012346
191	33	0.011236
191	37	0.012195
191	42	0.013699
191	44	0.015152
191	61	0.032258
191	64	0.019608
191	70	0.017241
191	79	0.015873
191	111	0.023256
191	132	0.025000
191	148	0.032258
191	195	0.041667
191	314	0.055556
191	374	0.047619
191	412	0.058824
192	18	0.008000
192	19	0.007937
192	22	0.007194
192	23	0.010000
192	29	0.016667
192	30	0.027778
192	35	0.009009
192	38	0.015873
192	40	0.014085
192	47	0.011628
192	54	0.018519
192	59	0.018182
192	85	0.017544
192	86	0.029412
192	103	0.034483
192	116	0.024390
192	181	0.041667
192	247	0.043478
192	260	0.047619
192	267	0.045455
192	268	0.040000
192	280	0.047619
192	330	0.052632
192	347	0.055556
192	349	0.055556
192	350	0.058824
192	404	0.058824
193	0	0.011494
193	19	0.007937
193	21	0.008000
193	22	0.007194
193	32	0.012346
193	38	0.015873
193	42	0.013699
193	47	0.011628
193	57	0.023810
193	76	0.018182
193	104	0.021739
193	139	0.033333
193	152	0.035714
193	160	0.032258
193	169	0.034483
193	180	0.031250
193	186	0.041667
193	213	0.041667
193	222	0.050000
193	223	0.050000
193	238	0.050000
193	301	0.052632
193	373	0.055556
193	428	0.058824
194	13	0.013699
194	34	0.008772
194	35	0.009009
194	41	0.012987
194	43	0.012658
194	46	0.019608
194	50	0.012821
194	65	0.020833
194	66	0.026316
194	69	0.016667
194	78	0.018519
194	110	0.030303
194	112	0.022222
194	113	0.022222
194	122	0.041667
194	137	0.034483
194	165	0.032258
194	321	0.050000
194	354	0.058824
194	360	0.052632
194	376	0.058824
194	417	0.058824
194	424	0.058824
195	4	0.014706
195	6	0.019231
195	11	0.014286
195	14	0.017857
195	15	0.014085
195	17	0.006579
195	33	0.011236
195	42	0.013699
195	49	0.018519
195	58	0.021277
195	103	0.034483
195	104	0.021739
195	146	0.037037
195	161	0.029412
195	173	0.031250
195	175	0.030303
195	191	0.047619
195	224	0.035714
195	276	0.045455
195	280	0.047619
195	359	0.047619
195	362	0.050000
195	405	0.058824
195	429	0.058824
196	3	0.015873
196	6	0.019231
196	12	0.014286
196	17	0.006579
196	19	0.007937
196	21	0.008000
196	22	0.007194
196	23	0.010000
196	28	0.014085
196	32	0.012346
196	48	0.012048
196	50	0.012821
196	56	0.024390
196	61	0.032258
196	102	0.025000
196	124	0.031250
196	178	0.030303
196	213	0.041667
196	222	0.050000
196	238	0.050000
196	243	0.041667
196	251	0.055556
196	262	0.043478
196	295	0.055556
196	299	0.041667
196	335	0.047619
196	356	0.055556
196	363	0.052632
196	384	0.055556
196	387	0.050000
196	415	0.058824
196	417	0.058824
197	2	0.010753
197	17	0.006579
197	26	0.010526
197	43	0.012658
197	47	0.011628
197	52	0.018182
197	58	0.021277
197	79	0.015873
197	87	0.028571
197	92	0.038462
197	107	0.026316
197	118	0.026316
197	134	0.027027
197	172	0.035714
197	173	0.031250
197	174	0.029412
197	187	0.035714
197	199	0.033333
197	226	0.037037
197	229	0.041667
197	243	0.041667
197	262	0.043478
197	267	0.045455
197	298	0.052632
197	306	0.052632
197	329	0.047619
197	333	0.050000
197	353	0.055556
197	416	0.055556
197	423	0.058824
198	9	0.019231
198	16	0.009709
198	21	0.008000
198	22	0.007194
198	32	0.012346
198	34	0.008772
198	37	0.012195
198	44	0.015152
198	75	0.018519
198	78	0.018519
198	97	0.025641
198	121	0.029412
198	125	0.045455
198	157	0.038462
198	166	0.034483
198	168	0.028571
198	188	0.041667
198	202	0.038462
198	203	0.041667
198	206	0.040000
198	208	0.047619
198	239	0.047619
198	248	0.040000
198	281	0.047619
198	283	0.052632
198	285	0.055556
198	317	0.052632
198	376	0.058824
198	382	0.058824
198	386	0.045455
198	392	0.052632
199	10	0.017544
199	24	0.011494
199	38	0.015873
199	39	0.014286
199	54	0.018519
199	58	0.021277
199	73	0.022222
199	75	0.018519
199	81	0.025641
199	89	0.027778
199	91	0.023256
199	110	0.030303
199	129	0.023810
199	142	0.030303
199	160	0.032258
199	190	0.050000
199	197	0.033333
199	218	0.047619
199	230	0.045455
199	267	0.045455
199	277	0.045455
199	309	0.047619
199	315	0.052632
199	316	0.055556
199	361	0.047619
199	394	0.058824
199	405	0.058824
199	407	0.055556
199	413	0.058824
199	430	0.058824
200	4	0.014706
200	14	0.017857
200	17	0.006579
200	20	0.006623
200	21	0.008000
200	22	0.007194
200	26	0.010526
200	44	0.015152
200	64	0.019608
200	74	0.020833
200	77	0.020833
200	101	0.022727
200	117	0.031250
200	144	0.032258
200	147	0.033333
200	157	0.038462
200	179	0.035714
200	207	0.041667
200	209	0.034483
200	219	0.055556
200	228	0.045455
200	260	0.047619
200	273	0.047619
200	292	0.041667
200	354	0.058824
200	383	0.058824
200	406	0.055556
200	422	0.058824
201	3	0.015873
201	4	0.014706
201	16	0.009709
201	18	0.008000
201	20	0.006623
201	21	0.008000
201	25	0.010989
201	33	0.011236
201	39	0.014286
201	42	0.013699
201	44	0.015152
201	48	0.012048
201	71	0.022222
201	73	0.022222
201	99	0.022222
201	115	0.023810
201	173	0.031250
201	212	0.035714
201	246	0.038462
201	252	0.052632
201	253	0.055556
201	274	0.037037
201	357	0.047619
201	363	0.052632
201	367	0.058824
201	424	0.058824
202	14	0.017857
202	26	0.010526
202	33	0.011236
202	35	0.009009
202	36	0.015385
202	41	0.012987
202	64	0.019608
202	78	0.018519
202	88	0.025641
202	104	0.021739
202	160	0.032258
202	162	0.041667
202	168	0.028571
202	171	0.037037
202	173	0.031250
202	176	0.029412
202	198	0.032258
202	208	0.047619
202	218	0.047619
202	226	0.037037
202	235	0.040000
202	239	0.047619
202	311	0.052632
202	358	0.052632
202	375	0.058824
202	399	0.058824
203	8	0.011905
203	16	0.009709
203	17	0.006579
203	19	0.007937
203	33	0.011236
203	50	0.012821
203	55	0.016949
203	56	0.024390
203	83	0.018868
203	85	0.017544
203	103	0.034483
203	133	0.030303
203	141	0.033333
203	148	0.032258
203	176	0.029412
203	177	0.030303
203	198	0.032258
203	272	0.050000
203	278	0.052632
203	283	0.052632
203	305	0.050000
203	325	0.045455
203	334	0.052632
203	378	0.050000
204	0	0.011494
204	22	0.007194
204	23	0.010000
204	27	0.012987
204	34	0.008772
204	38	0.015873
204	41	0.012987
204	44	0.015152
204	47	0.011628
204	59	0.018182
204	81	0.025641
204	105	0.021277
204	109	0.029412
204	131	0.026316
204	140	0.032258
204	168	0.028571
204	176	0.029412
204	209	0.034483
204	232	0.031250
204	239	0.047619
204	307	0.052632
204	308	0.038462
204	341	0.047619
205	0	0.011494
205	18	0.008000
205	25	0.010989
205	36	0.015385
205	42	0.013699
205	48	0.012048
205	72	0.020833
205	80	0.022727
205	93	0.040000
205	135	0.027027
205	147	0.033333
205	154	0.027027
205	155	0.034483
205	166	0.034483
205	173	0.031250
205	174	0.029412
205	180	0.031250
205	242	0.045455
205	255	0.058824
205	279	0.047619
205	380	0.058824
205	381	0.052632
205	382	0.058824
206	1	0.024390
206	4	0.014706
206	8	0.011905
206	9	0.019231
206	34	0.008772
206	39	0.014286
206	45	0.018182
206	53	0.019608
206	65	0.020833
206	67	0.016129
206	83	0.018868
206	99	0.022222
206	101	0.022727
206	118	0.026316
206	149	0.037037
206	177	0.030303
206	198	0.032258
206	255	0.058824
206	292	0.041667
206	326	0.050000
206	331	0.043478
206	339	0.052632
206	355	0.055556
206	404	0.058824
206	430	0.058824
207	19	0.007937
207	20	0.006623
207	22	0.007194
207	28	0.014085
207	40	0.014085
207	49	0.018519
207	58	0.021277
207	66	0.026316
207	68	0.017241
207	70	0.017241
207	80	0.022727
207	85	0.017544
207	117	0.031250
207	164	0.045455
207	185	0.028571
207	200	0.035714
207	208	0.047619
207	241	0.045455
207	281	0.047619
207	314	0.055556
207	327	0.055556
207	356	0.055556
207	380	0.058824
207	413	0.058824
208	20	0.006623
208	26	0.010526
208	27	0.012987
208	40	0.014085
208	42	0.013699
208	43	0.012658
208	52	0.018182
208	55	0.016949
208	74	0.020833
208	124	0.031250
208	133	0.030303
208	139	0.033333
208	180	0.031250
208	198	0.032258
208	202	0.038462
208	207	0.041667
208	238	0.050000
208	269	0.052632
208	288	0.045455
208	349	0.055556
208	432	0.058824
209	2	0.010753
209	11	0.014286
209	21	0.008000
209	28	0.014085
209	29	0.016667
209	34	0.008772
209	35	0.009009
209	54	0.018519
209	57	0.023810
209	81	0.025641
209	85	0.017544
209	112	0.022222
209	117	0.031250
209	168	0.028571
209	187	0.035714
209	200	0.035714
209	204	0.043478
209	266	0.047619
209	290	0.050000
209	294	0.050000
209	298	0.052632
209	304	0.050000
209	333	0.050000
209	334	0.052632
209	351	0.058824
209	366	0.055556
209	383	0.058824
209	415	0.058824
209	420	0.058824
210	17	0.006579
210	18	0.008000
210	20	0.006623
210	25	0.010989
210	32	0.012346
210	42	0.013699
210	47	0.011628
210	52	0.018182
210	72	0.020833
210	83	0.018868
210	86	0.029412
210	118	0.026316
210	131	0.026316
210	136	0.033333
210	143	0.033333
210	156	0.043478
210	188	0.041667
210	247	0.043478
210	248	0.040000
210	259	0.041667
210	276	0.045455
210	347	0.055556
210	368	0.052632
210	379	0.058824
210	388	0.055556
210	407	0.055556
210	414	0.055556
211	6	0.019231
211	12	0.014286
211	13	0.013699
211	14	0.017857
211	19	0.007937
211	39	0.014286
211	42	0.013699
211	48	0.012048
211	56	0.024390
211	70	0.017241
211	76	0.018182
211	80	0.022727
211	98	0.025641
211	106	0.025000
211	129	0.023810
211	169	0.034483
211	185	0.028571
211	213	0.041667
211	221	0.045455
211	291	0.043478
211	304	0.050000
211	342	0.050000
211	411	0.058824
211	431	0.058824
212	3	0.015873
212	8	0.011905
212	11	0.014286
212	13	0.013699
212	20	0.006623
212	23	0.010000
212	24	0.011494
212	36	0.015385
212	49	0.018519
212	50	0.012821
212	67	0.016129
212	75	0.018519
212	105	0.021277
212	109	0.029412
212	114	0.032258
212	184	0.035714
212	201	0.038462
212	231	0.052632
212	237	0.037037
212	251	0.055556
212	263	0.035714
212	325	0.045455
212	346	0.055556
212	354	0.058824
212	381	0.052632
212	392	0.052632
212	395	0.052632
212	430	0.058824
213	20	0.006623
213	22	0.007194
213	45	0.018182
213	51	0.013158
213	53	0.019608
213	54	0.018519
213	73	0.022222
213	76	0.018182
213	85	0.017544
213	103	0.034483
213	124	0.031250
213	134	0.027027
213	142	0.030303
213	152	0.035714
213	193	0.041667
213	196	0.031250
213	211	0.041667
213	228	0.045455
213	270	0.041667
213	297	0.045455
213	320	0.045455
213	352	0.055556
213	361	0.047619
213	378	0.050000
214	2	0.010753
214	4	0.014706
214	16	0.009709
214	21	0.008000
214	32	0.012346
214	34	0.008772
214	55	0.016949
214	69	0.016667
214	74	0.020833
214	79	0.015873
214	84	0.025000
214	120	0.043478
214	121	0.029412
214	124	0.031250
214	174	0.029412
214	178	0.030303
214	185	0.028571
214	217	0.038462
214	224	0.035714
214	260	0.047619
214	264	0.047619
214	278	0.052632
214	297	0.045455
214	324	0.050000
214	341	0.047619
214	381	0.052632
214	425	0.058824
215	2	0.010753
215	13	0.013699
215	15	0.014085
215	16	0.009709
215	19	0.007937
215	22	0.007194
215	27	0.012987
215	47	0.011628
215	60	0.021277
215	72	0.020833
215	83	0.018868
215	89	0.027778
215	105	0.021277
215	115	0.023810
215	168	0.028571
215	170	0.034483
215	175	0.030303
215	223	0.050000
215	242	0.045455
215	247	0.043478
215	249	0.043478
215	250	0.043478
215	252	0.052632
215	259	0.041667
215	285	0.055556
215	325	0.045455
215	331	0.043478
215	351	0.058824
215	352	0.055556
215	356	0.055556
215	394	0.058824
215	415	0.058824
215	420	0.058824
216	6	0.019231
216	13	0.013699
216	14	0.017857
216	15	0.014085
216	16	0.009709
216	22	0.007194
216	36	0.015385
216	44	0.015152
216	53	0.019608
216	77	0.020833
216	107	0.026316
216	109	0.029412
216	118	0.026316
216	128	0.033333
216	133	0.030303
216	173	0.031250
216	175	0.030303
216	217	0.038462
216	238	0.050000
216	248	0.040000
216	306	0.052632
216	383	0.058824
216	414	0.055556
217	10	0.017544
217	15	0.014085
217	16	0.009709
217	19	0.007937
217	20	0.006623
217	37	0.012195
217	42	0.013699
217	47	0.011628
217	51	0.013158
217	107	0.026316
217	115	0.023810
217	121	0.029412
217	139	0.033333
217	144	0.032258
217	170	0.034483
217	214	0.037037
217	216	0.043478
217	239	0.047619
217	263	0.035714
217	322	0.058824
217	368	0.052632
217	378	0.050000
217	398	0.052632
217	402	0.050000
217	408	0.058824
217	420	0.058824
218	1	0.024390
218	12	0.014286
218	16	0.009709
218	24	0.011494
218	47	0.011628
218	50	0.012821
218	62	0.037037
218	84	0.025000
218	85	0.017544
218	109	0.029412
218	113	0.022222
218	132	0.025000
218	133	0.030303
218	160	0.032258
218	174	0.029412
218	199	0.033333
218	202	0.038462
218	229	0.041667
218	251	0.055556
218	308	0.038462
218	369	0.052632
219	2	0.010753
219	9	0.019231
219	15	0.014085
219	26	0.010526
219	36	0.015385
219	38	0.015873
219	48	0.012048
219	81	0.025641
219	91	0.023256
219	96	0.030303
219	98	0.025641
219	115	0.023810
219	116	0.024390
219	123	0.037037
219	155	0.034483
219	162	0.041667
219	200	0.035714
219	401	0.052632
220	0	0.011494
220	6	0.019231
220	15	0.014085
220	20	0.006623
220	21	0.008000
220	37	0.012195
220	49	0.018519
220	74	0.020833
220	88	0.025641
220	99	0.022222
220	100	0.027778
220	103	0.034483
220	111	0.023256
220	122	0.041667
220	143	0.033333
220	149	0.037037
220	150	0.037037
220	361	0.047619
220	370	0.052632
220	427	0.058824
221	1	0.024390
221	2	0.010753
221	16	0.009709
221	18	0.008000
221	38	0.015873
221	44	0.015152
221	55	0.016949
221	59	0.018182
221	81	0.025641
221	89	0.027778
221	104	0.021739
221	121	0.029412
221	132	0.025000
221	144	0.032258
221	166	0.034483
221	168	0.028571
221	211	0.041667
221	262	0.043478
221	298	0.052632
221	299	0.041667
221	310	0.041667
221	427	0.058824
222	3	0.015873
222	4	0.014706
222	11	0.014286
222	25	0.010989
222	36	0.015385
222	38	0.015873
222	48	0.012048
222	49	0.018519
222	50	0.012821
222	76	0.018182
222	96	0.030303
222	100	0.027778
222	105	0.021277
222	116	0.024390
222	120	0.043478
222	193	0.041667
222	196	0.031250
222	266	0.047619
222	275	0.050000
222	385	0.058824
223	0	0.011494
223	12	0.014286
223	18	0.008000
223	23	0.010000
223	26	0.010526
223	34	0.008772
223	35	0.009009
223	40	0.014085
223	41	0.012987
223	45	0.018182
223	55	0.016949
223	75	0.018519
223	97	0.025641
223	115	0.023810
223	142	0.030303
223	193	0.041667
223	215	0.030303
223	282	0.047619
223	381	0.052632
223	412	0.058824
224	3	0.015873
224	17	0.006579
224	19	0.007937
224	26	0.010526
224	29	0.016667
224	33	0.011236
224	34	0.008772
224	35	0.009009
224	36	0.015385
224	38	0.015873
224	58	0.021277
224	79	0.015873
224	96	0.030303
224	128	0.033333
224	138	0.031250
224	195	0.041667
224	214	0.037037
224	233	0.043478
224	259	0.041667
224	263	0.035714
224	300	0.052632
224	321	0.050000
224	359	0.047619
224	377	0.052632
224	403	0.058824
224	408	0.058824
224	416	0.055556
224	426	0.058824
225	12	0.014286
225	15	0.014085
225	20	0.006623
225	21	0.008000
225	26	0.010526
225	29	0.016667
225	44	0.015152
225	46	0.019608
225	47	0.011628
225	50	0.012821
225	68	0.017241
225	75	0.018519
225	77	0.020833
225	85	0.017544
225	88	0.025641
225	112	0.022222
225	145	0.032258
225	265	0.038462
225	269	0.052632
225	273	0.047619
225	331	0.043478
225	343	0.047619
225	355	0.055556
225	385	0.058824
225	424	0.058824
226	2	0.010753
226	5	0.026316
226	15	0.014085
226	22	0.007194
226	35	0.009009
226	41	0.012987
226	43	0.012658
226	48	0.012048
226	79	0.015873
226	81	0.025641
226	85	0.017544
226	90	0.031250
226	106	0.025000
226	113	0.022222
226	175	0.030303
226	197	0.033333
226	202	0.038462
226	280	0.047619
226	309	0.047619
226	322	0.058824
226	327	0.055556
226	339	0.052632
226	340	0.055556
226	361	0.047619
226	377	0.052632
226	391	0.058824
226	400	0.052632
227	2	0.010753
227	9	0.019231
227	12	0.014286
227	13	0.013699
227	16	0.009709
227	18	0.008000
227	25	0.010989
227	43	0.012658
227	60	0.021277
227	77	0.020833
227	84	0.025000
227	100	0.027778
227	153	0.032258
227	158	0.047619
227	161	0.029412
227	179	0.035714
227	189	0.047619
227	235	0.040000
227	242	0.045455
227	254	0.052632
227	335	0.047619
227	345	0.058824
227	356	0.055556
227	365	0.055556
227	408	0.058824
227	411	0.058824
227	419	0.058824
228	7	0.020000
228	12	0.014286
228	22	0.007194
228	34	0.008772
228	41	0.012987
228	52	0.018182
228	59	0.018182
228	69	0.016667
228	91	0.023256
228	129	0.023810
228	135	0.027027
228	152	0.035714
228	153	0.032258
228	181	0.041667
228	186	0.041667
228	200	0.035714
228	213	0.041667
228	229	0.041667
228	246	0.038462
228	254	0.052632
228	305	0.050000
228	385	0.058824
229	12	0.014286
229	18	0.008000
229	22	0.007194
229	24	0.011494
229	40	0.014085
229	59	0.018182
229	67	0.016129
229	78	0.018519
229	101	0.022727
229	109	0.029412
229	115	0.023810
229	124	0.031250
229	152	0.035714
229	168	0.028571
229	197	0.033333
229	218	0.047619
229	228	0.045455
229	244	0.043478
229	311	0.052632
229	338	0.052632
229	390	0.050000
229	391	0.058824
229	396	0.055556
229	409	0.058824
230	22	0.007194
230	25	0.010989
230	35	0.009009
230	39	0.014286
230	51	0.013158
230	52	0.018182
230	74	0.020833
230	86	0.029412
230	101	0.022727
230	129	0.023810
230	144	0.032258
230	146	0.037037
230	153	0.032258
230	167	0.038462
230	170	0.034483
230	177	0.030303
230	199	0.033333
230	241	0.045455
230	313	0.050000
230	365	0.055556
230	405	0.058824
230	423	0.058824
231	7	0.020000
231	18	0.008000
231	32	0.012346
231	39	0.014286
231	41	0.012987
231	47	0.011628
231	55	0.016949
231	84	0.025000
231	85	0.017544
231	97	0.025641
231	106	0.025000
231	112	0.022222
231	116	0.024390
231	136	0.033333
231	140	0.032258
231	212	0.035714
231	309	0.047619
231	347	0.055556
231	350	0.058824
232	3	0.015873
232	13	0.013699
232	26	0.010526
232	34	0.008772
232	41	0.012987
232	44	0.015152
232	45	0.018182
232	55	0.016949
232	59	0.018182
232	131	0.026316
232	134	0.027027
232	148	0.032258
232	154	0.027027
232	166	0.034483
232	169	0.034483
232	185	0.028571
232	204	0.043478
232	235	0.040000
232	242	0.045455
232	254	0.052632
232	271	0.043478
232	273	0.047619
232	282	0.047619
232	305	0.050000
232	311	0.052632
232	332	0.055556
232	336	0.052632
232	344	0.050000
232	351	0.058824
232	370	0.052632
232	390	0.050000
232	405	0.058824
233	2	0.010753
233	7	0.020000
233	8	0.011905
233	21	0.008000
233	32	0.012346
233	40	0.014085
233	51	0.013158
233	112	0.022222
233	129	0.023810
233	131	0.026316
233	141	0.033333
233	151	0.037037
233	165	0.032258
233	170	0.034483
233	174	0.029412
233	180	0.031250
233	224	0.035714
233	263	0.035714
233	352	0.055556
233	357	0.047619
233	390	0.050000
233	391	0.058824
233	424	0.058824
234	8	0.011905
234	15	0.014085
234	17	0.006579
234	20	0.006623
234	22	0.007194
234	23	0.010000
234	42	0.013699
234	51	0.013158
234	54	0.018519
234	73	0.022222
234	98	0.025641
234	100	0.027778
234	103	0.034483
234	118	0.026316
234	121	0.029412
234	161	0.029412
234	178	0.030303
234	247	0.043478
234	255	0.058824
234	291	0.043478
234	322	0.058824
234	335	0.047619
234	391	0.058824
235	19	0.007937
235	23	0.010000
235	25	0.010989
235	34	0.008772
235	43	0.012658
235	59	0.018182
235	68	0.017241
235	85	0.017544
235	99	0.022222
235	105	0.021277
235	112	0.022222
235	147	0.033333
235	165	0.032258
235	173	0.031250
235	202	0.038462
235	227	0.037037
235	232	0.031250
235	282	0.047619
235	323	0.050000
235	343	0.047619
235	362	0.050000
235	363	0.052632
235	392	0.052632
235	394	0.058824
235	409	0.058824
236	8	0.011905
236	15	0.014085
236	17	0.006579
236	19	0.007937
236	24	0.011494
236	41	0.012987
236	43	0.012658
236	45	0.018182
236	67	0.016129
236	79	0.015873
236	98	0.025641
236	99	0.022222
236	110	0.030303
236	119	0.027778
236	162	0.041667
236	169	0.034483
236	300	0.052632
236	301	0.052632
236	356	0.055556
236	363	0.052632
236	371	0.052632
236	419	0.058824
236	431	0.058824
237	2	0.010753
237	6	0.019231
237	17	0.006579
237	21	0.008000
237	23	0.010000
237	25	0.010989
237	28	0.014085
237	34	0.008772
237	37	0.012195
237	48	0.012048
237	51	0.013158
237	56	0.024390
237	70	0.017241
237	76	0.018182
237	98	0.025641
237	185	0.028571
237	212	0.035714
237	248	0.040000
237	271	0.043478
237	283	0.052632
237	329	0.047619
237	334	0.052632
237	368	0.052632
237	419	0.058824
237	423	0.058824
237	424	0.058824
237	432	0.058824
238	8	0.011905
238	33	0.011236
238	38	0.015873
238	42	0.013699
238	47	0.011628
238	49	0.018519
238	53	0.019608
238	59	0.018182
238	72	0.020833
238	86	0.029412
238	109	0.029412
238	154	0.027027
238	161	0.029412
238	193	0.041667
238	196	0.031250
238	208	0.047619
238	216	0.043478
238	314	0.055556
238	377	0.052632
238	390	0.050000
239	0	0.011494
239	1	0.024390
239	21	0.008000
239	27	0.012987
239	34	0.008772
239	39	0.014286
239	40	0.014085
239	42	0.013699
239	57	0.023810
239	74	0.020833
239	105	0.021277
239	107	0.026316
239	160	0.032258
239	198	0.032258
239	202	0.038462
239	204	0.043478
239	217	0.038462
239	293	0.050000
239	358	0.052632
239	359	0.047619
239	412	0.058824
240	3	0.015873
240	5	0.026316
240	8	0.011905
240	10	0.017544
240	17	0.006579
240	21	0.008000
240	24	0.011494
240	28	0.014085
240	40	0.014085
240	58	0.021277
240	68	0.017241
240	73	0.022222
240	99	0.022222
240	109	0.029412
240	132	0.025000
240	171	0.037037
240	174	0.029412
240	279	0.047619
240	286	0.058824
240	293	0.050000
240	296	0.050000
240	332	0.055556
240	351	0.058824
240	376	0.058824
241	0	0.011494
241	9	0.019231
241	11	0.014286
241	16	0.009709
241	19	0.007937
241	20	0.006623
241	22	0.007194
241	32	0.012346
241	37	0.012195
241	53	0.019608
241	62	0.037037
241	104	0.021739
241	119	0.027778
241	171	0.037037
241	179	0.035714
241	207	0.041667
241	230	0.045455
241	276	0.045455
241	281	0.047619
241	346	0.055556
241	361	0.047619
241	390	0.050000
242	13	0.013699
242	16	0.009709
242	24	0.011494
242	37	0.012195
242	42	0.013699
242	59	0.018182
242	82	0.028571
242	89	0.027778
242	139	0.033333
242	161	0.029412
242	164	0.045455
242	170	0.034483
242	185	0.028571
242	205	0.043478
242	215	0.030303
242	227	0.037037
242	232	0.031250
242	286	0.058824
242	311	0.052632
242	334	0.052632
242	340	0.055556
242	411	0.058824
243	17	0.006579
243	18	0.008000
243	21	0.008000
243	32	0.012346
243	35	0.009009
243	75	0.018519
243	90	0.031250
243	104	0.021739
243	105	0.021277
243	113	0.022222
243	122	0.041667
243	137	0.034483
243	152	0.035714
243	166	0.034483
243	170	0.034483
243	196	0.031250
243	197	0.033333
243	246	0.038462
243	275	0.050000
243	306	0.052632
243	313	0.050000
243	317	0.052632
243	336	0.052632
243	388	0.055556
244	8	0.011905
244	13	0.013699
244	21	0.008000
244	24	0.011494
244	26	0.010526
244	35	0.009009
244	39	0.014286
244	43	0.012658
244	72	0.020833
244	74	0.020833
244	75	0.018519
244	81	0.025641
244	99	0.022222
244	101	0.022727
244	137	0.034483
244	180	0.031250
244	229	0.041667
244	271	0.043478
244	309	0.047619
244	330	0.052632
244	333	0.050000
244	349	0.055556
244	364	0.052632
245	2	0.010753
245	8	0.011905
245	16	0.009709
245	33	0.011236
245	34	0.008772
245	40	0.014085
245	44	0.015152
245	58	0.021277
245	68	0.017241
245	69	0.016667
245	76	0.018182
245	131	0.026316
245	138	0.031250
245	143	0.033333
245	166	0.034483
245	185	0.028571
245	186	0.041667
245	261	0.047619
245	276	0.045455
245	279	0.047619
245	359	0.047619
245	360	0.052632
245	364	0.052632
245	373	0.055556
245	382	0.058824
245	430	0.058824
246	4	0.014706
246	22	0.007194
246	23	0.010000
246	35	0.009009
246	42	0.013699
246	50	0.012821
246	53	0.019608
246	69	0.016667
246	97	0.025641
246	130	0.040000
246	132	0.025000
246	154	0.027027
246	160	0.032258
246	176	0.029412
246	201	0.038462
246	228	0.045455
246	243	0.041667
246	262	0.043478
246	272	0.050000
246	304	0.050000
246	305	0.050000
246	338	0.052632
246	385	0.058824
246	404	0.058824
246	423	0.058824
246	431	0.058824
247	4	0.014706
247	15	0.014085
247	19	0.007937
247	20	0.006623
247	41	0.012987
247	47	0.011628
247	50	0.012821
247	68	0.017241
247	69	0.016667
247	79	0.015873
247	118	0.026316
247	132	0.025000
247	146	0.037037
247	192	0.037037
247	210	0.037037
247	215	0.030303
247	234	0.043478
247	260	0.047619
247	274	0.037037
247	282	0.047619
247	320	0.045455
247	354	0.058824
247	399	0.058824
248	0	0.011494
248	20	0.006623
248	23	0.010000
248	25	0.010989
248	39	0.014286
248	41	0.012987
248	46	0.019608
248	61	0.032258
248	65	0.020833
248	161	0.029412
248	170	0.034483
248	177	0.030303
248	188	0.041667
248	198	0.032258
248	210	0.037037
248	216	0.043478
248	237	0.037037
248	265	0.038462
248	266	0.047619
248	278	0.052632
248	286	0.058824
248	335	0.047619
248	375	0.058824
248	392	0.052632
248	422	0.058824
249	8	0.011905
249	15	0.014085
249	20	0.006623
249	26	0.010526
249	27	0.012987
249	46	0.019608
249	48	0.012048
249	50	0.012821
249	67	0.016129
249	71	0.022222
249	87	0.028571
249	101	0.022727
249	102	0.025000
249	112	0.022222
249	131	0.026316
249	181	0.041667
249	215	0.030303
249	301	0.052632
249	302	0.052632
249	305	0.050000
249	314	0.055556
249	322	0.058824
249	328	0.052632
250	2	0.010753
250	3	0.015873
250	12	0.014286
250	20	0.006623
250	28	0.014085
250	36	0.015385
250	37	0.012195
250	60	0.021277
250	101	0.022727
250	104	0.021739
250	134	0.027027
250	140	0.032258
250	142	0.030303
250	154	0.027027
250	175	0.030303
250	184	0.035714
250	215	0.030303
250	276	0.045455
250	289	0.038462
250	297	0.045455
250	318	0.055556
250	351	0.058824
250	415	0.058824
251	11	0.014286
251	20	0.006623
251	22	0.007194
251	49	0.018519
251	50	0.012821
251	57	0.023810
251	68	0.017241
251	76	0.018182
251	120	0.043478
251	129	0.023810
251	145	0.032258
251	148	0.032258
251	168	0.028571
251	171	0.037037
251	196	0.031250
251	212	0.035714
251	218	0.047619
251	372	0.052632
252	4	0.014706
252	9	0.019231
252	11	0.014286
252	17	0.006579
252	19	0.007937
252	23	0.010000
252	54	0.018519
252	65	0.020833
252	90	0.031250
252	110	0.030303
252	119	0.027778
252	163	0.033333
252	168	0.028571
252	173	0.031250
252	201	0.038462
252	215	0.030303
252	279	0.047619
252	345	0.058824
252	374	0.047619
253	3	0.015873
253	6	0.019231
253	12	0.014286
253	19	0.007937
253	20	0.006623
253	23	0.010000
253	34	0.008772
253	55	0.016949
253	60	0.021277
253	67	0.016129
253	82	0.028571
253	90	0.031250
253	135	0.027027
253	148	0.032258
253	175	0.030303
253	177	0.030303
253	201	0.038462
253	357	0.047619
254	12	0.014286
254	20	0.006623
254	22	0.007194
254	24	0.011494
254	29	0.016667
254	33	0.011236
254	34	0.008772
254	78	0.018519
254	80	0.022727
254	84	0.025000
254	111	0.023256
254	114	0.032258
254	164	0.045455
254	178	0.030303
254	227	0.037037
254	228	0.045455
254	232	0.031250
254	360	0.052632
254	363	0.052632
255	8	0.011905
255	11	0.014286
255	17	0.006579
255	22	0.007194
255	43	0.012658
255	54	0.018519
255	58	0.021277
255	80	0.022727
255	85	0.017544
255	98	0.025641
255	126	0.045455
255	145	0.032258
255	154	0.027027
255	164	0.045455
255	205	0.043478
255	206	0.040000
255	234	0.043478
256	20	0.006623
256	21	0.008000
256	26	0.010526
256	32	0.012346
256	36	0.015385
256	37	0.012195
256	40	0.014085
256	42	0.013699
256	43	0.012658
256	69	0.016667
256	87	0.028571
256	89	0.027778
256	90	0.031250
256	111	0.023256
256	118	0.026316
256	120	0.043478
256	144	0.032258
256	261	0.047619
256	280	0.047619
256	294	0.050000
256	300	0.052632
256	342	0.050000
256	378	0.050000
256	402	0.050000
256	413	0.058824
257	2	0.010753
257	11	0.014286
257	13	0.013699
257	18	0.008000
257	20	0.006623
257	22	0.007194
257	43	0.012658
257	45	0.018182
257	50	0.012821
257	55	0.016949
257	56	0.024390
257	60	0.021277
257	67	0.016129
257	69	0.016667
257	71	0.022222
257	88	0.025641
257	165	0.032258
257	264	0.047619
257	313	0.050000
257	330	0.052632
257	341	0.047619
257	347	0.055556
257	362	0.050000
257	386	0.045455
257	410	0.058824
257	428	0.058824
258	5	0.026316
258	23	0.010000
258	25	0.010989
258	26	0.010526
258	37	0.012195
258	44	0.015152
258	45	0.018182
258	51	0.013158
258	56	0.024390
258	72	0.020833
258	80	0.022727
258	118	0.026316
258	129	0.023810
258	139	0.033333
258	175	0.030303
258	176	0.029412
258	186	0.041667
258	259	0.041667
258	317	0.052632
258	342	0.050000
258	378	0.050000
258	406	0.055556
258	425	0.058824
259	33	0.011236
259	35	0.009009
259	36	0.015385
259	48	0.012048
259	51	0.013158
259	70	0.017241
259	71	0.022222
259	81	0.025641
259	96	0.030303
259	102	0.025000
259	105	0.021277
259	119	0.027778
259	138	0.031250
259	210	0.037037
259	215	0.030303
259	224	0.035714
259	258	0.043478
259	267	0.045455
259	280	0.047619
259	311	0.052632
259	312	0.050000
259	352	0.055556
259	356	0.055556
259	359	0.047619
260	7	0.020000
260	11	0.014286
260	21	0.008000
260	35	0.009009
260	43	0.012658
260	53	0.019608
260	55	0.016949
260	59	0.018182
260	65	0.020833
260	107	0.026316
260	123	0.037037
260	151	0.037037
260	179	0.035714
260	192	0.037037
260	200	0.035714
260	214	0.037037
260	247	0.043478
260	314	0.055556
260	325	0.045455
260	340	0.055556
260	348	0.055556
261	2	0.010753
261	10	0.017544
261	16	0.009709
261	18	0.008000
261	24	0.011494
261	29	0.016667
261	43	0.012658
261	50	0.012821
261	75	0.018519
261	127	0.047619
261	138	0.031250
261	145	0.032258
261	149	0.037037
261	159	0.047619
261	176	0.029412
261	245	0.038462
261	256	0.040000
261	303	0.041667
261	354	0.058824
261	397	0.047619
261	416	0.055556
262	3	0.015873
262	13	0.013699
262	15	0.014085
262	37	0.012195
262	55	0.016949
262	81	0.025641
262	83	0.018868
262	102	0.025000
262	110	0.030303
262	132	0.025000
262	142	0.030303
262	145	0.032258
262	178	0.030303
262	196	0.031250
262	197	0.033333
262	221	0.045455
262	246	0.038462
262	271	0.043478
262	305	0.050000
262	316	0.055556
262	372	0.052632
262	392	0.052632
262	405	0.058824
263	2	0.010753
263	8	0.011905
263	13	0.013699
263	17	0.006579
263	42	0.013699
263	48	0.012048
263	68	0.017241
263	79	0.015873
263	85	0.017544
263	128	0.033333
263	144	0.032258
263	178	0.030303
263	185	0.028571
263	212	0.035714
263	217	0.038462
263	224	0.035714
263	233	0.043478
263	317	0.052632
263	328	0.052632
263	332	0.055556
263	340	0.055556
263	371	0.052632
263	372	0.052632
263	380	0.058824
263	396	0.055556
263	421	0.058824
263	424	0.058824
263	429	0.058824
264	14	0.017857
264	16	0.009709
264	20	0.006623
264	23	0.010000
264	34	0.008772
264	35	0.009009
264	42	0.013699
264	44	0.015152
264	47	0.011628
264	83	0.018868
264	84	0.025000
264	108	0.035714
264	119	0.027778
264	160	0.032258
264	185	0.028571
264	214	0.037037
264	257	0.038462
264	358	0.052632
264	387	0.050000
264	402	0.050000
264	427	0.058824
265	2	0.010753
265	4	0.014706
265	15	0.014085
265	17	0.006579
265	20	0.006623
265	38	0.015873
265	43	0.012658
265	53	0.019608
265	56	0.024390
265	70	0.017241
265	71	0.022222
265	78	0.018519
265	79	0.015873
265	150	0.037037
265	163	0.033333
265	225	0.040000
265	248	0.040000
265	266	0.047619
265	314	0.055556
265	326	0.050000
265	336	0.052632
265	340	0.055556
265	348	0.055556
265	350	0.058824
265	357	0.047619
265	382	0.058824
266	9	0.019231
266	10	0.017544
266	11	0.014286
266	27	0.012987
266	32	0.012346
266	41	0.012987
266	43	0.012658
266	48	0.012048
266	49	0.018519
266	103	0.034483
266	108	0.035714
266	113	0.022222
266	134	0.027027
266	209	0.034483
266	222	0.050000
266	248	0.040000
266	265	0.038462
266	347	0.055556
266	360	0.052632
266	365	0.055556
266	399	0.058824
267	7	0.020000
267	13	0.013699
267	18	0.008000
267	41	0.012987
267	64	0.019608
267	72	0.020833
267	77	0.020833
267	85	0.017544
267	92	0.038462
267	97	0.025641
267	107	0.026316
267	121	0.029412
267	148	0.032258
267	192	0.037037
267	197	0.033333
267	199	0.033333
267	259	0.041667
267	276	0.045455
267	300	0.052632
267	311	0.052632
267	339	0.052632
267	431	0.058824
268	18	0.008000
268	20	0.006623
268	22	0.007194
268	26	0.010526
268	37	0.012195
268	43	0.012658
268	54	0.018519
268	87	0.028571
268	89	0.027778
268	100	0.027778
268	129	0.023810
268	135	0.027027
268	140	0.032258
268	168	0.028571
268	184	0.035714
268	192	0.037037
268	273	0.047619
268	276	0.045455
268	282	0.047619
268	326	0.050000
268	331	0.043478
268	353	0.055556
268	358	0.052632
268	379	0.058824
268	398	0.052632
269	0	0.011494
269	19	0.007937
269	20	0.006623
269	23	0.010000
269	25	0.010989
269	28	0.014085
269	36	0.015385
269	47	0.011628
269	65	0.020833
269	101	0.022727
269	112	0.022222
269	124	0.031250
269	172	0.035714
269	177	0.030303
269	182	0.047619
269	208	0.047619
269	225	0.040000
269	364	0.052632
269	365	0.055556
270	16	0.009709
270	17	0.006579
270	19	0.007937
270	22	0.007194
270	23	0.010000
270	34	0.008772
270	40	0.014085
270	41	0.012987
270	42	0.013699
270	55	0.016949
270	59	0.018182
270	83	0.018868
270	99	0.022222
270	118	0.026316
270	127	0.047619
270	161	0.029412
270	213	0.041667
270	280	0.047619
270	290	0.050000
270	295	0.055556
270	315	0.052632
270	342	0.050000
270	406	0.055556
270	432	0.058824
271	18	0.008000
271	29	0.016667
271	35	0.009009
271	49	0.018519
271	60	0.021277
271	94	0.035714
271	98	0.025641
271	104	0.021739
271	144	0.032258
271	153	0.032258
271	163	0.033333
271	180	0.031250
271	187	0.035714
271	232	0.031250
271	237	0.037037
271	244	0.043478
271	262	0.043478
271	282	0.047619
271	331	0.043478
271	335	0.047619
271	343	0.047619
271	364	0.052632
271	411	0.058824
272	6	0.019231
272	9	0.019231
272	16	0.009709
272	17	0.006579
272	20	0.006623
272	37	0.012195
272	44	0.015152
272	45	0.018182
272	50	0.012821
272	54	0.018519
272	72	0.020833
272	86	0.029412
272	112	0.022222
272	113	0.022222
272	140	0.032258
272	203	0.041667
272	246	0.038462
272	328	0.052632
272	346	0.055556
272	377	0.052632
273	20	0.006623
273	33	0.011236
273	41	0.012987
273	42	0.013699
273	48	0.012048
273	50	0.012821
273	104	0.021739
273	111	0.023256
273	138	0.031250
273	141	0.033333
273	176	0.029412
273	184	0.035714
273	186	0.041667
273	200	0.035714
273	225	0.040000
273	232	0.031250
273	268	0.040000
273	284	0.045455
273	285	0.055556
273	376	0.058824
273	409	0.058824
274	3	0.015873
274	7	0.020000
274	17	0.006579
274	19	0.007937
274	20	0.006623
274	49	0.018519
274	64	0.019608
274	70	0.017241
274	75	0.018519
274	102	0.025000
274	115	0.023810
274	134	0.027027
274	154	0.027027
274	169	0.034483
274	186	0.041667
274	201	0.038462
274	247	0.043478
274	281	0.047619
274	294	0.050000
274	298	0.052632
274	303	0.041667
274	307	0.052632
274	314	0.055556
274	319	0.052632
274	326	0.050000
274	339	0.052632
274	342	0.050000
275	4	0.014706
275	5	0.026316
275	6	0.019231
275	10	0.017544
275	19	0.007937
275	25	0.010989
275	26	0.010526
275	65	0.020833
275	67	0.016129
275	84	0.025000
275	88	0.025641
275	114	0.032258
275	156	0.043478
275	157	0.038462
275	186	0.041667
275	222	0.050000
275	243	0.041667
275	298	0.052632
275	306	0.052632
275	316	0.055556
276	6	0.019231
276	11	0.014286
276	15	0.014085
276	18	0.008000
276	21	0.008000
276	27	0.012987
276	99	0.022222
276	106	0.025000
276	121	0.029412
276	155	0.034483
276	195	0.041667
276	210	0.037037
276	241	0.045455
276	245	0.038462
276	250	0.043478
276	267	0.045455
276	268	0.040000
276	283	0.052632
276	324	0.050000
276	363	0.052632
276	381	0.052632
276	390	0.050000
277	3	0.015873
277	4	0.014706
277	10	0.017544
277	34	0.008772
277	35	0.009009
277	37	0.012195
277	64	0.019608
277	83	0.018868
277	84	0.025000
277	85	0.017544
277	96	0.030303
277	100	0.027778
277	102	0.025000
277	105	0.021277
277	139	0.033333
277	143	0.033333
277	199	0.033333
277	292	0.041667
277	356	0.055556
277	358	0.052632
277	363	0.052632
277	393	0.052632
278	11	0.014286
278	24	0.011494
278	35	0.009009
278	39	0.014286
278	41	0.012987
278	44	0.015152
278	84	0.025000
278	120	0.043478
278	154	0.027027
278	167	0.038462
278	174	0.029412
278	176	0.029412
278	179	0.035714
278	185	0.028571
278	203	0.041667
278	214	0.037037
278	248	0.040000
278	286	0.058824
278	383	0.058824
279	1	0.024390
279	10	0.017544
279	14	0.017857
279	18	0.008000
279	21	0.008000
279	23	0.010000
279	50	0.012821
279	59	0.018182
279	76	0.018182
279	104	0.021739
279	105	0.021277
279	123	0.037037
279	185	0.028571
279	205	0.043478
279	240	0.041667
279	245	0.038462
279	252	0.052632
279	293	0.050000
279	303	0.041667
279	332	0.055556
279	374	0.047619
280	0	0.011494
280	10	0.017544
280	21	0.008000
280	80	0.022727
280	97	0.025641
280	102	0.025000
280	106	0.025000
280	112	0.022222
280	138	0.031250
280	147	0.033333
280	172	0.035714
280	192	0.037037
280	195	0.041667
280	226	0.037037
280	256	0.040000
280	259	0.041667
280	270	0.041667
280	322	0.058824
280	366	0.055556
280	394	0.058824
280	419	0.058824
281	10	0.017544
281	16	0.009709
281	18	0.008000
281	20	0.006623
281	22	0.007194
281	34	0.008772
281	39	0.014286
281	43	0.012658
281	48	0.012048
281	66	0.026316
281	142	0.030303
281	168	0.028571
281	174	0.029412
281	198	0.032258
281	207	0.041667
281	241	0.045455
281	274	0.037037
281	299	0.041667
281	313	0.050000
281	381	0.052632
281	421	0.058824
282	1	0.024390
282	22	0.007194
282	37	0.012195
282	41	0.012987
282	44	0.015152
282	50	0.012821
282	97	0.025641
282	145	0.032258
282	165	0.032258
282	177	0.030303
282	181	0.041667
282	223	0.050000
282	232	0.031250
282	235	0.040000
282	247	0.043478
282	268	0.040000
282	271	0.043478
282	309	0.047619
282	317	0.052632
282	325	0.045455
282	351	0.058824
283	1	0.024390
283	8	0.011905
283	11	0.014286
283	16	0.009709
283	27	0.012987
283	33	0.011236
283	34	0.008772
283	41	0.012987
283	51	0.013158
283	69	0.016667
283	136	0.033333
283	150	0.037037
283	161	0.029412
283	198	0.032258
283	203	0.041667
283	237	0.037037
283	276	0.045455
283	337	0.050000
283	392	0.052632
284	5	0.026316
284	13	0.013699
284	17	0.006579
284	23	0.010000
284	26	0.010526
284	33	0.011236
284	40	0.014085
284	44	0.015152
284	47	0.011628
284	51	0.013158
284	55	0.016949
284	61	0.032258
284	66	0.026316
284	70	0.017241
284	101	0.022727
284	175	0.030303
284	273	0.047619
284	286	0.058824
284	325	0.045455
284	353	0.055556
284	422	0.058824
284	426	0.058824
285	34	0.008772
285	37	0.012195
285	42	0.013699
285	48	0.012048
285	49	0.018519
285	60	0.021277
285	61	0.032258
285	65	0.020833
285	74	0.020833
285	126	0.045455
285	133	0.030303
285	143	0.033333
285	152	0.035714
285	155	0.034483
285	198	0.032258
285	215	0.030303
285	273	0.047619
285	298	0.052632
286	0	0.011494
286	15	0.014085
286	24	0.011494
286	27	0.012987
286	36	0.015385
286	66	0.026316
286	70	0.017241
286	74	0.020833
286	106	0.025000
286	107	0.026316
286	135	0.027027
286	156	0.043478
286	240	0.041667
286	242	0.045455
286	248	0.040000
286	278	0.052632
286	284	0.045455
287	6	0.019231
287	8	0.011905
287	26	0.010526
287	39	0.014286
287	48	0.012048
287	50	0.012821
287	60	0.021277
287	64	0.019608
287	71	0.022222
287	102	0.025000
287	103	0.034483
287	105	0.021277
287	116	0.024390
287	118	0.026316
287	139	0.033333
287	141	0.033333
287	180	0.031250
287	393	0.052632
288	1	0.024390
288	2	0.010753
288	23	0.010000
288	36	0.015385
288	48	0.012048
288	58	0.021277
288	63	0.038462
288	71	0.022222
288	83	0.018868
288	88	0.025641
288	89	0.027778
288	118	0.026316
288	119	0.027778
288	132	0.025000
288	156	0.043478
288	185	0.028571
288	208	0.047619
288	290	0.050000
288	294	0.050000
288	371	0.052632
288	397	0.047619
288	426	0.058824
289	7	0.020000
289	8	0.011905
289	25	0.010989
289	32	0.012346
289	34	0.008772
289	37	0.012195
289	40	0.014085
289	53	0.019608
289	55	0.016949
289	58	0.021277
289	79	0.015873
289	94	0.035714
289	103	0.034483
289	118	0.026316
289	122	0.041667
289	141	0.033333
289	250	0.043478
289	290	0.050000
289	308	0.038462
289	338	0.052632
289	344	0.050000
289	360	0.052632
289	367	0.058824
289	378	0.050000
289	380	0.058824
289	384	0.055556
290	8	0.011905
290	18	0.008000
290	32	0.012346
290	43	0.012658
290	47	0.011628
290	66	0.026316
290	76	0.018182
290	91	0.023256
290	105	0.021277
290	127	0.047619
290	146	0.037037
290	162	0.041667
290	174	0.029412
290	209	0.034483
290	270	0.041667
290	288	0.045455
290	289	0.038462
290	372	0.052632
290	394	0.058824
290	405	0.058824
291	3	0.015873
291	12	0.014286
291	26	0.010526
291	32	0.012346
291	40	0.014085
291	43	0.012658
291	60	0.021277
291	98	0.025641
291	110	0.030303
291	134	0.027027
291	135	0.027027
291	140	0.032258
291	172	0.035714
291	174	0.029412
291	180	0.031250
291	211	0.041667
291	234	0.043478
291	296	0.050000
291	299	0.041667
291	359	0.047619
291	365	0.055556
291	400	0.052632
291	416	0.055556
292	8	0.011905
292	15	0.014085
292	17	0.006579
292	22	0.007194
292	24	0.011494
292	38	0.015873
292	42	0.013699
292	45	0.018182
292	79	0.015873
292	85	0.017544
292	103	0.034483
292	105	0.021277
292	136	0.033333
292	140	0.032258
292	200	0.035714
292	206	0.040000
292	277	0.045455
292	314	0.055556
292	328	0.052632
292	330	0.052632
292	348	0.055556
292	364	0.052632
292	398	0.052632
292	411	0.058824
293	8	0.011905
293	11	0.014286
293	12	0.014286
293	20	0.006623
293	22	0.007194
293	26	0.010526
293	33	0.011236
293	58	0.021277
293	68	0.017241
293	100	0.027778
293	102	0.025000
293	106	0.025000
293	108	0.035714
293	150	0.037037
293	239	0.047619
293	240	0.041667
293	279	0.047619
293	321	0.050000
293	331	0.043478
293	349	0.055556
294	2	0.010753
294	10	0.017544
294	27	0.012987
294	40	0.014085
294	70	0.017241
294	74	0.020833
294	76	0.018182
294	85	0.017544
294	95	0.040000
294	109	0.029412
294	149	0.037037
294	154	0.027027
294	163	0.033333
294	209	0.034483
294	256	0.040000
294	274	0.037037
294	288	0.045455
294	342	0.050000
294	414	0.055556
294	415	0.058824
295	0	0.011494
295	2	0.010753
295	10	0.017544
295	17	0.006579
295	35	0.009009
295	47	0.011628
295	55	0.016949
295	69	0.016667
295	71	0.022222
295	72	0.020833
295	76	0.018182
295	79	0.015873
295	111	0.023256
295	116	0.024390
295	140	0.032258
295	196	0.031250
295	270	0.041667
295	333	0.050000
296	0	0.011494
296	3	0.015873
296	22	0.007194
296	40	0.014085
296	48	0.012048
296	54	0.018519
296	58	0.021277
296	64	0.019608
296	68	0.017241
296	72	0.020833
296	121	0.029412
296	137	0.034483
296	140	0.032258
296	144	0.032258
296	174	0.029412
296	240	0.041667
296	291	0.043478
296	300	0.052632
296	332	0.055556
296	394	0.058824
297	14	0.017857
297	22	0.007194
297	35	0.009009
297	42	0.013699
297	50	0.012821
297	76	0.018182
297	81	0.025641
297	89	0.027778
297	90	0.031250
297	104	0.021739
297	113	0.022222
297	115	0.023810
297	143	0.033333
297	154	0.027027
297	213	0.041667
297	214	0.037037
297	250	0.043478
297	302	0.052632
297	314	0.055556
297	353	0.055556
297	363	0.052632
297	411	0.058824
298	4	0.014706
298	12	0.014286
298	21	0.008000
298	32	0.012346
298	34	0.008772
298	37	0.012195
298	48	0.012048
298	64	0.019608
298	79	0.015873
298	132	0.025000
298	155	0.034483
298	197	0.033333
298	209	0.034483
298	221	0.045455
298	274	0.037037
298	275	0.050000
298	285	0.055556
298	316	0.055556
298	420	0.058824
299	0	0.011494
299	5	0.026316
299	20	0.006623
299	40	0.014085
299	43	0.012658
299	45	0.018182
299	50	0.012821
299	59	0.018182
299	77	0.020833
299	99	0.022222
299	151	0.037037
299	153	0.032258
299	168	0.028571
299	196	0.031250
299	221	0.045455
299	281	0.047619
299	291	0.043478
299	313	0.050000
299	334	0.052632
299	343	0.047619
299	345	0.058824
299	369	0.052632
299	377	0.052632
299	390	0.050000
300	1	0.024390
300	2	0.010753
300	8	0.011905
300	16	0.009709
300	18	0.008000
300	20	0.006623
300	37	0.012195
300	82	0.028571
300	105	0.021277
300	134	0.027027
300	150	0.037037
300	181	0.041667
300	224	0.035714
300	236	0.043478
300	256	0.040000
300	267	0.045455
300	296	0.050000
300	307	0.052632
300	408	0.058824
301	2	0.010753
301	3	0.015873
301	21	0.008000
301	32	0.012346
301	43	0.012658
301	67	0.016129
301	79	0.015873
301	80	0.022727
301	89	0.027778
301	97	0.025641
301	99	0.022222
301	101	0.022727
301	123	0.037037
301	154	0.027027
301	193	0.041667
301	236	0.043478
301	249	0.043478
301	365	0.055556
301	394	0.058824
302	15	0.014085
302	18	0.008000
302	28	0.014085
302	39	0.014286
302	43	0.012658
302	61	0.032258
302	76	0.018182
302	87	0.028571
302	100	0.027778
302	102	0.025000
302	128	0.033333
302	153	0.032258
302	173	0.031250
302	181	0.041667
302	184	0.035714
302	249	0.043478
302	297	0.045455
302	315	0.052632
302	339	0.052632
303	1	0.024390
303	7	0.020000
303	10	0.017544
303	17	0.006579
303	26	0.010526
303	35	0.009009
303	40	0.014085
303	46	0.019608
303	58	0.021277
303	116	0.024390
303	124	0.031250
303	127	0.047619
303	139	0.033333
303	162	0.041667
303	261	0.047619
303	274	0.037037
303	279	0.047619
303	307	0.052632
303	323	0.050000
303	348	0.055556
303	349	0.055556
303	362	0.050000
303	367	0.058824
303	374	0.047619
304	13	0.013699
304	19	0.007937
304	20	0.006623
304	21	0.008000
304	22	0.007194
304	32	0.012346
304	50	0.012821
304	53	0.019608
304	97	0.025641
304	109	0.029412
304	112	0.022222
304	154	0.027027
304	162	0.041667
304	187	0.035714
304	209	0.034483
304	211	0.041667
304	246	0.038462
304	313	0.050000
304	347	0.055556
304	395	0.052632
305	9	0.019231
305	17	0.006579
305	19	0.007937
305	38	0.015873
305	55	0.016949
305	75	0.018519
305	78	0.018519
305	97	0.025641
305	107	0.026316
305	165	0.032258
305	180	0.031250
305	203	0.041667
305	228	0.045455
305	232	0.031250
305	246	0.038462
305	249	0.043478
305	262	0.043478
305	330	0.052632
305	382	0.058824
305	431	0.058824
306	8	0.011905
306	18	0.008000
306	19	0.007937
306	22	0.007194
306	24	0.011494
306	27	0.012987
306	28	0.014085
306	34	0.008772
306	44	0.015152
306	75	0.018519
306	102	0.025000
306	129	0.023810
306	148	0.032258
306	197	0.033333
306	216	0.043478
306	243	0.041667
306	275	0.050000
306	309	0.047619
306	363	0.052632
307	3	0.015873
307	13	0.013699
307	17	0.006579
307	18	0.008000
307	35	0.009009
307	43	0.012658
307	44	0.015152
307	46	0.019608
307	63	0.038462
307	72	0.020833
307	78	0.018519
307	79	0.015873
307	111	0.023256
307	204	0.043478
307	274	0.037037
307	300	0.052632
307	303	0.041667
307	309	0.047619
307	432	0.058824
308	3	0.015873
308	18	0.008000
308	22	0.007194
308	25	0.010989
308	33	0.011236
308	35	0.009009
308	52	0.018182
308	58	0.021277
308	69	0.016667
308	79	0.015873
308	97	0.025641
308	106	0.025000
308	124	0.031250
308	174	0.029412
308	204	0.043478
308	218	0.047619
308	289	0.038462
308	309	0.047619
308	315	0.052632
308	329	0.047619
308	336	0.052632
308	361	0.047619
308	389	0.055556
308	391	0.058824
308	402	0.050000
308	415	0.058824
309	17	0.006579
309	26	0.010526
309	38	0.015873
309	52	0.018182
309	53	0.019608
309	79	0.015873
309	100	0.027778
309	140	0.032258
309	145	0.032258
309	199	0.033333
309	226	0.037037
309	231	0.052632
309	244	0.043478
309	282	0.047619
309	306	0.052632
309	307	0.052632
309	308	0.038462
309	360	0.052632
309	369	0.052632
309	391	0.058824
309	412	0.058824
310	4	0.014706
310	16	0.009709
310	20	0.006623
310	25	0.010989
310	34	0.008772
310	39	0.014286
310	40	0.014085
310	43	0.012658
310	49	0.018519
310	60	0.021277
310	70	0.017241
310	84	0.025000
310	150	0.037037
310	155	0.034483
310	171	0.037037
310	187	0.035714
310	221	0.045455
310	318	0.055556
310	328	0.052632
310	359	0.047619
310	372	0.052632
310	398	0.052632
310	417	0.058824
310	429	0.058824
311	21	0.008000
311	40	0.014085
311	41	0.012987
311	52	0.018182
311	55	0.016949
311	82	0.028571
311	104	0.021739
311	117	0.031250
311	131	0.026316
311	132	0.025000
311	134	0.027027
311	202	0.038462
311	229	0.041667
311	232	0.031250
311	242	0.045455
311	259	0.041667
311	267	0.045455
311	423	0.058824
311	431	0.058824
312	0	0.011494
312	13	0.013699
312	22	0.007194
312	26	0.010526
312	41	0.012987
312	65	0.020833
312	67	0.016129
312	78	0.018519
312	90	0.031250
312	100	0.027778
312	106	0.025000
312	111	0.023256
312	115	0.023810
312	135	0.027027
312	167	0.038462
312	178	0.030303
312	259	0.041667
312	319	0.052632
312	373	0.055556
312	382	0.058824
313	9	0.019231
313	11	0.014286
313	19	0.007937
313	45	0.018182
313	46	0.019608
313	55	0.016949
313	77	0.020833
313	85	0.017544
313	134	0.027027
313	136	0.033333
313	142	0.030303
313	230	0.045455
313	243	0.041667
313	257	0.038462
313	281	0.047619
313	299	0.041667
313	304	0.050000
313	325	0.045455
313	398	0.052632
313	408	0.058824
314	26	0.010526
314	35	0.009009
314	44	0.015152
314	85	0.017544
314	88	0.025641
314	91	0.023256
314	119	0.027778
314	180	0.031250
314	191	0.047619
314	207	0.041667
314	238	0.050000
314	249	0.043478
314	260	0.047619
314	265	0.038462
314	274	0.037037
314	292	0.041667
314	297	0.045455
314	386	0.045455
315	2	0.010753
315	10	0.017544
315	13	0.013699
315	20	0.006623
315	34	0.008772
315	43	0.012658
315	48	0.012048
315	54	0.018519
315	70	0.017241
315	73	0.022222
315	97	0.025641
315	98	0.025641
315	151	0.037037
315	199	0.033333
315	270	0.041667
315	302	0.052632
315	308	0.038462
315	316	0.055556
315	367	0.058824
316	11	0.014286
316	16	0.009709
316	17	0.006579
316	19	0.007937
316	21	0.008000
316	34	0.008772
316	36	0.015385
316	74	0.020833
316	85	0.017544
316	108	0.035714
316	131	0.026316
316	157	0.038462
316	199	0.033333
316	262	0.043478
316	275	0.050000
316	298	0.052632
316	315	0.052632
316	388	0.055556
317	1	0.024390
317	11	0.014286
317	13	0.013699
317	21	0.008000
317	26	0.010526
317	47	0.011628
317	48	0.012048
317	68	0.017241
317	116	0.024390
317	142	0.030303
317	172	0.035714
317	188	0.041667
317	198	0.032258
317	243	0.041667
317	258	0.043478
317	263	0.035714
317	282	0.047619
317	372	0.052632
317	429	0.058824
318	2	0.010753
318	20	0.006623
318	32	0.012346
318	39	0.014286
318	42	0.013699
318	49	0.018519
318	101	0.022727
318	121	0.029412
318	143	0.033333
318	152	0.035714
318	153	0.032258
318	175	0.030303
318	177	0.030303
318	179	0.035714
318	180	0.031250
318	250	0.043478
318	310	0.041667
318	353	0.055556
319	2	0.010753
319	20	0.006623
319	22	0.007194
319	28	0.014085
319	62	0.037037
319	68	0.017241
319	74	0.020833
319	84	0.025000
319	87	0.028571
319	129	0.023810
319	135	0.027027
319	137	0.034483
319	140	0.032258
319	144	0.032258
319	189	0.047619
319	274	0.037037
319	312	0.050000
319	369	0.052632
319	384	0.055556
320	3	0.015873
320	4	0.014706
320	9	0.019231
320	15	0.014085
320	34	0.008772
320	37	0.012195
320	70	0.017241
320	83	0.018868
320	113	0.022222
320	116	0.024390
320	123	0.037037
320	161	0.029412
320	165	0.032258
320	168	0.028571
320	177	0.030303
320	213	0.041667
320	247	0.043478
320	321	0.050000
320	344	0.050000
320	364	0.052632
320	372	0.052632
320	413	0.058824
321	8	0.011905
321	9	0.019231
321	11	0.014286
321	12	0.014286
321	33	0.011236
321	34	0.008772
321	51	0.013158
321	80	0.022727
321	83	0.018868
321	133	0.030303
321	171	0.037037
321	175	0.030303
321	178	0.030303
321	194	0.043478
321	224	0.035714
321	293	0.050000
321	320	0.045455
321	355	0.055556
321	396	0.055556
321	430	0.058824
322	0	0.011494
322	17	0.006579
322	37	0.012195
322	47	0.011628
322	52	0.018182
322	70	0.017241
322	96	0.030303
322	100	0.027778
322	110	0.030303
322	132	0.025000
322	135	0.027027
322	171	0.037037
322	217	0.038462
322	226	0.037037
322	234	0.043478
322	249	0.043478
322	280	0.047619
323	4	0.014706
323	7	0.020000
323	16	0.009709
323	17	0.006579
323	27	0.012987
323	38	0.015873
323	49	0.018519
323	53	0.019608
323	56	0.024390
323	62	0.037037
323	74	0.020833
323	77	0.020833
323	91	0.023256
323	132	0.025000
323	150	0.037037
323	235	0.040000
323	303	0.041667
323	353	0.055556
323	362	0.050000
323	370	0.052632
324	2	0.010753
324	12	0.014286
324	22	0.007194
324	33	0.011236
324	39	0.014286
324	40	0.014085
324	44	0.015152
324	57	0.023810
324	69	0.016667
324	80	0.022727
324	91	0.023256
324	130	0.040000
324	178	0.030303
324	179	0.035714
324	180	0.031250
324	214	0.037037
324	276	0.045455
324	344	0.050000
324	372	0.052632
324	418	0.058824
325	18	0.008000
325	24	0.011494
325	28	0.014085
325	65	0.020833
325	73	0.022222
325	96	0.030303
325	112	0.022222
325	131	0.026316
325	162	0.041667
325	184	0.035714
325	203	0.041667
325	212	0.035714
325	215	0.030303
325	260	0.047619
325	282	0.047619
325	284	0.045455
325	313	0.050000
325	350	0.058824
325	354	0.058824
325	387	0.050000
325	409	0.058824
325	419	0.058824
326	17	0.006579
326	19	0.007937
326	33	0.011236
326	34	0.008772
326	45	0.018182
326	46	0.019608
326	69	0.016667
326	73	0.022222
326	84	0.025000
326	104	0.021739
326	128	0.033333
326	137	0.034483
326	144	0.032258
326	206	0.040000
326	265	0.038462
326	268	0.040000
326	274	0.037037
326	391	0.058824
326	398	0.052632
326	426	0.058824
327	4	0.014706
327	5	0.026316
327	11	0.014286
327	41	0.012987
327	48	0.012048
327	51	0.013158
327	67	0.016129
327	92	0.038462
327	100	0.027778
327	105	0.021277
327	123	0.037037
327	138	0.031250
327	164	0.045455
327	176	0.029412
327	185	0.028571
327	207	0.041667
327	226	0.037037
327	406	0.055556
328	2	0.010753
328	17	0.006579
328	19	0.007937
328	21	0.008000
328	22	0.007194
328	24	0.011494
328	30	0.027778
328	67	0.016129
328	85	0.017544
328	104	0.021739
328	153	0.032258
328	178	0.030303
328	249	0.043478
328	263	0.035714
328	272	0.050000
328	292	0.041667
328	310	0.041667
328	418	0.058824
328	422	0.058824
329	0	0.011494
329	7	0.020000
329	10	0.017544
329	12	0.014286
329	21	0.008000
329	22	0.007194
329	34	0.008772
329	35	0.009009
329	37	0.012195
329	40	0.014085
329	60	0.021277
329	81	0.025641
329	99	0.022222
329	160	0.032258
329	197	0.033333
329	237	0.037037
329	308	0.038462
329	395	0.052632
329	414	0.055556
329	420	0.058824
329	426	0.058824
330	17	0.006579
330	22	0.007194
330	23	0.010000
330	26	0.010526
330	34	0.008772
330	37	0.012195
330	44	0.015152
330	50	0.012821
330	85	0.017544
330	137	0.034483
330	163	0.033333
330	173	0.031250
330	192	0.037037
330	244	0.043478
330	257	0.038462
330	292	0.041667
330	305	0.050000
330	394	0.058824
330	424	0.058824
331	15	0.014085
331	65	0.020833
331	86	0.029412
331	91	0.023256
331	102	0.025000
331	105	0.021277
331	106	0.025000
331	116	0.024390
331	163	0.033333
331	166	0.034483
331	175	0.030303
331	206	0.040000
331	215	0.030303
331	225	0.040000
331	268	0.040000
331	271	0.043478
331	293	0.050000
331	332	0.055556
331	353	0.055556
331	385	0.058824
331	390	0.050000
331	411	0.058824
331	414	0.055556
332	12	0.014286
332	34	0.008772
332	48	0.012048
332	58	0.021277
332	65	0.020833
332	72	0.020833
332	76	0.018182
332	138	0.031250
332	143	0.033333
332	161	0.029412
332	166	0.034483
332	232	0.031250
332	240	0.041667
332	263	0.035714
332	279	0.047619
332	296	0.050000
332	331	0.043478
332	414	0.055556
333	0	0.011494
333	24	0.011494
333	31	0.033333
333	44	0.015152
333	47	0.011628
333	64	0.019608
333	69	0.016667
333	83	0.018868
333	97	0.025641
333	126	0.045455
333	171	0.037037
333	184	0.035714
333	185	0.028571
333	197	0.033333
333	209	0.034483
333	244	0.043478
333	295	0.055556
333	384	0.055556
333	404	0.058824
333	406	0.055556
334	4	0.014706
334	20	0.006623
334	22	0.007194
334	26	0.010526
334	28	0.014085
334	51	0.013158
334	85	0.017544
334	92	0.038462
334	118	0.026316
334	133	0.030303
334	165	0.032258
334	169	0.034483
334	203	0.041667
334	209	0.034483
334	237	0.037037
334	242	0.045455
334	299	0.041667
334	349	0.055556
334	409	0.058824
335	15	0.014085
335	16	0.009709
335	17	0.006579
335	49	0.018519
335	66	0.026316
335	80	0.022727
335	106	0.025000
335	135	0.027027
335	138	0.031250
335	151	0.037037
335	178	0.030303
335	196	0.031250
335	227	0.037037
335	234	0.043478
335	248	0.040000
335	271	0.043478
335	341	0.047619
335	359	0.047619
335	377	0.052632
335	413	0.058824
335	431	0.058824
336	4	0.014706
336	12	0.014286
336	16	0.009709
336	17	0.006579
336	19	0.007937
336	26	0.010526
336	44	0.015152
336	47	0.011628
336	56	0.024390
336	105	0.021277
336	135	0.027027
336	143	0.033333
336	147	0.033333
336	232	0.031250
336	243	0.041667
336	265	0.038462
336	308	0.038462
336	339	0.052632
336	410	0.058824
337	14	0.017857
337	17	0.006579
337	18	0.008000
337	19	0.007937
337	20	0.006623
337	29	0.016667
337	39	0.014286
337	41	0.012987
337	46	0.019608
337	64	0.019608
337	104	0.021739
337	116	0.024390
337	145	0.032258
337	180	0.031250
337	182	0.047619
337	190	0.050000
337	283	0.052632
337	346	0.055556
337	387	0.050000
337	414	0.055556
338	2	0.010753
338	16	0.009709
338	34	0.008772
338	67	0.016129
338	78	0.018519
338	106	0.025000
338	112	0.022222
338	130	0.040000
338	134	0.027027
338	138	0.031250
338	141	0.033333
338	170	0.034483
338	174	0.029412
338	176	0.029412
338	229	0.041667
338	246	0.038462
338	289	0.038462
338	390	0.050000
338	397	0.047619
339	11	0.014286
339	14	0.017857
339	19	0.007937
339	20	0.006623
339	21	0.008000
339	32	0.012346
339	54	0.018519
339	64	0.019608
339	107	0.026316
339	115	0.023810
339	116	0.024390
339	206	0.040000
339	226	0.037037
339	267	0.045455
339	274	0.037037
339	302	0.052632
339	336	0.052632
339	403	0.058824
339	426	0.058824
340	8	0.011905
340	19	0.007937
340	27	0.012987
340	35	0.009009
340	47	0.011628
340	55	0.016949
340	88	0.025641
340	94	0.035714
340	98	0.025641
340	119	0.027778
340	176	0.029412
340	190	0.050000
340	226	0.037037
340	242	0.045455
340	260	0.047619
340	263	0.035714
340	265	0.038462
340	414	0.055556
341	1	0.024390
341	3	0.015873
341	8	0.011905
341	12	0.014286
341	29	0.016667
341	51	0.013158
341	56	0.024390
341	64	0.019608
341	69	0.016667
341	85	0.017544
341	132	0.025000
341	167	0.038462
341	168	0.028571
341	204	0.043478
341	214	0.037037
341	257	0.038462
341	335	0.047619
341	350	0.058824
341	367	0.058824
341	384	0.055556
341	409	0.058824
342	0	0.011494
342	4	0.014706
342	13	0.013699
342	17	0.006579
342	56	0.024390
342	78	0.018519
342	139	0.033333
342	147	0.033333
342	150	0.037037
342	181	0.041667
342	188	0.041667
342	211	0.041667
342	256	0.040000
342	258	0.043478
342	270	0.041667
342	274	0.037037
342	294	0.050000
342	344	0.050000
342	350	0.058824
342	416	0.055556
343	0	0.011494
343	4	0.014706
343	9	0.019231
343	34	0.008772
343	59	0.018182
343	71	0.022222
343	109	0.029412
343	111	0.023256
343	116	0.024390
343	135	0.027027
343	144	0.032258
343	172	0.035714
343	180	0.031250
343	225	0.040000
343	235	0.040000
343	271	0.043478
343	299	0.041667
343	347	0.055556
343	358	0.052632
343	386	0.045455
343	398	0.052632
344	5	0.026316
344	11	0.014286
344	21	0.008000
344	22	0.007194
344	34	0.008772
344	37	0.012195
344	50	0.012821
344	57	0.023810
344	72	0.020833
344	85	0.017544
344	107	0.026316
344	175	0.030303
344	232	0.031250
344	289	0.038462
344	320	0.045455
344	324	0.050000
344	342	0.050000
344	364	0.052632
344	387	0.050000
344	397	0.047619
345	6	0.019231
345	17	0.006579
345	19	0.007937
345	22	0.007194
345	34	0.008772
345	38	0.015873
345	50	0.012821
345	84	0.025000
345	97	0.025641
345	118	0.026316
345	150	0.037037
345	154	0.027027
345	161	0.029412
345	170	0.034483
345	227	0.037037
345	252	0.052632
345	299	0.041667
346	7	0.020000
346	13	0.013699
346	26	0.010526
346	27	0.012987
346	29	0.016667
346	51	0.013158
346	70	0.017241
346	77	0.020833
346	83	0.018868
346	110	0.030303
346	154	0.027027
346	158	0.047619
346	168	0.028571
346	212	0.035714
346	241	0.045455
346	272	0.050000
346	337	0.050000
346	370	0.052632
347	6	0.019231
347	7	0.020000
347	18	0.008000
347	19	0.007937
347	26	0.010526
347	42	0.013699
347	45	0.018182
347	58	0.021277
347	76	0.018182
347	163	0.033333
347	192	0.037037
347	210	0.037037
347	231	0.052632
347	257	0.038462
347	266	0.047619
347	304	0.050000
347	343	0.047619
347	354	0.058824
348	0	0.011494
348	3	0.015873
348	6	0.019231
348	8	0.011905
348	16	0.009709
348	18	0.008000
348	35	0.009009
348	65	0.020833
348	78	0.018519
348	107	0.026316
348	110	0.030303
348	116	0.024390
348	135	0.027027
348	260	0.047619
348	265	0.038462
348	292	0.041667
348	303	0.041667
348	388	0.055556
349	0	0.011494
349	1	0.024390
349	6	0.019231
349	11	0.014286
349	20	0.006623
349	42	0.013699
349	50	0.012821
349	57	0.023810
349	77	0.020833
349	98	0.025641
349	169	0.034483
349	192	0.037037
349	208	0.047619
349	244	0.043478
349	293	0.050000
349	303	0.041667
349	334	0.052632
349	399	0.058824
350	9	0.019231
350	17	0.006579
350	23	0.010000
350	35	0.009009
350	36	0.015385
350	50	0.012821
350	53	0.019608
350	55	0.016949
350	71	0.022222
350	93	0.040000
350	165	0.032258
350	192	0.037037
350	231	0.052632
350	265	0.038462
350	325	0.045455
350	341	0.047619
350	342	0.050000
351	23	0.010000
351	35	0.009009
351	37	0.012195
351	42	0.013699
351	51	0.013158
351	67	0.016129
351	78	0.018519
351	101	0.022727
351	113	0.022222
351	135	0.027027
351	144	0.032258
351	209	0.034483
351	215	0.030303
351	232	0.031250
351	240	0.041667
351	250	0.043478
351	282	0.047619
352	7	0.020000
352	10	0.017544
352	14	0.017857
352	19	0.007937
352	22	0.007194
352	25	0.010989
352	38	0.015873
352	70	0.017241
352	73	0.022222
352	76	0.018182
352	90	0.031250
352	92	0.038462
352	137	0.034483
352	213	0.041667
352	215	0.030303
352	233	0.043478
352	259	0.041667
352	367	0.058824
353	23	0.010000
353	25	0.010989
353	46	0.019608
353	48	0.012048
353	59	0.018182
353	68	0.017241
353	113	0.022222
353	118	0.026316
353	124	0.031250
353	187	0.035714
353	197	0.033333
353	268	0.040000
353	284	0.045455
353	297	0.045455
353	318	0.055556
353	323	0.050000
353	331	0.043478
353	370	0.052632
354	7	0.020000
354	21	0.008000
354	26	0.010526
354	42	0.013699
354	53	0.019608
354	75	0.018519
354	111	0.023256
354	118	0.026316
354	129	0.023810
354	189	0.047619
354	194	0.043478
354	200	0.035714
354	212	0.035714
354	247	0.043478
354	261	0.047619
354	325	0.045455
354	347	0.055556
355	4	0.014706
355	18	0.008000
355	26	0.010526
355	50	0.012821
355	51	0.013158
355	55	0.016949
355	68	0.017241
355	77	0.020833
355	81	0.025641
355	97	0.025641
355	101	0.022727
355	142	0.030303
355	168	0.028571
355	178	0.030303
355	206	0.040000
355	225	0.040000
355	321	0.050000
355	394	0.058824
356	19	0.007937
356	23	0.010000
356	34	0.008772
356	40	0.014085
356	45	0.018182
356	52	0.018182
356	112	0.022222
356	113	0.022222
356	134	0.027027
356	151	0.037037
356	196	0.031250
356	207	0.041667
356	215	0.030303
356	227	0.037037
356	236	0.043478
356	259	0.041667
356	277	0.045455
356	425	0.058824
357	8	0.011905
357	14	0.017857
357	18	0.008000
357	19	0.007937
357	21	0.008000
357	22	0.007194
357	37	0.012195
357	54	0.018519
357	84	0.025000
357	105	0.021277
357	107	0.026316
357	135	0.027027
357	147	0.033333
357	201	0.038462
357	233	0.043478
357	253	0.055556
357	265	0.038462
357	361	0.047619
357	374	0.047619
357	406	0.055556
357	421	0.058824
358	4	0.014706
358	28	0.014085
358	47	0.011628
358	48	0.012048
358	60	0.021277
358	91	0.023256
358	94	0.035714
358	97	0.025641
358	111	0.023256
358	148	0.032258
358	187	0.035714
358	202	0.038462
358	239	0.047619
358	264	0.047619
358	268	0.040000
358	277	0.045455
358	343	0.047619
358	381	0.052632
358	408	0.058824
359	12	0.014286
359	17	0.006579
359	18	0.008000
359	43	0.012658
359	46	0.019608
359	66	0.026316
359	75	0.018519
359	76	0.018182
359	172	0.035714
359	195	0.041667
359	224	0.035714
359	239	0.047619
359	245	0.038462
359	259	0.041667
359	291	0.043478
359	310	0.041667
359	335	0.047619
359	365	0.055556
359	396	0.055556
359	418	0.058824
359	427	0.058824
360	2	0.010753
360	16	0.009709
360	69	0.016667
360	85	0.017544
360	91	0.023256
360	92	0.038462
360	104	0.021739
360	125	0.045455
360	129	0.023810
360	133	0.030303
360	149	0.037037
360	194	0.043478
360	245	0.038462
360	254	0.052632
360	266	0.047619
360	289	0.038462
360	309	0.047619
360	391	0.058824
360	417	0.058824
361	2	0.010753
361	6	0.019231
361	10	0.017544
361	37	0.012195
361	88	0.025641
361	93	0.040000
361	117	0.031250
361	128	0.033333
361	144	0.032258
361	146	0.037037
361	199	0.033333
361	213	0.041667
361	220	0.050000
361	226	0.037037
361	241	0.045455
361	308	0.038462
361	357	0.047619
361	371	0.052632
361	373	0.055556
361	420	0.058824
361	425	0.058824
362	16	0.009709
362	24	0.011494
362	29	0.016667
362	35	0.009009
362	50	0.012821
362	79	0.015873
362	80	0.022727
362	102	0.025000
362	129	0.023810
362	151	0.037037
362	168	0.028571
362	188	0.041667
362	195	0.041667
362	235	0.040000
362	257	0.038462
362	303	0.041667
362	323	0.050000
362	366	0.055556
362	382	0.058824
362	415	0.058824
363	15	0.014085
363	17	0.006579
363	28	0.014085
363	34	0.008772
363	69	0.016667
363	75	0.018519
363	114	0.032258
363	154	0.027027
363	196	0.031250
363	201	0.038462
363	235	0.040000
363	236	0.043478
363	254	0.052632
363	276	0.045455
363	277	0.045455
363	297	0.045455
363	306	0.052632
363	399	0.058824
363	404	0.058824
364	0	0.011494
364	9	0.019231
364	19	0.007937
364	33	0.011236
364	37	0.012195
364	56	0.024390
364	71	0.022222
364	73	0.022222
364	117	0.031250
364	182	0.047619
364	244	0.043478
364	245	0.038462
364	269	0.052632
364	271	0.043478
364	292	0.041667
364	320	0.045455
364	344	0.050000
364	410	0.058824
364	414	0.055556
365	9	0.019231
365	12	0.014286
365	14	0.017857
365	16	0.009709
365	19	0.007937
365	21	0.008000
365	34	0.008772
365	81	0.025641
365	166	0.034483
365	179	0.035714
365	227	0.037037
365	230	0.045455
365	266	0.047619
365	269	0.052632
365	291	0.043478
365	301	0.052632
365	359	0.047619
365	375	0.058824
366	9	0.019231
366	10	0.017544
366	17	0.006579
366	23	0.010000
366	39	0.014286
366	51	0.013158
366	70	0.017241
366	80	0.022727
366	86	0.029412
366	118	0.026316
366	142	0.030303
366	146	0.037037
366	169	0.034483
366	178	0.030303
366	209	0.034483
366	280	0.047619
366	362	0.050000
366	397	0.047619
367	0	0.011494
367	20	0.006623
367	21	0.008000
367	23	0.010000
367	25	0.010989
367	26	0.010526
367	41	0.012987
367	51	0.013158
367	52	0.018182
367	98	0.025641
367	172	0.035714
367	201	0.038462
367	289	0.038462
367	303	0.041667
367	315	0.052632
367	341	0.047619
367	352	0.055556
368	2	0.010753
368	14	0.017857
368	27	0.012987
368	54	0.018519
368	69	0.016667
368	70	0.017241
368	78	0.018519
368	88	0.025641
368	109	0.029412
368	112	0.022222
368	133	0.030303
368	141	0.033333
368	165	0.032258
368	167	0.038462
368	210	0.037037
368	217	0.038462
368	237	0.037037
368	379	0.058824
368	428	0.058824
369	0	0.011494
369	7	0.020000
369	15	0.014085
369	17	0.006579
369	19	0.007937
369	29	0.016667
369	32	0.012346
369	35	0.009009
369	47	0.011628
369	88	0.025641
369	152	0.035714
369	153	0.032258
369	154	0.027027
369	218	0.047619
369	299	0.041667
369	309	0.047619
369	319	0.052632
369	390	0.050000
369	423	0.058824
370	8	0.011905
370	33	0.011236
370	41	0.012987
370	47	0.011628
370	60	0.021277
370	73	0.022222
370	119	0.027778
370	125	0.045455
370	129	0.023810
370	132	0.025000
370	163	0.033333
370	165	0.032258
370	220	0.050000
370	232	0.031250
370	323	0.050000
370	346	0.055556
370	353	0.055556
370	394	0.058824
370	405	0.058824
371	0	0.011494
371	4	0.014706
371	12	0.014286
371	18	0.008000
371	21	0.008000
371	28	0.014085
371	30	0.027778
371	36	0.015385
371	43	0.012658
371	67	0.016129
371	82	0.028571
371	91	0.023256
371	159	0.047619
371	236	0.043478
371	263	0.035714
371	288	0.045455
371	361	0.047619
371	389	0.055556
371	399	0.058824
372	3	0.015873
372	22	0.007194
372	41	0.012987
372	55	0.016949
372	72	0.020833
372	74	0.020833
372	83	0.018868
372	104	0.021739
372	189	0.047619
372	251	0.055556
372	262	0.043478
372	263	0.035714
372	290	0.050000
372	310	0.041667
372	317	0.052632
372	320	0.045455
372	324	0.050000
372	417	0.058824
372	431	0.058824
373	10	0.017544
373	23	0.010000
373	34	0.008772
373	42	0.013699
373	51	0.013158
373	68	0.017241
373	70	0.017241
373	89	0.027778
373	117	0.031250
373	148	0.032258
373	165	0.032258
373	177	0.030303
373	182	0.047619
373	193	0.041667
373	245	0.038462
373	312	0.050000
373	361	0.047619
373	379	0.058824
374	15	0.014085
374	18	0.008000
374	20	0.006623
374	22	0.007194
374	34	0.008772
374	60	0.021277
374	70	0.017241
374	72	0.020833
374	74	0.020833
374	104	0.021739
374	106	0.025000
374	148	0.032258
374	191	0.047619
374	252	0.052632
374	279	0.047619
374	303	0.041667
374	357	0.047619
374	410	0.058824
374	411	0.058824
374	419	0.058824
374	430	0.058824
375	2	0.010753
375	3	0.015873
375	4	0.014706
375	14	0.017857
375	20	0.006623
375	33	0.011236
375	48	0.012048
375	86	0.029412
375	87	0.028571
375	88	0.025641
375	115	0.023810
375	117	0.031250
375	139	0.033333
375	173	0.031250
375	202	0.038462
375	248	0.040000
375	365	0.055556
376	6	0.019231
376	21	0.008000
376	43	0.012658
376	46	0.019608
376	69	0.016667
376	83	0.018868
376	101	0.022727
376	105	0.021277
376	115	0.023810
376	121	0.029412
376	137	0.034483
376	149	0.037037
376	173	0.031250
376	194	0.043478
376	198	0.032258
376	240	0.041667
376	273	0.047619
377	8	0.011905
377	13	0.013699
377	14	0.017857
377	30	0.027778
377	57	0.023810
377	65	0.020833
377	87	0.028571
377	90	0.031250
377	98	0.025641
377	148	0.032258
377	175	0.030303
377	224	0.035714
377	226	0.037037
377	238	0.050000
377	272	0.050000
377	299	0.041667
377	335	0.047619
377	393	0.052632
377	400	0.052632
378	6	0.019231
378	9	0.019231
378	20	0.006623
378	23	0.010000
378	25	0.010989
378	79	0.015873
378	90	0.031250
378	112	0.022222
378	121	0.029412
378	142	0.030303
378	144	0.032258
378	203	0.041667
378	213	0.041667
378	217	0.038462
378	256	0.040000
378	258	0.043478
378	289	0.038462
378	392	0.052632
378	400	0.052632
378	415	0.058824
379	11	0.014286
379	20	0.006623
379	24	0.011494
379	57	0.023810
379	58	0.021277
379	59	0.018182
379	64	0.019608
379	67	0.016129
379	76	0.018182
379	86	0.029412
379	133	0.030303
379	170	0.034483
379	174	0.029412
379	210	0.037037
379	268	0.040000
379	368	0.052632
379	373	0.055556
380	19	0.007937
380	36	0.015385
380	54	0.018519
380	64	0.019608
380	113	0.022222
380	121	0.029412
380	129	0.023810
380	140	0.032258
380	148	0.032258
380	157	0.038462
380	170	0.034483
380	178	0.030303
380	185	0.028571
380	205	0.043478
380	207	0.041667
380	263	0.035714
380	289	0.038462
381	5	0.026316
381	13	0.013699
381	19	0.007937
381	32	0.012346
381	36	0.015385
381	40	0.014085
381	50	0.012821
381	80	0.022727
381	145	0.032258
381	155	0.034483
381	205	0.043478
381	212	0.035714
381	214	0.037037
381	223	0.050000
381	276	0.045455
381	281	0.047619
381	358	0.052632
381	407	0.055556
381	418	0.058824
382	13	0.013699
382	18	0.008000
382	19	0.007937
382	23	0.010000
382	42	0.013699
382	67	0.016129
382	83	0.018868
382	106	0.025000
382	132	0.025000
382	169	0.034483
382	198	0.032258
382	205	0.043478
382	245	0.038462
382	265	0.038462
382	305	0.050000
382	312	0.050000
382	362	0.050000
383	13	0.013699
383	17	0.006579
383	20	0.006623
383	23	0.010000
383	40	0.014085
383	45	0.018182
383	48	0.012048
383	52	0.018182
383	86	0.029412
383	101	0.022727
383	102	0.025000
383	104	0.021739
383	119	0.027778
383	200	0.035714
383	209	0.034483
383	216	0.043478
383	278	0.052632
384	0	0.011494
384	3	0.015873
384	25	0.010989
384	38	0.015873
384	50	0.012821
384	52	0.018182
384	54	0.018519
384	55	0.016949
384	59	0.018182
384	61	0.032258
384	113	0.022222
384	134	0.027027
384	196	0.031250
384	289	0.038462
384	319	0.052632
384	333	0.050000
384	341	0.047619
384	431	0.058824
385	7	0.020000
385	8	0.011905
385	20	0.006623
385	23	0.010000
385	29	0.016667
385	34	0.008772
385	49	0.018519
385	71	0.022222
385	79	0.015873
385	100	0.027778
385	113	0.022222
385	165	0.032258
385	222	0.050000
385	225	0.040000
385	228	0.045455
385	246	0.038462
385	331	0.043478
386	15	0.014085
386	16	0.009709
386	18	0.008000
386	46	0.019608
386	48	0.012048
386	50	0.012821
386	83	0.018868
386	85	0.017544
386	91	0.023256
386	108	0.035714
386	149	0.037037
386	169	0.034483
386	184	0.035714
386	198	0.032258
386	257	0.038462
386	314	0.055556
386	343	0.047619
386	390	0.050000
386	393	0.052632
386	408	0.058824
386	410	0.058824
386	426	0.058824
387	4	0.014706
387	10	0.017544
387	16	0.009709
387	20	0.006623
387	22	0.007194
387	32	0.012346
387	35	0.009009
387	67	0.016129
387	97	0.025641
387	113	0.022222
387	167	0.038462
387	176	0.029412
387	196	0.031250
387	264	0.047619
387	325	0.045455
387	337	0.050000
387	344	0.050000
387	398	0.052632
387	408	0.058824
387	427	0.058824
388	0	0.011494
388	17	0.006579
388	18	0.008000
388	20	0.006623
388	22	0.007194
388	23	0.010000
388	39	0.014286
388	47	0.011628
388	79	0.015873
388	91	0.023256
388	103	0.034483
388	112	0.022222
388	148	0.032258
388	210	0.037037
388	243	0.041667
388	316	0.055556
388	348	0.055556
388	411	0.058824
389	4	0.014706
389	15	0.014085
389	16	0.009709
389	24	0.011494
389	43	0.012658
389	69	0.016667
389	76	0.018182
389	83	0.018868
389	91	0.023256
389	102	0.025000
389	103	0.034483
389	110	0.030303
389	132	0.025000
389	154	0.027027
389	172	0.035714
389	308	0.038462
389	371	0.052632
389	416	0.055556
390	3	0.015873
390	20	0.006623
390	22	0.007194
390	41	0.012987
390	53	0.019608
390	60	0.021277
390	229	0.041667
390	232	0.031250
390	233	0.043478
390	238	0.050000
390	241	0.045455
390	276	0.045455
390	299	0.041667
390	331	0.043478
390	338	0.052632
390	369	0.052632
390	386	0.045455
390	391	0.058824
390	394	0.058824
390	410	0.058824
391	32	0.012346
391	67	0.016129
391	71	0.022222
391	104	0.021739
391	129	0.023810
391	145	0.032258
391	156	0.043478
391	179	0.035714
391	226	0.037037
391	229	0.041667
391	233	0.043478
391	234	0.043478
391	308	0.038462
391	309	0.047619
391	326	0.050000
391	360	0.052632
391	390	0.050000
392	12	0.014286
392	22	0.007194
392	36	0.015385
392	42	0.013699
392	76	0.018182
392	87	0.028571
392	93	0.040000
392	101	0.022727
392	107	0.026316
392	116	0.024390
392	198	0.032258
392	212	0.035714
392	235	0.040000
392	248	0.040000
392	262	0.043478
392	283	0.052632
392	378	0.050000
392	395	0.052632
392	427	0.058824
393	3	0.015873
393	6	0.019231
393	16	0.009709
393	22	0.007194
393	23	0.010000
393	33	0.011236
393	38	0.015873
393	43	0.012658
393	52	0.018182
393	141	0.033333
393	147	0.033333
393	152	0.035714
393	160	0.032258
393	277	0.045455
393	287	0.055556
393	377	0.052632
393	386	0.045455
393	403	0.058824
393	404	0.058824
394	13	0.013699
394	16	0.009709
394	37	0.012195
394	58	0.021277
394	110	0.030303
394	112	0.022222
394	199	0.033333
394	215	0.030303
394	235	0.040000
394	280	0.047619
394	290	0.050000
394	296	0.050000
394	301	0.052632
394	330	0.052632
394	355	0.055556
394	370	0.052632
394	390	0.050000
395	0	0.011494
395	2	0.010753
395	4	0.014706
395	6	0.019231
395	16	0.009709
395	27	0.012987
395	40	0.014085
395	48	0.012048
395	73	0.022222
395	99	0.022222
395	101	0.022727
395	160	0.032258
395	175	0.030303
395	212	0.035714
395	304	0.050000
395	329	0.047619
395	392	0.052632
395	405	0.058824
395	425	0.058824
396	0	0.011494
396	2	0.010753
396	6	0.019231
396	20	0.006623
396	25	0.010989
396	45	0.018182
396	49	0.018519
396	50	0.012821
396	70	0.017241
396	103	0.034483
396	116	0.024390
396	163	0.033333
396	185	0.028571
396	229	0.041667
396	263	0.035714
396	321	0.050000
396	359	0.047619
396	399	0.058824
397	7	0.020000
397	13	0.013699
397	19	0.007937
397	23	0.010000
397	44	0.015152
397	50	0.012821
397	60	0.021277
397	62	0.037037
397	96	0.030303
397	123	0.037037
397	138	0.031250
397	157	0.038462
397	261	0.047619
397	288	0.045455
397	338	0.052632
397	344	0.050000
397	366	0.055556
397	402	0.050000
397	414	0.055556
397	428	0.058824
397	429	0.058824
398	2	0.010753
398	9	0.019231
398	13	0.013699
398	39	0.014286
398	41	0.012987
398	46	0.019608
398	53	0.019608
398	91	0.023256
398	111	0.023256
398	217	0.038462
398	268	0.040000
398	292	0.041667
398	310	0.041667
398	313	0.050000
398	326	0.050000
398	343	0.047619
398	387	0.050000
398	417	0.058824
398	418	0.058824
399	8	0.011905
399	15	0.014085
399	44	0.015152
399	48	0.012048
399	52	0.018182
399	54	0.018519
399	64	0.019608
399	85	0.017544
399	92	0.038462
399	187	0.035714
399	202	0.038462
399	247	0.043478
399	266	0.047619
399	349	0.055556
399	363	0.052632
399	371	0.052632
399	396	0.055556
400	11	0.014286
400	22	0.007194
400	24	0.011494
400	35	0.009009
400	41	0.012987
400	43	0.012658
400	85	0.017544
400	89	0.027778
400	98	0.025641
400	121	0.029412
400	131	0.026316
400	155	0.034483
400	187	0.035714
400	226	0.037037
400	291	0.043478
400	377	0.052632
400	378	0.050000
400	405	0.058824
400	430	0.058824
401	0	0.011494
401	26	0.010526
401	35	0.009009
401	45	0.018182
401	48	0.012048
401	59	0.018182
401	72	0.020833
401	75	0.018519
401	77	0.020833
401	80	0.022727
401	82	0.028571
401	84	0.025000
401	95	0.040000
401	115	0.023810
401	161	0.029412
401	163	0.033333
401	219	0.055556
401	406	0.055556
401	408	0.058824
402	17	0.006579
402	24	0.011494
402	26	0.010526
402	33	0.011236
402	44	0.015152
402	48	0.012048
402	76	0.018182
402	101	0.022727
402	114	0.032258
402	130	0.040000
402	149	0.037037
402	177	0.030303
402	217	0.038462
402	256	0.040000
402	264	0.047619
402	308	0.038462
402	397	0.047619
402	421	0.058824
402	422	0.058824
402	429	0.058824
403	18	0.008000
403	20	0.006623
403	21	0.008000
403	22	0.007194
403	26	0.010526
403	32	0.012346
403	33	0.011236
403	35	0.009009
403	48	0.012048
403	53	0.019608
403	64	0.019608
403	69	0.016667
403	109	0.029412
403	130	0.040000
403	224	0.035714
403	339	0.052632
403	393	0.052632
404	3	0.015873
404	6	0.019231
404	10	0.017544
404	19	0.007937
404	30	0.027778
404	44	0.015152
404	47	0.011628
404	53	0.019608
404	64	0.019608
404	78	0.018519
404	97	0.025641
404	192	0.037037
404	206	0.040000
404	246	0.038462
404	333	0.050000
404	363	0.052632
404	393	0.052632
405	25	0.010989
405	33	0.011236
405	37	0.012195
405	50	0.012821
405	58	0.021277
405	75	0.018519
405	114	0.032258
405	115	0.023810
405	195	0.041667
405	199	0.033333
405	230	0.045455
405	232	0.031250
405	262	0.043478
405	290	0.050000
405	370	0.052632
405	395	0.052632
405	400	0.052632
406	12	0.014286
406	17	0.006579
406	21	0.008000
406	42	0.013699
406	45	0.018182
406	53	0.019608
406	55	0.016949
406	89	0.027778
406	183	0.055556
406	185	0.028571
406	200	0.035714
406	258	0.043478
406	270	0.041667
406	327	0.055556
406	333	0.050000
406	357	0.047619
406	401	0.052632
406	417	0.058824
407	8	0.011905
407	33	0.011236
407	34	0.008772
407	80	0.022727
407	82	0.028571
407	83	0.018868
407	91	0.023256
407	93	0.040000
407	107	0.026316
407	108	0.035714
407	133	0.030303
407	134	0.027027
407	154	0.027027
407	157	0.038462
407	199	0.033333
407	210	0.037037
407	381	0.052632
407	418	0.058824
408	28	0.014085
408	38	0.015873
408	41	0.012987
408	52	0.018182
408	79	0.015873
408	102	0.025000
408	113	0.022222
408	143	0.033333
408	217	0.038462
408	224	0.035714
408	227	0.037037
408	300	0.052632
408	313	0.050000
408	358	0.052632
408	386	0.045455
408	387	0.050000
408	401	0.052632
409	8	0.011905
409	9	0.019231
409	10	0.017544
409	24	0.011494
409	46	0.019608
409	51	0.013158
409	67	0.016129
409	99	0.022222
409	110	0.030303
409	114	0.032258
409	138	0.031250
409	229	0.041667
409	235	0.040000
409	273	0.047619
409	325	0.045455
409	334	0.052632
409	341	0.047619
410	20	0.006623
410	25	0.010989
410	39	0.014286
410	64	0.019608
410	70	0.017241
410	87	0.028571
410	94	0.035714
410	111	0.023256
410	145	0.032258
410	167	0.038462
410	184	0.035714
410	257	0.038462
410	336	0.052632
410	364	0.052632
410	374	0.047619
410	386	0.045455
410	390	0.050000
411	19	0.007937
411	34	0.008772
411	51	0.013158
411	53	0.019608
411	70	0.017241
411	100	0.027778
411	161	0.029412
411	175	0.030303
411	211	0.041667
411	227	0.037037
411	242	0.045455
411	271	0.043478
411	292	0.041667
411	297	0.045455
411	331	0.043478
411	374	0.047619
411	388	0.055556
412	2	0.010753
412	22	0.007194
412	32	0.012346
412	33	0.011236
412	45	0.018182
412	51	0.013158
412	73	0.022222
412	74	0.020833
412	79	0.015873
412	129	0.023810
412	150	0.037037
412	163	0.033333
412	175	0.030303
412	191	0.047619
412	223	0.050000
412	239	0.047619
412	309	0.047619
413	6	0.019231
413	17	0.006579
413	21	0.008000
413	22	0.007194
413	23	0.010000
413	24	0.011494
413	57	0.023810
413	68	0.017241
413	80	0.022727
413	90	0.031250
413	96	0.030303
413	143	0.033333
413	199	0.033333
413	207	0.041667
413	256	0.040000
413	320	0.045455
413	335	0.047619
414	0	0.011494
414	17	0.006579
414	22	0.007194
414	80	0.022727
414	114	0.032258
414	174	0.029412
414	184	0.035714
414	210	0.037037
414	216	0.043478
414	294	0.050000
414	329	0.047619
414	331	0.043478
414	332	0.055556
414	337	0.050000
414	340	0.055556
414	364	0.052632
414	397	0.047619
414	429	0.058824
415	4	0.014706
415	22	0.007194
415	26	0.010526
415	37	0.012195
415	45	0.018182
415	72	0.020833
415	100	0.027778
415	138	0.031250
415	172	0.035714
415	196	0.031250
415	209	0.034483
415	215	0.030303
415	250	0.043478
415	294	0.050000
415	308	0.038462
415	362	0.050000
415	378	0.050000
416	2	0.010753
416	20	0.006623
416	21	0.008000
416	59	0.018182
416	76	0.018182
416	79	0.015873
416	95	0.040000
416	115	0.023810
416	124	0.031250
416	134	0.027027
416	147	0.033333
416	197	0.033333
416	224	0.035714
416	261	0.047619
416	291	0.043478
416	342	0.050000
416	389	0.055556
416	419	0.058824
417	3	0.015873
417	5	0.026316
417	15	0.014085
417	16	0.009709
417	19	0.007937
417	48	0.012048
417	64	0.019608
417	70	0.017241
417	136	0.033333
417	169	0.034483
417	194	0.043478
417	196	0.031250
417	310	0.041667
417	360	0.052632
417	372	0.052632
417	398	0.052632
417	406	0.055556
418	9	0.019231
418	13	0.013699
418	28	0.014085
418	46	0.019608
418	64	0.019608
418	65	0.020833
418	104	0.021739
418	117	0.031250
418	118	0.026316
418	133	0.030303
418	151	0.037037
418	324	0.050000
418	328	0.052632
418	359	0.047619
418	381	0.052632
418	398	0.052632
418	407	0.055556
419	21	0.008000
419	22	0.007194
419	78	0.018519
419	79	0.015873
419	96	0.030303
419	97	0.025641
419	115	0.023810
419	141	0.033333
419	147	0.033333
419	176	0.029412
419	227	0.037037
419	236	0.043478
419	237	0.037037
419	280	0.047619
419	325	0.045455
419	374	0.047619
419	416	0.055556
420	18	0.008000
420	21	0.008000
420	22	0.007194
420	24	0.011494
420	37	0.012195
420	47	0.011628
420	50	0.012821
420	51	0.013158
420	73	0.022222
420	121	0.029412
420	128	0.033333
420	209	0.034483
420	215	0.030303
420	217	0.038462
420	298	0.052632
420	329	0.047619
420	361	0.047619
421	24	0.011494
421	27	0.012987
421	35	0.009009
421	47	0.011628
421	70	0.017241
421	96	0.030303
421	114	0.032258
421	132	0.025000
421	133	0.030303
421	141	0.033333
421	153	0.032258
421	158	0.047619
421	187	0.035714
421	263	0.035714
421	281	0.047619
421	357	0.047619
421	402	0.050000
422	22	0.007194
422	33	0.011236
422	37	0.012195
422	42	0.013699
422	43	0.012658
422	48	0.012048
422	51	0.013158
422	76	0.018182
422	78	0.018519
422	79	0.015873
422	104	0.021739
422	176	0.029412
422	200	0.035714
422	248	0.040000
422	284	0.045455
422	328	0.052632
422	402	0.050000
423	20	0.006623
423	23	0.010000
423	24	0.011494
423	34	0.008772
423	39	0.014286
423	67	0.016129
423	104	0.021739
423	110	0.030303
423	149	0.037037
423	174	0.029412
423	185	0.028571
423	197	0.033333
423	230	0.045455
423	237	0.037037
423	246	0.038462
423	311	0.052632
423	369	0.052632
424	7	0.020000
424	13	0.013699
424	16	0.009709
424	20	0.006623
424	24	0.011494
424	40	0.014085
424	50	0.012821
424	51	0.013158
424	77	0.020833
424	99	0.022222
424	194	0.043478
424	201	0.038462
424	225	0.040000
424	233	0.043478
424	237	0.037037
424	263	0.035714
424	330	0.052632
425	2	0.010753
425	4	0.014706
425	16	0.009709
425	26	0.010526
425	27	0.012987
425	41	0.012987
425	70	0.017241
425	80	0.022727
425	83	0.018868
425	107	0.026316
425	111	0.023256
425	176	0.029412
425	214	0.037037
425	258	0.043478
425	356	0.055556
425	361	0.047619
425	395	0.052632
426	1	0.024390
426	10	0.017544
426	13	0.013699
426	15	0.014085
426	27	0.012987
426	36	0.015385
426	46	0.019608
426	83	0.018868
426	133	0.030303
426	141	0.033333
426	224	0.035714
426	284	0.045455
426	288	0.045455
426	326	0.050000
426	329	0.047619
426	339	0.052632
426	386	0.045455
427	27	0.012987
427	44	0.015152
427	45	0.018182
427	50	0.012821
427	59	0.018182
427	71	0.022222
427	73	0.022222
427	84	0.025000
427	114	0.032258
427	155	0.034483
427	177	0.030303
427	220	0.050000
427	221	0.045455
427	264	0.047619
427	359	0.047619
427	387	0.050000
427	392	0.052632
428	10	0.017544
428	11	0.014286
428	16	0.009709
428	28	0.014085
428	35	0.009009
428	46	0.019608
428	48	0.012048
428	51	0.013158
428	111	0.023256
428	142	0.030303
428	160	0.032258
428	167	0.038462
428	184	0.035714
428	193	0.041667
428	257	0.038462
428	368	0.052632
428	397	0.047619
429	0	0.011494
429	2	0.010753
429	12	0.014286
429	19	0.007937
429	22	0.007194
429	41	0.012987
429	64	0.019608
429	71	0.022222
429	142	0.030303
429	146	0.037037
429	195	0.041667
429	263	0.035714
429	310	0.041667
429	317	0.052632
429	397	0.047619
429	402	0.050000
429	414	0.055556
430	10	0.017544
430	11	0.014286
430	75	0.018519
430	78	0.018519
430	82	0.028571
430	118	0.026316
430	131	0.026316
430	146	0.037037
430	168	0.028571
430	199	0.033333
430	206	0.040000
430	212	0.035714
430	245	0.038462
430	321	0.050000
430	374	0.047619
430	400	0.052632
430	431	0.058824
431	8	0.011905
431	52	0.018182
431	102	0.025000
431	117	0.031250
431	128	0.033333
431	161	0.029412
431	180	0.031250
431	211	0.041667
431	236	0.043478
431	246	0.038462
431	267	0.045455
431	305	0.050000
431	311	0.052632
431	335	0.047619
431	372	0.052632
431	384	0.055556
431	430	0.058824
432	4	0.014706
432	6	0.019231
432	21	0.008000
432	43	0.012658
432	57	0.023810
432	68	0.017241
432	101	0.022727
432	111	0.023256
432	136	0.033333
432	142	0.030303
432	151	0.037037
432	166	0.034483
432	188	0.041667
432	208	0.047619
432	237	0.037037
432	270	0.041667
432	307	0.052632
