458	15840
0	1	0.018519
0	2	0.015152
0	3	0.016129
0	4	0.018519
0	5	0.016949
0	6	0.009524
0	7	0.015873
0	8	0.016667
0	9	0.009434
0	10	0.019608
0	11	0.018868
0	12	0.015385
0	13	0.025641
0	14	0.017857
0	15	0.020408
0	16	0.037037
0	17	0.011364
0	18	0.023810
0	19	0.008264
0	20	0.008403
0	21	0.010417
0	22	0.006369
0	23	0.008197
0	24	0.007246
0	25	0.008403
0	26	0.009434
0	27	0.010417
0	28	0.008000
0	30	0.012658
0	33	0.010638
0	35	0.015385
0	36	0.011236
0	37	0.016393
0	38	0.010417
0	39	0.008696
0	40	0.012987
0	41	0.012048
0	43	0.011905
0	44	0.012500
0	45	0.012500
0	46	0.012346
0	49	0.014085
0	50	0.015873
0	51	0.016393
0	52	0.013333
0	53	0.014493
0	54	0.021277
0	58	0.018868
0	62	0.024390
0	69	0.014286
0	70	0.019231
0	71	0.014925
0	73	0.016949
0	75	0.025641
0	76	0.018868
0	79	0.016667
0	83	0.022222
0	84	0.020833
0	90	0.016667
0	92	0.022222
0	95	0.015873
0	97	0.027027
0	100	0.021739
0	101	0.021277
0	102	0.028571
0	104	0.020833
0	107	0.024390
0	108	0.027027
0	115	0.027778
0	125	0.033333
0	126	0.023810
0	142	0.025641
0	148	0.027027
0	154	0.032258
0	156	0.029412
0	159	0.034483
0	160	0.026316
0	162	0.032258
0	163	0.027778
0	167	0.035714
0	174	0.034483
0	176	0.040000
0	183	0.035714
0	184	0.035714
0	185	0.037037
0	195	0.037037
0	197	0.037037
0	204	0.037037
0	214	0.038462
0	215	0.038462
0	216	0.033333
0	230	0.041667
0	231	0.040000
0	240	0.032258
0	246	0.035714
0	254	0.040000
0	255	0.037037
0	259	0.033333
0	263	0.037037
0	265	0.043478
0	267	0.047619
0	275	0.047619
0	281	0.047619
0	289	0.041667
0	292	0.052632
0	295	0.043478
0	298	0.041667
0	304	0.038462
0	313	0.045455
0	316	0.045455
0	317	0.045455
0	318	0.041667
0	324	0.043478
0	325	0.050000
0	329	0.050000
0	332	0.047619
0	333	0.045455
0	338	0.045455
0	344	0.052632
0	348	0.047619
0	354	0.050000
0	363	0.050000
0	380	0.052632
0	390	0.052632
0	391	0.041667
0	396	0.052632
0	402	0.055556
0	403	0.055556
0	404	0.050000
0	408	0.052632
0	409	0.055556
0	423	0.055556
0	427	0.052632
0	430	0.055556
0	432	0.052632
0	439	0.055556
0	440	0.055556
0	453	0.055556
1	0	0.007246
1	19	0.008264
1	20	0.008403
1	21	0.010417
1	24	0.007246
1	25	0.008403
1	26	0.009434
1	27	0.010417
1	29	0.011494
1	30	0.012658
1	31	0.009901
1	32	0.008333
1	33	0.010638
1	34	0.009174
1	38	0.010417
1	46	0.012346
1	47	0.017544
1	48	0.016393
1	52	0.013333
1	56	0.014286
1	57	0.021277
1	58	0.018868
1	65	0.019608
1	68	0.020408
1	70	0.019231
1	72	0.031250
1	79	0.016667
1	80	0.022222
1	83	0.022222
1	88	0.031250
1	89	0.020833
1	117	0.020408
1	122	0.026316
1	135	0.028571
1	139	0.028571
1	163	0.027778
1	164	0.023256
1	186	0.025000
1	225	0.034483
1	231	0.040000
1	241	0.045455
1	250	0.040000
1	266	0.050000
1	285	0.043478
1	289	0.041667
1	298	0.041667
1	300	0.038462
1	302	0.037037
1	320	0.052632
1	342	0.041667
1	346	0.040000
1	375	0.050000
1	419	0.055556
1	442	0.055556
2	0	0.007246
2	19	0.008264
2	20	0.008403
2	22	0.006369
2	23	0.008197
2	24	0.007246
2	25	0.008403
2	26	0.009434
2	28	0.008000
2	29	0.011494
2	30	0.012658
2	31	0.009901
2	34	0.009174
2	42	0.013333
2	45	0.012500
2	46	0.012346
2	48	0.016393
2	50	0.015873
2	62	0.024390
2	63	0.014493
2	66	0.023810
2	71	0.014925
2	75	0.025641
2	81	0.020833
2	83	0.022222
2	85	0.016393
2	88	0.031250
2	90	0.016667
2	91	0.020833
2	109	0.025000
2	123	0.023810
2	125	0.033333
2	133	0.025000
2	141	0.034483
2	145	0.025000
2	148	0.027027
2	167	0.035714
2	171	0.034483
2	183	0.035714
2	189	0.033333
2	203	0.033333
2	231	0.040000
2	236	0.043478
2	249	0.033333
2	251	0.043478
2	261	0.045455
2	275	0.047619
2	276	0.047619
2	282	0.045455
2	298	0.041667
2	303	0.041667
2	304	0.038462
2	311	0.045455
2	312	0.043478
2	316	0.045455
2	322	0.047619
2	327	0.045455
2	349	0.050000
2	354	0.050000
2	365	0.045455
2	373	0.050000
2	392	0.055556
2	396	0.052632
2	425	0.047619
2	436	0.050000
2	449	0.055556
3	0	0.007246
3	19	0.008264
3	20	0.008403
3	21	0.010417
3	23	0.008197
3	24	0.007246
3	27	0.010417
3	30	0.012658
3	32	0.008333
3	33	0.010638
3	35	0.015385
3	41	0.012048
3	42	0.013333
3	43	0.011905
3	44	0.012500
3	45	0.012500
3	46	0.012346
3	51	0.016393
3	54	0.021277
3	57	0.021277
3	60	0.022222
3	67	0.018182
3	69	0.014286
3	71	0.014925
3	76	0.018868
3	77	0.020408
3	91	0.020833
3	94	0.030303
3	107	0.024390
3	110	0.027778
3	113	0.030303
3	123	0.023810
3	128	0.023810
3	130	0.030303
3	145	0.025000
3	146	0.034483
3	157	0.028571
3	160	0.026316
3	178	0.030303
3	181	0.032258
3	208	0.026316
3	222	0.037037
3	230	0.041667
3	246	0.035714
3	264	0.035714
3	270	0.045455
3	277	0.043478
3	283	0.035714
3	294	0.047619
3	299	0.047619
3	333	0.045455
3	339	0.052632
3	348	0.047619
3	383	0.047619
3	384	0.052632
3	399	0.050000
3	410	0.050000
3	412	0.055556
3	423	0.055556
3	427	0.052632
3	445	0.052632
3	451	0.052632
4	0	0.007246
4	19	0.008264
4	20	0.008403
4	21	0.010417
4	22	0.006369
4	23	0.008197
4	24	0.007246
4	26	0.009434
4	27	0.010417
4	29	0.011494
4	30	0.012658
4	32	0.008333
4	36	0.011236
4	38	0.010417
4	43	0.011905
4	44	0.012500
4	48	0.016393
4	64	0.018519
4	65	0.019608
4	67	0.018182
4	72	0.031250
4	73	0.016949
4	75	0.025641
4	94	0.030303
4	98	0.023810
4	105	0.033333
4	112	0.019608
4	116	0.025641
4	138	0.032258
4	154	0.032258
4	194	0.040000
4	198	0.038462
4	217	0.035714
4	223	0.043478
4	234	0.045455
4	238	0.043478
4	247	0.041667
4	258	0.047619
4	263	0.037037
4	269	0.035714
4	272	0.047619
4	278	0.047619
4	283	0.035714
4	286	0.047619
4	287	0.052632
4	302	0.037037
4	322	0.047619
4	340	0.043478
4	349	0.050000
4	357	0.052632
4	371	0.052632
4	378	0.052632
4	417	0.052632
4	424	0.052632
5	0	0.007246
5	19	0.008264
5	20	0.008403
5	21	0.010417
5	22	0.006369
5	23	0.008197
5	24	0.007246
5	25	0.008403
5	29	0.011494
5	33	0.010638
5	36	0.011236
5	37	0.016393
5	39	0.008696
5	43	0.011905
5	44	0.012500
5	47	0.017544
5	51	0.016393
5	55	0.019231
5	59	0.020000
5	60	0.022222
5	63	0.014493
5	68	0.020408
5	70	0.019231
5	73	0.016949
5	82	0.027027
5	93	0.023810
5	99	0.024390
5	120	0.028571
5	121	0.031250
5	124	0.027778
5	127	0.027027
5	134	0.035714
5	139	0.028571
5	154	0.032258
5	171	0.034483
5	172	0.033333
5	178	0.030303
5	206	0.034483
5	209	0.035714
5	213	0.037037
5	222	0.037037
5	245	0.047619
5	257	0.034483
5	259	0.033333
5	273	0.047619
5	292	0.052632
5	305	0.050000
5	310	0.041667
5	314	0.047619
5	337	0.047619
5	340	0.043478
5	349	0.050000
5	376	0.050000
5	418	0.055556
5	442	0.055556
5	443	0.052632
5	450	0.052632
5	454	0.055556
5	457	0.055556
6	0	0.007246
6	19	0.008264
6	20	0.008403
6	21	0.010417
6	22	0.006369
6	23	0.008197
6	24	0.007246
6	25	0.008403
6	26	0.009434
6	28	0.008000
6	29	0.011494
6	30	0.012658
6	32	0.008333
6	33	0.010638
6	35	0.015385
6	36	0.011236
6	38	0.010417
6	40	0.012987
6	44	0.012500
6	45	0.012500
6	48	0.016393
6	50	0.015873
6	53	0.014493
6	54	0.021277
6	55	0.019231
6	57	0.021277
6	58	0.018868
6	63	0.014493
6	68	0.020408
6	71	0.014925
6	72	0.031250
6	76	0.018868
6	79	0.016667
6	82	0.027027
6	83	0.022222
6	84	0.020833
6	85	0.016393
6	88	0.031250
6	92	0.022222
6	99	0.024390
6	110	0.027778
6	112	0.019608
6	117	0.020408
6	118	0.021739
6	121	0.031250
6	137	0.030303
6	143	0.030303
6	145	0.025000
6	149	0.037037
6	151	0.027027
6	153	0.030303
6	155	0.026316
6	158	0.027027
6	161	0.037037
6	167	0.035714
6	168	0.031250
6	176	0.040000
6	177	0.028571
6	180	0.031250
6	187	0.031250
6	190	0.027778
6	204	0.037037
6	206	0.034483
6	210	0.035714
6	214	0.038462
6	216	0.033333
6	217	0.035714
6	218	0.038462
6	228	0.047619
6	233	0.040000
6	241	0.045455
6	242	0.050000
6	254	0.040000
6	269	0.035714
6	292	0.052632
6	295	0.043478
6	297	0.050000
6	298	0.041667
6	305	0.050000
6	308	0.052632
6	317	0.045455
6	321	0.045455
6	322	0.047619
6	329	0.050000
6	344	0.052632
6	346	0.040000
6	350	0.038462
6	353	0.047619
6	359	0.055556
6	368	0.052632
6	374	0.045455
6	376	0.050000
6	377	0.050000
6	391	0.041667
6	398	0.055556
6	400	0.055556
6	401	0.050000
6	403	0.055556
6	405	0.052632
6	409	0.055556
6	427	0.052632
6	434	0.052632
6	438	0.052632
6	439	0.055556
6	457	0.055556
7	0	0.007246
7	20	0.008403
7	21	0.010417
7	23	0.008197
7	25	0.008403
7	27	0.010417
7	28	0.008000
7	29	0.011494
7	32	0.008333
7	33	0.010638
7	34	0.009174
7	35	0.015385
7	38	0.010417
7	41	0.012048
7	49	0.014085
7	57	0.021277
7	61	0.016949
7	63	0.014493
7	67	0.018182
7	70	0.019231
7	78	0.018868
7	80	0.022222
7	89	0.020833
7	93	0.023810
7	98	0.023810
7	103	0.030303
7	107	0.024390
7	118	0.021739
7	119	0.023810
7	142	0.025641
7	143	0.030303
7	151	0.027027
7	165	0.035714
7	172	0.033333
7	184	0.035714
7	194	0.040000
7	201	0.034483
7	205	0.041667
7	206	0.034483
7	228	0.047619
7	230	0.041667
7	233	0.040000
7	237	0.040000
7	242	0.050000
7	245	0.047619
7	270	0.045455
7	272	0.047619
7	282	0.045455
7	291	0.050000
7	295	0.043478
7	318	0.041667
7	329	0.050000
7	332	0.047619
7	357	0.052632
7	362	0.052632
7	378	0.052632
7	390	0.052632
7	400	0.055556
7	405	0.052632
7	408	0.052632
7	419	0.055556
7	451	0.052632
7	454	0.055556
8	0	0.007246
8	19	0.008264
8	20	0.008403
8	21	0.010417
8	23	0.008197
8	24	0.007246
8	25	0.008403
8	27	0.010417
8	28	0.008000
8	43	0.011905
8	49	0.014085
8	50	0.015873
8	51	0.016393
8	52	0.013333
8	53	0.014493
8	55	0.019231
8	57	0.021277
8	60	0.022222
8	61	0.016949
8	62	0.024390
8	68	0.020408
8	69	0.014286
8	73	0.016949
8	75	0.025641
8	76	0.018868
8	81	0.020833
8	84	0.020833
8	85	0.016393
8	89	0.020833
8	90	0.016667
8	95	0.015873
8	140	0.027778
8	144	0.028571
8	167	0.035714
8	180	0.031250
8	200	0.038462
8	203	0.033333
8	213	0.037037
8	214	0.038462
8	225	0.034483
8	226	0.045455
8	228	0.047619
8	234	0.045455
8	249	0.033333
8	254	0.040000
8	275	0.047619
8	280	0.045455
8	289	0.041667
8	293	0.045455
8	295	0.043478
8	300	0.038462
8	304	0.038462
8	322	0.047619
8	324	0.043478
8	331	0.050000
8	360	0.047619
8	372	0.050000
8	392	0.055556
8	395	0.055556
8	428	0.052632
9	0	0.007246
9	19	0.008264
9	20	0.008403
9	21	0.010417
9	22	0.006369
9	24	0.007246
9	25	0.008403
9	26	0.009434
9	27	0.010417
9	28	0.008000
9	30	0.012658
9	31	0.009901
9	35	0.015385
9	37	0.016393
9	41	0.012048
9	42	0.013333
9	45	0.012500
9	46	0.012346
9	49	0.014085
9	53	0.014493
9	54	0.021277
9	60	0.022222
9	61	0.016949
9	62	0.024390
9	68	0.020408
9	69	0.014286
9	73	0.016949
9	80	0.022222
9	81	0.020833
9	82	0.027027
9	84	0.020833
9	86	0.017857
9	88	0.031250
9	92	0.022222
9	93	0.023810
9	97	0.027027
9	99	0.024390
9	100	0.021739
9	103	0.030303
9	104	0.020833
9	108	0.027027
9	111	0.029412
9	113	0.030303
9	115	0.027778
9	116	0.025641
9	117	0.020408
9	118	0.021739
9	120	0.028571
9	124	0.027778
9	128	0.023810
9	136	0.029412
9	137	0.030303
9	145	0.025000
9	149	0.037037
9	151	0.027027
9	152	0.034483
9	153	0.030303
9	161	0.037037
9	167	0.035714
9	175	0.041667
9	187	0.031250
9	188	0.034483
9	191	0.030303
9	193	0.037037
9	194	0.040000
9	195	0.037037
9	198	0.038462
9	200	0.038462
9	204	0.037037
9	208	0.026316
9	213	0.037037
9	215	0.038462
9	224	0.034483
9	228	0.047619
9	232	0.035714
9	233	0.040000
9	235	0.040000
9	238	0.043478
9	248	0.035714
9	262	0.038462
9	263	0.037037
9	267	0.047619
9	270	0.045455
9	273	0.047619
9	274	0.041667
9	287	0.052632
9	289	0.041667
9	292	0.052632
9	295	0.043478
9	301	0.040000
9	309	0.040000
9	312	0.043478
9	330	0.047619
9	334	0.050000
9	345	0.045455
9	348	0.047619
9	349	0.050000
9	351	0.050000
9	360	0.047619
9	382	0.045455
9	390	0.052632
9	413	0.055556
9	419	0.055556
9	432	0.052632
9	442	0.055556
9	449	0.055556
10	0	0.007246
10	19	0.008264
10	21	0.010417
10	22	0.006369
10	24	0.007246
10	26	0.009434
10	27	0.010417
10	28	0.008000
10	29	0.011494
10	42	0.013333
10	48	0.016393
10	49	0.014085
10	58	0.018868
10	61	0.016949
10	64	0.018519
10	68	0.020408
10	70	0.019231
10	75	0.025641
10	83	0.022222
10	85	0.016393
10	87	0.016393
10	93	0.023810
10	96	0.025641
10	109	0.025000
10	115	0.027778
10	117	0.020408
10	130	0.030303
10	137	0.030303
10	158	0.027027
10	170	0.027027
10	177	0.028571
10	188	0.034483
10	197	0.037037
10	200	0.038462
10	203	0.033333
10	218	0.038462
10	232	0.035714
10	262	0.038462
10	263	0.037037
10	265	0.043478
10	339	0.052632
10	374	0.045455
10	376	0.050000
10	396	0.052632
10	402	0.055556
10	410	0.050000
10	417	0.052632
10	420	0.055556
10	434	0.052632
10	440	0.055556
10	449	0.055556
11	0	0.007246
11	19	0.008264
11	20	0.008403
11	22	0.006369
11	23	0.008197
11	24	0.007246
11	25	0.008403
11	26	0.009434
11	29	0.011494
11	30	0.012658
11	39	0.008696
11	41	0.012048
11	43	0.011905
11	44	0.012500
11	48	0.016393
11	51	0.016393
11	53	0.014493
11	55	0.019231
11	58	0.018868
11	60	0.022222
11	61	0.016949
11	65	0.019608
11	68	0.020408
11	75	0.025641
11	100	0.021739
11	120	0.028571
11	121	0.031250
11	140	0.027778
11	144	0.028571
11	148	0.027027
11	161	0.037037
11	162	0.032258
11	170	0.027027
11	173	0.043478
11	198	0.038462
11	200	0.038462
11	212	0.037037
11	227	0.037037
11	234	0.045455
11	265	0.043478
11	266	0.050000
11	278	0.047619
11	281	0.047619
11	303	0.041667
11	310	0.041667
11	318	0.041667
11	344	0.052632
11	355	0.047619
11	368	0.052632
11	391	0.041667
11	396	0.052632
11	417	0.052632
11	425	0.047619
12	0	0.007246
12	19	0.008264
12	20	0.008403
12	21	0.010417
12	22	0.006369
12	23	0.008197
12	27	0.010417
12	28	0.008000
12	29	0.011494
12	31	0.009901
12	34	0.009174
12	35	0.015385
12	36	0.011236
12	39	0.008696
12	43	0.011905
12	44	0.012500
12	45	0.012500
12	59	0.020000
12	62	0.024390
12	64	0.018519
12	67	0.018182
12	78	0.018868
12	82	0.027027
12	86	0.017857
12	106	0.027778
12	119	0.023810
12	120	0.028571
12	121	0.031250
12	125	0.033333
12	133	0.025000
12	136	0.029412
12	138	0.032258
12	148	0.027027
12	152	0.034483
12	167	0.035714
12	180	0.031250
12	181	0.032258
12	192	0.027778
12	201	0.034483
12	205	0.041667
12	208	0.026316
12	212	0.037037
12	231	0.040000
12	240	0.032258
12	242	0.050000
12	243	0.043478
12	252	0.035714
12	259	0.033333
12	260	0.032258
12	283	0.035714
12	285	0.043478
12	290	0.052632
12	314	0.047619
12	319	0.037037
12	337	0.047619
12	339	0.052632
12	345	0.045455
12	347	0.047619
12	352	0.050000
12	374	0.045455
12	381	0.052632
12	389	0.050000
12	417	0.052632
12	438	0.052632
12	451	0.052632
13	0	0.007246
13	19	0.008264
13	20	0.008403
13	21	0.010417
13	22	0.006369
13	23	0.008197
13	28	0.008000
13	33	0.010638
13	41	0.012048
13	42	0.013333
13	50	0.015873
13	66	0.023810
13	69	0.014286
13	72	0.031250
13	74	0.020833
13	75	0.025641
13	119	0.023810
13	121	0.031250
13	127	0.027027
13	130	0.030303
13	138	0.032258
13	150	0.030303
13	153	0.030303
13	154	0.032258
13	166	0.034483
13	172	0.033333
13	203	0.033333
13	218	0.038462
13	244	0.040000
13	261	0.045455
13	277	0.043478
13	315	0.045455
13	331	0.050000
13	352	0.050000
13	372	0.050000
13	383	0.047619
13	406	0.052632
13	445	0.052632
13	447	0.055556
14	0	0.007246
14	19	0.008264
14	20	0.008403
14	22	0.006369
14	26	0.009434
14	27	0.010417
14	28	0.008000
14	29	0.011494
14	31	0.009901
14	32	0.008333
14	39	0.008696
14	40	0.012987
14	42	0.013333
14	43	0.011905
14	44	0.012500
14	46	0.012346
14	50	0.015873
14	54	0.021277
14	55	0.019231
14	61	0.016949
14	69	0.014286
14	74	0.020833
14	86	0.017857
14	100	0.021739
14	106	0.027778
14	109	0.025000
14	111	0.029412
14	112	0.019608
14	122	0.026316
14	151	0.027027
14	165	0.035714
14	175	0.041667
14	177	0.028571
14	211	0.033333
14	216	0.033333
14	220	0.043478
14	222	0.037037
14	231	0.040000
14	232	0.035714
14	236	0.043478
14	238	0.043478
14	261	0.045455
14	268	0.040000
14	276	0.047619
14	290	0.052632
14	296	0.043478
14	301	0.040000
14	308	0.052632
14	335	0.050000
14	341	0.041667
14	344	0.052632
14	360	0.047619
14	369	0.045455
14	405	0.052632
14	408	0.052632
14	446	0.055556
15	0	0.007246
15	19	0.008264
15	20	0.008403
15	21	0.010417
15	22	0.006369
15	23	0.008197
15	25	0.008403
15	26	0.009434
15	30	0.012658
15	31	0.009901
15	32	0.008333
15	33	0.010638
15	34	0.009174
15	45	0.012500
15	47	0.017544
15	50	0.015873
15	54	0.021277
15	55	0.019231
15	60	0.022222
15	66	0.023810
15	70	0.019231
15	72	0.031250
15	73	0.016949
15	74	0.020833
15	78	0.018868
15	88	0.031250
15	118	0.021739
15	120	0.028571
15	165	0.035714
15	185	0.037037
15	195	0.037037
15	198	0.038462
15	226	0.045455
15	228	0.047619
15	258	0.047619
15	259	0.033333
15	279	0.041667
15	288	0.040000
15	301	0.040000
15	303	0.041667
15	316	0.045455
15	332	0.047619
15	336	0.052632
15	347	0.047619
15	352	0.050000
15	358	0.041667
15	404	0.050000
15	432	0.052632
15	448	0.055556
16	0	0.007246
16	19	0.008264
16	21	0.010417
16	22	0.006369
16	23	0.008197
16	24	0.007246
16	25	0.008403
16	36	0.011236
16	37	0.016393
16	38	0.010417
16	40	0.012987
16	44	0.012500
16	49	0.014085
16	59	0.020000
16	65	0.019608
16	81	0.020833
16	95	0.015873
16	99	0.024390
16	108	0.027027
16	169	0.037037
16	170	0.027027
16	192	0.027778
16	262	0.038462
16	264	0.035714
16	274	0.041667
16	330	0.047619
16	424	0.052632
17	0	0.007246
17	19	0.008264
17	20	0.008403
17	21	0.010417
17	22	0.006369
17	24	0.007246
17	25	0.008403
17	27	0.010417
17	28	0.008000
17	29	0.011494
17	31	0.009901
17	32	0.008333
17	34	0.009174
17	35	0.015385
17	36	0.011236
17	38	0.010417
17	40	0.012987
17	42	0.013333
17	43	0.011905
17	45	0.012500
17	48	0.016393
17	49	0.014085
17	50	0.015873
17	54	0.021277
17	56	0.014286
17	57	0.021277
17	62	0.024390
17	64	0.018519
17	70	0.019231
17	76	0.018868
17	77	0.020408
17	94	0.030303
17	95	0.015873
17	97	0.027027
17	99	0.024390
17	107	0.024390
17	110	0.027778
17	111	0.029412
17	114	0.021739
17	120	0.028571
17	132	0.030303
17	136	0.029412
17	143	0.030303
17	146	0.034483
17	147	0.034483
17	157	0.028571
17	165	0.035714
17	185	0.037037
17	188	0.034483
17	190	0.027778
17	191	0.030303
17	198	0.038462
17	204	0.037037
17	216	0.033333
17	221	0.041667
17	222	0.037037
17	224	0.034483
17	233	0.040000
17	238	0.043478
17	240	0.032258
17	242	0.050000
17	251	0.043478
17	252	0.035714
17	270	0.045455
17	276	0.047619
17	285	0.043478
17	307	0.043478
17	310	0.041667
17	313	0.045455
17	315	0.045455
17	316	0.045455
17	322	0.047619
17	327	0.045455
17	328	0.050000
17	336	0.052632
17	343	0.041667
17	344	0.052632
17	395	0.055556
17	400	0.055556
17	407	0.055556
17	413	0.055556
17	433	0.055556
17	435	0.050000
17	437	0.050000
17	444	0.052632
17	448	0.055556
17	449	0.055556
17	454	0.055556
18	0	0.007246
18	19	0.008264
18	20	0.008403
18	21	0.010417
18	22	0.006369
18	23	0.008197
18	26	0.009434
18	31	0.009901
18	32	0.008333
18	34	0.009174
18	49	0.014085
18	51	0.016393
18	58	0.018868
18	64	0.018519
18	66	0.023810
18	67	0.018182
18	72	0.031250
18	77	0.020408
18	108	0.027027
18	110	0.027778
18	115	0.027778
18	123	0.023810
18	131	0.022222
18	158	0.027027
18	161	0.037037
18	187	0.031250
18	197	0.037037
18	208	0.026316
18	221	0.041667
18	244	0.040000
18	248	0.035714
18	297	0.050000
18	303	0.041667
18	304	0.038462
18	307	0.043478
18	340	0.043478
18	343	0.041667
18	379	0.047619
18	411	0.050000
18	416	0.050000
18	429	0.055556
18	435	0.050000
19	0	0.007246
19	1	0.018519
19	2	0.015152
19	3	0.016129
19	4	0.018519
19	5	0.016949
19	6	0.009524
19	8	0.016667
19	9	0.009434
19	10	0.019608
19	11	0.018868
19	12	0.015385
19	13	0.025641
19	14	0.017857
19	15	0.020408
19	16	0.037037
19	17	0.011364
19	18	0.023810
19	20	0.008403
19	21	0.010417
19	22	0.006369
19	23	0.008197
19	24	0.007246
19	25	0.008403
19	26	0.009434
19	27	0.010417
19	28	0.008000
19	29	0.011494
19	30	0.012658
19	31	0.009901
19	32	0.008333
19	33	0.010638
19	34	0.009174
19	36	0.011236
19	37	0.016393
19	38	0.010417
19	39	0.008696
19	40	0.012987
19	41	0.012048
19	43	0.011905
19	46	0.012346
19	47	0.017544
19	48	0.016393
19	49	0.014085
19	50	0.015873
19	52	0.013333
19	59	0.020000
19	65	0.019608
19	67	0.018182
19	73	0.016949
19	74	0.020833
19	78	0.018868
19	79	0.016667
19	80	0.022222
19	81	0.020833
19	82	0.027027
19	86	0.017857
19	87	0.016393
19	88	0.031250
19	90	0.016667
19	94	0.030303
19	97	0.027027
19	98	0.023810
19	104	0.020833
19	111	0.029412
19	114	0.021739
19	117	0.020408
19	118	0.021739
19	121	0.031250
19	127	0.027027
19	133	0.025000
19	142	0.025641
19	149	0.037037
19	152	0.034483
19	155	0.026316
19	163	0.027778
19	166	0.034483
19	167	0.035714
19	168	0.031250
19	174	0.034483
19	186	0.025000
19	196	0.037037
19	197	0.037037
19	213	0.037037
19	214	0.038462
19	215	0.038462
19	219	0.038462
19	240	0.032258
19	245	0.047619
19	255	0.037037
19	260	0.032258
19	264	0.035714
19	273	0.047619
19	275	0.047619
19	279	0.041667
19	280	0.045455
19	283	0.035714
19	293	0.045455
19	296	0.043478
19	307	0.043478
19	311	0.045455
19	320	0.052632
19	325	0.050000
19	337	0.047619
19	352	0.050000
19	354	0.050000
19	359	0.055556
19	360	0.047619
19	363	0.050000
19	371	0.052632
19	374	0.045455
19	376	0.050000
19	386	0.045455
19	395	0.055556
19	398	0.055556
19	407	0.055556
19	420	0.055556
19	426	0.055556
19	434	0.052632
19	438	0.052632
19	453	0.055556
20	0	0.007246
20	1	0.018519
20	2	0.015152
20	3	0.016129
20	4	0.018519
20	5	0.016949
20	6	0.009524
20	7	0.015873
20	8	0.016667
20	9	0.009434
20	11	0.018868
20	12	0.015385
20	13	0.025641
20	14	0.017857
20	15	0.020408
20	17	0.011364
20	18	0.023810
20	19	0.008264
20	21	0.010417
20	22	0.006369
20	23	0.008197
20	24	0.007246
20	25	0.008403
20	26	0.009434
20	27	0.010417
20	28	0.008000
20	29	0.011494
20	30	0.012658
20	31	0.009901
20	32	0.008333
20	33	0.010638
20	34	0.009174
20	35	0.015385
20	37	0.016393
20	39	0.008696
20	40	0.012987
20	42	0.013333
20	44	0.012500
20	45	0.012500
20	48	0.016393
20	49	0.014085
20	52	0.013333
20	53	0.014493
20	54	0.021277
20	56	0.014286
20	57	0.021277
20	65	0.019608
20	66	0.023810
20	74	0.020833
20	77	0.020408
20	79	0.016667
20	80	0.022222
20	81	0.020833
20	93	0.023810
20	95	0.015873
20	96	0.025641
20	98	0.023810
20	102	0.028571
20	104	0.020833
20	105	0.033333
20	106	0.027778
20	107	0.024390
20	109	0.025000
20	110	0.027778
20	118	0.021739
20	120	0.028571
20	121	0.031250
20	122	0.026316
20	126	0.023810
20	137	0.030303
20	139	0.028571
20	141	0.034483
20	144	0.028571
20	147	0.034483
20	165	0.035714
20	168	0.031250
20	173	0.043478
20	175	0.041667
20	185	0.037037
20	209	0.035714
20	210	0.035714
20	215	0.038462
20	216	0.033333
20	218	0.038462
20	226	0.045455
20	227	0.037037
20	239	0.031250
20	240	0.032258
20	242	0.050000
20	247	0.041667
20	248	0.035714
20	254	0.040000
20	257	0.034483
20	265	0.043478
20	266	0.050000
20	270	0.045455
20	271	0.043478
20	272	0.047619
20	281	0.047619
20	284	0.040000
20	297	0.050000
20	300	0.038462
20	316	0.045455
20	328	0.050000
20	329	0.050000
20	338	0.045455
20	351	0.050000
20	352	0.050000
20	372	0.050000
20	380	0.052632
20	385	0.052632
20	386	0.045455
20	404	0.050000
20	412	0.055556
20	414	0.055556
20	420	0.055556
20	425	0.047619
20	426	0.055556
20	439	0.055556
21	0	0.007246
21	1	0.018519
21	3	0.016129
21	4	0.018519
21	5	0.016949
21	6	0.009524
21	7	0.015873
21	8	0.016667
21	9	0.009434
21	10	0.019608
21	12	0.015385
21	13	0.025641
21	15	0.020408
21	16	0.037037
21	17	0.011364
21	18	0.023810
21	19	0.008264
21	20	0.008403
21	22	0.006369
21	23	0.008197
21	24	0.007246
21	25	0.008403
21	26	0.009434
21	27	0.010417
21	30	0.012658
21	34	0.009174
21	35	0.015385
21	36	0.011236
21	37	0.016393
21	38	0.010417
21	39	0.008696
21	50	0.015873
21	52	0.013333
21	53	0.014493
21	54	0.021277
21	55	0.019231
21	62	0.024390
21	69	0.014286
21	72	0.031250
21	74	0.020833
21	80	0.022222
21	82	0.027027
21	85	0.016393
21	93	0.023810
21	95	0.015873
21	100	0.021739
21	101	0.021277
21	105	0.033333
21	116	0.025641
21	119	0.023810
21	121	0.031250
21	129	0.035714
21	135	0.028571
21	139	0.028571
21	143	0.030303
21	146	0.034483
21	148	0.027027
21	152	0.034483
21	164	0.023256
21	165	0.035714
21	168	0.031250
21	177	0.028571
21	185	0.037037
21	186	0.025000
21	193	0.037037
21	200	0.038462
21	201	0.034483
21	210	0.035714
21	213	0.037037
21	214	0.038462
21	215	0.038462
21	217	0.035714
21	241	0.045455
21	254	0.040000
21	270	0.045455
21	286	0.047619
21	293	0.045455
21	299	0.047619
21	326	0.050000
21	333	0.045455
21	334	0.050000
21	339	0.052632
21	349	0.050000
21	368	0.052632
21	373	0.050000
21	379	0.047619
21	387	0.052632
21	388	0.050000
21	394	0.047619
21	397	0.052632
21	402	0.055556
21	415	0.055556
21	420	0.055556
21	430	0.055556
21	437	0.050000
21	453	0.055556
22	0	0.007246
22	2	0.015152
22	4	0.018519
22	5	0.016949
22	6	0.009524
22	9	0.009434
22	10	0.019608
22	11	0.018868
22	12	0.015385
22	13	0.025641
22	14	0.017857
22	15	0.020408
22	16	0.037037
22	17	0.011364
22	18	0.023810
22	19	0.008264
22	20	0.008403
22	21	0.010417
22	23	0.008197
22	24	0.007246
22	25	0.008403
22	26	0.009434
22	27	0.010417
22	30	0.012658
22	31	0.009901
22	32	0.008333
22	33	0.010638
22	35	0.015385
22	36	0.011236
22	38	0.010417
22	39	0.008696
22	40	0.012987
22	41	0.012048
22	42	0.013333
22	43	0.011905
22	45	0.012500
22	46	0.012346
22	47	0.017544
22	48	0.016393
22	50	0.015873
22	51	0.016393
22	52	0.013333
22	53	0.014493
22	56	0.014286
22	58	0.018868
22	59	0.020000
22	60	0.022222
22	61	0.016949
22	63	0.014493
22	65	0.019608
22	66	0.023810
22	68	0.020408
22	71	0.014925
22	74	0.020833
22	75	0.025641
22	76	0.018868
22	77	0.020408
22	84	0.020833
22	85	0.016393
22	90	0.016667
22	91	0.020833
22	95	0.015873
22	96	0.025641
22	97	0.027027
22	99	0.024390
22	101	0.021277
22	103	0.030303
22	104	0.020833
22	110	0.027778
22	113	0.030303
22	114	0.021739
22	120	0.028571
22	123	0.023810
22	125	0.033333
22	126	0.023810
22	129	0.035714
22	135	0.028571
22	136	0.029412
22	138	0.032258
22	139	0.028571
22	140	0.027778
22	145	0.025000
22	150	0.030303
22	152	0.034483
22	154	0.032258
22	155	0.026316
22	156	0.029412
22	157	0.028571
22	160	0.026316
22	164	0.023256
22	166	0.034483
22	167	0.035714
22	171	0.034483
22	172	0.033333
22	176	0.040000
22	179	0.032258
22	182	0.037037
22	185	0.037037
22	187	0.031250
22	191	0.030303
22	194	0.040000
22	202	0.035714
22	222	0.037037
22	223	0.043478
22	224	0.034483
22	240	0.032258
22	241	0.045455
22	251	0.043478
22	253	0.043478
22	255	0.037037
22	263	0.037037
22	267	0.047619
22	268	0.040000
22	272	0.047619
22	273	0.047619
22	279	0.041667
22	282	0.045455
22	285	0.043478
22	287	0.052632
22	291	0.050000
22	294	0.047619
22	295	0.043478
22	300	0.038462
22	304	0.038462
22	306	0.050000
22	315	0.045455
22	326	0.050000
22	327	0.045455
22	333	0.045455
22	338	0.045455
22	341	0.041667
22	348	0.047619
22	349	0.050000
22	375	0.050000
22	376	0.050000
22	377	0.050000
22	378	0.052632
22	382	0.045455
22	386	0.045455
22	393	0.052632
22	394	0.047619
22	395	0.055556
22	402	0.055556
22	409	0.055556
22	410	0.050000
22	418	0.055556
22	419	0.055556
22	425	0.047619
22	427	0.052632
22	436	0.050000
22	439	0.055556
22	446	0.055556
22	447	0.055556
22	449	0.055556
22	450	0.052632
22	452	0.055556
22	455	0.055556
23	0	0.007246
23	2	0.015152
23	3	0.016129
23	4	0.018519
23	5	0.016949
23	6	0.009524
23	7	0.015873
23	8	0.016667
23	11	0.018868
23	12	0.015385
23	13	0.025641
23	15	0.020408
23	16	0.037037
23	18	0.023810
23	19	0.008264
23	20	0.008403
23	21	0.010417
23	22	0.006369
23	24	0.007246
23	25	0.008403
23	26	0.009434
23	28	0.008000
23	30	0.012658
23	31	0.009901
23	32	0.008333
23	33	0.010638
23	34	0.009174
23	35	0.015385
23	36	0.011236
23	37	0.016393
23	39	0.008696
23	40	0.012987
23	41	0.012048
23	42	0.013333
23	43	0.011905
23	45	0.012500
23	46	0.012346
23	47	0.017544
23	48	0.016393
23	52	0.013333
23	54	0.021277
23	55	0.019231
23	57	0.021277
23	58	0.018868
23	59	0.020000
23	62	0.024390
23	66	0.023810
23	67	0.018182
23	69	0.014286
23	74	0.020833
23	76	0.018868
23	81	0.020833
23	83	0.022222
23	84	0.020833
23	86	0.017857
23	87	0.016393
23	89	0.020833
23	90	0.016667
23	91	0.020833
23	92	0.022222
23	96	0.025641
23	97	0.027027
23	98	0.023810
23	102	0.028571
23	105	0.033333
23	107	0.024390
23	108	0.027027
23	109	0.025000
23	112	0.019608
23	116	0.025641
23	123	0.023810
23	126	0.023810
23	128	0.023810
23	131	0.022222
23	144	0.028571
23	154	0.032258
23	155	0.026316
23	159	0.034483
23	162	0.032258
23	164	0.023256
23	168	0.031250
23	171	0.034483
23	180	0.031250
23	184	0.035714
23	186	0.025000
23	195	0.037037
23	217	0.035714
23	223	0.043478
23	226	0.045455
23	244	0.040000
23	246	0.035714
23	248	0.035714
23	270	0.045455
23	277	0.043478
23	282	0.045455
23	285	0.043478
23	299	0.047619
23	301	0.040000
23	302	0.037037
23	310	0.041667
23	312	0.043478
23	313	0.045455
23	326	0.050000
23	327	0.045455
23	328	0.050000
23	330	0.047619
23	333	0.045455
23	335	0.050000
23	338	0.045455
23	343	0.041667
23	346	0.040000
23	374	0.045455
23	381	0.052632
23	383	0.047619
23	387	0.052632
23	392	0.055556
23	396	0.052632
23	418	0.055556
23	422	0.052632
23	431	0.055556
23	445	0.052632
23	457	0.055556
24	0	0.007246
24	1	0.018519
24	2	0.015152
24	3	0.016129
24	4	0.018519
24	5	0.016949
24	6	0.009524
24	8	0.016667
24	9	0.009434
24	10	0.019608
24	11	0.018868
24	16	0.037037
24	17	0.011364
24	19	0.008264
24	20	0.008403
24	21	0.010417
24	22	0.006369
24	23	0.008197
24	25	0.008403
24	26	0.009434
24	27	0.010417
24	28	0.008000
24	29	0.011494
24	30	0.012658
24	32	0.008333
24	33	0.010638
24	34	0.009174
24	35	0.015385
24	36	0.011236
24	37	0.016393
24	38	0.010417
24	39	0.008696
24	40	0.012987
24	41	0.012048
24	42	0.013333
24	43	0.011905
24	44	0.012500
24	48	0.016393
24	52	0.013333
24	53	0.014493
24	55	0.019231
24	57	0.021277
24	58	0.018868
24	59	0.020000
24	61	0.016949
24	66	0.023810
24	72	0.031250
24	79	0.016667
24	82	0.027027
24	83	0.022222
24	88	0.031250
24	89	0.020833
24	91	0.020833
24	93	0.023810
24	95	0.015873
24	96	0.025641
24	97	0.027027
24	101	0.021277
24	102	0.028571
24	103	0.030303
24	104	0.020833
24	112	0.019608
24	113	0.030303
24	121	0.031250
24	124	0.027778
24	126	0.023810
24	127	0.027027
24	136	0.029412
24	137	0.030303
24	138	0.032258
24	140	0.027778
24	144	0.028571
24	152	0.034483
24	156	0.029412
24	158	0.027027
24	161	0.037037
24	172	0.033333
24	174	0.034483
24	178	0.030303
24	179	0.032258
24	185	0.037037
24	187	0.031250
24	191	0.030303
24	196	0.037037
24	197	0.037037
24	199	0.040000
24	205	0.041667
24	206	0.034483
24	207	0.038462
24	208	0.026316
24	213	0.037037
24	222	0.037037
24	224	0.034483
24	227	0.037037
24	235	0.040000
24	254	0.040000
24	259	0.033333
24	260	0.032258
24	269	0.035714
24	271	0.043478
24	284	0.040000
24	285	0.043478
24	299	0.047619
24	302	0.037037
24	303	0.041667
24	304	0.038462
24	308	0.052632
24	310	0.041667
24	311	0.045455
24	313	0.045455
24	314	0.047619
24	321	0.045455
24	324	0.043478
24	326	0.050000
24	329	0.050000
24	330	0.047619
24	331	0.050000
24	338	0.045455
24	340	0.043478
24	344	0.052632
24	350	0.038462
24	360	0.047619
24	364	0.052632
24	367	0.047619
24	369	0.045455
24	370	0.047619
24	378	0.052632
24	382	0.045455
24	387	0.052632
24	390	0.052632
24	394	0.047619
24	395	0.055556
24	403	0.055556
24	406	0.052632
24	410	0.050000
24	431	0.055556
24	443	0.052632
24	453	0.055556
25	0	0.007246
25	1	0.018519
25	2	0.015152
25	5	0.016949
25	6	0.009524
25	7	0.015873
25	8	0.016667
25	9	0.009434
25	11	0.018868
25	15	0.020408
25	16	0.037037
25	17	0.011364
25	19	0.008264
25	20	0.008403
25	21	0.010417
25	22	0.006369
25	23	0.008197
25	24	0.007246
25	26	0.009434
25	27	0.010417
25	28	0.008000
25	29	0.011494
25	30	0.012658
25	31	0.009901
25	32	0.008333
25	33	0.010638
25	34	0.009174
25	35	0.015385
25	36	0.011236
25	38	0.010417
25	39	0.008696
25	40	0.012987
25	41	0.012048
25	45	0.012500
25	47	0.017544
25	50	0.015873
25	51	0.016393
25	55	0.019231
25	56	0.014286
25	60	0.022222
25	61	0.016949
25	63	0.014493
25	64	0.018519
25	65	0.019608
25	68	0.020408
25	71	0.014925
25	73	0.016949
25	74	0.020833
25	76	0.018868
25	78	0.018868
25	81	0.020833
25	82	0.027027
25	89	0.020833
25	96	0.025641
25	97	0.027027
25	102	0.028571
25	104	0.020833
25	108	0.027027
25	109	0.025000
25	122	0.026316
25	127	0.027027
25	131	0.022222
25	132	0.030303
25	133	0.025000
25	141	0.034483
25	143	0.030303
25	159	0.034483
25	161	0.037037
25	169	0.037037
25	172	0.033333
25	174	0.034483
25	179	0.032258
25	188	0.034483
25	190	0.027778
25	192	0.027778
25	200	0.038462
25	202	0.035714
25	203	0.033333
25	205	0.041667
25	206	0.034483
25	211	0.033333
25	216	0.033333
25	217	0.035714
25	229	0.045455
25	232	0.035714
25	234	0.045455
25	235	0.040000
25	247	0.041667
25	272	0.047619
25	278	0.047619
25	283	0.035714
25	294	0.047619
25	308	0.052632
25	318	0.041667
25	321	0.045455
25	329	0.050000
25	332	0.047619
25	339	0.052632
25	340	0.043478
25	345	0.045455
25	349	0.050000
25	356	0.040000
25	363	0.050000
25	364	0.052632
25	377	0.050000
25	380	0.052632
25	384	0.052632
25	387	0.052632
25	396	0.052632
25	398	0.055556
25	400	0.055556
25	408	0.052632
25	416	0.050000
25	417	0.052632
25	424	0.052632
25	428	0.052632
25	432	0.052632
25	444	0.052632
25	452	0.055556
26	0	0.007246
26	1	0.018519
26	2	0.015152
26	4	0.018519
26	6	0.009524
26	9	0.009434
26	10	0.019608
26	11	0.018868
26	14	0.017857
26	15	0.020408
26	18	0.023810
26	19	0.008264
26	20	0.008403
26	21	0.010417
26	22	0.006369
26	23	0.008197
26	24	0.007246
26	25	0.008403
26	27	0.010417
26	28	0.008000
26	29	0.011494
26	31	0.009901
26	33	0.010638
26	37	0.016393
26	38	0.010417
26	39	0.008696
26	40	0.012987
26	41	0.012048
26	42	0.013333
26	46	0.012346
26	47	0.017544
26	50	0.015873
26	51	0.016393
26	52	0.013333
26	57	0.021277
26	58	0.018868
26	59	0.020000
26	63	0.014493
26	64	0.018519
26	66	0.023810
26	69	0.014286
26	72	0.031250
26	75	0.025641
26	80	0.022222
26	85	0.016393
26	87	0.016393
26	90	0.016667
26	96	0.025641
26	99	0.024390
26	101	0.021277
26	103	0.030303
26	106	0.027778
26	109	0.025000
26	113	0.030303
26	114	0.021739
26	115	0.027778
26	116	0.025641
26	117	0.020408
26	119	0.023810
26	120	0.028571
26	127	0.027027
26	131	0.022222
26	135	0.028571
26	139	0.028571
26	142	0.025641
26	145	0.025000
26	148	0.027027
26	158	0.027027
26	159	0.034483
26	160	0.026316
26	166	0.034483
26	167	0.035714
26	170	0.027027
26	171	0.034483
26	174	0.034483
26	184	0.035714
26	189	0.033333
26	190	0.027778
26	191	0.030303
26	193	0.037037
26	204	0.037037
26	218	0.038462
26	221	0.041667
26	230	0.041667
26	233	0.040000
26	236	0.043478
26	239	0.031250
26	256	0.034483
26	257	0.034483
26	258	0.047619
26	260	0.032258
26	268	0.040000
26	286	0.047619
26	288	0.040000
26	289	0.041667
26	298	0.041667
26	304	0.038462
26	306	0.050000
26	309	0.040000
26	318	0.041667
26	325	0.050000
26	343	0.041667
26	347	0.047619
26	391	0.041667
26	407	0.055556
26	408	0.052632
27	0	0.007246
27	1	0.018519
27	3	0.016129
27	4	0.018519
27	7	0.015873
27	8	0.016667
27	9	0.009434
27	10	0.019608
27	12	0.015385
27	14	0.017857
27	17	0.011364
27	19	0.008264
27	20	0.008403
27	21	0.010417
27	22	0.006369
27	24	0.007246
27	25	0.008403
27	26	0.009434
27	28	0.008000
27	29	0.011494
27	31	0.009901
27	32	0.008333
27	33	0.010638
27	34	0.009174
27	35	0.015385
27	36	0.011236
27	37	0.016393
27	38	0.010417
27	42	0.013333
27	45	0.012500
27	46	0.012346
27	53	0.014493
27	56	0.014286
27	57	0.021277
27	58	0.018868
27	60	0.022222
27	66	0.023810
27	68	0.020408
27	69	0.014286
27	71	0.014925
27	83	0.022222
27	95	0.015873
27	97	0.027027
27	103	0.030303
27	110	0.027778
27	111	0.029412
27	114	0.021739
27	119	0.023810
27	124	0.027778
27	127	0.027027
27	128	0.023810
27	137	0.030303
27	147	0.034483
27	149	0.037037
27	150	0.030303
27	151	0.027027
27	152	0.034483
27	155	0.026316
27	160	0.026316
27	167	0.035714
27	178	0.030303
27	184	0.035714
27	187	0.031250
27	188	0.034483
27	189	0.033333
27	203	0.033333
27	208	0.026316
27	209	0.035714
27	218	0.038462
27	227	0.037037
27	230	0.041667
27	233	0.040000
27	236	0.043478
27	237	0.040000
27	262	0.038462
27	265	0.043478
27	269	0.035714
27	276	0.047619
27	279	0.041667
27	285	0.043478
27	290	0.052632
27	299	0.047619
27	305	0.050000
27	312	0.043478
27	323	0.047619
27	325	0.050000
27	335	0.050000
27	336	0.052632
27	345	0.045455
27	362	0.052632
27	365	0.045455
27	383	0.047619
27	393	0.052632
27	398	0.055556
27	412	0.055556
27	430	0.055556
28	0	0.007246
28	2	0.015152
28	6	0.009524
28	7	0.015873
28	8	0.016667
28	9	0.009434
28	10	0.019608
28	12	0.015385
28	13	0.025641
28	14	0.017857
28	17	0.011364
28	19	0.008264
28	20	0.008403
28	23	0.008197
28	24	0.007246
28	25	0.008403
28	26	0.009434
28	27	0.010417
28	29	0.011494
28	30	0.012658
28	31	0.009901
28	32	0.008333
28	33	0.010638
28	34	0.009174
28	35	0.015385
28	36	0.011236
28	37	0.016393
28	39	0.008696
28	40	0.012987
28	43	0.011905
28	47	0.017544
28	49	0.014085
28	50	0.015873
28	52	0.013333
28	56	0.014286
28	57	0.021277
28	58	0.018868
28	61	0.016949
28	63	0.014493
28	64	0.018519
28	65	0.019608
28	66	0.023810
28	67	0.018182
28	69	0.014286
28	72	0.031250
28	73	0.016949
28	75	0.025641
28	76	0.018868
28	81	0.020833
28	91	0.020833
28	98	0.023810
28	100	0.021739
28	106	0.027778
28	111	0.029412
28	113	0.030303
28	117	0.020408
28	118	0.021739
28	123	0.023810
28	139	0.028571
28	145	0.025000
28	148	0.027027
28	153	0.030303
28	154	0.032258
28	159	0.034483
28	160	0.026316
28	162	0.032258
28	165	0.035714
28	173	0.043478
28	175	0.041667
28	177	0.028571
28	178	0.030303
28	179	0.032258
28	180	0.031250
28	183	0.035714
28	185	0.037037
28	187	0.031250
28	188	0.034483
28	190	0.027778
28	194	0.040000
28	204	0.037037
28	206	0.034483
28	214	0.038462
28	222	0.037037
28	224	0.034483
28	230	0.041667
28	233	0.040000
28	234	0.045455
28	241	0.045455
28	243	0.043478
28	255	0.037037
28	256	0.034483
28	258	0.047619
28	262	0.038462
28	268	0.040000
28	270	0.045455
28	273	0.047619
28	279	0.041667
28	286	0.047619
28	289	0.041667
28	306	0.050000
28	310	0.041667
28	311	0.045455
28	316	0.045455
28	318	0.041667
28	322	0.047619
28	328	0.050000
28	330	0.047619
28	331	0.050000
28	342	0.041667
28	353	0.047619
28	365	0.045455
28	367	0.047619
28	371	0.052632
28	378	0.052632
28	387	0.052632
28	393	0.052632
28	398	0.055556
28	401	0.050000
28	404	0.050000
28	411	0.050000
28	415	0.055556
28	422	0.052632
28	433	0.055556
28	454	0.055556
28	457	0.055556
29	1	0.018519
29	2	0.015152
29	4	0.018519
29	5	0.016949
29	6	0.009524
29	7	0.015873
29	10	0.019608
29	11	0.018868
29	12	0.015385
29	14	0.017857
29	17	0.011364
29	19	0.008264
29	20	0.008403
29	24	0.007246
29	25	0.008403
29	26	0.009434
29	27	0.010417
29	28	0.008000
29	30	0.012658
29	31	0.009901
29	32	0.008333
29	36	0.011236
29	40	0.012987
29	41	0.012048
29	43	0.011905
29	44	0.012500
29	45	0.012500
29	47	0.017544
29	50	0.015873
29	52	0.013333
29	56	0.014286
29	62	0.024390
29	64	0.018519
29	71	0.014925
29	75	0.025641
29	76	0.018868
29	92	0.022222
29	97	0.027027
29	98	0.023810
29	111	0.029412
29	112	0.019608
29	117	0.020408
29	119	0.023810
29	121	0.031250
29	136	0.029412
29	139	0.028571
29	144	0.028571
29	149	0.037037
29	151	0.027027
29	156	0.029412
29	162	0.032258
29	169	0.037037
29	183	0.035714
29	184	0.035714
29	197	0.037037
29	216	0.033333
29	220	0.043478
29	222	0.037037
29	223	0.043478
29	224	0.034483
29	225	0.034483
29	235	0.040000
29	243	0.043478
29	247	0.041667
29	253	0.043478
29	255	0.037037
29	263	0.037037
29	281	0.047619
29	286	0.047619
29	291	0.050000
29	298	0.041667
29	327	0.045455
29	331	0.050000
29	336	0.052632
29	351	0.050000
29	352	0.050000
29	363	0.050000
29	365	0.045455
29	378	0.052632
29	391	0.041667
29	406	0.052632
29	411	0.050000
29	420	0.055556
29	422	0.052632
29	427	0.052632
29	429	0.055556
29	447	0.055556
30	0	0.007246
30	1	0.018519
30	2	0.015152
30	3	0.016129
30	4	0.018519
30	6	0.009524
30	9	0.009434
30	11	0.018868
30	15	0.020408
30	19	0.008264
30	20	0.008403
30	21	0.010417
30	22	0.006369
30	23	0.008197
30	24	0.007246
30	25	0.008403
30	28	0.008000
30	29	0.011494
30	31	0.009901
30	37	0.016393
30	47	0.017544
30	50	0.015873
30	61	0.016949
30	62	0.024390
30	64	0.018519
30	68	0.020408
30	71	0.014925
30	72	0.031250
30	86	0.017857
30	88	0.031250
30	89	0.020833
30	90	0.016667
30	93	0.023810
30	105	0.033333
30	113	0.030303
30	118	0.021739
30	124	0.027778
30	133	0.025000
30	136	0.029412
30	141	0.034483
30	149	0.037037
30	151	0.027027
30	153	0.030303
30	154	0.032258
30	160	0.026316
30	162	0.032258
30	175	0.041667
30	179	0.032258
30	181	0.032258
30	192	0.027778
30	196	0.037037
30	205	0.041667
30	229	0.045455
30	233	0.040000
30	235	0.040000
30	241	0.045455
30	245	0.047619
30	251	0.043478
30	254	0.040000
30	271	0.043478
30	278	0.047619
30	281	0.047619
30	284	0.040000
30	297	0.050000
30	299	0.047619
30	305	0.050000
30	339	0.052632
30	355	0.047619
30	356	0.040000
30	364	0.052632
30	375	0.050000
30	381	0.052632
30	382	0.045455
30	389	0.050000
30	390	0.052632
30	392	0.055556
30	445	0.052632
30	452	0.055556
30	457	0.055556
31	1	0.018519
31	2	0.015152
31	9	0.009434
31	12	0.015385
31	14	0.017857
31	15	0.020408
31	17	0.011364
31	18	0.023810
31	19	0.008264
31	20	0.008403
31	22	0.006369
31	23	0.008197
31	25	0.008403
31	26	0.009434
31	27	0.010417
31	28	0.008000
31	29	0.011494
31	30	0.012658
31	34	0.009174
31	35	0.015385
31	37	0.016393
31	38	0.010417
31	39	0.008696
31	40	0.012987
31	41	0.012048
31	44	0.012500
31	46	0.012346
31	47	0.017544
31	51	0.016393
31	53	0.014493
31	55	0.019231
31	58	0.018868
31	62	0.024390
31	63	0.014493
31	69	0.014286
31	77	0.020408
31	78	0.018868
31	80	0.022222
31	91	0.020833
31	102	0.028571
31	103	0.030303
31	110	0.027778
31	111	0.029412
31	117	0.020408
31	121	0.031250
31	127	0.027027
31	129	0.035714
31	130	0.030303
31	132	0.030303
31	140	0.027778
31	142	0.025641
31	145	0.025000
31	160	0.026316
31	179	0.032258
31	183	0.035714
31	188	0.034483
31	192	0.027778
31	199	0.040000
31	200	0.038462
31	201	0.034483
31	202	0.035714
31	206	0.034483
31	208	0.026316
31	213	0.037037
31	225	0.034483
31	228	0.047619
31	236	0.043478
31	237	0.040000
31	239	0.031250
31	267	0.047619
31	270	0.045455
31	273	0.047619
31	282	0.045455
31	288	0.040000
31	293	0.045455
31	303	0.041667
31	304	0.038462
31	314	0.047619
31	316	0.045455
31	325	0.050000
31	331	0.050000
31	336	0.052632
31	341	0.041667
31	346	0.040000
31	373	0.050000
31	378	0.052632
31	391	0.041667
31	395	0.055556
31	397	0.052632
31	398	0.055556
31	404	0.050000
31	409	0.055556
31	410	0.050000
31	416	0.050000
31	425	0.047619
31	427	0.052632
31	431	0.055556
31	432	0.052632
31	439	0.055556
31	441	0.052632
31	452	0.055556
32	1	0.018519
32	3	0.016129
32	4	0.018519
32	6	0.009524
32	7	0.015873
32	14	0.017857
32	15	0.020408
32	17	0.011364
32	18	0.023810
32	19	0.008264
32	20	0.008403
32	22	0.006369
32	23	0.008197
32	24	0.007246
32	25	0.008403
32	27	0.010417
32	28	0.008000
32	29	0.011494
32	33	0.010638
32	34	0.009174
32	35	0.015385
32	36	0.011236
32	37	0.016393
32	38	0.010417
32	41	0.012048
32	42	0.013333
32	43	0.011905
32	44	0.012500
32	46	0.012346
32	47	0.017544
32	49	0.014085
32	51	0.016393
32	53	0.014493
32	54	0.021277
32	58	0.018868
32	60	0.022222
32	67	0.018182
32	68	0.020408
32	69	0.014286
32	71	0.014925
32	77	0.020408
32	81	0.020833
32	82	0.027027
32	83	0.022222
32	84	0.020833
32	86	0.017857
32	92	0.022222
32	98	0.023810
32	99	0.024390
32	101	0.021277
32	102	0.028571
32	105	0.033333
32	106	0.027778
32	109	0.025000
32	111	0.029412
32	113	0.030303
32	128	0.023810
32	134	0.035714
32	136	0.029412
32	144	0.028571
32	146	0.034483
32	147	0.034483
32	148	0.027027
32	151	0.027027
32	153	0.030303
32	157	0.028571
32	168	0.031250
32	172	0.033333
32	173	0.043478
32	181	0.032258
32	182	0.037037
32	191	0.030303
32	199	0.040000
32	211	0.033333
32	215	0.038462
32	224	0.034483
32	228	0.047619
32	229	0.045455
32	232	0.035714
32	237	0.040000
32	243	0.043478
32	248	0.035714
32	253	0.043478
32	257	0.034483
32	263	0.037037
32	265	0.043478
32	266	0.050000
32	274	0.041667
32	285	0.043478
32	286	0.047619
32	291	0.050000
32	297	0.050000
32	299	0.047619
32	301	0.040000
32	304	0.038462
32	307	0.043478
32	316	0.045455
32	330	0.047619
32	334	0.050000
32	337	0.047619
32	338	0.045455
32	343	0.041667
32	353	0.047619
32	355	0.047619
32	359	0.055556
32	370	0.047619
32	376	0.050000
32	379	0.047619
32	382	0.045455
32	385	0.052632
32	388	0.050000
32	389	0.050000
32	398	0.055556
32	407	0.055556
32	424	0.052632
32	428	0.052632
32	432	0.052632
32	433	0.055556
32	454	0.055556
32	456	0.055556
33	0	0.007246
33	1	0.018519
33	3	0.016129
33	5	0.016949
33	6	0.009524
33	7	0.015873
33	13	0.025641
33	15	0.020408
33	19	0.008264
33	20	0.008403
33	22	0.006369
33	23	0.008197
33	24	0.007246
33	25	0.008403
33	26	0.009434
33	27	0.010417
33	28	0.008000
33	32	0.008333
33	34	0.009174
33	35	0.015385
33	36	0.011236
33	37	0.016393
33	38	0.010417
33	39	0.008696
33	42	0.013333
33	44	0.012500
33	45	0.012500
33	46	0.012346
33	48	0.016393
33	51	0.016393
33	54	0.021277
33	56	0.014286
33	57	0.021277
33	62	0.024390
33	64	0.018519
33	65	0.019608
33	66	0.023810
33	67	0.018182
33	70	0.019231
33	71	0.014925
33	74	0.020833
33	77	0.020408
33	84	0.020833
33	88	0.031250
33	91	0.020833
33	92	0.022222
33	93	0.023810
33	107	0.024390
33	109	0.025000
33	112	0.019608
33	123	0.023810
33	127	0.027027
33	132	0.030303
33	138	0.032258
33	139	0.028571
33	142	0.025641
33	143	0.030303
33	144	0.028571
33	148	0.027027
33	157	0.028571
33	163	0.027778
33	165	0.035714
33	174	0.034483
33	192	0.027778
33	199	0.040000
33	206	0.034483
33	223	0.043478
33	226	0.045455
33	237	0.040000
33	238	0.043478
33	239	0.031250
33	247	0.041667
33	250	0.040000
33	262	0.038462
33	265	0.043478
33	281	0.047619
33	284	0.040000
33	294	0.047619
33	297	0.050000
33	311	0.045455
33	317	0.045455
33	323	0.047619
33	340	0.043478
33	343	0.041667
33	357	0.052632
33	368	0.052632
33	371	0.052632
33	376	0.050000
33	379	0.047619
33	414	0.055556
33	426	0.055556
33	429	0.055556
33	438	0.052632
33	445	0.052632
34	1	0.018519
34	2	0.015152
34	7	0.015873
34	12	0.015385
34	15	0.020408
34	17	0.011364
34	18	0.023810
34	19	0.008264
34	20	0.008403
34	21	0.010417
34	23	0.008197
34	24	0.007246
34	25	0.008403
34	27	0.010417
34	28	0.008000
34	31	0.009901
34	32	0.008333
34	33	0.010638
34	37	0.016393
34	41	0.012048
34	45	0.012500
34	46	0.012346
34	51	0.016393
34	52	0.013333
34	59	0.020000
34	60	0.022222
34	61	0.016949
34	62	0.024390
34	63	0.014493
34	65	0.019608
34	69	0.014286
34	70	0.019231
34	73	0.016949
34	75	0.025641
34	77	0.020408
34	79	0.016667
34	87	0.016393
34	90	0.016667
34	100	0.021739
34	102	0.028571
34	103	0.030303
34	106	0.027778
34	108	0.027027
34	114	0.021739
34	115	0.027778
34	118	0.021739
34	124	0.027778
34	129	0.035714
34	133	0.025000
34	134	0.035714
34	135	0.028571
34	137	0.030303
34	138	0.032258
34	145	0.025000
34	156	0.029412
34	163	0.027778
34	164	0.023256
34	168	0.031250
34	176	0.040000
34	178	0.030303
34	179	0.032258
34	180	0.031250
34	187	0.031250
34	188	0.034483
34	190	0.027778
34	191	0.030303
34	199	0.040000
34	201	0.034483
34	203	0.033333
34	204	0.037037
34	205	0.041667
34	222	0.037037
34	223	0.043478
34	234	0.045455
34	247	0.041667
34	253	0.043478
34	256	0.034483
34	257	0.034483
34	272	0.047619
34	280	0.045455
34	286	0.047619
34	303	0.041667
34	314	0.047619
34	328	0.050000
34	332	0.047619
34	336	0.052632
34	341	0.041667
34	344	0.052632
34	345	0.045455
34	346	0.040000
34	358	0.041667
34	363	0.050000
34	364	0.052632
34	370	0.047619
34	379	0.047619
34	386	0.045455
34	388	0.050000
34	393	0.052632
34	400	0.055556
34	401	0.050000
34	402	0.055556
34	405	0.052632
34	407	0.055556
34	417	0.052632
34	418	0.055556
34	425	0.047619
34	433	0.055556
34	435	0.050000
34	449	0.055556
35	0	0.007246
35	3	0.016129
35	6	0.009524
35	7	0.015873
35	9	0.009434
35	12	0.015385
35	17	0.011364
35	20	0.008403
35	21	0.010417
35	22	0.006369
35	23	0.008197
35	24	0.007246
35	25	0.008403
35	27	0.010417
35	28	0.008000
35	31	0.009901
35	32	0.008333
35	33	0.010638
35	37	0.016393
35	45	0.012500
35	51	0.016393
35	60	0.022222
35	61	0.016949
35	63	0.014493
35	67	0.018182
35	68	0.020408
35	71	0.014925
35	73	0.016949
35	75	0.025641
35	78	0.018868
35	84	0.020833
35	88	0.031250
35	95	0.015873
35	100	0.021739
35	101	0.021277
35	102	0.028571
35	106	0.027778
35	107	0.024390
35	113	0.030303
35	126	0.023810
35	133	0.025000
35	150	0.030303
35	160	0.026316
35	162	0.032258
35	176	0.040000
35	179	0.032258
35	180	0.031250
35	189	0.033333
35	195	0.037037
35	222	0.037037
35	228	0.047619
35	232	0.035714
35	234	0.045455
35	290	0.052632
35	303	0.041667
35	310	0.041667
35	313	0.045455
35	359	0.055556
35	369	0.045455
35	387	0.052632
35	433	0.055556
35	435	0.050000
35	436	0.050000
35	439	0.055556
35	443	0.052632
36	0	0.007246
36	4	0.018519
36	5	0.016949
36	6	0.009524
36	12	0.015385
36	16	0.037037
36	17	0.011364
36	19	0.008264
36	21	0.010417
36	22	0.006369
36	23	0.008197
36	24	0.007246
36	25	0.008403
36	27	0.010417
36	28	0.008000
36	29	0.011494
36	32	0.008333
36	33	0.010638
36	40	0.012987
36	41	0.012048
36	44	0.012500
36	47	0.017544
36	49	0.014085
36	51	0.016393
36	52	0.013333
36	54	0.021277
36	58	0.018868
36	59	0.020000
36	62	0.024390
36	63	0.014493
36	67	0.018182
36	70	0.019231
36	80	0.022222
36	85	0.016393
36	93	0.023810
36	96	0.025641
36	103	0.030303
36	104	0.020833
36	105	0.033333
36	112	0.019608
36	115	0.027778
36	116	0.025641
36	117	0.020408
36	118	0.021739
36	120	0.028571
36	150	0.030303
36	163	0.027778
36	168	0.031250
36	173	0.043478
36	179	0.032258
36	195	0.037037
36	198	0.038462
36	202	0.035714
36	209	0.035714
36	213	0.037037
36	216	0.033333
36	222	0.037037
36	234	0.045455
36	237	0.040000
36	242	0.050000
36	245	0.047619
36	246	0.035714
36	249	0.033333
36	253	0.043478
36	255	0.037037
36	283	0.035714
36	287	0.052632
36	312	0.043478
36	314	0.047619
36	326	0.050000
36	330	0.047619
36	331	0.050000
36	354	0.050000
36	356	0.040000
36	357	0.052632
36	359	0.055556
36	370	0.047619
36	373	0.050000
36	381	0.052632
36	391	0.041667
36	400	0.055556
36	405	0.052632
36	415	0.055556
36	433	0.055556
36	435	0.050000
36	439	0.055556
36	440	0.055556
36	454	0.055556
36	455	0.055556
37	0	0.007246
37	5	0.016949
37	9	0.009434
37	16	0.037037
37	19	0.008264
37	20	0.008403
37	21	0.010417
37	23	0.008197
37	24	0.007246
37	26	0.009434
37	27	0.010417
37	28	0.008000
37	30	0.012658
37	31	0.009901
37	32	0.008333
37	33	0.010638
37	34	0.009174
37	35	0.015385
37	38	0.010417
37	39	0.008696
37	57	0.021277
37	59	0.020000
37	65	0.019608
37	71	0.014925
37	76	0.018868
37	84	0.020833
37	100	0.021739
37	107	0.024390
37	121	0.031250
37	136	0.029412
37	145	0.025000
37	158	0.027027
37	168	0.031250
37	172	0.033333
37	190	0.027778
37	196	0.037037
37	197	0.037037
37	200	0.038462
37	207	0.038462
37	229	0.045455
37	236	0.043478
37	238	0.043478
37	247	0.041667
37	248	0.035714
37	278	0.047619
37	286	0.047619
37	287	0.052632
37	297	0.050000
37	298	0.041667
37	300	0.038462
37	329	0.050000
37	343	0.041667
37	349	0.050000
37	354	0.050000
37	368	0.052632
37	379	0.047619
37	383	0.047619
37	390	0.052632
37	402	0.055556
37	414	0.055556
37	418	0.055556
38	0	0.007246
38	1	0.018519
38	4	0.018519
38	6	0.009524
38	7	0.015873
38	16	0.037037
38	17	0.011364
38	19	0.008264
38	21	0.010417
38	22	0.006369
38	24	0.007246
38	25	0.008403
38	26	0.009434
38	27	0.010417
38	31	0.009901
38	32	0.008333
38	33	0.010638
38	37	0.016393
38	39	0.008696
38	40	0.012987
38	42	0.013333
38	43	0.011905
38	45	0.012500
38	46	0.012346
38	47	0.017544
38	48	0.016393
38	49	0.014085
38	51	0.016393
38	52	0.013333
38	54	0.021277
38	55	0.019231
38	59	0.020000
38	60	0.022222
38	62	0.024390
38	63	0.014493
38	73	0.016949
38	78	0.018868
38	79	0.016667
38	80	0.022222
38	84	0.020833
38	87	0.016393
38	88	0.031250
38	91	0.020833
38	93	0.023810
38	94	0.030303
38	96	0.025641
38	98	0.023810
38	100	0.021739
38	104	0.020833
38	109	0.025000
38	112	0.019608
38	131	0.022222
38	154	0.032258
38	161	0.037037
38	168	0.031250
38	169	0.037037
38	175	0.041667
38	182	0.037037
38	191	0.030303
38	206	0.034483
38	223	0.043478
38	230	0.041667
38	234	0.045455
38	236	0.043478
38	241	0.045455
38	242	0.050000
38	245	0.047619
38	248	0.035714
38	252	0.035714
38	260	0.032258
38	261	0.045455
38	280	0.045455
38	284	0.040000
38	297	0.050000
38	300	0.038462
38	301	0.040000
38	306	0.050000
38	309	0.040000
38	311	0.045455
38	320	0.052632
38	335	0.050000
38	344	0.052632
38	354	0.050000
38	364	0.052632
38	366	0.052632
38	367	0.047619
38	373	0.050000
38	375	0.050000
38	377	0.050000
38	379	0.047619
38	382	0.045455
38	401	0.050000
38	412	0.055556
38	423	0.055556
38	433	0.055556
38	447	0.055556
39	0	0.007246
39	5	0.016949
39	11	0.018868
39	12	0.015385
39	14	0.017857
39	19	0.008264
39	20	0.008403
39	21	0.010417
39	22	0.006369
39	23	0.008197
39	24	0.007246
39	25	0.008403
39	26	0.009434
39	28	0.008000
39	31	0.009901
39	33	0.010638
39	37	0.016393
39	38	0.010417
39	40	0.012987
39	41	0.012048
39	42	0.013333
39	44	0.012500
39	46	0.012346
39	47	0.017544
39	49	0.014085
39	52	0.013333
39	53	0.014493
39	54	0.021277
39	56	0.014286
39	57	0.021277
39	62	0.024390
39	64	0.018519
39	68	0.020408
39	69	0.014286
39	71	0.014925
39	74	0.020833
39	75	0.025641
39	78	0.018868
39	82	0.027027
39	90	0.016667
39	91	0.020833
39	99	0.024390
39	101	0.021277
39	102	0.028571
39	105	0.033333
39	109	0.025000
39	111	0.029412
39	112	0.019608
39	117	0.020408
39	120	0.028571
39	125	0.033333
39	128	0.023810
39	129	0.035714
39	137	0.030303
39	139	0.028571
39	140	0.027778
39	143	0.030303
39	149	0.037037
39	151	0.027027
39	157	0.028571
39	158	0.027027
39	164	0.023256
39	165	0.035714
39	166	0.034483
39	167	0.035714
39	169	0.037037
39	174	0.034483
39	180	0.031250
39	183	0.035714
39	197	0.037037
39	198	0.038462
39	199	0.040000
39	201	0.034483
39	204	0.037037
39	207	0.038462
39	217	0.035714
39	223	0.043478
39	225	0.034483
39	226	0.045455
39	232	0.035714
39	247	0.041667
39	249	0.033333
39	258	0.047619
39	267	0.047619
39	272	0.047619
39	275	0.047619
39	280	0.045455
39	283	0.035714
39	288	0.040000
39	290	0.052632
39	298	0.041667
39	311	0.045455
39	317	0.045455
39	321	0.045455
39	331	0.050000
39	337	0.047619
39	338	0.045455
39	350	0.038462
39	355	0.047619
39	362	0.052632
39	371	0.052632
39	375	0.050000
39	380	0.052632
39	382	0.045455
39	388	0.050000
39	392	0.055556
39	411	0.050000
39	413	0.055556
39	420	0.055556
39	429	0.055556
39	435	0.050000
39	439	0.055556
39	446	0.055556
39	454	0.055556
39	456	0.055556
40	0	0.007246
40	6	0.009524
40	14	0.017857
40	16	0.037037
40	17	0.011364
40	19	0.008264
40	20	0.008403
40	22	0.006369
40	23	0.008197
40	24	0.007246
40	25	0.008403
40	26	0.009434
40	28	0.008000
40	29	0.011494
40	31	0.009901
40	36	0.011236
40	38	0.010417
40	39	0.008696
40	53	0.014493
40	55	0.019231
40	56	0.014286
40	58	0.018868
40	59	0.020000
40	61	0.016949
40	63	0.014493
40	66	0.023810
40	68	0.020408
40	84	0.020833
40	91	0.020833
40	94	0.030303
40	98	0.023810
40	102	0.028571
40	103	0.030303
40	108	0.027027
40	114	0.021739
40	126	0.023810
40	136	0.029412
40	137	0.030303
40	140	0.027778
40	159	0.034483
40	167	0.035714
40	173	0.043478
40	199	0.040000
40	203	0.033333
40	211	0.033333
40	214	0.038462
40	219	0.038462
40	221	0.041667
40	239	0.031250
40	245	0.047619
40	251	0.043478
40	252	0.035714
40	266	0.050000
40	274	0.041667
40	277	0.043478
40	285	0.043478
40	289	0.041667
40	292	0.052632
40	293	0.045455
40	296	0.043478
40	313	0.045455
40	316	0.045455
40	318	0.041667
40	341	0.041667
40	344	0.052632
40	354	0.050000
40	371	0.052632
40	376	0.050000
40	380	0.052632
40	389	0.050000
40	393	0.052632
40	410	0.050000
40	421	0.052632
40	422	0.052632
40	438	0.052632
40	449	0.055556
40	451	0.052632
41	0	0.007246
41	3	0.016129
41	7	0.015873
41	9	0.009434
41	11	0.018868
41	13	0.025641
41	19	0.008264
41	22	0.006369
41	23	0.008197
41	24	0.007246
41	25	0.008403
41	26	0.009434
41	29	0.011494
41	31	0.009901
41	32	0.008333
41	34	0.009174
41	36	0.011236
41	39	0.008696
41	42	0.013333
41	43	0.011905
41	44	0.012500
41	48	0.016393
41	49	0.014085
41	51	0.016393
41	55	0.019231
41	65	0.019608
41	68	0.020408
41	70	0.019231
41	75	0.025641
41	79	0.016667
41	81	0.020833
41	85	0.016393
41	87	0.016393
41	88	0.031250
41	90	0.016667
41	93	0.023810
41	94	0.030303
41	99	0.024390
41	106	0.027778
41	110	0.027778
41	119	0.023810
41	123	0.023810
41	126	0.023810
41	133	0.025000
41	134	0.035714
41	143	0.030303
41	144	0.028571
41	149	0.037037
41	151	0.027027
41	161	0.037037
41	163	0.027778
41	167	0.035714
41	170	0.027027
41	171	0.034483
41	181	0.032258
41	189	0.033333
41	192	0.027778
41	194	0.040000
41	226	0.045455
41	245	0.047619
41	246	0.035714
41	254	0.040000
41	281	0.047619
41	302	0.037037
41	313	0.045455
41	323	0.047619
41	324	0.043478
41	327	0.045455
41	328	0.050000
41	337	0.047619
41	348	0.047619
41	362	0.052632
41	373	0.050000
41	378	0.052632
41	379	0.047619
41	408	0.052632
41	409	0.055556
41	412	0.055556
41	421	0.052632
41	428	0.052632
41	434	0.052632
41	444	0.052632
41	445	0.052632
42	2	0.015152
42	3	0.016129
42	9	0.009434
42	10	0.019608
42	13	0.025641
42	14	0.017857
42	17	0.011364
42	20	0.008403
42	22	0.006369
42	23	0.008197
42	24	0.007246
42	26	0.009434
42	27	0.010417
42	32	0.008333
42	33	0.010638
42	38	0.010417
42	39	0.008696
42	41	0.012048
42	47	0.017544
42	48	0.016393
42	49	0.014085
42	67	0.018182
42	70	0.019231
42	71	0.014925
42	75	0.025641
42	79	0.016667
42	81	0.020833
42	86	0.017857
42	91	0.020833
42	92	0.022222
42	101	0.021277
42	102	0.028571
42	104	0.020833
42	114	0.021739
42	118	0.021739
42	127	0.027027
42	129	0.035714
42	140	0.027778
42	147	0.034483
42	152	0.034483
42	153	0.030303
42	155	0.026316
42	157	0.028571
42	158	0.027027
42	159	0.034483
42	173	0.043478
42	180	0.031250
42	193	0.037037
42	196	0.037037
42	204	0.037037
42	205	0.041667
42	217	0.035714
42	225	0.034483
42	227	0.037037
42	235	0.040000
42	240	0.032258
42	252	0.035714
42	257	0.034483
42	260	0.032258
42	261	0.045455
42	274	0.041667
42	296	0.043478
42	309	0.040000
42	318	0.041667
42	321	0.045455
42	324	0.043478
42	333	0.045455
42	335	0.050000
42	352	0.050000
42	362	0.052632
42	394	0.047619
42	397	0.052632
42	442	0.055556
42	447	0.055556
42	456	0.055556
43	0	0.007246
43	3	0.016129
43	4	0.018519
43	5	0.016949
43	8	0.016667
43	11	0.018868
43	12	0.015385
43	14	0.017857
43	17	0.011364
43	19	0.008264
43	22	0.006369
43	23	0.008197
43	24	0.007246
43	28	0.008000
43	29	0.011494
43	32	0.008333
43	38	0.010417
43	41	0.012048
43	49	0.014085
43	50	0.015873
43	56	0.014286
43	59	0.020000
43	64	0.018519
43	66	0.023810
43	68	0.020408
43	70	0.019231
43	75	0.025641
43	85	0.016393
43	89	0.020833
43	91	0.020833
43	96	0.025641
43	101	0.021277
43	106	0.027778
43	107	0.024390
43	110	0.027778
43	115	0.027778
43	116	0.025641
43	117	0.020408
43	122	0.026316
43	124	0.027778
43	126	0.023810
43	129	0.035714
43	134	0.035714
43	147	0.034483
43	149	0.037037
43	161	0.037037
43	178	0.030303
43	180	0.031250
43	185	0.037037
43	190	0.027778
43	192	0.027778
43	193	0.037037
43	195	0.037037
43	199	0.040000
43	211	0.033333
43	215	0.038462
43	216	0.033333
43	219	0.038462
43	222	0.037037
43	236	0.043478
43	239	0.031250
43	242	0.050000
43	245	0.047619
43	249	0.033333
43	256	0.034483
43	258	0.047619
43	273	0.047619
43	278	0.047619
43	288	0.040000
43	293	0.045455
43	304	0.038462
43	305	0.050000
43	323	0.047619
43	341	0.041667
43	347	0.047619
43	361	0.041667
43	362	0.052632
43	364	0.052632
43	386	0.045455
43	392	0.055556
43	405	0.052632
43	410	0.050000
43	445	0.052632
43	454	0.055556
44	0	0.007246
44	3	0.016129
44	4	0.018519
44	5	0.016949
44	6	0.009524
44	11	0.018868
44	12	0.015385
44	14	0.017857
44	16	0.037037
44	20	0.008403
44	24	0.007246
44	29	0.011494
44	31	0.009901
44	32	0.008333
44	33	0.010638
44	36	0.011236
44	39	0.008696
44	41	0.012048
44	47	0.017544
44	48	0.016393
44	52	0.013333
44	53	0.014493
44	56	0.014286
44	58	0.018868
44	59	0.020000
44	61	0.016949
44	62	0.024390
44	64	0.018519
44	65	0.019608
44	66	0.023810
44	73	0.016949
44	74	0.020833
44	76	0.018868
44	83	0.022222
44	87	0.016393
44	89	0.020833
44	91	0.020833
44	92	0.022222
44	95	0.015873
44	100	0.021739
44	110	0.027778
44	112	0.019608
44	117	0.020408
44	125	0.033333
44	128	0.023810
44	130	0.030303
44	142	0.025641
44	147	0.034483
44	150	0.030303
44	151	0.027027
44	174	0.034483
44	187	0.031250
44	200	0.038462
44	210	0.035714
44	215	0.038462
44	219	0.038462
44	225	0.034483
44	226	0.045455
44	246	0.035714
44	259	0.033333
44	261	0.045455
44	264	0.035714
44	271	0.043478
44	279	0.041667
44	286	0.047619
44	298	0.041667
44	300	0.038462
44	316	0.045455
44	338	0.045455
44	356	0.040000
44	366	0.052632
44	368	0.052632
44	370	0.047619
44	378	0.052632
44	396	0.052632
44	397	0.052632
44	402	0.055556
44	408	0.052632
44	414	0.055556
44	437	0.050000
45	0	0.007246
45	2	0.015152
45	3	0.016129
45	6	0.009524
45	9	0.009434
45	12	0.015385
45	15	0.020408
45	17	0.011364
45	20	0.008403
45	22	0.006369
45	23	0.008197
45	25	0.008403
45	27	0.010417
45	29	0.011494
45	33	0.010638
45	34	0.009174
45	35	0.015385
45	38	0.010417
45	46	0.012346
45	51	0.016393
45	53	0.014493
45	55	0.019231
45	56	0.014286
45	60	0.022222
45	61	0.016949
45	64	0.018519
45	66	0.023810
45	73	0.016949
45	74	0.020833
45	77	0.020408
45	86	0.017857
45	89	0.020833
45	92	0.022222
45	94	0.030303
45	106	0.027778
45	114	0.021739
45	120	0.028571
45	123	0.023810
45	126	0.023810
45	128	0.023810
45	129	0.035714
45	132	0.030303
45	137	0.030303
45	140	0.027778
45	148	0.027027
45	175	0.041667
45	184	0.035714
45	191	0.030303
45	200	0.038462
45	208	0.026316
45	212	0.037037
45	214	0.038462
45	218	0.038462
45	223	0.043478
45	225	0.034483
45	243	0.043478
45	245	0.047619
45	255	0.037037
45	258	0.047619
45	263	0.037037
45	264	0.035714
45	268	0.040000
45	278	0.047619
45	279	0.041667
45	283	0.035714
45	286	0.047619
45	290	0.052632
45	299	0.047619
45	303	0.041667
45	311	0.045455
45	313	0.045455
45	336	0.052632
45	337	0.047619
45	352	0.050000
45	358	0.041667
45	359	0.055556
45	377	0.050000
45	391	0.041667
45	409	0.055556
45	412	0.055556
46	0	0.007246
46	1	0.018519
46	2	0.015152
46	3	0.016129
46	9	0.009434
46	14	0.017857
46	19	0.008264
46	22	0.006369
46	23	0.008197
46	26	0.009434
46	27	0.010417
46	31	0.009901
46	32	0.008333
46	33	0.010638
46	34	0.009174
46	38	0.010417
46	39	0.008696
46	45	0.012500
46	48	0.016393
46	54	0.021277
46	59	0.020000
46	60	0.022222
46	63	0.014493
46	77	0.020408
46	80	0.022222
46	87	0.016393
46	89	0.020833
46	92	0.022222
46	96	0.025641
46	97	0.027027
46	98	0.023810
46	101	0.021277
46	105	0.033333
46	122	0.026316
46	124	0.027778
46	134	0.035714
46	139	0.028571
46	145	0.025000
46	146	0.034483
46	150	0.030303
46	156	0.029412
46	157	0.028571
46	166	0.034483
46	176	0.040000
46	178	0.030303
46	182	0.037037
46	186	0.025000
46	188	0.034483
46	189	0.033333
46	193	0.037037
46	194	0.040000
46	196	0.037037
46	197	0.037037
46	198	0.038462
46	209	0.035714
46	221	0.041667
46	253	0.043478
46	268	0.040000
46	269	0.035714
46	272	0.047619
46	273	0.047619
46	277	0.043478
46	281	0.047619
46	292	0.052632
46	301	0.040000
46	302	0.037037
46	312	0.043478
46	314	0.047619
46	320	0.052632
46	336	0.052632
46	348	0.047619
46	354	0.050000
46	362	0.052632
46	373	0.050000
46	390	0.052632
46	394	0.047619
46	407	0.055556
46	422	0.052632
46	437	0.050000
46	444	0.052632
46	456	0.055556
47	1	0.018519
47	5	0.016949
47	15	0.020408
47	19	0.008264
47	22	0.006369
47	23	0.008197
47	25	0.008403
47	26	0.009434
47	28	0.008000
47	29	0.011494
47	30	0.012658
47	31	0.009901
47	32	0.008333
47	36	0.011236
47	38	0.010417
47	39	0.008696
47	42	0.013333
47	44	0.012500
47	50	0.015873
47	53	0.014493
47	55	0.019231
47	56	0.014286
47	79	0.016667
47	82	0.027027
47	85	0.016393
47	89	0.020833
47	90	0.016667
47	95	0.015873
47	99	0.024390
47	103	0.030303
47	107	0.024390
47	111	0.029412
47	112	0.019608
47	117	0.020408
47	122	0.026316
47	134	0.035714
47	137	0.030303
47	141	0.034483
47	142	0.025641
47	165	0.035714
47	169	0.037037
47	172	0.033333
47	176	0.040000
47	191	0.030303
47	204	0.037037
47	208	0.026316
47	218	0.038462
47	227	0.037037
47	229	0.045455
47	243	0.043478
47	250	0.040000
47	259	0.033333
47	286	0.047619
47	296	0.043478
47	338	0.045455
47	347	0.047619
47	379	0.047619
48	1	0.018519
48	2	0.015152
48	4	0.018519
48	6	0.009524
48	10	0.019608
48	11	0.018868
48	17	0.011364
48	19	0.008264
48	20	0.008403
48	22	0.006369
48	23	0.008197
48	24	0.007246
48	33	0.010638
48	38	0.010417
48	41	0.012048
48	42	0.013333
48	44	0.012500
48	46	0.012346
48	53	0.014493
48	54	0.021277
48	56	0.014286
48	57	0.021277
48	60	0.022222
48	63	0.014493
48	65	0.019608
48	70	0.019231
48	72	0.031250
48	80	0.022222
48	82	0.027027
48	105	0.033333
48	115	0.027778
48	118	0.021739
48	123	0.023810
48	125	0.033333
48	128	0.023810
48	129	0.035714
48	135	0.028571
48	144	0.028571
48	155	0.026316
48	163	0.027778
48	164	0.023256
48	171	0.034483
48	172	0.033333
48	174	0.034483
48	198	0.038462
48	207	0.038462
48	212	0.037037
48	216	0.033333
48	223	0.043478
48	231	0.040000
48	232	0.035714
48	244	0.040000
48	268	0.040000
48	278	0.047619
48	284	0.040000
48	296	0.043478
48	307	0.043478
48	380	0.052632
48	385	0.052632
48	391	0.041667
48	437	0.050000
49	0	0.007246
49	7	0.015873
49	8	0.016667
49	9	0.009434
49	10	0.019608
49	16	0.037037
49	17	0.011364
49	18	0.023810
49	19	0.008264
49	20	0.008403
49	28	0.008000
49	32	0.008333
49	36	0.011236
49	38	0.010417
49	39	0.008696
49	41	0.012048
49	42	0.013333
49	43	0.011905
49	57	0.021277
49	63	0.014493
49	73	0.016949
49	78	0.018868
49	79	0.016667
49	81	0.020833
49	84	0.020833
49	91	0.020833
49	96	0.025641
49	102	0.028571
49	106	0.027778
49	110	0.027778
49	123	0.023810
49	129	0.035714
49	132	0.030303
49	133	0.025000
49	143	0.030303
49	150	0.030303
49	153	0.030303
49	155	0.026316
49	159	0.034483
49	160	0.026316
49	161	0.037037
49	176	0.040000
49	198	0.038462
49	201	0.034483
49	203	0.033333
49	209	0.035714
49	211	0.033333
49	220	0.043478
49	228	0.047619
49	236	0.043478
49	237	0.040000
49	240	0.032258
49	244	0.040000
49	250	0.040000
49	252	0.035714
49	300	0.038462
49	308	0.052632
49	322	0.047619
49	326	0.050000
49	344	0.052632
49	352	0.050000
49	355	0.047619
49	359	0.055556
49	367	0.047619
49	377	0.050000
49	391	0.041667
49	408	0.052632
49	430	0.055556
49	438	0.052632
49	445	0.052632
49	452	0.055556
50	0	0.007246
50	2	0.015152
50	6	0.009524
50	8	0.016667
50	13	0.025641
50	14	0.017857
50	15	0.020408
50	17	0.011364
50	19	0.008264
50	21	0.010417
50	22	0.006369
50	25	0.008403
50	26	0.009434
50	28	0.008000
50	29	0.011494
50	30	0.012658
50	43	0.011905
50	47	0.017544
50	52	0.013333
50	54	0.021277
50	56	0.014286
50	59	0.020000
50	61	0.016949
50	67	0.018182
50	83	0.022222
50	86	0.017857
50	100	0.021739
50	103	0.030303
50	106	0.027778
50	109	0.025000
50	118	0.021739
50	124	0.027778
50	125	0.033333
50	128	0.023810
50	132	0.030303
50	133	0.025000
50	135	0.028571
50	138	0.032258
50	152	0.034483
50	159	0.034483
50	161	0.037037
50	162	0.032258
50	163	0.027778
50	170	0.027027
50	173	0.043478
50	181	0.032258
50	187	0.031250
50	190	0.027778
50	193	0.037037
50	207	0.038462
50	212	0.037037
50	215	0.038462
50	235	0.040000
50	252	0.035714
50	304	0.038462
50	305	0.050000
50	306	0.050000
50	322	0.047619
50	350	0.038462
50	356	0.040000
50	408	0.052632
50	409	0.055556
50	431	0.055556
51	0	0.007246
51	3	0.016129
51	5	0.016949
51	8	0.016667
51	11	0.018868
51	18	0.023810
51	22	0.006369
51	25	0.008403
51	26	0.009434
51	31	0.009901
51	32	0.008333
51	33	0.010638
51	34	0.009174
51	35	0.015385
51	36	0.011236
51	38	0.010417
51	41	0.012048
51	45	0.012500
51	56	0.014286
51	64	0.018519
51	67	0.018182
51	70	0.019231
51	73	0.016949
51	74	0.020833
51	77	0.020408
51	86	0.017857
51	87	0.016393
51	94	0.030303
51	99	0.024390
51	100	0.021739
51	137	0.030303
51	142	0.025641
51	149	0.037037
51	153	0.030303
51	156	0.029412
51	157	0.028571
51	168	0.031250
51	170	0.027027
51	184	0.035714
51	185	0.037037
51	191	0.030303
51	193	0.037037
51	195	0.037037
51	198	0.038462
51	211	0.033333
51	234	0.045455
51	250	0.040000
51	261	0.045455
51	262	0.038462
51	278	0.047619
51	288	0.040000
51	295	0.043478
51	306	0.050000
51	322	0.047619
51	369	0.045455
51	370	0.047619
51	371	0.052632
51	383	0.047619
51	399	0.050000
51	406	0.052632
51	426	0.055556
52	0	0.007246
52	1	0.018519
52	8	0.016667
52	19	0.008264
52	20	0.008403
52	21	0.010417
52	22	0.006369
52	23	0.008197
52	24	0.007246
52	26	0.009434
52	28	0.008000
52	29	0.011494
52	34	0.009174
52	36	0.011236
52	38	0.010417
52	39	0.008696
52	44	0.012500
52	50	0.015873
52	55	0.019231
52	65	0.019608
52	67	0.018182
52	73	0.016949
52	74	0.020833
52	76	0.018868
52	80	0.022222
52	85	0.016393
52	87	0.016393
52	95	0.015873
52	101	0.021277
52	105	0.033333
52	122	0.026316
52	123	0.023810
52	126	0.023810
52	130	0.030303
52	135	0.028571
52	139	0.028571
52	145	0.025000
52	146	0.034483
52	152	0.034483
52	158	0.027027
52	166	0.034483
52	170	0.027027
52	181	0.032258
52	183	0.035714
52	188	0.034483
52	203	0.033333
52	210	0.035714
52	212	0.037037
52	213	0.037037
52	221	0.041667
52	226	0.045455
52	237	0.040000
52	245	0.047619
52	279	0.041667
52	284	0.040000
52	290	0.052632
52	302	0.037037
52	310	0.041667
52	319	0.037037
52	325	0.050000
52	331	0.050000
52	337	0.047619
52	341	0.041667
52	346	0.040000
52	352	0.050000
52	364	0.052632
52	367	0.047619
52	378	0.052632
52	387	0.052632
52	389	0.050000
52	401	0.050000
52	411	0.050000
52	415	0.055556
52	418	0.055556
52	441	0.052632
53	0	0.007246
53	6	0.009524
53	8	0.016667
53	9	0.009434
53	11	0.018868
53	20	0.008403
53	21	0.010417
53	22	0.006369
53	24	0.007246
53	27	0.010417
53	31	0.009901
53	32	0.008333
53	39	0.008696
53	40	0.012987
53	44	0.012500
53	45	0.012500
53	47	0.017544
53	48	0.016393
53	55	0.019231
53	65	0.019608
53	66	0.023810
53	70	0.019231
53	71	0.014925
53	76	0.018868
53	82	0.027027
53	85	0.016393
53	94	0.030303
53	97	0.027027
53	98	0.023810
53	102	0.028571
53	104	0.020833
53	112	0.019608
53	115	0.027778
53	117	0.020408
53	123	0.023810
53	131	0.022222
53	136	0.029412
53	141	0.034483
53	150	0.030303
53	151	0.027027
53	153	0.030303
53	166	0.034483
53	177	0.028571
53	182	0.037037
53	183	0.035714
53	184	0.035714
53	194	0.040000
53	195	0.037037
53	209	0.035714
53	212	0.037037
53	217	0.035714
53	219	0.038462
53	245	0.047619
53	247	0.041667
53	249	0.033333
53	257	0.034483
53	291	0.050000
53	294	0.047619
53	295	0.043478
53	305	0.050000
53	335	0.050000
53	347	0.047619
53	375	0.050000
53	380	0.052632
53	384	0.052632
53	387	0.052632
53	391	0.041667
53	401	0.050000
53	429	0.055556
54	0	0.007246
54	3	0.016129
54	6	0.009524
54	9	0.009434
54	14	0.017857
54	15	0.020408
54	17	0.011364
54	20	0.008403
54	21	0.010417
54	23	0.008197
54	32	0.008333
54	33	0.010638
54	36	0.011236
54	38	0.010417
54	39	0.008696
54	46	0.012346
54	48	0.016393
54	50	0.015873
54	71	0.014925
54	80	0.022222
54	82	0.027027
54	84	0.020833
54	86	0.017857
54	95	0.015873
54	100	0.021739
54	106	0.027778
54	108	0.027027
54	125	0.033333
54	141	0.034483
54	150	0.030303
54	163	0.027778
54	164	0.023256
54	166	0.034483
54	191	0.030303
54	193	0.037037
54	212	0.037037
54	229	0.045455
54	238	0.043478
54	257	0.034483
54	263	0.037037
54	290	0.052632
54	292	0.052632
54	299	0.047619
54	321	0.045455
54	348	0.047619
54	359	0.055556
54	370	0.047619
55	5	0.016949
55	6	0.009524
55	8	0.016667
55	11	0.018868
55	14	0.017857
55	15	0.020408
55	21	0.010417
55	23	0.008197
55	24	0.007246
55	25	0.008403
55	31	0.009901
55	38	0.010417
55	40	0.012987
55	41	0.012048
55	45	0.012500
55	47	0.017544
55	52	0.013333
55	53	0.014493
55	57	0.021277
55	60	0.022222
55	67	0.018182
55	69	0.014286
55	80	0.022222
55	81	0.020833
55	85	0.016393
55	87	0.016393
55	93	0.023810
55	105	0.033333
55	108	0.027027
55	120	0.028571
55	128	0.023810
55	131	0.022222
55	146	0.034483
55	149	0.037037
55	208	0.026316
55	220	0.043478
55	240	0.032258
55	269	0.035714
55	275	0.047619
55	278	0.047619
55	293	0.045455
55	296	0.043478
55	314	0.047619
55	318	0.041667
55	349	0.050000
55	385	0.052632
55	391	0.041667
55	395	0.055556
55	401	0.050000
55	413	0.055556
55	439	0.055556
55	443	0.052632
56	1	0.018519
56	17	0.011364
56	20	0.008403
56	22	0.006369
56	25	0.008403
56	27	0.010417
56	28	0.008000
56	29	0.011494
56	33	0.010638
56	39	0.008696
56	40	0.012987
56	43	0.011905
56	44	0.012500
56	45	0.012500
56	47	0.017544
56	48	0.016393
56	50	0.015873
56	51	0.016393
56	60	0.022222
56	61	0.016949
56	63	0.014493
56	68	0.020408
56	74	0.020833
56	76	0.018868
56	80	0.022222
56	88	0.031250
56	91	0.020833
56	94	0.030303
56	95	0.015873
56	97	0.027027
56	101	0.021277
56	104	0.020833
56	110	0.027778
56	115	0.027778
56	116	0.025641
56	127	0.027027
56	138	0.032258
56	151	0.027027
56	156	0.029412
56	171	0.034483
56	172	0.033333
56	175	0.041667
56	177	0.028571
56	182	0.037037
56	186	0.025000
56	189	0.033333
56	194	0.040000
56	205	0.041667
56	210	0.035714
56	214	0.038462
56	231	0.040000
56	242	0.050000
56	244	0.040000
56	263	0.037037
56	276	0.047619
56	284	0.040000
56	287	0.052632
56	325	0.050000
56	355	0.047619
56	370	0.047619
56	372	0.050000
56	399	0.050000
56	405	0.052632
56	412	0.055556
56	416	0.050000
56	427	0.052632
56	432	0.052632
56	443	0.052632
56	444	0.052632
56	454	0.055556
57	1	0.018519
57	3	0.016129
57	6	0.009524
57	7	0.015873
57	8	0.016667
57	17	0.011364
57	20	0.008403
57	23	0.008197
57	24	0.007246
57	26	0.009434
57	27	0.010417
57	28	0.008000
57	33	0.010638
57	37	0.016393
57	39	0.008696
57	48	0.016393
57	49	0.014085
57	55	0.019231
57	58	0.018868
57	62	0.024390
57	64	0.018519
57	87	0.016393
57	88	0.031250
57	89	0.020833
57	100	0.021739
57	111	0.029412
57	130	0.030303
57	132	0.030303
57	159	0.034483
57	167	0.035714
57	178	0.030303
57	194	0.040000
57	196	0.037037
57	197	0.037037
57	211	0.033333
57	222	0.037037
57	234	0.045455
57	270	0.045455
57	277	0.043478
57	333	0.045455
57	340	0.043478
57	358	0.041667
57	372	0.050000
57	389	0.050000
57	393	0.052632
57	401	0.050000
57	416	0.050000
58	0	0.007246
58	1	0.018519
58	6	0.009524
58	10	0.019608
58	11	0.018868
58	18	0.023810
58	22	0.006369
58	23	0.008197
58	24	0.007246
58	26	0.009434
58	27	0.010417
58	28	0.008000
58	31	0.009901
58	32	0.008333
58	36	0.011236
58	40	0.012987
58	44	0.012500
58	57	0.021277
58	59	0.020000
58	77	0.020408
58	78	0.018868
58	86	0.017857
58	89	0.020833
58	91	0.020833
58	92	0.022222
58	93	0.023810
58	94	0.030303
58	101	0.021277
58	114	0.021739
58	116	0.025641
58	130	0.030303
58	133	0.025000
58	134	0.035714
58	139	0.028571
58	141	0.034483
58	149	0.037037
58	174	0.034483
58	217	0.035714
58	225	0.034483
58	231	0.040000
58	241	0.045455
58	242	0.050000
58	249	0.033333
58	253	0.043478
58	264	0.035714
58	287	0.052632
58	289	0.041667
58	291	0.050000
58	373	0.050000
58	382	0.045455
58	384	0.052632
58	401	0.050000
58	435	0.050000
59	5	0.016949
59	12	0.015385
59	16	0.037037
59	19	0.008264
59	22	0.006369
59	23	0.008197
59	24	0.007246
59	26	0.009434
59	34	0.009174
59	36	0.011236
59	37	0.016393
59	38	0.010417
59	40	0.012987
59	43	0.011905
59	44	0.012500
59	46	0.012346
59	50	0.015873
59	58	0.018868
59	69	0.014286
59	72	0.031250
59	77	0.020408
59	81	0.020833
59	84	0.020833
59	85	0.016393
59	87	0.016393
59	97	0.027027
59	122	0.026316
59	123	0.023810
59	124	0.027778
59	132	0.030303
59	133	0.025000
59	140	0.027778
59	149	0.037037
59	160	0.026316
59	164	0.023256
59	170	0.027027
59	173	0.043478
59	183	0.035714
59	190	0.027778
59	207	0.038462
59	214	0.038462
59	226	0.045455
59	266	0.050000
59	280	0.045455
59	301	0.040000
59	322	0.047619
59	354	0.050000
59	364	0.052632
59	420	0.055556
59	450	0.052632
60	3	0.016129
60	5	0.016949
60	8	0.016667
60	9	0.009434
60	11	0.018868
60	15	0.020408
60	22	0.006369
60	25	0.008403
60	27	0.010417
60	32	0.008333
60	34	0.009174
60	35	0.015385
60	38	0.010417
60	45	0.012500
60	46	0.012346
60	48	0.016393
60	55	0.019231
60	56	0.014286
60	65	0.019608
60	83	0.022222
60	86	0.017857
60	87	0.016393
60	89	0.020833
60	90	0.016667
60	112	0.019608
60	114	0.021739
60	118	0.021739
60	175	0.041667
60	180	0.031250
60	212	0.037037
60	222	0.037037
60	268	0.040000
60	284	0.040000
60	292	0.052632
60	306	0.050000
60	312	0.043478
60	319	0.037037
60	351	0.050000
60	366	0.052632
60	370	0.047619
60	396	0.052632
60	400	0.055556
60	404	0.050000
60	444	0.052632
60	456	0.055556
61	7	0.015873
61	8	0.016667
61	9	0.009434
61	10	0.019608
61	11	0.018868
61	14	0.017857
61	22	0.006369
61	24	0.007246
61	25	0.008403
61	28	0.008000
61	30	0.012658
61	34	0.009174
61	35	0.015385
61	40	0.012987
61	44	0.012500
61	45	0.012500
61	50	0.015873
61	56	0.014286
61	64	0.018519
61	66	0.023810
61	72	0.031250
61	76	0.018868
61	77	0.020408
61	90	0.016667
61	92	0.022222
61	93	0.023810
61	94	0.030303
61	106	0.027778
61	111	0.029412
61	113	0.030303
61	115	0.027778
61	132	0.030303
61	143	0.030303
61	150	0.030303
61	152	0.034483
61	157	0.028571
61	169	0.037037
61	178	0.030303
61	186	0.025000
61	214	0.038462
61	218	0.038462
61	235	0.040000
61	239	0.031250
61	257	0.034483
61	297	0.050000
61	315	0.045455
61	319	0.037037
61	337	0.047619
61	351	0.050000
61	358	0.041667
61	388	0.050000
61	394	0.047619
61	399	0.050000
61	405	0.052632
61	409	0.055556
61	421	0.052632
61	423	0.055556
61	427	0.052632
61	432	0.052632
62	0	0.007246
62	2	0.015152
62	8	0.016667
62	9	0.009434
62	12	0.015385
62	17	0.011364
62	21	0.010417
62	23	0.008197
62	29	0.011494
62	30	0.012658
62	31	0.009901
62	33	0.010638
62	34	0.009174
62	36	0.011236
62	38	0.010417
62	39	0.008696
62	44	0.012500
62	57	0.021277
62	67	0.018182
62	72	0.031250
62	74	0.020833
62	77	0.020408
62	85	0.016393
62	105	0.033333
62	109	0.025000
62	133	0.025000
62	141	0.034483
62	177	0.028571
62	188	0.034483
62	190	0.027778
62	232	0.035714
62	241	0.045455
62	276	0.047619
62	312	0.043478
62	348	0.047619
62	365	0.045455
62	381	0.052632
62	388	0.050000
62	410	0.050000
62	436	0.050000
62	449	0.055556
63	2	0.015152
63	5	0.016949
63	6	0.009524
63	7	0.015873
63	22	0.006369
63	25	0.008403
63	26	0.009434
63	28	0.008000
63	31	0.009901
63	34	0.009174
63	35	0.015385
63	36	0.011236
63	38	0.010417
63	40	0.012987
63	46	0.012346
63	48	0.016393
63	49	0.014085
63	56	0.014286
63	72	0.031250
63	75	0.025641
63	79	0.016667
63	82	0.027027
63	90	0.016667
63	94	0.030303
63	103	0.030303
63	111	0.029412
63	126	0.023810
63	130	0.030303
63	132	0.030303
63	133	0.025000
63	135	0.028571
63	141	0.034483
63	142	0.025641
63	145	0.025000
63	153	0.030303
63	157	0.028571
63	164	0.023256
63	165	0.035714
63	167	0.035714
63	171	0.034483
63	174	0.034483
63	180	0.031250
63	182	0.037037
63	184	0.035714
63	195	0.037037
63	225	0.034483
63	232	0.035714
63	248	0.035714
63	252	0.035714
63	271	0.043478
63	289	0.041667
63	290	0.052632
63	312	0.043478
63	323	0.047619
63	329	0.050000
63	354	0.050000
63	371	0.052632
63	375	0.050000
63	389	0.050000
63	395	0.055556
63	404	0.050000
63	416	0.050000
63	419	0.055556
63	420	0.055556
63	427	0.052632
63	429	0.055556
63	438	0.052632
63	439	0.055556
63	441	0.052632
64	4	0.018519
64	10	0.019608
64	12	0.015385
64	17	0.011364
64	18	0.023810
64	25	0.008403
64	26	0.009434
64	28	0.008000
64	29	0.011494
64	30	0.012658
64	33	0.010638
64	39	0.008696
64	43	0.011905
64	44	0.012500
64	45	0.012500
64	51	0.016393
64	57	0.021277
64	61	0.016949
64	70	0.019231
64	72	0.031250
64	79	0.016667
64	83	0.022222
64	97	0.027027
64	104	0.020833
64	112	0.019608
64	116	0.025641
64	122	0.026316
64	124	0.027778
64	125	0.033333
64	128	0.023810
64	129	0.035714
64	130	0.030303
64	131	0.022222
64	146	0.034483
64	180	0.031250
64	181	0.032258
64	215	0.038462
64	216	0.033333
64	233	0.040000
64	239	0.031250
64	265	0.043478
64	274	0.041667
64	297	0.050000
64	327	0.045455
64	343	0.041667
64	346	0.040000
64	356	0.040000
64	366	0.052632
64	373	0.050000
64	416	0.050000
64	430	0.055556
64	431	0.055556
64	433	0.055556
64	434	0.052632
65	1	0.018519
65	4	0.018519
65	11	0.018868
65	16	0.037037
65	19	0.008264
65	20	0.008403
65	22	0.006369
65	25	0.008403
65	28	0.008000
65	33	0.010638
65	34	0.009174
65	37	0.016393
65	41	0.012048
65	44	0.012500
65	48	0.016393
65	52	0.013333
65	53	0.014493
65	60	0.022222
65	69	0.014286
65	82	0.027027
65	86	0.017857
65	95	0.015873
65	98	0.023810
65	99	0.024390
65	102	0.028571
65	113	0.030303
65	115	0.027778
65	116	0.025641
65	117	0.020408
65	151	0.027027
65	155	0.026316
65	163	0.027778
65	175	0.041667
65	190	0.027778
65	192	0.027778
65	195	0.037037
65	226	0.045455
65	262	0.038462
65	272	0.047619
65	286	0.047619
65	287	0.052632
65	290	0.052632
65	326	0.050000
65	386	0.045455
65	389	0.050000
65	390	0.052632
65	406	0.052632
65	424	0.052632
65	431	0.055556
65	438	0.052632
65	442	0.055556
66	2	0.015152
66	13	0.025641
66	15	0.020408
66	18	0.023810
66	20	0.008403
66	22	0.006369
66	23	0.008197
66	24	0.007246
66	26	0.009434
66	27	0.010417
66	28	0.008000
66	33	0.010638
66	40	0.012987
66	43	0.011905
66	44	0.012500
66	45	0.012500
66	53	0.014493
66	61	0.016949
66	76	0.018868
66	79	0.016667
66	81	0.020833
66	88	0.031250
66	109	0.025000
66	113	0.030303
66	122	0.026316
66	150	0.030303
66	166	0.034483
66	169	0.037037
66	195	0.037037
66	203	0.033333
66	219	0.038462
66	220	0.043478
66	226	0.045455
66	243	0.043478
66	267	0.047619
66	281	0.047619
66	288	0.040000
66	301	0.040000
66	311	0.045455
66	373	0.050000
66	398	0.055556
66	441	0.052632
67	3	0.016129
67	4	0.018519
67	7	0.015873
67	12	0.015385
67	18	0.023810
67	19	0.008264
67	23	0.008197
67	28	0.008000
67	32	0.008333
67	33	0.010638
67	35	0.015385
67	36	0.011236
67	42	0.013333
67	50	0.015873
67	51	0.016393
67	52	0.013333
67	55	0.019231
67	62	0.024390
67	73	0.016949
67	77	0.020408
67	78	0.018868
67	84	0.020833
67	87	0.016393
67	102	0.028571
67	107	0.024390
67	113	0.030303
67	119	0.023810
67	124	0.027778
67	128	0.023810
67	130	0.030303
67	131	0.022222
67	134	0.035714
67	156	0.029412
67	158	0.027027
67	162	0.032258
67	166	0.034483
67	170	0.027027
67	179	0.032258
67	200	0.038462
67	220	0.043478
67	223	0.043478
67	239	0.031250
67	243	0.043478
67	256	0.034483
67	258	0.047619
67	261	0.045455
67	269	0.035714
67	297	0.050000
67	314	0.047619
67	342	0.041667
67	366	0.052632
67	411	0.050000
67	413	0.055556
67	428	0.052632
67	444	0.052632
68	1	0.018519
68	5	0.016949
68	6	0.009524
68	8	0.016667
68	9	0.009434
68	10	0.019608
68	11	0.018868
68	22	0.006369
68	25	0.008403
68	27	0.010417
68	30	0.012658
68	32	0.008333
68	35	0.015385
68	39	0.008696
68	40	0.012987
68	41	0.012048
68	43	0.011905
68	56	0.014286
68	71	0.014925
68	86	0.017857
68	88	0.031250
68	89	0.020833
68	96	0.025641
68	101	0.021277
68	107	0.024390
68	111	0.029412
68	136	0.029412
68	137	0.030303
68	147	0.034483
68	148	0.027027
68	154	0.032258
68	171	0.034483
68	181	0.032258
68	187	0.031250
68	188	0.034483
68	193	0.037037
68	198	0.038462
68	201	0.034483
68	203	0.033333
68	215	0.038462
68	244	0.040000
68	251	0.043478
68	268	0.040000
68	272	0.047619
68	292	0.052632
68	327	0.045455
68	339	0.052632
68	355	0.047619
68	372	0.050000
69	0	0.007246
69	3	0.016129
69	8	0.016667
69	9	0.009434
69	13	0.025641
69	14	0.017857
69	21	0.010417
69	23	0.008197
69	26	0.009434
69	27	0.010417
69	28	0.008000
69	31	0.009901
69	32	0.008333
69	34	0.009174
69	39	0.008696
69	55	0.019231
69	59	0.020000
69	65	0.019608
69	70	0.019231
69	72	0.031250
69	74	0.020833
69	79	0.016667
69	80	0.022222
69	83	0.022222
69	84	0.020833
69	89	0.020833
69	90	0.016667
69	94	0.030303
69	103	0.030303
69	108	0.027027
69	112	0.019608
69	119	0.023810
69	120	0.028571
69	126	0.023810
69	127	0.027027
69	131	0.022222
69	135	0.028571
69	151	0.027027
69	154	0.032258
69	155	0.026316
69	175	0.041667
69	181	0.032258
69	185	0.037037
69	191	0.030303
69	194	0.040000
69	197	0.037037
69	200	0.038462
69	201	0.034483
69	207	0.038462
69	244	0.040000
69	246	0.035714
69	250	0.040000
69	255	0.037037
69	287	0.052632
69	304	0.038462
69	309	0.040000
69	310	0.041667
69	313	0.045455
69	314	0.047619
69	322	0.047619
69	327	0.045455
69	334	0.050000
69	358	0.041667
69	362	0.052632
69	367	0.047619
69	400	0.055556
69	425	0.047619
69	430	0.055556
69	445	0.052632
69	451	0.052632
70	0	0.007246
70	1	0.018519
70	5	0.016949
70	7	0.015873
70	10	0.019608
70	15	0.020408
70	17	0.011364
70	33	0.010638
70	34	0.009174
70	36	0.011236
70	41	0.012048
70	42	0.013333
70	43	0.011905
70	48	0.016393
70	51	0.016393
70	53	0.014493
70	64	0.018519
70	69	0.014286
70	78	0.018868
70	85	0.016393
70	95	0.015873
70	96	0.025641
70	100	0.021739
70	104	0.020833
70	116	0.025641
70	119	0.023810
70	130	0.030303
70	142	0.025641
70	147	0.034483
70	151	0.027027
70	164	0.023256
70	171	0.034483
70	187	0.031250
70	209	0.035714
70	216	0.033333
70	217	0.035714
70	231	0.040000
70	233	0.040000
70	251	0.043478
70	257	0.034483
70	261	0.045455
70	266	0.050000
70	277	0.043478
70	353	0.047619
70	357	0.052632
70	359	0.055556
70	365	0.045455
70	389	0.050000
70	406	0.052632
70	416	0.050000
70	418	0.055556
70	421	0.052632
71	0	0.007246
71	2	0.015152
71	3	0.016129
71	6	0.009524
71	22	0.006369
71	25	0.008403
71	27	0.010417
71	29	0.011494
71	30	0.012658
71	32	0.008333
71	33	0.010638
71	35	0.015385
71	37	0.016393
71	39	0.008696
71	42	0.013333
71	53	0.014493
71	54	0.021277
71	68	0.020408
71	78	0.018868
71	83	0.022222
71	84	0.020833
71	92	0.022222
71	96	0.025641
71	104	0.020833
71	107	0.024390
71	109	0.025000
71	110	0.027778
71	127	0.027027
71	139	0.028571
71	144	0.028571
71	169	0.037037
71	172	0.033333
71	173	0.043478
71	174	0.034483
71	181	0.032258
71	187	0.031250
71	189	0.033333
71	202	0.035714
71	211	0.033333
71	213	0.037037
71	218	0.038462
71	231	0.040000
71	239	0.031250
71	258	0.047619
71	268	0.040000
71	276	0.047619
71	289	0.041667
71	306	0.050000
71	307	0.043478
71	315	0.045455
71	321	0.045455
71	331	0.050000
71	334	0.050000
71	338	0.045455
71	348	0.047619
71	372	0.050000
71	381	0.052632
71	386	0.045455
71	400	0.055556
71	403	0.055556
71	422	0.052632
71	434	0.052632
71	436	0.050000
71	442	0.055556
71	448	0.055556
71	454	0.055556
71	455	0.055556
72	1	0.018519
72	4	0.018519
72	6	0.009524
72	13	0.025641
72	15	0.020408
72	18	0.023810
72	21	0.010417
72	24	0.007246
72	26	0.009434
72	28	0.008000
72	30	0.012658
72	48	0.016393
72	59	0.020000
72	61	0.016949
72	62	0.024390
72	63	0.014493
72	64	0.018519
72	69	0.014286
72	78	0.018868
72	81	0.020833
72	116	0.025641
72	156	0.029412
72	159	0.034483
72	202	0.035714
72	220	0.043478
72	221	0.041667
72	248	0.035714
72	255	0.037037
72	297	0.050000
72	332	0.047619
72	375	0.050000
72	420	0.055556
73	0	0.007246
73	4	0.018519
73	5	0.016949
73	8	0.016667
73	9	0.009434
73	15	0.020408
73	19	0.008264
73	25	0.008403
73	28	0.008000
73	34	0.009174
73	35	0.015385
73	38	0.010417
73	44	0.012500
73	45	0.012500
73	49	0.014085
73	51	0.016393
73	52	0.013333
73	67	0.018182
73	76	0.018868
73	77	0.020408
73	79	0.016667
73	83	0.022222
73	85	0.016393
73	96	0.025641
73	99	0.024390
73	102	0.028571
73	105	0.033333
73	106	0.027778
73	108	0.027027
73	111	0.029412
73	118	0.021739
73	119	0.023810
73	124	0.027778
73	133	0.025000
73	158	0.027027
73	171	0.034483
73	176	0.040000
73	177	0.028571
73	178	0.030303
73	182	0.037037
73	185	0.037037
73	188	0.034483
73	190	0.027778
73	207	0.038462
73	215	0.038462
73	220	0.043478
73	248	0.035714
73	258	0.047619
73	271	0.043478
73	286	0.047619
73	293	0.045455
73	296	0.043478
73	318	0.041667
73	360	0.047619
73	394	0.047619
73	404	0.050000
73	419	0.055556
73	444	0.052632
73	452	0.055556
74	13	0.025641
74	14	0.017857
74	15	0.020408
74	19	0.008264
74	20	0.008403
74	21	0.010417
74	22	0.006369
74	23	0.008197
74	25	0.008403
74	33	0.010638
74	39	0.008696
74	44	0.012500
74	45	0.012500
74	51	0.016393
74	52	0.013333
74	56	0.014286
74	62	0.024390
74	69	0.014286
74	78	0.018868
74	89	0.020833
74	97	0.027027
74	104	0.020833
74	105	0.033333
74	107	0.024390
74	117	0.020408
74	140	0.027778
74	149	0.037037
74	150	0.030303
74	153	0.030303
74	155	0.026316
74	189	0.033333
74	214	0.038462
74	226	0.045455
74	230	0.041667
74	235	0.040000
74	238	0.043478
74	249	0.033333
74	252	0.035714
74	259	0.033333
74	262	0.038462
74	270	0.045455
74	291	0.050000
74	321	0.045455
74	374	0.045455
74	376	0.050000
74	380	0.052632
74	411	0.050000
74	457	0.055556
75	0	0.007246
75	2	0.015152
75	4	0.018519
75	8	0.016667
75	10	0.019608
75	11	0.018868
75	13	0.025641
75	22	0.006369
75	26	0.009434
75	28	0.008000
75	29	0.011494
75	34	0.009174
75	35	0.015385
75	39	0.008696
75	41	0.012048
75	42	0.013333
75	43	0.011905
75	63	0.014493
75	82	0.027027
75	88	0.031250
75	90	0.016667
75	92	0.022222
75	93	0.023810
75	133	0.025000
75	139	0.028571
75	253	0.043478
75	262	0.038462
75	287	0.052632
75	291	0.050000
75	303	0.041667
75	351	0.050000
75	368	0.052632
75	376	0.050000
75	389	0.050000
75	390	0.052632
75	409	0.055556
75	423	0.055556
75	442	0.055556
75	443	0.052632
76	0	0.007246
76	3	0.016129
76	6	0.009524
76	8	0.016667
76	17	0.011364
76	22	0.006369
76	23	0.008197
76	25	0.008403
76	28	0.008000
76	29	0.011494
76	37	0.016393
76	44	0.012500
76	52	0.013333
76	53	0.014493
76	56	0.014286
76	61	0.016949
76	66	0.023810
76	73	0.016949
76	78	0.018868
76	83	0.022222
76	98	0.023810
76	103	0.030303
76	110	0.027778
76	118	0.021739
76	119	0.023810
76	140	0.027778
76	147	0.034483
76	152	0.034483
76	159	0.034483
76	162	0.032258
76	173	0.043478
76	176	0.040000
76	182	0.037037
76	197	0.037037
76	201	0.034483
76	217	0.035714
76	218	0.038462
76	244	0.040000
76	254	0.040000
76	299	0.047619
76	303	0.041667
76	304	0.038462
76	305	0.050000
76	311	0.045455
76	323	0.047619
76	330	0.047619
76	336	0.052632
76	344	0.052632
76	383	0.047619
76	416	0.050000
76	422	0.052632
76	428	0.052632
76	447	0.055556
77	3	0.016129
77	17	0.011364
77	18	0.023810
77	20	0.008403
77	22	0.006369
77	31	0.009901
77	32	0.008333
77	33	0.010638
77	34	0.009174
77	45	0.012500
77	46	0.012346
77	51	0.016393
77	58	0.018868
77	59	0.020000
77	61	0.016949
77	62	0.024390
77	67	0.018182
77	73	0.016949
77	78	0.018868
77	79	0.016667
77	80	0.022222
77	86	0.017857
77	88	0.031250
77	105	0.033333
77	107	0.024390
77	122	0.026316
77	138	0.032258
77	143	0.030303
77	148	0.027027
77	154	0.032258
77	167	0.035714
77	178	0.030303
77	195	0.037037
77	201	0.034483
77	231	0.040000
77	242	0.050000
77	260	0.032258
77	282	0.045455
77	293	0.045455
77	304	0.038462
77	307	0.043478
77	351	0.050000
77	362	0.052632
77	369	0.045455
77	393	0.052632
77	413	0.055556
77	417	0.052632
77	426	0.055556
77	442	0.055556
78	7	0.015873
78	12	0.015385
78	15	0.020408
78	19	0.008264
78	25	0.008403
78	31	0.009901
78	35	0.015385
78	38	0.010417
78	39	0.008696
78	49	0.014085
78	58	0.018868
78	67	0.018182
78	70	0.019231
78	71	0.014925
78	72	0.031250
78	74	0.020833
78	76	0.018868
78	77	0.020408
78	81	0.020833
78	93	0.023810
78	98	0.023810
78	107	0.024390
78	115	0.027778
78	125	0.033333
78	131	0.022222
78	132	0.030303
78	137	0.030303
78	143	0.030303
78	157	0.028571
78	160	0.026316
78	171	0.034483
78	183	0.035714
78	184	0.035714
78	200	0.038462
78	208	0.026316
78	234	0.045455
78	249	0.033333
78	259	0.033333
78	281	0.047619
78	289	0.041667
78	292	0.052632
78	294	0.047619
78	303	0.041667
78	306	0.050000
78	309	0.040000
78	312	0.043478
78	324	0.043478
78	328	0.050000
78	330	0.047619
78	350	0.038462
78	356	0.040000
78	369	0.045455
78	428	0.052632
79	0	0.007246
79	1	0.018519
79	6	0.009524
79	19	0.008264
79	20	0.008403
79	24	0.007246
79	34	0.009174
79	38	0.010417
79	41	0.012048
79	42	0.013333
79	47	0.017544
79	49	0.014085
79	63	0.014493
79	64	0.018519
79	66	0.023810
79	69	0.014286
79	73	0.016949
79	77	0.020408
79	92	0.022222
79	93	0.023810
79	94	0.030303
79	100	0.021739
79	104	0.020833
79	114	0.021739
79	125	0.033333
79	130	0.030303
79	136	0.029412
79	152	0.034483
79	158	0.027027
79	172	0.033333
79	174	0.034483
79	176	0.040000
79	187	0.031250
79	189	0.033333
79	205	0.041667
79	215	0.038462
79	229	0.045455
79	241	0.045455
79	248	0.035714
79	253	0.043478
79	256	0.034483
79	258	0.047619
79	283	0.035714
79	310	0.041667
79	311	0.045455
79	313	0.045455
79	322	0.047619
79	334	0.050000
79	354	0.050000
79	355	0.047619
79	360	0.047619
79	361	0.041667
79	383	0.047619
79	388	0.050000
79	390	0.052632
79	413	0.055556
79	427	0.052632
79	432	0.052632
79	443	0.052632
79	457	0.055556
80	1	0.018519
80	7	0.015873
80	9	0.009434
80	19	0.008264
80	20	0.008403
80	21	0.010417
80	26	0.009434
80	31	0.009901
80	36	0.011236
80	38	0.010417
80	46	0.012346
80	48	0.016393
80	52	0.013333
80	54	0.021277
80	55	0.019231
80	56	0.014286
80	69	0.014286
80	77	0.020408
80	83	0.022222
80	97	0.027027
80	100	0.021739
80	106	0.027778
80	118	0.021739
80	123	0.023810
80	127	0.027027
80	129	0.035714
80	138	0.032258
80	143	0.030303
80	146	0.034483
80	152	0.034483
80	165	0.035714
80	168	0.031250
80	177	0.028571
80	181	0.032258
80	255	0.037037
80	274	0.041667
80	275	0.047619
80	311	0.045455
80	330	0.047619
80	332	0.047619
80	343	0.041667
80	355	0.047619
80	399	0.050000
80	441	0.052632
80	455	0.055556
81	2	0.015152
81	8	0.016667
81	9	0.009434
81	16	0.037037
81	19	0.008264
81	20	0.008403
81	23	0.008197
81	25	0.008403
81	28	0.008000
81	32	0.008333
81	41	0.012048
81	42	0.013333
81	49	0.014085
81	55	0.019231
81	59	0.020000
81	66	0.023810
81	72	0.031250
81	78	0.018868
81	82	0.027027
81	114	0.021739
81	115	0.027778
81	133	0.025000
81	142	0.025641
81	144	0.028571
81	149	0.037037
81	204	0.037037
81	213	0.037037
81	220	0.043478
81	224	0.034483
81	225	0.034483
81	248	0.035714
81	264	0.035714
81	265	0.043478
81	269	0.035714
81	271	0.043478
81	273	0.047619
81	287	0.052632
81	295	0.043478
81	320	0.052632
81	321	0.045455
81	358	0.041667
81	374	0.045455
81	380	0.052632
81	395	0.055556
81	423	0.055556
81	447	0.055556
81	448	0.055556
81	455	0.055556
82	5	0.016949
82	6	0.009524
82	9	0.009434
82	12	0.015385
82	19	0.008264
82	21	0.010417
82	24	0.007246
82	25	0.008403
82	32	0.008333
82	39	0.008696
82	47	0.017544
82	48	0.016393
82	53	0.014493
82	54	0.021277
82	63	0.014493
82	65	0.019608
82	75	0.025641
82	81	0.020833
82	121	0.031250
82	143	0.030303
82	179	0.032258
82	186	0.025000
82	211	0.033333
82	215	0.038462
82	252	0.035714
82	261	0.045455
82	267	0.047619
82	271	0.043478
82	282	0.045455
82	293	0.045455
82	307	0.043478
82	318	0.041667
82	362	0.052632
82	369	0.045455
82	389	0.050000
82	427	0.052632
82	436	0.050000
83	0	0.007246
83	1	0.018519
83	2	0.015152
83	6	0.009524
83	10	0.019608
83	23	0.008197
83	24	0.007246
83	27	0.010417
83	32	0.008333
83	44	0.012500
83	50	0.015873
83	60	0.022222
83	64	0.018519
83	69	0.014286
83	71	0.014925
83	73	0.016949
83	76	0.018868
83	80	0.022222
83	120	0.028571
83	129	0.035714
83	136	0.029412
83	137	0.030303
83	138	0.032258
83	160	0.026316
83	163	0.027778
83	165	0.035714
83	169	0.037037
83	176	0.040000
83	186	0.025000
83	187	0.031250
83	194	0.040000
83	201	0.034483
83	203	0.033333
83	232	0.035714
83	298	0.041667
83	317	0.045455
83	320	0.052632
83	353	0.047619
83	366	0.052632
83	368	0.052632
83	377	0.050000
83	420	0.055556
83	422	0.052632
83	425	0.047619
83	454	0.055556
84	0	0.007246
84	6	0.009524
84	8	0.016667
84	9	0.009434
84	22	0.006369
84	23	0.008197
84	32	0.008333
84	33	0.010638
84	35	0.015385
84	37	0.016393
84	38	0.010417
84	40	0.012987
84	49	0.014085
84	54	0.021277
84	59	0.020000
84	67	0.018182
84	69	0.014286
84	71	0.014925
84	87	0.016393
84	97	0.027027
84	98	0.023810
84	99	0.024390
84	109	0.025000
84	111	0.029412
84	115	0.027778
84	130	0.030303
84	142	0.025641
84	146	0.034483
84	155	0.026316
84	161	0.037037
84	166	0.034483
84	219	0.038462
84	229	0.045455
84	246	0.035714
84	247	0.041667
84	259	0.033333
84	272	0.047619
84	281	0.047619
84	296	0.043478
84	340	0.043478
84	364	0.052632
84	367	0.047619
84	372	0.050000
84	384	0.052632
84	410	0.050000
84	423	0.055556
84	431	0.055556
84	455	0.055556
85	2	0.015152
85	6	0.009524
85	8	0.016667
85	10	0.019608
85	21	0.010417
85	22	0.006369
85	26	0.009434
85	36	0.011236
85	41	0.012048
85	43	0.011905
85	47	0.017544
85	52	0.013333
85	53	0.014493
85	55	0.019231
85	59	0.020000
85	62	0.024390
85	70	0.019231
85	73	0.016949
85	86	0.017857
85	87	0.016393
85	90	0.016667
85	92	0.022222
85	99	0.024390
85	101	0.021277
85	113	0.030303
85	121	0.031250
85	124	0.027778
85	132	0.030303
85	136	0.029412
85	143	0.030303
85	168	0.031250
85	172	0.033333
85	182	0.037037
85	186	0.025000
85	194	0.040000
85	196	0.037037
85	198	0.038462
85	211	0.033333
85	218	0.038462
85	219	0.038462
85	230	0.041667
85	237	0.040000
85	252	0.035714
85	305	0.050000
85	312	0.043478
85	313	0.045455
85	319	0.037037
85	325	0.050000
85	347	0.047619
85	348	0.047619
85	356	0.040000
85	360	0.047619
85	375	0.050000
85	399	0.050000
85	401	0.050000
85	409	0.055556
85	423	0.055556
85	431	0.055556
85	433	0.055556
85	434	0.052632
85	437	0.050000
86	9	0.009434
86	12	0.015385
86	14	0.017857
86	19	0.008264
86	23	0.008197
86	30	0.012658
86	32	0.008333
86	42	0.013333
86	45	0.012500
86	50	0.015873
86	51	0.016393
86	54	0.021277
86	58	0.018868
86	60	0.022222
86	65	0.019608
86	68	0.020408
86	77	0.020408
86	85	0.016393
86	101	0.021277
86	105	0.033333
86	113	0.030303
86	125	0.033333
86	129	0.035714
86	141	0.034483
86	157	0.028571
86	162	0.032258
86	163	0.027778
86	164	0.023256
86	174	0.034483
86	179	0.032258
86	188	0.034483
86	189	0.033333
86	202	0.035714
86	238	0.043478
86	239	0.031250
86	256	0.034483
86	264	0.035714
86	275	0.047619
86	279	0.041667
86	281	0.047619
86	282	0.045455
86	289	0.041667
86	307	0.043478
86	321	0.045455
86	323	0.047619
86	349	0.050000
86	375	0.050000
86	382	0.045455
86	388	0.050000
86	389	0.050000
86	397	0.052632
86	403	0.055556
86	421	0.052632
86	424	0.052632
86	428	0.052632
86	454	0.055556
87	10	0.019608
87	19	0.008264
87	23	0.008197
87	26	0.009434
87	34	0.009174
87	38	0.010417
87	41	0.012048
87	44	0.012500
87	46	0.012346
87	51	0.016393
87	52	0.013333
87	55	0.019231
87	57	0.021277
87	59	0.020000
87	60	0.022222
87	67	0.018182
87	84	0.020833
87	85	0.016393
87	91	0.020833
87	98	0.023810
87	101	0.021277
87	102	0.028571
87	103	0.030303
87	113	0.030303
87	114	0.021739
87	121	0.031250
87	125	0.033333
87	141	0.034483
87	142	0.025641
87	145	0.025000
87	164	0.023256
87	169	0.037037
87	181	0.032258
87	183	0.035714
87	193	0.037037
87	202	0.035714
87	205	0.041667
87	212	0.037037
87	214	0.038462
87	238	0.043478
87	250	0.040000
87	263	0.037037
87	264	0.035714
87	290	0.052632
87	296	0.043478
87	305	0.050000
87	306	0.050000
87	317	0.045455
87	345	0.045455
87	364	0.052632
87	368	0.052632
87	371	0.052632
87	374	0.045455
87	412	0.055556
87	418	0.055556
87	423	0.055556
87	428	0.052632
87	431	0.055556
87	435	0.050000
87	438	0.052632
87	441	0.052632
88	1	0.018519
88	2	0.015152
88	6	0.009524
88	9	0.009434
88	15	0.020408
88	19	0.008264
88	24	0.007246
88	30	0.012658
88	33	0.010638
88	35	0.015385
88	38	0.010417
88	41	0.012048
88	56	0.014286
88	57	0.021277
88	66	0.023810
88	68	0.020408
88	75	0.025641
88	77	0.020408
88	92	0.022222
88	94	0.030303
88	96	0.025641
88	157	0.028571
88	188	0.034483
88	217	0.035714
88	229	0.045455
88	251	0.043478
88	259	0.033333
88	260	0.032258
88	310	0.041667
88	323	0.047619
88	329	0.050000
88	330	0.047619
89	1	0.018519
89	7	0.015873
89	8	0.016667
89	23	0.008197
89	24	0.007246
89	25	0.008403
89	30	0.012658
89	43	0.011905
89	44	0.012500
89	45	0.012500
89	46	0.012346
89	47	0.017544
89	57	0.021277
89	58	0.018868
89	60	0.022222
89	68	0.020408
89	69	0.014286
89	74	0.020833
89	108	0.027027
89	116	0.025641
89	130	0.030303
89	138	0.032258
89	147	0.034483
89	150	0.030303
89	163	0.027778
89	176	0.040000
89	186	0.025000
89	192	0.027778
89	220	0.043478
89	222	0.037037
89	223	0.043478
89	225	0.034483
89	232	0.035714
89	238	0.043478
89	251	0.043478
89	260	0.032258
89	269	0.035714
89	277	0.043478
89	310	0.041667
89	333	0.045455
89	363	0.050000
89	365	0.045455
89	371	0.052632
89	380	0.052632
89	400	0.055556
89	438	0.052632
89	443	0.052632
89	455	0.055556
90	0	0.007246
90	2	0.015152
90	8	0.016667
90	19	0.008264
90	22	0.006369
90	23	0.008197
90	26	0.009434
90	30	0.012658
90	34	0.009174
90	39	0.008696
90	41	0.012048
90	47	0.017544
90	60	0.022222
90	61	0.016949
90	63	0.014493
90	69	0.014286
90	75	0.025641
90	85	0.016393
90	96	0.025641
90	98	0.023810
90	116	0.025641
90	119	0.023810
90	120	0.028571
90	121	0.031250
90	140	0.027778
90	143	0.030303
90	155	0.026316
90	156	0.029412
90	160	0.026316
90	167	0.035714
90	177	0.028571
90	184	0.035714
90	185	0.037037
90	188	0.034483
90	195	0.037037
90	199	0.040000
90	223	0.043478
90	228	0.047619
90	255	0.037037
90	258	0.047619
90	266	0.050000
90	268	0.040000
90	275	0.047619
90	280	0.045455
90	283	0.035714
90	293	0.045455
90	294	0.047619
90	333	0.045455
90	340	0.043478
90	343	0.041667
90	353	0.047619
90	354	0.050000
90	390	0.052632
90	396	0.052632
90	407	0.055556
90	408	0.052632
90	426	0.055556
90	428	0.052632
90	441	0.052632
90	445	0.052632
91	2	0.015152
91	3	0.016129
91	22	0.006369
91	23	0.008197
91	24	0.007246
91	28	0.008000
91	31	0.009901
91	33	0.010638
91	38	0.010417
91	39	0.008696
91	40	0.012987
91	42	0.013333
91	43	0.011905
91	44	0.012500
91	49	0.014085
91	56	0.014286
91	58	0.018868
91	87	0.016393
91	94	0.030303
91	99	0.024390
91	107	0.024390
91	108	0.027027
91	110	0.027778
91	117	0.020408
91	123	0.023810
91	145	0.025000
91	146	0.034483
91	169	0.037037
91	204	0.037037
91	209	0.035714
91	214	0.038462
91	230	0.041667
91	237	0.040000
91	241	0.045455
91	252	0.035714
91	259	0.033333
91	271	0.043478
91	278	0.047619
91	279	0.041667
91	284	0.040000
91	291	0.050000
91	297	0.050000
91	301	0.040000
91	319	0.037037
91	328	0.050000
91	445	0.052632
91	446	0.055556
91	452	0.055556
92	0	0.007246
92	6	0.009524
92	9	0.009434
92	23	0.008197
92	29	0.011494
92	32	0.008333
92	33	0.010638
92	42	0.013333
92	44	0.012500
92	45	0.012500
92	46	0.012346
92	58	0.018868
92	61	0.016949
92	71	0.014925
92	75	0.025641
92	79	0.016667
92	85	0.016393
92	88	0.031250
92	95	0.015873
92	99	0.024390
92	114	0.021739
92	115	0.027778
92	120	0.028571
92	121	0.031250
92	128	0.023810
92	131	0.022222
92	134	0.035714
92	137	0.030303
92	139	0.028571
92	140	0.027778
92	147	0.034483
92	163	0.027778
92	200	0.038462
92	228	0.047619
92	229	0.045455
92	230	0.041667
92	290	0.052632
92	292	0.052632
92	310	0.041667
92	332	0.047619
92	341	0.041667
92	370	0.047619
92	381	0.052632
92	385	0.052632
92	452	0.055556
93	5	0.016949
93	7	0.015873
93	9	0.009434
93	10	0.019608
93	20	0.008403
93	21	0.010417
93	24	0.007246
93	30	0.012658
93	33	0.010638
93	36	0.011236
93	38	0.010417
93	41	0.012048
93	55	0.019231
93	58	0.018868
93	61	0.016949
93	75	0.025641
93	78	0.018868
93	79	0.016667
93	108	0.027027
93	110	0.027778
93	115	0.027778
93	119	0.023810
93	141	0.034483
93	144	0.028571
93	162	0.032258
93	189	0.033333
93	192	0.027778
93	204	0.037037
93	221	0.041667
93	254	0.040000
93	255	0.037037
93	275	0.047619
93	276	0.047619
93	285	0.043478
93	302	0.037037
93	305	0.050000
93	335	0.050000
93	361	0.041667
93	362	0.052632
93	392	0.055556
93	415	0.055556
93	439	0.055556
94	3	0.016129
94	4	0.018519
94	17	0.011364
94	19	0.008264
94	38	0.010417
94	40	0.012987
94	41	0.012048
94	45	0.012500
94	51	0.016393
94	53	0.014493
94	56	0.014286
94	58	0.018868
94	61	0.016949
94	63	0.014493
94	69	0.014286
94	79	0.016667
94	88	0.031250
94	91	0.020833
94	144	0.028571
94	159	0.034483
94	163	0.027778
94	164	0.023256
94	233	0.040000
94	256	0.034483
94	281	0.047619
94	297	0.050000
94	311	0.045455
94	317	0.045455
94	327	0.045455
94	365	0.045455
94	373	0.050000
94	382	0.045455
94	449	0.055556
95	0	0.007246
95	8	0.016667
95	16	0.037037
95	17	0.011364
95	20	0.008403
95	21	0.010417
95	22	0.006369
95	24	0.007246
95	27	0.010417
95	35	0.015385
95	44	0.012500
95	47	0.017544
95	52	0.013333
95	54	0.021277
95	56	0.014286
95	65	0.019608
95	70	0.019231
95	92	0.022222
95	103	0.030303
95	106	0.027778
95	119	0.023810
95	124	0.027778
95	135	0.028571
95	157	0.028571
95	158	0.027027
95	160	0.026316
95	162	0.032258
95	173	0.043478
95	176	0.040000
95	183	0.035714
95	192	0.027778
95	213	0.037037
95	225	0.034483
95	228	0.047619
95	238	0.043478
95	240	0.032258
95	246	0.035714
95	261	0.045455
95	264	0.035714
95	267	0.047619
95	275	0.047619
95	279	0.041667
95	281	0.047619
95	286	0.047619
95	287	0.052632
95	292	0.052632
95	297	0.050000
95	308	0.052632
95	326	0.050000
95	329	0.050000
95	350	0.038462
95	351	0.050000
95	358	0.041667
95	360	0.047619
95	363	0.050000
95	371	0.052632
95	400	0.055556
95	402	0.055556
95	404	0.050000
95	405	0.052632
95	444	0.052632
95	455	0.055556
95	457	0.055556
96	10	0.019608
96	20	0.008403
96	22	0.006369
96	23	0.008197
96	24	0.007246
96	25	0.008403
96	26	0.009434
96	36	0.011236
96	38	0.010417
96	43	0.011905
96	46	0.012346
96	49	0.014085
96	68	0.020408
96	70	0.019231
96	71	0.014925
96	73	0.016949
96	88	0.031250
96	90	0.016667
96	108	0.027027
96	112	0.019608
96	114	0.021739
96	122	0.026316
96	123	0.023810
96	142	0.025641
96	144	0.028571
96	166	0.034483
96	168	0.031250
96	196	0.037037
96	221	0.041667
96	224	0.034483
96	232	0.035714
96	261	0.045455
96	274	0.041667
96	280	0.045455
96	295	0.043478
96	301	0.040000
96	385	0.052632
96	410	0.050000
96	429	0.055556
97	0	0.007246
97	9	0.009434
97	17	0.011364
97	19	0.008264
97	22	0.006369
97	23	0.008197
97	24	0.007246
97	25	0.008403
97	27	0.010417
97	29	0.011494
97	46	0.012346
97	53	0.014493
97	56	0.014286
97	59	0.020000
97	64	0.018519
97	74	0.020833
97	80	0.022222
97	84	0.020833
97	103	0.030303
97	126	0.023810
97	132	0.030303
97	134	0.035714
97	148	0.027027
97	150	0.030303
97	162	0.032258
97	163	0.027778
97	171	0.034483
97	173	0.043478
97	175	0.041667
97	216	0.033333
97	231	0.040000
97	268	0.040000
97	311	0.045455
97	325	0.050000
97	329	0.050000
97	343	0.041667
97	398	0.055556
98	4	0.018519
98	7	0.015873
98	19	0.008264
98	20	0.008403
98	23	0.008197
98	28	0.008000
98	29	0.011494
98	32	0.008333
98	38	0.010417
98	40	0.012987
98	46	0.012346
98	53	0.014493
98	65	0.019608
98	76	0.018868
98	78	0.018868
98	84	0.020833
98	87	0.016393
98	90	0.016667
98	124	0.027778
98	129	0.035714
98	131	0.022222
98	135	0.028571
98	149	0.037037
98	150	0.030303
98	151	0.027027
98	156	0.029412
98	182	0.037037
98	202	0.035714
98	224	0.034483
98	249	0.033333
98	250	0.040000
98	252	0.035714
98	266	0.050000
98	299	0.047619
98	312	0.043478
98	313	0.045455
98	333	0.045455
98	336	0.052632
98	376	0.050000
98	383	0.047619
98	407	0.055556
98	432	0.052632
99	5	0.016949
99	6	0.009524
99	9	0.009434
99	16	0.037037
99	17	0.011364
99	22	0.006369
99	26	0.009434
99	32	0.008333
99	39	0.008696
99	41	0.012048
99	47	0.017544
99	51	0.016393
99	65	0.019608
99	73	0.016949
99	84	0.020833
99	85	0.016393
99	91	0.020833
99	92	0.022222
99	110	0.027778
99	113	0.030303
99	138	0.032258
99	146	0.034483
99	149	0.037037
99	170	0.027027
99	189	0.033333
99	207	0.038462
99	216	0.033333
99	225	0.034483
99	247	0.041667
99	258	0.047619
99	263	0.037037
99	273	0.047619
99	293	0.045455
99	326	0.050000
99	336	0.052632
99	348	0.047619
99	357	0.052632
99	359	0.055556
99	370	0.047619
99	430	0.055556
99	441	0.052632
100	0	0.007246
100	9	0.009434
100	11	0.018868
100	14	0.017857
100	21	0.010417
100	28	0.008000
100	34	0.009174
100	35	0.015385
100	37	0.016393
100	38	0.010417
100	44	0.012500
100	50	0.015873
100	51	0.016393
100	54	0.021277
100	57	0.021277
100	70	0.019231
100	79	0.016667
100	80	0.022222
100	116	0.025641
100	122	0.026316
100	123	0.023810
100	135	0.028571
100	156	0.029412
100	159	0.034483
100	162	0.032258
100	177	0.028571
100	180	0.031250
100	194	0.040000
100	196	0.037037
100	199	0.040000
100	206	0.034483
100	208	0.026316
100	227	0.037037
100	234	0.045455
100	253	0.043478
100	254	0.040000
100	268	0.040000
100	274	0.041667
100	308	0.052632
100	352	0.050000
100	388	0.050000
100	401	0.050000
100	412	0.055556
100	443	0.052632
100	450	0.052632
100	457	0.055556
101	0	0.007246
101	21	0.010417
101	22	0.006369
101	24	0.007246
101	26	0.009434
101	32	0.008333
101	35	0.015385
101	39	0.008696
101	42	0.013333
101	43	0.011905
101	46	0.012346
101	52	0.013333
101	56	0.014286
101	58	0.018868
101	68	0.020408
101	85	0.016393
101	86	0.017857
101	87	0.016393
101	104	0.020833
101	109	0.025000
101	116	0.025641
101	122	0.026316
101	127	0.027027
101	130	0.030303
101	156	0.029412
101	164	0.023256
101	191	0.030303
101	204	0.037037
101	215	0.038462
101	220	0.043478
101	230	0.041667
101	233	0.040000
101	244	0.040000
101	267	0.047619
101	271	0.043478
101	272	0.047619
101	282	0.045455
101	287	0.052632
101	308	0.052632
101	317	0.045455
101	335	0.050000
101	346	0.040000
101	347	0.047619
101	351	0.050000
101	375	0.050000
101	410	0.050000
101	446	0.055556
102	0	0.007246
102	20	0.008403
102	23	0.008197
102	24	0.007246
102	25	0.008403
102	31	0.009901
102	32	0.008333
102	34	0.009174
102	35	0.015385
102	39	0.008696
102	40	0.012987
102	42	0.013333
102	49	0.014085
102	53	0.014493
102	65	0.019608
102	67	0.018182
102	73	0.016949
102	87	0.016393
102	105	0.033333
102	114	0.021739
102	137	0.030303
102	158	0.027027
102	160	0.026316
102	198	0.038462
102	199	0.040000
102	202	0.035714
102	212	0.037037
102	216	0.033333
102	230	0.041667
102	251	0.043478
102	285	0.043478
102	348	0.047619
102	359	0.055556
102	380	0.052632
102	433	0.055556
103	7	0.015873
103	9	0.009434
103	22	0.006369
103	24	0.007246
103	26	0.009434
103	27	0.010417
103	31	0.009901
103	34	0.009174
103	36	0.011236
103	40	0.012987
103	47	0.017544
103	50	0.015873
103	63	0.014493
103	69	0.014286
103	76	0.018868
103	87	0.016393
103	95	0.015873
103	97	0.027027
103	108	0.027027
103	135	0.028571
103	143	0.030303
103	183	0.035714
103	221	0.041667
103	223	0.043478
103	237	0.040000
103	242	0.050000
103	248	0.035714
103	281	0.047619
103	289	0.041667
103	291	0.050000
103	308	0.052632
103	313	0.045455
103	443	0.052632
104	0	0.007246
104	9	0.009434
104	19	0.008264
104	20	0.008403
104	22	0.006369
104	24	0.007246
104	25	0.008403
104	36	0.011236
104	38	0.010417
104	42	0.013333
104	53	0.014493
104	56	0.014286
104	64	0.018519
104	70	0.019231
104	71	0.014925
104	74	0.020833
104	79	0.016667
104	101	0.021277
104	108	0.027027
104	124	0.027778
104	128	0.023810
104	129	0.035714
104	132	0.030303
104	152	0.034483
104	168	0.031250
104	169	0.037037
104	174	0.034483
104	176	0.040000
104	193	0.037037
104	213	0.037037
104	239	0.031250
104	260	0.032258
104	274	0.041667
104	287	0.052632
104	288	0.040000
104	292	0.052632
104	298	0.041667
104	318	0.041667
104	352	0.050000
104	357	0.052632
104	369	0.045455
104	380	0.052632
104	384	0.052632
104	390	0.052632
104	402	0.055556
104	411	0.050000
104	430	0.055556
104	435	0.050000
105	4	0.018519
105	20	0.008403
105	21	0.010417
105	23	0.008197
105	30	0.012658
105	32	0.008333
105	36	0.011236
105	39	0.008696
105	46	0.012346
105	48	0.016393
105	52	0.013333
105	55	0.019231
105	62	0.024390
105	73	0.016949
105	74	0.020833
105	77	0.020408
105	86	0.017857
105	102	0.028571
105	111	0.029412
105	126	0.023810
105	204	0.037037
105	228	0.047619
105	271	0.043478
105	280	0.045455
105	308	0.052632
105	313	0.045455
105	332	0.047619
105	378	0.052632
105	423	0.055556
105	429	0.055556
106	12	0.015385
106	14	0.017857
106	20	0.008403
106	26	0.009434
106	28	0.008000
106	32	0.008333
106	34	0.009174
106	35	0.015385
106	41	0.012048
106	43	0.011905
106	45	0.012500
106	49	0.014085
106	50	0.015873
106	54	0.021277
106	61	0.016949
106	73	0.016949
106	80	0.022222
106	95	0.015873
106	131	0.022222
106	145	0.025000
106	154	0.032258
106	169	0.037037
106	208	0.026316
106	210	0.035714
106	212	0.037037
106	233	0.040000
106	239	0.031250
106	307	0.043478
106	320	0.052632
106	381	0.052632
106	406	0.052632
106	414	0.055556
106	416	0.050000
106	418	0.055556
106	442	0.055556
106	447	0.055556
107	0	0.007246
107	3	0.016129
107	7	0.015873
107	17	0.011364
107	20	0.008403
107	23	0.008197
107	33	0.010638
107	35	0.015385
107	37	0.016393
107	43	0.011905
107	47	0.017544
107	67	0.018182
107	68	0.020408
107	71	0.014925
107	74	0.020833
107	77	0.020408
107	78	0.018868
107	91	0.020833
107	112	0.019608
107	119	0.023810
107	125	0.033333
107	131	0.022222
107	136	0.029412
107	138	0.032258
107	144	0.028571
107	147	0.034483
107	153	0.030303
107	164	0.023256
107	175	0.041667
107	179	0.032258
107	180	0.031250
107	221	0.041667
107	229	0.045455
107	243	0.043478
107	259	0.033333
107	262	0.038462
107	309	0.040000
107	316	0.045455
107	318	0.041667
107	325	0.050000
107	417	0.052632
108	0	0.007246
108	9	0.009434
108	16	0.037037
108	18	0.023810
108	23	0.008197
108	25	0.008403
108	34	0.009174
108	40	0.012987
108	54	0.021277
108	55	0.019231
108	69	0.014286
108	73	0.016949
108	89	0.020833
108	91	0.020833
108	93	0.023810
108	96	0.025641
108	103	0.030303
108	104	0.020833
108	109	0.025000
108	118	0.021739
108	127	0.027027
108	129	0.035714
108	131	0.022222
108	140	0.027778
108	148	0.027027
108	190	0.027778
108	220	0.043478
108	236	0.043478
108	250	0.040000
108	262	0.038462
108	288	0.040000
108	299	0.047619
108	302	0.037037
108	328	0.050000
108	348	0.047619
108	414	0.055556
108	445	0.052632
109	2	0.015152
109	10	0.019608
109	14	0.017857
109	20	0.008403
109	23	0.008197
109	25	0.008403
109	26	0.009434
109	32	0.008333
109	33	0.010638
109	38	0.010417
109	39	0.008696
109	50	0.015873
109	62	0.024390
109	66	0.023810
109	71	0.014925
109	84	0.020833
109	101	0.021277
109	108	0.027027
109	113	0.030303
109	121	0.031250
109	122	0.026316
109	132	0.030303
109	136	0.029412
109	147	0.034483
109	150	0.030303
109	154	0.032258
109	160	0.026316
109	182	0.037037
109	201	0.034483
109	205	0.041667
109	209	0.035714
109	210	0.035714
109	219	0.038462
109	254	0.040000
109	259	0.033333
109	307	0.043478
109	317	0.045455
109	344	0.052632
109	405	0.052632
109	453	0.055556
110	3	0.016129
110	6	0.009524
110	17	0.011364
110	18	0.023810
110	20	0.008403
110	22	0.006369
110	27	0.010417
110	31	0.009901
110	41	0.012048
110	43	0.011905
110	44	0.012500
110	49	0.014085
110	56	0.014286
110	71	0.014925
110	76	0.018868
110	91	0.020833
110	93	0.023810
110	99	0.024390
110	116	0.025641
110	141	0.034483
110	175	0.041667
110	207	0.038462
110	209	0.035714
110	219	0.038462
110	238	0.043478
110	247	0.041667
110	260	0.032258
110	282	0.045455
110	297	0.050000
110	320	0.052632
110	342	0.041667
110	360	0.047619
110	386	0.045455
110	400	0.055556
110	412	0.055556
110	416	0.050000
111	9	0.009434
111	14	0.017857
111	17	0.011364
111	19	0.008264
111	27	0.010417
111	28	0.008000
111	29	0.011494
111	31	0.009901
111	32	0.008333
111	39	0.008696
111	47	0.017544
111	57	0.021277
111	61	0.016949
111	63	0.014493
111	68	0.020408
111	73	0.016949
111	84	0.020833
111	105	0.033333
111	130	0.030303
111	134	0.035714
111	146	0.034483
111	157	0.028571
111	165	0.035714
111	170	0.027027
111	181	0.032258
111	206	0.034483
111	219	0.038462
111	227	0.037037
111	234	0.045455
111	255	0.037037
111	306	0.050000
111	362	0.052632
111	416	0.050000
111	442	0.055556
112	4	0.018519
112	6	0.009524
112	14	0.017857
112	23	0.008197
112	24	0.007246
112	29	0.011494
112	33	0.010638
112	36	0.011236
112	38	0.010417
112	39	0.008696
112	44	0.012500
112	47	0.017544
112	53	0.014493
112	60	0.022222
112	64	0.018519
112	69	0.014286
112	96	0.025641
112	107	0.024390
112	119	0.023810
112	125	0.033333
112	126	0.023810
112	131	0.022222
112	142	0.025641
112	154	0.032258
112	161	0.037037
112	187	0.031250
112	204	0.037037
112	205	0.041667
112	206	0.034483
112	213	0.037037
112	214	0.038462
112	221	0.041667
112	224	0.034483
112	240	0.032258
112	260	0.032258
112	269	0.035714
112	276	0.047619
112	282	0.045455
112	283	0.035714
112	295	0.043478
112	300	0.038462
112	301	0.040000
112	306	0.050000
112	332	0.047619
112	333	0.045455
112	334	0.050000
112	360	0.047619
112	416	0.050000
112	417	0.052632
112	441	0.052632
112	452	0.055556
113	3	0.016129
113	9	0.009434
113	22	0.006369
113	24	0.007246
113	26	0.009434
113	28	0.008000
113	30	0.012658
113	32	0.008333
113	35	0.015385
113	61	0.016949
113	65	0.019608
113	66	0.023810
113	67	0.018182
113	85	0.016393
113	86	0.017857
113	87	0.016393
113	99	0.024390
113	109	0.025000
113	114	0.021739
113	120	0.028571
113	153	0.030303
113	173	0.043478
113	196	0.037037
113	213	0.037037
113	214	0.038462
113	249	0.033333
113	290	0.052632
113	299	0.047619
113	316	0.045455
113	357	0.052632
113	402	0.055556
113	424	0.052632
113	450	0.052632
114	17	0.011364
114	19	0.008264
114	22	0.006369
114	26	0.009434
114	27	0.010417
114	34	0.009174
114	40	0.012987
114	42	0.013333
114	45	0.012500
114	58	0.018868
114	60	0.022222
114	79	0.016667
114	81	0.020833
114	87	0.016393
114	92	0.022222
114	96	0.025641
114	102	0.028571
114	113	0.030303
114	122	0.026316
114	127	0.027027
114	137	0.030303
114	146	0.034483
114	158	0.027027
114	167	0.035714
114	180	0.031250
114	192	0.027778
114	202	0.035714
114	217	0.035714
114	235	0.040000
114	238	0.043478
114	243	0.043478
114	251	0.043478
114	263	0.037037
114	289	0.041667
114	315	0.045455
114	320	0.052632
114	332	0.047619
114	341	0.041667
114	350	0.038462
114	351	0.050000
114	369	0.045455
114	387	0.052632
114	400	0.055556
114	410	0.050000
114	443	0.052632
114	448	0.055556
115	0	0.007246
115	9	0.009434
115	10	0.019608
115	18	0.023810
115	26	0.009434
115	34	0.009174
115	36	0.011236
115	43	0.011905
115	48	0.016393
115	53	0.014493
115	56	0.014286
115	61	0.016949
115	65	0.019608
115	78	0.018868
115	81	0.020833
115	84	0.020833
115	92	0.022222
115	93	0.023810
115	135	0.028571
115	139	0.028571
115	154	0.032258
115	172	0.033333
115	175	0.041667
115	208	0.026316
115	212	0.037037
115	227	0.037037
115	272	0.047619
115	275	0.047619
115	277	0.043478
115	282	0.045455
115	288	0.040000
115	329	0.050000
115	336	0.052632
115	369	0.045455
115	420	0.055556
115	424	0.052632
116	4	0.018519
116	9	0.009434
116	21	0.010417
116	23	0.008197
116	26	0.009434
116	36	0.011236
116	43	0.011905
116	56	0.014286
116	58	0.018868
116	64	0.018519
116	65	0.019608
116	70	0.019231
116	72	0.031250
116	89	0.020833
116	90	0.016667
116	100	0.021739
116	101	0.021277
116	110	0.027778
116	140	0.027778
116	164	0.023256
116	170	0.027027
116	193	0.037037
116	196	0.037037
116	197	0.037037
116	204	0.037037
116	205	0.041667
116	212	0.037037
116	217	0.035714
116	221	0.041667
116	224	0.034483
116	236	0.043478
116	256	0.034483
116	269	0.035714
116	276	0.047619
116	282	0.045455
116	292	0.052632
116	305	0.050000
116	307	0.043478
116	387	0.052632
117	1	0.018519
117	6	0.009524
117	9	0.009434
117	10	0.019608
117	19	0.008264
117	26	0.009434
117	28	0.008000
117	29	0.011494
117	31	0.009901
117	36	0.011236
117	39	0.008696
117	43	0.011905
117	44	0.012500
117	47	0.017544
117	53	0.014493
117	65	0.019608
117	74	0.020833
117	91	0.020833
117	124	0.027778
117	135	0.028571
117	141	0.034483
117	153	0.030303
117	155	0.026316
117	156	0.029412
117	158	0.027027
117	162	0.032258
117	173	0.043478
117	178	0.030303
117	181	0.032258
117	182	0.037037
117	184	0.035714
117	196	0.037037
117	219	0.038462
117	222	0.037037
117	227	0.037037
117	234	0.045455
117	241	0.045455
117	261	0.045455
117	301	0.040000
117	330	0.047619
117	331	0.050000
117	340	0.043478
117	346	0.040000
117	349	0.050000
117	366	0.052632
117	409	0.055556
117	411	0.050000
117	420	0.055556
117	441	0.052632
118	6	0.009524
118	7	0.015873
118	9	0.009434
118	15	0.020408
118	19	0.008264
118	20	0.008403
118	28	0.008000
118	30	0.012658
118	34	0.009174
118	36	0.011236
118	42	0.013333
118	48	0.016393
118	50	0.015873
118	60	0.022222
118	73	0.016949
118	76	0.018868
118	80	0.022222
118	108	0.027027
118	122	0.026316
118	134	0.035714
118	135	0.028571
118	138	0.032258
118	146	0.034483
118	147	0.034483
118	162	0.032258
118	163	0.027778
118	177	0.028571
118	179	0.032258
118	182	0.037037
118	220	0.043478
118	230	0.041667
118	237	0.040000
118	246	0.035714
118	264	0.035714
118	270	0.045455
118	296	0.043478
118	305	0.050000
118	306	0.050000
118	331	0.050000
118	340	0.043478
118	349	0.050000
118	359	0.055556
118	361	0.041667
118	363	0.050000
118	408	0.052632
118	453	0.055556
119	7	0.015873
119	12	0.015385
119	13	0.025641
119	21	0.010417
119	26	0.009434
119	27	0.010417
119	29	0.011494
119	41	0.012048
119	67	0.018182
119	69	0.014286
119	70	0.019231
119	73	0.016949
119	76	0.018868
119	90	0.016667
119	93	0.023810
119	95	0.015873
119	107	0.024390
119	112	0.019608
119	125	0.033333
119	129	0.035714
119	130	0.030303
119	134	0.035714
119	136	0.029412
119	152	0.034483
119	173	0.043478
119	178	0.030303
119	211	0.033333
119	226	0.045455
119	230	0.041667
119	235	0.040000
119	242	0.050000
119	244	0.040000
119	256	0.034483
119	260	0.032258
119	266	0.050000
119	319	0.037037
119	328	0.050000
119	347	0.047619
119	386	0.045455
119	409	0.055556
119	410	0.050000
119	447	0.055556
120	5	0.016949
120	9	0.009434
120	11	0.018868
120	12	0.015385
120	15	0.020408
120	17	0.011364
120	20	0.008403
120	22	0.006369
120	26	0.009434
120	36	0.011236
120	39	0.008696
120	45	0.012500
120	55	0.019231
120	69	0.014286
120	83	0.022222
120	90	0.016667
120	92	0.022222
120	113	0.030303
120	125	0.033333
120	154	0.032258
120	169	0.037037
120	181	0.032258
120	190	0.027778
120	199	0.040000
120	202	0.035714
120	206	0.034483
120	216	0.033333
120	259	0.033333
120	268	0.040000
120	341	0.041667
120	352	0.050000
120	364	0.052632
120	368	0.052632
120	373	0.050000
120	383	0.047619
121	5	0.016949
121	6	0.009524
121	11	0.018868
121	12	0.015385
121	13	0.025641
121	19	0.008264
121	20	0.008403
121	21	0.010417
121	24	0.007246
121	29	0.011494
121	31	0.009901
121	37	0.016393
121	82	0.027027
121	85	0.016393
121	87	0.016393
121	90	0.016667
121	92	0.022222
121	109	0.025000
121	126	0.023810
121	128	0.023810
121	153	0.030303
121	159	0.034483
121	196	0.037037
121	200	0.038462
121	205	0.041667
121	210	0.035714
121	243	0.043478
121	246	0.035714
121	321	0.045455
121	350	0.038462
121	373	0.050000
121	411	0.050000
122	1	0.018519
122	14	0.017857
122	20	0.008403
122	25	0.008403
122	43	0.011905
122	46	0.012346
122	47	0.017544
122	52	0.013333
122	59	0.020000
122	64	0.018519
122	66	0.023810
122	77	0.020408
122	96	0.025641
122	100	0.021739
122	101	0.021277
122	109	0.025000
122	114	0.021739
122	118	0.021739
122	134	0.035714
122	141	0.034483
122	193	0.037037
122	209	0.035714
122	253	0.043478
122	269	0.035714
122	294	0.047619
122	315	0.045455
122	323	0.047619
122	324	0.043478
122	343	0.041667
122	379	0.047619
122	385	0.052632
122	389	0.050000
122	399	0.050000
122	415	0.055556
122	438	0.052632
122	442	0.055556
122	449	0.055556
122	451	0.052632
123	2	0.015152
123	3	0.016129
123	18	0.023810
123	22	0.006369
123	23	0.008197
123	28	0.008000
123	33	0.010638
123	41	0.012048
123	45	0.012500
123	48	0.016393
123	49	0.014085
123	52	0.013333
123	53	0.014493
123	59	0.020000
123	80	0.022222
123	91	0.020833
123	96	0.025641
123	100	0.021739
123	126	0.023810
123	127	0.027027
123	128	0.023810
123	138	0.032258
123	139	0.028571
123	153	0.030303
123	155	0.026316
123	169	0.037037
123	176	0.040000
123	195	0.037037
123	212	0.037037
123	225	0.034483
123	227	0.037037
123	246	0.035714
123	253	0.043478
123	257	0.034483
123	311	0.045455
123	323	0.047619
123	350	0.038462
123	381	0.052632
123	384	0.052632
123	398	0.055556
123	403	0.055556
123	415	0.055556
124	5	0.016949
124	9	0.009434
124	24	0.007246
124	27	0.010417
124	30	0.012658
124	34	0.009174
124	43	0.011905
124	46	0.012346
124	50	0.015873
124	59	0.020000
124	64	0.018519
124	67	0.018182
124	73	0.016949
124	85	0.016393
124	95	0.015873
124	98	0.023810
124	104	0.020833
124	117	0.020408
124	128	0.023810
124	135	0.028571
124	138	0.032258
124	145	0.025000
124	147	0.034483
124	148	0.027027
124	155	0.026316
124	174	0.034483
124	200	0.038462
124	201	0.034483
124	202	0.035714
124	215	0.038462
124	301	0.040000
124	312	0.043478
124	346	0.040000
124	350	0.038462
124	358	0.041667
124	385	0.052632
125	0	0.007246
125	2	0.015152
125	12	0.015385
125	22	0.006369
125	39	0.008696
125	44	0.012500
125	48	0.016393
125	50	0.015873
125	54	0.021277
125	64	0.018519
125	78	0.018868
125	79	0.016667
125	86	0.017857
125	87	0.016393
125	107	0.024390
125	112	0.019608
125	119	0.023810
125	120	0.028571
125	131	0.022222
125	134	0.035714
125	177	0.028571
125	179	0.032258
125	201	0.034483
125	219	0.038462
125	226	0.045455
125	262	0.038462
125	309	0.040000
125	320	0.052632
125	388	0.050000
125	429	0.055556
126	0	0.007246
126	20	0.008403
126	22	0.006369
126	23	0.008197
126	24	0.007246
126	35	0.015385
126	40	0.012987
126	41	0.012048
126	43	0.011905
126	45	0.012500
126	52	0.013333
126	63	0.014493
126	69	0.014286
126	97	0.027027
126	105	0.033333
126	112	0.019608
126	121	0.031250
126	123	0.023810
126	140	0.027778
126	152	0.034483
126	153	0.030303
126	166	0.034483
126	177	0.028571
126	180	0.031250
126	190	0.027778
126	194	0.040000
126	198	0.038462
126	228	0.047619
126	232	0.035714
126	261	0.045455
126	266	0.050000
126	294	0.047619
126	316	0.045455
126	317	0.045455
126	323	0.047619
126	336	0.052632
126	353	0.047619
126	370	0.047619
126	386	0.045455
126	390	0.052632
126	406	0.052632
126	409	0.055556
127	5	0.016949
127	13	0.025641
127	19	0.008264
127	24	0.007246
127	25	0.008403
127	26	0.009434
127	27	0.010417
127	31	0.009901
127	33	0.010638
127	42	0.013333
127	56	0.014286
127	69	0.014286
127	71	0.014925
127	80	0.022222
127	101	0.021277
127	108	0.027027
127	114	0.021739
127	123	0.023810
127	132	0.030303
127	148	0.027027
127	161	0.037037
127	213	0.037037
127	221	0.041667
127	246	0.035714
127	247	0.041667
127	256	0.034483
127	285	0.043478
127	291	0.050000
127	296	0.043478
127	321	0.045455
127	323	0.047619
127	358	0.041667
127	415	0.055556
127	419	0.055556
127	421	0.052632
127	450	0.052632
127	453	0.055556
128	3	0.016129
128	9	0.009434
128	23	0.008197
128	27	0.010417
128	32	0.008333
128	39	0.008696
128	44	0.012500
128	45	0.012500
128	48	0.016393
128	50	0.015873
128	55	0.019231
128	64	0.018519
128	67	0.018182
128	92	0.022222
128	104	0.020833
128	121	0.031250
128	123	0.023810
128	124	0.027778
128	133	0.025000
128	142	0.025641
128	148	0.027027
128	161	0.037037
128	165	0.035714
128	171	0.034483
128	179	0.032258
128	187	0.031250
128	193	0.037037
128	202	0.035714
128	222	0.037037
128	240	0.032258
128	247	0.041667
128	267	0.047619
128	307	0.043478
128	315	0.045455
128	331	0.050000
128	343	0.041667
128	360	0.047619
128	363	0.050000
128	385	0.052632
128	391	0.041667
128	436	0.050000
128	457	0.055556
129	21	0.010417
129	22	0.006369
129	31	0.009901
129	34	0.009174
129	39	0.008696
129	42	0.013333
129	43	0.011905
129	45	0.012500
129	48	0.016393
129	49	0.014085
129	64	0.018519
129	80	0.022222
129	83	0.022222
129	86	0.017857
129	98	0.023810
129	104	0.020833
129	108	0.027027
129	119	0.023810
129	134	0.035714
129	146	0.034483
129	244	0.040000
129	262	0.038462
129	310	0.041667
129	351	0.050000
129	397	0.052632
129	407	0.055556
129	419	0.055556
129	443	0.052632
130	3	0.016129
130	10	0.019608
130	13	0.025641
130	31	0.009901
130	44	0.012500
130	52	0.013333
130	57	0.021277
130	58	0.018868
130	63	0.014493
130	64	0.018519
130	67	0.018182
130	70	0.019231
130	79	0.016667
130	84	0.020833
130	89	0.020833
130	101	0.021277
130	111	0.029412
130	119	0.023810
130	147	0.034483
130	155	0.026316
130	168	0.031250
130	170	0.027027
130	181	0.032258
130	186	0.025000
130	249	0.033333
130	256	0.034483
130	261	0.045455
130	268	0.040000
130	290	0.052632
130	302	0.037037
130	305	0.050000
130	384	0.052632
130	387	0.052632
131	18	0.023810
131	23	0.008197
131	25	0.008403
131	26	0.009434
131	38	0.010417
131	53	0.014493
131	55	0.019231
131	64	0.018519
131	67	0.018182
131	69	0.014286
131	78	0.018868
131	92	0.022222
131	98	0.023810
131	106	0.027778
131	107	0.024390
131	108	0.027027
131	112	0.019608
131	125	0.033333
131	132	0.030303
131	156	0.029412
131	160	0.026316
131	168	0.031250
131	178	0.030303
131	212	0.037037
131	227	0.037037
131	231	0.040000
131	243	0.043478
131	258	0.047619
131	268	0.040000
131	285	0.043478
131	286	0.047619
131	289	0.041667
131	290	0.052632
131	306	0.050000
131	332	0.047619
131	339	0.052632
131	351	0.050000
131	352	0.050000
131	363	0.050000
131	372	0.050000
131	377	0.050000
131	406	0.052632
131	419	0.055556
131	429	0.055556
131	439	0.055556
132	17	0.011364
132	25	0.008403
132	31	0.009901
132	33	0.010638
132	45	0.012500
132	49	0.014085
132	50	0.015873
132	57	0.021277
132	59	0.020000
132	61	0.016949
132	63	0.014493
132	78	0.018868
132	85	0.016393
132	97	0.027027
132	104	0.020833
132	109	0.025000
132	127	0.027027
132	131	0.022222
132	134	0.035714
132	141	0.034483
132	146	0.034483
132	157	0.028571
132	185	0.037037
132	194	0.040000
132	197	0.037037
132	199	0.040000
132	208	0.026316
132	217	0.035714
132	221	0.041667
132	342	0.041667
132	347	0.047619
132	397	0.052632
132	448	0.055556
133	2	0.015152
133	12	0.015385
133	19	0.008264
133	25	0.008403
133	30	0.012658
133	34	0.009174
133	35	0.015385
133	41	0.012048
133	49	0.014085
133	50	0.015873
133	58	0.018868
133	59	0.020000
133	62	0.024390
133	63	0.014493
133	73	0.016949
133	75	0.025641
133	81	0.020833
133	128	0.023810
133	175	0.041667
133	188	0.034483
133	189	0.033333
133	198	0.038462
133	201	0.034483
133	207	0.038462
133	236	0.043478
133	238	0.043478
133	254	0.040000
133	265	0.043478
133	272	0.047619
133	286	0.047619
133	290	0.052632
133	316	0.045455
133	371	0.052632
133	400	0.055556
133	403	0.055556
133	410	0.050000
133	425	0.047619
133	434	0.052632
133	446	0.055556
133	450	0.052632
134	5	0.016949
134	32	0.008333
134	34	0.009174
134	41	0.012048
134	43	0.011905
134	46	0.012346
134	47	0.017544
134	58	0.018868
134	67	0.018182
134	92	0.022222
134	97	0.027027
134	111	0.029412
134	118	0.021739
134	119	0.023810
134	122	0.026316
134	125	0.033333
134	129	0.035714
134	132	0.030303
134	151	0.027027
134	156	0.029412
134	165	0.035714
134	227	0.037037
134	235	0.040000
134	298	0.041667
134	361	0.041667
134	403	0.055556
134	444	0.052632
134	457	0.055556
135	1	0.018519
135	21	0.010417
135	22	0.006369
135	26	0.009434
135	34	0.009174
135	48	0.016393
135	50	0.015873
135	52	0.013333
135	63	0.014493
135	69	0.014286
135	95	0.015873
135	98	0.023810
135	100	0.021739
135	103	0.030303
135	115	0.027778
135	117	0.020408
135	118	0.021739
135	124	0.027778
135	143	0.030303
135	144	0.028571
135	183	0.035714
135	186	0.025000
135	189	0.033333
135	192	0.027778
135	197	0.037037
135	199	0.040000
135	257	0.034483
135	263	0.037037
135	312	0.043478
135	357	0.052632
135	418	0.055556
135	430	0.055556
135	446	0.055556
135	453	0.055556
135	455	0.055556
136	9	0.009434
136	12	0.015385
136	17	0.011364
136	22	0.006369
136	24	0.007246
136	29	0.011494
136	30	0.012658
136	32	0.008333
136	37	0.016393
136	40	0.012987
136	53	0.014493
136	68	0.020408
136	79	0.016667
136	83	0.022222
136	85	0.016393
136	107	0.024390
136	109	0.025000
136	119	0.023810
136	146	0.034483
136	150	0.030303
136	171	0.034483
136	183	0.035714
136	209	0.035714
136	235	0.040000
136	251	0.043478
136	271	0.043478
136	277	0.043478
136	279	0.041667
136	296	0.043478
136	392	0.055556
136	393	0.052632
136	426	0.055556
136	440	0.055556
136	447	0.055556
137	6	0.009524
137	9	0.009434
137	10	0.019608
137	20	0.008403
137	24	0.007246
137	27	0.010417
137	34	0.009174
137	39	0.008696
137	40	0.012987
137	45	0.012500
137	47	0.017544
137	51	0.016393
137	68	0.020408
137	78	0.018868
137	83	0.022222
137	92	0.022222
137	102	0.028571
137	114	0.021739
137	141	0.034483
137	182	0.037037
137	187	0.031250
137	192	0.027778
137	194	0.040000
137	231	0.040000
137	240	0.032258
137	252	0.035714
137	273	0.047619
137	345	0.045455
137	365	0.045455
137	397	0.052632
137	427	0.052632
137	440	0.055556
137	455	0.055556
138	4	0.018519
138	12	0.015385
138	13	0.025641
138	22	0.006369
138	24	0.007246
138	33	0.010638
138	34	0.009174
138	50	0.015873
138	56	0.014286
138	77	0.020408
138	80	0.022222
138	83	0.022222
138	89	0.020833
138	99	0.024390
138	107	0.024390
138	118	0.021739
138	123	0.023810
138	124	0.027778
138	140	0.027778
138	229	0.045455
138	246	0.035714
138	254	0.040000
138	256	0.034483
138	269	0.035714
138	278	0.047619
138	306	0.050000
138	335	0.050000
138	371	0.052632
138	415	0.055556
138	436	0.050000
138	441	0.052632
139	1	0.018519
139	5	0.016949
139	20	0.008403
139	21	0.010417
139	22	0.006369
139	26	0.009434
139	28	0.008000
139	29	0.011494
139	33	0.010638
139	39	0.008696
139	46	0.012346
139	52	0.013333
139	58	0.018868
139	71	0.014925
139	75	0.025641
139	92	0.022222
139	115	0.027778
139	123	0.023810
139	159	0.034483
139	174	0.034483
139	198	0.038462
139	210	0.035714
139	218	0.038462
139	228	0.047619
139	269	0.035714
139	277	0.043478
139	308	0.052632
139	317	0.045455
139	326	0.050000
139	334	0.050000
139	371	0.052632
139	374	0.045455
139	415	0.055556
139	433	0.055556
139	442	0.055556
140	8	0.016667
140	11	0.018868
140	22	0.006369
140	24	0.007246
140	31	0.009901
140	39	0.008696
140	40	0.012987
140	42	0.013333
140	45	0.012500
140	59	0.020000
140	74	0.020833
140	76	0.018868
140	90	0.016667
140	92	0.022222
140	108	0.027027
140	116	0.025641
140	126	0.023810
140	138	0.032258
140	142	0.025641
140	144	0.028571
140	158	0.027027
140	170	0.027027
140	207	0.038462
140	221	0.041667
140	238	0.043478
140	240	0.032258
140	254	0.040000
140	256	0.034483
140	263	0.037037
140	274	0.041667
140	283	0.035714
140	311	0.045455
140	362	0.052632
140	382	0.045455
140	411	0.050000
140	431	0.055556
141	2	0.015152
141	20	0.008403
141	25	0.008403
141	30	0.012658
141	47	0.017544
141	53	0.014493
141	54	0.021277
141	58	0.018868
141	62	0.024390
141	63	0.014493
141	86	0.017857
141	87	0.016393
141	93	0.023810
141	110	0.027778
141	117	0.020408
141	122	0.026316
141	132	0.030303
141	137	0.030303
141	182	0.037037
141	215	0.038462
141	258	0.047619
141	285	0.043478
141	308	0.052632
141	331	0.050000
141	341	0.041667
141	358	0.041667
141	400	0.055556
141	418	0.055556
141	426	0.055556
142	0	0.007246
142	7	0.015873
142	19	0.008264
142	26	0.009434
142	31	0.009901
142	33	0.010638
142	44	0.012500
142	47	0.017544
142	51	0.016393
142	63	0.014493
142	70	0.019231
142	81	0.020833
142	84	0.020833
142	87	0.016393
142	96	0.025641
142	112	0.019608
142	128	0.023810
142	140	0.027778
142	159	0.034483
142	172	0.033333
142	190	0.027778
142	192	0.027778
142	196	0.037037
142	209	0.035714
142	240	0.032258
142	241	0.045455
142	252	0.035714
142	302	0.037037
142	319	0.037037
142	332	0.047619
142	339	0.052632
142	353	0.047619
142	365	0.045455
142	374	0.045455
142	411	0.050000
142	418	0.055556
142	448	0.055556
142	454	0.055556
142	457	0.055556
143	6	0.009524
143	7	0.015873
143	17	0.011364
143	21	0.010417
143	25	0.008403
143	33	0.010638
143	39	0.008696
143	41	0.012048
143	49	0.014085
143	61	0.016949
143	77	0.020408
143	78	0.018868
143	80	0.022222
143	82	0.027027
143	85	0.016393
143	90	0.016667
143	103	0.030303
143	135	0.028571
143	145	0.025000
143	152	0.034483
143	166	0.034483
143	169	0.037037
143	184	0.035714
143	224	0.034483
143	227	0.037037
143	275	0.047619
143	329	0.050000
143	383	0.047619
143	385	0.052632
143	397	0.052632
143	409	0.055556
143	436	0.050000
143	456	0.055556
144	8	0.016667
144	11	0.018868
144	20	0.008403
144	23	0.008197
144	24	0.007246
144	29	0.011494
144	32	0.008333
144	33	0.010638
144	41	0.012048
144	48	0.016393
144	71	0.014925
144	81	0.020833
144	93	0.023810
144	94	0.030303
144	96	0.025641
144	107	0.024390
144	135	0.028571
144	140	0.027778
144	147	0.034483
144	157	0.028571
144	182	0.037037
144	184	0.035714
144	237	0.040000
144	253	0.043478
144	317	0.045455
144	331	0.050000
144	333	0.045455
144	340	0.043478
144	352	0.050000
144	357	0.052632
144	362	0.052632
144	387	0.052632
144	395	0.055556
144	401	0.050000
144	422	0.052632
145	2	0.015152
145	3	0.016129
145	6	0.009524
145	9	0.009434
145	22	0.006369
145	26	0.009434
145	28	0.008000
145	31	0.009901
145	34	0.009174
145	37	0.016393
145	46	0.012346
145	52	0.013333
145	63	0.014493
145	87	0.016393
145	91	0.020833
145	106	0.027778
145	124	0.027778
145	143	0.030303
145	154	0.032258
145	161	0.037037
145	164	0.023256
145	165	0.035714
145	185	0.037037
145	197	0.037037
145	198	0.038462
145	199	0.040000
145	210	0.035714
145	246	0.035714
145	264	0.035714
145	310	0.041667
145	315	0.045455
145	323	0.047619
145	327	0.045455
145	332	0.047619
145	348	0.047619
145	353	0.047619
145	370	0.047619
145	392	0.055556
145	441	0.052632
145	445	0.052632
146	3	0.016129
146	17	0.011364
146	21	0.010417
146	32	0.008333
146	46	0.012346
146	52	0.013333
146	55	0.019231
146	64	0.018519
146	80	0.022222
146	84	0.020833
146	91	0.020833
146	99	0.024390
146	111	0.029412
146	114	0.021739
146	118	0.021739
146	129	0.035714
146	132	0.030303
146	136	0.029412
146	175	0.041667
146	221	0.041667
146	235	0.040000
146	249	0.033333
146	250	0.040000
146	251	0.043478
146	301	0.040000
146	302	0.037037
146	342	0.041667
146	344	0.052632
146	374	0.045455
147	17	0.011364
147	20	0.008403
147	27	0.010417
147	32	0.008333
147	42	0.013333
147	43	0.011905
147	44	0.012500
147	68	0.020408
147	70	0.019231
147	76	0.018868
147	89	0.020833
147	92	0.022222
147	107	0.024390
147	109	0.025000
147	118	0.021739
147	124	0.027778
147	130	0.030303
147	144	0.028571
147	148	0.027027
147	149	0.037037
147	156	0.029412
147	166	0.034483
147	195	0.037037
147	209	0.035714
147	225	0.034483
147	289	0.041667
147	398	0.055556
147	415	0.055556
147	452	0.055556
148	0	0.007246
148	2	0.015152
148	11	0.018868
148	12	0.015385
148	21	0.010417
148	26	0.009434
148	28	0.008000
148	32	0.008333
148	33	0.010638
148	45	0.012500
148	68	0.020408
148	77	0.020408
148	97	0.027027
148	108	0.027027
148	124	0.027778
148	127	0.027027
148	128	0.023810
148	147	0.034483
148	161	0.037037
148	173	0.043478
148	196	0.037037
148	206	0.034483
148	213	0.037037
148	218	0.038462
148	249	0.033333
148	260	0.032258
148	276	0.047619
148	304	0.038462
148	326	0.050000
148	335	0.050000
148	336	0.052632
148	342	0.041667
148	365	0.045455
148	374	0.045455
148	422	0.052632
148	436	0.050000
148	456	0.055556
149	6	0.009524
149	9	0.009434
149	19	0.008264
149	27	0.010417
149	29	0.011494
149	30	0.012658
149	39	0.008696
149	41	0.012048
149	43	0.011905
149	51	0.016393
149	55	0.019231
149	58	0.018868
149	59	0.020000
149	74	0.020833
149	81	0.020833
149	98	0.023810
149	99	0.024390
149	147	0.034483
149	205	0.041667
149	209	0.035714
149	249	0.033333
149	250	0.040000
149	320	0.052632
149	329	0.050000
149	355	0.047619
149	399	0.050000
149	456	0.055556
150	13	0.025641
150	22	0.006369
150	27	0.010417
150	35	0.015385
150	36	0.011236
150	44	0.012500
150	46	0.012346
150	49	0.014085
150	53	0.014493
150	54	0.021277
150	61	0.016949
150	66	0.023810
150	74	0.020833
150	89	0.020833
150	97	0.027027
150	98	0.023810
150	109	0.025000
150	136	0.029412
150	158	0.027027
150	171	0.034483
150	177	0.028571
150	199	0.040000
150	236	0.043478
150	248	0.035714
150	260	0.032258
150	267	0.047619
150	282	0.045455
150	337	0.047619
150	342	0.041667
150	405	0.052632
150	411	0.050000
150	424	0.052632
150	437	0.050000
151	6	0.009524
151	7	0.015873
151	9	0.009434
151	14	0.017857
151	27	0.010417
151	29	0.011494
151	30	0.012658
151	32	0.008333
151	39	0.008696
151	41	0.012048
151	44	0.012500
151	53	0.014493
151	56	0.014286
151	65	0.019608
151	69	0.014286
151	70	0.019231
151	98	0.023810
151	134	0.035714
151	161	0.037037
151	170	0.027027
151	177	0.028571
151	202	0.035714
151	232	0.035714
151	233	0.040000
151	266	0.050000
151	274	0.041667
151	292	0.052632
151	320	0.052632
151	322	0.047619
151	334	0.050000
151	338	0.045455
151	340	0.043478
151	354	0.050000
151	390	0.052632
151	420	0.055556
151	430	0.055556
151	444	0.052632
152	9	0.009434
152	12	0.015385
152	19	0.008264
152	21	0.010417
152	22	0.006369
152	24	0.007246
152	27	0.010417
152	42	0.013333
152	50	0.015873
152	52	0.013333
152	61	0.016949
152	76	0.018868
152	79	0.016667
152	80	0.022222
152	104	0.020833
152	119	0.023810
152	126	0.023810
152	143	0.030303
152	166	0.034483
152	188	0.034483
152	207	0.038462
152	210	0.035714
152	248	0.035714
152	318	0.041667
152	325	0.050000
152	340	0.043478
152	382	0.045455
152	397	0.052632
152	446	0.055556
153	6	0.009524
153	9	0.009434
153	13	0.025641
153	28	0.008000
153	30	0.012658
153	32	0.008333
153	42	0.013333
153	49	0.014085
153	51	0.016393
153	53	0.014493
153	63	0.014493
153	74	0.020833
153	107	0.024390
153	113	0.030303
153	117	0.020408
153	121	0.031250
153	123	0.023810
153	126	0.023810
153	182	0.037037
153	191	0.030303
153	218	0.038462
153	234	0.045455
153	245	0.047619
153	255	0.037037
153	276	0.047619
153	280	0.045455
153	316	0.045455
153	360	0.047619
153	365	0.045455
153	373	0.050000
153	386	0.045455
153	412	0.055556
153	413	0.055556
154	0	0.007246
154	4	0.018519
154	5	0.016949
154	13	0.025641
154	22	0.006369
154	23	0.008197
154	28	0.008000
154	30	0.012658
154	38	0.010417
154	68	0.020408
154	69	0.014286
154	77	0.020408
154	106	0.027778
154	109	0.025000
154	112	0.019608
154	115	0.027778
154	120	0.028571
154	145	0.025000
154	155	0.026316
154	172	0.033333
154	179	0.032258
154	206	0.034483
154	207	0.038462
154	210	0.035714
154	217	0.035714
154	239	0.031250
154	246	0.035714
154	294	0.047619
154	298	0.041667
154	380	0.052632
154	413	0.055556
155	6	0.009524
155	19	0.008264
155	22	0.006369
155	23	0.008197
155	27	0.010417
155	42	0.013333
155	48	0.016393
155	49	0.014085
155	65	0.019608
155	69	0.014286
155	74	0.020833
155	84	0.020833
155	90	0.016667
155	117	0.020408
155	123	0.023810
155	124	0.027778
155	130	0.030303
155	154	0.032258
155	166	0.034483
155	169	0.037037
155	170	0.027027
155	175	0.041667
155	185	0.037037
155	194	0.040000
155	203	0.033333
155	210	0.035714
155	239	0.031250
155	243	0.043478
155	250	0.040000
155	279	0.041667
155	298	0.041667
155	319	0.037037
155	326	0.050000
155	339	0.052632
155	345	0.045455
155	350	0.038462
155	405	0.052632
155	419	0.055556
156	0	0.007246
156	22	0.006369
156	24	0.007246
156	29	0.011494
156	34	0.009174
156	46	0.012346
156	51	0.016393
156	56	0.014286
156	67	0.018182
156	72	0.031250
156	90	0.016667
156	98	0.023810
156	100	0.021739
156	101	0.021277
156	117	0.020408
156	131	0.022222
156	134	0.035714
156	147	0.034483
156	168	0.031250
156	183	0.035714
156	186	0.025000
156	199	0.040000
156	224	0.034483
156	236	0.043478
156	244	0.040000
156	255	0.037037
156	279	0.041667
156	288	0.040000
156	291	0.050000
156	324	0.043478
156	419	0.055556
156	423	0.055556
156	426	0.055556
156	448	0.055556
157	3	0.016129
157	17	0.011364
157	22	0.006369
157	32	0.008333
157	33	0.010638
157	39	0.008696
157	42	0.013333
157	46	0.012346
157	51	0.016393
157	61	0.016949
157	63	0.014493
157	78	0.018868
157	86	0.017857
157	88	0.031250
157	95	0.015873
157	111	0.029412
157	132	0.030303
157	144	0.028571
157	162	0.032258
157	171	0.034483
157	200	0.038462
157	207	0.038462
157	208	0.026316
157	228	0.047619
157	242	0.050000
157	266	0.050000
157	270	0.045455
157	309	0.040000
157	315	0.045455
157	345	0.045455
157	350	0.038462
157	367	0.047619
157	368	0.052632
157	428	0.052632
157	431	0.055556
158	6	0.009524
158	10	0.019608
158	18	0.023810
158	24	0.007246
158	26	0.009434
158	37	0.016393
158	39	0.008696
158	42	0.013333
158	52	0.013333
158	67	0.018182
158	73	0.016949
158	79	0.016667
158	95	0.015873
158	102	0.028571
158	114	0.021739
158	117	0.020408
158	140	0.027778
158	150	0.030303
158	159	0.034483
158	196	0.037037
158	201	0.034483
158	203	0.033333
158	209	0.035714
158	247	0.041667
158	251	0.043478
158	260	0.032258
158	271	0.043478
158	276	0.047619
158	342	0.041667
158	357	0.052632
158	372	0.050000
158	380	0.052632
158	399	0.050000
158	412	0.055556
158	423	0.055556
158	438	0.052632
158	449	0.055556
159	0	0.007246
159	23	0.008197
159	25	0.008403
159	26	0.009434
159	28	0.008000
159	40	0.012987
159	42	0.013333
159	49	0.014085
159	50	0.015873
159	57	0.021277
159	72	0.031250
159	76	0.018868
159	94	0.030303
159	100	0.021739
159	121	0.031250
159	139	0.028571
159	142	0.025641
159	158	0.027027
159	165	0.035714
159	201	0.034483
159	203	0.033333
159	214	0.038462
159	277	0.043478
159	290	0.052632
159	314	0.047619
159	336	0.052632
159	337	0.047619
159	368	0.052632
159	448	0.055556
160	0	0.007246
160	3	0.016129
160	22	0.006369
160	26	0.009434
160	27	0.010417
160	28	0.008000
160	30	0.012658
160	31	0.009901
160	35	0.015385
160	49	0.014085
160	59	0.020000
160	78	0.018868
160	83	0.022222
160	90	0.016667
160	95	0.015873
160	102	0.028571
160	109	0.025000
160	131	0.022222
160	183	0.035714
160	186	0.025000
160	197	0.037037
160	218	0.038462
160	219	0.038462
160	220	0.043478
160	222	0.037037
160	224	0.034483
160	246	0.035714
160	275	0.047619
160	280	0.045455
160	291	0.050000
160	309	0.040000
160	320	0.052632
160	337	0.047619
160	350	0.038462
160	353	0.047619
160	394	0.047619
160	414	0.055556
160	440	0.055556
161	6	0.009524
161	9	0.009434
161	11	0.018868
161	18	0.023810
161	24	0.007246
161	25	0.008403
161	38	0.010417
161	41	0.012048
161	43	0.011905
161	49	0.014085
161	50	0.015873
161	84	0.020833
161	112	0.019608
161	127	0.027027
161	128	0.023810
161	145	0.025000
161	148	0.027027
161	151	0.027027
161	181	0.032258
161	186	0.025000
161	207	0.038462
161	227	0.037037
161	277	0.043478
161	355	0.047619
161	362	0.052632
161	377	0.050000
161	399	0.050000
162	0	0.007246
162	11	0.018868
162	23	0.008197
162	28	0.008000
162	29	0.011494
162	30	0.012658
162	35	0.015385
162	50	0.015873
162	67	0.018182
162	76	0.018868
162	86	0.017857
162	93	0.023810
162	95	0.015873
162	97	0.027027
162	100	0.021739
162	117	0.020408
162	118	0.021739
162	157	0.028571
162	183	0.035714
162	206	0.034483
162	218	0.038462
162	229	0.045455
162	262	0.038462
162	293	0.045455
162	303	0.041667
162	345	0.045455
162	361	0.041667
162	365	0.045455
162	393	0.052632
162	404	0.050000
162	451	0.052632
163	0	0.007246
163	1	0.018519
163	19	0.008264
163	33	0.010638
163	34	0.009174
163	36	0.011236
163	41	0.012048
163	48	0.016393
163	50	0.015873
163	54	0.021277
163	65	0.019608
163	83	0.022222
163	86	0.017857
163	89	0.020833
163	92	0.022222
163	94	0.030303
163	97	0.027027
163	118	0.021739
163	176	0.040000
163	210	0.035714
163	229	0.045455
163	246	0.035714
163	280	0.045455
163	284	0.040000
163	295	0.043478
163	309	0.040000
163	313	0.045455
163	325	0.050000
163	361	0.041667
163	375	0.050000
163	386	0.045455
163	411	0.050000
163	414	0.055556
163	425	0.047619
163	436	0.050000
163	442	0.055556
164	1	0.018519
164	21	0.010417
164	22	0.006369
164	23	0.008197
164	34	0.009174
164	39	0.008696
164	48	0.016393
164	54	0.021277
164	59	0.020000
164	63	0.014493
164	70	0.019231
164	86	0.017857
164	87	0.016393
164	94	0.030303
164	101	0.021277
164	107	0.024390
164	116	0.025641
164	145	0.025000
164	176	0.040000
164	179	0.032258
164	190	0.027778
164	196	0.037037
164	202	0.035714
164	218	0.038462
164	223	0.043478
164	225	0.034483
164	226	0.045455
164	233	0.040000
164	249	0.033333
164	273	0.047619
164	280	0.045455
164	284	0.040000
164	303	0.041667
164	344	0.052632
164	345	0.045455
164	354	0.050000
164	356	0.040000
164	363	0.050000
164	380	0.052632
164	411	0.050000
164	422	0.052632
164	445	0.052632
164	456	0.055556
165	7	0.015873
165	14	0.017857
165	15	0.020408
165	17	0.011364
165	20	0.008403
165	21	0.010417
165	28	0.008000
165	33	0.010638
165	39	0.008696
165	47	0.017544
165	63	0.014493
165	80	0.022222
165	83	0.022222
165	111	0.029412
165	128	0.023810
165	134	0.035714
165	145	0.025000
165	159	0.034483
165	172	0.033333
165	202	0.035714
165	207	0.038462
165	220	0.043478
165	294	0.047619
165	346	0.040000
165	367	0.047619
165	369	0.045455
165	418	0.055556
165	446	0.055556
166	13	0.025641
166	19	0.008264
166	22	0.006369
166	26	0.009434
166	39	0.008696
166	46	0.012346
166	52	0.013333
166	53	0.014493
166	54	0.021277
166	66	0.023810
166	67	0.018182
166	84	0.020833
166	96	0.025641
166	126	0.023810
166	143	0.030303
166	147	0.034483
166	152	0.034483
166	155	0.026316
166	191	0.030303
166	228	0.047619
166	229	0.045455
166	254	0.040000
166	284	0.040000
166	302	0.037037
166	324	0.043478
166	334	0.050000
166	353	0.047619
166	355	0.047619
166	412	0.055556
167	0	0.007246
167	2	0.015152
167	6	0.009524
167	8	0.016667
167	9	0.009434
167	12	0.015385
167	19	0.008264
167	22	0.006369
167	26	0.009434
167	27	0.010417
167	39	0.008696
167	40	0.012987
167	41	0.012048
167	57	0.021277
167	63	0.014493
167	77	0.020408
167	90	0.016667
167	114	0.021739
167	174	0.034483
167	211	0.033333
167	217	0.035714
167	224	0.034483
167	238	0.043478
167	249	0.033333
167	259	0.033333
167	375	0.050000
167	377	0.050000
167	397	0.052632
168	6	0.009524
168	19	0.008264
168	20	0.008403
168	21	0.010417
168	23	0.008197
168	32	0.008333
168	34	0.009174
168	36	0.011236
168	37	0.016393
168	38	0.010417
168	51	0.016393
168	80	0.022222
168	85	0.016393
168	96	0.025641
168	104	0.020833
168	130	0.030303
168	131	0.022222
168	156	0.029412
168	186	0.025000
168	205	0.041667
168	237	0.040000
168	258	0.047619
168	306	0.050000
168	316	0.045455
168	371	0.052632
168	376	0.050000
168	386	0.045455
168	402	0.055556
168	406	0.052632
168	424	0.052632
168	425	0.047619
168	430	0.055556
169	16	0.037037
169	25	0.008403
169	29	0.011494
169	38	0.010417
169	39	0.008696
169	47	0.017544
169	61	0.016949
169	66	0.023810
169	71	0.014925
169	83	0.022222
169	87	0.016393
169	91	0.020833
169	104	0.020833
169	106	0.027778
169	120	0.028571
169	123	0.023810
169	143	0.030303
169	155	0.026316
169	170	0.027027
169	184	0.035714
169	189	0.033333
169	298	0.041667
169	369	0.045455
169	384	0.052632
169	401	0.050000
169	406	0.052632
169	428	0.052632
170	10	0.019608
170	11	0.018868
170	16	0.037037
170	26	0.009434
170	41	0.012048
170	50	0.015873
170	51	0.016393
170	52	0.013333
170	59	0.020000
170	67	0.018182
170	99	0.024390
170	111	0.029412
170	116	0.025641
170	130	0.030303
170	140	0.027778
170	151	0.027027
170	155	0.026316
170	169	0.037037
170	185	0.037037
170	205	0.041667
170	228	0.047619
170	240	0.032258
170	242	0.050000
170	253	0.043478
170	256	0.034483
170	262	0.038462
170	269	0.035714
170	274	0.041667
170	278	0.047619
170	279	0.041667
170	283	0.035714
170	328	0.050000
170	377	0.050000
170	401	0.050000
170	402	0.055556
170	416	0.050000
170	440	0.055556
171	2	0.015152
171	5	0.016949
171	22	0.006369
171	23	0.008197
171	26	0.009434
171	41	0.012048
171	48	0.016393
171	56	0.014286
171	63	0.014493
171	68	0.020408
171	70	0.019231
171	73	0.016949
171	78	0.018868
171	97	0.027027
171	128	0.023810
171	136	0.029412
171	150	0.030303
171	157	0.028571
171	195	0.037037
171	226	0.045455
171	227	0.037037
171	235	0.040000
171	264	0.035714
171	267	0.047619
171	319	0.037037
171	363	0.050000
171	372	0.050000
171	421	0.052632
171	456	0.055556
172	5	0.016949
172	7	0.015873
172	13	0.025641
172	22	0.006369
172	24	0.007246
172	25	0.008403
172	32	0.008333
172	37	0.016393
172	47	0.017544
172	48	0.016393
172	56	0.014286
172	71	0.014925
172	79	0.016667
172	85	0.016393
172	115	0.027778
172	142	0.025641
172	154	0.032258
172	165	0.035714
172	173	0.043478
172	177	0.028571
172	178	0.030303
172	193	0.037037
172	204	0.037037
172	243	0.043478
172	266	0.050000
172	269	0.035714
172	311	0.045455
172	332	0.047619
172	366	0.052632
172	394	0.047619
173	11	0.018868
173	20	0.008403
173	28	0.008000
173	32	0.008333
173	36	0.011236
173	40	0.012987
173	42	0.013333
173	50	0.015873
173	59	0.020000
173	71	0.014925
173	76	0.018868
173	95	0.015873
173	97	0.027027
173	113	0.030303
173	117	0.020408
173	119	0.023810
173	148	0.027027
173	172	0.033333
173	219	0.038462
173	271	0.043478
173	326	0.050000
173	409	0.055556
173	438	0.052632
174	0	0.007246
174	19	0.008264
174	24	0.007246
174	25	0.008403
174	26	0.009434
174	33	0.010638
174	39	0.008696
174	44	0.012500
174	48	0.016393
174	58	0.018868
174	63	0.014493
174	71	0.014925
174	79	0.016667
174	86	0.017857
174	104	0.020833
174	124	0.027778
174	139	0.028571
174	167	0.035714
174	205	0.041667
174	206	0.034483
174	221	0.041667
174	234	0.045455
174	248	0.035714
174	250	0.040000
174	264	0.035714
174	287	0.052632
174	326	0.050000
174	358	0.041667
174	453	0.055556
175	9	0.009434
175	14	0.017857
175	20	0.008403
175	28	0.008000
175	30	0.012658
175	38	0.010417
175	45	0.012500
175	56	0.014286
175	60	0.022222
175	65	0.019608
175	69	0.014286
175	97	0.027027
175	107	0.024390
175	110	0.027778
175	115	0.027778
175	133	0.025000
175	146	0.034483
175	155	0.026316
175	178	0.030303
175	191	0.030303
175	193	0.037037
175	241	0.045455
175	328	0.050000
175	330	0.047619
176	0	0.007246
176	6	0.009524
176	22	0.006369
176	34	0.009174
176	35	0.015385
176	46	0.012346
176	47	0.017544
176	49	0.014085
176	73	0.016949
176	76	0.018868
176	79	0.016667
176	83	0.022222
176	89	0.020833
176	95	0.015873
176	104	0.020833
176	123	0.023810
176	163	0.027778
176	164	0.023256
176	178	0.030303
176	189	0.033333
176	220	0.043478
176	224	0.034483
176	300	0.038462
176	345	0.045455
176	385	0.052632
177	6	0.009524
177	10	0.019608
177	14	0.017857
177	21	0.010417
177	28	0.008000
177	53	0.014493
177	56	0.014286
177	62	0.024390
177	73	0.016949
177	80	0.022222
177	90	0.016667
177	100	0.021739
177	118	0.021739
177	125	0.033333
177	126	0.023810
177	150	0.030303
177	151	0.027027
177	172	0.033333
177	180	0.031250
177	184	0.035714
177	242	0.050000
177	281	0.047619
177	294	0.047619
177	296	0.043478
177	307	0.043478
177	322	0.047619
177	328	0.050000
177	347	0.047619
177	351	0.050000
177	377	0.050000
177	383	0.047619
177	389	0.050000
177	422	0.052632
177	445	0.052632
177	452	0.055556
178	3	0.016129
178	5	0.016949
178	24	0.007246
178	27	0.010417
178	28	0.008000
178	34	0.009174
178	43	0.011905
178	46	0.012346
178	57	0.021277
178	61	0.016949
178	73	0.016949
178	77	0.020408
178	117	0.020408
178	119	0.023810
178	131	0.022222
178	172	0.033333
178	175	0.041667
178	176	0.040000
178	185	0.037037
178	189	0.033333
178	192	0.027778
178	232	0.035714
178	241	0.045455
178	266	0.050000
178	300	0.038462
178	317	0.045455
178	319	0.037037
178	327	0.045455
178	350	0.038462
178	397	0.052632
178	410	0.050000
178	437	0.050000
178	452	0.055556
179	22	0.006369
179	24	0.007246
179	25	0.008403
179	28	0.008000
179	30	0.012658
179	31	0.009901
179	34	0.009174
179	35	0.015385
179	36	0.011236
179	67	0.018182
179	82	0.027027
179	86	0.017857
179	107	0.024390
179	118	0.021739
179	125	0.033333
179	128	0.023810
179	154	0.032258
179	164	0.023256
179	210	0.035714
179	244	0.040000
179	282	0.045455
179	305	0.050000
179	315	0.045455
179	320	0.052632
179	333	0.045455
179	338	0.045455
179	376	0.050000
179	381	0.052632
179	388	0.050000
179	394	0.047619
179	400	0.055556
180	6	0.009524
180	8	0.016667
180	12	0.015385
180	23	0.008197
180	28	0.008000
180	34	0.009174
180	35	0.015385
180	39	0.008696
180	42	0.013333
180	43	0.011905
180	60	0.022222
180	63	0.014493
180	64	0.018519
180	100	0.021739
180	107	0.024390
180	114	0.021739
180	126	0.023810
180	177	0.028571
180	184	0.035714
180	197	0.037037
180	203	0.033333
180	252	0.035714
180	280	0.045455
180	297	0.050000
180	335	0.050000
180	341	0.041667
180	343	0.041667
180	367	0.047619
180	374	0.045455
180	414	0.055556
180	428	0.052632
180	451	0.052632
181	3	0.016129
181	12	0.015385
181	30	0.012658
181	32	0.008333
181	41	0.012048
181	50	0.015873
181	52	0.013333
181	64	0.018519
181	68	0.020408
181	69	0.014286
181	71	0.014925
181	80	0.022222
181	87	0.016393
181	111	0.029412
181	117	0.020408
181	120	0.028571
181	130	0.030303
181	161	0.037037
181	235	0.040000
181	255	0.037037
181	257	0.034483
181	293	0.045455
181	295	0.043478
181	359	0.055556
181	372	0.050000
181	401	0.050000
181	404	0.050000
181	420	0.055556
181	421	0.052632
181	442	0.055556
181	450	0.052632
182	22	0.006369
182	32	0.008333
182	38	0.010417
182	46	0.012346
182	53	0.014493
182	56	0.014286
182	63	0.014493
182	73	0.016949
182	76	0.018868
182	85	0.016393
182	98	0.023810
182	109	0.025000
182	117	0.020408
182	118	0.021739
182	137	0.030303
182	141	0.034483
182	144	0.028571
182	153	0.030303
182	219	0.038462
182	243	0.043478
182	247	0.041667
182	296	0.043478
182	301	0.040000
182	312	0.043478
182	351	0.050000
182	414	0.055556
182	430	0.055556
183	0	0.007246
183	2	0.015152
183	28	0.008000
183	29	0.011494
183	31	0.009901
183	39	0.008696
183	52	0.013333
183	53	0.014493
183	59	0.020000
183	78	0.018868
183	87	0.016393
183	95	0.015873
183	103	0.030303
183	135	0.028571
183	136	0.029412
183	156	0.029412
183	160	0.026316
183	162	0.032258
183	195	0.037037
183	257	0.034483
183	261	0.045455
183	283	0.035714
183	324	0.043478
183	327	0.045455
183	352	0.050000
183	384	0.052632
183	419	0.055556
183	432	0.052632
184	0	0.007246
184	7	0.015873
184	23	0.008197
184	26	0.009434
184	27	0.010417
184	29	0.011494
184	45	0.012500
184	51	0.016393
184	53	0.014493
184	63	0.014493
184	78	0.018868
184	90	0.016667
184	117	0.020408
184	143	0.030303
184	144	0.028571
184	169	0.037037
184	177	0.028571
184	180	0.031250
184	186	0.025000
184	211	0.033333
184	299	0.047619
184	300	0.038462
184	324	0.043478
184	341	0.041667
184	355	0.047619
184	414	0.055556
184	419	0.055556
184	436	0.050000
185	0	0.007246
185	15	0.020408
185	17	0.011364
185	20	0.008403
185	21	0.010417
185	22	0.006369
185	24	0.007246
185	28	0.008000
185	43	0.011905
185	51	0.016393
185	69	0.014286
185	73	0.016949
185	90	0.016667
185	132	0.030303
185	145	0.025000
185	155	0.026316
185	170	0.027027
185	178	0.030303
185	214	0.038462
185	253	0.043478
185	317	0.045455
185	339	0.052632
185	341	0.041667
185	379	0.047619
185	409	0.055556
185	417	0.052632
185	430	0.055556
186	1	0.018519
186	19	0.008264
186	21	0.010417
186	23	0.008197
186	46	0.012346
186	56	0.014286
186	61	0.016949
186	82	0.027027
186	83	0.022222
186	85	0.016393
186	89	0.020833
186	130	0.030303
186	135	0.028571
186	156	0.029412
186	160	0.026316
186	161	0.037037
186	168	0.031250
186	184	0.035714
186	200	0.038462
186	211	0.033333
186	223	0.043478
186	226	0.045455
186	232	0.035714
186	233	0.040000
186	237	0.040000
186	245	0.047619
186	250	0.040000
186	256	0.034483
186	261	0.045455
186	273	0.047619
186	277	0.043478
186	294	0.047619
186	295	0.043478
186	300	0.038462
186	325	0.050000
186	355	0.047619
186	365	0.045455
186	366	0.052632
186	418	0.055556
186	454	0.055556
187	6	0.009524
187	9	0.009434
187	18	0.023810
187	22	0.006369
187	24	0.007246
187	27	0.010417
187	28	0.008000
187	34	0.009174
187	44	0.012500
187	50	0.015873
187	68	0.020408
187	70	0.019231
187	71	0.014925
187	79	0.016667
187	83	0.022222
187	112	0.019608
187	128	0.023810
187	137	0.030303
187	193	0.037037
187	210	0.035714
187	213	0.037037
187	217	0.035714
187	229	0.045455
187	253	0.043478
187	272	0.047619
187	339	0.052632
187	347	0.047619
187	356	0.040000
187	388	0.050000
187	414	0.055556
187	439	0.055556
187	441	0.052632
188	9	0.009434
188	10	0.019608
188	17	0.011364
188	25	0.008403
188	27	0.010417
188	28	0.008000
188	31	0.009901
188	34	0.009174
188	46	0.012346
188	52	0.013333
188	62	0.024390
188	68	0.020408
188	73	0.016949
188	86	0.017857
188	88	0.031250
188	90	0.016667
188	133	0.025000
188	152	0.034483
188	191	0.030303
188	202	0.035714
188	250	0.040000
188	259	0.033333
188	260	0.032258
188	267	0.047619
188	300	0.038462
188	315	0.045455
188	350	0.038462
188	396	0.052632
188	456	0.055556
189	2	0.015152
189	26	0.009434
189	27	0.010417
189	35	0.015385
189	41	0.012048
189	46	0.012346
189	56	0.014286
189	71	0.014925
189	74	0.020833
189	79	0.016667
189	86	0.017857
189	93	0.023810
189	99	0.024390
189	133	0.025000
189	135	0.028571
189	169	0.037037
189	176	0.040000
189	178	0.030303
189	199	0.040000
189	211	0.033333
189	230	0.041667
189	265	0.043478
189	274	0.041667
189	277	0.043478
189	279	0.041667
189	318	0.041667
189	368	0.052632
189	415	0.055556
189	421	0.052632
189	431	0.055556
190	6	0.009524
190	17	0.011364
190	25	0.008403
190	26	0.009434
190	28	0.008000
190	34	0.009174
190	37	0.016393
190	43	0.011905
190	50	0.015873
190	59	0.020000
190	62	0.024390
190	65	0.019608
190	73	0.016949
190	108	0.027027
190	120	0.028571
190	126	0.023810
190	142	0.025641
190	164	0.023256
190	192	0.027778
190	206	0.034483
190	211	0.033333
190	245	0.047619
190	254	0.040000
190	269	0.035714
190	279	0.041667
190	298	0.041667
190	300	0.038462
190	310	0.041667
190	317	0.045455
190	321	0.045455
190	355	0.047619
190	356	0.040000
190	373	0.050000
190	407	0.055556
190	416	0.050000
190	453	0.055556
191	9	0.009434
191	17	0.011364
191	22	0.006369
191	24	0.007246
191	26	0.009434
191	32	0.008333
191	34	0.009174
191	38	0.010417
191	45	0.012500
191	47	0.017544
191	51	0.016393
191	54	0.021277
191	69	0.014286
191	101	0.021277
191	153	0.030303
191	166	0.034483
191	175	0.041667
191	188	0.034483
191	219	0.038462
191	253	0.043478
191	255	0.037037
191	278	0.047619
191	294	0.047619
191	313	0.045455
191	319	0.037037
191	320	0.052632
191	357	0.052632
191	366	0.052632
191	399	0.050000
191	406	0.052632
191	412	0.055556
191	441	0.052632
191	456	0.055556
192	12	0.015385
192	16	0.037037
192	25	0.008403
192	30	0.012658
192	31	0.009901
192	33	0.010638
192	41	0.012048
192	43	0.011905
192	65	0.019608
192	89	0.020833
192	93	0.023810
192	95	0.015873
192	114	0.021739
192	135	0.028571
192	137	0.030303
192	142	0.025641
192	178	0.030303
192	190	0.027778
192	211	0.033333
192	220	0.043478
192	229	0.045455
192	236	0.043478
192	250	0.040000
192	257	0.034483
192	271	0.043478
192	273	0.047619
192	283	0.035714
192	288	0.040000
192	319	0.037037
192	335	0.050000
192	339	0.052632
192	343	0.041667
192	352	0.050000
192	423	0.055556
192	427	0.052632
192	428	0.052632
193	9	0.009434
193	21	0.010417
193	26	0.009434
193	42	0.013333
193	43	0.011905
193	46	0.012346
193	50	0.015873
193	51	0.016393
193	54	0.021277
193	68	0.020408
193	87	0.016393
193	104	0.020833
193	116	0.025641
193	122	0.026316
193	128	0.023810
193	172	0.033333
193	175	0.041667
193	187	0.031250
193	203	0.033333
193	219	0.038462
193	239	0.031250
193	314	0.047619
193	364	0.052632
193	367	0.047619
193	389	0.050000
193	408	0.052632
193	428	0.052632
194	4	0.018519
194	7	0.015873
194	9	0.009434
194	22	0.006369
194	28	0.008000
194	41	0.012048
194	46	0.012346
194	53	0.014493
194	56	0.014286
194	57	0.021277
194	69	0.014286
194	83	0.022222
194	85	0.016393
194	100	0.021739
194	126	0.023810
194	132	0.030303
194	137	0.030303
194	155	0.026316
194	262	0.038462
194	291	0.050000
194	390	0.052632
194	403	0.055556
194	419	0.055556
194	420	0.055556
194	429	0.055556
195	0	0.007246
195	9	0.009434
195	15	0.020408
195	23	0.008197
195	35	0.015385
195	36	0.011236
195	43	0.011905
195	51	0.016393
195	53	0.014493
195	63	0.014493
195	65	0.019608
195	66	0.023810
195	77	0.020408
195	90	0.016667
195	123	0.023810
195	147	0.034483
195	171	0.034483
195	183	0.035714
195	244	0.040000
195	249	0.033333
195	276	0.047619
195	280	0.045455
195	288	0.040000
195	308	0.052632
195	359	0.055556
195	368	0.052632
195	444	0.052632
196	19	0.008264
196	24	0.007246
196	30	0.012658
196	37	0.016393
196	42	0.013333
196	46	0.012346
196	57	0.021277
196	85	0.016393
196	96	0.025641
196	100	0.021739
196	113	0.030303
196	116	0.025641
196	117	0.020408
196	121	0.031250
196	142	0.025641
196	148	0.027027
196	158	0.027027
196	164	0.023256
196	207	0.038462
196	210	0.035714
196	277	0.043478
196	335	0.050000
196	347	0.047619
196	356	0.040000
196	365	0.045455
196	444	0.052632
196	451	0.052632
197	0	0.007246
197	10	0.019608
197	18	0.023810
197	19	0.008264
197	24	0.007246
197	29	0.011494
197	37	0.016393
197	39	0.008696
197	46	0.012346
197	57	0.021277
197	69	0.014286
197	76	0.018868
197	116	0.025641
197	132	0.030303
197	135	0.028571
197	145	0.025000
197	160	0.026316
197	180	0.031250
197	212	0.037037
197	225	0.034483
197	247	0.041667
197	284	0.040000
197	374	0.045455
197	406	0.052632
197	413	0.055556
197	416	0.050000
197	430	0.055556
198	4	0.018519
198	9	0.009434
198	11	0.018868
198	15	0.020408
198	17	0.011364
198	36	0.011236
198	39	0.008696
198	46	0.012346
198	48	0.016393
198	49	0.014085
198	51	0.016393
198	68	0.020408
198	85	0.016393
198	102	0.028571
198	126	0.023810
198	133	0.025000
198	139	0.028571
198	145	0.025000
198	215	0.038462
198	263	0.037037
198	308	0.052632
198	309	0.040000
198	318	0.041667
198	345	0.045455
198	446	0.055556
198	455	0.055556
199	24	0.007246
199	31	0.009901
199	32	0.008333
199	33	0.010638
199	34	0.009174
199	39	0.008696
199	40	0.012987
199	43	0.011905
199	90	0.016667
199	100	0.021739
199	102	0.028571
199	120	0.028571
199	132	0.030303
199	135	0.028571
199	145	0.025000
199	150	0.030303
199	156	0.029412
199	189	0.033333
199	244	0.040000
199	276	0.047619
199	328	0.050000
199	351	0.050000
199	356	0.040000
199	394	0.047619
199	444	0.052632
200	8	0.016667
200	9	0.009434
200	10	0.019608
200	11	0.018868
200	21	0.010417
200	25	0.008403
200	31	0.009901
200	37	0.016393
200	44	0.012500
200	45	0.012500
200	67	0.018182
200	69	0.014286
200	78	0.018868
200	92	0.022222
200	121	0.031250
200	124	0.027778
200	157	0.028571
200	186	0.025000
200	237	0.040000
200	257	0.034483
200	285	0.043478
200	315	0.045455
200	329	0.050000
200	342	0.041667
200	394	0.047619
200	449	0.055556
201	7	0.015873
201	12	0.015385
201	21	0.010417
201	31	0.009901
201	34	0.009174
201	39	0.008696
201	49	0.014085
201	68	0.020408
201	69	0.014286
201	76	0.018868
201	77	0.020408
201	83	0.022222
201	109	0.025000
201	124	0.027778
201	125	0.033333
201	133	0.025000
201	158	0.027027
201	159	0.034483
201	231	0.040000
201	251	0.043478
201	256	0.034483
201	291	0.050000
201	338	0.045455
201	345	0.045455
201	358	0.041667
201	364	0.052632
201	366	0.052632
201	416	0.050000
201	448	0.055556
202	22	0.006369
202	25	0.008403
202	31	0.009901
202	36	0.011236
202	71	0.014925
202	72	0.031250
202	86	0.017857
202	87	0.016393
202	98	0.023810
202	102	0.028571
202	114	0.021739
202	120	0.028571
202	124	0.027778
202	128	0.023810
202	151	0.027027
202	164	0.023256
202	165	0.035714
202	188	0.034483
202	216	0.033333
202	268	0.040000
202	276	0.047619
202	323	0.047619
202	334	0.050000
202	345	0.045455
202	354	0.050000
202	388	0.050000
202	412	0.055556
202	450	0.052632
203	2	0.015152
203	8	0.016667
203	10	0.019608
203	13	0.025641
203	25	0.008403
203	27	0.010417
203	34	0.009174
203	40	0.012987
203	49	0.014085
203	52	0.013333
203	66	0.023810
203	68	0.020408
203	83	0.022222
203	155	0.026316
203	158	0.027027
203	159	0.034483
203	180	0.031250
203	193	0.037037
203	208	0.026316
203	233	0.040000
203	292	0.052632
203	333	0.045455
203	336	0.052632
203	378	0.052632
203	381	0.052632
203	387	0.052632
203	395	0.055556
203	405	0.052632
203	414	0.055556
203	438	0.052632
204	0	0.007246
204	6	0.009524
204	9	0.009434
204	17	0.011364
204	26	0.009434
204	28	0.008000
204	34	0.009174
204	39	0.008696
204	42	0.013333
204	47	0.017544
204	81	0.020833
204	91	0.020833
204	93	0.023810
204	101	0.021277
204	105	0.033333
204	112	0.019608
204	116	0.025641
204	172	0.033333
204	216	0.033333
204	235	0.040000
204	240	0.032258
204	251	0.043478
204	266	0.050000
204	318	0.041667
204	346	0.040000
204	348	0.047619
204	369	0.045455
205	7	0.015873
205	12	0.015385
205	24	0.007246
205	25	0.008403
205	30	0.012658
205	34	0.009174
205	42	0.013333
205	56	0.014286
205	79	0.016667
205	87	0.016393
205	109	0.025000
205	112	0.019608
205	116	0.025641
205	121	0.031250
205	149	0.037037
205	168	0.031250
205	170	0.027027
205	174	0.034483
205	242	0.050000
205	273	0.047619
205	335	0.050000
205	372	0.050000
205	395	0.055556
205	413	0.055556
206	5	0.016949
206	6	0.009524
206	7	0.015873
206	24	0.007246
206	25	0.008403
206	28	0.008000
206	31	0.009901
206	33	0.010638
206	38	0.010417
206	100	0.021739
206	111	0.029412
206	112	0.019608
206	120	0.028571
206	148	0.027027
206	154	0.032258
206	162	0.032258
206	174	0.034483
206	190	0.027778
206	208	0.026316
206	231	0.040000
206	232	0.035714
206	234	0.045455
206	280	0.045455
206	294	0.047619
206	339	0.052632
206	342	0.041667
206	394	0.047619
206	415	0.055556
206	426	0.055556
207	24	0.007246
207	37	0.016393
207	39	0.008696
207	48	0.016393
207	50	0.015873
207	59	0.020000
207	69	0.014286
207	73	0.016949
207	99	0.024390
207	110	0.027778
207	133	0.025000
207	140	0.027778
207	152	0.034483
207	154	0.032258
207	157	0.028571
207	161	0.037037
207	165	0.035714
207	196	0.037037
207	209	0.035714
207	212	0.037037
207	267	0.047619
207	294	0.047619
207	301	0.040000
207	321	0.045455
207	334	0.050000
207	350	0.038462
208	3	0.016129
208	9	0.009434
208	12	0.015385
208	18	0.023810
208	24	0.007246
208	27	0.010417
208	31	0.009901
208	45	0.012500
208	47	0.017544
208	55	0.019231
208	78	0.018868
208	100	0.021739
208	106	0.027778
208	115	0.027778
208	132	0.030303
208	157	0.028571
208	203	0.033333
208	206	0.034483
208	223	0.043478
208	230	0.041667
208	241	0.045455
208	245	0.047619
208	264	0.035714
208	271	0.043478
208	277	0.043478
208	293	0.045455
208	302	0.037037
208	305	0.050000
208	306	0.050000
208	326	0.050000
208	333	0.045455
208	357	0.052632
208	361	0.041667
208	365	0.045455
208	392	0.055556
208	403	0.055556
208	425	0.047619
208	450	0.052632
209	5	0.016949
209	20	0.008403
209	27	0.010417
209	36	0.011236
209	46	0.012346
209	49	0.014085
209	53	0.014493
209	70	0.019231
209	91	0.020833
209	109	0.025000
209	110	0.027778
209	122	0.026316
209	136	0.029412
209	142	0.025641
209	147	0.034483
209	149	0.037037
209	158	0.027027
209	207	0.038462
209	236	0.043478
209	247	0.041667
209	272	0.047619
209	283	0.035714
209	293	0.045455
209	333	0.045455
209	370	0.047619
209	381	0.052632
209	435	0.050000
209	451	0.052632
210	6	0.009524
210	20	0.008403
210	21	0.010417
210	44	0.012500
210	52	0.013333
210	56	0.014286
210	106	0.027778
210	109	0.025000
210	121	0.031250
210	139	0.028571
210	145	0.025000
210	152	0.034483
210	154	0.032258
210	155	0.026316
210	163	0.027778
210	179	0.032258
210	187	0.031250
210	196	0.037037
210	265	0.043478
210	267	0.047619
210	274	0.041667
210	275	0.047619
210	278	0.047619
210	349	0.050000
210	364	0.052632
210	367	0.047619
210	388	0.050000
210	433	0.055556
211	14	0.017857
211	25	0.008403
211	32	0.008333
211	40	0.012987
211	43	0.011905
211	49	0.014085
211	51	0.016393
211	57	0.021277
211	71	0.014925
211	82	0.027027
211	85	0.016393
211	119	0.023810
211	167	0.035714
211	184	0.035714
211	186	0.025000
211	189	0.033333
211	190	0.027778
211	192	0.027778
211	231	0.040000
211	238	0.043478
211	241	0.045455
211	265	0.043478
211	320	0.052632
211	330	0.047619
211	334	0.050000
211	392	0.055556
211	417	0.052632
211	435	0.050000
211	437	0.050000
211	442	0.055556
212	11	0.018868
212	12	0.015385
212	45	0.012500
212	48	0.016393
212	50	0.015873
212	52	0.013333
212	53	0.014493
212	54	0.021277
212	60	0.022222
212	87	0.016393
212	102	0.028571
212	106	0.027778
212	115	0.027778
212	116	0.025641
212	123	0.023810
212	131	0.022222
212	197	0.037037
212	207	0.038462
212	220	0.043478
212	227	0.037037
212	250	0.040000
212	256	0.034483
212	351	0.050000
212	376	0.050000
212	406	0.052632
212	433	0.055556
212	446	0.055556
213	5	0.016949
213	8	0.016667
213	9	0.009434
213	19	0.008264
213	21	0.010417
213	24	0.007246
213	31	0.009901
213	36	0.011236
213	52	0.013333
213	71	0.014925
213	81	0.020833
213	95	0.015873
213	104	0.020833
213	112	0.019608
213	113	0.030303
213	127	0.027027
213	148	0.027027
213	187	0.031250
213	227	0.037037
213	243	0.043478
213	280	0.045455
213	308	0.052632
213	334	0.050000
213	341	0.041667
213	434	0.052632
213	436	0.050000
213	451	0.052632
214	0	0.007246
214	6	0.009524
214	8	0.016667
214	19	0.008264
214	21	0.010417
214	28	0.008000
214	40	0.012987
214	45	0.012500
214	56	0.014286
214	59	0.020000
214	61	0.016949
214	74	0.020833
214	87	0.016393
214	91	0.020833
214	112	0.019608
214	113	0.030303
214	159	0.034483
214	185	0.037037
214	236	0.043478
214	239	0.031250
214	253	0.043478
214	284	0.040000
214	298	0.041667
214	309	0.040000
214	401	0.050000
214	455	0.055556
215	0	0.007246
215	9	0.009434
215	19	0.008264
215	20	0.008403
215	21	0.010417
215	32	0.008333
215	43	0.011905
215	44	0.012500
215	50	0.015873
215	64	0.018519
215	68	0.020408
215	73	0.016949
215	79	0.016667
215	82	0.027027
215	101	0.021277
215	124	0.027778
215	141	0.034483
215	198	0.038462
215	239	0.031250
215	308	0.052632
215	322	0.047619
215	324	0.043478
215	342	0.041667
215	345	0.045455
215	357	0.052632
215	445	0.052632
216	0	0.007246
216	6	0.009524
216	14	0.017857
216	17	0.011364
216	20	0.008403
216	25	0.008403
216	29	0.011494
216	36	0.011236
216	43	0.011905
216	48	0.016393
216	64	0.018519
216	70	0.019231
216	97	0.027027
216	99	0.024390
216	102	0.028571
216	120	0.028571
216	202	0.035714
216	204	0.037037
216	233	0.040000
216	275	0.047619
216	303	0.041667
216	337	0.047619
216	357	0.052632
216	360	0.047619
216	378	0.052632
216	381	0.052632
216	388	0.050000
216	425	0.047619
216	430	0.055556
216	449	0.055556
217	4	0.018519
217	6	0.009524
217	21	0.010417
217	23	0.008197
217	25	0.008403
217	39	0.008696
217	42	0.013333
217	53	0.014493
217	58	0.018868
217	70	0.019231
217	76	0.018868
217	88	0.031250
217	114	0.021739
217	116	0.025641
217	132	0.030303
217	154	0.032258
217	167	0.035714
217	187	0.031250
217	224	0.034483
217	229	0.045455
217	262	0.038462
217	265	0.043478
217	361	0.041667
217	369	0.045455
217	396	0.052632
217	417	0.052632
217	429	0.055556
217	431	0.055556
218	6	0.009524
218	10	0.019608
218	13	0.025641
218	20	0.008403
218	26	0.009434
218	27	0.010417
218	45	0.012500
218	47	0.017544
218	61	0.016949
218	71	0.014925
218	76	0.018868
218	85	0.016393
218	139	0.028571
218	148	0.027027
218	153	0.030303
218	160	0.026316
218	162	0.032258
218	164	0.023256
218	237	0.040000
218	327	0.045455
218	342	0.041667
218	364	0.052632
218	372	0.050000
218	396	0.052632
218	405	0.052632
218	421	0.052632
219	19	0.008264
219	40	0.012987
219	43	0.011905
219	44	0.012500
219	53	0.014493
219	66	0.023810
219	84	0.020833
219	85	0.016393
219	109	0.025000
219	110	0.027778
219	111	0.029412
219	117	0.020408
219	125	0.033333
219	160	0.026316
219	173	0.043478
219	182	0.037037
219	191	0.030303
219	193	0.037037
219	245	0.047619
219	265	0.043478
219	305	0.050000
219	338	0.045455
219	383	0.047619
219	393	0.052632
219	411	0.050000
219	441	0.052632
220	14	0.017857
220	29	0.011494
220	49	0.014085
220	55	0.019231
220	66	0.023810
220	67	0.018182
220	72	0.031250
220	73	0.016949
220	81	0.020833
220	89	0.020833
220	101	0.021277
220	108	0.027027
220	118	0.021739
220	160	0.026316
220	165	0.035714
220	176	0.040000
220	192	0.027778
220	212	0.037037
220	309	0.040000
220	336	0.052632
220	339	0.052632
220	392	0.055556
220	431	0.055556
221	17	0.011364
221	18	0.023810
221	26	0.009434
221	40	0.012987
221	46	0.012346
221	52	0.013333
221	72	0.031250
221	93	0.023810
221	96	0.025641
221	103	0.030303
221	107	0.024390
221	112	0.019608
221	116	0.025641
221	127	0.027027
221	132	0.030303
221	140	0.027778
221	146	0.034483
221	174	0.034483
221	275	0.047619
221	316	0.045455
221	358	0.041667
221	374	0.045455
221	384	0.052632
221	418	0.055556
222	3	0.016129
222	5	0.016949
222	14	0.017857
222	17	0.011364
222	22	0.006369
222	24	0.007246
222	28	0.008000
222	29	0.011494
222	34	0.009174
222	35	0.015385
222	36	0.011236
222	43	0.011905
222	57	0.021277
222	60	0.022222
222	89	0.020833
222	117	0.020408
222	128	0.023810
222	160	0.026316
222	223	0.043478
222	231	0.040000
222	270	0.045455
222	315	0.045455
222	318	0.041667
222	366	0.052632
222	396	0.052632
222	407	0.055556
222	436	0.050000
223	4	0.018519
223	22	0.006369
223	23	0.008197
223	29	0.011494
223	33	0.010638
223	34	0.009174
223	38	0.010417
223	39	0.008696
223	45	0.012500
223	48	0.016393
223	67	0.018182
223	89	0.020833
223	90	0.016667
223	103	0.030303
223	164	0.023256
223	186	0.025000
223	208	0.026316
223	222	0.037037
223	230	0.041667
223	235	0.040000
223	259	0.033333
223	323	0.047619
223	397	0.052632
224	9	0.009434
224	17	0.011364
224	22	0.006369
224	24	0.007246
224	28	0.008000
224	29	0.011494
224	32	0.008333
224	81	0.020833
224	96	0.025641
224	98	0.023810
224	112	0.019608
224	116	0.025641
224	143	0.030303
224	156	0.029412
224	160	0.026316
224	167	0.035714
224	176	0.040000
224	217	0.035714
224	236	0.043478
224	251	0.043478
224	266	0.050000
224	274	0.041667
224	290	0.052632
224	337	0.047619
224	363	0.050000
224	369	0.045455
224	372	0.050000
224	448	0.055556
224	457	0.055556
225	1	0.018519
225	8	0.016667
225	29	0.011494
225	31	0.009901
225	39	0.008696
225	42	0.013333
225	44	0.012500
225	45	0.012500
225	58	0.018868
225	63	0.014493
225	81	0.020833
225	89	0.020833
225	95	0.015873
225	99	0.024390
225	123	0.023810
225	147	0.034483
225	164	0.023256
225	197	0.037037
225	241	0.045455
225	243	0.043478
225	245	0.047619
225	324	0.043478
225	332	0.047619
225	338	0.045455
225	361	0.041667
225	394	0.047619
225	412	0.055556
225	422	0.052632
225	424	0.052632
226	8	0.016667
226	15	0.020408
226	20	0.008403
226	23	0.008197
226	33	0.010638
226	39	0.008696
226	41	0.012048
226	44	0.012500
226	52	0.013333
226	59	0.020000
226	65	0.019608
226	66	0.023810
226	74	0.020833
226	119	0.023810
226	125	0.033333
226	164	0.023256
226	171	0.034483
226	186	0.025000
226	240	0.032258
226	242	0.050000
226	361	0.041667
226	393	0.052632
227	11	0.018868
227	20	0.008403
227	24	0.007246
227	27	0.010417
227	42	0.013333
227	47	0.017544
227	100	0.021739
227	111	0.029412
227	115	0.027778
227	117	0.020408
227	123	0.023810
227	131	0.022222
227	134	0.035714
227	143	0.030303
227	161	0.037037
227	171	0.034483
227	212	0.037037
227	213	0.037037
227	248	0.035714
227	297	0.050000
227	302	0.037037
227	314	0.047619
227	337	0.047619
227	362	0.052632
227	378	0.052632
227	424	0.052632
227	450	0.052632
228	6	0.009524
228	7	0.015873
228	8	0.016667
228	9	0.009434
228	15	0.020408
228	31	0.009901
228	32	0.008333
228	35	0.015385
228	49	0.014085
228	90	0.016667
228	92	0.022222
228	95	0.015873
228	105	0.033333
228	126	0.023810
228	139	0.028571
228	157	0.028571
228	166	0.034483
228	170	0.027027
228	390	0.052632
228	392	0.055556
228	423	0.055556
229	25	0.008403
229	30	0.012658
229	32	0.008333
229	37	0.016393
229	47	0.017544
229	54	0.021277
229	79	0.016667
229	84	0.020833
229	88	0.031250
229	92	0.022222
229	107	0.024390
229	138	0.032258
229	162	0.032258
229	163	0.027778
229	166	0.034483
229	187	0.031250
229	192	0.027778
229	217	0.035714
229	244	0.040000
229	263	0.037037
229	300	0.038462
229	425	0.047619
230	0	0.007246
230	3	0.016129
230	7	0.015873
230	26	0.009434
230	27	0.010417
230	28	0.008000
230	38	0.010417
230	74	0.020833
230	85	0.016393
230	91	0.020833
230	92	0.022222
230	101	0.021277
230	102	0.028571
230	118	0.021739
230	119	0.023810
230	189	0.033333
230	208	0.026316
230	223	0.043478
230	237	0.040000
230	252	0.035714
230	257	0.034483
230	440	0.055556
230	445	0.052632
230	451	0.052632
231	0	0.007246
231	1	0.018519
231	2	0.015152
231	12	0.015385
231	14	0.017857
231	48	0.016393
231	56	0.014286
231	58	0.018868
231	70	0.019231
231	71	0.014925
231	77	0.020408
231	97	0.027027
231	131	0.022222
231	137	0.030303
231	201	0.034483
231	206	0.034483
231	211	0.033333
231	222	0.037037
231	270	0.045455
231	280	0.045455
231	285	0.043478
231	303	0.041667
231	304	0.038462
231	319	0.037037
231	328	0.050000
232	9	0.009434
232	10	0.019608
232	14	0.017857
232	25	0.008403
232	32	0.008333
232	35	0.015385
232	39	0.008696
232	48	0.016393
232	62	0.024390
232	63	0.014493
232	83	0.022222
232	89	0.020833
232	96	0.025641
232	126	0.023810
232	151	0.027027
232	178	0.030303
232	186	0.025000
232	206	0.034483
232	244	0.040000
232	248	0.035714
232	300	0.038462
232	322	0.047619
232	325	0.050000
232	339	0.052632
232	341	0.041667
232	351	0.050000
232	371	0.052632
232	412	0.055556
233	6	0.009524
233	7	0.015873
233	9	0.009434
233	17	0.011364
233	26	0.009434
233	27	0.010417
233	28	0.008000
233	30	0.012658
233	64	0.018519
233	70	0.019231
233	94	0.030303
233	101	0.021277
233	106	0.027778
233	151	0.027027
233	164	0.023256
233	186	0.025000
233	203	0.033333
233	216	0.033333
233	243	0.043478
233	263	0.037037
233	265	0.043478
233	287	0.052632
233	302	0.037037
233	328	0.050000
233	440	0.055556
234	4	0.018519
234	8	0.016667
234	11	0.018868
234	25	0.008403
234	28	0.008000
234	34	0.009174
234	35	0.015385
234	36	0.011236
234	38	0.010417
234	51	0.016393
234	57	0.021277
234	78	0.018868
234	100	0.021739
234	111	0.029412
234	117	0.020408
234	153	0.030303
234	174	0.034483
234	206	0.034483
234	284	0.040000
234	291	0.050000
234	295	0.043478
234	364	0.052632
235	9	0.009434
235	24	0.007246
235	25	0.008403
235	29	0.011494
235	30	0.012658
235	42	0.013333
235	50	0.015873
235	61	0.016949
235	74	0.020833
235	114	0.021739
235	119	0.023810
235	134	0.035714
235	136	0.029412
235	146	0.034483
235	171	0.034483
235	181	0.032258
235	204	0.037037
235	223	0.043478
235	266	0.050000
235	303	0.041667
235	378	0.052632
235	406	0.052632
235	413	0.055556
235	435	0.050000
235	451	0.052632
236	2	0.015152
236	14	0.017857
236	26	0.009434
236	27	0.010417
236	31	0.009901
236	37	0.016393
236	38	0.010417
236	43	0.011905
236	49	0.014085
236	108	0.027027
236	116	0.025641
236	133	0.025000
236	150	0.030303
236	156	0.029412
236	192	0.027778
236	209	0.035714
236	214	0.038462
236	224	0.034483
236	267	0.047619
236	328	0.050000
236	381	0.052632
236	422	0.052632
236	451	0.052632
237	7	0.015873
237	27	0.010417
237	31	0.009901
237	32	0.008333
237	33	0.010638
237	36	0.011236
237	49	0.014085
237	52	0.013333
237	85	0.016393
237	91	0.020833
237	103	0.030303
237	118	0.021739
237	144	0.028571
237	168	0.031250
237	186	0.025000
237	200	0.038462
237	218	0.038462
237	230	0.041667
237	286	0.047619
237	294	0.047619
237	307	0.043478
237	356	0.040000
237	398	0.055556
237	434	0.052632
237	435	0.050000
238	4	0.018519
238	9	0.009434
238	14	0.017857
238	17	0.011364
238	33	0.010638
238	37	0.016393
238	54	0.021277
238	74	0.020833
238	86	0.017857
238	87	0.016393
238	89	0.020833
238	95	0.015873
238	110	0.027778
238	114	0.021739
238	133	0.025000
238	140	0.027778
238	167	0.035714
238	211	0.033333
238	252	0.035714
238	282	0.045455
238	334	0.050000
238	342	0.041667
238	424	0.052632
239	20	0.008403
239	26	0.009434
239	31	0.009901
239	33	0.010638
239	40	0.012987
239	43	0.011905
239	61	0.016949
239	64	0.018519
239	67	0.018182
239	71	0.014925
239	86	0.017857
239	104	0.020833
239	106	0.027778
239	154	0.032258
239	155	0.026316
239	193	0.037037
239	214	0.038462
239	215	0.038462
239	260	0.032258
239	270	0.045455
239	285	0.043478
239	286	0.047619
239	296	0.043478
239	349	0.050000
239	384	0.052632
239	387	0.052632
239	391	0.041667
239	395	0.055556
239	404	0.050000
239	427	0.052632
239	446	0.055556
239	448	0.055556
240	0	0.007246
240	12	0.015385
240	17	0.011364
240	19	0.008264
240	20	0.008403
240	22	0.006369
240	42	0.013333
240	49	0.014085
240	55	0.019231
240	95	0.015873
240	112	0.019608
240	128	0.023810
240	137	0.030303
240	140	0.027778
240	142	0.025641
240	170	0.027027
240	204	0.037037
240	226	0.045455
240	254	0.040000
240	270	0.045455
240	278	0.047619
240	312	0.043478
240	319	0.037037
240	328	0.050000
240	331	0.050000
240	346	0.040000
240	384	0.052632
240	391	0.041667
240	413	0.055556
240	426	0.055556
240	440	0.055556
241	1	0.018519
241	6	0.009524
241	21	0.010417
241	22	0.006369
241	28	0.008000
241	30	0.012658
241	38	0.010417
241	58	0.018868
241	62	0.024390
241	79	0.016667
241	91	0.020833
241	117	0.020408
241	142	0.025641
241	175	0.041667
241	178	0.030303
241	208	0.026316
241	211	0.033333
241	225	0.034483
241	313	0.045455
241	324	0.043478
241	327	0.045455
241	453	0.055556
242	6	0.009524
242	7	0.015873
242	12	0.015385
242	17	0.011364
242	20	0.008403
242	36	0.011236
242	38	0.010417
242	43	0.011905
242	56	0.014286
242	58	0.018868
242	77	0.020408
242	103	0.030303
242	119	0.023810
242	157	0.028571
242	170	0.027027
242	177	0.028571
242	205	0.041667
242	226	0.045455
242	362	0.052632
242	447	0.055556
243	12	0.015385
243	28	0.008000
243	29	0.011494
243	32	0.008333
243	45	0.012500
243	47	0.017544
243	66	0.023810
243	67	0.018182
243	107	0.024390
243	114	0.021739
243	121	0.031250
243	131	0.022222
243	155	0.026316
243	172	0.033333
243	182	0.037037
243	213	0.037037
243	225	0.034483
243	233	0.040000
243	270	0.045455
243	309	0.040000
243	338	0.045455
243	384	0.052632
243	448	0.055556
244	13	0.025641
244	18	0.023810
244	23	0.008197
244	48	0.016393
244	49	0.014085
244	56	0.014286
244	68	0.020408
244	69	0.014286
244	76	0.018868
244	101	0.021277
244	119	0.023810
244	129	0.035714
244	156	0.029412
244	179	0.032258
244	195	0.037037
244	199	0.040000
244	229	0.045455
244	232	0.035714
244	250	0.040000
244	284	0.040000
244	304	0.038462
244	312	0.043478
244	339	0.052632
244	433	0.055556
244	450	0.052632
245	5	0.016949
245	7	0.015873
245	19	0.008264
245	30	0.012658
245	36	0.011236
245	38	0.010417
245	40	0.012987
245	41	0.012048
245	43	0.011905
245	45	0.012500
245	52	0.013333
245	53	0.014493
245	153	0.030303
245	186	0.025000
245	190	0.027778
245	208	0.026316
245	219	0.038462
245	225	0.034483
245	281	0.047619
245	366	0.052632
245	440	0.055556
246	0	0.007246
246	3	0.016129
246	23	0.008197
246	36	0.011236
246	41	0.012048
246	44	0.012500
246	69	0.014286
246	84	0.020833
246	95	0.015873
246	118	0.021739
246	121	0.031250
246	123	0.023810
246	127	0.027027
246	138	0.032258
246	145	0.025000
246	154	0.032258
246	160	0.026316
246	163	0.027778
246	251	0.043478
246	281	0.047619
246	282	0.045455
246	299	0.047619
246	314	0.047619
246	317	0.045455
246	341	0.041667
246	346	0.040000
246	404	0.050000
246	430	0.055556
247	4	0.018519
247	20	0.008403
247	25	0.008403
247	29	0.011494
247	33	0.010638
247	34	0.009174
247	37	0.016393
247	39	0.008696
247	53	0.014493
247	84	0.020833
247	99	0.024390
247	110	0.027778
247	127	0.027027
247	128	0.023810
247	158	0.027027
247	182	0.037037
247	197	0.037037
247	209	0.035714
247	264	0.035714
247	272	0.047619
247	309	0.040000
247	331	0.050000
247	385	0.052632
247	442	0.055556
248	9	0.009434
248	18	0.023810
248	20	0.008403
248	23	0.008197
248	32	0.008333
248	37	0.016393
248	38	0.010417
248	63	0.014493
248	72	0.031250
248	73	0.016949
248	79	0.016667
248	81	0.020833
248	103	0.030303
248	150	0.030303
248	152	0.034483
248	174	0.034483
248	227	0.037037
248	232	0.035714
248	258	0.047619
248	309	0.040000
248	325	0.050000
248	326	0.050000
248	343	0.041667
248	345	0.045455
248	346	0.040000
248	360	0.047619
248	393	0.052632
248	423	0.055556
249	2	0.015152
249	8	0.016667
249	36	0.011236
249	39	0.008696
249	43	0.011905
249	53	0.014493
249	58	0.018868
249	74	0.020833
249	78	0.018868
249	98	0.023810
249	113	0.030303
249	130	0.030303
249	146	0.034483
249	148	0.027027
249	149	0.037037
249	164	0.023256
249	167	0.035714
249	195	0.037037
249	265	0.043478
249	268	0.040000
249	278	0.047619
249	296	0.043478
249	315	0.045455
249	350	0.038462
249	357	0.052632
249	368	0.052632
249	374	0.045455
249	381	0.052632
249	386	0.045455
249	448	0.055556
250	1	0.018519
250	33	0.010638
250	47	0.017544
250	49	0.014085
250	51	0.016393
250	69	0.014286
250	87	0.016393
250	98	0.023810
250	108	0.027027
250	146	0.034483
250	149	0.037037
250	155	0.026316
250	174	0.034483
250	186	0.025000
250	188	0.034483
250	192	0.027778
250	212	0.037037
250	244	0.040000
250	275	0.047619
250	299	0.047619
250	348	0.047619
250	373	0.050000
250	375	0.050000
250	414	0.055556
250	453	0.055556
251	2	0.015152
251	17	0.011364
251	22	0.006369
251	30	0.012658
251	40	0.012987
251	68	0.020408
251	70	0.019231
251	88	0.031250
251	89	0.020833
251	102	0.028571
251	114	0.021739
251	136	0.029412
251	146	0.034483
251	158	0.027027
251	201	0.034483
251	204	0.037037
251	224	0.034483
251	246	0.035714
251	258	0.047619
251	273	0.047619
251	277	0.043478
251	382	0.045455
251	438	0.052632
252	12	0.015385
252	17	0.011364
252	38	0.010417
252	40	0.012987
252	42	0.013333
252	49	0.014085
252	50	0.015873
252	63	0.014493
252	74	0.020833
252	82	0.027027
252	85	0.016393
252	91	0.020833
252	98	0.023810
252	137	0.030303
252	142	0.025641
252	180	0.031250
252	230	0.041667
252	238	0.043478
252	287	0.052632
252	304	0.038462
252	322	0.047619
252	358	0.041667
252	383	0.047619
252	402	0.055556
252	405	0.052632
252	414	0.055556
252	418	0.055556
252	432	0.052632
253	22	0.006369
253	29	0.011494
253	32	0.008333
253	34	0.009174
253	36	0.011236
253	46	0.012346
253	58	0.018868
253	75	0.025641
253	79	0.016667
253	100	0.021739
253	122	0.026316
253	123	0.023810
253	144	0.028571
253	170	0.027027
253	185	0.037037
253	187	0.031250
253	191	0.030303
253	214	0.038462
253	269	0.035714
253	296	0.043478
253	310	0.041667
253	342	0.041667
253	422	0.052632
254	0	0.007246
254	6	0.009524
254	8	0.016667
254	20	0.008403
254	21	0.010417
254	24	0.007246
254	30	0.012658
254	41	0.012048
254	76	0.018868
254	93	0.023810
254	100	0.021739
254	109	0.025000
254	133	0.025000
254	138	0.032258
254	140	0.027778
254	166	0.034483
254	190	0.027778
254	240	0.032258
254	255	0.037037
254	267	0.047619
254	271	0.043478
254	276	0.047619
254	295	0.043478
254	346	0.040000
254	435	0.050000
255	0	0.007246
255	19	0.008264
255	22	0.006369
255	28	0.008000
255	29	0.011494
255	36	0.011236
255	45	0.012500
255	69	0.014286
255	72	0.031250
255	80	0.022222
255	90	0.016667
255	93	0.023810
255	111	0.029412
255	153	0.030303
255	156	0.029412
255	181	0.032258
255	191	0.030303
255	254	0.040000
255	288	0.040000
255	327	0.045455
255	340	0.043478
255	377	0.050000
255	404	0.050000
255	410	0.050000
255	433	0.055556
255	436	0.050000
255	443	0.052632
256	26	0.009434
256	28	0.008000
256	34	0.009174
256	43	0.011905
256	67	0.018182
256	79	0.016667
256	86	0.017857
256	94	0.030303
256	116	0.025641
256	119	0.023810
256	127	0.027027
256	130	0.030303
256	138	0.032258
256	140	0.027778
256	170	0.027027
256	186	0.025000
256	201	0.034483
256	212	0.037037
256	257	0.034483
256	264	0.035714
256	283	0.035714
256	284	0.040000
256	289	0.041667
256	292	0.052632
256	367	0.047619
256	393	0.052632
256	406	0.052632
256	426	0.055556
256	434	0.052632
257	5	0.016949
257	20	0.008403
257	26	0.009434
257	32	0.008333
257	34	0.009174
257	42	0.013333
257	53	0.014493
257	54	0.021277
257	61	0.016949
257	70	0.019231
257	123	0.023810
257	135	0.028571
257	181	0.032258
257	183	0.035714
257	192	0.027778
257	200	0.038462
257	230	0.041667
257	256	0.034483
257	276	0.047619
257	307	0.043478
257	313	0.045455
257	347	0.047619
257	354	0.050000
257	358	0.041667
257	360	0.047619
257	372	0.050000
257	396	0.052632
257	453	0.055556
257	455	0.055556
258	4	0.018519
258	15	0.020408
258	26	0.009434
258	28	0.008000
258	39	0.008696
258	43	0.011905
258	45	0.012500
258	67	0.018182
258	71	0.014925
258	73	0.016949
258	79	0.016667
258	90	0.016667
258	99	0.024390
258	131	0.022222
258	141	0.034483
258	168	0.031250
258	248	0.035714
258	251	0.043478
258	282	0.045455
258	337	0.047619
258	379	0.047619
259	0	0.007246
259	5	0.016949
259	12	0.015385
259	15	0.020408
259	24	0.007246
259	44	0.012500
259	47	0.017544
259	74	0.020833
259	78	0.018868
259	84	0.020833
259	88	0.031250
259	91	0.020833
259	107	0.024390
259	109	0.025000
259	120	0.028571
259	167	0.035714
259	188	0.034483
259	223	0.043478
259	261	0.045455
259	278	0.047619
259	292	0.052632
259	295	0.043478
259	307	0.043478
259	310	0.041667
259	321	0.045455
259	330	0.047619
259	348	0.047619
259	353	0.047619
259	376	0.050000
259	420	0.055556
260	12	0.015385
260	19	0.008264
260	24	0.007246
260	26	0.009434
260	38	0.010417
260	42	0.013333
260	77	0.020408
260	88	0.031250
260	89	0.020833
260	104	0.020833
260	110	0.027778
260	112	0.019608
260	119	0.023810
260	148	0.027027
260	150	0.030303
260	158	0.027027
260	188	0.034483
260	239	0.031250
260	273	0.047619
260	288	0.040000
260	299	0.047619
260	314	0.047619
260	324	0.043478
260	331	0.050000
260	335	0.050000
260	354	0.050000
260	393	0.052632
260	395	0.055556
260	398	0.055556
260	402	0.055556
260	451	0.052632
261	2	0.015152
261	13	0.025641
261	14	0.017857
261	38	0.010417
261	42	0.013333
261	44	0.012500
261	51	0.016393
261	67	0.018182
261	70	0.019231
261	82	0.027027
261	95	0.015873
261	96	0.025641
261	117	0.020408
261	126	0.023810
261	130	0.030303
261	183	0.035714
261	186	0.025000
261	259	0.033333
261	272	0.047619
261	312	0.043478
261	403	0.055556
261	424	0.052632
262	9	0.009434
262	10	0.019608
262	16	0.037037
262	27	0.010417
262	28	0.008000
262	33	0.010638
262	51	0.016393
262	65	0.019608
262	74	0.020833
262	75	0.025641
262	107	0.024390
262	108	0.027027
262	125	0.033333
262	129	0.035714
262	162	0.032258
262	170	0.027027
262	194	0.040000
262	217	0.035714
262	289	0.041667
262	298	0.041667
262	314	0.047619
262	344	0.052632
262	372	0.050000
262	380	0.052632
262	413	0.055556
262	452	0.055556
263	0	0.007246
263	4	0.018519
263	9	0.009434
263	10	0.019608
263	22	0.006369
263	29	0.011494
263	32	0.008333
263	45	0.012500
263	54	0.021277
263	56	0.014286
263	87	0.016393
263	99	0.024390
263	114	0.021739
263	135	0.028571
263	140	0.027778
263	198	0.038462
263	229	0.045455
263	233	0.040000
263	264	0.035714
263	279	0.041667
263	285	0.043478
263	301	0.040000
263	320	0.052632
263	363	0.050000
263	379	0.047619
263	380	0.052632
263	452	0.055556
264	3	0.016129
264	16	0.037037
264	19	0.008264
264	44	0.012500
264	45	0.012500
264	58	0.018868
264	81	0.020833
264	86	0.017857
264	87	0.016393
264	95	0.015873
264	118	0.021739
264	145	0.025000
264	171	0.034483
264	174	0.034483
264	208	0.026316
264	247	0.041667
264	256	0.034483
264	263	0.037037
264	265	0.043478
264	273	0.047619
264	274	0.041667
264	295	0.043478
264	305	0.050000
264	314	0.047619
264	317	0.045455
264	401	0.050000
264	422	0.052632
264	457	0.055556
265	0	0.007246
265	10	0.019608
265	11	0.018868
265	20	0.008403
265	27	0.010417
265	32	0.008333
265	33	0.010638
265	64	0.018519
265	81	0.020833
265	133	0.025000
265	189	0.033333
265	210	0.035714
265	211	0.033333
265	217	0.035714
265	219	0.038462
265	233	0.040000
265	249	0.033333
265	264	0.035714
265	267	0.047619
265	311	0.045455
265	351	0.050000
265	429	0.055556
265	433	0.055556
266	1	0.018519
266	11	0.018868
266	20	0.008403
266	32	0.008333
266	40	0.012987
266	59	0.020000
266	70	0.019231
266	90	0.016667
266	98	0.023810
266	119	0.023810
266	126	0.023810
266	151	0.027027
266	157	0.028571
266	172	0.033333
266	178	0.030303
266	204	0.037037
266	224	0.034483
266	235	0.040000
266	378	0.052632
266	400	0.055556
267	0	0.007246
267	9	0.009434
267	22	0.006369
267	31	0.009901
267	39	0.008696
267	66	0.023810
267	82	0.027027
267	95	0.015873
267	101	0.021277
267	128	0.023810
267	150	0.030303
267	171	0.034483
267	188	0.034483
267	207	0.038462
267	210	0.035714
267	236	0.043478
267	254	0.040000
267	265	0.043478
267	403	0.055556
267	407	0.055556
267	449	0.055556
268	14	0.017857
268	22	0.006369
268	26	0.009434
268	28	0.008000
268	45	0.012500
268	46	0.012346
268	48	0.016393
268	60	0.022222
268	68	0.020408
268	71	0.014925
268	90	0.016667
268	97	0.027027
268	100	0.021739
268	120	0.028571
268	130	0.030303
268	131	0.022222
268	202	0.035714
268	249	0.033333
268	333	0.045455
268	353	0.047619
268	373	0.050000
268	399	0.050000
268	408	0.052632
268	433	0.055556
268	439	0.055556
269	4	0.018519
269	6	0.009524
269	24	0.007246
269	27	0.010417
269	46	0.012346
269	55	0.019231
269	67	0.018182
269	81	0.020833
269	89	0.020833
269	112	0.019608
269	116	0.025641
269	122	0.026316
269	138	0.032258
269	139	0.028571
269	170	0.027027
269	172	0.033333
269	190	0.027778
269	253	0.043478
269	271	0.043478
269	274	0.041667
269	326	0.050000
269	348	0.047619
269	382	0.045455
269	388	0.050000
269	394	0.047619
269	430	0.055556
269	444	0.052632
269	446	0.055556
270	3	0.016129
270	7	0.015873
270	9	0.009434
270	17	0.011364
270	20	0.008403
270	21	0.010417
270	23	0.008197
270	28	0.008000
270	31	0.009901
270	57	0.021277
270	74	0.020833
270	118	0.021739
270	157	0.028571
270	222	0.037037
270	231	0.040000
270	239	0.031250
270	240	0.032258
270	243	0.043478
270	360	0.047619
270	366	0.052632
270	384	0.052632
270	452	0.055556
271	20	0.008403
271	24	0.007246
271	30	0.012658
271	44	0.012500
271	63	0.014493
271	73	0.016949
271	81	0.020833
271	82	0.027027
271	91	0.020833
271	101	0.021277
271	105	0.033333
271	136	0.029412
271	158	0.027027
271	173	0.043478
271	192	0.027778
271	208	0.026316
271	254	0.040000
271	269	0.035714
271	288	0.040000
271	349	0.050000
271	355	0.047619
271	360	0.047619
271	361	0.041667
272	4	0.018519
272	7	0.015873
272	20	0.008403
272	22	0.006369
272	25	0.008403
272	34	0.009174
272	39	0.008696
272	46	0.012346
272	65	0.019608
272	68	0.020408
272	84	0.020833
272	101	0.021277
272	115	0.027778
272	133	0.025000
272	187	0.031250
272	209	0.035714
272	247	0.041667
272	261	0.045455
272	288	0.040000
272	382	0.045455
272	423	0.055556
273	5	0.016949
273	9	0.009434
273	19	0.008264
273	22	0.006369
273	28	0.008000
273	31	0.009901
273	43	0.011905
273	46	0.012346
273	81	0.020833
273	99	0.024390
273	137	0.030303
273	164	0.023256
273	186	0.025000
273	192	0.027778
273	205	0.041667
273	251	0.043478
273	260	0.032258
273	264	0.035714
273	325	0.050000
273	346	0.040000
273	449	0.055556
274	9	0.009434
274	16	0.037037
274	32	0.008333
274	40	0.012987
274	42	0.013333
274	64	0.018519
274	80	0.022222
274	96	0.025641
274	100	0.021739
274	104	0.020833
274	140	0.027778
274	151	0.027027
274	170	0.027027
274	189	0.033333
274	210	0.035714
274	224	0.034483
274	264	0.035714
274	269	0.035714
274	291	0.050000
274	302	0.037037
274	320	0.052632
274	368	0.052632
274	404	0.050000
274	414	0.055556
275	0	0.007246
275	2	0.015152
275	8	0.016667
275	19	0.008264
275	39	0.008696
275	55	0.019231
275	80	0.022222
275	86	0.017857
275	90	0.016667
275	93	0.023810
275	95	0.015873
275	115	0.027778
275	143	0.030303
275	160	0.026316
275	210	0.035714
275	216	0.033333
275	221	0.041667
275	250	0.040000
275	293	0.045455
275	403	0.055556
275	437	0.050000
276	2	0.015152
276	14	0.017857
276	17	0.011364
276	27	0.010417
276	56	0.014286
276	62	0.024390
276	71	0.014925
276	93	0.023810
276	112	0.019608
276	116	0.025641
276	148	0.027027
276	153	0.030303
276	158	0.027027
276	195	0.037037
276	199	0.040000
276	202	0.035714
276	254	0.040000
276	257	0.034483
276	306	0.050000
276	337	0.047619
276	353	0.047619
277	3	0.016129
277	13	0.025641
277	23	0.008197
277	40	0.012987
277	46	0.012346
277	57	0.021277
277	70	0.019231
277	89	0.020833
277	115	0.027778
277	136	0.029412
277	139	0.028571
277	159	0.034483
277	161	0.037037
277	186	0.025000
277	189	0.033333
277	196	0.037037
277	208	0.026316
277	251	0.043478
277	314	0.047619
277	330	0.047619
277	355	0.047619
277	384	0.052632
277	410	0.050000
278	4	0.018519
278	11	0.018868
278	25	0.008403
278	30	0.012658
278	37	0.016393
278	43	0.011905
278	45	0.012500
278	48	0.016393
278	51	0.016393
278	55	0.019231
278	91	0.020833
278	138	0.032258
278	170	0.027027
278	191	0.030303
278	210	0.035714
278	240	0.032258
278	249	0.033333
278	259	0.033333
278	336	0.052632
278	377	0.050000
278	396	0.052632
279	15	0.020408
279	19	0.008264
279	22	0.006369
279	27	0.010417
279	28	0.008000
279	44	0.012500
279	45	0.012500
279	52	0.013333
279	86	0.017857
279	91	0.020833
279	95	0.015873
279	136	0.029412
279	155	0.026316
279	156	0.029412
279	170	0.027027
279	189	0.033333
279	190	0.027778
279	263	0.037037
279	329	0.050000
279	334	0.050000
279	358	0.041667
279	391	0.041667
279	429	0.055556
279	442	0.055556
280	8	0.016667
280	19	0.008264
280	34	0.009174
280	38	0.010417
280	39	0.008696
280	59	0.020000
280	90	0.016667
280	96	0.025641
280	105	0.033333
280	153	0.030303
280	160	0.026316
280	163	0.027778
280	164	0.023256
280	180	0.031250
280	195	0.037037
280	206	0.034483
280	213	0.037037
280	231	0.040000
280	287	0.052632
280	291	0.050000
280	319	0.037037
280	439	0.055556
281	0	0.007246
281	11	0.018868
281	20	0.008403
281	29	0.011494
281	30	0.012658
281	33	0.010638
281	41	0.012048
281	46	0.012346
281	66	0.023810
281	78	0.018868
281	84	0.020833
281	86	0.017857
281	94	0.030303
281	95	0.015873
281	103	0.030303
281	177	0.028571
281	245	0.047619
281	246	0.035714
281	283	0.035714
281	321	0.045455
281	325	0.050000
282	2	0.015152
282	7	0.015873
282	22	0.006369
282	23	0.008197
282	31	0.009901
282	77	0.020408
282	82	0.027027
282	86	0.017857
282	101	0.021277
282	110	0.027778
282	112	0.019608
282	115	0.027778
282	116	0.025641
282	150	0.030303
282	179	0.032258
282	238	0.043478
282	246	0.035714
282	258	0.047619
282	315	0.045455
282	323	0.047619
282	378	0.052632
282	394	0.047619
283	3	0.016129
283	4	0.018519
283	12	0.015385
283	19	0.008264
283	25	0.008403
283	36	0.011236
283	39	0.008696
283	45	0.012500
283	79	0.016667
283	90	0.016667
283	112	0.019608
283	140	0.027778
283	170	0.027027
283	183	0.035714
283	192	0.027778
283	209	0.035714
283	256	0.034483
283	281	0.047619
283	288	0.040000
283	299	0.047619
283	309	0.040000
283	321	0.045455
283	325	0.050000
283	358	0.041667
283	363	0.050000
283	399	0.050000
283	408	0.052632
283	424	0.052632
284	20	0.008403
284	24	0.007246
284	30	0.012658
284	33	0.010638
284	38	0.010417
284	48	0.016393
284	52	0.013333
284	56	0.014286
284	60	0.022222
284	91	0.020833
284	163	0.027778
284	164	0.023256
284	166	0.034483
284	197	0.037037
284	214	0.038462
284	234	0.045455
284	244	0.040000
284	256	0.034483
284	300	0.038462
284	308	0.052632
284	324	0.043478
284	333	0.045455
284	335	0.050000
284	369	0.045455
284	434	0.052632
285	1	0.018519
285	12	0.015385
285	17	0.011364
285	22	0.006369
285	23	0.008197
285	24	0.007246
285	27	0.010417
285	32	0.008333
285	40	0.012987
285	93	0.023810
285	102	0.028571
285	127	0.027027
285	131	0.022222
285	141	0.034483
285	200	0.038462
285	231	0.040000
285	239	0.031250
285	263	0.037037
285	293	0.045455
285	329	0.050000
285	359	0.055556
285	399	0.050000
285	434	0.052632
286	4	0.018519
286	21	0.010417
286	26	0.009434
286	28	0.008000
286	29	0.011494
286	32	0.008333
286	34	0.009174
286	37	0.016393
286	44	0.012500
286	45	0.012500
286	47	0.017544
286	65	0.019608
286	73	0.016949
286	95	0.015873
286	131	0.022222
286	133	0.025000
286	237	0.040000
286	239	0.031250
286	334	0.050000
286	353	0.047619
286	446	0.055556
287	4	0.018519
287	9	0.009434
287	22	0.006369
287	36	0.011236
287	37	0.016393
287	56	0.014286
287	58	0.018868
287	65	0.019608
287	69	0.014286
287	75	0.025641
287	81	0.020833
287	95	0.015873
287	101	0.021277
287	104	0.020833
287	174	0.034483
287	233	0.040000
287	252	0.035714
287	280	0.045455
287	385	0.052632
288	15	0.020408
288	26	0.009434
288	31	0.009901
288	39	0.008696
288	43	0.011905
288	51	0.016393
288	66	0.023810
288	104	0.020833
288	108	0.027027
288	115	0.027778
288	156	0.029412
288	192	0.027778
288	195	0.037037
288	255	0.037037
288	260	0.032258
288	271	0.043478
288	272	0.047619
288	283	0.035714
288	307	0.043478
288	329	0.050000
288	385	0.052632
288	403	0.055556
288	408	0.052632
288	455	0.055556
288	457	0.055556
289	0	0.007246
289	1	0.018519
289	8	0.016667
289	9	0.009434
289	26	0.009434
289	28	0.008000
289	40	0.012987
289	58	0.018868
289	63	0.014493
289	71	0.014925
289	78	0.018868
289	86	0.017857
289	103	0.030303
289	114	0.021739
289	131	0.022222
289	147	0.034483
289	256	0.034483
289	262	0.038462
289	294	0.047619
289	323	0.047619
289	332	0.047619
289	368	0.052632
289	392	0.055556
289	404	0.050000
290	12	0.015385
290	14	0.017857
290	27	0.010417
290	35	0.015385
290	39	0.008696
290	45	0.012500
290	52	0.013333
290	54	0.021277
290	63	0.014493
290	65	0.019608
290	87	0.016393
290	92	0.022222
290	113	0.030303
290	130	0.030303
290	131	0.022222
290	133	0.025000
290	159	0.034483
290	224	0.034483
290	340	0.043478
291	7	0.015873
291	22	0.006369
291	29	0.011494
291	32	0.008333
291	53	0.014493
291	58	0.018868
291	74	0.020833
291	75	0.025641
291	91	0.020833
291	103	0.030303
291	127	0.027027
291	156	0.029412
291	160	0.026316
291	194	0.040000
291	201	0.034483
291	234	0.045455
291	274	0.041667
291	280	0.045455
291	315	0.045455
291	406	0.052632
292	0	0.007246
292	5	0.016949
292	6	0.009524
292	9	0.009434
292	40	0.012987
292	46	0.012346
292	54	0.021277
292	60	0.022222
292	68	0.020408
292	78	0.018868
292	92	0.022222
292	95	0.015873
292	104	0.020833
292	116	0.025641
292	151	0.027027
292	203	0.033333
292	256	0.034483
292	259	0.033333
292	440	0.055556
293	8	0.016667
293	19	0.008264
293	21	0.010417
293	31	0.009901
293	40	0.012987
293	43	0.011905
293	55	0.019231
293	73	0.016949
293	77	0.020408
293	82	0.027027
293	90	0.016667
293	99	0.024390
293	162	0.032258
293	181	0.032258
293	208	0.026316
293	209	0.035714
293	275	0.047619
293	285	0.043478
293	319	0.037037
293	381	0.052632
293	383	0.047619
293	407	0.055556
294	3	0.016129
294	22	0.006369
294	25	0.008403
294	33	0.010638
294	53	0.014493
294	78	0.018868
294	90	0.016667
294	122	0.026316
294	126	0.023810
294	154	0.032258
294	165	0.035714
294	177	0.028571
294	186	0.025000
294	191	0.030303
294	206	0.034483
294	207	0.038462
294	237	0.040000
294	289	0.041667
294	337	0.047619
294	342	0.041667
294	435	0.050000
295	0	0.007246
295	6	0.009524
295	7	0.015873
295	8	0.016667
295	9	0.009434
295	22	0.006369
295	51	0.016393
295	53	0.014493
295	81	0.020833
295	96	0.025641
295	112	0.019608
295	163	0.027778
295	181	0.032258
295	186	0.025000
295	234	0.045455
295	254	0.040000
295	259	0.033333
295	264	0.035714
295	319	0.037037
295	327	0.045455
295	339	0.052632
295	340	0.043478
295	432	0.052632
296	14	0.017857
296	19	0.008264
296	40	0.012987
296	42	0.013333
296	47	0.017544
296	48	0.016393
296	55	0.019231
296	73	0.016949
296	84	0.020833
296	87	0.016393
296	118	0.021739
296	127	0.027027
296	136	0.029412
296	177	0.028571
296	182	0.037037
296	239	0.031250
296	249	0.033333
296	253	0.043478
296	353	0.047619
296	361	0.041667
296	369	0.045455
296	425	0.047619
296	434	0.052632
297	6	0.009524
297	18	0.023810
297	20	0.008403
297	30	0.012658
297	32	0.008333
297	33	0.010638
297	37	0.016393
297	38	0.010417
297	61	0.016949
297	64	0.018519
297	67	0.018182
297	72	0.031250
297	91	0.020833
297	94	0.030303
297	95	0.015873
297	110	0.027778
297	180	0.031250
297	227	0.037037
297	308	0.052632
297	448	0.055556
298	0	0.007246
298	1	0.018519
298	2	0.015152
298	6	0.009524
298	26	0.009434
298	29	0.011494
298	37	0.016393
298	39	0.008696
298	44	0.012500
298	83	0.022222
298	104	0.020833
298	134	0.035714
298	154	0.032258
298	155	0.026316
298	169	0.037037
298	190	0.027778
298	214	0.038462
298	262	0.038462
298	315	0.045455
298	342	0.041667
298	386	0.045455
298	393	0.052632
298	432	0.052632
298	457	0.055556
299	3	0.016129
299	21	0.010417
299	23	0.008197
299	24	0.007246
299	27	0.010417
299	30	0.012658
299	32	0.008333
299	45	0.012500
299	54	0.021277
299	76	0.018868
299	98	0.023810
299	108	0.027027
299	113	0.030303
299	184	0.035714
299	246	0.035714
299	250	0.040000
299	260	0.032258
299	283	0.035714
299	303	0.041667
299	426	0.055556
299	446	0.055556
300	1	0.018519
300	8	0.016667
300	20	0.008403
300	22	0.006369
300	37	0.016393
300	38	0.010417
300	44	0.012500
300	49	0.014085
300	112	0.019608
300	176	0.040000
300	178	0.030303
300	184	0.035714
300	186	0.025000
300	188	0.034483
300	190	0.027778
300	229	0.045455
300	232	0.035714
300	284	0.040000
300	302	0.037037
300	335	0.050000
300	340	0.043478
300	349	0.050000
300	359	0.055556
300	421	0.052632
300	437	0.050000
300	446	0.055556
301	9	0.009434
301	14	0.017857
301	15	0.020408
301	23	0.008197
301	32	0.008333
301	38	0.010417
301	46	0.012346
301	59	0.020000
301	66	0.023810
301	91	0.020833
301	96	0.025641
301	112	0.019608
301	117	0.020408
301	124	0.027778
301	146	0.034483
301	182	0.037037
301	207	0.038462
301	263	0.037037
301	344	0.052632
301	356	0.040000
301	387	0.052632
301	406	0.052632
301	421	0.052632
301	444	0.052632
301	455	0.055556
302	1	0.018519
302	4	0.018519
302	23	0.008197
302	24	0.007246
302	41	0.012048
302	46	0.012346
302	52	0.013333
302	93	0.023810
302	108	0.027027
302	130	0.030303
302	142	0.025641
302	146	0.034483
302	166	0.034483
302	208	0.026316
302	227	0.037037
302	233	0.040000
302	274	0.041667
302	300	0.038462
302	327	0.045455
302	338	0.045455
302	369	0.045455
302	378	0.052632
302	385	0.052632
302	407	0.055556
302	447	0.055556
302	451	0.052632
302	456	0.055556
303	2	0.015152
303	11	0.018868
303	15	0.020408
303	18	0.023810
303	24	0.007246
303	31	0.009901
303	34	0.009174
303	35	0.015385
303	45	0.012500
303	75	0.025641
303	76	0.018868
303	78	0.018868
303	162	0.032258
303	164	0.023256
303	216	0.033333
303	231	0.040000
303	235	0.040000
303	299	0.047619
303	347	0.047619
303	366	0.052632
303	387	0.052632
303	403	0.055556
303	420	0.055556
303	433	0.055556
304	0	0.007246
304	2	0.015152
304	8	0.016667
304	18	0.023810
304	22	0.006369
304	24	0.007246
304	26	0.009434
304	31	0.009901
304	32	0.008333
304	43	0.011905
304	50	0.015873
304	69	0.014286
304	76	0.018868
304	77	0.020408
304	148	0.027027
304	231	0.040000
304	244	0.040000
304	252	0.035714
304	323	0.047619
304	338	0.045455
304	353	0.047619
304	357	0.052632
304	411	0.050000
304	424	0.052632
304	426	0.055556
304	434	0.052632
305	5	0.016949
305	6	0.009524
305	27	0.010417
305	30	0.012658
305	43	0.011905
305	50	0.015873
305	53	0.014493
305	76	0.018868
305	85	0.016393
305	87	0.016393
305	93	0.023810
305	116	0.025641
305	118	0.021739
305	130	0.030303
305	179	0.032258
305	208	0.026316
305	219	0.038462
305	264	0.035714
305	394	0.047619
305	405	0.052632
306	22	0.006369
306	26	0.009434
306	28	0.008000
306	38	0.010417
306	50	0.015873
306	51	0.016393
306	60	0.022222
306	71	0.014925
306	78	0.018868
306	87	0.016393
306	111	0.029412
306	112	0.019608
306	118	0.021739
306	131	0.022222
306	138	0.032258
306	168	0.031250
306	208	0.026316
306	276	0.047619
306	343	0.041667
306	377	0.050000
307	17	0.011364
307	18	0.023810
307	19	0.008264
307	32	0.008333
307	48	0.016393
307	71	0.014925
307	77	0.020408
307	82	0.027027
307	86	0.017857
307	106	0.027778
307	109	0.025000
307	116	0.025641
307	128	0.023810
307	177	0.028571
307	237	0.040000
307	257	0.034483
307	259	0.033333
307	288	0.040000
307	387	0.052632
307	413	0.055556
307	428	0.052632
307	434	0.052632
307	454	0.055556
308	6	0.009524
308	14	0.017857
308	24	0.007246
308	25	0.008403
308	49	0.014085
308	95	0.015873
308	100	0.021739
308	101	0.021277
308	103	0.030303
308	105	0.033333
308	139	0.028571
308	141	0.034483
308	195	0.037037
308	198	0.038462
308	213	0.037037
308	215	0.038462
308	284	0.040000
308	297	0.050000
308	347	0.047619
309	9	0.009434
309	26	0.009434
309	38	0.010417
309	42	0.013333
309	69	0.014286
309	78	0.018868
309	107	0.024390
309	125	0.033333
309	157	0.028571
309	160	0.026316
309	163	0.027778
309	198	0.038462
309	214	0.038462
309	220	0.043478
309	243	0.043478
309	247	0.041667
309	248	0.035714
309	283	0.035714
309	316	0.045455
309	322	0.047619
309	382	0.045455
309	391	0.041667
309	393	0.052632
309	398	0.055556
309	426	0.055556
310	5	0.016949
310	11	0.018868
310	17	0.011364
310	23	0.008197
310	24	0.007246
310	28	0.008000
310	35	0.015385
310	52	0.013333
310	69	0.014286
310	79	0.016667
310	88	0.031250
310	89	0.020833
310	92	0.022222
310	129	0.035714
310	145	0.025000
310	190	0.027778
310	253	0.043478
310	259	0.033333
310	341	0.041667
310	350	0.038462
310	368	0.052632
310	380	0.052632
310	397	0.052632
310	401	0.050000
311	2	0.015152
311	19	0.008264
311	24	0.007246
311	28	0.008000
311	33	0.010638
311	38	0.010417
311	39	0.008696
311	45	0.012500
311	66	0.023810
311	76	0.018868
311	79	0.016667
311	80	0.022222
311	94	0.030303
311	97	0.027027
311	123	0.023810
311	140	0.027778
311	172	0.033333
311	265	0.043478
311	321	0.045455
311	363	0.050000
311	377	0.050000
311	436	0.050000
312	2	0.015152
312	9	0.009434
312	23	0.008197
312	27	0.010417
312	36	0.011236
312	46	0.012346
312	60	0.022222
312	62	0.024390
312	63	0.014493
312	78	0.018868
312	85	0.016393
312	98	0.023810
312	124	0.027778
312	135	0.028571
312	182	0.037037
312	240	0.032258
312	244	0.040000
312	261	0.045455
312	330	0.047619
312	399	0.050000
312	405	0.052632
312	413	0.055556
312	449	0.055556
313	0	0.007246
313	17	0.011364
313	23	0.008197
313	24	0.007246
313	35	0.015385
313	40	0.012987
313	41	0.012048
313	45	0.012500
313	69	0.014286
313	79	0.016667
313	85	0.016393
313	98	0.023810
313	103	0.030303
313	105	0.033333
313	163	0.027778
313	191	0.030303
313	241	0.045455
313	257	0.034483
313	326	0.050000
313	334	0.050000
313	355	0.047619
313	356	0.040000
314	5	0.016949
314	12	0.015385
314	24	0.007246
314	31	0.009901
314	34	0.009174
314	36	0.011236
314	46	0.012346
314	55	0.019231
314	67	0.018182
314	69	0.014286
314	159	0.034483
314	193	0.037037
314	227	0.037037
314	246	0.035714
314	260	0.032258
314	262	0.038462
314	264	0.035714
314	277	0.043478
314	367	0.047619
314	383	0.047619
314	408	0.052632
315	13	0.025641
315	17	0.011364
315	22	0.006369
315	61	0.016949
315	71	0.014925
315	114	0.021739
315	122	0.026316
315	128	0.023810
315	145	0.025000
315	157	0.028571
315	179	0.032258
315	188	0.034483
315	200	0.038462
315	222	0.037037
315	249	0.033333
315	282	0.045455
315	291	0.050000
315	298	0.041667
315	349	0.050000
315	359	0.055556
315	370	0.047619
315	436	0.050000
316	0	0.007246
316	2	0.015152
316	15	0.020408
316	17	0.011364
316	20	0.008403
316	28	0.008000
316	31	0.009901
316	32	0.008333
316	40	0.012987
316	44	0.012500
316	107	0.024390
316	113	0.030303
316	126	0.023810
316	133	0.025000
316	153	0.030303
316	168	0.031250
316	221	0.041667
316	309	0.040000
316	317	0.045455
316	398	0.055556
316	403	0.055556
316	404	0.050000
317	0	0.007246
317	6	0.009524
317	33	0.010638
317	39	0.008696
317	83	0.022222
317	87	0.016393
317	94	0.030303
317	101	0.021277
317	109	0.025000
317	126	0.023810
317	139	0.028571
317	144	0.028571
317	178	0.030303
317	185	0.037037
317	190	0.027778
317	246	0.035714
317	264	0.035714
317	316	0.045455
317	330	0.047619
317	354	0.050000
317	416	0.050000
317	417	0.052632
318	0	0.007246
318	7	0.015873
318	11	0.018868
318	25	0.008403
318	26	0.009434
318	28	0.008000
318	40	0.012987
318	42	0.013333
318	55	0.019231
318	73	0.016949
318	82	0.027027
318	104	0.020833
318	107	0.024390
318	152	0.034483
318	189	0.033333
318	198	0.038462
318	204	0.037037
318	222	0.037037
318	324	0.043478
318	347	0.047619
318	419	0.055556
318	429	0.055556
318	443	0.052632
318	449	0.055556
319	12	0.015385
319	52	0.013333
319	60	0.022222
319	61	0.016949
319	85	0.016393
319	91	0.020833
319	119	0.023810
319	142	0.025641
319	155	0.026316
319	171	0.034483
319	178	0.030303
319	191	0.030303
319	192	0.027778
319	231	0.040000
319	240	0.032258
319	280	0.045455
319	293	0.045455
319	295	0.043478
319	324	0.043478
319	346	0.040000
319	375	0.050000
319	389	0.050000
319	402	0.055556
319	408	0.052632
319	417	0.052632
319	437	0.050000
319	443	0.052632
320	1	0.018519
320	19	0.008264
320	38	0.010417
320	46	0.012346
320	81	0.020833
320	83	0.022222
320	106	0.027778
320	110	0.027778
320	114	0.021739
320	125	0.033333
320	149	0.037037
320	151	0.027027
320	160	0.026316
320	179	0.032258
320	191	0.030303
320	211	0.033333
320	263	0.037037
320	274	0.041667
320	367	0.047619
321	6	0.009524
321	24	0.007246
321	25	0.008403
321	39	0.008696
321	42	0.013333
321	54	0.021277
321	71	0.014925
321	74	0.020833
321	81	0.020833
321	86	0.017857
321	121	0.031250
321	127	0.027027
321	190	0.027778
321	207	0.038462
321	259	0.033333
321	281	0.047619
321	283	0.035714
321	311	0.045455
321	332	0.047619
321	335	0.050000
321	344	0.052632
321	367	0.047619
322	2	0.015152
322	4	0.018519
322	6	0.009524
322	8	0.016667
322	17	0.011364
322	28	0.008000
322	49	0.014085
322	50	0.015873
322	51	0.016393
322	59	0.020000
322	69	0.014286
322	79	0.016667
322	151	0.027027
322	177	0.028571
322	215	0.038462
322	232	0.035714
322	252	0.035714
322	309	0.040000
322	353	0.047619
322	379	0.047619
322	382	0.045455
323	27	0.010417
323	33	0.010638
323	41	0.012048
323	43	0.011905
323	63	0.014493
323	76	0.018868
323	86	0.017857
323	88	0.031250
323	122	0.026316
323	123	0.023810
323	126	0.023810
323	127	0.027027
323	145	0.025000
323	202	0.035714
323	223	0.043478
323	282	0.045455
323	289	0.041667
323	304	0.038462
323	398	0.055556
323	399	0.050000
323	413	0.055556
324	0	0.007246
324	8	0.016667
324	24	0.007246
324	41	0.012048
324	42	0.013333
324	78	0.018868
324	122	0.026316
324	156	0.029412
324	166	0.034483
324	183	0.035714
324	184	0.035714
324	215	0.038462
324	225	0.034483
324	241	0.045455
324	260	0.032258
324	284	0.040000
324	318	0.041667
324	319	0.037037
324	361	0.041667
324	363	0.050000
324	377	0.050000
324	395	0.055556
324	421	0.052632
325	0	0.007246
325	19	0.008264
325	26	0.009434
325	27	0.010417
325	31	0.009901
325	52	0.013333
325	56	0.014286
325	85	0.016393
325	97	0.027027
325	107	0.024390
325	152	0.034483
325	163	0.027778
325	186	0.025000
325	232	0.035714
325	248	0.035714
325	273	0.047619
325	281	0.047619
325	283	0.035714
325	359	0.055556
325	385	0.052632
326	21	0.010417
326	22	0.006369
326	23	0.008197
326	24	0.007246
326	36	0.011236
326	49	0.014085
326	65	0.019608
326	95	0.015873
326	99	0.024390
326	139	0.028571
326	148	0.027027
326	155	0.026316
326	173	0.043478
326	174	0.034483
326	208	0.026316
326	248	0.035714
326	269	0.035714
326	313	0.045455
326	417	0.052632
326	435	0.050000
327	2	0.015152
327	17	0.011364
327	22	0.006369
327	23	0.008197
327	29	0.011494
327	41	0.012048
327	64	0.018519
327	68	0.020408
327	69	0.014286
327	94	0.030303
327	145	0.025000
327	178	0.030303
327	183	0.035714
327	218	0.038462
327	241	0.045455
327	255	0.037037
327	295	0.043478
327	302	0.037037
327	347	0.047619
327	352	0.050000
327	365	0.045455
327	402	0.055556
328	17	0.011364
328	20	0.008403
328	23	0.008197
328	28	0.008000
328	34	0.009174
328	41	0.012048
328	78	0.018868
328	91	0.020833
328	108	0.027027
328	119	0.023810
328	170	0.027027
328	175	0.041667
328	177	0.028571
328	199	0.040000
328	231	0.040000
328	233	0.040000
328	236	0.043478
328	240	0.032258
328	356	0.040000
328	455	0.055556
329	0	0.007246
329	6	0.009524
329	7	0.015873
329	20	0.008403
329	24	0.007246
329	25	0.008403
329	37	0.016393
329	63	0.014493
329	88	0.031250
329	95	0.015873
329	97	0.027027
329	115	0.027778
329	143	0.030303
329	149	0.037037
329	200	0.038462
329	279	0.041667
329	285	0.043478
329	288	0.040000
329	389	0.050000
329	390	0.052632
330	9	0.009434
330	16	0.037037
330	23	0.008197
330	24	0.007246
330	28	0.008000
330	32	0.008333
330	36	0.011236
330	76	0.018868
330	78	0.018868
330	80	0.022222
330	88	0.031250
330	117	0.020408
330	175	0.041667
330	211	0.033333
330	259	0.033333
330	277	0.043478
330	312	0.043478
330	317	0.045455
330	388	0.050000
330	450	0.052632
330	453	0.055556
331	8	0.016667
331	13	0.025641
331	24	0.007246
331	28	0.008000
331	29	0.011494
331	31	0.009901
331	36	0.011236
331	39	0.008696
331	52	0.013333
331	71	0.014925
331	117	0.020408
331	118	0.021739
331	128	0.023810
331	141	0.034483
331	144	0.028571
331	240	0.032258
331	247	0.041667
331	260	0.032258
331	370	0.047619
331	386	0.045455
332	0	0.007246
332	7	0.015873
332	15	0.020408
332	25	0.008403
332	34	0.009174
332	72	0.031250
332	80	0.022222
332	92	0.022222
332	105	0.033333
332	112	0.019608
332	114	0.021739
332	131	0.022222
332	142	0.025641
332	145	0.025000
332	172	0.033333
332	225	0.034483
332	289	0.041667
332	321	0.045455
332	342	0.041667
332	366	0.052632
332	383	0.047619
333	0	0.007246
333	3	0.016129
333	21	0.010417
333	22	0.006369
333	23	0.008197
333	42	0.013333
333	57	0.021277
333	89	0.020833
333	90	0.016667
333	98	0.023810
333	112	0.019608
333	144	0.028571
333	179	0.032258
333	203	0.033333
333	208	0.026316
333	209	0.035714
333	268	0.040000
333	284	0.040000
333	349	0.050000
333	429	0.055556
333	432	0.052632
333	455	0.055556
334	9	0.009434
334	21	0.010417
334	32	0.008333
334	69	0.014286
334	71	0.014925
334	79	0.016667
334	112	0.019608
334	139	0.028571
334	151	0.027027
334	166	0.034483
334	202	0.035714
334	207	0.038462
334	211	0.033333
334	213	0.037037
334	238	0.043478
334	279	0.041667
334	286	0.047619
334	313	0.045455
334	403	0.055556
334	453	0.055556
335	14	0.017857
335	23	0.008197
335	27	0.010417
335	38	0.010417
335	42	0.013333
335	53	0.014493
335	93	0.023810
335	101	0.021277
335	138	0.032258
335	148	0.027027
335	180	0.031250
335	192	0.027778
335	196	0.037037
335	205	0.041667
335	260	0.032258
335	284	0.040000
335	300	0.038462
335	321	0.045455
335	345	0.045455
335	391	0.041667
336	15	0.020408
336	17	0.011364
336	27	0.010417
336	29	0.011494
336	31	0.009901
336	34	0.009174
336	45	0.012500
336	46	0.012346
336	76	0.018868
336	98	0.023810
336	99	0.024390
336	115	0.027778
336	126	0.023810
336	148	0.027027
336	159	0.034483
336	203	0.033333
336	220	0.043478
336	278	0.047619
336	426	0.055556
337	5	0.016949
337	12	0.015385
337	19	0.008264
337	32	0.008333
337	39	0.008696
337	41	0.012048
337	45	0.012500
337	52	0.013333
337	61	0.016949
337	150	0.030303
337	159	0.034483
337	160	0.026316
337	216	0.033333
337	224	0.034483
337	227	0.037037
337	258	0.047619
337	276	0.047619
337	294	0.047619
337	379	0.047619
337	424	0.052632
337	445	0.052632
338	0	0.007246
338	20	0.008403
338	22	0.006369
338	23	0.008197
338	24	0.007246
338	32	0.008333
338	39	0.008696
338	44	0.012500
338	47	0.017544
338	71	0.014925
338	151	0.027027
338	179	0.032258
338	201	0.034483
338	219	0.038462
338	225	0.034483
338	243	0.043478
338	302	0.037037
338	304	0.038462
338	344	0.052632
338	367	0.047619
338	376	0.050000
338	379	0.047619
339	3	0.016129
339	10	0.019608
339	12	0.015385
339	21	0.010417
339	25	0.008403
339	30	0.012658
339	68	0.020408
339	131	0.022222
339	142	0.025641
339	155	0.026316
339	185	0.037037
339	187	0.031250
339	192	0.027778
339	206	0.034483
339	220	0.043478
339	232	0.035714
339	244	0.040000
339	295	0.043478
339	361	0.041667
340	4	0.018519
340	5	0.016949
340	18	0.023810
340	24	0.007246
340	25	0.008403
340	33	0.010638
340	57	0.021277
340	84	0.020833
340	90	0.016667
340	117	0.020408
340	118	0.021739
340	144	0.028571
340	151	0.027027
340	152	0.034483
340	255	0.037037
340	290	0.052632
340	295	0.043478
340	300	0.038462
340	365	0.045455
340	373	0.050000
340	385	0.052632
340	392	0.055556
340	456	0.055556
341	14	0.017857
341	22	0.006369
341	31	0.009901
341	34	0.009174
341	40	0.012987
341	43	0.011905
341	52	0.013333
341	92	0.022222
341	114	0.021739
341	120	0.028571
341	141	0.034483
341	180	0.031250
341	184	0.035714
341	185	0.037037
341	213	0.037037
341	232	0.035714
341	246	0.035714
341	310	0.041667
341	343	0.041667
341	395	0.055556
341	397	0.052632
341	398	0.055556
341	399	0.050000
341	417	0.052632
342	1	0.018519
342	28	0.008000
342	67	0.018182
342	110	0.027778
342	132	0.030303
342	146	0.034483
342	148	0.027027
342	150	0.030303
342	158	0.027027
342	200	0.038462
342	206	0.034483
342	215	0.038462
342	218	0.038462
342	238	0.043478
342	253	0.043478
342	294	0.047619
342	298	0.041667
342	332	0.047619
342	357	0.052632
342	375	0.050000
342	379	0.047619
342	411	0.050000
342	415	0.055556
342	450	0.052632
343	17	0.011364
343	18	0.023810
343	23	0.008197
343	26	0.009434
343	32	0.008333
343	33	0.010638
343	37	0.016393
343	64	0.018519
343	80	0.022222
343	90	0.016667
343	97	0.027027
343	122	0.026316
343	128	0.023810
343	180	0.031250
343	192	0.027778
343	248	0.035714
343	306	0.050000
343	341	0.041667
343	385	0.052632
343	387	0.052632
343	397	0.052632
343	428	0.052632
343	434	0.052632
343	447	0.055556
344	0	0.007246
344	6	0.009524
344	11	0.018868
344	14	0.017857
344	17	0.011364
344	24	0.007246
344	34	0.009174
344	38	0.010417
344	40	0.012987
344	49	0.014085
344	76	0.018868
344	109	0.025000
344	146	0.034483
344	164	0.023256
344	262	0.038462
344	301	0.040000
344	321	0.045455
344	338	0.045455
344	440	0.055556
345	9	0.009434
345	12	0.015385
345	25	0.008403
345	27	0.010417
345	34	0.009174
345	87	0.016393
345	137	0.030303
345	155	0.026316
345	157	0.028571
345	162	0.032258
345	164	0.023256
345	176	0.040000
345	198	0.038462
345	201	0.034483
345	202	0.035714
345	215	0.038462
345	248	0.035714
345	335	0.050000
345	404	0.050000
345	415	0.055556
345	425	0.047619
345	450	0.052632
346	1	0.018519
346	6	0.009524
346	23	0.008197
346	31	0.009901
346	34	0.009174
346	52	0.013333
346	64	0.018519
346	101	0.021277
346	117	0.020408
346	124	0.027778
346	165	0.035714
346	204	0.037037
346	240	0.032258
346	246	0.035714
346	248	0.035714
346	254	0.040000
346	273	0.047619
346	319	0.037037
346	361	0.041667
346	367	0.047619
346	376	0.050000
346	409	0.055556
346	415	0.055556
346	436	0.050000
346	450	0.052632
347	12	0.015385
347	15	0.020408
347	26	0.009434
347	43	0.011905
347	47	0.017544
347	53	0.014493
347	85	0.016393
347	101	0.021277
347	119	0.023810
347	132	0.030303
347	177	0.028571
347	187	0.031250
347	196	0.037037
347	257	0.034483
347	303	0.041667
347	308	0.052632
347	318	0.041667
347	327	0.045455
347	379	0.047619
347	393	0.052632
347	427	0.052632
348	0	0.007246
348	3	0.016129
348	9	0.009434
348	22	0.006369
348	41	0.012048
348	46	0.012346
348	54	0.021277
348	62	0.024390
348	71	0.014925
348	85	0.016393
348	99	0.024390
348	102	0.028571
348	108	0.027027
348	145	0.025000
348	204	0.037037
348	250	0.040000
348	259	0.033333
348	269	0.035714
348	356	0.040000
348	386	0.045455
348	440	0.055556
349	2	0.015152
349	4	0.018519
349	5	0.016949
349	9	0.009434
349	21	0.010417
349	22	0.006369
349	25	0.008403
349	37	0.016393
349	55	0.019231
349	86	0.017857
349	117	0.020408
349	118	0.021739
349	210	0.035714
349	239	0.031250
349	271	0.043478
349	300	0.038462
349	315	0.045455
349	333	0.045455
349	374	0.045455
349	418	0.055556
350	6	0.009524
350	24	0.007246
350	39	0.008696
350	50	0.015873
350	78	0.018868
350	95	0.015873
350	114	0.021739
350	121	0.031250
350	123	0.023810
350	124	0.027778
350	155	0.026316
350	157	0.028571
350	160	0.026316
350	178	0.030303
350	188	0.034483
350	207	0.038462
350	249	0.033333
350	310	0.041667
350	362	0.052632
350	363	0.050000
350	370	0.047619
350	381	0.052632
350	382	0.045455
350	434	0.052632
350	454	0.055556
350	456	0.055556
351	9	0.009434
351	20	0.008403
351	29	0.011494
351	60	0.022222
351	61	0.016949
351	75	0.025641
351	77	0.020408
351	95	0.015873
351	101	0.021277
351	114	0.021739
351	129	0.035714
351	131	0.022222
351	177	0.028571
351	182	0.037037
351	199	0.040000
351	212	0.037037
351	232	0.035714
351	265	0.043478
351	361	0.041667
351	440	0.055556
352	12	0.015385
352	13	0.025641
352	15	0.020408
352	19	0.008264
352	20	0.008403
352	29	0.011494
352	42	0.013333
352	45	0.012500
352	49	0.014085
352	52	0.013333
352	100	0.021739
352	104	0.020833
352	120	0.028571
352	131	0.022222
352	144	0.028571
352	183	0.035714
352	192	0.027778
352	327	0.045455
352	375	0.050000
352	453	0.055556
353	6	0.009524
353	28	0.008000
353	32	0.008333
353	70	0.019231
353	83	0.022222
353	90	0.016667
353	126	0.023810
353	142	0.025641
353	145	0.025000
353	160	0.026316
353	166	0.034483
353	259	0.033333
353	268	0.040000
353	276	0.047619
353	286	0.047619
353	296	0.043478
353	304	0.038462
353	322	0.047619
353	372	0.050000
353	402	0.055556
353	431	0.055556
354	0	0.007246
354	2	0.015152
354	19	0.008264
354	36	0.011236
354	37	0.016393
354	38	0.010417
354	40	0.012987
354	46	0.012346
354	59	0.020000
354	63	0.014493
354	79	0.016667
354	90	0.016667
354	151	0.027027
354	164	0.023256
354	202	0.035714
354	257	0.034483
354	260	0.032258
354	317	0.045455
354	361	0.041667
354	456	0.055556
355	11	0.018868
355	30	0.012658
355	32	0.008333
355	39	0.008696
355	49	0.014085
355	56	0.014286
355	68	0.020408
355	79	0.016667
355	80	0.022222
355	149	0.037037
355	161	0.037037
355	166	0.034483
355	184	0.035714
355	186	0.025000
355	190	0.027778
355	271	0.043478
355	277	0.043478
355	313	0.045455
355	374	0.045455
355	410	0.050000
355	452	0.055556
356	25	0.008403
356	30	0.012658
356	36	0.011236
356	44	0.012500
356	50	0.015873
356	64	0.018519
356	78	0.018868
356	85	0.016393
356	164	0.023256
356	187	0.031250
356	190	0.027778
356	196	0.037037
356	199	0.040000
356	237	0.040000
356	301	0.040000
356	313	0.045455
356	328	0.050000
356	348	0.047619
356	364	0.052632
356	366	0.052632
356	371	0.052632
356	383	0.047619
356	386	0.045455
356	388	0.050000
356	421	0.052632
357	4	0.018519
357	7	0.015873
357	33	0.010638
357	36	0.011236
357	70	0.019231
357	99	0.024390
357	104	0.020833
357	113	0.030303
357	135	0.028571
357	144	0.028571
357	158	0.027027
357	191	0.030303
357	208	0.026316
357	215	0.038462
357	216	0.033333
357	249	0.033333
357	304	0.038462
357	342	0.041667
357	423	0.055556
358	15	0.020408
358	34	0.009174
358	45	0.012500
358	57	0.021277
358	61	0.016949
358	69	0.014286
358	81	0.020833
358	95	0.015873
358	124	0.027778
358	127	0.027027
358	141	0.034483
358	174	0.034483
358	201	0.034483
358	221	0.041667
358	252	0.035714
358	257	0.034483
358	279	0.041667
358	283	0.035714
358	366	0.052632
358	376	0.050000
358	390	0.052632
358	407	0.055556
358	427	0.052632
358	456	0.055556
359	6	0.009524
359	19	0.008264
359	32	0.008333
359	35	0.015385
359	36	0.011236
359	45	0.012500
359	49	0.014085
359	54	0.021277
359	70	0.019231
359	99	0.024390
359	102	0.028571
359	118	0.021739
359	181	0.032258
359	195	0.037037
359	285	0.043478
359	300	0.038462
359	315	0.045455
359	325	0.050000
360	8	0.016667
360	9	0.009434
360	14	0.017857
360	19	0.008264
360	24	0.007246
360	73	0.016949
360	79	0.016667
360	85	0.016393
360	95	0.015873
360	110	0.027778
360	112	0.019608
360	128	0.023810
360	153	0.030303
360	216	0.033333
360	248	0.035714
360	257	0.034483
360	270	0.045455
360	271	0.043478
360	364	0.052632
360	421	0.052632
360	425	0.047619
361	43	0.011905
361	79	0.016667
361	93	0.023810
361	118	0.021739
361	134	0.035714
361	162	0.032258
361	163	0.027778
361	208	0.026316
361	217	0.035714
361	225	0.034483
361	226	0.045455
361	271	0.043478
361	296	0.043478
361	324	0.043478
361	339	0.052632
361	346	0.040000
361	351	0.050000
361	354	0.050000
361	395	0.055556
361	397	0.052632
361	398	0.055556
361	431	0.055556
361	438	0.052632
361	441	0.052632
362	7	0.015873
362	27	0.010417
362	39	0.008696
362	41	0.012048
362	42	0.013333
362	43	0.011905
362	46	0.012346
362	69	0.014286
362	77	0.020408
362	82	0.027027
362	93	0.023810
362	111	0.029412
362	140	0.027778
362	144	0.028571
362	161	0.037037
362	227	0.037037
362	242	0.050000
362	350	0.038462
362	432	0.052632
363	0	0.007246
363	19	0.008264
363	25	0.008403
363	29	0.011494
363	34	0.009174
363	89	0.020833
363	95	0.015873
363	118	0.021739
363	128	0.023810
363	131	0.022222
363	164	0.023256
363	171	0.034483
363	224	0.034483
363	263	0.037037
363	283	0.035714
363	311	0.045455
363	324	0.043478
363	350	0.038462
363	392	0.055556
363	446	0.055556
364	24	0.007246
364	25	0.008403
364	30	0.012658
364	34	0.009174
364	38	0.010417
364	43	0.011905
364	52	0.013333
364	59	0.020000
364	84	0.020833
364	87	0.016393
364	120	0.028571
364	193	0.037037
364	201	0.034483
364	210	0.035714
364	218	0.038462
364	234	0.045455
364	356	0.040000
364	360	0.047619
364	397	0.052632
365	2	0.015152
365	27	0.010417
365	28	0.008000
365	29	0.011494
365	62	0.024390
365	70	0.019231
365	89	0.020833
365	94	0.030303
365	137	0.030303
365	142	0.025641
365	148	0.027027
365	153	0.030303
365	162	0.032258
365	186	0.025000
365	196	0.037037
365	208	0.026316
365	327	0.045455
365	340	0.043478
365	399	0.050000
365	400	0.055556
365	427	0.052632
365	429	0.055556
366	38	0.010417
366	44	0.012500
366	60	0.022222
366	64	0.018519
366	67	0.018182
366	83	0.022222
366	117	0.020408
366	172	0.033333
366	186	0.025000
366	191	0.030303
366	201	0.034483
366	222	0.037037
366	245	0.047619
366	270	0.045455
366	303	0.041667
366	332	0.047619
366	356	0.040000
366	358	0.041667
366	407	0.055556
367	24	0.007246
367	28	0.008000
367	38	0.010417
367	49	0.014085
367	52	0.013333
367	69	0.014286
367	84	0.020833
367	157	0.028571
367	165	0.035714
367	180	0.031250
367	193	0.037037
367	210	0.035714
367	256	0.034483
367	314	0.047619
367	320	0.052632
367	321	0.045455
367	338	0.045455
367	346	0.040000
367	375	0.050000
367	415	0.055556
367	421	0.052632
368	6	0.009524
368	11	0.018868
368	21	0.010417
368	33	0.010638
368	37	0.016393
368	44	0.012500
368	75	0.025641
368	83	0.022222
368	87	0.016393
368	120	0.028571
368	157	0.028571
368	159	0.034483
368	189	0.033333
368	195	0.037037
368	249	0.033333
368	274	0.041667
368	289	0.041667
368	310	0.041667
368	435	0.050000
369	14	0.017857
369	24	0.007246
369	35	0.015385
369	51	0.016393
369	77	0.020408
369	78	0.018868
369	82	0.027027
369	104	0.020833
369	114	0.021739
369	115	0.027778
369	165	0.035714
369	169	0.037037
369	204	0.037037
369	217	0.035714
369	224	0.034483
369	284	0.040000
369	296	0.043478
369	302	0.037037
369	370	0.047619
369	371	0.052632
369	389	0.050000
369	419	0.055556
370	24	0.007246
370	32	0.008333
370	34	0.009174
370	36	0.011236
370	44	0.012500
370	51	0.016393
370	54	0.021277
370	56	0.014286
370	60	0.022222
370	92	0.022222
370	99	0.024390
370	126	0.023810
370	145	0.025000
370	209	0.035714
370	315	0.045455
370	331	0.050000
370	350	0.038462
370	369	0.045455
370	384	0.052632
370	396	0.052632
370	407	0.055556
371	4	0.018519
371	19	0.008264
371	28	0.008000
371	33	0.010638
371	39	0.008696
371	40	0.012987
371	51	0.016393
371	63	0.014493
371	87	0.016393
371	89	0.020833
371	95	0.015873
371	133	0.025000
371	138	0.032258
371	139	0.028571
371	168	0.031250
371	232	0.035714
371	356	0.040000
371	369	0.045455
371	439	0.055556
372	8	0.016667
372	13	0.025641
372	20	0.008403
372	56	0.014286
372	57	0.021277
372	68	0.020408
372	71	0.014925
372	84	0.020833
372	131	0.022222
372	158	0.027027
372	171	0.034483
372	181	0.032258
372	205	0.041667
372	218	0.038462
372	224	0.034483
372	257	0.034483
372	262	0.038462
372	353	0.047619
372	381	0.052632
372	396	0.052632
373	2	0.015152
373	21	0.010417
373	31	0.009901
373	36	0.011236
373	38	0.010417
373	41	0.012048
373	46	0.012346
373	58	0.018868
373	64	0.018519
373	66	0.023810
373	94	0.030303
373	120	0.028571
373	121	0.031250
373	153	0.030303
373	190	0.027778
373	250	0.040000
373	268	0.040000
373	340	0.043478
373	377	0.050000
373	437	0.050000
374	6	0.009524
374	10	0.019608
374	12	0.015385
374	19	0.008264
374	23	0.008197
374	74	0.020833
374	81	0.020833
374	87	0.016393
374	139	0.028571
374	142	0.025641
374	146	0.034483
374	148	0.027027
374	180	0.031250
374	197	0.037037
374	221	0.041667
374	249	0.033333
374	349	0.050000
374	355	0.047619
374	395	0.055556
374	405	0.052632
374	427	0.052632
374	448	0.055556
375	1	0.018519
375	22	0.006369
375	30	0.012658
375	38	0.010417
375	39	0.008696
375	53	0.014493
375	63	0.014493
375	72	0.031250
375	85	0.016393
375	86	0.017857
375	101	0.021277
375	163	0.027778
375	167	0.035714
375	250	0.040000
375	319	0.037037
375	342	0.041667
375	352	0.050000
375	367	0.047619
375	384	0.052632
375	431	0.055556
376	5	0.016949
376	6	0.009524
376	10	0.019608
376	19	0.008264
376	22	0.006369
376	32	0.008333
376	33	0.010638
376	40	0.012987
376	74	0.020833
376	75	0.025641
376	98	0.023810
376	168	0.031250
376	179	0.032258
376	212	0.037037
376	259	0.033333
376	338	0.045455
376	346	0.040000
376	358	0.041667
376	417	0.052632
376	429	0.055556
377	6	0.009524
377	22	0.006369
377	25	0.008403
377	38	0.010417
377	45	0.012500
377	49	0.014085
377	83	0.022222
377	131	0.022222
377	161	0.037037
377	167	0.035714
377	170	0.027027
377	177	0.028571
377	255	0.037037
377	278	0.047619
377	306	0.050000
377	311	0.045455
377	324	0.043478
377	373	0.050000
377	392	0.055556
377	421	0.052632
378	4	0.018519
378	7	0.015873
378	22	0.006369
378	24	0.007246
378	28	0.008000
378	29	0.011494
378	31	0.009901
378	41	0.012048
378	44	0.012500
378	52	0.013333
378	105	0.033333
378	203	0.033333
378	216	0.033333
378	227	0.037037
378	235	0.040000
378	266	0.050000
378	282	0.045455
378	302	0.037037
378	394	0.047619
379	18	0.023810
379	21	0.010417
379	32	0.008333
379	33	0.010638
379	34	0.009174
379	37	0.016393
379	38	0.010417
379	41	0.012048
379	47	0.017544
379	122	0.026316
379	185	0.037037
379	258	0.047619
379	263	0.037037
379	322	0.047619
379	337	0.047619
379	338	0.045455
379	342	0.041667
379	347	0.047619
379	409	0.055556
379	412	0.055556
379	443	0.052632
380	0	0.007246
380	20	0.008403
380	25	0.008403
380	39	0.008696
380	40	0.012987
380	48	0.016393
380	53	0.014493
380	74	0.020833
380	81	0.020833
380	89	0.020833
380	102	0.028571
380	104	0.020833
380	154	0.032258
380	158	0.027027
380	164	0.023256
380	262	0.038462
380	263	0.037037
380	310	0.041667
380	422	0.052632
381	12	0.015385
381	23	0.008197
381	30	0.012658
381	36	0.011236
381	62	0.024390
381	71	0.014925
381	92	0.022222
381	106	0.027778
381	123	0.023810
381	179	0.032258
381	203	0.033333
381	209	0.035714
381	216	0.033333
381	236	0.043478
381	249	0.033333
381	293	0.045455
381	350	0.038462
381	372	0.050000
381	441	0.052632
382	9	0.009434
382	22	0.006369
382	24	0.007246
382	30	0.012658
382	32	0.008333
382	38	0.010417
382	39	0.008696
382	58	0.018868
382	86	0.017857
382	94	0.030303
382	140	0.027778
382	152	0.034483
382	251	0.043478
382	269	0.035714
382	272	0.047619
382	309	0.040000
382	322	0.047619
382	350	0.038462
382	435	0.050000
382	437	0.050000
382	439	0.055556
382	441	0.052632
383	3	0.016129
383	13	0.025641
383	23	0.008197
383	27	0.010417
383	37	0.016393
383	51	0.016393
383	76	0.018868
383	79	0.016667
383	98	0.023810
383	120	0.028571
383	143	0.030303
383	177	0.028571
383	219	0.038462
383	252	0.035714
383	293	0.045455
383	314	0.047619
383	332	0.047619
383	356	0.040000
383	413	0.055556
383	414	0.055556
383	454	0.055556
384	3	0.016129
384	25	0.008403
384	53	0.014493
384	58	0.018868
384	84	0.020833
384	104	0.020833
384	123	0.023810
384	130	0.030303
384	169	0.037037
384	183	0.035714
384	221	0.041667
384	239	0.031250
384	240	0.032258
384	243	0.043478
384	270	0.045455
384	277	0.043478
384	370	0.047619
384	375	0.050000
384	432	0.052632
385	20	0.008403
385	32	0.008333
385	48	0.016393
385	55	0.019231
385	92	0.022222
385	96	0.025641
385	122	0.026316
385	124	0.027778
385	128	0.023810
385	143	0.030303
385	176	0.040000
385	247	0.041667
385	287	0.052632
385	288	0.040000
385	302	0.037037
385	325	0.050000
385	340	0.043478
385	343	0.041667
385	437	0.050000
386	19	0.008264
386	20	0.008403
386	22	0.006369
386	34	0.009174
386	43	0.011905
386	65	0.019608
386	71	0.014925
386	110	0.027778
386	119	0.023810
386	126	0.023810
386	153	0.030303
386	163	0.027778
386	168	0.031250
386	249	0.033333
386	298	0.041667
386	331	0.050000
386	348	0.047619
386	356	0.040000
386	393	0.052632
386	396	0.052632
386	437	0.050000
386	449	0.055556
387	21	0.010417
387	23	0.008197
387	24	0.007246
387	25	0.008403
387	28	0.008000
387	35	0.015385
387	52	0.013333
387	53	0.014493
387	114	0.021739
387	116	0.025641
387	130	0.030303
387	144	0.028571
387	203	0.033333
387	239	0.031250
387	301	0.040000
387	303	0.041667
387	307	0.043478
387	343	0.041667
387	418	0.055556
388	21	0.010417
388	32	0.008333
388	34	0.009174
388	39	0.008696
388	61	0.016949
388	62	0.024390
388	79	0.016667
388	86	0.017857
388	100	0.021739
388	125	0.033333
388	179	0.032258
388	187	0.031250
388	202	0.035714
388	210	0.035714
388	216	0.033333
388	269	0.035714
388	330	0.047619
388	356	0.040000
388	407	0.055556
388	430	0.055556
389	12	0.015385
389	30	0.012658
389	32	0.008333
389	40	0.012987
389	52	0.013333
389	57	0.021277
389	63	0.014493
389	65	0.019608
389	70	0.019231
389	75	0.025641
389	82	0.027027
389	86	0.017857
389	122	0.026316
389	177	0.028571
389	193	0.037037
389	319	0.037037
389	329	0.050000
389	369	0.045455
389	414	0.055556
389	419	0.055556
390	0	0.007246
390	7	0.015873
390	9	0.009434
390	24	0.007246
390	30	0.012658
390	37	0.016393
390	46	0.012346
390	65	0.019608
390	75	0.025641
390	79	0.016667
390	90	0.016667
390	104	0.020833
390	126	0.023810
390	151	0.027027
390	194	0.040000
390	228	0.047619
390	329	0.050000
390	358	0.041667
390	392	0.055556
391	0	0.007246
391	6	0.009524
391	11	0.018868
391	26	0.009434
391	29	0.011494
391	31	0.009901
391	36	0.011236
391	45	0.012500
391	48	0.016393
391	49	0.014085
391	53	0.014493
391	55	0.019231
391	128	0.023810
391	239	0.031250
391	240	0.032258
391	279	0.041667
391	309	0.040000
391	335	0.050000
391	402	0.055556
391	419	0.055556
391	421	0.052632
391	422	0.052632
391	426	0.055556
391	440	0.055556
392	2	0.015152
392	8	0.016667
392	23	0.008197
392	30	0.012658
392	39	0.008696
392	43	0.011905
392	93	0.023810
392	136	0.029412
392	145	0.025000
392	208	0.026316
392	211	0.033333
392	220	0.043478
392	228	0.047619
392	289	0.041667
392	340	0.043478
392	363	0.050000
392	377	0.050000
392	390	0.052632
393	22	0.006369
393	27	0.010417
393	28	0.008000
393	34	0.009174
393	40	0.012987
393	57	0.021277
393	77	0.020408
393	136	0.029412
393	162	0.032258
393	219	0.038462
393	226	0.045455
393	248	0.035714
393	256	0.034483
393	260	0.032258
393	298	0.041667
393	309	0.040000
393	347	0.047619
393	386	0.045455
393	423	0.055556
394	21	0.010417
394	22	0.006369
394	24	0.007246
394	42	0.013333
394	46	0.012346
394	61	0.016949
394	73	0.016949
394	160	0.026316
394	172	0.033333
394	179	0.032258
394	199	0.040000
394	200	0.038462
394	206	0.034483
394	225	0.034483
394	269	0.035714
394	282	0.045455
394	305	0.050000
394	378	0.052632
394	415	0.055556
394	448	0.055556
394	450	0.052632
395	8	0.016667
395	17	0.011364
395	19	0.008264
395	22	0.006369
395	24	0.007246
395	31	0.009901
395	55	0.019231
395	63	0.014493
395	81	0.020833
395	144	0.028571
395	203	0.033333
395	205	0.041667
395	239	0.031250
395	260	0.032258
395	324	0.043478
395	341	0.041667
395	361	0.041667
395	374	0.045455
396	0	0.007246
396	2	0.015152
396	10	0.019608
396	11	0.018868
396	23	0.008197
396	25	0.008403
396	44	0.012500
396	60	0.022222
396	90	0.016667
396	188	0.034483
396	217	0.035714
396	218	0.038462
396	222	0.037037
396	257	0.034483
396	278	0.047619
396	370	0.047619
396	372	0.050000
396	386	0.045455
396	417	0.052632
397	21	0.010417
397	31	0.009901
397	42	0.013333
397	44	0.012500
397	86	0.017857
397	129	0.035714
397	132	0.030303
397	137	0.030303
397	143	0.030303
397	152	0.034483
397	167	0.035714
397	178	0.030303
397	223	0.043478
397	310	0.041667
397	341	0.041667
397	343	0.041667
397	361	0.041667
397	364	0.052632
397	438	0.052632
398	6	0.009524
398	19	0.008264
398	25	0.008403
398	27	0.010417
398	28	0.008000
398	31	0.009901
398	32	0.008333
398	66	0.023810
398	97	0.027027
398	123	0.023810
398	147	0.034483
398	237	0.040000
398	260	0.032258
398	309	0.040000
398	316	0.045455
398	323	0.047619
398	341	0.041667
398	361	0.041667
399	3	0.016129
399	51	0.016393
399	56	0.014286
399	61	0.016949
399	80	0.022222
399	85	0.016393
399	122	0.026316
399	149	0.037037
399	158	0.027027
399	161	0.037037
399	191	0.030303
399	268	0.040000
399	283	0.035714
399	285	0.043478
399	312	0.043478
399	323	0.047619
399	341	0.041667
399	365	0.045455
399	408	0.052632
399	443	0.052632
400	6	0.009524
400	7	0.015873
400	17	0.011364
400	25	0.008403
400	34	0.009174
400	36	0.011236
400	60	0.022222
400	69	0.014286
400	71	0.014925
400	89	0.020833
400	95	0.015873
400	110	0.027778
400	114	0.021739
400	133	0.025000
400	141	0.034483
400	179	0.032258
400	266	0.050000
400	365	0.045455
401	6	0.009524
401	28	0.008000
401	34	0.009174
401	38	0.010417
401	52	0.013333
401	53	0.014493
401	55	0.019231
401	57	0.021277
401	58	0.018868
401	85	0.016393
401	100	0.021739
401	144	0.028571
401	169	0.037037
401	170	0.027027
401	181	0.032258
401	214	0.038462
401	264	0.035714
401	310	0.041667
401	403	0.055556
401	425	0.047619
402	0	0.007246
402	10	0.019608
402	21	0.010417
402	22	0.006369
402	34	0.009174
402	37	0.016393
402	44	0.012500
402	95	0.015873
402	104	0.020833
402	113	0.030303
402	168	0.031250
402	170	0.027027
402	252	0.035714
402	260	0.032258
402	319	0.037037
402	327	0.045455
402	353	0.047619
402	391	0.041667
403	0	0.007246
403	6	0.009524
403	24	0.007246
403	71	0.014925
403	86	0.017857
403	123	0.023810
403	133	0.025000
403	134	0.035714
403	194	0.040000
403	208	0.026316
403	261	0.045455
403	267	0.047619
403	275	0.047619
403	288	0.040000
403	303	0.041667
403	316	0.045455
403	334	0.050000
403	401	0.050000
404	0	0.007246
404	15	0.020408
404	20	0.008403
404	28	0.008000
404	31	0.009901
404	60	0.022222
404	63	0.014493
404	73	0.016949
404	95	0.015873
404	162	0.032258
404	181	0.032258
404	239	0.031250
404	246	0.035714
404	255	0.037037
404	274	0.041667
404	289	0.041667
404	316	0.045455
404	345	0.045455
404	439	0.055556
404	447	0.055556
405	6	0.009524
405	7	0.015873
405	14	0.017857
405	34	0.009174
405	36	0.011236
405	43	0.011905
405	56	0.014286
405	61	0.016949
405	95	0.015873
405	109	0.025000
405	150	0.030303
405	155	0.026316
405	203	0.033333
405	218	0.038462
405	252	0.035714
405	305	0.050000
405	312	0.043478
405	374	0.045455
405	426	0.055556
406	13	0.025641
406	24	0.007246
406	29	0.011494
406	51	0.016393
406	65	0.019608
406	70	0.019231
406	106	0.027778
406	126	0.023810
406	131	0.022222
406	168	0.031250
406	169	0.037037
406	191	0.030303
406	197	0.037037
406	212	0.037037
406	235	0.040000
406	256	0.034483
406	291	0.050000
406	301	0.040000
406	431	0.055556
407	17	0.011364
407	19	0.008264
407	26	0.009434
407	32	0.008333
407	34	0.009174
407	46	0.012346
407	90	0.016667
407	98	0.023810
407	129	0.035714
407	190	0.027778
407	222	0.037037
407	267	0.047619
407	293	0.045455
407	302	0.037037
407	358	0.041667
407	366	0.052632
407	370	0.047619
407	388	0.050000
408	0	0.007246
408	7	0.015873
408	14	0.017857
408	25	0.008403
408	26	0.009434
408	41	0.012048
408	44	0.012500
408	49	0.014085
408	50	0.015873
408	90	0.016667
408	118	0.021739
408	193	0.037037
408	268	0.040000
408	283	0.035714
408	288	0.040000
408	314	0.047619
408	319	0.037037
408	399	0.050000
408	442	0.055556
409	0	0.007246
409	6	0.009524
409	22	0.006369
409	31	0.009901
409	41	0.012048
409	45	0.012500
409	50	0.015873
409	61	0.016949
409	75	0.025641
409	85	0.016393
409	117	0.020408
409	119	0.023810
409	126	0.023810
409	143	0.030303
409	173	0.043478
409	185	0.037037
409	346	0.040000
409	379	0.047619
410	3	0.016129
410	10	0.019608
410	22	0.006369
410	24	0.007246
410	31	0.009901
410	40	0.012987
410	43	0.011905
410	62	0.024390
410	84	0.020833
410	96	0.025641
410	101	0.021277
410	114	0.021739
410	119	0.023810
410	133	0.025000
410	178	0.030303
410	255	0.037037
410	277	0.043478
410	355	0.047619
410	424	0.052632
410	452	0.055556
411	18	0.023810
411	28	0.008000
411	29	0.011494
411	39	0.008696
411	52	0.013333
411	67	0.018182
411	74	0.020833
411	104	0.020833
411	117	0.020408
411	121	0.031250
411	140	0.027778
411	142	0.025641
411	150	0.030303
411	163	0.027778
411	164	0.023256
411	219	0.038462
411	304	0.038462
411	342	0.041667
411	432	0.052632
411	447	0.055556
412	3	0.016129
412	20	0.008403
412	27	0.010417
412	38	0.010417
412	41	0.012048
412	45	0.012500
412	56	0.014286
412	87	0.016393
412	100	0.021739
412	110	0.027778
412	153	0.030303
412	158	0.027027
412	166	0.034483
412	191	0.030303
412	202	0.035714
412	225	0.034483
412	232	0.035714
412	379	0.047619
413	9	0.009434
413	17	0.011364
413	39	0.008696
413	55	0.019231
413	67	0.018182
413	77	0.020408
413	79	0.016667
413	153	0.030303
413	154	0.032258
413	197	0.037037
413	205	0.041667
413	235	0.040000
413	240	0.032258
413	262	0.038462
413	307	0.043478
413	312	0.043478
413	323	0.047619
413	383	0.047619
414	20	0.008403
414	33	0.010638
414	37	0.016393
414	44	0.012500
414	106	0.027778
414	108	0.027027
414	160	0.026316
414	163	0.027778
414	180	0.031250
414	182	0.037037
414	184	0.035714
414	187	0.031250
414	203	0.033333
414	250	0.040000
414	252	0.035714
414	274	0.041667
414	383	0.047619
414	389	0.050000
415	21	0.010417
415	28	0.008000
415	36	0.011236
415	52	0.013333
415	93	0.023810
415	122	0.026316
415	123	0.023810
415	127	0.027027
415	138	0.032258
415	139	0.028571
415	147	0.034483
415	189	0.033333
415	206	0.034483
415	342	0.041667
415	345	0.045455
415	346	0.040000
415	367	0.047619
415	394	0.047619
416	18	0.023810
416	25	0.008403
416	31	0.009901
416	56	0.014286
416	57	0.021277
416	63	0.014493
416	64	0.018519
416	70	0.019231
416	76	0.018868
416	106	0.027778
416	110	0.027778
416	111	0.029412
416	112	0.019608
416	170	0.027027
416	190	0.027778
416	197	0.037037
416	201	0.034483
416	317	0.045455
416	447	0.055556
416	453	0.055556
417	4	0.018519
417	10	0.019608
417	11	0.018868
417	12	0.015385
417	25	0.008403
417	34	0.009174
417	77	0.020408
417	107	0.024390
417	112	0.019608
417	185	0.037037
417	211	0.033333
417	217	0.035714
417	317	0.045455
417	319	0.037037
417	326	0.050000
417	341	0.041667
417	376	0.050000
417	396	0.052632
417	420	0.055556
418	5	0.016949
418	22	0.006369
418	23	0.008197
418	34	0.009174
418	37	0.016393
418	52	0.013333
418	70	0.019231
418	87	0.016393
418	106	0.027778
418	135	0.028571
418	141	0.034483
418	142	0.025641
418	165	0.035714
418	186	0.025000
418	221	0.041667
418	252	0.035714
418	349	0.050000
418	387	0.052632
419	1	0.018519
419	7	0.015873
419	9	0.009434
419	22	0.006369
419	63	0.014493
419	73	0.016949
419	127	0.027027
419	129	0.035714
419	131	0.022222
419	155	0.026316
419	156	0.029412
419	183	0.035714
419	184	0.035714
419	194	0.040000
419	318	0.041667
419	369	0.045455
419	389	0.050000
419	391	0.041667
420	10	0.019608
420	19	0.008264
420	20	0.008403
420	21	0.010417
420	29	0.011494
420	39	0.008696
420	59	0.020000
420	63	0.014493
420	72	0.031250
420	83	0.022222
420	115	0.027778
420	117	0.020408
420	151	0.027027
420	181	0.032258
420	194	0.040000
420	259	0.033333
420	303	0.041667
420	417	0.052632
421	40	0.012987
421	41	0.012048
421	61	0.016949
421	70	0.019231
421	86	0.017857
421	127	0.027027
421	171	0.034483
421	181	0.032258
421	189	0.033333
421	218	0.038462
421	300	0.038462
421	301	0.040000
421	324	0.043478
421	356	0.040000
421	360	0.047619
421	367	0.047619
421	377	0.050000
421	391	0.041667
421	437	0.050000
422	23	0.008197
422	28	0.008000
422	29	0.011494
422	40	0.012987
422	46	0.012346
422	71	0.014925
422	76	0.018868
422	83	0.022222
422	144	0.028571
422	148	0.027027
422	164	0.023256
422	177	0.028571
422	225	0.034483
422	236	0.043478
422	253	0.043478
422	264	0.035714
422	380	0.052632
422	391	0.041667
422	440	0.055556
423	0	0.007246
423	3	0.016129
423	38	0.010417
423	61	0.016949
423	75	0.025641
423	81	0.020833
423	84	0.020833
423	85	0.016393
423	87	0.016393
423	105	0.033333
423	156	0.029412
423	158	0.027027
423	192	0.027778
423	228	0.047619
423	248	0.035714
423	272	0.047619
423	357	0.052632
423	393	0.052632
424	4	0.018519
424	16	0.037037
424	25	0.008403
424	32	0.008333
424	65	0.019608
424	86	0.017857
424	113	0.030303
424	115	0.027778
424	150	0.030303
424	168	0.031250
424	225	0.034483
424	227	0.037037
424	238	0.043478
424	261	0.045455
424	283	0.035714
424	304	0.038462
424	337	0.047619
424	410	0.050000
424	440	0.055556
425	2	0.015152
425	11	0.018868
425	20	0.008403
425	22	0.006369
425	31	0.009901
425	34	0.009174
425	69	0.014286
425	83	0.022222
425	133	0.025000
425	163	0.027778
425	168	0.031250
425	208	0.026316
425	216	0.033333
425	229	0.045455
425	296	0.043478
425	345	0.045455
425	360	0.047619
425	401	0.050000
425	447	0.055556
425	450	0.052632
425	454	0.055556
426	19	0.008264
426	20	0.008403
426	33	0.010638
426	51	0.016393
426	77	0.020408
426	90	0.016667
426	136	0.029412
426	141	0.034483
426	156	0.029412
426	206	0.034483
426	240	0.032258
426	256	0.034483
426	299	0.047619
426	304	0.038462
426	309	0.040000
426	336	0.052632
426	391	0.041667
426	405	0.052632
427	0	0.007246
427	3	0.016129
427	6	0.009524
427	22	0.006369
427	29	0.011494
427	31	0.009901
427	56	0.014286
427	61	0.016949
427	63	0.014493
427	79	0.016667
427	82	0.027027
427	137	0.030303
427	192	0.027778
427	239	0.031250
427	347	0.047619
427	358	0.041667
427	365	0.045455
427	374	0.045455
427	428	0.052632
428	8	0.016667
428	25	0.008403
428	32	0.008333
428	41	0.012048
428	67	0.018182
428	76	0.018868
428	78	0.018868
428	86	0.017857
428	87	0.016393
428	90	0.016667
428	157	0.028571
428	169	0.037037
428	180	0.031250
428	192	0.027778
428	193	0.037037
428	307	0.043478
428	343	0.041667
428	427	0.052632
428	451	0.052632
429	18	0.023810
429	29	0.011494
429	33	0.010638
429	39	0.008696
429	53	0.014493
429	63	0.014493
429	96	0.025641
429	105	0.033333
429	125	0.033333
429	131	0.022222
429	194	0.040000
429	217	0.035714
429	265	0.043478
429	279	0.041667
429	318	0.041667
429	333	0.045455
429	365	0.045455
429	376	0.050000
430	0	0.007246
430	21	0.010417
430	27	0.010417
430	49	0.014085
430	64	0.018519
430	69	0.014286
430	99	0.024390
430	104	0.020833
430	135	0.028571
430	151	0.027027
430	168	0.031250
430	182	0.037037
430	185	0.037037
430	197	0.037037
430	216	0.033333
430	246	0.035714
430	269	0.035714
430	388	0.050000
431	23	0.008197
431	24	0.007246
431	31	0.009901
431	50	0.015873
431	64	0.018519
431	65	0.019608
431	84	0.020833
431	85	0.016393
431	87	0.016393
431	140	0.027778
431	157	0.028571
431	189	0.033333
431	217	0.035714
431	220	0.043478
431	353	0.047619
431	361	0.041667
431	375	0.050000
431	406	0.052632
432	0	0.007246
432	9	0.009434
432	15	0.020408
432	25	0.008403
432	31	0.009901
432	32	0.008333
432	56	0.014286
432	61	0.016949
432	79	0.016667
432	98	0.023810
432	183	0.035714
432	252	0.035714
432	295	0.043478
432	298	0.041667
432	333	0.045455
432	362	0.052632
432	384	0.052632
432	411	0.050000
432	444	0.052632
433	17	0.011364
433	28	0.008000
433	32	0.008333
433	34	0.009174
433	35	0.015385
433	36	0.011236
433	38	0.010417
433	64	0.018519
433	85	0.016393
433	102	0.028571
433	139	0.028571
433	210	0.035714
433	212	0.037037
433	244	0.040000
433	255	0.037037
433	265	0.043478
433	268	0.040000
433	303	0.041667
434	6	0.009524
434	10	0.019608
434	19	0.008264
434	41	0.012048
434	64	0.018519
434	71	0.014925
434	85	0.016393
434	133	0.025000
434	213	0.037037
434	237	0.040000
434	256	0.034483
434	284	0.040000
434	285	0.043478
434	296	0.043478
434	304	0.038462
434	307	0.043478
434	343	0.041667
434	350	0.038462
434	437	0.050000
435	17	0.011364
435	18	0.023810
435	34	0.009174
435	35	0.015385
435	36	0.011236
435	39	0.008696
435	58	0.018868
435	87	0.016393
435	104	0.020833
435	209	0.035714
435	211	0.033333
435	235	0.040000
435	237	0.040000
435	254	0.040000
435	294	0.047619
435	326	0.050000
435	368	0.052632
435	382	0.045455
435	456	0.055556
435	457	0.055556
436	2	0.015152
436	22	0.006369
436	35	0.015385
436	62	0.024390
436	71	0.014925
436	82	0.027027
436	128	0.023810
436	138	0.032258
436	143	0.030303
436	148	0.027027
436	163	0.027778
436	184	0.035714
436	213	0.037037
436	222	0.037037
436	255	0.037037
436	311	0.045455
436	315	0.045455
436	346	0.040000
436	447	0.055556
436	448	0.055556
437	17	0.011364
437	21	0.010417
437	44	0.012500
437	46	0.012346
437	48	0.016393
437	85	0.016393
437	150	0.030303
437	178	0.030303
437	211	0.033333
437	275	0.047619
437	300	0.038462
437	319	0.037037
437	373	0.050000
437	382	0.045455
437	385	0.052632
437	386	0.045455
437	421	0.052632
437	434	0.052632
437	438	0.052632
437	444	0.052632
438	6	0.009524
438	12	0.015385
438	19	0.008264
438	33	0.010638
438	40	0.012987
438	49	0.014085
438	63	0.014493
438	65	0.019608
438	87	0.016393
438	89	0.020833
438	122	0.026316
438	158	0.027027
438	173	0.043478
438	203	0.033333
438	251	0.043478
438	361	0.041667
438	397	0.052632
438	437	0.050000
438	451	0.052632
439	0	0.007246
439	6	0.009524
439	20	0.008403
439	22	0.006369
439	31	0.009901
439	35	0.015385
439	36	0.011236
439	39	0.008696
439	55	0.019231
439	63	0.014493
439	93	0.023810
439	131	0.022222
439	187	0.031250
439	268	0.040000
439	280	0.045455
439	371	0.052632
439	382	0.045455
439	404	0.050000
440	0	0.007246
440	10	0.019608
440	36	0.011236
440	136	0.029412
440	137	0.030303
440	160	0.026316
440	170	0.027027
440	230	0.041667
440	233	0.040000
440	240	0.032258
440	245	0.047619
440	292	0.052632
440	344	0.052632
440	348	0.047619
440	351	0.050000
440	391	0.041667
440	422	0.052632
440	424	0.052632
441	31	0.009901
441	52	0.013333
441	63	0.014493
441	66	0.023810
441	80	0.022222
441	87	0.016393
441	90	0.016667
441	99	0.024390
441	112	0.019608
441	117	0.020408
441	138	0.032258
441	145	0.025000
441	187	0.031250
441	191	0.030303
441	219	0.038462
441	361	0.041667
441	381	0.052632
441	382	0.045455
441	443	0.052632
442	1	0.018519
442	5	0.016949
442	9	0.009434
442	42	0.013333
442	65	0.019608
442	71	0.014925
442	75	0.025641
442	77	0.020408
442	106	0.027778
442	111	0.029412
442	122	0.026316
442	139	0.028571
442	163	0.027778
442	181	0.032258
442	211	0.033333
442	247	0.041667
442	279	0.041667
442	408	0.052632
443	5	0.016949
443	24	0.007246
443	35	0.015385
443	55	0.019231
443	56	0.014286
443	75	0.025641
443	79	0.016667
443	89	0.020833
443	100	0.021739
443	103	0.030303
443	114	0.021739
443	129	0.035714
443	255	0.037037
443	318	0.041667
443	319	0.037037
443	379	0.047619
443	399	0.050000
443	441	0.052632
443	446	0.055556
444	17	0.011364
444	25	0.008403
444	41	0.012048
444	46	0.012346
444	56	0.014286
444	60	0.022222
444	67	0.018182
444	73	0.016949
444	95	0.015873
444	134	0.035714
444	151	0.027027
444	195	0.037037
444	196	0.037037
444	199	0.040000
444	269	0.035714
444	301	0.040000
444	432	0.052632
444	437	0.050000
444	457	0.055556
445	3	0.016129
445	13	0.025641
445	23	0.008197
445	30	0.012658
445	33	0.010638
445	41	0.012048
445	43	0.011905
445	49	0.014085
445	69	0.014286
445	90	0.016667
445	91	0.020833
445	108	0.027027
445	145	0.025000
445	164	0.023256
445	177	0.028571
445	215	0.038462
445	230	0.041667
445	337	0.047619
445	452	0.055556
446	14	0.017857
446	22	0.006369
446	39	0.008696
446	91	0.020833
446	101	0.021277
446	133	0.025000
446	135	0.028571
446	152	0.034483
446	165	0.035714
446	198	0.038462
446	212	0.037037
446	239	0.031250
446	269	0.035714
446	286	0.047619
446	299	0.047619
446	300	0.038462
446	363	0.050000
446	443	0.052632
447	13	0.025641
447	22	0.006369
447	29	0.011494
447	38	0.010417
447	42	0.013333
447	76	0.018868
447	81	0.020833
447	106	0.027778
447	119	0.023810
447	136	0.029412
447	242	0.050000
447	302	0.037037
447	343	0.041667
447	404	0.050000
447	411	0.050000
447	416	0.050000
447	425	0.047619
447	436	0.050000
448	15	0.020408
448	17	0.011364
448	71	0.014925
448	81	0.020833
448	114	0.021739
448	132	0.030303
448	142	0.025641
448	156	0.029412
448	159	0.034483
448	201	0.034483
448	224	0.034483
448	239	0.031250
448	243	0.043478
448	249	0.033333
448	297	0.050000
448	374	0.045455
448	394	0.047619
448	436	0.050000
449	2	0.015152
449	9	0.009434
449	10	0.019608
449	17	0.011364
449	22	0.006369
449	34	0.009174
449	40	0.012987
449	62	0.024390
449	94	0.030303
449	122	0.026316
449	158	0.027027
449	200	0.038462
449	216	0.033333
449	267	0.047619
449	273	0.047619
449	312	0.043478
449	318	0.041667
449	386	0.045455
450	5	0.016949
450	22	0.006369
450	59	0.020000
450	100	0.021739
450	113	0.030303
450	127	0.027027
450	133	0.025000
450	181	0.032258
450	202	0.035714
450	208	0.026316
450	227	0.037037
450	244	0.040000
450	330	0.047619
450	342	0.041667
450	345	0.045455
450	346	0.040000
450	394	0.047619
450	425	0.047619
450	453	0.055556
451	3	0.016129
451	7	0.015873
451	12	0.015385
451	40	0.012987
451	69	0.014286
451	122	0.026316
451	162	0.032258
451	180	0.031250
451	196	0.037037
451	209	0.035714
451	213	0.037037
451	230	0.041667
451	235	0.040000
451	236	0.043478
451	260	0.032258
451	302	0.037037
451	428	0.052632
451	438	0.052632
451	455	0.055556
452	22	0.006369
452	25	0.008403
452	30	0.012658
452	31	0.009901
452	49	0.014085
452	73	0.016949
452	91	0.020833
452	92	0.022222
452	112	0.019608
452	147	0.034483
452	177	0.028571
452	178	0.030303
452	262	0.038462
452	263	0.037037
452	270	0.045455
452	355	0.047619
452	410	0.050000
452	445	0.052632
453	0	0.007246
453	19	0.008264
453	21	0.010417
453	24	0.007246
453	109	0.025000
453	118	0.021739
453	127	0.027027
453	135	0.028571
453	174	0.034483
453	190	0.027778
453	241	0.045455
453	250	0.040000
453	257	0.034483
453	330	0.047619
453	334	0.050000
453	352	0.050000
453	416	0.050000
453	450	0.052632
454	5	0.016949
454	7	0.015873
454	17	0.011364
454	28	0.008000
454	32	0.008333
454	36	0.011236
454	39	0.008696
454	43	0.011905
454	56	0.014286
454	71	0.014925
454	83	0.022222
454	86	0.017857
454	142	0.025641
454	186	0.025000
454	307	0.043478
454	350	0.038462
454	383	0.047619
454	425	0.047619
455	22	0.006369
455	36	0.011236
455	71	0.014925
455	80	0.022222
455	81	0.020833
455	84	0.020833
455	89	0.020833
455	95	0.015873
455	135	0.028571
455	137	0.030303
455	198	0.038462
455	214	0.038462
455	257	0.034483
455	288	0.040000
455	301	0.040000
455	328	0.050000
455	333	0.045455
455	451	0.052632
456	32	0.008333
456	39	0.008696
456	42	0.013333
456	46	0.012346
456	60	0.022222
456	143	0.030303
456	148	0.027027
456	149	0.037037
456	164	0.023256
456	171	0.034483
456	188	0.034483
456	191	0.030303
456	302	0.037037
456	340	0.043478
456	350	0.038462
456	354	0.050000
456	358	0.041667
456	435	0.050000
457	5	0.016949
457	6	0.009524
457	23	0.008197
457	28	0.008000
457	30	0.012658
457	74	0.020833
457	79	0.016667
457	95	0.015873
457	100	0.021739
457	128	0.023810
457	134	0.035714
457	142	0.025641
457	224	0.034483
457	264	0.035714
457	288	0.040000
457	298	0.041667
457	435	0.050000
457	444	0.052632
