426	13798
0	17	0.006452
0	18	0.006173
0	19	0.008264
0	20	0.008403
0	23	0.009009
0	30	0.027778
0	33	0.012821
0	36	0.012821
0	40	0.020833
0	47	0.016393
0	49	0.014493
0	65	0.016393
0	69	0.022222
0	79	0.022727
0	84	0.024390
0	118	0.025000
0	119	0.028571
0	142	0.030303
0	144	0.031250
0	153	0.034483
0	155	0.045455
0	158	0.043478
0	160	0.035714
0	168	0.032258
0	172	0.029412
0	178	0.035714
0	183	0.040000
0	187	0.040000
0	198	0.034483
0	210	0.040000
0	246	0.047619
0	254	0.047619
0	259	0.040000
0	263	0.038462
0	281	0.052632
0	307	0.052632
0	335	0.052632
0	389	0.058824
0	392	0.058824
0	399	0.055556
0	413	0.058824
1	17	0.006452
1	18	0.006173
1	19	0.008264
1	21	0.008929
1	22	0.010309
1	26	0.014706
1	27	0.019231
1	30	0.027778
1	31	0.035714
1	33	0.012821
1	34	0.010000
1	35	0.010417
1	38	0.013889
1	39	0.011765
1	40	0.020833
1	45	0.011628
1	50	0.028571
1	52	0.015152
1	54	0.019608
1	64	0.015385
1	65	0.016393
1	66	0.020833
1	75	0.021739
1	77	0.015152
1	78	0.018182
1	80	0.028571
1	88	0.027027
1	91	0.037037
1	94	0.034483
1	99	0.027027
1	102	0.029412
1	103	0.022727
1	107	0.027027
1	111	0.031250
1	114	0.027027
1	116	0.017544
1	117	0.024390
1	121	0.031250
1	122	0.045455
1	127	0.050000
1	135	0.023810
1	142	0.030303
1	145	0.040000
1	150	0.030303
1	152	0.034483
1	155	0.045455
1	165	0.045455
1	171	0.043478
1	177	0.043478
1	183	0.040000
1	202	0.037037
1	205	0.032258
1	210	0.040000
1	214	0.037037
1	218	0.037037
1	221	0.055556
1	224	0.041667
1	228	0.043478
1	236	0.045455
1	241	0.035714
1	253	0.052632
1	281	0.052632
1	287	0.050000
1	303	0.047619
1	322	0.050000
1	330	0.058824
1	336	0.052632
1	350	0.058824
1	362	0.045455
1	378	0.058824
1	393	0.058824
1	402	0.058824
1	418	0.058824
1	419	0.058824
2	17	0.006452
2	18	0.006173
2	19	0.008264
2	20	0.008403
2	21	0.008929
2	22	0.010309
2	26	0.014706
2	27	0.019231
2	29	0.023256
2	31	0.035714
2	32	0.012500
2	33	0.012821
2	36	0.012821
2	38	0.013889
2	39	0.011765
2	44	0.016129
2	45	0.011628
2	46	0.012821
2	48	0.015873
2	53	0.020408
2	54	0.019608
2	56	0.022222
2	57	0.022727
2	61	0.030303
2	63	0.033333
2	66	0.020833
2	68	0.019608
2	69	0.022222
2	70	0.018868
2	71	0.016129
2	77	0.015152
2	78	0.018182
2	79	0.022727
2	84	0.024390
2	87	0.023256
2	89	0.023810
2	94	0.034483
2	96	0.022222
2	99	0.027027
2	103	0.022727
2	107	0.027027
2	110	0.027778
2	111	0.031250
2	113	0.029412
2	115	0.022222
2	117	0.024390
2	131	0.032258
2	143	0.040000
2	146	0.028571
2	153	0.034483
2	162	0.038462
2	173	0.040000
2	179	0.041667
2	181	0.032258
2	182	0.029412
2	183	0.040000
2	190	0.047619
2	197	0.034483
2	201	0.041667
2	208	0.038462
2	216	0.045455
2	220	0.045455
2	224	0.041667
2	237	0.040000
2	241	0.035714
2	250	0.050000
2	251	0.047619
2	252	0.047619
2	263	0.038462
2	266	0.052632
2	268	0.050000
2	269	0.034483
2	275	0.045455
2	276	0.050000
2	278	0.052632
2	279	0.047619
2	281	0.052632
2	296	0.041667
2	306	0.050000
2	314	0.050000
2	315	0.050000
2	320	0.052632
2	323	0.047619
2	324	0.045455
2	327	0.045455
2	342	0.055556
2	348	0.055556
2	349	0.055556
2	355	0.055556
2	361	0.055556
2	384	0.055556
2	387	0.055556
2	389	0.058824
2	394	0.058824
2	396	0.055556
2	403	0.058824
2	409	0.058824
2	418	0.058824
2	419	0.058824
2	421	0.058824
2	423	0.058824
2	425	0.058824
3	17	0.006452
3	18	0.006173
3	19	0.008264
3	20	0.008403
3	21	0.008929
3	22	0.010309
3	23	0.009009
3	26	0.014706
3	29	0.023256
3	32	0.012500
3	35	0.010417
3	37	0.010753
3	40	0.020833
3	41	0.016667
3	42	0.010638
3	43	0.014925
3	49	0.014493
3	53	0.020408
3	54	0.019608
3	55	0.019608
3	59	0.025000
3	62	0.038462
3	70	0.018868
3	73	0.017857
3	79	0.022727
3	84	0.024390
3	86	0.023810
3	89	0.023810
3	91	0.037037
3	95	0.050000
3	100	0.020833
3	101	0.030303
3	105	0.035714
3	106	0.023256
3	108	0.027778
3	112	0.025000
3	123	0.030303
3	138	0.030303
3	144	0.031250
3	146	0.028571
3	148	0.029412
3	149	0.025641
3	158	0.043478
3	164	0.031250
3	168	0.032258
3	170	0.031250
3	189	0.050000
3	201	0.041667
3	206	0.037037
3	213	0.045455
3	217	0.041667
3	226	0.052632
3	227	0.040000
3	230	0.041667
3	243	0.034483
3	248	0.041667
3	258	0.041667
3	270	0.040000
3	274	0.045455
3	280	0.045455
3	286	0.055556
3	297	0.058824
3	301	0.050000
3	329	0.047619
3	334	0.047619
3	340	0.045455
3	353	0.052632
3	354	0.058824
3	360	0.055556
3	365	0.047619
3	366	0.058824
3	382	0.058824
3	383	0.055556
3	393	0.058824
3	394	0.058824
4	17	0.006452
4	18	0.006173
4	20	0.008403
4	21	0.008929
4	22	0.010309
4	23	0.009009
4	24	0.010101
4	25	0.015152
4	26	0.014706
4	27	0.019231
4	29	0.023256
4	30	0.027778
4	31	0.035714
4	33	0.012821
4	34	0.010000
4	39	0.011765
4	43	0.014925
4	46	0.012821
4	47	0.016393
4	52	0.015152
4	60	0.021277
4	82	0.023810
4	83	0.024390
4	86	0.023810
4	87	0.023256
4	93	0.030303
4	104	0.023256
4	105	0.035714
4	112	0.025000
4	123	0.030303
4	136	0.034483
4	140	0.026316
4	141	0.038462
4	171	0.043478
4	172	0.029412
4	178	0.035714
4	188	0.031250
4	189	0.050000
4	217	0.041667
4	221	0.055556
4	225	0.037037
4	229	0.045455
4	247	0.040000
4	251	0.047619
4	252	0.047619
4	260	0.043478
4	264	0.045455
4	276	0.050000
4	277	0.047619
4	280	0.045455
4	282	0.052632
4	283	0.058824
4	292	0.052632
4	293	0.052632
4	300	0.050000
4	301	0.050000
4	307	0.052632
4	310	0.047619
4	312	0.050000
4	313	0.047619
4	317	0.055556
4	320	0.052632
4	323	0.047619
4	324	0.045455
4	334	0.047619
4	350	0.058824
4	360	0.055556
4	363	0.058824
4	384	0.055556
4	403	0.058824
5	17	0.006452
5	18	0.006173
5	19	0.008264
5	20	0.008403
5	21	0.008929
5	24	0.010101
5	25	0.015152
5	26	0.014706
5	27	0.019231
5	28	0.018868
5	34	0.010000
5	36	0.012821
5	39	0.011765
5	40	0.020833
5	41	0.016667
5	44	0.016129
5	45	0.011628
5	51	0.014706
5	53	0.020408
5	68	0.019608
5	72	0.018868
5	88	0.027027
5	90	0.029412
5	93	0.030303
5	97	0.025641
5	100	0.020833
5	104	0.023256
5	107	0.027027
5	113	0.029412
5	118	0.025000
5	128	0.032258
5	131	0.032258
5	139	0.037037
5	160	0.035714
5	176	0.038462
5	179	0.041667
5	182	0.029412
5	195	0.040000
5	196	0.035714
5	204	0.034483
5	211	0.043478
5	227	0.040000
5	237	0.040000
5	243	0.034483
5	248	0.041667
5	272	0.038462
5	283	0.058824
5	303	0.047619
5	317	0.055556
5	325	0.047619
5	331	0.058824
5	332	0.047619
5	347	0.058824
5	366	0.058824
5	376	0.055556
5	407	0.055556
5	412	0.058824
5	420	0.058824
6	17	0.006452
6	18	0.006173
6	19	0.008264
6	20	0.008403
6	21	0.008929
6	22	0.010309
6	24	0.010101
6	25	0.015152
6	27	0.019231
6	28	0.018868
6	30	0.027778
6	34	0.010000
6	35	0.010417
6	37	0.010753
6	44	0.016129
6	52	0.015152
6	53	0.020408
6	56	0.022222
6	63	0.033333
6	71	0.016129
6	76	0.015625
6	78	0.018182
6	79	0.022727
6	83	0.024390
6	85	0.022727
6	88	0.027027
6	93	0.030303
6	94	0.034483
6	97	0.025641
6	101	0.030303
6	108	0.027778
6	109	0.027027
6	114	0.027027
6	116	0.017544
6	118	0.025000
6	120	0.038462
6	121	0.031250
6	122	0.045455
6	123	0.030303
6	130	0.025000
6	137	0.038462
6	142	0.030303
6	146	0.028571
6	150	0.030303
6	158	0.043478
6	162	0.038462
6	169	0.033333
6	184	0.040000
6	195	0.040000
6	196	0.035714
6	198	0.034483
6	199	0.031250
6	205	0.032258
6	214	0.037037
6	218	0.037037
6	228	0.043478
6	235	0.038462
6	236	0.045455
6	239	0.047619
6	256	0.040000
6	271	0.045455
6	272	0.038462
6	277	0.047619
6	293	0.052632
6	295	0.050000
6	296	0.041667
6	307	0.052632
6	318	0.052632
6	320	0.052632
6	321	0.058824
6	338	0.052632
6	342	0.055556
6	362	0.045455
6	377	0.050000
6	387	0.055556
6	393	0.058824
6	395	0.058824
6	397	0.055556
6	408	0.058824
6	410	0.058824
6	420	0.058824
7	17	0.006452
7	18	0.006173
7	19	0.008264
7	20	0.008403
7	21	0.008929
7	23	0.009009
7	24	0.010101
7	31	0.035714
7	33	0.012821
7	51	0.014706
7	55	0.019608
7	69	0.022222
7	82	0.023810
7	85	0.022727
7	92	0.033333
7	93	0.030303
7	119	0.028571
7	122	0.045455
7	127	0.050000
7	131	0.032258
7	140	0.026316
7	141	0.038462
7	145	0.040000
7	164	0.031250
7	167	0.041667
7	169	0.033333
7	189	0.050000
7	198	0.034483
7	220	0.045455
7	224	0.041667
7	237	0.040000
7	241	0.035714
7	244	0.047619
7	267	0.050000
7	322	0.050000
7	334	0.047619
7	344	0.052632
7	348	0.055556
7	349	0.055556
7	353	0.052632
7	362	0.045455
7	378	0.058824
7	412	0.058824
7	421	0.058824
7	425	0.058824
8	17	0.006452
8	18	0.006173
8	19	0.008264
8	20	0.008403
8	21	0.008929
8	22	0.010309
8	23	0.009009
8	24	0.010101
8	25	0.015152
8	27	0.019231
8	28	0.018868
8	29	0.023256
8	30	0.027778
8	31	0.035714
8	32	0.012500
8	33	0.012821
8	35	0.010417
8	36	0.012821
8	38	0.013889
8	40	0.020833
8	41	0.016667
8	42	0.010638
8	46	0.012821
8	48	0.015873
8	49	0.014493
8	50	0.028571
8	58	0.021277
8	61	0.030303
8	62	0.038462
8	63	0.033333
8	64	0.015385
8	67	0.019231
8	73	0.017857
8	74	0.027027
8	76	0.015625
8	80	0.028571
8	83	0.024390
8	86	0.023810
8	88	0.027027
8	94	0.034483
8	95	0.050000
8	96	0.022222
8	103	0.022727
8	105	0.035714
8	106	0.023256
8	107	0.027027
8	111	0.031250
8	116	0.017544
8	123	0.030303
8	126	0.035714
8	127	0.050000
8	129	0.032258
8	130	0.025000
8	133	0.027778
8	134	0.030303
8	136	0.034483
8	137	0.038462
8	142	0.030303
8	147	0.031250
8	156	0.043478
8	169	0.033333
8	175	0.038462
8	180	0.034483
8	188	0.031250
8	201	0.041667
8	205	0.032258
8	206	0.037037
8	222	0.052632
8	232	0.043478
8	239	0.047619
8	244	0.047619
8	260	0.043478
8	261	0.041667
8	262	0.041667
8	263	0.038462
8	269	0.034483
8	270	0.040000
8	300	0.050000
8	306	0.050000
8	307	0.052632
8	308	0.050000
8	310	0.047619
8	316	0.055556
8	326	0.055556
8	338	0.052632
8	345	0.047619
8	353	0.052632
8	357	0.055556
8	370	0.058824
8	379	0.058824
8	382	0.058824
8	384	0.055556
8	386	0.055556
8	387	0.055556
8	390	0.055556
8	396	0.055556
8	403	0.058824
8	407	0.055556
8	409	0.058824
8	423	0.058824
9	17	0.006452
9	18	0.006173
9	19	0.008264
9	20	0.008403
9	24	0.010101
9	27	0.019231
9	28	0.018868
9	32	0.012500
9	33	0.012821
9	36	0.012821
9	37	0.010753
9	38	0.013889
9	39	0.011765
9	42	0.010638
9	44	0.016129
9	47	0.016393
9	52	0.015152
9	60	0.021277
9	62	0.038462
9	63	0.033333
9	72	0.018868
9	78	0.018182
9	80	0.028571
9	95	0.050000
9	104	0.023256
9	109	0.027027
9	113	0.029412
9	119	0.028571
9	122	0.045455
9	125	0.040000
9	126	0.035714
9	128	0.032258
9	133	0.027778
9	139	0.037037
9	148	0.029412
9	159	0.045455
9	164	0.031250
9	172	0.029412
9	176	0.038462
9	183	0.040000
9	199	0.031250
9	207	0.045455
9	213	0.045455
9	217	0.041667
9	225	0.037037
9	235	0.038462
9	250	0.050000
9	254	0.047619
9	260	0.043478
9	261	0.041667
9	262	0.041667
9	269	0.034483
9	279	0.047619
9	299	0.045455
9	304	0.052632
9	305	0.045455
9	310	0.047619
9	335	0.052632
9	340	0.045455
9	364	0.055556
9	371	0.055556
9	379	0.058824
9	388	0.055556
9	405	0.062500
9	407	0.055556
9	413	0.058824
9	414	0.058824
9	424	0.058824
10	17	0.006452
10	18	0.006173
10	19	0.008264
10	20	0.008403
10	21	0.008929
10	22	0.010309
10	23	0.009009
10	25	0.015152
10	27	0.019231
10	28	0.018868
10	29	0.023256
10	30	0.027778
10	31	0.035714
10	35	0.010417
10	39	0.011765
10	40	0.020833
10	41	0.016667
10	43	0.014925
10	45	0.011628
10	46	0.012821
10	51	0.014706
10	52	0.015152
10	54	0.019608
10	56	0.022222
10	59	0.025000
10	60	0.021277
10	62	0.038462
10	63	0.033333
10	68	0.019608
10	69	0.022222
10	71	0.016129
10	72	0.018868
10	73	0.017857
10	75	0.021739
10	81	0.022222
10	86	0.023810
10	95	0.050000
10	108	0.027778
10	110	0.027778
10	112	0.025000
10	114	0.027027
10	115	0.022222
10	117	0.024390
10	125	0.040000
10	131	0.032258
10	138	0.030303
10	144	0.031250
10	152	0.034483
10	154	0.040000
10	156	0.043478
10	157	0.047619
10	160	0.035714
10	162	0.038462
10	163	0.035714
10	165	0.045455
10	186	0.045455
10	191	0.041667
10	203	0.040000
10	211	0.043478
10	213	0.045455
10	217	0.041667
10	218	0.037037
10	232	0.043478
10	255	0.045455
10	260	0.043478
10	263	0.038462
10	264	0.045455
10	265	0.052632
10	275	0.045455
10	289	0.034483
10	315	0.050000
10	333	0.058824
10	352	0.052632
10	353	0.052632
10	358	0.055556
10	375	0.052632
10	376	0.055556
10	385	0.055556
10	403	0.058824
10	405	0.062500
11	17	0.006452
11	18	0.006173
11	19	0.008264
11	22	0.010309
11	23	0.009009
11	24	0.010101
11	25	0.015152
11	26	0.014706
11	28	0.018868
11	29	0.023256
11	30	0.027778
11	35	0.010417
11	36	0.012821
11	38	0.013889
11	40	0.020833
11	41	0.016667
11	42	0.010638
11	43	0.014925
11	51	0.014706
11	62	0.038462
11	65	0.016393
11	67	0.019231
11	68	0.019608
11	69	0.022222
11	74	0.027027
11	75	0.021739
11	88	0.027027
11	93	0.030303
11	96	0.022222
11	107	0.027027
11	111	0.031250
11	123	0.030303
11	124	0.038462
11	130	0.025000
11	131	0.032258
11	135	0.023810
11	142	0.030303
11	146	0.028571
11	155	0.045455
11	161	0.031250
11	164	0.031250
11	167	0.041667
11	173	0.040000
11	208	0.038462
11	209	0.034483
11	210	0.040000
11	212	0.030303
11	238	0.047619
11	244	0.047619
11	247	0.040000
11	249	0.047619
11	252	0.047619
11	266	0.052632
11	272	0.038462
11	297	0.058824
11	312	0.050000
11	330	0.058824
11	336	0.052632
11	337	0.055556
11	341	0.050000
11	350	0.058824
11	352	0.052632
11	361	0.055556
11	370	0.058824
11	387	0.055556
11	404	0.058824
12	17	0.006452
12	18	0.006173
12	19	0.008264
12	20	0.008403
12	21	0.008929
12	22	0.010309
12	23	0.009009
12	24	0.010101
12	25	0.015152
12	26	0.014706
12	28	0.018868
12	34	0.010000
12	35	0.010417
12	37	0.010753
12	38	0.013889
12	40	0.020833
12	43	0.014925
12	44	0.016129
12	46	0.012821
12	51	0.014706
12	55	0.019608
12	60	0.021277
12	70	0.018868
12	75	0.021739
12	79	0.022727
12	84	0.024390
12	90	0.029412
12	99	0.027027
12	106	0.023256
12	111	0.031250
12	112	0.025000
12	116	0.017544
12	122	0.045455
12	124	0.038462
12	137	0.038462
12	138	0.030303
12	149	0.025641
12	152	0.034483
12	154	0.040000
12	155	0.045455
12	156	0.043478
12	160	0.035714
12	162	0.038462
12	168	0.032258
12	172	0.029412
12	175	0.038462
12	176	0.038462
12	177	0.043478
12	182	0.029412
12	195	0.040000
12	196	0.035714
12	197	0.034483
12	207	0.045455
12	226	0.052632
12	232	0.043478
12	235	0.038462
12	237	0.040000
12	239	0.047619
12	248	0.041667
12	266	0.052632
12	268	0.050000
12	274	0.045455
12	277	0.047619
12	288	0.043478
12	290	0.055556
12	296	0.041667
12	305	0.045455
12	309	0.055556
12	313	0.047619
12	320	0.052632
12	341	0.050000
12	355	0.055556
12	377	0.050000
12	416	0.058824
12	417	0.058824
13	17	0.006452
13	18	0.006173
13	19	0.008264
13	20	0.008403
13	21	0.008929
13	22	0.010309
13	23	0.009009
13	24	0.010101
13	25	0.015152
13	27	0.019231
13	29	0.023256
13	31	0.035714
13	32	0.012500
13	33	0.012821
13	34	0.010000
13	36	0.012821
13	37	0.010753
13	39	0.011765
13	40	0.020833
13	41	0.016667
13	42	0.010638
13	43	0.014925
13	45	0.011628
13	46	0.012821
13	48	0.015873
13	50	0.028571
13	52	0.015152
13	53	0.020408
13	54	0.019608
13	55	0.019608
13	56	0.022222
13	59	0.025000
13	61	0.030303
13	62	0.038462
13	63	0.033333
13	64	0.015385
13	66	0.020833
13	67	0.019231
13	68	0.019608
13	69	0.022222
13	71	0.016129
13	72	0.018868
13	74	0.027027
13	76	0.015625
13	81	0.022222
13	86	0.023810
13	87	0.023256
13	93	0.030303
13	101	0.030303
13	102	0.029412
13	103	0.022727
13	107	0.027027
13	110	0.027778
13	113	0.029412
13	119	0.028571
13	122	0.045455
13	127	0.050000
13	133	0.027778
13	140	0.026316
13	141	0.038462
13	144	0.031250
13	146	0.028571
13	147	0.031250
13	150	0.030303
13	156	0.043478
13	161	0.031250
13	165	0.045455
13	168	0.032258
13	169	0.033333
13	171	0.043478
13	177	0.043478
13	180	0.034483
13	184	0.040000
13	185	0.047619
13	188	0.031250
13	194	0.040000
13	195	0.040000
13	198	0.034483
13	252	0.047619
13	258	0.041667
13	290	0.055556
13	292	0.052632
13	313	0.047619
13	314	0.050000
13	334	0.047619
13	355	0.055556
13	356	0.062500
13	362	0.045455
13	373	0.050000
13	378	0.058824
13	392	0.058824
13	393	0.058824
13	398	0.055556
13	400	0.058824
13	414	0.058824
14	17	0.006452
14	21	0.008929
14	22	0.010309
14	23	0.009009
14	24	0.010101
14	29	0.023256
14	80	0.028571
14	97	0.025641
14	100	0.020833
14	121	0.031250
14	129	0.032258
14	136	0.034483
14	161	0.031250
14	166	0.035714
14	186	0.045455
14	192	0.035714
14	207	0.045455
14	212	0.030303
14	228	0.043478
14	250	0.050000
14	263	0.038462
14	271	0.045455
14	296	0.041667
14	318	0.052632
14	331	0.058824
14	365	0.047619
14	383	0.055556
14	401	0.058824
14	411	0.055556
15	17	0.006452
15	18	0.006173
15	19	0.008264
15	20	0.008403
15	22	0.010309
15	25	0.015152
15	26	0.014706
15	36	0.012821
15	37	0.010753
15	43	0.014925
15	44	0.016129
15	45	0.011628
15	47	0.016393
15	48	0.015873
15	50	0.028571
15	51	0.014706
15	59	0.025000
15	64	0.015385
15	70	0.018868
15	72	0.018868
15	73	0.017857
15	97	0.025641
15	101	0.030303
15	102	0.029412
15	107	0.027027
15	109	0.027027
15	115	0.022222
15	126	0.035714
15	127	0.050000
15	147	0.031250
15	154	0.040000
15	169	0.033333
15	170	0.031250
15	206	0.037037
15	209	0.034483
15	210	0.040000
15	212	0.030303
15	233	0.037037
15	237	0.040000
15	246	0.047619
15	261	0.041667
15	273	0.038462
15	282	0.052632
15	297	0.058824
15	304	0.052632
15	308	0.050000
15	330	0.058824
15	334	0.047619
15	336	0.052632
15	355	0.055556
15	369	0.052632
15	386	0.055556
15	388	0.055556
15	389	0.058824
15	393	0.058824
15	405	0.062500
15	408	0.058824
15	424	0.058824
16	17	0.006452
16	18	0.006173
16	19	0.008264
16	20	0.008403
16	21	0.008929
16	22	0.010309
16	23	0.009009
16	25	0.015152
16	26	0.014706
16	27	0.019231
16	28	0.018868
16	30	0.027778
16	32	0.012500
16	33	0.012821
16	35	0.010417
16	37	0.010753
16	39	0.011765
16	42	0.010638
16	49	0.014493
16	53	0.020408
16	57	0.022727
16	58	0.021277
16	60	0.021277
16	61	0.030303
16	65	0.016393
16	67	0.019231
16	69	0.022222
16	71	0.016129
16	77	0.015152
16	79	0.022727
16	83	0.024390
16	85	0.022727
16	88	0.027027
16	90	0.029412
16	96	0.022222
16	105	0.035714
16	106	0.023256
16	107	0.027027
16	125	0.040000
16	130	0.025000
16	138	0.030303
16	139	0.037037
16	145	0.040000
16	158	0.043478
16	164	0.031250
16	174	0.028571
16	178	0.035714
16	221	0.055556
16	227	0.040000
16	232	0.043478
16	233	0.037037
16	234	0.043478
16	235	0.038462
16	238	0.047619
16	240	0.045455
16	241	0.035714
16	247	0.040000
16	249	0.047619
16	255	0.045455
16	256	0.040000
16	259	0.040000
16	268	0.050000
16	276	0.050000
16	277	0.047619
16	281	0.052632
16	284	0.047619
16	287	0.050000
16	293	0.052632
16	299	0.045455
16	300	0.050000
16	302	0.058824
16	305	0.045455
16	308	0.050000
16	325	0.047619
16	331	0.058824
16	348	0.055556
16	351	0.055556
16	356	0.062500
16	361	0.055556
16	362	0.045455
16	371	0.055556
16	372	0.052632
16	374	0.055556
16	378	0.058824
16	388	0.055556
16	410	0.058824
16	417	0.058824
16	419	0.058824
16	423	0.058824
17	0	0.024390
17	1	0.013514
17	2	0.009804
17	3	0.013333
17	4	0.014286
17	5	0.017241
17	6	0.012346
17	7	0.022222
17	8	0.010000
17	9	0.014706
17	10	0.012500
17	11	0.015152
17	12	0.013333
17	13	0.010526
17	14	0.034483
17	15	0.017241
17	16	0.011236
17	18	0.006173
17	19	0.008264
17	20	0.008403
17	21	0.008929
17	22	0.010309
17	23	0.009009
17	24	0.010101
17	25	0.015152
17	26	0.014706
17	28	0.018868
17	29	0.023256
17	30	0.027778
17	31	0.035714
17	32	0.012500
17	33	0.012821
17	34	0.010000
17	35	0.010417
17	36	0.012821
17	37	0.010753
17	38	0.013889
17	39	0.011765
17	40	0.020833
17	43	0.014925
17	44	0.016129
17	48	0.015873
17	49	0.014493
17	50	0.028571
17	54	0.019608
17	56	0.022222
17	60	0.021277
17	61	0.030303
17	64	0.015385
17	65	0.016393
17	68	0.019608
17	70	0.018868
17	75	0.021739
17	76	0.015625
17	78	0.018182
17	79	0.022727
17	82	0.023810
17	83	0.024390
17	84	0.024390
17	86	0.023810
17	92	0.033333
17	100	0.020833
17	102	0.029412
17	104	0.023256
17	105	0.035714
17	114	0.027027
17	116	0.017544
17	118	0.025000
17	121	0.031250
17	123	0.030303
17	125	0.040000
17	131	0.032258
17	136	0.034483
17	140	0.026316
17	143	0.040000
17	145	0.040000
17	147	0.031250
17	149	0.025641
17	150	0.030303
17	152	0.034483
17	159	0.045455
17	161	0.031250
17	164	0.031250
17	165	0.045455
17	166	0.035714
17	173	0.040000
17	174	0.028571
17	176	0.038462
17	178	0.035714
17	185	0.047619
17	187	0.040000
17	188	0.031250
17	189	0.050000
17	190	0.047619
17	192	0.035714
17	193	0.035714
17	200	0.035714
17	202	0.037037
17	205	0.032258
17	206	0.037037
17	207	0.045455
17	209	0.034483
17	211	0.043478
17	212	0.030303
17	226	0.052632
17	227	0.040000
17	228	0.043478
17	238	0.047619
17	239	0.047619
17	241	0.035714
17	249	0.047619
17	251	0.047619
17	254	0.047619
17	262	0.041667
17	263	0.038462
17	264	0.045455
17	266	0.052632
17	267	0.050000
17	268	0.050000
17	274	0.045455
17	275	0.045455
17	282	0.052632
17	283	0.058824
17	284	0.047619
17	285	0.055556
17	293	0.052632
17	294	0.045455
17	296	0.041667
17	298	0.045455
17	301	0.050000
17	302	0.058824
17	319	0.058824
17	320	0.052632
17	328	0.055556
17	333	0.058824
17	339	0.055556
17	341	0.050000
17	344	0.052632
17	345	0.047619
17	347	0.058824
17	348	0.055556
17	351	0.055556
17	352	0.052632
17	357	0.055556
17	361	0.055556
17	363	0.058824
17	373	0.050000
17	380	0.055556
17	389	0.058824
17	393	0.058824
17	402	0.058824
17	406	0.058824
17	407	0.055556
17	414	0.058824
17	422	0.055556
18	0	0.024390
18	1	0.013514
18	2	0.009804
18	3	0.013333
18	4	0.014286
18	5	0.017241
18	6	0.012346
18	7	0.022222
18	8	0.010000
18	9	0.014706
18	10	0.012500
18	11	0.015152
18	12	0.013333
18	13	0.010526
18	15	0.017241
18	16	0.011236
18	17	0.006452
18	19	0.008264
18	20	0.008403
18	21	0.008929
18	22	0.010309
18	23	0.009009
18	24	0.010101
18	26	0.014706
18	27	0.019231
18	28	0.018868
18	29	0.023256
18	30	0.027778
18	31	0.035714
18	32	0.012500
18	33	0.012821
18	34	0.010000
18	36	0.012821
18	37	0.010753
18	39	0.011765
18	41	0.016667
18	42	0.010638
18	45	0.011628
18	46	0.012821
18	48	0.015873
18	51	0.014706
18	52	0.015152
18	53	0.020408
18	54	0.019608
18	55	0.019608
18	57	0.022727
18	58	0.021277
18	60	0.021277
18	61	0.030303
18	66	0.020833
18	69	0.022222
18	71	0.016129
18	73	0.017857
18	74	0.027027
18	77	0.015152
18	78	0.018182
18	80	0.028571
18	82	0.023810
18	84	0.024390
18	90	0.029412
18	92	0.033333
18	94	0.034483
18	95	0.050000
18	97	0.025641
18	98	0.022222
18	104	0.023256
18	105	0.035714
18	107	0.027027
18	111	0.031250
18	114	0.027027
18	115	0.022222
18	116	0.017544
18	117	0.024390
18	120	0.038462
18	126	0.035714
18	127	0.050000
18	128	0.032258
18	130	0.025000
18	133	0.027778
18	135	0.023810
18	136	0.034483
18	141	0.038462
18	145	0.040000
18	146	0.028571
18	148	0.029412
18	149	0.025641
18	151	0.028571
18	154	0.040000
18	163	0.035714
18	164	0.031250
18	168	0.032258
18	169	0.033333
18	173	0.040000
18	174	0.028571
18	177	0.043478
18	183	0.040000
18	185	0.047619
18	189	0.050000
18	191	0.041667
18	192	0.035714
18	193	0.035714
18	194	0.040000
18	197	0.034483
18	198	0.034483
18	199	0.031250
18	202	0.037037
18	203	0.040000
18	204	0.034483
18	210	0.040000
18	211	0.043478
18	216	0.045455
18	217	0.041667
18	225	0.037037
18	228	0.043478
18	239	0.047619
18	244	0.047619
18	251	0.047619
18	255	0.045455
18	257	0.041667
18	261	0.041667
18	263	0.038462
18	266	0.052632
18	267	0.050000
18	269	0.034483
18	280	0.045455
18	286	0.055556
18	291	0.043478
18	293	0.052632
18	297	0.058824
18	298	0.045455
18	299	0.045455
18	300	0.050000
18	301	0.050000
18	311	0.047619
18	316	0.055556
18	319	0.058824
18	322	0.050000
18	326	0.055556
18	331	0.058824
18	333	0.058824
18	338	0.052632
18	351	0.055556
18	354	0.058824
18	355	0.055556
18	356	0.062500
18	366	0.058824
18	368	0.055556
18	369	0.052632
18	373	0.050000
18	376	0.055556
18	386	0.055556
18	393	0.058824
18	401	0.058824
18	404	0.058824
18	407	0.055556
18	410	0.058824
18	411	0.055556
18	415	0.062500
18	418	0.058824
18	419	0.058824
18	422	0.055556
18	425	0.058824
19	0	0.024390
19	1	0.013514
19	2	0.009804
19	3	0.013333
19	5	0.017241
19	6	0.012346
19	7	0.022222
19	8	0.010000
19	9	0.014706
19	10	0.012500
19	11	0.015152
19	12	0.013333
19	13	0.010526
19	15	0.017241
19	16	0.011236
19	17	0.006452
19	18	0.006173
19	20	0.008403
19	21	0.008929
19	22	0.010309
19	23	0.009009
19	24	0.010101
19	25	0.015152
19	26	0.014706
19	27	0.019231
19	28	0.018868
19	30	0.027778
19	31	0.035714
19	33	0.012821
19	34	0.010000
19	37	0.010753
19	39	0.011765
19	40	0.020833
19	42	0.010638
19	46	0.012821
19	47	0.016393
19	49	0.014493
19	51	0.014706
19	53	0.020408
19	55	0.019608
19	56	0.022222
19	58	0.021277
19	61	0.030303
19	62	0.038462
19	63	0.033333
19	64	0.015385
19	66	0.020833
19	69	0.022222
19	71	0.016129
19	74	0.027027
19	75	0.021739
19	76	0.015625
19	77	0.015152
19	88	0.027027
19	89	0.023810
19	90	0.029412
19	91	0.037037
19	92	0.033333
19	96	0.022222
19	98	0.022222
19	100	0.020833
19	109	0.027027
19	110	0.027778
19	113	0.029412
19	121	0.031250
19	124	0.038462
19	126	0.035714
19	127	0.050000
19	128	0.032258
19	130	0.025000
19	134	0.030303
19	135	0.023810
19	137	0.038462
19	139	0.037037
19	141	0.038462
19	155	0.045455
19	159	0.045455
19	166	0.035714
19	168	0.032258
19	170	0.031250
19	177	0.043478
19	178	0.035714
19	179	0.041667
19	185	0.047619
19	186	0.045455
19	191	0.041667
19	202	0.037037
19	203	0.040000
19	205	0.032258
19	217	0.041667
19	220	0.045455
19	238	0.047619
19	254	0.047619
19	255	0.045455
19	259	0.040000
19	263	0.038462
19	268	0.050000
19	273	0.038462
19	278	0.052632
19	280	0.045455
19	282	0.052632
19	286	0.055556
19	292	0.052632
19	294	0.045455
19	295	0.050000
19	302	0.058824
19	308	0.050000
19	310	0.047619
19	315	0.050000
19	323	0.047619
19	335	0.052632
19	346	0.058824
19	355	0.055556
19	370	0.058824
19	387	0.055556
19	389	0.058824
19	390	0.055556
19	400	0.058824
19	407	0.055556
19	413	0.058824
19	416	0.058824
20	0	0.024390
20	2	0.009804
20	3	0.013333
20	4	0.014286
20	5	0.017241
20	6	0.012346
20	7	0.022222
20	8	0.010000
20	9	0.014706
20	10	0.012500
20	12	0.013333
20	13	0.010526
20	15	0.017241
20	16	0.011236
20	17	0.006452
20	18	0.006173
20	19	0.008264
20	22	0.010309
20	23	0.009009
20	24	0.010101
20	25	0.015152
20	26	0.014706
20	27	0.019231
20	28	0.018868
20	29	0.023256
20	35	0.010417
20	37	0.010753
20	40	0.020833
20	41	0.016667
20	42	0.010638
20	44	0.016129
20	49	0.014493
20	50	0.028571
20	51	0.014706
20	52	0.015152
20	53	0.020408
20	55	0.019608
20	56	0.022222
20	58	0.021277
20	59	0.025000
20	64	0.015385
20	65	0.016393
20	68	0.019608
20	69	0.022222
20	70	0.018868
20	72	0.018868
20	74	0.027027
20	81	0.022222
20	82	0.023810
20	95	0.050000
20	97	0.025641
20	102	0.029412
20	103	0.022727
20	104	0.023256
20	105	0.035714
20	109	0.027027
20	115	0.022222
20	120	0.038462
20	126	0.035714
20	128	0.032258
20	143	0.040000
20	145	0.040000
20	148	0.029412
20	151	0.028571
20	153	0.034483
20	159	0.045455
20	161	0.031250
20	167	0.041667
20	168	0.032258
20	175	0.038462
20	176	0.038462
20	179	0.041667
20	184	0.040000
20	186	0.045455
20	187	0.040000
20	188	0.031250
20	190	0.047619
20	192	0.035714
20	194	0.040000
20	206	0.037037
20	216	0.045455
20	221	0.055556
20	225	0.037037
20	230	0.041667
20	241	0.035714
20	245	0.050000
20	256	0.040000
20	258	0.041667
20	264	0.045455
20	274	0.045455
20	275	0.045455
20	278	0.052632
20	283	0.058824
20	284	0.047619
20	286	0.055556
20	290	0.055556
20	292	0.052632
20	294	0.045455
20	295	0.050000
20	297	0.058824
20	301	0.050000
20	312	0.050000
20	317	0.055556
20	328	0.055556
20	330	0.058824
20	336	0.052632
20	340	0.045455
20	342	0.055556
20	343	0.052632
20	347	0.058824
20	349	0.055556
20	355	0.055556
20	376	0.055556
20	377	0.050000
20	379	0.058824
20	380	0.055556
20	390	0.055556
20	404	0.058824
20	416	0.058824
21	1	0.013514
21	2	0.009804
21	3	0.013333
21	4	0.014286
21	5	0.017241
21	6	0.012346
21	7	0.022222
21	8	0.010000
21	10	0.012500
21	12	0.013333
21	13	0.010526
21	14	0.034483
21	16	0.011236
21	17	0.006452
21	18	0.006173
21	19	0.008264
21	24	0.010101
21	25	0.015152
21	26	0.014706
21	27	0.019231
21	28	0.018868
21	29	0.023256
21	30	0.027778
21	33	0.012821
21	34	0.010000
21	36	0.012821
21	37	0.010753
21	38	0.013889
21	39	0.011765
21	40	0.020833
21	46	0.012821
21	47	0.016393
21	48	0.015873
21	50	0.028571
21	51	0.014706
21	52	0.015152
21	59	0.025000
21	60	0.021277
21	64	0.015385
21	66	0.020833
21	68	0.019608
21	71	0.016129
21	74	0.027027
21	75	0.021739
21	77	0.015152
21	83	0.024390
21	86	0.023810
21	90	0.029412
21	93	0.030303
21	99	0.027027
21	100	0.020833
21	101	0.030303
21	102	0.029412
21	105	0.035714
21	106	0.023256
21	110	0.027778
21	119	0.028571
21	124	0.038462
21	129	0.032258
21	130	0.025000
21	132	0.027778
21	136	0.034483
21	137	0.038462
21	142	0.030303
21	143	0.040000
21	147	0.031250
21	152	0.034483
21	158	0.043478
21	162	0.038462
21	165	0.045455
21	171	0.043478
21	180	0.034483
21	181	0.032258
21	184	0.040000
21	185	0.047619
21	194	0.040000
21	200	0.035714
21	202	0.037037
21	212	0.030303
21	214	0.037037
21	221	0.055556
21	222	0.052632
21	226	0.052632
21	235	0.038462
21	244	0.047619
21	247	0.040000
21	254	0.047619
21	257	0.041667
21	267	0.050000
21	273	0.038462
21	274	0.045455
21	280	0.045455
21	285	0.055556
21	287	0.050000
21	290	0.055556
21	306	0.050000
21	310	0.047619
21	312	0.050000
21	325	0.047619
21	326	0.055556
21	342	0.055556
21	346	0.058824
21	352	0.052632
21	353	0.052632
21	370	0.058824
21	378	0.058824
21	392	0.058824
21	400	0.058824
21	402	0.058824
21	403	0.058824
21	407	0.055556
21	425	0.058824
22	1	0.013514
22	2	0.009804
22	3	0.013333
22	4	0.014286
22	6	0.012346
22	8	0.010000
22	10	0.012500
22	11	0.015152
22	12	0.013333
22	13	0.010526
22	14	0.034483
22	15	0.017241
22	16	0.011236
22	17	0.006452
22	18	0.006173
22	19	0.008264
22	20	0.008403
22	23	0.009009
22	25	0.015152
22	26	0.014706
22	27	0.019231
22	28	0.018868
22	29	0.023256
22	31	0.035714
22	32	0.012500
22	34	0.010000
22	37	0.010753
22	39	0.011765
22	41	0.016667
22	42	0.010638
22	43	0.014925
22	46	0.012821
22	47	0.016393
22	48	0.015873
22	49	0.014493
22	53	0.020408
22	62	0.038462
22	64	0.015385
22	67	0.019231
22	73	0.017857
22	74	0.027027
22	78	0.018182
22	91	0.037037
22	92	0.033333
22	93	0.030303
22	95	0.050000
22	101	0.030303
22	102	0.029412
22	108	0.027778
22	113	0.029412
22	120	0.038462
22	133	0.027778
22	134	0.030303
22	136	0.034483
22	138	0.030303
22	140	0.026316
22	152	0.034483
22	154	0.040000
22	156	0.043478
22	165	0.045455
22	172	0.029412
22	176	0.038462
22	182	0.029412
22	190	0.047619
22	191	0.041667
22	194	0.040000
22	197	0.034483
22	200	0.035714
22	203	0.040000
22	204	0.034483
22	208	0.038462
22	209	0.034483
22	210	0.040000
22	213	0.045455
22	215	0.041667
22	240	0.045455
22	247	0.040000
22	279	0.047619
22	284	0.047619
22	288	0.043478
22	289	0.034483
22	295	0.050000
22	296	0.041667
22	304	0.052632
22	323	0.047619
22	325	0.047619
22	343	0.052632
22	349	0.055556
22	373	0.050000
22	374	0.055556
22	378	0.058824
22	382	0.058824
22	386	0.055556
22	394	0.058824
22	402	0.058824
22	405	0.062500
22	411	0.055556
23	0	0.024390
23	3	0.013333
23	4	0.014286
23	7	0.022222
23	8	0.010000
23	10	0.012500
23	11	0.015152
23	12	0.013333
23	13	0.010526
23	14	0.034483
23	16	0.011236
23	17	0.006452
23	18	0.006173
23	19	0.008264
23	20	0.008403
23	22	0.010309
23	25	0.015152
23	27	0.019231
23	28	0.018868
23	30	0.027778
23	31	0.035714
23	32	0.012500
23	33	0.012821
23	34	0.010000
23	35	0.010417
23	39	0.011765
23	41	0.016667
23	42	0.010638
23	44	0.016129
23	45	0.011628
23	47	0.016393
23	48	0.015873
23	49	0.014493
23	51	0.014706
23	56	0.022222
23	57	0.022727
23	59	0.025000
23	63	0.033333
23	65	0.016393
23	67	0.019231
23	68	0.019608
23	69	0.022222
23	71	0.016129
23	75	0.021739
23	77	0.015152
23	80	0.028571
23	82	0.023810
23	83	0.024390
23	84	0.024390
23	91	0.037037
23	92	0.033333
23	93	0.030303
23	98	0.022222
23	100	0.020833
23	101	0.030303
23	103	0.022727
23	107	0.027027
23	108	0.027778
23	109	0.027027
23	110	0.027778
23	111	0.031250
23	116	0.017544
23	120	0.038462
23	125	0.040000
23	131	0.032258
23	132	0.027778
23	140	0.026316
23	149	0.025641
23	155	0.045455
23	159	0.045455
23	162	0.038462
23	163	0.035714
23	165	0.045455
23	166	0.035714
23	171	0.043478
23	179	0.041667
23	182	0.029412
23	187	0.040000
23	193	0.035714
23	210	0.040000
23	212	0.030303
23	214	0.037037
23	226	0.052632
23	227	0.040000
23	234	0.043478
23	235	0.038462
23	242	0.041667
23	243	0.034483
23	252	0.047619
23	256	0.040000
23	257	0.041667
23	260	0.043478
23	262	0.041667
23	269	0.034483
23	270	0.040000
23	288	0.043478
23	308	0.050000
23	323	0.047619
23	352	0.052632
23	356	0.062500
23	367	0.050000
23	368	0.055556
23	369	0.052632
23	378	0.058824
23	385	0.055556
23	393	0.058824
23	394	0.058824
23	396	0.055556
23	405	0.062500
23	408	0.058824
23	412	0.058824
24	4	0.014286
24	5	0.017241
24	6	0.012346
24	7	0.022222
24	8	0.010000
24	9	0.014706
24	11	0.015152
24	12	0.013333
24	13	0.010526
24	14	0.034483
24	17	0.006452
24	18	0.006173
24	19	0.008264
24	20	0.008403
24	21	0.008929
24	28	0.018868
24	29	0.023256
24	30	0.027778
24	31	0.035714
24	32	0.012500
24	33	0.012821
24	34	0.010000
24	35	0.010417
24	36	0.012821
24	38	0.013889
24	45	0.011628
24	46	0.012821
24	48	0.015873
24	50	0.028571
24	56	0.022222
24	58	0.021277
24	59	0.025000
24	61	0.030303
24	62	0.038462
24	65	0.016393
24	66	0.020833
24	68	0.019608
24	70	0.018868
24	72	0.018868
24	78	0.018182
24	79	0.022727
24	84	0.024390
24	91	0.037037
24	96	0.022222
24	100	0.020833
24	101	0.030303
24	102	0.029412
24	105	0.035714
24	109	0.027027
24	111	0.031250
24	117	0.024390
24	121	0.031250
24	123	0.030303
24	128	0.032258
24	129	0.032258
24	132	0.027778
24	134	0.030303
24	138	0.030303
24	140	0.026316
24	148	0.029412
24	150	0.030303
24	152	0.034483
24	154	0.040000
24	159	0.045455
24	161	0.031250
24	162	0.038462
24	173	0.040000
24	174	0.028571
24	176	0.038462
24	182	0.029412
24	183	0.040000
24	193	0.035714
24	196	0.035714
24	204	0.034483
24	217	0.041667
24	229	0.045455
24	240	0.045455
24	245	0.050000
24	249	0.047619
24	251	0.047619
24	252	0.047619
24	260	0.043478
24	261	0.041667
24	262	0.041667
24	276	0.050000
24	288	0.043478
24	300	0.050000
24	305	0.045455
24	306	0.050000
24	308	0.050000
24	309	0.055556
24	329	0.047619
24	345	0.047619
24	349	0.055556
24	360	0.055556
24	361	0.055556
24	367	0.050000
24	396	0.055556
24	398	0.055556
25	4	0.014286
25	5	0.017241
25	6	0.012346
25	8	0.010000
25	10	0.012500
25	11	0.015152
25	12	0.013333
25	13	0.010526
25	15	0.017241
25	16	0.011236
25	17	0.006452
25	19	0.008264
25	20	0.008403
25	21	0.008929
25	22	0.010309
25	23	0.009009
25	30	0.027778
25	31	0.035714
25	32	0.012500
25	33	0.012821
25	34	0.010000
25	35	0.010417
25	41	0.016667
25	42	0.010638
25	43	0.014925
25	44	0.016129
25	46	0.012821
25	47	0.016393
25	49	0.014493
25	51	0.014706
25	59	0.025000
25	61	0.030303
25	71	0.016129
25	72	0.018868
25	73	0.017857
25	76	0.015625
25	78	0.018182
25	80	0.028571
25	88	0.027027
25	96	0.022222
25	106	0.023256
25	117	0.024390
25	124	0.038462
25	130	0.025000
25	154	0.040000
25	156	0.043478
25	162	0.038462
25	178	0.035714
25	199	0.031250
25	232	0.043478
25	235	0.038462
25	240	0.045455
25	247	0.040000
25	253	0.052632
25	257	0.041667
25	267	0.050000
25	270	0.040000
25	304	0.052632
25	319	0.058824
25	330	0.058824
25	332	0.047619
25	341	0.050000
25	368	0.055556
25	375	0.052632
25	387	0.055556
25	412	0.058824
26	1	0.013514
26	2	0.009804
26	3	0.013333
26	4	0.014286
26	5	0.017241
26	11	0.015152
26	12	0.013333
26	15	0.017241
26	16	0.011236
26	17	0.006452
26	18	0.006173
26	19	0.008264
26	20	0.008403
26	21	0.008929
26	22	0.010309
26	28	0.018868
26	29	0.023256
26	35	0.010417
26	37	0.010753
26	38	0.013889
26	41	0.016667
26	42	0.010638
26	43	0.014925
26	49	0.014493
26	50	0.028571
26	57	0.022727
26	70	0.018868
26	73	0.017857
26	79	0.022727
26	82	0.023810
26	83	0.024390
26	89	0.023810
26	90	0.029412
26	91	0.037037
26	99	0.027027
26	102	0.029412
26	105	0.035714
26	109	0.027027
26	133	0.027778
26	138	0.030303
26	139	0.037037
26	149	0.025641
26	151	0.028571
26	152	0.034483
26	161	0.031250
26	175	0.038462
26	179	0.041667
26	185	0.047619
26	198	0.034483
26	204	0.034483
26	209	0.034483
26	212	0.030303
26	213	0.045455
26	222	0.052632
26	234	0.043478
26	239	0.047619
26	282	0.052632
26	296	0.041667
26	300	0.050000
26	304	0.052632
26	305	0.045455
26	314	0.050000
26	323	0.047619
26	383	0.055556
26	390	0.055556
26	394	0.058824
26	406	0.058824
26	421	0.058824
27	1	0.013514
27	2	0.009804
27	4	0.014286
27	5	0.017241
27	6	0.012346
27	8	0.010000
27	9	0.014706
27	10	0.012500
27	13	0.010526
27	16	0.011236
27	18	0.006173
27	19	0.008264
27	20	0.008403
27	21	0.008929
27	22	0.010309
27	23	0.009009
27	29	0.023256
27	31	0.035714
27	32	0.012500
27	35	0.010417
27	38	0.013889
27	40	0.020833
27	46	0.012821
27	52	0.015152
27	60	0.021277
27	82	0.023810
27	83	0.024390
27	85	0.022727
27	89	0.023810
27	96	0.022222
27	98	0.022222
27	114	0.027027
27	119	0.028571
27	123	0.030303
27	147	0.031250
27	156	0.043478
27	158	0.043478
27	198	0.034483
27	200	0.035714
27	208	0.038462
27	211	0.043478
27	217	0.041667
27	232	0.043478
27	242	0.041667
27	245	0.050000
27	258	0.041667
27	289	0.034483
27	300	0.050000
27	311	0.047619
27	342	0.055556
27	414	0.058824
27	416	0.058824
28	5	0.017241
28	6	0.012346
28	8	0.010000
28	9	0.014706
28	10	0.012500
28	11	0.015152
28	12	0.013333
28	16	0.011236
28	17	0.006452
28	18	0.006173
28	19	0.008264
28	20	0.008403
28	21	0.008929
28	22	0.010309
28	23	0.009009
28	24	0.010101
28	26	0.014706
28	32	0.012500
28	34	0.010000
28	38	0.013889
28	41	0.016667
28	46	0.012821
28	48	0.015873
28	51	0.014706
28	58	0.021277
28	59	0.025000
28	62	0.038462
28	72	0.018868
28	88	0.027027
28	90	0.029412
28	108	0.027778
28	109	0.027027
28	116	0.017544
28	126	0.035714
28	141	0.038462
28	159	0.045455
28	166	0.035714
28	172	0.029412
28	182	0.029412
28	198	0.034483
28	202	0.037037
28	206	0.037037
28	211	0.043478
28	216	0.045455
28	223	0.050000
28	238	0.047619
28	241	0.035714
28	285	0.055556
28	346	0.058824
28	359	0.047619
28	391	0.058824
28	420	0.058824
28	425	0.058824
29	2	0.009804
29	3	0.013333
29	4	0.014286
29	8	0.010000
29	10	0.012500
29	11	0.015152
29	13	0.010526
29	14	0.034483
29	17	0.006452
29	18	0.006173
29	20	0.008403
29	21	0.008929
29	22	0.010309
29	24	0.010101
29	26	0.014706
29	27	0.019231
29	31	0.035714
29	32	0.012500
29	35	0.010417
29	38	0.013889
29	39	0.011765
29	41	0.016667
29	47	0.016393
29	49	0.014493
29	55	0.019608
29	76	0.015625
29	85	0.022727
29	138	0.030303
29	149	0.025641
29	163	0.035714
29	168	0.032258
29	172	0.029412
29	173	0.040000
29	175	0.038462
29	180	0.034483
29	194	0.040000
29	242	0.041667
29	250	0.050000
29	276	0.050000
29	284	0.047619
29	298	0.045455
29	323	0.047619
29	345	0.047619
30	0	0.024390
30	1	0.013514
30	4	0.014286
30	6	0.012346
30	8	0.010000
30	10	0.012500
30	11	0.015152
30	16	0.011236
30	17	0.006452
30	18	0.006173
30	19	0.008264
30	21	0.008929
30	23	0.009009
30	24	0.010101
30	25	0.015152
30	34	0.010000
30	36	0.012821
30	38	0.013889
30	39	0.011765
30	48	0.015873
30	50	0.028571
30	72	0.018868
30	76	0.015625
30	106	0.023256
30	118	0.025000
30	144	0.031250
30	170	0.031250
30	172	0.029412
30	185	0.047619
30	209	0.034483
30	245	0.050000
30	273	0.038462
30	298	0.045455
30	326	0.055556
30	384	0.055556
30	387	0.055556
31	1	0.013514
31	2	0.009804
31	4	0.014286
31	7	0.022222
31	8	0.010000
31	10	0.012500
31	13	0.010526
31	17	0.006452
31	18	0.006173
31	19	0.008264
31	22	0.010309
31	23	0.009009
31	24	0.010101
31	25	0.015152
31	27	0.019231
31	29	0.023256
31	32	0.012500
31	38	0.013889
31	43	0.014925
31	48	0.015873
31	63	0.033333
31	80	0.028571
31	114	0.027027
31	117	0.024390
31	136	0.034483
31	178	0.035714
31	190	0.047619
31	242	0.041667
32	2	0.009804
32	3	0.013333
32	8	0.010000
32	9	0.014706
32	13	0.010526
32	16	0.011236
32	17	0.006452
32	18	0.006173
32	22	0.010309
32	23	0.009009
32	24	0.010101
32	25	0.015152
32	27	0.019231
32	28	0.018868
32	29	0.023256
32	31	0.035714
32	33	0.012821
32	35	0.010417
32	36	0.012821
32	37	0.010753
32	41	0.016667
32	44	0.016129
32	45	0.011628
32	50	0.028571
32	52	0.015152
32	53	0.020408
32	55	0.019608
32	57	0.022727
32	58	0.021277
32	60	0.021277
32	61	0.030303
32	64	0.015385
32	67	0.019231
32	77	0.015152
32	87	0.023256
32	89	0.023810
32	90	0.029412
32	98	0.022222
32	101	0.030303
32	131	0.032258
32	132	0.027778
32	140	0.026316
32	151	0.028571
32	155	0.045455
32	162	0.038462
32	164	0.031250
32	169	0.033333
32	170	0.031250
32	173	0.040000
32	176	0.038462
32	181	0.032258
32	186	0.045455
32	187	0.040000
32	189	0.050000
32	191	0.041667
32	196	0.035714
32	197	0.034483
32	208	0.038462
32	220	0.045455
32	225	0.037037
32	227	0.040000
32	229	0.045455
32	232	0.043478
32	234	0.043478
32	262	0.041667
32	267	0.050000
32	268	0.050000
32	291	0.043478
32	304	0.052632
32	312	0.050000
32	320	0.052632
32	332	0.047619
32	333	0.058824
32	335	0.052632
32	354	0.058824
32	357	0.055556
32	366	0.058824
32	387	0.055556
32	397	0.055556
32	411	0.055556
33	0	0.024390
33	1	0.013514
33	2	0.009804
33	4	0.014286
33	7	0.022222
33	8	0.010000
33	9	0.014706
33	13	0.010526
33	16	0.011236
33	17	0.006452
33	18	0.006173
33	19	0.008264
33	21	0.008929
33	23	0.009009
33	24	0.010101
33	25	0.015152
33	32	0.012500
33	34	0.010000
33	36	0.012821
33	41	0.016667
33	44	0.016129
33	45	0.011628
33	52	0.015152
33	55	0.019608
33	56	0.022222
33	57	0.022727
33	58	0.021277
33	62	0.038462
33	66	0.020833
33	67	0.019231
33	69	0.022222
33	72	0.018868
33	73	0.017857
33	75	0.021739
33	97	0.025641
33	111	0.031250
33	112	0.025000
33	114	0.027027
33	115	0.022222
33	125	0.040000
33	127	0.050000
33	133	0.027778
33	135	0.023810
33	139	0.037037
33	147	0.031250
33	150	0.030303
33	153	0.034483
33	159	0.045455
33	170	0.031250
33	184	0.040000
33	197	0.034483
33	204	0.034483
33	218	0.037037
33	221	0.055556
33	223	0.050000
33	224	0.041667
33	231	0.040000
33	236	0.045455
33	248	0.041667
33	256	0.040000
33	259	0.040000
33	265	0.052632
33	274	0.045455
33	294	0.045455
33	305	0.045455
33	332	0.047619
33	338	0.052632
33	341	0.050000
33	347	0.058824
33	349	0.055556
33	357	0.055556
33	368	0.055556
33	370	0.058824
33	373	0.050000
33	382	0.058824
33	391	0.058824
33	392	0.058824
33	418	0.058824
34	1	0.013514
34	4	0.014286
34	5	0.017241
34	6	0.012346
34	12	0.013333
34	13	0.010526
34	17	0.006452
34	18	0.006173
34	19	0.008264
34	21	0.008929
34	22	0.010309
34	23	0.009009
34	24	0.010101
34	25	0.015152
34	28	0.018868
34	30	0.027778
34	33	0.012821
34	36	0.012821
34	39	0.011765
34	40	0.020833
34	42	0.010638
34	45	0.011628
34	47	0.016393
34	49	0.014493
34	50	0.028571
34	51	0.014706
34	54	0.019608
34	57	0.022727
34	58	0.021277
34	60	0.021277
34	63	0.033333
34	64	0.015385
34	65	0.016393
34	67	0.019231
34	68	0.019608
34	75	0.021739
34	78	0.018182
34	79	0.022727
34	81	0.022222
34	82	0.023810
34	85	0.022727
34	86	0.023810
34	87	0.023256
34	91	0.037037
34	97	0.025641
34	100	0.020833
34	101	0.030303
34	103	0.022727
34	107	0.027027
34	109	0.027027
34	111	0.031250
34	112	0.025000
34	126	0.035714
34	128	0.032258
34	129	0.032258
34	135	0.023810
34	136	0.034483
34	138	0.030303
34	153	0.034483
34	158	0.043478
34	173	0.040000
34	177	0.043478
34	181	0.032258
34	185	0.047619
34	188	0.031250
34	191	0.041667
34	197	0.034483
34	199	0.031250
34	207	0.045455
34	216	0.045455
34	217	0.041667
34	221	0.055556
34	225	0.037037
34	228	0.043478
34	229	0.045455
34	231	0.040000
34	241	0.035714
34	256	0.040000
34	257	0.041667
34	271	0.045455
34	275	0.045455
34	280	0.045455
34	286	0.055556
34	287	0.050000
34	291	0.043478
34	299	0.045455
34	317	0.055556
34	318	0.052632
34	321	0.058824
34	331	0.058824
34	333	0.058824
34	347	0.058824
34	360	0.055556
34	364	0.055556
34	366	0.058824
34	400	0.058824
34	402	0.058824
34	423	0.058824
34	424	0.058824
34	425	0.058824
35	1	0.013514
35	3	0.013333
35	6	0.012346
35	8	0.010000
35	10	0.012500
35	11	0.015152
35	12	0.013333
35	16	0.011236
35	17	0.006452
35	20	0.008403
35	23	0.009009
35	24	0.010101
35	25	0.015152
35	26	0.014706
35	27	0.019231
35	29	0.023256
35	32	0.012500
35	36	0.012821
35	42	0.010638
35	44	0.016129
35	47	0.016393
35	48	0.015873
35	49	0.014493
35	53	0.020408
35	54	0.019608
35	56	0.022222
35	63	0.033333
35	64	0.015385
35	65	0.016393
35	66	0.020833
35	69	0.022222
35	70	0.018868
35	73	0.017857
35	74	0.027027
35	75	0.021739
35	82	0.023810
35	83	0.024390
35	84	0.024390
35	85	0.022727
35	87	0.023256
35	88	0.027027
35	91	0.037037
35	95	0.050000
35	98	0.022222
35	104	0.023256
35	111	0.031250
35	115	0.022222
35	116	0.017544
35	121	0.031250
35	123	0.030303
35	126	0.035714
35	129	0.032258
35	133	0.027778
35	143	0.040000
35	159	0.045455
35	165	0.045455
35	170	0.031250
35	173	0.040000
35	176	0.038462
35	178	0.035714
35	183	0.040000
35	192	0.035714
35	197	0.034483
35	210	0.040000
35	218	0.037037
35	225	0.037037
35	226	0.052632
35	227	0.040000
35	231	0.040000
35	243	0.034483
35	247	0.040000
35	253	0.052632
35	254	0.047619
35	257	0.041667
35	258	0.041667
35	262	0.041667
35	270	0.040000
35	274	0.045455
35	277	0.047619
35	287	0.050000
35	289	0.034483
35	291	0.043478
35	292	0.052632
35	311	0.047619
35	343	0.052632
35	349	0.055556
35	352	0.052632
35	362	0.045455
35	364	0.055556
35	370	0.058824
35	377	0.050000
35	379	0.058824
35	380	0.055556
35	386	0.055556
35	409	0.058824
35	410	0.058824
36	0	0.024390
36	2	0.009804
36	5	0.017241
36	8	0.010000
36	9	0.014706
36	11	0.015152
36	13	0.010526
36	15	0.017241
36	17	0.006452
36	18	0.006173
36	21	0.008929
36	24	0.010101
36	30	0.027778
36	32	0.012500
36	33	0.012821
36	34	0.010000
36	35	0.010417
36	38	0.013889
36	42	0.010638
36	43	0.014925
36	44	0.016129
36	45	0.011628
36	46	0.012821
36	48	0.015873
36	54	0.019608
36	59	0.025000
36	67	0.019231
36	72	0.018868
36	77	0.015152
36	81	0.022222
36	83	0.024390
36	90	0.029412
36	92	0.033333
36	93	0.030303
36	94	0.034483
36	98	0.022222
36	104	0.023256
36	115	0.022222
36	120	0.038462
36	134	0.030303
36	137	0.038462
36	139	0.037037
36	142	0.030303
36	151	0.028571
36	155	0.045455
36	161	0.031250
36	162	0.038462
36	168	0.032258
36	175	0.038462
36	177	0.043478
36	181	0.032258
36	193	0.035714
36	195	0.040000
36	205	0.032258
36	206	0.037037
36	222	0.052632
36	229	0.045455
36	232	0.043478
36	248	0.041667
36	256	0.040000
36	280	0.045455
36	283	0.058824
36	305	0.045455
36	320	0.052632
36	322	0.050000
36	326	0.055556
36	327	0.045455
36	340	0.045455
36	342	0.055556
36	346	0.058824
36	366	0.058824
36	367	0.050000
36	373	0.050000
36	394	0.058824
36	398	0.055556
36	401	0.058824
36	410	0.058824
36	420	0.058824
37	3	0.013333
37	6	0.012346
37	9	0.014706
37	12	0.013333
37	13	0.010526
37	15	0.017241
37	16	0.011236
37	17	0.006452
37	18	0.006173
37	19	0.008264
37	20	0.008403
37	21	0.008929
37	22	0.010309
37	26	0.014706
37	32	0.012500
37	38	0.013889
37	40	0.020833
37	43	0.014925
37	46	0.012821
37	47	0.016393
37	49	0.014493
37	50	0.028571
37	53	0.020408
37	55	0.019608
37	57	0.022727
37	58	0.021277
37	60	0.021277
37	61	0.030303
37	64	0.015385
37	66	0.020833
37	71	0.016129
37	74	0.027027
37	78	0.018182
37	79	0.022727
37	81	0.022222
37	85	0.022727
37	86	0.023810
37	92	0.033333
37	97	0.025641
37	99	0.027027
37	102	0.029412
37	104	0.023256
37	106	0.023256
37	110	0.027778
37	113	0.029412
37	117	0.024390
37	126	0.035714
37	128	0.032258
37	135	0.023810
37	139	0.037037
37	145	0.040000
37	151	0.028571
37	155	0.045455
37	156	0.043478
37	178	0.035714
37	185	0.047619
37	187	0.040000
37	189	0.050000
37	194	0.040000
37	201	0.041667
37	205	0.032258
37	215	0.041667
37	221	0.055556
37	226	0.052632
37	228	0.043478
37	232	0.043478
37	235	0.038462
37	239	0.047619
37	243	0.034483
37	253	0.052632
37	255	0.045455
37	301	0.050000
37	318	0.052632
37	327	0.045455
37	329	0.047619
37	331	0.058824
37	344	0.052632
37	345	0.047619
37	355	0.055556
37	357	0.055556
37	361	0.055556
37	372	0.052632
37	374	0.055556
37	377	0.050000
37	381	0.058824
37	386	0.055556
37	390	0.055556
37	391	0.058824
37	406	0.058824
37	407	0.055556
37	408	0.058824
37	415	0.062500
37	416	0.058824
38	1	0.013514
38	2	0.009804
38	8	0.010000
38	9	0.014706
38	11	0.015152
38	12	0.013333
38	17	0.006452
38	21	0.008929
38	24	0.010101
38	26	0.014706
38	27	0.019231
38	28	0.018868
38	29	0.023256
38	30	0.027778
38	31	0.035714
38	36	0.012821
38	37	0.010753
38	41	0.016667
38	42	0.010638
38	43	0.014925
38	48	0.015873
38	50	0.028571
38	55	0.019608
38	56	0.022222
38	57	0.022727
38	58	0.021277
38	62	0.038462
38	65	0.016393
38	74	0.027027
38	76	0.015625
38	79	0.022727
38	81	0.022222
38	83	0.024390
38	107	0.027027
38	110	0.027778
38	114	0.027027
38	117	0.024390
38	119	0.028571
38	121	0.031250
38	134	0.030303
38	138	0.030303
38	140	0.026316
38	153	0.034483
38	158	0.043478
38	175	0.038462
38	186	0.045455
38	200	0.035714
38	201	0.041667
38	205	0.032258
38	207	0.045455
38	208	0.038462
38	220	0.045455
38	223	0.050000
38	225	0.037037
38	228	0.043478
38	245	0.050000
38	263	0.038462
38	271	0.045455
38	280	0.045455
38	297	0.058824
38	306	0.050000
38	315	0.050000
38	316	0.055556
38	324	0.045455
38	330	0.058824
38	344	0.052632
38	355	0.055556
38	361	0.055556
38	370	0.058824
38	392	0.058824
38	394	0.058824
38	411	0.055556
39	1	0.013514
39	2	0.009804
39	4	0.014286
39	5	0.017241
39	9	0.014706
39	10	0.012500
39	13	0.010526
39	16	0.011236
39	17	0.006452
39	18	0.006173
39	19	0.008264
39	21	0.008929
39	22	0.010309
39	23	0.009009
39	29	0.023256
39	30	0.027778
39	34	0.010000
39	40	0.020833
39	43	0.014925
39	45	0.011628
39	47	0.016393
39	52	0.015152
39	54	0.019608
39	62	0.038462
39	63	0.033333
39	66	0.020833
39	67	0.019231
39	68	0.019608
39	81	0.022222
39	84	0.024390
39	90	0.029412
39	99	0.027027
39	103	0.022727
39	117	0.024390
39	130	0.025000
39	134	0.030303
39	137	0.038462
39	142	0.030303
39	145	0.040000
39	147	0.031250
39	148	0.029412
39	161	0.031250
39	177	0.043478
39	180	0.034483
39	183	0.040000
39	186	0.045455
39	187	0.040000
39	188	0.031250
39	190	0.047619
39	192	0.035714
39	194	0.040000
39	195	0.040000
39	196	0.035714
39	199	0.031250
39	200	0.035714
39	203	0.040000
39	216	0.045455
39	220	0.045455
39	223	0.050000
39	224	0.041667
39	259	0.040000
39	264	0.045455
39	282	0.052632
39	283	0.058824
39	285	0.055556
39	297	0.058824
39	298	0.045455
39	309	0.055556
39	319	0.058824
39	321	0.058824
39	334	0.047619
39	349	0.055556
39	351	0.055556
39	358	0.055556
39	360	0.055556
39	362	0.045455
39	363	0.058824
39	368	0.055556
39	369	0.052632
39	383	0.055556
39	403	0.058824
39	413	0.058824
39	414	0.058824
39	421	0.058824
39	425	0.058824
40	0	0.024390
40	1	0.013514
40	3	0.013333
40	5	0.017241
40	8	0.010000
40	10	0.012500
40	11	0.015152
40	12	0.013333
40	13	0.010526
40	17	0.006452
40	19	0.008264
40	20	0.008403
40	21	0.008929
40	27	0.019231
40	34	0.010000
40	37	0.010753
40	39	0.011765
40	61	0.030303
40	67	0.019231
40	70	0.018868
40	74	0.027027
40	75	0.021739
40	85	0.022727
40	88	0.027027
40	91	0.037037
40	96	0.022222
40	114	0.027027
40	127	0.050000
40	136	0.034483
40	143	0.040000
40	148	0.029412
40	168	0.032258
40	207	0.045455
40	215	0.041667
40	218	0.037037
40	221	0.055556
40	223	0.050000
40	227	0.040000
40	242	0.041667
40	268	0.050000
40	273	0.038462
40	288	0.043478
40	299	0.045455
40	317	0.055556
40	327	0.045455
40	335	0.052632
40	339	0.055556
40	387	0.055556
41	3	0.013333
41	5	0.017241
41	8	0.010000
41	10	0.012500
41	11	0.015152
41	13	0.010526
41	18	0.006173
41	20	0.008403
41	22	0.010309
41	23	0.009009
41	25	0.015152
41	26	0.014706
41	28	0.018868
41	29	0.023256
41	32	0.012500
41	33	0.012821
41	38	0.013889
41	43	0.014925
41	47	0.016393
41	51	0.014706
41	58	0.021277
41	64	0.015385
41	69	0.022222
41	70	0.018868
41	86	0.023810
41	97	0.025641
41	105	0.035714
41	109	0.027027
41	121	0.031250
41	124	0.038462
41	128	0.032258
41	151	0.028571
41	159	0.045455
41	183	0.040000
41	186	0.045455
41	194	0.040000
41	209	0.034483
41	211	0.043478
41	218	0.037037
41	223	0.050000
41	230	0.041667
41	240	0.045455
41	249	0.047619
41	253	0.052632
41	278	0.052632
41	294	0.045455
41	296	0.041667
41	333	0.058824
41	334	0.047619
41	338	0.052632
41	348	0.055556
41	350	0.058824
41	356	0.062500
41	360	0.055556
41	366	0.058824
41	368	0.055556
41	380	0.055556
41	384	0.055556
41	385	0.055556
41	401	0.058824
42	3	0.013333
42	8	0.010000
42	9	0.014706
42	11	0.015152
42	13	0.010526
42	16	0.011236
42	18	0.006173
42	19	0.008264
42	20	0.008403
42	22	0.010309
42	23	0.009009
42	25	0.015152
42	26	0.014706
42	34	0.010000
42	35	0.010417
42	36	0.012821
42	38	0.013889
42	44	0.016129
42	45	0.011628
42	47	0.016393
42	52	0.015152
42	53	0.020408
42	55	0.019608
42	57	0.022727
42	59	0.025000
42	62	0.038462
42	65	0.016393
42	72	0.018868
42	73	0.017857
42	75	0.021739
42	76	0.015625
42	81	0.022222
42	82	0.023810
42	87	0.023256
42	88	0.027027
42	90	0.029412
42	94	0.034483
42	97	0.025641
42	100	0.020833
42	103	0.022727
42	104	0.023256
42	110	0.027778
42	115	0.022222
42	119	0.028571
42	123	0.030303
42	128	0.032258
42	131	0.032258
42	135	0.023810
42	137	0.038462
42	138	0.030303
42	139	0.037037
42	141	0.038462
42	143	0.040000
42	145	0.040000
42	146	0.028571
42	152	0.034483
42	154	0.040000
42	171	0.043478
42	174	0.028571
42	175	0.038462
42	189	0.050000
42	198	0.034483
42	204	0.034483
42	212	0.030303
42	215	0.041667
42	223	0.050000
42	228	0.043478
42	235	0.038462
42	236	0.045455
42	246	0.047619
42	255	0.045455
42	258	0.041667
42	259	0.040000
42	265	0.052632
42	271	0.045455
42	288	0.043478
42	289	0.034483
42	290	0.055556
42	297	0.058824
42	298	0.045455
42	300	0.050000
42	319	0.058824
42	331	0.058824
42	347	0.058824
42	352	0.052632
42	360	0.055556
42	365	0.047619
42	372	0.052632
42	374	0.055556
42	391	0.058824
42	393	0.058824
42	401	0.058824
42	409	0.058824
42	420	0.058824
43	3	0.013333
43	4	0.014286
43	10	0.012500
43	11	0.015152
43	12	0.013333
43	13	0.010526
43	15	0.017241
43	17	0.006452
43	22	0.010309
43	25	0.015152
43	26	0.014706
43	31	0.035714
43	36	0.012821
43	37	0.010753
43	38	0.013889
43	39	0.011765
43	41	0.016667
43	44	0.016129
43	51	0.014706
43	56	0.022222
43	57	0.022727
43	61	0.030303
43	74	0.027027
43	85	0.022727
43	90	0.029412
43	92	0.033333
43	94	0.034483
43	97	0.025641
43	99	0.027027
43	102	0.029412
43	103	0.022727
43	110	0.027778
43	118	0.025000
43	133	0.027778
43	151	0.028571
43	162	0.038462
43	164	0.031250
43	174	0.028571
43	175	0.038462
43	179	0.041667
43	182	0.029412
43	192	0.035714
43	223	0.050000
43	224	0.041667
43	227	0.040000
43	228	0.043478
43	230	0.041667
43	239	0.047619
43	242	0.041667
43	249	0.047619
43	261	0.041667
43	262	0.041667
43	264	0.045455
43	265	0.052632
43	275	0.045455
43	317	0.055556
43	326	0.055556
43	342	0.055556
43	349	0.055556
43	363	0.058824
43	369	0.052632
43	373	0.050000
43	375	0.052632
43	381	0.058824
43	385	0.055556
43	395	0.058824
43	397	0.055556
44	2	0.009804
44	5	0.017241
44	6	0.012346
44	9	0.014706
44	12	0.013333
44	15	0.017241
44	17	0.006452
44	20	0.008403
44	23	0.009009
44	25	0.015152
44	32	0.012500
44	33	0.012821
44	35	0.010417
44	36	0.012821
44	42	0.010638
44	43	0.014925
44	45	0.011628
44	47	0.016393
44	52	0.015152
44	54	0.019608
44	55	0.019608
44	56	0.022222
44	66	0.020833
44	68	0.019608
44	87	0.023256
44	94	0.034483
44	100	0.020833
44	102	0.029412
44	118	0.025000
44	119	0.028571
44	120	0.038462
44	124	0.038462
44	137	0.038462
44	141	0.038462
44	150	0.030303
44	151	0.028571
44	156	0.043478
44	158	0.043478
44	160	0.035714
44	165	0.045455
44	171	0.043478
44	193	0.035714
44	195	0.040000
44	197	0.034483
44	204	0.034483
44	210	0.040000
44	212	0.030303
44	213	0.045455
44	215	0.041667
44	238	0.047619
44	240	0.045455
44	253	0.052632
44	279	0.047619
44	299	0.045455
44	320	0.052632
44	323	0.047619
44	325	0.047619
44	371	0.055556
44	389	0.058824
44	399	0.055556
44	415	0.062500
44	423	0.058824
45	1	0.013514
45	2	0.009804
45	5	0.017241
45	10	0.012500
45	13	0.010526
45	15	0.017241
45	18	0.006173
45	23	0.009009
45	24	0.010101
45	32	0.012500
45	33	0.012821
45	34	0.010000
45	36	0.012821
45	39	0.011765
45	42	0.010638
45	44	0.016129
45	46	0.012821
45	49	0.014493
45	50	0.028571
45	53	0.020408
45	54	0.019608
45	57	0.022727
45	59	0.025000
45	63	0.033333
45	64	0.015385
45	67	0.019231
45	68	0.019608
45	70	0.018868
45	76	0.015625
45	77	0.015152
45	78	0.018182
45	85	0.022727
45	89	0.023810
45	91	0.037037
45	93	0.030303
45	96	0.022222
45	100	0.020833
45	103	0.022727
45	108	0.027778
45	119	0.028571
45	121	0.031250
45	122	0.045455
45	125	0.040000
45	131	0.032258
45	134	0.030303
45	138	0.030303
45	139	0.037037
45	156	0.043478
45	173	0.040000
45	176	0.038462
45	178	0.035714
45	191	0.041667
45	197	0.034483
45	205	0.032258
45	208	0.038462
45	215	0.041667
45	223	0.050000
45	224	0.041667
45	236	0.045455
45	244	0.047619
45	249	0.047619
45	251	0.047619
45	252	0.047619
45	263	0.038462
45	272	0.038462
45	274	0.045455
45	294	0.045455
45	306	0.050000
45	307	0.052632
45	308	0.050000
45	335	0.052632
45	337	0.055556
45	339	0.055556
45	340	0.045455
45	341	0.050000
45	344	0.052632
45	352	0.052632
45	353	0.052632
45	359	0.047619
45	365	0.047619
45	380	0.055556
45	382	0.058824
45	407	0.055556
45	415	0.062500
45	421	0.058824
45	424	0.058824
46	2	0.009804
46	4	0.014286
46	8	0.010000
46	10	0.012500
46	12	0.013333
46	13	0.010526
46	18	0.006173
46	19	0.008264
46	21	0.008929
46	22	0.010309
46	24	0.010101
46	25	0.015152
46	27	0.019231
46	28	0.018868
46	36	0.012821
46	37	0.010753
46	45	0.011628
46	48	0.015873
46	50	0.028571
46	55	0.019608
46	57	0.022727
46	58	0.021277
46	62	0.038462
46	66	0.020833
46	68	0.019608
46	71	0.016129
46	77	0.015152
46	80	0.028571
46	81	0.022222
46	84	0.024390
46	92	0.033333
46	94	0.034483
46	101	0.030303
46	102	0.029412
46	106	0.023256
46	111	0.031250
46	115	0.022222
46	117	0.024390
46	121	0.031250
46	137	0.038462
46	142	0.030303
46	153	0.034483
46	157	0.047619
46	158	0.043478
46	179	0.041667
46	187	0.040000
46	188	0.031250
46	193	0.035714
46	195	0.040000
46	204	0.034483
46	209	0.034483
46	213	0.045455
46	220	0.045455
46	222	0.052632
46	236	0.045455
46	241	0.035714
46	245	0.050000
46	249	0.047619
46	250	0.050000
46	255	0.045455
46	265	0.052632
46	268	0.050000
46	271	0.045455
46	296	0.041667
46	309	0.055556
46	310	0.047619
46	311	0.047619
46	313	0.047619
46	318	0.052632
46	332	0.047619
46	351	0.055556
46	364	0.055556
46	368	0.055556
46	390	0.055556
46	394	0.058824
46	406	0.058824
46	418	0.058824
46	422	0.055556
47	0	0.024390
47	4	0.014286
47	9	0.014706
47	15	0.017241
47	19	0.008264
47	21	0.008929
47	22	0.010309
47	23	0.009009
47	25	0.015152
47	29	0.023256
47	34	0.010000
47	35	0.010417
47	37	0.010753
47	39	0.011765
47	41	0.016667
47	42	0.010638
47	44	0.016129
47	49	0.014493
47	52	0.015152
47	54	0.019608
47	59	0.025000
47	60	0.021277
47	64	0.015385
47	72	0.018868
47	77	0.015152
47	78	0.018182
47	81	0.022222
47	86	0.023810
47	87	0.023256
47	88	0.027027
47	91	0.037037
47	92	0.033333
47	95	0.050000
47	96	0.022222
47	107	0.027027
47	117	0.024390
47	119	0.028571
47	139	0.037037
47	155	0.045455
47	160	0.035714
47	161	0.031250
47	165	0.045455
47	168	0.032258
47	186	0.045455
47	206	0.037037
47	212	0.030303
47	215	0.041667
47	219	0.052632
47	244	0.047619
47	257	0.041667
47	272	0.038462
47	273	0.038462
47	283	0.058824
47	289	0.034483
47	295	0.050000
47	306	0.050000
47	315	0.050000
47	325	0.047619
47	339	0.055556
47	395	0.058824
47	403	0.058824
48	2	0.009804
48	8	0.010000
48	13	0.010526
48	15	0.017241
48	17	0.006452
48	18	0.006173
48	21	0.008929
48	22	0.010309
48	23	0.009009
48	24	0.010101
48	28	0.018868
48	30	0.027778
48	31	0.035714
48	35	0.010417
48	36	0.012821
48	38	0.013889
48	46	0.012821
48	51	0.014706
48	54	0.019608
48	56	0.022222
48	57	0.022727
48	65	0.016393
48	74	0.027027
48	80	0.028571
48	93	0.030303
48	107	0.027027
48	113	0.029412
48	114	0.027027
48	119	0.028571
48	124	0.038462
48	134	0.030303
48	140	0.026316
48	144	0.031250
48	145	0.040000
48	160	0.035714
48	170	0.031250
48	180	0.034483
48	187	0.040000
48	189	0.050000
48	191	0.041667
48	200	0.035714
48	205	0.032258
48	208	0.038462
48	226	0.052632
48	234	0.043478
48	248	0.041667
48	249	0.047619
48	256	0.040000
48	258	0.041667
48	272	0.038462
48	286	0.055556
48	302	0.058824
48	304	0.052632
48	310	0.047619
48	316	0.055556
48	324	0.045455
48	338	0.052632
48	356	0.062500
48	365	0.047619
48	372	0.052632
48	384	0.055556
48	386	0.055556
48	394	0.058824
49	0	0.024390
49	3	0.013333
49	8	0.010000
49	16	0.011236
49	17	0.006452
49	19	0.008264
49	20	0.008403
49	22	0.010309
49	23	0.009009
49	25	0.015152
49	26	0.014706
49	29	0.023256
49	34	0.010000
49	35	0.010417
49	37	0.010753
49	45	0.011628
49	47	0.016393
49	50	0.028571
49	53	0.020408
49	54	0.019608
49	59	0.025000
49	60	0.021277
49	61	0.030303
49	63	0.033333
49	67	0.019231
49	79	0.022727
49	80	0.028571
49	94	0.034483
49	113	0.029412
49	121	0.031250
49	124	0.038462
49	132	0.027778
49	133	0.027778
49	146	0.028571
49	152	0.034483
49	154	0.040000
49	158	0.043478
49	163	0.035714
49	166	0.035714
49	168	0.032258
49	173	0.040000
49	178	0.035714
49	196	0.035714
49	197	0.034483
49	199	0.031250
49	215	0.041667
49	226	0.052632
49	227	0.040000
49	234	0.043478
49	247	0.040000
49	250	0.050000
49	253	0.052632
49	276	0.050000
49	282	0.052632
49	286	0.055556
49	290	0.055556
49	295	0.050000
49	299	0.045455
49	319	0.058824
49	327	0.045455
49	332	0.047619
49	360	0.055556
49	381	0.058824
49	399	0.055556
49	408	0.058824
49	411	0.055556
49	414	0.058824
49	417	0.058824
49	423	0.058824
50	1	0.013514
50	8	0.010000
50	13	0.010526
50	15	0.017241
50	17	0.006452
50	20	0.008403
50	21	0.008929
50	24	0.010101
50	26	0.014706
50	30	0.027778
50	32	0.012500
50	34	0.010000
50	37	0.010753
50	38	0.013889
50	45	0.011628
50	46	0.012821
50	49	0.014493
50	70	0.018868
50	72	0.018868
50	74	0.027027
50	76	0.015625
50	81	0.022222
50	89	0.023810
50	95	0.050000
50	120	0.038462
50	160	0.035714
50	177	0.043478
50	262	0.041667
50	269	0.034483
50	306	0.050000
50	310	0.047619
50	325	0.047619
50	390	0.055556
50	393	0.058824
50	414	0.058824
51	5	0.017241
51	7	0.022222
51	10	0.012500
51	11	0.015152
51	12	0.013333
51	15	0.017241
51	18	0.006173
51	19	0.008264
51	20	0.008403
51	21	0.008929
51	23	0.009009
51	25	0.015152
51	28	0.018868
51	34	0.010000
51	41	0.016667
51	43	0.014925
51	48	0.015873
51	55	0.019608
51	61	0.030303
51	63	0.033333
51	69	0.022222
51	70	0.018868
51	71	0.016129
51	73	0.017857
51	87	0.023256
51	88	0.027027
51	89	0.023810
51	101	0.030303
51	102	0.029412
51	104	0.023256
51	105	0.035714
51	108	0.027778
51	113	0.029412
51	126	0.035714
51	132	0.027778
51	147	0.031250
51	155	0.045455
51	169	0.033333
51	173	0.040000
51	192	0.035714
51	197	0.034483
51	199	0.031250
51	205	0.032258
51	207	0.045455
51	214	0.037037
51	221	0.055556
51	224	0.041667
51	233	0.037037
51	247	0.040000
51	265	0.052632
51	269	0.034483
51	270	0.040000
51	273	0.038462
51	282	0.052632
51	285	0.055556
51	295	0.050000
51	321	0.058824
51	327	0.045455
51	350	0.058824
51	353	0.052632
51	355	0.055556
51	357	0.055556
51	364	0.055556
51	377	0.050000
51	407	0.055556
51	409	0.058824
51	412	0.058824
51	417	0.058824
52	1	0.013514
52	4	0.014286
52	6	0.012346
52	9	0.014706
52	10	0.012500
52	13	0.010526
52	18	0.006173
52	20	0.008403
52	21	0.008929
52	27	0.019231
52	32	0.012500
52	33	0.012821
52	39	0.011765
52	42	0.010638
52	44	0.016129
52	47	0.016393
52	58	0.021277
52	59	0.025000
52	60	0.021277
52	62	0.038462
52	68	0.019608
52	70	0.018868
52	80	0.028571
52	93	0.030303
52	100	0.020833
52	101	0.030303
52	122	0.045455
52	129	0.032258
52	133	0.027778
52	134	0.030303
52	137	0.038462
52	143	0.040000
52	148	0.029412
52	151	0.028571
52	160	0.035714
52	175	0.038462
52	178	0.035714
52	180	0.034483
52	181	0.032258
52	195	0.040000
52	196	0.035714
52	198	0.034483
52	201	0.041667
52	203	0.040000
52	222	0.052632
52	233	0.037037
52	239	0.047619
52	244	0.047619
52	280	0.045455
52	287	0.050000
52	288	0.043478
52	289	0.034483
52	317	0.055556
52	332	0.047619
52	334	0.047619
52	338	0.052632
52	339	0.055556
52	344	0.052632
52	349	0.055556
52	366	0.058824
52	371	0.055556
52	375	0.052632
52	379	0.058824
52	399	0.055556
52	403	0.058824
52	405	0.062500
53	2	0.009804
53	3	0.013333
53	5	0.017241
53	6	0.012346
53	13	0.010526
53	16	0.011236
53	18	0.006173
53	19	0.008264
53	20	0.008403
53	22	0.010309
53	32	0.012500
53	35	0.010417
53	37	0.010753
53	42	0.010638
53	45	0.011628
53	49	0.014493
53	56	0.022222
53	57	0.022727
53	58	0.021277
53	61	0.030303
53	71	0.016129
53	75	0.021739
53	76	0.015625
53	77	0.015152
53	78	0.018182
53	89	0.023810
53	98	0.022222
53	110	0.027778
53	124	0.038462
53	131	0.032258
53	132	0.027778
53	138	0.030303
53	157	0.047619
53	173	0.040000
53	176	0.038462
53	182	0.029412
53	187	0.040000
53	193	0.035714
53	200	0.035714
53	215	0.041667
53	242	0.041667
53	246	0.047619
53	297	0.058824
53	308	0.050000
53	311	0.047619
53	328	0.055556
53	336	0.052632
53	352	0.052632
53	374	0.055556
54	1	0.013514
54	2	0.009804
54	3	0.013333
54	10	0.012500
54	13	0.010526
54	17	0.006452
54	18	0.006173
54	34	0.010000
54	35	0.010417
54	36	0.012821
54	39	0.011765
54	44	0.016129
54	45	0.011628
54	47	0.016393
54	48	0.015873
54	49	0.014493
54	55	0.019608
54	56	0.022222
54	58	0.021277
54	65	0.016393
54	78	0.018182
54	83	0.024390
54	84	0.024390
54	99	0.027027
54	128	0.032258
54	129	0.032258
54	135	0.023810
54	136	0.034483
54	147	0.031250
54	148	0.029412
54	158	0.043478
54	163	0.035714
54	164	0.031250
54	171	0.043478
54	173	0.040000
54	178	0.035714
54	180	0.034483
54	190	0.047619
54	196	0.035714
54	202	0.037037
54	244	0.047619
54	245	0.050000
54	257	0.041667
54	270	0.040000
54	290	0.055556
54	298	0.045455
54	315	0.050000
54	350	0.058824
54	353	0.052632
54	400	0.058824
54	412	0.058824
55	3	0.013333
55	7	0.022222
55	12	0.013333
55	13	0.010526
55	18	0.006173
55	19	0.008264
55	20	0.008403
55	29	0.023256
55	32	0.012500
55	33	0.012821
55	37	0.010753
55	38	0.013889
55	42	0.010638
55	44	0.016129
55	46	0.012821
55	51	0.014706
55	54	0.019608
55	59	0.025000
55	63	0.033333
55	74	0.027027
55	76	0.015625
55	84	0.024390
55	85	0.022727
55	86	0.023810
55	100	0.020833
55	102	0.029412
55	106	0.023256
55	107	0.027027
55	108	0.027778
55	110	0.027778
55	122	0.045455
55	123	0.030303
55	144	0.031250
55	149	0.025641
55	151	0.028571
55	170	0.031250
55	171	0.043478
55	179	0.041667
55	191	0.041667
55	202	0.037037
55	222	0.052632
55	236	0.045455
55	241	0.035714
55	253	0.052632
55	260	0.043478
55	270	0.040000
55	309	0.055556
55	315	0.050000
55	321	0.058824
55	324	0.045455
55	371	0.055556
56	2	0.009804
56	6	0.012346
56	10	0.012500
56	13	0.010526
56	17	0.006452
56	19	0.008264
56	20	0.008403
56	23	0.009009
56	24	0.010101
56	33	0.012821
56	35	0.010417
56	38	0.013889
56	43	0.014925
56	44	0.016129
56	48	0.015873
56	53	0.020408
56	54	0.019608
56	57	0.022727
56	66	0.020833
56	72	0.018868
56	80	0.028571
56	83	0.024390
56	89	0.023810
56	96	0.022222
56	99	0.027027
56	105	0.035714
56	117	0.024390
56	134	0.030303
56	147	0.031250
56	202	0.037037
56	208	0.038462
56	211	0.043478
56	219	0.052632
56	224	0.041667
56	230	0.041667
56	233	0.037037
56	258	0.041667
56	279	0.047619
56	281	0.052632
56	315	0.050000
56	330	0.058824
56	337	0.055556
56	376	0.055556
56	385	0.055556
56	397	0.055556
57	2	0.009804
57	16	0.011236
57	18	0.006173
57	23	0.009009
57	26	0.014706
57	32	0.012500
57	33	0.012821
57	34	0.010000
57	37	0.010753
57	38	0.013889
57	42	0.010638
57	43	0.014925
57	45	0.011628
57	46	0.012821
57	48	0.015873
57	53	0.020408
57	56	0.022222
57	62	0.038462
57	63	0.033333
57	65	0.016393
57	88	0.027027
57	91	0.037037
57	98	0.022222
57	99	0.027027
57	113	0.029412
57	118	0.025000
57	148	0.029412
57	151	0.028571
57	167	0.041667
57	171	0.043478
57	174	0.028571
57	206	0.037037
57	211	0.043478
57	218	0.037037
57	223	0.050000
57	230	0.041667
57	236	0.045455
57	248	0.041667
57	267	0.050000
57	295	0.050000
57	300	0.050000
57	314	0.050000
57	323	0.047619
57	345	0.047619
58	8	0.010000
58	16	0.011236
58	18	0.006173
58	19	0.008264
58	20	0.008403
58	24	0.010101
58	28	0.018868
58	32	0.012500
58	33	0.012821
58	34	0.010000
58	37	0.010753
58	38	0.013889
58	41	0.016667
58	46	0.012821
58	52	0.015152
58	53	0.020408
58	54	0.019608
58	76	0.015625
58	79	0.022727
58	82	0.023810
58	85	0.022727
58	98	0.022222
58	101	0.030303
58	110	0.027778
58	120	0.038462
58	122	0.045455
58	123	0.030303
58	125	0.040000
58	129	0.032258
58	132	0.027778
58	137	0.038462
58	156	0.043478
58	165	0.045455
58	200	0.035714
58	233	0.037037
58	245	0.050000
58	265	0.052632
58	282	0.052632
58	298	0.045455
58	315	0.050000
58	340	0.045455
58	350	0.058824
58	356	0.062500
58	375	0.052632
58	399	0.055556
58	405	0.062500
58	417	0.058824
59	3	0.013333
59	10	0.012500
59	13	0.010526
59	15	0.017241
59	20	0.008403
59	21	0.008929
59	23	0.009009
59	24	0.010101
59	25	0.015152
59	28	0.018868
59	36	0.012821
59	42	0.010638
59	45	0.011628
59	47	0.016393
59	49	0.014493
59	52	0.015152
59	55	0.019608
59	65	0.016393
59	66	0.020833
59	67	0.019231
59	71	0.016129
59	73	0.017857
59	79	0.022727
59	109	0.027027
59	113	0.029412
59	114	0.027027
59	116	0.017544
59	122	0.045455
59	125	0.040000
59	129	0.032258
59	132	0.027778
59	137	0.038462
59	157	0.047619
59	161	0.031250
59	232	0.043478
59	242	0.041667
59	254	0.047619
59	255	0.045455
59	331	0.058824
59	415	0.062500
60	4	0.014286
60	9	0.014706
60	10	0.012500
60	12	0.013333
60	16	0.011236
60	17	0.006452
60	18	0.006173
60	21	0.008929
60	27	0.019231
60	32	0.012500
60	34	0.010000
60	37	0.010753
60	47	0.016393
60	49	0.014493
60	52	0.015152
60	67	0.019231
60	72	0.018868
60	89	0.023810
60	98	0.022222
60	101	0.030303
60	116	0.017544
60	124	0.038462
60	129	0.032258
60	135	0.023810
60	147	0.031250
60	152	0.034483
60	159	0.045455
60	172	0.029412
60	204	0.034483
60	210	0.040000
60	216	0.045455
60	217	0.041667
60	219	0.052632
60	243	0.034483
60	250	0.050000
60	252	0.047619
60	273	0.038462
60	292	0.052632
60	302	0.058824
60	312	0.050000
60	331	0.058824
60	354	0.058824
60	357	0.055556
60	364	0.055556
60	389	0.058824
60	405	0.062500
60	411	0.055556
61	2	0.009804
61	8	0.010000
61	13	0.010526
61	16	0.011236
61	17	0.006452
61	18	0.006173
61	19	0.008264
61	24	0.010101
61	25	0.015152
61	32	0.012500
61	37	0.010753
61	40	0.020833
61	43	0.014925
61	49	0.014493
61	51	0.014706
61	53	0.020408
61	85	0.022727
61	91	0.037037
61	108	0.027778
61	111	0.031250
61	113	0.029412
61	118	0.025000
61	141	0.038462
61	146	0.028571
61	148	0.029412
61	164	0.031250
61	181	0.032258
61	219	0.052632
61	237	0.040000
61	266	0.052632
61	287	0.050000
61	329	0.047619
61	395	0.058824
62	3	0.013333
62	8	0.010000
62	9	0.014706
62	10	0.012500
62	11	0.015152
62	13	0.010526
62	19	0.008264
62	22	0.010309
62	24	0.010101
62	28	0.018868
62	33	0.012821
62	38	0.013889
62	39	0.011765
62	42	0.010638
62	46	0.012821
62	52	0.015152
62	57	0.022727
62	94	0.034483
62	114	0.027027
62	169	0.033333
62	213	0.045455
62	218	0.037037
62	220	0.045455
62	238	0.047619
62	261	0.041667
62	418	0.058824
63	2	0.009804
63	6	0.012346
63	8	0.010000
63	9	0.014706
63	10	0.012500
63	13	0.010526
63	19	0.008264
63	23	0.009009
63	31	0.035714
63	34	0.010000
63	35	0.010417
63	39	0.011765
63	45	0.011628
63	49	0.014493
63	51	0.014706
63	55	0.019608
63	57	0.022727
63	78	0.018182
63	105	0.035714
63	109	0.027027
63	122	0.045455
63	153	0.034483
63	167	0.041667
63	188	0.031250
63	190	0.047619
63	210	0.040000
63	230	0.041667
63	277	0.047619
63	306	0.050000
63	348	0.055556
64	1	0.013514
64	8	0.010000
64	13	0.010526
64	15	0.017241
64	17	0.006452
64	19	0.008264
64	20	0.008403
64	21	0.008929
64	22	0.010309
64	32	0.012500
64	34	0.010000
64	35	0.010417
64	37	0.010753
64	41	0.016667
64	45	0.011628
64	47	0.016393
64	69	0.022222
64	74	0.027027
64	81	0.022222
64	87	0.023256
64	91	0.037037
64	92	0.033333
64	99	0.027027
64	112	0.025000
64	113	0.029412
64	121	0.031250
64	132	0.027778
64	134	0.030303
64	141	0.038462
64	142	0.030303
64	149	0.025641
64	153	0.034483
64	164	0.031250
64	166	0.035714
64	167	0.041667
64	187	0.040000
64	197	0.034483
64	205	0.032258
64	219	0.052632
64	222	0.052632
64	230	0.041667
64	231	0.040000
64	233	0.037037
64	240	0.045455
64	261	0.041667
64	270	0.040000
64	271	0.045455
64	276	0.050000
64	280	0.045455
64	282	0.052632
64	291	0.043478
64	292	0.052632
64	296	0.041667
64	297	0.058824
64	316	0.055556
64	322	0.050000
64	325	0.047619
64	352	0.052632
64	358	0.055556
64	363	0.058824
64	366	0.058824
64	390	0.055556
64	408	0.058824
64	415	0.062500
64	423	0.058824
65	0	0.024390
65	1	0.013514
65	11	0.015152
65	16	0.011236
65	17	0.006452
65	20	0.008403
65	23	0.009009
65	24	0.010101
65	34	0.010000
65	35	0.010417
65	38	0.013889
65	42	0.010638
65	48	0.015873
65	54	0.019608
65	57	0.022727
65	59	0.025000
65	66	0.020833
65	67	0.019231
65	70	0.018868
65	76	0.015625
65	77	0.015152
65	82	0.023810
65	87	0.023256
65	89	0.023810
65	91	0.037037
65	93	0.030303
65	96	0.022222
65	101	0.030303
65	111	0.031250
65	120	0.038462
65	122	0.045455
65	123	0.030303
65	139	0.037037
65	154	0.040000
65	163	0.035714
65	165	0.045455
65	167	0.041667
65	169	0.033333
65	172	0.029412
65	173	0.040000
65	179	0.041667
65	195	0.040000
65	229	0.045455
65	240	0.045455
65	242	0.041667
65	253	0.052632
65	271	0.045455
65	278	0.052632
65	281	0.052632
65	285	0.055556
65	306	0.050000
65	312	0.050000
65	327	0.045455
65	332	0.047619
65	344	0.052632
65	348	0.055556
65	367	0.050000
65	388	0.055556
65	391	0.058824
65	406	0.058824
65	420	0.058824
66	1	0.013514
66	2	0.009804
66	13	0.010526
66	18	0.006173
66	19	0.008264
66	21	0.008929
66	24	0.010101
66	33	0.012821
66	35	0.010417
66	37	0.010753
66	39	0.011765
66	44	0.016129
66	46	0.012821
66	56	0.022222
66	59	0.025000
66	65	0.016393
66	69	0.022222
66	73	0.017857
66	81	0.022222
66	82	0.023810
66	83	0.024390
66	89	0.023810
66	118	0.025000
66	120	0.038462
66	124	0.038462
66	125	0.040000
66	127	0.050000
66	129	0.032258
66	141	0.038462
66	143	0.040000
66	186	0.045455
66	189	0.050000
66	193	0.035714
66	194	0.040000
66	201	0.041667
66	228	0.043478
66	229	0.045455
66	233	0.037037
66	238	0.047619
66	263	0.038462
66	277	0.047619
66	283	0.058824
66	294	0.045455
66	332	0.047619
66	354	0.058824
66	361	0.055556
66	394	0.058824
66	413	0.058824
67	8	0.010000
67	11	0.015152
67	13	0.010526
67	16	0.011236
67	22	0.010309
67	23	0.009009
67	32	0.012500
67	33	0.012821
67	34	0.010000
67	36	0.012821
67	39	0.011765
67	40	0.020833
67	45	0.011628
67	49	0.014493
67	59	0.025000
67	60	0.021277
67	65	0.016393
67	68	0.019608
67	71	0.016129
67	79	0.022727
67	87	0.023256
67	103	0.022727
67	106	0.023256
67	108	0.027778
67	112	0.025000
67	116	0.017544
67	122	0.045455
67	125	0.040000
67	130	0.025000
67	147	0.031250
67	150	0.030303
67	164	0.031250
67	166	0.035714
67	177	0.043478
67	196	0.035714
67	199	0.031250
67	232	0.043478
67	245	0.050000
67	253	0.052632
67	262	0.041667
67	279	0.047619
67	281	0.052632
67	301	0.050000
67	311	0.047619
67	314	0.050000
67	317	0.055556
67	336	0.052632
67	359	0.047619
67	365	0.047619
67	379	0.058824
67	388	0.055556
67	409	0.058824
68	2	0.009804
68	5	0.017241
68	10	0.012500
68	11	0.015152
68	13	0.010526
68	17	0.006452
68	20	0.008403
68	21	0.008929
68	23	0.009009
68	24	0.010101
68	34	0.010000
68	39	0.011765
68	44	0.016129
68	45	0.011628
68	46	0.012821
68	52	0.015152
68	67	0.019231
68	80	0.028571
68	81	0.022222
68	83	0.024390
68	89	0.023810
68	90	0.029412
68	92	0.033333
68	110	0.027778
68	115	0.022222
68	116	0.017544
68	122	0.045455
68	125	0.040000
68	132	0.027778
68	140	0.026316
68	159	0.045455
68	160	0.035714
68	163	0.035714
68	165	0.045455
68	192	0.035714
68	202	0.037037
68	217	0.041667
68	225	0.037037
68	229	0.045455
68	243	0.034483
68	244	0.047619
68	279	0.047619
68	288	0.043478
68	316	0.055556
68	322	0.050000
68	349	0.055556
68	358	0.055556
68	380	0.055556
68	384	0.055556
68	396	0.055556
68	422	0.055556
69	0	0.024390
69	2	0.009804
69	7	0.022222
69	10	0.012500
69	11	0.015152
69	13	0.010526
69	16	0.011236
69	18	0.006173
69	19	0.008264
69	20	0.008403
69	23	0.009009
69	33	0.012821
69	35	0.010417
69	41	0.016667
69	51	0.014706
69	64	0.015385
69	66	0.020833
69	73	0.017857
69	77	0.015152
69	78	0.018182
69	82	0.023810
69	88	0.027027
69	89	0.023810
69	92	0.033333
69	103	0.022727
69	104	0.023256
69	120	0.038462
69	130	0.025000
69	133	0.027778
69	136	0.034483
69	149	0.025641
69	153	0.034483
69	168	0.032258
69	188	0.031250
69	209	0.034483
69	219	0.052632
69	279	0.047619
69	303	0.047619
69	317	0.055556
69	330	0.058824
69	331	0.058824
69	351	0.055556
69	359	0.047619
69	364	0.055556
69	385	0.055556
70	2	0.009804
70	3	0.013333
70	12	0.013333
70	15	0.017241
70	17	0.006452
70	20	0.008403
70	24	0.010101
70	26	0.014706
70	35	0.010417
70	40	0.020833
70	41	0.016667
70	45	0.011628
70	50	0.028571
70	51	0.014706
70	52	0.015152
70	65	0.016393
70	73	0.017857
70	84	0.024390
70	87	0.023256
70	90	0.029412
70	94	0.034483
70	112	0.025000
70	115	0.022222
70	132	0.027778
70	133	0.027778
70	138	0.030303
70	144	0.031250
70	146	0.028571
70	154	0.040000
70	157	0.047619
70	160	0.035714
70	174	0.028571
70	181	0.032258
70	187	0.040000
70	216	0.045455
70	225	0.037037
70	249	0.047619
70	252	0.047619
70	253	0.052632
70	258	0.041667
70	272	0.038462
70	284	0.047619
70	286	0.055556
70	299	0.045455
70	335	0.052632
70	341	0.050000
70	369	0.052632
70	372	0.052632
70	381	0.058824
70	385	0.055556
70	391	0.058824
70	400	0.058824
70	421	0.058824
71	2	0.009804
71	6	0.012346
71	10	0.012500
71	13	0.010526
71	16	0.011236
71	18	0.006173
71	19	0.008264
71	21	0.008929
71	23	0.009009
71	25	0.015152
71	37	0.010753
71	46	0.012821
71	51	0.014706
71	53	0.020408
71	59	0.025000
71	67	0.019231
71	77	0.015152
71	79	0.022727
71	81	0.022222
71	87	0.023256
71	90	0.029412
71	96	0.022222
71	98	0.022222
71	103	0.022727
71	104	0.023256
71	112	0.025000
71	120	0.038462
71	125	0.040000
71	127	0.050000
71	130	0.025000
71	133	0.027778
71	140	0.026316
71	142	0.030303
71	149	0.025641
71	153	0.034483
71	156	0.043478
71	157	0.047619
71	162	0.038462
71	163	0.035714
71	170	0.031250
71	174	0.028571
71	177	0.043478
71	191	0.041667
71	223	0.050000
71	229	0.045455
71	246	0.047619
71	300	0.050000
71	326	0.055556
71	332	0.047619
71	338	0.052632
71	340	0.045455
71	346	0.058824
71	351	0.055556
71	353	0.052632
71	357	0.055556
71	361	0.055556
71	372	0.052632
71	401	0.058824
71	404	0.058824
71	406	0.058824
71	417	0.058824
71	422	0.055556
72	5	0.017241
72	9	0.014706
72	10	0.012500
72	13	0.010526
72	15	0.017241
72	20	0.008403
72	24	0.010101
72	25	0.015152
72	28	0.018868
72	30	0.027778
72	33	0.012821
72	36	0.012821
72	42	0.010638
72	47	0.016393
72	50	0.028571
72	56	0.022222
72	60	0.021277
72	80	0.028571
72	86	0.023810
72	93	0.030303
72	99	0.027027
72	100	0.020833
72	106	0.023256
72	108	0.027778
72	110	0.027778
72	150	0.030303
72	157	0.047619
72	167	0.041667
72	175	0.038462
72	190	0.047619
72	192	0.035714
72	200	0.035714
72	235	0.038462
72	237	0.040000
72	254	0.047619
72	258	0.041667
72	269	0.034483
72	272	0.038462
72	297	0.058824
72	298	0.045455
72	319	0.058824
72	321	0.058824
72	343	0.052632
72	349	0.055556
72	381	0.058824
72	387	0.055556
72	399	0.055556
72	400	0.058824
72	403	0.058824
72	405	0.062500
72	416	0.058824
72	422	0.055556
72	423	0.058824
73	3	0.013333
73	8	0.010000
73	10	0.012500
73	15	0.017241
73	18	0.006173
73	22	0.010309
73	25	0.015152
73	26	0.014706
73	33	0.012821
73	35	0.010417
73	42	0.010638
73	51	0.014706
73	59	0.025000
73	66	0.020833
73	69	0.022222
73	70	0.018868
73	75	0.021739
73	77	0.015152
73	95	0.050000
73	102	0.029412
73	103	0.022727
73	113	0.029412
73	132	0.027778
73	136	0.034483
73	140	0.026316
73	143	0.040000
73	145	0.040000
73	159	0.045455
73	166	0.035714
73	168	0.032258
73	173	0.040000
73	180	0.034483
73	184	0.040000
73	196	0.035714
73	224	0.041667
73	237	0.040000
73	238	0.047619
73	244	0.047619
73	245	0.050000
73	247	0.040000
73	250	0.050000
73	263	0.038462
73	267	0.050000
73	289	0.034483
73	293	0.052632
73	318	0.052632
73	321	0.058824
73	326	0.055556
73	339	0.055556
73	341	0.050000
73	354	0.058824
73	371	0.055556
73	389	0.058824
73	397	0.055556
73	413	0.058824
73	419	0.058824
74	8	0.010000
74	11	0.015152
74	13	0.010526
74	18	0.006173
74	19	0.008264
74	20	0.008403
74	21	0.008929
74	22	0.010309
74	35	0.010417
74	37	0.010753
74	38	0.013889
74	40	0.020833
74	43	0.014925
74	48	0.015873
74	50	0.028571
74	55	0.019608
74	64	0.015385
74	76	0.015625
74	86	0.023810
74	93	0.030303
74	97	0.025641
74	98	0.022222
74	129	0.032258
74	141	0.038462
74	153	0.034483
74	205	0.032258
74	212	0.030303
74	216	0.045455
74	219	0.052632
74	220	0.045455
74	227	0.040000
74	230	0.041667
74	299	0.045455
74	314	0.050000
74	372	0.052632
74	373	0.050000
74	382	0.058824
75	1	0.013514
75	10	0.012500
75	11	0.015152
75	12	0.013333
75	17	0.006452
75	19	0.008264
75	21	0.008929
75	23	0.009009
75	33	0.012821
75	34	0.010000
75	35	0.010417
75	40	0.020833
75	42	0.010638
75	53	0.020408
75	73	0.017857
75	86	0.023810
75	91	0.037037
75	95	0.050000
75	98	0.022222
75	104	0.023256
75	113	0.029412
75	114	0.027027
75	127	0.050000
75	128	0.032258
75	142	0.030303
75	150	0.030303
75	157	0.047619
75	161	0.031250
75	162	0.038462
75	163	0.035714
75	164	0.031250
75	172	0.029412
75	181	0.032258
75	197	0.034483
75	217	0.041667
75	230	0.041667
75	237	0.040000
75	240	0.045455
75	273	0.038462
75	317	0.055556
75	325	0.047619
75	354	0.058824
75	363	0.058824
75	412	0.058824
75	419	0.058824
75	423	0.058824
76	6	0.012346
76	8	0.010000
76	13	0.010526
76	17	0.006452
76	19	0.008264
76	25	0.015152
76	29	0.023256
76	30	0.027778
76	38	0.013889
76	42	0.010638
76	45	0.011628
76	50	0.028571
76	53	0.020408
76	55	0.019608
76	58	0.021277
76	65	0.016393
76	74	0.027027
76	80	0.028571
76	82	0.023810
76	83	0.024390
76	85	0.022727
76	90	0.029412
76	94	0.034483
76	95	0.050000
76	99	0.027027
76	108	0.027778
76	111	0.031250
76	112	0.025000
76	132	0.027778
76	141	0.038462
76	143	0.040000
76	147	0.031250
76	150	0.030303
76	166	0.035714
76	170	0.031250
76	171	0.043478
76	174	0.028571
76	178	0.035714
76	182	0.029412
76	188	0.031250
76	199	0.031250
76	203	0.040000
76	211	0.043478
76	221	0.055556
76	225	0.037037
76	255	0.045455
76	265	0.052632
76	267	0.050000
76	274	0.045455
76	276	0.050000
76	282	0.052632
76	284	0.047619
76	291	0.043478
76	294	0.045455
76	304	0.052632
76	326	0.055556
76	333	0.058824
76	342	0.055556
76	353	0.052632
76	380	0.055556
76	396	0.055556
76	408	0.058824
76	415	0.062500
76	418	0.058824
77	1	0.013514
77	2	0.009804
77	16	0.011236
77	18	0.006173
77	19	0.008264
77	21	0.008929
77	23	0.009009
77	32	0.012500
77	36	0.012821
77	45	0.011628
77	46	0.012821
77	47	0.016393
77	53	0.020408
77	65	0.016393
77	69	0.022222
77	71	0.016129
77	73	0.017857
77	80	0.028571
77	81	0.022222
77	96	0.022222
77	99	0.027027
77	100	0.020833
77	106	0.023256
77	127	0.050000
77	128	0.032258
77	132	0.027778
77	135	0.023810
77	137	0.038462
77	149	0.025641
77	152	0.034483
77	166	0.035714
77	170	0.031250
77	176	0.038462
77	179	0.041667
77	182	0.029412
77	186	0.045455
77	195	0.040000
77	196	0.035714
77	202	0.037037
77	213	0.045455
77	214	0.037037
77	216	0.045455
77	218	0.037037
77	220	0.045455
77	221	0.055556
77	267	0.050000
77	268	0.050000
77	269	0.034483
77	275	0.045455
77	278	0.052632
77	290	0.055556
77	299	0.045455
77	309	0.055556
77	310	0.047619
77	311	0.047619
77	318	0.052632
77	324	0.045455
77	327	0.045455
77	331	0.058824
77	337	0.055556
77	363	0.058824
77	373	0.050000
77	398	0.055556
77	401	0.058824
77	415	0.062500
77	420	0.058824
78	1	0.013514
78	2	0.009804
78	6	0.012346
78	9	0.014706
78	17	0.006452
78	18	0.006173
78	22	0.010309
78	24	0.010101
78	25	0.015152
78	34	0.010000
78	37	0.010753
78	45	0.011628
78	47	0.016393
78	53	0.020408
78	54	0.019608
78	63	0.033333
78	69	0.022222
78	85	0.022727
78	87	0.023256
78	92	0.033333
78	93	0.030303
78	98	0.022222
78	99	0.027027
78	120	0.038462
78	128	0.032258
78	148	0.029412
78	149	0.025641
78	184	0.040000
78	188	0.031250
78	192	0.035714
78	193	0.035714
78	195	0.040000
78	209	0.034483
78	216	0.045455
78	218	0.037037
78	219	0.052632
78	220	0.045455
78	229	0.045455
78	231	0.040000
78	260	0.043478
78	262	0.041667
78	267	0.050000
78	286	0.055556
78	304	0.052632
78	313	0.047619
78	320	0.052632
78	339	0.055556
78	351	0.055556
78	359	0.047619
78	365	0.047619
78	370	0.058824
78	400	0.058824
78	405	0.062500
78	406	0.058824
78	424	0.058824
79	0	0.024390
79	2	0.009804
79	3	0.013333
79	6	0.012346
79	12	0.013333
79	16	0.011236
79	17	0.006452
79	24	0.010101
79	26	0.014706
79	34	0.010000
79	37	0.010753
79	38	0.013889
79	49	0.014493
79	58	0.021277
79	59	0.025000
79	67	0.019231
79	71	0.016129
79	84	0.024390
79	87	0.023256
79	106	0.023256
79	112	0.025000
79	116	0.017544
79	120	0.038462
79	144	0.031250
79	151	0.028571
79	160	0.035714
79	177	0.043478
79	219	0.052632
79	230	0.041667
79	231	0.040000
79	244	0.047619
79	254	0.047619
79	259	0.040000
79	267	0.050000
79	303	0.047619
79	304	0.052632
79	314	0.050000
79	316	0.055556
79	333	0.058824
79	335	0.052632
79	387	0.055556
79	410	0.058824
79	412	0.058824
79	417	0.058824
80	1	0.013514
80	8	0.010000
80	9	0.014706
80	14	0.034483
80	18	0.006173
80	23	0.009009
80	25	0.015152
80	31	0.035714
80	46	0.012821
80	48	0.015873
80	49	0.014493
80	52	0.015152
80	56	0.022222
80	68	0.019608
80	72	0.018868
80	76	0.015625
80	77	0.015152
80	94	0.034483
80	108	0.027778
80	118	0.025000
80	151	0.028571
80	185	0.047619
80	196	0.035714
80	198	0.034483
80	213	0.045455
80	223	0.050000
80	248	0.041667
80	282	0.052632
80	295	0.050000
80	302	0.058824
80	314	0.050000
80	338	0.052632
80	379	0.058824
80	385	0.055556
80	390	0.055556
81	10	0.012500
81	13	0.010526
81	20	0.008403
81	34	0.010000
81	36	0.012821
81	37	0.010753
81	38	0.013889
81	39	0.011765
81	42	0.010638
81	46	0.012821
81	47	0.016393
81	50	0.028571
81	64	0.015385
81	66	0.020833
81	68	0.019608
81	71	0.016129
81	77	0.015152
81	94	0.034483
81	97	0.025641
81	103	0.022727
81	108	0.027778
81	114	0.027027
81	124	0.038462
81	126	0.035714
81	141	0.038462
81	143	0.040000
81	154	0.040000
81	157	0.047619
81	200	0.035714
81	207	0.045455
81	244	0.047619
81	255	0.045455
81	284	0.047619
81	303	0.047619
81	320	0.052632
81	340	0.045455
81	342	0.055556
81	356	0.062500
81	368	0.055556
81	394	0.058824
81	395	0.058824
81	396	0.055556
81	398	0.055556
81	401	0.058824
81	406	0.058824
82	4	0.014286
82	7	0.022222
82	17	0.006452
82	18	0.006173
82	20	0.008403
82	23	0.009009
82	26	0.014706
82	27	0.019231
82	34	0.010000
82	35	0.010417
82	42	0.010638
82	58	0.021277
82	65	0.016393
82	66	0.020833
82	69	0.022222
82	76	0.015625
82	85	0.022727
82	97	0.025641
82	100	0.020833
82	104	0.023256
82	146	0.028571
82	154	0.040000
82	156	0.043478
82	165	0.045455
82	179	0.041667
82	187	0.040000
82	211	0.043478
82	221	0.055556
82	229	0.045455
82	237	0.040000
82	242	0.041667
82	257	0.041667
82	288	0.043478
82	293	0.052632
82	301	0.050000
82	303	0.047619
82	326	0.055556
82	339	0.055556
82	346	0.058824
82	374	0.055556
82	381	0.058824
82	422	0.055556
83	4	0.014286
83	6	0.012346
83	8	0.010000
83	16	0.011236
83	17	0.006452
83	21	0.008929
83	23	0.009009
83	26	0.014706
83	27	0.019231
83	35	0.010417
83	36	0.012821
83	38	0.013889
83	54	0.019608
83	56	0.022222
83	66	0.020833
83	68	0.019608
83	76	0.015625
83	84	0.024390
83	88	0.027027
83	106	0.023256
83	118	0.025000
83	126	0.035714
83	144	0.031250
83	155	0.045455
83	185	0.047619
83	186	0.045455
83	195	0.040000
83	209	0.034483
83	214	0.037037
83	219	0.052632
83	222	0.052632
83	242	0.041667
83	257	0.041667
83	276	0.050000
83	283	0.058824
83	289	0.034483
83	307	0.052632
83	321	0.058824
83	354	0.058824
83	407	0.055556
83	417	0.058824
84	0	0.024390
84	2	0.009804
84	3	0.013333
84	12	0.013333
84	17	0.006452
84	18	0.006173
84	23	0.009009
84	24	0.010101
84	35	0.010417
84	39	0.011765
84	46	0.012821
84	54	0.019608
84	55	0.019608
84	70	0.018868
84	79	0.022727
84	83	0.024390
84	86	0.023810
84	95	0.050000
84	97	0.025641
84	115	0.022222
84	140	0.026316
84	144	0.031250
84	173	0.040000
84	198	0.034483
84	229	0.045455
84	237	0.040000
84	240	0.045455
84	252	0.047619
84	264	0.045455
84	265	0.052632
84	271	0.045455
84	298	0.045455
84	299	0.045455
84	306	0.050000
84	315	0.050000
84	335	0.052632
84	337	0.055556
84	338	0.052632
84	343	0.052632
84	350	0.058824
84	405	0.062500
85	6	0.012346
85	7	0.022222
85	16	0.011236
85	27	0.019231
85	29	0.023256
85	34	0.010000
85	35	0.010417
85	37	0.010753
85	40	0.020833
85	43	0.014925
85	45	0.011628
85	55	0.019608
85	58	0.021277
85	61	0.030303
85	76	0.015625
85	78	0.018182
85	82	0.023810
85	86	0.023810
85	94	0.034483
85	96	0.022222
85	101	0.030303
85	124	0.038462
85	132	0.027778
85	133	0.027778
85	135	0.023810
85	148	0.029412
85	157	0.047619
85	161	0.031250
85	177	0.043478
85	183	0.040000
85	194	0.040000
85	230	0.041667
85	257	0.041667
85	281	0.052632
85	293	0.052632
85	315	0.050000
85	322	0.050000
85	331	0.058824
85	344	0.052632
85	346	0.058824
85	371	0.055556
85	399	0.055556
85	405	0.062500
85	415	0.062500
86	3	0.013333
86	4	0.014286
86	8	0.010000
86	10	0.012500
86	13	0.010526
86	17	0.006452
86	21	0.008929
86	34	0.010000
86	37	0.010753
86	41	0.016667
86	47	0.016393
86	55	0.019608
86	72	0.018868
86	74	0.027027
86	75	0.021739
86	84	0.024390
86	85	0.022727
86	92	0.033333
86	109	0.027027
86	125	0.040000
86	126	0.035714
86	135	0.023810
86	143	0.040000
86	154	0.040000
86	161	0.031250
86	179	0.041667
86	186	0.045455
86	194	0.040000
86	203	0.040000
86	206	0.037037
86	212	0.030303
86	217	0.041667
86	226	0.052632
86	245	0.050000
86	251	0.047619
86	260	0.043478
86	282	0.052632
86	287	0.050000
86	319	0.058824
86	374	0.055556
86	382	0.058824
86	413	0.058824
87	2	0.009804
87	4	0.014286
87	13	0.010526
87	32	0.012500
87	34	0.010000
87	35	0.010417
87	42	0.010638
87	44	0.016129
87	47	0.016393
87	51	0.014706
87	64	0.015385
87	65	0.016393
87	67	0.019231
87	70	0.018868
87	71	0.016129
87	78	0.018182
87	79	0.022727
87	98	0.022222
87	106	0.023256
87	116	0.017544
87	129	0.032258
87	131	0.032258
87	145	0.040000
87	163	0.035714
87	175	0.038462
87	180	0.034483
87	181	0.032258
87	192	0.035714
87	200	0.035714
87	203	0.040000
87	229	0.045455
87	246	0.047619
87	247	0.040000
87	251	0.047619
87	253	0.052632
87	257	0.041667
87	285	0.055556
87	289	0.034483
87	292	0.052632
87	294	0.045455
87	299	0.045455
87	357	0.055556
87	403	0.058824
88	1	0.013514
88	5	0.017241
88	6	0.012346
88	8	0.010000
88	11	0.015152
88	16	0.011236
88	19	0.008264
88	25	0.015152
88	28	0.018868
88	35	0.010417
88	40	0.020833
88	42	0.010638
88	47	0.016393
88	51	0.014706
88	57	0.022727
88	69	0.022222
88	83	0.024390
88	113	0.029412
88	115	0.022222
88	117	0.024390
88	118	0.025000
88	139	0.037037
88	152	0.034483
88	158	0.043478
88	161	0.031250
88	181	0.032258
88	243	0.034483
88	254	0.047619
88	270	0.040000
88	283	0.058824
88	309	0.055556
88	319	0.058824
88	323	0.047619
88	354	0.058824
88	370	0.058824
88	377	0.050000
88	412	0.058824
89	2	0.009804
89	3	0.013333
89	19	0.008264
89	26	0.014706
89	27	0.019231
89	32	0.012500
89	45	0.011628
89	50	0.028571
89	51	0.014706
89	53	0.020408
89	56	0.022222
89	60	0.021277
89	65	0.016393
89	66	0.020833
89	68	0.019608
89	69	0.022222
89	92	0.033333
89	111	0.031250
89	115	0.022222
89	116	0.017544
89	124	0.038462
89	142	0.030303
89	145	0.040000
89	146	0.028571
89	163	0.035714
89	181	0.032258
89	201	0.041667
89	208	0.038462
89	219	0.052632
89	233	0.037037
89	241	0.035714
89	268	0.050000
89	270	0.040000
89	277	0.047619
89	279	0.047619
89	281	0.052632
89	293	0.052632
89	335	0.052632
89	346	0.058824
89	353	0.052632
89	402	0.058824
89	418	0.058824
90	5	0.017241
90	12	0.013333
90	16	0.011236
90	18	0.006173
90	19	0.008264
90	21	0.008929
90	26	0.014706
90	28	0.018868
90	32	0.012500
90	36	0.012821
90	39	0.011765
90	42	0.010638
90	43	0.014925
90	68	0.019608
90	70	0.018868
90	71	0.016129
90	76	0.015625
90	111	0.031250
90	119	0.028571
90	153	0.034483
90	166	0.035714
90	167	0.041667
90	169	0.033333
90	184	0.040000
90	189	0.050000
90	203	0.040000
90	204	0.034483
90	205	0.032258
90	245	0.050000
90	256	0.040000
90	283	0.058824
90	323	0.047619
90	382	0.058824
90	408	0.058824
91	1	0.013514
91	3	0.013333
91	19	0.008264
91	22	0.010309
91	23	0.009009
91	24	0.010101
91	26	0.014706
91	34	0.010000
91	35	0.010417
91	40	0.020833
91	45	0.011628
91	47	0.016393
91	57	0.022727
91	61	0.030303
91	64	0.015385
91	65	0.016393
91	75	0.021739
91	96	0.022222
91	109	0.027027
91	127	0.050000
91	148	0.029412
91	153	0.034483
91	184	0.040000
91	198	0.034483
91	213	0.045455
91	416	0.058824
91	419	0.058824
92	7	0.022222
92	17	0.006452
92	18	0.006173
92	19	0.008264
92	22	0.010309
92	23	0.009009
92	36	0.012821
92	37	0.010753
92	43	0.014925
92	46	0.012821
92	47	0.016393
92	64	0.015385
92	68	0.019608
92	69	0.022222
92	78	0.018182
92	86	0.023810
92	89	0.023810
92	95	0.050000
92	97	0.025641
92	117	0.024390
92	118	0.025000
92	141	0.038462
92	152	0.034483
92	175	0.038462
92	204	0.034483
92	234	0.043478
92	251	0.047619
92	270	0.040000
92	275	0.045455
92	417	0.058824
93	4	0.014286
93	5	0.017241
93	6	0.012346
93	7	0.022222
93	11	0.015152
93	13	0.010526
93	21	0.008929
93	22	0.010309
93	23	0.009009
93	36	0.012821
93	45	0.011628
93	48	0.015873
93	52	0.015152
93	65	0.016393
93	72	0.018868
93	74	0.027027
93	78	0.018182
93	104	0.023256
93	108	0.027778
93	143	0.040000
93	157	0.047619
93	177	0.043478
93	191	0.041667
93	238	0.047619
93	248	0.041667
93	276	0.050000
93	365	0.047619
93	375	0.052632
93	380	0.055556
93	384	0.055556
93	393	0.058824
93	398	0.055556
93	414	0.058824
94	1	0.013514
94	2	0.009804
94	6	0.012346
94	8	0.010000
94	18	0.006173
94	36	0.012821
94	42	0.010638
94	43	0.014925
94	44	0.016129
94	46	0.012821
94	49	0.014493
94	62	0.038462
94	70	0.018868
94	76	0.015625
94	80	0.028571
94	81	0.022222
94	85	0.022727
94	105	0.035714
94	117	0.024390
94	146	0.028571
94	157	0.047619
94	179	0.041667
94	201	0.041667
94	273	0.038462
94	341	0.050000
94	374	0.055556
94	390	0.055556
94	406	0.058824
94	411	0.055556
95	3	0.013333
95	8	0.010000
95	9	0.014706
95	10	0.012500
95	18	0.006173
95	20	0.008403
95	22	0.010309
95	35	0.010417
95	47	0.016393
95	50	0.028571
95	73	0.017857
95	75	0.021739
95	76	0.015625
95	84	0.024390
95	92	0.033333
95	105	0.035714
95	159	0.045455
95	235	0.038462
95	264	0.045455
95	299	0.045455
96	2	0.009804
96	8	0.010000
96	11	0.015152
96	16	0.011236
96	19	0.008264
96	24	0.010101
96	25	0.015152
96	27	0.019231
96	40	0.020833
96	45	0.011628
96	47	0.016393
96	56	0.022222
96	65	0.016393
96	71	0.016129
96	77	0.015152
96	85	0.022727
96	91	0.037037
96	98	0.022222
96	106	0.023256
96	110	0.027778
96	115	0.022222
96	118	0.025000
96	124	0.038462
96	141	0.038462
96	142	0.030303
96	144	0.031250
96	146	0.028571
96	150	0.030303
96	165	0.045455
96	172	0.029412
96	204	0.034483
96	206	0.037037
96	214	0.037037
96	221	0.055556
96	222	0.052632
96	235	0.038462
96	287	0.050000
96	292	0.052632
96	294	0.045455
96	321	0.058824
96	332	0.047619
96	346	0.058824
96	352	0.052632
96	372	0.052632
96	402	0.058824
97	5	0.017241
97	6	0.012346
97	14	0.034483
97	15	0.017241
97	18	0.006173
97	20	0.008403
97	33	0.012821
97	34	0.010000
97	37	0.010753
97	41	0.016667
97	42	0.010638
97	43	0.014925
97	74	0.027027
97	81	0.022222
97	82	0.023810
97	84	0.024390
97	92	0.033333
97	99	0.027027
97	123	0.030303
97	130	0.025000
97	131	0.032258
97	149	0.025641
97	166	0.035714
97	167	0.041667
97	178	0.035714
97	194	0.040000
97	203	0.040000
97	218	0.037037
97	228	0.043478
97	238	0.047619
97	240	0.045455
97	252	0.047619
97	264	0.045455
97	292	0.052632
97	381	0.058824
97	394	0.058824
97	402	0.058824
97	418	0.058824
97	422	0.055556
98	18	0.006173
98	19	0.008264
98	23	0.009009
98	27	0.019231
98	32	0.012500
98	35	0.010417
98	36	0.012821
98	53	0.020408
98	57	0.022727
98	58	0.021277
98	60	0.021277
98	71	0.016129
98	74	0.027027
98	75	0.021739
98	78	0.018182
98	87	0.023256
98	96	0.022222
98	127	0.050000
98	150	0.030303
98	153	0.034483
98	156	0.043478
98	162	0.038462
98	169	0.033333
98	171	0.043478
98	199	0.031250
98	210	0.040000
98	218	0.037037
98	223	0.050000
98	228	0.043478
98	237	0.040000
98	240	0.045455
98	249	0.047619
98	266	0.052632
98	287	0.050000
98	303	0.047619
98	325	0.047619
98	345	0.047619
98	364	0.055556
98	366	0.058824
98	385	0.055556
98	389	0.058824
98	391	0.058824
98	400	0.058824
98	420	0.058824
98	425	0.058824
99	1	0.013514
99	2	0.009804
99	12	0.013333
99	21	0.008929
99	26	0.014706
99	37	0.010753
99	39	0.011765
99	43	0.014925
99	54	0.019608
99	56	0.022222
99	57	0.022727
99	64	0.015385
99	72	0.018868
99	76	0.015625
99	77	0.015152
99	78	0.018182
99	97	0.025641
99	145	0.040000
99	160	0.035714
99	174	0.028571
99	189	0.050000
99	190	0.047619
99	191	0.041667
99	201	0.041667
99	207	0.045455
99	220	0.045455
99	226	0.052632
99	233	0.037037
99	235	0.038462
99	253	0.052632
99	258	0.041667
99	283	0.058824
99	303	0.047619
99	328	0.055556
99	356	0.062500
99	361	0.055556
99	397	0.055556
100	3	0.013333
100	5	0.017241
100	14	0.034483
100	17	0.006452
100	19	0.008264
100	21	0.008929
100	23	0.009009
100	24	0.010101
100	34	0.010000
100	42	0.010638
100	44	0.016129
100	45	0.011628
100	52	0.015152
100	55	0.019608
100	72	0.018868
100	77	0.015152
100	82	0.023810
100	107	0.027027
100	112	0.025000
100	122	0.045455
100	123	0.030303
100	126	0.035714
100	156	0.043478
100	168	0.032258
100	175	0.038462
100	180	0.034483
100	193	0.035714
100	198	0.034483
100	201	0.041667
100	238	0.047619
100	239	0.047619
100	266	0.052632
100	281	0.052632
100	285	0.055556
100	291	0.043478
100	296	0.041667
100	309	0.055556
100	315	0.050000
100	316	0.055556
100	318	0.052632
100	321	0.058824
100	325	0.047619
100	326	0.055556
100	356	0.062500
100	375	0.052632
100	381	0.058824
100	410	0.058824
100	424	0.058824
101	3	0.013333
101	6	0.012346
101	13	0.010526
101	15	0.017241
101	21	0.008929
101	22	0.010309
101	23	0.009009
101	24	0.010101
101	32	0.012500
101	34	0.010000
101	46	0.012821
101	51	0.014706
101	52	0.015152
101	58	0.021277
101	60	0.021277
101	65	0.016393
101	85	0.022727
101	102	0.029412
101	169	0.033333
101	176	0.038462
101	189	0.050000
101	193	0.035714
101	217	0.041667
101	222	0.052632
101	255	0.045455
101	279	0.047619
101	289	0.034483
101	337	0.055556
101	354	0.058824
101	356	0.062500
101	365	0.047619
101	375	0.052632
101	414	0.058824
102	1	0.013514
102	13	0.010526
102	15	0.017241
102	17	0.006452
102	20	0.008403
102	21	0.008929
102	22	0.010309
102	24	0.010101
102	26	0.014706
102	37	0.010753
102	43	0.014925
102	44	0.016129
102	46	0.012821
102	51	0.014706
102	55	0.019608
102	73	0.017857
102	101	0.030303
102	125	0.040000
102	134	0.030303
102	156	0.043478
102	164	0.031250
102	195	0.040000
102	210	0.040000
102	215	0.041667
102	252	0.047619
102	260	0.043478
102	264	0.045455
102	308	0.050000
102	310	0.047619
102	313	0.047619
102	320	0.052632
102	322	0.050000
102	338	0.052632
102	413	0.058824
103	1	0.013514
103	2	0.009804
103	8	0.010000
103	13	0.010526
103	20	0.008403
103	23	0.009009
103	34	0.010000
103	39	0.011765
103	42	0.010638
103	43	0.014925
103	45	0.011628
103	67	0.019231
103	69	0.022222
103	71	0.016129
103	73	0.017857
103	81	0.022222
103	104	0.023256
103	109	0.027027
103	119	0.028571
103	125	0.040000
103	126	0.035714
103	129	0.032258
103	135	0.023810
103	150	0.030303
103	158	0.043478
103	164	0.031250
103	180	0.034483
103	198	0.034483
103	209	0.034483
103	211	0.043478
103	247	0.040000
103	259	0.040000
103	272	0.038462
103	276	0.050000
103	297	0.058824
103	321	0.058824
103	326	0.055556
103	343	0.052632
103	345	0.047619
103	346	0.058824
103	358	0.055556
103	397	0.055556
103	400	0.058824
103	417	0.058824
104	4	0.014286
104	5	0.017241
104	9	0.014706
104	17	0.006452
104	18	0.006173
104	20	0.008403
104	35	0.010417
104	36	0.012821
104	37	0.010753
104	42	0.010638
104	51	0.014706
104	69	0.022222
104	71	0.016129
104	75	0.021739
104	82	0.023810
104	93	0.030303
104	103	0.022727
104	105	0.035714
104	107	0.027027
104	108	0.027778
104	130	0.025000
104	131	0.032258
104	132	0.027778
104	150	0.030303
104	162	0.038462
104	172	0.029412
104	184	0.040000
104	203	0.040000
104	206	0.037037
104	234	0.043478
104	241	0.035714
104	248	0.041667
104	263	0.038462
104	279	0.047619
104	293	0.052632
104	302	0.058824
104	303	0.047619
104	344	0.052632
104	351	0.055556
104	358	0.055556
104	359	0.047619
104	371	0.055556
104	390	0.055556
105	3	0.013333
105	4	0.014286
105	8	0.010000
105	16	0.011236
105	17	0.006452
105	18	0.006173
105	20	0.008403
105	21	0.008929
105	24	0.010101
105	26	0.014706
105	41	0.016667
105	51	0.014706
105	56	0.022222
105	63	0.033333
105	94	0.034483
105	95	0.050000
105	104	0.023256
105	112	0.025000
105	155	0.045455
105	243	0.034483
105	280	0.045455
105	284	0.047619
105	294	0.045455
105	298	0.045455
105	330	0.058824
105	353	0.052632
105	380	0.055556
105	391	0.058824
106	3	0.013333
106	8	0.010000
106	12	0.013333
106	16	0.011236
106	21	0.008929
106	25	0.015152
106	30	0.027778
106	37	0.010753
106	46	0.012821
106	55	0.019608
106	67	0.019231
106	72	0.018868
106	77	0.015152
106	79	0.022727
106	83	0.024390
106	87	0.023256
106	96	0.022222
106	121	0.031250
106	127	0.050000
106	128	0.032258
106	134	0.030303
106	136	0.034483
106	143	0.040000
106	182	0.029412
106	186	0.045455
106	190	0.047619
106	191	0.041667
106	208	0.038462
106	209	0.034483
106	217	0.041667
106	230	0.041667
106	237	0.040000
106	239	0.047619
106	268	0.050000
106	278	0.052632
106	295	0.050000
106	307	0.052632
106	323	0.047619
106	335	0.052632
106	343	0.052632
106	362	0.045455
106	408	0.058824
106	410	0.058824
107	1	0.013514
107	2	0.009804
107	5	0.017241
107	8	0.010000
107	11	0.015152
107	13	0.010526
107	15	0.017241
107	16	0.011236
107	18	0.006173
107	23	0.009009
107	34	0.010000
107	38	0.013889
107	47	0.016393
107	48	0.015873
107	55	0.019608
107	100	0.020833
107	104	0.023256
107	109	0.027027
107	112	0.025000
107	114	0.027027
107	130	0.025000
107	134	0.030303
107	145	0.040000
107	152	0.034483
107	168	0.032258
107	186	0.045455
107	199	0.031250
107	225	0.037037
107	239	0.047619
107	274	0.045455
107	283	0.058824
107	327	0.045455
107	334	0.047619
107	356	0.062500
107	367	0.050000
107	369	0.052632
107	424	0.058824
108	3	0.013333
108	6	0.012346
108	10	0.012500
108	22	0.010309
108	23	0.009009
108	28	0.018868
108	45	0.011628
108	51	0.014706
108	55	0.019608
108	61	0.030303
108	67	0.019231
108	72	0.018868
108	76	0.015625
108	80	0.028571
108	81	0.022222
108	93	0.030303
108	104	0.023256
108	117	0.024390
108	125	0.040000
108	134	0.030303
108	146	0.028571
108	149	0.025641
108	164	0.031250
108	181	0.032258
108	184	0.040000
108	195	0.040000
108	220	0.045455
108	224	0.041667
108	231	0.040000
108	235	0.038462
108	311	0.047619
108	322	0.050000
108	324	0.045455
108	350	0.058824
108	362	0.045455
108	414	0.058824
109	6	0.012346
109	9	0.014706
109	15	0.017241
109	19	0.008264
109	20	0.008403
109	23	0.009009
109	24	0.010101
109	26	0.014706
109	28	0.018868
109	34	0.010000
109	41	0.016667
109	59	0.025000
109	63	0.033333
109	86	0.023810
109	91	0.037037
109	103	0.022727
109	107	0.027027
109	110	0.027778
109	112	0.025000
109	121	0.031250
109	123	0.030303
109	128	0.032258
109	133	0.027778
109	135	0.023810
109	175	0.038462
109	183	0.040000
109	184	0.040000
109	223	0.050000
109	287	0.050000
109	320	0.052632
109	333	0.058824
109	374	0.055556
109	379	0.058824
109	393	0.058824
109	395	0.058824
109	401	0.058824
109	419	0.058824
110	2	0.009804
110	10	0.012500
110	13	0.010526
110	19	0.008264
110	21	0.008929
110	23	0.009009
110	37	0.010753
110	38	0.013889
110	42	0.010638
110	43	0.014925
110	53	0.020408
110	55	0.019608
110	58	0.021277
110	68	0.019608
110	72	0.018868
110	96	0.022222
110	109	0.027027
110	142	0.030303
110	155	0.045455
110	157	0.047619
110	166	0.035714
110	176	0.038462
110	207	0.045455
110	213	0.045455
110	219	0.052632
110	237	0.040000
110	254	0.047619
110	269	0.034483
110	295	0.050000
110	302	0.058824
110	328	0.055556
110	347	0.058824
110	384	0.055556
110	392	0.058824
110	400	0.058824
110	407	0.055556
111	1	0.013514
111	2	0.009804
111	8	0.010000
111	11	0.015152
111	12	0.013333
111	18	0.006173
111	23	0.009009
111	24	0.010101
111	33	0.012821
111	34	0.010000
111	35	0.010417
111	46	0.012821
111	61	0.030303
111	65	0.016393
111	76	0.015625
111	89	0.023810
111	90	0.029412
111	118	0.025000
111	120	0.038462
111	137	0.038462
111	146	0.028571
111	155	0.045455
111	181	0.032258
111	187	0.040000
111	190	0.047619
111	301	0.050000
111	314	0.050000
111	322	0.050000
111	359	0.047619
111	371	0.055556
111	399	0.055556
111	402	0.058824
112	3	0.013333
112	4	0.014286
112	10	0.012500
112	12	0.013333
112	33	0.012821
112	34	0.010000
112	64	0.015385
112	67	0.019231
112	70	0.018868
112	71	0.016129
112	76	0.015625
112	79	0.022727
112	100	0.020833
112	105	0.035714
112	107	0.027027
112	109	0.027027
112	120	0.038462
112	133	0.027778
112	152	0.034483
112	168	0.032258
112	178	0.035714
112	188	0.031250
112	199	0.031250
112	207	0.045455
112	216	0.045455
112	233	0.037037
112	247	0.040000
112	256	0.040000
112	295	0.050000
112	307	0.052632
112	312	0.050000
112	330	0.058824
112	342	0.055556
112	347	0.058824
112	379	0.058824
112	381	0.058824
112	391	0.058824
112	409	0.058824
112	419	0.058824
112	421	0.058824
113	2	0.009804
113	5	0.017241
113	9	0.014706
113	13	0.010526
113	19	0.008264
113	22	0.010309
113	37	0.010753
113	48	0.015873
113	49	0.014493
113	51	0.014706
113	57	0.022727
113	59	0.025000
113	61	0.030303
113	64	0.015385
113	73	0.017857
113	75	0.021739
113	88	0.027027
113	114	0.027027
113	116	0.017544
113	128	0.032258
113	130	0.025000
113	131	0.032258
113	137	0.038462
113	167	0.041667
113	180	0.034483
113	243	0.034483
113	245	0.050000
113	260	0.043478
113	309	0.055556
113	311	0.047619
113	345	0.047619
113	352	0.052632
113	360	0.055556
113	391	0.058824
114	1	0.013514
114	6	0.012346
114	10	0.012500
114	17	0.006452
114	18	0.006173
114	27	0.019231
114	31	0.035714
114	33	0.012821
114	38	0.013889
114	40	0.020833
114	48	0.015873
114	59	0.025000
114	62	0.038462
114	75	0.021739
114	81	0.022222
114	107	0.027027
114	113	0.029412
114	115	0.022222
114	131	0.032258
114	154	0.040000
114	169	0.033333
114	177	0.043478
114	184	0.040000
114	192	0.035714
114	202	0.037037
114	208	0.038462
114	211	0.043478
114	214	0.037037
114	245	0.050000
114	289	0.034483
114	305	0.045455
114	332	0.047619
114	336	0.052632
114	337	0.055556
114	348	0.055556
114	378	0.058824
114	420	0.058824
115	2	0.009804
115	10	0.012500
115	15	0.017241
115	18	0.006173
115	20	0.008403
115	33	0.012821
115	35	0.010417
115	36	0.012821
115	42	0.010638
115	46	0.012821
115	68	0.019608
115	70	0.018868
115	84	0.024390
115	88	0.027027
115	89	0.023810
115	96	0.022222
115	114	0.027027
115	119	0.028571
115	127	0.050000
115	138	0.030303
115	144	0.031250
115	166	0.035714
115	167	0.041667
115	181	0.032258
115	196	0.035714
115	208	0.038462
115	210	0.040000
115	231	0.040000
115	252	0.047619
115	269	0.034483
115	275	0.045455
115	277	0.047619
115	290	0.055556
115	301	0.050000
115	311	0.047619
115	319	0.058824
115	329	0.047619
115	342	0.055556
115	346	0.058824
115	351	0.055556
115	352	0.052632
115	365	0.047619
115	383	0.055556
115	402	0.058824
115	419	0.058824
116	1	0.013514
116	6	0.012346
116	8	0.010000
116	12	0.013333
116	17	0.006452
116	18	0.006173
116	23	0.009009
116	28	0.018868
116	35	0.010417
116	59	0.025000
116	60	0.021277
116	67	0.019231
116	68	0.019608
116	79	0.022727
116	87	0.023256
116	89	0.023810
116	113	0.029412
116	119	0.028571
116	130	0.025000
116	131	0.032258
116	136	0.034483
116	140	0.026316
116	154	0.040000
116	166	0.035714
116	177	0.043478
116	185	0.047619
116	193	0.035714
116	199	0.031250
116	202	0.037037
116	205	0.032258
116	206	0.037037
116	208	0.038462
116	213	0.045455
116	214	0.037037
116	219	0.052632
116	246	0.047619
116	252	0.047619
116	276	0.050000
116	283	0.058824
116	290	0.055556
116	300	0.050000
116	303	0.047619
116	306	0.050000
116	310	0.047619
116	314	0.050000
116	322	0.050000
116	328	0.055556
116	339	0.055556
116	357	0.055556
116	372	0.052632
116	377	0.050000
116	382	0.058824
116	383	0.055556
116	386	0.055556
116	404	0.058824
116	421	0.058824
116	422	0.055556
117	1	0.013514
117	2	0.009804
117	10	0.012500
117	18	0.006173
117	24	0.010101
117	25	0.015152
117	31	0.035714
117	37	0.010753
117	38	0.013889
117	39	0.011765
117	46	0.012821
117	47	0.016393
117	56	0.022222
117	88	0.027027
117	92	0.033333
117	94	0.034483
117	108	0.027778
117	118	0.025000
117	121	0.031250
117	123	0.030303
117	124	0.038462
117	126	0.035714
117	138	0.030303
117	151	0.028571
117	189	0.050000
117	192	0.035714
117	203	0.040000
117	221	0.055556
117	226	0.052632
117	245	0.050000
117	270	0.040000
117	288	0.043478
117	294	0.045455
117	300	0.050000
117	310	0.047619
117	312	0.050000
117	361	0.055556
117	365	0.047619
117	376	0.055556
117	380	0.055556
117	422	0.055556
118	0	0.024390
118	5	0.017241
118	6	0.012346
118	17	0.006452
118	30	0.027778
118	43	0.014925
118	44	0.016129
118	57	0.022727
118	61	0.030303
118	66	0.020833
118	80	0.028571
118	83	0.024390
118	88	0.027027
118	92	0.033333
118	96	0.022222
118	111	0.031250
118	117	0.024390
118	121	0.031250
118	122	0.045455
118	145	0.040000
118	149	0.025641
118	166	0.035714
118	176	0.038462
118	183	0.040000
118	196	0.035714
118	203	0.040000
118	210	0.040000
118	225	0.037037
118	234	0.043478
118	239	0.047619
118	259	0.040000
118	264	0.045455
118	275	0.045455
118	309	0.055556
118	334	0.047619
118	361	0.055556
118	392	0.058824
118	393	0.058824
118	399	0.055556
118	404	0.058824
119	0	0.024390
119	7	0.022222
119	9	0.014706
119	13	0.010526
119	21	0.008929
119	27	0.019231
119	38	0.013889
119	42	0.010638
119	44	0.016129
119	45	0.011628
119	47	0.016393
119	48	0.015873
119	90	0.029412
119	103	0.022727
119	115	0.022222
119	116	0.017544
119	129	0.032258
119	139	0.037037
119	144	0.031250
119	149	0.025641
119	158	0.043478
119	163	0.035714
119	185	0.047619
119	186	0.045455
119	214	0.037037
119	216	0.045455
119	226	0.052632
119	284	0.047619
119	288	0.043478
119	314	0.050000
119	349	0.055556
119	368	0.055556
119	378	0.058824
119	398	0.055556
119	401	0.058824
120	6	0.012346
120	18	0.006173
120	20	0.008403
120	22	0.010309
120	23	0.009009
120	36	0.012821
120	44	0.016129
120	50	0.028571
120	58	0.021277
120	65	0.016393
120	66	0.020833
120	69	0.022222
120	71	0.016129
120	78	0.018182
120	79	0.022727
120	111	0.031250
120	112	0.025000
120	212	0.030303
120	222	0.052632
120	234	0.043478
120	305	0.045455
120	324	0.045455
120	346	0.058824
120	387	0.055556
120	416	0.058824
120	421	0.058824
121	1	0.013514
121	6	0.012346
121	14	0.034483
121	17	0.006452
121	19	0.008264
121	24	0.010101
121	35	0.010417
121	38	0.013889
121	41	0.016667
121	45	0.011628
121	46	0.012821
121	49	0.014493
121	64	0.015385
121	106	0.023256
121	109	0.027027
121	117	0.024390
121	118	0.025000
121	135	0.023810
121	136	0.034483
121	147	0.031250
121	157	0.047619
121	167	0.041667
121	169	0.033333
121	179	0.041667
121	207	0.045455
121	225	0.037037
121	257	0.041667
121	275	0.045455
121	316	0.055556
121	336	0.052632
121	375	0.052632
121	388	0.055556
122	1	0.013514
122	6	0.012346
122	7	0.022222
122	9	0.014706
122	12	0.013333
122	13	0.010526
122	45	0.011628
122	52	0.015152
122	55	0.019608
122	58	0.021277
122	59	0.025000
122	63	0.033333
122	65	0.016393
122	67	0.019231
122	68	0.019608
122	100	0.020833
122	118	0.025000
122	135	0.023810
122	143	0.040000
122	182	0.029412
122	318	0.052632
122	363	0.058824
123	3	0.013333
123	4	0.014286
123	6	0.012346
123	8	0.010000
123	11	0.015152
123	17	0.006452
123	24	0.010101
123	27	0.019231
123	35	0.010417
123	42	0.010638
123	55	0.019608
123	58	0.021277
123	65	0.016393
123	97	0.025641
123	100	0.020833
123	109	0.027027
123	117	0.024390
123	136	0.034483
123	156	0.043478
123	157	0.047619
123	159	0.045455
123	162	0.038462
123	174	0.028571
123	183	0.040000
123	219	0.052632
123	256	0.040000
123	271	0.045455
123	287	0.050000
123	288	0.043478
123	312	0.050000
123	333	0.058824
123	354	0.058824
123	407	0.055556
124	11	0.015152
124	12	0.013333
124	19	0.008264
124	21	0.008929
124	25	0.015152
124	41	0.016667
124	44	0.016129
124	48	0.015873
124	49	0.014493
124	53	0.020408
124	60	0.021277
124	66	0.020833
124	81	0.022222
124	85	0.022727
124	89	0.023810
124	96	0.022222
124	117	0.024390
124	148	0.029412
124	157	0.047619
124	210	0.040000
124	269	0.034483
124	294	0.045455
124	317	0.055556
124	337	0.055556
124	377	0.050000
124	411	0.055556
125	9	0.014706
125	10	0.012500
125	16	0.011236
125	17	0.006452
125	23	0.009009
125	33	0.012821
125	45	0.011628
125	58	0.021277
125	59	0.025000
125	66	0.020833
125	67	0.019231
125	68	0.019608
125	71	0.016129
125	86	0.023810
125	102	0.029412
125	103	0.022727
125	108	0.027778
125	129	0.032258
125	151	0.028571
125	172	0.029412
125	185	0.047619
125	251	0.047619
125	315	0.050000
125	320	0.052632
125	417	0.058824
126	8	0.010000
126	9	0.014706
126	15	0.017241
126	18	0.006173
126	19	0.008264
126	20	0.008403
126	28	0.018868
126	34	0.010000
126	35	0.010417
126	37	0.010753
126	51	0.014706
126	81	0.022222
126	83	0.024390
126	86	0.023810
126	100	0.020833
126	103	0.022727
126	117	0.024390
126	171	0.043478
126	174	0.028571
126	183	0.040000
126	198	0.034483
126	224	0.041667
126	246	0.047619
126	282	0.052632
126	291	0.043478
126	295	0.050000
126	340	0.045455
126	416	0.058824
127	1	0.013514
127	7	0.022222
127	8	0.010000
127	13	0.010526
127	15	0.017241
127	18	0.006173
127	19	0.008264
127	33	0.012821
127	40	0.020833
127	66	0.020833
127	71	0.016129
127	75	0.021739
127	77	0.015152
127	91	0.037037
127	98	0.022222
127	106	0.023256
127	115	0.022222
127	249	0.047619
127	317	0.055556
127	329	0.047619
128	5	0.017241
128	9	0.014706
128	18	0.006173
128	19	0.008264
128	20	0.008403
128	24	0.010101
128	34	0.010000
128	37	0.010753
128	41	0.016667
128	42	0.010638
128	54	0.019608
128	75	0.021739
128	77	0.015152
128	78	0.018182
128	106	0.023256
128	109	0.027027
128	113	0.029412
128	139	0.037037
128	148	0.029412
128	172	0.029412
128	197	0.034483
128	211	0.043478
128	215	0.041667
128	220	0.045455
128	224	0.041667
128	234	0.043478
128	251	0.047619
128	265	0.052632
128	348	0.055556
128	404	0.058824
128	415	0.062500
129	8	0.010000
129	14	0.034483
129	21	0.008929
129	24	0.010101
129	34	0.010000
129	35	0.010417
129	52	0.015152
129	54	0.019608
129	58	0.021277
129	59	0.025000
129	60	0.021277
129	66	0.020833
129	74	0.027027
129	87	0.023256
129	103	0.022727
129	119	0.028571
129	125	0.040000
129	145	0.040000
129	152	0.034483
129	170	0.031250
129	197	0.034483
129	205	0.032258
129	238	0.047619
129	255	0.045455
129	269	0.034483
129	285	0.055556
129	289	0.034483
129	301	0.050000
129	308	0.050000
129	325	0.047619
129	376	0.055556
130	6	0.012346
130	8	0.010000
130	11	0.015152
130	16	0.011236
130	18	0.006173
130	19	0.008264
130	21	0.008929
130	25	0.015152
130	39	0.011765
130	67	0.019231
130	69	0.022222
130	71	0.016129
130	97	0.025641
130	104	0.023256
130	107	0.027027
130	113	0.029412
130	116	0.017544
130	138	0.030303
130	142	0.030303
130	159	0.045455
130	163	0.035714
130	175	0.038462
130	195	0.040000
130	201	0.041667
130	232	0.043478
130	251	0.047619
130	261	0.041667
130	310	0.047619
130	323	0.047619
130	327	0.045455
130	347	0.058824
130	358	0.055556
130	365	0.047619
130	377	0.050000
130	381	0.058824
130	383	0.055556
130	384	0.055556
130	385	0.055556
130	395	0.058824
130	416	0.058824
131	2	0.009804
131	5	0.017241
131	7	0.022222
131	10	0.012500
131	11	0.015152
131	17	0.006452
131	23	0.009009
131	32	0.012500
131	42	0.010638
131	45	0.011628
131	53	0.020408
131	87	0.023256
131	97	0.025641
131	104	0.023256
131	113	0.029412
131	114	0.027027
131	116	0.017544
131	175	0.038462
131	176	0.038462
131	191	0.041667
131	228	0.043478
131	272	0.038462
131	273	0.038462
131	280	0.045455
131	288	0.043478
131	320	0.052632
131	327	0.045455
131	329	0.047619
131	350	0.058824
131	398	0.055556
131	424	0.058824
132	21	0.008929
132	23	0.009009
132	24	0.010101
132	32	0.012500
132	49	0.014493
132	51	0.014706
132	53	0.020408
132	58	0.021277
132	59	0.025000
132	64	0.015385
132	68	0.019608
132	70	0.018868
132	73	0.017857
132	76	0.015625
132	77	0.015152
132	85	0.022727
132	104	0.023256
132	134	0.030303
132	137	0.038462
132	140	0.026316
132	170	0.031250
132	174	0.028571
132	191	0.041667
132	231	0.040000
132	238	0.047619
132	250	0.050000
132	262	0.041667
132	266	0.052632
132	269	0.034483
132	277	0.047619
132	297	0.058824
132	316	0.055556
132	327	0.045455
132	395	0.058824
132	399	0.055556
132	423	0.058824
133	8	0.010000
133	9	0.014706
133	13	0.010526
133	18	0.006173
133	22	0.010309
133	26	0.014706
133	33	0.012821
133	35	0.010417
133	43	0.014925
133	49	0.014493
133	52	0.015152
133	69	0.022222
133	70	0.018868
133	71	0.016129
133	85	0.022727
133	109	0.027027
133	112	0.025000
133	143	0.040000
133	146	0.028571
133	147	0.031250
133	157	0.047619
133	161	0.031250
133	165	0.045455
133	223	0.050000
133	246	0.047619
133	261	0.041667
133	288	0.043478
133	291	0.043478
133	298	0.045455
133	322	0.050000
133	329	0.047619
133	341	0.050000
133	347	0.058824
133	369	0.052632
133	388	0.055556
133	390	0.055556
134	8	0.010000
134	19	0.008264
134	22	0.010309
134	24	0.010101
134	36	0.012821
134	38	0.013889
134	39	0.011765
134	45	0.011628
134	48	0.015873
134	52	0.015152
134	56	0.022222
134	64	0.015385
134	102	0.029412
134	106	0.023256
134	107	0.027027
134	108	0.027778
134	132	0.027778
134	139	0.037037
134	140	0.026316
134	147	0.031250
134	150	0.030303
134	170	0.031250
134	179	0.041667
134	207	0.045455
134	229	0.045455
134	242	0.041667
134	284	0.047619
134	315	0.050000
134	343	0.052632
134	346	0.058824
134	351	0.055556
134	399	0.055556
134	417	0.058824
135	1	0.013514
135	11	0.015152
135	18	0.006173
135	19	0.008264
135	33	0.012821
135	34	0.010000
135	37	0.010753
135	42	0.010638
135	54	0.019608
135	60	0.021277
135	77	0.015152
135	85	0.022727
135	86	0.023810
135	103	0.022727
135	109	0.027027
135	121	0.031250
135	122	0.045455
135	139	0.037037
135	154	0.040000
135	190	0.047619
135	201	0.041667
135	206	0.037037
135	219	0.052632
135	222	0.052632
135	247	0.040000
135	248	0.041667
135	256	0.040000
135	264	0.045455
135	272	0.038462
135	279	0.047619
135	302	0.058824
135	310	0.047619
135	319	0.058824
135	327	0.045455
135	331	0.058824
135	337	0.055556
135	346	0.058824
135	367	0.050000
135	373	0.050000
135	376	0.055556
135	384	0.055556
135	408	0.058824
136	4	0.014286
136	8	0.010000
136	14	0.034483
136	17	0.006452
136	18	0.006173
136	21	0.008929
136	22	0.010309
136	31	0.035714
136	34	0.010000
136	40	0.020833
136	54	0.019608
136	69	0.022222
136	73	0.017857
136	106	0.023256
136	116	0.017544
136	121	0.031250
136	123	0.030303
136	144	0.031250
136	170	0.031250
136	184	0.040000
136	188	0.031250
136	222	0.052632
136	246	0.047619
136	267	0.050000
136	281	0.052632
136	324	0.045455
136	347	0.058824
136	397	0.055556
136	425	0.058824
137	6	0.012346
137	8	0.010000
137	12	0.013333
137	19	0.008264
137	21	0.008929
137	36	0.012821
137	39	0.011765
137	42	0.010638
137	44	0.016129
137	46	0.012821
137	52	0.015152
137	58	0.021277
137	59	0.025000
137	77	0.015152
137	111	0.031250
137	113	0.029412
137	132	0.027778
137	153	0.034483
137	158	0.043478
137	236	0.045455
137	252	0.047619
137	305	0.045455
137	307	0.052632
137	396	0.055556
137	403	0.058824
137	416	0.058824
138	3	0.013333
138	10	0.012500
138	12	0.013333
138	16	0.011236
138	22	0.010309
138	24	0.010101
138	26	0.014706
138	29	0.023256
138	34	0.010000
138	38	0.013889
138	42	0.010638
138	45	0.011628
138	53	0.020408
138	70	0.018868
138	115	0.022222
138	117	0.024390
138	130	0.025000
138	141	0.038462
138	150	0.030303
138	155	0.045455
138	163	0.035714
138	177	0.043478
138	193	0.035714
138	233	0.037037
138	234	0.043478
138	274	0.045455
138	293	0.052632
138	319	0.058824
138	323	0.047619
138	343	0.052632
138	347	0.058824
138	369	0.052632
138	373	0.050000
139	5	0.017241
139	9	0.014706
139	16	0.011236
139	19	0.008264
139	26	0.014706
139	33	0.012821
139	36	0.012821
139	37	0.010753
139	42	0.010638
139	45	0.011628
139	47	0.016393
139	65	0.016393
139	88	0.027027
139	119	0.028571
139	128	0.032258
139	134	0.030303
139	135	0.023810
139	144	0.031250
139	148	0.029412
139	167	0.041667
139	212	0.030303
139	231	0.040000
139	249	0.047619
139	252	0.047619
139	256	0.040000
139	261	0.041667
139	303	0.047619
140	4	0.014286
140	7	0.022222
140	13	0.010526
140	17	0.006452
140	22	0.010309
140	23	0.009009
140	24	0.010101
140	32	0.012500
140	38	0.013889
140	48	0.015873
140	68	0.019608
140	71	0.016129
140	73	0.017857
140	84	0.024390
140	116	0.017544
140	132	0.027778
140	134	0.030303
140	142	0.030303
140	161	0.031250
140	169	0.033333
140	170	0.031250
140	171	0.043478
140	184	0.040000
140	231	0.040000
140	264	0.045455
140	268	0.050000
140	272	0.038462
140	275	0.045455
140	324	0.045455
140	326	0.055556
140	340	0.045455
140	343	0.052632
140	356	0.062500
140	362	0.045455
140	364	0.055556
140	365	0.047619
140	404	0.058824
140	422	0.055556
141	4	0.014286
141	7	0.022222
141	13	0.010526
141	18	0.006173
141	19	0.008264
141	28	0.018868
141	42	0.010638
141	44	0.016129
141	61	0.030303
141	64	0.015385
141	66	0.020833
141	74	0.027027
141	76	0.015625
141	81	0.022222
141	92	0.033333
141	96	0.022222
141	138	0.030303
141	160	0.035714
141	174	0.028571
141	241	0.035714
141	255	0.045455
141	261	0.041667
141	267	0.050000
141	354	0.058824
141	367	0.050000
141	390	0.055556
142	0	0.024390
142	1	0.013514
142	6	0.012346
142	8	0.010000
142	11	0.015152
142	21	0.008929
142	36	0.012821
142	39	0.011765
142	46	0.012821
142	64	0.015385
142	71	0.016129
142	75	0.021739
142	89	0.023810
142	96	0.022222
142	110	0.027778
142	130	0.025000
142	140	0.026316
142	144	0.031250
142	155	0.045455
142	171	0.043478
142	222	0.052632
142	227	0.040000
142	233	0.037037
142	236	0.045455
142	260	0.043478
142	268	0.050000
142	273	0.038462
142	281	0.052632
142	285	0.055556
142	311	0.047619
142	370	0.058824
142	422	0.055556
142	425	0.058824
143	2	0.009804
143	17	0.006452
143	20	0.008403
143	21	0.008929
143	35	0.010417
143	40	0.020833
143	42	0.010638
143	52	0.015152
143	66	0.020833
143	73	0.017857
143	76	0.015625
143	81	0.022222
143	86	0.023810
143	93	0.030303
143	106	0.023256
143	122	0.045455
143	133	0.027778
143	151	0.028571
143	165	0.045455
143	167	0.041667
143	199	0.031250
143	231	0.040000
143	309	0.055556
143	340	0.045455
143	425	0.058824
144	0	0.024390
144	3	0.013333
144	10	0.012500
144	13	0.010526
144	30	0.027778
144	48	0.015873
144	55	0.019608
144	70	0.018868
144	79	0.022727
144	83	0.024390
144	84	0.024390
144	96	0.022222
144	115	0.022222
144	119	0.028571
144	136	0.034483
144	139	0.037037
144	142	0.030303
144	158	0.043478
144	185	0.047619
144	200	0.035714
144	214	0.037037
144	231	0.040000
144	254	0.047619
144	282	0.052632
144	310	0.047619
144	312	0.050000
144	316	0.055556
144	364	0.055556
144	382	0.058824
144	394	0.058824
144	397	0.055556
144	418	0.058824
145	1	0.013514
145	7	0.022222
145	16	0.011236
145	17	0.006452
145	18	0.006173
145	20	0.008403
145	37	0.010753
145	39	0.011765
145	42	0.010638
145	48	0.015873
145	73	0.017857
145	87	0.023256
145	89	0.023810
145	99	0.027027
145	107	0.027027
145	118	0.025000
145	129	0.032258
145	167	0.041667
145	172	0.029412
145	235	0.038462
145	256	0.040000
145	275	0.045455
145	328	0.055556
145	367	0.050000
145	418	0.058824
146	2	0.009804
146	3	0.013333
146	6	0.012346
146	11	0.015152
146	13	0.010526
146	18	0.006173
146	42	0.010638
146	49	0.014493
146	61	0.030303
146	70	0.018868
146	82	0.023810
146	89	0.023810
146	94	0.034483
146	96	0.022222
146	108	0.027778
146	111	0.031250
146	133	0.027778
146	181	0.032258
146	183	0.040000
146	185	0.047619
146	188	0.031250
146	190	0.047619
146	195	0.040000
146	212	0.030303
146	226	0.052632
146	246	0.047619
146	272	0.038462
146	274	0.045455
146	311	0.047619
146	314	0.050000
146	363	0.058824
146	364	0.055556
146	370	0.058824
146	397	0.055556
146	403	0.058824
147	8	0.010000
147	13	0.010526
147	15	0.017241
147	17	0.006452
147	21	0.008929
147	27	0.019231
147	33	0.012821
147	39	0.011765
147	51	0.014706
147	54	0.019608
147	56	0.022222
147	60	0.021277
147	67	0.019231
147	76	0.015625
147	121	0.031250
147	133	0.027778
147	134	0.030303
147	194	0.040000
147	222	0.052632
147	244	0.047619
147	264	0.045455
147	265	0.052632
147	270	0.040000
147	284	0.047619
147	291	0.043478
147	340	0.045455
147	342	0.055556
147	360	0.055556
147	388	0.055556
147	391	0.058824
147	393	0.058824
147	411	0.055556
148	3	0.013333
148	9	0.014706
148	18	0.006173
148	20	0.008403
148	24	0.010101
148	39	0.011765
148	40	0.020833
148	52	0.015152
148	54	0.019608
148	57	0.022727
148	61	0.030303
148	78	0.018182
148	85	0.022727
148	91	0.037037
148	124	0.038462
148	128	0.032258
148	139	0.037037
148	160	0.035714
148	182	0.029412
148	200	0.035714
148	201	0.041667
148	237	0.040000
148	244	0.047619
148	246	0.047619
148	259	0.040000
148	265	0.052632
148	298	0.045455
148	303	0.047619
148	318	0.052632
148	335	0.052632
148	339	0.055556
148	342	0.055556
148	358	0.055556
148	369	0.052632
149	3	0.013333
149	12	0.013333
149	17	0.006452
149	18	0.006173
149	23	0.009009
149	26	0.014706
149	29	0.023256
149	55	0.019608
149	64	0.015385
149	69	0.022222
149	71	0.016129
149	77	0.015152
149	78	0.018182
149	97	0.025641
149	108	0.027778
149	118	0.025000
149	119	0.028571
149	160	0.035714
149	174	0.028571
149	180	0.034483
149	187	0.040000
149	188	0.031250
149	189	0.050000
149	199	0.031250
149	219	0.052632
149	232	0.043478
149	236	0.045455
149	240	0.045455
149	248	0.041667
149	266	0.052632
149	289	0.034483
149	292	0.052632
149	304	0.052632
149	313	0.047619
149	354	0.058824
149	355	0.055556
149	360	0.055556
149	372	0.052632
149	389	0.058824
150	1	0.013514
150	6	0.012346
150	13	0.010526
150	17	0.006452
150	24	0.010101
150	33	0.012821
150	44	0.016129
150	67	0.019231
150	72	0.018868
150	75	0.021739
150	76	0.015625
150	96	0.022222
150	98	0.022222
150	103	0.022727
150	104	0.023256
150	134	0.030303
150	138	0.030303
150	180	0.034483
150	199	0.031250
150	200	0.035714
150	213	0.045455
150	230	0.041667
150	236	0.045455
150	240	0.045455
150	248	0.041667
150	261	0.041667
150	281	0.052632
150	306	0.050000
150	311	0.047619
150	321	0.058824
150	367	0.050000
150	384	0.055556
150	412	0.058824
151	18	0.006173
151	20	0.008403
151	26	0.014706
151	32	0.012500
151	36	0.012821
151	37	0.010753
151	41	0.016667
151	43	0.014925
151	44	0.016129
151	52	0.015152
151	55	0.019608
151	57	0.022727
151	79	0.022727
151	80	0.028571
151	117	0.024390
151	125	0.040000
151	143	0.040000
151	159	0.045455
151	163	0.035714
151	200	0.035714
151	201	0.041667
151	208	0.038462
151	214	0.037037
151	226	0.052632
151	242	0.041667
151	250	0.050000
151	266	0.052632
151	271	0.045455
151	334	0.047619
151	363	0.058824
151	377	0.050000
151	386	0.055556
151	388	0.055556
151	411	0.055556
151	416	0.058824
152	1	0.013514
152	10	0.012500
152	12	0.013333
152	17	0.006452
152	21	0.008929
152	22	0.010309
152	24	0.010101
152	26	0.014706
152	42	0.010638
152	49	0.014493
152	60	0.021277
152	77	0.015152
152	88	0.027027
152	92	0.033333
152	107	0.027027
152	112	0.025000
152	129	0.032258
152	178	0.035714
152	220	0.045455
152	225	0.037037
152	234	0.043478
152	243	0.034483
152	330	0.058824
152	333	0.058824
152	374	0.055556
152	377	0.050000
152	404	0.058824
152	405	0.062500
152	425	0.058824
153	0	0.024390
153	2	0.009804
153	20	0.008403
153	33	0.012821
153	34	0.010000
153	38	0.013889
153	46	0.012821
153	63	0.033333
153	64	0.015385
153	69	0.022222
153	71	0.016129
153	74	0.027027
153	90	0.029412
153	91	0.037037
153	98	0.022222
153	137	0.038462
153	163	0.035714
153	169	0.033333
153	179	0.041667
153	198	0.034483
153	221	0.055556
153	245	0.050000
153	312	0.050000
153	343	0.052632
153	354	0.058824
153	371	0.055556
153	374	0.055556
153	383	0.055556
153	395	0.058824
154	10	0.012500
154	12	0.013333
154	15	0.017241
154	18	0.006173
154	22	0.010309
154	24	0.010101
154	25	0.015152
154	42	0.010638
154	49	0.014493
154	65	0.016393
154	70	0.018868
154	81	0.022222
154	82	0.023810
154	86	0.023810
154	114	0.027027
154	116	0.017544
154	135	0.023810
154	171	0.043478
154	190	0.047619
154	196	0.035714
154	236	0.045455
154	275	0.045455
154	292	0.052632
154	398	0.055556
154	419	0.058824
155	0	0.024390
155	1	0.013514
155	11	0.015152
155	12	0.013333
155	19	0.008264
155	23	0.009009
155	32	0.012500
155	36	0.012821
155	37	0.010753
155	47	0.016393
155	51	0.014706
155	83	0.024390
155	105	0.035714
155	110	0.027778
155	111	0.031250
155	138	0.030303
155	142	0.030303
155	174	0.028571
155	319	0.058824
155	383	0.055556
155	395	0.058824
155	415	0.062500
156	8	0.010000
156	10	0.012500
156	12	0.013333
156	13	0.010526
156	22	0.010309
156	25	0.015152
156	27	0.019231
156	37	0.010753
156	44	0.016129
156	45	0.011628
156	58	0.021277
156	71	0.016129
156	82	0.023810
156	98	0.022222
156	100	0.020833
156	102	0.029412
156	123	0.030303
156	266	0.052632
156	273	0.038462
156	285	0.055556
156	298	0.045455
156	335	0.052632
156	395	0.058824
157	10	0.012500
157	46	0.012821
157	53	0.020408
157	59	0.025000
157	70	0.018868
157	71	0.016129
157	72	0.018868
157	75	0.021739
157	81	0.022222
157	85	0.022727
157	93	0.030303
157	94	0.034483
157	110	0.027778
157	121	0.031250
157	123	0.030303
157	124	0.038462
157	133	0.027778
157	162	0.038462
157	187	0.040000
157	305	0.045455
157	399	0.055556
158	0	0.024390
158	3	0.013333
158	6	0.012346
158	16	0.011236
158	21	0.008929
158	27	0.019231
158	34	0.010000
158	38	0.013889
158	44	0.016129
158	46	0.012821
158	49	0.014493
158	54	0.019608
158	88	0.027027
158	103	0.022727
158	119	0.028571
158	137	0.038462
158	144	0.031250
158	202	0.037037
158	237	0.040000
158	249	0.047619
158	311	0.047619
158	371	0.055556
158	413	0.058824
159	9	0.014706
159	17	0.006452
159	19	0.008264
159	20	0.008403
159	23	0.009009
159	24	0.010101
159	28	0.018868
159	33	0.012821
159	35	0.010417
159	41	0.016667
159	60	0.021277
159	68	0.019608
159	73	0.017857
159	95	0.050000
159	123	0.030303
159	130	0.025000
159	151	0.028571
159	172	0.029412
159	180	0.034483
159	182	0.029412
159	201	0.041667
159	224	0.041667
160	0	0.024390
160	5	0.017241
160	10	0.012500
160	12	0.013333
160	44	0.016129
160	47	0.016393
160	48	0.015873
160	50	0.028571
160	52	0.015152
160	68	0.019608
160	70	0.018868
160	79	0.022727
160	99	0.027027
160	141	0.038462
160	148	0.029412
160	149	0.025641
160	167	0.041667
160	183	0.040000
160	235	0.038462
160	259	0.040000
160	277	0.047619
160	315	0.050000
160	332	0.047619
160	345	0.047619
160	356	0.062500
160	358	0.055556
160	378	0.058824
160	425	0.058824
161	11	0.015152
161	13	0.010526
161	14	0.034483
161	17	0.006452
161	20	0.008403
161	24	0.010101
161	26	0.014706
161	36	0.012821
161	39	0.011765
161	47	0.016393
161	59	0.025000
161	75	0.021739
161	85	0.022727
161	86	0.023810
161	88	0.027027
161	133	0.027778
161	140	0.026316
161	176	0.038462
161	187	0.040000
161	191	0.041667
161	203	0.040000
161	213	0.045455
161	214	0.037037
161	228	0.043478
161	253	0.052632
161	259	0.040000
161	304	0.052632
161	307	0.052632
161	321	0.058824
161	339	0.055556
161	360	0.055556
161	389	0.058824
162	2	0.009804
162	6	0.012346
162	10	0.012500
162	12	0.013333
162	21	0.008929
162	23	0.009009
162	24	0.010101
162	25	0.015152
162	32	0.012500
162	36	0.012821
162	43	0.014925
162	71	0.016129
162	75	0.021739
162	98	0.022222
162	104	0.023256
162	123	0.030303
162	157	0.047619
162	184	0.040000
162	203	0.040000
162	222	0.052632
162	223	0.050000
162	262	0.041667
162	292	0.052632
162	328	0.055556
162	359	0.047619
162	375	0.052632
163	10	0.012500
163	18	0.006173
163	23	0.009009
163	29	0.023256
163	49	0.014493
163	54	0.019608
163	65	0.016393
163	68	0.019608
163	71	0.016129
163	75	0.021739
163	87	0.023256
163	89	0.023810
163	119	0.028571
163	130	0.025000
163	138	0.030303
163	151	0.028571
163	153	0.034483
163	201	0.041667
163	229	0.045455
163	230	0.041667
163	293	0.052632
163	325	0.047619
163	350	0.058824
163	377	0.050000
163	383	0.055556
163	389	0.058824
163	392	0.058824
163	409	0.058824
164	3	0.013333
164	7	0.022222
164	9	0.014706
164	11	0.015152
164	16	0.011236
164	17	0.006452
164	18	0.006173
164	32	0.012500
164	43	0.014925
164	54	0.019608
164	61	0.030303
164	64	0.015385
164	67	0.019231
164	75	0.021739
164	102	0.029412
164	103	0.022727
164	108	0.027778
164	207	0.045455
164	213	0.045455
164	234	0.043478
164	242	0.041667
164	294	0.045455
164	307	0.052632
164	313	0.047619
164	332	0.047619
164	357	0.055556
164	364	0.055556
164	366	0.058824
164	383	0.055556
164	401	0.058824
164	409	0.058824
164	415	0.062500
165	1	0.013514
165	10	0.012500
165	13	0.010526
165	17	0.006452
165	21	0.008929
165	22	0.010309
165	23	0.009009
165	35	0.010417
165	44	0.016129
165	47	0.016393
165	58	0.021277
165	65	0.016393
165	68	0.019608
165	82	0.023810
165	96	0.022222
165	133	0.027778
165	143	0.040000
165	211	0.043478
165	231	0.040000
165	248	0.041667
165	338	0.052632
165	360	0.055556
166	14	0.034483
166	17	0.006452
166	19	0.008264
166	23	0.009009
166	28	0.018868
166	49	0.014493
166	64	0.015385
166	67	0.019231
166	73	0.017857
166	76	0.015625
166	77	0.015152
166	90	0.029412
166	97	0.025641
166	110	0.027778
166	115	0.022222
166	116	0.017544
166	118	0.025000
166	184	0.040000
166	204	0.034483
166	217	0.041667
166	289	0.034483
166	301	0.050000
166	306	0.050000
166	346	0.058824
166	376	0.055556
166	387	0.055556
166	389	0.058824
166	409	0.058824
167	7	0.022222
167	11	0.015152
167	20	0.008403
167	57	0.022727
167	63	0.033333
167	64	0.015385
167	65	0.016393
167	72	0.018868
167	90	0.029412
167	97	0.025641
167	113	0.029412
167	115	0.022222
167	121	0.031250
167	139	0.037037
167	143	0.040000
167	145	0.040000
167	160	0.035714
167	240	0.045455
167	274	0.045455
167	295	0.050000
167	317	0.055556
167	354	0.058824
167	399	0.055556
167	412	0.058824
168	0	0.024390
168	3	0.013333
168	12	0.013333
168	13	0.010526
168	18	0.006173
168	19	0.008264
168	20	0.008403
168	29	0.023256
168	36	0.012821
168	40	0.020833
168	47	0.016393
168	49	0.014493
168	69	0.022222
168	73	0.017857
168	100	0.020833
168	107	0.027027
168	112	0.025000
168	171	0.043478
168	202	0.037037
168	206	0.037037
168	209	0.034483
168	227	0.040000
168	281	0.052632
168	285	0.055556
168	286	0.055556
168	301	0.050000
168	334	0.047619
168	361	0.055556
168	372	0.052632
168	377	0.050000
168	378	0.058824
169	6	0.012346
169	7	0.022222
169	8	0.010000
169	13	0.010526
169	15	0.017241
169	18	0.006173
169	32	0.012500
169	51	0.014706
169	62	0.038462
169	65	0.016393
169	90	0.029412
169	98	0.022222
169	101	0.030303
169	114	0.027027
169	121	0.031250
169	140	0.026316
169	153	0.034483
169	193	0.035714
169	210	0.040000
169	227	0.040000
169	266	0.052632
169	267	0.050000
169	312	0.050000
169	327	0.045455
169	395	0.058824
169	397	0.055556
169	400	0.058824
169	406	0.058824
169	410	0.058824
169	420	0.058824
170	3	0.013333
170	15	0.017241
170	19	0.008264
170	30	0.027778
170	32	0.012500
170	33	0.012821
170	35	0.010417
170	48	0.015873
170	55	0.019608
170	71	0.016129
170	76	0.015625
170	77	0.015152
170	129	0.032258
170	132	0.027778
170	134	0.030303
170	136	0.034483
170	140	0.026316
170	192	0.035714
170	194	0.040000
170	206	0.037037
170	207	0.045455
170	223	0.050000
170	231	0.040000
170	242	0.041667
170	270	0.040000
170	272	0.038462
170	273	0.038462
170	284	0.047619
170	326	0.055556
170	362	0.045455
170	415	0.062500
170	424	0.058824
171	1	0.013514
171	4	0.014286
171	13	0.010526
171	21	0.008929
171	23	0.009009
171	42	0.010638
171	44	0.016129
171	54	0.019608
171	55	0.019608
171	57	0.022727
171	76	0.015625
171	98	0.022222
171	126	0.035714
171	140	0.026316
171	142	0.030303
171	154	0.040000
171	168	0.032258
171	194	0.040000
171	236	0.045455
171	274	0.045455
171	371	0.055556
171	395	0.058824
171	400	0.058824
172	0	0.024390
172	4	0.014286
172	9	0.014706
172	12	0.013333
172	22	0.010309
172	28	0.018868
172	29	0.023256
172	30	0.027778
172	60	0.021277
172	65	0.016393
172	75	0.021739
172	96	0.022222
172	104	0.023256
172	125	0.040000
172	128	0.032258
172	145	0.040000
172	159	0.045455
172	180	0.034483
172	206	0.037037
172	216	0.045455
172	228	0.043478
172	236	0.045455
172	250	0.050000
172	296	0.041667
172	302	0.058824
172	304	0.052632
172	305	0.045455
172	321	0.058824
172	328	0.055556
172	333	0.058824
172	338	0.052632
172	340	0.045455
172	381	0.058824
172	422	0.055556
173	2	0.009804
173	11	0.015152
173	17	0.006452
173	18	0.006173
173	24	0.010101
173	29	0.023256
173	32	0.012500
173	34	0.010000
173	35	0.010417
173	45	0.011628
173	49	0.014493
173	51	0.014706
173	53	0.020408
173	54	0.019608
173	65	0.016393
173	73	0.017857
173	84	0.024390
173	189	0.050000
173	190	0.047619
173	202	0.037037
173	215	0.041667
173	226	0.052632
173	253	0.052632
173	285	0.055556
173	347	0.058824
174	16	0.011236
174	17	0.006452
174	18	0.006173
174	24	0.010101
174	42	0.010638
174	43	0.014925
174	57	0.022727
174	70	0.018868
174	71	0.016129
174	76	0.015625
174	99	0.027027
174	123	0.030303
174	126	0.035714
174	132	0.027778
174	141	0.038462
174	149	0.025641
174	155	0.045455
174	209	0.034483
174	214	0.037037
174	215	0.041667
174	224	0.041667
174	225	0.037037
174	232	0.043478
174	253	0.052632
174	258	0.041667
174	262	0.041667
174	278	0.052632
174	281	0.052632
174	285	0.055556
174	302	0.058824
174	303	0.047619
174	359	0.047619
174	386	0.055556
174	398	0.055556
174	403	0.058824
175	8	0.010000
175	12	0.013333
175	20	0.008403
175	26	0.014706
175	29	0.023256
175	36	0.012821
175	38	0.013889
175	42	0.010638
175	43	0.014925
175	52	0.015152
175	72	0.018868
175	87	0.023256
175	92	0.033333
175	100	0.020833
175	109	0.027027
175	130	0.025000
175	131	0.032258
175	182	0.029412
175	216	0.045455
175	268	0.050000
175	280	0.045455
175	316	0.055556
175	347	0.058824
175	375	0.052632
175	401	0.058824
175	421	0.058824
176	5	0.017241
176	9	0.014706
176	12	0.013333
176	17	0.006452
176	20	0.008403
176	22	0.010309
176	24	0.010101
176	32	0.012500
176	35	0.010417
176	45	0.011628
176	53	0.020408
176	77	0.015152
176	101	0.030303
176	110	0.027778
176	118	0.025000
176	131	0.032258
176	161	0.031250
176	182	0.029412
176	212	0.030303
176	243	0.034483
176	251	0.047619
176	258	0.041667
176	260	0.043478
176	275	0.045455
176	291	0.043478
176	373	0.050000
177	1	0.013514
177	12	0.013333
177	13	0.010526
177	18	0.006173
177	19	0.008264
177	34	0.010000
177	36	0.012821
177	39	0.011765
177	50	0.028571
177	67	0.019231
177	71	0.016129
177	79	0.022727
177	85	0.022727
177	93	0.030303
177	114	0.027027
177	116	0.017544
177	138	0.030303
177	186	0.045455
177	188	0.031250
177	242	0.041667
177	294	0.045455
177	297	0.058824
177	314	0.050000
178	0	0.024390
178	4	0.014286
178	16	0.011236
178	17	0.006452
178	19	0.008264
178	25	0.015152
178	31	0.035714
178	35	0.010417
178	37	0.010753
178	45	0.011628
178	49	0.014493
178	52	0.015152
178	54	0.019608
178	76	0.015625
178	97	0.025641
178	112	0.025000
178	152	0.034483
178	181	0.032258
178	185	0.047619
178	190	0.047619
178	194	0.040000
178	196	0.035714
178	218	0.037037
178	234	0.043478
178	265	0.052632
178	316	0.055556
178	337	0.055556
178	408	0.058824
179	2	0.009804
179	5	0.017241
179	19	0.008264
179	20	0.008403
179	23	0.009009
179	26	0.014706
179	43	0.014925
179	46	0.012821
179	55	0.019608
179	65	0.016393
179	77	0.015152
179	82	0.023810
179	86	0.023810
179	94	0.034483
179	121	0.031250
179	134	0.030303
179	153	0.034483
179	254	0.047619
179	300	0.050000
179	383	0.055556
179	387	0.055556
179	401	0.058824
179	408	0.058824
179	409	0.058824
180	8	0.010000
180	13	0.010526
180	21	0.008929
180	29	0.023256
180	39	0.011765
180	48	0.015873
180	52	0.015152
180	54	0.019608
180	73	0.017857
180	87	0.023256
180	100	0.020833
180	103	0.022727
180	113	0.029412
180	149	0.025641
180	150	0.030303
180	159	0.045455
180	172	0.029412
180	192	0.035714
180	203	0.040000
180	218	0.037037
180	226	0.052632
180	260	0.043478
180	304	0.052632
180	324	0.045455
180	326	0.055556
180	336	0.052632
180	344	0.052632
180	350	0.058824
180	402	0.058824
181	2	0.009804
181	21	0.008929
181	32	0.012500
181	34	0.010000
181	36	0.012821
181	52	0.015152
181	61	0.030303
181	70	0.018868
181	75	0.021739
181	87	0.023256
181	88	0.027027
181	89	0.023810
181	108	0.027778
181	111	0.031250
181	115	0.022222
181	146	0.028571
181	178	0.035714
181	189	0.050000
181	231	0.040000
181	232	0.043478
181	247	0.040000
181	279	0.047619
181	292	0.052632
181	317	0.055556
181	325	0.047619
181	350	0.058824
181	374	0.055556
181	382	0.058824
181	408	0.058824
181	413	0.058824
181	414	0.058824
182	2	0.009804
182	5	0.017241
182	12	0.013333
182	22	0.010309
182	23	0.009009
182	24	0.010101
182	28	0.018868
182	43	0.014925
182	53	0.020408
182	76	0.015625
182	77	0.015152
182	106	0.023256
182	122	0.045455
182	148	0.029412
182	159	0.045455
182	175	0.038462
182	176	0.038462
182	183	0.040000
182	209	0.034483
182	248	0.041667
182	255	0.045455
182	262	0.041667
182	268	0.050000
182	269	0.034483
182	286	0.055556
182	297	0.058824
182	312	0.050000
182	318	0.052632
182	324	0.045455
182	340	0.045455
182	396	0.055556
182	406	0.058824
182	412	0.058824
182	418	0.058824
183	0	0.024390
183	1	0.013514
183	2	0.009804
183	9	0.014706
183	18	0.006173
183	24	0.010101
183	35	0.010417
183	39	0.011765
183	41	0.016667
183	85	0.022727
183	109	0.027027
183	118	0.025000
183	123	0.030303
183	126	0.035714
183	146	0.028571
183	160	0.035714
183	182	0.029412
183	191	0.041667
183	204	0.034483
183	219	0.052632
183	224	0.041667
183	229	0.045455
183	277	0.047619
183	408	0.058824
183	413	0.058824
184	6	0.012346
184	13	0.010526
184	20	0.008403
184	21	0.008929
184	33	0.012821
184	73	0.017857
184	78	0.018182
184	90	0.029412
184	91	0.037037
184	104	0.023256
184	108	0.027778
184	109	0.027027
184	114	0.027027
184	136	0.034483
184	140	0.026316
184	162	0.038462
184	166	0.035714
184	209	0.034483
184	233	0.037037
184	236	0.045455
184	268	0.050000
184	272	0.038462
184	291	0.043478
184	328	0.055556
184	414	0.058824
185	13	0.010526
185	17	0.006452
185	18	0.006173
185	19	0.008264
185	21	0.008929
185	26	0.014706
185	30	0.027778
185	34	0.010000
185	37	0.010753
185	80	0.028571
185	83	0.024390
185	116	0.017544
185	119	0.028571
185	125	0.040000
185	144	0.031250
185	146	0.028571
185	178	0.035714
185	193	0.035714
185	241	0.035714
185	266	0.052632
185	348	0.055556
186	10	0.012500
186	14	0.034483
186	19	0.008264
186	20	0.008403
186	32	0.012500
186	38	0.013889
186	39	0.011765
186	41	0.016667
186	47	0.016393
186	66	0.020833
186	77	0.015152
186	83	0.024390
186	86	0.023810
186	106	0.023256
186	107	0.027027
186	119	0.028571
186	177	0.043478
186	246	0.047619
186	335	0.052632
186	380	0.055556
186	386	0.055556
186	413	0.058824
187	0	0.024390
187	17	0.006452
187	20	0.008403
187	23	0.009009
187	32	0.012500
187	37	0.010753
187	39	0.011765
187	46	0.012821
187	48	0.015873
187	53	0.020408
187	64	0.015385
187	70	0.018868
187	82	0.023810
187	111	0.031250
187	149	0.025641
187	157	0.047619
187	161	0.031250
187	192	0.035714
187	290	0.055556
187	308	0.050000
187	310	0.047619
187	329	0.047619
187	354	0.058824
187	385	0.055556
187	418	0.058824
188	4	0.014286
188	8	0.010000
188	13	0.010526
188	17	0.006452
188	20	0.008403
188	34	0.010000
188	39	0.011765
188	46	0.012821
188	63	0.033333
188	69	0.022222
188	76	0.015625
188	78	0.018182
188	112	0.025000
188	136	0.034483
188	146	0.028571
188	149	0.025641
188	177	0.043478
188	207	0.045455
188	212	0.030303
188	214	0.037037
188	216	0.045455
188	220	0.045455
188	234	0.043478
188	238	0.047619
188	241	0.035714
188	243	0.034483
188	249	0.047619
188	264	0.045455
188	325	0.047619
188	330	0.058824
188	367	0.050000
188	403	0.058824
189	3	0.013333
189	4	0.014286
189	7	0.022222
189	17	0.006452
189	18	0.006173
189	32	0.012500
189	37	0.010753
189	42	0.010638
189	48	0.015873
189	66	0.020833
189	90	0.029412
189	99	0.027027
189	101	0.030303
189	117	0.024390
189	149	0.025641
189	173	0.040000
189	181	0.032258
189	233	0.037037
189	353	0.052632
189	419	0.058824
190	2	0.009804
190	17	0.006452
190	20	0.008403
190	22	0.010309
190	31	0.035714
190	39	0.011765
190	54	0.019608
190	63	0.033333
190	72	0.018868
190	99	0.027027
190	106	0.023256
190	111	0.031250
190	135	0.023810
190	146	0.028571
190	154	0.040000
190	173	0.040000
190	178	0.035714
190	204	0.034483
190	218	0.037037
190	337	0.055556
190	363	0.058824
191	10	0.012500
191	18	0.006173
191	19	0.008264
191	22	0.010309
191	32	0.012500
191	34	0.010000
191	45	0.011628
191	48	0.015873
191	55	0.019608
191	71	0.016129
191	93	0.030303
191	99	0.027027
191	106	0.023256
191	131	0.032258
191	132	0.027778
191	161	0.031250
191	183	0.040000
191	215	0.041667
191	218	0.037037
191	264	0.045455
191	324	0.045455
191	389	0.058824
191	398	0.055556
191	419	0.058824
192	14	0.034483
192	17	0.006452
192	18	0.006173
192	20	0.008403
192	35	0.010417
192	39	0.011765
192	43	0.014925
192	51	0.014706
192	68	0.019608
192	72	0.018868
192	78	0.018182
192	87	0.023256
192	114	0.027027
192	117	0.024390
192	170	0.031250
192	180	0.034483
192	187	0.040000
192	193	0.035714
192	202	0.037037
192	313	0.047619
192	318	0.052632
192	333	0.058824
192	339	0.055556
192	343	0.052632
192	365	0.047619
192	375	0.052632
192	392	0.058824
192	425	0.058824
193	17	0.006452
193	18	0.006173
193	23	0.009009
193	24	0.010101
193	36	0.012821
193	44	0.016129
193	46	0.012821
193	53	0.020408
193	66	0.020833
193	78	0.018182
193	100	0.020833
193	101	0.030303
193	116	0.017544
193	138	0.030303
193	169	0.033333
193	185	0.047619
193	192	0.035714
193	243	0.034483
193	258	0.041667
193	278	0.052632
193	304	0.052632
193	305	0.045455
193	328	0.055556
193	344	0.052632
193	365	0.047619
193	383	0.055556
193	388	0.055556
193	414	0.058824
194	13	0.010526
194	18	0.006173
194	20	0.008403
194	21	0.008929
194	22	0.010309
194	29	0.023256
194	37	0.010753
194	39	0.011765
194	41	0.016667
194	66	0.020833
194	85	0.022727
194	86	0.023810
194	97	0.025641
194	147	0.031250
194	170	0.031250
194	171	0.043478
194	178	0.035714
194	238	0.047619
194	245	0.050000
194	260	0.043478
194	265	0.052632
194	300	0.050000
194	303	0.047619
194	357	0.055556
194	387	0.055556
195	5	0.017241
195	6	0.012346
195	12	0.013333
195	13	0.010526
195	36	0.012821
195	39	0.011765
195	44	0.016129
195	46	0.012821
195	52	0.015152
195	65	0.016393
195	77	0.015152
195	78	0.018182
195	83	0.024390
195	102	0.029412
195	108	0.027778
195	130	0.025000
195	146	0.028571
195	221	0.055556
195	283	0.058824
195	296	0.041667
195	302	0.058824
195	306	0.050000
195	398	0.055556
195	417	0.058824
195	420	0.058824
196	5	0.017241
196	6	0.012346
196	12	0.013333
196	24	0.010101
196	32	0.012500
196	39	0.011765
196	49	0.014493
196	52	0.015152
196	54	0.019608
196	67	0.019231
196	73	0.017857
196	77	0.015152
196	80	0.028571
196	115	0.022222
196	118	0.025000
196	154	0.040000
196	178	0.035714
196	197	0.034483
196	200	0.035714
196	204	0.034483
196	217	0.041667
196	230	0.041667
196	298	0.045455
196	325	0.047619
196	337	0.055556
196	338	0.052632
196	392	0.058824
196	405	0.062500
197	2	0.009804
197	12	0.013333
197	18	0.006173
197	22	0.010309
197	32	0.012500
197	33	0.012821
197	34	0.010000
197	35	0.010417
197	44	0.016129
197	45	0.011628
197	49	0.014493
197	51	0.014706
197	64	0.015385
197	75	0.021739
197	128	0.032258
197	129	0.032258
197	196	0.035714
197	205	0.032258
197	211	0.043478
197	215	0.041667
197	271	0.045455
197	277	0.047619
197	280	0.045455
197	286	0.055556
197	308	0.050000
197	311	0.047619
197	313	0.047619
197	379	0.058824
197	412	0.058824
198	0	0.024390
198	6	0.012346
198	7	0.022222
198	13	0.010526
198	18	0.006173
198	26	0.014706
198	27	0.019231
198	28	0.018868
198	42	0.010638
198	52	0.015152
198	80	0.028571
198	84	0.024390
198	91	0.037037
198	100	0.020833
198	103	0.022727
198	126	0.035714
198	153	0.034483
198	216	0.045455
198	250	0.050000
198	258	0.041667
198	267	0.050000
198	283	0.058824
198	305	0.045455
198	315	0.050000
198	351	0.055556
198	357	0.055556
198	362	0.045455
198	380	0.055556
198	420	0.058824
199	6	0.012346
199	9	0.014706
199	18	0.006173
199	25	0.015152
199	34	0.010000
199	39	0.011765
199	49	0.014493
199	51	0.014706
199	67	0.019231
199	76	0.015625
199	98	0.022222
199	107	0.027027
199	112	0.025000
199	116	0.017544
199	143	0.040000
199	149	0.025641
199	150	0.030303
199	233	0.037037
199	239	0.047619
199	246	0.047619
199	254	0.047619
199	275	0.045455
199	292	0.052632
199	296	0.041667
199	340	0.045455
199	351	0.055556
199	361	0.055556
199	367	0.050000
199	376	0.055556
199	380	0.055556
199	381	0.058824
199	411	0.055556
200	17	0.006452
200	21	0.008929
200	22	0.010309
200	27	0.019231
200	38	0.013889
200	39	0.011765
200	48	0.015873
200	53	0.020408
200	58	0.021277
200	72	0.018868
200	81	0.022222
200	87	0.023256
200	144	0.031250
200	148	0.029412
200	150	0.030303
200	151	0.028571
200	196	0.035714
200	208	0.038462
200	263	0.038462
200	276	0.050000
200	286	0.055556
200	293	0.052632
200	294	0.045455
200	302	0.058824
200	322	0.050000
200	339	0.055556
200	344	0.052632
200	421	0.058824
201	2	0.009804
201	3	0.013333
201	8	0.010000
201	37	0.010753
201	38	0.013889
201	52	0.015152
201	66	0.020833
201	89	0.023810
201	94	0.034483
201	99	0.027027
201	100	0.020833
201	130	0.025000
201	135	0.023810
201	148	0.029412
201	151	0.028571
201	159	0.045455
201	163	0.035714
201	259	0.040000
201	287	0.050000
201	290	0.055556
201	376	0.055556
201	383	0.055556
201	401	0.058824
201	412	0.058824
202	1	0.013514
202	17	0.006452
202	18	0.006173
202	19	0.008264
202	21	0.008929
202	28	0.018868
202	54	0.019608
202	55	0.019608
202	56	0.022222
202	68	0.019608
202	77	0.015152
202	114	0.027027
202	116	0.017544
202	158	0.043478
202	168	0.032258
202	173	0.040000
202	192	0.035714
202	208	0.038462
202	211	0.043478
202	276	0.050000
202	282	0.052632
202	297	0.058824
202	307	0.052632
202	329	0.047619
202	332	0.047619
202	396	0.055556
202	414	0.058824
203	10	0.012500
203	18	0.006173
203	19	0.008264
203	22	0.010309
203	39	0.011765
203	52	0.015152
203	76	0.015625
203	86	0.023810
203	87	0.023256
203	90	0.029412
203	97	0.025641
203	104	0.023256
203	117	0.024390
203	118	0.025000
203	161	0.031250
203	162	0.038462
203	180	0.034483
203	240	0.045455
203	271	0.045455
203	307	0.052632
203	317	0.055556
203	337	0.055556
203	377	0.050000
203	399	0.055556
203	406	0.058824
204	5	0.017241
204	18	0.006173
204	22	0.010309
204	24	0.010101
204	26	0.014706
204	33	0.012821
204	42	0.010638
204	44	0.016129
204	46	0.012821
204	60	0.021277
204	90	0.029412
204	92	0.033333
204	96	0.022222
204	166	0.035714
204	183	0.040000
204	190	0.047619
204	196	0.035714
204	227	0.040000
204	251	0.047619
204	261	0.041667
204	274	0.045455
204	291	0.043478
204	296	0.041667
204	309	0.055556
204	338	0.052632
204	358	0.055556
204	392	0.058824
204	413	0.058824
204	416	0.058824
205	1	0.013514
205	6	0.012346
205	8	0.010000
205	17	0.006452
205	19	0.008264
205	36	0.012821
205	37	0.010753
205	38	0.013889
205	45	0.011628
205	48	0.015873
205	51	0.014706
205	64	0.015385
205	74	0.027027
205	90	0.029412
205	116	0.017544
205	129	0.032258
205	197	0.034483
205	215	0.041667
205	225	0.037037
205	227	0.040000
205	243	0.034483
205	255	0.045455
205	273	0.038462
205	278	0.052632
205	284	0.047619
205	291	0.043478
205	300	0.050000
205	308	0.050000
205	392	0.058824
205	396	0.055556
205	420	0.058824
206	3	0.013333
206	8	0.010000
206	15	0.017241
206	17	0.006452
206	20	0.008403
206	28	0.018868
206	36	0.012821
206	47	0.016393
206	57	0.022727
206	86	0.023810
206	96	0.022222
206	104	0.023256
206	116	0.017544
206	135	0.023810
206	168	0.032258
206	170	0.031250
206	172	0.029412
206	228	0.043478
206	259	0.040000
206	299	0.045455
206	306	0.050000
206	348	0.055556
206	355	0.055556
206	362	0.045455
206	370	0.058824
206	400	0.058824
206	422	0.055556
207	9	0.014706
207	12	0.013333
207	14	0.034483
207	17	0.006452
207	34	0.010000
207	38	0.013889
207	40	0.020833
207	51	0.014706
207	81	0.022222
207	99	0.027027
207	110	0.027778
207	112	0.025000
207	121	0.031250
207	134	0.030303
207	164	0.031250
207	170	0.031250
207	188	0.031250
207	259	0.040000
207	270	0.040000
207	305	0.045455
207	397	0.055556
207	411	0.055556
208	2	0.009804
208	11	0.015152
208	22	0.010309
208	27	0.019231
208	32	0.012500
208	38	0.013889
208	45	0.011628
208	48	0.015873
208	56	0.022222
208	89	0.023810
208	106	0.023256
208	114	0.027027
208	115	0.022222
208	116	0.017544
208	151	0.028571
208	200	0.035714
208	202	0.037037
208	213	0.045455
208	257	0.041667
208	316	0.055556
208	320	0.052632
208	352	0.052632
208	358	0.055556
208	366	0.058824
208	382	0.058824
208	395	0.058824
209	11	0.015152
209	15	0.017241
209	17	0.006452
209	22	0.010309
209	26	0.014706
209	30	0.027778
209	41	0.016667
209	46	0.012821
209	69	0.022222
209	78	0.018182
209	83	0.024390
209	103	0.022727
209	106	0.023256
209	168	0.032258
209	174	0.028571
209	182	0.029412
209	184	0.040000
209	214	0.037037
209	246	0.047619
209	248	0.041667
209	271	0.045455
209	278	0.052632
209	292	0.052632
209	295	0.050000
209	319	0.058824
209	329	0.047619
209	330	0.058824
209	344	0.052632
209	353	0.052632
210	0	0.024390
210	1	0.013514
210	11	0.015152
210	15	0.017241
210	18	0.006173
210	22	0.010309
210	23	0.009009
210	35	0.010417
210	44	0.016129
210	60	0.021277
210	63	0.033333
210	98	0.022222
210	102	0.029412
210	115	0.022222
210	118	0.025000
210	124	0.038462
210	169	0.033333
210	215	0.041667
210	242	0.041667
210	253	0.052632
210	255	0.045455
210	315	0.050000
210	335	0.052632
210	336	0.052632
210	419	0.058824
211	5	0.017241
211	10	0.012500
211	17	0.006452
211	18	0.006173
211	27	0.019231
211	28	0.018868
211	41	0.016667
211	56	0.022222
211	57	0.022727
211	76	0.015625
211	82	0.023810
211	103	0.022727
211	114	0.027027
211	128	0.032258
211	165	0.045455
211	197	0.034483
211	202	0.037037
211	251	0.047619
211	258	0.041667
211	286	0.055556
211	308	0.050000
211	359	0.047619
211	363	0.058824
212	11	0.015152
212	14	0.034483
212	15	0.017241
212	17	0.006452
212	21	0.008929
212	23	0.009009
212	26	0.014706
212	42	0.010638
212	44	0.016129
212	47	0.016393
212	74	0.027027
212	86	0.023810
212	120	0.038462
212	139	0.037037
212	146	0.028571
212	176	0.038462
212	188	0.031250
212	227	0.040000
212	229	0.045455
212	232	0.043478
212	237	0.040000
212	239	0.047619
212	250	0.050000
212	257	0.041667
212	269	0.034483
212	271	0.045455
212	313	0.047619
212	359	0.047619
212	362	0.045455
212	368	0.055556
212	370	0.058824
212	376	0.055556
212	378	0.058824
213	3	0.013333
213	9	0.014706
213	10	0.012500
213	22	0.010309
213	26	0.014706
213	44	0.016129
213	46	0.012821
213	62	0.038462
213	77	0.015152
213	80	0.028571
213	91	0.037037
213	110	0.027778
213	116	0.017544
213	150	0.030303
213	161	0.031250
213	164	0.031250
213	208	0.038462
213	224	0.041667
213	270	0.040000
213	274	0.045455
213	284	0.047619
213	390	0.055556
214	1	0.013514
214	6	0.012346
214	21	0.008929
214	23	0.009009
214	51	0.014706
214	77	0.015152
214	83	0.024390
214	96	0.022222
214	114	0.027027
214	116	0.017544
214	119	0.028571
214	144	0.031250
214	151	0.028571
214	161	0.031250
214	174	0.028571
214	188	0.031250
214	209	0.034483
214	231	0.040000
214	285	0.055556
214	291	0.043478
214	308	0.050000
214	312	0.050000
214	316	0.055556
214	347	0.058824
214	373	0.050000
214	376	0.055556
214	395	0.058824
215	22	0.010309
215	37	0.010753
215	40	0.020833
215	42	0.010638
215	44	0.016129
215	45	0.011628
215	47	0.016393
215	49	0.014493
215	53	0.020408
215	102	0.029412
215	128	0.032258
215	173	0.040000
215	174	0.028571
215	191	0.041667
215	197	0.034483
215	205	0.032258
215	210	0.040000
215	230	0.041667
215	250	0.050000
215	286	0.055556
215	288	0.043478
215	301	0.050000
215	379	0.058824
215	395	0.058824
216	2	0.009804
216	18	0.006173
216	20	0.008403
216	28	0.018868
216	34	0.010000
216	39	0.011765
216	60	0.021277
216	70	0.018868
216	74	0.027027
216	77	0.015152
216	78	0.018182
216	112	0.025000
216	119	0.028571
216	172	0.029412
216	175	0.038462
216	188	0.031250
216	198	0.034483
216	239	0.047619
216	276	0.050000
216	368	0.055556
216	372	0.052632
216	382	0.058824
217	3	0.013333
217	4	0.014286
217	9	0.014706
217	10	0.012500
217	18	0.006173
217	19	0.008264
217	24	0.010101
217	27	0.019231
217	34	0.010000
217	60	0.021277
217	68	0.019608
217	75	0.021739
217	86	0.023810
217	101	0.030303
217	106	0.023256
217	166	0.035714
217	196	0.035714
217	220	0.045455
217	233	0.037037
217	271	0.045455
217	278	0.052632
217	302	0.058824
217	325	0.047619
217	375	0.052632
218	1	0.013514
218	6	0.012346
218	10	0.012500
218	33	0.012821
218	35	0.010417
218	40	0.020833
218	41	0.016667
218	57	0.022727
218	62	0.038462
218	77	0.015152
218	78	0.018182
218	97	0.025641
218	98	0.022222
218	178	0.035714
218	180	0.034483
218	190	0.047619
218	191	0.041667
218	234	0.043478
218	236	0.045455
218	238	0.047619
218	273	0.038462
218	296	0.041667
218	304	0.052632
218	324	0.045455
218	344	0.052632
218	367	0.050000
218	381	0.058824
219	47	0.016393
219	56	0.022222
219	60	0.021277
219	61	0.030303
219	64	0.015385
219	69	0.022222
219	74	0.027027
219	78	0.018182
219	79	0.022727
219	83	0.024390
219	89	0.023810
219	110	0.027778
219	116	0.017544
219	123	0.030303
219	135	0.023810
219	149	0.025641
219	183	0.040000
219	252	0.047619
219	382	0.058824
220	2	0.009804
220	7	0.022222
220	19	0.008264
220	32	0.012500
220	38	0.013889
220	39	0.011765
220	46	0.012821
220	62	0.038462
220	74	0.027027
220	77	0.015152
220	78	0.018182
220	99	0.027027
220	108	0.027778
220	128	0.032258
220	152	0.034483
220	188	0.031250
220	217	0.041667
220	265	0.052632
220	287	0.050000
220	291	0.043478
220	299	0.045455
220	384	0.055556
221	1	0.013514
221	4	0.014286
221	16	0.011236
221	20	0.008403
221	21	0.008929
221	33	0.012821
221	34	0.010000
221	37	0.010753
221	40	0.020833
221	51	0.014706
221	76	0.015625
221	77	0.015152
221	82	0.023810
221	96	0.022222
221	117	0.024390
221	153	0.034483
221	195	0.040000
221	359	0.047619
222	8	0.010000
222	21	0.008929
222	26	0.014706
222	36	0.012821
222	46	0.012821
222	52	0.015152
222	55	0.019608
222	64	0.015385
222	83	0.024390
222	96	0.022222
222	101	0.030303
222	120	0.038462
222	135	0.023810
222	136	0.034483
222	142	0.030303
222	147	0.031250
222	162	0.038462
222	277	0.047619
222	345	0.047619
223	28	0.018868
223	33	0.012821
223	38	0.013889
223	39	0.011765
223	40	0.020833
223	41	0.016667
223	42	0.010638
223	43	0.014925
223	45	0.011628
223	57	0.022727
223	71	0.016129
223	80	0.028571
223	98	0.022222
223	109	0.027027
223	133	0.027778
223	162	0.038462
223	170	0.031250
223	333	0.058824
223	366	0.058824
223	387	0.055556
224	1	0.013514
224	2	0.009804
224	7	0.022222
224	33	0.012821
224	39	0.011765
224	43	0.014925
224	45	0.011628
224	51	0.014706
224	56	0.022222
224	73	0.017857
224	108	0.027778
224	126	0.035714
224	128	0.032258
224	159	0.045455
224	174	0.028571
224	183	0.040000
224	213	0.045455
224	250	0.050000
224	254	0.047619
224	277	0.047619
224	278	0.052632
224	280	0.045455
224	362	0.045455
224	366	0.058824
225	4	0.014286
225	9	0.014706
225	18	0.006173
225	20	0.008403
225	32	0.012500
225	34	0.010000
225	35	0.010417
225	38	0.013889
225	68	0.019608
225	70	0.018868
225	76	0.015625
225	107	0.027027
225	118	0.025000
225	121	0.031250
225	152	0.034483
225	174	0.028571
225	205	0.032258
225	244	0.047619
225	262	0.041667
225	274	0.045455
225	280	0.045455
225	285	0.055556
225	309	0.055556
225	327	0.045455
225	345	0.047619
225	394	0.058824
225	402	0.058824
226	3	0.013333
226	12	0.013333
226	17	0.006452
226	21	0.008929
226	23	0.009009
226	35	0.010417
226	37	0.010753
226	48	0.015873
226	49	0.014493
226	86	0.023810
226	99	0.027027
226	117	0.024390
226	119	0.028571
226	146	0.028571
226	151	0.028571
226	173	0.040000
226	180	0.034483
226	334	0.047619
226	374	0.055556
227	3	0.013333
227	5	0.017241
227	16	0.011236
227	17	0.006452
227	23	0.009009
227	32	0.012500
227	35	0.010417
227	40	0.020833
227	43	0.014925
227	49	0.014493
227	74	0.027027
227	142	0.030303
227	168	0.032258
227	169	0.033333
227	204	0.034483
227	205	0.032258
227	212	0.030303
227	247	0.040000
227	249	0.047619
227	301	0.050000
227	359	0.047619
227	362	0.045455
227	375	0.052632
227	386	0.055556
227	398	0.055556
228	1	0.013514
228	6	0.012346
228	14	0.034483
228	17	0.006452
228	18	0.006173
228	34	0.010000
228	37	0.010753
228	38	0.013889
228	42	0.010638
228	43	0.014925
228	66	0.020833
228	97	0.025641
228	98	0.022222
228	131	0.032258
228	161	0.031250
228	172	0.029412
228	206	0.037037
228	232	0.043478
228	261	0.041667
228	348	0.055556
228	396	0.055556
228	402	0.058824
228	420	0.058824
229	4	0.014286
229	24	0.010101
229	32	0.012500
229	34	0.010000
229	36	0.012821
229	65	0.016393
229	66	0.020833
229	68	0.019608
229	71	0.016129
229	78	0.018182
229	82	0.023810
229	84	0.024390
229	87	0.023256
229	134	0.030303
229	163	0.035714
229	183	0.040000
229	212	0.030303
229	326	0.055556
229	334	0.047619
229	367	0.050000
229	390	0.055556
229	398	0.055556
230	3	0.013333
230	20	0.008403
230	41	0.016667
230	43	0.014925
230	56	0.022222
230	57	0.022727
230	63	0.033333
230	64	0.015385
230	74	0.027027
230	75	0.021739
230	79	0.022727
230	85	0.022727
230	106	0.023256
230	150	0.030303
230	163	0.035714
230	196	0.035714
230	215	0.041667
230	241	0.035714
230	263	0.038462
230	342	0.055556
230	345	0.047619
230	384	0.055556
230	386	0.055556
230	425	0.058824
231	33	0.012821
231	34	0.010000
231	35	0.010417
231	64	0.015385
231	78	0.018182
231	79	0.022727
231	108	0.027778
231	115	0.022222
231	132	0.027778
231	139	0.037037
231	140	0.026316
231	143	0.040000
231	144	0.031250
231	165	0.045455
231	170	0.031250
231	181	0.032258
231	214	0.037037
231	240	0.045455
231	254	0.047619
231	290	0.055556
231	337	0.055556
231	370	0.058824
231	391	0.058824
231	410	0.058824
231	425	0.058824
232	8	0.010000
232	10	0.012500
232	12	0.013333
232	16	0.011236
232	25	0.015152
232	27	0.019231
232	32	0.012500
232	36	0.012821
232	37	0.010753
232	59	0.025000
232	67	0.019231
232	130	0.025000
232	149	0.025641
232	174	0.028571
232	181	0.032258
232	212	0.030303
232	228	0.043478
232	256	0.040000
232	259	0.040000
232	288	0.043478
232	309	0.055556
232	377	0.050000
232	383	0.055556
233	15	0.017241
233	16	0.011236
233	51	0.014706
233	52	0.015152
233	56	0.022222
233	58	0.021277
233	64	0.015385
233	66	0.020833
233	89	0.023810
233	99	0.027027
233	112	0.025000
233	138	0.030303
233	142	0.030303
233	184	0.040000
233	189	0.050000
233	199	0.031250
233	217	0.041667
233	235	0.038462
233	256	0.040000
233	257	0.041667
233	260	0.043478
233	279	0.047619
233	302	0.058824
233	318	0.052632
233	336	0.052632
233	344	0.052632
233	358	0.055556
234	16	0.011236
234	23	0.009009
234	26	0.014706
234	32	0.012500
234	48	0.015873
234	49	0.014493
234	92	0.033333
234	104	0.023256
234	118	0.025000
234	120	0.038462
234	128	0.032258
234	138	0.030303
234	152	0.034483
234	164	0.031250
234	178	0.035714
234	188	0.031250
234	218	0.037037
234	243	0.034483
234	257	0.041667
234	298	0.045455
234	337	0.055556
234	346	0.058824
234	385	0.055556
235	6	0.012346
235	9	0.014706
235	12	0.013333
235	16	0.011236
235	21	0.008929
235	23	0.009009
235	25	0.015152
235	37	0.010753
235	42	0.010638
235	72	0.018868
235	95	0.050000
235	96	0.022222
235	99	0.027027
235	108	0.027778
235	145	0.040000
235	160	0.035714
235	233	0.037037
235	251	0.047619
235	259	0.040000
235	287	0.050000
235	290	0.055556
235	293	0.052632
235	300	0.050000
235	302	0.058824
235	345	0.047619
235	398	0.055556
236	1	0.013514
236	6	0.012346
236	33	0.012821
236	42	0.010638
236	45	0.011628
236	46	0.012821
236	55	0.019608
236	57	0.022727
236	137	0.038462
236	142	0.030303
236	149	0.025641
236	150	0.030303
236	154	0.040000
236	171	0.043478
236	172	0.029412
236	184	0.040000
236	218	0.037037
236	247	0.040000
236	279	0.047619
236	329	0.047619
236	336	0.052632
236	338	0.052632
237	2	0.009804
237	5	0.017241
237	7	0.022222
237	12	0.013333
237	15	0.017241
237	61	0.030303
237	72	0.018868
237	73	0.017857
237	75	0.021739
237	82	0.023810
237	84	0.024390
237	98	0.022222
237	106	0.023256
237	110	0.027778
237	148	0.029412
237	158	0.043478
237	212	0.030303
237	269	0.034483
237	278	0.052632
237	283	0.058824
237	286	0.055556
237	289	0.034483
237	355	0.055556
237	385	0.055556
237	416	0.058824
238	11	0.015152
238	16	0.011236
238	17	0.006452
238	19	0.008264
238	28	0.018868
238	44	0.016129
238	62	0.038462
238	66	0.020833
238	73	0.017857
238	93	0.030303
238	97	0.025641
238	100	0.020833
238	129	0.032258
238	132	0.027778
238	188	0.031250
238	194	0.040000
238	218	0.037037
238	244	0.047619
238	302	0.058824
238	369	0.052632
238	392	0.058824
239	6	0.012346
239	8	0.010000
239	12	0.013333
239	17	0.006452
239	18	0.006173
239	26	0.014706
239	37	0.010753
239	43	0.014925
239	52	0.015152
239	100	0.020833
239	106	0.023256
239	107	0.027027
239	118	0.025000
239	199	0.031250
239	212	0.030303
239	216	0.045455
239	246	0.047619
239	290	0.055556
239	410	0.058824
239	415	0.062500
239	423	0.058824
240	16	0.011236
240	22	0.010309
240	24	0.010101
240	25	0.015152
240	41	0.016667
240	44	0.016129
240	64	0.015385
240	65	0.016393
240	75	0.021739
240	84	0.024390
240	97	0.025641
240	98	0.022222
240	149	0.025641
240	150	0.030303
240	167	0.041667
240	203	0.040000
240	231	0.040000
240	241	0.035714
240	246	0.047619
240	254	0.047619
240	298	0.045455
240	347	0.058824
241	1	0.013514
241	2	0.009804
241	7	0.022222
241	16	0.011236
241	17	0.006452
241	20	0.008403
241	28	0.018868
241	34	0.010000
241	46	0.012821
241	55	0.019608
241	89	0.023810
241	104	0.023256
241	141	0.038462
241	185	0.047619
241	188	0.031250
241	230	0.041667
241	240	0.045455
241	243	0.034483
241	263	0.038462
241	265	0.052632
241	277	0.047619
241	290	0.055556
241	305	0.045455
241	324	0.045455
241	348	0.055556
241	389	0.058824
241	399	0.055556
241	421	0.058824
242	23	0.009009
242	27	0.019231
242	29	0.023256
242	31	0.035714
242	40	0.020833
242	43	0.014925
242	53	0.020408
242	59	0.025000
242	65	0.016393
242	82	0.023810
242	83	0.024390
242	134	0.030303
242	151	0.028571
242	164	0.031250
242	170	0.031250
242	177	0.043478
242	210	0.040000
242	293	0.052632
242	314	0.050000
242	339	0.055556
242	352	0.052632
242	376	0.055556
242	394	0.058824
242	398	0.055556
243	3	0.013333
243	5	0.017241
243	23	0.009009
243	35	0.010417
243	37	0.010753
243	60	0.021277
243	68	0.019608
243	88	0.027027
243	105	0.035714
243	113	0.029412
243	152	0.034483
243	176	0.038462
243	188	0.031250
243	193	0.035714
243	205	0.032258
243	234	0.043478
243	241	0.035714
243	250	0.050000
243	276	0.050000
243	281	0.052632
243	284	0.047619
243	296	0.041667
243	303	0.047619
243	314	0.050000
243	332	0.047619
243	351	0.055556
243	378	0.058824
243	392	0.058824
243	404	0.058824
244	7	0.022222
244	8	0.010000
244	11	0.015152
244	18	0.006173
244	21	0.008929
244	45	0.011628
244	47	0.016393
244	52	0.015152
244	54	0.019608
244	68	0.019608
244	73	0.017857
244	79	0.022727
244	81	0.022222
244	147	0.031250
244	148	0.029412
244	225	0.037037
244	238	0.047619
244	263	0.038462
244	339	0.055556
244	360	0.055556
244	381	0.058824
245	20	0.008403
245	24	0.010101
245	27	0.019231
245	30	0.027778
245	38	0.013889
245	46	0.012821
245	54	0.019608
245	58	0.021277
245	67	0.019231
245	73	0.017857
245	86	0.023810
245	90	0.029412
245	113	0.029412
245	114	0.027027
245	117	0.024390
245	153	0.034483
245	194	0.040000
245	251	0.047619
245	255	0.045455
245	422	0.055556
246	0	0.024390
246	15	0.017241
246	42	0.010638
246	53	0.020408
246	71	0.016129
246	87	0.023256
246	116	0.017544
246	126	0.035714
246	133	0.027778
246	136	0.034483
246	146	0.028571
246	148	0.029412
246	186	0.045455
246	199	0.031250
246	209	0.034483
246	239	0.047619
246	240	0.045455
246	342	0.055556
246	345	0.047619
246	402	0.058824
246	413	0.058824
247	4	0.014286
247	11	0.015152
247	16	0.011236
247	21	0.008929
247	22	0.010309
247	25	0.015152
247	35	0.010417
247	49	0.014493
247	51	0.014706
247	73	0.017857
247	87	0.023256
247	103	0.022727
247	112	0.025000
247	135	0.023810
247	181	0.032258
247	227	0.040000
247	236	0.045455
247	294	0.045455
247	336	0.052632
247	349	0.055556
247	378	0.058824
247	387	0.055556
247	397	0.055556
247	403	0.058824
247	423	0.058824
248	3	0.013333
248	5	0.017241
248	12	0.013333
248	33	0.012821
248	36	0.012821
248	48	0.015873
248	57	0.022727
248	80	0.028571
248	93	0.030303
248	104	0.023256
248	135	0.023810
248	149	0.025641
248	150	0.030303
248	165	0.045455
248	182	0.029412
248	209	0.034483
248	256	0.040000
248	262	0.041667
248	293	0.052632
248	319	0.058824
248	329	0.047619
248	341	0.050000
248	353	0.052632
248	372	0.052632
249	11	0.015152
249	16	0.011236
249	17	0.006452
249	24	0.010101
249	41	0.016667
249	43	0.014925
249	45	0.011628
249	46	0.012821
249	48	0.015873
249	70	0.018868
249	98	0.022222
249	127	0.050000
249	139	0.037037
249	158	0.043478
249	188	0.031250
249	227	0.040000
249	250	0.050000
249	266	0.052632
249	347	0.058824
249	383	0.055556
249	406	0.058824
250	2	0.009804
250	9	0.014706
250	14	0.034483
250	29	0.023256
250	46	0.012821
250	49	0.014493
250	60	0.021277
250	73	0.017857
250	132	0.027778
250	151	0.028571
250	172	0.029412
250	198	0.034483
250	212	0.030303
250	215	0.041667
250	224	0.041667
250	243	0.034483
250	249	0.047619
250	271	0.045455
250	335	0.052632
250	407	0.055556
251	2	0.009804
251	4	0.014286
251	17	0.006452
251	18	0.006173
251	24	0.010101
251	45	0.011628
251	86	0.023810
251	87	0.023256
251	92	0.033333
251	125	0.040000
251	128	0.032258
251	130	0.025000
251	176	0.038462
251	204	0.034483
251	211	0.043478
251	235	0.038462
251	245	0.050000
251	275	0.045455
251	287	0.050000
251	314	0.050000
251	335	0.052632
252	2	0.009804
252	4	0.014286
252	11	0.015152
252	13	0.010526
252	23	0.009009
252	24	0.010101
252	45	0.011628
252	60	0.021277
252	70	0.018868
252	84	0.024390
252	97	0.025641
252	102	0.029412
252	115	0.022222
252	116	0.017544
252	137	0.038462
252	139	0.037037
252	219	0.052632
252	264	0.045455
252	266	0.052632
252	361	0.055556
252	413	0.058824
253	1	0.013514
253	25	0.015152
253	35	0.010417
253	37	0.010753
253	41	0.016667
253	44	0.016129
253	49	0.014493
253	55	0.019608
253	65	0.016393
253	67	0.019231
253	70	0.018868
253	87	0.023256
253	99	0.027027
253	161	0.031250
253	173	0.040000
253	174	0.028571
253	210	0.040000
253	330	0.058824
253	374	0.055556
254	0	0.024390
254	9	0.014706
254	17	0.006452
254	19	0.008264
254	21	0.008929
254	35	0.010417
254	59	0.025000
254	72	0.018868
254	79	0.022727
254	88	0.027027
254	110	0.027778
254	144	0.031250
254	179	0.041667
254	199	0.031250
254	224	0.041667
254	231	0.040000
254	240	0.045455
254	311	0.047619
254	361	0.055556
254	375	0.052632
254	388	0.055556
255	10	0.012500
255	16	0.011236
255	18	0.006173
255	19	0.008264
255	37	0.010753
255	42	0.010638
255	46	0.012821
255	59	0.025000
255	76	0.015625
255	81	0.022222
255	101	0.030303
255	129	0.032258
255	141	0.038462
255	182	0.029412
255	205	0.032258
255	210	0.040000
255	245	0.050000
255	265	0.052632
255	330	0.058824
255	333	0.058824
255	336	0.052632
255	411	0.055556
256	6	0.012346
256	16	0.011236
256	20	0.008403
256	23	0.009009
256	33	0.012821
256	34	0.010000
256	36	0.012821
256	48	0.015873
256	90	0.029412
256	112	0.025000
256	123	0.030303
256	135	0.023810
256	139	0.037037
256	145	0.040000
256	232	0.043478
256	233	0.037037
256	248	0.041667
256	258	0.041667
256	260	0.043478
256	272	0.038462
256	326	0.055556
256	354	0.058824
256	369	0.052632
256	396	0.055556
256	410	0.058824
257	18	0.006173
257	21	0.008929
257	23	0.009009
257	25	0.015152
257	34	0.010000
257	35	0.010417
257	47	0.016393
257	54	0.019608
257	82	0.023810
257	83	0.024390
257	85	0.022727
257	87	0.023256
257	121	0.031250
257	208	0.038462
257	212	0.030303
257	233	0.037037
257	234	0.043478
257	261	0.041667
257	291	0.043478
257	308	0.050000
257	313	0.047619
257	333	0.058824
257	338	0.052632
257	339	0.055556
258	3	0.013333
258	13	0.010526
258	20	0.008403
258	27	0.019231
258	35	0.010417
258	42	0.010638
258	48	0.015873
258	56	0.022222
258	70	0.018868
258	72	0.018868
258	99	0.027027
258	174	0.028571
258	176	0.038462
258	193	0.035714
258	198	0.034483
258	211	0.043478
258	256	0.040000
258	331	0.058824
258	348	0.055556
258	363	0.058824
258	379	0.058824
258	395	0.058824
258	411	0.055556
258	418	0.058824
259	0	0.024390
259	16	0.011236
259	19	0.008264
259	33	0.012821
259	39	0.011765
259	42	0.010638
259	79	0.022727
259	103	0.022727
259	118	0.025000
259	148	0.029412
259	160	0.035714
259	161	0.031250
259	201	0.041667
259	206	0.037037
259	207	0.045455
259	232	0.043478
259	235	0.038462
259	267	0.050000
259	288	0.043478
259	295	0.050000
259	313	0.047619
259	349	0.055556
259	380	0.055556
259	391	0.058824
259	393	0.058824
260	4	0.014286
260	8	0.010000
260	9	0.014706
260	10	0.012500
260	23	0.009009
260	24	0.010101
260	55	0.019608
260	78	0.018182
260	86	0.023810
260	102	0.029412
260	113	0.029412
260	142	0.030303
260	176	0.038462
260	180	0.034483
260	194	0.040000
260	233	0.037037
260	256	0.040000
260	261	0.041667
260	277	0.047619
260	304	0.052632
260	345	0.047619
260	364	0.055556
260	389	0.058824
261	8	0.010000
261	9	0.014706
261	15	0.017241
261	18	0.006173
261	24	0.010101
261	43	0.014925
261	62	0.038462
261	64	0.015385
261	130	0.025000
261	133	0.027778
261	139	0.037037
261	141	0.038462
261	150	0.030303
261	204	0.034483
261	228	0.043478
261	257	0.041667
261	260	0.043478
261	268	0.050000
261	272	0.038462
261	278	0.052632
261	345	0.047619
261	368	0.055556
261	370	0.058824
261	407	0.055556
262	8	0.010000
262	9	0.014706
262	17	0.006452
262	23	0.009009
262	24	0.010101
262	32	0.012500
262	35	0.010417
262	43	0.014925
262	50	0.028571
262	67	0.019231
262	78	0.018182
262	132	0.027778
262	162	0.038462
262	174	0.028571
262	182	0.029412
262	225	0.037037
262	248	0.041667
262	330	0.058824
262	360	0.055556
262	374	0.055556
262	404	0.058824
262	407	0.055556
262	409	0.058824
262	418	0.058824
263	0	0.024390
263	2	0.009804
263	8	0.010000
263	10	0.012500
263	14	0.034483
263	17	0.006452
263	18	0.006173
263	19	0.008264
263	38	0.013889
263	45	0.011628
263	66	0.020833
263	73	0.017857
263	104	0.023256
263	200	0.035714
263	230	0.041667
263	241	0.035714
263	244	0.047619
263	301	0.050000
263	334	0.047619
263	341	0.050000
263	357	0.055556
263	365	0.047619
263	368	0.055556
263	373	0.050000
263	390	0.055556
263	423	0.058824
264	4	0.014286
264	10	0.012500
264	17	0.006452
264	20	0.008403
264	39	0.011765
264	43	0.014925
264	84	0.024390
264	95	0.050000
264	97	0.025641
264	102	0.029412
264	118	0.025000
264	135	0.023810
264	140	0.026316
264	147	0.031250
264	188	0.031250
264	191	0.041667
264	252	0.047619
264	311	0.047619
264	332	0.047619
264	364	0.055556
264	383	0.055556
264	384	0.055556
265	10	0.012500
265	33	0.012821
265	42	0.010638
265	43	0.014925
265	46	0.012821
265	51	0.014706
265	58	0.021277
265	76	0.015625
265	84	0.024390
265	128	0.032258
265	147	0.031250
265	148	0.029412
265	178	0.035714
265	194	0.040000
265	220	0.045455
265	241	0.035714
265	255	0.045455
265	404	0.058824
265	408	0.058824
266	2	0.009804
266	11	0.015152
266	12	0.013333
266	17	0.006452
266	18	0.006173
266	61	0.030303
266	98	0.022222
266	100	0.020833
266	132	0.027778
266	149	0.025641
266	151	0.028571
266	156	0.043478
266	169	0.033333
266	185	0.047619
266	249	0.047619
266	252	0.047619
266	331	0.058824
266	364	0.055556
266	397	0.055556
267	7	0.022222
267	17	0.006452
267	18	0.006173
267	21	0.008929
267	25	0.015152
267	32	0.012500
267	57	0.022727
267	73	0.017857
267	76	0.015625
267	77	0.015152
267	78	0.018182
267	79	0.022727
267	136	0.034483
267	141	0.038462
267	169	0.033333
267	198	0.034483
267	259	0.040000
267	314	0.050000
267	327	0.045455
267	391	0.058824
268	2	0.009804
268	12	0.013333
268	16	0.011236
268	17	0.006452
268	19	0.008264
268	32	0.012500
268	40	0.020833
268	46	0.012821
268	77	0.015152
268	89	0.023810
268	106	0.023256
268	140	0.026316
268	142	0.030303
268	175	0.038462
268	182	0.029412
268	184	0.040000
268	261	0.041667
268	388	0.055556
268	401	0.058824
268	404	0.058824
269	2	0.009804
269	8	0.010000
269	9	0.014706
269	18	0.006173
269	23	0.009009
269	50	0.028571
269	51	0.014706
269	72	0.018868
269	77	0.015152
269	110	0.027778
269	115	0.022222
269	124	0.038462
269	129	0.032258
269	132	0.027778
269	182	0.029412
269	212	0.030303
269	237	0.040000
269	282	0.052632
269	289	0.034483
269	309	0.055556
269	316	0.055556
269	321	0.058824
269	324	0.045455
269	367	0.050000
269	369	0.052632
269	370	0.058824
269	373	0.050000
269	422	0.055556
269	425	0.058824
270	3	0.013333
270	8	0.010000
270	23	0.009009
270	25	0.015152
270	35	0.010417
270	51	0.014706
270	54	0.019608
270	55	0.019608
270	64	0.015385
270	88	0.027027
270	89	0.023810
270	92	0.033333
270	117	0.024390
270	147	0.031250
270	170	0.031250
270	207	0.045455
270	213	0.045455
270	299	0.045455
270	334	0.047619
270	371	0.055556
270	377	0.050000
270	392	0.058824
270	409	0.058824
270	410	0.058824
270	421	0.058824
271	6	0.012346
271	14	0.034483
271	34	0.010000
271	38	0.013889
271	42	0.010638
271	46	0.012821
271	64	0.015385
271	65	0.016393
271	84	0.024390
271	123	0.030303
271	151	0.028571
271	197	0.034483
271	203	0.040000
271	209	0.034483
271	212	0.030303
271	217	0.041667
271	250	0.050000
271	333	0.058824
271	334	0.047619
271	341	0.050000
271	352	0.052632
271	385	0.055556
272	5	0.017241
272	6	0.012346
272	11	0.015152
272	45	0.011628
272	47	0.016393
272	48	0.015873
272	70	0.018868
272	72	0.018868
272	103	0.022727
272	131	0.032258
272	135	0.023810
272	140	0.026316
272	146	0.028571
272	170	0.031250
272	184	0.040000
272	256	0.040000
272	261	0.041667
272	273	0.038462
272	276	0.050000
272	280	0.045455
272	303	0.047619
272	313	0.047619
272	337	0.055556
272	348	0.055556
272	362	0.045455
272	397	0.055556
273	15	0.017241
273	19	0.008264
273	21	0.008929
273	30	0.027778
273	40	0.020833
273	47	0.016393
273	51	0.014706
273	60	0.021277
273	75	0.021739
273	94	0.034483
273	131	0.032258
273	142	0.030303
273	156	0.043478
273	170	0.031250
273	205	0.032258
273	218	0.037037
273	272	0.038462
273	278	0.052632
273	292	0.052632
273	308	0.050000
273	316	0.055556
273	318	0.052632
273	321	0.058824
273	358	0.055556
273	369	0.052632
273	402	0.058824
274	3	0.013333
274	12	0.013333
274	17	0.006452
274	20	0.008403
274	21	0.008929
274	33	0.012821
274	35	0.010417
274	45	0.011628
274	76	0.015625
274	107	0.027027
274	138	0.030303
274	146	0.028571
274	167	0.041667
274	171	0.043478
274	204	0.034483
274	213	0.045455
274	225	0.037037
274	284	0.047619
274	285	0.055556
274	323	0.047619
274	369	0.052632
274	424	0.058824
275	2	0.009804
275	10	0.012500
275	17	0.006452
275	20	0.008403
275	34	0.010000
275	43	0.014925
275	77	0.015152
275	92	0.033333
275	115	0.022222
275	118	0.025000
275	121	0.031250
275	140	0.026316
275	145	0.040000
275	154	0.040000
275	176	0.038462
275	199	0.031250
275	251	0.047619
275	279	0.047619
275	281	0.052632
275	337	0.055556
275	340	0.045455
275	355	0.055556
276	2	0.009804
276	4	0.014286
276	16	0.011236
276	24	0.010101
276	29	0.023256
276	49	0.014493
276	64	0.015385
276	76	0.015625
276	83	0.024390
276	93	0.030303
276	103	0.022727
276	116	0.017544
276	200	0.035714
276	202	0.037037
276	216	0.045455
276	243	0.034483
276	272	0.038462
276	320	0.052632
276	341	0.050000
276	352	0.052632
277	4	0.014286
277	6	0.012346
277	12	0.013333
277	16	0.011236
277	35	0.010417
277	63	0.033333
277	66	0.020833
277	89	0.023810
277	115	0.022222
277	132	0.027778
277	160	0.035714
277	183	0.040000
277	197	0.034483
277	222	0.052632
277	224	0.041667
277	241	0.035714
277	260	0.043478
277	301	0.050000
277	307	0.052632
277	322	0.050000
277	343	0.052632
278	2	0.009804
278	19	0.008264
278	20	0.008403
278	41	0.016667
278	65	0.016393
278	77	0.015152
278	106	0.023256
278	174	0.028571
278	193	0.035714
278	205	0.032258
278	209	0.034483
278	217	0.041667
278	224	0.041667
278	237	0.040000
278	261	0.041667
278	273	0.038462
278	321	0.058824
278	358	0.055556
278	361	0.055556
279	2	0.009804
279	9	0.014706
279	22	0.010309
279	44	0.016129
279	56	0.022222
279	67	0.019231
279	68	0.019608
279	69	0.022222
279	89	0.023810
279	101	0.030303
279	104	0.023256
279	135	0.023810
279	181	0.032258
279	233	0.037037
279	236	0.045455
279	275	0.045455
279	328	0.055556
279	331	0.058824
279	412	0.058824
279	416	0.058824
279	421	0.058824
280	3	0.013333
280	4	0.014286
280	18	0.006173
280	19	0.008264
280	21	0.008929
280	34	0.010000
280	36	0.012821
280	38	0.013889
280	52	0.015152
280	64	0.015385
280	105	0.035714
280	131	0.032258
280	175	0.038462
280	197	0.034483
280	224	0.041667
280	225	0.037037
280	272	0.038462
280	295	0.050000
280	299	0.045455
280	309	0.055556
280	318	0.052632
280	398	0.055556
281	0	0.024390
281	1	0.013514
281	2	0.009804
281	16	0.011236
281	56	0.022222
281	65	0.016393
281	67	0.019231
281	85	0.022727
281	89	0.023810
281	100	0.020833
281	136	0.034483
281	142	0.030303
281	150	0.030303
281	168	0.032258
281	174	0.028571
281	243	0.034483
281	275	0.045455
281	324	0.045455
281	396	0.055556
282	4	0.014286
282	15	0.017241
282	17	0.006452
282	19	0.008264
282	26	0.014706
282	39	0.011765
282	49	0.014493
282	51	0.014706
282	58	0.021277
282	64	0.015385
282	76	0.015625
282	80	0.028571
282	86	0.023810
282	126	0.035714
282	144	0.031250
282	202	0.037037
282	269	0.034483
282	320	0.052632
282	350	0.058824
283	4	0.014286
283	5	0.017241
283	17	0.006452
283	20	0.008403
283	36	0.012821
283	39	0.011765
283	47	0.016393
283	66	0.020833
283	83	0.024390
283	88	0.027027
283	90	0.029412
283	99	0.027027
283	107	0.027027
283	116	0.017544
283	195	0.040000
283	198	0.034483
283	237	0.040000
284	16	0.011236
284	17	0.006452
284	20	0.008403
284	22	0.010309
284	29	0.023256
284	70	0.018868
284	76	0.015625
284	81	0.022222
284	105	0.035714
284	119	0.028571
284	134	0.030303
284	147	0.031250
284	170	0.031250
284	205	0.032258
284	213	0.045455
284	243	0.034483
284	274	0.045455
284	287	0.050000
284	317	0.055556
284	344	0.052632
284	424	0.058824
285	17	0.006452
285	21	0.008929
285	28	0.018868
285	39	0.011765
285	51	0.014706
285	65	0.016393
285	87	0.023256
285	100	0.020833
285	129	0.032258
285	142	0.030303
285	156	0.043478
285	168	0.032258
285	173	0.040000
285	174	0.028571
285	214	0.037037
285	225	0.037037
285	274	0.045455
285	318	0.052632
286	3	0.013333
286	18	0.006173
286	19	0.008264
286	20	0.008403
286	34	0.010000
286	48	0.015873
286	49	0.014493
286	70	0.018868
286	78	0.018182
286	168	0.032258
286	182	0.029412
286	197	0.034483
286	200	0.035714
286	211	0.043478
286	215	0.041667
286	237	0.040000
286	367	0.050000
286	379	0.058824
287	1	0.013514
287	16	0.011236
287	21	0.008929
287	34	0.010000
287	35	0.010417
287	52	0.015152
287	61	0.030303
287	86	0.023810
287	96	0.022222
287	98	0.022222
287	109	0.027027
287	123	0.030303
287	201	0.041667
287	220	0.045455
287	235	0.038462
287	251	0.047619
287	284	0.047619
287	310	0.047619
287	319	0.058824
287	401	0.058824
288	12	0.013333
288	22	0.010309
288	23	0.009009
288	24	0.010101
288	40	0.020833
288	42	0.010638
288	52	0.015152
288	68	0.019608
288	82	0.023810
288	117	0.024390
288	119	0.028571
288	123	0.030303
288	131	0.032258
288	133	0.027778
288	215	0.041667
288	232	0.043478
288	259	0.040000
288	300	0.050000
288	312	0.050000
288	322	0.050000
288	328	0.055556
288	336	0.052632
288	369	0.052632
289	10	0.012500
289	22	0.010309
289	27	0.019231
289	35	0.010417
289	42	0.010638
289	47	0.016393
289	52	0.015152
289	73	0.017857
289	83	0.024390
289	87	0.023256
289	101	0.030303
289	114	0.027027
289	129	0.032258
289	149	0.025641
289	166	0.035714
289	237	0.040000
289	269	0.034483
289	290	0.055556
289	313	0.047619
289	323	0.047619
289	329	0.047619
289	341	0.050000
289	360	0.055556
289	363	0.058824
289	367	0.050000
289	386	0.055556
289	391	0.058824
289	397	0.055556
289	404	0.058824
290	12	0.013333
290	13	0.010526
290	20	0.008403
290	21	0.008929
290	42	0.010638
290	49	0.014493
290	54	0.019608
290	77	0.015152
290	115	0.022222
290	116	0.017544
290	187	0.040000
290	201	0.041667
290	231	0.040000
290	235	0.038462
290	239	0.047619
290	241	0.035714
290	289	0.034483
290	402	0.058824
291	18	0.006173
291	32	0.012500
291	34	0.010000
291	35	0.010417
291	64	0.015385
291	76	0.015625
291	100	0.020833
291	126	0.035714
291	133	0.027778
291	147	0.031250
291	176	0.038462
291	184	0.040000
291	204	0.034483
291	205	0.032258
291	214	0.037037
291	220	0.045455
291	257	0.041667
291	328	0.055556
291	330	0.058824
291	341	0.050000
291	366	0.058824
291	406	0.058824
291	423	0.058824
292	4	0.014286
292	13	0.010526
292	19	0.008264
292	20	0.008403
292	35	0.010417
292	60	0.021277
292	64	0.015385
292	87	0.023256
292	96	0.022222
292	97	0.025641
292	149	0.025641
292	154	0.040000
292	162	0.038462
292	181	0.032258
292	199	0.031250
292	209	0.034483
292	273	0.038462
292	328	0.055556
292	359	0.047619
293	4	0.014286
293	6	0.012346
293	16	0.011236
293	17	0.006452
293	18	0.006173
293	73	0.017857
293	82	0.023810
293	85	0.022727
293	89	0.023810
293	104	0.023256
293	138	0.030303
293	163	0.035714
293	200	0.035714
293	235	0.038462
293	242	0.041667
293	248	0.041667
293	313	0.047619
293	379	0.058824
293	399	0.055556
294	17	0.006452
294	19	0.008264
294	20	0.008403
294	33	0.012821
294	41	0.016667
294	45	0.011628
294	66	0.020833
294	76	0.015625
294	87	0.023256
294	96	0.022222
294	105	0.035714
294	117	0.024390
294	124	0.038462
294	164	0.031250
294	177	0.043478
294	200	0.035714
294	247	0.040000
294	297	0.058824
294	346	0.058824
294	358	0.055556
294	380	0.055556
294	404	0.058824
295	6	0.012346
295	19	0.008264
295	20	0.008403
295	22	0.010309
295	47	0.016393
295	49	0.014493
295	51	0.014706
295	57	0.022727
295	80	0.028571
295	106	0.023256
295	110	0.027778
295	112	0.025000
295	126	0.035714
295	167	0.041667
295	209	0.034483
295	259	0.040000
295	280	0.045455
295	384	0.055556
295	410	0.058824
295	419	0.058824
296	2	0.009804
296	6	0.012346
296	12	0.013333
296	14	0.034483
296	17	0.006452
296	22	0.010309
296	26	0.014706
296	41	0.016667
296	46	0.012821
296	64	0.015385
296	100	0.020833
296	172	0.029412
296	195	0.040000
296	199	0.031250
296	204	0.034483
296	218	0.037037
296	243	0.034483
296	305	0.045455
296	306	0.050000
296	309	0.055556
296	319	0.058824
296	355	0.055556
296	363	0.058824
296	382	0.058824
297	3	0.013333
297	11	0.015152
297	15	0.017241
297	18	0.006173
297	20	0.008403
297	38	0.013889
297	39	0.011765
297	42	0.010638
297	53	0.020408
297	64	0.015385
297	72	0.018868
297	103	0.022727
297	132	0.027778
297	177	0.043478
297	182	0.029412
297	202	0.037037
297	294	0.045455
298	17	0.006452
298	18	0.006173
298	29	0.023256
298	30	0.027778
298	39	0.011765
298	42	0.010638
298	54	0.019608
298	58	0.021277
298	72	0.018868
298	84	0.024390
298	105	0.035714
298	133	0.027778
298	148	0.029412
298	156	0.043478
298	196	0.035714
298	234	0.043478
298	240	0.045455
298	313	0.047619
298	329	0.047619
298	336	0.052632
298	344	0.052632
298	376	0.055556
299	9	0.014706
299	16	0.011236
299	18	0.006173
299	34	0.010000
299	40	0.020833
299	44	0.016129
299	49	0.014493
299	70	0.018868
299	74	0.027027
299	77	0.015152
299	84	0.024390
299	87	0.023256
299	95	0.050000
299	206	0.037037
299	220	0.045455
299	270	0.040000
299	280	0.045455
299	353	0.052632
299	358	0.055556
299	371	0.055556
299	378	0.058824
299	415	0.062500
300	4	0.014286
300	8	0.010000
300	16	0.011236
300	18	0.006173
300	24	0.010101
300	26	0.014706
300	27	0.019231
300	42	0.010638
300	57	0.022727
300	71	0.016129
300	116	0.017544
300	117	0.024390
300	179	0.041667
300	194	0.040000
300	205	0.032258
300	235	0.038462
300	288	0.043478
300	322	0.050000
300	359	0.047619
300	360	0.055556
301	3	0.013333
301	4	0.014286
301	17	0.006452
301	18	0.006173
301	20	0.008403
301	37	0.010753
301	67	0.019231
301	82	0.023810
301	111	0.031250
301	115	0.022222
301	129	0.032258
301	166	0.035714
301	168	0.032258
301	215	0.041667
301	227	0.040000
301	263	0.038462
301	277	0.047619
301	303	0.047619
301	343	0.052632
301	364	0.055556
302	16	0.011236
302	17	0.006452
302	19	0.008264
302	48	0.015873
302	60	0.021277
302	80	0.028571
302	104	0.023256
302	110	0.027778
302	135	0.023810
302	172	0.029412
302	174	0.028571
302	195	0.040000
302	200	0.035714
302	217	0.041667
302	233	0.037037
302	235	0.038462
302	238	0.047619
303	1	0.013514
303	5	0.017241
303	69	0.022222
303	79	0.022727
303	81	0.022222
303	82	0.023810
303	98	0.022222
303	99	0.027027
303	104	0.023256
303	116	0.017544
303	139	0.037037
303	148	0.029412
303	174	0.028571
303	194	0.040000
303	243	0.034483
303	272	0.038462
303	301	0.050000
303	329	0.047619
303	359	0.047619
303	372	0.052632
303	420	0.058824
304	9	0.014706
304	15	0.017241
304	22	0.010309
304	25	0.015152
304	26	0.014706
304	32	0.012500
304	48	0.015873
304	76	0.015625
304	78	0.018182
304	79	0.022727
304	149	0.025641
304	161	0.031250
304	172	0.029412
304	180	0.034483
304	193	0.035714
304	218	0.037037
304	260	0.043478
304	340	0.045455
304	371	0.055556
305	9	0.014706
305	12	0.013333
305	16	0.011236
305	24	0.010101
305	26	0.014706
305	33	0.012821
305	36	0.012821
305	114	0.027027
305	120	0.038462
305	137	0.038462
305	157	0.047619
305	172	0.029412
305	193	0.035714
305	198	0.034483
305	207	0.045455
305	241	0.035714
305	296	0.041667
305	307	0.052632
305	355	0.055556
305	371	0.055556
305	376	0.055556
305	402	0.058824
306	2	0.009804
306	8	0.010000
306	21	0.008929
306	24	0.010101
306	38	0.013889
306	45	0.011628
306	47	0.016393
306	50	0.028571
306	63	0.033333
306	65	0.016393
306	84	0.024390
306	116	0.017544
306	150	0.030303
306	166	0.035714
306	195	0.040000
306	206	0.037037
306	296	0.041667
306	307	0.052632
306	328	0.055556
306	375	0.052632
307	0	0.024390
307	4	0.014286
307	6	0.012346
307	8	0.010000
307	45	0.011628
307	83	0.024390
307	106	0.023256
307	112	0.025000
307	137	0.038462
307	161	0.031250
307	164	0.031250
307	202	0.037037
307	203	0.040000
307	277	0.047619
307	305	0.045455
307	306	0.050000
307	343	0.052632
307	365	0.047619
307	396	0.055556
308	8	0.010000
308	15	0.017241
308	16	0.011236
308	19	0.008264
308	23	0.009009
308	24	0.010101
308	45	0.011628
308	53	0.020408
308	102	0.029412
308	129	0.032258
308	187	0.040000
308	197	0.034483
308	205	0.032258
308	211	0.043478
308	214	0.037037
308	257	0.041667
308	273	0.038462
308	312	0.050000
308	317	0.055556
308	350	0.058824
309	12	0.013333
309	24	0.010101
309	39	0.011765
309	46	0.012821
309	55	0.019608
309	77	0.015152
309	88	0.027027
309	100	0.020833
309	113	0.029412
309	118	0.025000
309	143	0.040000
309	204	0.034483
309	225	0.037037
309	232	0.043478
309	269	0.034483
309	280	0.045455
309	296	0.041667
309	318	0.052632
310	4	0.014286
310	8	0.010000
310	9	0.014706
310	19	0.008264
310	21	0.008929
310	46	0.012821
310	48	0.015873
310	50	0.028571
310	77	0.015152
310	102	0.029412
310	116	0.017544
310	117	0.024390
310	130	0.025000
310	135	0.023810
310	144	0.031250
310	187	0.040000
310	287	0.050000
310	331	0.058824
310	364	0.055556
310	378	0.058824
310	393	0.058824
311	18	0.006173
311	27	0.019231
311	35	0.010417
311	46	0.012821
311	53	0.020408
311	67	0.019231
311	77	0.015152
311	108	0.027778
311	113	0.029412
311	115	0.022222
311	142	0.030303
311	146	0.028571
311	150	0.030303
311	158	0.043478
311	197	0.034483
311	254	0.047619
311	264	0.045455
311	322	0.050000
311	358	0.055556
311	388	0.055556
311	408	0.058824
312	4	0.014286
312	11	0.015152
312	20	0.008403
312	21	0.008929
312	32	0.012500
312	60	0.021277
312	65	0.016393
312	112	0.025000
312	117	0.024390
312	123	0.030303
312	144	0.031250
312	153	0.034483
312	169	0.033333
312	182	0.029412
312	214	0.037037
312	288	0.043478
312	308	0.050000
312	349	0.055556
312	351	0.055556
312	413	0.058824
313	4	0.014286
313	12	0.013333
313	13	0.010526
313	46	0.012821
313	78	0.018182
313	102	0.029412
313	149	0.025641
313	164	0.031250
313	192	0.035714
313	197	0.034483
313	212	0.030303
313	257	0.041667
313	259	0.040000
313	272	0.038462
313	289	0.034483
313	293	0.052632
313	298	0.045455
313	323	0.047619
313	328	0.055556
313	388	0.055556
313	404	0.058824
314	2	0.009804
314	13	0.010526
314	26	0.014706
314	57	0.022727
314	67	0.019231
314	74	0.027027
314	79	0.022727
314	80	0.028571
314	111	0.031250
314	116	0.017544
314	119	0.028571
314	146	0.028571
314	177	0.043478
314	242	0.041667
314	243	0.034483
314	251	0.047619
314	267	0.050000
314	355	0.055556
314	357	0.055556
314	388	0.055556
315	2	0.009804
315	10	0.012500
315	19	0.008264
315	38	0.013889
315	47	0.016393
315	54	0.019608
315	55	0.019608
315	56	0.022222
315	58	0.021277
315	84	0.024390
315	85	0.022727
315	100	0.020833
315	125	0.040000
315	134	0.030303
315	160	0.035714
315	198	0.034483
315	210	0.040000
315	378	0.058824
315	391	0.058824
315	421	0.058824
316	8	0.010000
316	18	0.006173
316	38	0.013889
316	48	0.015873
316	64	0.015385
316	68	0.019608
316	79	0.022727
316	100	0.020833
316	121	0.031250
316	132	0.027778
316	144	0.031250
316	175	0.038462
316	178	0.035714
316	208	0.038462
316	214	0.037037
316	269	0.034483
316	273	0.038462
316	371	0.055556
317	4	0.014286
317	5	0.017241
317	20	0.008403
317	34	0.010000
317	40	0.020833
317	43	0.014925
317	52	0.015152
317	67	0.019231
317	69	0.022222
317	75	0.021739
317	124	0.038462
317	127	0.050000
317	167	0.041667
317	181	0.032258
317	203	0.040000
317	284	0.047619
317	308	0.050000
317	329	0.047619
318	6	0.012346
318	14	0.034483
318	34	0.010000
318	37	0.010753
318	46	0.012821
318	73	0.017857
318	77	0.015152
318	100	0.020833
318	122	0.045455
318	148	0.029412
318	182	0.029412
318	192	0.035714
318	233	0.037037
318	273	0.038462
318	280	0.045455
318	285	0.055556
318	309	0.055556
318	368	0.055556
318	404	0.058824
319	17	0.006452
319	18	0.006173
319	25	0.015152
319	39	0.011765
319	42	0.010638
319	49	0.014493
319	72	0.018868
319	86	0.023810
319	88	0.027027
319	115	0.022222
319	135	0.023810
319	138	0.030303
319	155	0.045455
319	209	0.034483
319	248	0.041667
319	287	0.050000
319	296	0.041667
320	2	0.009804
320	4	0.014286
320	6	0.012346
320	12	0.013333
320	17	0.006452
320	32	0.012500
320	36	0.012821
320	44	0.016129
320	78	0.018182
320	81	0.022222
320	102	0.029412
320	109	0.027027
320	125	0.040000
320	131	0.032258
320	208	0.038462
320	276	0.050000
320	282	0.052632
320	366	0.058824
320	393	0.058824
321	6	0.012346
321	34	0.010000
321	39	0.011765
321	51	0.014706
321	55	0.019608
321	72	0.018868
321	73	0.017857
321	83	0.024390
321	96	0.022222
321	100	0.020833
321	103	0.022727
321	150	0.030303
321	161	0.031250
321	172	0.029412
321	269	0.034483
321	273	0.038462
321	278	0.052632
322	1	0.013514
322	7	0.022222
322	18	0.006173
322	36	0.012821
322	64	0.015385
322	68	0.019608
322	85	0.022727
322	102	0.029412
322	108	0.027778
322	111	0.031250
322	116	0.017544
322	133	0.027778
322	200	0.035714
322	277	0.047619
322	288	0.043478
322	300	0.050000
322	311	0.047619
322	409	0.058824
322	414	0.058824
322	424	0.058824
323	2	0.009804
323	4	0.014286
323	19	0.008264
323	22	0.010309
323	23	0.009009
323	26	0.014706
323	29	0.023256
323	44	0.016129
323	57	0.022727
323	88	0.027027
323	90	0.029412
323	106	0.023256
323	130	0.025000
323	138	0.030303
323	274	0.045455
323	289	0.034483
323	313	0.047619
323	374	0.055556
323	394	0.058824
323	413	0.058824
323	423	0.058824
324	2	0.009804
324	4	0.014286
324	38	0.013889
324	48	0.015873
324	55	0.019608
324	77	0.015152
324	108	0.027778
324	120	0.038462
324	136	0.034483
324	140	0.026316
324	180	0.034483
324	182	0.029412
324	191	0.041667
324	218	0.037037
324	241	0.035714
324	269	0.034483
324	281	0.052632
324	356	0.062500
324	357	0.055556
324	379	0.058824
324	414	0.058824
324	421	0.058824
325	5	0.017241
325	16	0.011236
325	21	0.008929
325	22	0.010309
325	44	0.016129
325	47	0.016393
325	50	0.028571
325	64	0.015385
325	75	0.021739
325	98	0.022222
325	100	0.020833
325	129	0.032258
325	163	0.035714
325	181	0.032258
325	188	0.031250
325	196	0.035714
325	217	0.041667
325	407	0.055556
325	421	0.058824
325	422	0.055556
325	423	0.058824
326	8	0.010000
326	18	0.006173
326	21	0.008929
326	30	0.027778
326	36	0.012821
326	43	0.014925
326	71	0.016129
326	73	0.017857
326	76	0.015625
326	82	0.023810
326	100	0.020833
326	103	0.022727
326	140	0.026316
326	170	0.031250
326	180	0.034483
326	229	0.045455
326	256	0.040000
326	373	0.050000
327	2	0.009804
327	36	0.012821
327	37	0.010753
327	40	0.020833
327	49	0.014493
327	51	0.014706
327	65	0.016393
327	77	0.015152
327	107	0.027027
327	130	0.025000
327	131	0.032258
327	132	0.027778
327	135	0.023810
327	169	0.033333
327	225	0.037037
327	267	0.050000
327	336	0.052632
327	339	0.055556
327	350	0.058824
327	351	0.055556
327	374	0.055556
327	409	0.058824
328	17	0.006452
328	20	0.008403
328	53	0.020408
328	99	0.027027
328	110	0.027778
328	116	0.017544
328	145	0.040000
328	162	0.038462
328	172	0.029412
328	184	0.040000
328	193	0.035714
328	279	0.047619
328	288	0.043478
328	291	0.043478
328	292	0.052632
328	306	0.050000
328	313	0.047619
328	385	0.055556
329	3	0.013333
329	24	0.010101
329	37	0.010753
329	61	0.030303
329	115	0.022222
329	127	0.050000
329	131	0.032258
329	133	0.027778
329	187	0.040000
329	202	0.037037
329	209	0.034483
329	236	0.045455
329	248	0.041667
329	289	0.034483
329	298	0.045455
329	303	0.047619
329	317	0.055556
329	341	0.050000
329	357	0.055556
329	379	0.058824
329	381	0.058824
330	1	0.013514
330	11	0.015152
330	15	0.017241
330	20	0.008403
330	25	0.015152
330	38	0.013889
330	56	0.022222
330	69	0.022222
330	105	0.035714
330	112	0.025000
330	152	0.034483
330	188	0.031250
330	209	0.034483
330	253	0.052632
330	255	0.045455
330	262	0.041667
330	291	0.043478
331	5	0.017241
331	14	0.034483
331	16	0.011236
331	18	0.006173
331	34	0.010000
331	37	0.010753
331	42	0.010638
331	59	0.025000
331	60	0.021277
331	69	0.022222
331	77	0.015152
331	85	0.022727
331	135	0.023810
331	258	0.041667
331	266	0.052632
331	279	0.047619
331	310	0.047619
332	5	0.017241
332	25	0.015152
332	32	0.012500
332	33	0.012821
332	46	0.012821
332	49	0.014493
332	52	0.015152
332	65	0.016393
332	66	0.020833
332	71	0.016129
332	96	0.022222
332	114	0.027027
332	160	0.035714
332	164	0.031250
332	202	0.037037
332	243	0.034483
332	264	0.045455
332	348	0.055556
332	381	0.058824
332	399	0.055556
332	415	0.062500
333	10	0.012500
333	17	0.006452
333	18	0.006173
333	32	0.012500
333	34	0.010000
333	41	0.016667
333	76	0.015625
333	79	0.022727
333	109	0.027027
333	123	0.030303
333	152	0.034483
333	172	0.029412
333	192	0.035714
333	223	0.050000
333	255	0.045455
333	257	0.041667
333	271	0.045455
334	3	0.013333
334	4	0.014286
334	7	0.022222
334	13	0.010526
334	15	0.017241
334	39	0.011765
334	41	0.016667
334	52	0.015152
334	107	0.027027
334	118	0.025000
334	151	0.028571
334	168	0.032258
334	226	0.052632
334	229	0.045455
334	263	0.038462
334	270	0.040000
334	271	0.045455
334	343	0.052632
334	369	0.052632
334	384	0.055556
334	424	0.058824
335	0	0.024390
335	9	0.014706
335	19	0.008264
335	32	0.012500
335	40	0.020833
335	45	0.011628
335	70	0.018868
335	79	0.022727
335	84	0.024390
335	89	0.023810
335	106	0.023256
335	148	0.029412
335	156	0.043478
335	186	0.045455
335	210	0.040000
335	250	0.050000
335	251	0.047619
335	342	0.055556
335	388	0.055556
336	1	0.013514
336	11	0.015152
336	15	0.017241
336	20	0.008403
336	53	0.020408
336	67	0.019231
336	114	0.027027
336	121	0.031250
336	180	0.034483
336	210	0.040000
336	233	0.037037
336	236	0.045455
336	247	0.040000
336	255	0.045455
336	288	0.043478
336	298	0.045455
336	327	0.045455
336	368	0.055556
336	381	0.058824
337	11	0.015152
337	45	0.011628
337	56	0.022222
337	77	0.015152
337	84	0.024390
337	101	0.030303
337	114	0.027027
337	124	0.038462
337	135	0.023810
337	178	0.035714
337	190	0.047619
337	196	0.035714
337	203	0.040000
337	231	0.040000
337	234	0.043478
337	272	0.038462
337	275	0.045455
337	370	0.058824
338	6	0.012346
338	8	0.010000
338	18	0.006173
338	33	0.012821
338	41	0.016667
338	48	0.015873
338	52	0.015152
338	71	0.016129
338	80	0.028571
338	84	0.024390
338	102	0.029412
338	165	0.045455
338	172	0.029412
338	196	0.035714
338	204	0.034483
338	236	0.045455
338	257	0.041667
338	343	0.052632
338	390	0.055556
339	17	0.006452
339	40	0.020833
339	45	0.011628
339	47	0.016393
339	52	0.015152
339	73	0.017857
339	78	0.018182
339	82	0.023810
339	116	0.017544
339	148	0.029412
339	161	0.031250
339	192	0.035714
339	200	0.035714
339	242	0.041667
339	244	0.047619
339	257	0.041667
339	327	0.045455
339	416	0.058824
340	3	0.013333
340	9	0.014706
340	20	0.008403
340	36	0.012821
340	45	0.011628
340	58	0.021277
340	71	0.016129
340	81	0.022222
340	126	0.035714
340	140	0.026316
340	143	0.040000
340	147	0.031250
340	172	0.029412
340	182	0.029412
340	199	0.031250
340	275	0.045455
340	304	0.052632
340	348	0.055556
340	353	0.052632
340	368	0.055556
340	375	0.052632
340	382	0.058824
341	11	0.015152
341	12	0.013333
341	17	0.006452
341	25	0.015152
341	33	0.012821
341	45	0.011628
341	70	0.018868
341	73	0.017857
341	94	0.034483
341	133	0.027778
341	248	0.041667
341	263	0.038462
341	271	0.045455
341	276	0.050000
341	289	0.034483
341	291	0.043478
341	329	0.047619
341	342	0.055556
341	356	0.062500
341	397	0.055556
342	2	0.009804
342	6	0.012346
342	20	0.008403
342	21	0.008929
342	27	0.019231
342	36	0.012821
342	43	0.014925
342	76	0.015625
342	81	0.022222
342	112	0.025000
342	115	0.022222
342	147	0.031250
342	148	0.029412
342	230	0.041667
342	246	0.047619
342	335	0.052632
342	341	0.050000
342	396	0.055556
343	20	0.008403
343	22	0.010309
343	35	0.010417
343	72	0.018868
343	84	0.024390
343	103	0.022727
343	106	0.023256
343	134	0.030303
343	138	0.030303
343	140	0.026316
343	153	0.034483
343	192	0.035714
343	277	0.047619
343	301	0.050000
343	307	0.052632
343	334	0.047619
343	338	0.052632
343	350	0.058824
343	379	0.058824
344	7	0.022222
344	17	0.006452
344	37	0.010753
344	38	0.013889
344	45	0.011628
344	52	0.015152
344	65	0.016393
344	85	0.022727
344	104	0.023256
344	180	0.034483
344	193	0.035714
344	200	0.035714
344	209	0.034483
344	218	0.037037
344	233	0.037037
344	284	0.047619
344	298	0.045455
344	351	0.055556
344	385	0.055556
345	8	0.010000
345	17	0.006452
345	24	0.010101
345	29	0.023256
345	37	0.010753
345	57	0.022727
345	98	0.022222
345	103	0.022727
345	113	0.029412
345	160	0.035714
345	222	0.052632
345	225	0.037037
345	230	0.041667
345	235	0.038462
345	246	0.047619
345	260	0.043478
345	261	0.041667
345	359	0.047619
345	372	0.052632
345	400	0.058824
345	406	0.058824
346	19	0.008264
346	21	0.008929
346	28	0.018868
346	36	0.012821
346	71	0.016129
346	82	0.023810
346	85	0.022727
346	89	0.023810
346	96	0.022222
346	103	0.022727
346	115	0.022222
346	120	0.038462
346	134	0.030303
346	135	0.023810
346	166	0.035714
346	234	0.043478
346	294	0.045455
347	5	0.017241
347	17	0.006452
347	20	0.008403
347	33	0.012821
347	34	0.010000
347	42	0.010638
347	110	0.027778
347	112	0.025000
347	130	0.025000
347	133	0.027778
347	136	0.034483
347	138	0.030303
347	173	0.040000
347	175	0.038462
347	214	0.037037
347	240	0.045455
347	249	0.047619
348	2	0.009804
348	7	0.022222
348	16	0.011236
348	17	0.006452
348	41	0.016667
348	63	0.033333
348	65	0.016393
348	114	0.027027
348	128	0.032258
348	185	0.047619
348	206	0.037037
348	228	0.043478
348	241	0.035714
348	258	0.041667
348	272	0.038462
348	332	0.047619
348	340	0.045455
348	349	0.055556
349	2	0.009804
349	7	0.022222
349	20	0.008403
349	22	0.010309
349	24	0.010101
349	33	0.012821
349	35	0.010417
349	39	0.011765
349	43	0.014925
349	52	0.015152
349	68	0.019608
349	72	0.018868
349	119	0.028571
349	247	0.040000
349	259	0.040000
349	312	0.050000
349	348	0.055556
349	403	0.058824
350	1	0.013514
350	4	0.014286
350	11	0.015152
350	41	0.016667
350	51	0.014706
350	54	0.019608
350	58	0.021277
350	84	0.024390
350	108	0.027778
350	131	0.032258
350	163	0.035714
350	180	0.034483
350	181	0.032258
350	282	0.052632
350	308	0.050000
350	327	0.045455
350	343	0.052632
351	16	0.011236
351	17	0.006452
351	18	0.006173
351	39	0.011765
351	46	0.012821
351	69	0.022222
351	71	0.016129
351	78	0.018182
351	104	0.023256
351	115	0.022222
351	134	0.030303
351	198	0.034483
351	199	0.031250
351	243	0.034483
351	312	0.050000
351	327	0.045455
351	344	0.052632
351	411	0.055556
352	10	0.012500
352	11	0.015152
352	17	0.006452
352	21	0.008929
352	23	0.009009
352	35	0.010417
352	42	0.010638
352	45	0.011628
352	53	0.020408
352	64	0.015385
352	96	0.022222
352	113	0.029412
352	115	0.022222
352	208	0.038462
352	242	0.041667
352	271	0.045455
352	276	0.050000
352	367	0.050000
352	418	0.058824
353	3	0.013333
353	7	0.022222
353	8	0.010000
353	10	0.012500
353	21	0.008929
353	45	0.011628
353	51	0.014706
353	54	0.019608
353	71	0.016129
353	76	0.015625
353	89	0.023810
353	105	0.035714
353	189	0.050000
353	209	0.034483
353	248	0.041667
353	299	0.045455
353	340	0.045455
353	372	0.052632
353	380	0.055556
354	3	0.013333
354	18	0.006173
354	32	0.012500
354	60	0.021277
354	66	0.020833
354	73	0.017857
354	75	0.021739
354	83	0.024390
354	88	0.027027
354	101	0.030303
354	123	0.030303
354	141	0.038462
354	149	0.025641
354	153	0.034483
354	167	0.041667
354	187	0.040000
354	256	0.040000
355	2	0.009804
355	12	0.013333
355	13	0.010526
355	15	0.017241
355	18	0.006173
355	19	0.008264
355	20	0.008403
355	37	0.010753
355	38	0.013889
355	51	0.014706
355	149	0.025641
355	206	0.037037
355	237	0.040000
355	275	0.045455
355	296	0.041667
355	305	0.045455
355	314	0.050000
355	394	0.058824
356	13	0.010526
356	16	0.011236
356	18	0.006173
356	23	0.009009
356	41	0.016667
356	48	0.015873
356	58	0.021277
356	81	0.022222
356	99	0.027027
356	100	0.020833
356	101	0.030303
356	107	0.027027
356	140	0.026316
356	160	0.035714
356	324	0.045455
356	341	0.050000
357	8	0.010000
357	17	0.006452
357	32	0.012500
357	33	0.012821
357	37	0.010753
357	51	0.014706
357	60	0.021277
357	71	0.016129
357	87	0.023256
357	116	0.017544
357	164	0.031250
357	194	0.040000
357	198	0.034483
357	263	0.038462
357	314	0.050000
357	324	0.045455
357	329	0.047619
357	424	0.058824
358	10	0.012500
358	39	0.011765
358	64	0.015385
358	68	0.019608
358	103	0.022727
358	104	0.023256
358	130	0.025000
358	148	0.029412
358	160	0.035714
358	204	0.034483
358	208	0.038462
358	233	0.037037
358	273	0.038462
358	278	0.052632
358	294	0.045455
358	299	0.045455
358	311	0.047619
358	417	0.058824
359	28	0.018868
359	45	0.011628
359	67	0.019231
359	69	0.022222
359	78	0.018182
359	104	0.023256
359	111	0.031250
359	162	0.038462
359	174	0.028571
359	211	0.043478
359	212	0.030303
359	221	0.055556
359	227	0.040000
359	292	0.052632
359	300	0.050000
359	303	0.047619
359	345	0.047619
359	386	0.055556
359	392	0.058824
359	405	0.062500
359	412	0.058824
360	3	0.013333
360	4	0.014286
360	24	0.010101
360	34	0.010000
360	39	0.011765
360	41	0.016667
360	42	0.010638
360	49	0.014493
360	113	0.029412
360	147	0.031250
360	149	0.025641
360	161	0.031250
360	165	0.045455
360	244	0.047619
360	262	0.041667
360	289	0.034483
360	300	0.050000
360	363	0.058824
361	2	0.009804
361	11	0.015152
361	16	0.011236
361	17	0.006452
361	24	0.010101
361	37	0.010753
361	38	0.013889
361	66	0.020833
361	71	0.016129
361	99	0.027027
361	117	0.024390
361	118	0.025000
361	168	0.032258
361	199	0.031250
361	252	0.047619
361	254	0.047619
361	278	0.052632
361	406	0.058824
362	1	0.013514
362	6	0.012346
362	7	0.022222
362	13	0.010526
362	16	0.011236
362	35	0.010417
362	39	0.011765
362	106	0.023256
362	108	0.027778
362	140	0.026316
362	170	0.031250
362	198	0.034483
362	206	0.037037
362	212	0.030303
362	224	0.041667
362	227	0.040000
362	272	0.038462
362	363	0.058824
362	366	0.058824
362	368	0.055556
362	388	0.055556
362	423	0.058824
363	4	0.014286
363	17	0.006452
363	39	0.011765
363	43	0.014925
363	64	0.015385
363	75	0.021739
363	77	0.015152
363	122	0.045455
363	146	0.028571
363	151	0.028571
363	190	0.047619
363	211	0.043478
363	258	0.041667
363	289	0.034483
363	296	0.041667
363	360	0.055556
363	362	0.045455
364	9	0.014706
364	34	0.010000
364	35	0.010417
364	46	0.012821
364	51	0.014706
364	60	0.021277
364	69	0.022222
364	98	0.022222
364	140	0.026316
364	144	0.031250
364	146	0.028571
364	164	0.031250
364	260	0.043478
364	264	0.045455
364	266	0.052632
364	301	0.050000
364	310	0.047619
364	410	0.058824
365	3	0.013333
365	14	0.034483
365	42	0.010638
365	45	0.011628
365	48	0.015873
365	67	0.019231
365	78	0.018182
365	93	0.030303
365	101	0.030303
365	115	0.022222
365	117	0.024390
365	130	0.025000
365	140	0.026316
365	192	0.035714
365	193	0.035714
365	263	0.038462
365	307	0.052632
365	389	0.058824
365	409	0.058824
365	410	0.058824
365	424	0.058824
366	3	0.013333
366	5	0.017241
366	18	0.006173
366	32	0.012500
366	34	0.010000
366	36	0.012821
366	41	0.016667
366	52	0.015152
366	64	0.015385
366	98	0.022222
366	164	0.031250
366	208	0.038462
366	223	0.050000
366	224	0.041667
366	291	0.043478
366	320	0.052632
366	362	0.045455
367	23	0.009009
367	24	0.010101
367	36	0.012821
367	65	0.016393
367	107	0.027027
367	135	0.023810
367	141	0.038462
367	145	0.040000
367	150	0.030303
367	188	0.031250
367	199	0.031250
367	218	0.037037
367	229	0.045455
367	269	0.034483
367	286	0.055556
367	289	0.034483
367	352	0.052632
367	405	0.062500
367	410	0.058824
367	420	0.058824
368	18	0.006173
368	23	0.009009
368	25	0.015152
368	33	0.012821
368	39	0.011765
368	41	0.016667
368	46	0.012821
368	81	0.022222
368	119	0.028571
368	212	0.030303
368	216	0.045455
368	261	0.041667
368	263	0.038462
368	318	0.052632
368	336	0.052632
368	340	0.045455
368	362	0.045455
368	376	0.055556
369	15	0.017241
369	18	0.006173
369	23	0.009009
369	39	0.011765
369	43	0.014925
369	70	0.018868
369	107	0.027027
369	133	0.027778
369	138	0.030303
369	148	0.029412
369	238	0.047619
369	256	0.040000
369	269	0.034483
369	273	0.038462
369	274	0.045455
369	288	0.043478
369	334	0.047619
369	373	0.050000
369	414	0.058824
370	8	0.010000
370	11	0.015152
370	19	0.008264
370	21	0.008929
370	33	0.012821
370	35	0.010417
370	38	0.013889
370	78	0.018182
370	88	0.027027
370	142	0.030303
370	146	0.028571
370	206	0.037037
370	212	0.030303
370	231	0.040000
370	261	0.041667
370	269	0.034483
370	337	0.055556
371	9	0.014706
371	16	0.011236
371	44	0.016129
371	52	0.015152
371	55	0.019608
371	73	0.017857
371	85	0.022727
371	104	0.023256
371	111	0.031250
371	153	0.034483
371	158	0.043478
371	171	0.043478
371	270	0.040000
371	299	0.045455
371	304	0.052632
371	305	0.045455
371	316	0.055556
371	372	0.052632
372	16	0.011236
372	37	0.010753
372	42	0.010638
372	48	0.015873
372	70	0.018868
372	71	0.016129
372	74	0.027027
372	96	0.022222
372	116	0.017544
372	149	0.025641
372	168	0.032258
372	216	0.045455
372	248	0.041667
372	303	0.047619
372	345	0.047619
372	353	0.052632
372	371	0.055556
372	401	0.058824
372	406	0.058824
373	13	0.010526
373	17	0.006452
373	18	0.006173
373	22	0.010309
373	33	0.012821
373	36	0.012821
373	43	0.014925
373	74	0.027027
373	77	0.015152
373	135	0.023810
373	138	0.030303
373	176	0.038462
373	214	0.037037
373	263	0.038462
373	269	0.034483
373	326	0.055556
373	369	0.052632
373	380	0.055556
373	382	0.058824
373	424	0.058824
374	16	0.011236
374	22	0.010309
374	37	0.010753
374	42	0.010638
374	53	0.020408
374	82	0.023810
374	86	0.023810
374	94	0.034483
374	109	0.027027
374	152	0.034483
374	153	0.034483
374	181	0.032258
374	226	0.052632
374	253	0.052632
374	262	0.041667
374	323	0.047619
374	327	0.045455
374	391	0.058824
375	10	0.012500
375	25	0.015152
375	43	0.014925
375	52	0.015152
375	58	0.021277
375	93	0.030303
375	100	0.020833
375	101	0.030303
375	121	0.031250
375	162	0.038462
375	175	0.038462
375	192	0.035714
375	217	0.041667
375	227	0.040000
375	254	0.047619
375	306	0.050000
375	340	0.045455
375	385	0.055556
375	396	0.055556
376	5	0.017241
376	10	0.012500
376	18	0.006173
376	20	0.008403
376	56	0.022222
376	117	0.024390
376	129	0.032258
376	135	0.023810
376	166	0.035714
376	199	0.031250
376	201	0.041667
376	212	0.030303
376	214	0.037037
376	242	0.041667
376	298	0.045455
376	305	0.045455
376	368	0.055556
376	419	0.058824
377	6	0.012346
377	12	0.013333
377	20	0.008403
377	35	0.010417
377	37	0.010753
377	51	0.014706
377	88	0.027027
377	116	0.017544
377	124	0.038462
377	130	0.025000
377	151	0.028571
377	152	0.034483
377	163	0.035714
377	168	0.032258
377	203	0.040000
377	232	0.043478
377	270	0.040000
377	386	0.055556
377	400	0.058824
377	419	0.058824
378	1	0.013514
378	7	0.022222
378	13	0.010526
378	16	0.011236
378	21	0.008929
378	22	0.010309
378	23	0.009009
378	114	0.027027
378	119	0.028571
378	160	0.035714
378	168	0.032258
378	212	0.030303
378	243	0.034483
378	247	0.040000
378	299	0.045455
378	310	0.047619
378	315	0.050000
379	8	0.010000
379	9	0.014706
379	20	0.008403
379	35	0.010417
379	52	0.015152
379	67	0.019231
379	80	0.028571
379	109	0.027027
379	112	0.025000
379	197	0.034483
379	215	0.041667
379	258	0.041667
379	286	0.055556
379	293	0.052632
379	324	0.045455
379	329	0.047619
379	343	0.052632
380	17	0.006452
380	20	0.008403
380	35	0.010417
380	41	0.016667
380	45	0.011628
380	68	0.019608
380	76	0.015625
380	93	0.030303
380	105	0.035714
380	117	0.024390
380	186	0.045455
380	198	0.034483
380	199	0.031250
380	259	0.040000
380	294	0.045455
380	353	0.052632
380	373	0.050000
380	417	0.058824
381	37	0.010753
381	43	0.014925
381	49	0.014493
381	70	0.018868
381	72	0.018868
381	82	0.023810
381	97	0.025641
381	100	0.020833
381	112	0.025000
381	130	0.025000
381	172	0.029412
381	199	0.031250
381	218	0.037037
381	244	0.047619
381	329	0.047619
381	332	0.047619
381	336	0.052632
382	3	0.013333
382	8	0.010000
382	22	0.010309
382	33	0.012821
382	45	0.011628
382	74	0.027027
382	86	0.023810
382	90	0.029412
382	116	0.017544
382	144	0.031250
382	181	0.032258
382	208	0.038462
382	216	0.045455
382	219	0.052632
382	296	0.041667
382	340	0.045455
382	373	0.050000
383	3	0.013333
383	14	0.034483
383	26	0.014706
383	39	0.011765
383	115	0.022222
383	116	0.017544
383	130	0.025000
383	153	0.034483
383	155	0.045455
383	163	0.035714
383	164	0.031250
383	179	0.041667
383	193	0.035714
383	201	0.041667
383	232	0.043478
383	249	0.047619
383	264	0.045455
383	412	0.058824
384	2	0.009804
384	4	0.014286
384	8	0.010000
384	30	0.027778
384	41	0.016667
384	48	0.015873
384	68	0.019608
384	93	0.030303
384	110	0.027778
384	130	0.025000
384	135	0.023810
384	150	0.030303
384	220	0.045455
384	230	0.041667
384	264	0.045455
384	295	0.050000
384	334	0.047619
384	392	0.058824
385	10	0.012500
385	23	0.009009
385	41	0.016667
385	43	0.014925
385	56	0.022222
385	69	0.022222
385	70	0.018868
385	80	0.028571
385	98	0.022222
385	130	0.025000
385	187	0.040000
385	234	0.043478
385	237	0.040000
385	271	0.045455
385	328	0.055556
385	344	0.052632
385	375	0.052632
385	386	0.055556
386	8	0.010000
386	15	0.017241
386	18	0.006173
386	22	0.010309
386	35	0.010417
386	37	0.010753
386	48	0.015873
386	116	0.017544
386	151	0.028571
386	174	0.028571
386	186	0.045455
386	227	0.040000
386	230	0.041667
386	289	0.034483
386	359	0.047619
386	377	0.050000
386	385	0.055556
386	420	0.058824
387	2	0.009804
387	6	0.012346
387	8	0.010000
387	11	0.015152
387	19	0.008264
387	25	0.015152
387	30	0.027778
387	32	0.012500
387	40	0.020833
387	72	0.018868
387	79	0.022727
387	120	0.038462
387	166	0.035714
387	179	0.041667
387	194	0.040000
387	223	0.050000
387	247	0.040000
387	409	0.058824
388	9	0.014706
388	15	0.017241
388	16	0.011236
388	65	0.016393
388	67	0.019231
388	121	0.031250
388	133	0.027778
388	147	0.031250
388	151	0.028571
388	193	0.035714
388	254	0.047619
388	268	0.050000
388	311	0.047619
388	313	0.047619
388	314	0.050000
388	335	0.052632
388	362	0.045455
388	418	0.058824
389	0	0.024390
389	2	0.009804
389	15	0.017241
389	17	0.006452
389	19	0.008264
389	44	0.016129
389	60	0.021277
389	73	0.017857
389	98	0.022222
389	149	0.025641
389	161	0.031250
389	163	0.035714
389	166	0.035714
389	191	0.041667
389	241	0.035714
389	260	0.043478
389	365	0.047619
390	8	0.010000
390	19	0.008264
390	20	0.008403
390	26	0.014706
390	37	0.010753
390	46	0.012821
390	50	0.028571
390	64	0.015385
390	80	0.028571
390	94	0.034483
390	104	0.023256
390	133	0.027778
390	141	0.038462
390	213	0.045455
390	229	0.045455
390	263	0.038462
390	338	0.052632
390	403	0.058824
391	28	0.018868
391	33	0.012821
391	37	0.010753
391	42	0.010638
391	65	0.016393
391	70	0.018868
391	98	0.022222
391	105	0.035714
391	112	0.025000
391	113	0.029412
391	147	0.031250
391	231	0.040000
391	259	0.040000
391	267	0.050000
391	289	0.034483
391	315	0.050000
391	374	0.055556
392	0	0.024390
392	13	0.010526
392	21	0.008929
392	33	0.012821
392	38	0.013889
392	110	0.027778
392	118	0.025000
392	163	0.035714
392	192	0.035714
392	196	0.035714
392	204	0.034483
392	205	0.032258
392	238	0.047619
392	243	0.034483
392	270	0.040000
392	359	0.047619
392	384	0.055556
393	1	0.013514
393	3	0.013333
393	6	0.012346
393	13	0.010526
393	15	0.017241
393	17	0.006452
393	18	0.006173
393	23	0.009009
393	42	0.010638
393	50	0.028571
393	93	0.030303
393	109	0.027027
393	118	0.025000
393	147	0.031250
393	259	0.040000
393	310	0.047619
393	320	0.052632
394	2	0.009804
394	3	0.013333
394	22	0.010309
394	23	0.009009
394	26	0.014706
394	36	0.012821
394	38	0.013889
394	46	0.012821
394	48	0.015873
394	66	0.020833
394	81	0.022222
394	97	0.025641
394	144	0.031250
394	225	0.037037
394	242	0.041667
394	323	0.047619
394	355	0.055556
395	6	0.012346
395	43	0.014925
395	47	0.016393
395	61	0.030303
395	81	0.022222
395	109	0.027027
395	130	0.025000
395	132	0.027778
395	153	0.034483
395	155	0.045455
395	156	0.043478
395	169	0.033333
395	171	0.043478
395	208	0.038462
395	214	0.037037
395	215	0.041667
395	258	0.041667
396	2	0.009804
396	8	0.010000
396	23	0.009009
396	24	0.010101
396	68	0.019608
396	76	0.015625
396	81	0.022222
396	137	0.038462
396	182	0.029412
396	202	0.037037
396	205	0.032258
396	228	0.043478
396	256	0.040000
396	281	0.052632
396	307	0.052632
396	342	0.055556
396	375	0.052632
396	408	0.058824
397	6	0.012346
397	32	0.012500
397	43	0.014925
397	56	0.022222
397	73	0.017857
397	99	0.027027
397	103	0.022727
397	136	0.034483
397	144	0.031250
397	146	0.028571
397	169	0.033333
397	207	0.045455
397	247	0.040000
397	266	0.052632
397	272	0.038462
397	289	0.034483
397	341	0.050000
397	400	0.058824
398	13	0.010526
398	24	0.010101
398	36	0.012821
398	77	0.015152
398	81	0.022222
398	93	0.030303
398	119	0.028571
398	131	0.032258
398	154	0.040000
398	174	0.028571
398	191	0.041667
398	195	0.040000
398	227	0.040000
398	229	0.045455
398	235	0.038462
398	242	0.041667
398	280	0.045455
398	411	0.055556
399	0	0.024390
399	44	0.016129
399	49	0.014493
399	52	0.015152
399	58	0.021277
399	72	0.018868
399	85	0.022727
399	111	0.031250
399	118	0.025000
399	132	0.027778
399	134	0.030303
399	157	0.047619
399	167	0.041667
399	203	0.040000
399	241	0.035714
399	293	0.052632
399	332	0.047619
399	417	0.058824
400	13	0.010526
400	19	0.008264
400	21	0.008929
400	34	0.010000
400	54	0.019608
400	70	0.018868
400	72	0.018868
400	78	0.018182
400	98	0.022222
400	103	0.022727
400	110	0.027778
400	169	0.033333
400	171	0.043478
400	206	0.037037
400	345	0.047619
400	377	0.050000
400	397	0.055556
401	14	0.034483
401	18	0.006173
401	36	0.012821
401	41	0.016667
401	42	0.010638
401	71	0.016129
401	77	0.015152
401	81	0.022222
401	109	0.027027
401	119	0.028571
401	164	0.031250
401	175	0.038462
401	179	0.041667
401	201	0.041667
401	268	0.050000
401	287	0.050000
401	372	0.052632
402	1	0.013514
402	17	0.006452
402	21	0.008929
402	22	0.010309
402	34	0.010000
402	89	0.023810
402	96	0.022222
402	97	0.025641
402	111	0.031250
402	115	0.022222
402	180	0.034483
402	225	0.037037
402	228	0.043478
402	246	0.047619
402	273	0.038462
402	290	0.055556
402	305	0.045455
403	2	0.009804
403	4	0.014286
403	8	0.010000
403	10	0.012500
403	21	0.008929
403	39	0.011765
403	47	0.016393
403	52	0.015152
403	72	0.018868
403	87	0.023256
403	137	0.038462
403	146	0.028571
403	174	0.028571
403	188	0.031250
403	247	0.040000
403	349	0.055556
403	390	0.055556
404	11	0.015152
404	18	0.006173
404	20	0.008403
404	71	0.016129
404	116	0.017544
404	118	0.025000
404	128	0.032258
404	140	0.026316
404	152	0.034483
404	243	0.034483
404	262	0.041667
404	265	0.052632
404	268	0.050000
404	289	0.034483
404	294	0.045455
404	313	0.047619
404	318	0.052632
405	9	0.014706
405	10	0.012500
405	15	0.017241
405	22	0.010309
405	23	0.009009
405	52	0.015152
405	58	0.021277
405	60	0.021277
405	72	0.018868
405	78	0.018182
405	84	0.024390
405	85	0.022727
405	152	0.034483
405	196	0.035714
405	359	0.047619
405	367	0.050000
406	17	0.006452
406	26	0.014706
406	37	0.010753
406	46	0.012821
406	65	0.016393
406	71	0.016129
406	78	0.018182
406	81	0.022222
406	94	0.034483
406	169	0.033333
406	182	0.029412
406	203	0.040000
406	249	0.047619
406	291	0.043478
406	345	0.047619
406	361	0.055556
406	372	0.052632
407	5	0.017241
407	8	0.010000
407	9	0.014706
407	17	0.006452
407	18	0.006173
407	19	0.008264
407	21	0.008929
407	37	0.010753
407	45	0.011628
407	51	0.014706
407	83	0.024390
407	110	0.027778
407	123	0.030303
407	250	0.050000
407	261	0.041667
407	262	0.041667
407	325	0.047619
407	417	0.058824
408	6	0.012346
408	15	0.017241
408	23	0.009009
408	37	0.010753
408	49	0.014493
408	64	0.015385
408	76	0.015625
408	90	0.029412
408	106	0.023256
408	135	0.023810
408	178	0.035714
408	179	0.041667
408	181	0.032258
408	183	0.040000
408	265	0.052632
408	311	0.047619
408	396	0.055556
409	2	0.009804
409	8	0.010000
409	35	0.010417
409	42	0.010638
409	51	0.014706
409	67	0.019231
409	112	0.025000
409	163	0.035714
409	164	0.031250
409	166	0.035714
409	179	0.041667
409	262	0.041667
409	270	0.040000
409	322	0.050000
409	327	0.045455
409	365	0.047619
409	387	0.055556
410	6	0.012346
410	16	0.011236
410	18	0.006173
410	35	0.010417
410	36	0.012821
410	79	0.022727
410	100	0.020833
410	106	0.023256
410	169	0.033333
410	231	0.040000
410	239	0.047619
410	256	0.040000
410	270	0.040000
410	295	0.050000
410	364	0.055556
410	365	0.047619
410	367	0.050000
411	14	0.034483
411	18	0.006173
411	22	0.010309
411	32	0.012500
411	38	0.013889
411	49	0.014493
411	60	0.021277
411	94	0.034483
411	124	0.038462
411	147	0.031250
411	151	0.028571
411	199	0.031250
411	207	0.045455
411	255	0.045455
411	258	0.041667
411	351	0.055556
411	398	0.055556
411	416	0.058824
412	5	0.017241
412	7	0.022222
412	23	0.009009
412	25	0.015152
412	51	0.014706
412	54	0.019608
412	75	0.021739
412	79	0.022727
412	88	0.027027
412	150	0.030303
412	167	0.041667
412	182	0.029412
412	197	0.034483
412	201	0.041667
412	279	0.047619
412	359	0.047619
412	383	0.055556
413	0	0.024390
413	9	0.014706
413	19	0.008264
413	39	0.011765
413	66	0.020833
413	73	0.017857
413	86	0.023810
413	102	0.029412
413	158	0.043478
413	181	0.032258
413	183	0.040000
413	186	0.045455
413	204	0.034483
413	246	0.047619
413	252	0.047619
413	312	0.050000
413	323	0.047619
414	9	0.014706
414	13	0.010526
414	17	0.006452
414	27	0.019231
414	39	0.011765
414	49	0.014493
414	50	0.028571
414	93	0.030303
414	101	0.030303
414	108	0.027778
414	181	0.032258
414	184	0.040000
414	193	0.035714
414	202	0.037037
414	322	0.050000
414	324	0.045455
414	369	0.052632
415	18	0.006173
415	37	0.010753
415	44	0.016129
415	45	0.011628
415	59	0.025000
415	64	0.015385
415	76	0.015625
415	77	0.015152
415	85	0.022727
415	128	0.032258
415	155	0.045455
415	164	0.031250
415	170	0.031250
415	239	0.047619
415	299	0.045455
415	332	0.047619
416	12	0.013333
416	19	0.008264
416	20	0.008403
416	27	0.019231
416	37	0.010753
416	72	0.018868
416	91	0.037037
416	120	0.038462
416	126	0.035714
416	130	0.025000
416	137	0.038462
416	151	0.028571
416	204	0.034483
416	237	0.040000
416	279	0.047619
416	339	0.055556
416	411	0.055556
417	12	0.013333
417	16	0.011236
417	49	0.014493
417	51	0.014706
417	58	0.021277
417	71	0.016129
417	79	0.022727
417	83	0.024390
417	92	0.033333
417	103	0.022727
417	125	0.040000
417	134	0.030303
417	195	0.040000
417	358	0.055556
417	380	0.055556
417	399	0.055556
417	407	0.055556
418	1	0.013514
418	2	0.009804
418	18	0.006173
418	33	0.012821
418	46	0.012821
418	62	0.038462
418	76	0.015625
418	89	0.023810
418	97	0.025641
418	144	0.031250
418	145	0.040000
418	182	0.029412
418	187	0.040000
418	258	0.041667
418	262	0.041667
418	352	0.052632
418	388	0.055556
419	1	0.013514
419	2	0.009804
419	16	0.011236
419	18	0.006173
419	73	0.017857
419	75	0.021739
419	91	0.037037
419	109	0.027027
419	112	0.025000
419	115	0.022222
419	154	0.040000
419	189	0.050000
419	191	0.041667
419	210	0.040000
419	295	0.050000
419	376	0.055556
419	377	0.050000
420	5	0.017241
420	6	0.012346
420	28	0.018868
420	36	0.012821
420	42	0.010638
420	65	0.016393
420	77	0.015152
420	98	0.022222
420	114	0.027027
420	169	0.033333
420	195	0.040000
420	198	0.034483
420	205	0.032258
420	228	0.043478
420	303	0.047619
420	367	0.050000
420	386	0.055556
421	2	0.009804
421	7	0.022222
421	26	0.014706
421	39	0.011765
421	45	0.011628
421	70	0.018868
421	112	0.025000
421	116	0.017544
421	120	0.038462
421	175	0.038462
421	200	0.035714
421	241	0.035714
421	270	0.040000
421	279	0.047619
421	315	0.050000
421	324	0.045455
421	325	0.047619
422	17	0.006452
422	18	0.006173
422	46	0.012821
422	68	0.019608
422	71	0.016129
422	72	0.018868
422	82	0.023810
422	97	0.025641
422	116	0.017544
422	117	0.024390
422	140	0.026316
422	142	0.030303
422	172	0.029412
422	206	0.037037
422	245	0.050000
422	269	0.034483
422	325	0.047619
422	424	0.058824
423	2	0.009804
423	8	0.010000
423	16	0.011236
423	34	0.010000
423	44	0.016129
423	49	0.014493
423	64	0.015385
423	72	0.018868
423	75	0.021739
423	132	0.027778
423	239	0.047619
423	247	0.040000
423	263	0.038462
423	291	0.043478
423	323	0.047619
423	325	0.047619
423	362	0.045455
424	9	0.014706
424	15	0.017241
424	34	0.010000
424	45	0.011628
424	78	0.018182
424	100	0.020833
424	107	0.027027
424	131	0.032258
424	170	0.031250
424	274	0.045455
424	284	0.047619
424	322	0.050000
424	334	0.047619
424	357	0.055556
424	365	0.047619
424	373	0.050000
424	422	0.055556
425	2	0.009804
425	7	0.022222
425	18	0.006173
425	21	0.008929
425	28	0.018868
425	34	0.010000
425	39	0.011765
425	98	0.022222
425	136	0.034483
425	142	0.030303
425	143	0.040000
425	152	0.034483
425	160	0.035714
425	192	0.035714
425	230	0.041667
425	231	0.040000
425	269	0.034483
