472	16220
0	18	0.007092
0	19	0.005952
0	20	0.007634
0	21	0.006993
0	22	0.007246
0	23	0.008547
0	26	0.011236
0	27	0.019608
0	28	0.017857
0	36	0.008772
0	37	0.009174
0	41	0.014706
0	42	0.009709
0	48	0.010870
0	50	0.012821
0	52	0.013158
0	54	0.012195
0	56	0.014925
0	63	0.038462
0	103	0.025641
0	110	0.021277
0	117	0.025641
0	118	0.028571
0	121	0.026316
0	129	0.028571
0	131	0.024390
0	137	0.027778
0	140	0.029412
0	153	0.031250
0	173	0.032258
0	187	0.030303
0	197	0.020408
0	203	0.025000
0	211	0.032258
0	217	0.043478
0	222	0.043478
0	229	0.034483
0	239	0.043478
0	240	0.040000
0	241	0.027778
0	242	0.035714
0	245	0.045455
0	268	0.040000
0	272	0.037037
0	293	0.041667
0	294	0.037037
0	298	0.045455
0	312	0.045455
0	313	0.043478
0	326	0.043478
0	331	0.047619
0	334	0.038462
0	346	0.047619
0	358	0.040000
0	370	0.045455
0	378	0.050000
0	435	0.055556
0	442	0.052632
0	443	0.062500
0	459	0.055556
0	460	0.055556
0	469	0.055556
1	18	0.007092
1	19	0.005952
1	20	0.007634
1	21	0.006993
1	22	0.007246
1	23	0.008547
1	25	0.011364
1	26	0.011236
1	30	0.023810
1	33	0.010309
1	34	0.009709
1	37	0.009174
1	39	0.013699
1	40	0.009009
1	43	0.011236
1	44	0.009524
1	46	0.017857
1	47	0.017241
1	51	0.016129
1	54	0.012195
1	58	0.015152
1	60	0.026316
1	61	0.023810
1	64	0.014925
1	67	0.014706
1	68	0.019231
1	69	0.015625
1	72	0.020833
1	75	0.017544
1	80	0.020833
1	83	0.021739
1	84	0.019608
1	89	0.020833
1	90	0.024390
1	94	0.045455
1	101	0.021739
1	102	0.021277
1	106	0.016129
1	113	0.026316
1	120	0.028571
1	124	0.032258
1	138	0.024390
1	144	0.037037
1	147	0.030303
1	154	0.033333
1	172	0.033333
1	190	0.047619
1	194	0.043478
1	195	0.038462
1	197	0.020408
1	201	0.034483
1	202	0.032258
1	205	0.034483
1	213	0.035714
1	215	0.033333
1	220	0.045455
1	221	0.043478
1	224	0.040000
1	231	0.033333
1	233	0.032258
1	250	0.043478
1	251	0.047619
1	252	0.040000
1	272	0.037037
1	275	0.050000
1	276	0.040000
1	277	0.040000
1	278	0.050000
1	280	0.043478
1	291	0.045455
1	293	0.041667
1	300	0.050000
1	316	0.047619
1	333	0.045455
1	360	0.050000
1	375	0.050000
1	382	0.055556
1	383	0.055556
1	386	0.052632
1	391	0.050000
1	403	0.045455
1	412	0.047619
1	424	0.052632
1	441	0.055556
1	464	0.055556
2	18	0.007092
2	19	0.005952
2	20	0.007634
2	21	0.006993
2	23	0.008547
2	24	0.010101
2	25	0.011364
2	26	0.011236
2	29	0.017544
2	31	0.037037
2	32	0.008197
2	34	0.009709
2	35	0.012658
2	37	0.009174
2	38	0.009434
2	41	0.014706
2	43	0.011236
2	46	0.017857
2	55	0.017241
2	57	0.021739
2	58	0.015152
2	60	0.026316
2	61	0.023810
2	67	0.014706
2	68	0.019231
2	69	0.015625
2	78	0.015152
2	81	0.023256
2	84	0.019608
2	85	0.024390
2	97	0.015152
2	98	0.021739
2	110	0.021277
2	112	0.018868
2	113	0.026316
2	116	0.024390
2	128	0.025641
2	131	0.024390
2	134	0.027027
2	137	0.027778
2	141	0.027027
2	143	0.022222
2	144	0.037037
2	147	0.030303
2	161	0.020408
2	164	0.032258
2	169	0.032258
2	185	0.030303
2	186	0.035714
2	188	0.045455
2	191	0.047619
2	200	0.032258
2	203	0.025000
2	206	0.041667
2	207	0.034483
2	208	0.040000
2	217	0.043478
2	221	0.043478
2	227	0.027778
2	238	0.030303
2	239	0.043478
2	249	0.043478
2	262	0.037037
2	271	0.041667
2	273	0.035714
2	277	0.040000
2	285	0.043478
2	286	0.052632
2	296	0.038462
2	302	0.050000
2	308	0.047619
2	317	0.055556
2	330	0.045455
2	333	0.045455
2	337	0.047619
2	350	0.052632
2	363	0.050000
2	389	0.050000
2	397	0.047619
2	412	0.047619
2	416	0.050000
2	431	0.055556
2	443	0.062500
2	444	0.055556
2	447	0.055556
3	18	0.007092
3	19	0.005952
3	20	0.007634
3	21	0.006993
3	22	0.007246
3	23	0.008547
3	25	0.011364
3	26	0.011236
3	27	0.019608
3	28	0.017857
3	29	0.017544
3	33	0.010309
3	35	0.012658
3	49	0.019231
3	84	0.019608
3	98	0.021739
3	110	0.021277
3	114	0.030303
3	130	0.025000
3	146	0.028571
3	164	0.032258
3	168	0.029412
3	169	0.032258
3	178	0.038462
3	222	0.043478
3	243	0.032258
3	283	0.052632
3	291	0.045455
3	292	0.045455
3	320	0.055556
3	325	0.037037
3	332	0.035714
3	346	0.047619
3	369	0.050000
3	389	0.050000
3	399	0.055556
3	405	0.052632
3	406	0.052632
3	421	0.047619
3	434	0.055556
3	466	0.055556
3	469	0.055556
3	470	0.055556
4	18	0.007092
4	19	0.005952
4	21	0.006993
4	22	0.007246
4	23	0.008547
4	27	0.019608
4	28	0.017857
4	30	0.023810
4	31	0.037037
4	32	0.008197
4	36	0.008772
4	37	0.009174
4	40	0.009009
4	41	0.014706
4	45	0.012821
4	47	0.017241
4	58	0.015152
4	61	0.023810
4	62	0.035714
4	69	0.015625
4	79	0.018182
4	80	0.020833
4	81	0.023256
4	82	0.020000
4	83	0.021739
4	84	0.019608
4	88	0.020000
4	92	0.037037
4	95	0.043478
4	102	0.021277
4	103	0.025641
4	107	0.026316
4	108	0.023256
4	112	0.018868
4	118	0.028571
4	120	0.028571
4	124	0.032258
4	126	0.043478
4	132	0.030303
4	137	0.027778
4	141	0.027027
4	145	0.031250
4	157	0.045455
4	160	0.029412
4	161	0.020408
4	163	0.035714
4	168	0.029412
4	171	0.024390
4	176	0.028571
4	177	0.025641
4	181	0.035714
4	185	0.030303
4	190	0.047619
4	193	0.025000
4	195	0.038462
4	202	0.032258
4	207	0.034483
4	233	0.032258
4	237	0.050000
4	243	0.032258
4	245	0.045455
4	258	0.038462
4	267	0.047619
4	268	0.040000
4	269	0.038462
4	275	0.050000
4	277	0.040000
4	288	0.050000
4	300	0.050000
4	303	0.035714
4	309	0.052632
4	323	0.041667
4	326	0.043478
4	329	0.041667
4	333	0.045455
4	336	0.047619
4	338	0.050000
4	341	0.050000
4	344	0.047619
4	355	0.043478
4	357	0.052632
4	359	0.055556
4	380	0.050000
4	386	0.052632
4	387	0.052632
4	395	0.055556
4	420	0.052632
4	429	0.052632
4	435	0.055556
4	443	0.062500
4	467	0.055556
4	468	0.055556
5	18	0.007092
5	19	0.005952
5	20	0.007634
5	21	0.006993
5	22	0.007246
5	23	0.008547
5	24	0.010101
5	25	0.011364
5	27	0.019608
5	28	0.017857
5	29	0.017544
5	30	0.023810
5	32	0.008197
5	35	0.012658
5	37	0.009174
5	38	0.009434
5	40	0.009009
5	42	0.009709
5	44	0.009524
5	45	0.012821
5	47	0.017241
5	53	0.012346
5	59	0.020408
5	64	0.014925
5	69	0.015625
5	71	0.016667
5	74	0.012346
5	75	0.017544
5	78	0.015152
5	80	0.020833
5	81	0.023256
5	90	0.024390
5	93	0.025641
5	95	0.043478
5	98	0.021739
5	100	0.018182
5	105	0.027027
5	113	0.026316
5	116	0.024390
5	117	0.025641
5	118	0.028571
5	125	0.032258
5	127	0.035714
5	136	0.027778
5	142	0.025641
5	151	0.026316
5	160	0.029412
5	167	0.031250
5	170	0.033333
5	171	0.024390
5	176	0.028571
5	184	0.034483
5	187	0.030303
5	207	0.034483
5	210	0.034483
5	218	0.035714
5	234	0.040000
5	243	0.032258
5	269	0.038462
5	271	0.041667
5	273	0.035714
5	274	0.050000
5	288	0.050000
5	317	0.055556
5	325	0.037037
5	345	0.050000
5	353	0.050000
5	361	0.050000
5	364	0.052632
5	387	0.052632
5	390	0.052632
5	393	0.047619
5	397	0.047619
5	405	0.052632
5	414	0.052632
5	415	0.052632
5	438	0.052632
5	471	0.055556
6	18	0.007092
6	20	0.007634
6	22	0.007246
6	25	0.011364
6	27	0.019608
6	28	0.017857
6	29	0.017544
6	30	0.023810
6	31	0.037037
6	35	0.012658
6	37	0.009174
6	45	0.012821
6	46	0.017857
6	53	0.012346
6	57	0.021739
6	61	0.023810
6	68	0.019231
6	71	0.016667
6	77	0.018868
6	79	0.018182
6	86	0.020408
6	91	0.033333
6	94	0.045455
6	106	0.016129
6	107	0.026316
6	108	0.023256
6	115	0.025000
6	118	0.028571
6	129	0.028571
6	132	0.030303
6	136	0.027778
6	137	0.027778
6	139	0.035714
6	140	0.029412
6	143	0.022222
6	149	0.027778
6	153	0.031250
6	156	0.041667
6	159	0.052632
6	164	0.032258
6	179	0.029412
6	180	0.028571
6	184	0.034483
6	193	0.025000
6	195	0.038462
6	201	0.034483
6	224	0.040000
6	227	0.027778
6	238	0.030303
6	240	0.040000
6	242	0.035714
6	260	0.045455
6	263	0.041667
6	264	0.043478
6	268	0.040000
6	278	0.050000
6	298	0.045455
6	300	0.050000
6	308	0.047619
6	312	0.045455
6	352	0.037037
6	355	0.043478
6	365	0.045455
6	370	0.045455
6	380	0.050000
6	389	0.050000
6	395	0.055556
6	402	0.052632
6	409	0.055556
6	411	0.055556
6	429	0.052632
6	460	0.055556
6	462	0.055556
6	468	0.055556
6	470	0.055556
7	18	0.007092
7	19	0.005952
7	20	0.007634
7	21	0.006993
7	22	0.007246
7	24	0.010101
7	25	0.011364
7	26	0.011236
7	30	0.023810
7	31	0.037037
7	33	0.010309
7	38	0.009434
7	40	0.009009
7	42	0.009709
7	46	0.017857
7	50	0.012821
7	51	0.016129
7	58	0.015152
7	60	0.026316
7	63	0.038462
7	70	0.025641
7	71	0.016667
7	72	0.020833
7	74	0.012346
7	78	0.015152
7	79	0.018182
7	92	0.037037
7	95	0.043478
7	103	0.025641
7	111	0.023256
7	117	0.025641
7	119	0.017857
7	123	0.031250
7	129	0.028571
7	130	0.025000
7	135	0.026316
7	141	0.027027
7	145	0.031250
7	150	0.027778
7	152	0.035714
7	153	0.031250
7	161	0.020408
7	163	0.035714
7	164	0.032258
7	165	0.037037
7	169	0.032258
7	172	0.033333
7	174	0.041667
7	183	0.037037
7	187	0.030303
7	189	0.043478
7	199	0.040000
7	208	0.040000
7	212	0.033333
7	216	0.035714
7	220	0.045455
7	247	0.050000
7	259	0.045455
7	277	0.040000
7	281	0.038462
7	290	0.045455
7	295	0.045455
7	320	0.055556
7	321	0.043478
7	333	0.045455
7	343	0.038462
7	352	0.037037
7	361	0.050000
7	368	0.052632
7	387	0.052632
7	412	0.047619
7	418	0.052632
7	423	0.055556
7	430	0.052632
7	431	0.055556
7	437	0.055556
7	442	0.052632
8	18	0.007092
8	19	0.005952
8	20	0.007634
8	21	0.006993
8	22	0.007246
8	23	0.008547
8	24	0.010101
8	26	0.011236
8	28	0.017857
8	29	0.017544
8	30	0.023810
8	31	0.037037
8	32	0.008197
8	34	0.009709
8	37	0.009174
8	41	0.014706
8	43	0.011236
8	45	0.012821
8	51	0.016129
8	53	0.012346
8	55	0.017241
8	58	0.015152
8	63	0.038462
8	66	0.023256
8	73	0.016393
8	82	0.020000
8	85	0.024390
8	88	0.020000
8	89	0.020833
8	99	0.019608
8	100	0.018182
8	107	0.026316
8	116	0.024390
8	118	0.028571
8	123	0.031250
8	131	0.024390
8	132	0.030303
8	134	0.027027
8	139	0.035714
8	144	0.037037
8	152	0.035714
8	158	0.050000
8	159	0.052632
8	162	0.024390
8	165	0.037037
8	167	0.031250
8	170	0.033333
8	173	0.032258
8	180	0.028571
8	182	0.041667
8	183	0.037037
8	190	0.047619
8	191	0.047619
8	197	0.020408
8	201	0.034483
8	202	0.032258
8	206	0.041667
8	213	0.035714
8	215	0.033333
8	228	0.040000
8	231	0.033333
8	232	0.035714
8	233	0.032258
8	236	0.037037
8	246	0.043478
8	261	0.038462
8	264	0.043478
8	270	0.041667
8	271	0.041667
8	273	0.035714
8	278	0.050000
8	282	0.043478
8	288	0.050000
8	290	0.045455
8	295	0.045455
8	303	0.035714
8	304	0.047619
8	321	0.043478
8	325	0.037037
8	335	0.043478
8	348	0.045455
8	356	0.047619
8	364	0.052632
8	373	0.052632
8	374	0.047619
8	376	0.052632
8	387	0.052632
8	395	0.055556
8	402	0.052632
8	403	0.045455
8	420	0.052632
8	421	0.047619
8	463	0.055556
9	18	0.007092
9	19	0.005952
9	21	0.006993
9	22	0.007246
9	23	0.008547
9	27	0.019608
9	34	0.009709
9	43	0.011236
9	48	0.010870
9	51	0.016129
9	56	0.014925
9	66	0.023256
9	78	0.015152
9	101	0.021739
9	112	0.018868
9	121	0.026316
9	125	0.032258
9	129	0.028571
9	140	0.029412
9	213	0.035714
9	221	0.043478
9	248	0.031250
9	324	0.052632
9	326	0.043478
9	372	0.050000
9	375	0.050000
9	388	0.050000
9	437	0.055556
9	466	0.055556
9	471	0.055556
10	18	0.007092
10	19	0.005952
10	20	0.007634
10	23	0.008547
10	24	0.010101
10	25	0.011364
10	38	0.009434
10	39	0.013699
10	40	0.009009
10	51	0.016129
10	60	0.026316
10	76	0.018182
10	85	0.024390
10	87	0.018868
10	104	0.020833
10	106	0.016129
10	134	0.027027
10	151	0.026316
10	157	0.045455
10	158	0.050000
10	163	0.035714
10	165	0.037037
10	171	0.024390
10	176	0.028571
10	189	0.043478
10	197	0.020408
10	201	0.034483
10	239	0.043478
10	262	0.037037
10	268	0.040000
10	279	0.043478
10	322	0.041667
10	328	0.050000
10	345	0.050000
10	350	0.052632
10	381	0.047619
10	424	0.052632
10	434	0.055556
10	467	0.055556
11	18	0.007092
11	19	0.005952
11	20	0.007634
11	21	0.006993
11	22	0.007246
11	23	0.008547
11	24	0.010101
11	26	0.011236
11	29	0.017544
11	32	0.008197
11	35	0.012658
11	36	0.008772
11	40	0.009009
11	42	0.009709
11	44	0.009524
11	45	0.012821
11	46	0.017857
11	47	0.017241
11	48	0.010870
11	52	0.013158
11	57	0.021739
11	62	0.035714
11	80	0.020833
11	111	0.023256
11	119	0.017857
11	124	0.032258
11	137	0.027778
11	141	0.027027
11	161	0.020408
11	176	0.028571
11	183	0.037037
11	189	0.043478
11	195	0.038462
11	225	0.038462
11	227	0.027778
11	246	0.043478
11	255	0.050000
11	260	0.045455
11	265	0.035714
11	276	0.040000
11	287	0.055556
11	294	0.037037
11	298	0.045455
11	300	0.050000
11	324	0.052632
11	338	0.050000
11	339	0.050000
11	364	0.052632
11	368	0.052632
11	380	0.050000
11	386	0.052632
11	428	0.052632
11	434	0.055556
11	441	0.055556
11	470	0.055556
12	18	0.007092
12	19	0.005952
12	20	0.007634
12	21	0.006993
12	22	0.007246
12	24	0.010101
12	25	0.011364
12	26	0.011236
12	29	0.017544
12	32	0.008197
12	33	0.010309
12	34	0.009709
12	36	0.008772
12	37	0.009174
12	38	0.009434
12	40	0.009009
12	41	0.014706
12	43	0.011236
12	44	0.009524
12	46	0.017857
12	50	0.012821
12	52	0.013158
12	62	0.035714
12	64	0.014925
12	69	0.015625
12	72	0.020833
12	74	0.012346
12	75	0.017544
12	81	0.023256
12	82	0.020000
12	83	0.021739
12	84	0.019608
12	90	0.024390
12	92	0.037037
12	100	0.018182
12	104	0.020833
12	105	0.027027
12	112	0.018868
12	117	0.025641
12	131	0.024390
12	136	0.027778
12	142	0.025641
12	146	0.028571
12	148	0.029412
12	150	0.027778
12	152	0.035714
12	153	0.031250
12	172	0.033333
12	184	0.034483
12	191	0.047619
12	192	0.029412
12	209	0.038462
12	225	0.038462
12	244	0.034483
12	254	0.052632
12	260	0.045455
12	272	0.037037
12	274	0.050000
12	281	0.038462
12	287	0.055556
12	289	0.040000
12	306	0.038462
12	314	0.043478
12	315	0.041667
12	320	0.055556
12	324	0.052632
12	329	0.041667
12	359	0.055556
12	371	0.032258
12	375	0.050000
12	377	0.055556
12	389	0.050000
12	396	0.050000
12	405	0.052632
12	411	0.055556
12	422	0.052632
12	425	0.055556
12	432	0.050000
12	441	0.055556
12	464	0.055556
12	468	0.055556
12	469	0.055556
13	18	0.007092
13	19	0.005952
13	20	0.007634
13	21	0.006993
13	22	0.007246
13	23	0.008547
13	24	0.010101
13	25	0.011364
13	27	0.019608
13	28	0.017857
13	29	0.017544
13	31	0.037037
13	32	0.008197
13	33	0.010309
13	35	0.012658
13	38	0.009434
13	39	0.013699
13	43	0.011236
13	44	0.009524
13	45	0.012821
13	60	0.026316
13	65	0.014085
13	77	0.018868
13	90	0.024390
13	91	0.033333
13	93	0.025641
13	95	0.043478
13	99	0.019608
13	101	0.021739
13	113	0.026316
13	115	0.025000
13	122	0.022727
13	148	0.029412
13	156	0.041667
13	166	0.040000
13	212	0.033333
13	247	0.050000
13	261	0.038462
13	277	0.040000
13	284	0.047619
13	307	0.047619
13	322	0.041667
13	336	0.047619
13	405	0.052632
13	417	0.052632
13	426	0.055556
13	429	0.052632
14	18	0.007092
14	19	0.005952
14	20	0.007634
14	21	0.006993
14	22	0.007246
14	23	0.008547
14	24	0.010101
14	25	0.011364
14	27	0.019608
14	28	0.017857
14	30	0.023810
14	34	0.009709
14	35	0.012658
14	36	0.008772
14	40	0.009009
14	42	0.009709
14	43	0.011236
14	49	0.019231
14	50	0.012821
14	56	0.014925
14	57	0.021739
14	65	0.014085
14	74	0.012346
14	84	0.019608
14	90	0.024390
14	96	0.019231
14	104	0.020833
14	109	0.026316
14	114	0.030303
14	120	0.028571
14	123	0.031250
14	132	0.030303
14	140	0.029412
14	142	0.025641
14	145	0.031250
14	151	0.026316
14	157	0.045455
14	160	0.029412
14	167	0.031250
14	193	0.025000
14	196	0.034483
14	200	0.032258
14	211	0.032258
14	215	0.033333
14	224	0.040000
14	226	0.035714
14	228	0.040000
14	230	0.030303
14	234	0.040000
14	235	0.043478
14	239	0.043478
14	245	0.045455
14	246	0.043478
14	253	0.050000
14	254	0.052632
14	282	0.043478
14	291	0.045455
14	299	0.045455
14	314	0.043478
14	321	0.043478
14	326	0.043478
14	339	0.050000
14	345	0.050000
14	354	0.043478
14	362	0.045455
14	365	0.045455
14	366	0.052632
14	388	0.050000
14	389	0.050000
14	416	0.050000
14	432	0.050000
14	440	0.052632
14	443	0.062500
14	445	0.055556
14	446	0.055556
14	456	0.055556
14	463	0.055556
14	465	0.055556
15	18	0.007092
15	19	0.005952
15	20	0.007634
15	21	0.006993
15	22	0.007246
15	24	0.010101
15	25	0.011364
15	26	0.011236
15	27	0.019608
15	29	0.017544
15	30	0.023810
15	34	0.009709
15	35	0.012658
15	37	0.009174
15	44	0.009524
15	45	0.012821
15	49	0.019231
15	50	0.012821
15	56	0.014925
15	57	0.021739
15	62	0.035714
15	74	0.012346
15	76	0.018182
15	82	0.020000
15	84	0.019608
15	85	0.024390
15	87	0.018868
15	92	0.037037
15	103	0.025641
15	105	0.027027
15	118	0.028571
15	132	0.030303
15	138	0.024390
15	139	0.035714
15	145	0.031250
15	148	0.029412
15	151	0.026316
15	157	0.045455
15	160	0.029412
15	178	0.038462
15	188	0.045455
15	199	0.040000
15	201	0.034483
15	204	0.040000
15	211	0.032258
15	212	0.033333
15	216	0.035714
15	217	0.043478
15	218	0.035714
15	222	0.043478
15	230	0.030303
15	236	0.037037
15	248	0.031250
15	261	0.038462
15	265	0.035714
15	281	0.038462
15	286	0.052632
15	287	0.055556
15	290	0.045455
15	301	0.043478
15	319	0.055556
15	334	0.038462
15	338	0.050000
15	346	0.047619
15	352	0.037037
15	360	0.050000
15	368	0.052632
15	369	0.050000
15	370	0.045455
15	388	0.050000
15	392	0.052632
15	393	0.047619
15	394	0.047619
15	397	0.047619
15	406	0.052632
15	420	0.052632
15	423	0.055556
15	454	0.055556
15	461	0.050000
15	462	0.055556
15	468	0.055556
16	18	0.007092
16	19	0.005952
16	20	0.007634
16	21	0.006993
16	22	0.007246
16	23	0.008547
16	24	0.010101
16	25	0.011364
16	26	0.011236
16	27	0.019608
16	29	0.017544
16	31	0.037037
16	32	0.008197
16	33	0.010309
16	35	0.012658
16	38	0.009434
16	45	0.012821
16	47	0.017241
16	48	0.010870
16	52	0.013158
16	56	0.014925
16	57	0.021739
16	66	0.023256
16	69	0.015625
16	70	0.025641
16	73	0.016393
16	75	0.017544
16	76	0.018182
16	77	0.018868
16	85	0.024390
16	88	0.020000
16	93	0.025641
16	96	0.019231
16	108	0.023256
16	109	0.026316
16	116	0.024390
16	122	0.022727
16	124	0.032258
16	131	0.024390
16	153	0.031250
16	162	0.024390
16	170	0.033333
16	185	0.030303
16	190	0.047619
16	198	0.035714
16	205	0.034483
16	208	0.040000
16	212	0.033333
16	217	0.043478
16	222	0.043478
16	223	0.055556
16	229	0.034483
16	236	0.037037
16	254	0.052632
16	270	0.041667
16	271	0.041667
16	275	0.050000
16	284	0.047619
16	287	0.055556
16	293	0.041667
16	295	0.045455
16	301	0.043478
16	315	0.041667
16	325	0.037037
16	326	0.043478
16	340	0.045455
16	353	0.050000
16	363	0.050000
16	396	0.050000
16	400	0.047619
16	412	0.047619
16	415	0.052632
16	416	0.050000
16	421	0.047619
16	428	0.052632
16	441	0.055556
16	445	0.055556
16	452	0.055556
16	454	0.055556
17	18	0.007092
17	19	0.005952
17	20	0.007634
17	24	0.010101
17	29	0.017544
17	33	0.010309
17	47	0.017241
17	50	0.012821
17	52	0.013158
17	53	0.012346
17	54	0.012195
17	59	0.020408
17	64	0.014925
17	67	0.014706
17	69	0.015625
17	76	0.018182
17	83	0.021739
17	97	0.015152
17	99	0.019608
17	102	0.021277
17	123	0.031250
17	126	0.043478
17	146	0.028571
17	157	0.045455
17	163	0.035714
17	164	0.032258
17	179	0.029412
17	183	0.037037
17	199	0.040000
17	208	0.040000
17	209	0.038462
17	214	0.040000
17	217	0.043478
17	219	0.052632
17	238	0.030303
17	252	0.040000
17	284	0.047619
17	318	0.047619
17	368	0.052632
17	394	0.047619
17	408	0.050000
17	439	0.052632
17	441	0.055556
17	448	0.055556
18	0	0.016129
18	1	0.011765
18	2	0.011765
18	3	0.023256
18	4	0.010870
18	5	0.012821
18	6	0.013333
18	7	0.012987
18	8	0.010753
18	9	0.033333
18	10	0.025641
18	11	0.018182
18	12	0.012195
18	13	0.021277
18	14	0.012821
18	15	0.012346
18	16	0.012658
18	17	0.022727
18	19	0.005952
18	20	0.007634
18	21	0.006993
18	22	0.007246
18	23	0.008547
18	24	0.010101
18	25	0.011364
18	26	0.011236
18	27	0.019608
18	28	0.017857
18	29	0.017544
18	30	0.023810
18	31	0.037037
18	33	0.010309
18	34	0.009709
18	35	0.012658
18	36	0.008772
18	37	0.009174
18	39	0.013699
18	40	0.009009
18	42	0.009709
18	45	0.012821
18	47	0.017241
18	48	0.010870
18	49	0.019231
18	51	0.016129
18	52	0.013158
18	55	0.017241
18	58	0.015152
18	60	0.026316
18	62	0.035714
18	64	0.014925
18	67	0.014706
18	70	0.025641
18	72	0.020833
18	73	0.016393
18	74	0.012346
18	75	0.017544
18	77	0.018868
18	79	0.018182
18	80	0.020833
18	81	0.023256
18	83	0.021739
18	84	0.019608
18	86	0.020408
18	89	0.020833
18	90	0.024390
18	92	0.037037
18	93	0.025641
18	94	0.045455
18	95	0.043478
18	102	0.021277
18	103	0.025641
18	107	0.026316
18	110	0.021277
18	114	0.030303
18	120	0.028571
18	121	0.026316
18	128	0.025641
18	131	0.024390
18	134	0.027027
18	138	0.024390
18	142	0.025641
18	149	0.027778
18	150	0.027778
18	155	0.033333
18	167	0.031250
18	169	0.032258
18	172	0.033333
18	178	0.038462
18	179	0.029412
18	180	0.028571
18	181	0.035714
18	184	0.034483
18	185	0.030303
18	186	0.035714
18	192	0.029412
18	193	0.025000
18	206	0.041667
18	208	0.040000
18	211	0.032258
18	215	0.033333
18	219	0.052632
18	226	0.035714
18	245	0.045455
18	246	0.043478
18	256	0.034483
18	257	0.040000
18	266	0.038462
18	271	0.041667
18	272	0.037037
18	274	0.050000
18	276	0.040000
18	279	0.043478
18	287	0.055556
18	289	0.040000
18	292	0.045455
18	296	0.038462
18	299	0.045455
18	300	0.050000
18	306	0.038462
18	307	0.047619
18	311	0.052632
18	320	0.055556
18	333	0.045455
18	338	0.050000
18	340	0.045455
18	342	0.040000
18	360	0.050000
18	394	0.047619
18	396	0.050000
18	402	0.052632
18	412	0.047619
18	414	0.052632
18	422	0.052632
18	427	0.052632
18	432	0.050000
18	434	0.055556
18	435	0.055556
18	438	0.052632
18	440	0.052632
18	463	0.055556
18	464	0.055556
19	0	0.016129
19	1	0.011765
19	2	0.011765
19	3	0.023256
19	4	0.010870
19	5	0.012821
19	7	0.012987
19	8	0.010753
19	9	0.033333
19	10	0.025641
19	11	0.018182
19	12	0.012195
19	13	0.021277
19	14	0.012821
19	15	0.012346
19	16	0.012658
19	17	0.022727
19	18	0.007092
19	20	0.007634
19	21	0.006993
19	22	0.007246
19	23	0.008547
19	24	0.010101
19	25	0.011364
19	26	0.011236
19	27	0.019608
19	28	0.017857
19	29	0.017544
19	30	0.023810
19	31	0.037037
19	32	0.008197
19	33	0.010309
19	35	0.012658
19	36	0.008772
19	38	0.009434
19	39	0.013699
19	40	0.009009
19	42	0.009709
19	44	0.009524
19	46	0.017857
19	53	0.012346
19	55	0.017241
19	57	0.021739
19	58	0.015152
19	59	0.020408
19	60	0.026316
19	61	0.023810
19	63	0.038462
19	65	0.014085
19	66	0.023256
19	67	0.014706
19	68	0.019231
19	71	0.016667
19	74	0.012346
19	75	0.017544
19	76	0.018182
19	78	0.015152
19	79	0.018182
19	85	0.024390
19	86	0.020408
19	87	0.018868
19	91	0.033333
19	95	0.043478
19	97	0.015152
19	100	0.018182
19	106	0.016129
19	108	0.023256
19	113	0.026316
19	114	0.030303
19	115	0.025000
19	118	0.028571
19	120	0.028571
19	123	0.031250
19	125	0.032258
19	130	0.025000
19	134	0.027027
19	137	0.027778
19	141	0.027027
19	142	0.025641
19	143	0.022222
19	146	0.028571
19	148	0.029412
19	149	0.027778
19	151	0.026316
19	152	0.035714
19	153	0.031250
19	154	0.033333
19	160	0.029412
19	168	0.029412
19	170	0.033333
19	171	0.024390
19	173	0.032258
19	174	0.041667
19	177	0.025641
19	179	0.029412
19	182	0.041667
19	183	0.037037
19	187	0.030303
19	192	0.029412
19	196	0.034483
19	197	0.020408
19	198	0.035714
19	201	0.034483
19	203	0.025000
19	214	0.040000
19	216	0.035714
19	218	0.035714
19	225	0.038462
19	228	0.040000
19	229	0.034483
19	232	0.035714
19	233	0.032258
19	234	0.040000
19	237	0.050000
19	241	0.027778
19	244	0.034483
19	247	0.050000
19	251	0.047619
19	252	0.040000
19	259	0.045455
19	261	0.038462
19	262	0.037037
19	267	0.047619
19	270	0.041667
19	273	0.035714
19	279	0.043478
19	281	0.038462
19	284	0.047619
19	286	0.052632
19	288	0.050000
19	294	0.037037
19	298	0.045455
19	307	0.047619
19	309	0.052632
19	312	0.045455
19	316	0.047619
19	336	0.047619
19	339	0.050000
19	342	0.040000
19	343	0.038462
19	345	0.050000
19	348	0.045455
19	350	0.052632
19	351	0.055556
19	352	0.037037
19	354	0.043478
19	371	0.032258
19	372	0.050000
19	381	0.047619
19	382	0.055556
19	383	0.055556
19	384	0.047619
19	393	0.047619
19	394	0.047619
19	398	0.055556
19	407	0.052632
19	410	0.052632
19	418	0.052632
19	420	0.052632
19	426	0.055556
19	430	0.052632
19	431	0.055556
19	442	0.052632
19	447	0.055556
19	452	0.055556
19	457	0.055556
19	469	0.055556
19	471	0.055556
20	0	0.016129
20	1	0.011765
20	2	0.011765
20	3	0.023256
20	5	0.012821
20	6	0.013333
20	7	0.012987
20	8	0.010753
20	10	0.025641
20	11	0.018182
20	12	0.012195
20	13	0.021277
20	14	0.012821
20	15	0.012346
20	16	0.012658
20	17	0.022727
20	18	0.007092
20	19	0.005952
20	21	0.006993
20	23	0.008547
20	24	0.010101
20	25	0.011364
20	26	0.011236
20	27	0.019608
20	28	0.017857
20	29	0.017544
20	30	0.023810
20	31	0.037037
20	32	0.008197
20	34	0.009709
20	35	0.012658
20	36	0.008772
20	37	0.009174
20	38	0.009434
20	39	0.013699
20	40	0.009009
20	41	0.014706
20	44	0.009524
20	47	0.017241
20	49	0.019231
20	52	0.013158
20	55	0.017241
20	59	0.020408
20	60	0.026316
20	64	0.014925
20	65	0.014085
20	69	0.015625
20	70	0.025641
20	71	0.016667
20	72	0.020833
20	73	0.016393
20	75	0.017544
20	76	0.018182
20	81	0.023256
20	84	0.019608
20	87	0.018868
20	90	0.024390
20	91	0.033333
20	92	0.037037
20	94	0.045455
20	96	0.019231
20	108	0.023256
20	112	0.018868
20	114	0.030303
20	116	0.024390
20	118	0.028571
20	127	0.035714
20	133	0.031250
20	136	0.027778
20	145	0.031250
20	146	0.028571
20	151	0.026316
20	152	0.035714
20	155	0.033333
20	164	0.032258
20	177	0.025641
20	186	0.035714
20	187	0.030303
20	199	0.040000
20	203	0.025000
20	206	0.041667
20	209	0.038462
20	220	0.045455
20	225	0.038462
20	228	0.040000
20	231	0.033333
20	236	0.037037
20	239	0.043478
20	242	0.035714
20	248	0.031250
20	254	0.052632
20	267	0.047619
20	268	0.040000
20	272	0.037037
20	275	0.050000
20	278	0.050000
20	280	0.043478
20	283	0.052632
20	291	0.045455
20	292	0.045455
20	298	0.045455
20	299	0.045455
20	300	0.050000
20	303	0.035714
20	306	0.038462
20	308	0.047619
20	314	0.043478
20	317	0.055556
20	337	0.047619
20	339	0.050000
20	341	0.050000
20	348	0.045455
20	363	0.050000
20	373	0.052632
20	379	0.045455
20	380	0.050000
20	384	0.047619
20	385	0.055556
20	405	0.052632
20	410	0.052632
20	411	0.055556
20	416	0.050000
20	421	0.047619
20	433	0.052632
20	438	0.052632
20	439	0.052632
20	442	0.052632
20	455	0.055556
20	464	0.055556
20	466	0.055556
20	470	0.055556
21	0	0.016129
21	1	0.011765
21	2	0.011765
21	3	0.023256
21	4	0.010870
21	5	0.012821
21	7	0.012987
21	8	0.010753
21	9	0.033333
21	11	0.018182
21	12	0.012195
21	13	0.021277
21	14	0.012821
21	15	0.012346
21	16	0.012658
21	18	0.007092
21	19	0.005952
21	20	0.007634
21	23	0.008547
21	24	0.010101
21	25	0.011364
21	26	0.011236
21	28	0.017857
21	29	0.017544
21	30	0.023810
21	31	0.037037
21	32	0.008197
21	33	0.010309
21	34	0.009709
21	35	0.012658
21	37	0.009174
21	38	0.009434
21	39	0.013699
21	42	0.009709
21	43	0.011236
21	46	0.017857
21	47	0.017241
21	52	0.013158
21	54	0.012195
21	55	0.017241
21	56	0.014925
21	58	0.015152
21	59	0.020408
21	60	0.026316
21	63	0.038462
21	65	0.014085
21	67	0.014706
21	71	0.016667
21	72	0.020833
21	73	0.016393
21	75	0.017544
21	76	0.018182
21	79	0.018182
21	81	0.023256
21	82	0.020000
21	87	0.018868
21	89	0.020833
21	90	0.024390
21	91	0.033333
21	93	0.025641
21	94	0.045455
21	95	0.043478
21	96	0.019231
21	98	0.021739
21	102	0.021277
21	105	0.027027
21	110	0.021277
21	115	0.025000
21	116	0.024390
21	120	0.028571
21	132	0.030303
21	138	0.024390
21	145	0.031250
21	148	0.029412
21	153	0.031250
21	154	0.033333
21	156	0.041667
21	159	0.052632
21	162	0.024390
21	165	0.037037
21	166	0.040000
21	171	0.024390
21	174	0.041667
21	175	0.037037
21	178	0.038462
21	181	0.035714
21	185	0.030303
21	189	0.043478
21	192	0.029412
21	199	0.040000
21	202	0.032258
21	205	0.034483
21	207	0.034483
21	221	0.043478
21	222	0.043478
21	226	0.035714
21	228	0.040000
21	233	0.032258
21	234	0.040000
21	237	0.050000
21	250	0.043478
21	253	0.050000
21	257	0.040000
21	259	0.045455
21	262	0.037037
21	263	0.041667
21	265	0.035714
21	271	0.041667
21	272	0.037037
21	279	0.043478
21	282	0.043478
21	284	0.047619
21	295	0.045455
21	297	0.038462
21	300	0.050000
21	301	0.043478
21	306	0.038462
21	310	0.043478
21	318	0.047619
21	330	0.045455
21	331	0.047619
21	333	0.045455
21	339	0.050000
21	343	0.038462
21	347	0.043478
21	348	0.045455
21	350	0.052632
21	353	0.050000
21	358	0.040000
21	362	0.045455
21	380	0.050000
21	381	0.047619
21	383	0.055556
21	408	0.050000
21	416	0.050000
21	420	0.052632
21	424	0.052632
21	428	0.052632
21	439	0.052632
21	461	0.050000
21	462	0.055556
21	464	0.055556
21	469	0.055556
22	0	0.016129
22	1	0.011765
22	3	0.023256
22	4	0.010870
22	5	0.012821
22	6	0.013333
22	7	0.012987
22	8	0.010753
22	9	0.033333
22	11	0.018182
22	12	0.012195
22	13	0.021277
22	14	0.012821
22	15	0.012346
22	16	0.012658
22	18	0.007092
22	19	0.005952
22	24	0.010101
22	26	0.011236
22	27	0.019608
22	28	0.017857
22	29	0.017544
22	30	0.023810
22	31	0.037037
22	32	0.008197
22	34	0.009709
22	35	0.012658
22	36	0.008772
22	37	0.009174
22	39	0.013699
22	40	0.009009
22	41	0.014706
22	43	0.011236
22	44	0.009524
22	45	0.012821
22	46	0.017857
22	47	0.017241
22	49	0.019231
22	50	0.012821
22	52	0.013158
22	53	0.012346
22	57	0.021739
22	60	0.026316
22	61	0.023810
22	62	0.035714
22	63	0.038462
22	65	0.014085
22	66	0.023256
22	68	0.019231
22	70	0.025641
22	71	0.016667
22	72	0.020833
22	73	0.016393
22	75	0.017544
22	76	0.018182
22	80	0.020833
22	81	0.023256
22	85	0.024390
22	88	0.020000
22	90	0.024390
22	96	0.019231
22	97	0.015152
22	101	0.021739
22	107	0.026316
22	109	0.026316
22	111	0.023256
22	120	0.028571
22	122	0.022727
22	123	0.031250
22	124	0.032258
22	131	0.024390
22	132	0.030303
22	136	0.027778
22	144	0.037037
22	145	0.031250
22	146	0.028571
22	147	0.030303
22	150	0.027778
22	151	0.026316
22	156	0.041667
22	159	0.052632
22	161	0.020408
22	164	0.032258
22	166	0.040000
22	173	0.032258
22	176	0.028571
22	178	0.038462
22	180	0.028571
22	189	0.043478
22	192	0.029412
22	194	0.043478
22	205	0.034483
22	223	0.055556
22	225	0.038462
22	226	0.035714
22	231	0.033333
22	232	0.035714
22	236	0.037037
22	238	0.030303
22	241	0.027778
22	243	0.032258
22	245	0.045455
22	247	0.050000
22	248	0.031250
22	250	0.043478
22	255	0.050000
22	257	0.040000
22	265	0.035714
22	275	0.050000
22	277	0.040000
22	286	0.052632
22	299	0.045455
22	300	0.050000
22	313	0.043478
22	314	0.043478
22	316	0.047619
22	318	0.047619
22	320	0.055556
22	323	0.041667
22	334	0.038462
22	340	0.045455
22	344	0.047619
22	362	0.045455
22	370	0.045455
22	373	0.052632
22	376	0.052632
22	378	0.050000
22	381	0.047619
22	382	0.055556
22	400	0.047619
22	404	0.055556
22	407	0.052632
22	412	0.047619
22	438	0.052632
22	440	0.052632
22	449	0.050000
22	454	0.055556
22	460	0.055556
23	0	0.016129
23	1	0.011765
23	2	0.011765
23	3	0.023256
23	4	0.010870
23	5	0.012821
23	8	0.010753
23	9	0.033333
23	10	0.025641
23	11	0.018182
23	13	0.021277
23	14	0.012821
23	16	0.012658
23	18	0.007092
23	19	0.005952
23	20	0.007634
23	21	0.006993
23	25	0.011364
23	27	0.019608
23	28	0.017857
23	29	0.017544
23	30	0.023810
23	31	0.037037
23	32	0.008197
23	34	0.009709
23	36	0.008772
23	37	0.009174
23	38	0.009434
23	39	0.013699
23	40	0.009009
23	41	0.014706
23	45	0.012821
23	47	0.017241
23	48	0.010870
23	49	0.019231
23	52	0.013158
23	53	0.012346
23	55	0.017241
23	56	0.014925
23	58	0.015152
23	59	0.020408
23	62	0.035714
23	64	0.014925
23	66	0.023256
23	73	0.016393
23	74	0.012346
23	78	0.015152
23	80	0.020833
23	81	0.023256
23	82	0.020000
23	83	0.021739
23	84	0.019608
23	85	0.024390
23	89	0.020833
23	90	0.024390
23	92	0.037037
23	95	0.043478
23	97	0.015152
23	99	0.019608
23	102	0.021277
23	103	0.025641
23	107	0.026316
23	111	0.023256
23	113	0.026316
23	114	0.030303
23	115	0.025000
23	117	0.025641
23	119	0.017857
23	121	0.026316
23	126	0.043478
23	130	0.025000
23	136	0.027778
23	137	0.027778
23	138	0.024390
23	139	0.035714
23	140	0.029412
23	147	0.030303
23	155	0.033333
23	161	0.020408
23	166	0.040000
23	170	0.033333
23	171	0.024390
23	174	0.041667
23	183	0.037037
23	196	0.034483
23	200	0.032258
23	214	0.040000
23	224	0.040000
23	227	0.027778
23	233	0.032258
23	235	0.043478
23	237	0.050000
23	240	0.040000
23	245	0.045455
23	264	0.043478
23	273	0.035714
23	277	0.040000
23	282	0.043478
23	285	0.043478
23	287	0.055556
23	288	0.050000
23	291	0.045455
23	296	0.038462
23	306	0.038462
23	328	0.050000
23	360	0.050000
23	380	0.050000
23	382	0.055556
23	391	0.050000
23	392	0.052632
23	409	0.055556
23	412	0.047619
23	419	0.055556
23	423	0.055556
23	434	0.055556
23	436	0.052632
23	448	0.055556
24	2	0.011765
24	5	0.012821
24	7	0.012987
24	8	0.010753
24	10	0.025641
24	11	0.018182
24	12	0.012195
24	13	0.021277
24	14	0.012821
24	15	0.012346
24	16	0.012658
24	17	0.022727
24	18	0.007092
24	19	0.005952
24	20	0.007634
24	21	0.006993
24	22	0.007246
24	27	0.019608
24	28	0.017857
24	30	0.023810
24	31	0.037037
24	32	0.008197
24	33	0.010309
24	34	0.009709
24	36	0.008772
24	37	0.009174
24	38	0.009434
24	39	0.013699
24	41	0.014706
24	45	0.012821
24	46	0.017857
24	48	0.010870
24	49	0.019231
24	50	0.012821
24	53	0.012346
24	57	0.021739
24	62	0.035714
24	64	0.014925
24	70	0.025641
24	73	0.016393
24	76	0.018182
24	81	0.023256
24	85	0.024390
24	87	0.018868
24	88	0.020000
24	94	0.045455
24	114	0.030303
24	122	0.022727
24	125	0.032258
24	133	0.031250
24	134	0.027027
24	136	0.027778
24	140	0.029412
24	142	0.025641
24	146	0.028571
24	152	0.035714
24	154	0.033333
24	155	0.033333
24	177	0.025641
24	183	0.037037
24	185	0.030303
24	191	0.047619
24	198	0.035714
24	206	0.041667
24	210	0.034483
24	219	0.052632
24	233	0.032258
24	237	0.050000
24	253	0.050000
24	262	0.037037
24	273	0.035714
24	275	0.050000
24	281	0.038462
24	287	0.055556
24	296	0.038462
24	298	0.045455
24	309	0.052632
24	310	0.043478
24	328	0.050000
24	330	0.045455
24	333	0.045455
24	340	0.045455
24	352	0.037037
24	361	0.050000
24	370	0.045455
24	375	0.050000
24	377	0.055556
24	378	0.050000
24	381	0.047619
24	383	0.055556
24	391	0.050000
24	396	0.050000
24	410	0.052632
24	417	0.052632
24	421	0.047619
24	434	0.055556
24	443	0.062500
24	459	0.055556
24	463	0.055556
25	1	0.011765
25	2	0.011765
25	3	0.023256
25	5	0.012821
25	6	0.013333
25	7	0.012987
25	10	0.025641
25	12	0.012195
25	13	0.021277
25	14	0.012821
25	15	0.012346
25	16	0.012658
25	18	0.007092
25	19	0.005952
25	20	0.007634
25	21	0.006993
25	23	0.008547
25	26	0.011236
25	27	0.019608
25	28	0.017857
25	30	0.023810
25	32	0.008197
25	33	0.010309
25	34	0.009709
25	35	0.012658
25	36	0.008772
25	39	0.013699
25	41	0.014706
25	43	0.011236
25	49	0.019231
25	52	0.013158
25	54	0.012195
25	56	0.014925
25	57	0.021739
25	59	0.020408
25	60	0.026316
25	61	0.023810
25	64	0.014925
25	65	0.014085
25	66	0.023256
25	70	0.025641
25	78	0.015152
25	79	0.018182
25	82	0.020000
25	86	0.020408
25	98	0.021739
25	100	0.018182
25	107	0.026316
25	108	0.023256
25	113	0.026316
25	131	0.024390
25	133	0.031250
25	141	0.027027
25	143	0.022222
25	166	0.040000
25	169	0.032258
25	174	0.041667
25	176	0.028571
25	188	0.045455
25	201	0.034483
25	237	0.050000
25	242	0.035714
25	246	0.043478
25	253	0.050000
25	257	0.040000
25	263	0.041667
25	270	0.041667
25	277	0.040000
25	280	0.043478
25	281	0.038462
25	285	0.043478
25	286	0.052632
25	307	0.047619
25	318	0.047619
25	326	0.043478
25	335	0.043478
25	344	0.047619
25	348	0.045455
25	358	0.040000
25	378	0.050000
25	383	0.055556
25	384	0.047619
25	404	0.055556
25	413	0.052632
25	417	0.052632
25	446	0.055556
25	455	0.055556
25	456	0.055556
26	0	0.016129
26	1	0.011765
26	2	0.011765
26	3	0.023256
26	7	0.012987
26	8	0.010753
26	11	0.018182
26	12	0.012195
26	15	0.012346
26	16	0.012658
26	18	0.007092
26	19	0.005952
26	20	0.007634
26	21	0.006993
26	22	0.007246
26	25	0.011364
26	27	0.019608
26	28	0.017857
26	29	0.017544
26	30	0.023810
26	33	0.010309
26	34	0.009709
26	35	0.012658
26	36	0.008772
26	39	0.013699
26	41	0.014706
26	42	0.009709
26	49	0.019231
26	52	0.013158
26	53	0.012346
26	59	0.020408
26	62	0.035714
26	65	0.014085
26	66	0.023256
26	77	0.018868
26	78	0.015152
26	86	0.020408
26	87	0.018868
26	92	0.037037
26	99	0.019608
26	106	0.016129
26	108	0.023256
26	109	0.026316
26	110	0.021277
26	113	0.026316
26	120	0.028571
26	121	0.026316
26	122	0.022727
26	123	0.031250
26	125	0.032258
26	126	0.043478
26	128	0.025641
26	147	0.030303
26	155	0.033333
26	165	0.037037
26	167	0.031250
26	176	0.028571
26	183	0.037037
26	201	0.034483
26	202	0.032258
26	208	0.040000
26	214	0.040000
26	216	0.035714
26	218	0.035714
26	219	0.052632
26	223	0.055556
26	229	0.034483
26	230	0.030303
26	232	0.035714
26	244	0.034483
26	250	0.043478
26	251	0.047619
26	254	0.052632
26	259	0.045455
26	262	0.037037
26	268	0.040000
26	300	0.050000
26	315	0.041667
26	329	0.041667
26	342	0.040000
26	353	0.050000
26	354	0.043478
26	369	0.050000
26	380	0.050000
26	393	0.047619
26	406	0.052632
26	459	0.055556
26	464	0.055556
26	465	0.055556
27	0	0.016129
27	3	0.023256
27	4	0.010870
27	5	0.012821
27	6	0.013333
27	9	0.033333
27	13	0.021277
27	14	0.012821
27	15	0.012346
27	16	0.012658
27	18	0.007092
27	19	0.005952
27	20	0.007634
27	22	0.007246
27	23	0.008547
27	24	0.010101
27	25	0.011364
27	26	0.011236
27	28	0.017857
27	32	0.008197
27	33	0.010309
27	43	0.011236
27	46	0.017857
27	47	0.017241
27	54	0.012195
27	56	0.014925
27	59	0.020408
27	63	0.038462
27	69	0.015625
27	75	0.017544
27	78	0.015152
27	79	0.018182
27	93	0.025641
27	99	0.019608
27	100	0.018182
27	119	0.017857
27	120	0.028571
27	128	0.025641
27	210	0.034483
27	211	0.032258
27	223	0.055556
27	227	0.027778
27	261	0.038462
27	283	0.052632
27	296	0.038462
27	376	0.052632
27	391	0.050000
27	412	0.047619
27	442	0.052632
27	462	0.055556
27	471	0.055556
28	0	0.016129
28	3	0.023256
28	4	0.010870
28	5	0.012821
28	6	0.013333
28	8	0.010753
28	13	0.021277
28	14	0.012821
28	18	0.007092
28	19	0.005952
28	20	0.007634
28	21	0.006993
28	22	0.007246
28	23	0.008547
28	24	0.010101
28	25	0.011364
28	26	0.011236
28	27	0.019608
28	31	0.037037
28	32	0.008197
28	33	0.010309
28	34	0.009709
28	36	0.008772
28	37	0.009174
28	39	0.013699
28	50	0.012821
28	52	0.013158
28	54	0.012195
28	61	0.023810
28	68	0.019231
28	71	0.016667
28	75	0.017544
28	76	0.018182
28	82	0.020000
28	86	0.020408
28	93	0.025641
28	113	0.026316
28	123	0.031250
28	132	0.030303
28	151	0.026316
28	164	0.032258
28	194	0.043478
28	216	0.035714
28	244	0.034483
28	246	0.043478
28	251	0.047619
28	257	0.040000
28	261	0.038462
28	268	0.040000
28	314	0.043478
28	327	0.045455
28	333	0.045455
28	349	0.052632
28	355	0.043478
28	363	0.050000
28	380	0.050000
29	2	0.011765
29	3	0.023256
29	5	0.012821
29	6	0.013333
29	8	0.010753
29	11	0.018182
29	12	0.012195
29	13	0.021277
29	15	0.012346
29	16	0.012658
29	17	0.022727
29	18	0.007092
29	19	0.005952
29	20	0.007634
29	21	0.006993
29	22	0.007246
29	23	0.008547
29	26	0.011236
29	31	0.037037
29	33	0.010309
29	36	0.008772
29	38	0.009434
29	39	0.013699
29	46	0.017857
29	49	0.019231
29	50	0.012821
29	61	0.023810
29	63	0.038462
29	67	0.014706
29	69	0.015625
29	73	0.016393
29	78	0.015152
29	86	0.020408
29	99	0.019608
29	126	0.043478
29	141	0.027027
29	150	0.027778
29	160	0.029412
29	175	0.037037
29	196	0.034483
29	197	0.020408
29	204	0.040000
29	222	0.043478
29	248	0.031250
29	257	0.040000
29	266	0.038462
29	269	0.038462
29	275	0.050000
29	278	0.050000
29	287	0.055556
29	308	0.047619
29	310	0.043478
29	368	0.052632
29	419	0.055556
29	441	0.055556
29	446	0.055556
29	456	0.055556
30	1	0.011765
30	4	0.010870
30	5	0.012821
30	6	0.013333
30	7	0.012987
30	8	0.010753
30	14	0.012821
30	15	0.012346
30	18	0.007092
30	19	0.005952
30	20	0.007634
30	21	0.006993
30	22	0.007246
30	23	0.008547
30	24	0.010101
30	25	0.011364
30	26	0.011236
30	31	0.037037
30	35	0.012658
30	41	0.014706
30	48	0.010870
30	49	0.019231
30	67	0.014706
30	69	0.015625
30	77	0.018868
30	79	0.018182
30	97	0.015152
30	122	0.022727
30	138	0.024390
30	148	0.029412
30	153	0.031250
30	159	0.052632
30	216	0.035714
30	220	0.045455
30	235	0.043478
30	298	0.045455
30	305	0.040000
30	346	0.047619
30	350	0.052632
30	374	0.047619
30	439	0.052632
30	463	0.055556
31	2	0.011765
31	4	0.010870
31	6	0.013333
31	7	0.012987
31	8	0.010753
31	13	0.021277
31	16	0.012658
31	18	0.007092
31	19	0.005952
31	20	0.007634
31	21	0.006993
31	22	0.007246
31	23	0.008547
31	24	0.010101
31	28	0.017857
31	29	0.017544
31	30	0.023810
31	42	0.009709
31	48	0.010870
31	51	0.016129
31	67	0.014706
31	110	0.021277
31	147	0.030303
31	184	0.034483
31	285	0.043478
31	399	0.055556
31	460	0.055556
32	2	0.011765
32	4	0.010870
32	5	0.012821
32	8	0.010753
32	11	0.018182
32	12	0.012195
32	13	0.021277
32	16	0.012658
32	19	0.005952
32	20	0.007634
32	21	0.006993
32	22	0.007246
32	23	0.008547
32	24	0.010101
32	25	0.011364
32	27	0.019608
32	28	0.017857
32	34	0.009709
32	35	0.012658
32	37	0.009174
32	38	0.009434
32	39	0.013699
32	40	0.009009
32	41	0.014706
32	43	0.011236
32	45	0.012821
32	48	0.010870
32	50	0.012821
32	51	0.016129
32	54	0.012195
32	55	0.017241
32	58	0.015152
32	59	0.020408
32	60	0.026316
32	62	0.035714
32	63	0.038462
32	65	0.014085
32	66	0.023256
32	69	0.015625
32	70	0.025641
32	72	0.020833
32	75	0.017544
32	76	0.018182
32	77	0.018868
32	79	0.018182
32	80	0.020833
32	87	0.018868
32	89	0.020833
32	91	0.033333
32	94	0.045455
32	97	0.015152
32	100	0.018182
32	101	0.021739
32	103	0.025641
32	104	0.020833
32	106	0.016129
32	109	0.026316
32	110	0.021277
32	114	0.030303
32	119	0.017857
32	127	0.035714
32	130	0.025000
32	135	0.026316
32	136	0.027778
32	148	0.029412
32	149	0.027778
32	151	0.026316
32	159	0.052632
32	174	0.041667
32	184	0.034483
32	185	0.030303
32	194	0.043478
32	199	0.040000
32	200	0.032258
32	210	0.034483
32	214	0.040000
32	227	0.027778
32	232	0.035714
32	234	0.040000
32	238	0.030303
32	243	0.032258
32	247	0.050000
32	248	0.031250
32	251	0.047619
32	254	0.052632
32	260	0.045455
32	264	0.043478
32	267	0.047619
32	269	0.038462
32	270	0.041667
32	271	0.041667
32	275	0.050000
32	276	0.040000
32	284	0.047619
32	285	0.043478
32	289	0.040000
32	291	0.045455
32	299	0.045455
32	303	0.035714
32	327	0.045455
32	332	0.035714
32	333	0.045455
32	334	0.038462
32	337	0.047619
32	349	0.052632
32	355	0.043478
32	356	0.047619
32	357	0.052632
32	364	0.052632
32	368	0.052632
32	381	0.047619
32	383	0.055556
32	388	0.050000
32	392	0.052632
32	394	0.047619
32	408	0.050000
32	418	0.052632
32	435	0.055556
32	436	0.052632
32	442	0.052632
32	451	0.055556
32	463	0.055556
33	1	0.011765
33	3	0.023256
33	7	0.012987
33	12	0.012195
33	13	0.021277
33	16	0.012658
33	17	0.022727
33	18	0.007092
33	19	0.005952
33	21	0.006993
33	24	0.010101
33	25	0.011364
33	26	0.011236
33	27	0.019608
33	28	0.017857
33	29	0.017544
33	36	0.008772
33	38	0.009434
33	39	0.013699
33	42	0.009709
33	44	0.009524
33	50	0.012821
33	52	0.013158
33	53	0.012346
33	54	0.012195
33	58	0.015152
33	59	0.020408
33	60	0.026316
33	65	0.014085
33	68	0.019231
33	70	0.025641
33	74	0.012346
33	75	0.017544
33	77	0.018868
33	79	0.018182
33	83	0.021739
33	86	0.020408
33	88	0.020000
33	93	0.025641
33	97	0.015152
33	98	0.021739
33	99	0.019608
33	104	0.020833
33	106	0.016129
33	107	0.026316
33	112	0.018868
33	117	0.025641
33	118	0.028571
33	119	0.017857
33	123	0.031250
33	124	0.032258
33	127	0.035714
33	135	0.026316
33	141	0.027027
33	148	0.029412
33	151	0.026316
33	152	0.035714
33	153	0.031250
33	154	0.033333
33	161	0.020408
33	176	0.028571
33	177	0.025641
33	190	0.047619
33	191	0.047619
33	214	0.040000
33	216	0.035714
33	225	0.038462
33	239	0.043478
33	243	0.032258
33	244	0.034483
33	250	0.043478
33	256	0.034483
33	258	0.038462
33	260	0.045455
33	265	0.035714
33	269	0.038462
33	278	0.050000
33	280	0.043478
33	283	0.052632
33	286	0.052632
33	295	0.045455
33	317	0.055556
33	332	0.035714
33	335	0.043478
33	341	0.050000
33	342	0.040000
33	349	0.052632
33	368	0.052632
33	371	0.032258
33	392	0.052632
33	397	0.047619
33	398	0.055556
33	414	0.052632
33	420	0.052632
33	425	0.055556
33	444	0.055556
33	457	0.055556
34	1	0.011765
34	2	0.011765
34	8	0.010753
34	9	0.033333
34	12	0.012195
34	14	0.012821
34	15	0.012346
34	18	0.007092
34	20	0.007634
34	21	0.006993
34	22	0.007246
34	23	0.008547
34	24	0.010101
34	25	0.011364
34	26	0.011236
34	28	0.017857
34	32	0.008197
34	36	0.008772
34	40	0.009009
34	41	0.014706
34	42	0.009709
34	43	0.011236
34	44	0.009524
34	45	0.012821
34	46	0.017857
34	49	0.019231
34	51	0.016129
34	53	0.012346
34	54	0.012195
34	57	0.021739
34	60	0.026316
34	62	0.035714
34	64	0.014925
34	65	0.014085
34	68	0.019231
34	72	0.020833
34	73	0.016393
34	78	0.015152
34	83	0.021739
34	85	0.024390
34	88	0.020000
34	90	0.024390
34	92	0.037037
34	94	0.045455
34	97	0.015152
34	103	0.025641
34	109	0.026316
34	115	0.025000
34	117	0.025641
34	121	0.026316
34	123	0.031250
34	133	0.031250
34	135	0.026316
34	139	0.035714
34	152	0.035714
34	157	0.045455
34	165	0.037037
34	166	0.040000
34	174	0.041667
34	184	0.034483
34	191	0.047619
34	192	0.029412
34	195	0.038462
34	200	0.032258
34	208	0.040000
34	213	0.035714
34	215	0.033333
34	217	0.043478
34	220	0.045455
34	235	0.043478
34	241	0.027778
34	247	0.050000
34	249	0.043478
34	251	0.047619
34	254	0.052632
34	256	0.034483
34	267	0.047619
34	270	0.041667
34	272	0.037037
34	281	0.038462
34	287	0.055556
34	289	0.040000
34	293	0.041667
34	304	0.047619
34	310	0.043478
34	317	0.055556
34	319	0.055556
34	330	0.045455
34	334	0.038462
34	335	0.043478
34	355	0.043478
34	356	0.047619
34	372	0.050000
34	373	0.052632
34	374	0.047619
34	397	0.047619
34	424	0.052632
34	431	0.055556
34	435	0.055556
34	438	0.052632
34	441	0.055556
34	444	0.055556
34	446	0.055556
35	2	0.011765
35	3	0.023256
35	5	0.012821
35	6	0.013333
35	11	0.018182
35	13	0.021277
35	14	0.012821
35	15	0.012346
35	16	0.012658
35	18	0.007092
35	19	0.005952
35	20	0.007634
35	21	0.006993
35	22	0.007246
35	25	0.011364
35	26	0.011236
35	30	0.023810
35	32	0.008197
35	36	0.008772
35	37	0.009174
35	38	0.009434
35	42	0.009709
35	47	0.017241
35	48	0.010870
35	50	0.012821
35	55	0.017241
35	57	0.021739
35	63	0.038462
35	64	0.014925
35	65	0.014085
35	88	0.020000
35	94	0.045455
35	99	0.019608
35	100	0.018182
35	102	0.021277
35	105	0.027027
35	109	0.026316
35	111	0.023256
35	120	0.028571
35	121	0.026316
35	122	0.022727
35	138	0.024390
35	144	0.037037
35	147	0.030303
35	170	0.033333
35	193	0.025000
35	196	0.034483
35	201	0.034483
35	206	0.041667
35	209	0.038462
35	210	0.034483
35	211	0.032258
35	216	0.035714
35	240	0.040000
35	244	0.034483
35	252	0.040000
35	253	0.050000
35	263	0.041667
35	276	0.040000
35	277	0.040000
35	289	0.040000
35	295	0.045455
35	296	0.038462
35	298	0.045455
35	304	0.047619
35	311	0.052632
35	313	0.043478
35	320	0.055556
35	330	0.045455
35	338	0.050000
35	364	0.052632
35	382	0.055556
35	385	0.055556
35	392	0.052632
35	394	0.047619
35	407	0.052632
35	410	0.052632
35	416	0.050000
35	425	0.055556
36	0	0.016129
36	4	0.010870
36	11	0.018182
36	12	0.012195
36	14	0.012821
36	18	0.007092
36	19	0.005952
36	20	0.007634
36	22	0.007246
36	23	0.008547
36	24	0.010101
36	25	0.011364
36	26	0.011236
36	28	0.017857
36	29	0.017544
36	33	0.010309
36	34	0.009709
36	35	0.012658
36	38	0.009434
36	40	0.009009
36	41	0.014706
36	42	0.009709
36	43	0.011236
36	44	0.009524
36	45	0.012821
36	48	0.010870
36	51	0.016129
36	52	0.013158
36	54	0.012195
36	55	0.017241
36	56	0.014925
36	59	0.020408
36	61	0.023810
36	65	0.014085
36	67	0.014706
36	68	0.019231
36	70	0.025641
36	72	0.020833
36	73	0.016393
36	75	0.017544
36	76	0.018182
36	79	0.018182
36	84	0.019608
36	85	0.024390
36	87	0.018868
36	94	0.045455
36	95	0.043478
36	100	0.018182
36	101	0.021739
36	105	0.027027
36	107	0.026316
36	109	0.026316
36	110	0.021277
36	111	0.023256
36	112	0.018868
36	114	0.030303
36	115	0.025000
36	122	0.022727
36	137	0.027778
36	139	0.035714
36	140	0.029412
36	143	0.022222
36	144	0.037037
36	145	0.031250
36	149	0.027778
36	157	0.045455
36	160	0.029412
36	162	0.024390
36	163	0.035714
36	169	0.032258
36	170	0.033333
36	178	0.038462
36	185	0.030303
36	188	0.045455
36	191	0.047619
36	199	0.040000
36	200	0.032258
36	208	0.040000
36	212	0.033333
36	219	0.052632
36	221	0.043478
36	225	0.038462
36	226	0.035714
36	231	0.033333
36	241	0.027778
36	260	0.045455
36	264	0.043478
36	276	0.040000
36	280	0.043478
36	288	0.050000
36	290	0.045455
36	291	0.045455
36	298	0.045455
36	300	0.050000
36	306	0.038462
36	311	0.052632
36	313	0.043478
36	321	0.043478
36	324	0.052632
36	349	0.052632
36	352	0.037037
36	354	0.043478
36	355	0.043478
36	369	0.050000
36	385	0.055556
36	401	0.050000
36	406	0.052632
36	407	0.052632
36	408	0.050000
36	415	0.052632
36	428	0.052632
36	451	0.055556
36	463	0.055556
36	469	0.055556
37	0	0.016129
37	1	0.011765
37	2	0.011765
37	4	0.010870
37	5	0.012821
37	6	0.013333
37	8	0.010753
37	12	0.012195
37	15	0.012346
37	18	0.007092
37	20	0.007634
37	21	0.006993
37	22	0.007246
37	23	0.008547
37	24	0.010101
37	28	0.017857
37	32	0.008197
37	35	0.012658
37	38	0.009434
37	40	0.009009
37	42	0.009709
37	43	0.011236
37	44	0.009524
37	46	0.017857
37	48	0.010870
37	49	0.019231
37	51	0.016129
37	55	0.017241
37	61	0.023810
37	64	0.014925
37	66	0.023256
37	69	0.015625
37	70	0.025641
37	73	0.016393
37	81	0.023256
37	82	0.020000
37	83	0.021739
37	91	0.033333
37	92	0.037037
37	93	0.025641
37	95	0.043478
37	106	0.016129
37	107	0.026316
37	108	0.023256
37	114	0.030303
37	127	0.035714
37	128	0.025641
37	129	0.028571
37	131	0.024390
37	137	0.027778
37	141	0.027027
37	144	0.037037
37	145	0.031250
37	162	0.024390
37	164	0.032258
37	168	0.029412
37	170	0.033333
37	172	0.033333
37	173	0.032258
37	190	0.047619
37	202	0.032258
37	209	0.038462
37	218	0.035714
37	221	0.043478
37	226	0.035714
37	241	0.027778
37	246	0.043478
37	252	0.040000
37	266	0.038462
37	285	0.043478
37	288	0.050000
37	304	0.047619
37	305	0.040000
37	313	0.043478
37	315	0.041667
37	316	0.047619
37	324	0.052632
37	327	0.045455
37	334	0.038462
37	335	0.043478
37	348	0.045455
37	349	0.052632
37	350	0.052632
37	355	0.043478
37	356	0.047619
37	362	0.045455
37	365	0.045455
37	371	0.032258
37	376	0.052632
37	378	0.050000
37	379	0.045455
37	390	0.052632
37	392	0.052632
37	394	0.047619
37	398	0.055556
37	399	0.055556
37	409	0.055556
37	413	0.052632
37	415	0.052632
37	419	0.055556
37	423	0.055556
37	426	0.055556
37	428	0.052632
37	433	0.052632
37	438	0.052632
37	439	0.052632
37	446	0.055556
37	448	0.055556
37	454	0.055556
38	2	0.011765
38	5	0.012821
38	7	0.012987
38	10	0.025641
38	12	0.012195
38	13	0.021277
38	16	0.012658
38	19	0.005952
38	20	0.007634
38	21	0.006993
38	23	0.008547
38	24	0.010101
38	29	0.017544
38	32	0.008197
38	33	0.010309
38	35	0.012658
38	36	0.008772
38	37	0.009174
38	39	0.013699
38	41	0.014706
38	44	0.009524
38	46	0.017857
38	47	0.017241
38	48	0.010870
38	50	0.012821
38	54	0.012195
38	57	0.021739
38	65	0.014085
38	66	0.023256
38	67	0.014706
38	68	0.019231
38	71	0.016667
38	72	0.020833
38	74	0.012346
38	83	0.021739
38	84	0.019608
38	88	0.020000
38	92	0.037037
38	93	0.025641
38	95	0.043478
38	96	0.019231
38	103	0.025641
38	105	0.027027
38	106	0.016129
38	109	0.026316
38	111	0.023256
38	113	0.026316
38	116	0.024390
38	117	0.025641
38	127	0.035714
38	128	0.025641
38	129	0.028571
38	138	0.024390
38	142	0.025641
38	151	0.026316
38	155	0.033333
38	158	0.050000
38	169	0.032258
38	179	0.029412
38	189	0.043478
38	193	0.025000
38	207	0.034483
38	213	0.035714
38	218	0.035714
38	222	0.043478
38	226	0.035714
38	229	0.034483
38	235	0.043478
38	237	0.050000
38	238	0.030303
38	247	0.050000
38	249	0.043478
38	252	0.040000
38	260	0.045455
38	262	0.037037
38	289	0.040000
38	291	0.045455
38	300	0.050000
38	301	0.043478
38	306	0.038462
38	309	0.052632
38	322	0.041667
38	325	0.037037
38	327	0.045455
38	332	0.035714
38	343	0.038462
38	349	0.052632
38	351	0.055556
38	354	0.043478
38	356	0.047619
38	363	0.050000
38	367	0.052632
38	376	0.052632
38	379	0.045455
38	381	0.047619
38	385	0.055556
38	395	0.055556
38	407	0.052632
38	413	0.052632
38	414	0.052632
38	415	0.052632
38	422	0.052632
38	443	0.062500
38	446	0.055556
38	447	0.055556
38	460	0.055556
39	1	0.011765
39	10	0.025641
39	13	0.021277
39	18	0.007092
39	19	0.005952
39	20	0.007634
39	21	0.006993
39	22	0.007246
39	23	0.008547
39	24	0.010101
39	25	0.011364
39	26	0.011236
39	28	0.017857
39	29	0.017544
39	32	0.008197
39	33	0.010309
39	38	0.009434
39	40	0.009009
39	41	0.014706
39	45	0.012821
39	46	0.017857
39	47	0.017241
39	52	0.013158
39	53	0.012346
39	56	0.014925
39	59	0.020408
39	61	0.023810
39	64	0.014925
39	65	0.014085
39	66	0.023256
39	67	0.014706
39	69	0.015625
39	70	0.025641
39	71	0.016667
39	74	0.012346
39	77	0.018868
39	84	0.019608
39	86	0.020408
39	88	0.020000
39	89	0.020833
39	95	0.043478
39	97	0.015152
39	103	0.025641
39	104	0.020833
39	109	0.026316
39	110	0.021277
39	119	0.017857
39	124	0.032258
39	129	0.028571
39	130	0.025000
39	136	0.027778
39	155	0.033333
39	159	0.052632
39	169	0.032258
39	170	0.033333
39	186	0.035714
39	191	0.047619
39	199	0.040000
39	204	0.040000
39	218	0.035714
39	219	0.052632
39	236	0.037037
39	265	0.035714
39	270	0.041667
39	309	0.052632
39	354	0.043478
39	358	0.040000
39	366	0.052632
39	391	0.050000
39	398	0.055556
39	449	0.050000
39	455	0.055556
39	457	0.055556
40	1	0.011765
40	4	0.010870
40	5	0.012821
40	7	0.012987
40	10	0.025641
40	11	0.018182
40	12	0.012195
40	14	0.012821
40	18	0.007092
40	19	0.005952
40	20	0.007634
40	22	0.007246
40	23	0.008547
40	32	0.008197
40	34	0.009709
40	36	0.008772
40	37	0.009174
40	39	0.013699
40	41	0.014706
40	42	0.009709
40	43	0.011236
40	44	0.009524
40	45	0.012821
40	47	0.017241
40	48	0.010870
40	51	0.016129
40	53	0.012346
40	54	0.012195
40	55	0.017241
40	56	0.014925
40	58	0.015152
40	61	0.023810
40	67	0.014706
40	72	0.020833
40	73	0.016393
40	74	0.012346
40	76	0.018182
40	78	0.015152
40	80	0.020833
40	81	0.023256
40	83	0.021739
40	88	0.020000
40	89	0.020833
40	91	0.033333
40	93	0.025641
40	94	0.045455
40	98	0.021739
40	100	0.018182
40	101	0.021739
40	104	0.020833
40	106	0.016129
40	107	0.026316
40	111	0.023256
40	115	0.025000
40	121	0.026316
40	125	0.032258
40	127	0.035714
40	130	0.025000
40	133	0.031250
40	137	0.027778
40	139	0.035714
40	161	0.020408
40	164	0.032258
40	168	0.029412
40	169	0.032258
40	171	0.024390
40	172	0.033333
40	173	0.032258
40	179	0.029412
40	188	0.045455
40	189	0.043478
40	190	0.047619
40	191	0.047619
40	199	0.040000
40	204	0.040000
40	207	0.034483
40	215	0.033333
40	217	0.043478
40	239	0.043478
40	246	0.043478
40	256	0.034483
40	258	0.038462
40	260	0.045455
40	261	0.038462
40	266	0.038462
40	280	0.043478
40	283	0.052632
40	286	0.052632
40	301	0.043478
40	305	0.040000
40	307	0.047619
40	308	0.047619
40	310	0.043478
40	317	0.055556
40	327	0.045455
40	344	0.047619
40	352	0.037037
40	362	0.045455
40	367	0.052632
40	371	0.032258
40	389	0.050000
40	399	0.055556
40	400	0.047619
40	403	0.045455
40	406	0.052632
40	409	0.055556
40	418	0.052632
40	424	0.052632
40	435	0.055556
40	437	0.055556
40	463	0.055556
41	0	0.016129
41	2	0.011765
41	4	0.010870
41	8	0.010753
41	12	0.012195
41	20	0.007634
41	22	0.007246
41	23	0.008547
41	24	0.010101
41	25	0.011364
41	26	0.011236
41	30	0.023810
41	32	0.008197
41	34	0.009709
41	36	0.008772
41	38	0.009434
41	39	0.013699
41	40	0.009009
41	42	0.009709
41	43	0.011236
41	49	0.019231
41	51	0.016129
41	58	0.015152
41	71	0.016667
41	76	0.018182
41	80	0.020833
41	81	0.023256
41	82	0.020000
41	99	0.019608
41	128	0.025641
41	130	0.025000
41	133	0.031250
41	135	0.026316
41	162	0.024390
41	163	0.035714
41	165	0.037037
41	169	0.032258
41	172	0.033333
41	175	0.037037
41	184	0.034483
41	192	0.029412
41	198	0.035714
41	199	0.040000
41	203	0.025000
41	214	0.040000
41	231	0.033333
41	234	0.040000
41	236	0.037037
41	238	0.030303
41	249	0.043478
41	255	0.050000
41	256	0.034483
41	261	0.038462
41	264	0.043478
41	277	0.040000
41	297	0.038462
41	298	0.045455
41	307	0.047619
41	310	0.043478
41	312	0.045455
41	317	0.055556
41	322	0.041667
41	351	0.055556
41	359	0.055556
41	394	0.047619
41	406	0.052632
41	410	0.052632
41	463	0.055556
42	0	0.016129
42	5	0.012821
42	7	0.012987
42	11	0.018182
42	14	0.012821
42	18	0.007092
42	19	0.005952
42	21	0.006993
42	26	0.011236
42	31	0.037037
42	33	0.010309
42	34	0.009709
42	35	0.012658
42	36	0.008772
42	37	0.009174
42	40	0.009009
42	41	0.014706
42	43	0.011236
42	44	0.009524
42	48	0.010870
42	49	0.019231
42	50	0.012821
42	51	0.016129
42	53	0.012346
42	55	0.017241
42	66	0.023256
42	68	0.019231
42	69	0.015625
42	73	0.016393
42	78	0.015152
42	81	0.023256
42	83	0.021739
42	87	0.018868
42	88	0.020000
42	96	0.019231
42	101	0.021739
42	103	0.025641
42	106	0.016129
42	107	0.026316
42	111	0.023256
42	112	0.018868
42	115	0.025000
42	122	0.022727
42	125	0.032258
42	133	0.031250
42	135	0.026316
42	145	0.031250
42	147	0.030303
42	150	0.027778
42	153	0.031250
42	154	0.033333
42	158	0.050000
42	162	0.024390
42	166	0.040000
42	167	0.031250
42	171	0.024390
42	179	0.029412
42	183	0.037037
42	198	0.035714
42	201	0.034483
42	202	0.032258
42	209	0.038462
42	218	0.035714
42	220	0.045455
42	227	0.027778
42	231	0.033333
42	236	0.037037
42	237	0.050000
42	241	0.027778
42	244	0.034483
42	247	0.050000
42	251	0.047619
42	258	0.038462
42	262	0.037037
42	263	0.041667
42	267	0.047619
42	268	0.040000
42	286	0.052632
42	293	0.041667
42	294	0.037037
42	297	0.038462
42	325	0.037037
42	326	0.043478
42	351	0.055556
42	358	0.040000
42	365	0.045455
42	366	0.052632
42	371	0.032258
42	385	0.055556
42	393	0.047619
42	413	0.052632
42	414	0.052632
42	419	0.055556
42	421	0.047619
42	433	0.052632
42	440	0.052632
42	443	0.062500
42	445	0.055556
42	454	0.055556
42	462	0.055556
42	464	0.055556
42	468	0.055556
42	470	0.055556
43	1	0.011765
43	2	0.011765
43	8	0.010753
43	9	0.033333
43	12	0.012195
43	13	0.021277
43	14	0.012821
43	21	0.006993
43	22	0.007246
43	25	0.011364
43	27	0.019608
43	32	0.008197
43	34	0.009709
43	36	0.008772
43	37	0.009174
43	40	0.009009
43	41	0.014706
43	42	0.009709
43	46	0.017857
43	47	0.017241
43	48	0.010870
43	50	0.012821
43	54	0.012195
43	55	0.017241
43	57	0.021739
43	59	0.020408
43	61	0.023810
43	63	0.038462
43	66	0.023256
43	68	0.019231
43	80	0.020833
43	88	0.020000
43	89	0.020833
43	91	0.033333
43	92	0.037037
43	93	0.025641
43	94	0.045455
43	97	0.015152
43	100	0.018182
43	102	0.021277
43	104	0.020833
43	105	0.027027
43	106	0.016129
43	109	0.026316
43	111	0.023256
43	112	0.018868
43	116	0.024390
43	124	0.032258
43	127	0.035714
43	132	0.030303
43	147	0.030303
43	163	0.035714
43	167	0.031250
43	190	0.047619
43	194	0.043478
43	198	0.035714
43	210	0.034483
43	211	0.032258
43	222	0.043478
43	230	0.030303
43	235	0.043478
43	240	0.040000
43	252	0.040000
43	254	0.052632
43	273	0.035714
43	276	0.040000
43	297	0.038462
43	311	0.052632
43	313	0.043478
43	319	0.055556
43	324	0.052632
43	326	0.043478
43	341	0.050000
43	346	0.047619
43	348	0.045455
43	354	0.043478
43	359	0.055556
43	369	0.050000
43	374	0.047619
43	379	0.045455
43	393	0.047619
43	397	0.047619
43	406	0.052632
43	412	0.047619
43	413	0.052632
43	420	0.052632
43	427	0.052632
43	451	0.055556
43	462	0.055556
44	1	0.011765
44	5	0.012821
44	11	0.018182
44	12	0.012195
44	13	0.021277
44	15	0.012346
44	19	0.005952
44	20	0.007634
44	22	0.007246
44	33	0.010309
44	34	0.009709
44	36	0.008772
44	37	0.009174
44	38	0.009434
44	40	0.009009
44	42	0.009709
44	49	0.019231
44	51	0.016129
44	52	0.013158
44	53	0.012346
44	55	0.017241
44	56	0.014925
44	57	0.021739
44	59	0.020408
44	60	0.026316
44	61	0.023810
44	65	0.014085
44	69	0.015625
44	71	0.016667
44	73	0.016393
44	76	0.018182
44	77	0.018868
44	79	0.018182
44	80	0.020833
44	81	0.023256
44	84	0.019608
44	91	0.033333
44	96	0.019231
44	101	0.021739
44	103	0.025641
44	104	0.020833
44	109	0.026316
44	117	0.025641
44	119	0.017857
44	122	0.022727
44	123	0.031250
44	125	0.032258
44	126	0.043478
44	127	0.035714
44	132	0.030303
44	134	0.027027
44	135	0.026316
44	139	0.035714
44	151	0.026316
44	155	0.033333
44	158	0.050000
44	171	0.024390
44	176	0.028571
44	181	0.035714
44	182	0.041667
44	186	0.035714
44	190	0.047619
44	201	0.034483
44	206	0.041667
44	213	0.035714
44	216	0.035714
44	218	0.035714
44	219	0.052632
44	226	0.035714
44	229	0.034483
44	230	0.030303
44	237	0.050000
44	240	0.040000
44	243	0.032258
44	256	0.034483
44	268	0.040000
44	279	0.043478
44	283	0.052632
44	304	0.047619
44	305	0.040000
44	307	0.047619
44	320	0.055556
44	334	0.038462
44	335	0.043478
44	336	0.047619
44	347	0.043478
44	349	0.052632
44	355	0.043478
44	373	0.052632
44	374	0.047619
44	381	0.047619
44	386	0.052632
44	392	0.052632
44	397	0.047619
44	403	0.045455
44	413	0.052632
44	423	0.055556
44	432	0.050000
44	441	0.055556
44	442	0.052632
44	451	0.055556
44	456	0.055556
44	459	0.055556
44	469	0.055556
44	471	0.055556
45	4	0.010870
45	5	0.012821
45	6	0.013333
45	8	0.010753
45	11	0.018182
45	13	0.021277
45	15	0.012346
45	16	0.012658
45	18	0.007092
45	22	0.007246
45	23	0.008547
45	24	0.010101
45	32	0.008197
45	34	0.009709
45	36	0.008772
45	39	0.013699
45	40	0.009009
45	46	0.017857
45	47	0.017241
45	48	0.010870
45	49	0.019231
45	50	0.012821
45	51	0.016129
45	57	0.021739
45	61	0.023810
45	62	0.035714
45	63	0.038462
45	64	0.014925
45	67	0.014706
45	71	0.016667
45	73	0.016393
45	75	0.017544
45	76	0.018182
45	90	0.024390
45	91	0.033333
45	100	0.018182
45	105	0.027027
45	120	0.028571
45	121	0.026316
45	125	0.032258
45	128	0.025641
45	131	0.024390
45	132	0.030303
45	137	0.027778
45	149	0.027778
45	170	0.033333
45	179	0.029412
45	191	0.047619
45	204	0.040000
45	214	0.040000
45	221	0.043478
45	233	0.032258
45	235	0.043478
45	237	0.050000
45	238	0.030303
45	251	0.047619
45	256	0.034483
45	267	0.047619
45	269	0.038462
45	279	0.043478
45	311	0.052632
45	313	0.043478
45	315	0.041667
45	317	0.055556
45	331	0.047619
45	344	0.047619
45	346	0.047619
45	372	0.050000
45	375	0.050000
45	377	0.055556
45	386	0.052632
45	387	0.052632
45	390	0.052632
45	391	0.050000
45	407	0.052632
45	412	0.047619
45	419	0.055556
45	446	0.055556
46	1	0.011765
46	2	0.011765
46	6	0.013333
46	7	0.012987
46	11	0.018182
46	12	0.012195
46	19	0.005952
46	21	0.006993
46	22	0.007246
46	24	0.010101
46	27	0.019608
46	29	0.017544
46	34	0.009709
46	37	0.009174
46	38	0.009434
46	39	0.013699
46	43	0.011236
46	45	0.012821
46	52	0.013158
46	57	0.021739
46	60	0.026316
46	68	0.019231
46	70	0.025641
46	78	0.015152
46	90	0.024390
46	95	0.043478
46	96	0.019231
46	98	0.021739
46	100	0.018182
46	111	0.023256
46	123	0.031250
46	130	0.025000
46	133	0.031250
46	155	0.033333
46	159	0.052632
46	160	0.029412
46	175	0.037037
46	180	0.028571
46	189	0.043478
46	192	0.029412
46	204	0.040000
46	231	0.033333
46	257	0.040000
46	259	0.045455
46	270	0.041667
46	291	0.045455
46	312	0.045455
46	350	0.052632
46	386	0.052632
46	401	0.050000
46	406	0.052632
46	410	0.052632
46	412	0.047619
46	443	0.062500
46	445	0.055556
46	456	0.055556
47	1	0.011765
47	4	0.010870
47	5	0.012821
47	11	0.018182
47	16	0.012658
47	17	0.022727
47	18	0.007092
47	20	0.007634
47	21	0.006993
47	22	0.007246
47	23	0.008547
47	27	0.019608
47	35	0.012658
47	38	0.009434
47	39	0.013699
47	40	0.009009
47	43	0.011236
47	45	0.012821
47	54	0.012195
47	59	0.020408
47	63	0.038462
47	67	0.014706
47	68	0.019231
47	70	0.025641
47	80	0.020833
47	83	0.021739
47	92	0.037037
47	98	0.021739
47	101	0.021739
47	120	0.028571
47	125	0.032258
47	131	0.024390
47	140	0.029412
47	147	0.030303
47	151	0.026316
47	160	0.029412
47	178	0.038462
47	184	0.034483
47	188	0.045455
47	205	0.034483
47	217	0.043478
47	240	0.040000
47	255	0.050000
47	265	0.035714
47	271	0.041667
47	277	0.040000
47	300	0.050000
47	312	0.045455
47	335	0.043478
47	359	0.055556
47	370	0.045455
47	371	0.032258
47	389	0.050000
47	390	0.052632
47	394	0.047619
47	395	0.055556
47	461	0.050000
47	462	0.055556
48	0	0.016129
48	9	0.033333
48	11	0.018182
48	16	0.012658
48	18	0.007092
48	23	0.008547
48	24	0.010101
48	30	0.023810
48	31	0.037037
48	32	0.008197
48	35	0.012658
48	36	0.008772
48	37	0.009174
48	38	0.009434
48	40	0.009009
48	42	0.009709
48	43	0.011236
48	45	0.012821
48	51	0.016129
48	53	0.012346
48	54	0.012195
48	55	0.017241
48	56	0.014925
48	62	0.035714
48	63	0.038462
48	66	0.023256
48	69	0.015625
48	70	0.025641
48	71	0.016667
48	83	0.021739
48	85	0.024390
48	89	0.020833
48	91	0.033333
48	93	0.025641
48	95	0.043478
48	97	0.015152
48	102	0.021277
48	105	0.027027
48	109	0.026316
48	119	0.017857
48	123	0.031250
48	124	0.032258
48	125	0.032258
48	127	0.035714
48	131	0.024390
48	136	0.027778
48	137	0.027778
48	141	0.027027
48	142	0.025641
48	143	0.022222
48	145	0.031250
48	147	0.030303
48	150	0.027778
48	154	0.033333
48	164	0.032258
48	168	0.029412
48	173	0.032258
48	185	0.030303
48	187	0.030303
48	190	0.047619
48	197	0.020408
48	205	0.034483
48	213	0.035714
48	216	0.035714
48	220	0.045455
48	225	0.038462
48	232	0.035714
48	235	0.043478
48	275	0.050000
48	285	0.043478
48	297	0.038462
48	300	0.050000
48	316	0.047619
48	317	0.055556
48	349	0.052632
48	355	0.043478
48	357	0.052632
48	361	0.050000
48	372	0.050000
48	374	0.047619
48	381	0.047619
48	387	0.052632
48	399	0.055556
48	402	0.052632
48	407	0.052632
48	423	0.055556
48	425	0.055556
48	440	0.052632
48	451	0.055556
48	453	0.052632
48	454	0.055556
48	459	0.055556
49	3	0.023256
49	14	0.012821
49	15	0.012346
49	18	0.007092
49	20	0.007634
49	22	0.007246
49	23	0.008547
49	24	0.010101
49	25	0.011364
49	26	0.011236
49	29	0.017544
49	30	0.023810
49	34	0.009709
49	37	0.009174
49	41	0.014706
49	42	0.009709
49	44	0.009524
49	45	0.012821
49	51	0.016129
49	58	0.015152
49	61	0.023810
49	68	0.019231
49	74	0.012346
49	77	0.018868
49	82	0.020000
49	86	0.020408
49	98	0.021739
49	117	0.025641
49	135	0.026316
49	164	0.032258
49	172	0.033333
49	186	0.035714
49	204	0.040000
49	217	0.043478
49	218	0.035714
49	227	0.027778
49	253	0.050000
49	266	0.038462
49	272	0.037037
49	294	0.037037
49	323	0.041667
49	343	0.038462
49	347	0.043478
49	360	0.050000
49	363	0.050000
49	399	0.055556
49	417	0.052632
49	426	0.055556
49	431	0.055556
49	435	0.055556
49	447	0.055556
49	460	0.055556
50	0	0.016129
50	7	0.012987
50	12	0.012195
50	14	0.012821
50	15	0.012346
50	17	0.022727
50	22	0.007246
50	24	0.010101
50	28	0.017857
50	29	0.017544
50	32	0.008197
50	33	0.010309
50	35	0.012658
50	38	0.009434
50	42	0.009709
50	43	0.011236
50	45	0.012821
50	56	0.014925
50	62	0.035714
50	73	0.016393
50	74	0.012346
50	84	0.019608
50	87	0.018868
50	89	0.020833
50	93	0.025641
50	99	0.019608
50	101	0.021739
50	102	0.021277
50	105	0.027027
50	113	0.026316
50	116	0.024390
50	118	0.028571
50	124	0.032258
50	135	0.026316
50	137	0.027778
50	145	0.031250
50	147	0.030303
50	151	0.026316
50	172	0.033333
50	180	0.028571
50	191	0.047619
50	195	0.038462
50	196	0.034483
50	200	0.032258
50	207	0.034483
50	214	0.040000
50	222	0.043478
50	227	0.027778
50	230	0.030303
50	233	0.032258
50	234	0.040000
50	236	0.037037
50	249	0.043478
50	251	0.047619
50	256	0.034483
50	263	0.041667
50	282	0.043478
50	290	0.045455
50	295	0.045455
50	296	0.038462
50	297	0.038462
50	309	0.052632
50	310	0.043478
50	312	0.045455
50	314	0.043478
50	331	0.047619
50	332	0.035714
50	337	0.047619
50	343	0.038462
50	348	0.045455
50	374	0.047619
50	381	0.047619
50	417	0.052632
50	419	0.055556
50	420	0.052632
50	458	0.055556
50	465	0.055556
50	466	0.055556
51	1	0.011765
51	7	0.012987
51	8	0.010753
51	9	0.033333
51	10	0.025641
51	18	0.007092
51	31	0.037037
51	32	0.008197
51	34	0.009709
51	36	0.008772
51	37	0.009174
51	40	0.009009
51	41	0.014706
51	42	0.009709
51	44	0.009524
51	45	0.012821
51	48	0.010870
51	49	0.019231
51	53	0.012346
51	54	0.012195
51	55	0.017241
51	58	0.015152
51	60	0.026316
51	64	0.014925
51	72	0.020833
51	87	0.018868
51	90	0.024390
51	99	0.019608
51	109	0.026316
51	110	0.021277
51	111	0.023256
51	118	0.028571
51	126	0.043478
51	129	0.028571
51	131	0.024390
51	138	0.024390
51	162	0.024390
51	167	0.031250
51	168	0.029412
51	176	0.028571
51	187	0.030303
51	192	0.029412
51	194	0.043478
51	199	0.040000
51	203	0.025000
51	212	0.033333
51	220	0.045455
51	223	0.055556
51	237	0.050000
51	248	0.031250
51	257	0.040000
51	315	0.041667
51	328	0.050000
51	329	0.041667
51	337	0.047619
51	344	0.047619
51	373	0.052632
51	379	0.045455
51	384	0.047619
51	407	0.052632
51	447	0.055556
51	471	0.055556
52	0	0.016129
52	11	0.018182
52	12	0.012195
52	16	0.012658
52	17	0.022727
52	18	0.007092
52	20	0.007634
52	21	0.006993
52	22	0.007246
52	23	0.008547
52	25	0.011364
52	26	0.011236
52	28	0.017857
52	33	0.010309
52	36	0.008772
52	39	0.013699
52	44	0.009524
52	46	0.017857
52	65	0.014085
52	67	0.014706
52	68	0.019231
52	73	0.016393
52	79	0.018182
52	89	0.020833
52	98	0.021739
52	106	0.016129
52	112	0.018868
52	119	0.017857
52	126	0.043478
52	134	0.027027
52	156	0.041667
52	161	0.020408
52	173	0.032258
52	179	0.029412
52	184	0.034483
52	188	0.045455
52	197	0.020408
52	202	0.032258
52	205	0.034483
52	208	0.040000
52	211	0.032258
52	212	0.033333
52	213	0.035714
52	216	0.035714
52	225	0.038462
52	226	0.035714
52	233	0.032258
52	236	0.037037
52	238	0.030303
52	240	0.040000
52	251	0.047619
52	258	0.038462
52	273	0.035714
52	282	0.043478
52	285	0.043478
52	287	0.055556
52	290	0.045455
52	291	0.045455
52	302	0.050000
52	304	0.047619
52	315	0.041667
52	326	0.043478
52	331	0.047619
52	341	0.050000
52	357	0.052632
52	361	0.050000
52	362	0.045455
52	369	0.050000
52	412	0.047619
52	414	0.052632
52	420	0.052632
52	422	0.052632
52	443	0.062500
52	445	0.055556
52	461	0.050000
52	468	0.055556
53	5	0.012821
53	6	0.013333
53	8	0.010753
53	17	0.022727
53	19	0.005952
53	22	0.007246
53	23	0.008547
53	24	0.010101
53	26	0.011236
53	33	0.010309
53	34	0.009709
53	39	0.013699
53	40	0.009009
53	42	0.009709
53	44	0.009524
53	48	0.010870
53	51	0.016129
53	54	0.012195
53	56	0.014925
53	58	0.015152
53	65	0.014085
53	70	0.025641
53	71	0.016667
53	72	0.020833
53	80	0.020833
53	82	0.020000
53	85	0.024390
53	86	0.020408
53	88	0.020000
53	90	0.024390
53	91	0.033333
53	93	0.025641
53	96	0.019231
53	118	0.028571
53	120	0.028571
53	127	0.035714
53	130	0.025000
53	132	0.030303
53	134	0.027027
53	136	0.027778
53	146	0.028571
53	158	0.050000
53	159	0.052632
53	164	0.032258
53	166	0.040000
53	176	0.028571
53	179	0.029412
53	183	0.037037
53	185	0.030303
53	198	0.035714
53	202	0.032258
53	207	0.034483
53	211	0.032258
53	220	0.045455
53	221	0.043478
53	224	0.040000
53	225	0.038462
53	241	0.027778
53	255	0.050000
53	257	0.040000
53	274	0.050000
53	280	0.043478
53	286	0.052632
53	296	0.038462
53	304	0.047619
53	316	0.047619
53	327	0.045455
53	353	0.050000
53	357	0.052632
53	360	0.050000
53	366	0.052632
53	367	0.052632
53	369	0.050000
53	370	0.045455
53	371	0.032258
53	401	0.050000
53	402	0.052632
53	410	0.052632
53	415	0.052632
53	445	0.055556
53	446	0.055556
54	0	0.016129
54	1	0.011765
54	17	0.022727
54	21	0.006993
54	25	0.011364
54	27	0.019608
54	28	0.017857
54	32	0.008197
54	33	0.010309
54	34	0.009709
54	36	0.008772
54	38	0.009434
54	40	0.009009
54	43	0.011236
54	47	0.017241
54	48	0.010870
54	51	0.016129
54	53	0.012346
54	55	0.017241
54	58	0.015152
54	61	0.023810
54	64	0.014925
54	66	0.023256
54	70	0.025641
54	72	0.020833
54	79	0.018182
54	83	0.021739
54	85	0.024390
54	87	0.018868
54	93	0.025641
54	94	0.045455
54	110	0.021277
54	111	0.023256
54	145	0.031250
54	146	0.028571
54	157	0.045455
54	158	0.050000
54	159	0.052632
54	181	0.035714
54	186	0.035714
54	187	0.030303
54	190	0.047619
54	193	0.025000
54	196	0.034483
54	201	0.034483
54	206	0.041667
54	215	0.033333
54	223	0.055556
54	227	0.027778
54	234	0.040000
54	240	0.040000
54	243	0.032258
54	254	0.052632
54	259	0.045455
54	286	0.052632
54	290	0.045455
54	301	0.043478
54	306	0.038462
54	336	0.047619
54	338	0.050000
54	346	0.047619
54	353	0.050000
54	363	0.050000
54	370	0.045455
54	377	0.055556
54	379	0.045455
54	389	0.050000
54	391	0.050000
54	394	0.047619
54	396	0.050000
54	402	0.052632
54	409	0.055556
54	423	0.055556
54	427	0.052632
54	429	0.052632
54	431	0.055556
54	436	0.052632
54	447	0.055556
54	457	0.055556
54	463	0.055556
54	465	0.055556
54	467	0.055556
55	2	0.011765
55	8	0.010753
55	18	0.007092
55	19	0.005952
55	20	0.007634
55	21	0.006993
55	23	0.008547
55	32	0.008197
55	35	0.012658
55	36	0.008772
55	37	0.009174
55	40	0.009009
55	42	0.009709
55	43	0.011236
55	44	0.009524
55	48	0.010870
55	51	0.016129
55	54	0.012195
55	56	0.014925
55	59	0.020408
55	62	0.035714
55	64	0.014925
55	66	0.023256
55	75	0.017544
55	76	0.018182
55	78	0.015152
55	87	0.018868
55	95	0.043478
55	98	0.021739
55	101	0.021739
55	103	0.025641
55	126	0.043478
55	144	0.037037
55	165	0.037037
55	172	0.033333
55	219	0.052632
55	223	0.055556
55	239	0.043478
55	241	0.027778
55	243	0.032258
55	259	0.045455
55	279	0.043478
55	282	0.043478
55	303	0.035714
55	310	0.043478
55	323	0.041667
55	335	0.043478
55	351	0.055556
55	357	0.052632
55	363	0.050000
55	366	0.052632
55	372	0.050000
55	373	0.052632
55	379	0.045455
55	390	0.052632
55	432	0.050000
55	447	0.055556
55	465	0.055556
56	0	0.016129
56	9	0.033333
56	14	0.012821
56	15	0.012346
56	16	0.012658
56	21	0.006993
56	23	0.008547
56	25	0.011364
56	27	0.019608
56	36	0.008772
56	39	0.013699
56	40	0.009009
56	44	0.009524
56	48	0.010870
56	50	0.012821
56	53	0.012346
56	55	0.017241
56	57	0.021739
56	62	0.035714
56	66	0.023256
56	79	0.018182
56	82	0.020000
56	86	0.020408
56	88	0.020000
56	90	0.024390
56	91	0.033333
56	114	0.030303
56	122	0.022727
56	127	0.035714
56	131	0.024390
56	148	0.029412
56	151	0.026316
56	155	0.033333
56	158	0.050000
56	168	0.029412
56	175	0.037037
56	178	0.038462
56	183	0.037037
56	198	0.035714
56	202	0.032258
56	212	0.033333
56	213	0.035714
56	215	0.033333
56	233	0.032258
56	234	0.040000
56	246	0.043478
56	248	0.031250
56	263	0.041667
56	265	0.035714
56	268	0.040000
56	292	0.045455
56	310	0.043478
56	318	0.047619
56	328	0.050000
56	351	0.055556
56	355	0.043478
56	368	0.052632
56	371	0.032258
56	377	0.055556
56	388	0.050000
56	390	0.052632
56	405	0.052632
56	417	0.052632
56	426	0.055556
56	427	0.052632
56	444	0.055556
56	458	0.055556
57	2	0.011765
57	6	0.013333
57	11	0.018182
57	14	0.012821
57	15	0.012346
57	16	0.012658
57	19	0.005952
57	22	0.007246
57	24	0.010101
57	25	0.011364
57	34	0.009709
57	35	0.012658
57	38	0.009434
57	43	0.011236
57	44	0.009524
57	45	0.012821
57	46	0.017857
57	56	0.014925
57	63	0.038462
57	68	0.019231
57	84	0.019608
57	87	0.018868
57	105	0.027027
57	120	0.028571
57	123	0.031250
57	138	0.024390
57	148	0.029412
57	157	0.045455
57	160	0.029412
57	166	0.040000
57	171	0.024390
57	210	0.034483
57	221	0.043478
57	263	0.041667
57	267	0.047619
57	294	0.037037
57	302	0.050000
57	315	0.041667
57	327	0.045455
57	336	0.047619
57	358	0.040000
57	360	0.050000
57	361	0.050000
57	363	0.050000
57	433	0.052632
57	464	0.055556
58	1	0.011765
58	2	0.011765
58	4	0.010870
58	7	0.012987
58	8	0.010753
58	18	0.007092
58	19	0.005952
58	21	0.006993
58	23	0.008547
58	32	0.008197
58	33	0.010309
58	40	0.009009
58	41	0.014706
58	49	0.019231
58	51	0.016129
58	53	0.012346
58	54	0.012195
58	59	0.020408
58	63	0.038462
58	64	0.014925
58	69	0.015625
58	74	0.012346
58	77	0.018868
58	78	0.015152
58	81	0.023256
58	82	0.020000
58	85	0.024390
58	87	0.018868
58	88	0.020000
58	94	0.045455
58	96	0.019231
58	103	0.025641
58	119	0.017857
58	121	0.026316
58	123	0.031250
58	130	0.025000
58	133	0.031250
58	134	0.027027
58	142	0.025641
58	150	0.027778
58	153	0.031250
58	156	0.041667
58	166	0.040000
58	175	0.037037
58	187	0.030303
58	202	0.032258
58	203	0.025000
58	206	0.041667
58	209	0.038462
58	210	0.034483
58	218	0.035714
58	221	0.043478
58	234	0.040000
58	245	0.045455
58	256	0.034483
58	260	0.045455
58	296	0.038462
58	304	0.047619
58	324	0.052632
58	348	0.045455
58	361	0.050000
58	363	0.050000
58	367	0.052632
58	432	0.050000
58	436	0.052632
58	471	0.055556
59	5	0.012821
59	17	0.022727
59	19	0.005952
59	20	0.007634
59	21	0.006993
59	23	0.008547
59	25	0.011364
59	26	0.011236
59	27	0.019608
59	32	0.008197
59	33	0.010309
59	36	0.008772
59	39	0.013699
59	43	0.011236
59	44	0.009524
59	47	0.017241
59	55	0.017241
59	58	0.015152
59	62	0.035714
59	74	0.012346
59	82	0.020000
59	106	0.016129
59	107	0.026316
59	119	0.017857
59	130	0.025000
59	159	0.052632
59	178	0.038462
59	182	0.041667
59	188	0.045455
59	207	0.034483
59	209	0.038462
59	215	0.033333
59	222	0.043478
59	228	0.040000
59	249	0.043478
59	272	0.037037
59	288	0.050000
59	310	0.043478
59	313	0.043478
59	323	0.041667
59	329	0.041667
59	331	0.047619
59	346	0.047619
59	377	0.055556
59	391	0.050000
59	396	0.050000
59	400	0.047619
59	425	0.055556
59	470	0.055556
60	1	0.011765
60	2	0.011765
60	7	0.012987
60	10	0.025641
60	13	0.021277
60	18	0.007092
60	19	0.005952
60	20	0.007634
60	21	0.006993
60	22	0.007246
60	25	0.011364
60	32	0.008197
60	33	0.010309
60	34	0.009709
60	44	0.009524
60	46	0.017857
60	51	0.016129
60	62	0.035714
60	71	0.016667
60	86	0.020408
60	102	0.021277
60	108	0.023256
60	109	0.026316
60	120	0.028571
60	155	0.033333
60	156	0.041667
60	175	0.037037
60	207	0.034483
60	215	0.033333
60	223	0.055556
60	244	0.034483
60	254	0.052632
60	258	0.038462
60	302	0.050000
60	347	0.043478
60	352	0.037037
60	376	0.052632
60	447	0.055556
61	1	0.011765
61	2	0.011765
61	4	0.010870
61	6	0.013333
61	19	0.005952
61	22	0.007246
61	25	0.011364
61	28	0.017857
61	29	0.017544
61	36	0.008772
61	37	0.009174
61	39	0.013699
61	40	0.009009
61	43	0.011236
61	44	0.009524
61	45	0.012821
61	49	0.019231
61	54	0.012195
61	71	0.016667
61	94	0.045455
61	99	0.019608
61	102	0.021277
61	111	0.023256
61	121	0.026316
61	125	0.032258
61	141	0.027027
61	151	0.026316
61	179	0.029412
61	197	0.020408
61	202	0.032258
61	235	0.043478
61	255	0.050000
61	266	0.038462
61	268	0.040000
61	286	0.052632
61	314	0.043478
61	316	0.047619
61	320	0.055556
61	344	0.047619
61	404	0.055556
61	428	0.052632
61	432	0.050000
62	4	0.010870
62	11	0.018182
62	12	0.012195
62	15	0.012346
62	18	0.007092
62	22	0.007246
62	23	0.008547
62	24	0.010101
62	26	0.011236
62	32	0.008197
62	34	0.009709
62	45	0.012821
62	48	0.010870
62	50	0.012821
62	55	0.017241
62	56	0.014925
62	59	0.020408
62	60	0.026316
62	63	0.038462
62	67	0.014706
62	70	0.025641
62	149	0.027778
62	159	0.052632
62	166	0.040000
62	187	0.030303
62	264	0.043478
62	457	0.055556
62	460	0.055556
63	0	0.016129
63	7	0.012987
63	8	0.010753
63	19	0.005952
63	21	0.006993
63	22	0.007246
63	27	0.019608
63	29	0.017544
63	32	0.008197
63	35	0.012658
63	43	0.011236
63	45	0.012821
63	47	0.017241
63	48	0.010870
63	57	0.021739
63	58	0.015152
63	62	0.035714
63	78	0.015152
63	98	0.021739
63	102	0.021277
63	154	0.033333
63	246	0.043478
63	253	0.050000
63	263	0.041667
63	312	0.045455
63	327	0.045455
64	1	0.011765
64	5	0.012821
64	12	0.012195
64	17	0.022727
64	18	0.007092
64	20	0.007634
64	23	0.008547
64	24	0.010101
64	25	0.011364
64	34	0.009709
64	35	0.012658
64	37	0.009174
64	39	0.013699
64	45	0.012821
64	51	0.016129
64	54	0.012195
64	55	0.017241
64	58	0.015152
64	67	0.014706
64	71	0.016667
64	72	0.020833
64	80	0.020833
64	81	0.023256
64	82	0.020000
64	88	0.020000
64	90	0.024390
64	99	0.019608
64	102	0.021277
64	111	0.023256
64	127	0.035714
64	135	0.026316
64	139	0.035714
64	143	0.022222
64	144	0.037037
64	152	0.035714
64	161	0.020408
64	172	0.033333
64	173	0.032258
64	186	0.035714
64	195	0.038462
64	205	0.034483
64	211	0.032258
64	239	0.043478
64	241	0.027778
64	271	0.041667
64	279	0.043478
64	283	0.052632
64	284	0.047619
64	288	0.050000
64	289	0.040000
64	291	0.045455
64	297	0.038462
64	315	0.041667
64	352	0.037037
64	356	0.047619
64	372	0.050000
64	385	0.055556
64	389	0.050000
64	390	0.052632
64	391	0.050000
64	402	0.052632
64	414	0.052632
64	426	0.055556
64	448	0.055556
64	450	0.052632
64	463	0.055556
64	465	0.055556
65	13	0.021277
65	14	0.012821
65	19	0.005952
65	20	0.007634
65	21	0.006993
65	22	0.007246
65	25	0.011364
65	26	0.011236
65	32	0.008197
65	33	0.010309
65	34	0.009709
65	35	0.012658
65	36	0.008772
65	38	0.009434
65	39	0.013699
65	44	0.009524
65	52	0.013158
65	53	0.012346
65	72	0.020833
65	75	0.017544
65	77	0.018868
65	94	0.045455
65	95	0.043478
65	99	0.019608
65	103	0.025641
65	104	0.020833
65	111	0.023256
65	114	0.030303
65	115	0.025000
65	133	0.031250
65	134	0.027027
65	140	0.029412
65	148	0.029412
65	152	0.035714
65	158	0.050000
65	170	0.033333
65	171	0.024390
65	172	0.033333
65	176	0.028571
65	180	0.028571
65	184	0.034483
65	191	0.047619
65	193	0.025000
65	213	0.035714
65	230	0.030303
65	246	0.043478
65	252	0.040000
65	274	0.050000
65	289	0.040000
65	292	0.045455
65	298	0.045455
65	302	0.050000
65	308	0.047619
65	326	0.043478
65	331	0.047619
65	342	0.040000
65	366	0.052632
65	374	0.047619
65	378	0.050000
65	379	0.045455
65	389	0.050000
65	391	0.050000
65	405	0.052632
65	407	0.052632
65	408	0.050000
65	422	0.052632
65	423	0.055556
65	425	0.055556
65	426	0.055556
65	451	0.055556
65	467	0.055556
66	8	0.010753
66	9	0.033333
66	16	0.012658
66	19	0.005952
66	22	0.007246
66	23	0.008547
66	25	0.011364
66	26	0.011236
66	32	0.008197
66	37	0.009174
66	38	0.009434
66	39	0.013699
66	42	0.009709
66	43	0.011236
66	48	0.010870
66	54	0.012195
66	55	0.017241
66	56	0.014925
66	85	0.024390
66	96	0.019231
66	126	0.043478
66	138	0.024390
66	160	0.029412
66	161	0.020408
66	170	0.033333
66	182	0.041667
66	211	0.032258
66	220	0.045455
66	223	0.055556
66	224	0.040000
66	230	0.030303
66	241	0.027778
66	294	0.037037
66	298	0.045455
66	323	0.041667
66	381	0.047619
66	395	0.055556
66	407	0.052632
66	411	0.055556
66	428	0.052632
66	450	0.052632
66	453	0.052632
66	458	0.055556
67	1	0.011765
67	2	0.011765
67	17	0.022727
67	18	0.007092
67	19	0.005952
67	21	0.006993
67	29	0.017544
67	30	0.023810
67	31	0.037037
67	36	0.008772
67	38	0.009434
67	39	0.013699
67	40	0.009009
67	45	0.012821
67	47	0.017241
67	52	0.013158
67	62	0.035714
67	64	0.014925
67	68	0.019231
67	72	0.020833
67	77	0.018868
67	81	0.023256
67	87	0.018868
67	88	0.020000
67	94	0.045455
67	98	0.021739
67	100	0.018182
67	101	0.021739
67	104	0.020833
67	106	0.016129
67	108	0.023256
67	117	0.025641
67	121	0.026316
67	126	0.043478
67	128	0.025641
67	138	0.024390
67	140	0.029412
67	151	0.026316
67	154	0.033333
67	191	0.047619
67	194	0.043478
67	203	0.025000
67	204	0.040000
67	230	0.030303
67	235	0.043478
67	237	0.050000
67	239	0.043478
67	250	0.043478
67	257	0.040000
67	272	0.037037
67	273	0.035714
67	281	0.038462
67	299	0.045455
67	302	0.050000
67	318	0.047619
67	322	0.041667
67	337	0.047619
67	338	0.050000
67	387	0.052632
67	398	0.055556
67	403	0.045455
67	409	0.055556
67	431	0.055556
67	433	0.052632
67	439	0.052632
67	442	0.052632
67	444	0.055556
67	445	0.055556
68	1	0.011765
68	2	0.011765
68	6	0.013333
68	19	0.005952
68	22	0.007246
68	28	0.017857
68	33	0.010309
68	34	0.009709
68	36	0.008772
68	38	0.009434
68	42	0.009709
68	43	0.011236
68	46	0.017857
68	47	0.017241
68	49	0.019231
68	52	0.013158
68	57	0.021739
68	67	0.014706
68	75	0.017544
68	79	0.018182
68	80	0.020833
68	86	0.020408
68	91	0.033333
68	93	0.025641
68	102	0.021277
68	106	0.016129
68	108	0.023256
68	112	0.018868
68	119	0.017857
68	148	0.029412
68	152	0.035714
68	159	0.052632
68	171	0.024390
68	175	0.037037
68	177	0.025641
68	182	0.041667
68	188	0.045455
68	191	0.047619
68	202	0.032258
68	231	0.033333
68	253	0.050000
68	263	0.041667
68	265	0.035714
68	296	0.038462
68	316	0.047619
68	367	0.052632
68	369	0.050000
68	371	0.032258
68	392	0.052632
68	427	0.052632
68	437	0.055556
68	440	0.052632
69	1	0.011765
69	2	0.011765
69	4	0.010870
69	5	0.012821
69	12	0.012195
69	16	0.012658
69	17	0.022727
69	20	0.007634
69	27	0.019608
69	29	0.017544
69	30	0.023810
69	32	0.008197
69	37	0.009174
69	39	0.013699
69	42	0.009709
69	44	0.009524
69	48	0.010870
69	58	0.015152
69	77	0.018868
69	89	0.020833
69	90	0.024390
69	92	0.037037
69	96	0.019231
69	108	0.023256
69	124	0.032258
69	145	0.031250
69	152	0.035714
69	153	0.031250
69	156	0.041667
69	158	0.050000
69	162	0.024390
69	163	0.035714
69	168	0.029412
69	177	0.025641
69	183	0.037037
69	184	0.034483
69	194	0.043478
69	204	0.040000
69	209	0.038462
69	217	0.043478
69	228	0.040000
69	230	0.030303
69	234	0.040000
69	238	0.030303
69	246	0.043478
69	251	0.047619
69	253	0.050000
69	284	0.047619
69	295	0.045455
69	302	0.050000
69	329	0.041667
69	330	0.045455
69	340	0.045455
69	355	0.043478
69	367	0.052632
69	370	0.045455
69	373	0.052632
69	384	0.047619
69	418	0.052632
69	420	0.052632
69	444	0.055556
69	451	0.055556
69	460	0.055556
69	468	0.055556
70	7	0.012987
70	16	0.012658
70	18	0.007092
70	20	0.007634
70	22	0.007246
70	24	0.010101
70	25	0.011364
70	32	0.008197
70	33	0.010309
70	36	0.008772
70	37	0.009174
70	39	0.013699
70	46	0.017857
70	47	0.017241
70	48	0.010870
70	53	0.012346
70	54	0.012195
70	62	0.035714
70	74	0.012346
70	86	0.020408
70	89	0.020833
70	97	0.015152
70	120	0.028571
70	135	0.026316
70	217	0.043478
70	227	0.027778
70	236	0.037037
70	248	0.031250
70	272	0.037037
70	274	0.050000
70	306	0.038462
70	313	0.043478
70	323	0.041667
70	336	0.047619
70	369	0.050000
70	377	0.055556
70	433	0.052632
70	449	0.050000
70	470	0.055556
71	5	0.012821
71	6	0.013333
71	7	0.012987
71	19	0.005952
71	20	0.007634
71	21	0.006993
71	22	0.007246
71	28	0.017857
71	38	0.009434
71	39	0.013699
71	41	0.014706
71	44	0.009524
71	45	0.012821
71	48	0.010870
71	53	0.012346
71	60	0.026316
71	61	0.023810
71	64	0.014925
71	74	0.012346
71	82	0.020000
71	83	0.021739
71	87	0.018868
71	95	0.043478
71	96	0.019231
71	101	0.021739
71	104	0.020833
71	106	0.016129
71	110	0.021277
71	127	0.035714
71	128	0.025641
71	147	0.030303
71	148	0.029412
71	149	0.027778
71	181	0.035714
71	189	0.043478
71	192	0.029412
71	198	0.035714
71	201	0.034483
71	204	0.040000
71	224	0.040000
71	230	0.030303
71	247	0.050000
71	261	0.038462
71	269	0.038462
71	318	0.047619
71	319	0.055556
71	327	0.045455
71	328	0.050000
71	332	0.035714
71	352	0.037037
71	367	0.052632
71	374	0.047619
71	375	0.050000
71	379	0.045455
71	394	0.047619
71	423	0.055556
71	436	0.052632
71	437	0.055556
71	455	0.055556
71	467	0.055556
72	1	0.011765
72	7	0.012987
72	12	0.012195
72	18	0.007092
72	20	0.007634
72	21	0.006993
72	22	0.007246
72	32	0.008197
72	34	0.009709
72	36	0.008772
72	38	0.009434
72	40	0.009009
72	51	0.016129
72	53	0.012346
72	54	0.012195
72	64	0.014925
72	65	0.014085
72	67	0.014706
72	93	0.025641
72	119	0.017857
72	126	0.043478
72	129	0.028571
72	136	0.027778
72	137	0.027778
72	160	0.029412
72	165	0.037037
72	166	0.040000
72	170	0.033333
72	195	0.038462
72	211	0.032258
72	224	0.040000
72	226	0.035714
72	228	0.040000
72	229	0.034483
72	251	0.047619
72	265	0.035714
72	299	0.045455
72	309	0.052632
72	319	0.055556
72	321	0.043478
72	324	0.052632
72	347	0.043478
72	368	0.052632
72	397	0.047619
72	398	0.055556
72	419	0.055556
72	425	0.055556
72	459	0.055556
73	8	0.010753
73	16	0.012658
73	18	0.007092
73	20	0.007634
73	21	0.006993
73	22	0.007246
73	23	0.008547
73	24	0.010101
73	29	0.017544
73	34	0.009709
73	36	0.008772
73	37	0.009174
73	40	0.009009
73	42	0.009709
73	44	0.009524
73	45	0.012821
73	50	0.012821
73	52	0.013158
73	77	0.018868
73	78	0.015152
73	80	0.020833
73	97	0.015152
73	98	0.021739
73	102	0.021277
73	113	0.026316
73	116	0.024390
73	124	0.032258
73	126	0.043478
73	128	0.025641
73	134	0.027027
73	136	0.027778
73	152	0.035714
73	161	0.020408
73	163	0.035714
73	164	0.032258
73	173	0.032258
73	179	0.029412
73	180	0.028571
73	187	0.030303
73	198	0.035714
73	210	0.034483
73	224	0.040000
73	230	0.030303
73	240	0.040000
73	248	0.031250
73	256	0.034483
73	257	0.040000
73	258	0.038462
73	276	0.040000
73	287	0.055556
73	296	0.038462
73	303	0.035714
73	318	0.047619
73	362	0.045455
73	390	0.052632
73	400	0.047619
73	404	0.055556
73	415	0.052632
73	423	0.055556
73	440	0.052632
73	453	0.052632
74	5	0.012821
74	7	0.012987
74	12	0.012195
74	14	0.012821
74	15	0.012346
74	18	0.007092
74	19	0.005952
74	23	0.008547
74	33	0.010309
74	38	0.009434
74	39	0.013699
74	40	0.009009
74	49	0.019231
74	50	0.012821
74	58	0.015152
74	59	0.020408
74	70	0.025641
74	71	0.016667
74	76	0.018182
74	77	0.018868
74	84	0.019608
74	89	0.020833
74	92	0.037037
74	99	0.019608
74	104	0.020833
74	107	0.026316
74	108	0.023256
74	110	0.021277
74	112	0.018868
74	118	0.028571
74	125	0.032258
74	126	0.043478
74	133	0.031250
74	134	0.027027
74	135	0.026316
74	136	0.027778
74	142	0.025641
74	143	0.022222
74	158	0.050000
74	162	0.024390
74	165	0.037037
74	167	0.031250
74	175	0.037037
74	182	0.041667
74	184	0.034483
74	187	0.030303
74	199	0.040000
74	206	0.041667
74	208	0.040000
74	209	0.038462
74	211	0.032258
74	217	0.043478
74	219	0.052632
74	233	0.032258
74	234	0.040000
74	242	0.035714
74	246	0.043478
74	247	0.050000
74	265	0.035714
74	274	0.050000
74	285	0.043478
74	288	0.050000
74	295	0.045455
74	308	0.047619
74	313	0.043478
74	314	0.043478
74	315	0.041667
74	318	0.047619
74	321	0.043478
74	323	0.041667
74	329	0.041667
74	360	0.050000
74	362	0.045455
74	390	0.052632
74	408	0.050000
74	411	0.055556
74	420	0.052632
74	430	0.052632
74	451	0.055556
74	453	0.052632
74	458	0.055556
75	1	0.011765
75	5	0.012821
75	12	0.012195
75	16	0.012658
75	18	0.007092
75	19	0.005952
75	20	0.007634
75	21	0.006993
75	22	0.007246
75	27	0.019608
75	28	0.017857
75	32	0.008197
75	33	0.010309
75	36	0.008772
75	45	0.012821
75	55	0.017241
75	65	0.014085
75	68	0.019231
75	82	0.020000
75	83	0.021739
75	85	0.024390
75	89	0.020833
75	96	0.019231
75	104	0.020833
75	111	0.023256
75	152	0.035714
75	162	0.024390
75	172	0.033333
75	176	0.028571
75	183	0.037037
75	191	0.047619
75	205	0.034483
75	215	0.033333
75	222	0.043478
75	225	0.038462
75	246	0.043478
75	273	0.035714
75	283	0.052632
75	284	0.047619
75	315	0.041667
75	317	0.055556
75	323	0.041667
75	329	0.041667
75	337	0.047619
75	338	0.050000
75	353	0.050000
75	364	0.052632
75	386	0.052632
75	391	0.050000
75	399	0.055556
75	400	0.047619
75	426	0.055556
75	430	0.052632
75	452	0.055556
75	458	0.055556
75	466	0.055556
75	470	0.055556
76	10	0.025641
76	15	0.012346
76	16	0.012658
76	17	0.022727
76	19	0.005952
76	20	0.007634
76	21	0.006993
76	22	0.007246
76	24	0.010101
76	28	0.017857
76	32	0.008197
76	36	0.008772
76	40	0.009009
76	41	0.014706
76	44	0.009524
76	45	0.012821
76	55	0.017241
76	74	0.012346
76	84	0.019608
76	86	0.020408
76	95	0.043478
76	105	0.027027
76	108	0.023256
76	127	0.035714
76	132	0.030303
76	135	0.026316
76	137	0.027778
76	164	0.032258
76	166	0.040000
76	177	0.025641
76	188	0.045455
76	189	0.043478
76	206	0.041667
76	227	0.027778
76	242	0.035714
76	245	0.045455
76	264	0.043478
76	283	0.052632
76	302	0.050000
76	305	0.040000
76	312	0.045455
76	321	0.043478
76	322	0.041667
76	337	0.047619
76	338	0.050000
76	340	0.045455
76	341	0.050000
76	358	0.040000
76	362	0.045455
76	377	0.055556
76	404	0.055556
76	435	0.055556
76	440	0.052632
76	448	0.055556
76	454	0.055556
77	6	0.013333
77	13	0.021277
77	16	0.012658
77	18	0.007092
77	26	0.011236
77	30	0.023810
77	32	0.008197
77	33	0.010309
77	39	0.013699
77	44	0.009524
77	49	0.019231
77	58	0.015152
77	65	0.014085
77	67	0.014706
77	69	0.015625
77	73	0.016393
77	74	0.012346
77	96	0.019231
77	100	0.018182
77	115	0.025000
77	126	0.043478
77	129	0.028571
77	136	0.027778
77	141	0.027027
77	149	0.027778
77	180	0.028571
77	183	0.037037
77	184	0.034483
77	185	0.030303
77	199	0.040000
77	216	0.035714
77	219	0.052632
77	252	0.040000
77	267	0.047619
77	277	0.040000
77	325	0.037037
77	338	0.050000
77	339	0.050000
77	349	0.052632
77	370	0.045455
77	376	0.052632
77	393	0.047619
77	400	0.047619
77	402	0.052632
77	403	0.045455
77	405	0.052632
77	412	0.047619
77	423	0.055556
77	424	0.052632
77	428	0.052632
77	461	0.050000
77	465	0.055556
77	471	0.055556
78	2	0.011765
78	5	0.012821
78	7	0.012987
78	9	0.033333
78	19	0.005952
78	23	0.008547
78	25	0.011364
78	26	0.011236
78	27	0.019608
78	29	0.017544
78	34	0.009709
78	40	0.009009
78	42	0.009709
78	46	0.017857
78	55	0.017241
78	58	0.015152
78	63	0.038462
78	73	0.016393
78	79	0.018182
78	85	0.024390
78	96	0.019231
78	104	0.020833
78	105	0.027027
78	108	0.023256
78	110	0.021277
78	115	0.025000
78	116	0.024390
78	123	0.031250
78	125	0.032258
78	148	0.029412
78	154	0.033333
78	155	0.033333
78	158	0.050000
78	159	0.052632
78	173	0.032258
78	179	0.029412
78	191	0.047619
78	192	0.029412
78	205	0.034483
78	217	0.043478
78	232	0.035714
78	235	0.043478
78	266	0.038462
78	272	0.037037
78	276	0.040000
78	280	0.043478
78	287	0.055556
78	296	0.038462
78	308	0.047619
78	322	0.041667
78	336	0.047619
78	339	0.050000
78	343	0.038462
78	365	0.045455
78	378	0.050000
78	397	0.047619
78	398	0.055556
78	399	0.055556
78	401	0.050000
78	403	0.045455
78	408	0.050000
78	409	0.055556
78	439	0.052632
78	466	0.055556
78	467	0.055556
78	468	0.055556
79	4	0.010870
79	6	0.013333
79	7	0.012987
79	18	0.007092
79	19	0.005952
79	21	0.006993
79	25	0.011364
79	27	0.019608
79	30	0.023810
79	32	0.008197
79	33	0.010309
79	36	0.008772
79	44	0.009524
79	52	0.013158
79	54	0.012195
79	56	0.014925
79	68	0.019231
79	78	0.015152
79	86	0.020408
79	103	0.025641
79	112	0.018868
79	116	0.024390
79	117	0.025641
79	128	0.025641
79	130	0.025000
79	131	0.024390
79	133	0.031250
79	142	0.025641
79	149	0.027778
79	150	0.027778
79	156	0.041667
79	163	0.035714
79	169	0.032258
79	176	0.028571
79	184	0.034483
79	190	0.047619
79	193	0.025000
79	194	0.043478
79	214	0.040000
79	225	0.038462
79	245	0.045455
79	247	0.050000
79	276	0.040000
79	319	0.055556
79	355	0.043478
79	362	0.045455
79	373	0.052632
79	414	0.052632
79	416	0.050000
79	419	0.055556
79	422	0.052632
79	437	0.055556
79	450	0.052632
79	456	0.055556
79	466	0.055556
80	1	0.011765
80	4	0.010870
80	5	0.012821
80	11	0.018182
80	18	0.007092
80	22	0.007246
80	23	0.008547
80	32	0.008197
80	40	0.009009
80	41	0.014706
80	43	0.011236
80	44	0.009524
80	47	0.017241
80	53	0.012346
80	64	0.014925
80	68	0.019231
80	73	0.016393
80	97	0.015152
80	99	0.019608
80	107	0.026316
80	114	0.030303
80	115	0.025000
80	147	0.030303
80	150	0.027778
80	182	0.041667
80	200	0.032258
80	224	0.040000
80	229	0.034483
80	230	0.030303
80	231	0.033333
80	240	0.040000
80	258	0.038462
80	271	0.041667
80	280	0.043478
80	288	0.050000
80	296	0.038462
80	310	0.043478
80	327	0.045455
80	368	0.052632
80	394	0.047619
80	399	0.055556
80	427	0.052632
80	430	0.052632
80	431	0.055556
80	442	0.052632
80	455	0.055556
80	458	0.055556
80	462	0.055556
81	2	0.011765
81	4	0.010870
81	5	0.012821
81	12	0.012195
81	18	0.007092
81	20	0.007634
81	21	0.006993
81	22	0.007246
81	23	0.008547
81	24	0.010101
81	37	0.009174
81	40	0.009009
81	41	0.014706
81	42	0.009709
81	44	0.009524
81	58	0.015152
81	64	0.014925
81	67	0.014706
81	89	0.020833
81	92	0.037037
81	100	0.018182
81	110	0.021277
81	122	0.022727
81	129	0.028571
81	139	0.035714
81	140	0.029412
81	143	0.022222
81	146	0.028571
81	168	0.029412
81	185	0.030303
81	223	0.055556
81	274	0.050000
81	285	0.043478
81	287	0.055556
81	299	0.045455
81	309	0.052632
81	332	0.035714
81	356	0.047619
81	399	0.055556
81	402	0.052632
81	406	0.052632
81	428	0.052632
81	440	0.052632
82	4	0.010870
82	8	0.010753
82	12	0.012195
82	15	0.012346
82	21	0.006993
82	23	0.008547
82	25	0.011364
82	28	0.017857
82	37	0.009174
82	41	0.014706
82	49	0.019231
82	53	0.012346
82	56	0.014925
82	58	0.015152
82	59	0.020408
82	64	0.014925
82	71	0.016667
82	75	0.017544
82	83	0.021739
82	91	0.033333
82	101	0.021739
82	103	0.025641
82	107	0.026316
82	115	0.025000
82	128	0.025641
82	129	0.028571
82	133	0.031250
82	150	0.027778
82	167	0.031250
82	180	0.028571
82	188	0.045455
82	196	0.034483
82	202	0.032258
82	226	0.035714
82	228	0.040000
82	231	0.033333
82	252	0.040000
82	269	0.038462
82	271	0.041667
82	281	0.038462
82	282	0.043478
82	295	0.045455
82	320	0.055556
82	346	0.047619
82	351	0.055556
82	364	0.052632
82	372	0.050000
82	401	0.050000
82	422	0.052632
82	440	0.052632
83	1	0.011765
83	4	0.010870
83	12	0.012195
83	17	0.022727
83	18	0.007092
83	23	0.008547
83	33	0.010309
83	34	0.009709
83	37	0.009174
83	38	0.009434
83	40	0.009009
83	42	0.009709
83	47	0.017241
83	48	0.010870
83	54	0.012195
83	71	0.016667
83	75	0.017544
83	82	0.020000
83	89	0.020833
83	96	0.019231
83	97	0.015152
83	105	0.027027
83	106	0.016129
83	112	0.018868
83	113	0.026316
83	129	0.028571
83	133	0.031250
83	135	0.026316
83	143	0.022222
83	153	0.031250
83	163	0.035714
83	187	0.030303
83	189	0.043478
83	190	0.047619
83	194	0.043478
83	196	0.034483
83	198	0.035714
83	249	0.043478
83	297	0.038462
83	306	0.038462
83	321	0.043478
83	328	0.050000
83	358	0.040000
83	389	0.050000
83	441	0.055556
83	448	0.055556
84	1	0.011765
84	2	0.011765
84	3	0.023256
84	4	0.010870
84	12	0.012195
84	14	0.012821
84	15	0.012346
84	18	0.007092
84	20	0.007634
84	23	0.008547
84	36	0.008772
84	38	0.009434
84	39	0.013699
84	44	0.009524
84	50	0.012821
84	57	0.021739
84	74	0.012346
84	76	0.018182
84	97	0.015152
84	105	0.027027
84	121	0.026316
84	129	0.028571
84	146	0.028571
84	148	0.029412
84	156	0.041667
84	165	0.037037
84	171	0.024390
84	181	0.035714
84	196	0.034483
84	200	0.032258
84	204	0.040000
84	207	0.034483
84	209	0.038462
84	216	0.035714
84	233	0.032258
84	234	0.040000
84	270	0.041667
84	293	0.041667
84	297	0.038462
84	304	0.047619
84	352	0.037037
84	354	0.043478
84	355	0.043478
84	357	0.052632
84	361	0.050000
84	400	0.047619
84	413	0.052632
84	440	0.052632
84	450	0.052632
84	464	0.055556
84	466	0.055556
85	2	0.011765
85	8	0.010753
85	10	0.025641
85	15	0.012346
85	16	0.012658
85	19	0.005952
85	22	0.007246
85	23	0.008547
85	24	0.010101
85	34	0.009709
85	36	0.008772
85	48	0.010870
85	53	0.012346
85	54	0.012195
85	58	0.015152
85	66	0.023256
85	75	0.017544
85	78	0.015152
85	114	0.030303
85	118	0.028571
85	122	0.022727
85	132	0.030303
85	141	0.027027
85	143	0.022222
85	144	0.037037
85	146	0.028571
85	190	0.047619
85	194	0.043478
85	210	0.034483
85	211	0.032258
85	225	0.038462
85	236	0.037037
85	260	0.045455
85	278	0.050000
85	318	0.047619
85	328	0.050000
85	352	0.037037
85	365	0.045455
85	383	0.055556
85	418	0.052632
85	458	0.055556
86	6	0.013333
86	18	0.007092
86	19	0.005952
86	25	0.011364
86	26	0.011236
86	28	0.017857
86	29	0.017544
86	33	0.010309
86	39	0.013699
86	49	0.019231
86	53	0.012346
86	56	0.014925
86	60	0.026316
86	68	0.019231
86	70	0.025641
86	76	0.018182
86	79	0.018182
86	91	0.033333
86	110	0.021277
86	118	0.028571
86	122	0.022727
86	123	0.031250
86	145	0.031250
86	152	0.035714
86	160	0.029412
86	161	0.020408
86	163	0.035714
86	183	0.037037
86	209	0.038462
86	218	0.035714
86	242	0.035714
86	244	0.034483
86	257	0.040000
86	275	0.050000
86	280	0.043478
86	292	0.045455
86	322	0.041667
86	345	0.050000
86	346	0.047619
86	347	0.043478
86	350	0.052632
86	377	0.055556
86	384	0.047619
86	385	0.055556
86	395	0.055556
86	419	0.055556
86	431	0.055556
86	449	0.050000
86	465	0.055556
87	10	0.025641
87	15	0.012346
87	19	0.005952
87	20	0.007634
87	21	0.006993
87	24	0.010101
87	26	0.011236
87	32	0.008197
87	36	0.008772
87	42	0.009709
87	50	0.012821
87	51	0.016129
87	54	0.012195
87	55	0.017241
87	57	0.021739
87	58	0.015152
87	67	0.014706
87	71	0.016667
87	92	0.037037
87	98	0.021739
87	105	0.027027
87	107	0.026316
87	108	0.023256
87	109	0.026316
87	121	0.026316
87	124	0.032258
87	140	0.029412
87	143	0.022222
87	169	0.032258
87	171	0.024390
87	172	0.033333
87	175	0.037037
87	182	0.041667
87	189	0.043478
87	195	0.038462
87	212	0.033333
87	218	0.035714
87	226	0.035714
87	232	0.035714
87	233	0.032258
87	263	0.041667
87	301	0.043478
87	302	0.050000
87	324	0.052632
87	356	0.047619
87	361	0.050000
87	386	0.052632
87	424	0.052632
87	436	0.052632
87	445	0.055556
87	453	0.052632
87	455	0.055556
87	468	0.055556
88	4	0.010870
88	8	0.010753
88	16	0.012658
88	22	0.007246
88	24	0.010101
88	33	0.010309
88	34	0.009709
88	35	0.012658
88	38	0.009434
88	39	0.013699
88	40	0.009009
88	42	0.009709
88	43	0.011236
88	53	0.012346
88	56	0.014925
88	58	0.015152
88	64	0.014925
88	67	0.014706
88	92	0.037037
88	100	0.018182
88	104	0.020833
88	107	0.026316
88	117	0.025641
88	122	0.022727
88	140	0.029412
88	141	0.027027
88	159	0.052632
88	162	0.024390
88	168	0.029412
88	169	0.032258
88	193	0.025000
88	197	0.020408
88	212	0.033333
88	225	0.038462
88	229	0.034483
88	232	0.035714
88	233	0.032258
88	242	0.035714
88	326	0.043478
88	329	0.041667
88	337	0.047619
88	344	0.047619
88	365	0.045455
88	382	0.055556
88	388	0.050000
88	393	0.047619
88	415	0.052632
88	450	0.052632
88	453	0.052632
88	466	0.055556
89	1	0.011765
89	8	0.010753
89	18	0.007092
89	21	0.006993
89	23	0.008547
89	32	0.008197
89	39	0.013699
89	40	0.009009
89	43	0.011236
89	48	0.010870
89	50	0.012821
89	52	0.013158
89	69	0.015625
89	70	0.025641
89	74	0.012346
89	75	0.017544
89	81	0.023256
89	83	0.021739
89	91	0.033333
89	97	0.015152
89	99	0.019608
89	115	0.025000
89	119	0.017857
89	125	0.032258
89	138	0.024390
89	150	0.027778
89	153	0.031250
89	165	0.037037
89	180	0.028571
89	187	0.030303
89	205	0.034483
89	209	0.038462
89	237	0.050000
89	295	0.045455
89	317	0.055556
89	325	0.037037
89	344	0.047619
89	347	0.043478
89	353	0.050000
89	355	0.043478
89	358	0.040000
89	367	0.052632
89	368	0.052632
89	379	0.045455
89	382	0.055556
89	427	0.052632
89	428	0.052632
89	437	0.055556
90	1	0.011765
90	5	0.012821
90	12	0.012195
90	13	0.021277
90	14	0.012821
90	18	0.007092
90	20	0.007634
90	21	0.006993
90	22	0.007246
90	23	0.008547
90	34	0.009709
90	45	0.012821
90	46	0.017857
90	51	0.016129
90	53	0.012346
90	56	0.014925
90	64	0.014925
90	69	0.015625
90	105	0.027027
90	114	0.030303
90	116	0.024390
90	117	0.025641
90	121	0.026316
90	138	0.024390
90	149	0.027778
90	189	0.043478
90	203	0.025000
90	208	0.040000
90	230	0.030303
90	232	0.035714
90	259	0.045455
90	268	0.040000
90	289	0.040000
90	344	0.047619
90	354	0.043478
90	361	0.050000
90	369	0.050000
90	373	0.052632
90	392	0.052632
90	401	0.050000
90	413	0.052632
91	6	0.013333
91	13	0.021277
91	19	0.005952
91	20	0.007634
91	21	0.006993
91	32	0.008197
91	37	0.009174
91	40	0.009009
91	43	0.011236
91	44	0.009524
91	45	0.012821
91	48	0.010870
91	53	0.012346
91	56	0.014925
91	68	0.019231
91	82	0.020000
91	86	0.020408
91	89	0.020833
91	98	0.021739
91	108	0.023256
91	138	0.024390
91	178	0.038462
91	190	0.047619
91	228	0.040000
91	248	0.031250
91	265	0.035714
91	334	0.038462
91	376	0.052632
91	439	0.052632
91	452	0.055556
92	4	0.010870
92	7	0.012987
92	12	0.012195
92	15	0.012346
92	18	0.007092
92	20	0.007634
92	23	0.008547
92	26	0.011236
92	34	0.009709
92	37	0.009174
92	38	0.009434
92	43	0.011236
92	47	0.017241
92	69	0.015625
92	74	0.012346
92	81	0.023256
92	87	0.018868
92	88	0.020000
92	122	0.022727
92	210	0.034483
92	223	0.055556
92	249	0.043478
92	267	0.047619
92	299	0.045455
92	314	0.043478
92	415	0.052632
92	438	0.052632
93	5	0.012821
93	13	0.021277
93	16	0.012658
93	18	0.007092
93	21	0.006993
93	27	0.019608
93	28	0.017857
93	33	0.010309
93	37	0.009174
93	38	0.009434
93	40	0.009009
93	43	0.011236
93	48	0.010870
93	50	0.012821
93	53	0.012346
93	54	0.012195
93	68	0.019231
93	72	0.020833
93	101	0.021739
93	102	0.021277
93	110	0.021277
93	121	0.026316
93	159	0.052632
93	166	0.040000
93	177	0.025641
93	178	0.038462
93	181	0.035714
93	214	0.040000
93	263	0.041667
93	295	0.045455
93	298	0.045455
93	305	0.040000
93	317	0.055556
93	319	0.055556
93	323	0.041667
93	324	0.052632
93	358	0.040000
93	459	0.055556
93	471	0.055556
94	1	0.011765
94	6	0.013333
94	18	0.007092
94	20	0.007634
94	21	0.006993
94	24	0.010101
94	32	0.008197
94	34	0.009709
94	35	0.012658
94	36	0.008772
94	40	0.009009
94	43	0.011236
94	54	0.012195
94	58	0.015152
94	61	0.023810
94	65	0.014085
94	67	0.014706
94	116	0.024390
94	210	0.034483
94	255	0.050000
94	257	0.040000
94	306	0.038462
95	4	0.010870
95	5	0.012821
95	7	0.012987
95	13	0.021277
95	18	0.007092
95	19	0.005952
95	21	0.006993
95	23	0.008547
95	36	0.008772
95	37	0.009174
95	38	0.009434
95	39	0.013699
95	46	0.017857
95	48	0.010870
95	55	0.017241
95	65	0.014085
95	71	0.016667
95	76	0.018182
95	102	0.021277
95	115	0.025000
95	119	0.017857
95	149	0.027778
95	318	0.047619
96	14	0.012821
96	16	0.012658
96	20	0.007634
96	21	0.006993
96	22	0.007246
96	38	0.009434
96	42	0.009709
96	44	0.009524
96	46	0.017857
96	53	0.012346
96	58	0.015152
96	66	0.023256
96	69	0.015625
96	71	0.016667
96	75	0.017544
96	77	0.018868
96	78	0.015152
96	83	0.021739
96	112	0.018868
96	116	0.024390
96	130	0.025000
96	134	0.027027
96	136	0.027778
96	141	0.027027
96	144	0.037037
96	154	0.033333
96	163	0.035714
96	173	0.032258
96	185	0.030303
96	196	0.034483
96	204	0.040000
96	214	0.040000
96	228	0.040000
96	272	0.037037
96	284	0.047619
96	289	0.040000
96	306	0.038462
96	322	0.041667
96	347	0.043478
96	351	0.055556
96	354	0.043478
96	356	0.047619
96	358	0.040000
96	370	0.045455
96	378	0.050000
96	392	0.052632
96	403	0.045455
96	416	0.050000
96	423	0.055556
96	424	0.052632
96	429	0.052632
96	454	0.055556
97	2	0.011765
97	17	0.022727
97	19	0.005952
97	22	0.007246
97	23	0.008547
97	30	0.023810
97	32	0.008197
97	33	0.010309
97	34	0.009709
97	39	0.013699
97	43	0.011236
97	48	0.010870
97	70	0.025641
97	73	0.016393
97	80	0.020833
97	83	0.021739
97	84	0.019608
97	89	0.020833
97	98	0.021739
97	135	0.026316
97	140	0.029412
97	148	0.029412
97	158	0.050000
97	167	0.031250
97	168	0.029412
97	171	0.024390
97	174	0.041667
97	181	0.035714
97	186	0.035714
97	195	0.038462
97	196	0.034483
97	198	0.035714
97	199	0.040000
97	204	0.040000
97	226	0.035714
97	235	0.043478
97	245	0.045455
97	249	0.043478
97	253	0.050000
97	269	0.038462
97	270	0.041667
97	282	0.043478
97	284	0.047619
97	291	0.045455
97	305	0.040000
97	309	0.052632
97	316	0.047619
97	318	0.047619
97	320	0.055556
97	323	0.041667
97	329	0.041667
97	335	0.043478
97	337	0.047619
97	356	0.047619
97	360	0.050000
97	364	0.052632
97	373	0.052632
97	374	0.047619
97	389	0.050000
97	411	0.055556
97	425	0.055556
97	431	0.055556
97	433	0.052632
97	435	0.055556
97	447	0.055556
97	465	0.055556
98	2	0.011765
98	3	0.023256
98	5	0.012821
98	21	0.006993
98	25	0.011364
98	33	0.010309
98	40	0.009009
98	46	0.017857
98	47	0.017241
98	49	0.019231
98	52	0.013158
98	55	0.017241
98	63	0.038462
98	67	0.014706
98	73	0.016393
98	87	0.018868
98	91	0.033333
98	97	0.015152
98	117	0.025641
98	128	0.025641
98	136	0.027778
98	143	0.022222
98	149	0.027778
98	173	0.032258
98	181	0.035714
98	196	0.034483
98	203	0.025000
98	216	0.035714
98	243	0.032258
98	260	0.045455
98	261	0.038462
98	288	0.050000
98	293	0.041667
98	306	0.038462
98	312	0.045455
98	319	0.055556
98	327	0.045455
98	365	0.045455
98	374	0.047619
98	378	0.050000
98	390	0.052632
98	436	0.052632
98	440	0.052632
98	450	0.052632
98	460	0.055556
98	461	0.050000
99	8	0.010753
99	13	0.021277
99	17	0.022727
99	23	0.008547
99	26	0.011236
99	27	0.019608
99	29	0.017544
99	33	0.010309
99	35	0.012658
99	41	0.014706
99	50	0.012821
99	51	0.016129
99	61	0.023810
99	64	0.014925
99	65	0.014085
99	74	0.012346
99	80	0.020833
99	89	0.020833
99	104	0.020833
99	118	0.028571
99	141	0.027027
99	142	0.025641
99	150	0.027778
99	153	0.031250
99	155	0.033333
99	156	0.041667
99	166	0.040000
99	169	0.032258
99	179	0.029412
99	230	0.030303
99	255	0.050000
99	265	0.035714
99	274	0.050000
99	297	0.038462
99	301	0.043478
99	305	0.040000
99	317	0.055556
99	318	0.047619
99	328	0.050000
99	339	0.050000
99	351	0.055556
99	370	0.045455
99	371	0.032258
99	394	0.047619
99	410	0.052632
99	415	0.052632
99	416	0.050000
99	438	0.052632
99	456	0.055556
99	457	0.055556
99	459	0.055556
100	5	0.012821
100	8	0.010753
100	12	0.012195
100	19	0.005952
100	25	0.011364
100	27	0.019608
100	32	0.008197
100	35	0.012658
100	36	0.008772
100	40	0.009009
100	43	0.011236
100	45	0.012821
100	46	0.017857
100	67	0.014706
100	77	0.018868
100	81	0.023256
100	88	0.020000
100	104	0.020833
100	112	0.018868
100	114	0.030303
100	125	0.032258
100	126	0.043478
100	127	0.035714
100	139	0.035714
100	141	0.027027
100	186	0.035714
100	209	0.038462
100	212	0.033333
100	213	0.035714
100	215	0.033333
100	219	0.052632
100	222	0.043478
100	225	0.038462
100	227	0.027778
100	240	0.040000
100	252	0.040000
100	255	0.050000
100	260	0.045455
100	262	0.037037
100	268	0.040000
100	275	0.050000
100	305	0.040000
100	308	0.047619
100	310	0.043478
100	321	0.043478
100	324	0.052632
100	343	0.038462
100	354	0.043478
100	359	0.055556
100	373	0.052632
100	382	0.055556
100	386	0.052632
100	410	0.052632
100	437	0.055556
100	453	0.052632
101	1	0.011765
101	9	0.033333
101	13	0.021277
101	22	0.007246
101	32	0.008197
101	36	0.008772
101	40	0.009009
101	42	0.009709
101	44	0.009524
101	47	0.017241
101	50	0.012821
101	55	0.017241
101	67	0.014706
101	71	0.016667
101	82	0.020000
101	93	0.025641
101	112	0.018868
101	124	0.032258
101	126	0.043478
101	135	0.026316
101	140	0.029412
101	144	0.037037
101	161	0.020408
101	171	0.024390
101	177	0.025641
101	201	0.034483
101	202	0.032258
101	211	0.032258
101	215	0.033333
101	223	0.055556
101	242	0.035714
101	248	0.031250
101	263	0.041667
101	280	0.043478
101	283	0.052632
101	295	0.045455
101	328	0.050000
101	331	0.047619
101	341	0.050000
101	347	0.043478
101	361	0.050000
101	369	0.050000
101	370	0.045455
101	436	0.052632
101	459	0.055556
101	461	0.050000
102	1	0.011765
102	4	0.010870
102	17	0.022727
102	18	0.007092
102	21	0.006993
102	23	0.008547
102	35	0.012658
102	43	0.011236
102	48	0.010870
102	50	0.012821
102	60	0.026316
102	61	0.023810
102	63	0.038462
102	64	0.014925
102	68	0.019231
102	73	0.016393
102	93	0.025641
102	95	0.043478
102	103	0.025641
102	108	0.023256
102	109	0.026316
102	113	0.026316
102	117	0.025641
102	128	0.025641
102	129	0.028571
102	144	0.037037
102	149	0.027778
102	169	0.032258
102	186	0.035714
102	192	0.029412
102	195	0.038462
102	205	0.034483
102	243	0.032258
102	247	0.050000
102	259	0.045455
102	264	0.043478
102	273	0.035714
102	332	0.035714
102	334	0.038462
102	340	0.045455
102	373	0.052632
102	404	0.055556
102	416	0.050000
102	433	0.052632
102	448	0.055556
102	450	0.052632
102	459	0.055556
103	0	0.016129
103	4	0.010870
103	7	0.012987
103	15	0.012346
103	18	0.007092
103	23	0.008547
103	32	0.008197
103	34	0.009709
103	38	0.009434
103	39	0.013699
103	42	0.009709
103	44	0.009524
103	55	0.017241
103	58	0.015152
103	65	0.014085
103	79	0.018182
103	82	0.020000
103	102	0.021277
103	129	0.028571
103	139	0.035714
103	181	0.035714
103	197	0.020408
103	218	0.035714
103	228	0.040000
103	243	0.032258
103	292	0.045455
103	308	0.047619
103	319	0.055556
103	345	0.050000
103	353	0.050000
103	363	0.050000
103	372	0.050000
103	376	0.052632
103	385	0.055556
103	396	0.050000
103	418	0.052632
103	421	0.047619
103	447	0.055556
103	451	0.055556
104	10	0.025641
104	12	0.012195
104	14	0.012821
104	32	0.008197
104	33	0.010309
104	39	0.013699
104	40	0.009009
104	43	0.011236
104	44	0.009524
104	65	0.014085
104	67	0.014706
104	71	0.016667
104	74	0.012346
104	75	0.017544
104	78	0.015152
104	88	0.020000
104	99	0.019608
104	100	0.018182
104	113	0.026316
104	120	0.028571
104	124	0.032258
104	132	0.030303
104	146	0.028571
104	155	0.033333
104	158	0.050000
104	162	0.024390
104	167	0.031250
104	170	0.033333
104	171	0.024390
104	174	0.041667
104	195	0.038462
104	216	0.035714
104	219	0.052632
104	221	0.043478
104	258	0.038462
104	264	0.043478
104	277	0.040000
104	278	0.050000
104	283	0.052632
104	299	0.045455
104	332	0.035714
104	342	0.040000
104	344	0.047619
104	364	0.052632
104	374	0.047619
104	380	0.050000
104	408	0.050000
104	466	0.055556
105	5	0.012821
105	12	0.012195
105	15	0.012346
105	21	0.006993
105	35	0.012658
105	36	0.008772
105	38	0.009434
105	43	0.011236
105	45	0.012821
105	48	0.010870
105	50	0.012821
105	57	0.021739
105	76	0.018182
105	78	0.015152
105	83	0.021739
105	84	0.019608
105	87	0.018868
105	90	0.024390
105	122	0.022727
105	145	0.031250
105	168	0.029412
105	170	0.033333
105	176	0.028571
105	180	0.028571
105	184	0.034483
105	201	0.034483
105	220	0.045455
105	258	0.038462
105	298	0.045455
105	310	0.043478
105	329	0.041667
105	348	0.045455
105	380	0.050000
105	401	0.050000
105	429	0.052632
105	462	0.055556
105	471	0.055556
106	1	0.011765
106	6	0.013333
106	10	0.025641
106	19	0.005952
106	26	0.011236
106	32	0.008197
106	33	0.010309
106	37	0.009174
106	38	0.009434
106	40	0.009009
106	42	0.009709
106	43	0.011236
106	52	0.013158
106	59	0.020408
106	67	0.014706
106	68	0.019231
106	71	0.016667
106	83	0.021739
106	109	0.026316
106	111	0.023256
106	114	0.030303
106	115	0.025000
106	119	0.017857
106	131	0.024390
106	132	0.030303
106	133	0.031250
106	138	0.024390
106	149	0.027778
106	160	0.029412
106	163	0.035714
106	165	0.037037
106	170	0.033333
106	179	0.029412
106	182	0.041667
106	189	0.043478
106	197	0.020408
106	201	0.034483
106	204	0.040000
106	206	0.041667
106	220	0.045455
106	224	0.040000
106	231	0.033333
106	236	0.037037
106	253	0.050000
106	254	0.052632
106	260	0.045455
106	266	0.038462
106	268	0.040000
106	276	0.040000
106	285	0.043478
106	329	0.041667
106	341	0.050000
106	347	0.043478
106	350	0.052632
106	353	0.050000
106	365	0.045455
106	374	0.047619
106	377	0.055556
106	378	0.050000
106	390	0.052632
106	404	0.055556
106	454	0.055556
107	4	0.010870
107	6	0.013333
107	8	0.010753
107	18	0.007092
107	22	0.007246
107	23	0.008547
107	25	0.011364
107	33	0.010309
107	36	0.008772
107	37	0.009174
107	40	0.009009
107	42	0.009709
107	59	0.020408
107	74	0.012346
107	80	0.020833
107	82	0.020000
107	87	0.018868
107	88	0.020000
107	117	0.025641
107	128	0.025641
107	132	0.030303
107	137	0.027778
107	140	0.029412
107	165	0.037037
107	182	0.041667
107	200	0.032258
107	201	0.034483
107	229	0.034483
107	241	0.027778
107	254	0.052632
107	297	0.038462
107	332	0.035714
107	351	0.055556
107	368	0.052632
107	370	0.045455
107	396	0.050000
107	462	0.055556
107	470	0.055556
108	4	0.010870
108	6	0.013333
108	16	0.012658
108	19	0.005952
108	20	0.007634
108	25	0.011364
108	26	0.011236
108	37	0.009174
108	60	0.026316
108	67	0.014706
108	68	0.019231
108	69	0.015625
108	74	0.012346
108	76	0.018182
108	78	0.015152
108	87	0.018868
108	91	0.033333
108	102	0.021277
108	113	0.026316
108	116	0.024390
108	120	0.028571
108	135	0.026316
108	137	0.027778
108	142	0.025641
108	144	0.037037
108	156	0.041667
108	224	0.040000
108	229	0.034483
108	260	0.045455
108	280	0.043478
108	282	0.043478
108	301	0.043478
108	328	0.050000
108	341	0.050000
108	343	0.038462
108	356	0.047619
108	361	0.050000
108	377	0.055556
108	393	0.047619
108	405	0.052632
108	440	0.052632
108	441	0.055556
108	445	0.055556
109	14	0.012821
109	16	0.012658
109	22	0.007246
109	26	0.011236
109	32	0.008197
109	34	0.009709
109	35	0.012658
109	36	0.008772
109	38	0.009434
109	39	0.013699
109	43	0.011236
109	44	0.009524
109	48	0.010870
109	51	0.016129
109	60	0.026316
109	87	0.018868
109	102	0.021277
109	106	0.016129
109	112	0.018868
109	113	0.026316
109	121	0.026316
109	127	0.035714
109	134	0.027027
109	142	0.025641
109	145	0.031250
109	148	0.029412
109	155	0.033333
109	157	0.045455
109	166	0.040000
109	200	0.032258
109	204	0.040000
109	205	0.034483
109	234	0.040000
109	307	0.047619
109	372	0.050000
109	400	0.047619
109	454	0.055556
109	457	0.055556
110	0	0.016129
110	2	0.011765
110	3	0.023256
110	18	0.007092
110	21	0.006993
110	26	0.011236
110	31	0.037037
110	32	0.008197
110	36	0.008772
110	39	0.013699
110	51	0.016129
110	54	0.012195
110	71	0.016667
110	74	0.012346
110	78	0.015152
110	81	0.023256
110	86	0.020408
110	93	0.025641
110	118	0.028571
110	124	0.032258
110	129	0.028571
110	130	0.025000
110	144	0.037037
110	172	0.033333
110	212	0.033333
110	221	0.043478
110	229	0.034483
110	236	0.037037
110	257	0.040000
110	264	0.043478
110	267	0.047619
110	286	0.052632
110	287	0.055556
110	319	0.055556
110	320	0.055556
110	342	0.040000
110	362	0.045455
110	372	0.050000
110	376	0.052632
110	386	0.052632
110	398	0.055556
110	407	0.052632
110	416	0.050000
110	453	0.052632
110	456	0.055556
110	467	0.055556
110	469	0.055556
111	7	0.012987
111	11	0.018182
111	22	0.007246
111	23	0.008547
111	35	0.012658
111	36	0.008772
111	38	0.009434
111	40	0.009009
111	42	0.009709
111	43	0.011236
111	46	0.017857
111	51	0.016129
111	54	0.012195
111	61	0.023810
111	64	0.014925
111	65	0.014085
111	75	0.017544
111	106	0.016129
111	114	0.030303
111	116	0.024390
111	129	0.028571
111	132	0.030303
111	150	0.027778
111	174	0.041667
111	175	0.037037
111	180	0.028571
111	188	0.045455
111	198	0.035714
111	231	0.033333
111	235	0.043478
111	289	0.040000
111	290	0.045455
111	291	0.045455
111	296	0.038462
111	297	0.038462
111	344	0.047619
111	348	0.045455
111	349	0.052632
111	359	0.055556
111	360	0.050000
111	446	0.055556
111	455	0.055556
111	460	0.055556
112	2	0.011765
112	4	0.010870
112	9	0.033333
112	12	0.012195
112	20	0.007634
112	33	0.010309
112	36	0.008772
112	42	0.009709
112	43	0.011236
112	52	0.013158
112	68	0.019231
112	74	0.012346
112	79	0.018182
112	83	0.021739
112	96	0.019231
112	100	0.018182
112	101	0.021739
112	109	0.026316
112	137	0.027778
112	143	0.022222
112	144	0.037037
112	150	0.027778
112	158	0.050000
112	163	0.035714
112	164	0.032258
112	173	0.032258
112	175	0.037037
112	177	0.025641
112	178	0.038462
112	193	0.025000
112	207	0.034483
112	211	0.032258
112	217	0.043478
112	219	0.052632
112	220	0.045455
112	237	0.050000
112	259	0.045455
112	284	0.047619
112	285	0.043478
112	293	0.041667
112	308	0.047619
112	316	0.047619
112	341	0.050000
112	345	0.050000
112	381	0.047619
112	399	0.055556
112	400	0.047619
112	409	0.055556
112	435	0.055556
112	446	0.055556
112	447	0.055556
112	466	0.055556
112	469	0.055556
113	1	0.011765
113	2	0.011765
113	5	0.012821
113	13	0.021277
113	19	0.005952
113	23	0.008547
113	25	0.011364
113	26	0.011236
113	28	0.017857
113	38	0.009434
113	50	0.012821
113	73	0.016393
113	83	0.021739
113	102	0.021277
113	104	0.020833
113	108	0.023256
113	109	0.026316
113	119	0.017857
113	138	0.024390
113	139	0.035714
113	154	0.033333
113	173	0.032258
113	192	0.029412
113	193	0.025000
113	196	0.034483
113	200	0.032258
113	207	0.034483
113	208	0.040000
113	213	0.035714
113	244	0.034483
113	266	0.038462
113	281	0.038462
113	308	0.047619
113	340	0.045455
113	363	0.050000
113	411	0.055556
113	430	0.052632
113	442	0.052632
114	3	0.023256
114	14	0.012821
114	18	0.007092
114	19	0.005952
114	20	0.007634
114	23	0.008547
114	24	0.010101
114	32	0.008197
114	36	0.008772
114	37	0.009174
114	56	0.014925
114	65	0.014085
114	80	0.020833
114	85	0.024390
114	90	0.024390
114	100	0.018182
114	106	0.016129
114	111	0.023256
114	115	0.025000
114	134	0.027027
114	136	0.027778
114	172	0.033333
114	180	0.028571
114	205	0.034483
114	246	0.043478
114	279	0.043478
114	296	0.038462
114	320	0.055556
114	402	0.052632
114	404	0.055556
114	434	0.055556
114	458	0.055556
114	461	0.050000
115	6	0.013333
115	13	0.021277
115	19	0.005952
115	21	0.006993
115	23	0.008547
115	34	0.009709
115	36	0.008772
115	40	0.009009
115	42	0.009709
115	65	0.014085
115	77	0.018868
115	78	0.015152
115	80	0.020833
115	82	0.020000
115	89	0.020833
115	95	0.043478
115	106	0.016129
115	114	0.030303
115	116	0.024390
115	124	0.032258
115	125	0.032258
115	130	0.025000
115	140	0.029412
115	161	0.020408
115	188	0.045455
115	220	0.045455
115	228	0.040000
115	229	0.034483
115	250	0.043478
115	252	0.040000
115	255	0.050000
115	274	0.050000
115	314	0.043478
115	343	0.038462
115	360	0.050000
115	367	0.052632
115	375	0.050000
115	383	0.055556
115	410	0.052632
115	424	0.052632
116	2	0.011765
116	5	0.012821
116	8	0.010753
116	16	0.012658
116	20	0.007634
116	21	0.006993
116	38	0.009434
116	43	0.011236
116	50	0.012821
116	73	0.016393
116	78	0.015152
116	79	0.018182
116	90	0.024390
116	94	0.045455
116	96	0.019231
116	108	0.023256
116	111	0.023256
116	115	0.025000
116	117	0.025641
116	150	0.027778
116	157	0.045455
116	165	0.037037
116	174	0.041667
116	192	0.029412
116	208	0.040000
116	214	0.040000
116	217	0.043478
116	221	0.043478
116	231	0.033333
116	266	0.038462
116	277	0.040000
116	280	0.043478
116	309	0.052632
116	314	0.043478
116	317	0.055556
116	326	0.043478
116	335	0.043478
116	402	0.052632
116	416	0.050000
116	431	0.055556
116	455	0.055556
117	0	0.016129
117	5	0.012821
117	7	0.012987
117	12	0.012195
117	23	0.008547
117	33	0.010309
117	34	0.009709
117	38	0.009434
117	44	0.009524
117	49	0.019231
117	67	0.014706
117	79	0.018182
117	88	0.020000
117	90	0.024390
117	98	0.021739
117	102	0.021277
117	107	0.026316
117	116	0.024390
117	131	0.024390
117	146	0.028571
117	156	0.041667
117	167	0.031250
117	186	0.035714
117	197	0.020408
117	221	0.043478
117	242	0.035714
117	243	0.032258
117	246	0.043478
117	250	0.043478
117	260	0.045455
117	273	0.035714
117	274	0.050000
117	279	0.043478
117	298	0.045455
117	308	0.047619
117	340	0.045455
117	356	0.047619
117	357	0.052632
117	450	0.052632
118	0	0.016129
118	4	0.010870
118	5	0.012821
118	6	0.013333
118	8	0.010753
118	15	0.012346
118	19	0.005952
118	20	0.007634
118	33	0.010309
118	50	0.012821
118	51	0.016129
118	53	0.012346
118	74	0.012346
118	85	0.024390
118	86	0.020408
118	99	0.019608
118	110	0.021277
118	125	0.032258
118	139	0.035714
118	169	0.032258
118	195	0.038462
118	197	0.020408
118	239	0.043478
118	250	0.043478
118	258	0.038462
118	259	0.045455
118	266	0.038462
118	281	0.038462
118	304	0.047619
118	310	0.043478
118	342	0.040000
118	417	0.052632
118	418	0.052632
118	455	0.055556
118	457	0.055556
119	7	0.012987
119	11	0.018182
119	23	0.008547
119	27	0.019608
119	32	0.008197
119	33	0.010309
119	39	0.013699
119	44	0.009524
119	48	0.010870
119	52	0.013158
119	58	0.015152
119	59	0.020408
119	68	0.019231
119	72	0.020833
119	89	0.020833
119	95	0.043478
119	106	0.016129
119	113	0.026316
119	124	0.032258
119	127	0.035714
119	128	0.025641
119	130	0.025000
119	131	0.024390
119	142	0.025641
119	174	0.041667
119	178	0.038462
119	180	0.028571
119	195	0.038462
119	203	0.025000
119	212	0.033333
119	213	0.035714
119	216	0.035714
119	234	0.040000
119	244	0.034483
119	248	0.031250
119	254	0.052632
119	261	0.038462
119	266	0.038462
119	267	0.047619
119	277	0.040000
119	279	0.043478
119	285	0.043478
119	290	0.045455
119	293	0.041667
119	299	0.045455
119	305	0.040000
119	307	0.047619
119	328	0.050000
119	363	0.050000
119	367	0.052632
119	388	0.050000
119	397	0.047619
119	408	0.050000
119	419	0.055556
119	439	0.052632
119	464	0.055556
120	1	0.011765
120	4	0.010870
120	14	0.012821
120	18	0.007092
120	19	0.005952
120	21	0.006993
120	22	0.007246
120	26	0.011236
120	27	0.019608
120	35	0.012658
120	45	0.012821
120	47	0.017241
120	53	0.012346
120	57	0.021739
120	60	0.026316
120	70	0.025641
120	104	0.020833
120	108	0.023256
120	121	0.026316
120	122	0.022727
120	178	0.038462
120	188	0.045455
120	194	0.043478
120	204	0.040000
120	220	0.045455
120	224	0.040000
120	249	0.043478
120	286	0.052632
120	317	0.055556
120	366	0.052632
120	386	0.052632
120	401	0.050000
120	408	0.050000
120	415	0.052632
120	448	0.055556
121	0	0.016129
121	9	0.033333
121	18	0.007092
121	23	0.008547
121	26	0.011236
121	34	0.009709
121	35	0.012658
121	40	0.009009
121	45	0.012821
121	58	0.015152
121	61	0.023810
121	67	0.014706
121	84	0.019608
121	87	0.018868
121	90	0.024390
121	93	0.025641
121	109	0.026316
121	120	0.028571
121	134	0.027027
121	139	0.035714
121	142	0.025641
121	149	0.027778
121	156	0.041667
121	165	0.037037
121	170	0.033333
121	173	0.032258
121	175	0.037037
121	181	0.035714
121	186	0.035714
121	193	0.025000
121	194	0.043478
121	269	0.038462
121	285	0.043478
121	373	0.052632
121	392	0.052632
121	400	0.047619
121	459	0.055556
121	471	0.055556
122	13	0.021277
122	16	0.012658
122	22	0.007246
122	24	0.010101
122	26	0.011236
122	30	0.023810
122	35	0.012658
122	36	0.008772
122	42	0.009709
122	44	0.009524
122	56	0.014925
122	81	0.023256
122	85	0.024390
122	86	0.020408
122	88	0.020000
122	92	0.037037
122	105	0.027027
122	120	0.028571
122	146	0.028571
122	147	0.030303
122	149	0.027778
122	150	0.027778
122	156	0.041667
122	162	0.024390
122	167	0.031250
122	174	0.041667
122	175	0.037037
122	182	0.041667
122	189	0.043478
122	200	0.032258
122	205	0.034483
122	229	0.034483
122	242	0.035714
122	244	0.034483
122	248	0.031250
122	286	0.052632
122	366	0.052632
122	380	0.050000
122	381	0.047619
122	425	0.055556
122	433	0.052632
122	439	0.052632
122	444	0.055556
122	464	0.055556
123	7	0.012987
123	8	0.010753
123	14	0.012821
123	17	0.022727
123	19	0.005952
123	22	0.007246
123	26	0.011236
123	28	0.017857
123	33	0.010309
123	34	0.009709
123	44	0.009524
123	46	0.017857
123	48	0.010870
123	57	0.021739
123	58	0.015152
123	78	0.015152
123	86	0.020408
123	141	0.027027
123	167	0.031250
123	183	0.037037
123	202	0.032258
123	210	0.034483
123	214	0.040000
123	215	0.033333
123	308	0.047619
123	342	0.040000
123	354	0.043478
123	382	0.055556
123	400	0.047619
123	410	0.052632
123	448	0.055556
123	460	0.055556
124	1	0.011765
124	4	0.010870
124	11	0.018182
124	16	0.012658
124	22	0.007246
124	33	0.010309
124	39	0.013699
124	43	0.011236
124	48	0.010870
124	50	0.012821
124	69	0.015625
124	73	0.016393
124	87	0.018868
124	101	0.021739
124	104	0.020833
124	110	0.021277
124	115	0.025000
124	119	0.017857
124	130	0.025000
124	147	0.030303
124	157	0.045455
124	183	0.037037
124	221	0.043478
124	228	0.040000
124	262	0.037037
124	283	0.052632
124	292	0.045455
124	405	0.052632
124	436	0.052632
124	461	0.050000
124	470	0.055556
125	5	0.012821
125	9	0.033333
125	19	0.005952
125	24	0.010101
125	26	0.011236
125	40	0.009009
125	42	0.009709
125	44	0.009524
125	45	0.012821
125	47	0.017241
125	48	0.010870
125	61	0.023810
125	74	0.012346
125	78	0.015152
125	89	0.020833
125	100	0.018182
125	115	0.025000
125	118	0.028571
125	140	0.029412
125	166	0.040000
125	175	0.037037
125	197	0.020408
125	225	0.038462
125	275	0.050000
125	303	0.035714
125	376	0.052632
125	385	0.055556
125	391	0.050000
125	401	0.050000
125	422	0.052632
125	434	0.055556
126	4	0.010870
126	17	0.022727
126	23	0.008547
126	26	0.011236
126	29	0.017544
126	44	0.009524
126	51	0.016129
126	52	0.013158
126	55	0.017241
126	66	0.023256
126	67	0.014706
126	72	0.020833
126	73	0.016393
126	74	0.012346
126	77	0.018868
126	100	0.018182
126	101	0.021739
126	128	0.025641
126	143	0.022222
126	150	0.027778
126	170	0.033333
126	393	0.047619
126	414	0.052632
127	5	0.012821
127	20	0.007634
127	32	0.008197
127	33	0.010309
127	37	0.009174
127	38	0.009434
127	40	0.009009
127	43	0.011236
127	44	0.009524
127	48	0.010870
127	53	0.012346
127	56	0.014925
127	64	0.014925
127	71	0.016667
127	76	0.018182
127	100	0.018182
127	109	0.026316
127	119	0.017857
127	138	0.024390
127	152	0.035714
127	154	0.033333
127	161	0.020408
127	193	0.025000
127	198	0.035714
127	256	0.034483
127	266	0.038462
127	331	0.047619
127	446	0.055556
128	2	0.011765
128	18	0.007092
128	26	0.011236
128	27	0.019608
128	37	0.009174
128	38	0.009434
128	41	0.014706
128	45	0.012821
128	67	0.014706
128	71	0.016667
128	73	0.016393
128	79	0.018182
128	82	0.020000
128	98	0.021739
128	102	0.021277
128	107	0.026316
128	119	0.017857
128	126	0.043478
128	133	0.031250
128	152	0.035714
128	154	0.033333
128	164	0.032258
128	177	0.025641
128	178	0.038462
128	188	0.045455
128	193	0.025000
128	200	0.032258
128	214	0.040000
128	252	0.040000
128	257	0.040000
128	262	0.037037
128	272	0.037037
128	274	0.050000
128	276	0.040000
128	299	0.045455
128	331	0.047619
128	392	0.052632
128	440	0.052632
128	462	0.055556
129	0	0.016129
129	6	0.013333
129	7	0.012987
129	9	0.033333
129	37	0.009174
129	38	0.009434
129	39	0.013699
129	51	0.016129
129	72	0.020833
129	77	0.018868
129	81	0.023256
129	82	0.020000
129	83	0.021739
129	84	0.019608
129	102	0.021277
129	103	0.025641
129	110	0.021277
129	111	0.023256
129	133	0.031250
129	173	0.032258
129	177	0.025641
129	181	0.035714
129	191	0.047619
129	196	0.034483
129	247	0.050000
129	270	0.041667
129	280	0.043478
129	313	0.043478
129	326	0.043478
129	330	0.045455
129	333	0.045455
129	382	0.055556
129	388	0.050000
129	398	0.055556
129	407	0.052632
130	3	0.023256
130	7	0.012987
130	19	0.005952
130	23	0.008547
130	32	0.008197
130	39	0.013699
130	40	0.009009
130	41	0.014706
130	46	0.017857
130	53	0.012346
130	58	0.015152
130	59	0.020408
130	79	0.018182
130	96	0.019231
130	110	0.021277
130	115	0.025000
130	119	0.017857
130	124	0.032258
130	139	0.035714
130	176	0.028571
130	180	0.028571
130	238	0.030303
130	252	0.040000
130	264	0.043478
130	272	0.037037
130	312	0.045455
130	317	0.055556
130	342	0.040000
130	345	0.050000
130	356	0.047619
130	378	0.050000
130	382	0.055556
130	383	0.055556
130	395	0.055556
130	410	0.052632
130	412	0.047619
130	426	0.055556
130	430	0.052632
130	449	0.050000
130	456	0.055556
131	0	0.016129
131	2	0.011765
131	8	0.010753
131	12	0.012195
131	16	0.012658
131	18	0.007092
131	22	0.007246
131	25	0.011364
131	37	0.009174
131	45	0.012821
131	47	0.017241
131	48	0.010870
131	51	0.016129
131	56	0.014925
131	79	0.018182
131	106	0.016129
131	117	0.025641
131	119	0.017857
131	134	0.027027
131	139	0.035714
131	146	0.028571
131	147	0.030303
131	182	0.041667
131	192	0.029412
131	195	0.038462
131	215	0.033333
131	217	0.043478
131	224	0.040000
131	238	0.030303
131	243	0.032258
131	245	0.045455
131	249	0.043478
131	254	0.052632
131	261	0.038462
131	263	0.041667
131	313	0.043478
131	360	0.050000
131	363	0.050000
131	378	0.050000
131	422	0.052632
131	442	0.052632
132	4	0.010870
132	6	0.013333
132	8	0.010753
132	14	0.012821
132	15	0.012346
132	21	0.006993
132	22	0.007246
132	28	0.017857
132	43	0.011236
132	44	0.009524
132	45	0.012821
132	53	0.012346
132	76	0.018182
132	85	0.024390
132	104	0.020833
132	106	0.016129
132	107	0.026316
132	111	0.023256
132	181	0.035714
132	186	0.035714
132	231	0.033333
132	253	0.050000
132	265	0.035714
132	278	0.050000
132	290	0.045455
132	319	0.055556
132	344	0.047619
132	348	0.045455
132	353	0.050000
132	436	0.052632
132	444	0.055556
132	450	0.052632
132	471	0.055556
133	20	0.007634
133	24	0.010101
133	25	0.011364
133	34	0.009709
133	40	0.009009
133	41	0.014706
133	42	0.009709
133	46	0.017857
133	58	0.015152
133	65	0.014085
133	74	0.012346
133	79	0.018182
133	82	0.020000
133	83	0.021739
133	106	0.016129
133	128	0.025641
133	129	0.028571
133	142	0.025641
133	182	0.041667
133	188	0.045455
133	231	0.033333
133	235	0.043478
133	245	0.045455
133	255	0.050000
133	258	0.038462
133	277	0.040000
133	322	0.041667
133	364	0.052632
133	371	0.032258
133	391	0.050000
133	399	0.055556
133	411	0.055556
134	2	0.011765
134	8	0.010753
134	10	0.025641
134	18	0.007092
134	19	0.005952
134	24	0.010101
134	44	0.009524
134	52	0.013158
134	53	0.012346
134	58	0.015152
134	65	0.014085
134	73	0.016393
134	74	0.012346
134	96	0.019231
134	109	0.026316
134	114	0.030303
134	121	0.026316
134	131	0.024390
134	135	0.026316
134	143	0.022222
134	153	0.031250
134	177	0.025641
134	187	0.030303
134	200	0.032258
134	265	0.035714
134	275	0.050000
134	281	0.038462
134	284	0.047619
134	305	0.040000
134	339	0.050000
134	341	0.050000
134	345	0.050000
134	374	0.047619
134	415	0.052632
134	416	0.050000
134	444	0.055556
134	468	0.055556
135	7	0.012987
135	32	0.008197
135	33	0.010309
135	34	0.009709
135	41	0.014706
135	42	0.009709
135	44	0.009524
135	49	0.019231
135	50	0.012821
135	64	0.014925
135	70	0.025641
135	74	0.012346
135	76	0.018182
135	83	0.021739
135	97	0.015152
135	101	0.021739
135	108	0.023256
135	134	0.027027
135	143	0.022222
135	148	0.029412
135	154	0.033333
135	157	0.045455
135	167	0.031250
135	185	0.030303
135	244	0.034483
135	261	0.038462
135	322	0.041667
135	330	0.045455
135	336	0.047619
135	340	0.045455
135	341	0.050000
135	342	0.040000
135	349	0.052632
135	396	0.050000
135	403	0.045455
135	417	0.052632
135	437	0.055556
135	449	0.050000
136	5	0.012821
136	6	0.013333
136	12	0.012195
136	20	0.007634
136	22	0.007246
136	23	0.008547
136	24	0.010101
136	32	0.008197
136	39	0.013699
136	48	0.010870
136	53	0.012346
136	72	0.020833
136	73	0.016393
136	74	0.012346
136	77	0.018868
136	96	0.019231
136	98	0.021739
136	114	0.030303
136	155	0.033333
136	157	0.045455
136	159	0.052632
136	163	0.035714
136	190	0.047619
136	194	0.043478
136	214	0.040000
136	232	0.035714
136	243	0.032258
136	270	0.041667
136	282	0.043478
136	309	0.052632
136	311	0.052632
136	334	0.038462
136	349	0.052632
136	389	0.050000
136	411	0.055556
136	452	0.055556
137	0	0.016129
137	2	0.011765
137	4	0.010870
137	6	0.013333
137	11	0.018182
137	19	0.005952
137	23	0.008547
137	36	0.008772
137	37	0.009174
137	40	0.009009
137	45	0.012821
137	48	0.010870
137	50	0.012821
137	72	0.020833
137	76	0.018182
137	107	0.026316
137	108	0.023256
137	112	0.018868
137	139	0.035714
137	144	0.037037
137	175	0.037037
137	186	0.035714
137	206	0.041667
137	226	0.035714
137	309	0.052632
137	312	0.045455
137	337	0.047619
137	383	0.055556
137	389	0.050000
137	393	0.047619
137	401	0.050000
137	406	0.052632
137	408	0.050000
137	425	0.055556
137	430	0.052632
137	469	0.055556
138	1	0.011765
138	15	0.012346
138	18	0.007092
138	21	0.006993
138	23	0.008547
138	30	0.023810
138	35	0.012658
138	38	0.009434
138	51	0.016129
138	57	0.021739
138	66	0.023256
138	67	0.014706
138	89	0.020833
138	90	0.024390
138	91	0.033333
138	106	0.016129
138	113	0.026316
138	127	0.035714
138	142	0.025641
138	146	0.028571
138	162	0.024390
138	168	0.029412
138	195	0.038462
138	210	0.034483
138	223	0.055556
138	258	0.038462
138	279	0.043478
138	284	0.047619
138	302	0.050000
138	311	0.052632
138	320	0.055556
138	342	0.040000
138	365	0.045455
138	379	0.045455
138	380	0.050000
138	387	0.052632
138	395	0.055556
138	418	0.052632
138	426	0.055556
138	450	0.052632
138	460	0.055556
139	6	0.013333
139	8	0.010753
139	15	0.012346
139	23	0.008547
139	34	0.009709
139	36	0.008772
139	40	0.009009
139	44	0.009524
139	64	0.014925
139	81	0.023256
139	100	0.018182
139	103	0.025641
139	113	0.026316
139	118	0.028571
139	121	0.026316
139	130	0.025000
139	131	0.024390
139	137	0.027778
139	154	0.033333
139	190	0.047619
139	197	0.020408
139	203	0.025000
139	231	0.033333
139	237	0.050000
139	245	0.045455
139	321	0.043478
139	454	0.055556
139	461	0.050000
140	0	0.016129
140	6	0.013333
140	9	0.033333
140	14	0.012821
140	23	0.008547
140	24	0.010101
140	36	0.008772
140	47	0.017241
140	65	0.014085
140	67	0.014706
140	81	0.023256
140	87	0.018868
140	88	0.020000
140	97	0.015152
140	101	0.021739
140	107	0.026316
140	115	0.025000
140	125	0.032258
140	155	0.033333
140	156	0.041667
140	169	0.032258
140	185	0.030303
140	188	0.045455
140	198	0.035714
140	229	0.034483
140	238	0.030303
140	240	0.040000
140	252	0.040000
140	274	0.050000
140	278	0.050000
140	291	0.045455
140	392	0.052632
140	410	0.052632
140	434	0.055556
141	2	0.011765
141	4	0.010870
141	7	0.012987
141	11	0.018182
141	19	0.005952
141	25	0.011364
141	29	0.017544
141	33	0.010309
141	37	0.009174
141	48	0.010870
141	61	0.023810
141	77	0.018868
141	85	0.024390
141	88	0.020000
141	96	0.019231
141	99	0.019608
141	100	0.018182
141	123	0.031250
141	143	0.022222
141	149	0.027778
141	153	0.031250
141	154	0.033333
141	156	0.041667
141	178	0.038462
141	179	0.029412
141	192	0.029412
141	203	0.025000
141	213	0.035714
141	218	0.035714
141	311	0.052632
141	321	0.043478
141	334	0.038462
141	349	0.052632
141	378	0.050000
141	407	0.052632
141	445	0.055556
141	466	0.055556
142	5	0.012821
142	12	0.012195
142	14	0.012821
142	18	0.007092
142	19	0.005952
142	24	0.010101
142	38	0.009434
142	48	0.010870
142	58	0.015152
142	74	0.012346
142	79	0.018182
142	99	0.019608
142	108	0.023256
142	109	0.026316
142	119	0.017857
142	121	0.026316
142	133	0.031250
142	138	0.024390
142	157	0.045455
142	160	0.029412
142	168	0.029412
142	175	0.037037
142	178	0.038462
142	182	0.041667
142	186	0.035714
142	193	0.025000
142	203	0.025000
142	223	0.055556
142	242	0.035714
142	267	0.047619
142	289	0.040000
142	328	0.050000
142	339	0.050000
142	366	0.052632
142	376	0.052632
142	387	0.052632
142	388	0.050000
142	412	0.047619
142	418	0.052632
143	2	0.011765
143	6	0.013333
143	19	0.005952
143	25	0.011364
143	36	0.008772
143	48	0.010870
143	64	0.014925
143	74	0.012346
143	81	0.023256
143	83	0.021739
143	85	0.024390
143	87	0.018868
143	98	0.021739
143	112	0.018868
143	126	0.043478
143	134	0.027027
143	135	0.026316
143	141	0.027027
143	144	0.037037
143	156	0.041667
143	163	0.035714
143	174	0.041667
143	182	0.041667
143	192	0.029412
143	207	0.034483
143	219	0.052632
143	239	0.043478
143	253	0.050000
143	262	0.037037
143	263	0.041667
143	277	0.040000
143	284	0.047619
143	303	0.035714
143	325	0.037037
143	334	0.038462
143	337	0.047619
143	348	0.045455
143	361	0.050000
143	367	0.052632
143	374	0.047619
143	395	0.055556
143	400	0.047619
143	438	0.052632
143	441	0.055556
143	457	0.055556
144	1	0.011765
144	2	0.011765
144	8	0.010753
144	22	0.007246
144	35	0.012658
144	36	0.008772
144	37	0.009174
144	55	0.017241
144	64	0.014925
144	85	0.024390
144	96	0.019231
144	101	0.021739
144	102	0.021277
144	108	0.023256
144	110	0.021277
144	112	0.018868
144	137	0.027778
144	143	0.022222
144	153	0.031250
144	161	0.020408
144	168	0.029412
144	241	0.027778
144	292	0.045455
144	319	0.055556
144	324	0.052632
144	401	0.050000
144	438	0.052632
145	4	0.010870
145	7	0.012987
145	14	0.012821
145	15	0.012346
145	20	0.007634
145	21	0.006993
145	22	0.007246
145	36	0.008772
145	37	0.009174
145	42	0.009709
145	48	0.010870
145	50	0.012821
145	54	0.012195
145	69	0.015625
145	86	0.020408
145	105	0.027027
145	109	0.026316
145	146	0.028571
145	147	0.030303
145	160	0.029412
145	179	0.029412
145	189	0.043478
145	208	0.040000
145	209	0.038462
145	216	0.035714
145	230	0.030303
145	254	0.052632
145	259	0.045455
145	298	0.045455
145	299	0.045455
145	305	0.040000
145	319	0.055556
146	3	0.023256
146	12	0.012195
146	17	0.022727
146	19	0.005952
146	20	0.007634
146	22	0.007246
146	24	0.010101
146	53	0.012346
146	54	0.012195
146	81	0.023256
146	84	0.019608
146	85	0.024390
146	104	0.020833
146	117	0.025641
146	122	0.022727
146	131	0.024390
146	138	0.024390
146	145	0.031250
146	160	0.029412
146	177	0.025641
146	185	0.030303
146	197	0.020408
146	304	0.047619
146	331	0.047619
146	343	0.038462
146	353	0.050000
146	357	0.052632
146	358	0.040000
146	365	0.045455
146	383	0.055556
146	411	0.055556
146	423	0.055556
146	443	0.062500
146	451	0.055556
146	455	0.055556
147	1	0.011765
147	2	0.011765
147	22	0.007246
147	23	0.008547
147	26	0.011236
147	31	0.037037
147	35	0.012658
147	42	0.009709
147	43	0.011236
147	47	0.017241
147	48	0.010870
147	50	0.012821
147	71	0.016667
147	80	0.020833
147	122	0.022727
147	124	0.032258
147	131	0.024390
147	145	0.031250
147	157	0.045455
147	180	0.028571
147	222	0.043478
147	232	0.035714
147	236	0.037037
147	241	0.027778
147	242	0.035714
147	246	0.043478
147	267	0.047619
147	360	0.050000
147	403	0.045455
147	436	0.052632
147	438	0.052632
147	448	0.055556
147	463	0.055556
148	12	0.012195
148	13	0.021277
148	15	0.012346
148	19	0.005952
148	21	0.006993
148	30	0.023810
148	32	0.008197
148	33	0.010309
148	56	0.014925
148	57	0.021739
148	65	0.014085
148	68	0.019231
148	71	0.016667
148	78	0.015152
148	84	0.019608
148	97	0.015152
148	109	0.026316
148	135	0.026316
148	155	0.033333
148	158	0.050000
148	177	0.025641
148	209	0.038462
148	233	0.032258
148	251	0.047619
148	293	0.041667
148	315	0.041667
148	316	0.047619
148	336	0.047619
148	351	0.055556
148	376	0.052632
148	381	0.047619
148	384	0.047619
148	404	0.055556
148	470	0.055556
149	6	0.013333
149	18	0.007092
149	19	0.005952
149	32	0.008197
149	36	0.008772
149	45	0.012821
149	62	0.035714
149	71	0.016667
149	77	0.018868
149	79	0.018182
149	90	0.024390
149	95	0.043478
149	98	0.021739
149	102	0.021277
149	106	0.016129
149	121	0.026316
149	122	0.022727
149	141	0.027027
149	152	0.035714
149	157	0.045455
149	158	0.050000
149	162	0.024390
149	207	0.034483
149	218	0.035714
149	222	0.043478
149	223	0.055556
149	232	0.035714
149	242	0.035714
149	327	0.045455
149	332	0.035714
149	353	0.050000
149	377	0.055556
149	433	0.052632
149	450	0.052632
149	459	0.055556
149	461	0.050000
150	7	0.012987
150	12	0.012195
150	18	0.007092
150	22	0.007246
150	29	0.017544
150	42	0.009709
150	48	0.010870
150	58	0.015152
150	79	0.018182
150	80	0.020833
150	82	0.020000
150	89	0.020833
150	99	0.019608
150	111	0.023256
150	112	0.018868
150	116	0.024390
150	122	0.022727
150	126	0.043478
150	151	0.026316
150	158	0.050000
150	159	0.052632
150	172	0.033333
150	178	0.038462
150	186	0.035714
150	193	0.025000
150	199	0.040000
150	217	0.043478
150	261	0.038462
150	273	0.035714
150	278	0.050000
150	311	0.052632
150	323	0.041667
150	350	0.052632
150	389	0.050000
150	449	0.050000
150	463	0.055556
151	5	0.012821
151	10	0.025641
151	14	0.012821
151	15	0.012346
151	19	0.005952
151	20	0.007634
151	22	0.007246
151	28	0.017857
151	32	0.008197
151	33	0.010309
151	38	0.009434
151	44	0.009524
151	47	0.017241
151	50	0.012821
151	56	0.014925
151	61	0.023810
151	67	0.014706
151	150	0.027778
151	162	0.024390
151	171	0.024390
151	234	0.040000
151	245	0.045455
151	268	0.040000
151	279	0.043478
151	281	0.038462
151	294	0.037037
151	311	0.052632
151	324	0.052632
151	330	0.045455
151	338	0.050000
151	384	0.047619
151	389	0.050000
151	390	0.052632
151	400	0.047619
151	408	0.050000
151	423	0.055556
151	440	0.052632
151	452	0.055556
152	7	0.012987
152	8	0.010753
152	12	0.012195
152	19	0.005952
152	20	0.007634
152	24	0.010101
152	33	0.010309
152	34	0.009709
152	64	0.014925
152	65	0.014085
152	68	0.019231
152	69	0.015625
152	73	0.016393
152	75	0.017544
152	86	0.020408
152	127	0.035714
152	128	0.025641
152	149	0.027778
152	166	0.040000
152	183	0.037037
152	198	0.035714
152	205	0.034483
152	215	0.033333
152	226	0.035714
152	318	0.047619
152	393	0.047619
152	396	0.050000
152	425	0.055556
153	0	0.016129
153	6	0.013333
153	7	0.012987
153	12	0.012195
153	16	0.012658
153	19	0.005952
153	21	0.006993
153	30	0.023810
153	33	0.010309
153	42	0.009709
153	58	0.015152
153	69	0.015625
153	83	0.021739
153	89	0.020833
153	99	0.019608
153	134	0.027027
153	141	0.027027
153	144	0.037037
153	154	0.033333
153	165	0.037037
153	167	0.031250
153	292	0.045455
153	297	0.038462
153	302	0.050000
153	309	0.052632
153	322	0.041667
153	328	0.050000
153	354	0.043478
153	375	0.050000
153	376	0.052632
153	402	0.052632
153	471	0.055556
154	1	0.011765
154	19	0.005952
154	21	0.006993
154	24	0.010101
154	33	0.010309
154	42	0.009709
154	48	0.010870
154	63	0.038462
154	67	0.014706
154	78	0.015152
154	96	0.019231
154	113	0.026316
154	127	0.035714
154	128	0.025641
154	135	0.026316
154	139	0.035714
154	141	0.027027
154	153	0.031250
154	157	0.045455
154	161	0.020408
154	180	0.028571
154	203	0.025000
154	256	0.034483
154	294	0.037037
154	320	0.055556
154	347	0.043478
154	374	0.047619
154	394	0.047619
154	400	0.047619
154	448	0.055556
155	18	0.007092
155	20	0.007634
155	23	0.008547
155	24	0.010101
155	26	0.011236
155	38	0.009434
155	39	0.013699
155	44	0.009524
155	46	0.017857
155	56	0.014925
155	60	0.026316
155	78	0.015152
155	99	0.019608
155	104	0.020833
155	109	0.026316
155	136	0.027778
155	140	0.029412
155	148	0.029412
155	187	0.030303
155	211	0.032258
155	294	0.037037
155	325	0.037037
155	330	0.045455
155	334	0.038462
155	336	0.047619
155	359	0.055556
155	372	0.050000
155	447	0.055556
155	449	0.050000
155	453	0.052632
156	6	0.013333
156	13	0.021277
156	21	0.006993
156	22	0.007246
156	52	0.013158
156	58	0.015152
156	60	0.026316
156	69	0.015625
156	79	0.018182
156	84	0.019608
156	99	0.019608
156	108	0.023256
156	117	0.025641
156	121	0.026316
156	122	0.022727
156	140	0.029412
156	141	0.027027
156	143	0.022222
156	244	0.034483
156	262	0.037037
156	327	0.045455
156	333	0.045455
156	392	0.052632
156	421	0.047619
157	4	0.010870
157	10	0.025641
157	14	0.012821
157	15	0.012346
157	17	0.022727
157	34	0.009709
157	36	0.008772
157	54	0.012195
157	57	0.021739
157	109	0.026316
157	116	0.024390
157	124	0.032258
157	135	0.026316
157	136	0.027778
157	142	0.025641
157	147	0.030303
157	149	0.027778
157	154	0.033333
157	160	0.029412
157	184	0.034483
157	189	0.043478
157	464	0.055556
158	8	0.010753
158	10	0.025641
158	38	0.009434
158	42	0.009709
158	44	0.009524
158	53	0.012346
158	54	0.012195
158	56	0.014925
158	65	0.014085
158	69	0.015625
158	74	0.012346
158	78	0.015152
158	97	0.015152
158	104	0.020833
158	112	0.018868
158	148	0.029412
158	149	0.027778
158	150	0.027778
158	174	0.041667
158	238	0.030303
159	6	0.013333
159	8	0.010753
159	21	0.006993
159	22	0.007246
159	30	0.023810
159	32	0.008197
159	39	0.013699
159	46	0.017857
159	53	0.012346
159	54	0.012195
159	59	0.020408
159	62	0.035714
159	68	0.019231
159	78	0.015152
159	88	0.020000
159	93	0.025641
159	136	0.027778
159	150	0.027778
159	264	0.043478
160	4	0.010870
160	5	0.012821
160	14	0.012821
160	15	0.012346
160	19	0.005952
160	29	0.017544
160	36	0.008772
160	46	0.017857
160	47	0.017241
160	57	0.021739
160	66	0.023256
160	72	0.020833
160	86	0.020408
160	106	0.016129
160	142	0.025641
160	145	0.031250
160	146	0.028571
160	157	0.045455
160	164	0.032258
160	206	0.041667
160	215	0.033333
160	223	0.055556
160	242	0.035714
160	243	0.032258
160	254	0.052632
160	267	0.047619
160	278	0.050000
160	319	0.055556
160	321	0.043478
160	337	0.047619
160	392	0.052632
160	404	0.055556
160	451	0.055556
160	456	0.055556
161	2	0.011765
161	4	0.010870
161	7	0.012987
161	11	0.018182
161	22	0.007246
161	23	0.008547
161	33	0.010309
161	40	0.009009
161	52	0.013158
161	64	0.014925
161	66	0.023256
161	73	0.016393
161	86	0.020408
161	101	0.021739
161	115	0.025000
161	127	0.035714
161	144	0.037037
161	154	0.033333
161	163	0.035714
161	165	0.037037
161	169	0.032258
161	172	0.033333
161	176	0.028571
161	182	0.041667
161	187	0.030303
161	193	0.025000
161	226	0.035714
161	232	0.035714
161	247	0.050000
161	249	0.043478
161	265	0.035714
161	266	0.038462
161	271	0.041667
161	274	0.050000
161	333	0.045455
161	345	0.050000
161	353	0.050000
161	380	0.050000
161	386	0.052632
161	395	0.055556
161	404	0.055556
161	409	0.055556
161	413	0.052632
161	416	0.050000
161	421	0.047619
161	424	0.052632
161	429	0.052632
161	452	0.055556
161	468	0.055556
162	8	0.010753
162	16	0.012658
162	21	0.006993
162	36	0.008772
162	37	0.009174
162	41	0.014706
162	42	0.009709
162	51	0.016129
162	69	0.015625
162	74	0.012346
162	75	0.017544
162	88	0.020000
162	104	0.020833
162	122	0.022727
162	138	0.024390
162	149	0.027778
162	151	0.026316
162	168	0.029412
162	174	0.041667
162	175	0.037037
162	206	0.041667
162	207	0.034483
162	227	0.027778
162	228	0.040000
162	244	0.034483
162	253	0.050000
162	256	0.034483
162	268	0.040000
162	273	0.035714
162	276	0.040000
162	309	0.052632
162	321	0.043478
162	336	0.047619
162	346	0.047619
162	356	0.047619
162	357	0.052632
162	396	0.050000
162	402	0.052632
162	404	0.055556
162	414	0.052632
162	430	0.052632
163	4	0.010870
163	7	0.012987
163	10	0.025641
163	17	0.022727
163	36	0.008772
163	41	0.014706
163	43	0.011236
163	69	0.015625
163	73	0.016393
163	79	0.018182
163	83	0.021739
163	86	0.020408
163	96	0.019231
163	106	0.016129
163	112	0.018868
163	136	0.027778
163	143	0.022222
163	161	0.020408
163	184	0.034483
163	185	0.030303
163	204	0.040000
163	219	0.052632
163	256	0.034483
163	262	0.037037
163	280	0.043478
163	329	0.041667
163	353	0.050000
163	470	0.055556
164	2	0.011765
164	3	0.023256
164	6	0.013333
164	7	0.012987
164	17	0.022727
164	20	0.007634
164	22	0.007246
164	28	0.017857
164	37	0.009174
164	40	0.009009
164	48	0.010870
164	49	0.019231
164	53	0.012346
164	73	0.016393
164	76	0.018182
164	112	0.018868
164	128	0.025641
164	160	0.029412
164	207	0.034483
164	220	0.045455
164	243	0.032258
164	264	0.043478
164	290	0.045455
164	304	0.047619
164	309	0.052632
164	311	0.052632
164	332	0.035714
164	383	0.055556
164	427	0.052632
164	435	0.055556
164	462	0.055556
165	7	0.012987
165	8	0.010753
165	10	0.025641
165	21	0.006993
165	26	0.011236
165	34	0.009709
165	41	0.014706
165	55	0.017241
165	72	0.020833
165	74	0.012346
165	84	0.019608
165	89	0.020833
165	106	0.016129
165	107	0.026316
165	116	0.024390
165	121	0.026316
165	153	0.031250
165	161	0.020408
165	167	0.031250
165	194	0.043478
165	195	0.038462
165	208	0.040000
165	256	0.034483
165	280	0.043478
165	288	0.050000
165	354	0.043478
165	469	0.055556
166	13	0.021277
166	21	0.006993
166	22	0.007246
166	23	0.008547
166	25	0.011364
166	34	0.009709
166	42	0.009709
166	53	0.012346
166	57	0.021739
166	58	0.015152
166	62	0.035714
166	72	0.020833
166	76	0.018182
166	93	0.025641
166	99	0.019608
166	109	0.026316
166	125	0.032258
166	152	0.035714
166	190	0.047619
166	203	0.025000
166	303	0.035714
166	378	0.050000
166	406	0.052632
166	422	0.052632
166	462	0.055556
167	5	0.012821
167	8	0.010753
167	14	0.012821
167	18	0.007092
167	26	0.011236
167	42	0.009709
167	43	0.011236
167	51	0.016129
167	74	0.012346
167	82	0.020000
167	97	0.015152
167	104	0.020833
167	117	0.025641
167	122	0.022727
167	123	0.031250
167	135	0.026316
167	153	0.031250
167	165	0.037037
167	168	0.029412
167	181	0.035714
167	202	0.032258
167	224	0.040000
167	249	0.043478
167	261	0.038462
167	304	0.047619
167	320	0.055556
167	335	0.043478
167	346	0.047619
167	364	0.052632
167	418	0.052632
167	434	0.055556
167	440	0.052632
168	3	0.023256
168	4	0.010870
168	19	0.005952
168	37	0.009174
168	40	0.009009
168	48	0.010870
168	51	0.016129
168	56	0.014925
168	69	0.015625
168	81	0.023256
168	88	0.020000
168	97	0.015152
168	105	0.027027
168	138	0.024390
168	142	0.025641
168	144	0.037037
168	162	0.024390
168	167	0.031250
168	181	0.035714
168	196	0.034483
168	204	0.040000
168	217	0.043478
168	227	0.027778
168	232	0.035714
168	240	0.040000
168	246	0.043478
168	250	0.043478
168	305	0.040000
168	314	0.043478
168	335	0.043478
168	339	0.050000
168	349	0.052632
168	354	0.043478
168	464	0.055556
169	2	0.011765
169	3	0.023256
169	7	0.012987
169	18	0.007092
169	25	0.011364
169	36	0.008772
169	38	0.009434
169	39	0.013699
169	40	0.009009
169	41	0.014706
169	79	0.018182
169	87	0.018868
169	88	0.020000
169	99	0.019608
169	102	0.021277
169	118	0.028571
169	140	0.029412
169	161	0.020408
169	174	0.041667
169	229	0.034483
169	241	0.027778
169	244	0.034483
169	250	0.043478
169	319	0.055556
169	321	0.043478
169	322	0.041667
169	362	0.045455
169	381	0.047619
169	384	0.047619
169	389	0.050000
169	446	0.055556
170	5	0.012821
170	8	0.010753
170	16	0.012658
170	19	0.005952
170	23	0.008547
170	35	0.012658
170	36	0.008772
170	37	0.009174
170	39	0.013699
170	45	0.012821
170	65	0.014085
170	66	0.023256
170	72	0.020833
170	104	0.020833
170	105	0.027027
170	106	0.016129
170	121	0.026316
170	126	0.043478
170	186	0.035714
170	188	0.045455
170	195	0.038462
170	307	0.047619
170	319	0.055556
170	322	0.041667
170	328	0.050000
170	332	0.035714
170	336	0.047619
170	413	0.052632
170	422	0.052632
170	437	0.055556
171	4	0.010870
171	5	0.012821
171	10	0.025641
171	19	0.005952
171	21	0.006993
171	23	0.008547
171	40	0.009009
171	42	0.009709
171	44	0.009524
171	57	0.021739
171	65	0.014085
171	68	0.019231
171	84	0.019608
171	87	0.018868
171	97	0.015152
171	101	0.021739
171	104	0.020833
171	151	0.026316
171	176	0.028571
171	177	0.025641
171	200	0.032258
171	205	0.034483
171	213	0.035714
171	223	0.055556
171	229	0.034483
171	240	0.040000
171	248	0.031250
171	264	0.043478
171	277	0.040000
171	336	0.047619
171	341	0.050000
171	342	0.040000
171	345	0.050000
171	361	0.050000
171	385	0.055556
171	397	0.047619
171	404	0.055556
171	413	0.052632
171	424	0.052632
171	425	0.055556
171	462	0.055556
172	1	0.011765
172	7	0.012987
172	12	0.012195
172	18	0.007092
172	37	0.009174
172	40	0.009009
172	41	0.014706
172	49	0.019231
172	50	0.012821
172	55	0.017241
172	64	0.014925
172	65	0.014085
172	75	0.017544
172	87	0.018868
172	110	0.021277
172	114	0.030303
172	150	0.027778
172	161	0.020408
172	174	0.041667
172	177	0.025641
172	179	0.029412
172	192	0.029412
172	280	0.043478
172	281	0.038462
172	307	0.047619
172	335	0.043478
172	378	0.050000
172	416	0.050000
172	418	0.052632
172	435	0.055556
173	0	0.016129
173	8	0.010753
173	19	0.005952
173	22	0.007246
173	37	0.009174
173	40	0.009009
173	48	0.010870
173	52	0.013158
173	64	0.014925
173	73	0.016393
173	78	0.015152
173	96	0.019231
173	98	0.021739
173	112	0.018868
173	113	0.026316
173	121	0.026316
173	129	0.028571
173	200	0.032258
173	203	0.025000
173	207	0.034483
173	211	0.032258
173	220	0.045455
173	249	0.043478
173	281	0.038462
173	327	0.045455
173	339	0.050000
173	345	0.050000
173	430	0.052632
173	444	0.055556
173	445	0.055556
173	446	0.055556
174	7	0.012987
174	19	0.005952
174	21	0.006993
174	23	0.008547
174	25	0.011364
174	32	0.008197
174	34	0.009709
174	97	0.015152
174	104	0.020833
174	111	0.023256
174	116	0.024390
174	119	0.017857
174	122	0.022727
174	143	0.022222
174	158	0.050000
174	162	0.024390
174	169	0.032258
174	172	0.033333
174	181	0.035714
174	284	0.047619
174	302	0.050000
174	310	0.043478
174	335	0.043478
174	381	0.047619
175	21	0.006993
175	29	0.017544
175	41	0.014706
175	46	0.017857
175	56	0.014925
175	58	0.015152
175	60	0.026316
175	68	0.019231
175	74	0.012346
175	87	0.018868
175	111	0.023256
175	112	0.018868
175	121	0.026316
175	122	0.022727
175	125	0.032258
175	137	0.027778
175	142	0.025641
175	162	0.024390
175	206	0.041667
175	208	0.040000
175	212	0.033333
175	260	0.045455
175	285	0.043478
175	304	0.047619
175	364	0.052632
175	401	0.050000
175	431	0.055556
176	4	0.010870
176	5	0.012821
176	10	0.025641
176	11	0.018182
176	22	0.007246
176	25	0.011364
176	26	0.011236
176	33	0.010309
176	44	0.009524
176	51	0.016129
176	53	0.012346
176	65	0.014085
176	75	0.017544
176	79	0.018182
176	105	0.027027
176	130	0.025000
176	161	0.020408
176	171	0.024390
176	181	0.035714
176	210	0.034483
176	213	0.035714
176	249	0.043478
176	259	0.045455
176	262	0.037037
176	289	0.040000
176	301	0.043478
176	306	0.038462
176	314	0.043478
176	316	0.047619
176	338	0.050000
176	339	0.050000
176	364	0.052632
176	373	0.052632
176	396	0.050000
176	437	0.055556
177	4	0.010870
177	19	0.005952
177	20	0.007634
177	24	0.010101
177	33	0.010309
177	68	0.019231
177	69	0.015625
177	76	0.018182
177	93	0.025641
177	101	0.021739
177	112	0.018868
177	128	0.025641
177	129	0.028571
177	134	0.027027
177	146	0.028571
177	148	0.029412
177	171	0.024390
177	172	0.033333
177	187	0.030303
177	194	0.043478
177	199	0.040000
177	200	0.032258
177	263	0.041667
177	271	0.041667
177	278	0.050000
177	290	0.045455
177	297	0.038462
177	330	0.045455
177	334	0.038462
177	366	0.052632
177	373	0.052632
177	376	0.052632
177	413	0.052632
177	418	0.052632
177	424	0.052632
177	455	0.055556
177	457	0.055556
177	466	0.055556
177	467	0.055556
178	3	0.023256
178	15	0.012346
178	18	0.007092
178	21	0.006993
178	22	0.007246
178	36	0.008772
178	47	0.017241
178	56	0.014925
178	59	0.020408
178	91	0.033333
178	93	0.025641
178	112	0.018868
178	119	0.017857
178	120	0.028571
178	128	0.025641
178	141	0.027027
178	142	0.025641
178	150	0.027778
178	218	0.035714
178	259	0.045455
178	287	0.055556
178	347	0.043478
178	372	0.050000
178	414	0.052632
178	433	0.052632
178	455	0.055556
179	6	0.013333
179	17	0.022727
179	18	0.007092
179	19	0.005952
179	38	0.009434
179	40	0.009009
179	42	0.009709
179	45	0.012821
179	52	0.013158
179	53	0.012346
179	61	0.023810
179	73	0.016393
179	78	0.015152
179	99	0.019608
179	106	0.016129
179	141	0.027027
179	145	0.031250
179	172	0.033333
179	191	0.047619
179	227	0.027778
179	248	0.031250
179	261	0.038462
179	270	0.041667
179	305	0.040000
179	349	0.052632
179	377	0.055556
179	403	0.045455
179	416	0.050000
179	421	0.047619
179	425	0.055556
179	437	0.055556
179	459	0.055556
179	460	0.055556
179	467	0.055556
180	6	0.013333
180	8	0.010753
180	18	0.007092
180	22	0.007246
180	46	0.017857
180	50	0.012821
180	65	0.014085
180	73	0.016393
180	77	0.018868
180	82	0.020000
180	89	0.020833
180	105	0.027027
180	111	0.023256
180	114	0.030303
180	119	0.017857
180	130	0.025000
180	147	0.030303
180	154	0.033333
180	198	0.035714
180	235	0.043478
180	266	0.038462
180	307	0.047619
180	308	0.047619
180	310	0.043478
180	325	0.037037
180	330	0.045455
180	333	0.045455
180	339	0.050000
180	342	0.040000
180	348	0.045455
180	352	0.037037
180	390	0.052632
180	428	0.052632
180	443	0.062500
180	470	0.055556
181	4	0.010870
181	18	0.007092
181	21	0.006993
181	44	0.009524
181	54	0.012195
181	71	0.016667
181	84	0.019608
181	93	0.025641
181	97	0.015152
181	98	0.021739
181	103	0.025641
181	121	0.026316
181	129	0.028571
181	132	0.030303
181	167	0.031250
181	168	0.029412
181	174	0.041667
181	176	0.028571
181	182	0.041667
181	185	0.030303
181	245	0.045455
181	258	0.038462
181	307	0.047619
181	313	0.043478
181	330	0.045455
181	338	0.050000
181	343	0.038462
181	351	0.055556
182	8	0.010753
182	19	0.005952
182	44	0.009524
182	59	0.020408
182	66	0.023256
182	68	0.019231
182	74	0.012346
182	80	0.020833
182	87	0.018868
182	106	0.016129
182	107	0.026316
182	122	0.022727
182	131	0.024390
182	133	0.031250
182	142	0.025641
182	143	0.022222
182	161	0.020408
182	181	0.035714
182	274	0.050000
182	339	0.050000
182	385	0.055556
182	397	0.047619
182	423	0.055556
182	463	0.055556
183	7	0.012987
183	8	0.010753
183	11	0.018182
183	17	0.022727
183	19	0.005952
183	23	0.008547
183	24	0.010101
183	26	0.011236
183	42	0.009709
183	53	0.012346
183	56	0.014925
183	69	0.015625
183	75	0.017544
183	77	0.018868
183	86	0.020408
183	123	0.031250
183	124	0.032258
183	152	0.035714
183	198	0.035714
183	218	0.035714
183	232	0.035714
183	235	0.043478
183	255	0.050000
183	322	0.041667
183	375	0.050000
183	430	0.052632
183	439	0.052632
184	5	0.012821
184	6	0.013333
184	12	0.012195
184	18	0.007092
184	31	0.037037
184	32	0.008197
184	34	0.009709
184	41	0.014706
184	47	0.017241
184	52	0.013158
184	65	0.014085
184	69	0.015625
184	74	0.012346
184	77	0.018868
184	79	0.018182
184	105	0.027027
184	157	0.045455
184	163	0.035714
184	238	0.030303
184	251	0.047619
184	264	0.043478
184	280	0.043478
184	285	0.043478
184	290	0.045455
184	304	0.047619
184	308	0.047619
184	393	0.047619
184	417	0.052632
184	465	0.055556
185	2	0.011765
185	4	0.010870
185	16	0.012658
185	18	0.007092
185	21	0.006993
185	24	0.010101
185	32	0.008197
185	36	0.008772
185	48	0.010870
185	53	0.012346
185	77	0.018868
185	81	0.023256
185	96	0.019231
185	135	0.026316
185	140	0.029412
185	146	0.028571
185	163	0.035714
185	181	0.035714
185	197	0.020408
185	213	0.035714
185	219	0.052632
185	256	0.034483
185	260	0.045455
185	264	0.043478
185	273	0.035714
185	288	0.050000
185	291	0.045455
185	357	0.052632
185	377	0.055556
185	394	0.047619
185	396	0.050000
185	433	0.052632
185	448	0.055556
186	2	0.011765
186	18	0.007092
186	20	0.007634
186	39	0.013699
186	44	0.009524
186	49	0.019231
186	54	0.012195
186	64	0.014925
186	97	0.015152
186	100	0.018182
186	102	0.021277
186	117	0.025641
186	121	0.026316
186	132	0.030303
186	137	0.027778
186	142	0.025641
186	150	0.027778
186	170	0.033333
186	203	0.025000
186	206	0.041667
186	208	0.040000
186	213	0.035714
186	289	0.040000
186	336	0.047619
186	337	0.047619
186	397	0.047619
186	415	0.052632
186	471	0.055556
187	0	0.016129
187	5	0.012821
187	7	0.012987
187	19	0.005952
187	20	0.007634
187	48	0.010870
187	51	0.016129
187	54	0.012195
187	58	0.015152
187	62	0.035714
187	73	0.016393
187	74	0.012346
187	83	0.021739
187	89	0.020833
187	134	0.027027
187	155	0.033333
187	161	0.020408
187	177	0.025641
187	189	0.043478
187	214	0.040000
187	242	0.035714
187	252	0.040000
187	255	0.050000
187	260	0.045455
187	282	0.043478
187	296	0.038462
187	320	0.055556
187	330	0.045455
187	380	0.050000
187	388	0.050000
187	399	0.055556
187	452	0.055556
187	465	0.055556
188	2	0.011765
188	15	0.012346
188	25	0.011364
188	36	0.008772
188	40	0.009009
188	47	0.017241
188	52	0.013158
188	59	0.020408
188	68	0.019231
188	76	0.018182
188	82	0.020000
188	111	0.023256
188	115	0.025000
188	120	0.028571
188	128	0.025641
188	133	0.031250
188	140	0.029412
188	170	0.033333
188	209	0.038462
188	382	0.055556
188	410	0.052632
188	457	0.055556
189	7	0.012987
189	10	0.025641
189	11	0.018182
189	21	0.006993
189	22	0.007246
189	38	0.009434
189	40	0.009009
189	46	0.017857
189	71	0.016667
189	76	0.018182
189	83	0.021739
189	87	0.018868
189	90	0.024390
189	106	0.016129
189	122	0.022727
189	145	0.031250
189	157	0.045455
189	187	0.030303
189	210	0.034483
189	228	0.040000
189	232	0.035714
189	245	0.045455
189	380	0.050000
190	1	0.011765
190	4	0.010870
190	8	0.010753
190	16	0.012658
190	33	0.010309
190	37	0.009174
190	40	0.009009
190	43	0.011236
190	44	0.009524
190	48	0.010870
190	54	0.012195
190	79	0.018182
190	83	0.021739
190	85	0.024390
190	91	0.033333
190	136	0.027778
190	139	0.035714
190	166	0.040000
190	194	0.043478
190	222	0.043478
190	388	0.050000
191	2	0.011765
191	8	0.010753
191	12	0.012195
191	24	0.010101
191	33	0.010309
191	34	0.009709
191	36	0.008772
191	39	0.013699
191	40	0.009009
191	45	0.012821
191	50	0.012821
191	65	0.014085
191	67	0.014706
191	68	0.019231
191	75	0.017544
191	78	0.015152
191	129	0.028571
191	179	0.029412
191	250	0.043478
191	331	0.047619
191	402	0.052632
192	12	0.012195
192	18	0.007092
192	19	0.005952
192	21	0.006993
192	22	0.007246
192	34	0.009709
192	41	0.014706
192	46	0.017857
192	51	0.016129
192	71	0.016667
192	78	0.015152
192	102	0.021277
192	113	0.026316
192	116	0.024390
192	131	0.024390
192	141	0.027027
192	143	0.022222
192	172	0.033333
192	199	0.040000
192	212	0.033333
192	226	0.035714
192	265	0.035714
192	278	0.050000
192	287	0.055556
192	340	0.045455
192	343	0.038462
192	348	0.045455
192	350	0.052632
192	363	0.050000
192	386	0.052632
192	406	0.052632
192	436	0.052632
192	453	0.052632
192	459	0.055556
193	4	0.010870
193	6	0.013333
193	14	0.012821
193	18	0.007092
193	35	0.012658
193	38	0.009434
193	54	0.012195
193	65	0.014085
193	79	0.018182
193	88	0.020000
193	112	0.018868
193	113	0.026316
193	121	0.026316
193	127	0.035714
193	128	0.025641
193	142	0.025641
193	150	0.027778
193	161	0.020408
193	194	0.043478
193	210	0.034483
193	219	0.052632
193	225	0.038462
193	233	0.032258
193	236	0.037037
193	247	0.050000
193	258	0.038462
193	292	0.045455
193	301	0.043478
193	304	0.047619
193	359	0.055556
193	374	0.047619
193	400	0.047619
193	408	0.050000
193	420	0.052632
193	431	0.055556
193	449	0.050000
193	456	0.055556
193	465	0.055556
193	467	0.055556
193	469	0.055556
194	1	0.011765
194	22	0.007246
194	28	0.017857
194	32	0.008197
194	43	0.011236
194	51	0.016129
194	67	0.014706
194	69	0.015625
194	79	0.018182
194	83	0.021739
194	85	0.024390
194	120	0.028571
194	121	0.026316
194	136	0.027778
194	165	0.037037
194	177	0.025641
194	190	0.047619
194	193	0.025000
194	237	0.050000
194	372	0.050000
194	441	0.055556
194	462	0.055556
194	471	0.055556
195	1	0.011765
195	4	0.010870
195	6	0.013333
195	11	0.018182
195	34	0.009709
195	50	0.012821
195	64	0.014925
195	72	0.020833
195	87	0.018868
195	97	0.015152
195	102	0.021277
195	104	0.020833
195	118	0.028571
195	119	0.017857
195	131	0.024390
195	138	0.024390
195	165	0.037037
195	170	0.033333
195	212	0.033333
195	224	0.040000
195	227	0.027778
195	228	0.040000
195	278	0.050000
195	283	0.052632
195	337	0.047619
195	396	0.050000
196	14	0.012821
196	19	0.005952
196	23	0.008547
196	29	0.017544
196	35	0.012658
196	50	0.012821
196	54	0.012195
196	82	0.020000
196	83	0.021739
196	84	0.019608
196	96	0.019231
196	97	0.015152
196	98	0.021739
196	113	0.026316
196	129	0.028571
196	168	0.029412
196	234	0.040000
196	267	0.047619
196	276	0.040000
196	286	0.052632
196	350	0.052632
196	356	0.047619
196	357	0.052632
196	387	0.052632
196	405	0.052632
196	410	0.052632
196	430	0.052632
196	436	0.052632
196	449	0.050000
197	0	0.016129
197	1	0.011765
197	8	0.010753
197	10	0.025641
197	19	0.005952
197	29	0.017544
197	48	0.010870
197	52	0.013158
197	61	0.023810
197	88	0.020000
197	103	0.025641
197	106	0.016129
197	117	0.025641
197	118	0.028571
197	125	0.032258
197	139	0.035714
197	146	0.028571
197	185	0.030303
197	210	0.034483
197	214	0.040000
197	215	0.033333
197	239	0.043478
197	247	0.050000
197	250	0.043478
197	252	0.040000
197	253	0.050000
197	319	0.055556
197	327	0.045455
197	329	0.041667
197	332	0.035714
197	338	0.050000
197	354	0.043478
197	362	0.045455
197	364	0.052632
197	366	0.052632
197	367	0.052632
197	368	0.052632
197	371	0.032258
197	384	0.047619
197	401	0.050000
197	405	0.052632
197	413	0.052632
197	415	0.052632
197	419	0.055556
197	421	0.047619
197	427	0.052632
197	444	0.055556
197	455	0.055556
197	458	0.055556
198	16	0.012658
198	19	0.005952
198	24	0.010101
198	41	0.014706
198	42	0.009709
198	43	0.011236
198	53	0.012346
198	56	0.014925
198	71	0.016667
198	73	0.016393
198	83	0.021739
198	97	0.015152
198	111	0.023256
198	127	0.035714
198	140	0.029412
198	152	0.035714
198	180	0.028571
198	183	0.037037
198	202	0.032258
198	239	0.043478
198	266	0.038462
198	283	0.052632
198	325	0.037037
198	363	0.050000
198	366	0.052632
198	396	0.050000
198	404	0.055556
198	419	0.055556
199	7	0.012987
199	15	0.012346
199	17	0.022727
199	20	0.007634
199	21	0.006993
199	32	0.008197
199	36	0.008772
199	39	0.013699
199	40	0.009009
199	41	0.014706
199	51	0.016129
199	74	0.012346
199	77	0.018868
199	97	0.015152
199	150	0.027778
199	177	0.025641
199	192	0.029412
199	216	0.035714
199	284	0.047619
199	356	0.047619
199	366	0.052632
199	408	0.050000
199	412	0.047619
199	453	0.052632
199	455	0.055556
200	2	0.011765
200	14	0.012821
200	23	0.008547
200	32	0.008197
200	34	0.009709
200	36	0.008772
200	50	0.012821
200	80	0.020833
200	84	0.019608
200	107	0.026316
200	109	0.026316
200	113	0.026316
200	122	0.022727
200	128	0.025641
200	134	0.027027
200	171	0.024390
200	173	0.032258
200	177	0.025641
200	222	0.043478
200	229	0.034483
200	248	0.031250
200	256	0.034483
200	271	0.041667
200	298	0.045455
200	299	0.045455
200	311	0.052632
200	329	0.041667
200	336	0.047619
200	347	0.043478
200	402	0.052632
200	421	0.047619
201	1	0.011765
201	6	0.013333
201	8	0.010753
201	10	0.025641
201	15	0.012346
201	19	0.005952
201	25	0.011364
201	26	0.011236
201	35	0.012658
201	42	0.009709
201	44	0.009524
201	54	0.012195
201	71	0.016667
201	101	0.021739
201	105	0.027027
201	106	0.016129
201	107	0.026316
201	205	0.034483
201	242	0.035714
201	266	0.038462
201	268	0.040000
201	269	0.038462
201	282	0.043478
201	294	0.037037
201	316	0.047619
201	337	0.047619
201	349	0.052632
201	431	0.055556
201	441	0.055556
202	1	0.011765
202	4	0.010870
202	8	0.010753
202	21	0.006993
202	26	0.011236
202	37	0.009174
202	42	0.009709
202	52	0.013158
202	53	0.012346
202	56	0.014925
202	58	0.015152
202	61	0.023810
202	68	0.019231
202	82	0.020000
202	101	0.021739
202	123	0.031250
202	167	0.031250
202	198	0.035714
202	226	0.035714
202	250	0.043478
202	259	0.045455
202	279	0.043478
202	292	0.045455
202	326	0.043478
202	363	0.050000
202	386	0.052632
202	405	0.052632
202	411	0.055556
202	434	0.055556
202	443	0.062500
202	452	0.055556
203	0	0.016129
203	2	0.011765
203	19	0.005952
203	20	0.007634
203	41	0.014706
203	51	0.016129
203	58	0.015152
203	67	0.014706
203	90	0.024390
203	98	0.021739
203	119	0.017857
203	139	0.035714
203	141	0.027027
203	142	0.025641
203	154	0.033333
203	166	0.040000
203	173	0.032258
203	186	0.035714
203	212	0.033333
203	224	0.040000
203	238	0.030303
203	258	0.038462
203	276	0.040000
203	289	0.040000
203	298	0.045455
203	312	0.045455
203	313	0.043478
203	317	0.055556
203	322	0.041667
203	326	0.043478
203	361	0.050000
203	369	0.050000
203	373	0.052632
203	378	0.050000
203	386	0.052632
203	404	0.055556
203	424	0.052632
203	432	0.050000
203	447	0.055556
203	468	0.055556
204	15	0.012346
204	29	0.017544
204	39	0.013699
204	40	0.009009
204	45	0.012821
204	46	0.017857
204	49	0.019231
204	67	0.014706
204	69	0.015625
204	71	0.016667
204	84	0.019608
204	96	0.019231
204	97	0.015152
204	106	0.016129
204	109	0.026316
204	120	0.028571
204	163	0.035714
204	168	0.029412
204	236	0.037037
204	244	0.034483
204	334	0.038462
204	358	0.040000
204	364	0.052632
204	368	0.052632
204	423	0.055556
205	1	0.011765
205	16	0.012658
205	21	0.006993
205	22	0.007246
205	47	0.017241
205	48	0.010870
205	52	0.013158
205	64	0.014925
205	75	0.017544
205	78	0.015152
205	89	0.020833
205	102	0.021277
205	109	0.026316
205	114	0.030303
205	122	0.022727
205	152	0.035714
205	171	0.024390
205	201	0.034483
205	208	0.040000
205	240	0.040000
205	241	0.027778
205	251	0.047619
205	253	0.050000
205	255	0.050000
205	275	0.050000
205	293	0.041667
205	307	0.047619
205	311	0.052632
205	359	0.055556
206	2	0.011765
206	8	0.010753
206	18	0.007092
206	20	0.007634
206	24	0.010101
206	35	0.012658
206	44	0.009524
206	54	0.012195
206	58	0.015152
206	74	0.012346
206	76	0.018182
206	106	0.016129
206	137	0.027778
206	160	0.029412
206	162	0.024390
206	175	0.037037
206	186	0.035714
206	209	0.038462
206	224	0.040000
206	269	0.038462
206	292	0.045455
206	312	0.045455
206	344	0.047619
206	367	0.052632
207	2	0.011765
207	4	0.010870
207	5	0.012821
207	21	0.006993
207	38	0.009434
207	40	0.009009
207	50	0.012821
207	53	0.012346
207	59	0.020408
207	60	0.026316
207	84	0.019608
207	112	0.018868
207	113	0.026316
207	143	0.022222
207	149	0.027778
207	162	0.024390
207	164	0.032258
207	173	0.032258
207	212	0.033333
207	222	0.043478
207	233	0.032258
207	269	0.038462
207	276	0.040000
207	293	0.041667
207	302	0.050000
207	341	0.050000
207	387	0.052632
207	417	0.052632
207	448	0.055556
208	2	0.011765
208	7	0.012987
208	16	0.012658
208	17	0.022727
208	18	0.007092
208	26	0.011236
208	34	0.009709
208	36	0.008772
208	52	0.013158
208	74	0.012346
208	90	0.024390
208	113	0.026316
208	116	0.024390
208	145	0.031250
208	165	0.037037
208	175	0.037037
208	186	0.035714
208	205	0.034483
208	237	0.050000
208	238	0.030303
208	255	0.050000
208	318	0.047619
208	324	0.052632
208	346	0.047619
208	461	0.050000
209	12	0.012195
209	17	0.022727
209	20	0.007634
209	35	0.012658
209	37	0.009174
209	42	0.009709
209	58	0.015152
209	59	0.020408
209	69	0.015625
209	74	0.012346
209	84	0.019608
209	86	0.020408
209	89	0.020833
209	100	0.018182
209	145	0.031250
209	148	0.029412
209	188	0.045455
209	206	0.041667
209	220	0.045455
209	281	0.038462
209	283	0.052632
209	300	0.050000
209	301	0.043478
209	305	0.040000
209	365	0.045455
209	370	0.045455
210	5	0.012821
210	24	0.010101
210	27	0.019608
210	32	0.008197
210	35	0.012658
210	43	0.011236
210	57	0.021739
210	58	0.015152
210	73	0.016393
210	85	0.024390
210	92	0.037037
210	94	0.045455
210	123	0.031250
210	138	0.024390
210	176	0.028571
210	189	0.043478
210	193	0.025000
210	197	0.020408
210	228	0.040000
210	249	0.043478
210	250	0.043478
210	294	0.037037
210	304	0.047619
210	309	0.052632
210	355	0.043478
210	393	0.047619
210	395	0.055556
210	407	0.052632
210	443	0.062500
211	0	0.016129
211	14	0.012821
211	15	0.012346
211	18	0.007092
211	27	0.019608
211	35	0.012658
211	43	0.011236
211	52	0.013158
211	53	0.012346
211	64	0.014925
211	66	0.023256
211	72	0.020833
211	74	0.012346
211	85	0.024390
211	101	0.021739
211	112	0.018868
211	155	0.033333
211	173	0.032258
211	241	0.027778
211	266	0.038462
211	270	0.041667
211	299	0.045455
211	303	0.035714
211	314	0.043478
211	335	0.043478
211	345	0.050000
211	374	0.047619
211	375	0.050000
211	384	0.047619
211	414	0.052632
211	422	0.052632
212	7	0.012987
212	13	0.021277
212	15	0.012346
212	16	0.012658
212	36	0.008772
212	51	0.016129
212	52	0.013158
212	56	0.014925
212	87	0.018868
212	88	0.020000
212	100	0.018182
212	110	0.021277
212	119	0.017857
212	175	0.037037
212	192	0.029412
212	195	0.038462
212	203	0.025000
212	207	0.034483
212	239	0.043478
212	240	0.040000
212	241	0.027778
212	255	0.050000
212	275	0.050000
212	279	0.043478
212	292	0.045455
212	293	0.041667
212	429	0.052632
212	445	0.055556
212	448	0.055556
212	455	0.055556
213	1	0.011765
213	8	0.010753
213	9	0.033333
213	34	0.009709
213	38	0.009434
213	44	0.009524
213	48	0.010870
213	52	0.013158
213	56	0.014925
213	65	0.014085
213	100	0.018182
213	113	0.026316
213	119	0.017857
213	141	0.027027
213	171	0.024390
213	176	0.028571
213	185	0.030303
213	186	0.035714
213	268	0.040000
213	289	0.040000
213	291	0.045455
213	292	0.045455
213	309	0.052632
213	313	0.043478
213	330	0.045455
213	346	0.047619
213	377	0.055556
213	403	0.045455
214	17	0.022727
214	19	0.005952
214	23	0.008547
214	26	0.011236
214	32	0.008197
214	33	0.010309
214	41	0.014706
214	45	0.012821
214	50	0.012821
214	79	0.018182
214	93	0.025641
214	96	0.019231
214	116	0.024390
214	123	0.031250
214	128	0.025641
214	136	0.027778
214	187	0.030303
214	197	0.020408
214	221	0.043478
214	269	0.038462
214	310	0.043478
214	364	0.052632
214	369	0.050000
214	371	0.032258
214	424	0.052632
215	1	0.011765
215	8	0.010753
215	14	0.012821
215	18	0.007092
215	34	0.009709
215	40	0.009009
215	54	0.012195
215	56	0.014925
215	59	0.020408
215	60	0.026316
215	75	0.017544
215	100	0.018182
215	101	0.021739
215	123	0.031250
215	131	0.024390
215	152	0.035714
215	160	0.029412
215	197	0.020408
215	221	0.043478
215	245	0.045455
215	254	0.052632
215	258	0.038462
215	281	0.038462
215	286	0.052632
215	314	0.043478
215	329	0.041667
215	342	0.040000
215	347	0.043478
215	362	0.045455
215	402	0.052632
216	7	0.012987
216	15	0.012346
216	19	0.005952
216	26	0.011236
216	28	0.017857
216	30	0.023810
216	33	0.010309
216	35	0.012658
216	44	0.009524
216	48	0.010870
216	52	0.013158
216	77	0.018868
216	84	0.019608
216	98	0.021739
216	104	0.020833
216	119	0.017857
216	145	0.031250
216	199	0.040000
216	221	0.043478
216	240	0.040000
216	255	0.050000
216	275	0.050000
216	279	0.043478
216	325	0.037037
216	340	0.045455
216	371	0.032258
216	380	0.050000
216	433	0.052632
217	0	0.016129
217	2	0.011765
217	15	0.012346
217	16	0.012658
217	17	0.022727
217	34	0.009709
217	40	0.009009
217	47	0.017241
217	49	0.019231
217	69	0.015625
217	70	0.025641
217	74	0.012346
217	78	0.015152
217	112	0.018868
217	116	0.024390
217	131	0.024390
217	150	0.027778
217	168	0.029412
217	222	0.043478
217	239	0.043478
217	294	0.037037
217	340	0.045455
217	449	0.050000
218	5	0.012821
218	15	0.012346
218	19	0.005952
218	26	0.011236
218	37	0.009174
218	38	0.009434
218	39	0.013699
218	42	0.009709
218	44	0.009524
218	49	0.019231
218	58	0.015152
218	86	0.020408
218	87	0.018868
218	103	0.025641
218	141	0.027027
218	149	0.027778
218	178	0.038462
218	183	0.037037
218	225	0.038462
218	236	0.037037
218	253	0.050000
218	262	0.037037
218	269	0.038462
218	359	0.055556
218	360	0.050000
218	363	0.050000
218	413	0.052632
218	429	0.052632
219	17	0.022727
219	18	0.007092
219	24	0.010101
219	26	0.011236
219	36	0.008772
219	39	0.013699
219	44	0.009524
219	55	0.017241
219	74	0.012346
219	77	0.018868
219	100	0.018182
219	104	0.020833
219	112	0.018868
219	143	0.022222
219	163	0.035714
219	185	0.030303
219	193	0.025000
219	271	0.041667
219	442	0.052632
220	1	0.011765
220	7	0.012987
220	20	0.007634
220	30	0.023810
220	34	0.009709
220	42	0.009709
220	48	0.010870
220	51	0.016129
220	53	0.012346
220	66	0.023256
220	105	0.027027
220	106	0.016129
220	112	0.018868
220	115	0.025000
220	120	0.028571
220	164	0.032258
220	173	0.032258
220	209	0.038462
220	243	0.032258
220	257	0.040000
220	270	0.041667
220	361	0.050000
221	1	0.011765
221	2	0.011765
221	9	0.033333
221	21	0.006993
221	36	0.008772
221	37	0.009174
221	45	0.012821
221	53	0.012346
221	57	0.021739
221	58	0.015152
221	104	0.020833
221	110	0.021277
221	116	0.024390
221	117	0.025641
221	124	0.032258
221	214	0.040000
221	215	0.033333
221	216	0.035714
221	257	0.040000
221	283	0.052632
221	331	0.047619
221	350	0.052632
221	401	0.050000
222	0	0.016129
222	3	0.023256
222	15	0.012346
222	16	0.012658
222	21	0.006993
222	29	0.017544
222	38	0.009434
222	43	0.011236
222	50	0.012821
222	59	0.020408
222	75	0.017544
222	100	0.018182
222	147	0.030303
222	149	0.027778
222	190	0.047619
222	200	0.032258
222	207	0.034483
222	217	0.043478
222	235	0.043478
222	263	0.041667
222	388	0.050000
222	432	0.050000
222	457	0.055556
223	16	0.012658
223	22	0.007246
223	26	0.011236
223	27	0.019608
223	51	0.016129
223	54	0.012195
223	55	0.017241
223	60	0.026316
223	66	0.023256
223	81	0.023256
223	92	0.037037
223	101	0.021739
223	138	0.024390
223	142	0.025641
223	149	0.027778
223	160	0.029412
223	171	0.024390
223	230	0.030303
224	1	0.011765
224	6	0.013333
224	14	0.012821
224	23	0.008547
224	53	0.012346
224	66	0.023256
224	71	0.016667
224	72	0.020833
224	73	0.016393
224	80	0.020833
224	106	0.016129
224	108	0.023256
224	120	0.028571
224	131	0.024390
224	167	0.031250
224	195	0.038462
224	203	0.025000
224	206	0.041667
224	227	0.027778
224	270	0.041667
224	390	0.052632
224	411	0.055556
224	427	0.052632
224	444	0.055556
224	453	0.052632
225	11	0.018182
225	12	0.012195
225	19	0.005952
225	20	0.007634
225	22	0.007246
225	33	0.010309
225	36	0.008772
225	48	0.010870
225	52	0.013158
225	53	0.012346
225	75	0.017544
225	79	0.018182
225	85	0.024390
225	88	0.020000
225	100	0.018182
225	125	0.032258
225	193	0.025000
225	218	0.035714
225	259	0.045455
225	292	0.045455
225	315	0.041667
225	331	0.047619
225	346	0.047619
225	347	0.043478
225	417	0.052632
225	423	0.055556
226	14	0.012821
226	18	0.007092
226	21	0.006993
226	22	0.007246
226	36	0.008772
226	37	0.009174
226	38	0.009434
226	44	0.009524
226	52	0.013158
226	72	0.020833
226	82	0.020000
226	87	0.018868
226	97	0.015152
226	137	0.027778
226	152	0.035714
226	161	0.020408
226	192	0.029412
226	202	0.032258
226	230	0.030303
226	232	0.035714
226	295	0.045455
226	299	0.045455
226	318	0.047619
226	353	0.050000
226	383	0.055556
226	418	0.052632
226	451	0.055556
226	452	0.055556
227	2	0.011765
227	6	0.013333
227	11	0.018182
227	23	0.008547
227	27	0.019608
227	32	0.008197
227	42	0.009709
227	49	0.019231
227	50	0.012821
227	54	0.012195
227	70	0.025641
227	76	0.018182
227	100	0.018182
227	162	0.024390
227	168	0.029412
227	179	0.029412
227	195	0.038462
227	224	0.040000
227	242	0.035714
227	255	0.050000
227	270	0.041667
227	271	0.041667
227	274	0.050000
227	285	0.043478
227	300	0.050000
227	303	0.035714
227	320	0.055556
227	321	0.043478
227	324	0.052632
227	337	0.047619
227	351	0.055556
227	397	0.047619
227	418	0.052632
227	421	0.047619
227	427	0.052632
227	455	0.055556
228	8	0.010753
228	14	0.012821
228	19	0.005952
228	20	0.007634
228	21	0.006993
228	59	0.020408
228	69	0.015625
228	72	0.020833
228	82	0.020000
228	91	0.033333
228	96	0.019231
228	103	0.025641
228	115	0.025000
228	124	0.032258
228	162	0.024390
228	189	0.043478
228	195	0.038462
228	210	0.034483
228	256	0.034483
228	258	0.038462
228	294	0.037037
228	302	0.050000
228	311	0.052632
228	360	0.050000
228	449	0.050000
229	0	0.016129
229	16	0.012658
229	19	0.005952
229	26	0.011236
229	38	0.009434
229	44	0.009524
229	72	0.020833
229	80	0.020833
229	88	0.020000
229	107	0.026316
229	108	0.023256
229	110	0.021277
229	115	0.025000
229	122	0.022727
229	140	0.029412
229	169	0.032258
229	171	0.024390
229	200	0.032258
229	244	0.034483
229	247	0.050000
229	261	0.038462
229	294	0.037037
229	321	0.043478
229	332	0.035714
229	338	0.050000
229	369	0.050000
229	429	0.052632
229	439	0.052632
229	458	0.055556
230	14	0.012821
230	15	0.012346
230	26	0.011236
230	43	0.011236
230	44	0.009524
230	50	0.012821
230	65	0.014085
230	66	0.023256
230	67	0.014706
230	69	0.015625
230	71	0.016667
230	73	0.016393
230	80	0.020833
230	90	0.024390
230	99	0.019608
230	145	0.031250
230	223	0.055556
230	226	0.035714
230	238	0.030303
230	239	0.043478
230	251	0.047619
230	259	0.045455
230	293	0.041667
230	303	0.035714
230	309	0.052632
230	314	0.043478
230	321	0.043478
230	326	0.043478
230	332	0.035714
230	359	0.055556
230	391	0.050000
230	441	0.055556
230	470	0.055556
231	1	0.011765
231	8	0.010753
231	20	0.007634
231	22	0.007246
231	36	0.008772
231	41	0.014706
231	42	0.009709
231	46	0.017857
231	68	0.019231
231	80	0.020833
231	82	0.020000
231	106	0.016129
231	111	0.023256
231	116	0.024390
231	132	0.030303
231	133	0.031250
231	139	0.035714
231	237	0.050000
231	271	0.041667
231	273	0.035714
231	301	0.043478
231	302	0.050000
231	306	0.038462
231	371	0.032258
231	382	0.055556
231	395	0.055556
231	409	0.055556
231	427	0.052632
231	446	0.055556
231	450	0.052632
232	8	0.010753
232	19	0.005952
232	22	0.007246
232	26	0.011236
232	32	0.008197
232	48	0.010870
232	78	0.015152
232	87	0.018868
232	88	0.020000
232	90	0.024390
232	136	0.027778
232	147	0.030303
232	149	0.027778
232	161	0.020408
232	168	0.029412
232	183	0.037037
232	189	0.043478
232	226	0.035714
232	250	0.043478
232	302	0.050000
232	312	0.045455
232	343	0.038462
232	353	0.050000
232	367	0.052632
232	426	0.055556
232	453	0.052632
232	454	0.055556
232	466	0.055556
233	1	0.011765
233	4	0.010870
233	8	0.010753
233	19	0.005952
233	21	0.006993
233	23	0.008547
233	24	0.010101
233	45	0.012821
233	50	0.012821
233	52	0.013158
233	56	0.014925
233	74	0.012346
233	84	0.019608
233	87	0.018868
233	88	0.020000
233	148	0.029412
233	193	0.025000
233	207	0.034483
233	234	0.040000
233	245	0.045455
233	251	0.047619
233	252	0.040000
233	253	0.050000
233	267	0.047619
233	272	0.037037
233	273	0.035714
233	331	0.047619
233	337	0.047619
233	367	0.052632
233	407	0.052632
233	411	0.055556
234	5	0.012821
234	14	0.012821
234	19	0.005952
234	21	0.006993
234	32	0.008197
234	41	0.014706
234	50	0.012821
234	54	0.012195
234	56	0.014925
234	58	0.015152
234	69	0.015625
234	74	0.012346
234	84	0.019608
234	109	0.026316
234	119	0.017857
234	151	0.026316
234	196	0.034483
234	233	0.032258
234	272	0.037037
234	334	0.038462
234	351	0.055556
234	377	0.055556
234	417	0.052632
234	445	0.055556
234	449	0.050000
235	14	0.012821
235	23	0.008547
235	30	0.023810
235	34	0.009709
235	38	0.009434
235	43	0.011236
235	45	0.012821
235	48	0.010870
235	61	0.023810
235	67	0.014706
235	78	0.015152
235	97	0.015152
235	111	0.023256
235	133	0.031250
235	180	0.028571
235	183	0.037037
235	222	0.043478
235	249	0.043478
235	301	0.043478
235	338	0.050000
235	405	0.052632
235	406	0.052632
235	419	0.055556
236	8	0.010753
236	15	0.012346
236	16	0.012658
236	20	0.007634
236	22	0.007246
236	39	0.013699
236	41	0.014706
236	42	0.009709
236	50	0.012821
236	52	0.013158
236	70	0.025641
236	85	0.024390
236	106	0.016129
236	110	0.021277
236	147	0.030303
236	193	0.025000
236	204	0.040000
236	218	0.035714
236	250	0.043478
236	261	0.038462
236	290	0.045455
236	341	0.050000
236	375	0.050000
236	434	0.055556
236	447	0.055556
236	463	0.055556
236	467	0.055556
237	4	0.010870
237	19	0.005952
237	21	0.006993
237	23	0.008547
237	24	0.010101
237	25	0.011364
237	38	0.009434
237	42	0.009709
237	44	0.009524
237	45	0.012821
237	51	0.016129
237	67	0.014706
237	89	0.020833
237	112	0.018868
237	139	0.035714
237	194	0.043478
237	208	0.040000
237	231	0.033333
237	299	0.045455
237	307	0.047619
238	2	0.011765
238	6	0.013333
238	17	0.022727
238	22	0.007246
238	32	0.008197
238	38	0.009434
238	41	0.014706
238	45	0.012821
238	52	0.013158
238	69	0.015625
238	130	0.025000
238	131	0.024390
238	140	0.029412
238	158	0.050000
238	184	0.034483
238	203	0.025000
238	208	0.040000
238	230	0.030303
238	264	0.043478
238	265	0.035714
238	278	0.050000
238	282	0.043478
238	283	0.052632
238	312	0.045455
238	315	0.041667
238	321	0.043478
238	342	0.040000
238	351	0.055556
238	372	0.050000
238	376	0.052632
238	382	0.055556
238	395	0.055556
238	453	0.052632
239	0	0.016129
239	2	0.011765
239	10	0.025641
239	14	0.012821
239	20	0.007634
239	33	0.010309
239	40	0.009009
239	55	0.017241
239	64	0.014925
239	67	0.014706
239	118	0.028571
239	143	0.022222
239	197	0.020408
239	198	0.035714
239	212	0.033333
239	217	0.043478
239	230	0.030303
239	282	0.043478
239	379	0.045455
239	384	0.047619
239	410	0.052632
239	443	0.062500
239	465	0.055556
240	0	0.016129
240	6	0.013333
240	23	0.008547
240	35	0.012658
240	43	0.011236
240	44	0.009524
240	47	0.017241
240	52	0.013158
240	54	0.012195
240	73	0.016393
240	80	0.020833
240	100	0.018182
240	140	0.029412
240	168	0.029412
240	171	0.024390
240	205	0.034483
240	212	0.033333
240	216	0.035714
240	262	0.037037
240	284	0.047619
240	359	0.055556
240	402	0.052632
240	425	0.055556
240	454	0.055556
240	469	0.055556
241	0	0.016129
241	19	0.005952
241	22	0.007246
241	34	0.009709
241	36	0.008772
241	37	0.009174
241	42	0.009709
241	53	0.012346
241	55	0.017241
241	64	0.014925
241	66	0.023256
241	107	0.026316
241	144	0.037037
241	147	0.030303
241	169	0.032258
241	205	0.034483
241	211	0.032258
241	212	0.033333
241	290	0.045455
241	301	0.043478
241	306	0.038462
241	307	0.047619
241	313	0.043478
241	314	0.043478
241	315	0.041667
241	316	0.047619
241	318	0.047619
241	335	0.043478
241	344	0.047619
241	357	0.052632
241	379	0.045455
241	393	0.047619
241	425	0.055556
241	430	0.052632
241	436	0.052632
241	468	0.055556
242	0	0.016129
242	6	0.013333
242	20	0.007634
242	25	0.011364
242	74	0.012346
242	76	0.018182
242	86	0.020408
242	88	0.020000
242	101	0.021739
242	117	0.025641
242	122	0.022727
242	142	0.025641
242	147	0.030303
242	149	0.027778
242	160	0.029412
242	187	0.030303
242	201	0.034483
242	227	0.027778
242	248	0.031250
242	269	0.038462
242	279	0.043478
242	293	0.041667
242	303	0.035714
242	406	0.052632
242	409	0.055556
242	414	0.052632
242	418	0.052632
242	435	0.055556
243	3	0.023256
243	4	0.010870
243	5	0.012821
243	22	0.007246
243	32	0.008197
243	33	0.010309
243	44	0.009524
243	54	0.012195
243	55	0.017241
243	98	0.021739
243	102	0.021277
243	103	0.025641
243	117	0.025641
243	131	0.024390
243	136	0.027778
243	160	0.029412
243	164	0.032258
243	220	0.045455
243	254	0.052632
243	274	0.050000
243	288	0.050000
243	293	0.041667
243	317	0.055556
243	379	0.045455
243	401	0.050000
243	422	0.052632
243	438	0.052632
243	448	0.055556
243	449	0.050000
243	458	0.055556
243	468	0.055556
244	12	0.012195
244	19	0.005952
244	26	0.011236
244	28	0.017857
244	33	0.010309
244	35	0.012658
244	42	0.009709
244	60	0.026316
244	86	0.020408
244	113	0.026316
244	119	0.017857
244	122	0.022727
244	135	0.026316
244	156	0.041667
244	162	0.024390
244	169	0.032258
244	204	0.040000
244	229	0.034483
244	262	0.037037
244	306	0.038462
244	323	0.041667
244	324	0.052632
244	331	0.047619
244	333	0.045455
244	341	0.050000
244	343	0.038462
244	369	0.050000
244	377	0.055556
244	417	0.052632
245	0	0.016129
245	4	0.010870
245	14	0.012821
245	18	0.007092
245	22	0.007246
245	23	0.008547
245	58	0.015152
245	76	0.018182
245	79	0.018182
245	97	0.015152
245	131	0.024390
245	133	0.031250
245	139	0.035714
245	151	0.026316
245	181	0.035714
245	189	0.043478
245	215	0.033333
245	233	0.032258
245	247	0.050000
245	251	0.047619
245	324	0.052632
245	343	0.038462
246	8	0.010753
246	11	0.018182
246	14	0.012821
246	18	0.007092
246	25	0.011364
246	28	0.017857
246	37	0.009174
246	40	0.009009
246	56	0.014925
246	63	0.038462
246	65	0.014085
246	69	0.015625
246	74	0.012346
246	75	0.017544
246	114	0.030303
246	117	0.025641
246	147	0.030303
246	168	0.029412
246	273	0.035714
246	297	0.038462
246	300	0.050000
246	311	0.052632
246	372	0.050000
247	7	0.012987
247	13	0.021277
247	19	0.005952
247	22	0.007246
247	32	0.008197
247	34	0.009709
247	38	0.009434
247	42	0.009709
247	71	0.016667
247	74	0.012346
247	79	0.018182
247	102	0.021277
247	129	0.028571
247	161	0.020408
247	193	0.025000
247	197	0.020408
247	229	0.034483
247	245	0.045455
247	249	0.043478
247	297	0.038462
248	9	0.033333
248	15	0.012346
248	20	0.007634
248	22	0.007246
248	29	0.017544
248	32	0.008197
248	51	0.016129
248	56	0.014925
248	70	0.025641
248	73	0.016393
248	91	0.033333
248	101	0.021739
248	119	0.017857
248	122	0.022727
248	171	0.024390
248	179	0.029412
248	200	0.032258
248	242	0.035714
248	275	0.050000
248	294	0.037037
248	303	0.035714
248	323	0.041667
248	340	0.045455
248	352	0.037037
248	358	0.040000
248	368	0.052632
248	375	0.050000
248	398	0.055556
248	403	0.045455
248	414	0.052632
248	426	0.055556
248	464	0.055556
249	2	0.011765
249	34	0.009709
249	38	0.009434
249	41	0.014706
249	50	0.012821
249	59	0.020408
249	83	0.021739
249	92	0.037037
249	97	0.015152
249	120	0.028571
249	131	0.024390
249	161	0.020408
249	167	0.031250
249	173	0.032258
249	176	0.028571
249	210	0.034483
249	235	0.043478
249	247	0.050000
249	259	0.045455
249	267	0.047619
249	271	0.041667
249	297	0.038462
249	428	0.052632
250	1	0.011765
250	21	0.006993
250	22	0.007246
250	26	0.011236
250	33	0.010309
250	67	0.014706
250	115	0.025000
250	117	0.025641
250	118	0.028571
250	168	0.029412
250	169	0.032258
250	191	0.047619
250	197	0.020408
250	202	0.032258
250	210	0.034483
250	232	0.035714
250	236	0.037037
250	274	0.050000
250	302	0.050000
250	357	0.052632
250	386	0.052632
250	446	0.055556
250	455	0.055556
251	1	0.011765
251	19	0.005952
251	26	0.011236
251	28	0.017857
251	32	0.008197
251	34	0.009709
251	42	0.009709
251	45	0.012821
251	50	0.012821
251	52	0.013158
251	69	0.015625
251	72	0.020833
251	148	0.029412
251	184	0.034483
251	205	0.034483
251	230	0.030303
251	233	0.032258
251	245	0.045455
251	290	0.045455
251	307	0.047619
251	417	0.052632
252	1	0.011765
252	17	0.022727
252	19	0.005952
252	35	0.012658
252	37	0.009174
252	38	0.009434
252	43	0.011236
252	65	0.014085
252	77	0.018868
252	82	0.020000
252	100	0.018182
252	115	0.025000
252	128	0.025641
252	130	0.025000
252	140	0.029412
252	187	0.030303
252	197	0.020408
252	233	0.032258
252	257	0.040000
252	278	0.050000
252	290	0.045455
252	303	0.035714
252	316	0.047619
252	340	0.045455
252	432	0.050000
253	14	0.012821
253	21	0.006993
253	24	0.010101
253	25	0.011364
253	35	0.012658
253	49	0.019231
253	63	0.038462
253	68	0.019231
253	69	0.015625
253	97	0.015152
253	106	0.016129
253	132	0.030303
253	143	0.022222
253	162	0.024390
253	197	0.020408
253	205	0.034483
253	218	0.035714
253	233	0.032258
253	263	0.041667
253	410	0.052632
254	12	0.012195
254	14	0.012821
254	16	0.012658
254	20	0.007634
254	26	0.011236
254	32	0.008197
254	34	0.009709
254	43	0.011236
254	54	0.012195
254	60	0.026316
254	106	0.016129
254	107	0.026316
254	119	0.017857
254	131	0.024390
254	145	0.031250
254	160	0.029412
254	215	0.033333
254	243	0.032258
254	438	0.052632
255	11	0.018182
255	22	0.007246
255	41	0.014706
255	47	0.017241
255	53	0.012346
255	61	0.023810
255	94	0.045455
255	99	0.019608
255	100	0.018182
255	115	0.025000
255	133	0.031250
255	183	0.037037
255	187	0.030303
255	205	0.034483
255	208	0.040000
255	212	0.033333
255	216	0.035714
255	227	0.027778
255	323	0.041667
255	425	0.055556
256	18	0.007092
256	33	0.010309
256	34	0.009709
256	40	0.009009
256	41	0.014706
256	44	0.009524
256	45	0.012821
256	50	0.012821
256	58	0.015152
256	73	0.016393
256	127	0.035714
256	154	0.033333
256	162	0.024390
256	163	0.035714
256	165	0.037037
256	185	0.030303
256	200	0.032258
256	228	0.040000
256	276	0.040000
256	295	0.045455
256	300	0.050000
256	333	0.045455
256	341	0.050000
256	366	0.052632
256	376	0.052632
256	399	0.055556
256	403	0.045455
256	434	0.055556
256	449	0.050000
257	18	0.007092
257	21	0.006993
257	22	0.007246
257	25	0.011364
257	28	0.017857
257	29	0.017544
257	46	0.017857
257	51	0.016129
257	53	0.012346
257	67	0.014706
257	73	0.016393
257	86	0.020408
257	94	0.045455
257	110	0.021277
257	128	0.025641
257	220	0.045455
257	221	0.043478
257	252	0.040000
257	270	0.041667
257	311	0.052632
257	340	0.045455
257	396	0.050000
257	411	0.055556
257	436	0.052632
257	452	0.055556
258	4	0.010870
258	33	0.010309
258	40	0.009009
258	42	0.009709
258	52	0.013158
258	60	0.026316
258	73	0.016393
258	80	0.020833
258	104	0.020833
258	105	0.027027
258	118	0.028571
258	133	0.031250
258	138	0.024390
258	181	0.035714
258	193	0.025000
258	203	0.025000
258	215	0.033333
258	228	0.040000
258	286	0.052632
258	328	0.050000
258	355	0.043478
258	383	0.055556
258	387	0.052632
258	389	0.050000
258	430	0.052632
258	464	0.055556
259	7	0.012987
259	19	0.005952
259	21	0.006993
259	26	0.011236
259	46	0.017857
259	54	0.012195
259	55	0.017241
259	90	0.024390
259	102	0.021277
259	112	0.018868
259	118	0.028571
259	145	0.031250
259	176	0.028571
259	178	0.038462
259	202	0.032258
259	225	0.038462
259	230	0.030303
259	249	0.043478
259	289	0.040000
259	324	0.052632
259	336	0.047619
259	368	0.052632
260	6	0.013333
260	11	0.018182
260	12	0.012195
260	32	0.008197
260	33	0.010309
260	36	0.008772
260	38	0.009434
260	40	0.009009
260	58	0.015152
260	85	0.024390
260	98	0.021739
260	100	0.018182
260	106	0.016129
260	108	0.023256
260	117	0.025641
260	175	0.037037
260	185	0.030303
260	187	0.030303
260	368	0.052632
260	371	0.032258
260	388	0.050000
260	460	0.055556
261	8	0.010753
261	13	0.021277
261	15	0.012346
261	19	0.005952
261	27	0.019608
261	28	0.017857
261	40	0.009009
261	41	0.014706
261	71	0.016667
261	98	0.021739
261	119	0.017857
261	131	0.024390
261	135	0.026316
261	150	0.027778
261	167	0.031250
261	179	0.029412
261	229	0.034483
261	236	0.037037
261	269	0.038462
261	288	0.050000
261	305	0.040000
261	315	0.041667
261	319	0.055556
261	387	0.052632
261	422	0.052632
261	425	0.055556
262	2	0.011765
262	10	0.025641
262	19	0.005952
262	21	0.006993
262	24	0.010101
262	26	0.011236
262	38	0.009434
262	42	0.009709
262	100	0.018182
262	124	0.032258
262	128	0.025641
262	143	0.022222
262	156	0.041667
262	163	0.035714
262	176	0.028571
262	218	0.035714
262	240	0.040000
262	244	0.034483
262	275	0.050000
262	281	0.038462
262	288	0.050000
262	306	0.038462
262	359	0.055556
262	372	0.050000
262	427	0.052632
262	450	0.052632
262	461	0.050000
263	6	0.013333
263	21	0.006993
263	25	0.011364
263	35	0.012658
263	42	0.009709
263	50	0.012821
263	56	0.014925
263	57	0.021739
263	63	0.038462
263	68	0.019231
263	87	0.018868
263	93	0.025641
263	101	0.021739
263	131	0.024390
263	143	0.022222
263	177	0.025641
263	222	0.043478
263	253	0.050000
263	293	0.041667
263	296	0.038462
263	383	0.055556
263	386	0.052632
263	416	0.050000
263	421	0.047619
264	6	0.013333
264	8	0.010753
264	23	0.008547
264	32	0.008197
264	36	0.008772
264	41	0.014706
264	62	0.035714
264	76	0.018182
264	102	0.021277
264	104	0.020833
264	110	0.021277
264	130	0.025000
264	159	0.052632
264	164	0.032258
264	171	0.024390
264	184	0.034483
264	185	0.030303
264	238	0.030303
264	292	0.045455
264	312	0.045455
264	384	0.047619
264	399	0.055556
264	460	0.055556
265	11	0.018182
265	15	0.012346
265	21	0.006993
265	22	0.007246
265	33	0.010309
265	39	0.013699
265	47	0.017241
265	56	0.014925
265	68	0.019231
265	72	0.020833
265	74	0.012346
265	91	0.033333
265	99	0.019608
265	132	0.030303
265	134	0.027027
265	161	0.020408
265	192	0.029412
265	238	0.030303
265	272	0.037037
265	295	0.045455
265	328	0.050000
265	348	0.045455
265	359	0.055556
265	370	0.045455
265	371	0.032258
265	382	0.055556
265	427	0.052632
265	451	0.055556
266	18	0.007092
266	29	0.017544
266	37	0.009174
266	40	0.009009
266	49	0.019231
266	61	0.023810
266	78	0.015152
266	106	0.016129
266	113	0.026316
266	116	0.024390
266	118	0.028571
266	119	0.017857
266	127	0.035714
266	161	0.020408
266	180	0.028571
266	198	0.035714
266	201	0.034483
266	211	0.032258
266	279	0.043478
266	287	0.055556
266	310	0.043478
266	329	0.041667
266	331	0.047619
266	332	0.035714
266	424	0.052632
266	463	0.055556
267	4	0.010870
267	19	0.005952
267	20	0.007634
267	32	0.008197
267	34	0.009709
267	42	0.009709
267	45	0.012821
267	57	0.021739
267	77	0.018868
267	92	0.037037
267	110	0.021277
267	119	0.017857
267	142	0.025641
267	147	0.030303
267	160	0.029412
267	196	0.034483
267	233	0.032258
267	249	0.043478
267	285	0.043478
267	343	0.038462
267	384	0.047619
268	0	0.016129
268	4	0.010870
268	6	0.013333
268	10	0.025641
268	20	0.007634
268	26	0.011236
268	28	0.017857
268	42	0.009709
268	44	0.009524
268	56	0.014925
268	61	0.023810
268	90	0.024390
268	100	0.018182
268	106	0.016129
268	151	0.026316
268	162	0.024390
268	201	0.034483
268	213	0.035714
268	282	0.043478
268	326	0.043478
268	357	0.052632
268	377	0.055556
268	380	0.050000
268	431	0.055556
268	432	0.050000
269	4	0.010870
269	5	0.012821
269	29	0.017544
269	32	0.008197
269	33	0.010309
269	45	0.012821
269	71	0.016667
269	82	0.020000
269	97	0.015152
269	121	0.026316
269	201	0.034483
269	206	0.041667
269	207	0.034483
269	214	0.040000
269	218	0.035714
269	242	0.035714
269	261	0.038462
269	301	0.043478
269	308	0.047619
269	315	0.041667
269	352	0.037037
269	364	0.052632
269	390	0.052632
269	405	0.052632
269	446	0.055556
269	461	0.050000
270	8	0.010753
270	16	0.012658
270	19	0.005952
270	25	0.011364
270	32	0.008197
270	34	0.009709
270	39	0.013699
270	46	0.017857
270	84	0.019608
270	97	0.015152
270	129	0.028571
270	136	0.027778
270	179	0.029412
270	211	0.032258
270	220	0.045455
270	224	0.040000
270	227	0.027778
270	257	0.040000
270	297	0.038462
270	325	0.037037
270	352	0.037037
270	413	0.052632
270	437	0.055556
270	458	0.055556
271	2	0.011765
271	5	0.012821
271	8	0.010753
271	16	0.012658
271	18	0.007092
271	21	0.006993
271	32	0.008197
271	47	0.017241
271	64	0.014925
271	80	0.020833
271	82	0.020000
271	161	0.020408
271	177	0.025641
271	200	0.032258
271	219	0.052632
271	227	0.027778
271	231	0.033333
271	249	0.043478
271	290	0.045455
271	333	0.045455
271	351	0.055556
271	411	0.055556
271	418	0.052632
271	456	0.055556
272	0	0.016129
272	1	0.011765
272	12	0.012195
272	18	0.007092
272	20	0.007634
272	21	0.006993
272	34	0.009709
272	49	0.019231
272	59	0.020408
272	67	0.014706
272	70	0.025641
272	78	0.015152
272	96	0.019231
272	128	0.025641
272	130	0.025000
272	233	0.032258
272	234	0.040000
272	265	0.035714
272	282	0.043478
272	300	0.050000
272	308	0.047619
272	348	0.045455
272	392	0.052632
272	420	0.052632
272	429	0.052632
272	432	0.050000
272	441	0.055556
273	2	0.011765
273	5	0.012821
273	8	0.010753
273	19	0.005952
273	23	0.008547
273	24	0.010101
273	43	0.011236
273	52	0.013158
273	67	0.014706
273	75	0.017544
273	102	0.021277
273	117	0.025641
273	150	0.027778
273	162	0.024390
273	185	0.030303
273	231	0.033333
273	233	0.032258
273	246	0.043478
273	278	0.050000
273	294	0.037037
273	311	0.052632
273	345	0.050000
273	350	0.052632
273	354	0.043478
273	365	0.045455
273	373	0.052632
273	433	0.052632
273	471	0.055556
274	5	0.012821
274	12	0.012195
274	18	0.007092
274	53	0.012346
274	65	0.014085
274	70	0.025641
274	74	0.012346
274	81	0.023256
274	99	0.019608
274	115	0.025000
274	117	0.025641
274	128	0.025641
274	140	0.029412
274	161	0.020408
274	182	0.041667
274	227	0.027778
274	243	0.032258
274	250	0.043478
274	287	0.055556
274	467	0.055556
275	1	0.011765
275	4	0.010870
275	16	0.012658
275	20	0.007634
275	22	0.007246
275	24	0.010101
275	29	0.017544
275	32	0.008197
275	48	0.010870
275	86	0.020408
275	100	0.018182
275	125	0.032258
275	134	0.027027
275	205	0.034483
275	212	0.033333
275	216	0.035714
275	248	0.031250
275	262	0.037037
275	316	0.047619
275	428	0.052632
276	1	0.011765
276	11	0.018182
276	18	0.007092
276	32	0.008197
276	35	0.012658
276	36	0.008772
276	43	0.011236
276	73	0.016393
276	78	0.015152
276	79	0.018182
276	106	0.016129
276	128	0.025641
276	162	0.024390
276	196	0.034483
276	203	0.025000
276	207	0.034483
276	256	0.034483
276	282	0.043478
276	301	0.043478
276	311	0.052632
276	358	0.040000
276	387	0.052632
276	398	0.055556
276	413	0.052632
276	437	0.055556
277	1	0.011765
277	2	0.011765
277	4	0.010870
277	7	0.012987
277	13	0.021277
277	22	0.007246
277	23	0.008547
277	25	0.011364
277	35	0.012658
277	41	0.014706
277	47	0.017241
277	77	0.018868
277	104	0.020833
277	116	0.024390
277	119	0.017857
277	133	0.031250
277	143	0.022222
277	171	0.024390
277	323	0.041667
277	351	0.055556
277	379	0.045455
277	397	0.047619
277	408	0.050000
277	438	0.052632
277	461	0.050000
278	1	0.011765
278	6	0.013333
278	8	0.010753
278	20	0.007634
278	29	0.017544
278	33	0.010309
278	85	0.024390
278	104	0.020833
278	132	0.030303
278	140	0.029412
278	150	0.027778
278	160	0.029412
278	177	0.025641
278	192	0.029412
278	195	0.038462
278	238	0.030303
278	252	0.040000
278	273	0.035714
278	366	0.052632
278	387	0.052632
279	10	0.025641
279	18	0.007092
279	19	0.005952
279	21	0.006993
279	44	0.009524
279	45	0.012821
279	55	0.017241
279	64	0.014925
279	114	0.030303
279	117	0.025641
279	119	0.017857
279	138	0.024390
279	151	0.026316
279	202	0.032258
279	212	0.033333
279	216	0.035714
279	242	0.035714
279	266	0.038462
279	293	0.041667
279	336	0.047619
279	409	0.055556
279	421	0.047619
279	434	0.055556
280	1	0.011765
280	20	0.007634
280	25	0.011364
280	33	0.010309
280	36	0.008772
280	40	0.009009
280	53	0.012346
280	78	0.015152
280	80	0.020833
280	86	0.020408
280	101	0.021739
280	108	0.023256
280	116	0.024390
280	129	0.028571
280	163	0.035714
280	165	0.037037
280	172	0.033333
280	184	0.034483
280	295	0.045455
280	305	0.040000
280	400	0.047619
280	424	0.052632
280	465	0.055556
281	7	0.012987
281	12	0.012195
281	15	0.012346
281	19	0.005952
281	24	0.010101
281	25	0.011364
281	34	0.009709
281	67	0.014706
281	82	0.020000
281	113	0.026316
281	118	0.028571
281	134	0.027027
281	151	0.026316
281	172	0.033333
281	173	0.032258
281	209	0.038462
281	215	0.033333
281	262	0.037037
281	283	0.052632
281	286	0.052632
281	289	0.040000
281	292	0.045455
281	342	0.040000
281	427	0.052632
281	442	0.052632
281	466	0.055556
282	8	0.010753
282	14	0.012821
282	21	0.006993
282	23	0.008547
282	50	0.012821
282	52	0.013158
282	55	0.017241
282	82	0.020000
282	97	0.015152
282	108	0.023256
282	136	0.027778
282	187	0.030303
282	201	0.034483
282	238	0.030303
282	239	0.043478
282	268	0.040000
282	272	0.037037
282	276	0.040000
282	295	0.045455
282	303	0.035714
282	313	0.043478
282	338	0.050000
282	457	0.055556
283	3	0.023256
283	20	0.007634
283	27	0.019608
283	33	0.010309
283	40	0.009009
283	44	0.009524
283	64	0.014925
283	75	0.017544
283	76	0.018182
283	101	0.021739
283	104	0.020833
283	124	0.032258
283	195	0.038462
283	198	0.035714
283	209	0.038462
283	221	0.043478
283	238	0.030303
283	281	0.038462
283	296	0.038462
284	13	0.021277
284	16	0.012658
284	17	0.022727
284	19	0.005952
284	21	0.006993
284	32	0.008197
284	64	0.014925
284	69	0.015625
284	75	0.017544
284	96	0.019231
284	97	0.015152
284	112	0.018868
284	134	0.027027
284	138	0.024390
284	143	0.022222
284	174	0.041667
284	199	0.040000
284	240	0.040000
284	350	0.052632
284	450	0.052632
284	453	0.052632
285	2	0.011765
285	23	0.008547
285	25	0.011364
285	31	0.037037
285	32	0.008197
285	37	0.009174
285	48	0.010870
285	52	0.013158
285	74	0.012346
285	81	0.023256
285	106	0.016129
285	112	0.018868
285	119	0.017857
285	121	0.026316
285	175	0.037037
285	184	0.034483
285	227	0.027778
285	267	0.047619
285	304	0.047619
285	342	0.040000
285	450	0.052632
285	453	0.052632
285	469	0.055556
286	2	0.011765
286	15	0.012346
286	19	0.005952
286	22	0.007246
286	25	0.011364
286	33	0.010309
286	40	0.009009
286	42	0.009709
286	53	0.012346
286	54	0.012195
286	61	0.023810
286	110	0.021277
286	120	0.028571
286	122	0.022727
286	196	0.034483
286	215	0.033333
286	258	0.038462
286	281	0.038462
286	316	0.047619
287	11	0.018182
287	12	0.012195
287	15	0.012346
287	16	0.012658
287	18	0.007092
287	23	0.008547
287	24	0.010101
287	29	0.017544
287	34	0.009709
287	52	0.013158
287	73	0.016393
287	78	0.015152
287	81	0.023256
287	110	0.021277
287	178	0.038462
287	192	0.029412
287	266	0.038462
287	274	0.050000
288	4	0.010870
288	5	0.012821
288	8	0.010753
288	19	0.005952
288	23	0.008547
288	36	0.008772
288	37	0.009174
288	59	0.020408
288	64	0.014925
288	74	0.012346
288	80	0.020833
288	98	0.021739
288	165	0.037037
288	185	0.030303
288	243	0.032258
288	261	0.038462
288	262	0.037037
288	291	0.045455
288	417	0.052632
288	435	0.055556
289	12	0.012195
289	18	0.007092
289	32	0.008197
289	34	0.009709
289	35	0.012658
289	38	0.009434
289	64	0.014925
289	65	0.014085
289	90	0.024390
289	96	0.019231
289	111	0.023256
289	142	0.025641
289	176	0.028571
289	186	0.035714
289	203	0.025000
289	213	0.035714
289	259	0.045455
289	281	0.038462
289	291	0.045455
289	316	0.047619
289	381	0.047619
289	393	0.047619
289	397	0.047619
289	412	0.047619
289	451	0.055556
290	7	0.012987
290	8	0.010753
290	15	0.012346
290	36	0.008772
290	50	0.012821
290	52	0.013158
290	54	0.012195
290	111	0.023256
290	119	0.017857
290	132	0.030303
290	164	0.032258
290	177	0.025641
290	184	0.034483
290	236	0.037037
290	241	0.027778
290	251	0.047619
290	252	0.040000
290	271	0.041667
290	303	0.035714
290	346	0.047619
290	350	0.052632
290	395	0.055556
291	1	0.011765
291	3	0.023256
291	14	0.012821
291	20	0.007634
291	23	0.008547
291	32	0.008197
291	36	0.008772
291	38	0.009434
291	46	0.017857
291	52	0.013158
291	64	0.014925
291	97	0.015152
291	111	0.023256
291	140	0.029412
291	185	0.030303
291	213	0.035714
291	288	0.050000
291	289	0.040000
291	303	0.035714
291	314	0.043478
291	330	0.045455
291	466	0.055556
292	3	0.023256
292	18	0.007092
292	20	0.007634
292	56	0.014925
292	65	0.014085
292	86	0.020408
292	103	0.025641
292	124	0.032258
292	144	0.037037
292	153	0.031250
292	193	0.025000
292	202	0.032258
292	206	0.041667
292	212	0.033333
292	213	0.035714
292	225	0.038462
292	264	0.043478
292	281	0.038462
292	325	0.037037
292	333	0.045455
292	437	0.055556
292	445	0.055556
293	0	0.016129
293	1	0.011765
293	16	0.012658
293	34	0.009709
293	42	0.009709
293	84	0.019608
293	98	0.021739
293	112	0.018868
293	119	0.017857
293	148	0.029412
293	205	0.034483
293	207	0.034483
293	212	0.033333
293	230	0.030303
293	242	0.035714
293	243	0.032258
293	263	0.041667
293	279	0.043478
293	299	0.045455
293	326	0.043478
293	327	0.045455
293	353	0.050000
293	358	0.040000
293	452	0.055556
294	0	0.016129
294	11	0.018182
294	19	0.005952
294	42	0.009709
294	49	0.019231
294	57	0.021739
294	66	0.023256
294	151	0.026316
294	154	0.033333
294	155	0.033333
294	201	0.034483
294	210	0.034483
294	217	0.043478
294	228	0.040000
294	229	0.034483
294	248	0.031250
294	273	0.035714
294	323	0.041667
294	327	0.045455
294	354	0.043478
294	398	0.055556
294	404	0.055556
294	420	0.052632
294	426	0.055556
294	432	0.050000
294	439	0.052632
294	467	0.055556
295	7	0.012987
295	8	0.010753
295	16	0.012658
295	21	0.006993
295	33	0.010309
295	35	0.012658
295	50	0.012821
295	69	0.015625
295	74	0.012346
295	82	0.020000
295	89	0.020833
295	93	0.025641
295	101	0.021739
295	226	0.035714
295	256	0.034483
295	265	0.035714
295	280	0.043478
295	282	0.043478
295	325	0.037037
295	358	0.040000
295	393	0.047619
295	423	0.055556
296	2	0.011765
296	18	0.007092
296	23	0.008547
296	24	0.010101
296	27	0.019608
296	35	0.012658
296	50	0.012821
296	53	0.012346
296	58	0.015152
296	68	0.019231
296	73	0.016393
296	78	0.015152
296	80	0.020833
296	111	0.023256
296	114	0.030303
296	187	0.030303
296	263	0.041667
296	283	0.052632
296	301	0.043478
296	335	0.043478
296	349	0.052632
296	362	0.045455
296	387	0.052632
296	407	0.052632
296	427	0.052632
296	469	0.055556
297	21	0.006993
297	41	0.014706
297	42	0.009709
297	43	0.011236
297	48	0.010870
297	50	0.012821
297	64	0.014925
297	83	0.021739
297	84	0.019608
297	99	0.019608
297	107	0.026316
297	111	0.023256
297	153	0.031250
297	177	0.025641
297	246	0.043478
297	247	0.050000
297	249	0.043478
297	270	0.041667
297	315	0.041667
297	328	0.050000
297	349	0.052632
297	355	0.043478
297	382	0.055556
297	409	0.055556
297	416	0.050000
297	430	0.052632
298	0	0.016129
298	6	0.013333
298	11	0.018182
298	19	0.005952
298	20	0.007634
298	24	0.010101
298	30	0.023810
298	35	0.012658
298	36	0.008772
298	41	0.014706
298	65	0.014085
298	66	0.023256
298	93	0.025641
298	105	0.027027
298	117	0.025641
298	145	0.031250
298	200	0.032258
298	203	0.025000
298	307	0.047619
298	322	0.041667
298	347	0.043478
298	365	0.045455
299	14	0.012821
299	18	0.007092
299	20	0.007634
299	22	0.007246
299	32	0.008197
299	67	0.014706
299	72	0.020833
299	81	0.023256
299	92	0.037037
299	104	0.020833
299	119	0.017857
299	128	0.025641
299	145	0.031250
299	200	0.032258
299	211	0.032258
299	226	0.035714
299	237	0.050000
299	293	0.041667
299	302	0.050000
299	330	0.045455
299	345	0.050000
299	464	0.055556
300	1	0.011765
300	4	0.010870
300	6	0.013333
300	11	0.018182
300	18	0.007092
300	20	0.007634
300	21	0.006993
300	22	0.007246
300	26	0.011236
300	36	0.008772
300	38	0.009434
300	47	0.017241
300	48	0.010870
300	209	0.038462
300	227	0.027778
300	246	0.043478
300	256	0.034483
300	272	0.037037
300	421	0.047619
300	451	0.055556
301	15	0.012346
301	16	0.012658
301	21	0.006993
301	38	0.009434
301	40	0.009009
301	54	0.012195
301	87	0.018868
301	99	0.019608
301	108	0.023256
301	176	0.028571
301	193	0.025000
301	209	0.038462
301	231	0.033333
301	235	0.043478
301	241	0.027778
301	269	0.038462
301	276	0.040000
301	296	0.038462
301	320	0.055556
301	352	0.037037
301	362	0.045455
301	394	0.047619
301	411	0.055556
302	2	0.011765
302	52	0.013158
302	57	0.021739
302	60	0.026316
302	65	0.014085
302	67	0.014706
302	69	0.015625
302	76	0.018182
302	87	0.018868
302	138	0.024390
302	153	0.031250
302	174	0.041667
302	207	0.034483
302	228	0.040000
302	231	0.033333
302	232	0.035714
302	250	0.043478
302	299	0.045455
302	420	0.052632
302	467	0.055556
303	4	0.010870
303	8	0.010753
303	20	0.007634
303	32	0.008197
303	55	0.017241
303	73	0.016393
303	125	0.032258
303	143	0.022222
303	166	0.040000
303	211	0.032258
303	227	0.027778
303	230	0.030303
303	242	0.035714
303	248	0.031250
303	252	0.040000
303	282	0.043478
303	290	0.045455
303	291	0.045455
303	312	0.045455
303	332	0.035714
303	339	0.050000
303	343	0.038462
303	375	0.050000
303	390	0.052632
303	392	0.052632
303	432	0.050000
303	433	0.052632
303	447	0.055556
304	8	0.010753
304	34	0.009709
304	35	0.012658
304	37	0.009174
304	44	0.009524
304	52	0.013158
304	53	0.012346
304	58	0.015152
304	84	0.019608
304	118	0.028571
304	146	0.028571
304	164	0.032258
304	167	0.031250
304	175	0.037037
304	184	0.034483
304	193	0.025000
304	210	0.034483
304	285	0.043478
304	305	0.040000
304	446	0.055556
304	468	0.055556
305	30	0.023810
305	37	0.009174
305	40	0.009009
305	44	0.009524
305	76	0.018182
305	93	0.025641
305	97	0.015152
305	99	0.019608
305	100	0.018182
305	119	0.017857
305	134	0.027027
305	145	0.031250
305	168	0.029412
305	179	0.029412
305	209	0.038462
305	261	0.038462
305	280	0.043478
305	304	0.047619
305	339	0.050000
305	345	0.050000
305	357	0.052632
305	390	0.052632
305	392	0.052632
305	437	0.055556
305	457	0.055556
306	12	0.012195
306	18	0.007092
306	20	0.007634
306	21	0.006993
306	23	0.008547
306	36	0.008772
306	38	0.009434
306	54	0.012195
306	70	0.025641
306	83	0.021739
306	94	0.045455
306	96	0.019231
306	98	0.021739
306	176	0.028571
306	231	0.033333
306	241	0.027778
306	244	0.034483
306	262	0.037037
306	347	0.043478
306	356	0.047619
306	365	0.045455
306	369	0.050000
306	370	0.045455
306	438	0.052632
306	454	0.055556
306	456	0.055556
307	13	0.021277
307	18	0.007092
307	19	0.005952
307	25	0.011364
307	40	0.009009
307	41	0.014706
307	44	0.009524
307	109	0.026316
307	119	0.017857
307	170	0.033333
307	172	0.033333
307	180	0.028571
307	181	0.035714
307	205	0.034483
307	237	0.050000
307	241	0.027778
307	251	0.047619
307	298	0.045455
307	313	0.043478
307	333	0.045455
307	341	0.050000
308	2	0.011765
308	6	0.013333
308	20	0.007634
308	29	0.017544
308	40	0.009009
308	65	0.014085
308	74	0.012346
308	78	0.015152
308	100	0.018182
308	103	0.025641
308	112	0.018868
308	113	0.026316
308	117	0.025641
308	123	0.031250
308	180	0.028571
308	184	0.034483
308	269	0.038462
308	272	0.037037
308	384	0.047619
308	419	0.055556
308	431	0.055556
309	4	0.010870
309	19	0.005952
309	24	0.010101
309	38	0.009434
309	39	0.013699
309	50	0.012821
309	72	0.020833
309	81	0.023256
309	97	0.015152
309	116	0.024390
309	136	0.027778
309	137	0.027778
309	153	0.031250
309	162	0.024390
309	164	0.032258
309	210	0.034483
309	213	0.035714
309	230	0.030303
309	417	0.052632
310	21	0.006993
310	24	0.010101
310	29	0.017544
310	34	0.009709
310	40	0.009009
310	41	0.014706
310	50	0.012821
310	55	0.017241
310	56	0.014925
310	59	0.020408
310	80	0.020833
310	100	0.018182
310	105	0.027027
310	118	0.028571
310	174	0.041667
310	180	0.028571
310	214	0.040000
310	266	0.038462
310	327	0.045455
310	347	0.043478
310	350	0.052632
310	401	0.050000
310	415	0.052632
311	18	0.007092
311	35	0.012658
311	36	0.008772
311	43	0.011236
311	45	0.012821
311	136	0.027778
311	138	0.024390
311	141	0.027027
311	150	0.027778
311	151	0.026316
311	164	0.032258
311	200	0.032258
311	205	0.034483
311	228	0.040000
311	246	0.043478
311	257	0.040000
311	273	0.035714
311	276	0.040000
311	325	0.037037
312	0	0.016129
312	6	0.013333
312	19	0.005952
312	41	0.014706
312	46	0.017857
312	47	0.017241
312	50	0.012821
312	63	0.038462
312	76	0.018182
312	98	0.021739
312	130	0.025000
312	137	0.027778
312	203	0.025000
312	206	0.041667
312	232	0.035714
312	238	0.030303
312	264	0.043478
312	303	0.035714
312	344	0.047619
312	430	0.052632
312	441	0.055556
312	463	0.055556
313	0	0.016129
313	22	0.007246
313	35	0.012658
313	36	0.008772
313	37	0.009174
313	43	0.011236
313	45	0.012821
313	59	0.020408
313	70	0.025641
313	74	0.012346
313	129	0.028571
313	131	0.024390
313	181	0.035714
313	203	0.025000
313	213	0.035714
313	241	0.027778
313	282	0.043478
313	307	0.047619
313	318	0.047619
313	338	0.050000
313	352	0.037037
313	385	0.055556
313	450	0.052632
314	12	0.012195
314	14	0.012821
314	20	0.007634
314	22	0.007246
314	28	0.017857
314	50	0.012821
314	61	0.023810
314	74	0.012346
314	92	0.037037
314	115	0.025000
314	116	0.024390
314	168	0.029412
314	176	0.028571
314	211	0.032258
314	215	0.033333
314	230	0.030303
314	241	0.027778
314	291	0.045455
314	335	0.043478
314	344	0.047619
314	385	0.055556
314	426	0.055556
314	434	0.055556
315	12	0.012195
315	16	0.012658
315	26	0.011236
315	37	0.009174
315	45	0.012821
315	51	0.016129
315	52	0.013158
315	57	0.021739
315	64	0.014925
315	74	0.012346
315	75	0.017544
315	148	0.029412
315	225	0.038462
315	238	0.030303
315	241	0.027778
315	261	0.038462
315	269	0.038462
315	297	0.038462
315	329	0.041667
315	361	0.050000
315	366	0.052632
315	375	0.050000
315	399	0.055556
315	407	0.052632
316	1	0.011765
316	19	0.005952
316	22	0.007246
316	37	0.009174
316	48	0.010870
316	53	0.012346
316	61	0.023810
316	68	0.019231
316	97	0.015152
316	112	0.018868
316	148	0.029412
316	176	0.028571
316	201	0.034483
316	241	0.027778
316	252	0.040000
316	275	0.050000
316	286	0.052632
316	289	0.040000
316	384	0.047619
316	469	0.055556
316	471	0.055556
317	2	0.011765
317	5	0.012821
317	20	0.007634
317	33	0.010309
317	34	0.009709
317	40	0.009009
317	41	0.014706
317	45	0.012821
317	48	0.010870
317	75	0.017544
317	89	0.020833
317	93	0.025641
317	99	0.019608
317	116	0.024390
317	120	0.028571
317	130	0.025000
317	203	0.025000
317	243	0.032258
318	17	0.022727
318	21	0.006993
318	22	0.007246
318	25	0.011364
318	56	0.014925
318	67	0.014706
318	71	0.016667
318	73	0.016393
318	74	0.012346
318	85	0.024390
318	95	0.043478
318	97	0.015152
318	99	0.019608
318	152	0.035714
318	208	0.040000
318	226	0.035714
318	241	0.027778
318	313	0.043478
318	331	0.047619
318	401	0.050000
318	444	0.055556
319	15	0.012346
319	34	0.009709
319	43	0.011236
319	71	0.016667
319	72	0.020833
319	79	0.018182
319	93	0.025641
319	98	0.021739
319	103	0.025641
319	110	0.021277
319	132	0.030303
319	144	0.037037
319	145	0.031250
319	160	0.029412
319	169	0.032258
319	170	0.033333
319	197	0.020408
319	261	0.038462
320	3	0.023256
320	7	0.012987
320	12	0.012195
320	18	0.007092
320	22	0.007246
320	35	0.012658
320	44	0.009524
320	61	0.023810
320	82	0.020000
320	97	0.015152
320	110	0.021277
320	114	0.030303
320	138	0.024390
320	154	0.033333
320	167	0.031250
320	187	0.030303
320	227	0.027778
320	301	0.043478
321	7	0.012987
321	8	0.010753
321	14	0.012821
321	36	0.008772
321	72	0.020833
321	74	0.012346
321	76	0.018182
321	83	0.021739
321	100	0.018182
321	139	0.035714
321	141	0.027027
321	160	0.029412
321	162	0.024390
321	169	0.032258
321	227	0.027778
321	229	0.034483
321	230	0.030303
321	238	0.030303
321	323	0.041667
321	380	0.050000
321	387	0.052632
321	448	0.055556
321	462	0.055556
322	10	0.025641
322	13	0.021277
322	38	0.009434
322	41	0.014706
322	67	0.014706
322	76	0.018182
322	78	0.015152
322	86	0.020408
322	96	0.019231
322	133	0.031250
322	135	0.026316
322	153	0.031250
322	169	0.032258
322	170	0.033333
322	183	0.037037
322	203	0.025000
322	298	0.045455
322	403	0.045455
322	409	0.055556
322	413	0.052632
322	437	0.055556
322	452	0.055556
322	466	0.055556
322	467	0.055556
323	4	0.010870
323	22	0.007246
323	49	0.019231
323	55	0.017241
323	59	0.020408
323	66	0.023256
323	70	0.025641
323	74	0.012346
323	75	0.017544
323	93	0.025641
323	97	0.015152
323	150	0.027778
323	244	0.034483
323	248	0.031250
323	255	0.050000
323	277	0.040000
323	294	0.037037
323	321	0.043478
323	325	0.037037
323	334	0.038462
323	383	0.055556
323	426	0.055556
323	445	0.055556
323	458	0.055556
324	9	0.033333
324	11	0.018182
324	12	0.012195
324	36	0.008772
324	37	0.009174
324	43	0.011236
324	58	0.015152
324	72	0.020833
324	87	0.018868
324	93	0.025641
324	100	0.018182
324	144	0.037037
324	151	0.026316
324	208	0.040000
324	227	0.027778
324	244	0.034483
324	245	0.045455
324	259	0.045455
324	367	0.052632
325	3	0.023256
325	5	0.012821
325	8	0.010753
325	16	0.012658
325	38	0.009434
325	42	0.009709
325	77	0.018868
325	89	0.020833
325	143	0.022222
325	155	0.033333
325	180	0.028571
325	198	0.035714
325	216	0.035714
325	270	0.041667
325	292	0.045455
325	295	0.045455
325	311	0.052632
325	323	0.041667
325	330	0.045455
325	340	0.045455
325	345	0.050000
325	359	0.055556
325	395	0.055556
325	426	0.055556
325	452	0.055556
325	465	0.055556
325	467	0.055556
326	0	0.016129
326	4	0.010870
326	9	0.033333
326	14	0.012821
326	16	0.012658
326	25	0.011364
326	42	0.009709
326	43	0.011236
326	52	0.013158
326	65	0.014085
326	88	0.020000
326	116	0.024390
326	129	0.028571
326	202	0.032258
326	203	0.025000
326	230	0.030303
326	268	0.040000
326	293	0.041667
326	351	0.055556
326	359	0.055556
326	381	0.047619
326	398	0.055556
326	470	0.055556
327	28	0.017857
327	32	0.008197
327	37	0.009174
327	38	0.009434
327	40	0.009009
327	53	0.012346
327	57	0.021739
327	63	0.038462
327	71	0.016667
327	80	0.020833
327	98	0.021739
327	149	0.027778
327	156	0.041667
327	173	0.032258
327	197	0.020408
327	293	0.041667
327	294	0.037037
327	310	0.043478
327	357	0.052632
327	399	0.055556
327	438	0.052632
327	462	0.055556
328	10	0.025641
328	23	0.008547
328	24	0.010101
328	51	0.016129
328	56	0.014925
328	71	0.016667
328	83	0.021739
328	85	0.024390
328	99	0.019608
328	101	0.021739
328	108	0.023256
328	119	0.017857
328	142	0.025641
328	153	0.031250
328	170	0.033333
328	258	0.038462
328	265	0.035714
328	297	0.038462
328	359	0.055556
328	453	0.052632
329	4	0.010870
329	12	0.012195
329	26	0.011236
329	51	0.016129
329	59	0.020408
329	69	0.015625
329	74	0.012346
329	75	0.017544
329	88	0.020000
329	97	0.015152
329	105	0.027027
329	106	0.016129
329	163	0.035714
329	197	0.020408
329	200	0.032258
329	215	0.033333
329	266	0.038462
329	315	0.041667
329	375	0.050000
329	419	0.055556
329	421	0.047619
329	456	0.055556
329	458	0.055556
329	469	0.055556
330	2	0.011765
330	21	0.006993
330	24	0.010101
330	34	0.009709
330	35	0.012658
330	69	0.015625
330	129	0.028571
330	135	0.026316
330	151	0.026316
330	155	0.033333
330	177	0.025641
330	180	0.028571
330	181	0.035714
330	187	0.030303
330	213	0.035714
330	291	0.045455
330	299	0.045455
330	325	0.037037
330	339	0.050000
330	385	0.055556
330	393	0.047619
330	408	0.050000
331	0	0.016129
331	21	0.006993
331	45	0.012821
331	50	0.012821
331	52	0.013158
331	59	0.020408
331	65	0.014085
331	101	0.021739
331	127	0.035714
331	128	0.025641
331	146	0.028571
331	191	0.047619
331	221	0.043478
331	225	0.038462
331	233	0.032258
331	244	0.034483
331	266	0.038462
331	318	0.047619
331	367	0.052632
331	370	0.045455
331	408	0.050000
332	3	0.023256
332	32	0.008197
332	33	0.010309
332	38	0.009434
332	50	0.012821
332	71	0.016667
332	81	0.023256
332	102	0.021277
332	104	0.020833
332	107	0.026316
332	149	0.027778
332	164	0.032258
332	170	0.033333
332	197	0.020408
332	229	0.034483
332	230	0.030303
332	266	0.038462
332	303	0.035714
332	334	0.038462
332	365	0.045455
332	367	0.052632
332	368	0.052632
332	399	0.055556
332	405	0.052632
332	427	0.052632
332	435	0.055556
332	445	0.055556
332	447	0.055556
333	1	0.011765
333	2	0.011765
333	4	0.010870
333	7	0.012987
333	18	0.007092
333	21	0.006993
333	24	0.010101
333	28	0.017857
333	32	0.008197
333	129	0.028571
333	156	0.041667
333	161	0.020408
333	180	0.028571
333	244	0.034483
333	256	0.034483
333	271	0.041667
333	292	0.045455
333	307	0.047619
333	340	0.045455
333	388	0.050000
333	403	0.045455
333	429	0.052632
334	0	0.016129
334	15	0.012346
334	22	0.007246
334	32	0.008197
334	34	0.009709
334	37	0.009174
334	44	0.009524
334	91	0.033333
334	102	0.021277
334	136	0.027778
334	141	0.027027
334	143	0.022222
334	155	0.033333
334	177	0.025641
334	204	0.040000
334	234	0.040000
334	323	0.041667
334	332	0.035714
334	355	0.043478
334	398	0.055556
334	406	0.052632
334	414	0.052632
334	419	0.055556
334	420	0.052632
334	434	0.055556
334	454	0.055556
335	8	0.010753
335	25	0.011364
335	33	0.010309
335	34	0.009709
335	37	0.009174
335	44	0.009524
335	47	0.017241
335	55	0.017241
335	97	0.015152
335	116	0.024390
335	167	0.031250
335	168	0.029412
335	172	0.033333
335	174	0.041667
335	211	0.032258
335	241	0.027778
335	296	0.038462
335	314	0.043478
335	350	0.052632
335	360	0.050000
335	379	0.045455
335	387	0.052632
335	391	0.050000
336	4	0.010870
336	13	0.021277
336	19	0.005952
336	44	0.009524
336	54	0.012195
336	57	0.021739
336	70	0.025641
336	78	0.015152
336	135	0.026316
336	148	0.029412
336	155	0.033333
336	162	0.024390
336	170	0.033333
336	171	0.024390
336	186	0.035714
336	200	0.032258
336	259	0.045455
336	279	0.043478
336	422	0.052632
336	428	0.052632
336	448	0.055556
337	2	0.011765
337	20	0.007634
337	32	0.008197
337	50	0.012821
337	51	0.016129
337	67	0.014706
337	75	0.017544
337	76	0.018182
337	88	0.020000
337	97	0.015152
337	137	0.027778
337	143	0.022222
337	160	0.029412
337	186	0.035714
337	195	0.038462
337	201	0.034483
337	227	0.027778
337	233	0.032258
337	403	0.045455
337	409	0.055556
337	414	0.052632
338	4	0.010870
338	11	0.018182
338	15	0.012346
338	18	0.007092
338	35	0.012658
338	54	0.012195
338	67	0.014706
338	75	0.017544
338	76	0.018182
338	77	0.018868
338	151	0.026316
338	176	0.028571
338	181	0.035714
338	197	0.020408
338	229	0.034483
338	235	0.043478
338	282	0.043478
338	313	0.043478
338	409	0.055556
338	422	0.052632
339	11	0.018182
339	14	0.012821
339	19	0.005952
339	20	0.007634
339	21	0.006993
339	77	0.018868
339	78	0.015152
339	99	0.019608
339	134	0.027027
339	142	0.025641
339	168	0.029412
339	173	0.032258
339	176	0.028571
339	180	0.028571
339	182	0.041667
339	303	0.035714
339	305	0.040000
339	330	0.045455
339	362	0.045455
339	459	0.055556
340	16	0.012658
340	18	0.007092
340	22	0.007246
340	24	0.010101
340	69	0.015625
340	76	0.018182
340	102	0.021277
340	113	0.026316
340	117	0.025641
340	135	0.026316
340	192	0.029412
340	216	0.035714
340	217	0.043478
340	248	0.031250
340	252	0.040000
340	257	0.040000
340	325	0.037037
340	333	0.045455
340	346	0.047619
340	397	0.047619
340	442	0.052632
340	448	0.055556
341	4	0.010870
341	20	0.007634
341	33	0.010309
341	43	0.011236
341	52	0.013158
341	76	0.018182
341	101	0.021739
341	106	0.016129
341	108	0.023256
341	112	0.018868
341	134	0.027027
341	135	0.026316
341	171	0.024390
341	207	0.034483
341	236	0.037037
341	244	0.034483
341	256	0.034483
341	307	0.047619
341	412	0.047619
341	426	0.055556
342	18	0.007092
342	19	0.005952
342	26	0.011236
342	33	0.010309
342	65	0.014085
342	104	0.020833
342	110	0.021277
342	118	0.028571
342	123	0.031250
342	130	0.025000
342	135	0.026316
342	138	0.024390
342	171	0.024390
342	180	0.028571
342	215	0.033333
342	238	0.030303
342	281	0.038462
342	285	0.043478
342	346	0.047619
342	362	0.045455
342	398	0.055556
342	406	0.052632
342	445	0.055556
342	452	0.055556
342	457	0.055556
343	7	0.012987
343	19	0.005952
343	21	0.006993
343	38	0.009434
343	49	0.019231
343	50	0.012821
343	78	0.015152
343	100	0.018182
343	108	0.023256
343	115	0.025000
343	146	0.028571
343	181	0.035714
343	192	0.029412
343	232	0.035714
343	244	0.034483
343	245	0.045455
343	267	0.047619
343	303	0.035714
343	372	0.050000
343	376	0.052632
343	383	0.055556
343	385	0.055556
343	451	0.055556
343	452	0.055556
343	460	0.055556
343	464	0.055556
344	4	0.010870
344	22	0.007246
344	25	0.011364
344	40	0.009009
344	45	0.012821
344	51	0.016129
344	61	0.023810
344	88	0.020000
344	89	0.020833
344	90	0.024390
344	104	0.020833
344	111	0.023256
344	132	0.030303
344	206	0.041667
344	241	0.027778
344	312	0.045455
344	314	0.043478
344	348	0.045455
344	366	0.052632
344	385	0.055556
344	457	0.055556
345	5	0.012821
345	10	0.025641
345	14	0.012821
345	19	0.005952
345	86	0.020408
345	103	0.025641
345	112	0.018868
345	130	0.025000
345	134	0.027027
345	161	0.020408
345	171	0.024390
345	173	0.032258
345	211	0.032258
345	273	0.035714
345	299	0.045455
345	305	0.040000
345	325	0.037037
345	405	0.052632
345	415	0.052632
345	469	0.055556
346	0	0.016129
346	3	0.023256
346	15	0.012346
346	30	0.023810
346	43	0.011236
346	45	0.012821
346	54	0.012195
346	59	0.020408
346	82	0.020000
346	86	0.020408
346	162	0.024390
346	167	0.031250
346	208	0.040000
346	213	0.035714
346	225	0.038462
346	290	0.045455
346	340	0.045455
346	342	0.040000
346	385	0.055556
346	419	0.055556
346	422	0.052632
347	21	0.006993
347	44	0.009524
347	49	0.019231
347	60	0.026316
347	72	0.020833
347	86	0.020408
347	89	0.020833
347	96	0.019231
347	101	0.021739
347	106	0.016129
347	154	0.033333
347	178	0.038462
347	200	0.032258
347	215	0.033333
347	225	0.038462
347	298	0.045455
347	306	0.038462
347	310	0.043478
347	360	0.050000
347	369	0.050000
347	398	0.055556
347	404	0.055556
347	421	0.047619
348	8	0.010753
348	19	0.005952
348	20	0.007634
348	21	0.006993
348	25	0.011364
348	37	0.009174
348	43	0.011236
348	50	0.012821
348	58	0.015152
348	105	0.027027
348	111	0.023256
348	132	0.030303
348	143	0.022222
348	180	0.028571
348	192	0.029412
348	265	0.035714
348	272	0.037037
348	344	0.047619
348	384	0.047619
348	391	0.050000
348	414	0.052632
348	438	0.052632
349	28	0.017857
349	32	0.008197
349	33	0.010309
349	36	0.008772
349	37	0.009174
349	38	0.009434
349	44	0.009524
349	48	0.010870
349	77	0.018868
349	111	0.023256
349	135	0.026316
349	136	0.027778
349	141	0.027027
349	168	0.029412
349	179	0.029412
349	201	0.034483
349	296	0.038462
349	297	0.038462
349	361	0.050000
350	2	0.011765
350	10	0.025641
350	19	0.005952
350	21	0.006993
350	30	0.023810
350	37	0.009174
350	46	0.017857
350	86	0.020408
350	106	0.016129
350	150	0.027778
350	192	0.029412
350	196	0.034483
350	221	0.043478
350	273	0.035714
350	284	0.047619
350	290	0.045455
350	310	0.043478
350	335	0.043478
350	459	0.055556
351	19	0.005952
351	38	0.009434
351	41	0.014706
351	42	0.009709
351	55	0.017241
351	56	0.014925
351	82	0.020000
351	96	0.019231
351	99	0.019608
351	107	0.026316
351	148	0.029412
351	181	0.035714
351	227	0.027778
351	234	0.040000
351	238	0.030303
351	271	0.041667
351	277	0.040000
351	326	0.043478
352	6	0.013333
352	7	0.012987
352	15	0.012346
352	19	0.005952
352	24	0.010101
352	36	0.008772
352	40	0.009009
352	60	0.026316
352	64	0.014925
352	71	0.016667
352	84	0.019608
352	85	0.024390
352	180	0.028571
352	248	0.031250
352	269	0.038462
352	270	0.041667
352	301	0.043478
352	313	0.043478
352	366	0.052632
352	382	0.055556
352	391	0.050000
352	397	0.047619
352	404	0.055556
352	429	0.052632
352	439	0.052632
352	442	0.052632
352	450	0.052632
353	5	0.012821
353	16	0.012658
353	21	0.006993
353	26	0.011236
353	53	0.012346
353	54	0.012195
353	75	0.017544
353	89	0.020833
353	103	0.025641
353	106	0.016129
353	132	0.030303
353	146	0.028571
353	149	0.027778
353	161	0.020408
353	163	0.035714
353	226	0.035714
353	232	0.035714
353	293	0.041667
353	429	0.052632
353	437	0.055556
354	14	0.012821
354	19	0.005952
354	26	0.011236
354	36	0.008772
354	38	0.009434
354	39	0.013699
354	43	0.011236
354	84	0.019608
354	90	0.024390
354	96	0.019231
354	100	0.018182
354	123	0.031250
354	153	0.031250
354	165	0.037037
354	168	0.029412
354	197	0.020408
354	273	0.035714
354	294	0.037037
354	388	0.050000
354	400	0.047619
354	428	0.052632
354	429	0.052632
354	433	0.052632
355	4	0.010870
355	6	0.013333
355	28	0.017857
355	32	0.008197
355	34	0.009709
355	36	0.008772
355	37	0.009174
355	44	0.009524
355	48	0.010870
355	56	0.014925
355	69	0.015625
355	79	0.018182
355	84	0.019608
355	89	0.020833
355	210	0.034483
355	258	0.038462
355	297	0.038462
355	334	0.038462
355	358	0.040000
355	378	0.050000
355	379	0.045455
355	435	0.055556
355	439	0.052632
356	8	0.010753
356	32	0.008197
356	34	0.009709
356	37	0.009174
356	38	0.009434
356	64	0.014925
356	81	0.023256
356	87	0.018868
356	96	0.019231
356	97	0.015152
356	108	0.023256
356	117	0.025641
356	130	0.025000
356	162	0.024390
356	196	0.034483
356	199	0.040000
356	306	0.038462
356	365	0.045455
356	375	0.050000
356	439	0.052632
356	470	0.055556
357	4	0.010870
357	32	0.008197
357	48	0.010870
357	52	0.013158
357	53	0.012346
357	55	0.017241
357	84	0.019608
357	117	0.025641
357	146	0.028571
357	162	0.024390
357	185	0.030303
357	196	0.034483
357	241	0.027778
357	250	0.043478
357	268	0.040000
357	305	0.040000
357	327	0.045455
357	365	0.045455
357	395	0.055556
358	0	0.016129
358	21	0.006993
358	25	0.011364
358	39	0.013699
358	42	0.009709
358	57	0.021739
358	76	0.018182
358	83	0.021739
358	89	0.020833
358	93	0.025641
358	96	0.019231
358	146	0.028571
358	204	0.040000
358	248	0.031250
358	276	0.040000
358	293	0.041667
358	295	0.045455
358	355	0.043478
358	360	0.050000
358	364	0.052632
358	379	0.045455
358	383	0.055556
358	388	0.050000
358	424	0.052632
358	458	0.055556
359	4	0.010870
359	12	0.012195
359	41	0.014706
359	43	0.011236
359	47	0.017241
359	100	0.018182
359	111	0.023256
359	155	0.033333
359	193	0.025000
359	205	0.034483
359	218	0.035714
359	230	0.030303
359	240	0.040000
359	262	0.037037
359	265	0.035714
359	325	0.037037
359	326	0.043478
359	328	0.050000
360	1	0.011765
360	15	0.012346
360	18	0.007092
360	23	0.008547
360	49	0.019231
360	53	0.012346
360	57	0.021739
360	74	0.012346
360	97	0.015152
360	111	0.023256
360	115	0.025000
360	131	0.024390
360	147	0.030303
360	218	0.035714
360	228	0.040000
360	335	0.043478
360	347	0.043478
360	358	0.040000
360	444	0.055556
360	460	0.055556
361	5	0.012821
361	7	0.012987
361	24	0.010101
361	48	0.010870
361	52	0.013158
361	57	0.021739
361	58	0.015152
361	84	0.019608
361	87	0.018868
361	90	0.024390
361	101	0.021739
361	108	0.023256
361	143	0.022222
361	171	0.024390
361	203	0.025000
361	220	0.045455
361	315	0.041667
361	349	0.052632
361	430	0.052632
361	432	0.050000
362	14	0.012821
362	21	0.006993
362	22	0.007246
362	37	0.009174
362	40	0.009009
362	52	0.013158
362	73	0.016393
362	74	0.012346
362	76	0.018182
362	79	0.018182
362	110	0.021277
362	169	0.032258
362	197	0.020408
362	215	0.033333
362	296	0.038462
362	301	0.043478
362	339	0.050000
362	342	0.040000
362	394	0.047619
362	398	0.055556
362	428	0.052632
362	441	0.055556
363	2	0.011765
363	16	0.012658
363	20	0.007634
363	28	0.017857
363	38	0.009434
363	49	0.019231
363	54	0.012195
363	55	0.017241
363	57	0.021739
363	58	0.015152
363	103	0.025641
363	113	0.026316
363	119	0.017857
363	131	0.024390
363	192	0.029412
363	198	0.035714
363	202	0.032258
363	218	0.035714
363	408	0.050000
363	433	0.052632
364	5	0.012821
364	8	0.010753
364	11	0.018182
364	32	0.008197
364	35	0.012658
364	75	0.017544
364	82	0.020000
364	97	0.015152
364	104	0.020833
364	133	0.031250
364	167	0.031250
364	175	0.037037
364	176	0.028571
364	197	0.020408
364	204	0.040000
364	214	0.040000
364	269	0.038462
364	358	0.040000
364	375	0.050000
365	6	0.013333
365	14	0.012821
365	37	0.009174
365	42	0.009709
365	78	0.015152
365	85	0.024390
365	88	0.020000
365	98	0.021739
365	106	0.016129
365	138	0.024390
365	146	0.028571
365	209	0.038462
365	273	0.035714
365	298	0.045455
365	306	0.038462
365	332	0.035714
365	356	0.047619
365	357	0.052632
365	369	0.050000
365	394	0.047619
365	415	0.052632
365	471	0.055556
366	14	0.012821
366	39	0.013699
366	42	0.009709
366	53	0.012346
366	55	0.017241
366	65	0.014085
366	120	0.028571
366	122	0.022727
366	142	0.025641
366	177	0.025641
366	197	0.020408
366	198	0.035714
366	199	0.040000
366	256	0.034483
366	278	0.050000
366	315	0.041667
366	344	0.047619
366	352	0.037037
366	375	0.050000
367	38	0.009434
367	40	0.009009
367	53	0.012346
367	58	0.015152
367	68	0.019231
367	69	0.015625
367	71	0.016667
367	89	0.020833
367	115	0.025000
367	119	0.017857
367	143	0.022222
367	197	0.020408
367	206	0.041667
367	232	0.035714
367	233	0.032258
367	324	0.052632
367	331	0.047619
367	332	0.035714
367	402	0.052632
368	7	0.012987
368	11	0.018182
368	15	0.012346
368	17	0.022727
368	29	0.017544
368	32	0.008197
368	33	0.010309
368	56	0.014925
368	72	0.020833
368	80	0.020833
368	89	0.020833
368	107	0.026316
368	197	0.020408
368	204	0.040000
368	248	0.031250
368	259	0.045455
368	260	0.045455
368	332	0.035714
368	417	0.052632
369	3	0.023256
369	15	0.012346
369	26	0.011236
369	36	0.008772
369	43	0.011236
369	52	0.013158
369	53	0.012346
369	68	0.019231
369	70	0.025641
369	90	0.024390
369	101	0.021739
369	203	0.025000
369	214	0.040000
369	229	0.034483
369	244	0.034483
369	306	0.038462
369	347	0.043478
369	365	0.045455
369	398	0.055556
369	406	0.052632
370	0	0.016129
370	6	0.013333
370	15	0.012346
370	22	0.007246
370	24	0.010101
370	47	0.017241
370	53	0.012346
370	54	0.012195
370	69	0.015625
370	77	0.018868
370	96	0.019231
370	99	0.019608
370	101	0.021739
370	107	0.026316
370	209	0.038462
370	265	0.035714
370	306	0.038462
370	331	0.047619
370	396	0.050000
370	401	0.050000
370	403	0.045455
370	467	0.055556
371	12	0.012195
371	19	0.005952
371	33	0.010309
371	37	0.009174
371	40	0.009009
371	42	0.009709
371	47	0.017241
371	53	0.012346
371	56	0.014925
371	68	0.019231
371	99	0.019608
371	133	0.031250
371	197	0.020408
371	214	0.040000
371	216	0.035714
371	231	0.033333
371	260	0.045455
371	265	0.035714
371	388	0.050000
371	390	0.052632
371	405	0.052632
371	413	0.052632
371	427	0.052632
371	429	0.052632
371	431	0.055556
371	434	0.055556
371	435	0.055556
371	440	0.052632
371	452	0.055556
371	458	0.055556
371	462	0.055556
372	9	0.033333
372	19	0.005952
372	34	0.009709
372	45	0.012821
372	48	0.010870
372	55	0.017241
372	64	0.014925
372	82	0.020000
372	103	0.025641
372	109	0.026316
372	110	0.021277
372	155	0.033333
372	178	0.038462
372	194	0.043478
372	238	0.030303
372	246	0.043478
372	262	0.037037
372	343	0.038462
372	407	0.052632
372	409	0.055556
373	8	0.010753
373	20	0.007634
373	22	0.007246
373	34	0.009709
373	44	0.009524
373	51	0.016129
373	55	0.017241
373	69	0.015625
373	79	0.018182
373	90	0.024390
373	97	0.015152
373	100	0.018182
373	102	0.021277
373	121	0.026316
373	176	0.028571
373	177	0.025641
373	203	0.025000
373	273	0.035714
373	439	0.052632
374	8	0.010753
374	30	0.023810
374	34	0.009709
374	43	0.011236
374	44	0.009524
374	48	0.010870
374	50	0.012821
374	65	0.014085
374	71	0.016667
374	97	0.015152
374	98	0.021739
374	104	0.020833
374	106	0.016129
374	134	0.027027
374	143	0.022222
374	154	0.033333
374	193	0.025000
374	211	0.032258
374	378	0.050000
374	415	0.052632
374	456	0.055556
375	1	0.011765
375	9	0.033333
375	12	0.012195
375	24	0.010101
375	45	0.012821
375	71	0.016667
375	115	0.025000
375	153	0.031250
375	183	0.037037
375	211	0.032258
375	236	0.037037
375	248	0.031250
375	303	0.035714
375	315	0.041667
375	329	0.041667
375	356	0.047619
375	364	0.052632
375	366	0.052632
375	395	0.055556
375	432	0.050000
376	8	0.010753
376	22	0.007246
376	27	0.019608
376	37	0.009174
376	38	0.009434
376	60	0.026316
376	77	0.018868
376	91	0.033333
376	103	0.025641
376	110	0.021277
376	125	0.032258
376	142	0.025641
376	148	0.029412
376	153	0.031250
376	177	0.025641
376	238	0.030303
376	256	0.034483
376	343	0.038462
376	442	0.052632
377	12	0.012195
377	24	0.010101
377	45	0.012821
377	54	0.012195
377	56	0.014925
377	59	0.020408
377	70	0.025641
377	76	0.018182
377	86	0.020408
377	106	0.016129
377	108	0.023256
377	149	0.027778
377	179	0.029412
377	185	0.030303
377	213	0.035714
377	234	0.040000
377	244	0.034483
377	268	0.040000
378	0	0.016129
378	22	0.007246
378	24	0.010101
378	25	0.011364
378	37	0.009174
378	65	0.014085
378	78	0.015152
378	96	0.019231
378	98	0.021739
378	106	0.016129
378	130	0.025000
378	131	0.024390
378	141	0.027027
378	166	0.040000
378	172	0.033333
378	203	0.025000
378	355	0.043478
378	374	0.047619
378	388	0.050000
378	456	0.055556
379	20	0.007634
379	37	0.009174
379	38	0.009434
379	43	0.011236
379	51	0.016129
379	54	0.012195
379	55	0.017241
379	65	0.014085
379	71	0.016667
379	89	0.020833
379	138	0.024390
379	239	0.043478
379	241	0.027778
379	243	0.032258
379	277	0.040000
379	335	0.043478
379	355	0.043478
379	358	0.040000
379	385	0.055556
379	386	0.052632
379	391	0.050000
379	459	0.055556
380	4	0.010870
380	6	0.013333
380	11	0.018182
380	20	0.007634
380	21	0.006993
380	23	0.008547
380	26	0.011236
380	28	0.017857
380	104	0.020833
380	105	0.027027
380	122	0.022727
380	138	0.024390
380	161	0.020408
380	187	0.030303
380	189	0.043478
380	216	0.035714
380	268	0.040000
380	321	0.043478
380	384	0.047619
380	456	0.055556
381	10	0.025641
381	19	0.005952
381	21	0.006993
381	22	0.007246
381	24	0.010101
381	32	0.008197
381	38	0.009434
381	44	0.009524
381	48	0.010870
381	50	0.012821
381	66	0.023256
381	112	0.018868
381	122	0.022727
381	148	0.029412
381	169	0.032258
381	174	0.041667
381	289	0.040000
381	326	0.043478
381	382	0.055556
381	422	0.052632
381	456	0.055556
382	1	0.011765
382	19	0.005952
382	22	0.007246
382	23	0.008547
382	35	0.012658
382	88	0.020000
382	89	0.020833
382	100	0.018182
382	123	0.031250
382	129	0.028571
382	130	0.025000
382	188	0.045455
382	231	0.033333
382	238	0.030303
382	265	0.035714
382	297	0.038462
382	352	0.037037
382	381	0.047619
383	1	0.011765
383	19	0.005952
383	21	0.006993
383	24	0.010101
383	25	0.011364
383	32	0.008197
383	85	0.024390
383	115	0.025000
383	130	0.025000
383	137	0.027778
383	146	0.028571
383	164	0.032258
383	226	0.035714
383	258	0.038462
383	263	0.041667
383	323	0.041667
383	343	0.038462
383	358	0.040000
384	19	0.005952
384	20	0.007634
384	25	0.011364
384	51	0.016129
384	69	0.015625
384	86	0.020408
384	148	0.029412
384	151	0.026316
384	169	0.032258
384	197	0.020408
384	211	0.032258
384	239	0.043478
384	264	0.043478
384	267	0.047619
384	308	0.047619
384	316	0.047619
384	348	0.045455
384	380	0.050000
384	431	0.055556
384	454	0.055556
384	457	0.055556
385	20	0.007634
385	35	0.012658
385	36	0.008772
385	38	0.009434
385	42	0.009709
385	64	0.014925
385	86	0.020408
385	103	0.025641
385	125	0.032258
385	171	0.024390
385	182	0.041667
385	313	0.043478
385	314	0.043478
385	330	0.045455
385	343	0.038462
385	344	0.047619
385	346	0.047619
385	379	0.045455
386	1	0.011765
386	4	0.010870
386	11	0.018182
386	44	0.009524
386	45	0.012821
386	46	0.017857
386	75	0.017544
386	87	0.018868
386	100	0.018182
386	110	0.021277
386	120	0.028571
386	161	0.020408
386	192	0.029412
386	202	0.032258
386	203	0.025000
386	250	0.043478
386	263	0.041667
386	379	0.045455
386	468	0.055556
387	4	0.010870
387	5	0.012821
387	7	0.012987
387	8	0.010753
387	45	0.012821
387	48	0.010870
387	67	0.014706
387	138	0.024390
387	142	0.025641
387	196	0.034483
387	207	0.034483
387	258	0.038462
387	261	0.038462
387	276	0.040000
387	278	0.050000
387	296	0.038462
387	321	0.043478
387	335	0.043478
387	429	0.052632
388	9	0.033333
388	14	0.012821
388	15	0.012346
388	32	0.008197
388	56	0.014925
388	88	0.020000
388	119	0.017857
388	129	0.028571
388	142	0.025641
388	187	0.030303
388	190	0.047619
388	222	0.043478
388	260	0.045455
388	333	0.045455
388	354	0.043478
388	358	0.040000
388	371	0.032258
388	378	0.050000
388	425	0.055556
388	441	0.055556
389	2	0.011765
389	3	0.023256
389	6	0.013333
389	12	0.012195
389	14	0.012821
389	40	0.009009
389	47	0.017241
389	54	0.012195
389	64	0.014925
389	65	0.014085
389	83	0.021739
389	97	0.015152
389	136	0.027778
389	137	0.027778
389	150	0.027778
389	151	0.026316
389	169	0.032258
389	258	0.038462
389	424	0.052632
389	440	0.052632
390	5	0.012821
390	37	0.009174
390	45	0.012821
390	47	0.017241
390	55	0.017241
390	56	0.014925
390	64	0.014925
390	73	0.016393
390	74	0.012346
390	98	0.021739
390	106	0.016129
390	151	0.026316
390	180	0.028571
390	224	0.040000
390	269	0.038462
390	303	0.035714
390	305	0.040000
390	371	0.032258
390	411	0.055556
391	1	0.011765
391	23	0.008547
391	24	0.010101
391	27	0.019608
391	39	0.013699
391	45	0.012821
391	54	0.012195
391	59	0.020408
391	64	0.014925
391	65	0.014085
391	75	0.017544
391	125	0.032258
391	133	0.031250
391	230	0.030303
391	335	0.043478
391	348	0.045455
391	352	0.037037
391	379	0.045455
391	429	0.052632
391	451	0.055556
392	15	0.012346
392	23	0.008547
392	32	0.008197
392	33	0.010309
392	35	0.012658
392	37	0.009174
392	44	0.009524
392	68	0.019231
392	90	0.024390
392	96	0.019231
392	121	0.026316
392	128	0.025641
392	140	0.029412
392	156	0.041667
392	160	0.029412
392	272	0.037037
392	303	0.035714
392	305	0.040000
392	436	0.052632
393	5	0.012821
393	15	0.012346
393	19	0.005952
393	26	0.011236
393	42	0.009709
393	43	0.011236
393	77	0.018868
393	88	0.020000
393	108	0.023256
393	126	0.043478
393	137	0.027778
393	152	0.035714
393	184	0.034483
393	210	0.034483
393	241	0.027778
393	289	0.040000
393	295	0.045455
393	330	0.045455
393	396	0.050000
393	406	0.052632
393	468	0.055556
394	15	0.012346
394	17	0.022727
394	18	0.007092
394	19	0.005952
394	32	0.008197
394	35	0.012658
394	37	0.009174
394	41	0.014706
394	47	0.017241
394	54	0.012195
394	71	0.016667
394	80	0.020833
394	99	0.019608
394	154	0.033333
394	185	0.030303
394	301	0.043478
394	362	0.045455
394	365	0.045455
394	420	0.052632
394	451	0.055556
394	470	0.055556
395	4	0.010870
395	6	0.013333
395	8	0.010753
395	38	0.009434
395	47	0.017241
395	66	0.023256
395	86	0.020408
395	130	0.025000
395	138	0.024390
395	143	0.022222
395	161	0.020408
395	210	0.034483
395	231	0.033333
395	238	0.030303
395	290	0.045455
395	325	0.037037
395	357	0.052632
395	375	0.050000
396	12	0.012195
396	16	0.012658
396	18	0.007092
396	24	0.010101
396	54	0.012195
396	59	0.020408
396	103	0.025641
396	107	0.026316
396	135	0.026316
396	152	0.035714
396	162	0.024390
396	176	0.028571
396	185	0.030303
396	195	0.038462
396	198	0.035714
396	257	0.040000
396	370	0.045455
396	393	0.047619
396	436	0.052632
396	470	0.055556
397	2	0.011765
397	5	0.012821
397	15	0.012346
397	33	0.010309
397	34	0.009709
397	43	0.011236
397	44	0.009524
397	72	0.020833
397	78	0.015152
397	119	0.017857
397	171	0.024390
397	182	0.041667
397	186	0.035714
397	227	0.027778
397	277	0.040000
397	289	0.040000
397	340	0.045455
397	352	0.037037
397	410	0.052632
397	444	0.055556
397	453	0.052632
398	19	0.005952
398	33	0.010309
398	37	0.009174
398	39	0.013699
398	67	0.014706
398	72	0.020833
398	78	0.015152
398	110	0.021277
398	129	0.028571
398	248	0.031250
398	276	0.040000
398	294	0.037037
398	326	0.043478
398	334	0.038462
398	342	0.040000
398	347	0.043478
398	362	0.045455
398	369	0.050000
399	3	0.023256
399	31	0.037037
399	37	0.009174
399	40	0.009009
399	48	0.010870
399	49	0.019231
399	75	0.017544
399	78	0.015152
399	80	0.020833
399	81	0.023256
399	112	0.018868
399	133	0.031250
399	187	0.030303
399	256	0.034483
399	264	0.043478
399	315	0.041667
399	327	0.045455
399	332	0.035714
400	16	0.012658
400	22	0.007246
400	40	0.009009
400	59	0.020408
400	73	0.016393
400	75	0.017544
400	77	0.018868
400	84	0.019608
400	109	0.026316
400	112	0.018868
400	121	0.026316
400	123	0.031250
400	143	0.022222
400	151	0.026316
400	154	0.033333
400	193	0.025000
400	280	0.043478
400	354	0.043478
400	411	0.055556
400	418	0.052632
400	466	0.055556
401	36	0.008772
401	46	0.017857
401	53	0.012346
401	78	0.015152
401	82	0.020000
401	90	0.024390
401	105	0.027027
401	120	0.028571
401	125	0.032258
401	137	0.027778
401	144	0.037037
401	175	0.037037
401	197	0.020408
401	221	0.043478
401	243	0.032258
401	310	0.043478
401	318	0.047619
401	370	0.045455
401	458	0.055556
401	460	0.055556
402	6	0.013333
402	8	0.010753
402	18	0.007092
402	48	0.010870
402	53	0.012346
402	54	0.012195
402	64	0.014925
402	77	0.018868
402	81	0.023256
402	114	0.030303
402	116	0.024390
402	153	0.031250
402	162	0.024390
402	191	0.047619
402	200	0.032258
402	215	0.033333
402	240	0.040000
402	367	0.052632
402	446	0.055556
403	1	0.011765
403	8	0.010753
403	40	0.009009
403	44	0.009524
403	67	0.014706
403	77	0.018868
403	78	0.015152
403	96	0.019231
403	135	0.026316
403	147	0.030303
403	179	0.029412
403	213	0.035714
403	248	0.031250
403	256	0.034483
403	322	0.041667
403	333	0.045455
403	337	0.047619
403	370	0.045455
403	432	0.050000
403	434	0.055556
403	452	0.055556
403	455	0.055556
404	22	0.007246
404	25	0.011364
404	61	0.023810
404	73	0.016393
404	76	0.018182
404	102	0.021277
404	106	0.016129
404	114	0.030303
404	148	0.029412
404	160	0.029412
404	161	0.020408
404	162	0.024390
404	171	0.024390
404	198	0.035714
404	203	0.025000
404	294	0.037037
404	347	0.043478
404	352	0.037037
405	3	0.023256
405	5	0.012821
405	12	0.012195
405	13	0.021277
405	20	0.007634
405	56	0.014925
405	65	0.014085
405	77	0.018868
405	108	0.023256
405	124	0.032258
405	196	0.034483
405	197	0.020408
405	202	0.032258
405	235	0.043478
405	269	0.038462
405	332	0.035714
405	345	0.050000
405	371	0.032258
405	454	0.055556
406	3	0.023256
406	15	0.012346
406	26	0.011236
406	36	0.008772
406	40	0.009009
406	41	0.014706
406	43	0.011236
406	46	0.017857
406	81	0.023256
406	137	0.027778
406	166	0.040000
406	192	0.029412
406	235	0.043478
406	242	0.035714
406	334	0.038462
406	342	0.040000
406	369	0.050000
406	393	0.047619
406	409	0.055556
407	19	0.005952
407	22	0.007246
407	35	0.012658
407	36	0.008772
407	38	0.009434
407	45	0.012821
407	48	0.010870
407	51	0.016129
407	65	0.014085
407	66	0.023256
407	110	0.021277
407	129	0.028571
407	141	0.027027
407	210	0.034483
407	233	0.032258
407	296	0.038462
407	315	0.041667
407	372	0.050000
407	465	0.055556
408	17	0.022727
408	21	0.006993
408	32	0.008197
408	36	0.008772
408	65	0.014085
408	74	0.012346
408	78	0.015152
408	104	0.020833
408	119	0.017857
408	120	0.028571
408	137	0.027778
408	151	0.026316
408	193	0.025000
408	199	0.040000
408	277	0.040000
408	330	0.045455
408	331	0.047619
408	363	0.050000
408	428	0.052632
408	432	0.050000
409	6	0.013333
409	23	0.008547
409	37	0.009174
409	40	0.009009
409	54	0.012195
409	67	0.014706
409	78	0.015152
409	112	0.018868
409	161	0.020408
409	231	0.033333
409	242	0.035714
409	279	0.043478
409	297	0.038462
409	322	0.041667
409	337	0.047619
409	338	0.050000
409	372	0.050000
409	406	0.052632
410	19	0.005952
410	20	0.007634
410	24	0.010101
410	35	0.012658
410	41	0.014706
410	46	0.017857
410	53	0.012346
410	99	0.019608
410	100	0.018182
410	115	0.025000
410	123	0.031250
410	130	0.025000
410	140	0.029412
410	188	0.045455
410	196	0.034483
410	239	0.043478
410	253	0.050000
410	397	0.047619
410	467	0.055556
411	6	0.013333
411	12	0.012195
411	20	0.007634
411	66	0.023256
411	74	0.012346
411	97	0.015152
411	113	0.026316
411	133	0.031250
411	136	0.027778
411	146	0.028571
411	202	0.032258
411	224	0.040000
411	233	0.032258
411	257	0.040000
411	271	0.041667
411	301	0.043478
411	390	0.052632
411	400	0.047619
412	1	0.011765
412	2	0.011765
412	7	0.012987
412	16	0.012658
412	18	0.007092
412	22	0.007246
412	23	0.008547
412	27	0.019608
412	43	0.011236
412	45	0.012821
412	46	0.017857
412	52	0.013158
412	77	0.018868
412	130	0.025000
412	142	0.025641
412	199	0.040000
412	289	0.040000
412	341	0.050000
412	414	0.052632
412	458	0.055556
412	459	0.055556
413	25	0.011364
413	37	0.009174
413	38	0.009434
413	42	0.009709
413	43	0.011236
413	44	0.009524
413	84	0.019608
413	90	0.024390
413	161	0.020408
413	170	0.033333
413	171	0.024390
413	177	0.025641
413	197	0.020408
413	218	0.035714
413	270	0.041667
413	276	0.040000
413	322	0.041667
413	371	0.032258
413	445	0.055556
414	5	0.012821
414	18	0.007092
414	33	0.010309
414	38	0.009434
414	42	0.009709
414	52	0.013158
414	64	0.014925
414	79	0.018182
414	126	0.043478
414	162	0.024390
414	178	0.038462
414	211	0.032258
414	242	0.035714
414	248	0.031250
414	334	0.038462
414	337	0.047619
414	348	0.045455
414	412	0.047619
414	417	0.052632
415	5	0.012821
415	16	0.012658
415	36	0.008772
415	37	0.009174
415	38	0.009434
415	53	0.012346
415	73	0.016393
415	88	0.020000
415	92	0.037037
415	99	0.019608
415	120	0.028571
415	134	0.027027
415	186	0.035714
415	197	0.020408
415	310	0.043478
415	345	0.050000
415	365	0.045455
415	374	0.047619
415	438	0.052632
416	2	0.011765
416	14	0.012821
416	16	0.012658
416	20	0.007634
416	21	0.006993
416	35	0.012658
416	79	0.018182
416	96	0.019231
416	99	0.019608
416	102	0.021277
416	110	0.021277
416	116	0.024390
416	134	0.027027
416	161	0.020408
416	172	0.033333
416	179	0.029412
416	263	0.041667
416	297	0.038462
416	419	0.055556
416	444	0.055556
417	13	0.021277
417	24	0.010101
417	25	0.011364
417	49	0.019231
417	50	0.012821
417	56	0.014925
417	118	0.028571
417	135	0.026316
417	184	0.034483
417	207	0.034483
417	225	0.038462
417	234	0.040000
417	244	0.034483
417	251	0.047619
417	288	0.050000
417	309	0.052632
417	368	0.052632
417	414	0.052632
417	436	0.052632
418	7	0.012987
418	19	0.005952
418	32	0.008197
418	40	0.009009
418	69	0.015625
418	85	0.024390
418	103	0.025641
418	118	0.028571
418	138	0.024390
418	142	0.025641
418	167	0.031250
418	172	0.033333
418	177	0.025641
418	226	0.035714
418	227	0.027778
418	242	0.035714
418	271	0.041667
418	400	0.047619
418	435	0.055556
419	23	0.008547
419	29	0.017544
419	37	0.009174
419	42	0.009709
419	45	0.012821
419	50	0.012821
419	72	0.020833
419	79	0.018182
419	86	0.020408
419	119	0.017857
419	197	0.020408
419	198	0.035714
419	235	0.043478
419	308	0.047619
419	329	0.041667
419	334	0.038462
419	346	0.047619
419	416	0.050000
420	4	0.010870
420	8	0.010753
420	15	0.012346
420	19	0.005952
420	21	0.006993
420	33	0.010309
420	43	0.011236
420	50	0.012821
420	52	0.013158
420	69	0.015625
420	74	0.012346
420	193	0.025000
420	272	0.037037
420	294	0.037037
420	302	0.050000
420	334	0.038462
420	394	0.047619
420	430	0.052632
420	444	0.055556
421	3	0.023256
421	8	0.010753
421	16	0.012658
421	20	0.007634
421	24	0.010101
421	42	0.009709
421	103	0.025641
421	156	0.041667
421	161	0.020408
421	179	0.029412
421	197	0.020408
421	200	0.032258
421	227	0.027778
421	263	0.041667
421	279	0.043478
421	300	0.050000
421	329	0.041667
421	347	0.043478
421	428	0.052632
421	442	0.052632
421	443	0.062500
422	12	0.012195
422	18	0.007092
422	38	0.009434
422	52	0.013158
422	65	0.014085
422	79	0.018182
422	82	0.020000
422	125	0.032258
422	131	0.024390
422	166	0.040000
422	170	0.033333
422	211	0.032258
422	243	0.032258
422	261	0.038462
422	336	0.047619
422	338	0.050000
422	346	0.047619
422	381	0.047619
422	447	0.055556
423	7	0.012987
423	15	0.012346
423	23	0.008547
423	37	0.009174
423	44	0.009524
423	48	0.010870
423	54	0.012195
423	65	0.014085
423	71	0.016667
423	73	0.016393
423	77	0.018868
423	96	0.019231
423	146	0.028571
423	151	0.026316
423	182	0.041667
423	204	0.040000
423	225	0.038462
423	295	0.045455
424	1	0.011765
424	10	0.025641
424	21	0.006993
424	34	0.009709
424	40	0.009009
424	77	0.018868
424	87	0.018868
424	96	0.019231
424	115	0.025000
424	161	0.020408
424	171	0.024390
424	177	0.025641
424	203	0.025000
424	214	0.040000
424	266	0.038462
424	280	0.043478
424	358	0.040000
424	389	0.050000
424	468	0.055556
425	12	0.012195
425	33	0.010309
425	35	0.012658
425	48	0.010870
425	59	0.020408
425	65	0.014085
425	72	0.020833
425	97	0.015152
425	122	0.022727
425	137	0.027778
425	152	0.035714
425	171	0.024390
425	179	0.029412
425	240	0.040000
425	241	0.027778
425	255	0.050000
425	261	0.038462
425	388	0.050000
426	13	0.021277
426	19	0.005952
426	37	0.009174
426	49	0.019231
426	56	0.014925
426	64	0.014925
426	65	0.014085
426	75	0.017544
426	130	0.025000
426	138	0.024390
426	232	0.035714
426	248	0.031250
426	294	0.037037
426	314	0.043478
426	323	0.041667
426	325	0.037037
426	341	0.050000
426	439	0.052632
427	18	0.007092
427	43	0.011236
427	54	0.012195
427	56	0.014925
427	68	0.019231
427	80	0.020833
427	89	0.020833
427	164	0.032258
427	197	0.020408
427	224	0.040000
427	227	0.027778
427	231	0.033333
427	262	0.037037
427	265	0.035714
427	281	0.038462
427	296	0.038462
427	332	0.035714
427	371	0.032258
427	449	0.050000
428	11	0.018182
428	16	0.012658
428	21	0.006993
428	36	0.008772
428	37	0.009174
428	61	0.023810
428	66	0.023256
428	77	0.018868
428	81	0.023256
428	89	0.020833
428	180	0.028571
428	249	0.043478
428	275	0.050000
428	336	0.047619
428	354	0.043478
428	362	0.045455
428	408	0.050000
428	421	0.047619
428	461	0.050000
429	4	0.010870
429	6	0.013333
429	13	0.021277
429	54	0.012195
429	96	0.019231
429	105	0.027027
429	161	0.020408
429	212	0.033333
429	218	0.035714
429	229	0.034483
429	272	0.037037
429	333	0.045455
429	352	0.037037
429	353	0.050000
429	354	0.043478
429	371	0.032258
429	387	0.052632
429	391	0.050000
429	449	0.050000
430	7	0.012987
430	19	0.005952
430	74	0.012346
430	75	0.017544
430	80	0.020833
430	113	0.026316
430	130	0.025000
430	137	0.027778
430	162	0.024390
430	173	0.032258
430	183	0.037037
430	196	0.034483
430	241	0.027778
430	258	0.038462
430	297	0.038462
430	312	0.045455
430	361	0.050000
430	420	0.052632
430	444	0.055556
431	2	0.011765
431	7	0.012987
431	19	0.005952
431	34	0.009709
431	49	0.019231
431	54	0.012195
431	67	0.014706
431	80	0.020833
431	86	0.020408
431	97	0.015152
431	116	0.024390
431	175	0.037037
431	193	0.025000
431	201	0.034483
431	268	0.040000
431	308	0.047619
431	371	0.032258
431	384	0.047619
432	12	0.012195
432	14	0.012821
432	18	0.007092
432	44	0.009524
432	55	0.017241
432	58	0.015152
432	61	0.023810
432	203	0.025000
432	222	0.043478
432	252	0.040000
432	268	0.040000
432	272	0.037037
432	294	0.037037
432	303	0.035714
432	361	0.050000
432	375	0.050000
432	403	0.045455
432	408	0.050000
432	433	0.052632
432	464	0.055556
433	20	0.007634
433	37	0.009174
433	42	0.009709
433	57	0.021739
433	67	0.014706
433	70	0.025641
433	97	0.015152
433	102	0.021277
433	122	0.022727
433	149	0.027778
433	178	0.038462
433	185	0.030303
433	216	0.035714
433	273	0.035714
433	303	0.035714
433	354	0.043478
433	363	0.050000
433	432	0.050000
433	450	0.052632
434	3	0.023256
434	10	0.025641
434	11	0.018182
434	18	0.007092
434	23	0.008547
434	24	0.010101
434	114	0.030303
434	125	0.032258
434	140	0.029412
434	167	0.031250
434	202	0.032258
434	236	0.037037
434	256	0.034483
434	279	0.043478
434	314	0.043478
434	334	0.038462
434	371	0.032258
434	403	0.045455
435	0	0.016129
435	4	0.010870
435	18	0.007092
435	32	0.008197
435	34	0.009709
435	40	0.009009
435	49	0.019231
435	76	0.018182
435	97	0.015152
435	112	0.018868
435	164	0.032258
435	172	0.033333
435	242	0.035714
435	288	0.050000
435	332	0.035714
435	355	0.043478
435	371	0.032258
435	418	0.052632
436	23	0.008547
436	32	0.008197
436	54	0.012195
436	58	0.015152
436	71	0.016667
436	87	0.018868
436	98	0.021739
436	101	0.021739
436	124	0.032258
436	132	0.030303
436	147	0.030303
436	192	0.029412
436	196	0.034483
436	241	0.027778
436	257	0.040000
436	392	0.052632
436	396	0.050000
436	417	0.052632
436	449	0.050000
437	7	0.012987
437	9	0.033333
437	40	0.009009
437	68	0.019231
437	71	0.016667
437	79	0.018182
437	89	0.020833
437	100	0.018182
437	135	0.026316
437	170	0.033333
437	176	0.028571
437	179	0.029412
437	270	0.041667
437	276	0.040000
437	292	0.045455
437	305	0.040000
437	322	0.041667
437	353	0.050000
438	5	0.012821
438	18	0.007092
438	20	0.007634
438	22	0.007246
438	34	0.009709
438	37	0.009174
438	92	0.037037
438	99	0.019608
438	143	0.022222
438	144	0.037037
438	147	0.030303
438	243	0.032258
438	254	0.052632
438	277	0.040000
438	306	0.038462
438	327	0.045455
438	348	0.045455
438	415	0.052632
438	461	0.050000
439	17	0.022727
439	20	0.007634
439	21	0.006993
439	30	0.023810
439	37	0.009174
439	67	0.014706
439	78	0.015152
439	91	0.033333
439	119	0.017857
439	122	0.022727
439	183	0.037037
439	229	0.034483
439	294	0.037037
439	352	0.037037
439	355	0.043478
439	356	0.047619
439	373	0.052632
439	426	0.055556
439	447	0.055556
440	14	0.012821
440	18	0.007092
440	22	0.007246
440	42	0.009709
440	48	0.010870
440	68	0.019231
440	73	0.016393
440	76	0.018182
440	81	0.023256
440	82	0.020000
440	84	0.019608
440	98	0.021739
440	108	0.023256
440	128	0.025641
440	151	0.026316
440	167	0.031250
440	371	0.032258
440	389	0.050000
440	442	0.052632
441	1	0.011765
441	11	0.018182
441	12	0.012195
441	16	0.012658
441	17	0.022727
441	29	0.017544
441	34	0.009709
441	44	0.009524
441	83	0.021739
441	108	0.023256
441	143	0.022222
441	194	0.043478
441	201	0.034483
441	230	0.030303
441	272	0.037037
441	312	0.045455
441	362	0.045455
441	388	0.050000
442	0	0.016129
442	7	0.012987
442	19	0.005952
442	20	0.007634
442	27	0.019608
442	32	0.008197
442	44	0.009524
442	67	0.014706
442	80	0.020833
442	113	0.026316
442	131	0.024390
442	219	0.052632
442	281	0.038462
442	340	0.045455
442	352	0.037037
442	376	0.052632
442	421	0.047619
442	440	0.052632
442	443	0.062500
443	0	0.016129
443	2	0.011765
443	4	0.010870
443	14	0.012821
443	24	0.010101
443	38	0.009434
443	42	0.009709
443	46	0.017857
443	52	0.013158
443	146	0.028571
443	180	0.028571
443	202	0.032258
443	210	0.034483
443	239	0.043478
443	421	0.047619
443	442	0.052632
444	2	0.011765
444	33	0.010309
444	34	0.009709
444	56	0.014925
444	67	0.014706
444	69	0.015625
444	122	0.022727
444	132	0.030303
444	134	0.027027
444	173	0.032258
444	197	0.020408
444	224	0.040000
444	318	0.047619
444	360	0.050000
444	397	0.047619
444	416	0.050000
444	420	0.052632
444	430	0.052632
445	14	0.012821
445	16	0.012658
445	42	0.009709
445	46	0.017857
445	52	0.013158
445	53	0.012346
445	67	0.014706
445	87	0.018868
445	108	0.023256
445	141	0.027027
445	173	0.032258
445	212	0.033333
445	234	0.040000
445	292	0.045455
445	323	0.041667
445	332	0.035714
445	342	0.040000
445	413	0.052632
446	14	0.012821
446	25	0.011364
446	29	0.017544
446	34	0.009709
446	37	0.009174
446	38	0.009434
446	45	0.012821
446	53	0.012346
446	111	0.023256
446	112	0.018868
446	127	0.035714
446	169	0.032258
446	173	0.032258
446	231	0.033333
446	250	0.043478
446	269	0.038462
446	304	0.047619
446	402	0.052632
447	2	0.011765
447	19	0.005952
447	38	0.009434
447	49	0.019231
447	51	0.016129
447	54	0.012195
447	55	0.017241
447	60	0.026316
447	97	0.015152
447	103	0.025641
447	112	0.018868
447	155	0.033333
447	203	0.025000
447	236	0.037037
447	303	0.035714
447	332	0.035714
447	422	0.052632
447	439	0.052632
448	17	0.022727
448	23	0.008547
448	37	0.009174
448	64	0.014925
448	76	0.018182
448	83	0.021739
448	102	0.021277
448	120	0.028571
448	123	0.031250
448	147	0.030303
448	154	0.033333
448	185	0.030303
448	207	0.034483
448	212	0.033333
448	243	0.032258
448	321	0.043478
448	336	0.047619
448	340	0.045455
449	22	0.007246
449	39	0.013699
449	70	0.025641
449	86	0.020408
449	130	0.025000
449	135	0.026316
449	150	0.027778
449	155	0.033333
449	193	0.025000
449	196	0.034483
449	217	0.043478
449	228	0.040000
449	234	0.040000
449	243	0.032258
449	256	0.034483
449	427	0.052632
449	429	0.052632
449	436	0.052632
449	457	0.055556
449	465	0.055556
450	64	0.014925
450	66	0.023256
450	79	0.018182
450	84	0.019608
450	88	0.020000
450	98	0.021739
450	102	0.021277
450	117	0.025641
450	132	0.030303
450	138	0.024390
450	149	0.027778
450	231	0.033333
450	262	0.037037
450	284	0.047619
450	285	0.043478
450	313	0.043478
450	352	0.037037
450	433	0.052632
450	461	0.050000
451	32	0.008197
451	36	0.008772
451	43	0.011236
451	44	0.009524
451	48	0.010870
451	65	0.014085
451	69	0.015625
451	74	0.012346
451	103	0.025641
451	146	0.028571
451	160	0.029412
451	226	0.035714
451	265	0.035714
451	289	0.040000
451	300	0.050000
451	343	0.038462
451	391	0.050000
451	394	0.047619
452	16	0.012658
452	19	0.005952
452	75	0.017544
452	91	0.033333
452	136	0.027778
452	151	0.026316
452	161	0.020408
452	187	0.030303
452	202	0.032258
452	226	0.035714
452	257	0.040000
452	293	0.041667
452	322	0.041667
452	325	0.037037
452	342	0.040000
452	343	0.038462
452	371	0.032258
452	403	0.045455
453	48	0.010870
453	66	0.023256
453	73	0.016393
453	74	0.012346
453	87	0.018868
453	88	0.020000
453	100	0.018182
453	110	0.021277
453	155	0.033333
453	192	0.029412
453	199	0.040000
453	224	0.040000
453	232	0.035714
453	238	0.030303
453	284	0.047619
453	285	0.043478
453	328	0.050000
453	397	0.047619
453	454	0.055556
454	15	0.012346
454	16	0.012658
454	22	0.007246
454	37	0.009174
454	42	0.009709
454	48	0.010870
454	76	0.018182
454	96	0.019231
454	106	0.016129
454	109	0.026316
454	139	0.035714
454	232	0.035714
454	240	0.040000
454	306	0.038462
454	334	0.038462
454	384	0.047619
454	405	0.052632
454	453	0.052632
455	20	0.007634
455	25	0.011364
455	39	0.013699
455	71	0.016667
455	80	0.020833
455	87	0.018868
455	111	0.023256
455	116	0.024390
455	118	0.028571
455	146	0.028571
455	177	0.025641
455	178	0.038462
455	197	0.020408
455	199	0.040000
455	212	0.033333
455	227	0.027778
455	250	0.043478
455	403	0.045455
456	14	0.012821
456	25	0.011364
456	29	0.017544
456	44	0.009524
456	46	0.017857
456	79	0.018182
456	99	0.019608
456	110	0.021277
456	130	0.025000
456	160	0.029412
456	193	0.025000
456	271	0.041667
456	306	0.038462
456	329	0.041667
456	374	0.047619
456	378	0.050000
456	380	0.050000
456	381	0.047619
457	19	0.005952
457	33	0.010309
457	39	0.013699
457	54	0.012195
457	62	0.035714
457	99	0.019608
457	109	0.026316
457	118	0.028571
457	143	0.022222
457	177	0.025641
457	188	0.045455
457	222	0.043478
457	282	0.043478
457	305	0.040000
457	342	0.040000
457	344	0.047619
457	384	0.047619
457	449	0.050000
458	50	0.012821
458	56	0.014925
458	66	0.023256
458	74	0.012346
458	75	0.017544
458	80	0.020833
458	85	0.024390
458	114	0.030303
458	197	0.020408
458	229	0.034483
458	243	0.032258
458	270	0.041667
458	323	0.041667
458	329	0.041667
458	358	0.040000
458	371	0.032258
458	401	0.050000
458	412	0.047619
459	0	0.016129
459	24	0.010101
459	26	0.011236
459	44	0.009524
459	48	0.010870
459	72	0.020833
459	93	0.025641
459	99	0.019608
459	101	0.021739
459	102	0.021277
459	121	0.026316
459	149	0.027778
459	179	0.029412
459	192	0.029412
459	339	0.050000
459	350	0.052632
459	379	0.045455
459	412	0.047619
460	0	0.016129
460	6	0.013333
460	22	0.007246
460	31	0.037037
460	38	0.009434
460	49	0.019231
460	62	0.035714
460	69	0.015625
460	98	0.021739
460	111	0.023256
460	123	0.031250
460	138	0.024390
460	179	0.029412
460	260	0.045455
460	264	0.043478
460	343	0.038462
460	360	0.050000
460	401	0.050000
461	15	0.012346
461	21	0.006993
461	47	0.017241
461	52	0.013158
461	77	0.018868
461	98	0.021739
461	101	0.021739
461	114	0.030303
461	124	0.032258
461	139	0.035714
461	149	0.027778
461	208	0.040000
461	262	0.037037
461	269	0.038462
461	277	0.040000
461	428	0.052632
461	438	0.052632
461	450	0.052632
461	463	0.055556
461	465	0.055556
462	6	0.013333
462	15	0.012346
462	21	0.006993
462	27	0.019608
462	42	0.009709
462	43	0.011236
462	47	0.017241
462	80	0.020833
462	105	0.027027
462	107	0.026316
462	128	0.025641
462	164	0.032258
462	166	0.040000
462	171	0.024390
462	194	0.043478
462	321	0.043478
462	327	0.045455
462	371	0.032258
463	8	0.010753
463	14	0.012821
463	18	0.007092
463	24	0.010101
463	30	0.023810
463	32	0.008197
463	36	0.008772
463	40	0.009009
463	41	0.014706
463	54	0.012195
463	64	0.014925
463	147	0.030303
463	150	0.027778
463	182	0.041667
463	236	0.037037
463	266	0.038462
463	312	0.045455
463	461	0.050000
464	1	0.011765
464	12	0.012195
464	18	0.007092
464	20	0.007634
464	21	0.006993
464	26	0.011236
464	42	0.009709
464	57	0.021739
464	84	0.019608
464	119	0.017857
464	122	0.022727
464	157	0.045455
464	168	0.029412
464	248	0.031250
464	258	0.038462
464	299	0.045455
464	343	0.038462
464	432	0.050000
465	14	0.012821
465	26	0.011236
465	50	0.012821
465	54	0.012195
465	55	0.017241
465	64	0.014925
465	77	0.018868
465	86	0.020408
465	97	0.015152
465	184	0.034483
465	187	0.030303
465	193	0.025000
465	239	0.043478
465	280	0.043478
465	325	0.037037
465	407	0.052632
465	449	0.050000
465	461	0.050000
466	3	0.023256
466	9	0.033333
466	20	0.007634
466	50	0.012821
466	75	0.017544
466	78	0.015152
466	79	0.018182
466	84	0.019608
466	88	0.020000
466	104	0.020833
466	112	0.018868
466	141	0.027027
466	177	0.025641
466	232	0.035714
466	281	0.038462
466	291	0.045455
466	322	0.041667
466	400	0.047619
467	4	0.010870
467	10	0.025641
467	54	0.012195
467	65	0.014085
467	71	0.016667
467	78	0.015152
467	110	0.021277
467	177	0.025641
467	179	0.029412
467	193	0.025000
467	236	0.037037
467	274	0.050000
467	294	0.037037
467	302	0.050000
467	322	0.041667
467	325	0.037037
467	370	0.045455
467	410	0.052632
468	4	0.010870
468	6	0.013333
468	12	0.012195
468	15	0.012346
468	42	0.009709
468	52	0.013158
468	69	0.015625
468	78	0.015152
468	87	0.018868
468	134	0.027027
468	161	0.020408
468	203	0.025000
468	241	0.027778
468	243	0.032258
468	304	0.047619
468	386	0.052632
468	393	0.047619
468	424	0.052632
469	0	0.016129
469	3	0.023256
469	12	0.012195
469	19	0.005952
469	21	0.006993
469	36	0.008772
469	44	0.009524
469	110	0.021277
469	112	0.018868
469	137	0.027778
469	165	0.037037
469	193	0.025000
469	240	0.040000
469	285	0.043478
469	296	0.038462
469	316	0.047619
469	329	0.041667
469	345	0.050000
470	3	0.023256
470	6	0.013333
470	11	0.018182
470	20	0.007634
470	42	0.009709
470	59	0.020408
470	70	0.025641
470	75	0.017544
470	107	0.026316
470	124	0.032258
470	148	0.029412
470	163	0.035714
470	180	0.028571
470	230	0.030303
470	326	0.043478
470	356	0.047619
470	394	0.047619
470	396	0.050000
471	5	0.012821
471	9	0.033333
471	19	0.005952
471	27	0.019608
471	44	0.009524
471	51	0.016129
471	58	0.015152
471	77	0.018868
471	93	0.025641
471	105	0.027027
471	121	0.026316
471	132	0.030303
471	153	0.031250
471	186	0.035714
471	194	0.043478
471	273	0.035714
471	316	0.047619
471	365	0.045455
