352	9464
0	1	0.031250
0	2	0.023810
0	3	0.016393
0	4	0.025641
0	5	0.043478
0	6	0.013333
0	7	0.017544
0	8	0.027027
0	9	0.020833
0	10	0.014706
0	11	0.034483
0	12	0.022727
0	13	0.022727
0	14	0.045455
0	15	0.009901
0	16	0.008475
0	17	0.007752
0	18	0.008929
0	19	0.014085
0	20	0.011905
0	21	0.010526
0	22	0.013889
0	23	0.014286
0	25	0.015873
0	26	0.020000
0	27	0.017544
0	28	0.014493
0	29	0.013889
0	30	0.013699
0	31	0.015873
0	32	0.023810
0	33	0.026316
0	34	0.022727
0	38	0.022727
0	40	0.017544
0	41	0.017544
0	43	0.017544
0	44	0.020408
0	45	0.022727
0	46	0.017857
0	47	0.019608
0	50	0.025641
0	51	0.020408
0	54	0.025641
0	56	0.018868
0	57	0.023810
0	58	0.021739
0	59	0.025000
0	60	0.029412
0	62	0.032258
0	64	0.021277
0	67	0.029412
0	73	0.027027
0	74	0.026316
0	75	0.031250
0	78	0.030303
0	79	0.047619
0	80	0.029412
0	84	0.043478
0	86	0.038462
0	95	0.027778
0	97	0.045455
0	100	0.047619
0	105	0.043478
0	107	0.030303
0	109	0.038462
0	114	0.033333
0	123	0.043478
0	124	0.045455
0	126	0.040000
0	130	0.038462
0	131	0.047619
0	132	0.047619
0	138	0.041667
0	139	0.047619
0	142	0.058824
0	144	0.045455
0	149	0.040000
0	151	0.071429
0	158	0.041667
0	164	0.043478
0	167	0.038462
0	169	0.047619
0	171	0.052632
0	176	0.047619
0	191	0.041667
0	196	0.052632
0	197	0.050000
0	200	0.066667
0	206	0.055556
0	209	0.045455
0	213	0.062500
0	219	0.052632
0	227	0.052632
0	230	0.066667
0	233	0.055556
0	243	0.062500
0	244	0.066667
0	255	0.066667
0	268	0.066667
0	269	0.062500
0	276	0.052632
0	281	0.066667
0	286	0.071429
0	289	0.062500
0	294	0.058824
0	304	0.062500
0	305	0.066667
0	306	0.055556
0	312	0.066667
0	313	0.066667
0	315	0.071429
0	322	0.071429
0	328	0.066667
0	330	0.071429
0	332	0.066667
0	337	0.071429
0	347	0.071429
0	348	0.071429
1	0	0.008403
1	15	0.009901
1	16	0.008475
1	17	0.007752
1	18	0.008929
1	20	0.011905
1	21	0.010526
1	23	0.014286
1	24	0.010753
1	25	0.015873
1	30	0.013699
1	37	0.017857
1	39	0.019608
1	69	0.033333
1	76	0.026316
1	81	0.030303
1	97	0.045455
1	104	0.047619
1	113	0.037037
1	119	0.034483
1	129	0.045455
1	139	0.047619
1	164	0.043478
1	183	0.047619
1	214	0.045455
1	254	0.055556
1	270	0.066667
1	277	0.058824
1	309	0.062500
1	318	0.066667
1	329	0.071429
1	334	0.071429
2	0	0.008403
2	15	0.009901
2	16	0.008475
2	20	0.011905
2	24	0.010753
2	27	0.017544
2	31	0.015873
2	33	0.026316
2	35	0.012048
2	51	0.020408
2	60	0.029412
2	61	0.023256
2	66	0.022727
2	69	0.033333
2	70	0.024390
2	80	0.029412
2	84	0.043478
2	94	0.033333
2	96	0.034483
2	101	0.041667
2	105	0.043478
2	108	0.040000
2	121	0.032258
2	130	0.038462
2	131	0.047619
2	132	0.047619
2	140	0.043478
2	146	0.040000
2	155	0.055556
2	177	0.050000
2	180	0.062500
2	199	0.058824
2	214	0.045455
2	226	0.058824
2	240	0.058824
2	263	0.058824
2	277	0.058824
2	284	0.071429
2	287	0.062500
2	295	0.066667
2	331	0.066667
2	333	0.066667
3	0	0.008403
3	15	0.009901
3	16	0.008475
3	17	0.007752
3	19	0.014085
3	21	0.010526
3	22	0.013889
3	24	0.010753
3	27	0.017544
3	28	0.014493
3	32	0.023810
3	33	0.026316
3	34	0.022727
3	36	0.018519
3	40	0.017544
3	41	0.017544
3	43	0.017544
3	45	0.022727
3	49	0.017857
3	51	0.020408
3	57	0.023810
3	60	0.029412
3	62	0.032258
3	64	0.021277
3	68	0.029412
3	69	0.033333
3	73	0.027027
3	82	0.025000
3	83	0.045455
3	84	0.043478
3	89	0.058824
3	91	0.040000
3	98	0.037037
3	118	0.052632
3	127	0.047619
3	130	0.038462
3	134	0.034483
3	141	0.040000
3	149	0.040000
3	150	0.041667
3	154	0.038462
3	162	0.052632
3	167	0.038462
3	168	0.052632
3	176	0.047619
3	180	0.062500
3	195	0.055556
3	211	0.050000
3	214	0.045455
3	235	0.058824
3	243	0.062500
3	245	0.058824
3	263	0.058824
3	267	0.066667
3	286	0.071429
3	293	0.066667
3	307	0.066667
3	317	0.071429
3	318	0.066667
3	338	0.071429
3	346	0.066667
4	0	0.008403
4	15	0.009901
4	16	0.008475
4	17	0.007752
4	18	0.008929
4	19	0.014085
4	22	0.013889
4	23	0.014286
4	24	0.010753
4	26	0.020000
4	27	0.017544
4	31	0.015873
4	35	0.012048
4	37	0.017857
4	42	0.021277
4	43	0.017544
4	45	0.022727
4	47	0.019608
4	55	0.020408
4	62	0.032258
4	71	0.034483
4	90	0.030303
4	95	0.027778
4	96	0.034483
4	98	0.037037
4	99	0.034483
4	113	0.037037
4	122	0.035714
4	132	0.047619
4	135	0.050000
4	143	0.052632
4	151	0.071429
4	171	0.052632
4	185	0.041667
4	211	0.050000
4	213	0.062500
4	232	0.052632
4	245	0.058824
4	248	0.062500
5	0	0.008403
5	15	0.009901
5	18	0.008929
5	19	0.014085
5	20	0.011905
5	32	0.023810
5	44	0.020408
5	47	0.019608
5	63	0.029412
5	67	0.029412
5	100	0.047619
5	109	0.038462
5	129	0.045455
5	139	0.047619
5	195	0.055556
5	228	0.066667
5	231	0.066667
5	235	0.058824
5	248	0.062500
5	264	0.066667
5	278	0.062500
5	284	0.071429
5	346	0.066667
6	0	0.008403
6	15	0.009901
6	16	0.008475
6	18	0.008929
6	19	0.014085
6	20	0.011905
6	21	0.010526
6	23	0.014286
6	26	0.020000
6	28	0.014493
6	30	0.013699
6	31	0.015873
6	35	0.012048
6	36	0.018519
6	37	0.017857
6	38	0.022727
6	39	0.019608
6	40	0.017544
6	41	0.017544
6	45	0.022727
6	46	0.017857
6	53	0.027778
6	55	0.020408
6	57	0.023810
6	58	0.021739
6	64	0.021277
6	66	0.022727
6	68	0.029412
6	70	0.024390
6	75	0.031250
6	79	0.047619
6	80	0.029412
6	82	0.025000
6	83	0.045455
6	86	0.038462
6	87	0.030303
6	91	0.040000
6	95	0.027778
6	102	0.031250
6	104	0.047619
6	105	0.043478
6	107	0.030303
6	126	0.040000
6	133	0.035714
6	145	0.047619
6	147	0.043478
6	148	0.055556
6	149	0.040000
6	151	0.071429
6	162	0.052632
6	165	0.047619
6	168	0.052632
6	171	0.052632
6	174	0.047619
6	191	0.041667
6	201	0.045455
6	216	0.066667
6	228	0.066667
6	240	0.058824
6	241	0.052632
6	244	0.066667
6	247	0.062500
6	256	0.055556
6	264	0.066667
6	275	0.062500
6	281	0.066667
6	285	0.066667
6	294	0.058824
6	306	0.055556
6	310	0.062500
6	313	0.066667
6	320	0.071429
6	324	0.066667
6	326	0.071429
6	334	0.071429
7	0	0.008403
7	15	0.009901
7	16	0.008475
7	17	0.007752
7	18	0.008929
7	19	0.014085
7	20	0.011905
7	21	0.010526
7	22	0.013889
7	25	0.015873
7	29	0.013889
7	31	0.015873
7	32	0.023810
7	37	0.017857
7	39	0.019608
7	40	0.017544
7	44	0.020408
7	48	0.020833
7	51	0.020408
7	54	0.025641
7	56	0.018868
7	59	0.025000
7	63	0.029412
7	66	0.022727
7	71	0.034483
7	73	0.027027
7	75	0.031250
7	77	0.033333
7	85	0.026316
7	86	0.038462
7	93	0.027778
7	98	0.037037
7	100	0.047619
7	126	0.040000
7	157	0.066667
7	159	0.041667
7	164	0.043478
7	165	0.047619
7	169	0.047619
7	173	0.050000
7	190	0.052632
7	192	0.066667
7	199	0.058824
7	201	0.045455
7	203	0.062500
7	211	0.050000
7	220	0.062500
7	222	0.052632
7	227	0.052632
7	239	0.055556
7	250	0.071429
7	283	0.066667
7	294	0.058824
7	304	0.062500
7	316	0.071429
7	348	0.071429
7	349	0.071429
8	0	0.008403
8	15	0.009901
8	16	0.008475
8	17	0.007752
8	18	0.008929
8	19	0.014085
8	20	0.011905
8	23	0.014286
8	27	0.017544
8	36	0.018519
8	37	0.017857
8	43	0.017544
8	46	0.017857
8	55	0.020408
8	58	0.021739
8	68	0.029412
8	78	0.030303
8	91	0.040000
8	98	0.037037
8	155	0.055556
8	167	0.038462
8	180	0.062500
8	186	0.043478
8	226	0.058824
8	234	0.062500
8	240	0.058824
8	241	0.052632
8	245	0.058824
8	257	0.055556
8	259	0.055556
8	267	0.066667
8	268	0.066667
8	300	0.066667
8	304	0.062500
8	313	0.066667
8	340	0.066667
8	346	0.066667
9	0	0.008403
9	15	0.009901
9	16	0.008475
9	17	0.007752
9	18	0.008929
9	19	0.014085
9	21	0.010526
9	22	0.013889
9	23	0.014286
9	25	0.015873
9	26	0.020000
9	27	0.017544
9	32	0.023810
9	34	0.022727
9	45	0.022727
9	53	0.027778
9	57	0.023810
9	60	0.029412
9	71	0.034483
9	72	0.033333
9	79	0.047619
9	97	0.045455
9	100	0.047619
9	109	0.038462
9	120	0.045455
9	123	0.043478
9	130	0.038462
9	150	0.041667
9	155	0.055556
9	177	0.050000
9	186	0.043478
9	188	0.052632
9	192	0.066667
9	195	0.055556
9	197	0.050000
9	202	0.062500
9	209	0.045455
9	215	0.052632
9	226	0.058824
9	234	0.062500
9	236	0.047619
9	252	0.055556
9	284	0.071429
9	290	0.066667
9	295	0.066667
9	307	0.066667
9	308	0.066667
9	343	0.071429
10	0	0.008403
10	15	0.009901
10	16	0.008475
10	17	0.007752
10	18	0.008929
10	20	0.011905
10	21	0.010526
10	22	0.013889
10	23	0.014286
10	24	0.010753
10	28	0.014493
10	30	0.013699
10	31	0.015873
10	32	0.023810
10	33	0.026316
10	35	0.012048
10	36	0.018519
10	38	0.022727
10	39	0.019608
10	40	0.017544
10	42	0.021277
10	46	0.017857
10	47	0.019608
10	53	0.027778
10	54	0.025641
10	62	0.032258
10	63	0.029412
10	64	0.021277
10	65	0.026316
10	70	0.024390
10	77	0.033333
10	81	0.030303
10	82	0.025000
10	91	0.040000
10	93	0.027778
10	96	0.034483
10	100	0.047619
10	103	0.050000
10	106	0.037037
10	113	0.037037
10	114	0.033333
10	129	0.045455
10	137	0.045455
10	140	0.043478
10	143	0.052632
10	147	0.043478
10	155	0.055556
10	166	0.047619
10	167	0.038462
10	201	0.045455
10	203	0.062500
10	204	0.055556
10	206	0.055556
10	215	0.052632
10	219	0.052632
10	224	0.055556
10	228	0.066667
10	237	0.062500
10	246	0.058824
10	251	0.062500
10	254	0.055556
10	270	0.066667
10	285	0.066667
10	305	0.066667
10	306	0.055556
10	322	0.071429
10	325	0.066667
10	344	0.071429
11	0	0.008403
11	15	0.009901
11	16	0.008475
11	17	0.007752
11	22	0.013889
11	24	0.010753
11	27	0.017544
11	28	0.014493
11	37	0.017857
11	68	0.029412
11	69	0.033333
11	74	0.026316
11	83	0.045455
11	89	0.058824
11	97	0.045455
11	108	0.040000
11	115	0.043478
11	128	0.041667
11	133	0.035714
11	147	0.043478
11	148	0.055556
11	160	0.045455
11	193	0.058824
11	217	0.066667
11	244	0.066667
11	250	0.071429
11	255	0.066667
11	324	0.066667
11	342	0.071429
12	0	0.008403
12	15	0.009901
12	16	0.008475
12	17	0.007752
12	18	0.008929
12	19	0.014085
12	21	0.010526
12	22	0.013889
12	25	0.015873
12	27	0.017544
12	28	0.014493
12	29	0.013889
12	33	0.026316
12	34	0.022727
12	40	0.017544
12	41	0.017544
12	44	0.020408
12	47	0.019608
12	49	0.017857
12	57	0.023810
12	62	0.032258
12	64	0.021277
12	68	0.029412
12	78	0.030303
12	88	0.034483
12	89	0.058824
12	91	0.040000
12	94	0.033333
12	118	0.052632
12	121	0.032258
12	133	0.035714
12	142	0.058824
12	147	0.043478
12	149	0.040000
12	151	0.071429
12	152	0.037037
12	180	0.062500
12	221	0.050000
12	226	0.058824
12	243	0.062500
12	261	0.062500
12	262	0.062500
12	269	0.062500
12	346	0.066667
13	0	0.008403
13	15	0.009901
13	16	0.008475
13	17	0.007752
13	18	0.008929
13	19	0.014085
13	20	0.011905
13	23	0.014286
13	24	0.010753
13	25	0.015873
13	26	0.020000
13	27	0.017544
13	29	0.013889
13	31	0.015873
13	35	0.012048
13	36	0.018519
13	50	0.025641
13	59	0.025000
13	61	0.023256
13	62	0.032258
13	68	0.029412
13	70	0.024390
13	95	0.027778
13	116	0.047619
13	135	0.050000
13	149	0.040000
13	159	0.041667
13	167	0.038462
13	180	0.062500
13	205	0.052632
13	208	0.052632
13	215	0.052632
13	217	0.066667
13	220	0.062500
13	221	0.050000
13	225	0.055556
13	226	0.058824
13	247	0.062500
13	257	0.055556
13	273	0.066667
13	288	0.071429
13	335	0.071429
13	348	0.071429
13	351	0.071429
14	0	0.008403
14	17	0.007752
14	34	0.022727
14	40	0.017544
14	44	0.020408
14	52	0.023810
14	60	0.029412
14	73	0.027027
14	77	0.033333
14	93	0.027778
14	128	0.041667
14	134	0.034483
14	137	0.045455
14	144	0.045455
14	172	0.047619
14	194	0.058824
14	203	0.062500
14	220	0.062500
14	256	0.055556
14	280	0.062500
14	337	0.071429
14	351	0.071429
15	0	0.008403
15	1	0.031250
15	2	0.023810
15	3	0.016393
15	4	0.025641
15	5	0.043478
15	6	0.013333
15	7	0.017544
15	8	0.027027
15	9	0.020833
15	10	0.014706
15	11	0.034483
15	12	0.022727
15	13	0.022727
15	16	0.008475
15	17	0.007752
15	18	0.008929
15	19	0.014085
15	20	0.011905
15	21	0.010526
15	22	0.013889
15	23	0.014286
15	24	0.010753
15	25	0.015873
15	30	0.013699
15	31	0.015873
15	32	0.023810
15	33	0.026316
15	34	0.022727
15	35	0.012048
15	37	0.017857
15	38	0.022727
15	39	0.019608
15	40	0.017544
15	42	0.021277
15	43	0.017544
15	44	0.020408
15	46	0.017857
15	47	0.019608
15	49	0.017857
15	50	0.025641
15	51	0.020408
15	52	0.023810
15	53	0.027778
15	59	0.025000
15	62	0.032258
15	64	0.021277
15	65	0.026316
15	66	0.022727
15	67	0.029412
15	69	0.033333
15	80	0.029412
15	82	0.025000
15	83	0.045455
15	84	0.043478
15	89	0.058824
15	90	0.030303
15	92	0.028571
15	100	0.047619
15	102	0.031250
15	105	0.043478
15	109	0.038462
15	113	0.037037
15	118	0.052632
15	120	0.045455
15	123	0.043478
15	125	0.031250
15	126	0.040000
15	129	0.045455
15	138	0.041667
15	148	0.055556
15	149	0.040000
15	150	0.041667
15	163	0.047619
15	168	0.052632
15	175	0.058824
15	179	0.050000
15	188	0.052632
15	192	0.066667
15	193	0.058824
15	196	0.052632
15	198	0.052632
15	202	0.062500
15	205	0.052632
15	208	0.052632
15	214	0.045455
15	219	0.052632
15	230	0.066667
15	244	0.066667
15	245	0.058824
15	260	0.058824
15	268	0.066667
15	269	0.062500
15	281	0.066667
15	297	0.066667
15	300	0.066667
15	309	0.062500
15	330	0.071429
15	332	0.066667
15	334	0.071429
15	338	0.071429
16	0	0.008403
16	1	0.031250
16	2	0.023810
16	3	0.016393
16	4	0.025641
16	6	0.013333
16	7	0.017544
16	8	0.027027
16	9	0.020833
16	10	0.014706
16	11	0.034483
16	12	0.022727
16	13	0.022727
16	15	0.009901
16	17	0.007752
16	18	0.008929
16	19	0.014085
16	20	0.011905
16	21	0.010526
16	22	0.013889
16	23	0.014286
16	24	0.010753
16	25	0.015873
16	26	0.020000
16	27	0.017544
16	28	0.014493
16	29	0.013889
16	30	0.013699
16	31	0.015873
16	32	0.023810
16	33	0.026316
16	35	0.012048
16	36	0.018519
16	37	0.017857
16	39	0.019608
16	41	0.017544
16	42	0.021277
16	45	0.022727
16	47	0.019608
16	48	0.020833
16	50	0.025641
16	51	0.020408
16	52	0.023810
16	54	0.025641
16	55	0.020408
16	56	0.018868
16	58	0.021739
16	64	0.021277
16	68	0.029412
16	69	0.033333
16	72	0.033333
16	73	0.027027
16	74	0.026316
16	78	0.030303
16	85	0.026316
16	89	0.058824
16	93	0.027778
16	102	0.031250
16	104	0.047619
16	105	0.043478
16	106	0.037037
16	107	0.030303
16	111	0.028571
16	113	0.037037
16	114	0.033333
16	117	0.041667
16	118	0.052632
16	121	0.032258
16	123	0.043478
16	127	0.047619
16	134	0.034483
16	142	0.058824
16	144	0.045455
16	152	0.037037
16	156	0.062500
16	157	0.066667
16	159	0.041667
16	160	0.045455
16	172	0.047619
16	173	0.050000
16	174	0.047619
16	176	0.047619
16	178	0.043478
16	179	0.050000
16	182	0.058824
16	189	0.066667
16	199	0.058824
16	201	0.045455
16	204	0.055556
16	205	0.052632
16	208	0.052632
16	210	0.062500
16	212	0.052632
16	213	0.062500
16	228	0.066667
16	229	0.052632
16	231	0.066667
16	236	0.047619
16	238	0.062500
16	244	0.066667
16	246	0.058824
16	250	0.071429
16	251	0.062500
16	255	0.066667
16	261	0.062500
16	269	0.062500
16	271	0.058824
16	274	0.066667
16	285	0.066667
16	286	0.071429
16	287	0.062500
16	288	0.071429
16	301	0.055556
16	305	0.066667
16	312	0.066667
16	321	0.071429
16	322	0.071429
16	336	0.071429
17	0	0.008403
17	1	0.031250
17	3	0.016393
17	4	0.025641
17	7	0.017544
17	8	0.027027
17	9	0.020833
17	10	0.014706
17	11	0.034483
17	12	0.022727
17	13	0.022727
17	14	0.045455
17	15	0.009901
17	16	0.008475
17	18	0.008929
17	19	0.014085
17	20	0.011905
17	21	0.010526
17	23	0.014286
17	24	0.010753
17	25	0.015873
17	26	0.020000
17	27	0.017544
17	28	0.014493
17	29	0.013889
17	30	0.013699
17	33	0.026316
17	34	0.022727
17	35	0.012048
17	37	0.017857
17	38	0.022727
17	39	0.019608
17	40	0.017544
17	41	0.017544
17	42	0.021277
17	43	0.017544
17	44	0.020408
17	45	0.022727
17	46	0.017857
17	47	0.019608
17	48	0.020833
17	50	0.025641
17	52	0.023810
17	53	0.027778
17	54	0.025641
17	58	0.021739
17	59	0.025000
17	63	0.029412
17	66	0.022727
17	67	0.029412
17	73	0.027027
17	75	0.031250
17	78	0.030303
17	83	0.045455
17	86	0.038462
17	88	0.034483
17	89	0.058824
17	90	0.030303
17	92	0.028571
17	94	0.033333
17	99	0.034483
17	101	0.041667
17	103	0.050000
17	107	0.030303
17	119	0.034483
17	121	0.032258
17	122	0.035714
17	123	0.043478
17	124	0.045455
17	126	0.040000
17	127	0.047619
17	132	0.047619
17	133	0.035714
17	136	0.058824
17	139	0.047619
17	149	0.040000
17	151	0.071429
17	152	0.037037
17	153	0.045455
17	156	0.062500
17	157	0.066667
17	159	0.041667
17	161	0.045455
17	166	0.047619
17	169	0.047619
17	170	0.043478
17	175	0.058824
17	177	0.050000
17	178	0.043478
17	179	0.050000
17	187	0.052632
17	192	0.066667
17	202	0.062500
17	210	0.062500
17	214	0.045455
17	215	0.052632
17	222	0.052632
17	227	0.052632
17	232	0.052632
17	233	0.055556
17	240	0.058824
17	243	0.062500
17	245	0.058824
17	247	0.062500
17	252	0.055556
17	253	0.055556
17	254	0.055556
17	256	0.055556
17	260	0.058824
17	262	0.062500
17	263	0.058824
17	266	0.062500
17	268	0.066667
17	277	0.058824
17	278	0.062500
17	281	0.066667
17	282	0.062500
17	286	0.071429
17	309	0.062500
17	318	0.066667
17	321	0.071429
17	326	0.071429
17	330	0.071429
17	332	0.066667
17	333	0.066667
17	339	0.066667
17	345	0.071429
17	348	0.071429
17	349	0.071429
18	0	0.008403
18	1	0.031250
18	4	0.025641
18	5	0.043478
18	6	0.013333
18	7	0.017544
18	8	0.027027
18	9	0.020833
18	10	0.014706
18	12	0.022727
18	13	0.022727
18	15	0.009901
18	16	0.008475
18	17	0.007752
18	19	0.014085
18	20	0.011905
18	21	0.010526
18	22	0.013889
18	23	0.014286
18	24	0.010753
18	25	0.015873
18	26	0.020000
18	28	0.014493
18	29	0.013889
18	30	0.013699
18	31	0.015873
18	34	0.022727
18	35	0.012048
18	36	0.018519
18	37	0.017857
18	38	0.022727
18	39	0.019608
18	41	0.017544
18	43	0.017544
18	45	0.022727
18	49	0.017857
18	50	0.025641
18	56	0.018868
18	58	0.021739
18	63	0.029412
18	65	0.026316
18	66	0.022727
18	69	0.033333
18	76	0.026316
18	86	0.038462
18	90	0.030303
18	92	0.028571
18	95	0.027778
18	96	0.034483
18	100	0.047619
18	103	0.050000
18	104	0.047619
18	108	0.040000
18	112	0.041667
18	114	0.033333
18	117	0.041667
18	118	0.052632
18	122	0.035714
18	124	0.045455
18	125	0.031250
18	131	0.047619
18	132	0.047619
18	133	0.035714
18	134	0.034483
18	135	0.050000
18	136	0.058824
18	138	0.041667
18	139	0.047619
18	148	0.055556
18	154	0.038462
18	156	0.062500
18	161	0.045455
18	167	0.038462
18	170	0.043478
18	183	0.047619
18	187	0.052632
18	189	0.066667
18	193	0.058824
18	198	0.052632
18	203	0.062500
18	207	0.041667
18	210	0.062500
18	211	0.050000
18	212	0.052632
18	221	0.050000
18	223	0.055556
18	230	0.066667
18	234	0.062500
18	236	0.047619
18	238	0.062500
18	240	0.058824
18	241	0.052632
18	245	0.058824
18	249	0.050000
18	250	0.071429
18	252	0.055556
18	254	0.055556
18	255	0.066667
18	261	0.062500
18	272	0.058824
18	276	0.052632
18	278	0.062500
18	279	0.062500
18	284	0.071429
18	286	0.071429
18	299	0.071429
18	314	0.062500
18	318	0.066667
18	335	0.071429
18	336	0.071429
18	339	0.066667
18	345	0.071429
19	0	0.008403
19	3	0.016393
19	4	0.025641
19	5	0.043478
19	6	0.013333
19	7	0.017544
19	8	0.027027
19	9	0.020833
19	12	0.022727
19	13	0.022727
19	15	0.009901
19	16	0.008475
19	17	0.007752
19	18	0.008929
19	20	0.011905
19	21	0.010526
19	22	0.013889
19	25	0.015873
19	26	0.020000
19	27	0.017544
19	28	0.014493
19	29	0.013889
19	30	0.013699
19	31	0.015873
19	33	0.026316
19	34	0.022727
19	36	0.018519
19	38	0.022727
19	39	0.019608
19	40	0.017544
19	41	0.017544
19	42	0.021277
19	46	0.017857
19	47	0.019608
19	48	0.020833
19	55	0.020408
19	62	0.032258
19	64	0.021277
19	68	0.029412
19	76	0.026316
19	78	0.030303
19	79	0.047619
19	81	0.030303
19	88	0.034483
19	90	0.030303
19	96	0.034483
19	103	0.050000
19	104	0.047619
19	121	0.032258
19	127	0.047619
19	131	0.047619
19	133	0.035714
19	134	0.034483
19	141	0.040000
19	160	0.045455
19	169	0.047619
19	186	0.043478
19	193	0.058824
19	202	0.062500
19	203	0.062500
19	212	0.052632
19	219	0.052632
19	224	0.055556
19	246	0.058824
19	258	0.052632
19	265	0.066667
19	273	0.066667
19	275	0.062500
19	280	0.062500
19	306	0.055556
19	325	0.066667
20	0	0.008403
20	1	0.031250
20	2	0.023810
20	5	0.043478
20	6	0.013333
20	7	0.017544
20	8	0.027027
20	10	0.014706
20	13	0.022727
20	15	0.009901
20	16	0.008475
20	17	0.007752
20	18	0.008929
20	19	0.014085
20	21	0.010526
20	22	0.013889
20	23	0.014286
20	24	0.010753
20	25	0.015873
20	26	0.020000
20	35	0.012048
20	36	0.018519
20	38	0.022727
20	42	0.021277
20	43	0.017544
20	45	0.022727
20	46	0.017857
20	51	0.020408
20	52	0.023810
20	55	0.020408
20	57	0.023810
20	58	0.021739
20	59	0.025000
20	61	0.023256
20	62	0.032258
20	69	0.033333
20	72	0.033333
20	75	0.031250
20	76	0.026316
20	79	0.047619
20	87	0.030303
20	89	0.058824
20	93	0.027778
20	97	0.045455
20	101	0.041667
20	110	0.045455
20	112	0.041667
20	116	0.047619
20	126	0.040000
20	137	0.045455
20	139	0.047619
20	140	0.043478
20	141	0.040000
20	142	0.058824
20	145	0.047619
20	147	0.043478
20	151	0.071429
20	160	0.045455
20	173	0.050000
20	190	0.052632
20	195	0.055556
20	204	0.055556
20	207	0.041667
20	208	0.052632
20	212	0.052632
20	218	0.050000
20	220	0.062500
20	225	0.055556
20	229	0.052632
20	235	0.058824
20	246	0.058824
20	263	0.058824
20	266	0.062500
20	269	0.062500
20	270	0.066667
20	272	0.058824
20	281	0.066667
20	290	0.066667
20	291	0.066667
20	322	0.071429
20	333	0.066667
20	339	0.066667
20	341	0.071429
20	343	0.071429
21	0	0.008403
21	1	0.031250
21	3	0.016393
21	6	0.013333
21	7	0.017544
21	9	0.020833
21	10	0.014706
21	12	0.022727
21	15	0.009901
21	16	0.008475
21	17	0.007752
21	18	0.008929
21	19	0.014085
21	20	0.011905
21	22	0.013889
21	23	0.014286
21	24	0.010753
21	26	0.020000
21	27	0.017544
21	28	0.014493
21	29	0.013889
21	30	0.013699
21	31	0.015873
21	40	0.017544
21	43	0.017544
21	44	0.020408
21	46	0.017857
21	47	0.019608
21	50	0.025641
21	52	0.023810
21	55	0.020408
21	59	0.025000
21	65	0.026316
21	67	0.029412
21	70	0.024390
21	72	0.033333
21	79	0.047619
21	82	0.025000
21	84	0.043478
21	85	0.026316
21	87	0.030303
21	88	0.034483
21	94	0.033333
21	98	0.037037
21	99	0.034483
21	100	0.047619
21	105	0.043478
21	107	0.030303
21	108	0.040000
21	112	0.041667
21	125	0.031250
21	129	0.045455
21	132	0.047619
21	141	0.040000
21	142	0.058824
21	148	0.055556
21	150	0.041667
21	153	0.045455
21	159	0.041667
21	161	0.045455
21	164	0.043478
21	166	0.047619
21	176	0.047619
21	179	0.050000
21	181	0.052632
21	183	0.047619
21	186	0.043478
21	199	0.058824
21	204	0.055556
21	206	0.055556
21	209	0.045455
21	210	0.062500
21	217	0.066667
21	225	0.055556
21	235	0.058824
21	240	0.058824
21	254	0.055556
21	255	0.066667
21	267	0.066667
21	269	0.062500
21	272	0.058824
21	278	0.062500
21	281	0.066667
21	283	0.066667
21	286	0.071429
21	295	0.066667
21	302	0.066667
21	303	0.062500
21	304	0.062500
21	312	0.066667
21	327	0.066667
21	338	0.071429
21	344	0.071429
21	346	0.066667
21	349	0.071429
22	0	0.008403
22	3	0.016393
22	4	0.025641
22	7	0.017544
22	9	0.020833
22	10	0.014706
22	11	0.034483
22	12	0.022727
22	15	0.009901
22	16	0.008475
22	18	0.008929
22	19	0.014085
22	20	0.011905
22	21	0.010526
22	24	0.010753
22	25	0.015873
22	26	0.020000
22	28	0.014493
22	30	0.013699
22	32	0.023810
22	33	0.026316
22	38	0.022727
22	44	0.020408
22	46	0.017857
22	48	0.020833
22	49	0.017857
22	50	0.025641
22	51	0.020408
22	55	0.020408
22	56	0.018868
22	60	0.029412
22	63	0.029412
22	65	0.026316
22	70	0.024390
22	73	0.027027
22	74	0.026316
22	75	0.031250
22	78	0.030303
22	86	0.038462
22	88	0.034483
22	93	0.027778
22	95	0.027778
22	96	0.034483
22	98	0.037037
22	99	0.034483
22	103	0.050000
22	117	0.041667
22	128	0.041667
22	129	0.045455
22	137	0.045455
22	141	0.040000
22	144	0.045455
22	145	0.047619
22	156	0.062500
22	196	0.052632
22	225	0.055556
22	226	0.058824
22	235	0.058824
22	236	0.047619
22	237	0.062500
22	254	0.055556
22	274	0.066667
22	277	0.058824
22	285	0.066667
22	299	0.071429
22	301	0.055556
22	303	0.062500
22	315	0.071429
22	319	0.071429
22	336	0.071429
22	342	0.071429
22	350	0.071429
23	0	0.008403
23	1	0.031250
23	4	0.025641
23	6	0.013333
23	8	0.027027
23	9	0.020833
23	10	0.014706
23	13	0.022727
23	15	0.009901
23	16	0.008475
23	17	0.007752
23	18	0.008929
23	20	0.011905
23	21	0.010526
23	26	0.020000
23	28	0.014493
23	29	0.013889
23	32	0.023810
23	33	0.026316
23	34	0.022727
23	36	0.018519
23	38	0.022727
23	48	0.020833
23	49	0.017857
23	57	0.023810
23	63	0.029412
23	71	0.034483
23	72	0.033333
23	80	0.029412
23	92	0.028571
23	98	0.037037
23	101	0.041667
23	105	0.043478
23	111	0.028571
23	113	0.037037
23	120	0.045455
23	134	0.034483
23	136	0.058824
23	143	0.052632
23	144	0.045455
23	145	0.047619
23	177	0.050000
23	179	0.050000
23	183	0.047619
23	185	0.041667
23	189	0.066667
23	191	0.041667
23	196	0.052632
23	200	0.066667
23	204	0.055556
23	211	0.050000
23	214	0.045455
23	221	0.050000
23	223	0.055556
23	246	0.058824
23	256	0.055556
23	262	0.062500
23	265	0.066667
23	274	0.066667
23	279	0.062500
23	283	0.066667
23	290	0.066667
23	295	0.066667
23	300	0.066667
23	301	0.055556
23	307	0.066667
23	314	0.062500
23	334	0.071429
23	343	0.071429
23	350	0.071429
24	1	0.031250
24	2	0.023810
24	3	0.016393
24	4	0.025641
24	10	0.014706
24	11	0.034483
24	13	0.022727
24	15	0.009901
24	16	0.008475
24	17	0.007752
24	18	0.008929
24	20	0.011905
24	21	0.010526
24	22	0.013889
24	25	0.015873
24	26	0.020000
24	28	0.014493
24	29	0.013889
24	30	0.013699
24	31	0.015873
24	32	0.023810
24	33	0.026316
24	34	0.022727
24	35	0.012048
24	37	0.017857
24	38	0.022727
24	39	0.019608
24	40	0.017544
24	41	0.017544
24	42	0.021277
24	50	0.025641
24	52	0.023810
24	53	0.027778
24	54	0.025641
24	57	0.023810
24	60	0.029412
24	61	0.023256
24	63	0.029412
24	64	0.021277
24	66	0.022727
24	73	0.027027
24	74	0.026316
24	78	0.030303
24	80	0.029412
24	83	0.045455
24	87	0.030303
24	90	0.030303
24	93	0.027778
24	95	0.027778
24	99	0.034483
24	105	0.043478
24	108	0.040000
24	112	0.041667
24	117	0.041667
24	118	0.052632
24	120	0.045455
24	125	0.031250
24	134	0.034483
24	140	0.043478
24	146	0.040000
24	148	0.055556
24	152	0.037037
24	158	0.041667
24	173	0.050000
24	174	0.047619
24	180	0.062500
24	183	0.047619
24	185	0.041667
24	187	0.052632
24	196	0.052632
24	198	0.052632
24	202	0.062500
24	205	0.052632
24	207	0.041667
24	216	0.066667
24	230	0.066667
24	231	0.066667
24	234	0.062500
24	242	0.050000
24	249	0.050000
24	257	0.055556
24	262	0.062500
24	271	0.058824
24	285	0.066667
24	288	0.071429
24	293	0.066667
24	295	0.066667
24	301	0.055556
24	314	0.062500
24	317	0.071429
24	320	0.071429
24	331	0.066667
24	348	0.071429
25	0	0.008403
25	1	0.031250
25	7	0.017544
25	9	0.020833
25	12	0.022727
25	13	0.022727
25	15	0.009901
25	16	0.008475
25	17	0.007752
25	18	0.008929
25	19	0.014085
25	20	0.011905
25	22	0.013889
25	24	0.010753
25	27	0.017544
25	29	0.013889
25	32	0.023810
25	38	0.022727
25	39	0.019608
25	43	0.017544
25	48	0.020833
25	56	0.018868
25	58	0.021739
25	63	0.029412
25	71	0.034483
25	72	0.033333
25	76	0.026316
25	82	0.025000
25	84	0.043478
25	85	0.026316
25	93	0.027778
25	97	0.045455
25	101	0.041667
25	102	0.031250
25	107	0.030303
25	114	0.033333
25	123	0.043478
25	130	0.038462
25	132	0.047619
25	140	0.043478
25	160	0.045455
25	164	0.043478
25	166	0.047619
25	174	0.047619
25	181	0.052632
25	183	0.047619
25	193	0.058824
25	194	0.058824
25	212	0.052632
25	219	0.052632
25	226	0.058824
25	253	0.055556
25	256	0.055556
25	257	0.055556
25	258	0.052632
25	266	0.062500
25	279	0.062500
25	284	0.071429
25	310	0.062500
25	316	0.071429
25	324	0.066667
25	330	0.071429
25	347	0.071429
26	0	0.008403
26	4	0.025641
26	6	0.013333
26	9	0.020833
26	13	0.022727
26	16	0.008475
26	17	0.007752
26	18	0.008929
26	19	0.014085
26	20	0.011905
26	21	0.010526
26	22	0.013889
26	23	0.014286
26	24	0.010753
26	31	0.015873
26	32	0.023810
26	33	0.026316
26	37	0.017857
26	42	0.021277
26	44	0.020408
26	56	0.018868
26	61	0.023256
26	72	0.033333
26	75	0.031250
26	87	0.030303
26	94	0.033333
26	113	0.037037
26	128	0.041667
26	145	0.047619
26	157	0.066667
26	163	0.047619
26	165	0.047619
26	170	0.043478
26	178	0.043478
26	190	0.052632
26	202	0.062500
26	204	0.055556
26	224	0.055556
26	233	0.055556
26	234	0.062500
26	239	0.055556
26	252	0.055556
26	253	0.055556
26	260	0.058824
26	265	0.066667
26	266	0.062500
26	274	0.066667
26	330	0.071429
26	331	0.066667
26	336	0.071429
27	0	0.008403
27	2	0.023810
27	3	0.016393
27	4	0.025641
27	8	0.027027
27	9	0.020833
27	11	0.034483
27	12	0.022727
27	13	0.022727
27	16	0.008475
27	17	0.007752
27	19	0.014085
27	21	0.010526
27	25	0.015873
27	29	0.013889
27	30	0.013699
27	33	0.026316
27	34	0.022727
27	35	0.012048
27	36	0.018519
27	39	0.019608
27	42	0.021277
27	47	0.019608
27	49	0.017857
27	50	0.025641
27	52	0.023810
27	53	0.027778
27	55	0.020408
27	67	0.029412
27	76	0.026316
27	78	0.030303
27	79	0.047619
27	80	0.029412
27	82	0.025000
27	92	0.028571
27	103	0.050000
27	114	0.033333
27	118	0.052632
27	119	0.034483
27	121	0.032258
27	122	0.035714
27	136	0.058824
27	137	0.045455
27	145	0.047619
27	158	0.041667
27	162	0.052632
27	166	0.047619
27	168	0.052632
27	173	0.050000
27	199	0.058824
27	221	0.050000
27	252	0.055556
27	258	0.052632
27	261	0.062500
27	270	0.066667
27	283	0.066667
27	310	0.062500
28	0	0.008403
28	3	0.016393
28	6	0.013333
28	10	0.014706
28	11	0.034483
28	12	0.022727
28	16	0.008475
28	17	0.007752
28	18	0.008929
28	19	0.014085
28	21	0.010526
28	22	0.013889
28	23	0.014286
28	24	0.010753
28	29	0.013889
28	30	0.013699
28	32	0.023810
28	35	0.012048
28	38	0.022727
28	39	0.019608
28	40	0.017544
28	45	0.022727
28	49	0.017857
28	50	0.025641
28	51	0.020408
28	52	0.023810
28	54	0.025641
28	60	0.029412
28	70	0.024390
28	74	0.026316
28	77	0.033333
28	79	0.047619
28	81	0.030303
28	94	0.033333
28	102	0.031250
28	104	0.047619
28	109	0.038462
28	119	0.034483
28	120	0.045455
28	133	0.035714
28	134	0.034483
28	141	0.040000
28	146	0.040000
28	150	0.041667
28	153	0.045455
28	154	0.038462
28	165	0.047619
28	173	0.050000
28	181	0.052632
28	201	0.045455
28	211	0.050000
28	216	0.066667
28	221	0.050000
28	245	0.058824
28	251	0.062500
28	259	0.055556
28	267	0.066667
28	271	0.058824
28	275	0.062500
28	276	0.052632
28	289	0.062500
28	301	0.055556
28	312	0.066667
28	313	0.066667
28	319	0.071429
28	325	0.066667
28	327	0.066667
28	341	0.071429
28	345	0.071429
29	0	0.008403
29	7	0.017544
29	12	0.022727
29	13	0.022727
29	16	0.008475
29	17	0.007752
29	18	0.008929
29	19	0.014085
29	21	0.010526
29	23	0.014286
29	24	0.010753
29	25	0.015873
29	27	0.017544
29	28	0.014493
29	39	0.019608
29	45	0.022727
29	46	0.017857
29	47	0.019608
29	48	0.020833
29	49	0.017857
29	51	0.020408
29	52	0.023810
29	53	0.027778
29	62	0.032258
29	65	0.026316
29	67	0.029412
29	68	0.029412
29	72	0.033333
29	81	0.030303
29	82	0.025000
29	99	0.034483
29	105	0.043478
29	109	0.038462
29	110	0.045455
29	111	0.028571
29	115	0.043478
29	117	0.041667
29	120	0.045455
29	122	0.035714
29	125	0.031250
29	128	0.041667
29	133	0.035714
29	135	0.050000
29	136	0.058824
29	138	0.041667
29	141	0.040000
29	143	0.052632
29	157	0.066667
29	167	0.038462
29	177	0.050000
29	187	0.052632
29	196	0.052632
29	203	0.062500
29	205	0.052632
29	208	0.052632
29	209	0.045455
29	221	0.050000
29	229	0.052632
29	246	0.058824
29	250	0.071429
29	256	0.055556
29	270	0.066667
29	281	0.066667
29	284	0.071429
29	286	0.071429
29	288	0.071429
29	297	0.066667
29	308	0.066667
29	313	0.066667
29	327	0.066667
29	343	0.071429
29	351	0.071429
30	0	0.008403
30	1	0.031250
30	6	0.013333
30	10	0.014706
30	15	0.009901
30	16	0.008475
30	17	0.007752
30	18	0.008929
30	19	0.014085
30	21	0.010526
30	22	0.013889
30	24	0.010753
30	27	0.017544
30	28	0.014493
30	34	0.022727
30	36	0.018519
30	41	0.017544
30	48	0.020833
30	52	0.023810
30	53	0.027778
30	56	0.018868
30	60	0.029412
30	61	0.023256
30	66	0.022727
30	67	0.029412
30	72	0.033333
30	76	0.026316
30	77	0.033333
30	84	0.043478
30	87	0.030303
30	88	0.034483
30	90	0.030303
30	92	0.028571
30	93	0.027778
30	94	0.033333
30	95	0.027778
30	96	0.034483
30	100	0.047619
30	106	0.037037
30	110	0.045455
30	115	0.043478
30	121	0.032258
30	124	0.045455
30	142	0.058824
30	143	0.052632
30	148	0.055556
30	151	0.071429
30	153	0.045455
30	155	0.055556
30	162	0.052632
30	171	0.052632
30	174	0.047619
30	183	0.047619
30	195	0.055556
30	206	0.055556
30	207	0.041667
30	212	0.052632
30	218	0.050000
30	230	0.066667
30	231	0.066667
30	238	0.062500
30	240	0.058824
30	243	0.062500
30	270	0.066667
30	298	0.066667
30	301	0.055556
30	304	0.062500
30	307	0.066667
30	310	0.062500
30	314	0.062500
30	340	0.066667
30	342	0.071429
30	345	0.071429
31	0	0.008403
31	2	0.023810
31	4	0.025641
31	6	0.013333
31	7	0.017544
31	10	0.014706
31	13	0.022727
31	15	0.009901
31	16	0.008475
31	18	0.008929
31	19	0.014085
31	21	0.010526
31	24	0.010753
31	26	0.020000
31	34	0.022727
31	41	0.017544
31	42	0.021277
31	52	0.023810
31	54	0.025641
31	55	0.020408
31	58	0.021739
31	65	0.026316
31	66	0.022727
31	69	0.033333
31	83	0.045455
31	88	0.034483
31	90	0.030303
31	91	0.040000
31	96	0.034483
31	109	0.038462
31	111	0.028571
31	117	0.041667
31	122	0.035714
31	123	0.043478
31	141	0.040000
31	156	0.062500
31	159	0.041667
31	160	0.045455
31	166	0.047619
31	175	0.058824
31	199	0.058824
31	204	0.055556
31	209	0.045455
31	217	0.066667
31	219	0.052632
31	228	0.066667
31	230	0.066667
31	233	0.055556
31	243	0.062500
31	251	0.062500
31	255	0.066667
31	256	0.055556
31	262	0.062500
31	267	0.066667
31	271	0.058824
31	287	0.062500
31	297	0.066667
31	305	0.066667
31	312	0.066667
31	313	0.066667
31	318	0.066667
31	323	0.066667
31	324	0.066667
32	0	0.008403
32	3	0.016393
32	5	0.043478
32	7	0.017544
32	9	0.020833
32	10	0.014706
32	15	0.009901
32	16	0.008475
32	22	0.013889
32	23	0.014286
32	24	0.010753
32	25	0.015873
32	26	0.020000
32	28	0.014493
32	35	0.012048
32	36	0.018519
32	42	0.021277
32	44	0.020408
32	48	0.020833
32	59	0.025000
32	61	0.023256
32	76	0.026316
32	124	0.045455
32	139	0.047619
32	141	0.040000
32	156	0.062500
32	164	0.043478
32	168	0.052632
32	198	0.052632
32	200	0.066667
32	212	0.052632
32	213	0.062500
32	223	0.055556
32	224	0.055556
32	230	0.066667
32	237	0.062500
32	263	0.058824
32	264	0.066667
32	296	0.055556
32	311	0.066667
32	336	0.071429
32	344	0.071429
33	0	0.008403
33	2	0.023810
33	3	0.016393
33	10	0.014706
33	12	0.022727
33	15	0.009901
33	16	0.008475
33	17	0.007752
33	19	0.014085
33	22	0.013889
33	23	0.014286
33	24	0.010753
33	26	0.020000
33	27	0.017544
33	43	0.017544
33	58	0.021739
33	60	0.029412
33	61	0.023256
33	66	0.022727
33	83	0.045455
33	107	0.030303
33	109	0.038462
33	136	0.058824
33	166	0.047619
33	172	0.047619
33	210	0.062500
33	213	0.062500
33	227	0.052632
33	228	0.066667
33	238	0.062500
33	256	0.055556
33	274	0.066667
33	277	0.058824
33	281	0.066667
33	298	0.066667
33	307	0.066667
33	323	0.066667
33	334	0.071429
34	0	0.008403
34	3	0.016393
34	9	0.020833
34	12	0.022727
34	14	0.045455
34	15	0.009901
34	17	0.007752
34	18	0.008929
34	19	0.014085
34	23	0.014286
34	24	0.010753
34	27	0.017544
34	30	0.013699
34	31	0.015873
34	37	0.017857
34	38	0.022727
34	46	0.017857
34	48	0.020833
34	55	0.020408
34	61	0.023256
34	67	0.029412
34	69	0.033333
34	75	0.031250
34	90	0.030303
34	122	0.035714
34	127	0.047619
34	128	0.041667
34	131	0.047619
34	165	0.047619
34	167	0.038462
34	168	0.052632
34	191	0.041667
34	228	0.066667
34	241	0.052632
34	248	0.062500
34	257	0.055556
34	260	0.058824
34	268	0.066667
34	286	0.071429
34	300	0.066667
34	318	0.066667
34	320	0.071429
34	342	0.071429
34	344	0.071429
35	2	0.023810
35	4	0.025641
35	6	0.013333
35	10	0.014706
35	13	0.022727
35	15	0.009901
35	16	0.008475
35	17	0.007752
35	18	0.008929
35	20	0.011905
35	24	0.010753
35	27	0.017544
35	28	0.014493
35	32	0.023810
35	36	0.018519
35	40	0.017544
35	42	0.021277
35	43	0.017544
35	48	0.020833
35	49	0.017857
35	50	0.025641
35	52	0.023810
35	53	0.027778
35	59	0.025000
35	62	0.032258
35	68	0.029412
35	70	0.024390
35	72	0.033333
35	73	0.027027
35	78	0.030303
35	79	0.047619
35	81	0.030303
35	83	0.045455
35	84	0.043478
35	85	0.026316
35	87	0.030303
35	88	0.034483
35	91	0.040000
35	92	0.028571
35	102	0.031250
35	104	0.047619
35	123	0.043478
35	126	0.040000
35	127	0.047619
35	128	0.041667
35	133	0.035714
35	137	0.045455
35	144	0.045455
35	145	0.047619
35	147	0.043478
35	153	0.045455
35	156	0.062500
35	158	0.041667
35	165	0.047619
35	170	0.043478
35	173	0.050000
35	174	0.047619
35	175	0.058824
35	177	0.050000
35	179	0.050000
35	180	0.062500
35	183	0.047619
35	186	0.043478
35	195	0.055556
35	200	0.066667
35	212	0.052632
35	223	0.055556
35	229	0.052632
35	242	0.050000
35	245	0.058824
35	248	0.062500
35	253	0.055556
35	257	0.055556
35	264	0.066667
35	272	0.058824
35	278	0.062500
35	279	0.062500
35	291	0.066667
35	299	0.071429
35	306	0.055556
35	308	0.066667
35	314	0.062500
35	327	0.066667
36	3	0.016393
36	6	0.013333
36	8	0.027027
36	10	0.014706
36	13	0.022727
36	16	0.008475
36	18	0.008929
36	19	0.014085
36	20	0.011905
36	23	0.014286
36	27	0.017544
36	30	0.013699
36	32	0.023810
36	35	0.012048
36	37	0.017857
36	41	0.017544
36	44	0.020408
36	65	0.026316
36	67	0.029412
36	70	0.024390
36	79	0.047619
36	101	0.041667
36	102	0.031250
36	104	0.047619
36	113	0.037037
36	128	0.041667
36	131	0.047619
36	139	0.047619
36	143	0.052632
36	145	0.047619
36	151	0.071429
36	153	0.045455
36	160	0.045455
36	178	0.043478
36	179	0.050000
36	184	0.047619
36	189	0.066667
36	197	0.050000
36	218	0.050000
36	220	0.062500
36	225	0.055556
36	230	0.066667
36	237	0.062500
36	238	0.062500
36	259	0.055556
36	266	0.062500
36	267	0.066667
36	276	0.052632
36	278	0.062500
36	309	0.062500
36	315	0.071429
36	321	0.071429
36	328	0.066667
36	331	0.066667
37	1	0.031250
37	4	0.025641
37	6	0.013333
37	7	0.017544
37	8	0.027027
37	11	0.034483
37	15	0.009901
37	16	0.008475
37	17	0.007752
37	18	0.008929
37	24	0.010753
37	26	0.020000
37	34	0.022727
37	36	0.018519
37	44	0.020408
37	49	0.017857
37	51	0.020408
37	54	0.025641
37	57	0.023810
37	59	0.025000
37	61	0.023256
37	69	0.033333
37	79	0.047619
37	85	0.026316
37	90	0.030303
37	103	0.050000
37	110	0.045455
37	111	0.028571
37	129	0.045455
37	134	0.034483
37	159	0.041667
37	164	0.043478
37	166	0.047619
37	174	0.047619
37	180	0.062500
37	182	0.058824
37	195	0.055556
37	202	0.062500
37	205	0.052632
37	208	0.052632
37	219	0.052632
37	239	0.055556
37	241	0.052632
37	248	0.062500
37	252	0.055556
37	260	0.058824
37	263	0.058824
37	265	0.066667
37	268	0.066667
37	274	0.066667
37	276	0.052632
37	306	0.055556
37	323	0.066667
37	337	0.071429
37	339	0.066667
37	348	0.071429
38	0	0.008403
38	6	0.013333
38	10	0.014706
38	15	0.009901
38	17	0.007752
38	18	0.008929
38	19	0.014085
38	20	0.011905
38	22	0.013889
38	23	0.014286
38	24	0.010753
38	25	0.015873
38	28	0.014493
38	34	0.022727
38	41	0.017544
38	43	0.017544
38	48	0.020833
38	50	0.025641
38	55	0.020408
38	56	0.018868
38	59	0.025000
38	61	0.023256
38	68	0.029412
38	97	0.045455
38	105	0.043478
38	119	0.034483
38	176	0.047619
38	184	0.047619
38	189	0.066667
38	190	0.052632
38	192	0.066667
38	194	0.058824
38	198	0.052632
38	211	0.050000
38	213	0.062500
38	215	0.052632
38	261	0.062500
38	284	0.071429
38	287	0.062500
38	306	0.055556
38	308	0.066667
38	320	0.071429
38	335	0.071429
38	339	0.066667
39	1	0.031250
39	6	0.013333
39	7	0.017544
39	10	0.014706
39	15	0.009901
39	16	0.008475
39	17	0.007752
39	18	0.008929
39	19	0.014085
39	24	0.010753
39	25	0.015873
39	27	0.017544
39	28	0.014493
39	29	0.013889
39	44	0.020408
39	49	0.017857
39	50	0.025641
39	51	0.020408
39	54	0.025641
39	57	0.023810
39	58	0.021739
39	67	0.029412
39	71	0.034483
39	74	0.026316
39	80	0.029412
39	99	0.034483
39	105	0.043478
39	107	0.030303
39	110	0.045455
39	121	0.032258
39	122	0.035714
39	137	0.045455
39	140	0.043478
39	156	0.062500
39	165	0.047619
39	175	0.058824
39	181	0.052632
39	198	0.052632
39	202	0.062500
39	204	0.055556
39	218	0.050000
39	222	0.052632
39	229	0.052632
39	236	0.047619
39	254	0.055556
39	259	0.055556
39	262	0.062500
39	285	0.066667
39	309	0.062500
39	342	0.071429
39	346	0.066667
40	0	0.008403
40	3	0.016393
40	6	0.013333
40	7	0.017544
40	10	0.014706
40	12	0.022727
40	14	0.045455
40	15	0.009901
40	17	0.007752
40	19	0.014085
40	21	0.010526
40	24	0.010753
40	28	0.014493
40	35	0.012048
40	41	0.017544
40	43	0.017544
40	45	0.022727
40	46	0.017857
40	57	0.023810
40	59	0.025000
40	67	0.029412
40	69	0.033333
40	71	0.034483
40	73	0.027027
40	75	0.031250
40	77	0.033333
40	79	0.047619
40	80	0.029412
40	90	0.030303
40	96	0.034483
40	99	0.034483
40	103	0.050000
40	104	0.047619
40	110	0.045455
40	125	0.031250
40	126	0.040000
40	139	0.047619
40	148	0.055556
40	159	0.041667
40	163	0.047619
40	167	0.038462
40	170	0.043478
40	184	0.047619
40	194	0.058824
40	197	0.050000
40	208	0.052632
40	218	0.050000
40	227	0.052632
40	232	0.052632
40	262	0.062500
40	291	0.066667
40	293	0.066667
40	302	0.066667
40	319	0.071429
40	328	0.066667
40	350	0.071429
40	351	0.071429
41	0	0.008403
41	3	0.016393
41	6	0.013333
41	12	0.022727
41	16	0.008475
41	17	0.007752
41	18	0.008929
41	19	0.014085
41	24	0.010753
41	30	0.013699
41	31	0.015873
41	36	0.018519
41	38	0.022727
41	40	0.017544
41	42	0.021277
41	45	0.022727
41	46	0.017857
41	51	0.020408
41	53	0.027778
41	55	0.020408
41	59	0.025000
41	63	0.029412
41	64	0.021277
41	71	0.034483
41	75	0.031250
41	76	0.026316
41	82	0.025000
41	86	0.038462
41	95	0.027778
41	99	0.034483
41	108	0.040000
41	110	0.045455
41	112	0.041667
41	123	0.043478
41	129	0.045455
41	141	0.040000
41	147	0.043478
41	150	0.041667
41	167	0.038462
41	187	0.052632
41	193	0.058824
41	194	0.058824
41	216	0.066667
41	225	0.055556
41	238	0.062500
41	257	0.055556
41	261	0.062500
41	271	0.058824
41	292	0.071429
41	308	0.066667
41	318	0.066667
41	319	0.071429
41	331	0.066667
41	335	0.071429
41	340	0.066667
41	344	0.071429
41	351	0.071429
42	4	0.025641
42	10	0.014706
42	15	0.009901
42	16	0.008475
42	17	0.007752
42	19	0.014085
42	20	0.011905
42	24	0.010753
42	26	0.020000
42	27	0.017544
42	31	0.015873
42	32	0.023810
42	35	0.012048
42	41	0.017544
42	47	0.019608
42	66	0.022727
42	79	0.047619
42	86	0.038462
42	92	0.028571
42	94	0.033333
42	101	0.041667
42	104	0.047619
42	110	0.045455
42	112	0.041667
42	117	0.041667
42	119	0.034483
42	124	0.045455
42	139	0.047619
42	150	0.041667
42	157	0.066667
42	168	0.052632
42	186	0.043478
42	200	0.066667
42	206	0.055556
42	222	0.052632
42	237	0.062500
42	252	0.055556
42	272	0.058824
42	283	0.066667
42	287	0.062500
42	291	0.066667
42	312	0.066667
42	313	0.066667
42	319	0.071429
42	324	0.066667
42	326	0.071429
42	333	0.066667
43	0	0.008403
43	3	0.016393
43	4	0.025641
43	8	0.027027
43	15	0.009901
43	17	0.007752
43	18	0.008929
43	20	0.011905
43	21	0.010526
43	25	0.015873
43	33	0.026316
43	35	0.012048
43	38	0.022727
43	40	0.017544
43	45	0.022727
43	53	0.027778
43	54	0.025641
43	56	0.018868
43	60	0.029412
43	64	0.021277
43	67	0.029412
43	71	0.034483
43	82	0.025000
43	87	0.030303
43	88	0.034483
43	103	0.050000
43	104	0.047619
43	114	0.033333
43	119	0.034483
43	126	0.040000
43	129	0.045455
43	140	0.043478
43	143	0.052632
43	152	0.037037
43	153	0.045455
43	161	0.045455
43	165	0.047619
43	171	0.052632
43	172	0.047619
43	176	0.047619
43	187	0.052632
43	188	0.052632
43	196	0.052632
43	197	0.050000
43	212	0.052632
43	227	0.052632
43	247	0.062500
43	258	0.052632
43	261	0.062500
43	313	0.066667
43	316	0.071429
43	326	0.071429
43	333	0.066667
43	342	0.071429
43	343	0.071429
43	344	0.071429
43	346	0.066667
44	0	0.008403
44	5	0.043478
44	7	0.017544
44	12	0.022727
44	14	0.045455
44	15	0.009901
44	17	0.007752
44	21	0.010526
44	22	0.013889
44	26	0.020000
44	32	0.023810
44	36	0.018519
44	37	0.017857
44	39	0.019608
44	47	0.019608
44	49	0.017857
44	52	0.023810
44	53	0.027778
44	61	0.023256
44	65	0.026316
44	70	0.024390
44	72	0.033333
44	83	0.045455
44	84	0.043478
44	86	0.038462
44	92	0.028571
44	99	0.034483
44	100	0.047619
44	103	0.050000
44	107	0.030303
44	110	0.045455
44	118	0.052632
44	120	0.045455
44	130	0.038462
44	138	0.041667
44	152	0.037037
44	179	0.050000
44	193	0.058824
44	201	0.045455
44	209	0.045455
44	236	0.047619
44	250	0.071429
44	252	0.055556
44	262	0.062500
44	265	0.066667
44	266	0.062500
44	283	0.066667
44	308	0.066667
44	309	0.062500
45	0	0.008403
45	3	0.016393
45	4	0.025641
45	6	0.013333
45	9	0.020833
45	16	0.008475
45	17	0.007752
45	18	0.008929
45	20	0.011905
45	28	0.014493
45	29	0.013889
45	40	0.017544
45	41	0.017544
45	43	0.017544
45	51	0.020408
45	53	0.027778
45	57	0.023810
45	60	0.029412
45	64	0.021277
45	78	0.030303
45	80	0.029412
45	83	0.045455
45	87	0.030303
45	97	0.045455
45	101	0.041667
45	102	0.031250
45	114	0.033333
45	115	0.043478
45	132	0.047619
45	133	0.035714
45	163	0.047619
45	176	0.047619
45	179	0.050000
45	184	0.047619
45	203	0.062500
45	214	0.045455
45	215	0.052632
45	248	0.062500
45	249	0.050000
45	255	0.066667
45	258	0.052632
45	269	0.062500
45	279	0.062500
45	297	0.066667
46	0	0.008403
46	6	0.013333
46	8	0.027027
46	10	0.014706
46	15	0.009901
46	17	0.007752
46	19	0.014085
46	20	0.011905
46	21	0.010526
46	22	0.013889
46	29	0.013889
46	34	0.022727
46	40	0.017544
46	41	0.017544
46	48	0.020833
46	54	0.025641
46	76	0.026316
46	77	0.033333
46	81	0.030303
46	84	0.043478
46	86	0.038462
46	87	0.030303
46	91	0.040000
46	96	0.034483
46	106	0.037037
46	112	0.041667
46	114	0.033333
46	117	0.041667
46	119	0.034483
46	130	0.038462
46	136	0.058824
46	165	0.047619
46	168	0.052632
46	177	0.050000
46	178	0.043478
46	183	0.047619
46	202	0.062500
46	217	0.066667
46	223	0.055556
46	225	0.055556
46	248	0.062500
46	251	0.062500
46	255	0.066667
46	276	0.052632
46	287	0.062500
46	289	0.062500
46	303	0.062500
46	312	0.066667
46	314	0.062500
46	325	0.066667
46	327	0.066667
46	333	0.066667
46	338	0.071429
46	339	0.066667
46	345	0.071429
46	346	0.066667
47	0	0.008403
47	4	0.025641
47	5	0.043478
47	10	0.014706
47	12	0.022727
47	15	0.009901
47	16	0.008475
47	17	0.007752
47	19	0.014085
47	21	0.010526
47	27	0.017544
47	29	0.013889
47	42	0.021277
47	44	0.020408
47	49	0.017857
47	61	0.023256
47	62	0.032258
47	63	0.029412
47	66	0.022727
47	70	0.024390
47	74	0.026316
47	84	0.043478
47	92	0.028571
47	94	0.033333
47	100	0.047619
47	101	0.041667
47	102	0.031250
47	103	0.050000
47	107	0.030303
47	108	0.040000
47	109	0.038462
47	111	0.028571
47	113	0.037037
47	117	0.041667
47	125	0.031250
47	153	0.045455
47	164	0.043478
47	166	0.047619
47	171	0.052632
47	184	0.047619
47	185	0.041667
47	193	0.058824
47	196	0.052632
47	213	0.062500
47	222	0.052632
47	244	0.066667
47	258	0.052632
47	279	0.062500
47	298	0.066667
47	300	0.066667
47	316	0.071429
48	7	0.017544
48	16	0.008475
48	17	0.007752
48	19	0.014085
48	22	0.013889
48	23	0.014286
48	25	0.015873
48	29	0.013889
48	30	0.013699
48	32	0.023810
48	34	0.022727
48	35	0.012048
48	38	0.022727
48	46	0.017857
48	54	0.025641
48	61	0.023256
48	70	0.024390
48	72	0.033333
48	73	0.027027
48	74	0.026316
48	81	0.030303
48	95	0.027778
48	101	0.041667
48	116	0.047619
48	119	0.034483
48	124	0.045455
48	128	0.041667
48	137	0.045455
48	139	0.047619
48	142	0.058824
48	152	0.037037
48	176	0.047619
48	177	0.050000
48	185	0.041667
48	186	0.043478
48	192	0.066667
48	202	0.062500
48	232	0.052632
48	237	0.062500
48	242	0.050000
48	246	0.058824
48	251	0.062500
48	259	0.055556
48	282	0.062500
48	301	0.055556
48	325	0.066667
48	333	0.066667
48	336	0.071429
49	3	0.016393
49	12	0.022727
49	15	0.009901
49	18	0.008929
49	22	0.013889
49	23	0.014286
49	27	0.017544
49	28	0.014493
49	29	0.013889
49	35	0.012048
49	37	0.017857
49	39	0.019608
49	44	0.020408
49	47	0.019608
49	54	0.025641
49	55	0.020408
49	60	0.029412
49	63	0.029412
49	67	0.029412
49	69	0.033333
49	70	0.024390
49	73	0.027027
49	86	0.038462
49	100	0.047619
49	103	0.050000
49	127	0.047619
49	130	0.038462
49	135	0.050000
49	138	0.041667
49	142	0.058824
49	146	0.040000
49	147	0.043478
49	157	0.066667
49	178	0.043478
49	183	0.047619
49	185	0.041667
49	186	0.043478
49	190	0.052632
49	192	0.066667
49	194	0.058824
49	199	0.058824
49	202	0.062500
49	221	0.050000
49	232	0.052632
49	233	0.055556
49	242	0.050000
49	245	0.058824
49	264	0.066667
49	268	0.066667
49	291	0.066667
49	298	0.066667
49	301	0.055556
49	315	0.071429
49	320	0.071429
49	329	0.071429
49	341	0.071429
50	0	0.008403
50	13	0.022727
50	15	0.009901
50	16	0.008475
50	17	0.007752
50	18	0.008929
50	21	0.010526
50	22	0.013889
50	24	0.010753
50	27	0.017544
50	28	0.014493
50	35	0.012048
50	38	0.022727
50	39	0.019608
50	56	0.018868
50	58	0.021739
50	65	0.026316
50	73	0.027027
50	75	0.031250
50	76	0.026316
50	96	0.034483
50	100	0.047619
50	106	0.037037
50	108	0.040000
50	110	0.045455
50	119	0.034483
50	139	0.047619
50	140	0.043478
50	149	0.040000
50	157	0.066667
50	158	0.041667
50	230	0.066667
50	241	0.052632
50	264	0.066667
50	291	0.066667
50	292	0.071429
50	296	0.055556
50	319	0.071429
50	331	0.066667
51	0	0.008403
51	2	0.023810
51	3	0.016393
51	7	0.017544
51	15	0.009901
51	16	0.008475
51	20	0.011905
51	22	0.013889
51	28	0.014493
51	29	0.013889
51	37	0.017857
51	39	0.019608
51	41	0.017544
51	45	0.022727
51	56	0.018868
51	58	0.021739
51	60	0.029412
51	62	0.032258
51	70	0.024390
51	71	0.034483
51	78	0.030303
51	81	0.030303
51	82	0.025000
51	88	0.034483
51	91	0.040000
51	95	0.027778
51	104	0.047619
51	114	0.033333
51	116	0.047619
51	128	0.041667
51	131	0.047619
51	173	0.050000
51	184	0.047619
51	190	0.052632
51	198	0.052632
51	209	0.045455
51	230	0.066667
51	234	0.062500
51	235	0.058824
51	245	0.058824
51	246	0.058824
51	256	0.055556
51	265	0.066667
51	266	0.062500
51	272	0.058824
51	278	0.062500
51	293	0.066667
51	314	0.062500
51	328	0.066667
52	14	0.045455
52	15	0.009901
52	16	0.008475
52	17	0.007752
52	20	0.011905
52	21	0.010526
52	24	0.010753
52	27	0.017544
52	28	0.014493
52	29	0.013889
52	30	0.013699
52	31	0.015873
52	35	0.012048
52	44	0.020408
52	57	0.023810
52	65	0.026316
52	68	0.029412
52	74	0.026316
52	79	0.047619
52	81	0.030303
52	92	0.028571
52	96	0.034483
52	116	0.047619
52	117	0.041667
52	122	0.035714
52	125	0.031250
52	154	0.038462
52	155	0.055556
52	168	0.052632
52	180	0.062500
52	188	0.052632
52	197	0.050000
52	209	0.045455
52	218	0.050000
52	219	0.052632
52	223	0.055556
52	259	0.055556
52	265	0.066667
52	275	0.062500
52	295	0.066667
52	310	0.062500
52	346	0.066667
53	6	0.013333
53	9	0.020833
53	10	0.014706
53	15	0.009901
53	17	0.007752
53	24	0.010753
53	27	0.017544
53	29	0.013889
53	30	0.013699
53	35	0.012048
53	41	0.017544
53	43	0.017544
53	44	0.020408
53	45	0.022727
53	57	0.023810
53	64	0.021277
53	75	0.031250
53	101	0.041667
53	123	0.043478
53	131	0.047619
53	135	0.050000
53	137	0.045455
53	190	0.052632
53	205	0.052632
53	209	0.045455
53	217	0.066667
53	237	0.062500
53	244	0.066667
53	260	0.058824
53	264	0.066667
53	278	0.062500
53	279	0.062500
53	310	0.062500
53	321	0.071429
53	336	0.071429
53	338	0.071429
54	0	0.008403
54	7	0.017544
54	10	0.014706
54	16	0.008475
54	17	0.007752
54	24	0.010753
54	28	0.014493
54	31	0.015873
54	37	0.017857
54	39	0.019608
54	43	0.017544
54	46	0.017857
54	48	0.020833
54	49	0.017857
54	56	0.018868
54	68	0.029412
54	71	0.034483
54	74	0.026316
54	92	0.028571
54	96	0.034483
54	97	0.045455
54	98	0.037037
54	108	0.040000
54	113	0.037037
54	119	0.034483
54	130	0.038462
54	145	0.047619
54	148	0.055556
54	170	0.043478
54	173	0.050000
54	205	0.052632
54	262	0.062500
54	265	0.066667
54	282	0.062500
54	292	0.071429
54	328	0.066667
54	331	0.066667
54	341	0.071429
54	346	0.066667
55	4	0.025641
55	6	0.013333
55	8	0.027027
55	16	0.008475
55	19	0.014085
55	20	0.011905
55	21	0.010526
55	22	0.013889
55	27	0.017544
55	31	0.015873
55	34	0.022727
55	38	0.022727
55	41	0.017544
55	49	0.017857
55	56	0.018868
55	63	0.029412
55	65	0.026316
55	80	0.029412
55	91	0.040000
55	106	0.037037
55	107	0.030303
55	112	0.041667
55	134	0.034483
55	137	0.045455
55	142	0.058824
55	154	0.038462
55	156	0.062500
55	157	0.066667
55	179	0.050000
55	184	0.047619
55	188	0.052632
55	189	0.066667
55	205	0.052632
55	221	0.050000
55	222	0.052632
55	243	0.062500
55	252	0.055556
55	266	0.062500
55	270	0.066667
55	275	0.062500
55	284	0.071429
55	288	0.071429
55	294	0.058824
55	296	0.055556
55	312	0.066667
55	320	0.071429
55	329	0.071429
55	330	0.071429
55	347	0.071429
56	0	0.008403
56	7	0.017544
56	16	0.008475
56	18	0.008929
56	22	0.013889
56	25	0.015873
56	26	0.020000
56	30	0.013699
56	38	0.022727
56	43	0.017544
56	50	0.025641
56	51	0.020408
56	54	0.025641
56	55	0.020408
56	58	0.021739
56	64	0.021277
56	65	0.026316
56	66	0.022727
56	71	0.034483
56	75	0.031250
56	81	0.030303
56	92	0.028571
56	95	0.027778
56	106	0.037037
56	107	0.030303
56	108	0.040000
56	130	0.038462
56	131	0.047619
56	135	0.050000
56	149	0.040000
56	158	0.041667
56	164	0.043478
56	168	0.052632
56	170	0.043478
56	171	0.052632
56	172	0.047619
56	177	0.050000
56	184	0.047619
56	196	0.052632
56	221	0.050000
56	228	0.066667
56	229	0.052632
56	234	0.062500
56	247	0.062500
56	251	0.062500
56	256	0.055556
56	258	0.052632
56	285	0.066667
56	305	0.066667
56	309	0.062500
56	321	0.071429
56	337	0.071429
56	347	0.071429
57	0	0.008403
57	3	0.016393
57	6	0.013333
57	9	0.020833
57	12	0.022727
57	20	0.011905
57	23	0.014286
57	24	0.010753
57	37	0.017857
57	39	0.019608
57	40	0.017544
57	45	0.022727
57	52	0.023810
57	53	0.027778
57	62	0.032258
57	77	0.033333
57	83	0.045455
57	84	0.043478
57	88	0.034483
57	90	0.030303
57	99	0.034483
57	104	0.047619
57	113	0.037037
57	120	0.045455
57	121	0.032258
57	123	0.043478
57	136	0.058824
57	145	0.047619
57	147	0.043478
57	150	0.041667
57	159	0.041667
57	163	0.047619
57	171	0.052632
57	194	0.058824
57	207	0.041667
57	221	0.050000
57	242	0.050000
57	247	0.062500
57	253	0.055556
57	270	0.066667
57	306	0.055556
57	311	0.066667
58	0	0.008403
58	6	0.013333
58	8	0.027027
58	16	0.008475
58	17	0.007752
58	18	0.008929
58	20	0.011905
58	25	0.015873
58	31	0.015873
58	33	0.026316
58	39	0.019608
58	50	0.025641
58	51	0.020408
58	56	0.018868
58	59	0.025000
58	72	0.033333
58	76	0.026316
58	78	0.030303
58	85	0.026316
58	91	0.040000
58	120	0.045455
58	121	0.032258
58	128	0.041667
58	138	0.041667
58	150	0.041667
58	154	0.038462
58	155	0.055556
58	158	0.041667
58	159	0.041667
58	161	0.045455
58	170	0.043478
58	172	0.047619
58	209	0.045455
58	213	0.062500
58	226	0.058824
58	227	0.052632
58	239	0.055556
58	242	0.050000
58	246	0.058824
58	254	0.055556
58	260	0.058824
58	264	0.066667
58	292	0.071429
58	297	0.066667
58	316	0.071429
58	331	0.066667
59	0	0.008403
59	7	0.017544
59	13	0.022727
59	15	0.009901
59	17	0.007752
59	20	0.011905
59	21	0.010526
59	32	0.023810
59	35	0.012048
59	37	0.017857
59	38	0.022727
59	40	0.017544
59	41	0.017544
59	58	0.021739
59	83	0.045455
59	85	0.026316
59	89	0.058824
59	95	0.027778
59	107	0.030303
59	111	0.028571
59	117	0.041667
59	120	0.045455
59	121	0.032258
59	150	0.041667
59	163	0.047619
59	168	0.052632
59	173	0.050000
59	177	0.050000
59	189	0.066667
59	192	0.066667
59	197	0.050000
59	216	0.066667
59	255	0.066667
59	256	0.055556
59	269	0.062500
59	279	0.062500
59	294	0.058824
59	303	0.062500
59	310	0.062500
59	322	0.071429
60	0	0.008403
60	2	0.023810
60	3	0.016393
60	9	0.020833
60	14	0.045455
60	22	0.013889
60	24	0.010753
60	28	0.014493
60	30	0.013699
60	33	0.026316
60	43	0.017544
60	45	0.022727
60	49	0.017857
60	51	0.020408
60	74	0.026316
60	76	0.026316
60	77	0.033333
60	132	0.047619
60	138	0.041667
60	154	0.038462
60	159	0.041667
60	160	0.045455
60	170	0.043478
60	182	0.058824
60	198	0.052632
60	207	0.041667
60	223	0.055556
60	254	0.055556
60	259	0.055556
60	260	0.058824
60	276	0.052632
60	289	0.062500
60	296	0.055556
60	314	0.062500
61	2	0.023810
61	13	0.022727
61	20	0.011905
61	24	0.010753
61	26	0.020000
61	30	0.013699
61	32	0.023810
61	33	0.026316
61	34	0.022727
61	37	0.017857
61	38	0.022727
61	44	0.020408
61	47	0.019608
61	48	0.020833
61	63	0.029412
61	66	0.022727
61	68	0.029412
61	76	0.026316
61	77	0.033333
61	84	0.043478
61	85	0.026316
61	90	0.030303
61	94	0.033333
61	109	0.038462
61	111	0.028571
61	114	0.033333
61	127	0.047619
61	129	0.045455
61	140	0.043478
61	154	0.038462
61	167	0.038462
61	171	0.052632
61	194	0.058824
61	198	0.052632
61	202	0.062500
61	204	0.055556
61	226	0.058824
61	289	0.062500
61	293	0.066667
61	316	0.071429
61	318	0.066667
61	325	0.066667
61	342	0.071429
62	0	0.008403
62	3	0.016393
62	4	0.025641
62	10	0.014706
62	12	0.022727
62	13	0.022727
62	15	0.009901
62	19	0.014085
62	20	0.011905
62	29	0.013889
62	35	0.012048
62	47	0.019608
62	51	0.020408
62	57	0.023810
62	69	0.033333
62	87	0.030303
62	88	0.034483
62	89	0.058824
62	116	0.047619
62	119	0.034483
62	178	0.043478
62	179	0.050000
62	200	0.066667
62	230	0.066667
62	237	0.062500
62	239	0.055556
62	241	0.052632
62	247	0.062500
62	286	0.071429
62	326	0.071429
62	328	0.066667
63	5	0.043478
63	7	0.017544
63	10	0.014706
63	17	0.007752
63	18	0.008929
63	22	0.013889
63	23	0.014286
63	24	0.010753
63	25	0.015873
63	41	0.017544
63	47	0.019608
63	49	0.017857
63	55	0.020408
63	61	0.023256
63	92	0.028571
63	101	0.041667
63	106	0.037037
63	119	0.034483
63	122	0.035714
63	128	0.041667
63	135	0.050000
63	140	0.043478
63	152	0.037037
63	158	0.041667
63	169	0.047619
63	182	0.058824
63	185	0.041667
63	193	0.058824
63	240	0.058824
63	289	0.062500
63	293	0.066667
63	319	0.071429
63	329	0.071429
63	340	0.066667
64	0	0.008403
64	3	0.016393
64	6	0.013333
64	10	0.014706
64	12	0.022727
64	15	0.009901
64	16	0.008475
64	19	0.014085
64	24	0.010753
64	41	0.017544
64	43	0.017544
64	45	0.022727
64	53	0.027778
64	56	0.018868
64	65	0.026316
64	74	0.026316
64	77	0.033333
64	81	0.030303
64	85	0.026316
64	90	0.030303
64	106	0.037037
64	115	0.043478
64	122	0.035714
64	123	0.043478
64	127	0.047619
64	136	0.058824
64	137	0.045455
64	143	0.052632
64	144	0.045455
64	150	0.041667
64	169	0.047619
64	183	0.047619
64	193	0.058824
64	200	0.066667
64	201	0.045455
64	203	0.062500
64	214	0.045455
64	219	0.052632
64	248	0.062500
64	285	0.066667
64	295	0.066667
64	297	0.066667
64	316	0.071429
64	322	0.071429
64	325	0.066667
64	347	0.071429
64	350	0.071429
65	10	0.014706
65	15	0.009901
65	18	0.008929
65	21	0.010526
65	22	0.013889
65	29	0.013889
65	31	0.015873
65	36	0.018519
65	44	0.020408
65	50	0.025641
65	52	0.023810
65	55	0.020408
65	56	0.018868
65	64	0.021277
65	74	0.026316
65	82	0.025000
65	88	0.034483
65	93	0.027778
65	98	0.037037
65	100	0.047619
65	111	0.028571
65	112	0.041667
65	124	0.045455
65	126	0.040000
65	136	0.058824
65	148	0.055556
65	150	0.041667
65	255	0.066667
65	260	0.058824
65	267	0.066667
65	270	0.066667
65	281	0.066667
65	299	0.071429
65	304	0.062500
65	309	0.062500
65	313	0.066667
65	330	0.071429
65	350	0.071429
66	2	0.023810
66	6	0.013333
66	7	0.017544
66	15	0.009901
66	17	0.007752
66	18	0.008929
66	24	0.010753
66	30	0.013699
66	31	0.015873
66	33	0.026316
66	42	0.021277
66	47	0.019608
66	56	0.018868
66	61	0.023256
66	86	0.038462
66	87	0.030303
66	89	0.058824
66	93	0.027778
66	102	0.031250
66	109	0.038462
66	112	0.041667
66	113	0.037037
66	115	0.043478
66	125	0.031250
66	165	0.047619
66	167	0.038462
66	170	0.043478
66	181	0.052632
66	195	0.055556
66	197	0.050000
66	204	0.055556
66	210	0.062500
66	215	0.052632
66	216	0.066667
66	225	0.055556
66	232	0.052632
66	239	0.055556
66	244	0.066667
66	272	0.058824
66	276	0.052632
66	277	0.058824
66	286	0.071429
66	310	0.062500
66	311	0.066667
67	0	0.008403
67	5	0.043478
67	15	0.009901
67	17	0.007752
67	21	0.010526
67	27	0.017544
67	29	0.013889
67	30	0.013699
67	34	0.022727
67	36	0.018519
67	39	0.019608
67	40	0.017544
67	43	0.017544
67	49	0.017857
67	73	0.027027
67	77	0.033333
67	84	0.043478
67	85	0.026316
67	87	0.030303
67	91	0.040000
67	104	0.047619
67	111	0.028571
67	121	0.032258
67	124	0.045455
67	125	0.031250
67	149	0.040000
67	151	0.071429
67	215	0.052632
67	224	0.055556
67	228	0.066667
67	298	0.066667
67	334	0.071429
67	342	0.071429
67	347	0.071429
68	3	0.016393
68	6	0.013333
68	8	0.027027
68	11	0.034483
68	12	0.022727
68	13	0.022727
68	16	0.008475
68	19	0.014085
68	29	0.013889
68	35	0.012048
68	38	0.022727
68	52	0.023810
68	54	0.025641
68	61	0.023256
68	71	0.034483
68	97	0.045455
68	134	0.034483
68	138	0.041667
68	140	0.043478
68	157	0.066667
68	160	0.045455
68	169	0.047619
68	181	0.052632
68	190	0.052632
68	192	0.066667
68	215	0.052632
68	221	0.050000
68	226	0.058824
68	240	0.058824
68	253	0.055556
68	266	0.062500
68	293	0.066667
68	323	0.066667
68	327	0.066667
69	1	0.031250
69	2	0.023810
69	3	0.016393
69	11	0.034483
69	15	0.009901
69	16	0.008475
69	18	0.008929
69	20	0.011905
69	31	0.015873
69	34	0.022727
69	37	0.017857
69	40	0.017544
69	49	0.017857
69	62	0.032258
69	72	0.033333
69	80	0.029412
69	85	0.026316
69	91	0.040000
69	115	0.043478
69	116	0.047619
69	133	0.035714
69	143	0.052632
69	145	0.047619
69	160	0.045455
69	213	0.062500
69	232	0.052632
69	239	0.055556
69	291	0.066667
69	294	0.058824
69	349	0.071429
70	2	0.023810
70	6	0.013333
70	10	0.014706
70	13	0.022727
70	21	0.010526
70	22	0.013889
70	28	0.014493
70	35	0.012048
70	36	0.018519
70	44	0.020408
70	47	0.019608
70	48	0.020833
70	49	0.017857
70	51	0.020408
70	71	0.034483
70	75	0.031250
70	82	0.025000
70	93	0.027778
70	96	0.034483
70	98	0.037037
70	105	0.043478
70	113	0.037037
70	114	0.033333
70	124	0.045455
70	138	0.041667
70	141	0.040000
70	144	0.045455
70	148	0.055556
70	152	0.037037
70	178	0.043478
70	192	0.066667
70	193	0.058824
70	210	0.062500
70	222	0.052632
70	245	0.058824
70	268	0.066667
70	289	0.062500
70	305	0.066667
70	323	0.066667
70	344	0.071429
70	351	0.071429
71	4	0.025641
71	7	0.017544
71	9	0.020833
71	23	0.014286
71	25	0.015873
71	39	0.019608
71	40	0.017544
71	41	0.017544
71	43	0.017544
71	51	0.020408
71	54	0.025641
71	56	0.018868
71	68	0.029412
71	70	0.024390
71	83	0.045455
71	89	0.058824
71	97	0.045455
71	110	0.045455
71	207	0.041667
71	219	0.052632
71	227	0.052632
71	229	0.052632
71	247	0.062500
71	263	0.058824
71	267	0.066667
71	273	0.066667
71	283	0.066667
71	294	0.058824
71	344	0.071429
72	9	0.020833
72	16	0.008475
72	20	0.011905
72	21	0.010526
72	23	0.014286
72	25	0.015873
72	26	0.020000
72	29	0.013889
72	30	0.013699
72	35	0.012048
72	44	0.020408
72	48	0.020833
72	58	0.021739
72	69	0.033333
72	87	0.030303
72	109	0.038462
72	112	0.041667
72	116	0.047619
72	147	0.043478
72	169	0.047619
72	177	0.050000
72	189	0.066667
72	206	0.055556
72	235	0.058824
72	239	0.055556
72	246	0.058824
72	268	0.066667
72	274	0.066667
72	326	0.071429
72	351	0.071429
73	0	0.008403
73	3	0.016393
73	7	0.017544
73	14	0.045455
73	16	0.008475
73	17	0.007752
73	22	0.013889
73	24	0.010753
73	35	0.012048
73	40	0.017544
73	48	0.020833
73	49	0.017857
73	50	0.025641
73	67	0.029412
73	78	0.030303
73	102	0.031250
73	106	0.037037
73	110	0.045455
73	112	0.041667
73	129	0.045455
73	130	0.038462
73	163	0.047619
73	165	0.047619
73	184	0.047619
73	187	0.052632
73	201	0.045455
73	206	0.055556
73	214	0.045455
73	219	0.052632
73	229	0.052632
73	250	0.071429
73	258	0.052632
73	319	0.071429
73	323	0.066667
73	329	0.071429
73	341	0.071429
73	343	0.071429
74	0	0.008403
74	11	0.034483
74	16	0.008475
74	22	0.013889
74	24	0.010753
74	28	0.014493
74	39	0.019608
74	47	0.019608
74	48	0.020833
74	52	0.023810
74	54	0.025641
74	60	0.029412
74	64	0.021277
74	65	0.026316
74	82	0.025000
74	99	0.034483
74	116	0.047619
74	124	0.045455
74	125	0.031250
74	141	0.040000
74	144	0.045455
74	148	0.055556
74	153	0.045455
74	156	0.062500
74	168	0.052632
74	169	0.047619
74	184	0.047619
74	199	0.058824
74	203	0.062500
74	208	0.052632
74	238	0.062500
74	244	0.066667
74	258	0.052632
74	259	0.055556
74	274	0.066667
74	275	0.062500
74	300	0.066667
74	344	0.071429
75	0	0.008403
75	6	0.013333
75	7	0.017544
75	17	0.007752
75	20	0.011905
75	22	0.013889
75	26	0.020000
75	34	0.022727
75	40	0.017544
75	41	0.017544
75	50	0.025641
75	53	0.027778
75	56	0.018868
75	70	0.024390
75	77	0.033333
75	81	0.030303
75	85	0.026316
75	98	0.037037
75	116	0.047619
75	127	0.047619
75	138	0.041667
75	148	0.055556
75	160	0.045455
75	188	0.052632
75	192	0.066667
75	200	0.066667
75	231	0.066667
75	249	0.050000
75	290	0.066667
75	295	0.066667
75	322	0.071429
75	344	0.071429
76	1	0.031250
76	18	0.008929
76	19	0.014085
76	20	0.011905
76	25	0.015873
76	27	0.017544
76	30	0.013699
76	32	0.023810
76	41	0.017544
76	46	0.017857
76	50	0.025641
76	58	0.021739
76	60	0.029412
76	61	0.023256
76	77	0.033333
76	85	0.026316
76	86	0.038462
76	89	0.058824
76	91	0.040000
76	97	0.045455
76	103	0.050000
76	114	0.033333
76	115	0.043478
76	118	0.052632
76	120	0.045455
76	162	0.052632
76	176	0.047619
76	188	0.052632
76	198	0.052632
76	199	0.058824
76	212	0.052632
76	222	0.052632
76	271	0.058824
76	277	0.058824
76	312	0.066667
76	313	0.066667
76	332	0.066667
76	343	0.071429
77	7	0.017544
77	10	0.014706
77	14	0.045455
77	28	0.014493
77	30	0.013699
77	40	0.017544
77	46	0.017857
77	57	0.023810
77	60	0.029412
77	61	0.023256
77	64	0.021277
77	67	0.029412
77	75	0.031250
77	76	0.026316
77	80	0.029412
77	89	0.058824
77	93	0.027778
77	106	0.037037
77	143	0.052632
77	161	0.045455
77	180	0.062500
77	191	0.041667
77	193	0.058824
77	248	0.062500
77	274	0.066667
77	277	0.058824
77	288	0.071429
77	296	0.055556
77	314	0.062500
77	334	0.071429
78	0	0.008403
78	8	0.027027
78	12	0.022727
78	16	0.008475
78	17	0.007752
78	19	0.014085
78	22	0.013889
78	24	0.010753
78	27	0.017544
78	35	0.012048
78	45	0.022727
78	51	0.020408
78	58	0.021739
78	73	0.027027
78	80	0.029412
78	99	0.034483
78	106	0.037037
78	118	0.052632
78	120	0.045455
78	131	0.047619
78	137	0.045455
78	145	0.047619
78	182	0.058824
78	184	0.047619
78	187	0.052632
78	202	0.062500
78	217	0.066667
78	218	0.050000
78	242	0.050000
78	249	0.050000
78	288	0.071429
78	295	0.066667
78	296	0.055556
79	0	0.008403
79	6	0.013333
79	9	0.020833
79	19	0.014085
79	20	0.011905
79	21	0.010526
79	27	0.017544
79	28	0.014493
79	35	0.012048
79	36	0.018519
79	37	0.017857
79	40	0.017544
79	42	0.021277
79	52	0.023810
79	115	0.043478
79	199	0.058824
79	272	0.058824
79	285	0.066667
79	287	0.062500
79	306	0.055556
79	312	0.066667
80	0	0.008403
80	2	0.023810
80	6	0.013333
80	15	0.009901
80	23	0.014286
80	24	0.010753
80	27	0.017544
80	39	0.019608
80	40	0.017544
80	45	0.022727
80	55	0.020408
80	69	0.033333
80	77	0.033333
80	78	0.030303
80	81	0.030303
80	94	0.033333
80	102	0.031250
80	106	0.037037
80	108	0.040000
80	110	0.045455
80	125	0.031250
80	128	0.041667
80	135	0.050000
80	162	0.052632
80	172	0.047619
80	175	0.058824
80	186	0.043478
80	230	0.066667
80	248	0.062500
80	250	0.071429
80	253	0.055556
80	273	0.066667
80	333	0.066667
80	341	0.071429
81	1	0.031250
81	10	0.014706
81	19	0.014085
81	28	0.014493
81	29	0.013889
81	35	0.012048
81	46	0.017857
81	48	0.020833
81	51	0.020408
81	52	0.023810
81	56	0.018868
81	64	0.021277
81	75	0.031250
81	80	0.029412
81	88	0.034483
81	105	0.043478
81	107	0.030303
81	140	0.043478
81	152	0.037037
81	154	0.038462
81	190	0.052632
81	213	0.062500
81	250	0.071429
81	253	0.055556
81	254	0.055556
81	289	0.062500
81	290	0.066667
81	292	0.071429
81	294	0.058824
81	319	0.071429
81	326	0.071429
81	328	0.066667
81	340	0.066667
82	3	0.016393
82	6	0.013333
82	10	0.014706
82	15	0.009901
82	21	0.010526
82	25	0.015873
82	27	0.017544
82	29	0.013889
82	41	0.017544
82	43	0.017544
82	51	0.020408
82	65	0.026316
82	70	0.024390
82	74	0.026316
82	89	0.058824
82	98	0.037037
82	99	0.034483
82	102	0.031250
82	116	0.047619
82	117	0.041667
82	126	0.040000
82	134	0.034483
82	138	0.041667
82	164	0.043478
82	173	0.050000
82	181	0.052632
82	237	0.062500
82	241	0.052632
82	247	0.062500
82	273	0.066667
82	283	0.066667
82	293	0.066667
82	307	0.066667
82	317	0.071429
82	323	0.066667
82	328	0.066667
82	336	0.071429
82	342	0.071429
82	345	0.071429
82	349	0.071429
83	3	0.016393
83	6	0.013333
83	11	0.034483
83	15	0.009901
83	17	0.007752
83	24	0.010753
83	31	0.015873
83	33	0.026316
83	35	0.012048
83	44	0.020408
83	45	0.022727
83	57	0.023810
83	59	0.025000
83	71	0.034483
83	172	0.047619
83	200	0.066667
83	219	0.052632
83	222	0.052632
83	236	0.047619
83	242	0.050000
83	299	0.071429
83	331	0.066667
84	0	0.008403
84	2	0.023810
84	3	0.016393
84	15	0.009901
84	21	0.010526
84	25	0.015873
84	30	0.013699
84	35	0.012048
84	44	0.020408
84	46	0.017857
84	47	0.019608
84	57	0.023810
84	61	0.023256
84	67	0.029412
84	97	0.045455
84	115	0.043478
84	163	0.047619
84	175	0.058824
84	178	0.043478
84	225	0.055556
84	254	0.055556
84	291	0.066667
84	347	0.071429
85	7	0.017544
85	16	0.008475
85	21	0.010526
85	25	0.015873
85	35	0.012048
85	37	0.017857
85	58	0.021739
85	59	0.025000
85	61	0.023256
85	64	0.021277
85	67	0.029412
85	69	0.033333
85	75	0.031250
85	76	0.026316
85	86	0.038462
85	94	0.033333
85	110	0.045455
85	141	0.040000
85	147	0.043478
85	153	0.045455
85	159	0.041667
85	166	0.047619
85	180	0.062500
85	188	0.052632
85	189	0.066667
85	197	0.050000
85	203	0.062500
85	206	0.055556
85	232	0.052632
85	239	0.055556
85	241	0.052632
85	251	0.062500
85	265	0.066667
85	288	0.071429
85	294	0.058824
85	305	0.066667
85	318	0.066667
85	326	0.071429
86	0	0.008403
86	6	0.013333
86	7	0.017544
86	17	0.007752
86	18	0.008929
86	22	0.013889
86	41	0.017544
86	42	0.021277
86	44	0.020408
86	46	0.017857
86	49	0.017857
86	66	0.022727
86	76	0.026316
86	85	0.026316
86	98	0.037037
86	116	0.047619
86	136	0.058824
86	146	0.040000
86	156	0.062500
86	159	0.041667
86	179	0.050000
86	196	0.052632
86	202	0.062500
86	259	0.055556
86	287	0.062500
86	299	0.071429
87	6	0.013333
87	20	0.011905
87	21	0.010526
87	24	0.010753
87	26	0.020000
87	30	0.013699
87	35	0.012048
87	43	0.017544
87	45	0.022727
87	46	0.017857
87	62	0.032258
87	66	0.022727
87	67	0.029412
87	72	0.033333
87	95	0.027778
87	109	0.038462
87	111	0.028571
87	119	0.034483
87	120	0.045455
87	126	0.040000
87	142	0.058824
87	151	0.071429
87	153	0.045455
87	158	0.041667
87	161	0.045455
87	163	0.047619
87	165	0.047619
87	176	0.047619
87	194	0.058824
87	220	0.062500
87	241	0.052632
87	264	0.066667
87	303	0.062500
88	12	0.022727
88	17	0.007752
88	19	0.014085
88	21	0.010526
88	22	0.013889
88	30	0.013699
88	31	0.015873
88	35	0.012048
88	43	0.017544
88	51	0.020408
88	57	0.023810
88	62	0.032258
88	65	0.026316
88	81	0.030303
88	93	0.027778
88	105	0.043478
88	146	0.040000
88	157	0.066667
88	163	0.047619
88	169	0.047619
88	177	0.050000
88	206	0.055556
88	211	0.050000
88	215	0.052632
88	278	0.062500
88	288	0.071429
88	296	0.055556
88	308	0.066667
88	325	0.066667
89	3	0.016393
89	11	0.034483
89	12	0.022727
89	15	0.009901
89	16	0.008475
89	17	0.007752
89	20	0.011905
89	59	0.025000
89	62	0.032258
89	66	0.022727
89	71	0.034483
89	76	0.026316
89	77	0.033333
89	82	0.025000
89	147	0.043478
89	268	0.066667
89	301	0.055556
90	4	0.025641
90	15	0.009901
90	17	0.007752
90	18	0.008929
90	19	0.014085
90	24	0.010753
90	30	0.013699
90	31	0.015873
90	34	0.022727
90	37	0.017857
90	40	0.017544
90	57	0.023810
90	61	0.023256
90	64	0.021277
90	97	0.045455
90	101	0.041667
90	102	0.031250
90	121	0.032258
90	129	0.045455
90	144	0.045455
90	157	0.066667
90	184	0.047619
90	195	0.055556
90	205	0.052632
90	218	0.050000
90	237	0.062500
90	259	0.055556
90	270	0.066667
90	276	0.052632
90	282	0.062500
90	290	0.066667
90	299	0.071429
90	308	0.066667
91	3	0.016393
91	6	0.013333
91	8	0.027027
91	10	0.014706
91	12	0.022727
91	31	0.015873
91	35	0.012048
91	46	0.017857
91	51	0.020408
91	55	0.020408
91	58	0.021739
91	67	0.029412
91	69	0.033333
91	76	0.026316
91	123	0.043478
91	135	0.050000
91	155	0.055556
91	185	0.041667
91	194	0.058824
91	199	0.058824
91	222	0.052632
91	269	0.062500
91	298	0.066667
91	304	0.062500
91	306	0.055556
92	15	0.009901
92	17	0.007752
92	18	0.008929
92	23	0.014286
92	27	0.017544
92	30	0.013699
92	35	0.012048
92	42	0.021277
92	44	0.020408
92	47	0.019608
92	52	0.023810
92	54	0.025641
92	56	0.018868
92	63	0.029412
92	94	0.033333
92	103	0.050000
92	142	0.058824
92	146	0.040000
92	156	0.062500
92	169	0.047619
92	176	0.047619
92	179	0.050000
92	190	0.052632
92	210	0.062500
92	216	0.066667
92	222	0.052632
92	231	0.066667
92	271	0.058824
92	278	0.062500
92	288	0.071429
92	298	0.066667
92	303	0.062500
92	319	0.071429
92	342	0.071429
92	347	0.071429
93	7	0.017544
93	10	0.014706
93	14	0.045455
93	16	0.008475
93	20	0.011905
93	22	0.013889
93	24	0.010753
93	25	0.015873
93	30	0.013699
93	65	0.026316
93	66	0.022727
93	70	0.024390
93	77	0.033333
93	88	0.034483
93	94	0.033333
93	98	0.037037
93	131	0.047619
93	155	0.055556
93	180	0.062500
93	182	0.058824
93	185	0.041667
93	188	0.052632
93	190	0.052632
93	203	0.062500
93	214	0.045455
93	234	0.062500
93	268	0.066667
93	273	0.066667
93	275	0.062500
93	302	0.066667
93	303	0.062500
93	305	0.066667
93	307	0.066667
93	318	0.066667
93	334	0.071429
93	340	0.066667
94	2	0.023810
94	12	0.022727
94	17	0.007752
94	21	0.010526
94	26	0.020000
94	28	0.014493
94	30	0.013699
94	42	0.021277
94	47	0.019608
94	61	0.023256
94	80	0.029412
94	85	0.026316
94	92	0.028571
94	93	0.027778
94	126	0.040000
94	127	0.047619
94	134	0.034483
94	158	0.041667
94	172	0.047619
94	188	0.052632
94	222	0.052632
94	228	0.066667
94	249	0.050000
94	252	0.055556
94	281	0.066667
94	290	0.066667
94	291	0.066667
94	322	0.071429
94	324	0.066667
94	325	0.066667
95	0	0.008403
95	4	0.025641
95	6	0.013333
95	13	0.022727
95	18	0.008929
95	22	0.013889
95	24	0.010753
95	30	0.013699
95	41	0.017544
95	48	0.020833
95	51	0.020408
95	56	0.018868
95	59	0.025000
95	87	0.030303
95	101	0.041667
95	106	0.037037
95	108	0.040000
95	111	0.028571
95	113	0.037037
95	115	0.043478
95	117	0.041667
95	121	0.032258
95	124	0.045455
95	129	0.045455
95	131	0.047619
95	137	0.045455
95	142	0.058824
95	154	0.038462
95	162	0.052632
95	174	0.047619
95	181	0.052632
95	188	0.052632
95	208	0.052632
95	226	0.058824
95	256	0.055556
95	325	0.066667
96	2	0.023810
96	4	0.025641
96	10	0.014706
96	18	0.008929
96	19	0.014085
96	22	0.013889
96	30	0.013699
96	31	0.015873
96	40	0.017544
96	46	0.017857
96	50	0.025641
96	52	0.023810
96	54	0.025641
96	70	0.024390
96	108	0.040000
96	112	0.041667
96	138	0.041667
96	144	0.045455
96	158	0.041667
96	162	0.052632
96	185	0.041667
96	190	0.052632
96	192	0.066667
96	205	0.052632
96	229	0.052632
96	248	0.062500
96	288	0.071429
96	307	0.066667
96	327	0.066667
97	0	0.008403
97	1	0.031250
97	9	0.020833
97	11	0.034483
97	20	0.011905
97	25	0.015873
97	38	0.022727
97	45	0.022727
97	54	0.025641
97	68	0.029412
97	71	0.034483
97	76	0.026316
97	84	0.043478
97	90	0.030303
97	139	0.047619
97	210	0.062500
97	213	0.062500
97	223	0.055556
97	273	0.066667
97	274	0.066667
97	304	0.062500
97	347	0.071429
98	3	0.016393
98	4	0.025641
98	7	0.017544
98	8	0.027027
98	21	0.010526
98	22	0.013889
98	23	0.014286
98	54	0.025641
98	65	0.026316
98	70	0.024390
98	75	0.031250
98	82	0.025000
98	86	0.038462
98	93	0.027778
98	133	0.035714
98	136	0.058824
98	140	0.043478
98	141	0.040000
98	166	0.047619
98	182	0.058824
98	194	0.058824
98	238	0.062500
98	241	0.052632
98	242	0.050000
98	292	0.071429
98	300	0.066667
98	332	0.066667
99	4	0.025641
99	17	0.007752
99	21	0.010526
99	22	0.013889
99	24	0.010753
99	29	0.013889
99	39	0.019608
99	40	0.017544
99	41	0.017544
99	44	0.020408
99	57	0.023810
99	74	0.026316
99	78	0.030303
99	82	0.025000
99	111	0.028571
99	120	0.045455
99	132	0.047619
99	161	0.045455
99	171	0.052632
99	193	0.058824
99	218	0.050000
99	254	0.055556
99	291	0.066667
99	293	0.066667
99	295	0.066667
99	296	0.055556
99	308	0.066667
99	324	0.066667
99	349	0.071429
100	0	0.008403
100	5	0.043478
100	7	0.017544
100	9	0.020833
100	10	0.014706
100	15	0.009901
100	18	0.008929
100	21	0.010526
100	30	0.013699
100	44	0.020408
100	47	0.019608
100	49	0.017857
100	50	0.025641
100	65	0.026316
100	112	0.041667
100	118	0.052632
100	182	0.058824
100	184	0.047619
100	187	0.052632
100	225	0.055556
100	235	0.058824
101	2	0.023810
101	17	0.007752
101	20	0.011905
101	23	0.014286
101	25	0.015873
101	36	0.018519
101	42	0.021277
101	45	0.022727
101	47	0.019608
101	48	0.020833
101	53	0.027778
101	63	0.029412
101	90	0.030303
101	95	0.027778
101	108	0.040000
101	115	0.043478
101	125	0.031250
101	133	0.035714
101	151	0.071429
101	160	0.045455
101	191	0.041667
101	232	0.052632
101	284	0.071429
101	315	0.071429
102	6	0.013333
102	15	0.009901
102	16	0.008475
102	25	0.015873
102	28	0.014493
102	35	0.012048
102	36	0.018519
102	45	0.022727
102	47	0.019608
102	66	0.022727
102	73	0.027027
102	80	0.029412
102	82	0.025000
102	90	0.030303
102	111	0.028571
102	115	0.043478
102	118	0.052632
102	122	0.035714
102	124	0.045455
102	134	0.034483
102	135	0.050000
102	173	0.050000
102	181	0.052632
102	226	0.058824
102	240	0.058824
102	257	0.055556
102	273	0.066667
102	297	0.066667
102	298	0.066667
102	310	0.062500
102	332	0.066667
102	334	0.071429
103	10	0.014706
103	17	0.007752
103	18	0.008929
103	19	0.014085
103	22	0.013889
103	27	0.017544
103	37	0.017857
103	40	0.017544
103	43	0.017544
103	44	0.020408
103	47	0.019608
103	49	0.017857
103	76	0.026316
103	92	0.028571
103	124	0.045455
103	136	0.058824
103	152	0.037037
103	176	0.047619
103	227	0.052632
103	288	0.071429
104	1	0.031250
104	6	0.013333
104	16	0.008475
104	18	0.008929
104	19	0.014085
104	28	0.014493
104	35	0.012048
104	36	0.018519
104	40	0.017544
104	42	0.021277
104	43	0.017544
104	51	0.020408
104	57	0.023810
104	67	0.029412
104	146	0.040000
104	154	0.038462
104	171	0.052632
104	220	0.062500
104	261	0.062500
104	287	0.062500
104	345	0.071429
105	0	0.008403
105	2	0.023810
105	6	0.013333
105	15	0.009901
105	16	0.008475
105	21	0.010526
105	23	0.014286
105	24	0.010753
105	29	0.013889
105	38	0.022727
105	39	0.019608
105	70	0.024390
105	81	0.030303
105	88	0.034483
105	175	0.058824
105	212	0.052632
105	253	0.055556
105	294	0.058824
105	312	0.066667
105	319	0.071429
105	337	0.071429
105	339	0.066667
105	346	0.066667
106	10	0.014706
106	16	0.008475
106	30	0.013699
106	46	0.017857
106	50	0.025641
106	55	0.020408
106	56	0.018868
106	63	0.029412
106	64	0.021277
106	73	0.027027
106	77	0.033333
106	78	0.030303
106	80	0.029412
106	95	0.027778
106	115	0.043478
106	123	0.043478
106	130	0.038462
106	146	0.040000
106	158	0.041667
106	163	0.047619
106	165	0.047619
106	214	0.045455
106	216	0.066667
106	217	0.066667
106	236	0.047619
106	249	0.050000
106	257	0.055556
107	0	0.008403
107	6	0.013333
107	16	0.008475
107	17	0.007752
107	21	0.010526
107	25	0.015873
107	33	0.026316
107	39	0.019608
107	44	0.020408
107	47	0.019608
107	55	0.020408
107	56	0.018868
107	59	0.025000
107	81	0.030303
107	132	0.047619
107	150	0.041667
107	152	0.037037
107	170	0.043478
107	173	0.050000
107	174	0.047619
107	177	0.050000
107	179	0.050000
107	182	0.058824
107	189	0.066667
107	227	0.052632
107	232	0.052632
107	237	0.062500
107	261	0.062500
107	284	0.071429
107	311	0.066667
107	315	0.071429
107	338	0.071429
107	348	0.071429
108	2	0.023810
108	11	0.034483
108	18	0.008929
108	21	0.010526
108	24	0.010753
108	41	0.017544
108	47	0.019608
108	50	0.025641
108	54	0.025641
108	56	0.018868
108	80	0.029412
108	95	0.027778
108	96	0.034483
108	101	0.041667
108	109	0.038462
108	116	0.047619
108	117	0.041667
108	125	0.031250
108	144	0.045455
108	149	0.040000
108	161	0.045455
108	191	0.041667
108	210	0.062500
108	265	0.066667
108	289	0.062500
109	0	0.008403
109	5	0.043478
109	9	0.020833
109	15	0.009901
109	28	0.014493
109	29	0.013889
109	31	0.015873
109	33	0.026316
109	47	0.019608
109	61	0.023256
109	66	0.022727
109	72	0.033333
109	87	0.030303
109	108	0.040000
109	116	0.047619
109	140	0.043478
109	145	0.047619
109	170	0.043478
109	183	0.047619
109	229	0.052632
109	245	0.058824
109	264	0.066667
109	298	0.066667
109	315	0.071429
109	341	0.071429
109	343	0.071429
110	20	0.011905
110	29	0.013889
110	30	0.013699
110	37	0.017857
110	39	0.019608
110	40	0.017544
110	41	0.017544
110	42	0.021277
110	44	0.020408
110	50	0.025641
110	71	0.034483
110	73	0.027027
110	80	0.029412
110	85	0.026316
110	122	0.035714
110	128	0.041667
110	191	0.041667
110	234	0.062500
110	236	0.047619
110	263	0.058824
110	265	0.066667
110	278	0.062500
111	16	0.008475
111	23	0.014286
111	29	0.013889
111	31	0.015873
111	37	0.017857
111	47	0.019608
111	59	0.025000
111	61	0.023256
111	65	0.026316
111	67	0.029412
111	87	0.030303
111	95	0.027778
111	99	0.034483
111	102	0.031250
111	114	0.033333
111	118	0.052632
111	127	0.047619
111	146	0.040000
111	148	0.055556
111	151	0.071429
111	162	0.052632
111	164	0.043478
111	168	0.052632
111	171	0.052632
111	175	0.058824
111	192	0.066667
111	223	0.055556
111	257	0.055556
111	277	0.058824
111	291	0.066667
111	301	0.055556
111	307	0.066667
111	311	0.066667
111	330	0.071429
111	331	0.066667
112	18	0.008929
112	20	0.011905
112	21	0.010526
112	24	0.010753
112	41	0.017544
112	42	0.021277
112	46	0.017857
112	55	0.020408
112	65	0.026316
112	66	0.022727
112	72	0.033333
112	73	0.027027
112	96	0.034483
112	100	0.047619
112	130	0.038462
112	138	0.041667
112	146	0.040000
112	161	0.045455
112	163	0.047619
112	167	0.038462
112	172	0.047619
112	237	0.062500
112	266	0.062500
112	349	0.071429
113	1	0.031250
113	4	0.025641
113	10	0.014706
113	15	0.009901
113	16	0.008475
113	23	0.014286
113	26	0.020000
113	36	0.018519
113	47	0.019608
113	54	0.025641
113	57	0.023810
113	66	0.022727
113	70	0.024390
113	95	0.027778
113	149	0.040000
113	153	0.045455
113	158	0.041667
113	162	0.052632
113	174	0.047619
113	183	0.047619
113	215	0.052632
113	222	0.052632
113	254	0.055556
113	279	0.062500
113	297	0.066667
113	306	0.055556
113	346	0.066667
114	0	0.008403
114	10	0.014706
114	16	0.008475
114	18	0.008929
114	25	0.015873
114	27	0.017544
114	43	0.017544
114	45	0.022727
114	46	0.017857
114	51	0.020408
114	61	0.023256
114	70	0.024390
114	76	0.026316
114	111	0.028571
114	143	0.052632
114	166	0.047619
114	182	0.058824
114	239	0.055556
114	243	0.062500
114	250	0.071429
114	253	0.055556
114	276	0.052632
114	300	0.066667
114	303	0.062500
114	307	0.066667
114	319	0.071429
114	329	0.071429
114	334	0.071429
114	335	0.071429
114	337	0.071429
115	11	0.034483
115	29	0.013889
115	30	0.013699
115	45	0.022727
115	64	0.021277
115	66	0.022727
115	69	0.033333
115	76	0.026316
115	79	0.047619
115	84	0.043478
115	95	0.027778
115	101	0.041667
115	102	0.031250
115	106	0.037037
115	129	0.045455
115	149	0.040000
115	204	0.055556
115	236	0.047619
115	263	0.058824
115	289	0.062500
115	302	0.066667
115	320	0.071429
115	328	0.066667
116	13	0.022727
116	20	0.011905
116	48	0.020833
116	51	0.020408
116	52	0.023810
116	62	0.032258
116	69	0.033333
116	72	0.033333
116	74	0.026316
116	75	0.031250
116	82	0.025000
116	86	0.038462
116	108	0.040000
116	109	0.038462
116	133	0.035714
116	214	0.045455
116	221	0.050000
116	293	0.066667
116	318	0.066667
116	326	0.071429
116	345	0.071429
117	16	0.008475
117	18	0.008929
117	22	0.013889
117	24	0.010753
117	29	0.013889
117	31	0.015873
117	42	0.021277
117	46	0.017857
117	47	0.019608
117	52	0.023810
117	59	0.025000
117	82	0.025000
117	95	0.027778
117	108	0.040000
117	118	0.052632
117	122	0.035714
117	137	0.045455
117	161	0.045455
117	169	0.047619
117	213	0.062500
117	253	0.055556
117	335	0.071429
117	337	0.071429
117	338	0.071429
118	3	0.016393
118	12	0.022727
118	15	0.009901
118	16	0.008475
118	18	0.008929
118	24	0.010753
118	27	0.017544
118	44	0.020408
118	76	0.026316
118	78	0.030303
118	100	0.047619
118	102	0.031250
118	111	0.028571
118	117	0.041667
118	150	0.041667
118	191	0.041667
118	241	0.052632
118	266	0.062500
118	323	0.066667
119	1	0.031250
119	17	0.007752
119	27	0.017544
119	28	0.014493
119	38	0.022727
119	42	0.021277
119	43	0.017544
119	46	0.017857
119	48	0.020833
119	50	0.025641
119	54	0.025641
119	62	0.032258
119	63	0.029412
119	87	0.030303
119	131	0.047619
119	143	0.052632
119	144	0.045455
119	201	0.045455
119	203	0.062500
119	207	0.041667
119	213	0.062500
119	216	0.066667
119	225	0.055556
119	226	0.058824
119	243	0.062500
119	257	0.055556
119	287	0.062500
119	317	0.071429
119	351	0.071429
120	9	0.020833
120	15	0.009901
120	23	0.014286
120	24	0.010753
120	28	0.014493
120	29	0.013889
120	44	0.020408
120	57	0.023810
120	58	0.021739
120	59	0.025000
120	76	0.026316
120	78	0.030303
120	87	0.030303
120	99	0.034483
120	126	0.040000
120	135	0.050000
120	155	0.055556
120	270	0.066667
120	272	0.058824
120	304	0.062500
120	322	0.071429
120	329	0.071429
121	2	0.023810
121	12	0.022727
121	16	0.008475
121	17	0.007752
121	19	0.014085
121	27	0.017544
121	30	0.013699
121	39	0.019608
121	57	0.023810
121	58	0.021739
121	59	0.025000
121	67	0.029412
121	90	0.030303
121	95	0.027778
121	131	0.047619
121	136	0.058824
121	176	0.047619
121	180	0.062500
121	196	0.052632
121	203	0.062500
121	210	0.062500
121	218	0.050000
121	224	0.055556
121	225	0.055556
121	256	0.055556
121	259	0.055556
121	284	0.071429
121	292	0.071429
121	329	0.071429
121	332	0.066667
121	350	0.071429
122	4	0.025641
122	17	0.007752
122	18	0.008929
122	27	0.017544
122	29	0.013889
122	31	0.015873
122	34	0.022727
122	39	0.019608
122	52	0.023810
122	63	0.029412
122	64	0.021277
122	102	0.031250
122	110	0.045455
122	117	0.041667
122	127	0.047619
122	132	0.047619
122	163	0.047619
122	172	0.047619
122	178	0.043478
122	185	0.041667
122	189	0.066667
122	198	0.052632
122	249	0.050000
122	252	0.055556
122	289	0.062500
122	312	0.066667
122	330	0.071429
122	335	0.071429
123	0	0.008403
123	9	0.020833
123	15	0.009901
123	16	0.008475
123	17	0.007752
123	25	0.015873
123	31	0.015873
123	35	0.012048
123	41	0.017544
123	53	0.027778
123	57	0.023810
123	64	0.021277
123	91	0.040000
123	106	0.037037
123	159	0.041667
123	187	0.052632
123	208	0.052632
123	215	0.052632
123	240	0.058824
123	261	0.062500
123	292	0.071429
123	320	0.071429
123	335	0.071429
124	0	0.008403
124	17	0.007752
124	18	0.008929
124	30	0.013699
124	32	0.023810
124	42	0.021277
124	48	0.020833
124	65	0.026316
124	67	0.029412
124	70	0.024390
124	74	0.026316
124	95	0.027778
124	102	0.031250
124	103	0.050000
124	171	0.052632
124	175	0.058824
124	206	0.055556
124	210	0.062500
124	235	0.058824
124	241	0.052632
124	258	0.052632
124	280	0.062500
125	15	0.009901
125	18	0.008929
125	21	0.010526
125	24	0.010753
125	29	0.013889
125	40	0.017544
125	47	0.019608
125	52	0.023810
125	66	0.022727
125	67	0.029412
125	74	0.026316
125	80	0.029412
125	101	0.041667
125	108	0.040000
125	152	0.037037
125	162	0.052632
125	172	0.047619
125	193	0.058824
125	194	0.058824
125	199	0.058824
125	201	0.045455
125	211	0.050000
125	228	0.066667
125	235	0.058824
125	236	0.047619
125	237	0.062500
125	251	0.062500
125	258	0.052632
125	273	0.066667
125	283	0.066667
125	341	0.071429
125	349	0.071429
126	0	0.008403
126	6	0.013333
126	7	0.017544
126	15	0.009901
126	17	0.007752
126	20	0.011905
126	35	0.012048
126	40	0.017544
126	43	0.017544
126	65	0.026316
126	82	0.025000
126	87	0.030303
126	94	0.033333
126	120	0.045455
126	127	0.047619
126	132	0.047619
126	143	0.052632
126	161	0.045455
126	164	0.043478
126	194	0.058824
126	239	0.055556
126	244	0.066667
126	255	0.066667
126	307	0.066667
126	340	0.066667
127	3	0.016393
127	16	0.008475
127	17	0.007752
127	19	0.014085
127	34	0.022727
127	35	0.012048
127	49	0.017857
127	61	0.023256
127	64	0.021277
127	75	0.031250
127	94	0.033333
127	111	0.028571
127	122	0.035714
127	126	0.040000
127	157	0.066667
127	176	0.047619
127	216	0.066667
127	232	0.052632
127	233	0.055556
127	261	0.062500
127	306	0.055556
128	11	0.034483
128	14	0.045455
128	22	0.013889
128	26	0.020000
128	29	0.013889
128	34	0.022727
128	35	0.012048
128	36	0.018519
128	48	0.020833
128	51	0.020408
128	58	0.021739
128	63	0.029412
128	80	0.029412
128	110	0.045455
128	130	0.038462
128	157	0.066667
128	169	0.047619
128	188	0.052632
128	190	0.052632
128	234	0.062500
128	295	0.066667
128	330	0.071429
128	335	0.071429
128	349	0.071429
129	1	0.031250
129	5	0.043478
129	10	0.014706
129	15	0.009901
129	21	0.010526
129	22	0.013889
129	37	0.017857
129	41	0.017544
129	43	0.017544
129	61	0.023256
129	73	0.027027
129	90	0.030303
129	95	0.027778
129	115	0.043478
129	132	0.047619
129	163	0.047619
129	197	0.050000
129	200	0.066667
129	208	0.052632
129	260	0.058824
129	271	0.058824
129	293	0.066667
130	0	0.008403
130	2	0.023810
130	3	0.016393
130	9	0.020833
130	25	0.015873
130	44	0.020408
130	46	0.017857
130	49	0.017857
130	54	0.025641
130	56	0.018868
130	73	0.027027
130	106	0.037037
130	112	0.041667
130	128	0.041667
130	142	0.058824
130	153	0.045455
130	155	0.055556
130	186	0.043478
130	187	0.052632
130	212	0.052632
130	221	0.050000
130	246	0.058824
130	269	0.062500
130	282	0.062500
130	316	0.071429
130	348	0.071429
131	0	0.008403
131	2	0.023810
131	18	0.008929
131	19	0.014085
131	34	0.022727
131	36	0.018519
131	51	0.020408
131	53	0.027778
131	56	0.018868
131	78	0.030303
131	93	0.027778
131	95	0.027778
131	119	0.034483
131	121	0.032258
131	172	0.047619
131	204	0.055556
131	220	0.062500
131	295	0.066667
131	308	0.066667
131	332	0.066667
131	336	0.071429
132	0	0.008403
132	2	0.023810
132	4	0.025641
132	17	0.007752
132	18	0.008929
132	21	0.010526
132	25	0.015873
132	45	0.022727
132	60	0.029412
132	99	0.034483
132	107	0.030303
132	122	0.035714
132	126	0.040000
132	129	0.045455
132	135	0.050000
132	146	0.040000
132	195	0.055556
132	206	0.055556
132	249	0.050000
132	278	0.062500
132	286	0.071429
133	6	0.013333
133	11	0.034483
133	12	0.022727
133	17	0.007752
133	18	0.008929
133	19	0.014085
133	28	0.014493
133	29	0.013889
133	35	0.012048
133	45	0.022727
133	69	0.033333
133	98	0.037037
133	101	0.041667
133	116	0.047619
133	143	0.052632
133	147	0.043478
133	158	0.041667
133	160	0.045455
133	169	0.047619
133	194	0.058824
133	200	0.066667
133	201	0.045455
133	217	0.066667
133	243	0.062500
133	287	0.062500
133	291	0.066667
133	304	0.062500
133	340	0.066667
134	3	0.016393
134	14	0.045455
134	16	0.008475
134	18	0.008929
134	19	0.014085
134	23	0.014286
134	24	0.010753
134	28	0.014493
134	37	0.017857
134	55	0.020408
134	68	0.029412
134	82	0.025000
134	94	0.033333
134	102	0.031250
134	135	0.050000
134	173	0.050000
134	191	0.041667
134	198	0.052632
134	218	0.050000
134	227	0.052632
134	232	0.052632
134	233	0.055556
134	247	0.062500
134	262	0.062500
134	267	0.066667
134	268	0.066667
134	270	0.066667
134	286	0.071429
134	292	0.071429
135	4	0.025641
135	13	0.022727
135	18	0.008929
135	29	0.013889
135	49	0.017857
135	53	0.027778
135	56	0.018868
135	63	0.029412
135	80	0.029412
135	91	0.040000
135	102	0.031250
135	120	0.045455
135	132	0.047619
135	134	0.034483
135	139	0.047619
135	205	0.052632
135	217	0.066667
135	239	0.055556
135	316	0.071429
135	351	0.071429
136	17	0.007752
136	18	0.008929
136	23	0.014286
136	27	0.017544
136	29	0.013889
136	33	0.026316
136	46	0.017857
136	57	0.023810
136	64	0.021277
136	65	0.026316
136	86	0.038462
136	98	0.037037
136	103	0.050000
136	121	0.032258
136	142	0.058824
136	155	0.055556
136	323	0.066667
137	10	0.014706
137	14	0.045455
137	20	0.011905
137	22	0.013889
137	27	0.017544
137	35	0.012048
137	39	0.019608
137	48	0.020833
137	53	0.027778
137	55	0.020408
137	64	0.021277
137	78	0.030303
137	95	0.027778
137	117	0.041667
137	147	0.043478
137	153	0.045455
137	171	0.052632
137	195	0.055556
137	236	0.047619
137	265	0.066667
137	300	0.066667
137	329	0.071429
138	0	0.008403
138	15	0.009901
138	18	0.008929
138	29	0.013889
138	44	0.020408
138	49	0.017857
138	58	0.021739
138	60	0.029412
138	68	0.029412
138	70	0.024390
138	75	0.031250
138	82	0.025000
138	96	0.034483
138	112	0.041667
138	146	0.040000
138	174	0.047619
138	175	0.058824
138	178	0.043478
138	190	0.052632
138	259	0.055556
138	311	0.066667
138	316	0.071429
138	337	0.071429
138	343	0.071429
139	0	0.008403
139	1	0.031250
139	5	0.043478
139	17	0.007752
139	18	0.008929
139	20	0.011905
139	32	0.023810
139	36	0.018519
139	40	0.017544
139	42	0.021277
139	48	0.020833
139	50	0.025641
139	97	0.045455
139	135	0.050000
139	162	0.052632
139	175	0.058824
139	191	0.041667
139	204	0.055556
139	271	0.058824
139	282	0.062500
139	306	0.055556
140	2	0.023810
140	10	0.014706
140	20	0.011905
140	24	0.010753
140	25	0.015873
140	39	0.019608
140	43	0.017544
140	50	0.025641
140	61	0.023256
140	63	0.029412
140	68	0.029412
140	81	0.030303
140	98	0.037037
140	109	0.038462
140	144	0.045455
140	149	0.040000
140	181	0.052632
140	224	0.055556
140	239	0.055556
140	243	0.062500
140	264	0.066667
140	270	0.066667
140	298	0.066667
141	3	0.016393
141	19	0.014085
141	20	0.011905
141	21	0.010526
141	22	0.013889
141	28	0.014493
141	29	0.013889
141	31	0.015873
141	32	0.023810
141	41	0.017544
141	70	0.024390
141	74	0.026316
141	85	0.026316
141	98	0.037037
141	146	0.040000
141	151	0.071429
141	162	0.052632
141	164	0.043478
141	174	0.047619
141	186	0.043478
141	197	0.050000
141	260	0.058824
141	273	0.066667
141	318	0.066667
141	325	0.066667
142	0	0.008403
142	12	0.022727
142	16	0.008475
142	20	0.011905
142	21	0.010526
142	30	0.013699
142	48	0.020833
142	49	0.017857
142	55	0.020408
142	87	0.030303
142	92	0.028571
142	95	0.027778
142	130	0.038462
142	136	0.058824
142	151	0.071429
142	197	0.050000
142	206	0.055556
143	4	0.025641
143	10	0.014706
143	23	0.014286
143	29	0.013889
143	30	0.013699
143	36	0.018519
143	43	0.017544
143	64	0.021277
143	69	0.033333
143	77	0.033333
143	114	0.033333
143	119	0.034483
143	126	0.040000
143	133	0.035714
143	145	0.047619
143	170	0.043478
143	205	0.052632
143	282	0.062500
143	316	0.071429
144	0	0.008403
144	14	0.045455
144	16	0.008475
144	22	0.013889
144	23	0.014286
144	35	0.012048
144	64	0.021277
144	70	0.024390
144	74	0.026316
144	90	0.030303
144	96	0.034483
144	108	0.040000
144	119	0.034483
144	140	0.043478
144	191	0.041667
144	237	0.062500
144	249	0.050000
144	277	0.058824
144	311	0.066667
144	312	0.066667
144	315	0.071429
144	340	0.066667
145	6	0.013333
145	20	0.011905
145	22	0.013889
145	23	0.014286
145	26	0.020000
145	27	0.017544
145	35	0.012048
145	36	0.018519
145	54	0.025641
145	57	0.023810
145	69	0.033333
145	78	0.030303
145	109	0.038462
145	143	0.052632
145	208	0.052632
145	223	0.055556
145	230	0.066667
145	250	0.071429
145	280	0.062500
145	295	0.066667
145	350	0.071429
146	2	0.023810
146	24	0.010753
146	28	0.014493
146	49	0.017857
146	86	0.038462
146	88	0.034483
146	92	0.028571
146	104	0.047619
146	106	0.037037
146	111	0.028571
146	112	0.041667
146	132	0.047619
146	138	0.041667
146	141	0.040000
146	154	0.038462
146	166	0.047619
146	175	0.058824
146	217	0.066667
146	220	0.062500
146	233	0.055556
146	238	0.062500
146	275	0.062500
146	305	0.066667
146	324	0.066667
146	333	0.066667
147	6	0.013333
147	10	0.014706
147	11	0.034483
147	12	0.022727
147	20	0.011905
147	35	0.012048
147	41	0.017544
147	49	0.017857
147	57	0.023810
147	72	0.033333
147	85	0.026316
147	89	0.058824
147	133	0.035714
147	137	0.045455
147	154	0.038462
147	155	0.055556
147	161	0.045455
147	195	0.055556
147	197	0.050000
147	206	0.055556
147	213	0.062500
147	249	0.050000
147	302	0.066667
148	6	0.013333
148	11	0.034483
148	15	0.009901
148	18	0.008929
148	21	0.010526
148	24	0.010753
148	30	0.013699
148	40	0.017544
148	54	0.025641
148	65	0.026316
148	70	0.024390
148	74	0.026316
148	75	0.031250
148	111	0.028571
148	156	0.062500
148	188	0.052632
148	205	0.052632
148	216	0.066667
149	0	0.008403
149	3	0.016393
149	6	0.013333
149	12	0.022727
149	13	0.022727
149	15	0.009901
149	17	0.007752
149	50	0.025641
149	56	0.018868
149	67	0.029412
149	108	0.040000
149	113	0.037037
149	115	0.043478
149	140	0.043478
149	152	0.037037
149	162	0.052632
149	168	0.052632
149	195	0.055556
149	227	0.052632
149	231	0.066667
149	233	0.055556
149	246	0.058824
149	291	0.066667
149	316	0.071429
149	317	0.071429
150	3	0.016393
150	9	0.020833
150	15	0.009901
150	21	0.010526
150	28	0.014493
150	41	0.017544
150	42	0.021277
150	57	0.023810
150	58	0.021739
150	59	0.025000
150	64	0.021277
150	65	0.026316
150	107	0.030303
150	118	0.052632
150	156	0.062500
150	165	0.047619
150	181	0.052632
150	187	0.052632
150	201	0.045455
150	217	0.066667
150	229	0.052632
150	303	0.062500
150	328	0.066667
150	329	0.071429
151	0	0.008403
151	4	0.025641
151	6	0.013333
151	12	0.022727
151	17	0.007752
151	20	0.011905
151	30	0.013699
151	36	0.018519
151	67	0.029412
151	87	0.030303
151	101	0.041667
151	111	0.028571
151	141	0.040000
151	142	0.058824
152	12	0.022727
152	16	0.008475
152	17	0.007752
152	24	0.010753
152	43	0.017544
152	44	0.020408
152	48	0.020833
152	63	0.029412
152	70	0.024390
152	81	0.030303
152	103	0.050000
152	107	0.030303
152	125	0.031250
152	149	0.040000
152	155	0.055556
152	160	0.045455
152	183	0.047619
152	207	0.041667
152	212	0.052632
152	225	0.055556
152	228	0.066667
152	231	0.066667
152	232	0.052632
152	233	0.055556
152	262	0.062500
152	305	0.066667
152	314	0.062500
153	17	0.007752
153	21	0.010526
153	28	0.014493
153	30	0.013699
153	35	0.012048
153	36	0.018519
153	43	0.017544
153	47	0.019608
153	74	0.026316
153	85	0.026316
153	87	0.030303
153	113	0.037037
153	130	0.038462
153	137	0.045455
153	154	0.038462
153	166	0.047619
153	200	0.066667
153	250	0.071429
153	286	0.071429
153	309	0.062500
153	313	0.066667
153	314	0.062500
154	3	0.016393
154	18	0.008929
154	28	0.014493
154	52	0.023810
154	55	0.020408
154	58	0.021739
154	60	0.029412
154	61	0.023256
154	81	0.030303
154	95	0.027778
154	104	0.047619
154	146	0.040000
154	147	0.043478
154	153	0.045455
154	182	0.058824
154	189	0.066667
154	200	0.066667
154	201	0.045455
154	224	0.055556
154	244	0.066667
154	294	0.058824
154	296	0.055556
154	304	0.062500
154	327	0.066667
154	333	0.066667
154	348	0.071429
155	2	0.023810
155	8	0.027027
155	9	0.020833
155	10	0.014706
155	30	0.013699
155	52	0.023810
155	58	0.021739
155	91	0.040000
155	93	0.027778
155	120	0.045455
155	130	0.038462
155	136	0.058824
155	147	0.043478
155	152	0.037037
155	196	0.052632
155	265	0.066667
155	283	0.066667
155	312	0.066667
156	16	0.008475
156	17	0.007752
156	18	0.008929
156	22	0.013889
156	31	0.015873
156	32	0.023810
156	35	0.012048
156	39	0.019608
156	55	0.020408
156	74	0.026316
156	86	0.038462
156	92	0.028571
156	148	0.055556
156	150	0.041667
156	181	0.052632
156	185	0.041667
157	7	0.017544
157	16	0.008475
157	17	0.007752
157	26	0.020000
157	29	0.013889
157	42	0.021277
157	49	0.017857
157	50	0.025641
157	55	0.020408
157	68	0.029412
157	88	0.034483
157	90	0.030303
157	127	0.047619
157	128	0.041667
157	282	0.062500
158	0	0.008403
158	24	0.010753
158	27	0.017544
158	35	0.012048
158	50	0.025641
158	56	0.018868
158	58	0.021739
158	63	0.029412
158	87	0.030303
158	94	0.033333
158	96	0.034483
158	106	0.037037
158	113	0.037037
158	133	0.035714
158	172	0.047619
158	207	0.041667
158	228	0.066667
158	232	0.052632
158	249	0.050000
158	287	0.062500
158	313	0.066667
158	323	0.066667
158	329	0.071429
158	338	0.071429
159	7	0.017544
159	13	0.022727
159	16	0.008475
159	17	0.007752
159	21	0.010526
159	31	0.015873
159	37	0.017857
159	40	0.017544
159	57	0.023810
159	58	0.021739
159	60	0.029412
159	85	0.026316
159	86	0.038462
159	123	0.043478
159	161	0.045455
159	174	0.047619
159	178	0.043478
159	186	0.043478
159	216	0.066667
159	241	0.052632
159	283	0.066667
159	311	0.066667
159	314	0.062500
159	332	0.066667
160	11	0.034483
160	16	0.008475
160	19	0.014085
160	20	0.011905
160	25	0.015873
160	31	0.015873
160	36	0.018519
160	60	0.029412
160	68	0.029412
160	69	0.033333
160	75	0.031250
160	101	0.041667
160	133	0.035714
160	152	0.037037
160	174	0.047619
160	207	0.041667
160	211	0.050000
160	231	0.066667
160	247	0.062500
160	255	0.066667
160	302	0.066667
160	317	0.071429
161	17	0.007752
161	18	0.008929
161	21	0.010526
161	43	0.017544
161	58	0.021739
161	77	0.033333
161	87	0.030303
161	99	0.034483
161	108	0.040000
161	112	0.041667
161	117	0.041667
161	126	0.040000
161	147	0.043478
161	159	0.041667
161	164	0.043478
161	185	0.041667
161	208	0.052632
161	223	0.055556
161	224	0.055556
161	246	0.058824
161	257	0.055556
161	302	0.066667
162	3	0.016393
162	6	0.013333
162	27	0.017544
162	30	0.013699
162	76	0.026316
162	80	0.029412
162	95	0.027778
162	96	0.034483
162	111	0.028571
162	113	0.037037
162	125	0.031250
162	139	0.047619
162	141	0.040000
162	149	0.040000
162	167	0.038462
162	178	0.043478
162	307	0.066667
162	341	0.071429
162	350	0.071429
163	15	0.009901
163	26	0.020000
163	40	0.017544
163	45	0.022727
163	57	0.023810
163	59	0.025000
163	73	0.027027
163	84	0.043478
163	87	0.030303
163	88	0.034483
163	106	0.037037
163	112	0.041667
163	122	0.035714
163	129	0.045455
163	186	0.043478
163	209	0.045455
163	220	0.062500
163	225	0.055556
163	257	0.055556
163	264	0.066667
163	288	0.071429
164	0	0.008403
164	1	0.031250
164	7	0.017544
164	21	0.010526
164	25	0.015873
164	32	0.023810
164	37	0.017857
164	47	0.019608
164	56	0.018868
164	82	0.025000
164	111	0.028571
164	126	0.040000
164	141	0.040000
164	161	0.045455
164	188	0.052632
164	196	0.052632
164	248	0.062500
164	271	0.058824
164	275	0.062500
164	297	0.066667
164	327	0.066667
164	340	0.066667
164	342	0.071429
165	6	0.013333
165	7	0.017544
165	26	0.020000
165	28	0.014493
165	34	0.022727
165	35	0.012048
165	39	0.019608
165	43	0.017544
165	46	0.017857
165	66	0.022727
165	73	0.027027
165	87	0.030303
165	106	0.037037
165	150	0.041667
165	177	0.050000
165	181	0.052632
165	189	0.066667
165	201	0.045455
165	212	0.052632
165	305	0.066667
165	332	0.066667
166	10	0.014706
166	17	0.007752
166	21	0.010526
166	25	0.015873
166	27	0.017544
166	31	0.015873
166	33	0.026316
166	37	0.017857
166	47	0.019608
166	85	0.026316
166	98	0.037037
166	114	0.033333
166	146	0.040000
166	153	0.045455
166	175	0.058824
166	211	0.050000
166	251	0.062500
166	271	0.058824
166	313	0.066667
166	322	0.071429
166	336	0.071429
167	0	0.008403
167	3	0.016393
167	8	0.027027
167	10	0.014706
167	13	0.022727
167	18	0.008929
167	29	0.013889
167	34	0.022727
167	40	0.017544
167	41	0.017544
167	61	0.023256
167	66	0.022727
167	112	0.041667
167	162	0.052632
167	182	0.058824
167	191	0.041667
167	203	0.062500
167	214	0.045455
167	219	0.052632
167	220	0.062500
167	248	0.062500
167	263	0.058824
167	280	0.062500
167	289	0.062500
167	305	0.066667
167	330	0.071429
168	3	0.016393
168	6	0.013333
168	15	0.009901
168	27	0.017544
168	32	0.023810
168	34	0.022727
168	42	0.021277
168	46	0.017857
168	52	0.023810
168	56	0.018868
168	59	0.025000
168	74	0.026316
168	111	0.028571
168	149	0.040000
168	227	0.052632
168	277	0.058824
168	294	0.058824
168	309	0.062500
168	345	0.071429
169	0	0.008403
169	7	0.017544
169	17	0.007752
169	19	0.014085
169	63	0.029412
169	64	0.021277
169	68	0.029412
169	72	0.033333
169	74	0.026316
169	88	0.034483
169	92	0.028571
169	117	0.041667
169	128	0.041667
169	133	0.035714
169	170	0.043478
169	182	0.058824
169	208	0.052632
169	234	0.062500
169	248	0.062500
169	262	0.062500
169	285	0.066667
170	17	0.007752
170	18	0.008929
170	26	0.020000
170	35	0.012048
170	40	0.017544
170	54	0.025641
170	56	0.018868
170	58	0.021739
170	60	0.029412
170	66	0.022727
170	107	0.030303
170	109	0.038462
170	143	0.052632
170	169	0.047619
170	181	0.052632
170	199	0.058824
170	231	0.066667
170	239	0.055556
170	240	0.058824
170	258	0.052632
170	261	0.062500
170	298	0.066667
170	318	0.066667
171	0	0.008403
171	4	0.025641
171	6	0.013333
171	30	0.013699
171	43	0.017544
171	47	0.019608
171	56	0.018868
171	57	0.023810
171	61	0.023256
171	99	0.034483
171	104	0.047619
171	111	0.028571
171	124	0.045455
171	137	0.045455
171	182	0.058824
171	186	0.043478
171	224	0.055556
171	345	0.071429
171	350	0.071429
172	14	0.045455
172	16	0.008475
172	33	0.026316
172	43	0.017544
172	56	0.018868
172	58	0.021739
172	80	0.029412
172	83	0.045455
172	94	0.033333
172	112	0.041667
172	122	0.035714
172	125	0.031250
172	131	0.047619
172	158	0.041667
172	184	0.047619
172	187	0.052632
172	192	0.066667
172	196	0.052632
172	274	0.066667
172	299	0.071429
172	317	0.071429
173	7	0.017544
173	16	0.008475
173	20	0.011905
173	24	0.010753
173	27	0.017544
173	28	0.014493
173	35	0.012048
173	51	0.020408
173	54	0.025641
173	59	0.025000
173	82	0.025000
173	102	0.031250
173	107	0.030303
173	134	0.034483
173	187	0.052632
173	220	0.062500
173	233	0.055556
173	240	0.058824
173	267	0.066667
173	296	0.055556
174	6	0.013333
174	16	0.008475
174	24	0.010753
174	25	0.015873
174	30	0.013699
174	35	0.012048
174	37	0.017857
174	95	0.027778
174	107	0.030303
174	113	0.037037
174	138	0.041667
174	141	0.040000
174	159	0.041667
174	160	0.045455
174	222	0.052632
174	223	0.055556
174	275	0.062500
174	280	0.062500
174	324	0.066667
174	335	0.071429
174	351	0.071429
175	15	0.009901
175	17	0.007752
175	31	0.015873
175	35	0.012048
175	39	0.019608
175	80	0.029412
175	84	0.043478
175	105	0.043478
175	111	0.028571
175	124	0.045455
175	138	0.041667
175	139	0.047619
175	146	0.040000
175	166	0.047619
175	185	0.041667
175	207	0.041667
175	342	0.071429
176	0	0.008403
176	3	0.016393
176	16	0.008475
176	21	0.010526
176	38	0.022727
176	43	0.017544
176	45	0.022727
176	48	0.020833
176	76	0.026316
176	87	0.030303
176	92	0.028571
176	103	0.050000
176	121	0.032258
176	127	0.047619
176	195	0.055556
176	234	0.062500
176	242	0.050000
176	253	0.055556
176	271	0.058824
176	277	0.058824
176	327	0.066667
177	2	0.023810
177	9	0.020833
177	17	0.007752
177	23	0.014286
177	29	0.013889
177	35	0.012048
177	46	0.017857
177	48	0.020833
177	56	0.018868
177	59	0.025000
177	72	0.033333
177	88	0.034483
177	107	0.030303
177	165	0.047619
177	178	0.043478
177	180	0.062500
177	233	0.055556
177	285	0.066667
177	324	0.066667
177	339	0.066667
178	16	0.008475
178	17	0.007752
178	26	0.020000
178	36	0.018519
178	46	0.017857
178	49	0.017857
178	62	0.032258
178	70	0.024390
178	84	0.043478
178	122	0.035714
178	138	0.041667
178	159	0.041667
178	162	0.052632
178	177	0.050000
178	199	0.058824
178	214	0.045455
178	223	0.055556
178	274	0.066667
178	299	0.071429
178	301	0.055556
178	315	0.071429
178	321	0.071429
178	329	0.071429
179	15	0.009901
179	16	0.008475
179	17	0.007752
179	21	0.010526
179	23	0.014286
179	35	0.012048
179	36	0.018519
179	44	0.020408
179	45	0.022727
179	55	0.020408
179	62	0.032258
179	86	0.038462
179	92	0.028571
179	107	0.030303
179	210	0.062500
179	253	0.055556
179	276	0.052632
179	282	0.062500
179	290	0.066667
179	296	0.055556
180	2	0.023810
180	3	0.016393
180	8	0.027027
180	12	0.022727
180	13	0.022727
180	24	0.010753
180	35	0.012048
180	37	0.017857
180	52	0.023810
180	77	0.033333
180	85	0.026316
180	93	0.027778
180	121	0.032258
180	177	0.050000
180	279	0.062500
180	341	0.071429
181	21	0.010526
181	25	0.015873
181	28	0.014493
181	39	0.019608
181	66	0.022727
181	68	0.029412
181	82	0.025000
181	95	0.027778
181	102	0.031250
181	140	0.043478
181	150	0.041667
181	156	0.062500
181	165	0.047619
181	170	0.043478
181	209	0.045455
181	216	0.066667
181	295	0.066667
181	296	0.055556
181	325	0.066667
182	16	0.008475
182	37	0.017857
182	60	0.029412
182	63	0.029412
182	78	0.030303
182	93	0.027778
182	98	0.037037
182	100	0.047619
182	107	0.030303
182	114	0.033333
182	154	0.038462
182	167	0.038462
182	169	0.047619
182	171	0.052632
182	238	0.062500
182	276	0.052632
182	326	0.071429
183	1	0.031250
183	18	0.008929
183	21	0.010526
183	23	0.014286
183	24	0.010753
183	25	0.015873
183	30	0.013699
183	35	0.012048
183	46	0.017857
183	49	0.017857
183	64	0.021277
183	109	0.038462
183	113	0.037037
183	152	0.037037
183	191	0.041667
183	209	0.045455
183	247	0.062500
183	259	0.055556
183	280	0.062500
183	300	0.066667
183	303	0.062500
184	36	0.018519
184	38	0.022727
184	40	0.017544
184	45	0.022727
184	47	0.019608
184	51	0.020408
184	55	0.020408
184	56	0.018868
184	73	0.027027
184	74	0.026316
184	78	0.030303
184	90	0.030303
184	100	0.047619
184	172	0.047619
184	200	0.066667
184	207	0.041667
184	217	0.066667
184	269	0.062500
184	334	0.071429
184	347	0.071429
184	348	0.071429
185	4	0.025641
185	23	0.014286
185	24	0.010753
185	47	0.019608
185	48	0.020833
185	49	0.017857
185	63	0.029412
185	91	0.040000
185	93	0.027778
185	96	0.034483
185	122	0.035714
185	156	0.062500
185	161	0.045455
185	175	0.058824
185	197	0.050000
185	231	0.066667
185	233	0.055556
185	238	0.062500
185	255	0.066667
185	263	0.058824
185	293	0.066667
185	308	0.066667
185	341	0.071429
185	347	0.071429
186	8	0.027027
186	9	0.020833
186	19	0.014085
186	21	0.010526
186	35	0.012048
186	42	0.021277
186	48	0.020833
186	49	0.017857
186	80	0.029412
186	130	0.038462
186	141	0.040000
186	159	0.041667
186	163	0.047619
186	171	0.052632
186	207	0.041667
186	218	0.050000
186	229	0.052632
186	251	0.062500
186	281	0.066667
186	303	0.062500
186	304	0.062500
186	321	0.071429
186	339	0.066667
187	17	0.007752
187	18	0.008929
187	24	0.010753
187	29	0.013889
187	41	0.017544
187	43	0.017544
187	73	0.027027
187	78	0.030303
187	100	0.047619
187	123	0.043478
187	130	0.038462
187	150	0.041667
187	172	0.047619
187	173	0.050000
187	189	0.066667
187	198	0.052632
187	215	0.052632
187	254	0.055556
187	274	0.066667
188	9	0.020833
188	15	0.009901
188	43	0.017544
188	52	0.023810
188	55	0.020408
188	75	0.031250
188	76	0.026316
188	85	0.026316
188	93	0.027778
188	94	0.033333
188	95	0.027778
188	128	0.041667
188	148	0.055556
188	164	0.043478
188	210	0.062500
188	215	0.052632
188	260	0.058824
188	311	0.066667
188	338	0.071429
189	16	0.008475
189	18	0.008929
189	23	0.014286
189	36	0.018519
189	38	0.022727
189	55	0.020408
189	59	0.025000
189	72	0.033333
189	85	0.026316
189	107	0.030303
189	122	0.035714
189	154	0.038462
189	165	0.047619
189	187	0.052632
189	280	0.062500
190	7	0.017544
190	20	0.011905
190	26	0.020000
190	38	0.022727
190	49	0.017857
190	51	0.020408
190	53	0.027778
190	68	0.029412
190	81	0.030303
190	92	0.028571
190	93	0.027778
190	96	0.034483
190	128	0.041667
190	138	0.041667
190	198	0.052632
190	216	0.066667
190	240	0.058824
190	266	0.062500
190	299	0.071429
191	0	0.008403
191	6	0.013333
191	23	0.014286
191	34	0.022727
191	77	0.033333
191	101	0.041667
191	108	0.040000
191	110	0.045455
191	118	0.052632
191	134	0.034483
191	139	0.047619
191	144	0.045455
191	167	0.038462
191	183	0.047619
191	204	0.055556
191	230	0.066667
191	231	0.066667
191	235	0.058824
191	250	0.071429
191	268	0.066667
191	285	0.066667
191	292	0.071429
191	306	0.055556
191	351	0.071429
192	7	0.017544
192	9	0.020833
192	15	0.009901
192	17	0.007752
192	38	0.022727
192	48	0.020833
192	49	0.017857
192	59	0.025000
192	68	0.029412
192	70	0.024390
192	75	0.031250
192	96	0.034483
192	111	0.028571
192	172	0.047619
192	206	0.055556
193	11	0.034483
193	15	0.009901
193	18	0.008929
193	19	0.014085
193	25	0.015873
193	41	0.017544
193	44	0.020408
193	47	0.019608
193	63	0.029412
193	64	0.021277
193	70	0.024390
193	77	0.033333
193	99	0.034483
193	125	0.031250
193	270	0.066667
193	328	0.066667
193	333	0.066667
194	14	0.045455
194	25	0.015873
194	38	0.022727
194	40	0.017544
194	41	0.017544
194	49	0.017857
194	57	0.023810
194	61	0.023256
194	87	0.030303
194	91	0.040000
194	98	0.037037
194	125	0.031250
194	126	0.040000
194	133	0.035714
194	211	0.050000
194	226	0.058824
194	229	0.052632
195	3	0.016393
195	5	0.043478
195	9	0.020833
195	20	0.011905
195	30	0.013699
195	35	0.012048
195	37	0.017857
195	66	0.022727
195	90	0.030303
195	132	0.047619
195	137	0.045455
195	147	0.043478
195	149	0.040000
195	176	0.047619
195	244	0.066667
195	275	0.062500
195	282	0.062500
195	285	0.066667
196	0	0.008403
196	15	0.009901
196	22	0.013889
196	23	0.014286
196	24	0.010753
196	29	0.013889
196	43	0.017544
196	47	0.019608
196	56	0.018868
196	86	0.038462
196	121	0.032258
196	155	0.055556
196	164	0.043478
196	172	0.047619
196	209	0.045455
196	236	0.047619
196	264	0.066667
196	305	0.066667
196	318	0.066667
197	0	0.008403
197	9	0.020833
197	36	0.018519
197	40	0.017544
197	43	0.017544
197	52	0.023810
197	59	0.025000
197	66	0.022727
197	85	0.026316
197	129	0.045455
197	141	0.040000
197	142	0.058824
197	147	0.043478
197	185	0.041667
197	223	0.055556
197	236	0.047619
197	298	0.066667
197	309	0.062500
197	327	0.066667
197	338	0.071429
198	15	0.009901
198	18	0.008929
198	24	0.010753
198	32	0.023810
198	38	0.022727
198	39	0.019608
198	51	0.020408
198	60	0.029412
198	61	0.023256
198	76	0.026316
198	122	0.035714
198	134	0.034483
198	187	0.052632
198	190	0.052632
198	235	0.058824
198	282	0.062500
198	300	0.066667
198	308	0.066667
198	323	0.066667
199	2	0.023810
199	7	0.017544
199	16	0.008475
199	21	0.010526
199	27	0.017544
199	31	0.015873
199	49	0.017857
199	74	0.026316
199	76	0.026316
199	79	0.047619
199	91	0.040000
199	125	0.031250
199	170	0.043478
199	178	0.043478
199	252	0.055556
199	301	0.055556
199	345	0.071429
200	0	0.008403
200	23	0.014286
200	32	0.023810
200	35	0.012048
200	42	0.021277
200	62	0.032258
200	64	0.021277
200	75	0.031250
200	83	0.045455
200	129	0.045455
200	133	0.035714
200	153	0.045455
200	154	0.038462
200	184	0.047619
200	217	0.066667
201	6	0.013333
201	7	0.017544
201	10	0.014706
201	16	0.008475
201	28	0.014493
201	44	0.020408
201	64	0.021277
201	73	0.027027
201	119	0.034483
201	125	0.031250
201	133	0.035714
201	150	0.041667
201	154	0.038462
201	165	0.047619
201	238	0.062500
201	242	0.050000
201	251	0.062500
201	271	0.058824
201	302	0.066667
201	303	0.062500
201	333	0.066667
201	337	0.071429
202	9	0.020833
202	15	0.009901
202	17	0.007752
202	19	0.014085
202	24	0.010753
202	26	0.020000
202	37	0.017857
202	39	0.019608
202	46	0.017857
202	48	0.020833
202	49	0.017857
202	61	0.023256
202	78	0.030303
202	86	0.038462
202	224	0.055556
202	332	0.066667
203	7	0.017544
203	10	0.014706
203	14	0.045455
203	18	0.008929
203	19	0.014085
203	29	0.013889
203	45	0.022727
203	64	0.021277
203	74	0.026316
203	85	0.026316
203	93	0.027778
203	119	0.034483
203	121	0.032258
203	167	0.038462
203	228	0.066667
203	334	0.071429
204	10	0.014706
204	16	0.008475
204	20	0.011905
204	21	0.010526
204	23	0.014286
204	26	0.020000
204	31	0.015873
204	39	0.019608
204	61	0.023256
204	66	0.022727
204	115	0.043478
204	131	0.047619
204	139	0.047619
204	191	0.041667
204	231	0.066667
204	292	0.071429
204	322	0.071429
204	341	0.071429
205	13	0.022727
205	15	0.009901
205	16	0.008475
205	24	0.010753
205	29	0.013889
205	37	0.017857
205	53	0.027778
205	54	0.025641
205	55	0.020408
205	90	0.030303
205	96	0.034483
205	135	0.050000
205	143	0.052632
205	148	0.055556
205	211	0.050000
205	224	0.055556
205	234	0.062500
205	287	0.062500
205	320	0.071429
206	0	0.008403
206	10	0.014706
206	21	0.010526
206	30	0.013699
206	42	0.021277
206	72	0.033333
206	73	0.027027
206	85	0.026316
206	88	0.034483
206	124	0.045455
206	132	0.047619
206	142	0.058824
206	147	0.043478
206	192	0.066667
206	224	0.055556
206	229	0.052632
206	283	0.066667
206	307	0.066667
207	18	0.008929
207	20	0.011905
207	24	0.010753
207	30	0.013699
207	57	0.023810
207	60	0.029412
207	71	0.034483
207	119	0.034483
207	152	0.037037
207	158	0.041667
207	160	0.045455
207	175	0.058824
207	184	0.047619
207	186	0.043478
207	224	0.055556
207	267	0.066667
207	273	0.066667
207	278	0.062500
207	290	0.066667
207	310	0.062500
207	311	0.066667
207	317	0.071429
207	344	0.071429
207	346	0.066667
208	13	0.022727
208	15	0.009901
208	16	0.008475
208	20	0.011905
208	29	0.013889
208	37	0.017857
208	40	0.017544
208	74	0.026316
208	95	0.027778
208	123	0.043478
208	129	0.045455
208	145	0.047619
208	161	0.045455
208	169	0.047619
208	235	0.058824
208	300	0.066667
208	302	0.066667
208	304	0.062500
208	351	0.071429
209	0	0.008403
209	9	0.020833
209	21	0.010526
209	29	0.013889
209	31	0.015873
209	44	0.020408
209	51	0.020408
209	52	0.023810
209	53	0.027778
209	58	0.021739
209	163	0.047619
209	181	0.052632
209	183	0.047619
209	196	0.052632
209	211	0.050000
209	219	0.052632
209	220	0.062500
209	231	0.066667
209	264	0.066667
209	282	0.062500
209	292	0.071429
209	337	0.071429
210	16	0.008475
210	17	0.007752
210	18	0.008929
210	21	0.010526
210	33	0.026316
210	66	0.022727
210	70	0.024390
210	92	0.028571
210	97	0.045455
210	108	0.040000
210	121	0.032258
210	124	0.045455
210	179	0.050000
210	188	0.052632
210	235	0.058824
210	331	0.066667
211	3	0.016393
211	4	0.025641
211	7	0.017544
211	18	0.008929
211	23	0.014286
211	28	0.014493
211	38	0.022727
211	88	0.034483
211	125	0.031250
211	160	0.045455
211	166	0.047619
211	194	0.058824
211	205	0.052632
211	209	0.045455
211	266	0.062500
211	279	0.062500
211	283	0.066667
211	293	0.066667
211	299	0.071429
211	320	0.071429
212	16	0.008475
212	18	0.008929
212	19	0.014085
212	20	0.011905
212	25	0.015873
212	30	0.013699
212	32	0.023810
212	35	0.012048
212	43	0.017544
212	76	0.026316
212	105	0.043478
212	130	0.038462
212	152	0.037037
212	165	0.047619
212	279	0.062500
212	303	0.062500
212	319	0.071429
212	334	0.071429
212	350	0.071429
213	0	0.008403
213	4	0.025641
213	16	0.008475
213	32	0.023810
213	33	0.026316
213	38	0.022727
213	47	0.019608
213	58	0.021739
213	69	0.033333
213	81	0.030303
213	97	0.045455
213	117	0.041667
213	119	0.034483
213	147	0.043478
213	290	0.066667
213	350	0.071429
214	1	0.031250
214	2	0.023810
214	3	0.016393
214	15	0.009901
214	17	0.007752
214	23	0.014286
214	45	0.022727
214	64	0.021277
214	73	0.027027
214	93	0.027778
214	106	0.037037
214	116	0.047619
214	167	0.038462
214	178	0.043478
214	220	0.062500
214	243	0.062500
214	256	0.055556
214	263	0.058824
214	284	0.071429
214	290	0.066667
214	297	0.066667
214	320	0.071429
215	9	0.020833
215	10	0.014706
215	13	0.022727
215	17	0.007752
215	38	0.022727
215	45	0.022727
215	66	0.022727
215	67	0.029412
215	68	0.029412
215	88	0.034483
215	113	0.037037
215	123	0.043478
215	187	0.052632
215	188	0.052632
215	218	0.050000
215	260	0.058824
215	272	0.058824
215	302	0.066667
215	324	0.066667
216	6	0.013333
216	24	0.010753
216	28	0.014493
216	41	0.017544
216	59	0.025000
216	66	0.022727
216	92	0.028571
216	106	0.037037
216	119	0.034483
216	127	0.047619
216	148	0.055556
216	159	0.041667
216	181	0.052632
216	190	0.052632
216	218	0.050000
217	11	0.034483
217	13	0.022727
217	21	0.010526
217	31	0.015873
217	46	0.017857
217	53	0.027778
217	78	0.030303
217	106	0.037037
217	133	0.035714
217	135	0.050000
217	146	0.040000
217	150	0.041667
217	184	0.047619
217	200	0.066667
217	233	0.055556
218	20	0.011905
218	30	0.013699
218	36	0.018519
218	39	0.019608
218	40	0.017544
218	52	0.023810
218	78	0.030303
218	90	0.030303
218	99	0.034483
218	121	0.032258
218	134	0.034483
218	186	0.043478
218	215	0.052632
218	216	0.066667
218	244	0.066667
218	245	0.058824
218	261	0.062500
218	305	0.066667
218	317	0.071429
218	328	0.066667
219	0	0.008403
219	10	0.014706
219	15	0.009901
219	19	0.014085
219	25	0.015873
219	31	0.015873
219	37	0.017857
219	52	0.023810
219	64	0.021277
219	71	0.034483
219	73	0.027027
219	83	0.045455
219	167	0.038462
219	209	0.045455
219	234	0.062500
219	298	0.066667
219	323	0.066667
219	326	0.071429
219	331	0.066667
220	7	0.017544
220	13	0.022727
220	14	0.045455
220	20	0.011905
220	36	0.018519
220	87	0.030303
220	104	0.047619
220	131	0.047619
220	146	0.040000
220	163	0.047619
220	167	0.038462
220	173	0.050000
220	209	0.045455
220	214	0.045455
220	258	0.052632
220	307	0.066667
221	12	0.022727
221	13	0.022727
221	18	0.008929
221	23	0.014286
221	27	0.017544
221	28	0.014493
221	29	0.013889
221	49	0.017857
221	55	0.020408
221	56	0.018868
221	57	0.023810
221	68	0.029412
221	116	0.047619
221	130	0.038462
221	227	0.052632
221	243	0.062500
221	253	0.055556
221	267	0.066667
221	290	0.066667
221	314	0.062500
222	7	0.017544
222	17	0.007752
222	39	0.019608
222	42	0.021277
222	47	0.019608
222	55	0.020408
222	70	0.024390
222	76	0.026316
222	83	0.045455
222	91	0.040000
222	92	0.028571
222	94	0.033333
222	113	0.037037
222	174	0.047619
222	238	0.062500
222	242	0.050000
222	268	0.066667
222	342	0.071429
222	344	0.071429
223	18	0.008929
223	23	0.014286
223	32	0.023810
223	35	0.012048
223	46	0.017857
223	52	0.023810
223	60	0.029412
223	97	0.045455
223	111	0.028571
223	145	0.047619
223	161	0.045455
223	174	0.047619
223	178	0.043478
223	197	0.050000
223	262	0.062500
223	275	0.062500
223	300	0.066667
223	345	0.071429
224	10	0.014706
224	19	0.014085
224	26	0.020000
224	32	0.023810
224	67	0.029412
224	121	0.032258
224	140	0.043478
224	154	0.038462
224	161	0.045455
224	171	0.052632
224	202	0.062500
224	205	0.052632
224	206	0.055556
224	207	0.041667
224	286	0.071429
224	308	0.066667
224	311	0.066667
224	348	0.071429
225	13	0.022727
225	20	0.011905
225	21	0.010526
225	22	0.013889
225	36	0.018519
225	41	0.017544
225	46	0.017857
225	66	0.022727
225	84	0.043478
225	100	0.047619
225	119	0.034483
225	121	0.032258
225	152	0.037037
225	163	0.047619
225	252	0.055556
225	271	0.058824
225	275	0.062500
225	282	0.062500
226	2	0.023810
226	8	0.027027
226	9	0.020833
226	12	0.022727
226	13	0.022727
226	22	0.013889
226	25	0.015873
226	58	0.021739
226	61	0.023256
226	68	0.029412
226	95	0.027778
226	102	0.031250
226	119	0.034483
226	194	0.058824
226	244	0.066667
226	280	0.062500
226	315	0.071429
227	0	0.008403
227	7	0.017544
227	17	0.007752
227	33	0.026316
227	40	0.017544
227	43	0.017544
227	58	0.021739
227	71	0.034483
227	103	0.050000
227	107	0.030303
227	134	0.034483
227	149	0.040000
227	168	0.052632
227	221	0.050000
227	247	0.062500
227	255	0.066667
227	293	0.066667
227	327	0.066667
227	339	0.066667
228	5	0.043478
228	6	0.013333
228	10	0.014706
228	16	0.008475
228	31	0.015873
228	33	0.026316
228	34	0.022727
228	56	0.018868
228	67	0.029412
228	94	0.033333
228	125	0.031250
228	152	0.037037
228	158	0.041667
228	203	0.062500
228	322	0.071429
229	16	0.008475
229	20	0.011905
229	29	0.013889
229	35	0.012048
229	39	0.019608
229	56	0.018868
229	71	0.034483
229	73	0.027027
229	96	0.034483
229	109	0.038462
229	150	0.041667
229	186	0.043478
229	194	0.058824
229	206	0.055556
229	249	0.050000
229	280	0.062500
229	297	0.066667
229	299	0.071429
229	337	0.071429
230	0	0.008403
230	15	0.009901
230	18	0.008929
230	24	0.010753
230	30	0.013699
230	31	0.015873
230	32	0.023810
230	36	0.018519
230	50	0.025641
230	51	0.020408
230	62	0.032258
230	80	0.029412
230	145	0.047619
230	191	0.041667
230	258	0.052632
231	5	0.043478
231	16	0.008475
231	24	0.010753
231	30	0.013699
231	75	0.031250
231	92	0.028571
231	149	0.040000
231	152	0.037037
231	160	0.045455
231	170	0.043478
231	185	0.041667
231	191	0.041667
231	204	0.055556
231	209	0.045455
231	238	0.062500
232	4	0.025641
232	17	0.007752
232	40	0.017544
232	48	0.020833
232	49	0.017857
232	66	0.022727
232	69	0.033333
232	85	0.026316
232	101	0.041667
232	107	0.030303
232	127	0.047619
232	134	0.034483
232	152	0.037037
232	158	0.041667
232	250	0.071429
232	282	0.062500
232	297	0.066667
232	336	0.071429
232	351	0.071429
233	0	0.008403
233	17	0.007752
233	26	0.020000
233	31	0.015873
233	49	0.017857
233	127	0.047619
233	134	0.034483
233	146	0.040000
233	149	0.040000
233	152	0.037037
233	173	0.050000
233	177	0.050000
233	185	0.041667
233	217	0.066667
233	294	0.058824
233	302	0.066667
233	320	0.071429
233	341	0.071429
234	8	0.027027
234	9	0.020833
234	18	0.008929
234	24	0.010753
234	26	0.020000
234	51	0.020408
234	56	0.018868
234	93	0.027778
234	110	0.045455
234	128	0.041667
234	169	0.047619
234	176	0.047619
234	205	0.052632
234	219	0.052632
234	245	0.058824
234	284	0.071429
235	3	0.016393
235	5	0.043478
235	20	0.011905
235	21	0.010526
235	22	0.013889
235	51	0.020408
235	72	0.033333
235	100	0.047619
235	124	0.045455
235	125	0.031250
235	191	0.041667
235	198	0.052632
235	208	0.052632
235	210	0.062500
235	249	0.050000
235	252	0.055556
235	310	0.062500
236	9	0.020833
236	16	0.008475
236	18	0.008929
236	22	0.013889
236	39	0.019608
236	44	0.020408
236	83	0.045455
236	106	0.037037
236	110	0.045455
236	115	0.043478
236	125	0.031250
236	137	0.045455
236	196	0.052632
236	197	0.050000
236	242	0.050000
236	269	0.062500
236	272	0.058824
236	279	0.062500
236	320	0.071429
236	324	0.066667
236	339	0.066667
237	10	0.014706
237	22	0.013889
237	32	0.023810
237	36	0.018519
237	42	0.021277
237	48	0.020833
237	53	0.027778
237	62	0.032258
237	82	0.025000
237	90	0.030303
237	107	0.030303
237	112	0.041667
237	125	0.031250
237	144	0.045455
237	269	0.062500
237	325	0.066667
238	16	0.008475
238	18	0.008929
238	30	0.013699
238	33	0.026316
238	36	0.018519
238	41	0.017544
238	74	0.026316
238	98	0.037037
238	146	0.040000
238	182	0.058824
238	185	0.041667
238	201	0.045455
238	222	0.052632
238	231	0.066667
238	273	0.066667
238	326	0.071429
239	7	0.017544
239	26	0.020000
239	37	0.017857
239	58	0.021739
239	62	0.032258
239	66	0.022727
239	69	0.033333
239	72	0.033333
239	85	0.026316
239	114	0.033333
239	126	0.040000
239	135	0.050000
239	140	0.043478
239	170	0.043478
239	242	0.050000
239	272	0.058824
239	299	0.071429
239	344	0.071429
240	2	0.023810
240	6	0.013333
240	8	0.027027
240	17	0.007752
240	18	0.008929
240	21	0.010526
240	30	0.013699
240	63	0.029412
240	68	0.029412
240	102	0.031250
240	123	0.043478
240	170	0.043478
240	173	0.050000
240	190	0.052632
240	246	0.058824
240	297	0.066667
240	350	0.071429
241	6	0.013333
241	8	0.027027
241	18	0.008929
241	34	0.022727
241	37	0.017857
241	50	0.025641
241	62	0.032258
241	82	0.025000
241	85	0.026316
241	87	0.030303
241	98	0.037037
241	118	0.052632
241	124	0.045455
241	159	0.041667
241	247	0.062500
241	259	0.055556
241	263	0.058824
241	267	0.066667
241	290	0.066667
242	24	0.010753
242	35	0.012048
242	48	0.020833
242	49	0.017857
242	57	0.023810
242	58	0.021739
242	78	0.030303
242	83	0.045455
242	98	0.037037
242	176	0.047619
242	201	0.045455
242	222	0.052632
242	236	0.047619
242	239	0.055556
242	243	0.062500
242	251	0.062500
242	262	0.062500
242	329	0.071429
242	333	0.066667
242	350	0.071429
243	0	0.008403
243	3	0.016393
243	12	0.022727
243	17	0.007752
243	30	0.013699
243	31	0.015873
243	55	0.020408
243	114	0.033333
243	119	0.034483
243	133	0.035714
243	140	0.043478
243	214	0.045455
243	221	0.050000
243	242	0.050000
243	257	0.055556
243	340	0.066667
244	0	0.008403
244	6	0.013333
244	11	0.034483
244	15	0.009901
244	16	0.008475
244	47	0.019608
244	53	0.027778
244	66	0.022727
244	74	0.026316
244	126	0.040000
244	154	0.038462
244	195	0.055556
244	218	0.050000
244	226	0.058824
244	315	0.071429
245	3	0.016393
245	4	0.025641
245	8	0.027027
245	15	0.009901
245	17	0.007752
245	18	0.008929
245	28	0.014493
245	35	0.012048
245	49	0.017857
245	51	0.020408
245	70	0.024390
245	109	0.038462
245	218	0.050000
245	234	0.062500
245	276	0.052632
245	281	0.066667
245	343	0.071429
246	10	0.014706
246	16	0.008475
246	19	0.014085
246	20	0.011905
246	23	0.014286
246	29	0.013889
246	48	0.020833
246	51	0.020408
246	58	0.021739
246	72	0.033333
246	130	0.038462
246	149	0.040000
246	161	0.045455
246	240	0.058824
246	272	0.058824
246	315	0.071429
246	331	0.066667
247	6	0.013333
247	13	0.022727
247	17	0.007752
247	43	0.017544
247	56	0.018868
247	57	0.023810
247	62	0.032258
247	71	0.034483
247	82	0.025000
247	134	0.034483
247	160	0.045455
247	183	0.047619
247	227	0.052632
247	241	0.052632
247	301	0.055556
247	321	0.071429
248	4	0.025641
248	5	0.043478
248	34	0.022727
248	35	0.012048
248	37	0.017857
248	45	0.022727
248	46	0.017857
248	64	0.021277
248	77	0.033333
248	80	0.029412
248	96	0.034483
248	164	0.043478
248	167	0.038462
248	169	0.047619
248	251	0.062500
248	320	0.071429
249	18	0.008929
249	24	0.010753
249	45	0.022727
249	75	0.031250
249	78	0.030303
249	94	0.033333
249	106	0.037037
249	122	0.035714
249	132	0.047619
249	144	0.045455
249	147	0.043478
249	158	0.041667
249	229	0.052632
249	235	0.058824
249	281	0.066667
249	288	0.071429
249	294	0.058824
249	296	0.055556
249	323	0.066667
249	327	0.066667
250	7	0.017544
250	11	0.034483
250	16	0.008475
250	18	0.008929
250	29	0.013889
250	44	0.020408
250	73	0.027027
250	80	0.029412
250	81	0.030303
250	114	0.033333
250	145	0.047619
250	153	0.045455
250	191	0.041667
250	232	0.052632
251	10	0.014706
251	16	0.008475
251	28	0.014493
251	31	0.015873
251	46	0.017857
251	48	0.020833
251	56	0.018868
251	85	0.026316
251	125	0.031250
251	166	0.047619
251	186	0.043478
251	201	0.045455
251	242	0.050000
251	248	0.062500
251	266	0.062500
251	278	0.062500
252	9	0.020833
252	17	0.007752
252	18	0.008929
252	26	0.020000
252	27	0.017544
252	37	0.017857
252	42	0.021277
252	44	0.020408
252	55	0.020408
252	94	0.033333
252	122	0.035714
252	199	0.058824
252	225	0.055556
252	235	0.058824
252	292	0.071429
252	315	0.071429
252	324	0.066667
252	336	0.071429
253	17	0.007752
253	25	0.015873
253	26	0.020000
253	35	0.012048
253	57	0.023810
253	68	0.029412
253	80	0.029412
253	81	0.030303
253	105	0.043478
253	114	0.033333
253	117	0.041667
253	176	0.047619
253	179	0.050000
253	221	0.050000
253	260	0.058824
253	273	0.066667
253	281	0.066667
253	299	0.071429
254	1	0.031250
254	10	0.014706
254	17	0.007752
254	18	0.008929
254	21	0.010526
254	22	0.013889
254	39	0.019608
254	58	0.021739
254	60	0.029412
254	81	0.030303
254	84	0.043478
254	99	0.034483
254	113	0.037037
254	187	0.052632
254	280	0.062500
254	343	0.071429
254	346	0.066667
254	349	0.071429
255	0	0.008403
255	11	0.034483
255	16	0.008475
255	18	0.008929
255	21	0.010526
255	31	0.015873
255	45	0.022727
255	46	0.017857
255	59	0.025000
255	65	0.026316
255	126	0.040000
255	160	0.045455
255	185	0.041667
255	227	0.052632
255	275	0.062500
256	6	0.013333
256	14	0.045455
256	17	0.007752
256	23	0.014286
256	25	0.015873
256	29	0.013889
256	31	0.015873
256	33	0.026316
256	51	0.020408
256	56	0.018868
256	59	0.025000
256	95	0.027778
256	121	0.032258
256	214	0.045455
256	265	0.066667
256	316	0.071429
256	323	0.066667
256	345	0.071429
257	8	0.027027
257	13	0.022727
257	24	0.010753
257	25	0.015873
257	34	0.022727
257	35	0.012048
257	41	0.017544
257	102	0.031250
257	106	0.037037
257	111	0.028571
257	119	0.034483
257	161	0.045455
257	163	0.047619
257	243	0.062500
257	269	0.062500
257	311	0.066667
257	322	0.071429
257	335	0.071429
258	19	0.014085
258	25	0.015873
258	27	0.017544
258	43	0.017544
258	45	0.022727
258	47	0.019608
258	56	0.018868
258	73	0.027027
258	74	0.026316
258	124	0.045455
258	125	0.031250
258	170	0.043478
258	220	0.062500
258	230	0.066667
258	273	0.066667
258	280	0.062500
258	291	0.066667
258	311	0.066667
258	330	0.071429
259	8	0.027027
259	28	0.014493
259	36	0.018519
259	39	0.019608
259	48	0.020833
259	52	0.023810
259	60	0.029412
259	74	0.026316
259	86	0.038462
259	90	0.030303
259	121	0.032258
259	138	0.041667
259	183	0.047619
259	241	0.052632
259	261	0.062500
259	272	0.058824
259	316	0.071429
259	350	0.071429
260	15	0.009901
260	17	0.007752
260	26	0.020000
260	34	0.022727
260	37	0.017857
260	53	0.027778
260	58	0.021739
260	60	0.029412
260	65	0.026316
260	129	0.045455
260	141	0.040000
260	188	0.052632
260	215	0.052632
260	253	0.055556
260	277	0.058824
260	321	0.071429
260	343	0.071429
261	12	0.022727
261	16	0.008475
261	18	0.008929
261	27	0.017544
261	38	0.022727
261	41	0.017544
261	43	0.017544
261	104	0.047619
261	107	0.030303
261	123	0.043478
261	127	0.047619
261	170	0.043478
261	218	0.050000
261	259	0.055556
261	263	0.058824
261	285	0.066667
262	12	0.022727
262	17	0.007752
262	23	0.014286
262	24	0.010753
262	31	0.015873
262	39	0.019608
262	40	0.017544
262	44	0.020408
262	54	0.025641
262	134	0.034483
262	152	0.037037
262	169	0.047619
262	223	0.055556
262	242	0.050000
262	276	0.052632
262	333	0.066667
263	2	0.023810
263	3	0.016393
263	17	0.007752
263	20	0.011905
263	32	0.023810
263	37	0.017857
263	71	0.034483
263	110	0.045455
263	115	0.043478
263	167	0.038462
263	185	0.041667
263	214	0.045455
263	241	0.052632
263	261	0.062500
263	267	0.066667
263	296	0.055556
263	345	0.071429
264	5	0.043478
264	6	0.013333
264	32	0.023810
264	35	0.012048
264	49	0.017857
264	50	0.025641
264	53	0.027778
264	58	0.021739
264	87	0.030303
264	109	0.038462
264	140	0.043478
264	163	0.047619
264	196	0.052632
264	209	0.045455
264	317	0.071429
265	19	0.014085
265	23	0.014286
265	26	0.020000
265	37	0.017857
265	44	0.020408
265	51	0.020408
265	52	0.023810
265	54	0.025641
265	85	0.026316
265	108	0.040000
265	110	0.045455
265	137	0.045455
265	155	0.055556
265	256	0.055556
265	348	0.071429
266	17	0.007752
266	20	0.011905
266	25	0.015873
266	26	0.020000
266	36	0.018519
266	44	0.020408
266	51	0.020408
266	55	0.020408
266	68	0.029412
266	112	0.041667
266	118	0.052632
266	190	0.052632
266	211	0.050000
266	251	0.062500
266	280	0.062500
266	302	0.066667
267	3	0.016393
267	8	0.027027
267	21	0.010526
267	28	0.014493
267	31	0.015873
267	36	0.018519
267	65	0.026316
267	71	0.034483
267	134	0.034483
267	173	0.050000
267	207	0.041667
267	221	0.050000
267	241	0.052632
267	263	0.058824
267	340	0.066667
268	0	0.008403
268	8	0.027027
268	15	0.009901
268	17	0.007752
268	34	0.022727
268	37	0.017857
268	49	0.017857
268	70	0.024390
268	72	0.033333
268	89	0.058824
268	93	0.027778
268	134	0.034483
268	191	0.041667
268	222	0.052632
268	347	0.071429
269	0	0.008403
269	12	0.022727
269	15	0.009901
269	16	0.008475
269	20	0.011905
269	21	0.010526
269	45	0.022727
269	59	0.025000
269	91	0.040000
269	130	0.038462
269	184	0.047619
269	236	0.047619
269	237	0.062500
269	257	0.055556
269	313	0.066667
269	339	0.066667
270	1	0.031250
270	10	0.014706
270	20	0.011905
270	27	0.017544
270	29	0.013889
270	30	0.013699
270	55	0.020408
270	57	0.023810
270	65	0.026316
270	90	0.030303
270	120	0.045455
270	134	0.034483
270	140	0.043478
270	193	0.058824
270	297	0.066667
271	16	0.008475
271	24	0.010753
271	28	0.014493
271	31	0.015873
271	41	0.017544
271	76	0.026316
271	92	0.028571
271	129	0.045455
271	139	0.047619
271	164	0.043478
271	166	0.047619
271	176	0.047619
271	201	0.045455
271	225	0.055556
271	287	0.062500
271	302	0.066667
271	338	0.071429
272	18	0.008929
272	20	0.011905
272	21	0.010526
272	35	0.012048
272	42	0.021277
272	51	0.020408
272	66	0.022727
272	79	0.047619
272	120	0.045455
272	215	0.052632
272	236	0.047619
272	239	0.055556
272	246	0.058824
272	259	0.055556
272	274	0.066667
272	319	0.071429
272	349	0.071429
273	13	0.022727
273	19	0.014085
273	71	0.034483
273	80	0.029412
273	82	0.025000
273	93	0.027778
273	97	0.045455
273	102	0.031250
273	125	0.031250
273	141	0.040000
273	207	0.041667
273	238	0.062500
273	253	0.055556
273	258	0.052632
273	302	0.066667
274	16	0.008475
274	22	0.013889
274	23	0.014286
274	26	0.020000
274	33	0.026316
274	37	0.017857
274	72	0.033333
274	74	0.026316
274	77	0.033333
274	97	0.045455
274	172	0.047619
274	178	0.043478
274	187	0.052632
274	272	0.058824
274	284	0.071429
275	6	0.013333
275	19	0.014085
275	28	0.014493
275	52	0.023810
275	55	0.020408
275	74	0.026316
275	93	0.027778
275	146	0.040000
275	164	0.043478
275	174	0.047619
275	195	0.055556
275	223	0.055556
275	225	0.055556
275	255	0.066667
275	279	0.062500
275	303	0.062500
276	0	0.008403
276	18	0.008929
276	28	0.014493
276	36	0.018519
276	37	0.017857
276	46	0.017857
276	60	0.029412
276	66	0.022727
276	90	0.030303
276	114	0.033333
276	179	0.050000
276	182	0.058824
276	245	0.058824
276	262	0.062500
276	277	0.058824
276	280	0.062500
276	298	0.066667
276	324	0.066667
276	341	0.071429
277	1	0.031250
277	2	0.023810
277	17	0.007752
277	22	0.013889
277	33	0.026316
277	66	0.022727
277	76	0.026316
277	77	0.033333
277	111	0.028571
277	144	0.045455
277	168	0.052632
277	176	0.047619
277	260	0.058824
277	276	0.052632
277	283	0.066667
277	310	0.062500
277	329	0.071429
278	5	0.043478
278	17	0.007752
278	18	0.008929
278	21	0.010526
278	35	0.012048
278	36	0.018519
278	51	0.020408
278	53	0.027778
278	88	0.034483
278	92	0.028571
278	110	0.045455
278	132	0.047619
278	207	0.041667
278	251	0.062500
278	310	0.062500
278	326	0.071429
279	18	0.008929
279	23	0.014286
279	25	0.015873
279	35	0.012048
279	45	0.022727
279	47	0.019608
279	53	0.027778
279	59	0.025000
279	113	0.037037
279	180	0.062500
279	211	0.050000
279	212	0.052632
279	236	0.047619
279	275	0.062500
279	289	0.062500
279	321	0.071429
280	14	0.045455
280	19	0.014085
280	124	0.045455
280	145	0.047619
280	167	0.038462
280	174	0.047619
280	183	0.047619
280	189	0.066667
280	226	0.058824
280	229	0.052632
280	254	0.055556
280	258	0.052632
280	266	0.062500
280	276	0.052632
280	289	0.062500
280	304	0.062500
281	0	0.008403
281	6	0.013333
281	15	0.009901
281	17	0.007752
281	20	0.011905
281	21	0.010526
281	29	0.013889
281	33	0.026316
281	65	0.026316
281	94	0.033333
281	186	0.043478
281	245	0.058824
281	249	0.050000
281	253	0.055556
281	336	0.071429
282	17	0.007752
282	48	0.020833
282	54	0.025641
282	90	0.030303
282	130	0.038462
282	139	0.047619
282	143	0.052632
282	157	0.066667
282	179	0.050000
282	195	0.055556
282	198	0.052632
282	209	0.045455
282	225	0.055556
282	232	0.052632
282	309	0.062500
282	344	0.071429
283	7	0.017544
283	21	0.010526
283	23	0.014286
283	27	0.017544
283	42	0.021277
283	44	0.020408
283	71	0.034483
283	82	0.025000
283	125	0.031250
283	155	0.055556
283	159	0.041667
283	206	0.055556
283	211	0.050000
283	277	0.058824
283	337	0.071429
284	2	0.023810
284	5	0.043478
284	9	0.020833
284	18	0.008929
284	25	0.015873
284	29	0.013889
284	38	0.022727
284	55	0.020408
284	101	0.041667
284	107	0.030303
284	121	0.032258
284	214	0.045455
284	234	0.062500
284	274	0.066667
285	6	0.013333
285	10	0.014706
285	16	0.008475
285	22	0.013889
285	24	0.010753
285	39	0.019608
285	56	0.018868
285	64	0.021277
285	79	0.047619
285	169	0.047619
285	177	0.050000
285	191	0.041667
285	195	0.055556
285	261	0.062500
285	310	0.062500
286	0	0.008403
286	3	0.016393
286	16	0.008475
286	17	0.007752
286	18	0.008929
286	21	0.010526
286	29	0.013889
286	34	0.022727
286	62	0.032258
286	66	0.022727
286	132	0.047619
286	134	0.034483
286	153	0.045455
286	224	0.055556
287	2	0.023810
287	16	0.008475
287	31	0.015873
287	38	0.022727
287	42	0.021277
287	46	0.017857
287	79	0.047619
287	86	0.038462
287	104	0.047619
287	119	0.034483
287	133	0.035714
287	158	0.041667
287	205	0.052632
287	271	0.058824
287	321	0.071429
287	347	0.071429
288	13	0.022727
288	16	0.008475
288	24	0.010753
288	29	0.013889
288	55	0.020408
288	77	0.033333
288	78	0.030303
288	85	0.026316
288	88	0.034483
288	92	0.028571
288	96	0.034483
288	103	0.050000
288	163	0.047619
288	249	0.050000
289	0	0.008403
289	28	0.014493
289	46	0.017857
289	60	0.029412
289	61	0.023256
289	63	0.029412
289	70	0.024390
289	81	0.030303
289	108	0.040000
289	115	0.043478
289	122	0.035714
289	167	0.038462
289	279	0.062500
289	280	0.062500
289	290	0.066667
289	327	0.066667
290	9	0.020833
290	20	0.011905
290	23	0.014286
290	75	0.031250
290	81	0.030303
290	90	0.030303
290	94	0.033333
290	179	0.050000
290	207	0.041667
290	213	0.062500
290	214	0.045455
290	221	0.050000
290	241	0.052632
290	289	0.062500
290	328	0.066667
291	20	0.011905
291	35	0.012048
291	40	0.017544
291	42	0.021277
291	49	0.017857
291	50	0.025641
291	69	0.033333
291	84	0.043478
291	94	0.033333
291	99	0.034483
291	111	0.028571
291	133	0.035714
291	149	0.040000
291	258	0.052632
291	292	0.071429
292	41	0.017544
292	50	0.025641
292	54	0.025641
292	58	0.021739
292	81	0.030303
292	98	0.037037
292	121	0.032258
292	123	0.043478
292	134	0.034483
292	191	0.041667
292	204	0.055556
292	209	0.045455
292	252	0.055556
292	291	0.066667
293	3	0.016393
293	24	0.010753
293	40	0.017544
293	51	0.020408
293	61	0.023256
293	63	0.029412
293	68	0.029412
293	82	0.025000
293	99	0.034483
293	116	0.047619
293	129	0.045455
293	185	0.041667
293	211	0.050000
293	227	0.052632
293	301	0.055556
294	0	0.008403
294	6	0.013333
294	7	0.017544
294	55	0.020408
294	59	0.025000
294	69	0.033333
294	71	0.034483
294	81	0.030303
294	85	0.026316
294	105	0.043478
294	154	0.038462
294	168	0.052632
294	233	0.055556
294	249	0.050000
294	321	0.071429
294	338	0.071429
294	339	0.066667
295	2	0.023810
295	9	0.020833
295	21	0.010526
295	23	0.014286
295	24	0.010753
295	52	0.023810
295	64	0.021277
295	75	0.031250
295	78	0.030303
295	99	0.034483
295	128	0.041667
295	131	0.047619
295	145	0.047619
295	181	0.052632
295	332	0.066667
296	32	0.023810
296	50	0.025641
296	55	0.020408
296	60	0.029412
296	77	0.033333
296	78	0.030303
296	88	0.034483
296	99	0.034483
296	154	0.038462
296	173	0.050000
296	179	0.050000
296	181	0.052632
296	249	0.050000
296	263	0.058824
296	308	0.066667
296	317	0.071429
296	332	0.066667
296	335	0.071429
297	15	0.009901
297	29	0.013889
297	31	0.015873
297	45	0.022727
297	58	0.021739
297	64	0.021277
297	102	0.031250
297	113	0.037037
297	164	0.043478
297	214	0.045455
297	229	0.052632
297	232	0.052632
297	240	0.058824
297	270	0.066667
297	315	0.071429
298	30	0.013699
298	33	0.026316
298	47	0.019608
298	49	0.017857
298	67	0.029412
298	91	0.040000
298	92	0.028571
298	102	0.031250
298	109	0.038462
298	140	0.043478
298	170	0.043478
298	197	0.050000
298	219	0.052632
298	276	0.052632
298	300	0.066667
299	18	0.008929
299	22	0.013889
299	35	0.012048
299	65	0.026316
299	83	0.045455
299	86	0.038462
299	90	0.030303
299	172	0.047619
299	178	0.043478
299	190	0.052632
299	211	0.050000
299	229	0.052632
299	239	0.055556
299	253	0.055556
300	8	0.027027
300	15	0.009901
300	23	0.014286
300	34	0.022727
300	47	0.019608
300	74	0.026316
300	98	0.037037
300	114	0.033333
300	137	0.045455
300	183	0.047619
300	198	0.052632
300	208	0.052632
300	223	0.055556
300	298	0.066667
300	330	0.071429
301	16	0.008475
301	22	0.013889
301	23	0.014286
301	24	0.010753
301	28	0.014493
301	30	0.013699
301	48	0.020833
301	49	0.017857
301	89	0.058824
301	111	0.028571
301	178	0.043478
301	199	0.058824
301	247	0.062500
301	293	0.066667
301	314	0.062500
301	321	0.071429
301	336	0.071429
301	340	0.066667
302	21	0.010526
302	40	0.017544
302	93	0.027778
302	115	0.043478
302	147	0.043478
302	160	0.045455
302	161	0.045455
302	201	0.045455
302	208	0.052632
302	215	0.052632
302	233	0.055556
302	266	0.062500
302	271	0.058824
302	273	0.066667
302	332	0.066667
303	21	0.010526
303	22	0.013889
303	46	0.017857
303	59	0.025000
303	87	0.030303
303	92	0.028571
303	93	0.027778
303	114	0.033333
303	150	0.041667
303	183	0.047619
303	186	0.043478
303	201	0.045455
303	212	0.052632
303	275	0.062500
303	309	0.062500
303	349	0.071429
304	0	0.008403
304	7	0.017544
304	8	0.027027
304	21	0.010526
304	30	0.013699
304	65	0.026316
304	91	0.040000
304	97	0.045455
304	120	0.045455
304	133	0.035714
304	154	0.038462
304	186	0.043478
304	208	0.052632
304	280	0.062500
304	317	0.071429
304	326	0.071429
305	0	0.008403
305	10	0.014706
305	16	0.008475
305	31	0.015873
305	56	0.018868
305	70	0.024390
305	85	0.026316
305	93	0.027778
305	146	0.040000
305	152	0.037037
305	165	0.047619
305	167	0.038462
305	196	0.052632
305	218	0.050000
305	334	0.071429
306	0	0.008403
306	6	0.013333
306	10	0.014706
306	19	0.014085
306	35	0.012048
306	37	0.017857
306	38	0.022727
306	57	0.023810
306	79	0.047619
306	91	0.040000
306	113	0.037037
306	127	0.047619
306	139	0.047619
306	191	0.041667
306	311	0.066667
306	317	0.071429
306	338	0.071429
306	349	0.071429
307	3	0.016393
307	9	0.020833
307	23	0.014286
307	30	0.013699
307	33	0.026316
307	82	0.025000
307	93	0.027778
307	96	0.034483
307	111	0.028571
307	114	0.033333
307	126	0.040000
307	162	0.052632
307	206	0.055556
307	220	0.062500
307	309	0.062500
308	9	0.020833
308	29	0.013889
308	35	0.012048
308	38	0.022727
308	41	0.017544
308	44	0.020408
308	88	0.034483
308	90	0.030303
308	99	0.034483
308	131	0.047619
308	185	0.041667
308	198	0.052632
308	224	0.055556
308	296	0.055556
308	343	0.071429
309	1	0.031250
309	15	0.009901
309	17	0.007752
309	36	0.018519
309	39	0.019608
309	44	0.020408
309	56	0.018868
309	65	0.026316
309	153	0.045455
309	168	0.052632
309	197	0.050000
309	282	0.062500
309	303	0.062500
309	307	0.066667
309	317	0.071429
309	337	0.071429
310	6	0.013333
310	25	0.015873
310	27	0.017544
310	30	0.013699
310	52	0.023810
310	53	0.027778
310	59	0.025000
310	66	0.022727
310	102	0.031250
310	207	0.041667
310	235	0.058824
310	277	0.058824
310	278	0.062500
310	285	0.066667
310	321	0.071429
310	322	0.071429
311	32	0.023810
311	57	0.023810
311	66	0.022727
311	107	0.030303
311	111	0.028571
311	138	0.041667
311	144	0.045455
311	159	0.041667
311	188	0.052632
311	207	0.041667
311	224	0.055556
311	257	0.055556
311	258	0.052632
311	306	0.055556
311	325	0.066667
312	0	0.008403
312	16	0.008475
312	21	0.010526
312	28	0.014493
312	31	0.015873
312	42	0.021277
312	46	0.017857
312	55	0.020408
312	76	0.026316
312	79	0.047619
312	105	0.043478
312	122	0.035714
312	144	0.045455
312	155	0.055556
312	349	0.071429
313	0	0.008403
313	6	0.013333
313	8	0.027027
313	28	0.014493
313	29	0.013889
313	31	0.015873
313	42	0.021277
313	43	0.017544
313	65	0.026316
313	76	0.026316
313	153	0.045455
313	158	0.041667
313	166	0.047619
313	269	0.062500
313	330	0.071429
314	18	0.008929
314	23	0.014286
314	24	0.010753
314	30	0.013699
314	35	0.012048
314	46	0.017857
314	51	0.020408
314	60	0.029412
314	77	0.033333
314	152	0.037037
314	153	0.045455
314	159	0.041667
314	221	0.050000
314	301	0.055556
314	337	0.071429
314	338	0.071429
315	0	0.008403
315	22	0.013889
315	36	0.018519
315	49	0.017857
315	101	0.041667
315	107	0.030303
315	109	0.038462
315	144	0.045455
315	178	0.043478
315	226	0.058824
315	244	0.066667
315	246	0.058824
315	252	0.055556
315	297	0.066667
316	7	0.017544
316	25	0.015873
316	43	0.017544
316	47	0.019608
316	58	0.021739
316	61	0.023256
316	64	0.021277
316	130	0.038462
316	135	0.050000
316	138	0.041667
316	143	0.052632
316	149	0.040000
316	256	0.055556
316	259	0.055556
317	3	0.016393
317	24	0.010753
317	82	0.025000
317	119	0.034483
317	149	0.040000
317	160	0.045455
317	172	0.047619
317	207	0.041667
317	218	0.050000
317	264	0.066667
317	296	0.055556
317	304	0.062500
317	306	0.055556
317	309	0.062500
318	1	0.031250
318	3	0.016393
318	17	0.007752
318	18	0.008929
318	31	0.015873
318	34	0.022727
318	41	0.017544
318	61	0.023256
318	85	0.026316
318	93	0.027778
318	116	0.047619
318	141	0.040000
318	170	0.043478
318	196	0.052632
318	340	0.066667
319	22	0.013889
319	28	0.014493
319	40	0.017544
319	41	0.017544
319	42	0.021277
319	50	0.025641
319	63	0.029412
319	73	0.027027
319	81	0.030303
319	92	0.028571
319	105	0.043478
319	114	0.033333
319	212	0.052632
319	272	0.058824
320	6	0.013333
320	24	0.010753
320	34	0.022727
320	38	0.022727
320	49	0.017857
320	55	0.020408
320	115	0.043478
320	123	0.043478
320	205	0.052632
320	211	0.050000
320	214	0.045455
320	233	0.055556
320	236	0.047619
320	248	0.062500
321	16	0.008475
321	17	0.007752
321	36	0.018519
321	53	0.027778
321	56	0.018868
321	178	0.043478
321	186	0.043478
321	247	0.062500
321	260	0.058824
321	279	0.062500
321	287	0.062500
321	294	0.058824
321	301	0.055556
321	310	0.062500
322	0	0.008403
322	10	0.014706
322	16	0.008475
322	20	0.011905
322	59	0.025000
322	64	0.021277
322	75	0.031250
322	94	0.033333
322	120	0.045455
322	166	0.047619
322	204	0.055556
322	228	0.066667
322	257	0.055556
322	310	0.062500
323	31	0.015873
323	33	0.026316
323	37	0.017857
323	68	0.029412
323	70	0.024390
323	73	0.027027
323	82	0.025000
323	118	0.052632
323	136	0.058824
323	158	0.041667
323	198	0.052632
323	219	0.052632
323	249	0.050000
323	256	0.055556
323	335	0.071429
324	6	0.013333
324	11	0.034483
324	25	0.015873
324	31	0.015873
324	42	0.021277
324	94	0.033333
324	99	0.034483
324	146	0.040000
324	174	0.047619
324	177	0.050000
324	215	0.052632
324	236	0.047619
324	252	0.055556
324	276	0.052632
324	328	0.066667
325	10	0.014706
325	19	0.014085
325	28	0.014493
325	46	0.017857
325	48	0.020833
325	61	0.023256
325	64	0.021277
325	88	0.034483
325	94	0.033333
325	95	0.027778
325	141	0.040000
325	181	0.052632
325	237	0.062500
325	311	0.066667
325	335	0.071429
326	6	0.013333
326	17	0.007752
326	42	0.021277
326	43	0.017544
326	62	0.032258
326	72	0.033333
326	81	0.030303
326	85	0.026316
326	116	0.047619
326	182	0.058824
326	219	0.052632
326	238	0.062500
326	278	0.062500
326	304	0.062500
327	21	0.010526
327	28	0.014493
327	29	0.013889
327	35	0.012048
327	46	0.017857
327	68	0.029412
327	96	0.034483
327	154	0.038462
327	164	0.043478
327	176	0.047619
327	197	0.050000
327	227	0.052632
327	249	0.050000
327	289	0.062500
327	343	0.071429
328	0	0.008403
328	36	0.018519
328	40	0.017544
328	51	0.020408
328	54	0.025641
328	62	0.032258
328	81	0.030303
328	82	0.025000
328	115	0.043478
328	150	0.041667
328	193	0.058824
328	218	0.050000
328	290	0.066667
328	324	0.066667
328	331	0.066667
329	1	0.031250
329	49	0.017857
329	55	0.020408
329	63	0.029412
329	73	0.027027
329	114	0.033333
329	120	0.045455
329	121	0.032258
329	137	0.045455
329	150	0.041667
329	158	0.041667
329	178	0.043478
329	242	0.050000
329	277	0.058824
330	0	0.008403
330	15	0.009901
330	17	0.007752
330	25	0.015873
330	26	0.020000
330	55	0.020408
330	65	0.026316
330	111	0.028571
330	122	0.035714
330	128	0.041667
330	167	0.038462
330	258	0.052632
330	300	0.066667
330	313	0.066667
331	2	0.023810
331	24	0.010753
331	26	0.020000
331	36	0.018519
331	41	0.017544
331	50	0.025641
331	54	0.025641
331	58	0.021739
331	83	0.045455
331	111	0.028571
331	210	0.062500
331	219	0.052632
331	246	0.058824
331	328	0.066667
331	348	0.071429
332	0	0.008403
332	15	0.009901
332	17	0.007752
332	76	0.026316
332	98	0.037037
332	102	0.031250
332	121	0.032258
332	131	0.047619
332	159	0.041667
332	165	0.047619
332	202	0.062500
332	295	0.066667
332	296	0.055556
332	302	0.066667
332	339	0.066667
333	2	0.023810
333	17	0.007752
333	20	0.011905
333	42	0.021277
333	43	0.017544
333	46	0.017857
333	48	0.020833
333	80	0.029412
333	146	0.040000
333	154	0.038462
333	193	0.058824
333	201	0.045455
333	242	0.050000
333	262	0.062500
333	351	0.071429
334	1	0.031250
334	6	0.013333
334	15	0.009901
334	23	0.014286
334	33	0.026316
334	67	0.029412
334	77	0.033333
334	93	0.027778
334	102	0.031250
334	114	0.033333
334	184	0.047619
334	203	0.062500
334	212	0.052632
334	305	0.066667
335	13	0.022727
335	18	0.008929
335	38	0.022727
335	41	0.017544
335	114	0.033333
335	117	0.041667
335	122	0.035714
335	123	0.043478
335	128	0.041667
335	174	0.047619
335	257	0.055556
335	296	0.055556
335	323	0.066667
335	325	0.066667
336	16	0.008475
336	18	0.008929
336	22	0.013889
336	26	0.020000
336	32	0.023810
336	48	0.020833
336	53	0.027778
336	82	0.025000
336	131	0.047619
336	166	0.047619
336	232	0.052632
336	252	0.055556
336	281	0.066667
336	301	0.055556
337	0	0.008403
337	14	0.045455
337	37	0.017857
337	56	0.018868
337	105	0.043478
337	114	0.033333
337	117	0.041667
337	138	0.041667
337	201	0.045455
337	209	0.045455
337	229	0.052632
337	283	0.066667
337	309	0.062500
337	314	0.062500
338	3	0.016393
338	15	0.009901
338	21	0.010526
338	46	0.017857
338	53	0.027778
338	107	0.030303
338	117	0.041667
338	158	0.041667
338	188	0.052632
338	197	0.050000
338	271	0.058824
338	294	0.058824
338	306	0.055556
338	314	0.062500
339	17	0.007752
339	18	0.008929
339	20	0.011905
339	37	0.017857
339	38	0.022727
339	46	0.017857
339	105	0.043478
339	177	0.050000
339	186	0.043478
339	227	0.052632
339	236	0.047619
339	269	0.062500
339	294	0.058824
339	332	0.066667
339	348	0.071429
340	8	0.027027
340	30	0.013699
340	41	0.017544
340	63	0.029412
340	81	0.030303
340	93	0.027778
340	126	0.040000
340	133	0.035714
340	144	0.045455
340	164	0.043478
340	243	0.062500
340	267	0.066667
340	301	0.055556
340	318	0.066667
340	342	0.071429
341	20	0.011905
341	28	0.014493
341	49	0.017857
341	54	0.025641
341	73	0.027027
341	80	0.029412
341	109	0.038462
341	125	0.031250
341	162	0.052632
341	180	0.062500
341	185	0.041667
341	204	0.055556
341	233	0.055556
341	276	0.052632
342	11	0.034483
342	22	0.013889
342	30	0.013699
342	34	0.022727
342	39	0.019608
342	43	0.017544
342	61	0.023256
342	67	0.029412
342	82	0.025000
342	92	0.028571
342	164	0.043478
342	175	0.058824
342	222	0.052632
342	340	0.066667
343	9	0.020833
343	20	0.011905
343	23	0.014286
343	29	0.013889
343	43	0.017544
343	73	0.027027
343	76	0.026316
343	109	0.038462
343	138	0.041667
343	245	0.058824
343	254	0.055556
343	260	0.058824
343	308	0.066667
343	327	0.066667
344	10	0.014706
344	21	0.010526
344	32	0.023810
344	34	0.022727
344	41	0.017544
344	43	0.017544
344	70	0.024390
344	71	0.034483
344	74	0.026316
344	75	0.031250
344	207	0.041667
344	222	0.052632
344	239	0.055556
344	282	0.062500
345	17	0.007752
345	18	0.008929
345	28	0.014493
345	30	0.013699
345	46	0.017857
345	82	0.025000
345	104	0.047619
345	116	0.047619
345	168	0.052632
345	171	0.052632
345	199	0.058824
345	223	0.055556
345	256	0.055556
345	263	0.058824
346	3	0.016393
346	5	0.043478
346	8	0.027027
346	12	0.022727
346	21	0.010526
346	39	0.019608
346	43	0.017544
346	46	0.017857
346	52	0.023810
346	54	0.025641
346	105	0.043478
346	113	0.037037
346	207	0.041667
346	254	0.055556
346	347	0.071429
347	0	0.008403
347	25	0.015873
347	55	0.020408
347	56	0.018868
347	64	0.021277
347	67	0.029412
347	84	0.043478
347	92	0.028571
347	97	0.045455
347	184	0.047619
347	185	0.041667
347	268	0.066667
347	287	0.062500
347	346	0.066667
348	0	0.008403
348	7	0.017544
348	13	0.022727
348	17	0.007752
348	24	0.010753
348	37	0.017857
348	107	0.030303
348	130	0.038462
348	154	0.038462
348	184	0.047619
348	224	0.055556
348	265	0.066667
348	331	0.066667
348	339	0.066667
349	7	0.017544
349	17	0.007752
349	21	0.010526
349	69	0.033333
349	82	0.025000
349	99	0.034483
349	112	0.041667
349	125	0.031250
349	128	0.041667
349	254	0.055556
349	272	0.058824
349	303	0.062500
349	306	0.055556
349	312	0.066667
350	22	0.013889
350	23	0.014286
350	40	0.017544
350	64	0.021277
350	65	0.026316
350	121	0.032258
350	145	0.047619
350	162	0.052632
350	171	0.052632
350	212	0.052632
350	213	0.062500
350	240	0.058824
350	242	0.050000
350	259	0.055556
351	13	0.022727
351	14	0.045455
351	29	0.013889
351	40	0.017544
351	41	0.017544
351	70	0.024390
351	72	0.033333
351	119	0.034483
351	135	0.050000
351	174	0.047619
351	191	0.041667
351	208	0.052632
351	232	0.052632
351	333	0.066667
