399	11462
0	15	0.007937
0	16	0.008696
0	17	0.007519
0	18	0.007812
0	19	0.008547
0	20	0.010204
0	21	0.014085
0	22	0.013158
0	23	0.016129
0	24	0.012821
0	25	0.016667
0	26	0.021739
0	27	0.018182
0	29	0.021739
0	30	0.030303
0	33	0.013889
0	34	0.018182
0	35	0.014085
0	37	0.016129
0	39	0.015625
0	41	0.014493
0	47	0.017241
0	49	0.023810
0	55	0.026316
0	56	0.029412
0	57	0.025000
0	64	0.015625
0	67	0.025000
0	71	0.031250
0	72	0.030303
0	73	0.023810
0	77	0.020833
0	79	0.030303
0	81	0.018868
0	85	0.025000
0	86	0.022727
0	89	0.047619
0	94	0.047619
0	97	0.029412
0	99	0.033333
0	101	0.028571
0	108	0.032258
0	115	0.032258
0	119	0.034483
0	122	0.045455
0	132	0.031250
0	134	0.047619
0	136	0.045455
0	137	0.038462
0	139	0.040000
0	157	0.040000
0	160	0.045455
0	167	0.045455
0	170	0.050000
0	179	0.034483
0	180	0.055556
0	183	0.058824
0	188	0.058824
0	191	0.055556
0	200	0.066667
0	202	0.050000
0	204	0.041667
0	217	0.050000
0	223	0.055556
0	230	0.047619
0	237	0.050000
0	238	0.047619
0	240	0.052632
0	253	0.055556
0	254	0.062500
0	256	0.047619
0	259	0.058824
0	273	0.052632
0	275	0.058824
0	277	0.052632
0	278	0.062500
0	279	0.055556
0	281	0.066667
0	282	0.066667
0	288	0.058824
0	292	0.041667
0	294	0.062500
0	296	0.058824
0	301	0.055556
0	303	0.055556
0	306	0.058824
0	307	0.050000
0	337	0.062500
0	353	0.066667
0	354	0.066667
0	360	0.062500
0	362	0.066667
0	373	0.066667
0	375	0.066667
0	387	0.062500
0	390	0.066667
0	397	0.066667
1	15	0.007937
1	16	0.008696
1	17	0.007519
1	18	0.007812
1	19	0.008547
1	20	0.010204
1	21	0.014085
1	23	0.016129
1	24	0.012821
1	25	0.016667
1	28	0.034483
1	40	0.015625
1	41	0.014493
1	42	0.013699
1	43	0.023256
1	44	0.016949
1	45	0.012987
1	57	0.025000
1	68	0.029412
1	71	0.031250
1	73	0.023810
1	81	0.018868
1	83	0.028571
1	89	0.047619
1	92	0.034483
1	95	0.038462
1	99	0.033333
1	107	0.028571
1	109	0.035714
1	110	0.027027
1	119	0.034483
1	125	0.040000
1	156	0.040000
1	158	0.055556
1	164	0.037037
1	172	0.047619
1	173	0.041667
1	178	0.045455
1	185	0.050000
1	194	0.034483
1	204	0.041667
1	205	0.043478
1	206	0.041667
1	208	0.055556
1	212	0.050000
1	214	0.050000
1	219	0.050000
1	230	0.047619
1	246	0.052632
1	263	0.052632
1	276	0.050000
1	305	0.055556
1	312	0.062500
1	316	0.058824
1	318	0.066667
1	334	0.062500
1	362	0.066667
1	378	0.071429
1	394	0.066667
2	15	0.007937
2	16	0.008696
2	17	0.007519
2	26	0.021739
2	27	0.018182
2	30	0.030303
2	34	0.018182
2	37	0.016129
2	46	0.016667
2	47	0.017241
2	48	0.017241
2	51	0.020833
2	52	0.018868
2	55	0.026316
2	59	0.022727
2	67	0.025000
2	79	0.030303
2	93	0.037037
2	110	0.027027
2	112	0.040000
2	129	0.050000
2	135	0.031250
2	141	0.035714
2	147	0.037037
2	155	0.037037
2	164	0.037037
2	184	0.041667
2	192	0.040000
2	200	0.066667
2	201	0.058824
2	219	0.050000
2	227	0.043478
2	248	0.047619
2	252	0.062500
2	254	0.062500
2	265	0.041667
2	281	0.066667
2	282	0.066667
2	283	0.050000
2	284	0.062500
2	288	0.058824
2	297	0.055556
2	301	0.055556
2	313	0.066667
2	341	0.058824
2	348	0.066667
2	362	0.066667
2	366	0.058824
2	370	0.066667
2	372	0.066667
2	384	0.066667
2	385	0.066667
2	394	0.066667
3	15	0.007937
3	16	0.008696
3	17	0.007519
3	18	0.007812
3	19	0.008547
3	20	0.010204
3	21	0.014085
3	22	0.013158
3	23	0.016129
3	24	0.012821
3	26	0.021739
3	28	0.034483
3	30	0.030303
3	31	0.034483
3	32	0.011905
3	33	0.013889
3	37	0.016129
3	38	0.016949
3	39	0.015625
3	42	0.013699
3	46	0.016667
3	48	0.017241
3	52	0.018868
3	53	0.016667
3	55	0.026316
3	63	0.052632
3	64	0.015625
3	67	0.025000
3	72	0.030303
3	74	0.020833
3	75	0.024390
3	81	0.018868
3	89	0.047619
3	103	0.023810
3	107	0.028571
3	113	0.030303
3	122	0.045455
3	124	0.050000
3	145	0.040000
3	150	0.037037
3	169	0.062500
3	189	0.058824
3	195	0.038462
3	207	0.055556
3	214	0.050000
3	218	0.052632
3	239	0.055556
3	240	0.052632
3	254	0.062500
3	286	0.062500
3	293	0.052632
3	298	0.052632
3	300	0.055556
3	320	0.066667
3	342	0.066667
3	346	0.066667
3	377	0.062500
3	379	0.066667
4	15	0.007937
4	17	0.007519
4	18	0.007812
4	19	0.008547
4	20	0.010204
4	21	0.014085
4	22	0.013158
4	25	0.016667
4	26	0.021739
4	30	0.030303
4	32	0.011905
4	33	0.013889
4	34	0.018182
4	35	0.014085
4	36	0.013889
4	37	0.016129
4	40	0.015625
4	47	0.017241
4	52	0.018868
4	56	0.029412
4	61	0.023810
4	62	0.035714
4	65	0.029412
4	66	0.037037
4	67	0.025000
4	68	0.029412
4	69	0.029412
4	74	0.020833
4	75	0.024390
4	77	0.020833
4	81	0.018868
4	82	0.028571
4	85	0.025000
4	92	0.034483
4	101	0.028571
4	115	0.032258
4	118	0.033333
4	120	0.035714
4	128	0.037037
4	130	0.025000
4	138	0.032258
4	149	0.034483
4	162	0.043478
4	177	0.037037
4	182	0.055556
4	185	0.050000
4	189	0.058824
4	190	0.050000
4	192	0.040000
4	193	0.040000
4	195	0.038462
4	209	0.045455
4	218	0.052632
4	220	0.062500
4	223	0.055556
4	230	0.047619
4	253	0.055556
4	258	0.062500
4	261	0.052632
4	281	0.066667
4	298	0.052632
4	304	0.062500
4	324	0.058824
4	332	0.050000
4	343	0.066667
4	361	0.066667
4	377	0.062500
4	382	0.066667
4	398	0.066667
5	15	0.007937
5	16	0.008696
5	17	0.007519
5	18	0.007812
5	19	0.008547
5	20	0.010204
5	21	0.014085
5	24	0.012821
5	26	0.021739
5	27	0.018182
5	28	0.034483
5	29	0.021739
5	32	0.011905
5	33	0.013889
5	36	0.013889
5	37	0.016129
5	41	0.014493
5	43	0.023256
5	44	0.016949
5	45	0.012987
5	46	0.016667
5	47	0.017241
5	51	0.020833
5	56	0.029412
5	57	0.025000
5	60	0.028571
5	61	0.023810
5	68	0.029412
5	78	0.015385
5	81	0.018868
5	85	0.025000
5	90	0.034483
5	91	0.047619
5	96	0.022222
5	105	0.027027
5	106	0.031250
5	109	0.035714
5	110	0.027027
5	112	0.040000
5	113	0.030303
5	114	0.030303
5	128	0.037037
5	136	0.045455
5	142	0.031250
5	152	0.050000
5	154	0.031250
5	162	0.043478
5	171	0.040000
5	177	0.037037
5	178	0.045455
5	191	0.055556
5	192	0.040000
5	196	0.052632
5	215	0.045455
5	231	0.041667
5	239	0.055556
5	247	0.052632
5	266	0.058824
5	278	0.062500
5	288	0.058824
5	289	0.050000
5	296	0.058824
5	299	0.055556
5	300	0.055556
5	301	0.055556
5	305	0.055556
5	307	0.050000
5	315	0.062500
5	320	0.066667
5	321	0.058824
5	323	0.062500
5	335	0.052632
5	340	0.062500
5	344	0.058824
5	345	0.062500
5	357	0.062500
5	360	0.062500
5	364	0.062500
5	371	0.062500
6	15	0.007937
6	16	0.008696
6	17	0.007519
6	20	0.010204
6	23	0.016129
6	24	0.012821
6	25	0.016667
6	28	0.034483
6	29	0.021739
6	30	0.030303
6	32	0.011905
6	33	0.013889
6	38	0.016949
6	39	0.015625
6	40	0.015625
6	42	0.013699
6	45	0.012987
6	47	0.017241
6	49	0.023810
6	53	0.016667
6	54	0.029412
6	57	0.025000
6	65	0.029412
6	69	0.029412
6	70	0.018868
6	72	0.030303
6	79	0.030303
6	83	0.028571
6	88	0.040000
6	93	0.037037
6	102	0.029412
6	106	0.031250
6	107	0.028571
6	110	0.027027
6	112	0.040000
6	113	0.030303
6	114	0.030303
6	118	0.033333
6	122	0.045455
6	124	0.050000
6	125	0.040000
6	126	0.047619
6	131	0.027027
6	133	0.032258
6	137	0.038462
6	138	0.032258
6	139	0.040000
6	146	0.040000
6	155	0.037037
6	157	0.040000
6	168	0.038462
6	174	0.040000
6	176	0.043478
6	182	0.055556
6	186	0.032258
6	187	0.047619
6	188	0.058824
6	210	0.040000
6	211	0.041667
6	212	0.050000
6	222	0.062500
6	226	0.055556
6	229	0.043478
6	234	0.055556
6	242	0.052632
6	243	0.041667
6	245	0.055556
6	249	0.050000
6	253	0.055556
6	255	0.055556
6	264	0.052632
6	290	0.058824
6	318	0.066667
6	328	0.062500
6	346	0.066667
6	348	0.066667
6	354	0.066667
6	367	0.062500
6	374	0.066667
6	381	0.066667
6	396	0.066667
7	15	0.007937
7	16	0.008696
7	17	0.007519
7	18	0.007812
7	20	0.010204
7	27	0.018182
7	28	0.034483
7	32	0.011905
7	34	0.018182
7	35	0.014085
7	36	0.013889
7	38	0.016949
7	39	0.015625
7	45	0.012987
7	46	0.016667
7	51	0.020833
7	54	0.029412
7	56	0.029412
7	63	0.052632
7	65	0.029412
7	70	0.018868
7	74	0.020833
7	77	0.020833
7	86	0.022727
7	90	0.034483
7	93	0.037037
7	94	0.047619
7	102	0.029412
7	107	0.028571
7	109	0.035714
7	124	0.050000
7	135	0.031250
7	139	0.040000
7	150	0.037037
7	151	0.033333
7	156	0.040000
7	161	0.040000
7	164	0.037037
7	176	0.043478
7	194	0.034483
7	202	0.050000
7	225	0.050000
7	227	0.043478
7	229	0.043478
7	233	0.045455
7	258	0.062500
7	263	0.052632
7	264	0.052632
7	278	0.062500
7	288	0.058824
7	293	0.052632
7	306	0.058824
7	340	0.062500
7	342	0.066667
7	356	0.062500
7	358	0.062500
7	360	0.062500
7	373	0.066667
7	384	0.066667
7	393	0.066667
8	15	0.007937
8	16	0.008696
8	17	0.007519
8	18	0.007812
8	20	0.010204
8	21	0.014085
8	22	0.013158
8	23	0.016129
8	24	0.012821
8	25	0.016667
8	30	0.030303
8	31	0.034483
8	32	0.011905
8	34	0.018182
8	37	0.016129
8	44	0.016949
8	45	0.012987
8	48	0.017241
8	54	0.029412
8	59	0.022727
8	63	0.052632
8	64	0.015625
8	71	0.031250
8	87	0.023810
8	96	0.022222
8	100	0.040000
8	101	0.028571
8	109	0.035714
8	115	0.032258
8	121	0.032258
8	122	0.045455
8	124	0.050000
8	128	0.037037
8	129	0.050000
8	133	0.032258
8	134	0.047619
8	155	0.037037
8	163	0.035714
8	171	0.040000
8	182	0.055556
8	227	0.043478
8	231	0.041667
8	232	0.052632
8	269	0.041667
8	276	0.050000
8	287	0.062500
8	291	0.062500
8	306	0.058824
8	366	0.058824
8	379	0.066667
8	384	0.066667
8	386	0.066667
9	15	0.007937
9	16	0.008696
9	17	0.007519
9	18	0.007812
9	19	0.008547
9	20	0.010204
9	21	0.014085
9	22	0.013158
9	23	0.016129
9	25	0.016667
9	31	0.034483
9	32	0.011905
9	33	0.013889
9	35	0.014085
9	36	0.013889
9	37	0.016129
9	40	0.015625
9	45	0.012987
9	46	0.016667
9	50	0.025000
9	52	0.018868
9	53	0.016667
9	54	0.029412
9	55	0.026316
9	59	0.022727
9	60	0.028571
9	70	0.018868
9	71	0.031250
9	73	0.023810
9	74	0.020833
9	76	0.023256
9	77	0.020833
9	78	0.015385
9	82	0.028571
9	85	0.025000
9	86	0.022727
9	90	0.034483
9	93	0.037037
9	102	0.029412
9	103	0.023810
9	112	0.040000
9	118	0.033333
9	121	0.032258
9	122	0.045455
9	125	0.040000
9	147	0.037037
9	152	0.050000
9	153	0.058824
9	155	0.037037
9	157	0.040000
9	158	0.055556
9	162	0.043478
9	164	0.037037
9	168	0.038462
9	169	0.062500
9	175	0.047619
9	180	0.055556
9	184	0.041667
9	189	0.058824
9	191	0.055556
9	194	0.034483
9	195	0.038462
9	199	0.043478
9	202	0.050000
9	212	0.050000
9	216	0.052632
9	221	0.058824
9	226	0.055556
9	227	0.043478
9	233	0.045455
9	235	0.043478
9	255	0.055556
9	264	0.052632
9	266	0.058824
9	276	0.050000
9	280	0.050000
9	282	0.066667
9	283	0.050000
9	293	0.052632
9	303	0.055556
9	337	0.062500
9	339	0.062500
9	361	0.066667
9	365	0.066667
9	368	0.055556
9	371	0.062500
9	378	0.071429
9	379	0.066667
10	15	0.007937
10	16	0.008696
10	19	0.008547
10	22	0.013158
10	25	0.016667
10	31	0.034483
10	36	0.013889
10	41	0.014493
10	50	0.025000
10	56	0.029412
10	58	0.025000
10	66	0.037037
10	68	0.029412
10	77	0.020833
10	85	0.025000
10	94	0.047619
10	104	0.023256
10	113	0.030303
10	152	0.050000
10	182	0.055556
10	198	0.035714
10	239	0.055556
10	241	0.058824
10	279	0.055556
10	286	0.062500
10	303	0.055556
10	330	0.052632
10	332	0.050000
10	353	0.066667
10	363	0.066667
10	382	0.066667
10	392	0.066667
11	15	0.007937
11	16	0.008696
11	17	0.007519
11	18	0.007812
11	19	0.008547
11	21	0.014085
11	23	0.016129
11	24	0.012821
11	25	0.016667
11	29	0.021739
11	30	0.030303
11	38	0.016949
11	48	0.017241
11	53	0.016667
11	62	0.035714
11	69	0.029412
11	87	0.023810
11	92	0.034483
11	93	0.037037
11	98	0.043478
11	104	0.023256
11	106	0.031250
11	113	0.030303
11	115	0.032258
11	128	0.037037
11	137	0.038462
11	152	0.050000
11	160	0.045455
11	168	0.038462
11	174	0.040000
11	175	0.047619
11	206	0.041667
11	221	0.058824
11	248	0.047619
11	251	0.055556
11	267	0.058824
11	271	0.058824
11	276	0.050000
11	287	0.062500
11	293	0.052632
11	301	0.055556
11	303	0.055556
11	311	0.052632
11	319	0.062500
11	330	0.052632
11	339	0.062500
11	346	0.066667
11	347	0.062500
11	385	0.066667
11	387	0.062500
12	15	0.007937
12	16	0.008696
12	17	0.007519
12	18	0.007812
12	19	0.008547
12	20	0.010204
12	21	0.014085
12	23	0.016129
12	24	0.012821
12	27	0.018182
12	31	0.034483
12	36	0.013889
12	37	0.016129
12	39	0.015625
12	40	0.015625
12	42	0.013699
12	43	0.023256
12	44	0.016949
12	47	0.017241
12	48	0.017241
12	51	0.020833
12	60	0.028571
12	64	0.015625
12	68	0.029412
12	72	0.030303
12	81	0.018868
12	83	0.028571
12	98	0.043478
12	99	0.033333
12	102	0.029412
12	105	0.027027
12	109	0.035714
12	118	0.033333
12	120	0.035714
12	122	0.045455
12	132	0.031250
12	134	0.047619
12	135	0.031250
12	144	0.034483
12	155	0.037037
12	166	0.041667
12	169	0.062500
12	176	0.043478
12	181	0.055556
12	183	0.058824
12	185	0.050000
12	189	0.058824
12	193	0.040000
12	194	0.034483
12	195	0.038462
12	200	0.066667
12	202	0.050000
12	208	0.055556
12	230	0.047619
12	232	0.052632
12	236	0.045455
12	243	0.041667
12	246	0.052632
12	260	0.052632
12	264	0.052632
12	267	0.058824
12	270	0.058824
12	289	0.050000
12	293	0.052632
12	297	0.055556
12	301	0.055556
12	305	0.055556
12	309	0.062500
12	315	0.062500
12	332	0.050000
12	342	0.066667
12	347	0.062500
12	372	0.066667
12	381	0.066667
12	395	0.066667
13	15	0.007937
13	16	0.008696
13	17	0.007519
13	18	0.007812
13	19	0.008547
13	21	0.014085
13	22	0.013158
13	25	0.016667
13	28	0.034483
13	30	0.030303
13	33	0.013889
13	34	0.018182
13	35	0.014085
13	38	0.016949
13	39	0.015625
13	40	0.015625
13	42	0.013699
13	43	0.023256
13	44	0.016949
13	45	0.012987
13	52	0.018868
13	53	0.016667
13	58	0.025000
13	60	0.028571
13	64	0.015625
13	70	0.018868
13	71	0.031250
13	77	0.020833
13	78	0.015385
13	80	0.028571
13	83	0.028571
13	87	0.023810
13	91	0.047619
13	99	0.033333
13	100	0.040000
13	101	0.028571
13	105	0.027027
13	107	0.028571
13	110	0.027027
13	113	0.030303
13	118	0.033333
13	120	0.035714
13	121	0.032258
13	122	0.045455
13	127	0.050000
13	134	0.047619
13	136	0.045455
13	142	0.031250
13	148	0.045455
13	160	0.045455
13	162	0.043478
13	183	0.058824
13	186	0.032258
13	190	0.050000
13	193	0.040000
13	198	0.035714
13	208	0.055556
13	209	0.045455
13	217	0.050000
13	223	0.055556
13	227	0.043478
13	228	0.047619
13	229	0.043478
13	249	0.050000
13	263	0.052632
13	269	0.041667
13	277	0.052632
13	292	0.041667
13	296	0.058824
13	300	0.055556
13	331	0.062500
13	334	0.062500
13	339	0.062500
13	362	0.066667
13	363	0.066667
13	388	0.066667
14	15	0.007937
14	16	0.008696
14	17	0.007519
14	18	0.007812
14	19	0.008547
14	21	0.014085
14	22	0.013158
14	24	0.012821
14	26	0.021739
14	27	0.018182
14	28	0.034483
14	29	0.021739
14	32	0.011905
14	33	0.013889
14	34	0.018182
14	35	0.014085
14	39	0.015625
14	40	0.015625
14	41	0.014493
14	43	0.023256
14	46	0.016667
14	47	0.017241
14	52	0.018868
14	55	0.026316
14	60	0.028571
14	62	0.035714
14	63	0.052632
14	66	0.037037
14	68	0.029412
14	69	0.029412
14	71	0.031250
14	72	0.030303
14	73	0.023810
14	74	0.020833
14	78	0.015385
14	82	0.028571
14	84	0.032258
14	93	0.037037
14	97	0.029412
14	98	0.043478
14	100	0.040000
14	101	0.028571
14	104	0.023256
14	105	0.027027
14	111	0.026316
14	115	0.032258
14	117	0.037037
14	118	0.033333
14	121	0.032258
14	122	0.045455
14	123	0.038462
14	130	0.025000
14	134	0.047619
14	136	0.045455
14	138	0.032258
14	139	0.040000
14	145	0.040000
14	146	0.040000
14	148	0.045455
14	158	0.055556
14	163	0.035714
14	165	0.034483
14	170	0.050000
14	171	0.040000
14	172	0.047619
14	173	0.041667
14	174	0.040000
14	178	0.045455
14	180	0.055556
14	193	0.040000
14	195	0.038462
14	202	0.050000
14	210	0.040000
14	211	0.041667
14	215	0.045455
14	218	0.052632
14	220	0.062500
14	234	0.055556
14	247	0.052632
14	250	0.058824
14	251	0.055556
14	252	0.062500
14	262	0.058824
14	263	0.052632
14	269	0.041667
14	278	0.062500
14	287	0.062500
14	298	0.052632
14	299	0.055556
14	301	0.055556
14	314	0.058824
14	323	0.062500
14	325	0.062500
14	328	0.062500
14	331	0.062500
14	332	0.050000
14	335	0.052632
14	336	0.066667
14	337	0.062500
14	341	0.058824
14	344	0.058824
14	347	0.062500
14	375	0.066667
14	379	0.066667
14	382	0.066667
14	384	0.066667
14	390	0.066667
14	396	0.066667
15	0	0.010309
15	1	0.016949
15	2	0.018868
15	3	0.017241
15	4	0.014493
15	5	0.012658
15	6	0.012346
15	7	0.016667
15	8	0.019231
15	9	0.011364
15	10	0.031250
15	11	0.020000
15	12	0.013333
15	13	0.013158
15	14	0.009259
15	16	0.008696
15	17	0.007519
15	18	0.007812
15	19	0.008547
15	20	0.010204
15	21	0.014085
15	22	0.013158
15	23	0.016129
15	24	0.012821
15	25	0.016667
15	26	0.021739
15	27	0.018182
15	28	0.034483
15	29	0.021739
15	32	0.011905
15	33	0.013889
15	34	0.018182
15	36	0.013889
15	38	0.016949
15	40	0.015625
15	41	0.014493
15	42	0.013699
15	43	0.023256
15	45	0.012987
15	46	0.016667
15	47	0.017241
15	50	0.025000
15	51	0.020833
15	52	0.018868
15	53	0.016667
15	55	0.026316
15	56	0.029412
15	61	0.023810
15	63	0.052632
15	65	0.029412
15	66	0.037037
15	67	0.025000
15	74	0.020833
15	76	0.023256
15	78	0.015385
15	82	0.028571
15	84	0.032258
15	89	0.047619
15	90	0.034483
15	91	0.047619
15	96	0.022222
15	100	0.040000
15	102	0.029412
15	107	0.028571
15	108	0.032258
15	109	0.035714
15	111	0.026316
15	112	0.040000
15	115	0.032258
15	117	0.037037
15	121	0.032258
15	123	0.038462
15	124	0.050000
15	127	0.050000
15	131	0.027027
15	134	0.047619
15	137	0.038462
15	141	0.035714
15	142	0.031250
15	144	0.034483
15	145	0.040000
15	163	0.035714
15	165	0.034483
15	168	0.038462
15	169	0.062500
15	171	0.040000
15	172	0.047619
15	176	0.043478
15	183	0.058824
15	186	0.032258
15	200	0.066667
15	201	0.058824
15	207	0.055556
15	208	0.055556
15	213	0.047619
15	215	0.045455
15	216	0.052632
15	222	0.062500
15	228	0.047619
15	235	0.043478
15	239	0.055556
15	240	0.052632
15	254	0.062500
15	257	0.052632
15	265	0.041667
15	271	0.058824
15	276	0.050000
15	280	0.050000
15	288	0.058824
15	289	0.050000
15	290	0.058824
15	295	0.055556
15	303	0.055556
15	316	0.058824
15	321	0.058824
15	322	0.058824
15	330	0.052632
15	338	0.066667
15	348	0.066667
15	351	0.066667
15	352	0.066667
15	357	0.062500
15	362	0.066667
15	363	0.066667
15	379	0.066667
15	381	0.066667
16	0	0.010309
16	1	0.016949
16	2	0.018868
16	3	0.017241
16	5	0.012658
16	6	0.012346
16	7	0.016667
16	8	0.019231
16	9	0.011364
16	10	0.031250
16	11	0.020000
16	12	0.013333
16	13	0.013158
16	14	0.009259
16	15	0.007937
16	18	0.007812
16	19	0.008547
16	20	0.010204
16	22	0.013158
16	23	0.016129
16	24	0.012821
16	25	0.016667
16	26	0.021739
16	27	0.018182
16	28	0.034483
16	31	0.034483
16	32	0.011905
16	37	0.016129
16	38	0.016949
16	39	0.015625
16	40	0.015625
16	47	0.017241
16	48	0.017241
16	49	0.023810
16	52	0.018868
16	53	0.016667
16	54	0.029412
16	56	0.029412
16	57	0.025000
16	59	0.022727
16	60	0.028571
16	61	0.023810
16	65	0.029412
16	66	0.037037
16	69	0.029412
16	71	0.031250
16	72	0.030303
16	75	0.024390
16	81	0.018868
16	89	0.047619
16	94	0.047619
16	96	0.022222
16	105	0.027027
16	106	0.031250
16	112	0.040000
16	115	0.032258
16	117	0.037037
16	118	0.033333
16	123	0.038462
16	129	0.050000
16	135	0.031250
16	136	0.045455
16	145	0.040000
16	151	0.033333
16	152	0.050000
16	153	0.058824
16	155	0.037037
16	164	0.037037
16	166	0.041667
16	167	0.045455
16	172	0.047619
16	174	0.040000
16	175	0.047619
16	177	0.037037
16	185	0.050000
16	188	0.058824
16	197	0.050000
16	200	0.066667
16	206	0.041667
16	212	0.050000
16	217	0.050000
16	230	0.047619
16	234	0.055556
16	235	0.043478
16	241	0.058824
16	243	0.041667
16	250	0.058824
16	251	0.055556
16	260	0.052632
16	265	0.041667
16	270	0.058824
16	274	0.062500
16	284	0.062500
16	290	0.058824
16	304	0.062500
16	312	0.062500
16	313	0.066667
16	314	0.058824
16	319	0.062500
16	320	0.066667
16	327	0.062500
16	331	0.062500
16	332	0.050000
16	338	0.066667
16	340	0.062500
16	341	0.058824
16	349	0.062500
16	360	0.062500
16	361	0.066667
16	363	0.066667
16	368	0.055556
16	372	0.066667
16	377	0.062500
16	384	0.066667
16	386	0.066667
17	0	0.010309
17	1	0.016949
17	2	0.018868
17	3	0.017241
17	4	0.014493
17	5	0.012658
17	6	0.012346
17	7	0.016667
17	8	0.019231
17	9	0.011364
17	11	0.020000
17	12	0.013333
17	13	0.013158
17	14	0.009259
17	15	0.007937
17	18	0.007812
17	19	0.008547
17	20	0.010204
17	21	0.014085
17	22	0.013158
17	23	0.016129
17	24	0.012821
17	25	0.016667
17	26	0.021739
17	27	0.018182
17	28	0.034483
17	29	0.021739
17	30	0.030303
17	31	0.034483
17	33	0.013889
17	34	0.018182
17	35	0.014085
17	36	0.013889
17	38	0.016949
17	39	0.015625
17	41	0.014493
17	42	0.013699
17	43	0.023256
17	44	0.016949
17	45	0.012987
17	46	0.016667
17	47	0.017241
17	49	0.023810
17	50	0.025000
17	51	0.020833
17	54	0.029412
17	55	0.026316
17	59	0.022727
17	63	0.052632
17	65	0.029412
17	66	0.037037
17	67	0.025000
17	68	0.029412
17	72	0.030303
17	75	0.024390
17	76	0.023256
17	80	0.028571
17	82	0.028571
17	88	0.040000
17	90	0.034483
17	91	0.047619
17	98	0.043478
17	104	0.023256
17	106	0.031250
17	113	0.030303
17	114	0.030303
17	116	0.032258
17	121	0.032258
17	127	0.050000
17	134	0.047619
17	138	0.032258
17	140	0.038462
17	141	0.035714
17	143	0.043478
17	148	0.045455
17	155	0.037037
17	161	0.040000
17	170	0.050000
17	175	0.047619
17	176	0.043478
17	177	0.037037
17	178	0.045455
17	179	0.034483
17	180	0.055556
17	181	0.055556
17	183	0.058824
17	186	0.032258
17	188	0.058824
17	189	0.058824
17	199	0.043478
17	200	0.066667
17	204	0.041667
17	206	0.041667
17	207	0.055556
17	211	0.041667
17	213	0.047619
17	218	0.052632
17	226	0.055556
17	229	0.043478
17	230	0.047619
17	231	0.041667
17	238	0.047619
17	245	0.055556
17	247	0.052632
17	250	0.058824
17	253	0.055556
17	256	0.047619
17	264	0.052632
17	266	0.058824
17	269	0.041667
17	278	0.062500
17	282	0.066667
17	284	0.062500
17	287	0.062500
17	291	0.062500
17	294	0.062500
17	298	0.052632
17	305	0.055556
17	306	0.058824
17	309	0.062500
17	324	0.058824
17	327	0.062500
17	341	0.058824
17	342	0.066667
17	345	0.062500
17	349	0.062500
17	353	0.066667
17	365	0.066667
17	374	0.066667
17	389	0.066667
17	392	0.066667
17	396	0.066667
17	397	0.066667
18	0	0.010309
18	1	0.016949
18	3	0.017241
18	4	0.014493
18	5	0.012658
18	7	0.016667
18	8	0.019231
18	9	0.011364
18	11	0.020000
18	12	0.013333
18	13	0.013158
18	14	0.009259
18	15	0.007937
18	16	0.008696
18	17	0.007519
18	19	0.008547
18	20	0.010204
18	21	0.014085
18	22	0.013158
18	23	0.016129
18	25	0.016667
18	26	0.021739
18	27	0.018182
18	28	0.034483
18	29	0.021739
18	31	0.034483
18	33	0.013889
18	34	0.018182
18	35	0.014085
18	38	0.016949
18	40	0.015625
18	41	0.014493
18	44	0.016949
18	45	0.012987
18	46	0.016667
18	47	0.017241
18	48	0.017241
18	51	0.020833
18	52	0.018868
18	53	0.016667
18	55	0.026316
18	56	0.029412
18	59	0.022727
18	60	0.028571
18	61	0.023810
18	63	0.052632
18	67	0.025000
18	68	0.029412
18	70	0.018868
18	71	0.031250
18	73	0.023810
18	77	0.020833
18	78	0.015385
18	85	0.025000
18	89	0.047619
18	92	0.034483
18	93	0.037037
18	101	0.028571
18	105	0.027027
18	109	0.035714
18	116	0.032258
18	119	0.034483
18	122	0.045455
18	124	0.050000
18	125	0.040000
18	128	0.037037
18	129	0.050000
18	130	0.025000
18	133	0.032258
18	137	0.038462
18	139	0.040000
18	141	0.035714
18	149	0.034483
18	153	0.058824
18	158	0.055556
18	168	0.038462
18	169	0.062500
18	173	0.041667
18	179	0.034483
18	187	0.047619
18	199	0.043478
18	203	0.040000
18	211	0.041667
18	217	0.050000
18	218	0.052632
18	219	0.050000
18	224	0.055556
18	231	0.041667
18	240	0.052632
18	242	0.052632
18	243	0.041667
18	247	0.052632
18	249	0.050000
18	254	0.062500
18	260	0.052632
18	277	0.052632
18	278	0.062500
18	285	0.055556
18	286	0.062500
18	288	0.058824
18	294	0.062500
18	299	0.055556
18	302	0.062500
18	307	0.050000
18	309	0.062500
18	316	0.058824
18	318	0.066667
18	330	0.052632
18	331	0.062500
18	336	0.066667
18	337	0.062500
18	338	0.066667
18	340	0.062500
18	344	0.058824
18	345	0.062500
18	351	0.066667
18	353	0.066667
18	354	0.066667
18	368	0.055556
18	369	0.062500
18	371	0.062500
18	375	0.066667
18	376	0.066667
18	383	0.058824
18	384	0.066667
18	392	0.066667
18	396	0.066667
18	398	0.066667
19	0	0.010309
19	1	0.016949
19	3	0.017241
19	4	0.014493
19	5	0.012658
19	9	0.011364
19	10	0.031250
19	11	0.020000
19	12	0.013333
19	13	0.013158
19	14	0.009259
19	15	0.007937
19	16	0.008696
19	17	0.007519
19	18	0.007812
19	20	0.010204
19	22	0.013158
19	24	0.012821
19	26	0.021739
19	27	0.018182
19	28	0.034483
19	29	0.021739
19	30	0.030303
19	31	0.034483
19	32	0.011905
19	34	0.018182
19	38	0.016949
19	39	0.015625
19	40	0.015625
19	42	0.013699
19	45	0.012987
19	49	0.023810
19	50	0.025000
19	54	0.029412
19	58	0.025000
19	63	0.052632
19	64	0.015625
19	68	0.029412
19	69	0.029412
19	70	0.018868
19	71	0.031250
19	76	0.023256
19	80	0.028571
19	83	0.028571
19	85	0.025000
19	86	0.022727
19	88	0.040000
19	89	0.047619
19	91	0.047619
19	92	0.034483
19	93	0.037037
19	97	0.029412
19	111	0.026316
19	112	0.040000
19	114	0.030303
19	119	0.034483
19	125	0.040000
19	126	0.047619
19	130	0.025000
19	133	0.032258
19	136	0.045455
19	142	0.031250
19	146	0.040000
19	147	0.037037
19	151	0.033333
19	156	0.040000
19	167	0.045455
19	176	0.043478
19	177	0.037037
19	182	0.055556
19	187	0.047619
19	191	0.055556
19	193	0.040000
19	201	0.058824
19	202	0.050000
19	204	0.041667
19	207	0.055556
19	210	0.040000
19	212	0.050000
19	216	0.052632
19	218	0.052632
19	232	0.052632
19	234	0.055556
19	236	0.045455
19	241	0.058824
19	245	0.055556
19	248	0.047619
19	256	0.047619
19	259	0.058824
19	260	0.052632
19	265	0.041667
19	266	0.058824
19	269	0.041667
19	276	0.050000
19	289	0.050000
19	291	0.062500
19	296	0.058824
19	298	0.052632
19	299	0.055556
19	302	0.062500
19	304	0.062500
19	306	0.058824
19	308	0.055556
19	313	0.066667
19	317	0.066667
19	318	0.066667
19	320	0.066667
19	321	0.058824
19	324	0.058824
19	329	0.062500
19	331	0.062500
19	332	0.050000
19	333	0.071429
19	337	0.062500
19	348	0.066667
19	363	0.066667
19	364	0.062500
20	0	0.010309
20	1	0.016949
20	3	0.017241
20	4	0.014493
20	5	0.012658
20	6	0.012346
20	7	0.016667
20	8	0.019231
20	9	0.011364
20	12	0.013333
20	15	0.007937
20	16	0.008696
20	17	0.007519
20	18	0.007812
20	19	0.008547
20	23	0.016129
20	25	0.016667
20	27	0.018182
20	28	0.034483
20	29	0.021739
20	30	0.030303
20	31	0.034483
20	35	0.014085
20	36	0.013889
20	37	0.016129
20	41	0.014493
20	44	0.016949
20	47	0.017241
20	48	0.017241
20	49	0.023810
20	52	0.018868
20	56	0.029412
20	65	0.029412
20	70	0.018868
20	72	0.030303
20	74	0.020833
20	76	0.023256
20	78	0.015385
20	83	0.028571
20	84	0.032258
20	85	0.025000
20	87	0.023810
20	92	0.034483
20	93	0.037037
20	96	0.022222
20	97	0.029412
20	107	0.028571
20	111	0.026316
20	113	0.030303
20	118	0.033333
20	126	0.047619
20	127	0.050000
20	132	0.031250
20	133	0.032258
20	140	0.038462
20	143	0.043478
20	144	0.034483
20	146	0.040000
20	151	0.033333
20	152	0.050000
20	156	0.040000
20	157	0.040000
20	164	0.037037
20	165	0.034483
20	167	0.045455
20	170	0.050000
20	190	0.050000
20	198	0.035714
20	208	0.055556
20	215	0.045455
20	228	0.047619
20	230	0.047619
20	241	0.058824
20	244	0.055556
20	245	0.055556
20	247	0.052632
20	248	0.047619
20	252	0.062500
20	277	0.052632
20	279	0.055556
20	284	0.062500
20	286	0.062500
20	296	0.058824
20	298	0.052632
20	301	0.055556
20	318	0.066667
20	327	0.062500
20	336	0.066667
20	346	0.066667
20	347	0.062500
20	349	0.062500
20	355	0.062500
20	359	0.066667
20	366	0.058824
20	374	0.066667
20	379	0.066667
20	381	0.066667
20	393	0.066667
21	0	0.010309
21	1	0.016949
21	3	0.017241
21	4	0.014493
21	5	0.012658
21	8	0.019231
21	9	0.011364
21	11	0.020000
21	12	0.013333
21	13	0.013158
21	14	0.009259
21	15	0.007937
21	17	0.007519
21	18	0.007812
21	22	0.013158
21	23	0.016129
21	25	0.016667
21	27	0.018182
21	29	0.021739
21	30	0.030303
21	31	0.034483
21	35	0.014085
21	36	0.013889
21	43	0.023256
21	44	0.016949
21	45	0.012987
21	53	0.016667
21	58	0.025000
21	61	0.023810
21	66	0.037037
21	68	0.029412
21	69	0.029412
21	77	0.020833
21	79	0.030303
21	94	0.047619
21	96	0.022222
21	104	0.023256
21	108	0.032258
21	121	0.032258
21	126	0.047619
21	141	0.035714
21	142	0.031250
21	147	0.037037
21	163	0.035714
21	174	0.040000
21	181	0.055556
21	196	0.052632
21	203	0.040000
21	204	0.041667
21	219	0.050000
21	220	0.062500
21	224	0.055556
21	226	0.055556
21	230	0.047619
21	231	0.041667
21	238	0.047619
21	239	0.055556
21	246	0.052632
21	250	0.058824
21	253	0.055556
21	270	0.058824
21	288	0.058824
21	294	0.062500
21	300	0.055556
21	305	0.055556
21	315	0.062500
21	339	0.062500
21	343	0.066667
21	378	0.071429
21	385	0.066667
21	391	0.062500
22	0	0.010309
22	3	0.017241
22	4	0.014493
22	8	0.019231
22	9	0.011364
22	10	0.031250
22	13	0.013158
22	14	0.009259
22	15	0.007937
22	16	0.008696
22	17	0.007519
22	18	0.007812
22	19	0.008547
22	21	0.014085
22	26	0.021739
22	28	0.034483
22	29	0.021739
22	31	0.034483
22	32	0.011905
22	35	0.014085
22	40	0.015625
22	43	0.023256
22	46	0.016667
22	50	0.025000
22	54	0.029412
22	57	0.025000
22	58	0.025000
22	59	0.022727
22	62	0.035714
22	64	0.015625
22	69	0.029412
22	71	0.031250
22	72	0.030303
22	73	0.023810
22	75	0.024390
22	84	0.032258
22	91	0.047619
22	92	0.034483
22	95	0.038462
22	96	0.022222
22	99	0.033333
22	103	0.023810
22	104	0.023256
22	107	0.028571
22	117	0.037037
22	120	0.035714
22	132	0.031250
22	135	0.031250
22	140	0.038462
22	165	0.034483
22	179	0.034483
22	180	0.055556
22	192	0.040000
22	193	0.040000
22	196	0.052632
22	199	0.043478
22	205	0.043478
22	207	0.055556
22	245	0.055556
22	247	0.052632
22	263	0.052632
22	273	0.052632
22	275	0.058824
22	279	0.055556
22	280	0.050000
22	288	0.058824
22	295	0.055556
22	304	0.062500
22	315	0.062500
22	322	0.058824
22	328	0.062500
22	329	0.062500
22	351	0.066667
22	368	0.055556
22	373	0.066667
22	375	0.066667
23	0	0.010309
23	1	0.016949
23	3	0.017241
23	6	0.012346
23	8	0.019231
23	9	0.011364
23	11	0.020000
23	12	0.013333
23	15	0.007937
23	16	0.008696
23	17	0.007519
23	18	0.007812
23	20	0.010204
23	21	0.014085
23	26	0.021739
23	27	0.018182
23	29	0.021739
23	36	0.013889
23	37	0.016129
23	43	0.023256
23	45	0.012987
23	48	0.017241
23	53	0.016667
23	54	0.029412
23	57	0.025000
23	58	0.025000
23	61	0.023810
23	64	0.015625
23	69	0.029412
23	80	0.028571
23	85	0.025000
23	86	0.022727
23	87	0.023810
23	100	0.040000
23	103	0.023810
23	107	0.028571
23	111	0.026316
23	116	0.032258
23	121	0.032258
23	123	0.038462
23	132	0.031250
23	142	0.031250
23	146	0.040000
23	148	0.045455
23	165	0.034483
23	166	0.041667
23	170	0.050000
23	181	0.055556
23	196	0.052632
23	205	0.043478
23	223	0.055556
23	236	0.045455
23	248	0.047619
23	304	0.062500
23	310	0.055556
23	317	0.066667
23	320	0.066667
23	344	0.058824
23	346	0.066667
23	365	0.066667
23	392	0.066667
23	395	0.066667
24	0	0.010309
24	1	0.016949
24	3	0.017241
24	5	0.012658
24	6	0.012346
24	8	0.019231
24	11	0.020000
24	12	0.013333
24	14	0.009259
24	15	0.007937
24	16	0.008696
24	17	0.007519
24	19	0.008547
24	26	0.021739
24	27	0.018182
24	30	0.030303
24	31	0.034483
24	35	0.014085
24	42	0.013699
24	45	0.012987
24	48	0.017241
24	49	0.023810
24	54	0.029412
24	55	0.026316
24	57	0.025000
24	62	0.035714
24	63	0.052632
24	65	0.029412
24	69	0.029412
24	70	0.018868
24	74	0.020833
24	75	0.024390
24	79	0.030303
24	82	0.028571
24	84	0.032258
24	86	0.022727
24	89	0.047619
24	91	0.047619
24	95	0.038462
24	105	0.027027
24	106	0.031250
24	115	0.032258
24	125	0.040000
24	128	0.037037
24	137	0.038462
24	139	0.040000
24	141	0.035714
24	148	0.045455
24	164	0.037037
24	173	0.041667
24	198	0.035714
24	200	0.066667
24	208	0.055556
24	210	0.040000
24	213	0.047619
24	225	0.050000
24	227	0.043478
24	235	0.043478
24	238	0.047619
24	246	0.052632
24	251	0.055556
24	253	0.055556
24	255	0.055556
24	263	0.052632
24	284	0.062500
24	288	0.058824
24	304	0.062500
24	307	0.050000
24	310	0.055556
24	312	0.062500
24	326	0.055556
24	328	0.062500
24	355	0.062500
24	360	0.062500
24	365	0.066667
24	370	0.066667
24	383	0.058824
24	390	0.066667
25	0	0.010309
25	1	0.016949
25	4	0.014493
25	6	0.012346
25	8	0.019231
25	9	0.011364
25	10	0.031250
25	11	0.020000
25	13	0.013158
25	15	0.007937
25	16	0.008696
25	17	0.007519
25	18	0.007812
25	20	0.010204
25	21	0.014085
25	26	0.021739
25	32	0.011905
25	33	0.013889
25	35	0.014085
25	37	0.016129
25	39	0.015625
25	43	0.023256
25	44	0.016949
25	50	0.025000
25	62	0.035714
25	74	0.020833
25	84	0.032258
25	87	0.023810
25	100	0.040000
25	105	0.027027
25	107	0.028571
25	121	0.032258
25	124	0.050000
25	129	0.050000
25	131	0.027027
25	133	0.032258
25	136	0.045455
25	143	0.043478
25	151	0.033333
25	156	0.040000
25	161	0.040000
25	171	0.040000
25	175	0.047619
25	177	0.037037
25	191	0.055556
25	195	0.038462
25	197	0.050000
25	199	0.043478
25	202	0.050000
25	222	0.062500
25	224	0.055556
25	242	0.052632
25	253	0.055556
25	255	0.055556
25	269	0.041667
25	270	0.058824
25	283	0.050000
25	295	0.055556
25	316	0.058824
25	361	0.066667
26	0	0.010309
26	2	0.018868
26	3	0.017241
26	4	0.014493
26	5	0.012658
26	14	0.009259
26	15	0.007937
26	16	0.008696
26	17	0.007519
26	18	0.007812
26	19	0.008547
26	22	0.013158
26	23	0.016129
26	24	0.012821
26	25	0.016667
26	29	0.021739
26	31	0.034483
26	32	0.011905
26	36	0.013889
26	42	0.013699
26	43	0.023256
26	50	0.025000
26	57	0.025000
26	65	0.029412
26	68	0.029412
26	98	0.043478
26	118	0.033333
26	133	0.032258
26	145	0.040000
26	162	0.043478
26	186	0.032258
26	193	0.040000
26	203	0.040000
26	219	0.050000
26	247	0.052632
26	263	0.052632
26	291	0.062500
26	293	0.052632
26	298	0.052632
26	306	0.058824
26	316	0.058824
26	324	0.058824
26	335	0.052632
26	372	0.066667
26	373	0.066667
26	375	0.066667
27	0	0.010309
27	2	0.018868
27	5	0.012658
27	7	0.016667
27	12	0.013333
27	14	0.009259
27	15	0.007937
27	16	0.008696
27	17	0.007519
27	18	0.007812
27	19	0.008547
27	20	0.010204
27	21	0.014085
27	23	0.016129
27	24	0.012821
27	29	0.021739
27	31	0.034483
27	33	0.013889
27	37	0.016129
27	39	0.015625
27	40	0.015625
27	41	0.014493
27	43	0.023256
27	45	0.012987
27	49	0.023810
27	55	0.026316
27	58	0.025000
27	63	0.052632
27	65	0.029412
27	69	0.029412
27	76	0.023256
27	83	0.028571
27	99	0.033333
27	106	0.031250
27	108	0.032258
27	129	0.050000
27	145	0.040000
27	151	0.033333
27	152	0.050000
27	174	0.040000
27	196	0.052632
27	197	0.050000
27	202	0.050000
27	209	0.045455
27	221	0.058824
27	222	0.062500
27	237	0.050000
27	240	0.052632
27	248	0.047619
27	252	0.062500
27	268	0.052632
27	280	0.050000
27	306	0.058824
27	315	0.062500
27	374	0.066667
28	1	0.016949
28	3	0.017241
28	5	0.012658
28	6	0.012346
28	7	0.016667
28	13	0.013158
28	14	0.009259
28	15	0.007937
28	16	0.008696
28	17	0.007519
28	18	0.007812
28	19	0.008547
28	20	0.010204
28	22	0.013158
28	34	0.018182
28	37	0.016129
28	38	0.016949
28	50	0.025000
28	76	0.023256
28	90	0.034483
28	102	0.029412
28	116	0.032258
28	120	0.035714
28	127	0.050000
28	145	0.040000
28	151	0.033333
28	167	0.045455
28	184	0.041667
28	207	0.055556
29	0	0.010309
29	5	0.012658
29	6	0.012346
29	11	0.020000
29	14	0.009259
29	15	0.007937
29	17	0.007519
29	18	0.007812
29	19	0.008547
29	20	0.010204
29	21	0.014085
29	22	0.013158
29	23	0.016129
29	26	0.021739
29	27	0.018182
29	30	0.030303
29	32	0.011905
29	33	0.013889
29	35	0.014085
29	41	0.014493
29	48	0.017241
29	50	0.025000
29	57	0.025000
29	62	0.035714
29	67	0.025000
29	72	0.030303
29	73	0.023810
29	83	0.028571
29	96	0.022222
29	97	0.029412
29	114	0.030303
29	117	0.037037
29	123	0.038462
29	158	0.055556
29	172	0.047619
29	187	0.047619
29	211	0.041667
29	283	0.050000
29	293	0.052632
29	317	0.066667
29	320	0.066667
29	334	0.062500
29	351	0.066667
29	352	0.066667
29	365	0.066667
29	372	0.066667
30	0	0.010309
30	2	0.018868
30	3	0.017241
30	4	0.014493
30	6	0.012346
30	8	0.019231
30	11	0.020000
30	13	0.013158
30	17	0.007519
30	19	0.008547
30	20	0.010204
30	21	0.014085
30	24	0.012821
30	29	0.021739
30	39	0.015625
30	49	0.023810
30	59	0.022727
30	73	0.023810
30	96	0.022222
30	99	0.033333
30	102	0.029412
30	108	0.032258
30	112	0.040000
30	147	0.037037
30	149	0.034483
30	179	0.034483
30	187	0.047619
30	204	0.041667
30	256	0.047619
30	290	0.058824
30	300	0.055556
30	304	0.062500
30	339	0.062500
31	3	0.017241
31	8	0.019231
31	9	0.011364
31	10	0.031250
31	12	0.013333
31	16	0.008696
31	17	0.007519
31	18	0.007812
31	19	0.008547
31	20	0.010204
31	21	0.014085
31	22	0.013158
31	24	0.012821
31	26	0.021739
31	27	0.018182
31	42	0.013699
31	44	0.016949
31	50	0.025000
31	57	0.025000
31	67	0.025000
31	73	0.023810
31	127	0.050000
31	152	0.050000
31	177	0.037037
31	189	0.058824
31	210	0.040000
31	213	0.047619
31	354	0.066667
31	370	0.066667
32	3	0.017241
32	4	0.014493
32	5	0.012658
32	6	0.012346
32	7	0.016667
32	8	0.019231
32	9	0.011364
32	14	0.009259
32	15	0.007937
32	16	0.008696
32	19	0.008547
32	22	0.013158
32	25	0.016667
32	26	0.021739
32	29	0.021739
32	33	0.013889
32	34	0.018182
32	36	0.013889
32	38	0.016949
32	40	0.015625
32	41	0.014493
32	51	0.020833
32	52	0.018868
32	55	0.026316
32	56	0.029412
32	58	0.025000
32	62	0.035714
32	64	0.015625
32	68	0.029412
32	74	0.020833
32	77	0.020833
32	79	0.030303
32	81	0.018868
32	83	0.028571
32	85	0.025000
32	90	0.034483
32	94	0.047619
32	98	0.043478
32	99	0.033333
32	100	0.040000
32	103	0.023810
32	108	0.032258
32	115	0.032258
32	131	0.027027
32	132	0.031250
32	143	0.043478
32	144	0.034483
32	154	0.031250
32	161	0.040000
32	167	0.045455
32	168	0.038462
32	175	0.047619
32	186	0.032258
32	189	0.058824
32	197	0.050000
32	212	0.050000
32	214	0.050000
32	216	0.052632
32	217	0.050000
32	226	0.055556
32	230	0.047619
32	236	0.045455
32	239	0.055556
32	240	0.052632
32	245	0.055556
32	254	0.062500
32	255	0.055556
32	257	0.052632
32	262	0.058824
32	267	0.058824
32	269	0.041667
32	271	0.058824
32	275	0.058824
32	281	0.066667
32	300	0.055556
32	308	0.055556
32	323	0.062500
32	325	0.062500
32	334	0.062500
32	336	0.066667
32	351	0.066667
32	370	0.066667
32	375	0.066667
32	398	0.066667
33	0	0.010309
33	3	0.017241
33	4	0.014493
33	5	0.012658
33	6	0.012346
33	9	0.011364
33	13	0.013158
33	14	0.009259
33	15	0.007937
33	17	0.007519
33	18	0.007812
33	25	0.016667
33	27	0.018182
33	29	0.021739
33	32	0.011905
33	34	0.018182
33	38	0.016949
33	39	0.015625
33	42	0.013699
33	44	0.016949
33	48	0.017241
33	50	0.025000
33	51	0.020833
33	52	0.018868
33	54	0.029412
33	60	0.028571
33	64	0.015625
33	81	0.018868
33	87	0.023810
33	89	0.047619
33	99	0.033333
33	106	0.031250
33	110	0.027027
33	115	0.032258
33	117	0.037037
33	119	0.034483
33	132	0.031250
33	138	0.032258
33	148	0.045455
33	161	0.040000
33	162	0.043478
33	165	0.034483
33	170	0.050000
33	176	0.043478
33	181	0.055556
33	191	0.055556
33	203	0.040000
33	223	0.055556
33	224	0.055556
33	235	0.043478
33	265	0.041667
33	274	0.062500
33	282	0.066667
33	285	0.055556
33	295	0.055556
33	300	0.055556
33	301	0.055556
33	302	0.062500
33	304	0.062500
33	307	0.050000
33	308	0.055556
33	313	0.066667
33	314	0.058824
33	321	0.058824
33	342	0.066667
33	374	0.066667
33	377	0.062500
33	380	0.066667
33	385	0.066667
33	391	0.062500
33	392	0.066667
33	398	0.066667
34	0	0.010309
34	2	0.018868
34	4	0.014493
34	7	0.016667
34	8	0.019231
34	13	0.013158
34	14	0.009259
34	15	0.007937
34	17	0.007519
34	18	0.007812
34	19	0.008547
34	28	0.034483
34	32	0.011905
34	33	0.013889
34	35	0.014085
34	36	0.013889
34	55	0.026316
34	79	0.030303
34	80	0.028571
34	85	0.025000
34	96	0.022222
34	103	0.023810
34	106	0.031250
34	117	0.037037
34	118	0.033333
34	130	0.025000
34	132	0.031250
34	143	0.043478
34	165	0.034483
34	168	0.038462
34	170	0.050000
34	172	0.047619
34	178	0.045455
34	195	0.038462
34	196	0.052632
34	214	0.050000
34	216	0.052632
34	239	0.055556
34	242	0.052632
34	256	0.047619
34	270	0.058824
34	271	0.058824
34	273	0.052632
34	278	0.062500
34	282	0.066667
34	283	0.050000
34	288	0.058824
34	289	0.050000
34	292	0.041667
34	296	0.058824
34	325	0.062500
34	328	0.062500
34	336	0.066667
34	368	0.055556
34	386	0.066667
35	0	0.010309
35	4	0.014493
35	7	0.016667
35	9	0.011364
35	13	0.013158
35	14	0.009259
35	17	0.007519
35	18	0.007812
35	20	0.010204
35	21	0.014085
35	22	0.013158
35	24	0.012821
35	25	0.016667
35	29	0.021739
35	34	0.018182
35	37	0.016129
35	38	0.016949
35	41	0.014493
35	44	0.016949
35	53	0.016667
35	56	0.029412
35	60	0.028571
35	61	0.023810
35	64	0.015625
35	66	0.037037
35	71	0.031250
35	72	0.030303
35	74	0.020833
35	78	0.015385
35	84	0.032258
35	87	0.023810
35	88	0.040000
35	92	0.034483
35	95	0.038462
35	98	0.043478
35	107	0.028571
35	115	0.032258
35	120	0.035714
35	132	0.031250
35	144	0.034483
35	156	0.040000
35	157	0.040000
35	166	0.041667
35	167	0.045455
35	168	0.038462
35	190	0.050000
35	191	0.055556
35	208	0.055556
35	218	0.052632
35	233	0.045455
35	235	0.043478
35	249	0.050000
35	251	0.055556
35	257	0.052632
35	258	0.062500
35	275	0.058824
35	277	0.052632
35	281	0.066667
35	286	0.062500
35	287	0.062500
35	295	0.055556
35	317	0.066667
35	334	0.062500
35	338	0.066667
35	354	0.066667
35	355	0.062500
35	369	0.062500
35	372	0.066667
35	387	0.062500
35	389	0.066667
35	391	0.062500
36	4	0.014493
36	5	0.012658
36	7	0.016667
36	9	0.011364
36	10	0.031250
36	12	0.013333
36	15	0.007937
36	17	0.007519
36	20	0.010204
36	21	0.014085
36	23	0.016129
36	26	0.021739
36	32	0.011905
36	34	0.018182
36	38	0.016949
36	42	0.013699
36	47	0.017241
36	49	0.023810
36	51	0.020833
36	52	0.018868
36	53	0.016667
36	55	0.026316
36	62	0.035714
36	70	0.018868
36	85	0.025000
36	87	0.023810
36	91	0.047619
36	95	0.038462
36	96	0.022222
36	98	0.043478
36	108	0.032258
36	111	0.026316
36	113	0.030303
36	115	0.032258
36	119	0.034483
36	123	0.038462
36	130	0.025000
36	139	0.040000
36	144	0.034483
36	160	0.045455
36	166	0.041667
36	173	0.041667
36	178	0.045455
36	180	0.055556
36	183	0.058824
36	184	0.041667
36	203	0.040000
36	223	0.055556
36	235	0.043478
36	237	0.050000
36	240	0.052632
36	241	0.058824
36	245	0.055556
36	246	0.052632
36	248	0.047619
36	257	0.052632
36	258	0.062500
36	261	0.052632
36	272	0.041667
36	275	0.058824
36	280	0.050000
36	299	0.055556
36	310	0.055556
36	329	0.062500
36	333	0.071429
36	338	0.066667
36	342	0.066667
36	352	0.066667
36	373	0.066667
36	382	0.066667
36	389	0.066667
36	398	0.066667
37	0	0.010309
37	2	0.018868
37	3	0.017241
37	4	0.014493
37	5	0.012658
37	8	0.019231
37	9	0.011364
37	12	0.013333
37	16	0.008696
37	20	0.010204
37	23	0.016129
37	25	0.016667
37	27	0.018182
37	28	0.034483
37	35	0.014085
37	39	0.015625
37	47	0.017241
37	48	0.017241
37	49	0.023810
37	50	0.025000
37	57	0.025000
37	58	0.025000
37	69	0.029412
37	75	0.024390
37	81	0.018868
37	90	0.034483
37	97	0.029412
37	101	0.028571
37	106	0.031250
37	115	0.032258
37	116	0.032258
37	120	0.035714
37	121	0.032258
37	122	0.045455
37	123	0.038462
37	130	0.025000
37	138	0.032258
37	161	0.040000
37	162	0.043478
37	167	0.045455
37	177	0.037037
37	195	0.038462
37	211	0.041667
37	218	0.052632
37	222	0.062500
37	229	0.043478
37	236	0.045455
37	241	0.058824
37	246	0.052632
37	258	0.062500
37	267	0.058824
37	275	0.058824
37	325	0.062500
37	334	0.062500
37	343	0.066667
37	344	0.058824
37	359	0.066667
37	363	0.066667
37	364	0.062500
37	375	0.066667
37	391	0.062500
37	392	0.066667
38	3	0.017241
38	6	0.012346
38	7	0.016667
38	11	0.020000
38	13	0.013158
38	15	0.007937
38	16	0.008696
38	17	0.007519
38	18	0.007812
38	19	0.008547
38	28	0.034483
38	32	0.011905
38	33	0.013889
38	35	0.014085
38	36	0.013889
38	40	0.015625
38	41	0.014493
38	43	0.023256
38	44	0.016949
38	49	0.023810
38	55	0.026316
38	58	0.025000
38	60	0.028571
38	71	0.031250
38	78	0.015385
38	79	0.030303
38	80	0.028571
38	83	0.028571
38	84	0.032258
38	91	0.047619
38	108	0.032258
38	124	0.050000
38	137	0.038462
38	145	0.040000
38	159	0.052632
38	162	0.043478
38	168	0.038462
38	169	0.062500
38	177	0.037037
38	182	0.055556
38	192	0.040000
38	196	0.052632
38	200	0.066667
38	207	0.055556
38	244	0.055556
38	246	0.052632
38	258	0.062500
38	267	0.058824
38	268	0.052632
38	275	0.058824
38	277	0.052632
38	293	0.052632
38	315	0.062500
38	332	0.050000
38	338	0.066667
38	348	0.066667
38	350	0.062500
38	364	0.062500
38	379	0.066667
39	0	0.010309
39	3	0.017241
39	6	0.012346
39	7	0.016667
39	12	0.013333
39	13	0.013158
39	14	0.009259
39	16	0.008696
39	17	0.007519
39	19	0.008547
39	25	0.016667
39	27	0.018182
39	30	0.030303
39	33	0.013889
39	37	0.016129
39	43	0.023256
39	46	0.016667
39	47	0.017241
39	51	0.020833
39	53	0.016667
39	57	0.025000
39	61	0.023810
39	64	0.015625
39	66	0.037037
39	77	0.020833
39	80	0.028571
39	86	0.022727
39	92	0.034483
39	102	0.029412
39	109	0.035714
39	110	0.027027
39	119	0.034483
39	122	0.045455
39	138	0.032258
39	139	0.040000
39	144	0.034483
39	152	0.050000
39	158	0.055556
39	162	0.043478
39	164	0.037037
39	170	0.050000
39	177	0.037037
39	192	0.040000
39	194	0.034483
39	203	0.040000
39	206	0.041667
39	219	0.050000
39	227	0.043478
39	234	0.055556
39	242	0.052632
39	245	0.055556
39	251	0.055556
39	254	0.062500
39	258	0.062500
39	269	0.041667
39	284	0.062500
39	287	0.062500
39	304	0.062500
39	356	0.062500
39	359	0.066667
39	365	0.066667
39	389	0.066667
39	396	0.066667
39	397	0.066667
40	1	0.016949
40	4	0.014493
40	6	0.012346
40	9	0.011364
40	12	0.013333
40	13	0.013158
40	14	0.009259
40	15	0.007937
40	16	0.008696
40	18	0.007812
40	19	0.008547
40	22	0.013158
40	27	0.018182
40	32	0.011905
40	38	0.016949
40	42	0.013699
40	46	0.016667
40	49	0.023810
40	54	0.029412
40	56	0.029412
40	59	0.022727
40	61	0.023810
40	63	0.052632
40	64	0.015625
40	65	0.029412
40	68	0.029412
40	71	0.031250
40	77	0.020833
40	82	0.028571
40	86	0.022727
40	102	0.029412
40	103	0.023810
40	104	0.023256
40	108	0.032258
40	110	0.027027
40	111	0.026316
40	112	0.040000
40	115	0.032258
40	122	0.045455
40	123	0.038462
40	125	0.040000
40	128	0.037037
40	131	0.027027
40	136	0.045455
40	151	0.033333
40	154	0.031250
40	156	0.040000
40	169	0.062500
40	172	0.047619
40	175	0.047619
40	191	0.055556
40	203	0.040000
40	205	0.043478
40	215	0.045455
40	245	0.055556
40	259	0.058824
40	281	0.066667
40	327	0.062500
40	338	0.066667
40	356	0.062500
40	377	0.062500
40	394	0.066667
40	396	0.066667
40	397	0.066667
41	0	0.010309
41	1	0.016949
41	5	0.012658
41	10	0.031250
41	14	0.009259
41	15	0.007937
41	17	0.007519
41	18	0.007812
41	20	0.010204
41	27	0.018182
41	29	0.021739
41	32	0.011905
41	35	0.014085
41	38	0.016949
41	42	0.013699
41	48	0.017241
41	53	0.016667
41	58	0.025000
41	59	0.022727
41	60	0.028571
41	61	0.023810
41	66	0.037037
41	69	0.029412
41	71	0.031250
41	73	0.023810
41	82	0.028571
41	87	0.023810
41	101	0.028571
41	111	0.026316
41	113	0.030303
41	121	0.032258
41	127	0.050000
41	135	0.031250
41	136	0.045455
41	150	0.037037
41	162	0.043478
41	163	0.035714
41	165	0.034483
41	166	0.041667
41	186	0.032258
41	189	0.058824
41	191	0.055556
41	206	0.041667
41	217	0.050000
41	218	0.052632
41	221	0.058824
41	231	0.041667
41	236	0.045455
41	238	0.047619
41	247	0.052632
41	251	0.055556
41	265	0.041667
41	266	0.058824
41	273	0.052632
41	292	0.041667
41	294	0.062500
41	299	0.055556
41	331	0.062500
41	336	0.066667
41	364	0.062500
41	367	0.062500
41	371	0.062500
41	377	0.062500
41	381	0.066667
41	386	0.066667
41	391	0.062500
41	393	0.066667
41	395	0.066667
41	396	0.066667
42	1	0.016949
42	3	0.017241
42	6	0.012346
42	12	0.013333
42	13	0.013158
42	15	0.007937
42	17	0.007519
42	19	0.008547
42	24	0.012821
42	26	0.021739
42	31	0.034483
42	33	0.013889
42	36	0.013889
42	40	0.015625
42	41	0.014493
42	44	0.016949
42	49	0.023810
42	62	0.035714
42	63	0.052632
42	66	0.037037
42	69	0.029412
42	70	0.018868
42	72	0.030303
42	75	0.024390
42	78	0.015385
42	79	0.030303
42	80	0.028571
42	89	0.047619
42	95	0.038462
42	98	0.043478
42	100	0.040000
42	105	0.027027
42	111	0.026316
42	113	0.030303
42	117	0.037037
42	119	0.034483
42	120	0.035714
42	125	0.040000
42	127	0.050000
42	131	0.027027
42	134	0.047619
42	142	0.031250
42	143	0.043478
42	144	0.034483
42	148	0.045455
42	149	0.034483
42	158	0.055556
42	179	0.034483
42	183	0.058824
42	185	0.050000
42	188	0.058824
42	194	0.034483
42	201	0.058824
42	208	0.055556
42	212	0.050000
42	219	0.050000
42	224	0.055556
42	229	0.043478
42	244	0.055556
42	259	0.058824
42	263	0.052632
42	276	0.050000
42	297	0.055556
42	311	0.052632
42	326	0.055556
42	330	0.052632
42	337	0.062500
42	347	0.062500
42	351	0.066667
42	358	0.062500
42	367	0.062500
42	369	0.062500
42	398	0.066667
43	1	0.016949
43	5	0.012658
43	12	0.013333
43	13	0.013158
43	14	0.009259
43	15	0.007937
43	17	0.007519
43	21	0.014085
43	22	0.013158
43	23	0.016129
43	25	0.016667
43	26	0.021739
43	27	0.018182
43	38	0.016949
43	39	0.015625
43	46	0.016667
43	70	0.018868
43	83	0.028571
43	88	0.040000
43	93	0.037037
43	96	0.022222
43	142	0.031250
43	159	0.052632
43	169	0.062500
43	179	0.034483
43	180	0.055556
43	181	0.055556
43	207	0.055556
43	231	0.041667
43	239	0.055556
43	264	0.052632
43	271	0.058824
43	274	0.062500
43	275	0.058824
43	277	0.052632
43	280	0.050000
43	283	0.050000
43	297	0.055556
43	303	0.055556
43	307	0.050000
43	316	0.058824
43	370	0.066667
43	390	0.066667
44	1	0.016949
44	5	0.012658
44	8	0.019231
44	12	0.013333
44	13	0.013158
44	17	0.007519
44	18	0.007812
44	20	0.010204
44	21	0.014085
44	25	0.016667
44	31	0.034483
44	33	0.013889
44	35	0.014085
44	38	0.016949
44	42	0.013699
44	60	0.028571
44	61	0.023810
44	64	0.015625
44	75	0.024390
44	79	0.030303
44	81	0.018868
44	89	0.047619
44	92	0.034483
44	98	0.043478
44	114	0.030303
44	120	0.035714
44	124	0.050000
44	125	0.040000
44	132	0.031250
44	139	0.040000
44	141	0.035714
44	142	0.031250
44	150	0.037037
44	155	0.037037
44	161	0.040000
44	164	0.037037
44	174	0.040000
44	175	0.047619
44	187	0.047619
44	211	0.041667
44	224	0.055556
44	229	0.043478
44	239	0.055556
44	246	0.052632
44	261	0.052632
44	265	0.041667
44	270	0.058824
44	276	0.050000
44	281	0.066667
44	284	0.062500
44	298	0.052632
44	320	0.066667
44	329	0.062500
44	347	0.062500
44	348	0.066667
44	349	0.062500
44	376	0.066667
44	387	0.062500
44	393	0.066667
45	1	0.016949
45	5	0.012658
45	6	0.012346
45	7	0.016667
45	8	0.019231
45	9	0.011364
45	13	0.013158
45	15	0.007937
45	17	0.007519
45	18	0.007812
45	19	0.008547
45	21	0.014085
45	23	0.016129
45	24	0.012821
45	27	0.018182
45	46	0.016667
45	48	0.017241
45	49	0.023810
45	50	0.025000
45	51	0.020833
45	56	0.029412
45	62	0.035714
45	70	0.018868
45	76	0.023256
45	79	0.030303
45	80	0.028571
45	81	0.018868
45	84	0.032258
45	86	0.022727
45	87	0.023810
45	90	0.034483
45	92	0.034483
45	96	0.022222
45	106	0.031250
45	110	0.027027
45	111	0.026316
45	125	0.040000
45	129	0.050000
45	138	0.032258
45	140	0.038462
45	142	0.031250
45	156	0.040000
45	157	0.040000
45	158	0.055556
45	163	0.035714
45	176	0.043478
45	178	0.045455
45	180	0.055556
45	192	0.040000
45	193	0.040000
45	200	0.066667
45	205	0.043478
45	206	0.041667
45	214	0.050000
45	216	0.052632
45	218	0.052632
45	222	0.062500
45	225	0.050000
45	229	0.043478
45	235	0.043478
45	247	0.052632
45	253	0.055556
45	269	0.041667
45	270	0.058824
45	273	0.052632
45	283	0.050000
45	285	0.055556
45	292	0.041667
45	305	0.055556
45	309	0.062500
45	326	0.055556
45	349	0.062500
45	363	0.066667
45	364	0.062500
45	371	0.062500
45	392	0.066667
45	397	0.066667
46	2	0.018868
46	3	0.017241
46	5	0.012658
46	7	0.016667
46	9	0.011364
46	14	0.009259
46	15	0.007937
46	17	0.007519
46	18	0.007812
46	22	0.013158
46	39	0.015625
46	40	0.015625
46	43	0.023256
46	45	0.012987
46	51	0.020833
46	53	0.016667
46	54	0.029412
46	57	0.025000
46	58	0.025000
46	60	0.028571
46	61	0.023810
46	66	0.037037
46	78	0.015385
46	85	0.025000
46	86	0.022727
46	87	0.023810
46	89	0.047619
46	90	0.034483
46	93	0.037037
46	102	0.029412
46	103	0.023810
46	108	0.032258
46	111	0.026316
46	116	0.032258
46	117	0.037037
46	123	0.038462
46	127	0.050000
46	128	0.037037
46	132	0.031250
46	140	0.038462
46	147	0.037037
46	162	0.043478
46	197	0.050000
46	206	0.041667
46	209	0.045455
46	216	0.052632
46	221	0.058824
46	227	0.043478
46	256	0.047619
46	258	0.062500
46	265	0.041667
46	269	0.041667
46	291	0.062500
46	312	0.062500
46	327	0.062500
46	341	0.058824
46	350	0.062500
46	365	0.066667
46	374	0.066667
46	376	0.066667
47	0	0.010309
47	2	0.018868
47	4	0.014493
47	5	0.012658
47	6	0.012346
47	12	0.013333
47	14	0.009259
47	15	0.007937
47	16	0.008696
47	17	0.007519
47	18	0.007812
47	20	0.010204
47	36	0.013889
47	37	0.016129
47	39	0.015625
47	52	0.018868
47	58	0.025000
47	62	0.035714
47	65	0.029412
47	66	0.037037
47	75	0.024390
47	76	0.023256
47	77	0.020833
47	82	0.028571
47	84	0.032258
47	99	0.033333
47	105	0.027027
47	111	0.026316
47	127	0.050000
47	130	0.025000
47	138	0.032258
47	144	0.034483
47	147	0.037037
47	171	0.040000
47	179	0.034483
47	182	0.055556
47	192	0.040000
47	200	0.066667
47	214	0.050000
47	220	0.062500
47	221	0.058824
47	222	0.062500
47	224	0.055556
47	252	0.062500
47	266	0.058824
47	270	0.058824
47	271	0.058824
47	279	0.055556
47	285	0.055556
47	309	0.062500
47	333	0.071429
47	334	0.062500
47	337	0.062500
47	342	0.066667
47	351	0.066667
47	359	0.066667
47	365	0.066667
47	398	0.066667
48	2	0.018868
48	3	0.017241
48	8	0.019231
48	11	0.020000
48	12	0.013333
48	16	0.008696
48	18	0.007812
48	20	0.010204
48	23	0.016129
48	24	0.012821
48	29	0.021739
48	33	0.013889
48	37	0.016129
48	41	0.014493
48	45	0.012987
48	50	0.025000
48	52	0.018868
48	58	0.025000
48	59	0.022727
48	63	0.052632
48	66	0.037037
48	70	0.018868
48	73	0.023810
48	79	0.030303
48	81	0.018868
48	87	0.023810
48	88	0.040000
48	90	0.034483
48	91	0.047619
48	94	0.047619
48	109	0.035714
48	122	0.045455
48	134	0.047619
48	155	0.037037
48	160	0.045455
48	165	0.034483
48	166	0.041667
48	169	0.062500
48	171	0.040000
48	174	0.040000
48	182	0.055556
48	188	0.058824
48	200	0.066667
48	223	0.055556
48	251	0.055556
48	257	0.052632
48	263	0.052632
48	266	0.058824
48	278	0.062500
48	286	0.062500
48	294	0.062500
48	299	0.055556
48	318	0.066667
48	322	0.058824
48	349	0.062500
48	359	0.066667
48	360	0.062500
48	375	0.066667
49	0	0.010309
49	6	0.012346
49	16	0.008696
49	17	0.007519
49	19	0.008547
49	20	0.010204
49	24	0.012821
49	27	0.018182
49	30	0.030303
49	36	0.013889
49	37	0.016129
49	38	0.016949
49	40	0.015625
49	42	0.013699
49	45	0.012987
49	54	0.029412
49	89	0.047619
49	95	0.038462
49	114	0.030303
49	117	0.037037
49	129	0.050000
49	153	0.058824
49	157	0.040000
49	184	0.041667
49	185	0.050000
49	219	0.050000
49	227	0.043478
49	250	0.058824
49	268	0.052632
49	291	0.062500
49	294	0.062500
49	295	0.055556
49	300	0.055556
49	301	0.055556
49	306	0.058824
49	316	0.058824
49	331	0.062500
49	344	0.058824
49	350	0.062500
49	384	0.066667
49	394	0.066667
49	396	0.066667
50	9	0.011364
50	10	0.031250
50	15	0.007937
50	17	0.007519
50	19	0.008547
50	22	0.013158
50	25	0.016667
50	26	0.021739
50	28	0.034483
50	29	0.021739
50	31	0.034483
50	33	0.013889
50	37	0.016129
50	45	0.012987
50	48	0.017241
50	58	0.025000
50	60	0.028571
50	75	0.024390
50	78	0.015385
50	95	0.038462
50	98	0.043478
50	126	0.047619
50	132	0.031250
50	146	0.040000
50	151	0.033333
50	154	0.031250
50	157	0.040000
50	177	0.037037
50	186	0.032258
50	242	0.052632
50	264	0.052632
50	268	0.052632
50	286	0.062500
50	289	0.050000
50	296	0.058824
50	318	0.066667
50	324	0.058824
50	330	0.052632
50	333	0.071429
50	360	0.062500
51	2	0.018868
51	5	0.012658
51	7	0.016667
51	12	0.013333
51	15	0.007937
51	17	0.007519
51	18	0.007812
51	32	0.011905
51	33	0.013889
51	36	0.013889
51	39	0.015625
51	45	0.012987
51	46	0.016667
51	56	0.029412
51	59	0.022727
51	65	0.029412
51	67	0.025000
51	73	0.023810
51	80	0.028571
51	84	0.032258
51	86	0.022727
51	90	0.034483
51	99	0.033333
51	117	0.037037
51	127	0.050000
51	137	0.038462
51	138	0.032258
51	154	0.031250
51	155	0.037037
51	187	0.047619
51	197	0.050000
51	198	0.035714
51	199	0.043478
51	225	0.050000
51	250	0.058824
51	255	0.055556
51	261	0.052632
51	266	0.058824
51	274	0.062500
51	281	0.066667
51	296	0.058824
51	298	0.052632
51	302	0.062500
51	304	0.062500
51	338	0.066667
51	358	0.062500
51	380	0.066667
51	397	0.066667
52	2	0.018868
52	3	0.017241
52	4	0.014493
52	9	0.011364
52	13	0.013158
52	14	0.009259
52	15	0.007937
52	16	0.008696
52	18	0.007812
52	20	0.010204
52	32	0.011905
52	33	0.013889
52	36	0.013889
52	47	0.017241
52	48	0.017241
52	59	0.022727
52	61	0.023810
52	67	0.025000
52	77	0.020833
52	84	0.032258
52	88	0.040000
52	91	0.047619
52	103	0.023810
52	119	0.034483
52	146	0.040000
52	163	0.035714
52	166	0.041667
52	172	0.047619
52	182	0.055556
52	183	0.058824
52	186	0.032258
52	199	0.043478
52	200	0.066667
52	203	0.040000
52	225	0.050000
52	228	0.047619
52	233	0.045455
52	234	0.055556
52	244	0.055556
52	245	0.055556
52	263	0.052632
52	266	0.058824
52	267	0.058824
52	272	0.041667
52	277	0.052632
52	290	0.058824
52	294	0.062500
52	317	0.066667
52	329	0.062500
52	351	0.066667
52	358	0.062500
52	366	0.058824
52	371	0.062500
53	3	0.017241
53	6	0.012346
53	9	0.011364
53	11	0.020000
53	13	0.013158
53	15	0.007937
53	16	0.008696
53	18	0.007812
53	21	0.014085
53	23	0.016129
53	35	0.014085
53	36	0.013889
53	39	0.015625
53	41	0.014493
53	46	0.016667
53	54	0.029412
53	59	0.022727
53	61	0.023810
53	65	0.029412
53	75	0.024390
53	79	0.030303
53	83	0.028571
53	91	0.047619
53	94	0.047619
53	102	0.029412
53	103	0.023810
53	108	0.032258
53	114	0.030303
53	117	0.037037
53	144	0.034483
53	155	0.037037
53	168	0.038462
53	169	0.062500
53	176	0.043478
53	180	0.055556
53	188	0.058824
53	191	0.055556
53	194	0.034483
53	200	0.066667
53	202	0.050000
53	204	0.041667
53	211	0.041667
53	222	0.062500
53	237	0.050000
53	241	0.058824
53	242	0.052632
53	247	0.052632
53	249	0.050000
53	251	0.055556
53	258	0.062500
53	262	0.058824
53	273	0.052632
53	283	0.050000
53	291	0.062500
53	309	0.062500
53	315	0.062500
53	337	0.062500
53	350	0.062500
53	367	0.062500
53	392	0.066667
54	6	0.012346
54	7	0.016667
54	8	0.019231
54	9	0.011364
54	16	0.008696
54	17	0.007519
54	19	0.008547
54	22	0.013158
54	23	0.016129
54	24	0.012821
54	33	0.013889
54	40	0.015625
54	46	0.016667
54	49	0.023810
54	53	0.016667
54	65	0.029412
54	74	0.020833
54	91	0.047619
54	120	0.035714
54	131	0.027027
54	133	0.032258
54	135	0.031250
54	138	0.032258
54	153	0.058824
54	180	0.055556
54	209	0.045455
54	211	0.041667
54	220	0.062500
54	241	0.058824
54	260	0.052632
54	297	0.055556
54	352	0.066667
54	380	0.066667
54	381	0.066667
55	0	0.010309
55	2	0.018868
55	3	0.017241
55	9	0.011364
55	14	0.009259
55	15	0.007937
55	17	0.007519
55	18	0.007812
55	24	0.012821
55	27	0.018182
55	32	0.011905
55	34	0.018182
55	36	0.013889
55	38	0.016949
55	63	0.052632
55	67	0.025000
55	68	0.029412
55	82	0.028571
55	96	0.022222
55	109	0.035714
55	131	0.027027
55	134	0.047619
55	161	0.040000
55	164	0.037037
55	176	0.043478
55	195	0.038462
55	205	0.043478
55	207	0.055556
55	208	0.055556
55	228	0.047619
55	235	0.043478
55	237	0.050000
55	243	0.041667
55	246	0.052632
55	280	0.050000
55	296	0.058824
55	356	0.062500
55	362	0.066667
56	0	0.010309
56	4	0.014493
56	5	0.012658
56	7	0.016667
56	10	0.031250
56	15	0.007937
56	16	0.008696
56	18	0.007812
56	20	0.010204
56	32	0.011905
56	35	0.014085
56	40	0.015625
56	45	0.012987
56	51	0.020833
56	57	0.025000
56	76	0.023256
56	85	0.025000
56	88	0.040000
56	102	0.029412
56	116	0.032258
56	118	0.033333
56	128	0.037037
56	130	0.025000
56	131	0.027027
56	160	0.045455
56	169	0.062500
56	175	0.047619
56	199	0.043478
56	225	0.050000
56	231	0.041667
56	252	0.062500
56	260	0.052632
56	374	0.066667
56	394	0.066667
57	0	0.010309
57	1	0.016949
57	5	0.012658
57	6	0.012346
57	16	0.008696
57	22	0.013158
57	23	0.016129
57	24	0.012821
57	26	0.021739
57	29	0.021739
57	31	0.034483
57	37	0.016129
57	39	0.015625
57	46	0.016667
57	56	0.029412
57	67	0.025000
57	68	0.029412
57	75	0.024390
57	83	0.028571
57	88	0.040000
57	93	0.037037
57	95	0.038462
57	105	0.027027
57	120	0.035714
57	123	0.038462
57	129	0.050000
57	134	0.047619
57	135	0.031250
57	140	0.038462
57	146	0.040000
57	172	0.047619
57	246	0.052632
57	250	0.058824
57	257	0.052632
57	262	0.058824
57	308	0.055556
57	376	0.066667
57	394	0.066667
57	395	0.066667
57	397	0.066667
58	10	0.031250
58	13	0.013158
58	19	0.008547
58	21	0.014085
58	22	0.013158
58	23	0.016129
58	27	0.018182
58	32	0.011905
58	37	0.016129
58	38	0.016949
58	41	0.014493
58	46	0.016667
58	47	0.017241
58	48	0.017241
58	50	0.025000
58	60	0.028571
58	72	0.030303
58	78	0.015385
58	92	0.034483
58	95	0.038462
58	96	0.022222
58	97	0.029412
58	112	0.040000
58	141	0.035714
58	161	0.040000
58	183	0.058824
58	209	0.045455
58	233	0.045455
58	255	0.055556
58	260	0.052632
58	271	0.058824
58	287	0.062500
58	307	0.050000
58	311	0.052632
58	314	0.058824
58	335	0.052632
58	352	0.066667
58	357	0.062500
58	359	0.066667
58	360	0.062500
59	2	0.018868
59	8	0.019231
59	9	0.011364
59	16	0.008696
59	17	0.007519
59	18	0.007812
59	22	0.013158
59	30	0.030303
59	40	0.015625
59	41	0.014493
59	48	0.017241
59	51	0.020833
59	52	0.018868
59	53	0.016667
59	62	0.035714
59	66	0.037037
59	72	0.030303
59	76	0.023256
59	80	0.028571
59	84	0.032258
59	88	0.040000
59	125	0.040000
59	131	0.027027
59	133	0.032258
59	141	0.035714
59	155	0.037037
59	170	0.050000
59	213	0.047619
59	215	0.045455
59	221	0.058824
59	223	0.055556
59	224	0.055556
59	228	0.047619
59	237	0.050000
59	241	0.058824
59	256	0.047619
59	300	0.055556
59	302	0.062500
59	315	0.062500
59	343	0.066667
59	352	0.066667
59	356	0.062500
59	365	0.066667
59	398	0.066667
60	5	0.012658
60	9	0.011364
60	12	0.013333
60	13	0.013158
60	14	0.009259
60	16	0.008696
60	18	0.007812
60	33	0.013889
60	35	0.014085
60	38	0.016949
60	41	0.014493
60	44	0.016949
60	46	0.016667
60	50	0.025000
60	58	0.025000
60	62	0.035714
60	67	0.025000
60	74	0.020833
60	76	0.023256
60	77	0.020833
60	78	0.015385
60	127	0.050000
60	150	0.037037
60	170	0.050000
60	173	0.041667
60	196	0.052632
60	202	0.050000
60	244	0.055556
60	293	0.052632
60	297	0.055556
60	302	0.062500
60	303	0.055556
60	321	0.058824
60	324	0.058824
60	386	0.066667
61	4	0.014493
61	5	0.012658
61	15	0.007937
61	16	0.008696
61	18	0.007812
61	21	0.014085
61	23	0.016129
61	35	0.014085
61	39	0.015625
61	40	0.015625
61	41	0.014493
61	44	0.016949
61	46	0.016667
61	52	0.018868
61	53	0.016667
61	62	0.035714
61	63	0.052632
61	67	0.025000
61	73	0.023810
61	90	0.034483
61	93	0.037037
61	101	0.028571
61	107	0.028571
61	117	0.037037
61	118	0.033333
61	142	0.031250
61	149	0.034483
61	183	0.058824
61	190	0.050000
61	197	0.050000
61	202	0.050000
61	204	0.041667
61	210	0.040000
61	211	0.041667
61	216	0.052632
61	217	0.050000
61	268	0.052632
61	279	0.055556
61	304	0.062500
61	308	0.055556
61	352	0.066667
61	391	0.062500
62	4	0.014493
62	11	0.020000
62	14	0.009259
62	22	0.013158
62	24	0.012821
62	25	0.016667
62	29	0.021739
62	32	0.011905
62	36	0.013889
62	42	0.013699
62	45	0.012987
62	47	0.017241
62	59	0.022727
62	60	0.028571
62	61	0.023810
62	69	0.029412
62	70	0.018868
62	80	0.028571
62	83	0.028571
62	97	0.029412
62	99	0.033333
62	124	0.050000
62	148	0.045455
62	187	0.047619
62	208	0.055556
62	215	0.045455
62	238	0.047619
62	314	0.058824
63	3	0.017241
63	7	0.016667
63	8	0.019231
63	14	0.009259
63	15	0.007937
63	17	0.007519
63	18	0.007812
63	19	0.008547
63	24	0.012821
63	27	0.018182
63	40	0.015625
63	42	0.013699
63	48	0.017241
63	55	0.026316
63	61	0.023810
63	75	0.024390
63	152	0.050000
63	174	0.040000
63	327	0.062500
64	0	0.010309
64	3	0.017241
64	8	0.019231
64	12	0.013333
64	13	0.013158
64	19	0.008547
64	22	0.013158
64	23	0.016129
64	32	0.011905
64	33	0.013889
64	35	0.014085
64	39	0.015625
64	40	0.015625
64	44	0.016949
64	70	0.018868
64	75	0.024390
64	90	0.034483
64	91	0.047619
64	92	0.034483
64	95	0.038462
64	102	0.029412
64	103	0.023810
64	106	0.031250
64	110	0.027027
64	113	0.030303
64	123	0.038462
64	131	0.027027
64	140	0.038462
64	143	0.043478
64	146	0.040000
64	147	0.037037
64	149	0.034483
64	150	0.037037
64	154	0.031250
64	158	0.055556
64	161	0.040000
64	166	0.041667
64	167	0.045455
64	171	0.040000
64	176	0.043478
64	181	0.055556
64	185	0.050000
64	190	0.050000
64	206	0.041667
64	230	0.047619
64	246	0.052632
64	258	0.062500
64	260	0.052632
64	267	0.058824
64	275	0.058824
64	278	0.062500
64	284	0.062500
64	301	0.055556
64	307	0.050000
64	310	0.055556
64	313	0.066667
64	316	0.058824
64	318	0.066667
64	333	0.071429
64	345	0.062500
64	366	0.058824
64	378	0.071429
64	386	0.066667
64	393	0.066667
65	4	0.014493
65	6	0.012346
65	7	0.016667
65	15	0.007937
65	16	0.008696
65	17	0.007519
65	20	0.010204
65	24	0.012821
65	26	0.021739
65	27	0.018182
65	40	0.015625
65	47	0.017241
65	51	0.020833
65	53	0.016667
65	54	0.029412
65	72	0.030303
65	86	0.022727
65	112	0.040000
65	114	0.030303
65	131	0.027027
65	152	0.050000
65	157	0.040000
65	178	0.045455
65	184	0.041667
65	191	0.055556
65	199	0.043478
65	226	0.055556
65	240	0.052632
65	276	0.050000
65	298	0.052632
65	313	0.066667
65	325	0.062500
65	348	0.066667
65	352	0.066667
66	4	0.014493
66	10	0.031250
66	14	0.009259
66	15	0.007937
66	16	0.008696
66	17	0.007519
66	21	0.014085
66	35	0.014085
66	39	0.015625
66	41	0.014493
66	42	0.013699
66	46	0.016667
66	47	0.017241
66	48	0.017241
66	59	0.022727
66	76	0.023256
66	94	0.047619
66	165	0.034483
66	178	0.045455
66	201	0.058824
66	209	0.045455
66	239	0.055556
66	258	0.062500
66	319	0.062500
66	335	0.052632
66	338	0.066667
66	372	0.066667
67	0	0.010309
67	2	0.018868
67	3	0.017241
67	4	0.014493
67	15	0.007937
67	17	0.007519
67	18	0.007812
67	29	0.021739
67	31	0.034483
67	51	0.020833
67	52	0.018868
67	55	0.026316
67	57	0.025000
67	60	0.028571
67	61	0.023810
67	76	0.023256
67	81	0.018868
67	84	0.032258
67	99	0.033333
67	105	0.027027
67	110	0.027027
67	119	0.034483
67	126	0.047619
67	129	0.050000
67	130	0.025000
67	145	0.040000
67	172	0.047619
67	186	0.032258
67	237	0.050000
67	259	0.058824
67	263	0.052632
67	264	0.052632
67	269	0.041667
67	281	0.066667
67	303	0.055556
67	328	0.062500
67	331	0.062500
67	370	0.066667
67	379	0.066667
67	386	0.066667
68	1	0.016949
68	4	0.014493
68	5	0.012658
68	10	0.031250
68	12	0.013333
68	14	0.009259
68	17	0.007519
68	18	0.007812
68	19	0.008547
68	21	0.014085
68	26	0.021739
68	32	0.011905
68	40	0.015625
68	55	0.026316
68	57	0.025000
68	73	0.023810
68	74	0.020833
68	81	0.018868
68	89	0.047619
68	104	0.023256
68	105	0.027027
68	113	0.030303
68	126	0.047619
68	137	0.038462
68	163	0.035714
68	169	0.062500
68	204	0.041667
68	205	0.043478
68	217	0.050000
68	260	0.052632
68	267	0.058824
68	277	0.052632
68	281	0.066667
68	282	0.066667
69	4	0.014493
69	6	0.012346
69	11	0.020000
69	14	0.009259
69	16	0.008696
69	19	0.008547
69	21	0.014085
69	22	0.013158
69	23	0.016129
69	24	0.012821
69	27	0.018182
69	37	0.016129
69	41	0.014493
69	42	0.013699
69	62	0.035714
69	71	0.031250
69	84	0.032258
69	88	0.040000
69	95	0.038462
69	104	0.023256
69	110	0.027027
69	116	0.032258
69	120	0.035714
69	134	0.047619
69	143	0.043478
69	210	0.040000
69	231	0.041667
69	252	0.062500
69	280	0.050000
69	294	0.062500
69	317	0.066667
69	323	0.062500
69	327	0.062500
69	345	0.062500
70	6	0.012346
70	7	0.016667
70	9	0.011364
70	13	0.013158
70	18	0.007812
70	19	0.008547
70	20	0.010204
70	24	0.012821
70	36	0.013889
70	42	0.013699
70	43	0.023256
70	45	0.012987
70	48	0.017241
70	62	0.035714
70	64	0.015625
70	74	0.020833
70	82	0.028571
70	95	0.038462
70	99	0.033333
70	103	0.023810
70	110	0.027027
70	118	0.033333
70	119	0.034483
70	122	0.045455
70	125	0.040000
70	129	0.050000
70	131	0.027027
70	132	0.031250
70	143	0.043478
70	159	0.052632
70	165	0.034483
70	181	0.055556
70	189	0.058824
70	222	0.062500
70	229	0.043478
70	243	0.041667
70	244	0.055556
70	250	0.058824
70	255	0.055556
70	283	0.050000
70	286	0.062500
70	293	0.052632
70	294	0.062500
70	332	0.050000
70	334	0.062500
70	336	0.066667
70	350	0.062500
70	352	0.066667
70	367	0.062500
70	369	0.062500
70	372	0.066667
70	390	0.066667
70	393	0.066667
71	0	0.010309
71	1	0.016949
71	8	0.019231
71	9	0.011364
71	13	0.013158
71	14	0.009259
71	16	0.008696
71	18	0.007812
71	19	0.008547
71	22	0.013158
71	35	0.014085
71	38	0.016949
71	40	0.015625
71	41	0.014493
71	69	0.029412
71	73	0.023810
71	100	0.040000
71	120	0.035714
71	122	0.045455
71	150	0.037037
71	159	0.052632
71	162	0.043478
71	168	0.038462
71	170	0.050000
71	235	0.043478
71	238	0.047619
71	259	0.058824
71	265	0.041667
71	312	0.062500
71	318	0.066667
71	322	0.058824
71	376	0.066667
72	0	0.010309
72	3	0.017241
72	6	0.012346
72	12	0.013333
72	14	0.009259
72	16	0.008696
72	17	0.007519
72	20	0.010204
72	22	0.013158
72	29	0.021739
72	35	0.014085
72	42	0.013699
72	58	0.025000
72	59	0.022727
72	65	0.029412
72	76	0.023256
72	86	0.022727
72	107	0.028571
72	119	0.034483
72	136	0.045455
72	177	0.037037
72	183	0.058824
72	221	0.058824
72	249	0.050000
72	252	0.062500
72	258	0.062500
72	266	0.058824
72	327	0.062500
72	330	0.052632
72	345	0.062500
72	346	0.066667
72	367	0.062500
72	395	0.066667
73	0	0.010309
73	1	0.016949
73	9	0.011364
73	14	0.009259
73	18	0.007812
73	22	0.013158
73	29	0.021739
73	30	0.030303
73	31	0.034483
73	41	0.014493
73	48	0.017241
73	51	0.020833
73	61	0.023810
73	68	0.029412
73	71	0.031250
73	77	0.020833
73	100	0.040000
73	106	0.031250
73	108	0.032258
73	109	0.035714
73	113	0.030303
73	138	0.032258
73	139	0.040000
73	147	0.037037
73	149	0.034483
73	158	0.055556
73	174	0.040000
73	190	0.050000
73	206	0.041667
73	216	0.052632
73	274	0.062500
73	278	0.062500
73	290	0.058824
73	313	0.066667
73	323	0.062500
73	327	0.062500
73	331	0.062500
73	343	0.066667
73	355	0.062500
73	364	0.062500
73	380	0.066667
73	393	0.066667
74	3	0.017241
74	4	0.014493
74	7	0.016667
74	9	0.011364
74	14	0.009259
74	15	0.007937
74	20	0.010204
74	24	0.012821
74	25	0.016667
74	32	0.011905
74	35	0.014085
74	54	0.029412
74	60	0.028571
74	68	0.029412
74	70	0.018868
74	78	0.015385
74	80	0.028571
74	86	0.022727
74	92	0.034483
74	98	0.043478
74	103	0.023810
74	104	0.023256
74	108	0.032258
74	116	0.032258
74	117	0.037037
74	123	0.038462
74	125	0.040000
74	126	0.047619
74	129	0.050000
74	142	0.031250
74	145	0.040000
74	185	0.050000
74	196	0.052632
74	198	0.035714
74	215	0.045455
74	238	0.047619
74	301	0.055556
74	309	0.062500
74	316	0.058824
74	331	0.062500
74	336	0.066667
74	349	0.062500
74	352	0.066667
74	354	0.066667
74	370	0.066667
74	382	0.066667
74	386	0.066667
74	389	0.066667
75	3	0.017241
75	4	0.014493
75	16	0.008696
75	17	0.007519
75	22	0.013158
75	24	0.012821
75	37	0.016129
75	42	0.013699
75	44	0.016949
75	47	0.017241
75	50	0.025000
75	53	0.016667
75	57	0.025000
75	63	0.052632
75	64	0.015625
75	79	0.030303
75	80	0.028571
75	85	0.025000
75	93	0.037037
75	95	0.038462
75	97	0.029412
75	105	0.027027
75	121	0.032258
75	128	0.037037
75	132	0.031250
75	163	0.035714
75	171	0.040000
75	190	0.050000
75	191	0.055556
75	205	0.043478
75	210	0.040000
75	226	0.055556
75	246	0.052632
75	252	0.062500
75	306	0.058824
75	308	0.055556
75	311	0.052632
75	316	0.058824
75	317	0.066667
75	334	0.062500
75	352	0.066667
76	9	0.011364
76	15	0.007937
76	17	0.007519
76	19	0.008547
76	20	0.010204
76	27	0.018182
76	28	0.034483
76	45	0.012987
76	47	0.017241
76	56	0.029412
76	59	0.022727
76	60	0.028571
76	66	0.037037
76	67	0.025000
76	72	0.030303
76	82	0.028571
76	88	0.040000
76	126	0.047619
76	135	0.031250
76	137	0.038462
76	145	0.040000
76	147	0.037037
76	150	0.037037
76	157	0.040000
76	159	0.052632
76	184	0.041667
76	198	0.035714
76	201	0.058824
76	204	0.041667
76	211	0.041667
76	236	0.045455
76	245	0.055556
76	272	0.041667
76	284	0.062500
76	285	0.055556
76	310	0.055556
76	323	0.062500
76	340	0.062500
76	342	0.066667
76	350	0.062500
76	352	0.066667
76	368	0.055556
76	373	0.066667
77	0	0.010309
77	4	0.014493
77	7	0.016667
77	9	0.011364
77	10	0.031250
77	13	0.013158
77	18	0.007812
77	21	0.014085
77	32	0.011905
77	39	0.015625
77	40	0.015625
77	47	0.017241
77	52	0.018868
77	60	0.028571
77	73	0.023810
77	82	0.028571
77	93	0.037037
77	94	0.047619
77	95	0.038462
77	97	0.029412
77	101	0.028571
77	104	0.023256
77	111	0.026316
77	121	0.032258
77	135	0.031250
77	140	0.038462
77	142	0.031250
77	146	0.040000
77	151	0.033333
77	158	0.055556
77	166	0.041667
77	169	0.062500
77	173	0.041667
77	189	0.058824
77	194	0.034483
77	201	0.058824
77	242	0.052632
77	249	0.050000
77	262	0.058824
77	264	0.052632
77	268	0.052632
77	279	0.055556
77	281	0.066667
77	317	0.066667
77	336	0.066667
77	345	0.062500
77	366	0.058824
77	385	0.066667
78	5	0.012658
78	9	0.011364
78	13	0.013158
78	14	0.009259
78	15	0.007937
78	18	0.007812
78	20	0.010204
78	35	0.014085
78	38	0.016949
78	42	0.013699
78	46	0.016667
78	50	0.025000
78	58	0.025000
78	60	0.028571
78	74	0.020833
78	79	0.030303
78	91	0.047619
78	94	0.047619
78	106	0.031250
78	119	0.034483
78	121	0.032258
78	135	0.031250
78	141	0.035714
78	142	0.031250
78	143	0.043478
78	146	0.040000
78	150	0.037037
78	160	0.045455
78	168	0.038462
78	172	0.047619
78	179	0.034483
78	188	0.058824
78	190	0.050000
78	201	0.058824
78	206	0.041667
78	208	0.055556
78	220	0.062500
78	222	0.062500
78	226	0.055556
78	228	0.047619
78	229	0.043478
78	237	0.050000
78	249	0.050000
78	256	0.047619
78	264	0.052632
78	267	0.058824
78	276	0.050000
78	278	0.062500
78	279	0.055556
78	297	0.055556
78	302	0.062500
78	310	0.055556
78	323	0.062500
78	331	0.062500
78	335	0.052632
78	348	0.066667
78	349	0.062500
78	351	0.066667
78	358	0.062500
78	362	0.066667
78	366	0.058824
78	374	0.066667
78	380	0.066667
78	392	0.066667
78	395	0.066667
79	0	0.010309
79	2	0.018868
79	6	0.012346
79	21	0.014085
79	24	0.012821
79	32	0.011905
79	34	0.018182
79	38	0.016949
79	42	0.013699
79	44	0.016949
79	45	0.012987
79	48	0.017241
79	53	0.016667
79	75	0.024390
79	78	0.015385
79	80	0.028571
79	98	0.043478
79	112	0.040000
79	124	0.050000
79	149	0.034483
79	210	0.040000
79	211	0.041667
79	216	0.052632
79	286	0.062500
79	295	0.055556
79	313	0.066667
79	322	0.058824
79	328	0.062500
79	344	0.058824
79	355	0.062500
79	356	0.062500
79	359	0.066667
79	366	0.058824
80	13	0.013158
80	17	0.007519
80	19	0.008547
80	23	0.016129
80	34	0.018182
80	38	0.016949
80	39	0.015625
80	42	0.013699
80	45	0.012987
80	51	0.020833
80	59	0.022727
80	62	0.035714
80	74	0.020833
80	75	0.024390
80	79	0.030303
80	83	0.028571
80	94	0.047619
80	101	0.028571
80	110	0.027027
80	125	0.040000
80	127	0.050000
80	130	0.025000
80	149	0.034483
80	151	0.033333
80	165	0.034483
80	198	0.035714
80	199	0.043478
80	257	0.052632
80	261	0.052632
80	285	0.055556
80	299	0.055556
80	302	0.062500
80	326	0.055556
80	357	0.062500
80	358	0.062500
81	0	0.010309
81	1	0.016949
81	3	0.017241
81	4	0.014493
81	5	0.012658
81	12	0.013333
81	16	0.008696
81	32	0.011905
81	33	0.013889
81	37	0.016129
81	44	0.016949
81	45	0.012987
81	48	0.017241
81	67	0.025000
81	68	0.029412
81	82	0.028571
81	87	0.023810
81	88	0.040000
81	90	0.034483
81	109	0.035714
81	114	0.030303
81	120	0.035714
81	123	0.038462
81	124	0.050000
81	130	0.025000
81	133	0.032258
81	134	0.047619
81	136	0.045455
81	143	0.043478
81	145	0.040000
81	153	0.058824
81	185	0.050000
81	189	0.058824
81	207	0.055556
81	213	0.047619
81	217	0.050000
81	228	0.047619
81	233	0.045455
81	240	0.052632
81	243	0.041667
81	250	0.058824
81	254	0.062500
81	267	0.058824
81	274	0.062500
81	282	0.066667
81	295	0.055556
81	319	0.062500
81	322	0.058824
81	325	0.062500
81	332	0.050000
81	333	0.071429
81	338	0.066667
81	349	0.062500
82	4	0.014493
82	9	0.011364
82	14	0.009259
82	15	0.007937
82	17	0.007519
82	24	0.012821
82	40	0.015625
82	41	0.014493
82	47	0.017241
82	55	0.026316
82	70	0.018868
82	76	0.023256
82	77	0.020833
82	81	0.018868
82	97	0.029412
82	98	0.043478
82	102	0.029412
82	114	0.030303
82	124	0.050000
82	153	0.058824
82	154	0.031250
82	157	0.040000
82	193	0.040000
82	206	0.041667
82	209	0.045455
82	248	0.047619
82	328	0.062500
82	340	0.062500
82	350	0.062500
82	366	0.058824
82	368	0.055556
82	372	0.066667
82	375	0.066667
82	387	0.062500
82	396	0.066667
83	1	0.016949
83	6	0.012346
83	12	0.013333
83	13	0.013158
83	19	0.008547
83	20	0.010204
83	27	0.018182
83	29	0.021739
83	32	0.011905
83	38	0.016949
83	43	0.023256
83	53	0.016667
83	57	0.025000
83	62	0.035714
83	80	0.028571
83	86	0.022727
83	94	0.047619
83	100	0.040000
83	102	0.029412
83	121	0.032258
83	140	0.038462
83	148	0.045455
83	149	0.034483
83	151	0.033333
83	186	0.032258
83	215	0.045455
83	228	0.047619
83	231	0.041667
83	242	0.052632
83	252	0.062500
83	254	0.062500
83	269	0.041667
83	277	0.052632
83	330	0.052632
83	363	0.066667
84	14	0.009259
84	15	0.007937
84	20	0.010204
84	22	0.013158
84	24	0.012821
84	25	0.016667
84	35	0.014085
84	38	0.016949
84	45	0.012987
84	47	0.017241
84	51	0.020833
84	52	0.018868
84	59	0.022727
84	67	0.025000
84	69	0.029412
84	99	0.033333
84	119	0.034483
84	127	0.050000
84	128	0.037037
84	136	0.045455
84	157	0.040000
84	173	0.041667
84	197	0.050000
84	203	0.040000
84	243	0.041667
84	275	0.058824
84	307	0.050000
84	327	0.062500
84	335	0.052632
84	381	0.066667
84	395	0.066667
85	0	0.010309
85	4	0.014493
85	5	0.012658
85	9	0.011364
85	10	0.031250
85	18	0.007812
85	19	0.008547
85	20	0.010204
85	23	0.016129
85	32	0.011905
85	34	0.018182
85	36	0.013889
85	46	0.016667
85	56	0.029412
85	75	0.024390
85	87	0.023810
85	88	0.040000
85	92	0.034483
85	97	0.029412
85	100	0.040000
85	103	0.023810
85	126	0.047619
85	134	0.047619
85	144	0.034483
85	151	0.033333
85	154	0.031250
85	167	0.045455
85	199	0.043478
85	208	0.055556
85	221	0.058824
85	256	0.047619
85	277	0.052632
85	279	0.055556
85	282	0.066667
85	333	0.071429
85	345	0.062500
85	354	0.066667
85	356	0.062500
85	367	0.062500
85	372	0.066667
86	0	0.010309
86	7	0.016667
86	9	0.011364
86	19	0.008547
86	23	0.016129
86	24	0.012821
86	39	0.015625
86	40	0.015625
86	45	0.012987
86	46	0.016667
86	51	0.020833
86	65	0.029412
86	72	0.030303
86	74	0.020833
86	83	0.028571
86	88	0.040000
86	94	0.047619
86	97	0.029412
86	116	0.032258
86	118	0.033333
86	137	0.038462
86	140	0.038462
86	157	0.040000
86	159	0.052632
86	160	0.045455
86	164	0.037037
86	167	0.045455
86	171	0.040000
86	174	0.040000
86	183	0.058824
86	191	0.055556
86	194	0.034483
86	222	0.062500
86	225	0.050000
86	227	0.043478
86	232	0.052632
86	244	0.055556
86	248	0.047619
86	276	0.050000
86	283	0.050000
86	307	0.050000
86	308	0.055556
86	345	0.062500
86	393	0.066667
87	8	0.019231
87	11	0.020000
87	13	0.013158
87	20	0.010204
87	23	0.016129
87	25	0.016667
87	33	0.013889
87	35	0.014085
87	36	0.013889
87	41	0.014493
87	45	0.012987
87	46	0.016667
87	48	0.017241
87	81	0.018868
87	85	0.025000
87	97	0.029412
87	100	0.040000
87	101	0.028571
87	114	0.030303
87	115	0.032258
87	129	0.050000
87	131	0.027027
87	133	0.032258
87	134	0.047619
87	150	0.037037
87	152	0.050000
87	165	0.034483
87	178	0.045455
87	179	0.034483
87	181	0.055556
87	187	0.047619
87	190	0.050000
87	202	0.050000
87	203	0.040000
87	243	0.041667
87	253	0.055556
87	282	0.066667
87	296	0.058824
87	332	0.050000
87	370	0.066667
87	382	0.066667
87	398	0.066667
88	6	0.012346
88	17	0.007519
88	19	0.008547
88	35	0.014085
88	43	0.023256
88	48	0.017241
88	52	0.018868
88	56	0.029412
88	57	0.025000
88	59	0.022727
88	69	0.029412
88	76	0.023256
88	81	0.018868
88	85	0.025000
88	86	0.022727
88	97	0.029412
88	104	0.023256
88	141	0.035714
88	149	0.034483
88	154	0.031250
88	167	0.045455
88	213	0.047619
88	237	0.050000
88	247	0.052632
88	285	0.055556
89	0	0.010309
89	1	0.016949
89	3	0.017241
89	15	0.007937
89	16	0.008696
89	18	0.007812
89	19	0.008547
89	24	0.012821
89	33	0.013889
89	42	0.013699
89	44	0.016949
89	46	0.016667
89	49	0.023810
89	68	0.029412
89	94	0.047619
89	111	0.026316
89	175	0.047619
89	190	0.050000
89	207	0.055556
89	213	0.047619
89	215	0.045455
90	5	0.012658
90	7	0.016667
90	9	0.011364
90	15	0.007937
90	17	0.007519
90	28	0.034483
90	32	0.011905
90	37	0.016129
90	45	0.012987
90	46	0.016667
90	48	0.017241
90	51	0.020833
90	61	0.023810
90	64	0.015625
90	81	0.018868
90	116	0.032258
90	137	0.038462
90	145	0.040000
90	162	0.043478
90	163	0.035714
90	164	0.037037
90	216	0.052632
90	229	0.043478
90	262	0.058824
90	285	0.055556
90	307	0.050000
90	326	0.055556
90	350	0.062500
90	383	0.058824
91	5	0.012658
91	13	0.013158
91	15	0.007937
91	17	0.007519
91	19	0.008547
91	22	0.013158
91	24	0.012821
91	36	0.013889
91	38	0.016949
91	48	0.017241
91	52	0.018868
91	53	0.016667
91	54	0.029412
91	64	0.015625
91	78	0.015385
91	123	0.038462
91	124	0.050000
91	148	0.045455
91	193	0.040000
91	324	0.058824
91	348	0.066667
92	1	0.016949
92	4	0.014493
92	11	0.020000
92	18	0.007812
92	19	0.008547
92	20	0.010204
92	22	0.013158
92	35	0.014085
92	39	0.015625
92	44	0.016949
92	45	0.012987
92	58	0.025000
92	64	0.015625
92	74	0.020833
92	85	0.025000
92	98	0.043478
92	155	0.037037
92	173	0.041667
92	182	0.055556
92	190	0.050000
92	196	0.052632
92	221	0.058824
92	233	0.045455
92	258	0.062500
92	285	0.055556
92	312	0.062500
92	375	0.066667
92	394	0.066667
92	398	0.066667
93	2	0.018868
93	6	0.012346
93	7	0.016667
93	9	0.011364
93	11	0.020000
93	14	0.009259
93	18	0.007812
93	19	0.008547
93	20	0.010204
93	43	0.023256
93	46	0.016667
93	57	0.025000
93	61	0.023810
93	75	0.024390
93	77	0.020833
93	100	0.040000
93	101	0.028571
93	104	0.023256
93	128	0.037037
93	139	0.040000
93	144	0.034483
93	173	0.041667
93	197	0.050000
93	205	0.043478
93	228	0.047619
93	280	0.050000
93	375	0.066667
94	0	0.010309
94	7	0.016667
94	10	0.031250
94	16	0.008696
94	21	0.014085
94	32	0.011905
94	48	0.017241
94	53	0.016667
94	66	0.037037
94	77	0.020833
94	78	0.015385
94	80	0.028571
94	83	0.028571
94	86	0.022727
94	89	0.047619
94	101	0.028571
94	213	0.047619
94	234	0.055556
94	256	0.047619
94	286	0.062500
94	343	0.066667
95	1	0.016949
95	22	0.013158
95	24	0.012821
95	35	0.014085
95	36	0.013889
95	42	0.013699
95	49	0.023810
95	50	0.025000
95	57	0.025000
95	58	0.025000
95	64	0.015625
95	69	0.029412
95	70	0.018868
95	75	0.024390
95	77	0.020833
95	109	0.035714
95	111	0.026316
95	117	0.037037
95	174	0.040000
95	181	0.055556
95	237	0.050000
95	250	0.058824
95	279	0.055556
95	365	0.066667
95	391	0.062500
95	394	0.066667
96	5	0.012658
96	8	0.019231
96	15	0.007937
96	16	0.008696
96	20	0.010204
96	21	0.014085
96	22	0.013158
96	29	0.021739
96	30	0.030303
96	34	0.018182
96	36	0.013889
96	43	0.023256
96	45	0.012987
96	55	0.026316
96	58	0.025000
96	103	0.023810
96	104	0.023256
96	108	0.032258
96	112	0.040000
96	114	0.030303
96	126	0.047619
96	128	0.037037
96	140	0.038462
96	148	0.045455
96	152	0.050000
96	156	0.040000
96	159	0.052632
96	165	0.034483
96	201	0.058824
96	210	0.040000
96	212	0.050000
96	231	0.041667
96	236	0.045455
96	256	0.047619
96	257	0.052632
96	274	0.062500
96	296	0.058824
96	300	0.055556
96	319	0.062500
96	361	0.066667
96	364	0.062500
96	369	0.062500
96	373	0.066667
96	380	0.066667
96	396	0.066667
97	0	0.010309
97	14	0.009259
97	19	0.008547
97	20	0.010204
97	29	0.021739
97	37	0.016129
97	58	0.025000
97	62	0.035714
97	75	0.024390
97	77	0.020833
97	82	0.028571
97	85	0.025000
97	86	0.022727
97	87	0.023810
97	88	0.040000
97	101	0.028571
97	105	0.027027
97	128	0.037037
97	135	0.031250
97	137	0.038462
97	154	0.031250
97	156	0.040000
97	159	0.052632
97	160	0.045455
97	187	0.047619
97	203	0.040000
97	218	0.052632
97	238	0.047619
97	245	0.055556
97	292	0.041667
97	302	0.062500
97	329	0.062500
97	343	0.066667
97	354	0.066667
98	11	0.020000
98	12	0.013333
98	14	0.009259
98	17	0.007519
98	26	0.021739
98	32	0.011905
98	35	0.014085
98	36	0.013889
98	42	0.013699
98	44	0.016949
98	50	0.025000
98	74	0.020833
98	79	0.030303
98	82	0.028571
98	92	0.034483
98	126	0.047619
98	153	0.058824
98	203	0.040000
98	232	0.052632
98	266	0.058824
98	339	0.062500
98	348	0.066667
98	386	0.066667
99	0	0.010309
99	1	0.016949
99	12	0.013333
99	13	0.013158
99	22	0.013158
99	27	0.018182
99	30	0.030303
99	32	0.011905
99	33	0.013889
99	47	0.017241
99	51	0.020833
99	62	0.035714
99	67	0.025000
99	70	0.018868
99	84	0.032258
99	100	0.040000
99	120	0.035714
99	148	0.045455
99	159	0.052632
99	175	0.047619
99	197	0.050000
99	207	0.055556
99	232	0.052632
99	259	0.058824
99	271	0.058824
99	280	0.050000
99	299	0.055556
99	313	0.066667
99	339	0.062500
99	385	0.066667
100	8	0.019231
100	13	0.013158
100	14	0.009259
100	15	0.007937
100	23	0.016129
100	25	0.016667
100	32	0.011905
100	42	0.013699
100	71	0.031250
100	73	0.023810
100	83	0.028571
100	85	0.025000
100	87	0.023810
100	93	0.037037
100	99	0.033333
100	154	0.031250
100	180	0.055556
100	189	0.058824
100	194	0.034483
100	245	0.055556
100	253	0.055556
100	295	0.055556
100	305	0.055556
100	343	0.066667
100	395	0.066667
101	0	0.010309
101	4	0.014493
101	8	0.019231
101	13	0.013158
101	14	0.009259
101	18	0.007812
101	37	0.016129
101	41	0.014493
101	61	0.023810
101	77	0.020833
101	80	0.028571
101	87	0.023810
101	93	0.037037
101	94	0.047619
101	97	0.029412
101	104	0.023256
101	107	0.028571
101	133	0.032258
101	136	0.045455
101	155	0.037037
101	161	0.040000
101	164	0.037037
101	166	0.041667
101	168	0.038462
101	181	0.055556
101	188	0.058824
101	194	0.034483
101	213	0.047619
101	234	0.055556
101	273	0.052632
101	293	0.052632
101	314	0.058824
101	340	0.062500
101	353	0.066667
101	362	0.066667
102	6	0.012346
102	7	0.016667
102	9	0.011364
102	12	0.013333
102	15	0.007937
102	28	0.034483
102	30	0.030303
102	39	0.015625
102	40	0.015625
102	46	0.016667
102	53	0.016667
102	56	0.029412
102	64	0.015625
102	82	0.028571
102	83	0.028571
102	106	0.031250
102	107	0.028571
102	140	0.038462
102	141	0.035714
102	149	0.034483
102	152	0.050000
102	162	0.043478
102	172	0.047619
102	202	0.050000
102	241	0.058824
102	247	0.052632
102	248	0.047619
102	261	0.052632
102	266	0.058824
102	300	0.055556
102	326	0.055556
102	349	0.062500
102	366	0.058824
102	369	0.062500
103	3	0.017241
103	9	0.011364
103	22	0.013158
103	23	0.016129
103	32	0.011905
103	34	0.018182
103	40	0.015625
103	46	0.016667
103	52	0.018868
103	53	0.016667
103	64	0.015625
103	70	0.018868
103	74	0.020833
103	85	0.025000
103	96	0.022222
103	113	0.030303
103	118	0.033333
103	126	0.047619
103	128	0.037037
103	143	0.043478
103	147	0.037037
103	170	0.050000
103	184	0.041667
103	185	0.050000
103	188	0.058824
103	192	0.040000
103	214	0.050000
103	234	0.055556
103	249	0.050000
103	250	0.058824
103	254	0.062500
103	274	0.062500
103	291	0.062500
103	292	0.041667
103	305	0.055556
103	310	0.055556
103	311	0.052632
103	313	0.066667
103	325	0.062500
103	355	0.062500
103	358	0.062500
103	373	0.066667
104	10	0.031250
104	11	0.020000
104	14	0.009259
104	17	0.007519
104	21	0.014085
104	22	0.013158
104	40	0.015625
104	68	0.029412
104	69	0.029412
104	74	0.020833
104	77	0.020833
104	88	0.040000
104	93	0.037037
104	96	0.022222
104	101	0.028571
104	110	0.027027
104	116	0.032258
104	146	0.040000
104	156	0.040000
104	160	0.045455
104	172	0.047619
104	173	0.041667
104	182	0.055556
104	186	0.032258
104	212	0.050000
104	225	0.050000
104	234	0.055556
104	244	0.055556
104	257	0.052632
104	271	0.058824
104	272	0.041667
104	276	0.050000
104	281	0.066667
104	285	0.055556
104	300	0.055556
104	304	0.062500
104	307	0.050000
104	309	0.062500
104	317	0.066667
104	323	0.062500
104	329	0.062500
104	363	0.066667
104	383	0.058824
105	5	0.012658
105	12	0.013333
105	13	0.013158
105	14	0.009259
105	16	0.008696
105	18	0.007812
105	24	0.012821
105	25	0.016667
105	42	0.013699
105	47	0.017241
105	57	0.025000
105	67	0.025000
105	68	0.029412
105	75	0.024390
105	97	0.029412
105	108	0.032258
105	109	0.035714
105	126	0.047619
105	144	0.034483
105	159	0.052632
105	168	0.038462
105	195	0.038462
105	199	0.043478
105	215	0.045455
105	223	0.055556
105	237	0.050000
105	265	0.041667
105	270	0.058824
105	283	0.050000
105	308	0.055556
105	332	0.050000
105	339	0.062500
105	340	0.062500
105	342	0.066667
105	346	0.066667
105	358	0.062500
105	383	0.058824
106	5	0.012658
106	6	0.012346
106	11	0.020000
106	16	0.008696
106	17	0.007519
106	24	0.012821
106	27	0.018182
106	33	0.013889
106	34	0.018182
106	37	0.016129
106	45	0.012987
106	64	0.015625
106	73	0.023810
106	78	0.015385
106	102	0.029412
106	116	0.032258
106	147	0.037037
106	153	0.058824
106	159	0.052632
106	187	0.047619
106	205	0.043478
106	219	0.050000
106	220	0.062500
106	227	0.043478
106	270	0.058824
106	272	0.041667
106	322	0.058824
106	330	0.052632
106	359	0.066667
106	365	0.066667
106	381	0.066667
106	388	0.066667
107	1	0.016949
107	3	0.017241
107	6	0.012346
107	7	0.016667
107	13	0.013158
107	15	0.007937
107	20	0.010204
107	22	0.013158
107	23	0.016129
107	25	0.016667
107	35	0.014085
107	61	0.023810
107	72	0.030303
107	101	0.028571
107	102	0.029412
107	109	0.035714
107	112	0.040000
107	135	0.031250
107	138	0.032258
107	169	0.062500
107	177	0.037037
107	178	0.045455
107	208	0.055556
107	214	0.050000
107	215	0.045455
107	219	0.050000
107	222	0.062500
107	226	0.055556
107	251	0.055556
107	252	0.062500
107	309	0.062500
107	310	0.055556
107	343	0.066667
107	367	0.062500
107	387	0.062500
108	0	0.010309
108	15	0.007937
108	21	0.014085
108	27	0.018182
108	30	0.030303
108	32	0.011905
108	36	0.013889
108	38	0.016949
108	40	0.015625
108	46	0.016667
108	53	0.016667
108	73	0.023810
108	74	0.020833
108	96	0.022222
108	105	0.027027
108	112	0.040000
108	130	0.025000
108	139	0.040000
108	147	0.037037
108	179	0.034483
108	212	0.050000
108	216	0.052632
108	234	0.055556
108	264	0.052632
108	283	0.050000
108	285	0.055556
108	327	0.062500
108	330	0.052632
108	358	0.062500
108	359	0.066667
108	369	0.062500
109	1	0.016949
109	5	0.012658
109	7	0.016667
109	8	0.019231
109	12	0.013333
109	15	0.007937
109	18	0.007812
109	39	0.015625
109	48	0.017241
109	55	0.026316
109	73	0.023810
109	81	0.018868
109	95	0.038462
109	105	0.027027
109	107	0.028571
109	125	0.040000
109	137	0.038462
109	163	0.035714
109	184	0.041667
109	205	0.043478
109	230	0.047619
109	273	0.052632
109	302	0.062500
109	326	0.055556
109	329	0.062500
109	333	0.071429
109	350	0.062500
109	398	0.066667
110	1	0.016949
110	2	0.018868
110	5	0.012658
110	6	0.012346
110	13	0.013158
110	33	0.013889
110	39	0.015625
110	40	0.015625
110	45	0.012987
110	64	0.015625
110	67	0.025000
110	69	0.029412
110	70	0.018868
110	80	0.028571
110	104	0.023256
110	114	0.030303
110	174	0.040000
110	175	0.047619
110	179	0.034483
110	186	0.032258
110	190	0.050000
110	220	0.062500
110	226	0.055556
110	235	0.043478
110	238	0.047619
110	256	0.047619
110	258	0.062500
110	259	0.058824
110	269	0.041667
110	291	0.062500
110	296	0.058824
110	297	0.055556
110	311	0.052632
110	317	0.066667
110	341	0.058824
110	367	0.062500
110	381	0.066667
111	14	0.009259
111	15	0.007937
111	19	0.008547
111	20	0.010204
111	23	0.016129
111	36	0.013889
111	40	0.015625
111	41	0.014493
111	42	0.013699
111	45	0.012987
111	46	0.016667
111	47	0.017241
111	77	0.020833
111	89	0.047619
111	95	0.038462
111	116	0.032258
111	119	0.034483
111	141	0.035714
111	146	0.040000
111	179	0.034483
111	201	0.058824
111	207	0.055556
111	208	0.055556
111	213	0.047619
111	221	0.058824
111	242	0.052632
111	252	0.062500
111	260	0.052632
111	261	0.052632
111	271	0.058824
111	272	0.041667
111	282	0.066667
111	287	0.062500
111	291	0.062500
111	300	0.055556
111	332	0.050000
111	346	0.066667
111	352	0.066667
112	2	0.018868
112	5	0.012658
112	6	0.012346
112	9	0.011364
112	15	0.007937
112	16	0.008696
112	19	0.008547
112	30	0.030303
112	40	0.015625
112	58	0.025000
112	65	0.029412
112	79	0.030303
112	96	0.022222
112	107	0.028571
112	108	0.032258
112	135	0.031250
112	192	0.040000
112	262	0.058824
112	275	0.058824
112	295	0.055556
112	297	0.055556
112	309	0.062500
112	318	0.066667
112	341	0.058824
112	357	0.062500
113	3	0.017241
113	5	0.012658
113	6	0.012346
113	10	0.031250
113	11	0.020000
113	13	0.013158
113	17	0.007519
113	20	0.010204
113	36	0.013889
113	41	0.014493
113	42	0.013699
113	64	0.015625
113	68	0.029412
113	73	0.023810
113	103	0.023810
113	126	0.047619
113	149	0.034483
113	159	0.052632
113	171	0.040000
113	175	0.047619
113	178	0.045455
113	184	0.041667
113	188	0.058824
113	194	0.034483
113	219	0.050000
113	229	0.043478
113	251	0.055556
113	287	0.062500
113	295	0.055556
113	311	0.052632
113	320	0.066667
113	350	0.062500
113	370	0.066667
114	5	0.012658
114	6	0.012346
114	17	0.007519
114	19	0.008547
114	29	0.021739
114	44	0.016949
114	49	0.023810
114	53	0.016667
114	65	0.029412
114	81	0.018868
114	82	0.028571
114	87	0.023810
114	96	0.022222
114	110	0.027027
114	123	0.038462
114	144	0.034483
114	145	0.040000
114	150	0.037037
114	156	0.040000
114	175	0.047619
114	176	0.043478
114	190	0.050000
114	202	0.050000
114	203	0.040000
114	214	0.050000
114	220	0.062500
114	250	0.058824
114	289	0.050000
114	325	0.062500
114	328	0.062500
114	370	0.066667
114	371	0.062500
114	382	0.066667
115	0	0.010309
115	4	0.014493
115	8	0.019231
115	11	0.020000
115	14	0.009259
115	15	0.007937
115	16	0.008696
115	24	0.012821
115	32	0.011905
115	33	0.013889
115	35	0.014085
115	36	0.013889
115	37	0.016129
115	40	0.015625
115	87	0.023810
115	116	0.032258
115	127	0.050000
115	133	0.032258
115	136	0.045455
115	141	0.035714
115	143	0.043478
115	153	0.058824
115	161	0.040000
115	170	0.050000
115	180	0.055556
115	229	0.043478
115	232	0.052632
115	305	0.055556
115	328	0.062500
115	334	0.062500
115	380	0.066667
116	17	0.007519
116	18	0.007812
116	23	0.016129
116	28	0.034483
116	37	0.016129
116	46	0.016667
116	56	0.029412
116	69	0.029412
116	74	0.020833
116	86	0.022727
116	90	0.034483
116	104	0.023256
116	106	0.031250
116	111	0.026316
116	115	0.032258
116	137	0.038462
116	148	0.045455
116	158	0.055556
116	160	0.045455
116	163	0.035714
116	176	0.043478
116	199	0.043478
116	209	0.045455
116	217	0.050000
116	220	0.062500
116	222	0.062500
116	282	0.066667
116	291	0.062500
116	314	0.058824
116	378	0.071429
116	385	0.066667
117	14	0.009259
117	15	0.007937
117	16	0.008696
117	22	0.013158
117	29	0.021739
117	33	0.013889
117	34	0.018182
117	42	0.013699
117	46	0.016667
117	49	0.023810
117	51	0.020833
117	53	0.016667
117	61	0.023810
117	74	0.020833
117	95	0.038462
117	140	0.038462
117	174	0.040000
117	213	0.047619
117	255	0.055556
117	257	0.052632
117	268	0.052632
117	298	0.052632
117	308	0.055556
117	357	0.062500
117	371	0.062500
117	382	0.066667
117	383	0.058824
118	4	0.014493
118	6	0.012346
118	9	0.011364
118	12	0.013333
118	13	0.013158
118	14	0.009259
118	16	0.008696
118	20	0.010204
118	26	0.021739
118	34	0.018182
118	56	0.029412
118	61	0.023810
118	70	0.018868
118	86	0.022727
118	103	0.023810
118	130	0.025000
118	132	0.031250
118	135	0.031250
118	138	0.032258
118	173	0.041667
118	201	0.058824
118	244	0.055556
118	261	0.052632
118	262	0.058824
118	292	0.041667
118	315	0.062500
118	326	0.055556
118	345	0.062500
118	347	0.062500
118	380	0.066667
119	0	0.010309
119	1	0.016949
119	18	0.007812
119	19	0.008547
119	33	0.013889
119	36	0.013889
119	39	0.015625
119	42	0.013699
119	52	0.018868
119	67	0.025000
119	70	0.018868
119	72	0.030303
119	78	0.015385
119	84	0.032258
119	111	0.026316
119	136	0.045455
119	139	0.040000
119	153	0.058824
119	180	0.055556
119	203	0.040000
119	204	0.041667
119	222	0.062500
119	260	0.052632
119	287	0.062500
119	290	0.058824
119	313	0.066667
119	360	0.062500
119	377	0.062500
119	391	0.062500
120	4	0.014493
120	12	0.013333
120	13	0.013158
120	22	0.013158
120	28	0.034483
120	35	0.014085
120	37	0.016129
120	42	0.013699
120	44	0.016949
120	54	0.029412
120	57	0.025000
120	69	0.029412
120	71	0.031250
120	81	0.018868
120	99	0.033333
120	129	0.050000
120	133	0.032258
120	201	0.058824
120	227	0.043478
120	232	0.052632
120	246	0.052632
120	251	0.055556
120	264	0.052632
120	288	0.058824
120	295	0.055556
120	320	0.066667
120	371	0.062500
120	379	0.066667
121	8	0.019231
121	9	0.011364
121	13	0.013158
121	14	0.009259
121	15	0.007937
121	17	0.007519
121	21	0.014085
121	23	0.016129
121	25	0.016667
121	37	0.016129
121	41	0.014493
121	75	0.024390
121	77	0.020833
121	78	0.015385
121	83	0.028571
121	124	0.050000
121	143	0.043478
121	163	0.035714
121	201	0.058824
121	219	0.050000
121	226	0.055556
121	230	0.047619
121	259	0.058824
121	273	0.052632
121	281	0.066667
121	283	0.050000
121	314	0.058824
121	324	0.058824
121	345	0.062500
121	384	0.066667
121	389	0.066667
122	0	0.010309
122	3	0.017241
122	6	0.012346
122	8	0.019231
122	9	0.011364
122	12	0.013333
122	13	0.013158
122	14	0.009259
122	18	0.007812
122	37	0.016129
122	39	0.015625
122	40	0.015625
122	48	0.017241
122	70	0.018868
122	71	0.031250
122	181	0.055556
122	208	0.055556
122	284	0.062500
122	324	0.058824
122	342	0.066667
122	354	0.066667
122	357	0.062500
123	14	0.009259
123	15	0.007937
123	16	0.008696
123	23	0.016129
123	29	0.021739
123	36	0.013889
123	37	0.016129
123	40	0.015625
123	46	0.016667
123	57	0.025000
123	64	0.015625
123	74	0.020833
123	81	0.018868
123	91	0.047619
123	114	0.030303
123	130	0.025000
123	131	0.027027
123	149	0.034483
123	210	0.040000
123	272	0.041667
123	287	0.062500
123	309	0.062500
123	319	0.062500
123	354	0.066667
123	382	0.066667
123	390	0.066667
124	3	0.017241
124	6	0.012346
124	7	0.016667
124	8	0.019231
124	15	0.007937
124	18	0.007812
124	25	0.016667
124	38	0.016949
124	44	0.016949
124	62	0.035714
124	79	0.030303
124	81	0.018868
124	82	0.028571
124	91	0.047619
124	121	0.032258
124	153	0.058824
124	169	0.062500
124	197	0.050000
124	319	0.062500
124	324	0.058824
125	1	0.016949
125	6	0.012346
125	9	0.011364
125	18	0.007812
125	19	0.008547
125	24	0.012821
125	40	0.015625
125	42	0.013699
125	44	0.016949
125	45	0.012987
125	59	0.022727
125	70	0.018868
125	74	0.020833
125	80	0.028571
125	109	0.035714
125	159	0.052632
125	166	0.041667
125	171	0.040000
125	173	0.041667
125	184	0.041667
125	197	0.050000
125	300	0.055556
125	320	0.066667
125	347	0.062500
125	388	0.066667
126	6	0.012346
126	19	0.008547
126	20	0.010204
126	21	0.014085
126	50	0.025000
126	67	0.025000
126	68	0.029412
126	74	0.020833
126	76	0.023256
126	85	0.025000
126	96	0.022222
126	98	0.043478
126	103	0.023810
126	105	0.027027
126	113	0.030303
126	138	0.032258
126	140	0.038462
126	154	0.031250
126	218	0.052632
126	260	0.052632
126	315	0.062500
127	13	0.013158
127	15	0.007937
127	17	0.007519
127	20	0.010204
127	28	0.034483
127	31	0.034483
127	41	0.014493
127	42	0.013699
127	46	0.016667
127	47	0.017241
127	51	0.020833
127	60	0.028571
127	80	0.028571
127	84	0.032258
127	115	0.032258
127	167	0.045455
127	209	0.045455
127	273	0.052632
127	371	0.062500
127	397	0.066667
128	4	0.014493
128	5	0.012658
128	8	0.019231
128	11	0.020000
128	18	0.007812
128	24	0.012821
128	40	0.015625
128	46	0.016667
128	56	0.029412
128	75	0.024390
128	84	0.032258
128	93	0.037037
128	96	0.022222
128	97	0.029412
128	103	0.023810
128	129	0.050000
128	147	0.037037
128	152	0.050000
128	154	0.031250
128	159	0.052632
128	160	0.045455
128	181	0.055556
128	246	0.052632
128	268	0.052632
128	297	0.055556
128	372	0.066667
128	396	0.066667
129	2	0.018868
129	8	0.019231
129	16	0.008696
129	18	0.007812
129	25	0.016667
129	27	0.018182
129	45	0.012987
129	49	0.023810
129	57	0.025000
129	67	0.025000
129	70	0.018868
129	74	0.020833
129	87	0.023810
129	120	0.035714
129	128	0.037037
129	158	0.055556
129	161	0.040000
129	261	0.052632
129	337	0.062500
129	360	0.062500
130	4	0.014493
130	14	0.009259
130	18	0.007812
130	19	0.008547
130	34	0.018182
130	36	0.013889
130	37	0.016129
130	47	0.017241
130	56	0.029412
130	67	0.025000
130	80	0.028571
130	81	0.018868
130	108	0.032258
130	118	0.033333
130	123	0.038462
130	147	0.037037
130	153	0.058824
130	160	0.045455
130	164	0.037037
130	173	0.041667
130	185	0.050000
130	205	0.043478
130	223	0.055556
130	228	0.047619
130	230	0.047619
130	237	0.050000
130	246	0.052632
130	252	0.062500
130	267	0.058824
130	283	0.050000
130	289	0.050000
130	292	0.041667
130	302	0.062500
130	319	0.062500
130	321	0.058824
130	361	0.066667
130	368	0.055556
130	369	0.062500
130	384	0.066667
130	390	0.066667
131	6	0.012346
131	15	0.007937
131	25	0.016667
131	32	0.011905
131	40	0.015625
131	42	0.013699
131	54	0.029412
131	55	0.026316
131	56	0.029412
131	59	0.022727
131	64	0.015625
131	65	0.029412
131	70	0.018868
131	87	0.023810
131	123	0.038462
131	133	0.032258
131	141	0.035714
131	143	0.043478
131	153	0.058824
131	155	0.037037
131	156	0.040000
131	177	0.037037
131	184	0.041667
131	216	0.052632
131	239	0.055556
131	242	0.052632
131	273	0.052632
131	279	0.055556
131	294	0.062500
131	297	0.055556
131	302	0.062500
131	323	0.062500
131	344	0.058824
131	346	0.066667
131	363	0.066667
131	372	0.066667
131	390	0.066667
132	0	0.010309
132	12	0.013333
132	20	0.010204
132	22	0.013158
132	23	0.016129
132	32	0.011905
132	33	0.013889
132	34	0.018182
132	35	0.014085
132	44	0.016949
132	46	0.016667
132	50	0.025000
132	70	0.018868
132	75	0.024390
132	118	0.033333
132	145	0.040000
132	166	0.041667
132	186	0.032258
132	192	0.040000
132	225	0.050000
132	234	0.055556
132	243	0.041667
132	272	0.041667
132	274	0.062500
132	278	0.062500
132	290	0.058824
132	320	0.066667
132	344	0.058824
132	345	0.062500
132	347	0.062500
132	368	0.055556
132	392	0.066667
133	6	0.012346
133	8	0.019231
133	18	0.007812
133	19	0.008547
133	20	0.010204
133	25	0.016667
133	26	0.021739
133	54	0.029412
133	59	0.022727
133	81	0.018868
133	87	0.023810
133	101	0.028571
133	115	0.032258
133	120	0.035714
133	131	0.027027
133	146	0.040000
133	166	0.041667
133	178	0.045455
133	185	0.050000
133	198	0.035714
133	224	0.055556
133	225	0.050000
133	232	0.052632
133	253	0.055556
133	301	0.055556
133	302	0.062500
133	346	0.066667
133	359	0.066667
133	367	0.062500
133	368	0.055556
133	390	0.066667
134	0	0.010309
134	8	0.019231
134	12	0.013333
134	13	0.013158
134	14	0.009259
134	15	0.007937
134	17	0.007519
134	42	0.013699
134	48	0.017241
134	55	0.026316
134	57	0.025000
134	69	0.029412
134	81	0.018868
134	85	0.025000
134	87	0.023810
134	154	0.031250
134	171	0.040000
134	182	0.055556
134	185	0.050000
134	273	0.052632
134	398	0.066667
135	2	0.018868
135	7	0.016667
135	12	0.013333
135	16	0.008696
135	22	0.013158
135	41	0.014493
135	54	0.029412
135	57	0.025000
135	76	0.023256
135	77	0.020833
135	78	0.015385
135	97	0.029412
135	107	0.028571
135	112	0.040000
135	118	0.033333
135	142	0.031250
135	150	0.037037
135	157	0.040000
135	163	0.035714
135	164	0.037037
135	188	0.058824
135	224	0.055556
135	226	0.055556
135	233	0.045455
135	245	0.055556
135	248	0.047619
135	310	0.055556
135	316	0.058824
135	326	0.055556
135	340	0.062500
135	376	0.066667
135	392	0.066667
136	0	0.010309
136	5	0.012658
136	13	0.013158
136	14	0.009259
136	16	0.008696
136	19	0.008547
136	25	0.016667
136	40	0.015625
136	41	0.014493
136	72	0.030303
136	81	0.018868
136	84	0.032258
136	101	0.028571
136	115	0.032258
136	119	0.034483
136	140	0.038462
136	146	0.040000
136	148	0.045455
136	189	0.058824
136	225	0.050000
136	228	0.047619
136	388	0.066667
137	0	0.010309
137	6	0.012346
137	11	0.020000
137	15	0.007937
137	18	0.007812
137	24	0.012821
137	38	0.016949
137	51	0.020833
137	68	0.029412
137	76	0.023256
137	86	0.022727
137	90	0.034483
137	97	0.029412
137	109	0.035714
137	116	0.032258
137	149	0.034483
137	151	0.033333
137	183	0.058824
137	218	0.052632
137	238	0.047619
137	253	0.055556
137	271	0.058824
137	279	0.055556
137	286	0.062500
137	290	0.058824
137	297	0.055556
138	4	0.014493
138	6	0.012346
138	14	0.009259
138	17	0.007519
138	33	0.013889
138	37	0.016129
138	39	0.015625
138	45	0.012987
138	47	0.017241
138	51	0.020833
138	54	0.029412
138	73	0.023810
138	107	0.028571
138	118	0.033333
138	126	0.047619
138	139	0.040000
138	144	0.034483
138	182	0.055556
138	204	0.041667
138	205	0.043478
138	212	0.050000
138	214	0.050000
138	218	0.052632
138	223	0.055556
138	224	0.055556
138	238	0.047619
138	250	0.058824
138	273	0.052632
138	358	0.062500
138	365	0.066667
138	379	0.066667
139	0	0.010309
139	6	0.012346
139	7	0.016667
139	14	0.009259
139	18	0.007812
139	24	0.012821
139	36	0.013889
139	39	0.015625
139	44	0.016949
139	73	0.023810
139	93	0.037037
139	108	0.032258
139	119	0.034483
139	138	0.032258
139	161	0.040000
139	163	0.035714
139	213	0.047619
139	251	0.055556
139	259	0.058824
139	268	0.052632
139	270	0.058824
139	274	0.062500
139	286	0.062500
139	357	0.062500
139	384	0.066667
140	17	0.007519
140	20	0.010204
140	22	0.013158
140	45	0.012987
140	46	0.016667
140	57	0.025000
140	64	0.015625
140	77	0.020833
140	83	0.028571
140	86	0.022727
140	96	0.022222
140	102	0.029412
140	117	0.037037
140	126	0.047619
140	136	0.045455
140	153	0.058824
140	234	0.055556
140	260	0.052632
140	268	0.052632
140	305	0.055556
140	332	0.050000
140	339	0.062500
140	343	0.066667
140	350	0.062500
140	355	0.062500
140	368	0.055556
141	2	0.018868
141	15	0.007937
141	17	0.007519
141	18	0.007812
141	21	0.014085
141	24	0.012821
141	44	0.016949
141	58	0.025000
141	59	0.022727
141	78	0.015385
141	88	0.040000
141	102	0.029412
141	111	0.026316
141	115	0.032258
141	131	0.027027
141	158	0.055556
141	160	0.045455
141	170	0.050000
141	180	0.055556
141	193	0.040000
141	200	0.066667
141	214	0.050000
141	220	0.062500
141	225	0.050000
141	228	0.047619
141	296	0.058824
141	335	0.052632
141	363	0.066667
142	5	0.012658
142	13	0.013158
142	15	0.007937
142	19	0.008547
142	21	0.014085
142	23	0.016129
142	42	0.013699
142	43	0.023256
142	44	0.016949
142	45	0.012987
142	61	0.023810
142	74	0.020833
142	77	0.020833
142	78	0.015385
142	135	0.031250
142	148	0.045455
142	171	0.040000
142	181	0.055556
142	192	0.040000
142	206	0.041667
142	213	0.047619
142	233	0.045455
142	238	0.047619
142	239	0.055556
142	256	0.047619
142	260	0.052632
142	266	0.058824
142	291	0.062500
142	312	0.062500
142	325	0.062500
142	355	0.062500
142	383	0.058824
143	17	0.007519
143	20	0.010204
143	25	0.016667
143	32	0.011905
143	34	0.018182
143	42	0.013699
143	64	0.015625
143	69	0.029412
143	70	0.018868
143	78	0.015385
143	81	0.018868
143	103	0.023810
143	115	0.032258
143	121	0.032258
143	131	0.027027
143	166	0.041667
143	175	0.047619
143	204	0.041667
143	209	0.045455
143	240	0.052632
143	340	0.062500
143	343	0.066667
143	349	0.062500
144	12	0.013333
144	15	0.007937
144	20	0.010204
144	32	0.011905
144	35	0.014085
144	36	0.013889
144	39	0.015625
144	42	0.013699
144	47	0.017241
144	53	0.016667
144	85	0.025000
144	93	0.037037
144	105	0.027027
144	114	0.030303
144	138	0.032258
144	150	0.037037
144	168	0.038462
144	179	0.034483
144	187	0.047619
144	191	0.055556
144	232	0.052632
144	243	0.041667
144	263	0.052632
144	299	0.055556
144	311	0.052632
144	328	0.062500
144	330	0.052632
144	367	0.062500
144	397	0.066667
145	3	0.017241
145	14	0.009259
145	15	0.007937
145	16	0.008696
145	26	0.021739
145	27	0.018182
145	28	0.034483
145	38	0.016949
145	67	0.025000
145	74	0.020833
145	76	0.023256
145	81	0.018868
145	90	0.034483
145	114	0.030303
145	132	0.031250
145	192	0.040000
145	198	0.035714
145	201	0.058824
145	265	0.041667
145	292	0.041667
145	309	0.062500
145	316	0.058824
145	351	0.066667
145	361	0.066667
145	387	0.062500
146	6	0.012346
146	14	0.009259
146	19	0.008547
146	20	0.010204
146	23	0.016129
146	50	0.025000
146	52	0.018868
146	57	0.025000
146	64	0.015625
146	77	0.020833
146	78	0.015385
146	104	0.023256
146	111	0.026316
146	133	0.032258
146	136	0.045455
146	159	0.052632
146	240	0.052632
146	247	0.052632
146	250	0.058824
146	275	0.058824
146	315	0.062500
146	317	0.066667
146	327	0.062500
146	368	0.055556
146	390	0.066667
147	2	0.018868
147	9	0.011364
147	19	0.008547
147	21	0.014085
147	30	0.030303
147	46	0.016667
147	47	0.017241
147	64	0.015625
147	73	0.023810
147	76	0.023256
147	103	0.023810
147	106	0.031250
147	108	0.032258
147	128	0.037037
147	130	0.025000
147	150	0.037037
147	172	0.047619
147	196	0.052632
147	227	0.043478
147	234	0.055556
147	272	0.041667
147	276	0.050000
147	309	0.062500
147	313	0.066667
147	317	0.066667
147	335	0.052632
147	346	0.066667
148	13	0.013158
148	14	0.009259
148	17	0.007519
148	23	0.016129
148	24	0.012821
148	33	0.013889
148	42	0.013699
148	62	0.035714
148	83	0.028571
148	91	0.047619
148	96	0.022222
148	99	0.033333
148	116	0.032258
148	136	0.045455
148	142	0.031250
148	173	0.041667
148	243	0.041667
148	255	0.055556
148	257	0.052632
148	266	0.058824
148	286	0.062500
148	370	0.066667
149	4	0.014493
149	18	0.007812
149	30	0.030303
149	42	0.013699
149	61	0.023810
149	64	0.015625
149	73	0.023810
149	79	0.030303
149	80	0.028571
149	83	0.028571
149	88	0.040000
149	102	0.029412
149	113	0.030303
149	123	0.038462
149	137	0.038462
149	150	0.037037
149	151	0.033333
149	154	0.031250
149	172	0.047619
149	176	0.043478
149	205	0.043478
149	217	0.050000
149	221	0.058824
149	273	0.052632
149	305	0.055556
149	349	0.062500
149	353	0.066667
149	385	0.066667
149	391	0.062500
150	3	0.017241
150	7	0.016667
150	41	0.014493
150	44	0.016949
150	60	0.028571
150	64	0.015625
150	71	0.031250
150	76	0.023256
150	78	0.015385
150	87	0.023810
150	114	0.030303
150	135	0.031250
150	144	0.034483
150	147	0.037037
150	149	0.034483
150	161	0.040000
150	176	0.043478
150	249	0.050000
150	250	0.058824
150	298	0.052632
150	303	0.055556
150	306	0.058824
150	311	0.052632
150	321	0.058824
150	358	0.062500
150	382	0.066667
150	397	0.066667
151	7	0.016667
151	16	0.008696
151	19	0.008547
151	20	0.010204
151	25	0.016667
151	27	0.018182
151	28	0.034483
151	40	0.015625
151	50	0.025000
151	77	0.020833
151	80	0.028571
151	83	0.028571
151	85	0.025000
151	137	0.038462
151	149	0.034483
151	197	0.050000
151	217	0.050000
151	220	0.062500
151	224	0.055556
151	257	0.052632
151	267	0.058824
151	273	0.052632
151	277	0.052632
151	290	0.058824
151	296	0.058824
151	323	0.062500
151	356	0.062500
151	364	0.062500
151	373	0.066667
151	387	0.062500
152	5	0.012658
152	9	0.011364
152	10	0.031250
152	11	0.020000
152	16	0.008696
152	20	0.010204
152	27	0.018182
152	31	0.034483
152	39	0.015625
152	63	0.052632
152	65	0.029412
152	87	0.023810
152	96	0.022222
152	102	0.029412
152	128	0.037037
152	156	0.040000
152	212	0.050000
152	261	0.052632
152	374	0.066667
152	395	0.066667
153	9	0.011364
153	16	0.008696
153	18	0.007812
153	49	0.023810
153	54	0.029412
153	81	0.018868
153	82	0.028571
153	98	0.043478
153	106	0.031250
153	115	0.032258
153	119	0.034483
153	124	0.050000
153	130	0.025000
153	131	0.027027
153	140	0.038462
153	217	0.050000
153	321	0.058824
154	5	0.012658
154	32	0.011905
154	40	0.015625
154	50	0.025000
154	51	0.020833
154	64	0.015625
154	82	0.028571
154	85	0.025000
154	88	0.040000
154	97	0.029412
154	100	0.040000
154	126	0.047619
154	128	0.037037
154	134	0.047619
154	149	0.034483
154	156	0.040000
154	157	0.040000
154	170	0.050000
154	189	0.058824
154	193	0.040000
154	219	0.050000
154	223	0.055556
154	232	0.052632
154	249	0.050000
154	254	0.062500
154	271	0.058824
154	280	0.050000
154	283	0.050000
154	292	0.041667
154	326	0.055556
154	377	0.062500
154	391	0.062500
155	2	0.018868
155	6	0.012346
155	8	0.019231
155	9	0.011364
155	12	0.013333
155	16	0.008696
155	17	0.007519
155	44	0.016949
155	48	0.017241
155	51	0.020833
155	53	0.016667
155	59	0.022727
155	92	0.034483
155	101	0.028571
155	131	0.027027
155	167	0.045455
155	187	0.047619
155	224	0.055556
155	245	0.055556
155	254	0.062500
155	260	0.052632
155	262	0.058824
155	285	0.055556
155	335	0.052632
155	353	0.066667
155	365	0.066667
155	396	0.066667
156	1	0.016949
156	7	0.016667
156	19	0.008547
156	20	0.010204
156	25	0.016667
156	35	0.014085
156	40	0.015625
156	45	0.012987
156	96	0.022222
156	97	0.029412
156	104	0.023256
156	114	0.030303
156	131	0.027027
156	152	0.050000
156	154	0.031250
156	158	0.055556
156	191	0.055556
156	196	0.052632
156	215	0.045455
156	219	0.050000
156	223	0.055556
156	228	0.047619
156	292	0.041667
156	364	0.062500
156	383	0.058824
157	0	0.010309
157	6	0.012346
157	9	0.011364
157	20	0.010204
157	35	0.014085
157	45	0.012987
157	49	0.023810
157	50	0.025000
157	65	0.029412
157	76	0.023256
157	82	0.028571
157	84	0.032258
157	86	0.022727
157	135	0.031250
157	154	0.031250
157	174	0.040000
157	193	0.040000
157	198	0.035714
157	217	0.050000
157	234	0.055556
157	235	0.043478
157	318	0.066667
157	322	0.058824
157	323	0.062500
157	386	0.066667
158	1	0.016949
158	9	0.011364
158	14	0.009259
158	18	0.007812
158	29	0.021739
158	39	0.015625
158	42	0.013699
158	45	0.012987
158	64	0.015625
158	73	0.023810
158	77	0.020833
158	116	0.032258
158	129	0.050000
158	141	0.035714
158	156	0.040000
158	162	0.043478
158	206	0.041667
158	344	0.058824
159	38	0.016949
159	43	0.023256
159	70	0.018868
159	71	0.031250
159	76	0.023256
159	86	0.022727
159	96	0.022222
159	97	0.029412
159	99	0.033333
159	105	0.027027
159	106	0.031250
159	113	0.030303
159	125	0.040000
159	128	0.037037
159	146	0.040000
159	265	0.041667
159	327	0.062500
159	346	0.066667
159	379	0.066667
160	0	0.010309
160	11	0.020000
160	13	0.013158
160	36	0.013889
160	48	0.017241
160	56	0.029412
160	78	0.015385
160	86	0.022727
160	97	0.029412
160	104	0.023256
160	116	0.032258
160	128	0.037037
160	130	0.025000
160	141	0.035714
160	198	0.035714
160	202	0.050000
160	233	0.045455
160	255	0.055556
160	315	0.062500
160	320	0.066667
160	321	0.058824
160	360	0.062500
161	7	0.016667
161	17	0.007519
161	25	0.016667
161	32	0.011905
161	33	0.013889
161	37	0.016129
161	44	0.016949
161	55	0.026316
161	58	0.025000
161	64	0.015625
161	101	0.028571
161	115	0.032258
161	129	0.050000
161	139	0.040000
161	150	0.037037
161	183	0.058824
161	268	0.052632
161	272	0.041667
161	279	0.055556
161	285	0.055556
161	298	0.052632
161	329	0.062500
161	351	0.066667
161	355	0.062500
161	376	0.066667
162	4	0.014493
162	5	0.012658
162	9	0.011364
162	13	0.013158
162	26	0.021739
162	33	0.013889
162	37	0.016129
162	38	0.016949
162	39	0.015625
162	41	0.014493
162	46	0.016667
162	71	0.031250
162	90	0.034483
162	102	0.029412
162	158	0.055556
162	165	0.034483
162	182	0.055556
162	193	0.040000
162	207	0.055556
162	216	0.052632
162	220	0.062500
162	376	0.066667
162	384	0.066667
163	8	0.019231
163	14	0.009259
163	15	0.007937
163	21	0.014085
163	41	0.014493
163	45	0.012987
163	52	0.018868
163	68	0.029412
163	75	0.024390
163	90	0.034483
163	109	0.035714
163	116	0.032258
163	121	0.032258
163	135	0.031250
163	139	0.040000
163	167	0.045455
163	190	0.050000
163	195	0.038462
163	196	0.052632
163	220	0.062500
163	225	0.050000
163	235	0.043478
163	256	0.047619
163	274	0.062500
163	331	0.062500
163	342	0.066667
163	353	0.066667
163	361	0.066667
164	1	0.016949
164	2	0.018868
164	7	0.016667
164	9	0.011364
164	16	0.008696
164	20	0.010204
164	24	0.012821
164	39	0.015625
164	44	0.016949
164	55	0.026316
164	86	0.022727
164	90	0.034483
164	101	0.028571
164	130	0.025000
164	135	0.031250
164	196	0.052632
164	199	0.043478
164	225	0.050000
164	236	0.045455
164	241	0.058824
164	242	0.052632
164	249	0.050000
164	267	0.058824
164	270	0.058824
164	291	0.062500
164	310	0.055556
164	331	0.062500
165	14	0.009259
165	15	0.007937
165	20	0.010204
165	22	0.013158
165	23	0.016129
165	33	0.013889
165	34	0.018182
165	41	0.014493
165	48	0.017241
165	66	0.037037
165	70	0.018868
165	80	0.028571
165	87	0.023810
165	96	0.022222
165	162	0.043478
165	171	0.040000
165	180	0.055556
165	188	0.058824
165	189	0.058824
165	192	0.040000
165	212	0.050000
165	232	0.052632
165	238	0.047619
165	268	0.052632
165	299	0.055556
165	350	0.062500
165	368	0.055556
165	387	0.062500
165	395	0.066667
166	12	0.013333
166	16	0.008696
166	23	0.016129
166	35	0.014085
166	36	0.013889
166	41	0.014493
166	48	0.017241
166	52	0.018868
166	64	0.015625
166	77	0.020833
166	101	0.028571
166	125	0.040000
166	132	0.031250
166	133	0.032258
166	143	0.043478
166	195	0.038462
166	204	0.041667
166	243	0.041667
166	259	0.058824
166	290	0.058824
166	308	0.055556
166	340	0.062500
166	357	0.062500
166	377	0.062500
167	0	0.010309
167	16	0.008696
167	19	0.008547
167	20	0.010204
167	28	0.034483
167	32	0.011905
167	35	0.014085
167	37	0.016129
167	64	0.015625
167	85	0.025000
167	86	0.022727
167	88	0.040000
167	127	0.050000
167	155	0.037037
167	163	0.035714
167	214	0.050000
167	233	0.045455
167	293	0.052632
167	319	0.062500
167	320	0.066667
167	341	0.058824
167	386	0.066667
168	6	0.012346
168	9	0.011364
168	11	0.020000
168	15	0.007937
168	18	0.007812
168	32	0.011905
168	34	0.018182
168	35	0.014085
168	38	0.016949
168	53	0.016667
168	71	0.031250
168	78	0.015385
168	101	0.028571
168	105	0.027027
168	144	0.034483
168	185	0.050000
168	187	0.047619
168	194	0.034483
168	232	0.052632
168	240	0.052632
168	255	0.055556
168	327	0.062500
168	335	0.052632
168	336	0.066667
168	397	0.066667
168	398	0.066667
169	3	0.017241
169	9	0.011364
169	12	0.013333
169	15	0.007937
169	18	0.007812
169	38	0.016949
169	40	0.015625
169	43	0.023256
169	48	0.017241
169	53	0.016667
169	56	0.029412
169	68	0.029412
169	77	0.020833
169	107	0.028571
169	124	0.050000
169	194	0.034483
170	0	0.010309
170	14	0.009259
170	17	0.007519
170	20	0.010204
170	23	0.016129
170	33	0.013889
170	34	0.018182
170	39	0.015625
170	59	0.022727
170	60	0.028571
170	71	0.031250
170	103	0.023810
170	115	0.032258
170	141	0.035714
170	154	0.031250
170	198	0.035714
170	209	0.045455
170	224	0.055556
170	272	0.041667
170	299	0.055556
171	5	0.012658
171	8	0.019231
171	14	0.009259
171	15	0.007937
171	25	0.016667
171	47	0.017241
171	48	0.017241
171	64	0.015625
171	75	0.024390
171	86	0.022727
171	113	0.030303
171	125	0.040000
171	134	0.047619
171	142	0.031250
171	165	0.034483
171	184	0.041667
171	188	0.058824
171	221	0.058824
171	223	0.055556
171	233	0.045455
171	282	0.066667
171	289	0.050000
171	302	0.062500
171	306	0.058824
171	345	0.062500
172	1	0.016949
172	14	0.009259
172	15	0.007937
172	16	0.008696
172	29	0.021739
172	34	0.018182
172	40	0.015625
172	52	0.018868
172	57	0.025000
172	67	0.025000
172	78	0.015385
172	102	0.029412
172	104	0.023256
172	147	0.037037
172	149	0.034483
172	184	0.041667
172	196	0.052632
172	258	0.062500
172	259	0.058824
172	282	0.066667
172	336	0.066667
173	1	0.016949
173	14	0.009259
173	18	0.007812
173	24	0.012821
173	36	0.013889
173	60	0.028571
173	77	0.020833
173	84	0.032258
173	92	0.034483
173	93	0.037037
173	104	0.023256
173	118	0.033333
173	125	0.040000
173	130	0.025000
173	148	0.045455
173	178	0.045455
173	181	0.055556
173	226	0.055556
173	236	0.045455
173	293	0.052632
173	318	0.066667
173	341	0.058824
173	362	0.066667
173	364	0.062500
174	6	0.012346
174	11	0.020000
174	14	0.009259
174	16	0.008696
174	21	0.014085
174	27	0.018182
174	44	0.016949
174	48	0.017241
174	63	0.052632
174	73	0.023810
174	86	0.022727
174	95	0.038462
174	110	0.027027
174	117	0.037037
174	157	0.040000
174	193	0.040000
174	195	0.038462
174	287	0.062500
174	322	0.058824
174	326	0.055556
174	353	0.066667
174	364	0.062500
174	371	0.062500
174	375	0.066667
174	395	0.066667
175	9	0.011364
175	11	0.020000
175	16	0.008696
175	17	0.007519
175	25	0.016667
175	32	0.011905
175	40	0.015625
175	44	0.016949
175	56	0.029412
175	89	0.047619
175	99	0.033333
175	110	0.027027
175	113	0.030303
175	114	0.030303
175	143	0.043478
175	178	0.045455
175	184	0.041667
175	200	0.066667
175	210	0.040000
175	311	0.052632
175	344	0.058824
176	6	0.012346
176	7	0.016667
176	12	0.013333
176	15	0.007937
176	17	0.007519
176	19	0.008547
176	33	0.013889
176	45	0.012987
176	53	0.016667
176	55	0.026316
176	64	0.015625
176	114	0.030303
176	116	0.032258
176	149	0.034483
176	150	0.037037
176	195	0.038462
176	211	0.041667
176	232	0.052632
176	244	0.055556
176	248	0.047619
176	249	0.050000
176	306	0.058824
176	369	0.062500
177	4	0.014493
177	5	0.012658
177	16	0.008696
177	17	0.007519
177	19	0.008547
177	25	0.016667
177	31	0.034483
177	37	0.016129
177	38	0.016949
177	39	0.015625
177	50	0.025000
177	72	0.030303
177	107	0.028571
177	131	0.027027
177	185	0.050000
177	197	0.050000
177	201	0.058824
177	235	0.043478
177	240	0.052632
177	248	0.047619
177	279	0.055556
177	306	0.058824
177	323	0.062500
177	344	0.058824
177	348	0.066667
177	360	0.062500
177	387	0.062500
178	1	0.016949
178	5	0.012658
178	14	0.009259
178	17	0.007519
178	34	0.018182
178	36	0.013889
178	45	0.012987
178	65	0.029412
178	66	0.037037
178	87	0.023810
178	107	0.028571
178	113	0.030303
178	133	0.032258
178	173	0.041667
178	175	0.047619
178	192	0.040000
178	214	0.050000
178	225	0.050000
178	229	0.043478
178	253	0.055556
178	275	0.058824
178	376	0.066667
179	0	0.010309
179	17	0.007519
179	18	0.007812
179	22	0.013158
179	30	0.030303
179	42	0.013699
179	43	0.023256
179	47	0.017241
179	78	0.015385
179	87	0.023810
179	108	0.032258
179	110	0.027027
179	111	0.026316
179	144	0.034483
179	182	0.055556
179	187	0.047619
179	195	0.038462
179	199	0.043478
179	235	0.043478
179	247	0.052632
179	262	0.058824
179	296	0.058824
179	306	0.058824
179	336	0.066667
179	371	0.062500
179	372	0.066667
179	374	0.066667
179	381	0.066667
179	388	0.066667
180	0	0.010309
180	9	0.011364
180	14	0.009259
180	17	0.007519
180	22	0.013158
180	36	0.013889
180	43	0.023256
180	45	0.012987
180	53	0.016667
180	54	0.029412
180	100	0.040000
180	115	0.032258
180	119	0.034483
180	141	0.035714
180	165	0.034483
180	237	0.050000
180	343	0.066667
180	376	0.066667
181	12	0.013333
181	17	0.007519
181	21	0.014085
181	23	0.016129
181	33	0.013889
181	43	0.023256
181	64	0.015625
181	70	0.018868
181	87	0.023810
181	95	0.038462
181	101	0.028571
181	122	0.045455
181	128	0.037037
181	142	0.031250
181	173	0.041667
181	186	0.032258
181	206	0.041667
181	224	0.055556
182	4	0.014493
182	6	0.012346
182	8	0.019231
182	10	0.031250
182	19	0.008547
182	38	0.016949
182	47	0.017241
182	48	0.017241
182	52	0.018868
182	92	0.034483
182	104	0.023256
182	134	0.047619
182	138	0.032258
182	162	0.043478
182	179	0.034483
182	251	0.055556
182	290	0.058824
182	325	0.062500
183	0	0.010309
183	12	0.013333
183	13	0.013158
183	15	0.007937
183	17	0.007519
183	36	0.013889
183	42	0.013699
183	52	0.018868
183	58	0.025000
183	61	0.023810
183	72	0.030303
183	86	0.022727
183	137	0.038462
183	161	0.040000
183	221	0.058824
183	304	0.062500
183	338	0.066667
184	2	0.018868
184	9	0.011364
184	28	0.034483
184	36	0.013889
184	49	0.023810
184	65	0.029412
184	76	0.023256
184	103	0.023810
184	109	0.035714
184	113	0.030303
184	125	0.040000
184	131	0.027027
184	171	0.040000
184	172	0.047619
184	175	0.047619
184	231	0.041667
184	236	0.045455
184	253	0.055556
184	267	0.058824
184	284	0.062500
184	312	0.062500
184	355	0.062500
184	378	0.071429
184	386	0.066667
185	1	0.016949
185	4	0.014493
185	12	0.013333
185	16	0.008696
185	42	0.013699
185	49	0.023810
185	64	0.015625
185	74	0.020833
185	81	0.018868
185	103	0.023810
185	130	0.025000
185	133	0.032258
185	134	0.047619
185	168	0.038462
185	177	0.037037
185	197	0.050000
185	198	0.035714
185	238	0.047619
185	271	0.058824
185	325	0.062500
186	6	0.012346
186	13	0.013158
186	15	0.007937
186	17	0.007519
186	26	0.021739
186	32	0.011905
186	41	0.014493
186	50	0.025000
186	52	0.018868
186	67	0.025000
186	83	0.028571
186	104	0.023256
186	110	0.027027
186	132	0.031250
186	181	0.055556
186	210	0.040000
186	240	0.052632
186	243	0.041667
186	249	0.050000
186	251	0.055556
186	265	0.041667
186	287	0.062500
186	288	0.058824
186	305	0.055556
186	319	0.062500
186	359	0.066667
186	363	0.066667
186	384	0.066667
186	386	0.066667
186	391	0.062500
186	394	0.066667
187	6	0.012346
187	18	0.007812
187	19	0.008547
187	29	0.021739
187	30	0.030303
187	44	0.016949
187	51	0.020833
187	62	0.035714
187	87	0.023810
187	97	0.029412
187	106	0.031250
187	144	0.034483
187	155	0.037037
187	168	0.038462
187	179	0.034483
187	231	0.041667
187	259	0.058824
187	272	0.041667
187	324	0.058824
187	374	0.066667
187	380	0.066667
188	0	0.010309
188	6	0.012346
188	16	0.008696
188	17	0.007519
188	42	0.013699
188	48	0.017241
188	53	0.016667
188	78	0.015385
188	101	0.028571
188	103	0.023810
188	113	0.030303
188	135	0.031250
188	165	0.034483
188	171	0.040000
188	319	0.062500
188	338	0.066667
188	354	0.066667
189	3	0.017241
189	4	0.014493
189	9	0.011364
189	12	0.013333
189	17	0.007519
189	31	0.034483
189	32	0.011905
189	41	0.014493
189	70	0.018868
189	77	0.020833
189	81	0.018868
189	100	0.040000
189	136	0.045455
189	154	0.031250
189	165	0.034483
189	371	0.062500
189	398	0.066667
190	4	0.014493
190	13	0.013158
190	20	0.010204
190	35	0.014085
190	61	0.023810
190	64	0.015625
190	73	0.023810
190	75	0.024390
190	78	0.015385
190	87	0.023810
190	89	0.047619
190	92	0.034483
190	110	0.027027
190	114	0.030303
190	163	0.035714
190	213	0.047619
190	220	0.062500
190	285	0.055556
190	294	0.062500
190	312	0.062500
191	0	0.010309
191	5	0.012658
191	9	0.011364
191	19	0.008547
191	25	0.016667
191	33	0.013889
191	35	0.014085
191	40	0.015625
191	41	0.014493
191	53	0.016667
191	65	0.029412
191	75	0.024390
191	86	0.022727
191	144	0.034483
191	156	0.040000
191	194	0.034483
191	261	0.052632
191	337	0.062500
192	2	0.018868
192	4	0.014493
192	5	0.012658
192	22	0.013158
192	38	0.016949
192	39	0.015625
192	45	0.012987
192	47	0.017241
192	103	0.023810
192	112	0.040000
192	132	0.031250
192	142	0.031250
192	145	0.040000
192	165	0.034483
192	178	0.045455
192	212	0.050000
192	236	0.045455
192	268	0.052632
192	319	0.062500
192	341	0.058824
192	348	0.066667
192	350	0.062500
192	353	0.066667
192	358	0.062500
192	389	0.066667
193	4	0.014493
193	12	0.013333
193	13	0.013158
193	14	0.009259
193	19	0.008547
193	22	0.013158
193	26	0.021739
193	45	0.012987
193	82	0.028571
193	91	0.047619
193	141	0.035714
193	154	0.031250
193	157	0.040000
193	162	0.043478
193	174	0.040000
193	198	0.035714
193	203	0.040000
193	209	0.045455
193	216	0.052632
193	230	0.047619
193	263	0.052632
193	272	0.041667
193	284	0.062500
193	361	0.066667
193	374	0.066667
194	1	0.016949
194	7	0.016667
194	9	0.011364
194	12	0.013333
194	39	0.015625
194	42	0.013699
194	53	0.016667
194	77	0.020833
194	86	0.022727
194	100	0.040000
194	101	0.028571
194	113	0.030303
194	168	0.038462
194	169	0.062500
194	191	0.055556
194	209	0.045455
194	210	0.040000
194	229	0.043478
194	236	0.045455
194	243	0.041667
194	284	0.062500
194	310	0.055556
194	328	0.062500
194	341	0.058824
194	357	0.062500
194	361	0.066667
194	367	0.062500
194	378	0.071429
194	393	0.066667
195	3	0.017241
195	4	0.014493
195	9	0.011364
195	12	0.013333
195	14	0.009259
195	25	0.016667
195	34	0.018182
195	37	0.016129
195	55	0.026316
195	105	0.027027
195	163	0.035714
195	166	0.041667
195	174	0.040000
195	176	0.043478
195	179	0.034483
195	207	0.055556
195	236	0.045455
195	244	0.055556
195	269	0.041667
195	311	0.052632
195	312	0.062500
195	325	0.062500
195	331	0.062500
195	355	0.062500
195	372	0.066667
195	373	0.066667
196	5	0.012658
196	21	0.014085
196	22	0.013158
196	23	0.016129
196	27	0.018182
196	34	0.018182
196	38	0.016949
196	60	0.028571
196	74	0.020833
196	92	0.034483
196	147	0.037037
196	156	0.040000
196	163	0.035714
196	164	0.037037
196	172	0.047619
196	205	0.043478
196	244	0.055556
196	261	0.052632
196	390	0.066667
197	16	0.008696
197	25	0.016667
197	27	0.018182
197	32	0.011905
197	46	0.016667
197	51	0.020833
197	61	0.023810
197	84	0.032258
197	93	0.037037
197	99	0.033333
197	124	0.050000
197	125	0.040000
197	151	0.033333
197	177	0.037037
197	185	0.050000
197	209	0.045455
197	257	0.052632
197	354	0.066667
197	383	0.058824
197	385	0.066667
198	10	0.031250
198	13	0.013158
198	20	0.010204
198	24	0.012821
198	51	0.020833
198	74	0.020833
198	76	0.023256
198	80	0.028571
198	133	0.032258
198	145	0.040000
198	157	0.040000
198	160	0.045455
198	170	0.050000
198	185	0.050000
198	193	0.040000
198	212	0.050000
198	215	0.045455
198	223	0.055556
198	239	0.055556
198	252	0.062500
198	261	0.052632
198	284	0.062500
198	304	0.062500
198	316	0.058824
198	330	0.052632
198	333	0.071429
198	357	0.062500
198	385	0.066667
199	9	0.011364
199	17	0.007519
199	18	0.007812
199	22	0.013158
199	25	0.016667
199	51	0.020833
199	52	0.018868
199	56	0.029412
199	65	0.029412
199	80	0.028571
199	85	0.025000
199	105	0.027027
199	116	0.032258
199	164	0.037037
199	179	0.034483
199	204	0.041667
199	227	0.043478
199	280	0.050000
199	308	0.055556
199	309	0.062500
199	316	0.058824
199	329	0.062500
199	389	0.066667
200	0	0.010309
200	2	0.018868
200	12	0.013333
200	15	0.007937
200	16	0.008696
200	17	0.007519
200	24	0.012821
200	38	0.016949
200	45	0.012987
200	47	0.017241
200	48	0.017241
200	52	0.018868
200	53	0.016667
200	141	0.035714
200	175	0.047619
201	2	0.018868
201	15	0.007937
201	19	0.008547
201	42	0.013699
201	66	0.037037
201	76	0.023256
201	77	0.020833
201	78	0.015385
201	96	0.022222
201	111	0.026316
201	118	0.033333
201	120	0.035714
201	121	0.032258
201	145	0.040000
201	177	0.037037
201	333	0.071429
201	380	0.066667
202	0	0.010309
202	7	0.016667
202	9	0.011364
202	12	0.013333
202	14	0.009259
202	19	0.008547
202	25	0.016667
202	27	0.018182
202	53	0.016667
202	60	0.028571
202	61	0.023810
202	87	0.023810
202	102	0.029412
202	114	0.030303
202	160	0.045455
202	262	0.058824
202	298	0.052632
202	311	0.052632
202	329	0.062500
202	359	0.066667
203	18	0.007812
203	21	0.014085
203	26	0.021739
203	33	0.013889
203	36	0.013889
203	39	0.015625
203	40	0.015625
203	52	0.018868
203	84	0.032258
203	87	0.023810
203	97	0.029412
203	98	0.043478
203	114	0.030303
203	119	0.034483
203	193	0.040000
203	214	0.050000
203	239	0.055556
203	253	0.055556
203	263	0.052632
203	281	0.066667
203	311	0.052632
203	339	0.062500
203	349	0.062500
203	381	0.066667
203	397	0.066667
204	0	0.010309
204	1	0.016949
204	17	0.007519
204	19	0.008547
204	21	0.014085
204	30	0.030303
204	53	0.016667
204	61	0.023810
204	68	0.029412
204	76	0.023256
204	119	0.034483
204	138	0.032258
204	143	0.043478
204	166	0.041667
204	199	0.043478
204	217	0.050000
204	218	0.052632
204	227	0.043478
204	240	0.052632
204	255	0.055556
204	315	0.062500
204	326	0.055556
204	339	0.062500
204	352	0.066667
205	1	0.016949
205	22	0.013158
205	23	0.016129
205	40	0.015625
205	45	0.012987
205	55	0.026316
205	68	0.029412
205	75	0.024390
205	93	0.037037
205	106	0.031250
205	109	0.035714
205	130	0.025000
205	138	0.032258
205	149	0.034483
205	196	0.052632
205	210	0.040000
205	211	0.041667
205	242	0.052632
205	261	0.052632
205	305	0.055556
205	308	0.055556
205	342	0.066667
205	367	0.062500
206	1	0.016949
206	11	0.020000
206	16	0.008696
206	17	0.007519
206	39	0.015625
206	41	0.014493
206	45	0.012987
206	46	0.016667
206	64	0.015625
206	73	0.023810
206	78	0.015385
206	82	0.028571
206	142	0.031250
206	158	0.055556
206	181	0.055556
206	215	0.045455
206	265	0.041667
206	289	0.050000
206	294	0.062500
206	313	0.066667
206	330	0.052632
206	342	0.066667
206	354	0.066667
206	384	0.066667
207	3	0.017241
207	15	0.007937
207	17	0.007519
207	19	0.008547
207	22	0.013158
207	28	0.034483
207	38	0.016949
207	43	0.023256
207	55	0.026316
207	81	0.018868
207	89	0.047619
207	99	0.033333
207	111	0.026316
207	162	0.043478
207	195	0.038462
207	244	0.055556
207	262	0.058824
207	388	0.066667
208	1	0.016949
208	12	0.013333
208	13	0.013158
208	15	0.007937
208	20	0.010204
208	24	0.012821
208	35	0.014085
208	42	0.013699
208	55	0.026316
208	62	0.035714
208	78	0.015385
208	85	0.025000
208	107	0.028571
208	111	0.026316
208	122	0.045455
208	214	0.050000
208	231	0.041667
208	287	0.062500
209	4	0.014493
209	13	0.013158
209	27	0.018182
209	46	0.016667
209	54	0.029412
209	58	0.025000
209	66	0.037037
209	82	0.028571
209	116	0.032258
209	127	0.050000
209	143	0.043478
209	170	0.050000
209	193	0.040000
209	194	0.034483
209	197	0.050000
209	211	0.041667
209	233	0.045455
209	237	0.050000
209	295	0.055556
209	317	0.066667
209	383	0.058824
209	393	0.066667
210	6	0.012346
210	14	0.009259
210	19	0.008547
210	24	0.012821
210	31	0.034483
210	61	0.023810
210	69	0.029412
210	75	0.024390
210	79	0.030303
210	96	0.022222
210	123	0.038462
210	175	0.047619
210	186	0.032258
210	194	0.034483
210	205	0.043478
210	219	0.050000
210	221	0.058824
210	228	0.047619
210	241	0.058824
210	255	0.055556
210	274	0.062500
210	286	0.062500
210	294	0.062500
210	299	0.055556
210	386	0.066667
211	6	0.012346
211	14	0.009259
211	17	0.007519
211	18	0.007812
211	29	0.021739
211	37	0.016129
211	44	0.016949
211	53	0.016667
211	54	0.029412
211	61	0.023810
211	76	0.023256
211	79	0.030303
211	176	0.043478
211	205	0.043478
211	209	0.045455
211	269	0.041667
211	280	0.050000
211	297	0.055556
211	305	0.055556
211	310	0.055556
211	351	0.066667
211	362	0.066667
211	386	0.066667
211	394	0.066667
212	1	0.016949
212	6	0.012346
212	9	0.011364
212	16	0.008696
212	19	0.008547
212	32	0.011905
212	42	0.013699
212	96	0.022222
212	104	0.023256
212	108	0.032258
212	138	0.032258
212	152	0.050000
212	165	0.034483
212	192	0.040000
212	198	0.035714
212	226	0.055556
212	324	0.058824
212	326	0.055556
212	333	0.071429
212	374	0.066667
213	15	0.007937
213	17	0.007519
213	24	0.012821
213	31	0.034483
213	59	0.022727
213	81	0.018868
213	88	0.040000
213	89	0.047619
213	94	0.047619
213	101	0.028571
213	111	0.026316
213	117	0.037037
213	139	0.040000
213	142	0.031250
213	190	0.050000
213	264	0.052632
213	272	0.041667
213	312	0.062500
213	314	0.058824
213	325	0.062500
213	359	0.066667
214	1	0.016949
214	3	0.017241
214	32	0.011905
214	34	0.018182
214	45	0.012987
214	47	0.017241
214	103	0.023810
214	107	0.028571
214	114	0.030303
214	138	0.032258
214	141	0.035714
214	167	0.045455
214	178	0.045455
214	203	0.040000
214	208	0.055556
214	222	0.062500
214	226	0.055556
214	241	0.058824
214	254	0.062500
214	263	0.052632
215	5	0.012658
215	14	0.009259
215	15	0.007937
215	20	0.010204
215	40	0.015625
215	59	0.022727
215	62	0.035714
215	74	0.020833
215	83	0.028571
215	89	0.047619
215	105	0.027027
215	107	0.028571
215	156	0.040000
215	198	0.035714
215	206	0.041667
215	242	0.052632
215	271	0.058824
215	291	0.062500
215	301	0.055556
215	320	0.066667
215	385	0.066667
215	389	0.066667
216	9	0.011364
216	15	0.007937
216	19	0.008547
216	32	0.011905
216	34	0.018182
216	45	0.012987
216	46	0.016667
216	61	0.023810
216	73	0.023810
216	79	0.030303
216	90	0.034483
216	108	0.032258
216	131	0.027027
216	162	0.043478
216	193	0.040000
216	319	0.062500
216	321	0.058824
216	348	0.066667
216	362	0.066667
217	0	0.010309
217	13	0.013158
217	16	0.008696
217	18	0.007812
217	32	0.011905
217	41	0.014493
217	61	0.023810
217	68	0.029412
217	81	0.018868
217	116	0.032258
217	149	0.034483
217	151	0.033333
217	153	0.058824
217	157	0.040000
217	204	0.041667
217	264	0.052632
217	275	0.058824
217	290	0.058824
217	353	0.066667
217	385	0.066667
218	3	0.017241
218	4	0.014493
218	14	0.009259
218	17	0.007519
218	18	0.007812
218	19	0.008547
218	35	0.014085
218	37	0.016129
218	41	0.014493
218	45	0.012987
218	97	0.029412
218	126	0.047619
218	137	0.038462
218	138	0.032258
218	204	0.041667
218	232	0.052632
218	270	0.058824
218	308	0.055556
218	365	0.066667
219	1	0.016949
219	2	0.018868
219	18	0.007812
219	21	0.014085
219	26	0.021739
219	39	0.015625
219	42	0.013699
219	49	0.023810
219	106	0.031250
219	107	0.028571
219	113	0.030303
219	121	0.032258
219	154	0.031250
219	156	0.040000
219	210	0.040000
219	256	0.047619
219	303	0.055556
219	350	0.062500
219	391	0.062500
219	397	0.066667
220	4	0.014493
220	14	0.009259
220	21	0.014085
220	47	0.017241
220	54	0.029412
220	78	0.015385
220	106	0.031250
220	110	0.027027
220	114	0.030303
220	116	0.032258
220	141	0.035714
220	151	0.033333
220	162	0.043478
220	163	0.035714
220	190	0.050000
220	348	0.066667
221	9	0.011364
221	11	0.020000
221	27	0.018182
221	41	0.014493
221	46	0.016667
221	47	0.017241
221	59	0.022727
221	72	0.030303
221	85	0.025000
221	92	0.034483
221	111	0.026316
221	149	0.034483
221	171	0.040000
221	183	0.058824
221	210	0.040000
221	241	0.058824
221	377	0.062500
222	6	0.012346
222	15	0.007937
222	25	0.016667
222	27	0.018182
222	37	0.016129
222	45	0.012987
222	47	0.017241
222	53	0.016667
222	70	0.018868
222	78	0.015385
222	86	0.022727
222	107	0.028571
222	116	0.032258
222	119	0.034483
222	214	0.050000
222	233	0.045455
223	0	0.010309
223	4	0.014493
223	13	0.013158
223	23	0.016129
223	33	0.013889
223	36	0.013889
223	48	0.017241
223	59	0.022727
223	105	0.027027
223	130	0.025000
223	138	0.032258
223	154	0.031250
223	156	0.040000
223	171	0.040000
223	198	0.035714
223	233	0.045455
223	293	0.052632
223	307	0.050000
224	18	0.007812
224	21	0.014085
224	25	0.016667
224	33	0.013889
224	42	0.013699
224	44	0.016949
224	47	0.017241
224	59	0.022727
224	133	0.032258
224	135	0.031250
224	138	0.032258
224	151	0.033333
224	155	0.037037
224	170	0.050000
224	181	0.055556
224	236	0.045455
224	361	0.066667
224	373	0.066667
225	7	0.016667
225	24	0.012821
225	45	0.012987
225	51	0.020833
225	52	0.018868
225	56	0.029412
225	86	0.022727
225	104	0.023256
225	132	0.031250
225	133	0.032258
225	136	0.045455
225	141	0.035714
225	163	0.035714
225	164	0.037037
225	178	0.045455
225	265	0.041667
225	289	0.050000
225	312	0.062500
225	343	0.066667
225	363	0.066667
226	6	0.012346
226	9	0.011364
226	17	0.007519
226	21	0.014085
226	32	0.011905
226	65	0.029412
226	75	0.024390
226	78	0.015385
226	107	0.028571
226	110	0.027027
226	121	0.032258
226	135	0.031250
226	173	0.041667
226	212	0.050000
226	214	0.050000
226	231	0.041667
226	314	0.058824
226	351	0.066667
227	2	0.018868
227	7	0.016667
227	8	0.019231
227	9	0.011364
227	13	0.013158
227	24	0.012821
227	39	0.015625
227	46	0.016667
227	49	0.023810
227	86	0.022727
227	106	0.031250
227	120	0.035714
227	147	0.037037
227	199	0.043478
227	204	0.041667
227	242	0.052632
227	274	0.062500
227	278	0.062500
227	289	0.050000
227	302	0.062500
227	314	0.058824
227	340	0.062500
227	362	0.066667
228	13	0.013158
228	15	0.007937
228	20	0.010204
228	52	0.018868
228	55	0.026316
228	59	0.022727
228	78	0.015385
228	81	0.018868
228	83	0.028571
228	93	0.037037
228	130	0.025000
228	136	0.045455
228	141	0.035714
228	156	0.040000
228	210	0.040000
228	280	0.050000
228	303	0.055556
228	321	0.058824
228	363	0.066667
228	368	0.055556
228	378	0.071429
229	6	0.012346
229	7	0.016667
229	13	0.013158
229	17	0.007519
229	37	0.016129
229	42	0.013699
229	44	0.016949
229	45	0.012987
229	70	0.018868
229	78	0.015385
229	90	0.034483
229	113	0.030303
229	115	0.032258
229	178	0.045455
229	194	0.034483
229	230	0.047619
229	249	0.050000
229	266	0.058824
229	267	0.058824
229	289	0.050000
229	292	0.041667
229	312	0.062500
229	380	0.066667
230	0	0.010309
230	1	0.016949
230	4	0.014493
230	12	0.013333
230	16	0.008696
230	17	0.007519
230	20	0.010204
230	21	0.014085
230	32	0.011905
230	64	0.015625
230	109	0.035714
230	121	0.032258
230	130	0.025000
230	193	0.040000
230	229	0.043478
230	244	0.055556
230	270	0.058824
230	278	0.062500
230	292	0.041667
230	354	0.066667
230	385	0.066667
231	5	0.012658
231	8	0.019231
231	17	0.007519
231	18	0.007812
231	21	0.014085
231	41	0.014493
231	43	0.023256
231	56	0.029412
231	69	0.029412
231	83	0.028571
231	96	0.022222
231	184	0.041667
231	187	0.047619
231	208	0.055556
231	226	0.055556
231	237	0.050000
231	239	0.055556
231	254	0.062500
231	255	0.055556
231	288	0.058824
231	307	0.050000
231	308	0.055556
231	331	0.062500
231	383	0.058824
232	8	0.019231
232	12	0.013333
232	19	0.008547
232	86	0.022727
232	98	0.043478
232	99	0.033333
232	115	0.032258
232	120	0.035714
232	133	0.032258
232	144	0.034483
232	154	0.031250
232	165	0.034483
232	168	0.038462
232	176	0.043478
232	218	0.052632
232	257	0.052632
232	314	0.058824
232	326	0.055556
232	382	0.066667
233	7	0.016667
233	9	0.011364
233	35	0.014085
233	52	0.018868
233	58	0.025000
233	81	0.018868
233	92	0.034483
233	135	0.031250
233	142	0.031250
233	160	0.045455
233	167	0.045455
233	171	0.040000
233	209	0.045455
233	222	0.062500
233	223	0.055556
233	286	0.062500
233	292	0.041667
233	339	0.062500
233	346	0.066667
233	363	0.066667
233	378	0.071429
233	381	0.066667
234	6	0.012346
234	14	0.009259
234	16	0.008696
234	19	0.008547
234	39	0.015625
234	52	0.018868
234	94	0.047619
234	101	0.028571
234	103	0.023810
234	104	0.023256
234	108	0.032258
234	132	0.031250
234	140	0.038462
234	147	0.037037
234	157	0.040000
234	301	0.055556
234	340	0.062500
234	344	0.058824
235	9	0.011364
235	15	0.007937
235	16	0.008696
235	24	0.012821
235	33	0.013889
235	35	0.014085
235	36	0.013889
235	45	0.012987
235	55	0.026316
235	71	0.031250
235	110	0.027027
235	157	0.040000
235	163	0.035714
235	177	0.037037
235	179	0.034483
235	247	0.052632
235	259	0.058824
235	276	0.050000
235	277	0.052632
235	318	0.066667
235	323	0.062500
235	346	0.066667
235	381	0.066667
236	12	0.013333
236	19	0.008547
236	23	0.016129
236	32	0.011905
236	37	0.016129
236	41	0.014493
236	76	0.023256
236	96	0.022222
236	164	0.037037
236	173	0.041667
236	184	0.041667
236	192	0.040000
236	194	0.034483
236	195	0.038462
236	224	0.055556
236	248	0.047619
236	254	0.062500
236	310	0.055556
236	333	0.071429
236	336	0.066667
236	358	0.062500
236	374	0.066667
237	0	0.010309
237	27	0.018182
237	36	0.013889
237	53	0.016667
237	55	0.026316
237	59	0.022727
237	67	0.025000
237	78	0.015385
237	88	0.040000
237	95	0.038462
237	105	0.027027
237	130	0.025000
237	180	0.055556
237	209	0.045455
237	231	0.041667
237	332	0.050000
237	334	0.062500
237	336	0.066667
237	370	0.066667
237	390	0.066667
238	0	0.010309
238	17	0.007519
238	21	0.014085
238	24	0.012821
238	41	0.014493
238	62	0.035714
238	71	0.031250
238	74	0.020833
238	97	0.029412
238	110	0.027027
238	137	0.038462
238	138	0.032258
238	142	0.031250
238	165	0.034483
238	185	0.050000
238	271	0.058824
238	277	0.052632
238	314	0.058824
238	327	0.062500
238	355	0.062500
238	397	0.066667
239	3	0.017241
239	5	0.012658
239	10	0.031250
239	15	0.007937
239	21	0.014085
239	32	0.011905
239	34	0.018182
239	43	0.023256
239	44	0.016949
239	66	0.037037
239	131	0.027027
239	142	0.031250
239	198	0.035714
239	203	0.040000
239	231	0.041667
239	241	0.058824
239	289	0.050000
239	319	0.062500
240	0	0.010309
240	3	0.017241
240	15	0.007937
240	18	0.007812
240	27	0.018182
240	32	0.011905
240	36	0.013889
240	65	0.029412
240	81	0.018868
240	143	0.043478
240	146	0.040000
240	168	0.038462
240	177	0.037037
240	186	0.032258
240	204	0.041667
240	248	0.047619
240	275	0.058824
240	380	0.066667
240	387	0.062500
241	10	0.031250
241	16	0.008696
241	19	0.008547
241	20	0.010204
241	36	0.013889
241	37	0.016129
241	53	0.016667
241	54	0.029412
241	59	0.022727
241	102	0.029412
241	164	0.037037
241	210	0.040000
241	214	0.050000
241	221	0.058824
241	239	0.055556
241	244	0.055556
241	321	0.058824
242	6	0.012346
242	18	0.007812
242	25	0.016667
242	34	0.018182
242	39	0.015625
242	50	0.025000
242	53	0.016667
242	77	0.020833
242	83	0.028571
242	111	0.026316
242	131	0.027027
242	164	0.037037
242	205	0.043478
242	215	0.045455
242	227	0.043478
242	276	0.050000
242	298	0.052632
242	336	0.066667
242	342	0.066667
243	6	0.012346
243	12	0.013333
243	16	0.008696
243	18	0.007812
243	55	0.026316
243	70	0.018868
243	81	0.018868
243	84	0.032258
243	87	0.023810
243	132	0.031250
243	144	0.034483
243	148	0.045455
243	166	0.041667
243	186	0.032258
243	194	0.034483
243	262	0.058824
243	295	0.055556
243	300	0.055556
243	301	0.055556
243	319	0.062500
243	322	0.058824
243	335	0.052632
243	357	0.062500
243	394	0.066667
244	20	0.010204
244	38	0.016949
244	42	0.013699
244	52	0.018868
244	60	0.028571
244	70	0.018868
244	86	0.022727
244	104	0.023256
244	118	0.033333
244	176	0.043478
244	195	0.038462
244	196	0.052632
244	207	0.055556
244	230	0.047619
244	241	0.058824
244	257	0.052632
244	259	0.058824
244	321	0.058824
245	6	0.012346
245	17	0.007519
245	19	0.008547
245	20	0.010204
245	22	0.013158
245	32	0.011905
245	36	0.013889
245	39	0.015625
245	40	0.015625
245	52	0.018868
245	76	0.023256
245	97	0.029412
245	100	0.040000
245	135	0.031250
245	155	0.037037
245	293	0.052632
245	383	0.058824
245	392	0.066667
246	1	0.016949
246	12	0.013333
246	21	0.014085
246	24	0.012821
246	36	0.013889
246	37	0.016129
246	38	0.016949
246	44	0.016949
246	55	0.026316
246	57	0.025000
246	64	0.015625
246	75	0.024390
246	120	0.035714
246	128	0.037037
246	130	0.025000
246	262	0.058824
246	295	0.055556
246	328	0.062500
246	364	0.062500
247	5	0.012658
247	14	0.009259
247	17	0.007519
247	18	0.007812
247	20	0.010204
247	22	0.013158
247	26	0.021739
247	41	0.014493
247	45	0.012987
247	53	0.016667
247	88	0.040000
247	102	0.029412
247	146	0.040000
247	179	0.034483
247	235	0.043478
247	262	0.058824
247	318	0.066667
247	329	0.062500
247	383	0.058824
248	2	0.018868
248	11	0.020000
248	19	0.008547
248	20	0.010204
248	23	0.016129
248	27	0.018182
248	36	0.013889
248	82	0.028571
248	86	0.022727
248	102	0.029412
248	135	0.031250
248	176	0.043478
248	177	0.037037
248	236	0.045455
248	240	0.052632
248	287	0.062500
248	330	0.052632
248	345	0.062500
248	377	0.062500
248	384	0.066667
248	388	0.066667
249	6	0.012346
249	13	0.013158
249	18	0.007812
249	35	0.014085
249	53	0.016667
249	72	0.030303
249	77	0.020833
249	78	0.015385
249	103	0.023810
249	150	0.037037
249	154	0.031250
249	164	0.037037
249	176	0.043478
249	186	0.032258
249	229	0.043478
249	277	0.052632
249	280	0.050000
249	356	0.062500
249	382	0.066667
249	394	0.066667
250	14	0.009259
250	16	0.008696
250	17	0.007519
250	21	0.014085
250	49	0.023810
250	51	0.020833
250	57	0.025000
250	70	0.018868
250	81	0.018868
250	95	0.038462
250	103	0.023810
250	114	0.030303
250	138	0.032258
250	146	0.040000
250	150	0.037037
250	252	0.062500
250	375	0.066667
251	11	0.020000
251	14	0.009259
251	16	0.008696
251	24	0.012821
251	35	0.014085
251	39	0.015625
251	41	0.014493
251	48	0.017241
251	53	0.016667
251	107	0.028571
251	113	0.030303
251	120	0.035714
251	139	0.040000
251	182	0.055556
251	186	0.032258
251	324	0.058824
251	335	0.052632
251	396	0.066667
252	2	0.018868
252	14	0.009259
252	20	0.010204
252	27	0.018182
252	47	0.017241
252	56	0.029412
252	69	0.029412
252	72	0.030303
252	75	0.024390
252	83	0.028571
252	107	0.028571
252	111	0.026316
252	130	0.025000
252	198	0.035714
252	250	0.058824
252	333	0.071429
253	0	0.010309
253	4	0.014493
253	6	0.012346
253	17	0.007519
253	21	0.014085
253	24	0.012821
253	25	0.016667
253	45	0.012987
253	87	0.023810
253	100	0.040000
253	133	0.032258
253	137	0.038462
253	178	0.045455
253	184	0.041667
253	203	0.040000
253	290	0.058824
253	321	0.058824
253	345	0.062500
254	0	0.010309
254	2	0.018868
254	3	0.017241
254	15	0.007937
254	18	0.007812
254	32	0.011905
254	39	0.015625
254	81	0.018868
254	83	0.028571
254	103	0.023810
254	154	0.031250
254	155	0.037037
254	214	0.050000
254	231	0.041667
254	236	0.045455
254	349	0.062500
255	6	0.012346
255	9	0.011364
255	24	0.012821
255	25	0.016667
255	32	0.011905
255	51	0.020833
255	58	0.025000
255	70	0.018868
255	117	0.037037
255	148	0.045455
255	160	0.045455
255	168	0.038462
255	204	0.041667
255	210	0.040000
255	231	0.041667
255	311	0.052632
255	377	0.062500
255	397	0.066667
256	0	0.010309
256	17	0.007519
256	19	0.008547
256	30	0.030303
256	34	0.018182
256	46	0.016667
256	59	0.022727
256	78	0.015385
256	85	0.025000
256	94	0.047619
256	96	0.022222
256	110	0.027027
256	142	0.031250
256	163	0.035714
256	219	0.050000
256	264	0.052632
256	303	0.055556
256	343	0.066667
256	361	0.066667
256	387	0.062500
256	395	0.066667
257	15	0.007937
257	32	0.011905
257	35	0.014085
257	36	0.013889
257	48	0.017241
257	57	0.025000
257	80	0.028571
257	96	0.022222
257	104	0.023256
257	117	0.037037
257	148	0.045455
257	151	0.033333
257	197	0.050000
257	232	0.052632
257	244	0.055556
257	261	0.052632
257	291	0.062500
257	303	0.055556
257	393	0.066667
258	4	0.014493
258	7	0.016667
258	35	0.014085
258	36	0.013889
258	37	0.016129
258	38	0.016949
258	39	0.015625
258	46	0.016667
258	53	0.016667
258	64	0.015625
258	66	0.037037
258	72	0.030303
258	92	0.034483
258	110	0.027027
258	172	0.047619
258	316	0.058824
259	0	0.010309
259	19	0.008547
259	40	0.015625
259	42	0.013699
259	67	0.025000
259	71	0.031250
259	99	0.033333
259	110	0.027027
259	121	0.032258
259	139	0.040000
259	166	0.041667
259	172	0.047619
259	187	0.047619
259	235	0.043478
259	244	0.055556
259	303	0.055556
259	357	0.062500
260	12	0.013333
260	16	0.008696
260	18	0.007812
260	19	0.008547
260	54	0.029412
260	56	0.029412
260	58	0.025000
260	64	0.015625
260	68	0.029412
260	111	0.026316
260	119	0.034483
260	126	0.047619
260	140	0.038462
260	142	0.031250
260	155	0.037037
260	268	0.052632
260	281	0.066667
260	315	0.062500
260	353	0.066667
261	4	0.014493
261	36	0.013889
261	44	0.016949
261	51	0.020833
261	80	0.028571
261	102	0.029412
261	111	0.026316
261	118	0.033333
261	129	0.050000
261	152	0.050000
261	191	0.055556
261	196	0.052632
261	198	0.035714
261	205	0.043478
261	257	0.052632
261	303	0.055556
261	321	0.058824
261	329	0.062500
261	360	0.062500
262	14	0.009259
262	32	0.011905
262	53	0.016667
262	57	0.025000
262	77	0.020833
262	90	0.034483
262	112	0.040000
262	118	0.033333
262	155	0.037037
262	179	0.034483
262	202	0.050000
262	207	0.055556
262	243	0.041667
262	246	0.052632
262	247	0.052632
262	278	0.062500
262	307	0.050000
263	1	0.016949
263	7	0.016667
263	13	0.013158
263	14	0.009259
263	22	0.013158
263	24	0.012821
263	26	0.021739
263	42	0.013699
263	48	0.017241
263	52	0.018868
263	67	0.025000
263	144	0.034483
263	193	0.040000
263	203	0.040000
263	214	0.050000
263	299	0.055556
263	338	0.066667
263	380	0.066667
263	384	0.066667
264	6	0.012346
264	7	0.016667
264	9	0.011364
264	12	0.013333
264	17	0.007519
264	43	0.023256
264	50	0.025000
264	67	0.025000
264	77	0.020833
264	78	0.015385
264	108	0.032258
264	120	0.035714
264	213	0.047619
264	217	0.050000
264	256	0.047619
264	270	0.058824
264	288	0.058824
264	357	0.062500
264	366	0.058824
265	2	0.018868
265	15	0.007937
265	16	0.008696
265	19	0.008547
265	33	0.013889
265	41	0.014493
265	44	0.016949
265	46	0.016667
265	71	0.031250
265	105	0.027027
265	145	0.040000
265	159	0.052632
265	186	0.032258
265	206	0.041667
265	225	0.050000
265	268	0.052632
265	311	0.052632
265	323	0.062500
265	334	0.062500
265	353	0.066667
265	361	0.066667
265	367	0.062500
265	378	0.071429
265	387	0.062500
266	5	0.012658
266	9	0.011364
266	17	0.007519
266	19	0.008547
266	41	0.014493
266	47	0.017241
266	48	0.017241
266	51	0.020833
266	52	0.018868
266	72	0.030303
266	98	0.043478
266	102	0.029412
266	142	0.031250
266	148	0.045455
266	229	0.043478
266	290	0.058824
266	367	0.062500
267	11	0.020000
267	12	0.013333
267	32	0.011905
267	37	0.016129
267	38	0.016949
267	52	0.018868
267	64	0.015625
267	68	0.029412
267	78	0.015385
267	81	0.018868
267	130	0.025000
267	151	0.033333
267	164	0.037037
267	184	0.041667
267	229	0.043478
267	383	0.058824
267	388	0.066667
268	27	0.018182
268	38	0.016949
268	49	0.023810
268	50	0.025000
268	61	0.023810
268	77	0.020833
268	117	0.037037
268	128	0.037037
268	139	0.040000
268	140	0.038462
268	161	0.040000
268	165	0.034483
268	192	0.040000
268	260	0.052632
268	265	0.041667
268	274	0.062500
268	294	0.062500
268	322	0.058824
268	332	0.050000
269	8	0.019231
269	13	0.013158
269	14	0.009259
269	17	0.007519
269	19	0.008547
269	25	0.016667
269	32	0.011905
269	39	0.015625
269	45	0.012987
269	46	0.016667
269	67	0.025000
269	83	0.028571
269	110	0.027027
269	195	0.038462
269	211	0.041667
269	272	0.041667
269	274	0.062500
269	299	0.055556
269	313	0.066667
269	314	0.058824
269	317	0.066667
269	325	0.062500
269	337	0.062500
269	382	0.066667
270	12	0.013333
270	16	0.008696
270	21	0.014085
270	25	0.016667
270	34	0.018182
270	44	0.016949
270	45	0.012987
270	47	0.017241
270	105	0.027027
270	106	0.031250
270	139	0.040000
270	164	0.037037
270	218	0.052632
270	230	0.047619
270	264	0.052632
270	341	0.058824
270	356	0.062500
271	11	0.020000
271	15	0.007937
271	32	0.011905
271	34	0.018182
271	43	0.023256
271	47	0.017241
271	58	0.025000
271	99	0.033333
271	104	0.023256
271	111	0.026316
271	137	0.038462
271	154	0.031250
271	185	0.050000
271	215	0.045455
271	238	0.047619
271	317	0.066667
271	339	0.062500
272	36	0.013889
272	52	0.018868
272	76	0.023256
272	104	0.023256
272	106	0.031250
272	111	0.026316
272	123	0.038462
272	132	0.031250
272	147	0.037037
272	161	0.040000
272	170	0.050000
272	187	0.047619
272	193	0.040000
272	213	0.047619
272	269	0.041667
272	285	0.055556
272	297	0.055556
272	310	0.055556
272	337	0.062500
272	340	0.062500
272	347	0.062500
272	372	0.066667
272	377	0.062500
272	381	0.066667
273	0	0.010309
273	22	0.013158
273	34	0.018182
273	41	0.014493
273	45	0.012987
273	53	0.016667
273	101	0.028571
273	109	0.035714
273	121	0.032258
273	127	0.050000
273	131	0.027027
273	134	0.047619
273	138	0.032258
273	149	0.034483
273	151	0.033333
273	308	0.055556
273	318	0.066667
273	355	0.062500
273	362	0.066667
274	16	0.008696
274	33	0.013889
274	43	0.023256
274	51	0.020833
274	73	0.023810
274	81	0.018868
274	96	0.022222
274	103	0.023810
274	132	0.031250
274	139	0.040000
274	163	0.035714
274	210	0.040000
274	227	0.043478
274	268	0.052632
274	269	0.041667
274	366	0.058824
275	0	0.010309
275	22	0.013158
275	32	0.011905
275	35	0.014085
275	36	0.013889
275	37	0.016129
275	38	0.016949
275	43	0.023256
275	64	0.015625
275	84	0.032258
275	112	0.040000
275	146	0.040000
275	178	0.045455
275	217	0.050000
275	240	0.052632
275	282	0.066667
275	334	0.062500
276	1	0.016949
276	8	0.019231
276	9	0.011364
276	11	0.020000
276	15	0.007937
276	19	0.008547
276	42	0.013699
276	44	0.016949
276	65	0.029412
276	78	0.015385
276	86	0.022727
276	104	0.023256
276	147	0.037037
276	235	0.043478
276	242	0.052632
276	279	0.055556
276	330	0.052632
276	337	0.062500
276	343	0.066667
276	389	0.066667
277	0	0.010309
277	13	0.013158
277	18	0.007812
277	20	0.010204
277	35	0.014085
277	38	0.016949
277	43	0.023256
277	52	0.018868
277	68	0.029412
277	83	0.028571
277	85	0.025000
277	151	0.033333
277	235	0.043478
277	238	0.047619
277	249	0.050000
277	306	0.058824
277	309	0.062500
277	314	0.058824
277	378	0.071429
278	0	0.010309
278	5	0.012658
278	7	0.016667
278	14	0.009259
278	17	0.007519
278	18	0.007812
278	34	0.018182
278	48	0.017241
278	64	0.015625
278	73	0.023810
278	78	0.015385
278	132	0.031250
278	227	0.043478
278	230	0.047619
278	262	0.058824
278	393	0.066667
279	0	0.010309
279	10	0.031250
279	20	0.010204
279	22	0.013158
279	47	0.017241
279	61	0.023810
279	77	0.020833
279	78	0.015385
279	85	0.025000
279	95	0.038462
279	131	0.027027
279	137	0.038462
279	161	0.040000
279	177	0.037037
279	276	0.050000
279	288	0.058824
279	347	0.062500
279	376	0.066667
280	9	0.011364
280	15	0.007937
280	22	0.013158
280	27	0.018182
280	36	0.013889
280	43	0.023256
280	55	0.026316
280	69	0.029412
280	93	0.037037
280	99	0.033333
280	154	0.031250
280	199	0.043478
280	211	0.041667
280	228	0.047619
280	249	0.050000
280	305	0.055556
280	350	0.062500
280	352	0.066667
280	356	0.062500
280	361	0.066667
281	0	0.010309
281	2	0.018868
281	4	0.014493
281	32	0.011905
281	35	0.014085
281	40	0.015625
281	44	0.016949
281	51	0.020833
281	67	0.025000
281	68	0.029412
281	77	0.020833
281	104	0.023256
281	121	0.032258
281	203	0.040000
281	260	0.052632
282	0	0.010309
282	2	0.018868
282	9	0.011364
282	17	0.007519
282	33	0.013889
282	34	0.018182
282	68	0.029412
282	81	0.018868
282	85	0.025000
282	87	0.023810
282	111	0.026316
282	116	0.032258
282	171	0.040000
282	172	0.047619
282	275	0.058824
283	2	0.018868
283	9	0.011364
283	25	0.016667
283	29	0.021739
283	34	0.018182
283	43	0.023256
283	45	0.012987
283	53	0.016667
283	70	0.018868
283	86	0.022727
283	105	0.027027
283	108	0.032258
283	121	0.032258
283	130	0.025000
283	154	0.031250
283	284	0.062500
283	289	0.050000
283	328	0.062500
283	337	0.062500
283	366	0.058824
284	2	0.018868
284	16	0.008696
284	17	0.007519
284	20	0.010204
284	24	0.012821
284	39	0.015625
284	44	0.016949
284	64	0.015625
284	76	0.023256
284	122	0.045455
284	184	0.041667
284	193	0.040000
284	194	0.034483
284	198	0.035714
284	283	0.050000
284	395	0.066667
285	18	0.007812
285	33	0.013889
285	45	0.012987
285	47	0.017241
285	76	0.023256
285	80	0.028571
285	88	0.040000
285	90	0.034483
285	92	0.034483
285	104	0.023256
285	108	0.032258
285	155	0.037037
285	161	0.040000
285	190	0.050000
285	272	0.041667
285	310	0.055556
285	324	0.058824
285	351	0.066667
286	3	0.017241
286	10	0.031250
286	18	0.007812
286	20	0.010204
286	35	0.014085
286	48	0.017241
286	50	0.025000
286	70	0.018868
286	79	0.030303
286	94	0.047619
286	137	0.038462
286	139	0.040000
286	148	0.045455
286	210	0.040000
286	233	0.045455
286	359	0.066667
287	8	0.019231
287	11	0.020000
287	14	0.009259
287	17	0.007519
287	35	0.014085
287	39	0.015625
287	58	0.025000
287	111	0.026316
287	113	0.030303
287	119	0.034483
287	123	0.038462
287	174	0.040000
287	186	0.032258
287	208	0.055556
287	248	0.047619
287	382	0.066667
288	0	0.010309
288	2	0.018868
288	5	0.012658
288	7	0.016667
288	15	0.007937
288	18	0.007812
288	21	0.014085
288	22	0.013158
288	24	0.012821
288	34	0.018182
288	120	0.035714
288	186	0.032258
288	231	0.041667
288	264	0.052632
288	279	0.055556
288	339	0.062500
288	366	0.058824
289	5	0.012658
289	12	0.013333
289	15	0.007937
289	19	0.008547
289	34	0.018182
289	50	0.025000
289	114	0.030303
289	130	0.025000
289	171	0.040000
289	206	0.041667
289	225	0.050000
289	227	0.043478
289	229	0.043478
289	239	0.055556
289	283	0.050000
289	313	0.066667
289	323	0.062500
289	354	0.066667
289	366	0.058824
289	369	0.062500
290	6	0.012346
290	15	0.007937
290	16	0.008696
290	30	0.030303
290	52	0.018868
290	73	0.023810
290	119	0.034483
290	132	0.031250
290	137	0.038462
290	151	0.033333
290	166	0.041667
290	182	0.055556
290	217	0.050000
290	253	0.055556
290	266	0.058824
290	379	0.066667
290	388	0.066667
291	8	0.019231
291	17	0.007519
291	19	0.008547
291	26	0.021739
291	46	0.016667
291	49	0.023810
291	53	0.016667
291	103	0.023810
291	110	0.027027
291	111	0.026316
291	116	0.032258
291	142	0.031250
291	164	0.037037
291	215	0.045455
291	257	0.052632
291	388	0.066667
292	0	0.010309
292	13	0.013158
292	34	0.018182
292	41	0.014493
292	45	0.012987
292	97	0.029412
292	103	0.023810
292	118	0.033333
292	130	0.025000
292	145	0.040000
292	154	0.031250
292	156	0.040000
292	229	0.043478
292	230	0.047619
292	233	0.045455
292	297	0.055556
292	304	0.062500
292	320	0.066667
292	334	0.062500
292	340	0.062500
292	344	0.058824
292	362	0.066667
292	370	0.066667
292	391	0.062500
293	3	0.017241
293	7	0.016667
293	9	0.011364
293	11	0.020000
293	12	0.013333
293	26	0.021739
293	29	0.021739
293	38	0.016949
293	60	0.028571
293	70	0.018868
293	101	0.028571
293	167	0.045455
293	173	0.041667
293	223	0.055556
293	245	0.055556
293	334	0.062500
293	339	0.062500
293	342	0.066667
293	344	0.058824
294	0	0.010309
294	17	0.007519
294	18	0.007812
294	21	0.014085
294	41	0.014493
294	48	0.017241
294	49	0.023810
294	52	0.018868
294	69	0.029412
294	70	0.018868
294	131	0.027027
294	190	0.050000
294	206	0.041667
294	210	0.040000
294	268	0.052632
294	335	0.052632
295	15	0.007937
295	22	0.013158
295	25	0.016667
295	33	0.013889
295	35	0.014085
295	49	0.023810
295	79	0.030303
295	81	0.018868
295	100	0.040000
295	112	0.040000
295	113	0.030303
295	120	0.035714
295	209	0.045455
295	243	0.041667
295	246	0.052632
295	351	0.066667
295	380	0.066667
295	383	0.058824
296	0	0.010309
296	5	0.012658
296	13	0.013158
296	19	0.008547
296	20	0.010204
296	34	0.018182
296	50	0.025000
296	51	0.020833
296	55	0.026316
296	87	0.023810
296	96	0.022222
296	110	0.027027
296	141	0.035714
296	151	0.033333
296	179	0.034483
296	322	0.058824
296	373	0.066667
297	2	0.018868
297	12	0.013333
297	42	0.013699
297	43	0.023256
297	54	0.029412
297	60	0.028571
297	78	0.015385
297	110	0.027027
297	112	0.040000
297	128	0.037037
297	131	0.027027
297	137	0.038462
297	211	0.041667
297	272	0.041667
297	292	0.041667
297	312	0.062500
297	347	0.062500
297	394	0.066667
298	3	0.017241
298	4	0.014493
298	14	0.009259
298	17	0.007519
298	19	0.008547
298	20	0.010204
298	26	0.021739
298	44	0.016949
298	51	0.020833
298	65	0.029412
298	117	0.037037
298	150	0.037037
298	161	0.040000
298	202	0.050000
298	242	0.052632
298	346	0.066667
298	369	0.062500
298	377	0.062500
298	394	0.066667
299	5	0.012658
299	14	0.009259
299	18	0.007812
299	19	0.008547
299	36	0.013889
299	41	0.014493
299	48	0.017241
299	80	0.028571
299	99	0.033333
299	144	0.034483
299	165	0.034483
299	170	0.050000
299	210	0.040000
299	263	0.052632
299	269	0.041667
299	325	0.062500
299	356	0.062500
299	376	0.066667
300	3	0.017241
300	5	0.012658
300	13	0.013158
300	21	0.014085
300	30	0.030303
300	32	0.011905
300	33	0.013889
300	49	0.023810
300	59	0.022727
300	96	0.022222
300	102	0.029412
300	104	0.023256
300	111	0.026316
300	125	0.040000
300	243	0.041667
300	361	0.066667
300	364	0.062500
300	373	0.066667
301	0	0.010309
301	2	0.018868
301	5	0.012658
301	11	0.020000
301	12	0.013333
301	14	0.009259
301	20	0.010204
301	33	0.013889
301	49	0.023810
301	64	0.015625
301	74	0.020833
301	133	0.032258
301	215	0.045455
301	234	0.055556
301	243	0.041667
301	371	0.062500
301	375	0.066667
301	376	0.066667
302	18	0.007812
302	19	0.008547
302	33	0.013889
302	51	0.020833
302	59	0.022727
302	60	0.028571
302	78	0.015385
302	80	0.028571
302	97	0.029412
302	109	0.035714
302	130	0.025000
302	131	0.027027
302	133	0.032258
302	171	0.040000
302	227	0.043478
302	356	0.062500
303	0	0.010309
303	9	0.011364
303	10	0.031250
303	11	0.020000
303	15	0.007937
303	43	0.023256
303	60	0.028571
303	67	0.025000
303	150	0.037037
303	219	0.050000
303	228	0.047619
303	256	0.047619
303	257	0.052632
303	259	0.058824
303	261	0.052632
303	328	0.062500
303	341	0.058824
303	356	0.062500
304	4	0.014493
304	16	0.008696
304	19	0.008547
304	22	0.013158
304	23	0.016129
304	24	0.012821
304	30	0.030303
304	33	0.013889
304	39	0.015625
304	51	0.020833
304	61	0.023810
304	104	0.023256
304	183	0.058824
304	198	0.035714
304	292	0.041667
304	333	0.071429
305	1	0.016949
305	5	0.012658
305	12	0.013333
305	17	0.007519
305	21	0.014085
305	45	0.012987
305	100	0.040000
305	103	0.023810
305	115	0.032258
305	140	0.038462
305	149	0.034483
305	186	0.032258
305	205	0.043478
305	211	0.041667
305	280	0.050000
305	326	0.055556
305	335	0.052632
305	341	0.058824
306	0	0.010309
306	7	0.016667
306	8	0.019231
306	17	0.007519
306	19	0.008547
306	26	0.021739
306	27	0.018182
306	49	0.023810
306	75	0.024390
306	150	0.037037
306	171	0.040000
306	176	0.043478
306	177	0.037037
306	179	0.034483
306	277	0.052632
306	353	0.066667
306	390	0.066667
307	0	0.010309
307	5	0.012658
307	18	0.007812
307	24	0.012821
307	33	0.013889
307	43	0.023256
307	58	0.025000
307	64	0.015625
307	84	0.032258
307	86	0.022727
307	90	0.034483
307	104	0.023256
307	223	0.055556
307	231	0.041667
307	262	0.058824
307	312	0.062500
307	322	0.058824
307	329	0.062500
307	357	0.062500
307	369	0.062500
308	19	0.008547
308	32	0.011905
308	33	0.013889
308	57	0.025000
308	61	0.023810
308	75	0.024390
308	86	0.022727
308	105	0.027027
308	117	0.037037
308	166	0.041667
308	199	0.043478
308	205	0.043478
308	218	0.052632
308	231	0.041667
308	273	0.052632
308	375	0.066667
308	392	0.066667
308	393	0.066667
309	12	0.013333
309	17	0.007519
309	18	0.007812
309	45	0.012987
309	47	0.017241
309	53	0.016667
309	74	0.020833
309	104	0.023256
309	107	0.028571
309	112	0.040000
309	123	0.038462
309	145	0.040000
309	147	0.037037
309	199	0.043478
309	277	0.052632
309	382	0.066667
310	23	0.016129
310	24	0.012821
310	36	0.013889
310	64	0.015625
310	76	0.023256
310	78	0.015385
310	103	0.023810
310	107	0.028571
310	135	0.031250
310	164	0.037037
310	194	0.034483
310	211	0.041667
310	236	0.045455
310	272	0.041667
310	285	0.055556
310	322	0.058824
310	368	0.055556
310	394	0.066667
311	11	0.020000
311	42	0.013699
311	58	0.025000
311	75	0.024390
311	103	0.023810
311	110	0.027027
311	113	0.030303
311	144	0.034483
311	150	0.037037
311	175	0.047619
311	195	0.038462
311	202	0.050000
311	203	0.040000
311	255	0.055556
311	265	0.041667
311	324	0.058824
311	358	0.062500
311	379	0.066667
311	388	0.066667
312	1	0.016949
312	16	0.008696
312	24	0.012821
312	46	0.016667
312	71	0.031250
312	92	0.034483
312	142	0.031250
312	184	0.041667
312	190	0.050000
312	195	0.038462
312	213	0.047619
312	225	0.050000
312	229	0.043478
312	297	0.055556
312	307	0.050000
312	337	0.062500
313	2	0.018868
313	16	0.008696
313	19	0.008547
313	33	0.013889
313	64	0.015625
313	65	0.029412
313	73	0.023810
313	79	0.030303
313	99	0.033333
313	103	0.023810
313	119	0.034483
313	147	0.037037
313	206	0.041667
313	269	0.041667
313	289	0.050000
314	14	0.009259
314	16	0.008696
314	33	0.013889
314	58	0.025000
314	62	0.035714
314	101	0.028571
314	116	0.032258
314	121	0.032258
314	213	0.047619
314	226	0.055556
314	227	0.043478
314	232	0.052632
314	238	0.047619
314	269	0.041667
314	277	0.052632
314	322	0.058824
314	329	0.062500
315	5	0.012658
315	12	0.013333
315	21	0.014085
315	22	0.013158
315	27	0.018182
315	38	0.016949
315	53	0.016667
315	59	0.022727
315	118	0.033333
315	126	0.047619
315	146	0.040000
315	160	0.045455
315	204	0.041667
315	260	0.052632
315	338	0.066667
315	376	0.066667
316	1	0.016949
316	15	0.007937
316	18	0.007812
316	25	0.016667
316	26	0.021739
316	43	0.023256
316	49	0.023810
316	64	0.015625
316	74	0.020833
316	75	0.024390
316	135	0.031250
316	145	0.040000
316	198	0.035714
316	199	0.043478
316	258	0.062500
316	388	0.066667
316	389	0.066667
317	19	0.008547
317	23	0.016129
317	29	0.021739
317	35	0.014085
317	52	0.018868
317	69	0.029412
317	75	0.024390
317	77	0.020833
317	104	0.023256
317	110	0.027027
317	146	0.040000
317	147	0.037037
317	209	0.045455
317	269	0.041667
317	271	0.058824
318	1	0.016949
318	6	0.012346
318	18	0.007812
318	19	0.008547
318	20	0.010204
318	48	0.017241
318	50	0.025000
318	64	0.015625
318	71	0.031250
318	112	0.040000
318	157	0.040000
318	173	0.041667
318	235	0.043478
318	247	0.052632
318	273	0.052632
319	11	0.020000
319	16	0.008696
319	66	0.037037
319	81	0.018868
319	96	0.022222
319	123	0.038462
319	124	0.050000
319	130	0.025000
319	167	0.045455
319	186	0.032258
319	188	0.058824
319	192	0.040000
319	216	0.052632
319	239	0.055556
319	243	0.041667
319	379	0.066667
320	3	0.017241
320	5	0.012658
320	16	0.008696
320	19	0.008547
320	23	0.016129
320	29	0.021739
320	44	0.016949
320	113	0.030303
320	120	0.035714
320	125	0.040000
320	132	0.031250
320	160	0.045455
320	167	0.045455
320	215	0.045455
320	292	0.041667
321	5	0.012658
321	15	0.007937
321	19	0.008547
321	33	0.013889
321	60	0.028571
321	130	0.025000
321	150	0.037037
321	153	0.058824
321	160	0.045455
321	216	0.052632
321	228	0.047619
321	241	0.058824
321	244	0.055556
321	253	0.055556
321	261	0.052632
321	348	0.066667
321	370	0.066667
322	15	0.007937
322	22	0.013158
322	48	0.017241
322	71	0.031250
322	79	0.030303
322	81	0.018868
322	106	0.031250
322	157	0.040000
322	174	0.040000
322	243	0.041667
322	268	0.052632
322	296	0.058824
322	307	0.050000
322	310	0.055556
322	314	0.058824
322	359	0.066667
322	392	0.066667
323	5	0.012658
323	14	0.009259
323	32	0.011905
323	69	0.029412
323	73	0.023810
323	76	0.023256
323	78	0.015385
323	104	0.023256
323	131	0.027027
323	151	0.033333
323	157	0.040000
323	177	0.037037
323	235	0.043478
323	265	0.041667
323	289	0.050000
323	347	0.062500
324	4	0.014493
324	17	0.007519
324	19	0.008547
324	26	0.021739
324	50	0.025000
324	60	0.028571
324	91	0.047619
324	121	0.032258
324	122	0.045455
324	124	0.050000
324	187	0.047619
324	212	0.050000
324	251	0.055556
324	285	0.055556
324	311	0.052632
324	355	0.062500
324	360	0.062500
325	14	0.009259
325	32	0.011905
325	34	0.018182
325	37	0.016129
325	65	0.029412
325	81	0.018868
325	103	0.023810
325	114	0.030303
325	142	0.031250
325	182	0.055556
325	185	0.050000
325	195	0.038462
325	213	0.047619
325	269	0.041667
325	299	0.055556
325	391	0.062500
326	24	0.012821
326	42	0.013699
326	45	0.012987
326	80	0.028571
326	90	0.034483
326	102	0.029412
326	109	0.035714
326	118	0.033333
326	135	0.031250
326	154	0.031250
326	174	0.040000
326	204	0.041667
326	212	0.050000
326	232	0.052632
326	305	0.055556
326	341	0.058824
326	364	0.062500
326	374	0.066667
327	16	0.008696
327	17	0.007519
327	20	0.010204
327	40	0.015625
327	46	0.016667
327	63	0.052632
327	69	0.029412
327	72	0.030303
327	73	0.023810
327	84	0.032258
327	108	0.032258
327	146	0.040000
327	159	0.052632
327	168	0.038462
327	238	0.047619
327	338	0.066667
328	6	0.012346
328	14	0.009259
328	22	0.013158
328	24	0.012821
328	34	0.018182
328	67	0.025000
328	79	0.030303
328	82	0.028571
328	114	0.030303
328	115	0.032258
328	144	0.034483
328	194	0.034483
328	246	0.052632
328	283	0.050000
328	303	0.055556
328	369	0.062500
329	19	0.008547
329	22	0.013158
329	36	0.013889
329	44	0.016949
329	52	0.018868
329	97	0.029412
329	104	0.023256
329	109	0.035714
329	161	0.040000
329	199	0.043478
329	202	0.050000
329	247	0.052632
329	261	0.052632
329	307	0.050000
329	314	0.058824
329	373	0.066667
330	10	0.031250
330	11	0.020000
330	15	0.007937
330	18	0.007812
330	42	0.013699
330	50	0.025000
330	72	0.030303
330	83	0.028571
330	106	0.031250
330	108	0.032258
330	144	0.034483
330	198	0.035714
330	206	0.041667
330	248	0.047619
330	276	0.050000
330	362	0.066667
330	385	0.066667
330	391	0.062500
330	392	0.066667
331	13	0.013158
331	14	0.009259
331	16	0.008696
331	18	0.007812
331	19	0.008547
331	41	0.014493
331	49	0.023810
331	67	0.025000
331	73	0.023810
331	74	0.020833
331	78	0.015385
331	163	0.035714
331	164	0.037037
331	195	0.038462
331	231	0.041667
331	393	0.066667
332	4	0.014493
332	10	0.031250
332	12	0.013333
332	14	0.009259
332	16	0.008696
332	19	0.008547
332	38	0.016949
332	70	0.018868
332	81	0.018868
332	87	0.023810
332	105	0.027027
332	111	0.026316
332	140	0.038462
332	237	0.050000
332	268	0.052632
332	347	0.062500
332	356	0.062500
332	370	0.066667
332	385	0.066667
332	389	0.066667
333	19	0.008547
333	36	0.013889
333	47	0.017241
333	50	0.025000
333	64	0.015625
333	81	0.018868
333	85	0.025000
333	109	0.035714
333	198	0.035714
333	201	0.058824
333	212	0.050000
333	236	0.045455
333	252	0.062500
333	304	0.062500
334	1	0.016949
334	13	0.013158
334	29	0.021739
334	32	0.011905
334	35	0.014085
334	37	0.016129
334	47	0.017241
334	70	0.018868
334	75	0.024390
334	115	0.032258
334	237	0.050000
334	265	0.041667
334	275	0.058824
334	292	0.041667
334	293	0.052632
334	378	0.071429
335	5	0.012658
335	14	0.009259
335	26	0.021739
335	58	0.025000
335	66	0.037037
335	78	0.015385
335	84	0.032258
335	141	0.035714
335	147	0.037037
335	155	0.037037
335	168	0.038462
335	243	0.041667
335	251	0.055556
335	294	0.062500
335	305	0.055556
335	347	0.062500
335	355	0.062500
335	369	0.062500
335	396	0.066667
336	14	0.009259
336	18	0.007812
336	20	0.010204
336	32	0.011905
336	34	0.018182
336	41	0.014493
336	70	0.018868
336	74	0.020833
336	77	0.020833
336	168	0.038462
336	172	0.047619
336	179	0.034483
336	236	0.045455
336	237	0.050000
336	242	0.052632
337	0	0.010309
337	9	0.011364
337	14	0.009259
337	18	0.007812
337	19	0.008547
337	42	0.013699
337	47	0.017241
337	53	0.016667
337	129	0.050000
337	191	0.055556
337	269	0.041667
337	272	0.041667
337	276	0.050000
337	283	0.050000
337	312	0.062500
337	393	0.066667
338	15	0.007937
338	16	0.008696
338	18	0.007812
338	35	0.014085
338	36	0.013889
338	38	0.016949
338	40	0.015625
338	51	0.020833
338	66	0.037037
338	81	0.018868
338	183	0.058824
338	188	0.058824
338	263	0.052632
338	315	0.062500
338	327	0.062500
339	9	0.011364
339	11	0.020000
339	13	0.013158
339	21	0.014085
339	30	0.030303
339	98	0.043478
339	99	0.033333
339	105	0.027027
339	140	0.038462
339	203	0.040000
339	204	0.041667
339	233	0.045455
339	271	0.058824
339	288	0.058824
339	293	0.052632
339	387	0.062500
340	5	0.012658
340	7	0.016667
340	16	0.008696
340	18	0.007812
340	76	0.023256
340	82	0.028571
340	101	0.028571
340	105	0.027027
340	135	0.031250
340	143	0.043478
340	166	0.041667
340	227	0.043478
340	234	0.055556
340	272	0.041667
340	292	0.041667
340	398	0.066667
341	2	0.018868
341	14	0.009259
341	16	0.008696
341	17	0.007519
341	46	0.016667
341	110	0.027027
341	112	0.040000
341	167	0.045455
341	173	0.041667
341	192	0.040000
341	194	0.034483
341	270	0.058824
341	303	0.055556
341	305	0.055556
341	326	0.055556
341	353	0.066667
341	389	0.066667
342	3	0.017241
342	7	0.016667
342	12	0.013333
342	17	0.007519
342	33	0.013889
342	36	0.013889
342	47	0.017241
342	76	0.023256
342	105	0.027027
342	122	0.045455
342	163	0.035714
342	205	0.043478
342	206	0.041667
342	242	0.052632
342	293	0.052632
343	4	0.014493
343	21	0.014085
343	37	0.016129
343	59	0.022727
343	73	0.023810
343	94	0.047619
343	97	0.029412
343	100	0.040000
343	107	0.028571
343	140	0.038462
343	143	0.043478
343	180	0.055556
343	225	0.050000
343	256	0.047619
343	276	0.050000
344	5	0.012658
344	14	0.009259
344	18	0.007812
344	23	0.016129
344	37	0.016129
344	49	0.023810
344	79	0.030303
344	131	0.027027
344	132	0.031250
344	158	0.055556
344	175	0.047619
344	177	0.037037
344	234	0.055556
344	292	0.041667
344	293	0.052632
344	360	0.062500
344	395	0.066667
345	5	0.012658
345	17	0.007519
345	18	0.007812
345	64	0.015625
345	69	0.029412
345	72	0.030303
345	77	0.020833
345	85	0.025000
345	86	0.022727
345	118	0.033333
345	121	0.032258
345	132	0.031250
345	171	0.040000
345	248	0.047619
345	253	0.055556
345	365	0.066667
346	3	0.017241
346	6	0.012346
346	11	0.020000
346	20	0.010204
346	23	0.016129
346	72	0.030303
346	105	0.027027
346	111	0.026316
346	131	0.027027
346	133	0.032258
346	147	0.037037
346	159	0.052632
346	233	0.045455
346	235	0.043478
346	298	0.052632
347	11	0.020000
347	12	0.013333
347	14	0.009259
347	20	0.010204
347	42	0.013699
347	44	0.016949
347	118	0.033333
347	125	0.040000
347	132	0.031250
347	272	0.041667
347	279	0.055556
347	297	0.055556
347	323	0.062500
347	332	0.050000
347	335	0.052632
347	349	0.062500
348	2	0.018868
348	6	0.012346
348	15	0.007937
348	19	0.008547
348	38	0.016949
348	44	0.016949
348	65	0.029412
348	78	0.015385
348	91	0.047619
348	98	0.043478
348	177	0.037037
348	192	0.040000
348	216	0.052632
348	220	0.062500
348	321	0.058824
349	16	0.008696
349	17	0.007519
349	20	0.010204
349	44	0.016949
349	45	0.012987
349	48	0.017241
349	74	0.020833
349	78	0.015385
349	81	0.018868
349	102	0.029412
349	143	0.043478
349	149	0.034483
349	203	0.040000
349	254	0.062500
349	347	0.062500
349	358	0.062500
350	38	0.016949
350	46	0.016667
350	49	0.023810
350	53	0.016667
350	70	0.018868
350	76	0.023256
350	82	0.028571
350	90	0.034483
350	109	0.035714
350	113	0.030303
350	140	0.038462
350	165	0.034483
350	192	0.040000
350	219	0.050000
350	280	0.050000
350	377	0.062500
351	15	0.007937
351	18	0.007812
351	22	0.013158
351	29	0.021739
351	32	0.011905
351	42	0.013699
351	47	0.017241
351	52	0.018868
351	78	0.015385
351	145	0.040000
351	161	0.040000
351	211	0.041667
351	226	0.055556
351	285	0.055556
351	295	0.055556
352	15	0.007937
352	29	0.021739
352	36	0.013889
352	54	0.029412
352	58	0.025000
352	59	0.022727
352	61	0.023810
352	65	0.029412
352	70	0.018868
352	74	0.020833
352	75	0.024390
352	76	0.023256
352	111	0.026316
352	204	0.041667
352	280	0.050000
353	0	0.010309
353	10	0.031250
353	17	0.007519
353	18	0.007812
353	101	0.028571
353	149	0.034483
353	155	0.037037
353	163	0.035714
353	174	0.040000
353	192	0.040000
353	217	0.050000
353	260	0.052632
353	265	0.041667
353	306	0.058824
353	341	0.058824
354	0	0.010309
354	6	0.012346
354	18	0.007812
354	31	0.034483
354	35	0.014085
354	74	0.020833
354	85	0.025000
354	97	0.029412
354	122	0.045455
354	123	0.038462
354	188	0.058824
354	197	0.050000
354	206	0.041667
354	230	0.047619
354	289	0.050000
355	20	0.010204
355	24	0.012821
355	35	0.014085
355	73	0.023810
355	79	0.030303
355	103	0.023810
355	140	0.038462
355	142	0.031250
355	161	0.040000
355	184	0.041667
355	195	0.038462
355	238	0.047619
355	273	0.052632
355	324	0.058824
355	335	0.052632
355	373	0.066667
356	7	0.016667
356	39	0.015625
356	40	0.015625
356	55	0.026316
356	59	0.022727
356	79	0.030303
356	85	0.025000
356	151	0.033333
356	249	0.050000
356	270	0.058824
356	280	0.050000
356	299	0.055556
356	302	0.062500
356	303	0.055556
356	332	0.050000
356	379	0.066667
357	5	0.012658
357	15	0.007937
357	58	0.025000
357	80	0.028571
357	112	0.040000
357	117	0.037037
357	122	0.045455
357	139	0.040000
357	166	0.041667
357	194	0.034483
357	198	0.035714
357	243	0.041667
357	259	0.058824
357	264	0.052632
357	307	0.050000
357	390	0.066667
358	7	0.016667
358	42	0.013699
358	51	0.020833
358	52	0.018868
358	78	0.015385
358	80	0.028571
358	103	0.023810
358	105	0.027027
358	108	0.032258
358	138	0.032258
358	150	0.037037
358	192	0.040000
358	236	0.045455
358	311	0.052632
358	349	0.062500
358	376	0.066667
359	20	0.010204
359	37	0.016129
359	39	0.015625
359	47	0.017241
359	48	0.017241
359	58	0.025000
359	79	0.030303
359	106	0.031250
359	108	0.032258
359	133	0.032258
359	186	0.032258
359	202	0.050000
359	213	0.047619
359	286	0.062500
359	322	0.058824
360	0	0.010309
360	5	0.012658
360	7	0.016667
360	16	0.008696
360	24	0.012821
360	48	0.017241
360	50	0.025000
360	58	0.025000
360	119	0.034483
360	129	0.050000
360	160	0.045455
360	177	0.037037
360	261	0.052632
360	324	0.058824
360	344	0.058824
360	371	0.062500
361	4	0.014493
361	9	0.011364
361	16	0.008696
361	25	0.016667
361	96	0.022222
361	130	0.025000
361	145	0.040000
361	163	0.035714
361	193	0.040000
361	194	0.034483
361	224	0.055556
361	256	0.047619
361	265	0.041667
361	280	0.050000
361	300	0.055556
362	0	0.010309
362	1	0.016949
362	2	0.018868
362	13	0.013158
362	15	0.007937
362	55	0.026316
362	78	0.015385
362	101	0.028571
362	173	0.041667
362	211	0.041667
362	216	0.052632
362	227	0.043478
362	273	0.052632
362	292	0.041667
362	330	0.052632
363	10	0.031250
363	13	0.013158
363	15	0.007937
363	16	0.008696
363	19	0.008547
363	37	0.016129
363	45	0.012987
363	83	0.028571
363	104	0.023256
363	131	0.027027
363	141	0.035714
363	186	0.032258
363	225	0.050000
363	228	0.047619
363	233	0.045455
364	5	0.012658
364	19	0.008547
364	37	0.016129
364	38	0.016949
364	41	0.014493
364	45	0.012987
364	73	0.023810
364	96	0.022222
364	151	0.033333
364	156	0.040000
364	173	0.041667
364	174	0.040000
364	246	0.052632
364	300	0.055556
364	326	0.055556
364	380	0.066667
365	9	0.011364
365	17	0.007519
365	23	0.016129
365	24	0.012821
365	29	0.021739
365	39	0.015625
365	46	0.016667
365	47	0.017241
365	59	0.022727
365	95	0.038462
365	106	0.031250
365	138	0.032258
365	155	0.037037
365	218	0.052632
365	345	0.062500
366	2	0.018868
366	8	0.019231
366	20	0.010204
366	52	0.018868
366	64	0.015625
366	77	0.020833
366	78	0.015385
366	79	0.030303
366	82	0.028571
366	102	0.029412
366	264	0.052632
366	274	0.062500
366	283	0.050000
366	288	0.058824
366	289	0.050000
366	388	0.066667
366	395	0.066667
367	6	0.012346
367	41	0.014493
367	42	0.013699
367	53	0.016667
367	70	0.018868
367	72	0.030303
367	85	0.025000
367	107	0.028571
367	110	0.027027
367	133	0.032258
367	144	0.034483
367	194	0.034483
367	205	0.043478
367	265	0.041667
367	266	0.058824
367	389	0.066667
368	9	0.011364
368	16	0.008696
368	18	0.007812
368	22	0.013158
368	34	0.018182
368	76	0.023256
368	82	0.028571
368	130	0.025000
368	132	0.031250
368	133	0.032258
368	140	0.038462
368	146	0.040000
368	165	0.034483
368	228	0.047619
368	310	0.055556
368	369	0.062500
368	378	0.071429
368	389	0.066667
369	18	0.007812
369	35	0.014085
369	42	0.013699
369	70	0.018868
369	96	0.022222
369	102	0.029412
369	108	0.032258
369	130	0.025000
369	176	0.043478
369	289	0.050000
369	298	0.052632
369	307	0.050000
369	328	0.062500
369	335	0.052632
369	368	0.055556
369	381	0.066667
370	2	0.018868
370	24	0.012821
370	31	0.034483
370	32	0.011905
370	43	0.023256
370	67	0.025000
370	74	0.020833
370	87	0.023810
370	113	0.030303
370	114	0.030303
370	148	0.045455
370	237	0.050000
370	292	0.041667
370	321	0.058824
370	332	0.050000
371	5	0.012658
371	9	0.011364
371	18	0.007812
371	41	0.014493
371	45	0.012987
371	52	0.018868
371	114	0.030303
371	117	0.037037
371	120	0.035714
371	127	0.050000
371	174	0.040000
371	179	0.034483
371	189	0.058824
371	301	0.055556
371	360	0.062500
371	378	0.071429
372	2	0.018868
372	12	0.013333
372	16	0.008696
372	26	0.021739
372	29	0.021739
372	35	0.014085
372	66	0.037037
372	70	0.018868
372	82	0.028571
372	85	0.025000
372	128	0.037037
372	131	0.027027
372	179	0.034483
372	195	0.038462
372	272	0.041667
373	0	0.010309
373	7	0.016667
373	22	0.013158
373	26	0.021739
373	36	0.013889
373	76	0.023256
373	96	0.022222
373	103	0.023810
373	151	0.033333
373	195	0.038462
373	224	0.055556
373	296	0.058824
373	300	0.055556
373	329	0.062500
373	355	0.062500
374	6	0.012346
374	17	0.007519
374	20	0.010204
374	27	0.018182
374	33	0.013889
374	46	0.016667
374	56	0.029412
374	78	0.015385
374	152	0.050000
374	179	0.034483
374	187	0.047619
374	193	0.040000
374	212	0.050000
374	236	0.045455
374	326	0.055556
375	0	0.010309
375	14	0.009259
375	18	0.007812
375	22	0.013158
375	26	0.021739
375	32	0.011905
375	37	0.016129
375	48	0.017241
375	82	0.028571
375	92	0.034483
375	93	0.037037
375	174	0.040000
375	250	0.058824
375	301	0.055556
375	308	0.055556
376	18	0.007812
376	44	0.016949
376	46	0.016667
376	57	0.025000
376	71	0.031250
376	135	0.031250
376	161	0.040000
376	162	0.043478
376	178	0.045455
376	180	0.055556
376	279	0.055556
376	299	0.055556
376	301	0.055556
376	315	0.062500
376	358	0.062500
377	3	0.017241
377	4	0.014493
377	16	0.008696
377	33	0.013889
377	40	0.015625
377	41	0.014493
377	119	0.034483
377	154	0.031250
377	166	0.041667
377	221	0.058824
377	248	0.047619
377	255	0.055556
377	272	0.041667
377	298	0.052632
377	350	0.062500
377	387	0.062500
378	1	0.016949
378	9	0.011364
378	21	0.014085
378	64	0.015625
378	116	0.032258
378	184	0.041667
378	194	0.034483
378	228	0.047619
378	233	0.045455
378	265	0.041667
378	277	0.052632
378	334	0.062500
378	368	0.055556
378	371	0.062500
379	3	0.017241
379	8	0.019231
379	9	0.011364
379	14	0.009259
379	15	0.007937
379	20	0.010204
379	38	0.016949
379	67	0.025000
379	120	0.035714
379	138	0.032258
379	159	0.052632
379	290	0.058824
379	311	0.052632
379	319	0.062500
379	356	0.062500
380	33	0.013889
380	51	0.020833
380	54	0.029412
380	73	0.023810
380	78	0.015385
380	96	0.022222
380	115	0.032258
380	118	0.033333
380	187	0.047619
380	201	0.058824
380	229	0.043478
380	240	0.052632
380	263	0.052632
380	295	0.055556
380	364	0.062500
381	6	0.012346
381	12	0.013333
381	15	0.007937
381	20	0.010204
381	41	0.014493
381	54	0.029412
381	84	0.032258
381	106	0.031250
381	110	0.027027
381	179	0.034483
381	203	0.040000
381	233	0.045455
381	235	0.043478
381	272	0.041667
381	369	0.062500
382	4	0.014493
382	10	0.031250
382	14	0.009259
382	36	0.013889
382	74	0.020833
382	87	0.023810
382	114	0.030303
382	117	0.037037
382	123	0.038462
382	150	0.037037
382	232	0.052632
382	249	0.050000
382	269	0.041667
382	287	0.062500
382	309	0.062500
383	18	0.007812
383	24	0.012821
383	90	0.034483
383	104	0.023256
383	105	0.027027
383	117	0.037037
383	142	0.031250
383	156	0.040000
383	197	0.050000
383	209	0.045455
383	231	0.041667
383	245	0.055556
383	247	0.052632
383	267	0.058824
383	295	0.055556
383	388	0.066667
383	390	0.066667
384	2	0.018868
384	7	0.016667
384	8	0.019231
384	14	0.009259
384	16	0.008696
384	18	0.007812
384	49	0.023810
384	121	0.032258
384	130	0.025000
384	139	0.040000
384	162	0.043478
384	186	0.032258
384	206	0.041667
384	248	0.047619
384	263	0.052632
385	2	0.018868
385	11	0.020000
385	21	0.014085
385	33	0.013889
385	77	0.020833
385	99	0.033333
385	116	0.032258
385	149	0.034483
385	197	0.050000
385	198	0.035714
385	215	0.045455
385	217	0.050000
385	230	0.047619
385	330	0.052632
385	332	0.050000
386	8	0.019231
386	16	0.008696
386	34	0.018182
386	41	0.014493
386	60	0.028571
386	64	0.015625
386	67	0.025000
386	74	0.020833
386	98	0.043478
386	157	0.040000
386	167	0.045455
386	184	0.041667
386	186	0.032258
386	210	0.040000
386	211	0.041667
387	0	0.010309
387	11	0.020000
387	35	0.014085
387	44	0.016949
387	82	0.028571
387	107	0.028571
387	145	0.040000
387	151	0.033333
387	165	0.034483
387	177	0.037037
387	240	0.052632
387	256	0.047619
387	265	0.041667
387	339	0.062500
387	377	0.062500
387	388	0.066667
388	13	0.013158
388	106	0.031250
388	125	0.040000
388	136	0.045455
388	179	0.034483
388	207	0.055556
388	248	0.047619
388	267	0.058824
388	290	0.058824
388	291	0.062500
388	311	0.052632
388	316	0.058824
388	366	0.058824
388	383	0.058824
388	387	0.062500
389	17	0.007519
389	35	0.014085
389	36	0.013889
389	39	0.015625
389	74	0.020833
389	121	0.032258
389	192	0.040000
389	199	0.043478
389	215	0.045455
389	276	0.050000
389	316	0.058824
389	332	0.050000
389	341	0.058824
389	367	0.062500
389	368	0.055556
390	0	0.010309
390	14	0.009259
390	24	0.012821
390	43	0.023256
390	70	0.018868
390	123	0.038462
390	130	0.025000
390	131	0.027027
390	133	0.032258
390	146	0.040000
390	196	0.052632
390	237	0.050000
390	306	0.058824
390	357	0.062500
390	383	0.058824
391	21	0.014085
391	33	0.013889
391	35	0.014085
391	37	0.016129
391	41	0.014493
391	61	0.023810
391	95	0.038462
391	119	0.034483
391	149	0.034483
391	154	0.031250
391	186	0.032258
391	219	0.050000
391	292	0.041667
391	325	0.062500
391	330	0.052632
391	396	0.066667
392	10	0.031250
392	17	0.007519
392	18	0.007812
392	23	0.016129
392	33	0.013889
392	37	0.016129
392	45	0.012987
392	53	0.016667
392	78	0.015385
392	132	0.031250
392	135	0.031250
392	245	0.055556
392	308	0.055556
392	322	0.058824
392	330	0.052632
393	7	0.016667
393	20	0.010204
393	41	0.014493
393	44	0.016949
393	64	0.015625
393	70	0.018868
393	73	0.023810
393	86	0.022727
393	194	0.034483
393	209	0.045455
393	257	0.052632
393	278	0.062500
393	308	0.055556
393	331	0.062500
393	337	0.062500
394	1	0.016949
394	2	0.018868
394	40	0.015625
394	49	0.023810
394	56	0.029412
394	57	0.025000
394	92	0.034483
394	95	0.038462
394	186	0.032258
394	211	0.041667
394	243	0.041667
394	249	0.050000
394	297	0.055556
394	298	0.052632
394	310	0.055556
395	12	0.013333
395	23	0.016129
395	41	0.014493
395	57	0.025000
395	72	0.030303
395	78	0.015385
395	84	0.032258
395	100	0.040000
395	152	0.050000
395	165	0.034483
395	174	0.040000
395	256	0.047619
395	284	0.062500
395	344	0.058824
395	366	0.058824
396	6	0.012346
396	14	0.009259
396	17	0.007519
396	18	0.007812
396	39	0.015625
396	40	0.015625
396	41	0.014493
396	49	0.023810
396	82	0.028571
396	96	0.022222
396	128	0.037037
396	155	0.037037
396	251	0.055556
396	335	0.052632
396	391	0.062500
397	0	0.010309
397	17	0.007519
397	39	0.015625
397	40	0.015625
397	45	0.012987
397	51	0.020833
397	57	0.025000
397	127	0.050000
397	144	0.034483
397	150	0.037037
397	168	0.038462
397	203	0.040000
397	219	0.050000
397	238	0.047619
397	255	0.055556
398	4	0.014493
398	18	0.007812
398	32	0.011905
398	33	0.013889
398	36	0.013889
398	42	0.013699
398	47	0.017241
398	59	0.022727
398	87	0.023810
398	92	0.034483
398	109	0.035714
398	134	0.047619
398	168	0.038462
398	189	0.058824
398	340	0.062500
