453	15660
0	1	0.012346
0	2	0.024390
0	3	0.018519
0	4	0.012048
0	5	0.040000
0	6	0.013514
0	7	0.016949
0	8	0.020408
0	9	0.015385
0	10	0.017544
0	11	0.035714
0	12	0.016949
0	13	0.016949
0	14	0.014706
0	15	0.021277
0	16	0.017544
0	17	0.020000
0	18	0.033333
0	19	0.006452
0	20	0.008000
0	21	0.008065
0	22	0.007299
0	23	0.007692
0	24	0.008772
0	25	0.008850
0	26	0.006757
0	27	0.008130
0	28	0.008065
0	29	0.009901
0	30	0.008772
0	31	0.008621
0	32	0.009804
0	33	0.010526
0	35	0.010753
0	36	0.015152
0	37	0.015152
0	38	0.011494
0	39	0.015873
0	40	0.012195
0	42	0.013699
0	43	0.016129
0	44	0.013699
0	45	0.012821
0	48	0.016129
0	49	0.015873
0	51	0.019231
0	54	0.016393
0	60	0.016949
0	63	0.021277
0	67	0.018182
0	68	0.019231
0	71	0.016667
0	73	0.018519
0	74	0.015152
0	76	0.016667
0	79	0.025000
0	81	0.018868
0	82	0.018519
0	84	0.028571
0	87	0.016949
0	88	0.018868
0	91	0.020000
0	97	0.025641
0	98	0.025000
0	102	0.022727
0	108	0.021739
0	112	0.026316
0	116	0.023256
0	120	0.029412
0	121	0.029412
0	129	0.032258
0	131	0.025000
0	132	0.022727
0	140	0.026316
0	142	0.034483
0	148	0.027778
0	157	0.027027
0	161	0.037037
0	162	0.037037
0	163	0.028571
0	164	0.037037
0	165	0.034483
0	168	0.037037
0	171	0.034483
0	174	0.027027
0	175	0.034483
0	179	0.032258
0	181	0.034483
0	183	0.040000
0	187	0.038462
0	190	0.035714
0	191	0.030303
0	193	0.028571
0	196	0.031250
0	197	0.034483
0	201	0.045455
0	203	0.031250
0	208	0.041667
0	212	0.035714
0	214	0.038462
0	222	0.045455
0	227	0.038462
0	232	0.041667
0	245	0.040000
0	246	0.032258
0	249	0.041667
0	262	0.040000
0	266	0.052632
0	268	0.045455
0	269	0.043478
0	272	0.041667
0	279	0.043478
0	290	0.043478
0	299	0.037037
0	304	0.055556
0	312	0.043478
0	320	0.047619
0	326	0.045455
0	330	0.040000
0	361	0.050000
0	362	0.047619
0	369	0.050000
0	384	0.055556
0	386	0.055556
0	390	0.055556
0	396	0.055556
0	414	0.055556
0	428	0.052632
0	449	0.055556
1	0	0.007752
1	19	0.006452
1	20	0.008000
1	21	0.008065
1	22	0.007299
1	23	0.007692
1	24	0.008772
1	25	0.008850
1	28	0.008065
1	30	0.008772
1	31	0.008621
1	32	0.009804
1	34	0.012048
1	35	0.010753
1	36	0.015152
1	37	0.015152
1	41	0.015385
1	42	0.013699
1	43	0.016129
1	48	0.016129
1	49	0.015873
1	51	0.019231
1	55	0.013699
1	60	0.016949
1	67	0.018182
1	70	0.019608
1	72	0.016667
1	78	0.021739
1	88	0.018868
1	91	0.020000
1	93	0.020833
1	96	0.023256
1	100	0.019231
1	103	0.030303
1	105	0.025000
1	107	0.021277
1	110	0.023810
1	113	0.026316
1	120	0.029412
1	123	0.032258
1	125	0.025000
1	142	0.034483
1	144	0.024390
1	146	0.034483
1	155	0.040000
1	156	0.032258
1	163	0.028571
1	164	0.037037
1	170	0.027027
1	173	0.037037
1	177	0.033333
1	181	0.034483
1	186	0.033333
1	187	0.038462
1	193	0.028571
1	206	0.027778
1	207	0.037037
1	214	0.038462
1	226	0.038462
1	234	0.040000
1	239	0.035714
1	245	0.040000
1	248	0.047619
1	261	0.037037
1	265	0.045455
1	266	0.052632
1	275	0.041667
1	282	0.043478
1	290	0.043478
1	298	0.043478
1	300	0.050000
1	313	0.047619
1	314	0.050000
1	322	0.045455
1	349	0.052632
1	376	0.052632
1	377	0.055556
1	387	0.050000
1	394	0.052632
1	450	0.055556
1	451	0.055556
2	0	0.007752
2	19	0.006452
2	21	0.008065
2	22	0.007299
2	23	0.007692
2	26	0.006757
2	27	0.008130
2	44	0.013699
2	46	0.013158
2	50	0.016393
2	53	0.013699
2	54	0.016393
2	67	0.018182
2	69	0.029412
2	78	0.021739
2	83	0.017857
2	86	0.020000
2	88	0.018868
2	100	0.019231
2	105	0.025000
2	117	0.032258
2	129	0.032258
2	132	0.022727
2	134	0.029412
2	136	0.030303
2	149	0.027027
2	170	0.027027
2	175	0.034483
2	176	0.028571
2	216	0.038462
2	246	0.032258
2	260	0.047619
2	274	0.041667
2	313	0.047619
2	336	0.045455
2	354	0.050000
2	375	0.055556
2	425	0.055556
2	434	0.055556
2	440	0.055556
2	447	0.055556
3	0	0.007752
3	19	0.006452
3	20	0.008000
3	21	0.008065
3	22	0.007299
3	23	0.007692
3	24	0.008772
3	25	0.008850
3	26	0.006757
3	27	0.008130
3	28	0.008065
3	31	0.008621
3	37	0.015152
3	38	0.011494
3	39	0.015873
3	44	0.013699
3	46	0.013158
3	54	0.016393
3	57	0.013333
3	58	0.016667
3	59	0.021277
3	61	0.011765
3	67	0.018182
3	76	0.016667
3	88	0.018868
3	94	0.022727
3	99	0.030303
3	112	0.026316
3	113	0.026316
3	115	0.021739
3	118	0.030303
3	131	0.025000
3	143	0.035714
3	152	0.038462
3	157	0.027027
3	165	0.034483
3	203	0.031250
3	207	0.037037
3	213	0.038462
3	242	0.047619
3	243	0.038462
3	244	0.034483
3	256	0.040000
3	274	0.041667
3	276	0.045455
3	281	0.047619
3	286	0.047619
3	291	0.045455
3	316	0.043478
3	322	0.045455
3	328	0.050000
3	348	0.047619
3	416	0.055556
3	441	0.052632
4	0	0.007752
4	19	0.006452
4	20	0.008000
4	21	0.008065
4	22	0.007299
4	24	0.008772
4	25	0.008850
4	26	0.006757
4	28	0.008065
4	29	0.009901
4	31	0.008621
4	32	0.009804
4	34	0.012048
4	36	0.015152
4	39	0.015873
4	40	0.012195
4	42	0.013699
4	45	0.012821
4	47	0.008850
4	51	0.019231
4	55	0.013699
4	58	0.016667
4	60	0.016949
4	64	0.021277
4	65	0.020408
4	70	0.019608
4	80	0.023256
4	83	0.017857
4	85	0.023256
4	90	0.020833
4	92	0.023810
4	93	0.020833
4	94	0.022727
4	97	0.025641
4	100	0.019231
4	111	0.031250
4	113	0.026316
4	115	0.021739
4	120	0.029412
4	122	0.023256
4	137	0.035714
4	139	0.028571
4	140	0.026316
4	165	0.034483
4	172	0.038462
4	174	0.027027
4	177	0.033333
4	187	0.038462
4	194	0.029412
4	202	0.034483
4	210	0.045455
4	211	0.035714
4	212	0.035714
4	217	0.038462
4	218	0.033333
4	223	0.035714
4	225	0.040000
4	240	0.037037
4	244	0.034483
4	245	0.040000
4	249	0.041667
4	250	0.032258
4	251	0.050000
4	255	0.038462
4	266	0.052632
4	267	0.038462
4	270	0.043478
4	286	0.047619
4	310	0.043478
4	316	0.043478
4	318	0.041667
4	321	0.050000
4	325	0.037037
4	328	0.050000
4	362	0.047619
4	366	0.047619
4	368	0.047619
4	371	0.045455
4	393	0.052632
4	401	0.055556
4	415	0.055556
4	434	0.055556
4	439	0.055556
5	0	0.007752
5	20	0.008000
5	21	0.008065
5	24	0.008772
5	26	0.006757
5	27	0.008130
5	29	0.009901
5	31	0.008621
5	37	0.015152
5	45	0.012821
5	52	0.015873
5	57	0.013333
5	79	0.025000
5	95	0.022222
5	138	0.029412
5	187	0.038462
5	203	0.031250
5	228	0.047619
5	238	0.040000
5	271	0.040000
5	275	0.041667
5	282	0.043478
5	309	0.043478
5	318	0.041667
5	376	0.052632
6	0	0.007752
6	19	0.006452
6	20	0.008000
6	21	0.008065
6	22	0.007299
6	23	0.007692
6	24	0.008772
6	25	0.008850
6	27	0.008130
6	28	0.008065
6	30	0.008772
6	32	0.009804
6	33	0.010526
6	35	0.010753
6	36	0.015152
6	37	0.015152
6	41	0.015385
6	44	0.013699
6	55	0.013699
6	56	0.013699
6	58	0.016667
6	62	0.016949
6	63	0.021277
6	78	0.021739
6	80	0.023256
6	82	0.018519
6	86	0.020000
6	87	0.016949
6	89	0.022222
6	92	0.023810
6	95	0.022222
6	99	0.030303
6	112	0.026316
6	122	0.023256
6	126	0.027027
6	131	0.025000
6	132	0.022727
6	141	0.035714
6	143	0.035714
6	155	0.040000
6	156	0.032258
6	166	0.038462
6	170	0.027027
6	178	0.041667
6	181	0.034483
6	186	0.033333
6	193	0.028571
6	206	0.027778
6	211	0.035714
6	217	0.038462
6	222	0.045455
6	224	0.045455
6	226	0.038462
6	231	0.038462
6	235	0.026316
6	242	0.047619
6	259	0.047619
6	261	0.037037
6	265	0.045455
6	270	0.043478
6	288	0.047619
6	293	0.043478
6	330	0.040000
6	339	0.050000
6	341	0.045455
6	357	0.047619
6	377	0.055556
6	380	0.047619
6	388	0.045455
6	393	0.052632
6	403	0.047619
6	405	0.050000
6	409	0.055556
6	433	0.055556
7	0	0.007752
7	19	0.006452
7	20	0.008000
7	21	0.008065
7	22	0.007299
7	23	0.007692
7	24	0.008772
7	25	0.008850
7	27	0.008130
7	28	0.008065
7	31	0.008621
7	33	0.010526
7	34	0.012048
7	35	0.010753
7	38	0.011494
7	40	0.012195
7	44	0.013699
7	45	0.012821
7	50	0.016393
7	54	0.016393
7	61	0.011765
7	62	0.016949
7	80	0.023256
7	85	0.023256
7	99	0.030303
7	105	0.025000
7	109	0.025641
7	117	0.032258
7	118	0.030303
7	124	0.031250
7	130	0.028571
7	133	0.019608
7	146	0.034483
7	150	0.026316
7	162	0.037037
7	171	0.034483
7	173	0.037037
7	175	0.034483
7	189	0.035714
7	195	0.029412
7	201	0.045455
7	202	0.034483
7	204	0.032258
7	211	0.035714
7	222	0.045455
7	227	0.038462
7	230	0.032258
7	240	0.037037
7	274	0.041667
7	288	0.047619
7	295	0.043478
7	314	0.050000
7	338	0.050000
7	344	0.055556
7	391	0.055556
7	406	0.050000
7	417	0.050000
7	421	0.055556
7	448	0.055556
8	0	0.007752
8	19	0.006452
8	21	0.008065
8	22	0.007299
8	23	0.007692
8	24	0.008772
8	26	0.006757
8	29	0.009901
8	30	0.008772
8	31	0.008621
8	37	0.015152
8	39	0.015873
8	41	0.015385
8	45	0.012821
8	46	0.013158
8	48	0.016129
8	57	0.013333
8	66	0.023810
8	67	0.018182
8	77	0.022222
8	92	0.023810
8	103	0.030303
8	110	0.023810
8	126	0.027027
8	153	0.024390
8	158	0.038462
8	176	0.028571
8	177	0.033333
8	180	0.028571
8	187	0.038462
8	193	0.028571
8	211	0.035714
8	223	0.035714
8	230	0.032258
8	248	0.047619
8	251	0.050000
8	255	0.038462
8	257	0.047619
8	260	0.047619
8	262	0.040000
8	271	0.040000
8	272	0.041667
8	290	0.043478
8	293	0.043478
8	396	0.055556
8	401	0.055556
8	404	0.052632
8	405	0.050000
8	413	0.055556
9	0	0.007752
9	19	0.006452
9	20	0.008000
9	21	0.008065
9	22	0.007299
9	23	0.007692
9	27	0.008130
9	29	0.009901
9	32	0.009804
9	33	0.010526
9	34	0.012048
9	37	0.015152
9	40	0.012195
9	43	0.016129
9	50	0.016393
9	51	0.019231
9	53	0.013699
9	54	0.016393
9	60	0.016949
9	61	0.011765
9	66	0.023810
9	68	0.019231
9	70	0.019608
9	73	0.018519
9	77	0.022222
9	95	0.022222
9	99	0.030303
9	105	0.025000
9	122	0.023256
9	128	0.020833
9	133	0.019608
9	134	0.029412
9	151	0.029412
9	153	0.024390
9	160	0.029412
9	173	0.037037
9	177	0.033333
9	182	0.031250
9	186	0.033333
9	191	0.030303
9	205	0.047619
9	217	0.038462
9	226	0.038462
9	232	0.041667
9	245	0.040000
9	264	0.034483
9	284	0.045455
9	296	0.043478
9	298	0.043478
9	326	0.045455
9	327	0.050000
9	350	0.050000
9	351	0.050000
9	362	0.047619
9	378	0.045455
9	381	0.050000
9	395	0.055556
9	401	0.055556
9	403	0.047619
9	406	0.050000
9	414	0.055556
9	420	0.052632
9	423	0.050000
9	430	0.055556
9	443	0.055556
10	0	0.007752
10	19	0.006452
10	20	0.008000
10	21	0.008065
10	22	0.007299
10	23	0.007692
10	25	0.008850
10	26	0.006757
10	28	0.008065
10	29	0.009901
10	30	0.008772
10	31	0.008621
10	33	0.010526
10	35	0.010753
10	36	0.015152
10	42	0.013699
10	43	0.016129
10	46	0.013158
10	49	0.015873
10	51	0.019231
10	63	0.021277
10	64	0.021277
10	73	0.018519
10	78	0.021739
10	83	0.017857
10	104	0.023810
10	112	0.026316
10	120	0.029412
10	134	0.029412
10	157	0.027027
10	167	0.043478
10	172	0.038462
10	176	0.028571
10	177	0.033333
10	179	0.032258
10	185	0.031250
10	188	0.043478
10	189	0.035714
10	196	0.031250
10	219	0.035714
10	230	0.032258
10	232	0.041667
10	238	0.040000
10	243	0.038462
10	248	0.047619
10	262	0.040000
10	267	0.038462
10	275	0.041667
10	288	0.047619
10	316	0.043478
10	321	0.050000
10	341	0.045455
10	362	0.047619
10	389	0.055556
10	400	0.052632
10	401	0.055556
10	421	0.055556
11	0	0.007752
11	19	0.006452
11	20	0.008000
11	21	0.008065
11	25	0.008850
11	26	0.006757
11	30	0.008772
11	31	0.008621
11	33	0.010526
11	42	0.013699
11	47	0.008850
11	57	0.013333
11	59	0.021277
11	60	0.016949
11	75	0.020833
11	77	0.022222
11	85	0.023256
11	91	0.020000
11	107	0.021277
11	142	0.034483
11	202	0.034483
11	292	0.050000
11	341	0.045455
11	388	0.045455
11	416	0.055556
11	421	0.055556
11	423	0.050000
11	452	0.055556
12	0	0.007752
12	19	0.006452
12	20	0.008000
12	22	0.007299
12	23	0.007692
12	24	0.008772
12	25	0.008850
12	26	0.006757
12	27	0.008130
12	28	0.008065
12	31	0.008621
12	32	0.009804
12	34	0.012048
12	37	0.015152
12	38	0.011494
12	39	0.015873
12	40	0.012195
12	48	0.016129
12	50	0.016393
12	55	0.013699
12	56	0.013699
12	58	0.016667
12	65	0.020408
12	67	0.018182
12	68	0.019231
12	71	0.016667
12	75	0.020833
12	86	0.020000
12	89	0.022222
12	93	0.020833
12	94	0.022727
12	97	0.025641
12	109	0.025641
12	121	0.029412
12	126	0.027027
12	131	0.025000
12	132	0.022727
12	136	0.030303
12	137	0.035714
12	138	0.029412
12	147	0.038462
12	164	0.037037
12	207	0.037037
12	230	0.032258
12	241	0.043478
12	247	0.043478
12	249	0.041667
12	257	0.047619
12	270	0.043478
12	278	0.035714
12	303	0.041667
12	322	0.045455
12	329	0.052632
12	331	0.047619
12	353	0.050000
12	361	0.050000
12	392	0.050000
12	413	0.055556
12	446	0.055556
13	0	0.007752
13	19	0.006452
13	20	0.008000
13	22	0.007299
13	23	0.007692
13	24	0.008772
13	25	0.008850
13	29	0.009901
13	39	0.015873
13	40	0.012195
13	42	0.013699
13	45	0.012821
13	46	0.013158
13	53	0.013699
13	54	0.016393
13	62	0.016949
13	65	0.020408
13	66	0.023810
13	69	0.029412
13	71	0.016667
13	74	0.015152
13	79	0.025000
13	88	0.018868
13	91	0.020000
13	98	0.025000
13	106	0.025000
13	116	0.023256
13	124	0.031250
13	135	0.030303
13	145	0.028571
13	146	0.034483
13	151	0.029412
13	157	0.027027
13	158	0.038462
13	168	0.037037
13	175	0.034483
13	179	0.032258
13	190	0.035714
13	198	0.030303
13	204	0.032258
13	211	0.035714
13	215	0.038462
13	216	0.038462
13	219	0.035714
13	229	0.050000
13	243	0.038462
13	257	0.047619
13	270	0.043478
13	276	0.045455
13	332	0.041667
13	347	0.043478
13	362	0.047619
13	394	0.052632
13	399	0.055556
13	407	0.047619
13	424	0.055556
13	432	0.055556
13	448	0.055556
13	451	0.055556
14	0	0.007752
14	19	0.006452
14	20	0.008000
14	21	0.008065
14	22	0.007299
14	23	0.007692
14	24	0.008772
14	26	0.006757
14	27	0.008130
14	29	0.009901
14	33	0.010526
14	34	0.012048
14	36	0.015152
14	37	0.015152
14	38	0.011494
14	40	0.012195
14	42	0.013699
14	43	0.016129
14	50	0.016393
14	52	0.015873
14	54	0.016393
14	56	0.013699
14	57	0.013333
14	60	0.016949
14	63	0.021277
14	65	0.020408
14	67	0.018182
14	71	0.016667
14	73	0.018519
14	76	0.016667
14	81	0.018868
14	89	0.022222
14	98	0.025000
14	102	0.022727
14	108	0.021739
14	111	0.031250
14	119	0.028571
14	130	0.028571
14	133	0.019608
14	135	0.030303
14	145	0.028571
14	150	0.026316
14	169	0.031250
14	172	0.038462
14	184	0.043478
14	194	0.029412
14	203	0.031250
14	253	0.037037
14	260	0.047619
14	271	0.040000
14	287	0.047619
14	291	0.045455
14	302	0.052632
14	303	0.041667
14	305	0.040000
14	309	0.043478
14	313	0.047619
14	317	0.045455
14	323	0.045455
14	326	0.045455
14	332	0.041667
14	344	0.055556
14	366	0.047619
14	398	0.055556
14	406	0.050000
14	416	0.055556
14	417	0.050000
14	425	0.055556
15	0	0.007752
15	19	0.006452
15	20	0.008000
15	32	0.009804
15	33	0.010526
15	34	0.012048
15	35	0.010753
15	39	0.015873
15	55	0.013699
15	63	0.021277
15	64	0.021277
15	77	0.022222
15	86	0.020000
15	93	0.020833
15	97	0.025641
15	104	0.023810
15	107	0.021277
15	110	0.023810
15	115	0.021739
15	132	0.022727
15	142	0.034483
15	150	0.026316
15	160	0.029412
15	161	0.037037
15	164	0.037037
15	173	0.037037
15	176	0.028571
15	195	0.029412
15	197	0.034483
15	223	0.035714
15	224	0.045455
15	239	0.035714
15	255	0.038462
15	280	0.040000
15	282	0.043478
15	303	0.041667
15	326	0.045455
15	328	0.050000
15	329	0.052632
15	363	0.043478
15	371	0.045455
15	376	0.052632
15	420	0.052632
15	430	0.055556
15	431	0.052632
15	441	0.052632
15	443	0.055556
16	0	0.007752
16	19	0.006452
16	20	0.008000
16	21	0.008065
16	23	0.007692
16	24	0.008772
16	26	0.006757
16	27	0.008130
16	28	0.008065
16	33	0.010526
16	36	0.015152
16	38	0.011494
16	42	0.013699
16	43	0.016129
16	47	0.008850
16	53	0.013699
16	56	0.013699
16	57	0.013333
16	60	0.016949
16	63	0.021277
16	70	0.019608
16	72	0.016667
16	80	0.023256
16	81	0.018868
16	89	0.022222
16	102	0.022727
16	106	0.025000
16	115	0.021739
16	123	0.032258
16	146	0.034483
16	151	0.029412
16	154	0.033333
16	155	0.040000
16	175	0.034483
16	180	0.028571
16	234	0.040000
16	235	0.026316
16	238	0.040000
16	253	0.037037
16	272	0.041667
16	273	0.037037
16	276	0.045455
16	287	0.047619
16	290	0.043478
16	296	0.043478
16	302	0.052632
16	315	0.043478
16	324	0.041667
16	344	0.055556
16	346	0.040000
16	364	0.052632
16	382	0.052632
16	405	0.050000
16	409	0.055556
16	421	0.055556
16	432	0.055556
16	452	0.055556
17	0	0.007752
17	19	0.006452
17	20	0.008000
17	21	0.008065
17	22	0.007299
17	23	0.007692
17	25	0.008850
17	28	0.008065
17	29	0.009901
17	30	0.008772
17	31	0.008621
17	32	0.009804
17	33	0.010526
17	35	0.010753
17	38	0.011494
17	40	0.012195
17	41	0.015385
17	47	0.008850
17	52	0.015873
17	71	0.016667
17	72	0.016667
17	76	0.016667
17	77	0.022222
17	82	0.018519
17	85	0.023256
17	106	0.025000
17	111	0.031250
17	119	0.028571
17	142	0.034483
17	148	0.027778
17	152	0.038462
17	154	0.033333
17	157	0.027027
17	175	0.034483
17	190	0.035714
17	207	0.037037
17	209	0.035714
17	218	0.033333
17	234	0.040000
17	235	0.026316
17	291	0.045455
17	333	0.047619
17	342	0.055556
17	343	0.045455
17	351	0.050000
17	355	0.052632
17	385	0.055556
17	401	0.055556
17	438	0.055556
17	447	0.055556
18	0	0.007752
18	19	0.006452
18	20	0.008000
18	21	0.008065
18	22	0.007299
18	24	0.008772
18	25	0.008850
18	27	0.008130
18	41	0.015385
18	43	0.016129
18	45	0.012821
18	48	0.016129
18	49	0.015873
18	87	0.016949
18	91	0.020000
18	93	0.020833
18	99	0.030303
18	105	0.025000
18	117	0.032258
18	130	0.028571
18	135	0.030303
18	136	0.030303
18	149	0.027027
18	171	0.034483
18	245	0.040000
18	269	0.043478
18	280	0.040000
18	281	0.047619
18	323	0.045455
18	408	0.052632
19	0	0.007752
19	1	0.012346
19	2	0.024390
19	3	0.018519
19	4	0.012048
19	6	0.013514
19	7	0.016949
19	8	0.020408
19	9	0.015385
19	10	0.017544
19	11	0.035714
19	12	0.016949
19	13	0.016949
19	14	0.014706
19	15	0.021277
19	16	0.017544
19	17	0.020000
19	18	0.033333
19	20	0.008000
19	21	0.008065
19	22	0.007299
19	23	0.007692
19	24	0.008772
19	25	0.008850
19	26	0.006757
19	27	0.008130
19	28	0.008065
19	30	0.008772
19	31	0.008621
19	32	0.009804
19	33	0.010526
19	34	0.012048
19	35	0.010753
19	36	0.015152
19	37	0.015152
19	38	0.011494
19	39	0.015873
19	40	0.012195
19	41	0.015385
19	42	0.013699
19	44	0.013699
19	45	0.012821
19	46	0.013158
19	47	0.008850
19	48	0.016129
19	49	0.015873
19	50	0.016393
19	51	0.019231
19	52	0.015873
19	53	0.013699
19	55	0.013699
19	58	0.016667
19	59	0.021277
19	60	0.016949
19	61	0.011765
19	62	0.016949
19	66	0.023810
19	68	0.019231
19	69	0.029412
19	72	0.016667
19	76	0.016667
19	82	0.018519
19	84	0.028571
19	85	0.023256
19	93	0.020833
19	94	0.022727
19	96	0.023256
19	98	0.025000
19	99	0.030303
19	103	0.030303
19	105	0.025000
19	108	0.021739
19	109	0.025641
19	111	0.031250
19	114	0.032258
19	116	0.023256
19	117	0.032258
19	124	0.031250
19	135	0.030303
19	137	0.035714
19	140	0.026316
19	141	0.035714
19	144	0.024390
19	145	0.028571
19	147	0.038462
19	148	0.027778
19	164	0.037037
19	165	0.034483
19	166	0.038462
19	167	0.043478
19	168	0.037037
19	172	0.038462
19	177	0.033333
19	179	0.032258
19	180	0.028571
19	184	0.043478
19	186	0.033333
19	193	0.028571
19	195	0.029412
19	198	0.030303
19	200	0.052632
19	204	0.032258
19	206	0.027778
19	207	0.037037
19	209	0.035714
19	210	0.045455
19	215	0.038462
19	218	0.033333
19	221	0.035714
19	225	0.040000
19	226	0.038462
19	231	0.038462
19	232	0.041667
19	234	0.040000
19	237	0.032258
19	242	0.047619
19	244	0.034483
19	252	0.052632
19	254	0.043478
19	262	0.040000
19	263	0.047619
19	270	0.043478
19	274	0.041667
19	284	0.045455
19	288	0.047619
19	290	0.043478
19	298	0.043478
19	300	0.050000
19	302	0.052632
19	309	0.043478
19	311	0.040000
19	320	0.047619
19	324	0.041667
19	325	0.037037
19	327	0.050000
19	330	0.040000
19	338	0.050000
19	347	0.043478
19	349	0.052632
19	354	0.050000
19	376	0.052632
19	380	0.047619
19	385	0.055556
19	386	0.055556
19	389	0.055556
19	391	0.055556
19	393	0.052632
19	400	0.052632
19	405	0.050000
19	433	0.055556
19	434	0.055556
19	436	0.052632
19	441	0.052632
19	442	0.055556
19	445	0.055556
20	0	0.007752
20	1	0.012346
20	3	0.018519
20	4	0.012048
20	5	0.040000
20	6	0.013514
20	7	0.016949
20	9	0.015385
20	10	0.017544
20	11	0.035714
20	12	0.016949
20	13	0.016949
20	14	0.014706
20	15	0.021277
20	16	0.017544
20	17	0.020000
20	18	0.033333
20	19	0.006452
20	21	0.008065
20	22	0.007299
20	23	0.007692
20	24	0.008772
20	25	0.008850
20	26	0.006757
20	28	0.008065
20	29	0.009901
20	30	0.008772
20	31	0.008621
20	32	0.009804
20	33	0.010526
20	34	0.012048
20	35	0.010753
20	37	0.015152
20	38	0.011494
20	40	0.012195
20	41	0.015385
20	42	0.013699
20	44	0.013699
20	48	0.016129
20	49	0.015873
20	51	0.019231
20	53	0.013699
20	54	0.016393
20	59	0.021277
20	64	0.021277
20	65	0.020408
20	67	0.018182
20	71	0.016667
20	73	0.018519
20	76	0.016667
20	77	0.022222
20	78	0.021739
20	79	0.025000
20	83	0.017857
20	88	0.018868
20	93	0.020833
20	96	0.023256
20	103	0.030303
20	108	0.021739
20	109	0.025641
20	111	0.031250
20	114	0.032258
20	118	0.030303
20	119	0.028571
20	120	0.029412
20	122	0.023256
20	125	0.025000
20	129	0.032258
20	132	0.022727
20	133	0.019608
20	149	0.027027
20	152	0.038462
20	164	0.037037
20	168	0.037037
20	170	0.027027
20	172	0.038462
20	186	0.033333
20	193	0.028571
20	196	0.031250
20	197	0.034483
20	207	0.037037
20	212	0.035714
20	215	0.038462
20	219	0.035714
20	220	0.043478
20	221	0.035714
20	223	0.035714
20	225	0.040000
20	227	0.038462
20	230	0.032258
20	233	0.030303
20	236	0.041667
20	239	0.035714
20	263	0.047619
20	264	0.034483
20	272	0.041667
20	275	0.041667
20	279	0.043478
20	281	0.047619
20	300	0.050000
20	305	0.040000
20	318	0.041667
20	321	0.050000
20	327	0.050000
20	331	0.047619
20	336	0.045455
20	349	0.052632
20	354	0.050000
20	361	0.050000
20	362	0.047619
20	368	0.047619
20	373	0.055556
20	379	0.052632
20	397	0.047619
20	411	0.052632
20	414	0.055556
20	420	0.052632
20	422	0.055556
20	423	0.050000
20	425	0.055556
20	428	0.052632
20	429	0.055556
20	438	0.055556
20	439	0.055556
20	450	0.055556
21	0	0.007752
21	1	0.012346
21	2	0.024390
21	3	0.018519
21	4	0.012048
21	5	0.040000
21	6	0.013514
21	7	0.016949
21	8	0.020408
21	9	0.015385
21	10	0.017544
21	11	0.035714
21	14	0.014706
21	16	0.017544
21	17	0.020000
21	18	0.033333
21	19	0.006452
21	20	0.008000
21	22	0.007299
21	23	0.007692
21	24	0.008772
21	25	0.008850
21	26	0.006757
21	27	0.008130
21	29	0.009901
21	30	0.008772
21	32	0.009804
21	34	0.012048
21	35	0.010753
21	36	0.015152
21	37	0.015152
21	38	0.011494
21	41	0.015385
21	42	0.013699
21	46	0.013158
21	47	0.008850
21	49	0.015873
21	50	0.016393
21	51	0.019231
21	53	0.013699
21	54	0.016393
21	55	0.013699
21	58	0.016667
21	59	0.021277
21	62	0.016949
21	64	0.021277
21	67	0.018182
21	69	0.029412
21	70	0.019608
21	71	0.016667
21	73	0.018519
21	75	0.020833
21	76	0.016667
21	77	0.022222
21	88	0.018868
21	89	0.022222
21	95	0.022222
21	99	0.030303
21	102	0.022727
21	104	0.023810
21	108	0.021739
21	114	0.032258
21	116	0.023256
21	123	0.032258
21	124	0.031250
21	125	0.025000
21	129	0.032258
21	136	0.030303
21	138	0.029412
21	139	0.028571
21	142	0.034483
21	144	0.024390
21	148	0.027778
21	151	0.029412
21	153	0.024390
21	155	0.040000
21	160	0.029412
21	161	0.037037
21	166	0.038462
21	169	0.031250
21	170	0.027027
21	172	0.038462
21	177	0.033333
21	181	0.034483
21	189	0.035714
21	196	0.031250
21	200	0.052632
21	203	0.031250
21	211	0.035714
21	213	0.038462
21	217	0.038462
21	229	0.050000
21	231	0.038462
21	244	0.034483
21	261	0.037037
21	265	0.045455
21	268	0.045455
21	270	0.043478
21	277	0.050000
21	289	0.045455
21	291	0.045455
21	295	0.043478
21	307	0.045455
21	316	0.043478
21	325	0.037037
21	338	0.050000
21	343	0.045455
21	346	0.040000
21	357	0.047619
21	372	0.047619
21	375	0.055556
21	384	0.055556
21	387	0.050000
21	399	0.055556
21	402	0.052632
21	408	0.052632
21	410	0.055556
21	417	0.050000
21	421	0.055556
21	424	0.055556
21	426	0.050000
21	428	0.052632
21	432	0.055556
21	446	0.055556
22	0	0.007752
22	1	0.012346
22	2	0.024390
22	3	0.018519
22	4	0.012048
22	6	0.013514
22	7	0.016949
22	8	0.020408
22	9	0.015385
22	10	0.017544
22	12	0.016949
22	13	0.016949
22	14	0.014706
22	17	0.020000
22	18	0.033333
22	19	0.006452
22	20	0.008000
22	21	0.008065
22	23	0.007692
22	24	0.008772
22	25	0.008850
22	26	0.006757
22	27	0.008130
22	28	0.008065
22	29	0.009901
22	30	0.008772
22	32	0.009804
22	34	0.012048
22	36	0.015152
22	37	0.015152
22	38	0.011494
22	39	0.015873
22	40	0.012195
22	42	0.013699
22	45	0.012821
22	46	0.013158
22	47	0.008850
22	48	0.016129
22	49	0.015873
22	50	0.016393
22	53	0.013699
22	56	0.013699
22	59	0.021277
22	61	0.011765
22	64	0.021277
22	66	0.023810
22	68	0.019231
22	70	0.019608
22	72	0.016667
22	74	0.015152
22	75	0.020833
22	76	0.016667
22	77	0.022222
22	79	0.025000
22	80	0.023256
22	83	0.017857
22	87	0.016949
22	89	0.022222
22	91	0.020000
22	101	0.020408
22	104	0.023810
22	105	0.025000
22	109	0.025641
22	112	0.026316
22	117	0.032258
22	124	0.031250
22	129	0.032258
22	139	0.028571
22	143	0.035714
22	146	0.034483
22	151	0.029412
22	154	0.033333
22	159	0.043478
22	162	0.037037
22	163	0.028571
22	165	0.034483
22	169	0.031250
22	170	0.027027
22	172	0.038462
22	175	0.034483
22	176	0.028571
22	178	0.041667
22	180	0.028571
22	184	0.043478
22	185	0.031250
22	197	0.034483
22	198	0.030303
22	202	0.034483
22	217	0.038462
22	218	0.033333
22	219	0.035714
22	223	0.035714
22	226	0.038462
22	228	0.047619
22	230	0.032258
22	239	0.035714
22	249	0.041667
22	254	0.043478
22	267	0.038462
22	269	0.043478
22	278	0.035714
22	281	0.047619
22	288	0.047619
22	291	0.045455
22	292	0.050000
22	295	0.043478
22	298	0.043478
22	302	0.052632
22	305	0.040000
22	309	0.043478
22	313	0.047619
22	316	0.043478
22	317	0.045455
22	336	0.045455
22	337	0.047619
22	341	0.045455
22	345	0.045455
22	347	0.043478
22	352	0.047619
22	354	0.050000
22	355	0.052632
22	356	0.045455
22	359	0.047619
22	363	0.043478
22	365	0.052632
22	366	0.047619
22	383	0.050000
22	387	0.050000
22	392	0.050000
22	393	0.052632
22	416	0.055556
22	417	0.050000
22	435	0.055556
22	436	0.052632
22	440	0.055556
22	442	0.055556
22	451	0.055556
23	0	0.007752
23	1	0.012346
23	2	0.024390
23	3	0.018519
23	6	0.013514
23	7	0.016949
23	8	0.020408
23	9	0.015385
23	10	0.017544
23	12	0.016949
23	13	0.016949
23	14	0.014706
23	16	0.017544
23	17	0.020000
23	19	0.006452
23	20	0.008000
23	21	0.008065
23	22	0.007299
23	24	0.008772
23	25	0.008850
23	26	0.006757
23	27	0.008130
23	28	0.008065
23	29	0.009901
23	30	0.008772
23	31	0.008621
23	33	0.010526
23	35	0.010753
23	36	0.015152
23	38	0.011494
23	39	0.015873
23	41	0.015385
23	42	0.013699
23	44	0.013699
23	45	0.012821
23	49	0.015873
23	50	0.016393
23	54	0.016393
23	55	0.013699
23	57	0.013333
23	60	0.016949
23	61	0.011765
23	62	0.016949
23	64	0.021277
23	67	0.018182
23	68	0.019231
23	69	0.029412
23	70	0.019608
23	76	0.016667
23	78	0.021739
23	79	0.025000
23	81	0.018868
23	82	0.018519
23	85	0.023256
23	87	0.016949
23	89	0.022222
23	90	0.020833
23	94	0.022727
23	95	0.022222
23	96	0.023256
23	97	0.025641
23	100	0.019231
23	104	0.023810
23	106	0.025000
23	113	0.026316
23	118	0.030303
23	124	0.031250
23	125	0.025000
23	126	0.027027
23	130	0.028571
23	143	0.035714
23	147	0.038462
23	149	0.027027
23	150	0.026316
23	156	0.032258
23	159	0.043478
23	160	0.029412
23	166	0.038462
23	169	0.031250
23	170	0.027027
23	174	0.027027
23	175	0.034483
23	177	0.033333
23	178	0.041667
23	189	0.035714
23	194	0.029412
23	195	0.029412
23	196	0.031250
23	203	0.031250
23	206	0.027778
23	210	0.045455
23	212	0.035714
23	214	0.038462
23	215	0.038462
23	219	0.035714
23	228	0.047619
23	229	0.050000
23	230	0.032258
23	235	0.026316
23	239	0.035714
23	240	0.037037
23	249	0.041667
23	267	0.038462
23	268	0.045455
23	274	0.041667
23	278	0.035714
23	282	0.043478
23	287	0.047619
23	291	0.045455
23	303	0.041667
23	305	0.040000
23	307	0.045455
23	315	0.043478
23	331	0.047619
23	333	0.047619
23	349	0.052632
23	355	0.052632
23	357	0.047619
23	386	0.055556
23	387	0.050000
23	396	0.055556
23	397	0.047619
23	403	0.047619
23	418	0.055556
23	422	0.055556
23	428	0.052632
23	435	0.055556
23	442	0.055556
23	444	0.055556
23	450	0.055556
24	0	0.007752
24	1	0.012346
24	3	0.018519
24	4	0.012048
24	5	0.040000
24	6	0.013514
24	7	0.016949
24	8	0.020408
24	12	0.016949
24	13	0.016949
24	14	0.014706
24	16	0.017544
24	18	0.033333
24	19	0.006452
24	20	0.008000
24	21	0.008065
24	22	0.007299
24	23	0.007692
24	25	0.008850
24	26	0.006757
24	27	0.008130
24	28	0.008065
24	29	0.009901
24	30	0.008772
24	31	0.008621
24	32	0.009804
24	34	0.012048
24	35	0.010753
24	36	0.015152
24	41	0.015385
24	42	0.013699
24	43	0.016129
24	44	0.013699
24	46	0.013158
24	47	0.008850
24	48	0.016129
24	49	0.015873
24	52	0.015873
24	53	0.013699
24	54	0.016393
24	55	0.013699
24	56	0.013699
24	60	0.016949
24	61	0.011765
24	62	0.016949
24	63	0.021277
24	65	0.020408
24	68	0.019231
24	69	0.029412
24	73	0.018519
24	75	0.020833
24	80	0.023256
24	81	0.018868
24	89	0.022222
24	92	0.023810
24	93	0.020833
24	97	0.025641
24	98	0.025000
24	106	0.025000
24	107	0.021277
24	109	0.025641
24	113	0.026316
24	123	0.032258
24	128	0.020833
24	129	0.032258
24	137	0.035714
24	144	0.024390
24	145	0.028571
24	151	0.029412
24	152	0.038462
24	158	0.038462
24	163	0.028571
24	171	0.034483
24	172	0.038462
24	177	0.033333
24	178	0.041667
24	179	0.032258
24	184	0.043478
24	197	0.034483
24	209	0.035714
24	221	0.035714
24	224	0.045455
24	226	0.038462
24	232	0.041667
24	237	0.032258
24	247	0.043478
24	252	0.052632
24	254	0.043478
24	263	0.047619
24	279	0.043478
24	283	0.040000
24	289	0.045455
24	292	0.050000
24	293	0.043478
24	299	0.037037
24	311	0.040000
24	312	0.043478
24	314	0.050000
24	332	0.041667
24	347	0.043478
24	357	0.047619
24	368	0.047619
24	373	0.055556
24	377	0.055556
24	378	0.045455
24	379	0.052632
24	383	0.050000
24	386	0.055556
24	399	0.055556
24	402	0.052632
24	407	0.047619
24	425	0.055556
24	439	0.055556
24	442	0.055556
25	0	0.007752
25	1	0.012346
25	3	0.018519
25	4	0.012048
25	6	0.013514
25	7	0.016949
25	10	0.017544
25	11	0.035714
25	12	0.016949
25	13	0.016949
25	17	0.020000
25	18	0.033333
25	19	0.006452
25	20	0.008000
25	21	0.008065
25	22	0.007299
25	23	0.007692
25	24	0.008772
25	26	0.006757
25	27	0.008130
25	28	0.008065
25	29	0.009901
25	30	0.008772
25	33	0.010526
25	34	0.012048
25	36	0.015152
25	37	0.015152
25	38	0.011494
25	40	0.012195
25	43	0.016129
25	45	0.012821
25	46	0.013158
25	48	0.016129
25	49	0.015873
25	50	0.016393
25	56	0.013699
25	59	0.021277
25	67	0.018182
25	71	0.016667
25	74	0.015152
25	75	0.020833
25	77	0.022222
25	80	0.023256
25	81	0.018868
25	89	0.022222
25	100	0.019231
25	101	0.020408
25	106	0.025000
25	112	0.026316
25	119	0.028571
25	122	0.023256
25	125	0.025000
25	126	0.027027
25	135	0.030303
25	138	0.029412
25	140	0.026316
25	141	0.035714
25	142	0.034483
25	145	0.028571
25	149	0.027027
25	152	0.038462
25	162	0.037037
25	167	0.043478
25	168	0.037037
25	172	0.038462
25	176	0.028571
25	177	0.033333
25	198	0.030303
25	200	0.052632
25	211	0.035714
25	219	0.035714
25	220	0.043478
25	231	0.038462
25	236	0.041667
25	239	0.035714
25	243	0.038462
25	250	0.032258
25	253	0.037037
25	257	0.047619
25	264	0.034483
25	269	0.043478
25	272	0.041667
25	281	0.047619
25	286	0.047619
25	294	0.045455
25	301	0.035714
25	304	0.055556
25	316	0.043478
25	318	0.041667
25	325	0.037037
25	326	0.045455
25	327	0.050000
25	330	0.040000
25	337	0.047619
25	339	0.050000
25	341	0.045455
25	348	0.047619
25	358	0.050000
25	359	0.047619
25	361	0.050000
25	364	0.052632
25	365	0.052632
25	370	0.047619
25	374	0.052632
25	382	0.052632
25	384	0.055556
25	386	0.055556
25	393	0.052632
25	396	0.055556
25	420	0.052632
25	424	0.055556
25	431	0.052632
25	432	0.055556
26	0	0.007752
26	2	0.024390
26	3	0.018519
26	4	0.012048
26	5	0.040000
26	8	0.020408
26	10	0.017544
26	11	0.035714
26	12	0.016949
26	14	0.014706
26	16	0.017544
26	19	0.006452
26	20	0.008000
26	21	0.008065
26	22	0.007299
26	23	0.007692
26	24	0.008772
26	25	0.008850
26	27	0.008130
26	28	0.008065
26	29	0.009901
26	30	0.008772
26	31	0.008621
26	32	0.009804
26	34	0.012048
26	35	0.010753
26	36	0.015152
26	38	0.011494
26	40	0.012195
26	43	0.016129
26	44	0.013699
26	46	0.013158
26	47	0.008850
26	48	0.016129
26	49	0.015873
26	50	0.016393
26	51	0.019231
26	52	0.015873
26	55	0.013699
26	56	0.013699
26	57	0.013333
26	60	0.016949
26	61	0.011765
26	64	0.021277
26	66	0.023810
26	68	0.019231
26	69	0.029412
26	72	0.016667
26	74	0.015152
26	77	0.022222
26	79	0.025000
26	81	0.018868
26	88	0.018868
26	91	0.020000
26	95	0.022222
26	98	0.025000
26	102	0.022727
26	103	0.030303
26	108	0.021739
26	113	0.026316
26	114	0.032258
26	116	0.023256
26	118	0.030303
26	119	0.028571
26	120	0.029412
26	124	0.031250
26	125	0.025000
26	126	0.027027
26	138	0.029412
26	147	0.038462
26	148	0.027778
26	149	0.027027
26	151	0.029412
26	154	0.033333
26	163	0.028571
26	165	0.034483
26	167	0.043478
26	172	0.038462
26	177	0.033333
26	181	0.034483
26	183	0.040000
26	184	0.043478
26	190	0.035714
26	195	0.029412
26	197	0.034483
26	199	0.040000
26	208	0.041667
26	209	0.035714
26	212	0.035714
26	213	0.038462
26	216	0.038462
26	219	0.035714
26	224	0.045455
26	226	0.038462
26	233	0.030303
26	239	0.035714
26	240	0.037037
26	245	0.040000
26	248	0.047619
26	250	0.032258
26	253	0.037037
26	258	0.038462
26	259	0.047619
26	260	0.047619
26	261	0.037037
26	266	0.052632
26	267	0.038462
26	274	0.041667
26	277	0.050000
26	285	0.045455
26	286	0.047619
26	292	0.050000
26	293	0.043478
26	294	0.045455
26	301	0.035714
26	304	0.055556
26	308	0.038462
26	309	0.043478
26	310	0.043478
26	313	0.047619
26	316	0.043478
26	330	0.040000
26	335	0.050000
26	343	0.045455
26	344	0.055556
26	352	0.047619
26	353	0.050000
26	361	0.050000
26	363	0.043478
26	365	0.052632
26	366	0.047619
26	371	0.045455
26	372	0.047619
26	380	0.047619
26	381	0.050000
26	383	0.050000
26	391	0.055556
26	399	0.055556
26	402	0.052632
26	406	0.050000
26	409	0.055556
26	413	0.055556
26	419	0.055556
26	426	0.050000
26	427	0.052632
26	433	0.055556
26	436	0.052632
26	440	0.055556
27	0	0.007752
27	2	0.024390
27	3	0.018519
27	5	0.040000
27	6	0.013514
27	7	0.016949
27	9	0.015385
27	12	0.016949
27	14	0.014706
27	16	0.017544
27	18	0.033333
27	19	0.006452
27	21	0.008065
27	22	0.007299
27	23	0.007692
27	24	0.008772
27	25	0.008850
27	26	0.006757
27	28	0.008065
27	29	0.009901
27	30	0.008772
27	31	0.008621
27	32	0.009804
27	35	0.010753
27	36	0.015152
27	38	0.011494
27	39	0.015873
27	40	0.012195
27	41	0.015385
27	42	0.013699
27	44	0.013699
27	45	0.012821
27	46	0.013158
27	48	0.016129
27	49	0.015873
27	50	0.016393
27	51	0.019231
27	55	0.013699
27	56	0.013699
27	59	0.021277
27	61	0.011765
27	62	0.016949
27	64	0.021277
27	65	0.020408
27	69	0.029412
27	71	0.016667
27	73	0.018519
27	74	0.015152
27	79	0.025000
27	80	0.023256
27	83	0.017857
27	85	0.023256
27	86	0.020000
27	89	0.022222
27	90	0.020833
27	94	0.022727
27	97	0.025641
27	99	0.030303
27	102	0.022727
27	107	0.021277
27	108	0.021739
27	114	0.032258
27	119	0.028571
27	121	0.029412
27	131	0.025000
27	137	0.035714
27	138	0.029412
27	140	0.026316
27	146	0.034483
27	148	0.027778
27	151	0.029412
27	158	0.038462
27	160	0.029412
27	161	0.037037
27	163	0.028571
27	169	0.031250
27	173	0.037037
27	176	0.028571
27	179	0.032258
27	182	0.031250
27	189	0.035714
27	206	0.027778
27	209	0.035714
27	222	0.045455
27	223	0.035714
27	228	0.047619
27	233	0.030303
27	237	0.032258
27	258	0.038462
27	259	0.047619
27	260	0.047619
27	267	0.038462
27	275	0.041667
27	292	0.050000
27	295	0.043478
27	298	0.043478
27	302	0.052632
27	304	0.055556
27	306	0.045455
27	308	0.038462
27	311	0.040000
27	312	0.043478
27	317	0.045455
27	324	0.041667
27	327	0.050000
27	345	0.045455
27	352	0.047619
27	355	0.052632
27	357	0.047619
27	371	0.045455
27	379	0.052632
27	395	0.055556
27	398	0.055556
27	399	0.055556
27	402	0.052632
27	406	0.050000
27	413	0.055556
27	414	0.055556
27	419	0.055556
27	425	0.055556
27	433	0.055556
27	438	0.055556
27	445	0.055556
28	0	0.007752
28	1	0.012346
28	3	0.018519
28	4	0.012048
28	6	0.013514
28	7	0.016949
28	10	0.017544
28	12	0.016949
28	16	0.017544
28	17	0.020000
28	19	0.006452
28	20	0.008000
28	22	0.007299
28	23	0.007692
28	24	0.008772
28	25	0.008850
28	26	0.006757
28	27	0.008130
28	29	0.009901
28	30	0.008772
28	34	0.012048
28	35	0.010753
28	37	0.015152
28	38	0.011494
28	39	0.015873
28	40	0.012195
28	41	0.015385
28	42	0.013699
28	44	0.013699
28	45	0.012821
28	46	0.013158
28	47	0.008850
28	52	0.015873
28	53	0.013699
28	54	0.016393
28	60	0.016949
28	61	0.011765
28	62	0.016949
28	63	0.021277
28	65	0.020408
28	69	0.029412
28	70	0.019608
28	71	0.016667
28	72	0.016667
28	74	0.015152
28	82	0.018519
28	84	0.028571
28	87	0.016949
28	90	0.020833
28	92	0.023810
28	106	0.025000
28	107	0.021277
28	108	0.021739
28	109	0.025641
28	120	0.029412
28	121	0.029412
28	122	0.023256
28	126	0.027027
28	127	0.029412
28	128	0.020833
28	130	0.028571
28	131	0.025000
28	132	0.022727
28	134	0.029412
28	137	0.035714
28	139	0.028571
28	140	0.026316
28	142	0.034483
28	150	0.026316
28	159	0.043478
28	165	0.034483
28	166	0.038462
28	168	0.037037
28	171	0.034483
28	174	0.027027
28	177	0.033333
28	182	0.031250
28	190	0.035714
28	194	0.029412
28	202	0.034483
28	210	0.045455
28	218	0.033333
28	229	0.050000
28	231	0.038462
28	237	0.032258
28	241	0.043478
28	259	0.047619
28	260	0.047619
28	261	0.037037
28	263	0.047619
28	264	0.034483
28	265	0.045455
28	270	0.043478
28	280	0.040000
28	285	0.045455
28	287	0.047619
28	295	0.043478
28	300	0.050000
28	304	0.055556
28	313	0.047619
28	318	0.041667
28	324	0.041667
28	339	0.050000
28	340	0.052632
28	343	0.045455
28	346	0.040000
28	349	0.052632
28	353	0.050000
28	371	0.045455
28	373	0.055556
28	374	0.052632
28	377	0.055556
28	382	0.052632
28	394	0.052632
28	404	0.052632
28	406	0.050000
28	412	0.052632
28	417	0.050000
28	420	0.052632
28	430	0.055556
28	431	0.052632
28	438	0.055556
28	446	0.055556
28	450	0.055556
29	0	0.007752
29	4	0.012048
29	5	0.040000
29	8	0.020408
29	9	0.015385
29	10	0.017544
29	13	0.016949
29	14	0.014706
29	17	0.020000
29	20	0.008000
29	21	0.008065
29	22	0.007299
29	23	0.007692
29	24	0.008772
29	25	0.008850
29	26	0.006757
29	27	0.008130
29	28	0.008065
29	30	0.008772
29	31	0.008621
29	32	0.009804
29	33	0.010526
29	34	0.012048
29	37	0.015152
29	39	0.015873
29	48	0.016129
29	49	0.015873
29	51	0.019231
29	52	0.015873
29	53	0.013699
29	54	0.016393
29	58	0.016667
29	59	0.021277
29	61	0.011765
29	62	0.016949
29	66	0.023810
29	67	0.018182
29	68	0.019231
29	71	0.016667
29	72	0.016667
29	75	0.020833
29	85	0.023256
29	88	0.018868
29	91	0.020000
29	94	0.022727
29	95	0.022222
29	100	0.019231
29	105	0.025000
29	107	0.021277
29	112	0.026316
29	113	0.026316
29	116	0.023256
29	117	0.032258
29	124	0.031250
29	132	0.022727
29	135	0.030303
29	136	0.030303
29	140	0.026316
29	144	0.024390
29	152	0.038462
29	155	0.040000
29	157	0.027027
29	159	0.043478
29	162	0.037037
29	163	0.028571
29	180	0.028571
29	185	0.031250
29	187	0.038462
29	212	0.035714
29	221	0.035714
29	227	0.038462
29	240	0.037037
29	251	0.050000
29	253	0.037037
29	256	0.040000
29	265	0.045455
29	266	0.052632
29	268	0.045455
29	272	0.041667
29	273	0.037037
29	282	0.043478
29	286	0.047619
29	287	0.047619
29	309	0.043478
29	337	0.047619
29	348	0.047619
29	358	0.050000
29	370	0.047619
29	372	0.047619
29	383	0.050000
29	388	0.045455
29	393	0.052632
29	394	0.052632
29	398	0.055556
29	399	0.055556
29	411	0.052632
29	413	0.055556
29	426	0.050000
29	427	0.052632
29	429	0.055556
29	452	0.055556
30	0	0.007752
30	1	0.012346
30	6	0.013514
30	8	0.020408
30	10	0.017544
30	11	0.035714
30	17	0.020000
30	19	0.006452
30	20	0.008000
30	21	0.008065
30	22	0.007299
30	23	0.007692
30	24	0.008772
30	25	0.008850
30	26	0.006757
30	27	0.008130
30	28	0.008065
30	29	0.009901
30	32	0.009804
30	33	0.010526
30	35	0.010753
30	39	0.015873
30	43	0.016129
30	44	0.013699
30	48	0.016129
30	51	0.019231
30	52	0.015873
30	54	0.016393
30	56	0.013699
30	57	0.013333
30	58	0.016667
30	59	0.021277
30	60	0.016949
30	67	0.018182
30	68	0.019231
30	69	0.029412
30	72	0.016667
30	73	0.018519
30	75	0.020833
30	76	0.016667
30	78	0.021739
30	80	0.023256
30	86	0.020000
30	93	0.020833
30	95	0.022222
30	97	0.025641
30	101	0.020408
30	103	0.030303
30	109	0.025641
30	111	0.031250
30	120	0.029412
30	122	0.023256
30	125	0.025000
30	127	0.029412
30	129	0.032258
30	139	0.028571
30	141	0.035714
30	146	0.034483
30	153	0.024390
30	156	0.032258
30	157	0.027027
30	158	0.038462
30	165	0.034483
30	169	0.031250
30	172	0.038462
30	174	0.027027
30	178	0.041667
30	179	0.032258
30	195	0.029412
30	196	0.031250
30	201	0.045455
30	202	0.034483
30	203	0.031250
30	205	0.047619
30	207	0.037037
30	211	0.035714
30	213	0.038462
30	215	0.038462
30	217	0.038462
30	241	0.043478
30	243	0.038462
30	251	0.050000
30	266	0.052632
30	272	0.041667
30	283	0.040000
30	291	0.045455
30	294	0.045455
30	299	0.037037
30	300	0.050000
30	314	0.050000
30	320	0.047619
30	323	0.045455
30	331	0.047619
30	333	0.047619
30	346	0.040000
30	350	0.050000
30	356	0.045455
30	361	0.050000
30	370	0.047619
30	375	0.055556
30	376	0.052632
30	381	0.050000
30	386	0.055556
30	388	0.045455
30	391	0.055556
30	400	0.052632
30	401	0.055556
30	402	0.052632
30	409	0.055556
30	411	0.052632
30	426	0.050000
30	431	0.052632
30	432	0.055556
30	438	0.055556
31	0	0.007752
31	1	0.012346
31	3	0.018519
31	4	0.012048
31	5	0.040000
31	7	0.016949
31	8	0.020408
31	10	0.017544
31	11	0.035714
31	12	0.016949
31	17	0.020000
31	19	0.006452
31	20	0.008000
31	23	0.007692
31	24	0.008772
31	26	0.006757
31	27	0.008130
31	29	0.009901
31	32	0.009804
31	33	0.010526
31	34	0.012048
31	38	0.011494
31	40	0.012195
31	41	0.015385
31	42	0.013699
31	44	0.013699
31	45	0.012821
31	47	0.008850
31	51	0.019231
31	56	0.013699
31	57	0.013333
31	58	0.016667
31	59	0.021277
31	60	0.016949
31	62	0.016949
31	63	0.021277
31	64	0.021277
31	65	0.020408
31	74	0.015152
31	81	0.018868
31	88	0.018868
31	91	0.020000
31	92	0.023810
31	97	0.025641
31	101	0.020408
31	103	0.030303
31	104	0.023810
31	107	0.021277
31	109	0.025641
31	111	0.031250
31	113	0.026316
31	115	0.021739
31	116	0.023256
31	117	0.032258
31	118	0.030303
31	119	0.028571
31	122	0.023256
31	128	0.020833
31	129	0.032258
31	131	0.025000
31	150	0.026316
31	152	0.038462
31	154	0.033333
31	161	0.037037
31	171	0.034483
31	178	0.041667
31	180	0.028571
31	181	0.034483
31	193	0.028571
31	198	0.030303
31	199	0.040000
31	200	0.052632
31	212	0.035714
31	213	0.038462
31	214	0.038462
31	219	0.035714
31	220	0.043478
31	224	0.045455
31	228	0.047619
31	236	0.041667
31	239	0.035714
31	242	0.047619
31	249	0.041667
31	251	0.050000
31	258	0.038462
31	261	0.037037
31	266	0.052632
31	267	0.038462
31	282	0.043478
31	283	0.040000
31	287	0.047619
31	290	0.043478
31	295	0.043478
31	300	0.050000
31	306	0.045455
31	307	0.045455
31	310	0.043478
31	331	0.047619
31	332	0.041667
31	333	0.047619
31	334	0.043478
31	347	0.043478
31	350	0.050000
31	351	0.050000
31	354	0.050000
31	358	0.050000
31	363	0.043478
31	375	0.055556
31	378	0.045455
31	392	0.050000
31	417	0.050000
31	425	0.055556
31	428	0.052632
31	437	0.055556
31	448	0.055556
31	452	0.055556
32	0	0.007752
32	1	0.012346
32	4	0.012048
32	6	0.013514
32	9	0.015385
32	12	0.016949
32	15	0.021277
32	17	0.020000
32	19	0.006452
32	20	0.008000
32	21	0.008065
32	22	0.007299
32	24	0.008772
32	26	0.006757
32	27	0.008130
32	29	0.009901
32	30	0.008772
32	31	0.008621
32	33	0.010526
32	35	0.010753
32	39	0.015873
32	42	0.013699
32	43	0.016129
32	51	0.019231
32	53	0.013699
32	60	0.016949
32	61	0.011765
32	62	0.016949
32	64	0.021277
32	68	0.019231
32	69	0.029412
32	70	0.019608
32	72	0.016667
32	78	0.021739
32	80	0.023256
32	81	0.018868
32	87	0.016949
32	90	0.020833
32	92	0.023810
32	95	0.022222
32	98	0.025000
32	100	0.019231
32	102	0.022727
32	105	0.025000
32	113	0.026316
32	119	0.028571
32	128	0.020833
32	129	0.032258
32	134	0.029412
32	137	0.035714
32	140	0.026316
32	146	0.034483
32	156	0.032258
32	159	0.043478
32	179	0.032258
32	183	0.040000
32	193	0.028571
32	194	0.029412
32	208	0.041667
32	209	0.035714
32	212	0.035714
32	215	0.038462
32	216	0.038462
32	217	0.038462
32	219	0.035714
32	220	0.043478
32	223	0.035714
32	236	0.041667
32	237	0.032258
32	244	0.034483
32	246	0.032258
32	259	0.047619
32	268	0.045455
32	276	0.045455
32	277	0.050000
32	286	0.047619
32	288	0.047619
32	293	0.043478
32	294	0.045455
32	297	0.035714
32	306	0.045455
32	308	0.038462
32	323	0.045455
32	329	0.052632
32	336	0.045455
32	338	0.050000
32	350	0.050000
32	352	0.047619
32	354	0.050000
32	356	0.045455
32	371	0.045455
32	373	0.055556
32	374	0.052632
32	381	0.050000
32	391	0.055556
32	405	0.050000
32	417	0.050000
32	429	0.055556
32	436	0.052632
32	444	0.055556
32	448	0.055556
32	452	0.055556
33	0	0.007752
33	6	0.013514
33	7	0.016949
33	9	0.015385
33	10	0.017544
33	11	0.035714
33	14	0.014706
33	15	0.021277
33	16	0.017544
33	17	0.020000
33	19	0.006452
33	20	0.008000
33	23	0.007692
33	25	0.008850
33	29	0.009901
33	30	0.008772
33	31	0.008621
33	32	0.009804
33	34	0.012048
33	36	0.015152
33	37	0.015152
33	39	0.015873
33	40	0.012195
33	49	0.015873
33	51	0.019231
33	53	0.013699
33	57	0.013333
33	59	0.021277
33	61	0.011765
33	62	0.016949
33	64	0.021277
33	69	0.029412
33	73	0.018519
33	74	0.015152
33	75	0.020833
33	76	0.016667
33	79	0.025000
33	81	0.018868
33	84	0.028571
33	85	0.023256
33	86	0.020000
33	90	0.020833
33	100	0.019231
33	102	0.022727
33	105	0.025000
33	108	0.021739
33	114	0.032258
33	115	0.021739
33	121	0.029412
33	132	0.022727
33	135	0.030303
33	136	0.030303
33	141	0.035714
33	149	0.027027
33	151	0.029412
33	153	0.024390
33	160	0.029412
33	162	0.037037
33	164	0.037037
33	176	0.028571
33	181	0.034483
33	182	0.031250
33	184	0.043478
33	189	0.035714
33	191	0.030303
33	243	0.038462
33	246	0.032258
33	247	0.043478
33	249	0.041667
33	251	0.050000
33	253	0.037037
33	255	0.038462
33	258	0.038462
33	265	0.045455
33	284	0.045455
33	286	0.047619
33	294	0.045455
33	318	0.041667
33	320	0.047619
33	327	0.050000
33	338	0.050000
33	342	0.055556
33	345	0.045455
33	346	0.040000
33	351	0.050000
33	365	0.052632
33	369	0.050000
33	386	0.055556
33	392	0.050000
33	399	0.055556
33	405	0.050000
33	441	0.052632
33	442	0.055556
33	443	0.055556
33	449	0.055556
34	1	0.012346
34	4	0.012048
34	7	0.016949
34	9	0.015385
34	12	0.016949
34	14	0.014706
34	15	0.021277
34	19	0.006452
34	20	0.008000
34	21	0.008065
34	22	0.007299
34	24	0.008772
34	25	0.008850
34	26	0.006757
34	28	0.008065
34	29	0.009901
34	31	0.008621
34	33	0.010526
34	35	0.010753
34	36	0.015152
34	38	0.011494
34	40	0.012195
34	41	0.015385
34	43	0.016129
34	45	0.012821
34	47	0.008850
34	48	0.016129
34	52	0.015873
34	57	0.013333
34	58	0.016667
34	64	0.021277
34	69	0.029412
34	74	0.015152
34	77	0.022222
34	79	0.025000
34	83	0.017857
34	85	0.023256
34	86	0.020000
34	87	0.016949
34	93	0.020833
34	97	0.025641
34	101	0.020408
34	103	0.030303
34	117	0.032258
34	118	0.030303
34	119	0.028571
34	142	0.034483
34	145	0.028571
34	146	0.034483
34	162	0.037037
34	172	0.038462
34	173	0.037037
34	177	0.033333
34	192	0.037037
34	195	0.029412
34	203	0.031250
34	208	0.041667
34	210	0.045455
34	214	0.038462
34	248	0.047619
34	276	0.045455
34	282	0.043478
34	287	0.047619
34	288	0.047619
34	296	0.043478
34	297	0.035714
34	309	0.043478
34	320	0.047619
34	326	0.045455
34	332	0.041667
34	342	0.055556
34	346	0.040000
34	351	0.050000
34	362	0.047619
34	366	0.047619
34	376	0.052632
34	383	0.050000
34	384	0.055556
34	387	0.050000
34	426	0.050000
34	430	0.055556
34	435	0.055556
34	444	0.055556
35	0	0.007752
35	1	0.012346
35	6	0.013514
35	7	0.016949
35	10	0.017544
35	15	0.021277
35	17	0.020000
35	19	0.006452
35	20	0.008000
35	21	0.008065
35	23	0.007692
35	24	0.008772
35	26	0.006757
35	27	0.008130
35	28	0.008065
35	30	0.008772
35	32	0.009804
35	34	0.012048
35	36	0.015152
35	37	0.015152
35	41	0.015385
35	44	0.013699
35	46	0.013158
35	55	0.013699
35	57	0.013333
35	61	0.011765
35	63	0.021277
35	66	0.023810
35	72	0.016667
35	75	0.020833
35	77	0.022222
35	80	0.023256
35	82	0.018519
35	84	0.028571
35	88	0.018868
35	89	0.022222
35	91	0.020000
35	92	0.023810
35	106	0.025000
35	110	0.023810
35	119	0.028571
35	121	0.029412
35	127	0.029412
35	130	0.028571
35	131	0.025000
35	137	0.035714
35	139	0.028571
35	140	0.026316
35	147	0.038462
35	148	0.027778
35	157	0.027027
35	164	0.037037
35	182	0.031250
35	183	0.040000
35	189	0.035714
35	194	0.029412
35	205	0.047619
35	207	0.037037
35	210	0.045455
35	221	0.035714
35	223	0.035714
35	231	0.038462
35	232	0.041667
35	238	0.040000
35	269	0.043478
35	272	0.041667
35	273	0.037037
35	274	0.041667
35	278	0.035714
35	281	0.047619
35	289	0.045455
35	303	0.041667
35	320	0.047619
35	323	0.045455
35	332	0.041667
35	337	0.047619
35	345	0.045455
35	358	0.050000
35	367	0.055556
35	369	0.050000
35	373	0.055556
35	383	0.050000
35	414	0.055556
35	415	0.055556
35	422	0.055556
35	426	0.050000
35	431	0.052632
35	432	0.055556
35	434	0.055556
35	435	0.055556
35	437	0.055556
35	439	0.055556
35	446	0.055556
36	0	0.007752
36	1	0.012346
36	4	0.012048
36	6	0.013514
36	10	0.017544
36	14	0.014706
36	16	0.017544
36	19	0.006452
36	21	0.008065
36	22	0.007299
36	23	0.007692
36	24	0.008772
36	25	0.008850
36	26	0.006757
36	27	0.008130
36	33	0.010526
36	34	0.012048
36	35	0.010753
36	39	0.015873
36	43	0.016129
36	44	0.013699
36	45	0.012821
36	49	0.015873
36	50	0.016393
36	55	0.013699
36	57	0.013333
36	63	0.021277
36	65	0.020408
36	72	0.016667
36	83	0.017857
36	85	0.023256
36	93	0.020833
36	99	0.030303
36	100	0.019231
36	107	0.021277
36	109	0.025641
36	116	0.023256
36	123	0.032258
36	125	0.025000
36	128	0.020833
36	149	0.027027
36	157	0.027027
36	174	0.027027
36	177	0.033333
36	185	0.031250
36	200	0.052632
36	208	0.041667
36	217	0.038462
36	223	0.035714
36	236	0.041667
36	242	0.047619
36	258	0.038462
36	273	0.037037
36	275	0.041667
36	279	0.043478
36	282	0.043478
36	304	0.055556
36	311	0.040000
36	343	0.045455
36	365	0.052632
36	373	0.055556
36	374	0.052632
36	395	0.055556
36	396	0.055556
36	407	0.047619
36	427	0.052632
37	0	0.007752
37	1	0.012346
37	3	0.018519
37	5	0.040000
37	6	0.013514
37	8	0.020408
37	9	0.015385
37	12	0.016949
37	14	0.014706
37	19	0.006452
37	20	0.008000
37	21	0.008065
37	22	0.007299
37	25	0.008850
37	28	0.008065
37	29	0.009901
37	33	0.010526
37	35	0.010753
37	44	0.013699
37	47	0.008850
37	56	0.013699
37	68	0.019231
37	72	0.016667
37	74	0.015152
37	77	0.022222
37	87	0.016949
37	112	0.026316
37	115	0.021739
37	117	0.032258
37	124	0.031250
37	131	0.025000
37	136	0.030303
37	142	0.034483
37	155	0.040000
37	156	0.032258
37	157	0.027027
37	168	0.037037
37	173	0.037037
37	179	0.032258
37	181	0.034483
37	192	0.037037
37	193	0.028571
37	198	0.030303
37	216	0.038462
37	234	0.040000
37	250	0.032258
37	259	0.047619
37	285	0.045455
37	290	0.043478
37	294	0.045455
37	296	0.043478
37	298	0.043478
37	309	0.043478
37	315	0.043478
37	318	0.041667
37	324	0.041667
37	331	0.047619
37	348	0.047619
37	360	0.045455
37	368	0.047619
37	395	0.055556
37	424	0.055556
37	430	0.055556
37	435	0.055556
37	438	0.055556
37	452	0.055556
38	0	0.007752
38	3	0.018519
38	7	0.016949
38	12	0.016949
38	14	0.014706
38	16	0.017544
38	17	0.020000
38	19	0.006452
38	20	0.008000
38	21	0.008065
38	22	0.007299
38	23	0.007692
38	25	0.008850
38	26	0.006757
38	27	0.008130
38	28	0.008065
38	31	0.008621
38	34	0.012048
38	39	0.015873
38	41	0.015385
38	43	0.016129
38	47	0.008850
38	49	0.015873
38	50	0.016393
38	54	0.016393
38	55	0.013699
38	56	0.013699
38	57	0.013333
38	64	0.021277
38	65	0.020408
38	68	0.019231
38	69	0.029412
38	70	0.019608
38	74	0.015152
38	75	0.020833
38	76	0.016667
38	77	0.022222
38	78	0.021739
38	81	0.018868
38	84	0.028571
38	87	0.016949
38	88	0.018868
38	91	0.020000
38	92	0.023810
38	93	0.020833
38	96	0.023256
38	100	0.019231
38	102	0.022727
38	106	0.025000
38	107	0.021277
38	113	0.026316
38	138	0.029412
38	140	0.026316
38	143	0.035714
38	144	0.024390
38	145	0.028571
38	161	0.037037
38	184	0.043478
38	187	0.038462
38	188	0.043478
38	191	0.030303
38	205	0.047619
38	209	0.035714
38	215	0.038462
38	218	0.033333
38	220	0.043478
38	233	0.030303
38	236	0.041667
38	251	0.050000
38	261	0.037037
38	277	0.050000
38	287	0.047619
38	305	0.040000
38	312	0.043478
38	317	0.045455
38	342	0.055556
38	363	0.043478
38	370	0.047619
38	372	0.047619
38	384	0.055556
38	386	0.055556
38	387	0.050000
38	390	0.055556
38	393	0.052632
38	415	0.055556
38	418	0.055556
38	439	0.055556
39	0	0.007752
39	3	0.018519
39	4	0.012048
39	8	0.020408
39	12	0.016949
39	13	0.016949
39	15	0.021277
39	19	0.006452
39	22	0.007299
39	23	0.007692
39	27	0.008130
39	28	0.008065
39	29	0.009901
39	30	0.008772
39	32	0.009804
39	33	0.010526
39	36	0.015152
39	38	0.011494
39	41	0.015385
39	43	0.016129
39	45	0.012821
39	47	0.008850
39	52	0.015873
39	54	0.016393
39	63	0.021277
39	71	0.016667
39	77	0.022222
39	79	0.025000
39	80	0.023256
39	85	0.023256
39	86	0.020000
39	87	0.016949
39	89	0.022222
39	94	0.022727
39	103	0.030303
39	109	0.025641
39	123	0.032258
39	132	0.022727
39	144	0.024390
39	163	0.028571
39	178	0.041667
39	199	0.040000
39	206	0.027778
39	218	0.033333
39	228	0.047619
39	241	0.043478
39	245	0.040000
39	256	0.040000
39	263	0.047619
39	273	0.037037
39	274	0.041667
39	288	0.047619
39	309	0.043478
39	322	0.045455
39	334	0.043478
39	338	0.050000
39	340	0.052632
39	357	0.047619
39	361	0.050000
39	366	0.047619
39	414	0.055556
39	421	0.055556
39	424	0.055556
40	0	0.007752
40	4	0.012048
40	7	0.016949
40	9	0.015385
40	12	0.016949
40	13	0.016949
40	14	0.014706
40	17	0.020000
40	19	0.006452
40	20	0.008000
40	22	0.007299
40	25	0.008850
40	26	0.006757
40	27	0.008130
40	28	0.008065
40	31	0.008621
40	33	0.010526
40	34	0.012048
40	41	0.015385
40	44	0.013699
40	45	0.012821
40	47	0.008850
40	48	0.016129
40	50	0.016393
40	52	0.015873
40	53	0.013699
40	54	0.016393
40	62	0.016949
40	63	0.021277
40	78	0.021739
40	84	0.028571
40	85	0.023256
40	86	0.020000
40	89	0.022222
40	90	0.020833
40	91	0.020000
40	98	0.025000
40	112	0.026316
40	127	0.029412
40	133	0.019608
40	137	0.035714
40	146	0.034483
40	152	0.038462
40	159	0.043478
40	170	0.027027
40	174	0.027027
40	181	0.034483
40	197	0.034483
40	202	0.034483
40	213	0.038462
40	216	0.038462
40	222	0.045455
40	224	0.045455
40	227	0.038462
40	237	0.032258
40	241	0.043478
40	245	0.040000
40	246	0.032258
40	247	0.043478
40	254	0.043478
40	258	0.038462
40	263	0.047619
40	271	0.040000
40	272	0.041667
40	276	0.045455
40	289	0.045455
40	291	0.045455
40	296	0.043478
40	297	0.035714
40	307	0.045455
40	334	0.043478
40	339	0.050000
40	349	0.052632
40	350	0.050000
40	355	0.052632
40	364	0.052632
40	367	0.055556
40	371	0.045455
40	377	0.055556
40	383	0.050000
40	386	0.055556
40	407	0.047619
41	1	0.012346
41	6	0.013514
41	8	0.020408
41	17	0.020000
41	18	0.033333
41	19	0.006452
41	20	0.008000
41	21	0.008065
41	23	0.007692
41	24	0.008772
41	27	0.008130
41	28	0.008065
41	31	0.008621
41	34	0.012048
41	35	0.010753
41	38	0.011494
41	39	0.015873
41	40	0.012195
41	43	0.016129
41	46	0.013158
41	48	0.016129
41	50	0.016393
41	63	0.021277
41	65	0.020408
41	70	0.019608
41	71	0.016667
41	76	0.016667
41	84	0.028571
41	90	0.020833
41	95	0.022222
41	98	0.025000
41	115	0.021739
41	118	0.030303
41	123	0.032258
41	130	0.028571
41	133	0.019608
41	137	0.035714
41	187	0.038462
41	193	0.028571
41	195	0.029412
41	211	0.035714
41	247	0.043478
41	249	0.041667
41	268	0.045455
41	269	0.043478
41	271	0.040000
41	278	0.035714
41	281	0.047619
41	289	0.045455
41	310	0.043478
41	342	0.055556
41	345	0.045455
41	346	0.040000
41	354	0.050000
41	360	0.045455
41	363	0.043478
41	381	0.050000
41	388	0.045455
41	402	0.052632
41	412	0.052632
41	424	0.055556
41	435	0.055556
41	436	0.052632
41	447	0.055556
41	452	0.055556
42	0	0.007752
42	1	0.012346
42	4	0.012048
42	10	0.017544
42	11	0.035714
42	13	0.016949
42	14	0.014706
42	16	0.017544
42	19	0.006452
42	20	0.008000
42	21	0.008065
42	22	0.007299
42	23	0.007692
42	24	0.008772
42	27	0.008130
42	28	0.008065
42	31	0.008621
42	32	0.009804
42	43	0.016129
42	46	0.013158
42	51	0.019231
42	52	0.015873
42	53	0.013699
42	56	0.013699
42	63	0.021277
42	68	0.019231
42	78	0.021739
42	81	0.018868
42	82	0.018519
42	86	0.020000
42	90	0.020833
42	96	0.023256
42	98	0.025000
42	104	0.023810
42	113	0.026316
42	118	0.030303
42	126	0.027027
42	128	0.020833
42	132	0.022727
42	134	0.029412
42	135	0.030303
42	141	0.035714
42	145	0.028571
42	155	0.040000
42	162	0.037037
42	169	0.031250
42	186	0.033333
42	191	0.030303
42	209	0.035714
42	216	0.038462
42	228	0.047619
42	235	0.026316
42	238	0.040000
42	243	0.038462
42	248	0.047619
42	251	0.050000
42	262	0.040000
42	293	0.043478
42	299	0.037037
42	307	0.045455
42	326	0.045455
42	331	0.047619
42	336	0.045455
42	357	0.047619
42	366	0.047619
42	369	0.050000
42	375	0.055556
42	381	0.050000
42	395	0.055556
42	406	0.050000
42	411	0.052632
42	451	0.055556
42	452	0.055556
43	0	0.007752
43	1	0.012346
43	9	0.015385
43	10	0.017544
43	14	0.014706
43	16	0.017544
43	18	0.033333
43	24	0.008772
43	25	0.008850
43	26	0.006757
43	30	0.008772
43	32	0.009804
43	34	0.012048
43	36	0.015152
43	38	0.011494
43	39	0.015873
43	41	0.015385
43	42	0.013699
43	46	0.013158
43	47	0.008850
43	52	0.015873
43	56	0.013699
43	58	0.016667
43	61	0.011765
43	74	0.015152
43	78	0.021739
43	90	0.020833
43	96	0.023256
43	104	0.023810
43	106	0.025000
43	115	0.021739
43	130	0.028571
43	148	0.027778
43	162	0.037037
43	166	0.038462
43	178	0.041667
43	185	0.031250
43	186	0.033333
43	192	0.037037
43	199	0.040000
43	207	0.037037
43	222	0.045455
43	232	0.041667
43	234	0.040000
43	239	0.035714
43	251	0.050000
43	275	0.041667
43	283	0.040000
43	309	0.043478
43	315	0.043478
43	329	0.052632
43	332	0.041667
43	337	0.047619
43	342	0.055556
43	348	0.047619
43	355	0.052632
43	361	0.050000
43	381	0.050000
43	383	0.050000
43	408	0.052632
43	415	0.055556
43	421	0.055556
44	0	0.007752
44	2	0.024390
44	3	0.018519
44	6	0.013514
44	7	0.016949
44	19	0.006452
44	20	0.008000
44	23	0.007692
44	24	0.008772
44	26	0.006757
44	27	0.008130
44	28	0.008065
44	30	0.008772
44	31	0.008621
44	35	0.010753
44	36	0.015152
44	37	0.015152
44	40	0.012195
44	47	0.008850
44	48	0.016129
44	49	0.015873
44	52	0.015873
44	58	0.016667
44	59	0.021277
44	66	0.023810
44	71	0.016667
44	73	0.018519
44	77	0.022222
44	80	0.023256
44	81	0.018868
44	83	0.017857
44	84	0.028571
44	93	0.020833
44	95	0.022222
44	96	0.023256
44	98	0.025000
44	99	0.030303
44	101	0.020408
44	102	0.022727
44	114	0.032258
44	129	0.032258
44	131	0.025000
44	134	0.029412
44	136	0.030303
44	138	0.029412
44	147	0.038462
44	180	0.028571
44	184	0.043478
44	188	0.043478
44	201	0.045455
44	205	0.047619
44	206	0.027778
44	216	0.038462
44	224	0.045455
44	237	0.032258
44	272	0.041667
44	291	0.045455
44	303	0.041667
44	305	0.040000
44	321	0.050000
44	326	0.045455
44	350	0.050000
44	354	0.050000
44	370	0.047619
44	391	0.055556
44	393	0.052632
44	394	0.052632
44	400	0.052632
44	407	0.047619
44	413	0.055556
44	420	0.052632
44	440	0.055556
44	447	0.055556
45	0	0.007752
45	4	0.012048
45	5	0.040000
45	7	0.016949
45	8	0.020408
45	13	0.016949
45	18	0.033333
45	19	0.006452
45	22	0.007299
45	23	0.007692
45	25	0.008850
45	27	0.008130
45	28	0.008065
45	31	0.008621
45	34	0.012048
45	36	0.015152
45	39	0.015873
45	40	0.012195
45	46	0.013158
45	51	0.019231
45	56	0.013699
45	58	0.016667
45	59	0.021277
45	66	0.023810
45	72	0.016667
45	83	0.017857
45	84	0.028571
45	88	0.018868
45	94	0.022727
45	101	0.020408
45	102	0.022727
45	104	0.023810
45	105	0.025000
45	115	0.021739
45	124	0.031250
45	138	0.029412
45	142	0.034483
45	150	0.026316
45	155	0.040000
45	161	0.037037
45	162	0.037037
45	166	0.038462
45	175	0.034483
45	191	0.030303
45	193	0.028571
45	200	0.052632
45	202	0.034483
45	203	0.031250
45	213	0.038462
45	226	0.038462
45	229	0.050000
45	230	0.032258
45	231	0.038462
45	255	0.038462
45	257	0.047619
45	258	0.038462
45	262	0.040000
45	263	0.047619
45	269	0.043478
45	272	0.041667
45	275	0.041667
45	278	0.035714
45	283	0.040000
45	294	0.045455
45	304	0.055556
45	318	0.041667
45	327	0.050000
45	343	0.045455
45	344	0.055556
45	347	0.043478
45	369	0.050000
45	377	0.055556
45	379	0.052632
45	381	0.050000
45	385	0.055556
45	398	0.055556
45	403	0.047619
45	410	0.055556
46	2	0.024390
46	3	0.018519
46	8	0.020408
46	10	0.017544
46	13	0.016949
46	19	0.006452
46	21	0.008065
46	22	0.007299
46	24	0.008772
46	25	0.008850
46	26	0.006757
46	27	0.008130
46	28	0.008065
46	35	0.010753
46	41	0.015385
46	42	0.013699
46	43	0.016129
46	45	0.012821
46	53	0.013699
46	58	0.016667
46	62	0.016949
46	63	0.021277
46	72	0.016667
46	76	0.016667
46	78	0.021739
46	85	0.023256
46	87	0.016949
46	100	0.019231
46	110	0.023810
46	125	0.025000
46	126	0.027027
46	130	0.028571
46	139	0.028571
46	140	0.026316
46	146	0.034483
46	149	0.027027
46	156	0.032258
46	165	0.034483
46	170	0.027027
46	171	0.034483
46	175	0.034483
46	177	0.033333
46	194	0.029412
46	201	0.045455
46	205	0.047619
46	206	0.027778
46	218	0.033333
46	226	0.038462
46	236	0.041667
46	238	0.040000
46	240	0.037037
46	244	0.034483
46	247	0.043478
46	251	0.050000
46	252	0.052632
46	263	0.047619
46	276	0.045455
46	280	0.040000
46	282	0.043478
46	299	0.037037
46	310	0.043478
46	311	0.040000
46	315	0.043478
46	318	0.041667
46	323	0.045455
46	324	0.041667
46	328	0.050000
46	333	0.047619
46	346	0.040000
46	368	0.047619
46	375	0.055556
46	385	0.055556
46	413	0.055556
46	418	0.055556
46	431	0.052632
46	452	0.055556
47	4	0.012048
47	11	0.035714
47	16	0.017544
47	17	0.020000
47	19	0.006452
47	21	0.008065
47	22	0.007299
47	24	0.008772
47	26	0.006757
47	28	0.008065
47	31	0.008621
47	34	0.012048
47	37	0.015152
47	38	0.011494
47	39	0.015873
47	40	0.012195
47	43	0.016129
47	44	0.013699
47	50	0.016393
47	52	0.015873
47	56	0.013699
47	58	0.016667
47	59	0.021277
47	60	0.016949
47	65	0.020408
47	66	0.023810
47	67	0.018182
47	69	0.029412
47	71	0.016667
47	72	0.016667
47	73	0.018519
47	76	0.016667
47	78	0.021739
47	79	0.025000
47	80	0.023256
47	81	0.018868
47	82	0.018519
47	87	0.016949
47	89	0.022222
47	91	0.020000
47	92	0.023810
47	98	0.025000
47	100	0.019231
47	101	0.020408
47	103	0.030303
47	104	0.023810
47	108	0.021739
47	110	0.023810
47	113	0.026316
47	121	0.029412
47	125	0.025000
47	129	0.032258
47	136	0.030303
47	140	0.026316
47	142	0.034483
47	143	0.035714
47	144	0.024390
47	154	0.033333
47	156	0.032258
47	160	0.029412
47	162	0.037037
47	164	0.037037
47	166	0.038462
47	170	0.027027
47	176	0.028571
47	179	0.032258
47	182	0.031250
47	184	0.043478
47	192	0.037037
47	200	0.052632
47	211	0.035714
47	214	0.038462
47	221	0.035714
47	222	0.045455
47	233	0.030303
47	234	0.040000
47	242	0.047619
47	248	0.047619
47	250	0.032258
47	253	0.037037
47	256	0.040000
47	257	0.047619
47	260	0.047619
47	262	0.040000
47	263	0.047619
47	283	0.040000
47	285	0.045455
47	289	0.045455
47	293	0.043478
47	295	0.043478
47	297	0.035714
47	303	0.041667
47	308	0.038462
47	311	0.040000
47	316	0.043478
47	326	0.045455
47	329	0.052632
47	338	0.050000
47	341	0.045455
47	342	0.055556
47	344	0.055556
47	346	0.040000
47	347	0.043478
47	350	0.050000
47	352	0.047619
47	369	0.050000
47	385	0.055556
47	401	0.055556
47	408	0.052632
47	410	0.055556
47	418	0.055556
47	429	0.055556
47	439	0.055556
48	0	0.007752
48	1	0.012346
48	8	0.020408
48	12	0.016949
48	18	0.033333
48	19	0.006452
48	20	0.008000
48	22	0.007299
48	24	0.008772
48	25	0.008850
48	26	0.006757
48	27	0.008130
48	29	0.009901
48	30	0.008772
48	34	0.012048
48	40	0.012195
48	41	0.015385
48	44	0.013699
48	50	0.016393
48	52	0.015873
48	53	0.013699
48	62	0.016949
48	64	0.021277
48	70	0.019608
48	84	0.028571
48	89	0.022222
48	91	0.020000
48	92	0.023810
48	93	0.020833
48	101	0.020408
48	121	0.029412
48	124	0.031250
48	128	0.020833
48	132	0.022727
48	137	0.035714
48	139	0.028571
48	140	0.026316
48	155	0.040000
48	156	0.032258
48	158	0.038462
48	165	0.034483
48	183	0.040000
48	191	0.030303
48	197	0.034483
48	204	0.032258
48	223	0.035714
48	241	0.043478
48	246	0.032258
48	274	0.041667
48	276	0.045455
48	280	0.040000
48	312	0.043478
48	327	0.050000
48	334	0.043478
48	361	0.050000
48	369	0.050000
48	384	0.055556
48	391	0.055556
48	404	0.052632
48	412	0.052632
48	419	0.055556
48	429	0.055556
49	0	0.007752
49	1	0.012346
49	10	0.017544
49	18	0.033333
49	19	0.006452
49	20	0.008000
49	21	0.008065
49	22	0.007299
49	23	0.007692
49	24	0.008772
49	25	0.008850
49	26	0.006757
49	27	0.008130
49	29	0.009901
49	33	0.010526
49	36	0.015152
49	38	0.011494
49	44	0.013699
49	51	0.019231
49	52	0.015873
49	53	0.013699
49	55	0.013699
49	57	0.013333
49	58	0.016667
49	67	0.018182
49	68	0.019231
49	70	0.019608
49	78	0.021739
49	83	0.017857
49	84	0.028571
49	85	0.023256
49	89	0.022222
49	90	0.020833
49	91	0.020000
49	108	0.021739
49	134	0.029412
49	137	0.035714
49	180	0.028571
49	181	0.034483
49	191	0.030303
49	200	0.052632
49	204	0.032258
49	227	0.038462
49	237	0.032258
49	247	0.043478
49	252	0.052632
49	271	0.040000
49	273	0.037037
49	286	0.047619
49	288	0.047619
49	298	0.043478
49	312	0.043478
49	313	0.047619
49	314	0.050000
49	321	0.050000
49	358	0.050000
49	373	0.055556
49	415	0.055556
49	421	0.055556
49	424	0.055556
49	428	0.052632
49	433	0.055556
49	443	0.055556
50	2	0.024390
50	7	0.016949
50	9	0.015385
50	12	0.016949
50	14	0.014706
50	19	0.006452
50	21	0.008065
50	22	0.007299
50	23	0.007692
50	25	0.008850
50	26	0.006757
50	27	0.008130
50	36	0.015152
50	38	0.011494
50	40	0.012195
50	41	0.015385
50	47	0.008850
50	48	0.016129
50	55	0.013699
50	58	0.016667
50	64	0.021277
50	66	0.023810
50	67	0.018182
50	70	0.019608
50	71	0.016667
50	74	0.015152
50	83	0.017857
50	84	0.028571
50	93	0.020833
50	94	0.022727
50	97	0.025641
50	98	0.025000
50	103	0.030303
50	122	0.023256
50	150	0.026316
50	173	0.037037
50	174	0.027027
50	180	0.028571
50	185	0.031250
50	188	0.043478
50	220	0.043478
50	237	0.032258
50	256	0.040000
50	257	0.047619
50	271	0.040000
50	280	0.040000
50	308	0.038462
50	314	0.050000
50	315	0.043478
50	326	0.045455
50	331	0.047619
50	337	0.047619
50	369	0.050000
50	375	0.055556
50	386	0.055556
50	409	0.055556
50	420	0.052632
50	421	0.055556
50	423	0.050000
50	435	0.055556
50	437	0.055556
51	0	0.007752
51	1	0.012346
51	4	0.012048
51	9	0.015385
51	10	0.017544
51	19	0.006452
51	20	0.008000
51	21	0.008065
51	26	0.006757
51	27	0.008130
51	29	0.009901
51	30	0.008772
51	31	0.008621
51	32	0.009804
51	33	0.010526
51	42	0.013699
51	45	0.012821
51	49	0.015873
51	59	0.021277
51	66	0.023810
51	84	0.028571
51	102	0.022727
51	105	0.025000
51	113	0.026316
51	114	0.032258
51	116	0.023256
51	128	0.020833
51	143	0.035714
51	144	0.024390
51	170	0.027027
51	177	0.033333
51	186	0.033333
51	190	0.035714
51	192	0.037037
51	193	0.028571
51	196	0.031250
51	204	0.032258
51	213	0.038462
51	217	0.038462
51	228	0.047619
51	262	0.040000
51	294	0.045455
51	347	0.043478
51	367	0.055556
51	371	0.045455
51	374	0.052632
51	379	0.052632
51	396	0.055556
51	398	0.055556
51	436	0.052632
51	438	0.055556
51	445	0.055556
52	5	0.040000
52	14	0.014706
52	17	0.020000
52	19	0.006452
52	24	0.008772
52	26	0.006757
52	28	0.008065
52	29	0.009901
52	30	0.008772
52	34	0.012048
52	39	0.015873
52	40	0.012195
52	42	0.013699
52	43	0.016129
52	44	0.013699
52	47	0.008850
52	48	0.016129
52	49	0.015873
52	55	0.013699
52	61	0.011765
52	74	0.015152
52	79	0.025000
52	82	0.018519
52	86	0.020000
52	95	0.022222
52	96	0.023256
52	97	0.025641
52	101	0.020408
52	111	0.031250
52	115	0.021739
52	121	0.029412
52	127	0.029412
52	139	0.028571
52	149	0.027027
52	150	0.026316
52	159	0.043478
52	176	0.028571
52	192	0.037037
52	200	0.052632
52	212	0.035714
52	222	0.045455
52	225	0.040000
52	234	0.040000
52	240	0.037037
52	247	0.043478
52	259	0.047619
52	279	0.043478
52	284	0.045455
52	295	0.043478
52	313	0.047619
52	329	0.052632
52	335	0.050000
52	349	0.052632
52	353	0.050000
52	364	0.052632
52	375	0.055556
52	376	0.052632
52	377	0.055556
52	402	0.052632
52	410	0.055556
52	411	0.052632
52	433	0.055556
52	451	0.055556
53	2	0.024390
53	9	0.015385
53	13	0.016949
53	16	0.017544
53	19	0.006452
53	20	0.008000
53	21	0.008065
53	22	0.007299
53	24	0.008772
53	28	0.008065
53	29	0.009901
53	32	0.009804
53	33	0.010526
53	40	0.012195
53	42	0.013699
53	46	0.013158
53	48	0.016129
53	49	0.015873
53	54	0.016393
53	56	0.013699
53	57	0.013333
53	58	0.016667
53	59	0.021277
53	60	0.016949
53	63	0.021277
53	66	0.023810
53	79	0.025000
53	85	0.023256
53	87	0.016949
53	93	0.020833
53	94	0.022727
53	101	0.020408
53	106	0.025000
53	113	0.026316
53	114	0.032258
53	118	0.030303
53	120	0.029412
53	124	0.031250
53	138	0.029412
53	147	0.038462
53	153	0.024390
53	161	0.037037
53	179	0.032258
53	187	0.038462
53	188	0.043478
53	210	0.045455
53	223	0.035714
53	230	0.032258
53	235	0.026316
53	242	0.047619
53	254	0.043478
53	258	0.038462
53	265	0.045455
53	269	0.043478
53	277	0.050000
53	291	0.045455
53	292	0.050000
53	302	0.052632
53	307	0.045455
53	310	0.043478
53	322	0.045455
53	330	0.040000
53	339	0.050000
53	346	0.040000
53	359	0.047619
53	360	0.045455
53	375	0.055556
53	376	0.052632
53	377	0.055556
53	405	0.050000
53	416	0.055556
53	429	0.055556
53	440	0.055556
54	0	0.007752
54	2	0.024390
54	3	0.018519
54	7	0.016949
54	9	0.015385
54	13	0.016949
54	14	0.014706
54	20	0.008000
54	21	0.008065
54	23	0.007692
54	24	0.008772
54	28	0.008065
54	29	0.009901
54	30	0.008772
54	38	0.011494
54	39	0.015873
54	40	0.012195
54	53	0.013699
54	55	0.013699
54	72	0.016667
54	86	0.020000
54	120	0.029412
54	126	0.027027
54	130	0.028571
54	131	0.025000
54	133	0.019608
54	135	0.030303
54	136	0.030303
54	139	0.028571
54	148	0.027778
54	171	0.034483
54	182	0.031250
54	185	0.031250
54	193	0.028571
54	200	0.052632
54	205	0.047619
54	213	0.038462
54	224	0.045455
54	229	0.050000
54	236	0.041667
54	243	0.038462
54	248	0.047619
54	264	0.034483
54	267	0.038462
54	273	0.037037
54	278	0.035714
54	292	0.050000
54	295	0.043478
54	296	0.043478
54	320	0.047619
54	334	0.043478
54	348	0.047619
54	351	0.050000
54	364	0.052632
54	370	0.047619
54	405	0.050000
54	407	0.047619
54	423	0.050000
54	433	0.055556
54	438	0.055556
54	446	0.055556
55	1	0.012346
55	4	0.012048
55	6	0.013514
55	12	0.016949
55	15	0.021277
55	19	0.006452
55	21	0.008065
55	23	0.007692
55	24	0.008772
55	26	0.006757
55	27	0.008130
55	35	0.010753
55	36	0.015152
55	38	0.011494
55	49	0.015873
55	50	0.016393
55	52	0.015873
55	54	0.016393
55	57	0.013333
55	66	0.023810
55	68	0.019231
55	73	0.018519
55	80	0.023256
55	81	0.018868
55	83	0.017857
55	84	0.028571
55	100	0.019231
55	104	0.023810
55	106	0.025000
55	110	0.023810
55	123	0.032258
55	125	0.025000
55	128	0.020833
55	129	0.032258
55	133	0.019608
55	134	0.029412
55	138	0.029412
55	150	0.026316
55	154	0.033333
55	162	0.037037
55	164	0.037037
55	167	0.043478
55	171	0.034483
55	181	0.034483
55	187	0.038462
55	190	0.035714
55	192	0.037037
55	199	0.040000
55	208	0.041667
55	228	0.047619
55	263	0.047619
55	266	0.052632
55	269	0.043478
55	270	0.043478
55	271	0.040000
55	297	0.035714
55	307	0.045455
55	313	0.047619
55	315	0.043478
55	330	0.040000
55	335	0.050000
55	360	0.045455
55	385	0.055556
55	387	0.050000
55	409	0.055556
55	414	0.055556
55	416	0.055556
55	418	0.055556
55	422	0.055556
55	427	0.052632
55	432	0.055556
55	437	0.055556
55	439	0.055556
56	6	0.013514
56	12	0.016949
56	14	0.014706
56	16	0.017544
56	22	0.007299
56	24	0.008772
56	25	0.008850
56	26	0.006757
56	27	0.008130
56	30	0.008772
56	31	0.008621
56	37	0.015152
56	38	0.011494
56	42	0.013699
56	43	0.016129
56	45	0.012821
56	47	0.008850
56	53	0.013699
56	60	0.016949
56	63	0.021277
56	76	0.016667
56	87	0.016949
56	88	0.018868
56	92	0.023810
56	98	0.025000
56	106	0.025000
56	109	0.025641
56	110	0.023810
56	111	0.031250
56	112	0.026316
56	121	0.029412
56	129	0.032258
56	133	0.019608
56	136	0.030303
56	141	0.035714
56	164	0.037037
56	165	0.034483
56	171	0.034483
56	174	0.027027
56	175	0.034483
56	176	0.028571
56	189	0.035714
56	196	0.031250
56	198	0.030303
56	204	0.032258
56	210	0.045455
56	219	0.035714
56	224	0.045455
56	226	0.038462
56	227	0.038462
56	237	0.032258
56	247	0.043478
56	258	0.038462
56	259	0.047619
56	261	0.037037
56	268	0.045455
56	297	0.035714
56	305	0.040000
56	307	0.045455
56	314	0.050000
56	335	0.050000
56	350	0.050000
56	352	0.047619
56	381	0.050000
56	384	0.055556
56	385	0.055556
56	403	0.047619
56	426	0.050000
56	441	0.052632
56	448	0.055556
56	450	0.055556
56	451	0.055556
56	452	0.055556
57	3	0.018519
57	5	0.040000
57	8	0.020408
57	11	0.035714
57	14	0.014706
57	16	0.017544
57	23	0.007692
57	26	0.006757
57	30	0.008772
57	31	0.008621
57	33	0.010526
57	34	0.012048
57	35	0.010753
57	36	0.015152
57	38	0.011494
57	49	0.015873
57	53	0.013699
57	55	0.013699
57	59	0.021277
57	61	0.011765
57	62	0.016949
57	65	0.020408
57	66	0.023810
57	68	0.019231
57	73	0.018519
57	74	0.015152
57	75	0.020833
57	77	0.022222
57	78	0.021739
57	82	0.018519
57	92	0.023810
57	95	0.022222
57	100	0.019231
57	107	0.021277
57	114	0.032258
57	116	0.023256
57	130	0.028571
57	143	0.035714
57	145	0.028571
57	147	0.038462
57	151	0.029412
57	157	0.027027
57	159	0.043478
57	160	0.029412
57	163	0.028571
57	167	0.043478
57	187	0.038462
57	191	0.030303
57	196	0.031250
57	197	0.034483
57	198	0.030303
57	202	0.034483
57	204	0.032258
57	206	0.027778
57	209	0.035714
57	252	0.052632
57	253	0.037037
57	259	0.047619
57	263	0.047619
57	268	0.045455
57	274	0.041667
57	275	0.041667
57	278	0.035714
57	310	0.043478
57	316	0.043478
57	321	0.050000
57	342	0.055556
57	353	0.050000
57	363	0.043478
57	365	0.052632
57	382	0.052632
57	397	0.047619
57	433	0.055556
57	439	0.055556
57	447	0.055556
58	3	0.018519
58	4	0.012048
58	6	0.013514
58	12	0.016949
58	19	0.006452
58	21	0.008065
58	29	0.009901
58	30	0.008772
58	31	0.008621
58	34	0.012048
58	43	0.016129
58	44	0.013699
58	45	0.012821
58	46	0.013158
58	47	0.008850
58	49	0.015873
58	50	0.016393
58	53	0.013699
58	61	0.011765
58	65	0.020408
58	66	0.023810
58	67	0.018182
58	75	0.020833
58	96	0.023256
58	110	0.023810
58	113	0.026316
58	114	0.032258
58	115	0.021739
58	131	0.025000
58	133	0.019608
58	136	0.030303
58	138	0.029412
58	140	0.026316
58	144	0.024390
58	148	0.027778
58	173	0.037037
58	174	0.027027
58	175	0.034483
58	216	0.038462
58	217	0.038462
58	232	0.041667
58	243	0.038462
58	250	0.032258
58	251	0.050000
58	257	0.047619
58	277	0.050000
58	280	0.040000
58	309	0.043478
58	329	0.052632
58	333	0.047619
58	339	0.050000
58	345	0.045455
58	368	0.047619
58	373	0.055556
58	378	0.045455
58	404	0.052632
58	408	0.052632
58	426	0.050000
58	446	0.055556
58	450	0.055556
59	3	0.018519
59	11	0.035714
59	19	0.006452
59	20	0.008000
59	21	0.008065
59	22	0.007299
59	25	0.008850
59	27	0.008130
59	29	0.009901
59	30	0.008772
59	31	0.008621
59	33	0.010526
59	44	0.013699
59	45	0.012821
59	47	0.008850
59	51	0.019231
59	53	0.013699
59	57	0.013333
59	65	0.020408
59	69	0.029412
59	73	0.018519
59	83	0.017857
59	94	0.022727
59	101	0.020408
59	103	0.030303
59	112	0.026316
59	134	0.029412
59	144	0.024390
59	146	0.034483
59	162	0.037037
59	165	0.034483
59	189	0.035714
59	222	0.045455
59	231	0.038462
59	260	0.047619
59	293	0.043478
59	311	0.040000
59	313	0.047619
59	323	0.045455
59	329	0.052632
59	338	0.050000
59	356	0.045455
59	371	0.045455
59	404	0.052632
59	406	0.050000
59	429	0.055556
59	450	0.055556
60	0	0.007752
60	1	0.012346
60	4	0.012048
60	9	0.015385
60	11	0.035714
60	14	0.014706
60	16	0.017544
60	19	0.006452
60	23	0.007692
60	24	0.008772
60	26	0.006757
60	28	0.008065
60	30	0.008772
60	31	0.008621
60	32	0.009804
60	47	0.008850
60	53	0.013699
60	56	0.013699
60	71	0.016667
60	84	0.028571
60	85	0.023256
60	92	0.023810
60	96	0.023256
60	97	0.025641
60	98	0.025000
60	103	0.030303
60	105	0.025000
60	107	0.021277
60	115	0.021739
60	120	0.029412
60	127	0.029412
60	129	0.032258
60	153	0.024390
60	159	0.043478
60	167	0.043478
60	181	0.034483
60	198	0.030303
60	202	0.034483
60	208	0.041667
60	213	0.038462
60	226	0.038462
60	227	0.038462
60	228	0.047619
60	244	0.034483
60	278	0.035714
60	292	0.050000
60	301	0.035714
60	308	0.038462
60	312	0.043478
60	313	0.047619
60	331	0.047619
60	354	0.050000
60	360	0.045455
60	380	0.047619
60	381	0.050000
60	397	0.047619
60	409	0.055556
60	414	0.055556
60	415	0.055556
61	3	0.018519
61	7	0.016949
61	9	0.015385
61	19	0.006452
61	22	0.007299
61	23	0.007692
61	24	0.008772
61	26	0.006757
61	27	0.008130
61	28	0.008065
61	29	0.009901
61	32	0.009804
61	33	0.010526
61	35	0.010753
61	43	0.016129
61	52	0.015873
61	57	0.013333
61	58	0.016667
61	62	0.016949
61	64	0.021277
61	66	0.023810
61	67	0.018182
61	69	0.029412
61	70	0.019608
61	71	0.016667
61	73	0.018519
61	74	0.015152
61	75	0.020833
61	77	0.022222
61	83	0.017857
61	86	0.020000
61	98	0.025000
61	99	0.030303
61	101	0.020408
61	104	0.023810
61	106	0.025000
61	112	0.026316
61	114	0.032258
61	118	0.030303
61	119	0.028571
61	120	0.029412
61	125	0.025000
61	131	0.025000
61	136	0.030303
61	141	0.035714
61	143	0.035714
61	147	0.038462
61	149	0.027027
61	152	0.038462
61	153	0.024390
61	168	0.037037
61	170	0.027027
61	171	0.034483
61	174	0.027027
61	186	0.033333
61	187	0.038462
61	195	0.029412
61	199	0.040000
61	203	0.031250
61	204	0.032258
61	216	0.038462
61	229	0.050000
61	240	0.037037
61	241	0.043478
61	248	0.047619
61	256	0.040000
61	261	0.037037
61	263	0.047619
61	283	0.040000
61	297	0.035714
61	303	0.041667
61	312	0.043478
61	313	0.047619
61	315	0.043478
61	316	0.043478
61	327	0.050000
61	330	0.040000
61	370	0.047619
61	380	0.047619
61	382	0.052632
61	384	0.055556
61	400	0.052632
61	413	0.055556
61	425	0.055556
61	445	0.055556
62	6	0.013514
62	7	0.016949
62	13	0.016949
62	19	0.006452
62	21	0.008065
62	23	0.007692
62	24	0.008772
62	27	0.008130
62	28	0.008065
62	29	0.009901
62	31	0.008621
62	32	0.009804
62	33	0.010526
62	40	0.012195
62	46	0.013158
62	48	0.016129
62	57	0.013333
62	61	0.011765
62	70	0.019608
62	75	0.020833
62	78	0.021739
62	91	0.020000
62	92	0.023810
62	103	0.030303
62	108	0.021739
62	121	0.029412
62	128	0.020833
62	130	0.028571
62	133	0.019608
62	139	0.028571
62	149	0.027027
62	150	0.026316
62	158	0.038462
62	166	0.038462
62	179	0.032258
62	194	0.029412
62	205	0.047619
62	214	0.038462
62	218	0.033333
62	231	0.038462
62	254	0.043478
62	258	0.038462
62	273	0.037037
62	278	0.035714
62	280	0.040000
62	289	0.045455
62	294	0.045455
62	301	0.035714
62	334	0.043478
62	338	0.050000
62	352	0.047619
62	366	0.047619
62	375	0.055556
62	380	0.047619
62	388	0.045455
62	405	0.050000
62	409	0.055556
62	439	0.055556
62	442	0.055556
63	0	0.007752
63	6	0.013514
63	10	0.017544
63	14	0.014706
63	15	0.021277
63	16	0.017544
63	24	0.008772
63	28	0.008065
63	31	0.008621
63	35	0.010753
63	36	0.015152
63	39	0.015873
63	40	0.012195
63	41	0.015385
63	42	0.013699
63	46	0.013158
63	53	0.013699
63	56	0.013699
63	64	0.021277
63	65	0.020408
63	70	0.019608
63	93	0.020833
63	97	0.025641
63	100	0.019231
63	108	0.021739
63	134	0.029412
63	136	0.030303
63	144	0.024390
63	150	0.026316
63	151	0.029412
63	157	0.027027
63	169	0.031250
63	183	0.040000
63	186	0.033333
63	201	0.045455
63	265	0.045455
63	267	0.038462
63	284	0.045455
63	306	0.045455
63	310	0.043478
63	312	0.043478
63	314	0.050000
63	317	0.045455
63	385	0.055556
63	398	0.055556
63	411	0.052632
63	440	0.055556
64	4	0.012048
64	10	0.017544
64	15	0.021277
64	20	0.008000
64	21	0.008065
64	22	0.007299
64	23	0.007692
64	26	0.006757
64	27	0.008130
64	31	0.008621
64	32	0.009804
64	33	0.010526
64	34	0.012048
64	38	0.011494
64	48	0.016129
64	50	0.016393
64	61	0.011765
64	63	0.021277
64	65	0.020408
64	70	0.019608
64	75	0.020833
64	90	0.020833
64	101	0.020408
64	105	0.025000
64	107	0.021277
64	109	0.025641
64	123	0.032258
64	126	0.027027
64	152	0.038462
64	158	0.038462
64	172	0.038462
64	180	0.028571
64	184	0.043478
64	206	0.027778
64	219	0.035714
64	234	0.040000
64	248	0.047619
64	296	0.043478
64	298	0.043478
64	308	0.038462
64	321	0.050000
64	335	0.050000
64	342	0.055556
64	344	0.055556
64	395	0.055556
64	420	0.052632
64	436	0.052632
65	4	0.012048
65	12	0.016949
65	13	0.016949
65	14	0.014706
65	20	0.008000
65	24	0.008772
65	27	0.008130
65	28	0.008065
65	31	0.008621
65	36	0.015152
65	38	0.011494
65	41	0.015385
65	47	0.008850
65	57	0.013333
65	58	0.016667
65	59	0.021277
65	63	0.021277
65	64	0.021277
65	68	0.019231
65	88	0.018868
65	91	0.020000
65	116	0.023256
65	120	0.029412
65	123	0.032258
65	142	0.034483
65	155	0.040000
65	166	0.038462
65	178	0.041667
65	213	0.038462
65	218	0.033333
65	255	0.038462
65	256	0.040000
65	277	0.050000
65	292	0.050000
65	303	0.041667
65	304	0.055556
65	306	0.045455
65	328	0.050000
65	353	0.050000
65	367	0.055556
65	374	0.052632
65	385	0.055556
65	388	0.045455
65	398	0.055556
65	399	0.055556
65	406	0.050000
65	441	0.052632
65	442	0.055556
65	445	0.055556
66	8	0.020408
66	9	0.015385
66	13	0.016949
66	19	0.006452
66	22	0.007299
66	26	0.006757
66	29	0.009901
66	35	0.010753
66	44	0.013699
66	45	0.012821
66	47	0.008850
66	50	0.016393
66	51	0.019231
66	53	0.013699
66	55	0.013699
66	57	0.013333
66	58	0.016667
66	61	0.011765
66	72	0.016667
66	82	0.018519
66	93	0.020833
66	96	0.023256
66	117	0.032258
66	120	0.029412
66	131	0.025000
66	150	0.026316
66	155	0.040000
66	156	0.032258
66	170	0.027027
66	189	0.035714
66	200	0.052632
66	217	0.038462
66	238	0.040000
66	247	0.043478
66	249	0.041667
66	265	0.045455
66	276	0.045455
66	324	0.041667
66	341	0.045455
66	390	0.055556
66	403	0.047619
66	426	0.050000
67	0	0.007752
67	1	0.012346
67	2	0.024390
67	3	0.018519
67	8	0.020408
67	12	0.016949
67	14	0.014706
67	20	0.008000
67	21	0.008065
67	23	0.007692
67	25	0.008850
67	29	0.009901
67	30	0.008772
67	47	0.008850
67	49	0.015873
67	50	0.016393
67	58	0.016667
67	61	0.011765
67	73	0.018519
67	76	0.016667
67	78	0.021739
67	82	0.018519
67	88	0.018868
67	98	0.025000
67	102	0.022727
67	111	0.031250
67	116	0.023256
67	121	0.029412
67	126	0.027027
67	128	0.020833
67	132	0.022727
67	165	0.034483
67	184	0.043478
67	193	0.028571
67	204	0.032258
67	219	0.035714
67	220	0.043478
67	225	0.040000
67	229	0.050000
67	241	0.043478
67	245	0.040000
67	246	0.032258
67	267	0.038462
67	274	0.041667
67	292	0.050000
67	310	0.043478
67	322	0.045455
67	353	0.050000
67	360	0.045455
67	369	0.050000
67	374	0.052632
67	388	0.045455
67	394	0.052632
67	400	0.052632
67	427	0.052632
68	0	0.007752
68	9	0.015385
68	12	0.016949
68	19	0.006452
68	22	0.007299
68	23	0.007692
68	24	0.008772
68	26	0.006757
68	29	0.009901
68	30	0.008772
68	32	0.009804
68	37	0.015152
68	38	0.011494
68	42	0.013699
68	49	0.015873
68	55	0.013699
68	57	0.013333
68	65	0.020408
68	69	0.029412
68	73	0.018519
68	74	0.015152
68	79	0.025000
68	82	0.018519
68	86	0.020000
68	87	0.016949
68	90	0.020833
68	96	0.023256
68	111	0.031250
68	114	0.032258
68	130	0.028571
68	133	0.019608
68	147	0.038462
68	148	0.027778
68	155	0.040000
68	164	0.037037
68	179	0.032258
68	192	0.037037
68	201	0.045455
68	215	0.038462
68	222	0.045455
68	225	0.040000
68	263	0.047619
68	275	0.041667
68	285	0.045455
68	336	0.045455
68	361	0.050000
68	370	0.047619
68	372	0.047619
68	375	0.055556
68	402	0.052632
68	413	0.055556
68	439	0.055556
69	2	0.024390
69	13	0.016949
69	19	0.006452
69	21	0.008065
69	23	0.007692
69	24	0.008772
69	26	0.006757
69	27	0.008130
69	28	0.008065
69	30	0.008772
69	32	0.009804
69	33	0.010526
69	34	0.012048
69	38	0.011494
69	47	0.008850
69	59	0.021277
69	61	0.011765
69	68	0.019231
69	75	0.020833
69	81	0.018868
69	112	0.026316
69	115	0.021739
69	144	0.024390
69	180	0.028571
69	188	0.043478
69	206	0.027778
69	228	0.047619
69	257	0.047619
69	262	0.040000
69	286	0.047619
69	319	0.050000
69	356	0.045455
69	359	0.047619
69	425	0.055556
70	1	0.012346
70	4	0.012048
70	9	0.015385
70	16	0.017544
70	21	0.008065
70	22	0.007299
70	23	0.007692
70	28	0.008065
70	32	0.009804
70	38	0.011494
70	41	0.015385
70	48	0.016129
70	49	0.015873
70	50	0.016393
70	61	0.011765
70	62	0.016949
70	63	0.021277
70	64	0.021277
70	82	0.018519
70	102	0.022727
70	105	0.025000
70	114	0.032258
70	118	0.030303
70	120	0.029412
70	122	0.023256
70	123	0.032258
70	127	0.029412
70	134	0.029412
70	139	0.028571
70	141	0.035714
70	148	0.027778
70	167	0.043478
70	188	0.043478
70	199	0.040000
70	225	0.040000
70	235	0.026316
70	236	0.041667
70	250	0.032258
70	256	0.040000
70	271	0.040000
70	302	0.052632
70	306	0.045455
70	315	0.043478
70	319	0.050000
70	353	0.050000
70	364	0.052632
70	381	0.050000
70	414	0.055556
70	417	0.050000
70	444	0.055556
70	445	0.055556
71	0	0.007752
71	12	0.016949
71	13	0.016949
71	14	0.014706
71	17	0.020000
71	20	0.008000
71	21	0.008065
71	25	0.008850
71	27	0.008130
71	28	0.008065
71	29	0.009901
71	39	0.015873
71	41	0.015385
71	44	0.013699
71	47	0.008850
71	50	0.016393
71	60	0.016949
71	61	0.011765
71	83	0.017857
71	86	0.020000
71	88	0.018868
71	90	0.020833
71	109	0.025641
71	118	0.030303
71	125	0.025000
71	127	0.029412
71	131	0.025000
71	133	0.019608
71	147	0.038462
71	151	0.029412
71	161	0.037037
71	167	0.043478
71	182	0.031250
71	184	0.043478
71	190	0.035714
71	192	0.037037
71	203	0.031250
71	205	0.047619
71	214	0.038462
71	221	0.035714
71	224	0.045455
71	225	0.040000
71	244	0.034483
71	255	0.038462
71	256	0.040000
71	262	0.040000
71	273	0.037037
71	276	0.045455
71	277	0.050000
71	278	0.035714
71	284	0.045455
71	301	0.035714
71	318	0.041667
71	322	0.045455
71	331	0.047619
71	372	0.047619
71	373	0.055556
71	390	0.055556
71	440	0.055556
71	447	0.055556
72	1	0.012346
72	16	0.017544
72	17	0.020000
72	19	0.006452
72	22	0.007299
72	26	0.006757
72	28	0.008065
72	29	0.009901
72	30	0.008772
72	32	0.009804
72	35	0.010753
72	36	0.015152
72	37	0.015152
72	45	0.012821
72	46	0.013158
72	47	0.008850
72	54	0.016393
72	66	0.023810
72	84	0.028571
72	85	0.023256
72	86	0.020000
72	100	0.019231
72	105	0.025000
72	109	0.025641
72	111	0.031250
72	122	0.023256
72	123	0.032258
72	133	0.019608
72	143	0.035714
72	144	0.024390
72	149	0.027027
72	163	0.028571
72	169	0.031250
72	176	0.028571
72	178	0.041667
72	188	0.043478
72	196	0.031250
72	201	0.045455
72	203	0.031250
72	210	0.045455
72	249	0.041667
72	252	0.052632
72	273	0.037037
72	276	0.045455
72	279	0.043478
72	281	0.047619
72	299	0.037037
72	329	0.052632
72	348	0.047619
72	374	0.052632
72	401	0.055556
72	402	0.052632
72	407	0.047619
72	417	0.050000
72	430	0.055556
72	434	0.055556
72	437	0.055556
72	438	0.055556
72	443	0.055556
72	451	0.055556
73	0	0.007752
73	9	0.015385
73	10	0.017544
73	14	0.014706
73	20	0.008000
73	21	0.008065
73	24	0.008772
73	27	0.008130
73	30	0.008772
73	33	0.010526
73	44	0.013699
73	47	0.008850
73	55	0.013699
73	57	0.013333
73	59	0.021277
73	61	0.011765
73	67	0.018182
73	68	0.019231
73	82	0.018519
73	92	0.023810
73	94	0.022727
73	100	0.019231
73	105	0.025000
73	110	0.023810
73	116	0.023256
73	121	0.029412
73	123	0.032258
73	125	0.025000
73	128	0.020833
73	145	0.028571
73	146	0.034483
73	148	0.027778
73	153	0.024390
73	156	0.032258
73	194	0.029412
73	214	0.038462
73	241	0.043478
73	244	0.034483
73	249	0.041667
73	254	0.043478
73	266	0.052632
73	270	0.043478
73	307	0.045455
73	320	0.047619
73	348	0.047619
73	365	0.052632
73	366	0.047619
73	398	0.055556
73	408	0.052632
73	437	0.055556
73	438	0.055556
73	440	0.055556
73	448	0.055556
73	452	0.055556
74	0	0.007752
74	13	0.016949
74	22	0.007299
74	25	0.008850
74	26	0.006757
74	27	0.008130
74	28	0.008065
74	31	0.008621
74	33	0.010526
74	34	0.012048
74	37	0.015152
74	38	0.011494
74	43	0.016129
74	50	0.016393
74	52	0.015873
74	57	0.013333
74	61	0.011765
74	68	0.019231
74	75	0.020833
74	76	0.016667
74	79	0.025000
74	80	0.023256
74	92	0.023810
74	102	0.022727
74	106	0.025000
74	118	0.030303
74	121	0.029412
74	127	0.029412
74	132	0.022727
74	135	0.030303
74	147	0.038462
74	165	0.034483
74	166	0.038462
74	168	0.037037
74	181	0.034483
74	183	0.040000
74	188	0.043478
74	191	0.030303
74	206	0.027778
74	217	0.038462
74	238	0.040000
74	239	0.035714
74	247	0.043478
74	248	0.047619
74	254	0.043478
74	257	0.047619
74	270	0.043478
74	273	0.037037
74	280	0.040000
74	287	0.047619
74	300	0.050000
74	304	0.055556
74	305	0.040000
74	321	0.050000
74	331	0.047619
74	343	0.045455
74	365	0.052632
74	369	0.050000
74	381	0.050000
74	405	0.050000
74	409	0.055556
74	422	0.055556
74	425	0.055556
74	430	0.055556
74	433	0.055556
74	445	0.055556
75	11	0.035714
75	12	0.016949
75	21	0.008065
75	22	0.007299
75	24	0.008772
75	25	0.008850
75	29	0.009901
75	30	0.008772
75	33	0.010526
75	35	0.010753
75	38	0.011494
75	57	0.013333
75	58	0.016667
75	61	0.011765
75	62	0.016949
75	64	0.021277
75	69	0.029412
75	74	0.015152
75	79	0.025000
75	80	0.023256
75	82	0.018519
75	92	0.023810
75	94	0.022727
75	95	0.022222
75	110	0.023810
75	111	0.031250
75	138	0.029412
75	143	0.035714
75	148	0.027778
75	163	0.028571
75	166	0.038462
75	171	0.034483
75	196	0.031250
75	201	0.045455
75	219	0.035714
75	271	0.040000
75	285	0.045455
75	287	0.047619
75	292	0.050000
75	307	0.045455
75	319	0.050000
75	334	0.043478
75	350	0.050000
75	379	0.052632
75	394	0.052632
75	410	0.055556
75	427	0.052632
75	432	0.055556
76	0	0.007752
76	3	0.018519
76	14	0.014706
76	17	0.020000
76	19	0.006452
76	20	0.008000
76	21	0.008065
76	22	0.007299
76	23	0.007692
76	30	0.008772
76	33	0.010526
76	38	0.011494
76	41	0.015385
76	46	0.013158
76	47	0.008850
76	56	0.013699
76	67	0.018182
76	74	0.015152
76	80	0.023256
76	90	0.020833
76	94	0.022727
76	95	0.022222
76	101	0.020408
76	102	0.022727
76	103	0.030303
76	116	0.023256
76	122	0.023256
76	126	0.027027
76	129	0.032258
76	132	0.022727
76	135	0.030303
76	137	0.035714
76	141	0.035714
76	152	0.038462
76	160	0.029412
76	195	0.029412
76	207	0.037037
76	218	0.033333
76	234	0.040000
76	245	0.040000
76	258	0.038462
76	268	0.045455
76	279	0.043478
76	295	0.043478
76	298	0.043478
76	320	0.047619
76	329	0.052632
76	330	0.040000
76	351	0.050000
76	364	0.052632
76	375	0.055556
76	385	0.055556
76	398	0.055556
76	401	0.055556
76	404	0.052632
76	422	0.055556
76	426	0.050000
76	447	0.055556
76	448	0.055556
76	451	0.055556
77	8	0.020408
77	9	0.015385
77	11	0.035714
77	15	0.021277
77	17	0.020000
77	20	0.008000
77	21	0.008065
77	22	0.007299
77	25	0.008850
77	26	0.006757
77	34	0.012048
77	35	0.010753
77	37	0.015152
77	38	0.011494
77	39	0.015873
77	44	0.013699
77	57	0.013333
77	61	0.011765
77	79	0.025000
77	81	0.018868
77	83	0.017857
77	95	0.022222
77	96	0.023256
77	99	0.030303
77	112	0.026316
77	116	0.023256
77	123	0.032258
77	144	0.024390
77	158	0.038462
77	161	0.037037
77	172	0.038462
77	181	0.034483
77	200	0.052632
77	242	0.047619
77	264	0.034483
77	296	0.043478
77	341	0.045455
77	362	0.047619
77	367	0.055556
77	369	0.050000
77	373	0.055556
77	381	0.050000
77	395	0.055556
77	439	0.055556
77	444	0.055556
78	1	0.012346
78	2	0.024390
78	6	0.013514
78	10	0.017544
78	20	0.008000
78	23	0.007692
78	30	0.008772
78	32	0.009804
78	38	0.011494
78	40	0.012195
78	42	0.013699
78	43	0.016129
78	46	0.013158
78	47	0.008850
78	49	0.015873
78	57	0.013333
78	62	0.016949
78	67	0.018182
78	83	0.017857
78	87	0.016949
78	89	0.022222
78	100	0.019231
78	107	0.021277
78	109	0.025641
78	121	0.029412
78	128	0.020833
78	129	0.032258
78	130	0.028571
78	135	0.030303
78	153	0.024390
78	154	0.033333
78	166	0.038462
78	205	0.047619
78	220	0.043478
78	221	0.035714
78	230	0.032258
78	290	0.043478
78	293	0.043478
78	300	0.050000
78	324	0.041667
78	335	0.050000
78	348	0.047619
78	356	0.045455
78	403	0.047619
78	417	0.050000
78	451	0.055556
79	0	0.007752
79	5	0.040000
79	13	0.016949
79	20	0.008000
79	22	0.007299
79	23	0.007692
79	26	0.006757
79	27	0.008130
79	33	0.010526
79	34	0.012048
79	39	0.015873
79	47	0.008850
79	52	0.015873
79	53	0.013699
79	68	0.019231
79	74	0.015152
79	75	0.020833
79	77	0.022222
79	99	0.030303
79	102	0.022727
79	122	0.023256
79	123	0.032258
79	124	0.031250
79	134	0.029412
79	158	0.038462
79	193	0.028571
79	199	0.040000
79	223	0.035714
79	235	0.026316
79	243	0.038462
79	269	0.043478
79	281	0.047619
79	285	0.045455
79	303	0.041667
79	337	0.047619
79	350	0.050000
79	384	0.055556
79	389	0.055556
79	391	0.055556
79	417	0.050000
80	4	0.012048
80	6	0.013514
80	7	0.016949
80	16	0.017544
80	22	0.007299
80	24	0.008772
80	25	0.008850
80	27	0.008130
80	30	0.008772
80	32	0.009804
80	35	0.010753
80	39	0.015873
80	44	0.013699
80	47	0.008850
80	55	0.013699
80	74	0.015152
80	75	0.020833
80	76	0.016667
80	81	0.018868
80	82	0.018519
80	88	0.018868
80	91	0.020000
80	95	0.022222
80	99	0.030303
80	141	0.035714
80	142	0.034483
80	151	0.029412
80	156	0.032258
80	167	0.043478
80	181	0.034483
80	188	0.043478
80	197	0.034483
80	224	0.045455
80	262	0.040000
80	264	0.034483
80	276	0.045455
80	295	0.043478
80	301	0.035714
80	313	0.047619
80	380	0.047619
80	385	0.055556
80	397	0.047619
80	399	0.055556
81	0	0.007752
81	14	0.014706
81	16	0.017544
81	23	0.007692
81	24	0.008772
81	25	0.008850
81	26	0.006757
81	31	0.008621
81	32	0.009804
81	33	0.010526
81	38	0.011494
81	42	0.013699
81	44	0.013699
81	47	0.008850
81	55	0.013699
81	69	0.029412
81	77	0.022222
81	80	0.023256
81	86	0.020000
81	87	0.016949
81	95	0.022222
81	96	0.023256
81	108	0.021739
81	111	0.031250
81	118	0.030303
81	119	0.028571
81	128	0.020833
81	130	0.028571
81	133	0.019608
81	134	0.029412
81	147	0.038462
81	183	0.040000
81	187	0.038462
81	202	0.034483
81	207	0.037037
81	209	0.035714
81	211	0.035714
81	212	0.035714
81	220	0.043478
81	229	0.050000
81	313	0.047619
81	326	0.045455
81	336	0.045455
81	342	0.055556
81	353	0.050000
81	354	0.050000
81	355	0.052632
81	361	0.050000
81	383	0.050000
81	418	0.055556
81	420	0.052632
81	438	0.055556
81	446	0.055556
82	0	0.007752
82	6	0.013514
82	17	0.020000
82	19	0.006452
82	23	0.007692
82	28	0.008065
82	35	0.010753
82	42	0.013699
82	47	0.008850
82	52	0.015873
82	57	0.013333
82	66	0.023810
82	67	0.018182
82	68	0.019231
82	70	0.019608
82	73	0.018519
82	75	0.020833
82	80	0.023256
82	84	0.028571
82	89	0.022222
82	94	0.022727
82	108	0.021739
82	112	0.026316
82	116	0.023256
82	121	0.029412
82	122	0.023256
82	126	0.027027
82	137	0.035714
82	140	0.026316
82	153	0.024390
82	158	0.038462
82	159	0.043478
82	161	0.037037
82	173	0.037037
82	183	0.040000
82	185	0.031250
82	194	0.029412
82	198	0.030303
82	214	0.038462
82	215	0.038462
82	219	0.035714
82	257	0.047619
82	264	0.034483
82	284	0.045455
82	287	0.047619
82	308	0.038462
82	324	0.041667
82	333	0.047619
82	348	0.047619
82	358	0.050000
82	383	0.050000
82	391	0.055556
82	438	0.055556
82	444	0.055556
83	2	0.024390
83	4	0.012048
83	10	0.017544
83	20	0.008000
83	22	0.007299
83	27	0.008130
83	34	0.012048
83	36	0.015152
83	44	0.013699
83	45	0.012821
83	49	0.015873
83	50	0.016393
83	55	0.013699
83	59	0.021277
83	61	0.011765
83	71	0.016667
83	77	0.022222
83	78	0.021739
83	104	0.023810
83	110	0.023810
83	114	0.032258
83	120	0.029412
83	125	0.025000
83	134	0.029412
83	139	0.028571
83	145	0.028571
83	149	0.027027
83	154	0.033333
83	156	0.032258
83	161	0.037037
83	175	0.034483
83	183	0.040000
83	195	0.029412
83	205	0.047619
83	212	0.035714
83	222	0.045455
83	227	0.038462
83	234	0.040000
83	243	0.038462
83	248	0.047619
83	252	0.052632
83	265	0.045455
83	266	0.052632
83	275	0.041667
83	319	0.050000
83	320	0.047619
83	325	0.037037
83	327	0.050000
83	336	0.045455
83	340	0.052632
83	343	0.045455
83	364	0.052632
83	370	0.047619
83	415	0.055556
83	428	0.052632
83	436	0.052632
84	0	0.007752
84	19	0.006452
84	28	0.008065
84	33	0.010526
84	35	0.010753
84	38	0.011494
84	40	0.012195
84	41	0.015385
84	44	0.013699
84	45	0.012821
84	48	0.016129
84	49	0.015873
84	50	0.016393
84	51	0.019231
84	55	0.013699
84	60	0.016949
84	72	0.016667
84	82	0.018519
84	119	0.028571
84	134	0.029412
84	159	0.043478
84	169	0.031250
84	191	0.030303
84	232	0.041667
84	247	0.043478
84	285	0.045455
84	297	0.035714
84	320	0.047619
84	321	0.050000
84	353	0.050000
84	375	0.055556
84	377	0.055556
84	380	0.047619
84	403	0.047619
84	442	0.055556
85	4	0.012048
85	7	0.016949
85	11	0.035714
85	17	0.020000
85	19	0.006452
85	23	0.007692
85	27	0.008130
85	29	0.009901
85	33	0.010526
85	34	0.012048
85	36	0.015152
85	39	0.015873
85	40	0.012195
85	46	0.013158
85	49	0.015873
85	53	0.013699
85	60	0.016949
85	72	0.016667
85	106	0.025000
85	109	0.025641
85	127	0.029412
85	154	0.033333
85	167	0.043478
85	168	0.037037
85	170	0.027027
85	173	0.037037
85	203	0.031250
85	208	0.041667
85	221	0.035714
85	255	0.038462
85	263	0.047619
85	282	0.043478
85	291	0.045455
85	322	0.045455
85	337	0.047619
85	346	0.040000
85	353	0.050000
85	374	0.052632
85	384	0.055556
85	396	0.055556
85	410	0.055556
85	435	0.055556
85	448	0.055556
86	2	0.024390
86	6	0.013514
86	12	0.016949
86	15	0.021277
86	27	0.008130
86	30	0.008772
86	33	0.010526
86	34	0.012048
86	39	0.015873
86	40	0.012195
86	42	0.013699
86	52	0.015873
86	54	0.016393
86	61	0.011765
86	68	0.019231
86	71	0.016667
86	72	0.016667
86	81	0.018868
86	90	0.020833
86	128	0.020833
86	143	0.035714
86	152	0.038462
86	158	0.038462
86	162	0.037037
86	165	0.034483
86	167	0.043478
86	174	0.027027
86	199	0.040000
86	204	0.032258
86	205	0.047619
86	206	0.027778
86	222	0.045455
86	224	0.045455
86	238	0.040000
86	240	0.037037
86	250	0.032258
86	263	0.047619
86	272	0.041667
86	281	0.047619
86	300	0.050000
86	305	0.040000
86	310	0.043478
86	325	0.037037
86	335	0.050000
86	365	0.052632
86	374	0.052632
86	392	0.050000
86	399	0.055556
86	414	0.055556
86	448	0.055556
87	0	0.007752
87	6	0.013514
87	18	0.033333
87	22	0.007299
87	23	0.007692
87	28	0.008065
87	32	0.009804
87	34	0.012048
87	37	0.015152
87	38	0.011494
87	39	0.015873
87	46	0.013158
87	47	0.008850
87	53	0.013699
87	56	0.013699
87	68	0.019231
87	78	0.021739
87	81	0.018868
87	96	0.023256
87	97	0.025641
87	99	0.030303
87	113	0.026316
87	114	0.032258
87	117	0.032258
87	121	0.029412
87	124	0.031250
87	155	0.040000
87	157	0.027027
87	159	0.043478
87	168	0.037037
87	174	0.027027
87	180	0.028571
87	187	0.038462
87	191	0.030303
87	201	0.045455
87	217	0.038462
87	219	0.035714
87	221	0.035714
87	247	0.043478
87	254	0.043478
87	264	0.034483
87	279	0.043478
87	280	0.040000
87	287	0.047619
87	301	0.035714
87	319	0.050000
87	322	0.045455
87	333	0.047619
87	352	0.047619
87	358	0.050000
87	360	0.045455
87	364	0.052632
87	372	0.047619
87	378	0.045455
87	379	0.052632
87	390	0.055556
87	412	0.052632
87	419	0.055556
87	421	0.055556
88	0	0.007752
88	1	0.012346
88	2	0.024390
88	3	0.018519
88	13	0.016949
88	20	0.008000
88	21	0.008065
88	26	0.006757
88	29	0.009901
88	31	0.008621
88	35	0.010753
88	38	0.011494
88	45	0.012821
88	56	0.013699
88	65	0.020408
88	67	0.018182
88	71	0.016667
88	80	0.023256
88	90	0.020833
88	96	0.023256
88	101	0.020408
88	103	0.030303
88	104	0.023810
88	109	0.025641
88	122	0.023256
88	140	0.026316
88	145	0.028571
88	150	0.026316
88	157	0.027027
88	158	0.038462
88	172	0.038462
88	189	0.035714
88	194	0.029412
88	198	0.030303
88	201	0.045455
88	210	0.045455
88	216	0.038462
88	220	0.043478
88	224	0.045455
88	228	0.047619
88	267	0.038462
88	275	0.041667
88	276	0.045455
88	285	0.045455
88	310	0.043478
88	318	0.041667
88	319	0.050000
88	322	0.045455
88	332	0.041667
88	358	0.050000
88	359	0.047619
88	440	0.055556
88	444	0.055556
89	6	0.013514
89	12	0.016949
89	14	0.014706
89	16	0.017544
89	21	0.008065
89	22	0.007299
89	23	0.007692
89	24	0.008772
89	25	0.008850
89	27	0.008130
89	35	0.010753
89	39	0.015873
89	40	0.012195
89	47	0.008850
89	48	0.016129
89	49	0.015873
89	78	0.021739
89	82	0.018519
89	90	0.020833
89	110	0.023810
89	117	0.032258
89	152	0.038462
89	169	0.031250
89	178	0.041667
89	184	0.043478
89	185	0.031250
89	188	0.043478
89	204	0.032258
89	216	0.038462
89	221	0.035714
89	224	0.045455
89	245	0.040000
89	255	0.038462
89	261	0.037037
89	271	0.040000
89	315	0.043478
89	342	0.055556
89	354	0.050000
89	368	0.047619
89	370	0.047619
89	371	0.045455
89	376	0.052632
89	395	0.055556
89	396	0.055556
89	440	0.055556
90	4	0.012048
90	23	0.007692
90	27	0.008130
90	28	0.008065
90	32	0.009804
90	33	0.010526
90	40	0.012195
90	41	0.015385
90	42	0.013699
90	43	0.016129
90	49	0.015873
90	64	0.021277
90	68	0.019231
90	71	0.016667
90	76	0.016667
90	86	0.020000
90	88	0.018868
90	89	0.022222
90	94	0.022727
90	97	0.025641
90	99	0.030303
90	103	0.030303
90	119	0.028571
90	124	0.031250
90	142	0.034483
90	149	0.027027
90	150	0.026316
90	154	0.033333
90	160	0.029412
90	167	0.043478
90	209	0.035714
90	211	0.035714
90	213	0.038462
90	222	0.045455
90	225	0.040000
90	238	0.040000
90	249	0.041667
90	250	0.032258
90	251	0.050000
90	252	0.052632
90	281	0.047619
90	287	0.047619
90	298	0.043478
90	332	0.041667
90	349	0.052632
90	355	0.052632
90	363	0.043478
90	367	0.055556
91	0	0.007752
91	1	0.012346
91	11	0.035714
91	13	0.016949
91	18	0.033333
91	22	0.007299
91	26	0.006757
91	29	0.009901
91	31	0.008621
91	35	0.010753
91	38	0.011494
91	40	0.012195
91	47	0.008850
91	48	0.016129
91	49	0.015873
91	62	0.016949
91	65	0.020408
91	80	0.023256
91	104	0.023810
91	112	0.026316
91	117	0.032258
91	126	0.027027
91	127	0.029412
91	137	0.035714
91	149	0.027027
91	152	0.038462
91	157	0.027027
91	164	0.037037
91	176	0.028571
91	180	0.028571
91	182	0.031250
91	188	0.043478
91	197	0.034483
91	199	0.040000
91	200	0.052632
91	205	0.047619
91	231	0.038462
91	233	0.030303
91	240	0.037037
91	262	0.040000
91	266	0.052632
91	269	0.043478
91	312	0.043478
91	313	0.047619
91	317	0.045455
91	345	0.045455
91	378	0.045455
91	400	0.052632
91	440	0.055556
91	450	0.055556
92	4	0.012048
92	6	0.013514
92	8	0.020408
92	24	0.008772
92	28	0.008065
92	31	0.008621
92	32	0.009804
92	35	0.010753
92	38	0.011494
92	47	0.008850
92	48	0.016129
92	56	0.013699
92	57	0.013333
92	60	0.016949
92	62	0.016949
92	73	0.018519
92	74	0.015152
92	75	0.020833
92	97	0.025641
92	107	0.021277
92	108	0.021739
92	110	0.023810
92	124	0.031250
92	130	0.028571
92	138	0.029412
92	139	0.028571
92	141	0.035714
92	155	0.040000
92	161	0.037037
92	164	0.037037
92	168	0.037037
92	178	0.041667
92	181	0.034483
92	183	0.040000
92	276	0.045455
92	285	0.045455
92	321	0.050000
92	352	0.047619
92	358	0.050000
92	404	0.052632
92	430	0.055556
92	450	0.055556
93	1	0.012346
93	4	0.012048
93	12	0.016949
93	15	0.021277
93	18	0.033333
93	19	0.006452
93	20	0.008000
93	24	0.008772
93	30	0.008772
93	34	0.012048
93	36	0.015152
93	38	0.011494
93	44	0.013699
93	48	0.016129
93	50	0.016393
93	53	0.013699
93	63	0.021277
93	66	0.023810
93	94	0.022727
93	96	0.023256
93	104	0.023810
93	108	0.021739
93	114	0.032258
93	121	0.029412
93	123	0.032258
93	136	0.030303
93	151	0.029412
93	154	0.033333
93	159	0.043478
93	198	0.030303
93	201	0.045455
93	219	0.035714
93	220	0.043478
93	229	0.050000
93	231	0.038462
93	233	0.030303
93	248	0.047619
93	267	0.038462
93	286	0.047619
93	310	0.043478
93	336	0.045455
93	343	0.045455
93	358	0.050000
93	377	0.055556
93	409	0.055556
93	418	0.055556
93	421	0.055556
93	423	0.050000
94	3	0.018519
94	4	0.012048
94	12	0.016949
94	19	0.006452
94	23	0.007692
94	27	0.008130
94	29	0.009901
94	39	0.015873
94	45	0.012821
94	50	0.016393
94	53	0.013699
94	59	0.021277
94	73	0.018519
94	75	0.020833
94	76	0.016667
94	82	0.018519
94	90	0.020833
94	93	0.020833
94	98	0.025000
94	99	0.030303
94	101	0.020408
94	102	0.022727
94	104	0.023810
94	118	0.030303
94	123	0.032258
94	151	0.029412
94	160	0.029412
94	186	0.033333
94	189	0.035714
94	197	0.034483
94	204	0.032258
94	217	0.038462
94	223	0.035714
94	228	0.047619
94	233	0.030303
94	285	0.045455
94	299	0.037037
94	317	0.045455
94	323	0.045455
94	326	0.045455
94	338	0.050000
94	359	0.047619
94	369	0.050000
94	380	0.047619
95	5	0.040000
95	6	0.013514
95	9	0.015385
95	21	0.008065
95	23	0.007692
95	26	0.006757
95	29	0.009901
95	30	0.008772
95	32	0.009804
95	41	0.015385
95	44	0.013699
95	52	0.015873
95	57	0.013333
95	75	0.020833
95	76	0.016667
95	77	0.022222
95	80	0.023256
95	81	0.018868
95	99	0.030303
95	104	0.023810
95	106	0.025000
95	110	0.023810
95	116	0.023256
95	124	0.031250
95	130	0.028571
95	163	0.028571
95	189	0.035714
95	196	0.031250
95	203	0.031250
95	209	0.035714
95	215	0.038462
95	226	0.038462
95	227	0.038462
95	232	0.041667
95	243	0.038462
95	247	0.043478
95	251	0.050000
95	252	0.052632
95	269	0.043478
95	289	0.045455
95	323	0.045455
95	324	0.041667
95	357	0.047619
95	364	0.052632
95	410	0.055556
96	1	0.012346
96	19	0.006452
96	20	0.008000
96	23	0.007692
96	38	0.011494
96	42	0.013699
96	43	0.016129
96	44	0.013699
96	52	0.015873
96	58	0.016667
96	60	0.016949
96	66	0.023810
96	68	0.019231
96	77	0.022222
96	81	0.018868
96	87	0.016949
96	88	0.018868
96	93	0.020833
96	97	0.025641
96	110	0.023810
96	113	0.026316
96	117	0.032258
96	135	0.030303
96	140	0.026316
96	141	0.035714
96	143	0.035714
96	144	0.024390
96	190	0.035714
96	214	0.038462
96	216	0.038462
96	217	0.038462
96	227	0.038462
96	229	0.050000
96	233	0.030303
96	258	0.038462
96	301	0.035714
96	304	0.055556
96	336	0.045455
96	338	0.050000
96	379	0.052632
96	394	0.052632
96	425	0.055556
96	448	0.055556
97	0	0.007752
97	4	0.012048
97	12	0.016949
97	15	0.021277
97	23	0.007692
97	24	0.008772
97	27	0.008130
97	30	0.008772
97	31	0.008621
97	34	0.012048
97	50	0.016393
97	52	0.015873
97	60	0.016949
97	63	0.021277
97	87	0.016949
97	90	0.020833
97	92	0.023810
97	96	0.023256
97	103	0.030303
97	115	0.021739
97	122	0.023256
97	125	0.025000
97	132	0.022727
97	173	0.037037
97	209	0.035714
97	215	0.038462
97	223	0.035714
97	235	0.026316
97	238	0.040000
97	241	0.043478
97	279	0.043478
97	288	0.047619
97	298	0.043478
97	307	0.045455
97	324	0.041667
97	331	0.047619
97	348	0.047619
97	388	0.045455
97	452	0.055556
98	0	0.007752
98	13	0.016949
98	14	0.014706
98	19	0.006452
98	24	0.008772
98	26	0.006757
98	32	0.009804
98	40	0.012195
98	41	0.015385
98	42	0.013699
98	44	0.013699
98	47	0.008850
98	50	0.016393
98	56	0.013699
98	60	0.016949
98	61	0.011765
98	67	0.018182
98	94	0.022727
98	101	0.020408
98	112	0.026316
98	123	0.032258
98	127	0.029412
98	130	0.028571
98	131	0.025000
98	155	0.040000
98	173	0.037037
98	179	0.032258
98	230	0.032258
98	239	0.035714
98	260	0.047619
98	295	0.043478
98	298	0.043478
98	317	0.045455
98	325	0.037037
98	336	0.045455
98	347	0.043478
98	359	0.047619
98	361	0.050000
98	374	0.052632
98	379	0.052632
99	3	0.018519
99	6	0.013514
99	7	0.016949
99	9	0.015385
99	18	0.033333
99	19	0.006452
99	21	0.008065
99	27	0.008130
99	36	0.015152
99	44	0.013699
99	61	0.011765
99	77	0.022222
99	79	0.025000
99	80	0.023256
99	87	0.016949
99	90	0.020833
99	94	0.022727
99	95	0.022222
99	138	0.029412
99	142	0.034483
99	161	0.037037
99	174	0.027027
99	236	0.041667
99	259	0.047619
99	300	0.050000
99	306	0.045455
99	328	0.050000
99	344	0.055556
99	356	0.045455
99	370	0.047619
99	407	0.047619
99	418	0.055556
99	426	0.050000
100	1	0.012346
100	2	0.024390
100	4	0.012048
100	23	0.007692
100	25	0.008850
100	29	0.009901
100	32	0.009804
100	33	0.010526
100	36	0.015152
100	38	0.011494
100	46	0.013158
100	47	0.008850
100	55	0.013699
100	57	0.013333
100	63	0.021277
100	72	0.016667
100	73	0.018519
100	78	0.021739
100	112	0.026316
100	116	0.023256
100	125	0.025000
100	133	0.019608
100	145	0.028571
100	147	0.038462
100	158	0.038462
100	160	0.029412
100	163	0.028571
100	169	0.031250
100	171	0.034483
100	188	0.043478
100	194	0.029412
100	198	0.030303
100	205	0.047619
100	214	0.038462
100	225	0.040000
100	235	0.026316
100	238	0.040000
100	249	0.041667
100	254	0.043478
100	265	0.045455
100	266	0.052632
100	276	0.045455
100	294	0.045455
100	335	0.050000
100	380	0.047619
100	387	0.050000
100	389	0.055556
100	397	0.047619
100	415	0.055556
100	422	0.055556
100	429	0.055556
100	439	0.055556
101	22	0.007299
101	25	0.008850
101	30	0.008772
101	31	0.008621
101	34	0.012048
101	44	0.013699
101	45	0.012821
101	47	0.008850
101	48	0.016129
101	52	0.015873
101	53	0.013699
101	59	0.021277
101	61	0.011765
101	64	0.021277
101	76	0.016667
101	88	0.018868
101	94	0.022727
101	98	0.025000
101	107	0.021277
101	118	0.030303
101	120	0.029412
101	122	0.023256
101	136	0.030303
101	153	0.024390
101	154	0.033333
101	158	0.038462
101	174	0.027027
101	175	0.034483
101	179	0.032258
101	183	0.040000
101	185	0.031250
101	207	0.037037
101	225	0.040000
101	255	0.038462
101	268	0.045455
101	273	0.037037
101	282	0.043478
101	288	0.047619
101	291	0.045455
101	297	0.035714
101	316	0.043478
101	344	0.055556
101	357	0.047619
101	370	0.047619
101	379	0.052632
101	380	0.047619
101	400	0.052632
101	433	0.055556
101	446	0.055556
102	0	0.007752
102	14	0.014706
102	16	0.017544
102	21	0.008065
102	26	0.006757
102	27	0.008130
102	32	0.009804
102	33	0.010526
102	38	0.011494
102	44	0.013699
102	45	0.012821
102	51	0.019231
102	67	0.018182
102	70	0.019608
102	74	0.015152
102	76	0.016667
102	79	0.025000
102	94	0.022727
102	107	0.021277
102	110	0.023810
102	117	0.032258
102	120	0.029412
102	147	0.038462
102	151	0.029412
102	160	0.029412
102	168	0.037037
102	176	0.028571
102	182	0.031250
102	186	0.033333
102	198	0.030303
102	220	0.043478
102	221	0.035714
102	226	0.038462
102	236	0.041667
102	268	0.045455
102	308	0.038462
102	333	0.047619
102	348	0.047619
102	354	0.050000
102	368	0.047619
102	369	0.050000
102	393	0.052632
102	397	0.047619
102	417	0.050000
103	1	0.012346
103	8	0.020408
103	19	0.006452
103	20	0.008000
103	26	0.006757
103	30	0.008772
103	31	0.008621
103	34	0.012048
103	39	0.015873
103	47	0.008850
103	50	0.016393
103	59	0.021277
103	60	0.016949
103	62	0.016949
103	76	0.016667
103	88	0.018868
103	90	0.020833
103	97	0.025641
103	105	0.025000
103	117	0.032258
103	127	0.029412
103	198	0.030303
103	227	0.038462
103	251	0.050000
103	265	0.045455
103	268	0.045455
103	283	0.040000
103	289	0.045455
103	293	0.043478
103	345	0.045455
103	392	0.050000
103	404	0.052632
103	437	0.055556
104	10	0.017544
104	15	0.021277
104	21	0.008065
104	22	0.007299
104	23	0.007692
104	31	0.008621
104	42	0.013699
104	43	0.016129
104	45	0.012821
104	47	0.008850
104	55	0.013699
104	61	0.011765
104	83	0.017857
104	88	0.018868
104	91	0.020000
104	93	0.020833
104	94	0.022727
104	95	0.022222
104	106	0.025000
104	110	0.023810
104	111	0.031250
104	122	0.023256
104	135	0.030303
104	136	0.030303
104	146	0.034483
104	157	0.027027
104	164	0.037037
104	165	0.034483
104	198	0.030303
104	221	0.035714
104	235	0.026316
104	252	0.052632
104	265	0.045455
104	309	0.043478
104	315	0.043478
104	323	0.045455
104	334	0.043478
104	351	0.050000
104	363	0.043478
104	368	0.047619
104	391	0.055556
104	397	0.047619
105	1	0.012346
105	2	0.024390
105	7	0.016949
105	9	0.015385
105	18	0.033333
105	19	0.006452
105	22	0.007299
105	29	0.009901
105	32	0.009804
105	33	0.010526
105	45	0.012821
105	51	0.019231
105	60	0.016949
105	64	0.021277
105	70	0.019608
105	72	0.016667
105	73	0.018519
105	103	0.030303
105	107	0.021277
105	108	0.021739
105	114	0.032258
105	115	0.021739
105	154	0.033333
105	165	0.034483
105	173	0.037037
105	178	0.041667
105	199	0.040000
105	207	0.037037
105	230	0.032258
105	237	0.032258
105	242	0.047619
105	262	0.040000
105	285	0.045455
105	309	0.043478
105	330	0.040000
105	349	0.052632
105	358	0.050000
105	402	0.052632
105	428	0.052632
105	436	0.052632
106	13	0.016949
106	16	0.017544
106	17	0.020000
106	23	0.007692
106	24	0.008772
106	25	0.008850
106	28	0.008065
106	35	0.010753
106	38	0.011494
106	43	0.016129
106	53	0.013699
106	55	0.013699
106	56	0.013699
106	61	0.011765
106	74	0.015152
106	85	0.023256
106	95	0.022222
106	104	0.023810
106	111	0.031250
106	115	0.021739
106	131	0.025000
106	137	0.035714
106	169	0.031250
106	172	0.038462
106	191	0.030303
106	234	0.040000
106	246	0.032258
106	261	0.037037
106	281	0.047619
106	285	0.045455
106	293	0.043478
106	328	0.050000
106	344	0.055556
106	389	0.055556
106	394	0.052632
106	397	0.047619
106	411	0.052632
106	412	0.052632
106	445	0.055556
106	449	0.055556
107	1	0.012346
107	11	0.035714
107	15	0.021277
107	24	0.008772
107	27	0.008130
107	28	0.008065
107	29	0.009901
107	31	0.008621
107	36	0.015152
107	38	0.011494
107	57	0.013333
107	60	0.016949
107	64	0.021277
107	78	0.021739
107	92	0.023810
107	101	0.020408
107	102	0.022727
107	105	0.025000
107	111	0.031250
107	129	0.032258
107	141	0.035714
107	143	0.035714
107	144	0.024390
107	148	0.027778
107	152	0.038462
107	153	0.024390
107	162	0.037037
107	168	0.037037
107	170	0.027027
107	178	0.041667
107	192	0.037037
107	197	0.034483
107	202	0.034483
107	220	0.043478
107	229	0.050000
107	230	0.032258
107	234	0.040000
107	238	0.040000
107	241	0.043478
107	270	0.043478
107	358	0.050000
107	359	0.047619
107	367	0.055556
107	374	0.052632
107	375	0.055556
107	394	0.052632
107	400	0.052632
108	0	0.007752
108	14	0.014706
108	19	0.006452
108	20	0.008000
108	21	0.008065
108	26	0.006757
108	27	0.008130
108	28	0.008065
108	33	0.010526
108	47	0.008850
108	49	0.015873
108	62	0.016949
108	63	0.021277
108	81	0.018868
108	82	0.018519
108	92	0.023810
108	93	0.020833
108	105	0.025000
108	115	0.021739
108	126	0.027027
108	127	0.029412
108	141	0.035714
108	182	0.031250
108	183	0.040000
108	209	0.035714
108	246	0.032258
108	257	0.047619
108	258	0.038462
108	276	0.045455
108	279	0.043478
108	283	0.040000
108	289	0.045455
108	291	0.045455
108	308	0.038462
108	312	0.043478
108	330	0.040000
108	332	0.041667
108	346	0.040000
108	363	0.043478
108	395	0.055556
108	416	0.055556
108	419	0.055556
108	434	0.055556
108	436	0.052632
108	440	0.055556
108	443	0.055556
109	7	0.016949
109	12	0.016949
109	19	0.006452
109	20	0.008000
109	22	0.007299
109	24	0.008772
109	28	0.008065
109	30	0.008772
109	31	0.008621
109	36	0.015152
109	39	0.015873
109	56	0.013699
109	64	0.021277
109	71	0.016667
109	72	0.016667
109	78	0.021739
109	85	0.023256
109	88	0.018868
109	111	0.031250
109	117	0.032258
109	127	0.029412
109	137	0.035714
109	185	0.031250
109	188	0.043478
109	210	0.045455
109	243	0.038462
109	246	0.032258
109	248	0.047619
109	254	0.043478
109	292	0.050000
109	296	0.043478
109	305	0.040000
109	314	0.050000
109	330	0.040000
109	355	0.052632
109	364	0.052632
109	374	0.052632
109	392	0.050000
109	403	0.047619
110	1	0.012346
110	8	0.020408
110	15	0.021277
110	35	0.010753
110	46	0.013158
110	47	0.008850
110	55	0.013699
110	56	0.013699
110	58	0.016667
110	73	0.018519
110	75	0.020833
110	83	0.017857
110	89	0.022222
110	92	0.023810
110	95	0.022222
110	96	0.023256
110	102	0.022727
110	104	0.023810
110	113	0.026316
110	133	0.019608
110	145	0.028571
110	153	0.024390
110	154	0.033333
110	158	0.038462
110	159	0.043478
110	161	0.037037
110	169	0.031250
110	176	0.028571
110	201	0.045455
110	210	0.045455
110	211	0.035714
110	218	0.033333
110	224	0.045455
110	249	0.041667
110	260	0.047619
110	278	0.035714
110	306	0.045455
110	314	0.050000
110	353	0.050000
110	355	0.052632
110	400	0.052632
110	402	0.052632
111	4	0.012048
111	14	0.014706
111	17	0.020000
111	19	0.006452
111	20	0.008000
111	30	0.008772
111	31	0.008621
111	52	0.015873
111	56	0.013699
111	67	0.018182
111	68	0.019231
111	72	0.016667
111	75	0.020833
111	81	0.018868
111	104	0.023810
111	106	0.025000
111	107	0.021277
111	109	0.025641
111	145	0.028571
111	148	0.027778
111	156	0.032258
111	178	0.041667
111	190	0.035714
111	191	0.030303
111	215	0.038462
111	328	0.050000
111	339	0.050000
111	353	0.050000
111	372	0.047619
111	373	0.055556
111	390	0.055556
111	409	0.055556
112	0	0.007752
112	3	0.018519
112	6	0.013514
112	10	0.017544
112	22	0.007299
112	25	0.008850
112	29	0.009901
112	37	0.015152
112	40	0.012195
112	56	0.013699
112	59	0.021277
112	61	0.011765
112	69	0.029412
112	77	0.022222
112	82	0.018519
112	91	0.020000
112	98	0.025000
112	100	0.019231
112	118	0.030303
112	119	0.028571
112	127	0.029412
112	166	0.038462
112	173	0.037037
112	180	0.028571
112	190	0.035714
112	196	0.031250
112	210	0.045455
112	241	0.043478
112	263	0.047619
112	271	0.040000
112	284	0.045455
112	287	0.047619
112	322	0.045455
112	324	0.041667
112	340	0.052632
112	386	0.055556
112	416	0.055556
112	436	0.052632
113	1	0.012346
113	3	0.018519
113	4	0.012048
113	23	0.007692
113	24	0.008772
113	26	0.006757
113	29	0.009901
113	31	0.008621
113	32	0.009804
113	38	0.011494
113	42	0.013699
113	47	0.008850
113	51	0.019231
113	53	0.013699
113	58	0.016667
113	87	0.016949
113	96	0.023256
113	110	0.023810
113	119	0.028571
113	143	0.035714
113	145	0.028571
113	158	0.038462
113	186	0.033333
113	196	0.031250
113	226	0.038462
113	233	0.030303
113	242	0.047619
113	262	0.040000
113	270	0.043478
113	274	0.041667
113	294	0.045455
113	323	0.045455
113	339	0.050000
113	345	0.045455
113	352	0.047619
113	363	0.043478
113	384	0.055556
113	415	0.055556
114	19	0.006452
114	20	0.008000
114	21	0.008065
114	26	0.006757
114	27	0.008130
114	33	0.010526
114	44	0.013699
114	51	0.019231
114	53	0.013699
114	57	0.013333
114	58	0.016667
114	61	0.011765
114	68	0.019231
114	70	0.019608
114	83	0.017857
114	87	0.016949
114	93	0.020833
114	105	0.025000
114	119	0.028571
114	142	0.034483
114	166	0.038462
114	185	0.031250
114	206	0.027778
114	308	0.038462
114	328	0.050000
114	353	0.050000
114	376	0.052632
114	391	0.055556
114	396	0.055556
114	410	0.055556
114	414	0.055556
115	3	0.018519
115	4	0.012048
115	15	0.021277
115	16	0.017544
115	31	0.008621
115	33	0.010526
115	37	0.015152
115	41	0.015385
115	43	0.016129
115	45	0.012821
115	52	0.015873
115	58	0.016667
115	60	0.016949
115	69	0.029412
115	97	0.025641
115	105	0.025000
115	106	0.025000
115	108	0.021739
115	119	0.028571
115	128	0.020833
115	143	0.035714
115	158	0.038462
115	185	0.031250
115	189	0.035714
115	195	0.029412
115	205	0.047619
115	249	0.041667
115	261	0.037037
115	300	0.050000
115	306	0.045455
115	314	0.050000
115	319	0.050000
115	321	0.050000
115	323	0.045455
115	325	0.037037
115	330	0.040000
115	349	0.052632
115	358	0.050000
115	364	0.052632
115	377	0.055556
115	383	0.050000
115	391	0.055556
115	396	0.055556
115	406	0.050000
115	410	0.055556
115	445	0.055556
116	0	0.007752
116	13	0.016949
116	19	0.006452
116	21	0.008065
116	26	0.006757
116	29	0.009901
116	31	0.008621
116	36	0.015152
116	51	0.019231
116	57	0.013333
116	65	0.020408
116	67	0.018182
116	73	0.018519
116	76	0.016667
116	77	0.022222
116	82	0.018519
116	95	0.022222
116	100	0.019231
116	117	0.032258
116	124	0.031250
116	132	0.022727
116	134	0.029412
116	138	0.029412
116	139	0.028571
116	213	0.038462
116	216	0.038462
116	236	0.041667
116	238	0.040000
116	255	0.038462
116	289	0.045455
116	299	0.037037
116	306	0.045455
116	307	0.045455
116	319	0.050000
116	327	0.050000
116	333	0.047619
116	361	0.050000
116	367	0.055556
116	376	0.052632
116	387	0.050000
116	411	0.052632
116	446	0.055556
116	450	0.055556
117	2	0.024390
117	7	0.016949
117	18	0.033333
117	19	0.006452
117	22	0.007299
117	29	0.009901
117	31	0.008621
117	34	0.012048
117	37	0.015152
117	66	0.023810
117	87	0.016949
117	89	0.022222
117	91	0.020000
117	96	0.023256
117	102	0.022727
117	103	0.030303
117	109	0.025641
117	116	0.023256
117	127	0.029412
117	157	0.027027
117	176	0.028571
117	185	0.031250
117	200	0.052632
117	250	0.032258
117	260	0.047619
117	281	0.047619
117	297	0.035714
117	301	0.035714
117	368	0.047619
117	370	0.047619
117	388	0.045455
118	3	0.018519
118	7	0.016949
118	20	0.008000
118	23	0.007692
118	26	0.006757
118	31	0.008621
118	34	0.012048
118	41	0.015385
118	42	0.013699
118	53	0.013699
118	61	0.011765
118	70	0.019608
118	71	0.016667
118	74	0.015152
118	81	0.018868
118	94	0.022727
118	101	0.020408
118	112	0.026316
118	126	0.027027
118	133	0.019608
118	139	0.028571
118	167	0.043478
118	168	0.037037
118	182	0.031250
118	191	0.030303
118	239	0.035714
118	270	0.043478
118	300	0.050000
118	309	0.043478
118	393	0.052632
118	395	0.055556
118	397	0.047619
118	408	0.052632
119	14	0.014706
119	17	0.020000
119	20	0.008000
119	25	0.008850
119	26	0.006757
119	27	0.008130
119	31	0.008621
119	32	0.009804
119	34	0.012048
119	35	0.010753
119	61	0.011765
119	81	0.018868
119	84	0.028571
119	90	0.020833
119	112	0.026316
119	113	0.026316
119	114	0.032258
119	115	0.021739
119	125	0.025000
119	129	0.032258
119	143	0.035714
119	146	0.034483
119	163	0.028571
119	173	0.037037
119	177	0.033333
119	192	0.037037
119	208	0.041667
119	215	0.038462
119	216	0.038462
119	266	0.052632
119	284	0.045455
119	298	0.043478
119	343	0.045455
119	355	0.052632
119	408	0.052632
120	0	0.007752
120	1	0.012346
120	4	0.012048
120	10	0.017544
120	20	0.008000
120	26	0.006757
120	28	0.008065
120	30	0.008772
120	53	0.013699
120	54	0.016393
120	60	0.016949
120	61	0.011765
120	65	0.020408
120	66	0.023810
120	70	0.019608
120	83	0.017857
120	101	0.020408
120	102	0.022727
120	150	0.026316
120	156	0.032258
120	175	0.034483
120	181	0.034483
120	182	0.031250
120	252	0.052632
120	255	0.038462
120	260	0.047619
120	290	0.043478
120	303	0.041667
120	327	0.050000
120	345	0.045455
120	349	0.052632
120	360	0.045455
120	387	0.050000
120	419	0.055556
121	0	0.007752
121	12	0.016949
121	27	0.008130
121	28	0.008065
121	33	0.010526
121	35	0.010753
121	47	0.008850
121	48	0.016129
121	52	0.015873
121	56	0.013699
121	62	0.016949
121	67	0.018182
121	73	0.018519
121	74	0.015152
121	78	0.021739
121	82	0.018519
121	87	0.016949
121	93	0.020833
121	131	0.025000
121	137	0.035714
121	138	0.029412
121	161	0.037037
121	199	0.040000
121	204	0.032258
121	217	0.038462
121	237	0.032258
121	240	0.037037
121	243	0.038462
121	244	0.034483
121	315	0.043478
121	320	0.047619
121	332	0.041667
121	389	0.055556
121	403	0.047619
122	4	0.012048
122	6	0.013514
122	9	0.015385
122	20	0.008000
122	25	0.008850
122	28	0.008065
122	30	0.008772
122	31	0.008621
122	50	0.016393
122	70	0.019608
122	72	0.016667
122	76	0.016667
122	79	0.025000
122	82	0.018519
122	88	0.018868
122	97	0.025641
122	101	0.020408
122	104	0.023810
122	126	0.027027
122	135	0.030303
122	146	0.034483
122	147	0.038462
122	160	0.029412
122	162	0.037037
122	184	0.043478
122	189	0.035714
122	210	0.045455
122	212	0.035714
122	222	0.045455
122	229	0.050000
122	236	0.041667
122	252	0.052632
122	283	0.040000
122	288	0.047619
122	290	0.043478
122	317	0.045455
122	327	0.050000
122	328	0.050000
122	337	0.047619
122	339	0.050000
122	421	0.055556
122	428	0.052632
122	449	0.055556
123	1	0.012346
123	16	0.017544
123	21	0.008065
123	24	0.008772
123	36	0.015152
123	39	0.015873
123	41	0.015385
123	55	0.013699
123	64	0.021277
123	65	0.020408
123	70	0.019608
123	72	0.016667
123	73	0.018519
123	77	0.022222
123	79	0.025000
123	93	0.020833
123	94	0.022727
123	98	0.025000
123	132	0.022727
123	155	0.040000
123	160	0.029412
123	192	0.037037
123	197	0.034483
123	279	0.043478
123	284	0.045455
123	318	0.041667
123	361	0.050000
123	367	0.055556
123	377	0.055556
123	424	0.055556
123	438	0.055556
124	7	0.016949
124	13	0.016949
124	19	0.006452
124	21	0.008065
124	22	0.007299
124	23	0.007692
124	26	0.006757
124	29	0.009901
124	37	0.015152
124	45	0.012821
124	48	0.016129
124	53	0.013699
124	79	0.025000
124	87	0.016949
124	90	0.020833
124	92	0.023810
124	95	0.022222
124	116	0.023256
124	134	0.029412
124	153	0.024390
124	159	0.043478
124	199	0.040000
124	246	0.032258
124	267	0.038462
124	284	0.045455
124	292	0.050000
124	294	0.045455
124	305	0.040000
124	325	0.037037
124	373	0.055556
124	427	0.052632
124	435	0.055556
125	1	0.012346
125	20	0.008000
125	21	0.008065
125	23	0.007692
125	25	0.008850
125	26	0.006757
125	30	0.008772
125	36	0.015152
125	46	0.013158
125	47	0.008850
125	55	0.013699
125	61	0.011765
125	71	0.016667
125	73	0.018519
125	83	0.017857
125	97	0.025641
125	100	0.019231
125	119	0.028571
125	127	0.029412
125	128	0.020833
125	135	0.030303
125	154	0.033333
125	187	0.038462
125	203	0.031250
125	211	0.035714
125	223	0.035714
125	245	0.040000
125	246	0.032258
125	274	0.041667
125	302	0.052632
125	313	0.047619
125	326	0.045455
125	334	0.043478
125	335	0.050000
125	367	0.055556
125	372	0.047619
125	401	0.055556
125	417	0.050000
125	420	0.052632
125	423	0.050000
126	6	0.013514
126	8	0.020408
126	12	0.016949
126	23	0.007692
126	25	0.008850
126	26	0.006757
126	28	0.008065
126	42	0.013699
126	46	0.013158
126	54	0.016393
126	64	0.021277
126	67	0.018182
126	76	0.016667
126	82	0.018519
126	91	0.020000
126	108	0.021739
126	118	0.030303
126	122	0.023256
126	136	0.030303
126	174	0.027027
126	182	0.031250
126	186	0.033333
126	220	0.043478
126	228	0.047619
126	231	0.038462
126	232	0.041667
126	234	0.040000
126	239	0.035714
126	241	0.043478
126	283	0.040000
126	335	0.050000
126	336	0.045455
126	339	0.050000
126	367	0.055556
126	389	0.055556
126	397	0.047619
126	450	0.055556
127	28	0.008065
127	30	0.008772
127	35	0.010753
127	40	0.012195
127	52	0.015873
127	60	0.016949
127	70	0.019608
127	71	0.016667
127	74	0.015152
127	85	0.023256
127	91	0.020000
127	98	0.025000
127	103	0.030303
127	108	0.021739
127	109	0.025641
127	112	0.026316
127	117	0.032258
127	125	0.025000
127	160	0.029412
127	164	0.037037
127	190	0.035714
127	194	0.029412
127	195	0.029412
127	211	0.035714
127	235	0.026316
127	244	0.034483
127	274	0.041667
127	325	0.037037
127	374	0.052632
127	382	0.052632
127	385	0.055556
127	403	0.047619
127	406	0.050000
127	449	0.055556
128	9	0.015385
128	24	0.008772
128	28	0.008065
128	31	0.008621
128	32	0.009804
128	36	0.015152
128	42	0.013699
128	48	0.016129
128	51	0.019231
128	55	0.013699
128	62	0.016949
128	67	0.018182
128	73	0.018519
128	78	0.021739
128	81	0.018868
128	86	0.020000
128	115	0.021739
128	125	0.025000
128	135	0.030303
128	144	0.024390
128	145	0.028571
128	150	0.026316
128	156	0.032258
128	170	0.027027
128	171	0.034483
128	195	0.029412
128	196	0.031250
128	201	0.045455
128	210	0.045455
128	216	0.038462
128	237	0.032258
128	240	0.037037
128	250	0.032258
128	251	0.050000
128	253	0.037037
128	257	0.047619
128	302	0.052632
128	303	0.041667
128	322	0.045455
128	324	0.041667
128	338	0.050000
128	343	0.045455
128	361	0.050000
128	384	0.055556
128	399	0.055556
128	409	0.055556
128	418	0.055556
128	420	0.052632
129	0	0.007752
129	2	0.024390
129	20	0.008000
129	21	0.008065
129	22	0.007299
129	24	0.008772
129	30	0.008772
129	31	0.008621
129	32	0.009804
129	44	0.013699
129	47	0.008850
129	55	0.013699
129	56	0.013699
129	60	0.016949
129	76	0.016667
129	78	0.021739
129	107	0.021277
129	119	0.028571
129	135	0.030303
129	161	0.037037
129	162	0.037037
129	180	0.028571
129	182	0.031250
129	244	0.034483
129	268	0.045455
129	272	0.041667
129	297	0.035714
129	323	0.045455
129	324	0.041667
129	335	0.050000
129	345	0.045455
130	7	0.016949
130	14	0.014706
130	18	0.033333
130	23	0.007692
130	28	0.008065
130	35	0.010753
130	41	0.015385
130	43	0.016129
130	46	0.013158
130	54	0.016393
130	57	0.013333
130	62	0.016949
130	68	0.019231
130	78	0.021739
130	81	0.018868
130	92	0.023810
130	95	0.022222
130	98	0.025000
130	141	0.035714
130	151	0.029412
130	157	0.027027
130	243	0.038462
130	251	0.050000
130	265	0.045455
130	279	0.043478
130	299	0.037037
130	305	0.040000
130	357	0.047619
130	363	0.043478
130	400	0.052632
130	420	0.052632
130	432	0.055556
130	433	0.055556
130	438	0.055556
130	445	0.055556
131	0	0.007752
131	3	0.018519
131	6	0.013514
131	12	0.016949
131	27	0.008130
131	28	0.008065
131	31	0.008621
131	35	0.010753
131	37	0.015152
131	44	0.013699
131	54	0.016393
131	58	0.016667
131	61	0.011765
131	66	0.023810
131	71	0.016667
131	98	0.025000
131	106	0.025000
131	121	0.029412
131	139	0.028571
131	141	0.035714
131	143	0.035714
131	156	0.032258
131	171	0.034483
131	175	0.034483
131	194	0.029412
131	203	0.031250
131	214	0.038462
131	241	0.043478
131	275	0.041667
131	289	0.045455
131	292	0.050000
131	302	0.052632
131	321	0.050000
131	328	0.050000
131	339	0.050000
131	353	0.050000
131	384	0.055556
131	413	0.055556
131	437	0.055556
131	439	0.055556
132	0	0.007752
132	2	0.024390
132	6	0.013514
132	12	0.016949
132	15	0.021277
132	20	0.008000
132	28	0.008065
132	29	0.009901
132	33	0.010526
132	39	0.015873
132	42	0.013699
132	48	0.016129
132	67	0.018182
132	74	0.015152
132	76	0.016667
132	97	0.025641
132	116	0.023256
132	123	0.032258
132	138	0.029412
132	146	0.034483
132	149	0.027027
132	163	0.028571
132	168	0.037037
132	172	0.038462
132	184	0.043478
132	189	0.035714
132	190	0.035714
132	194	0.029412
132	208	0.041667
132	214	0.038462
132	221	0.035714
132	235	0.026316
132	241	0.043478
132	279	0.043478
132	344	0.055556
132	350	0.050000
132	351	0.050000
132	353	0.050000
132	354	0.050000
132	366	0.047619
132	375	0.055556
132	380	0.047619
132	427	0.052632
132	447	0.055556
133	7	0.016949
133	9	0.015385
133	14	0.014706
133	20	0.008000
133	40	0.012195
133	41	0.015385
133	54	0.016393
133	55	0.013699
133	56	0.013699
133	58	0.016667
133	62	0.016949
133	68	0.019231
133	71	0.016667
133	72	0.016667
133	81	0.018868
133	100	0.019231
133	110	0.023810
133	118	0.030303
133	139	0.028571
133	148	0.027778
133	150	0.026316
133	153	0.024390
133	159	0.043478
133	166	0.038462
133	169	0.031250
133	170	0.027027
133	180	0.028571
133	182	0.031250
133	199	0.040000
133	203	0.031250
133	208	0.041667
133	235	0.026316
133	252	0.052632
133	270	0.043478
133	273	0.037037
133	286	0.047619
133	319	0.050000
133	320	0.047619
133	332	0.041667
133	338	0.050000
133	340	0.052632
133	345	0.045455
133	352	0.047619
133	355	0.052632
133	356	0.045455
133	362	0.047619
133	365	0.052632
133	379	0.052632
133	414	0.055556
133	441	0.052632
133	449	0.055556
134	2	0.024390
134	9	0.015385
134	10	0.017544
134	28	0.008065
134	32	0.009804
134	42	0.013699
134	44	0.013699
134	49	0.015873
134	55	0.013699
134	59	0.021277
134	63	0.021277
134	70	0.019608
134	79	0.025000
134	81	0.018868
134	83	0.017857
134	84	0.028571
134	116	0.023256
134	124	0.031250
134	140	0.026316
134	147	0.038462
134	169	0.031250
134	176	0.028571
134	178	0.041667
134	198	0.030303
134	206	0.027778
134	212	0.035714
134	213	0.038462
134	255	0.038462
134	263	0.047619
134	311	0.040000
134	340	0.052632
134	373	0.055556
134	384	0.055556
134	419	0.055556
135	13	0.016949
135	14	0.014706
135	18	0.033333
135	19	0.006452
135	25	0.008850
135	29	0.009901
135	33	0.010526
135	42	0.013699
135	54	0.016393
135	74	0.015152
135	76	0.016667
135	78	0.021739
135	96	0.023256
135	104	0.023810
135	122	0.023256
135	125	0.025000
135	128	0.020833
135	129	0.032258
135	149	0.027027
135	169	0.031250
135	172	0.038462
135	178	0.041667
135	199	0.040000
135	211	0.035714
135	226	0.038462
135	233	0.030303
135	238	0.040000
135	256	0.040000
135	266	0.052632
135	277	0.050000
135	303	0.041667
135	315	0.043478
135	410	0.055556
136	2	0.024390
136	12	0.016949
136	18	0.033333
136	21	0.008065
136	29	0.009901
136	33	0.010526
136	37	0.015152
136	44	0.013699
136	47	0.008850
136	54	0.016393
136	56	0.013699
136	58	0.016667
136	61	0.011765
136	63	0.021277
136	93	0.020833
136	101	0.020408
136	104	0.023810
136	126	0.027027
136	147	0.038462
136	164	0.037037
136	187	0.038462
136	204	0.032258
136	246	0.032258
136	269	0.043478
136	295	0.043478
136	299	0.037037
136	329	0.052632
136	351	0.050000
136	380	0.047619
136	382	0.052632
136	388	0.045455
136	407	0.047619
136	445	0.055556
137	4	0.012048
137	12	0.016949
137	19	0.006452
137	24	0.008772
137	27	0.008130
137	28	0.008065
137	32	0.009804
137	35	0.010753
137	40	0.012195
137	41	0.015385
137	48	0.016129
137	49	0.015873
137	76	0.016667
137	82	0.018519
137	91	0.020000
137	106	0.025000
137	109	0.025641
137	121	0.029412
137	155	0.040000
137	177	0.033333
137	195	0.029412
137	197	0.034483
137	299	0.037037
137	300	0.050000
137	425	0.055556
137	426	0.050000
137	435	0.055556
137	446	0.055556
138	5	0.040000
138	12	0.016949
138	21	0.008065
138	25	0.008850
138	26	0.006757
138	27	0.008130
138	38	0.011494
138	44	0.013699
138	45	0.012821
138	53	0.013699
138	55	0.013699
138	58	0.016667
138	75	0.020833
138	92	0.023810
138	99	0.030303
138	116	0.023256
138	121	0.029412
138	132	0.022727
138	146	0.034483
138	160	0.029412
138	173	0.037037
138	227	0.038462
138	235	0.026316
138	265	0.045455
138	284	0.045455
138	306	0.045455
138	326	0.045455
138	347	0.043478
138	365	0.052632
138	385	0.055556
138	396	0.055556
138	402	0.052632
138	415	0.055556
138	440	0.055556
139	4	0.012048
139	21	0.008065
139	22	0.007299
139	28	0.008065
139	30	0.008772
139	35	0.010753
139	46	0.013158
139	48	0.016129
139	52	0.015873
139	54	0.016393
139	62	0.016949
139	70	0.019608
139	83	0.017857
139	92	0.023810
139	116	0.023256
139	118	0.030303
139	131	0.025000
139	133	0.019608
139	141	0.035714
139	152	0.038462
139	155	0.040000
139	166	0.038462
139	180	0.028571
139	182	0.031250
139	192	0.037037
139	202	0.034483
139	215	0.038462
139	242	0.047619
139	273	0.037037
139	296	0.043478
139	353	0.050000
139	403	0.047619
139	418	0.055556
139	421	0.055556
139	424	0.055556
140	0	0.007752
140	4	0.012048
140	19	0.006452
140	25	0.008850
140	27	0.008130
140	28	0.008065
140	29	0.009901
140	32	0.009804
140	35	0.010753
140	38	0.011494
140	46	0.013158
140	47	0.008850
140	48	0.016129
140	58	0.016667
140	82	0.018519
140	88	0.018868
140	96	0.023256
140	134	0.029412
140	142	0.034483
140	175	0.034483
140	207	0.037037
140	240	0.037037
140	269	0.043478
140	286	0.047619
140	288	0.047619
140	303	0.041667
140	310	0.043478
140	316	0.043478
140	319	0.050000
140	343	0.045455
140	359	0.047619
140	398	0.055556
140	408	0.052632
140	413	0.055556
140	416	0.055556
140	418	0.055556
140	433	0.055556
140	446	0.055556
141	6	0.013514
141	19	0.006452
141	25	0.008850
141	30	0.008772
141	33	0.010526
141	42	0.013699
141	56	0.013699
141	61	0.011765
141	70	0.019608
141	76	0.016667
141	80	0.023256
141	92	0.023810
141	96	0.023256
141	107	0.021277
141	108	0.021739
141	130	0.028571
141	131	0.025000
141	139	0.028571
141	166	0.038462
141	167	0.043478
141	179	0.032258
141	185	0.031250
141	192	0.037037
141	221	0.035714
141	232	0.041667
141	315	0.043478
141	415	0.055556
141	427	0.052632
142	0	0.007752
142	1	0.012346
142	11	0.035714
142	15	0.021277
142	17	0.020000
142	21	0.008065
142	25	0.008850
142	28	0.008065
142	34	0.012048
142	37	0.015152
142	45	0.012821
142	47	0.008850
142	65	0.020408
142	80	0.023256
142	90	0.020833
142	99	0.030303
142	114	0.032258
142	140	0.026316
142	145	0.028571
142	152	0.038462
142	174	0.027027
142	185	0.031250
142	293	0.043478
142	317	0.045455
142	325	0.037037
142	337	0.047619
142	341	0.045455
142	405	0.050000
142	424	0.055556
143	3	0.018519
143	6	0.013514
143	22	0.007299
143	23	0.007692
143	38	0.011494
143	47	0.008850
143	51	0.019231
143	57	0.013333
143	61	0.011765
143	72	0.016667
143	75	0.020833
143	86	0.020000
143	96	0.023256
143	107	0.021277
143	113	0.026316
143	115	0.021739
143	119	0.028571
143	131	0.025000
143	167	0.043478
143	194	0.029412
143	204	0.032258
143	210	0.045455
143	218	0.033333
143	291	0.045455
143	355	0.052632
143	382	0.052632
143	389	0.055556
143	416	0.055556
144	1	0.012346
144	19	0.006452
144	21	0.008065
144	24	0.008772
144	29	0.009901
144	38	0.011494
144	39	0.015873
144	47	0.008850
144	51	0.019231
144	58	0.016667
144	59	0.021277
144	63	0.021277
144	69	0.029412
144	72	0.016667
144	77	0.022222
144	96	0.023256
144	107	0.021277
144	128	0.020833
144	159	0.043478
144	175	0.034483
144	200	0.052632
144	203	0.031250
144	213	0.038462
144	221	0.035714
144	247	0.043478
144	259	0.047619
144	272	0.041667
144	277	0.050000
144	286	0.047619
144	303	0.041667
144	307	0.045455
144	314	0.050000
144	348	0.047619
144	365	0.052632
144	389	0.055556
144	393	0.052632
144	416	0.055556
144	428	0.052632
144	430	0.055556
144	433	0.055556
144	451	0.055556
145	13	0.016949
145	14	0.014706
145	19	0.006452
145	24	0.008772
145	25	0.008850
145	34	0.012048
145	38	0.011494
145	42	0.013699
145	57	0.013333
145	73	0.018519
145	83	0.017857
145	88	0.018868
145	100	0.019231
145	110	0.023810
145	111	0.031250
145	113	0.026316
145	128	0.020833
145	142	0.034483
145	148	0.027778
145	151	0.029412
145	153	0.024390
145	178	0.041667
145	222	0.045455
145	250	0.032258
145	275	0.041667
145	280	0.040000
145	297	0.035714
145	308	0.038462
145	346	0.040000
145	353	0.050000
145	382	0.052632
145	414	0.055556
145	415	0.055556
145	418	0.055556
145	419	0.055556
146	1	0.012346
146	7	0.016949
146	13	0.016949
146	16	0.017544
146	22	0.007299
146	27	0.008130
146	30	0.008772
146	32	0.009804
146	34	0.012048
146	40	0.012195
146	46	0.013158
146	59	0.021277
146	73	0.018519
146	104	0.023810
146	119	0.028571
146	122	0.023256
146	132	0.022727
146	138	0.029412
146	171	0.034483
146	204	0.032258
146	220	0.043478
146	242	0.047619
146	254	0.043478
146	299	0.037037
146	308	0.038462
146	324	0.041667
146	337	0.047619
146	344	0.055556
146	412	0.052632
147	12	0.016949
147	19	0.006452
147	23	0.007692
147	26	0.006757
147	35	0.010753
147	44	0.013699
147	53	0.013699
147	57	0.013333
147	61	0.011765
147	68	0.019231
147	71	0.016667
147	74	0.015152
147	81	0.018868
147	100	0.019231
147	102	0.022727
147	122	0.023256
147	134	0.029412
147	136	0.030303
147	168	0.037037
147	221	0.035714
147	222	0.045455
147	226	0.038462
147	267	0.038462
147	296	0.043478
147	401	0.055556
147	412	0.052632
148	0	0.007752
148	17	0.020000
148	19	0.006452
148	21	0.008065
148	26	0.006757
148	27	0.008130
148	35	0.010753
148	43	0.016129
148	54	0.016393
148	58	0.016667
148	68	0.019231
148	70	0.019608
148	73	0.018519
148	75	0.020833
148	107	0.021277
148	111	0.031250
148	133	0.019608
148	145	0.028571
148	184	0.043478
148	192	0.037037
148	209	0.035714
148	213	0.038462
148	232	0.041667
148	251	0.050000
148	257	0.047619
148	260	0.047619
148	268	0.045455
148	359	0.047619
148	389	0.055556
148	390	0.055556
148	396	0.055556
148	398	0.055556
148	402	0.052632
148	432	0.055556
148	436	0.052632
148	441	0.052632
149	2	0.024390
149	18	0.033333
149	20	0.008000
149	23	0.007692
149	25	0.008850
149	26	0.006757
149	33	0.010526
149	36	0.015152
149	46	0.013158
149	52	0.015873
149	61	0.011765
149	62	0.016949
149	72	0.016667
149	83	0.017857
149	90	0.020833
149	91	0.020000
149	132	0.022727
149	135	0.030303
149	152	0.038462
149	163	0.028571
149	167	0.043478
149	187	0.038462
149	190	0.035714
149	230	0.032258
149	240	0.037037
149	245	0.040000
149	259	0.047619
149	284	0.045455
149	294	0.045455
149	321	0.050000
149	324	0.041667
149	336	0.045455
149	339	0.050000
149	343	0.045455
149	372	0.047619
149	378	0.045455
149	433	0.055556
150	7	0.016949
150	14	0.014706
150	15	0.021277
150	23	0.007692
150	28	0.008065
150	31	0.008621
150	45	0.012821
150	50	0.016393
150	52	0.015873
150	55	0.013699
150	62	0.016949
150	63	0.021277
150	66	0.023810
150	88	0.018868
150	90	0.020833
150	120	0.029412
150	128	0.020833
150	133	0.019608
150	153	0.024390
150	189	0.035714
150	212	0.035714
150	225	0.040000
150	249	0.041667
150	254	0.043478
150	256	0.040000
150	264	0.034483
150	270	0.043478
150	285	0.045455
150	292	0.050000
150	299	0.037037
150	304	0.055556
150	342	0.055556
150	347	0.043478
150	348	0.047619
150	365	0.052632
150	382	0.052632
150	443	0.055556
150	449	0.055556
151	9	0.015385
151	13	0.016949
151	16	0.017544
151	21	0.008065
151	22	0.007299
151	24	0.008772
151	26	0.006757
151	27	0.008130
151	33	0.010526
151	57	0.013333
151	63	0.021277
151	71	0.016667
151	80	0.023256
151	93	0.020833
151	94	0.022727
151	102	0.022727
151	130	0.028571
151	145	0.028571
151	154	0.033333
151	156	0.032258
151	159	0.043478
151	188	0.043478
151	198	0.030303
151	208	0.041667
151	212	0.035714
151	218	0.033333
151	234	0.040000
151	235	0.026316
151	250	0.032258
151	261	0.037037
151	281	0.047619
151	291	0.045455
151	385	0.055556
151	419	0.055556
152	3	0.018519
152	17	0.020000
152	20	0.008000
152	24	0.008772
152	25	0.008850
152	29	0.009901
152	31	0.008621
152	40	0.012195
152	61	0.011765
152	64	0.021277
152	76	0.016667
152	86	0.020000
152	89	0.022222
152	91	0.020000
152	107	0.021277
152	139	0.028571
152	142	0.034483
152	149	0.027027
152	164	0.037037
152	165	0.034483
152	190	0.035714
152	246	0.032258
152	250	0.032258
152	280	0.040000
152	378	0.045455
152	419	0.055556
153	8	0.020408
153	9	0.015385
153	21	0.008065
153	30	0.008772
153	33	0.010526
153	53	0.013699
153	60	0.016949
153	61	0.011765
153	73	0.018519
153	78	0.021739
153	82	0.018519
153	101	0.020408
153	107	0.021277
153	110	0.023810
153	124	0.031250
153	133	0.019608
153	145	0.028571
153	150	0.026316
153	154	0.033333
153	161	0.037037
153	186	0.033333
153	192	0.037037
153	201	0.045455
153	205	0.047619
153	208	0.041667
153	212	0.035714
153	224	0.045455
153	234	0.040000
153	249	0.041667
153	259	0.047619
153	279	0.043478
153	297	0.035714
153	300	0.050000
153	314	0.050000
153	333	0.047619
153	340	0.052632
153	341	0.045455
153	342	0.055556
153	367	0.055556
153	435	0.055556
153	444	0.055556
154	16	0.017544
154	17	0.020000
154	22	0.007299
154	26	0.006757
154	31	0.008621
154	47	0.008850
154	55	0.013699
154	78	0.021739
154	83	0.017857
154	85	0.023256
154	90	0.020833
154	93	0.020833
154	101	0.020408
154	105	0.025000
154	110	0.023810
154	125	0.025000
154	151	0.029412
154	153	0.024390
154	180	0.028571
154	188	0.043478
154	190	0.035714
154	208	0.041667
154	227	0.038462
154	240	0.037037
154	264	0.034483
154	296	0.043478
154	317	0.045455
154	348	0.047619
154	399	0.055556
154	418	0.055556
155	1	0.012346
155	6	0.013514
155	16	0.017544
155	21	0.008065
155	29	0.009901
155	37	0.015152
155	42	0.013699
155	45	0.012821
155	48	0.016129
155	65	0.020408
155	66	0.023810
155	68	0.019231
155	87	0.016949
155	92	0.023810
155	98	0.025000
155	123	0.032258
155	137	0.035714
155	139	0.028571
155	168	0.037037
155	214	0.038462
155	256	0.040000
155	306	0.045455
155	338	0.050000
155	342	0.055556
155	388	0.045455
156	1	0.012346
156	6	0.013514
156	23	0.007692
156	30	0.008772
156	32	0.009804
156	37	0.015152
156	46	0.013158
156	47	0.008850
156	48	0.016129
156	66	0.023810
156	73	0.018519
156	80	0.023256
156	83	0.017857
156	111	0.031250
156	120	0.029412
156	128	0.020833
156	131	0.025000
156	151	0.029412
156	223	0.035714
156	253	0.037037
156	258	0.038462
156	271	0.040000
156	304	0.055556
156	316	0.043478
156	322	0.045455
156	326	0.045455
156	362	0.047619
156	383	0.050000
156	392	0.050000
156	433	0.055556
156	441	0.052632
157	0	0.007752
157	3	0.018519
157	10	0.017544
157	13	0.016949
157	17	0.020000
157	29	0.009901
157	30	0.008772
157	35	0.010753
157	36	0.015152
157	37	0.015152
157	57	0.013333
157	63	0.021277
157	87	0.016949
157	88	0.018868
157	91	0.020000
157	104	0.023810
157	117	0.032258
157	130	0.028571
157	160	0.029412
157	163	0.028571
157	173	0.037037
157	186	0.033333
157	215	0.038462
157	220	0.043478
157	252	0.052632
157	286	0.047619
157	305	0.040000
157	317	0.045455
157	341	0.045455
157	387	0.050000
157	389	0.055556
157	397	0.047619
157	399	0.055556
157	401	0.055556
157	403	0.047619
157	422	0.055556
157	432	0.055556
158	8	0.020408
158	13	0.016949
158	24	0.008772
158	27	0.008130
158	30	0.008772
158	48	0.016129
158	62	0.016949
158	64	0.021277
158	77	0.022222
158	79	0.025000
158	82	0.018519
158	86	0.020000
158	88	0.018868
158	100	0.019231
158	101	0.020408
158	110	0.023810
158	113	0.026316
158	115	0.021739
158	183	0.040000
158	199	0.040000
158	252	0.052632
158	273	0.037037
158	301	0.035714
158	334	0.043478
158	414	0.055556
158	427	0.052632
159	22	0.007299
159	23	0.007692
159	28	0.008065
159	29	0.009901
159	32	0.009804
159	40	0.012195
159	52	0.015873
159	57	0.013333
159	60	0.016949
159	82	0.018519
159	84	0.028571
159	87	0.016949
159	93	0.020833
159	110	0.023810
159	124	0.031250
159	133	0.019608
159	144	0.024390
159	151	0.029412
159	258	0.038462
159	264	0.034483
159	286	0.047619
159	306	0.045455
159	430	0.055556
160	9	0.015385
160	15	0.021277
160	21	0.008065
160	23	0.007692
160	27	0.008130
160	33	0.010526
160	47	0.008850
160	57	0.013333
160	76	0.016667
160	90	0.020833
160	94	0.022727
160	100	0.019231
160	102	0.022727
160	122	0.023256
160	123	0.032258
160	127	0.029412
160	138	0.029412
160	157	0.027027
160	170	0.027027
160	179	0.032258
160	183	0.040000
160	184	0.043478
160	192	0.037037
160	205	0.047619
160	207	0.037037
160	209	0.035714
160	284	0.045455
160	286	0.047619
160	314	0.050000
160	335	0.050000
160	341	0.045455
160	344	0.055556
160	404	0.052632
160	433	0.055556
161	0	0.007752
161	15	0.021277
161	21	0.008065
161	27	0.008130
161	31	0.008621
161	38	0.011494
161	45	0.012821
161	53	0.013699
161	71	0.016667
161	77	0.022222
161	82	0.018519
161	83	0.017857
161	92	0.023810
161	99	0.030303
161	110	0.023810
161	121	0.029412
161	129	0.032258
161	153	0.024390
161	162	0.037037
161	163	0.028571
161	169	0.031250
161	229	0.050000
161	307	0.045455
161	315	0.043478
161	320	0.047619
161	334	0.043478
161	431	0.052632
162	0	0.007752
162	7	0.016949
162	22	0.007299
162	25	0.008850
162	29	0.009901
162	33	0.010526
162	34	0.012048
162	42	0.013699
162	43	0.016129
162	45	0.012821
162	47	0.008850
162	55	0.013699
162	59	0.021277
162	86	0.020000
162	107	0.021277
162	122	0.023256
162	129	0.032258
162	161	0.037037
162	211	0.035714
162	263	0.047619
162	271	0.040000
162	311	0.040000
162	323	0.045455
162	343	0.045455
162	350	0.050000
162	408	0.052632
162	427	0.052632
163	0	0.007752
163	1	0.012346
163	22	0.007299
163	24	0.008772
163	26	0.006757
163	27	0.008130
163	29	0.009901
163	39	0.015873
163	57	0.013333
163	72	0.016667
163	75	0.020833
163	95	0.022222
163	100	0.019231
163	119	0.028571
163	132	0.022727
163	149	0.027027
163	157	0.027027
163	161	0.037037
163	167	0.043478
163	176	0.028571
163	196	0.031250
163	214	0.038462
163	240	0.037037
163	280	0.040000
163	301	0.035714
163	305	0.040000
163	339	0.050000
163	349	0.052632
163	354	0.050000
163	356	0.045455
163	362	0.047619
163	380	0.047619
163	408	0.052632
163	435	0.055556
163	451	0.055556
164	0	0.007752
164	1	0.012346
164	12	0.016949
164	15	0.021277
164	19	0.006452
164	20	0.008000
164	33	0.010526
164	35	0.010753
164	47	0.008850
164	55	0.013699
164	56	0.013699
164	68	0.019231
164	91	0.020000
164	92	0.023810
164	104	0.023810
164	127	0.029412
164	136	0.030303
164	152	0.038462
164	171	0.034483
164	209	0.035714
164	213	0.038462
164	229	0.050000
164	231	0.038462
164	254	0.043478
164	255	0.038462
164	431	0.052632
164	446	0.055556
165	0	0.007752
165	3	0.018519
165	4	0.012048
165	19	0.006452
165	22	0.007299
165	26	0.006757
165	28	0.008065
165	30	0.008772
165	46	0.013158
165	48	0.016129
165	56	0.013699
165	59	0.021277
165	67	0.018182
165	74	0.015152
165	86	0.020000
165	104	0.023810
165	105	0.025000
165	152	0.038462
165	183	0.040000
165	186	0.033333
165	226	0.038462
165	237	0.032258
165	266	0.052632
165	281	0.047619
165	293	0.043478
165	317	0.045455
165	319	0.050000
165	344	0.055556
165	370	0.047619
166	6	0.013514
166	19	0.006452
166	21	0.008065
166	23	0.007692
166	28	0.008065
166	43	0.016129
166	45	0.012821
166	47	0.008850
166	62	0.016949
166	65	0.020408
166	74	0.015152
166	75	0.020833
166	78	0.021739
166	112	0.026316
166	114	0.032258
166	133	0.019608
166	139	0.028571
166	141	0.035714
166	196	0.031250
166	200	0.052632
166	233	0.030303
166	320	0.047619
166	325	0.037037
166	379	0.052632
166	405	0.050000
166	419	0.055556
167	10	0.017544
167	19	0.006452
167	25	0.008850
167	26	0.006757
167	55	0.013699
167	57	0.013333
167	60	0.016949
167	70	0.019608
167	71	0.016667
167	80	0.023256
167	85	0.023256
167	86	0.020000
167	90	0.020833
167	118	0.030303
167	141	0.035714
167	143	0.035714
167	149	0.027027
167	163	0.028571
167	174	0.027027
167	194	0.029412
167	229	0.050000
167	360	0.045455
167	385	0.055556
168	0	0.007752
168	13	0.016949
168	19	0.006452
168	20	0.008000
168	25	0.008850
168	28	0.008065
168	37	0.015152
168	61	0.011765
168	74	0.015152
168	85	0.023256
168	87	0.016949
168	92	0.023810
168	102	0.022727
168	107	0.021277
168	118	0.030303
168	132	0.022727
168	147	0.038462
168	155	0.040000
168	171	0.034483
168	187	0.038462
168	210	0.045455
168	231	0.038462
168	248	0.047619
168	261	0.037037
168	378	0.045455
168	400	0.052632
168	418	0.055556
169	14	0.014706
169	21	0.008065
169	22	0.007299
169	23	0.007692
169	27	0.008130
169	30	0.008772
169	42	0.013699
169	63	0.021277
169	72	0.016667
169	84	0.028571
169	89	0.022222
169	100	0.019231
169	106	0.025000
169	110	0.023810
169	133	0.019608
169	134	0.029412
169	135	0.030303
169	161	0.037037
169	181	0.034483
169	191	0.030303
169	206	0.027778
169	248	0.047619
169	254	0.043478
169	255	0.038462
169	277	0.050000
169	293	0.043478
169	301	0.035714
169	309	0.043478
169	318	0.041667
169	320	0.047619
169	342	0.055556
169	350	0.050000
170	1	0.012346
170	2	0.024390
170	6	0.013514
170	20	0.008000
170	21	0.008065
170	22	0.007299
170	23	0.007692
170	40	0.012195
170	46	0.013158
170	47	0.008850
170	51	0.019231
170	61	0.011765
170	66	0.023810
170	85	0.023256
170	107	0.021277
170	128	0.020833
170	133	0.019608
170	160	0.029412
170	186	0.033333
170	191	0.030303
170	192	0.037037
170	195	0.029412
170	202	0.034483
170	215	0.038462
170	217	0.038462
170	256	0.040000
170	258	0.038462
170	270	0.043478
170	273	0.037037
170	308	0.038462
170	312	0.043478
170	322	0.045455
170	334	0.043478
170	369	0.050000
170	372	0.047619
170	395	0.055556
170	451	0.055556
171	0	0.007752
171	7	0.016949
171	18	0.033333
171	24	0.008772
171	28	0.008065
171	31	0.008621
171	46	0.013158
171	54	0.016393
171	55	0.013699
171	56	0.013699
171	61	0.011765
171	75	0.020833
171	100	0.019231
171	128	0.020833
171	131	0.025000
171	146	0.034483
171	164	0.037037
171	168	0.037037
171	216	0.038462
171	219	0.035714
171	253	0.037037
171	287	0.047619
171	303	0.041667
171	311	0.040000
171	363	0.043478
171	368	0.047619
171	414	0.055556
171	432	0.055556
171	447	0.055556
172	4	0.012048
172	10	0.017544
172	14	0.014706
172	19	0.006452
172	20	0.008000
172	21	0.008065
172	22	0.007299
172	24	0.008772
172	25	0.008850
172	26	0.006757
172	30	0.008772
172	34	0.012048
172	64	0.021277
172	77	0.022222
172	88	0.018868
172	106	0.025000
172	132	0.022727
172	135	0.030303
172	179	0.032258
172	190	0.035714
172	193	0.028571
172	253	0.037037
172	260	0.047619
172	373	0.055556
172	435	0.055556
172	437	0.055556
173	1	0.012346
173	7	0.016949
173	9	0.015385
173	15	0.021277
173	27	0.008130
173	34	0.012048
173	37	0.015152
173	50	0.016393
173	58	0.016667
173	82	0.018519
173	85	0.023256
173	97	0.025641
173	98	0.025000
173	105	0.025000
173	112	0.026316
173	119	0.028571
173	138	0.029412
173	157	0.027027
173	185	0.031250
173	188	0.043478
173	189	0.035714
173	195	0.029412
173	215	0.038462
173	231	0.038462
173	267	0.038462
173	310	0.043478
173	362	0.047619
174	0	0.007752
174	4	0.012048
174	23	0.007692
174	28	0.008065
174	30	0.008772
174	36	0.015152
174	40	0.012195
174	50	0.016393
174	56	0.013699
174	58	0.016667
174	61	0.011765
174	86	0.020000
174	87	0.016949
174	99	0.030303
174	101	0.020408
174	126	0.027027
174	142	0.034483
174	167	0.043478
174	184	0.043478
174	222	0.045455
174	229	0.050000
174	267	0.038462
174	268	0.045455
174	272	0.041667
174	287	0.047619
174	311	0.040000
174	348	0.047619
174	349	0.052632
174	356	0.045455
174	362	0.047619
174	372	0.047619
174	387	0.050000
174	394	0.052632
174	424	0.055556
174	435	0.055556
174	442	0.055556
174	447	0.055556
175	0	0.007752
175	2	0.024390
175	7	0.016949
175	13	0.016949
175	16	0.017544
175	17	0.020000
175	22	0.007299
175	23	0.007692
175	45	0.012821
175	46	0.013158
175	56	0.013699
175	58	0.016667
175	83	0.017857
175	101	0.020408
175	120	0.029412
175	131	0.025000
175	140	0.026316
175	144	0.024390
175	183	0.040000
175	197	0.034483
175	209	0.035714
175	244	0.034483
175	284	0.045455
175	382	0.052632
175	393	0.052632
175	395	0.055556
175	409	0.055556
175	418	0.055556
175	422	0.055556
176	2	0.024390
176	8	0.020408
176	10	0.017544
176	15	0.021277
176	22	0.007299
176	25	0.008850
176	27	0.008130
176	33	0.010526
176	47	0.008850
176	52	0.015873
176	56	0.013699
176	72	0.016667
176	91	0.020000
176	102	0.022727
176	110	0.023810
176	117	0.032258
176	134	0.029412
176	163	0.028571
176	193	0.028571
176	202	0.034483
176	230	0.032258
176	232	0.041667
176	239	0.035714
176	260	0.047619
176	265	0.045455
176	276	0.045455
176	287	0.047619
176	326	0.045455
176	366	0.047619
176	411	0.052632
176	413	0.055556
176	417	0.050000
176	423	0.050000
176	448	0.055556
176	449	0.055556
177	1	0.012346
177	4	0.012048
177	8	0.020408
177	9	0.015385
177	10	0.017544
177	19	0.006452
177	21	0.008065
177	23	0.007692
177	24	0.008772
177	25	0.008850
177	26	0.006757
177	28	0.008065
177	34	0.012048
177	36	0.015152
177	46	0.013158
177	51	0.019231
177	119	0.028571
177	137	0.035714
177	183	0.040000
177	218	0.033333
177	219	0.035714
177	241	0.043478
177	283	0.040000
177	289	0.045455
177	301	0.035714
177	335	0.050000
177	341	0.045455
177	371	0.045455
177	390	0.055556
177	422	0.055556
178	6	0.013514
178	22	0.007299
178	23	0.007692
178	24	0.008772
178	30	0.008772
178	31	0.008621
178	39	0.015873
178	43	0.016129
178	65	0.020408
178	72	0.016667
178	89	0.022222
178	92	0.023810
178	105	0.025000
178	107	0.021277
178	111	0.031250
178	134	0.029412
178	135	0.030303
178	145	0.028571
178	197	0.034483
178	290	0.043478
178	302	0.052632
178	366	0.047619
178	378	0.045455
178	386	0.055556
179	0	0.007752
179	10	0.017544
179	13	0.016949
179	19	0.006452
179	24	0.008772
179	27	0.008130
179	30	0.008772
179	32	0.009804
179	37	0.015152
179	47	0.008850
179	53	0.013699
179	62	0.016949
179	68	0.019231
179	98	0.025000
179	101	0.020408
179	141	0.035714
179	160	0.029412
179	172	0.038462
179	182	0.031250
179	213	0.038462
179	228	0.047619
179	244	0.034483
179	290	0.043478
179	298	0.043478
179	304	0.055556
179	320	0.047619
179	356	0.045455
179	379	0.052632
179	397	0.047619
179	420	0.052632
179	437	0.055556
180	8	0.020408
180	16	0.017544
180	19	0.006452
180	22	0.007299
180	29	0.009901
180	31	0.008621
180	44	0.013699
180	49	0.015873
180	50	0.016393
180	64	0.021277
180	69	0.029412
180	87	0.016949
180	91	0.020000
180	112	0.026316
180	129	0.032258
180	133	0.019608
180	139	0.028571
180	154	0.033333
180	188	0.043478
180	196	0.031250
180	197	0.034483
180	225	0.040000
180	236	0.041667
180	243	0.038462
180	245	0.040000
180	259	0.047619
180	278	0.035714
180	281	0.047619
180	293	0.043478
180	319	0.050000
180	328	0.050000
180	370	0.047619
180	373	0.055556
180	384	0.055556
180	445	0.055556
181	0	0.007752
181	1	0.012346
181	6	0.013514
181	21	0.008065
181	26	0.006757
181	31	0.008621
181	33	0.010526
181	37	0.015152
181	40	0.012195
181	49	0.015873
181	55	0.013699
181	60	0.016949
181	74	0.015152
181	77	0.022222
181	80	0.023256
181	92	0.023810
181	120	0.029412
181	169	0.031250
181	193	0.028571
181	201	0.045455
181	202	0.034483
181	233	0.030303
181	271	0.040000
181	277	0.050000
181	294	0.045455
181	306	0.045455
181	354	0.050000
181	428	0.052632
181	451	0.055556
182	9	0.015385
182	27	0.008130
182	28	0.008065
182	33	0.010526
182	35	0.010753
182	47	0.008850
182	54	0.016393
182	71	0.016667
182	91	0.020000
182	102	0.022727
182	108	0.021739
182	118	0.030303
182	120	0.029412
182	126	0.027027
182	129	0.032258
182	133	0.019608
182	139	0.028571
182	179	0.032258
182	185	0.031250
182	190	0.035714
182	191	0.030303
182	204	0.032258
182	207	0.037037
182	250	0.032258
182	259	0.047619
182	262	0.040000
182	291	0.045455
182	297	0.035714
182	311	0.040000
182	422	0.055556
182	432	0.055556
182	436	0.052632
183	0	0.007752
183	26	0.006757
183	32	0.009804
183	35	0.010753
183	48	0.016129
183	63	0.021277
183	74	0.015152
183	81	0.018868
183	82	0.018519
183	83	0.017857
183	92	0.023810
183	101	0.020408
183	108	0.021739
183	158	0.038462
183	160	0.029412
183	165	0.034483
183	175	0.034483
183	177	0.033333
183	236	0.041667
183	242	0.047619
183	283	0.040000
183	310	0.043478
183	333	0.047619
183	370	0.047619
183	390	0.055556
184	14	0.014706
184	19	0.006452
184	22	0.007299
184	24	0.008772
184	26	0.006757
184	33	0.010526
184	38	0.011494
184	44	0.013699
184	47	0.008850
184	64	0.021277
184	67	0.018182
184	71	0.016667
184	89	0.022222
184	122	0.023256
184	132	0.022727
184	148	0.027778
184	160	0.029412
184	174	0.027027
184	239	0.035714
184	266	0.052632
184	280	0.040000
184	308	0.038462
184	388	0.045455
185	10	0.017544
185	22	0.007299
185	29	0.009901
185	36	0.015152
185	43	0.016129
185	50	0.016393
185	54	0.016393
185	82	0.018519
185	89	0.022222
185	101	0.020408
185	109	0.025641
185	114	0.032258
185	115	0.021739
185	117	0.032258
185	141	0.035714
185	142	0.034483
185	173	0.037037
185	182	0.031250
185	200	0.052632
185	206	0.027778
185	225	0.040000
185	253	0.037037
185	254	0.043478
185	283	0.040000
185	323	0.045455
185	340	0.052632
185	350	0.050000
185	358	0.050000
185	362	0.047619
185	366	0.047619
185	377	0.055556
185	401	0.055556
186	1	0.012346
186	6	0.013514
186	9	0.015385
186	19	0.006452
186	20	0.008000
186	42	0.013699
186	43	0.016129
186	51	0.019231
186	61	0.011765
186	63	0.021277
186	94	0.022727
186	102	0.022727
186	113	0.026316
186	126	0.027027
186	153	0.024390
186	157	0.027027
186	165	0.034483
186	170	0.027027
186	202	0.034483
186	226	0.038462
186	237	0.032258
186	247	0.043478
186	267	0.038462
186	279	0.043478
186	281	0.047619
186	282	0.043478
186	290	0.043478
186	318	0.041667
186	423	0.050000
186	440	0.055556
187	0	0.007752
187	1	0.012346
187	4	0.012048
187	5	0.040000
187	8	0.020408
187	29	0.009901
187	38	0.011494
187	41	0.015385
187	53	0.013699
187	55	0.013699
187	57	0.013333
187	61	0.011765
187	81	0.018868
187	87	0.016949
187	125	0.025000
187	136	0.030303
187	149	0.027027
187	168	0.037037
187	225	0.040000
187	268	0.045455
187	274	0.041667
187	327	0.050000
187	351	0.050000
187	362	0.047619
187	394	0.052632
187	418	0.055556
188	10	0.017544
188	38	0.011494
188	44	0.013699
188	50	0.016393
188	53	0.013699
188	69	0.029412
188	70	0.019608
188	72	0.016667
188	74	0.015152
188	80	0.023256
188	89	0.022222
188	91	0.020000
188	100	0.019231
188	109	0.025641
188	151	0.029412
188	154	0.033333
188	173	0.037037
188	180	0.028571
188	230	0.032258
188	234	0.040000
188	260	0.047619
188	352	0.047619
188	395	0.055556
189	7	0.016949
189	10	0.017544
189	21	0.008065
189	23	0.007692
189	27	0.008130
189	33	0.010526
189	35	0.010753
189	56	0.013699
189	59	0.021277
189	66	0.023810
189	88	0.018868
189	94	0.022727
189	95	0.022222
189	115	0.021739
189	122	0.023256
189	132	0.022727
189	150	0.026316
189	173	0.037037
189	194	0.029412
189	199	0.040000
189	208	0.041667
189	221	0.035714
189	256	0.040000
189	336	0.045455
189	352	0.047619
189	360	0.045455
189	381	0.050000
189	407	0.047619
190	0	0.007752
190	13	0.016949
190	17	0.020000
190	26	0.006757
190	28	0.008065
190	51	0.019231
190	55	0.013699
190	71	0.016667
190	96	0.023256
190	111	0.031250
190	112	0.026316
190	127	0.029412
190	132	0.022727
190	149	0.027027
190	152	0.038462
190	154	0.033333
190	172	0.038462
190	182	0.031250
190	206	0.027778
190	222	0.045455
190	270	0.043478
190	273	0.037037
190	282	0.043478
190	299	0.037037
190	367	0.055556
190	381	0.050000
190	421	0.055556
190	423	0.050000
191	0	0.007752
191	9	0.015385
191	33	0.010526
191	38	0.011494
191	42	0.013699
191	45	0.012821
191	48	0.016129
191	49	0.015873
191	57	0.013333
191	74	0.015152
191	84	0.028571
191	87	0.016949
191	106	0.025000
191	111	0.031250
191	118	0.030303
191	169	0.031250
191	170	0.027027
191	182	0.031250
191	195	0.029412
191	208	0.041667
191	215	0.038462
191	228	0.047619
191	230	0.032258
191	238	0.040000
191	250	0.032258
191	298	0.043478
191	322	0.045455
191	363	0.043478
191	366	0.047619
191	368	0.047619
191	377	0.055556
191	431	0.052632
191	446	0.055556
192	34	0.012048
192	37	0.015152
192	43	0.016129
192	47	0.008850
192	51	0.019231
192	52	0.015873
192	55	0.013699
192	68	0.019231
192	71	0.016667
192	107	0.021277
192	119	0.028571
192	123	0.032258
192	139	0.028571
192	141	0.035714
192	148	0.027778
192	153	0.024390
192	160	0.029412
192	170	0.027027
192	199	0.040000
192	202	0.034483
192	212	0.035714
192	231	0.038462
192	253	0.037037
192	282	0.043478
192	378	0.045455
192	383	0.050000
192	405	0.050000
193	0	0.007752
193	1	0.012346
193	6	0.013514
193	8	0.020408
193	19	0.006452
193	20	0.008000
193	31	0.008621
193	32	0.009804
193	37	0.015152
193	41	0.015385
193	45	0.012821
193	51	0.019231
193	54	0.016393
193	67	0.018182
193	79	0.025000
193	172	0.038462
193	176	0.028571
193	181	0.034483
193	201	0.045455
193	218	0.033333
193	227	0.038462
193	231	0.038462
193	249	0.041667
193	277	0.050000
193	293	0.043478
193	302	0.052632
193	336	0.045455
193	343	0.045455
193	357	0.047619
193	358	0.050000
193	388	0.045455
193	404	0.052632
193	423	0.050000
193	440	0.055556
193	448	0.055556
194	4	0.012048
194	14	0.014706
194	23	0.007692
194	28	0.008065
194	32	0.009804
194	35	0.010753
194	46	0.013158
194	62	0.016949
194	73	0.018519
194	82	0.018519
194	88	0.018868
194	100	0.019231
194	127	0.029412
194	131	0.025000
194	132	0.022727
194	143	0.035714
194	167	0.043478
194	189	0.035714
194	200	0.052632
194	235	0.026316
194	236	0.041667
194	237	0.032258
194	238	0.040000
194	239	0.035714
194	246	0.032258
194	296	0.043478
194	335	0.050000
194	350	0.050000
194	356	0.045455
194	386	0.055556
194	390	0.055556
194	410	0.055556
194	423	0.050000
194	429	0.055556
195	7	0.016949
195	15	0.021277
195	19	0.006452
195	23	0.007692
195	26	0.006757
195	30	0.008772
195	34	0.012048
195	41	0.015385
195	61	0.011765
195	76	0.016667
195	83	0.017857
195	115	0.021739
195	127	0.029412
195	128	0.020833
195	137	0.035714
195	170	0.027027
195	173	0.037037
195	191	0.030303
195	201	0.045455
195	208	0.041667
195	210	0.045455
195	216	0.038462
195	218	0.033333
195	237	0.032258
195	242	0.047619
195	244	0.034483
195	256	0.040000
195	264	0.034483
195	274	0.041667
195	312	0.043478
195	328	0.050000
195	340	0.052632
195	400	0.052632
195	401	0.055556
196	0	0.007752
196	10	0.017544
196	20	0.008000
196	21	0.008065
196	23	0.007692
196	30	0.008772
196	51	0.019231
196	56	0.013699
196	57	0.013333
196	72	0.016667
196	75	0.020833
196	95	0.022222
196	112	0.026316
196	113	0.026316
196	128	0.020833
196	163	0.028571
196	166	0.038462
196	180	0.028571
196	220	0.043478
196	232	0.041667
196	236	0.041667
196	256	0.040000
196	275	0.041667
196	283	0.040000
196	285	0.045455
196	337	0.047619
196	351	0.050000
196	372	0.047619
196	387	0.050000
196	392	0.050000
196	396	0.055556
196	435	0.055556
197	0	0.007752
197	15	0.021277
197	20	0.008000
197	22	0.007299
197	24	0.008772
197	26	0.006757
197	40	0.012195
197	48	0.016129
197	57	0.013333
197	80	0.023256
197	91	0.020000
197	94	0.022727
197	107	0.021277
197	123	0.032258
197	137	0.035714
197	175	0.034483
197	178	0.041667
197	180	0.028571
197	227	0.038462
197	230	0.032258
197	243	0.038462
197	264	0.034483
197	325	0.037037
197	329	0.052632
197	350	0.050000
197	400	0.052632
197	410	0.055556
197	426	0.050000
197	430	0.055556
198	13	0.016949
198	19	0.006452
198	22	0.007299
198	25	0.008850
198	31	0.008621
198	37	0.015152
198	56	0.013699
198	57	0.013333
198	60	0.016949
198	82	0.018519
198	88	0.018868
198	93	0.020833
198	100	0.019231
198	102	0.022727
198	103	0.030303
198	104	0.023810
198	134	0.029412
198	151	0.029412
198	208	0.041667
198	225	0.040000
198	259	0.047619
198	290	0.043478
198	294	0.045455
198	306	0.045455
198	309	0.043478
198	359	0.047619
198	365	0.052632
198	388	0.045455
198	397	0.047619
198	407	0.047619
198	409	0.055556
198	429	0.055556
198	434	0.055556
199	26	0.006757
199	31	0.008621
199	39	0.015873
199	43	0.016129
199	55	0.013699
199	61	0.011765
199	70	0.019608
199	79	0.025000
199	86	0.020000
199	91	0.020000
199	105	0.025000
199	121	0.029412
199	124	0.031250
199	133	0.019608
199	135	0.030303
199	158	0.038462
199	189	0.035714
199	192	0.037037
199	242	0.047619
199	245	0.040000
199	248	0.047619
199	252	0.052632
199	344	0.055556
199	361	0.050000
199	395	0.055556
200	19	0.006452
200	21	0.008065
200	25	0.008850
200	31	0.008621
200	36	0.015152
200	45	0.012821
200	47	0.008850
200	49	0.015873
200	52	0.015873
200	54	0.016393
200	66	0.023810
200	77	0.022222
200	91	0.020000
200	117	0.032258
200	144	0.024390
200	166	0.038462
200	185	0.031250
200	194	0.029412
200	256	0.040000
201	0	0.007752
201	7	0.016949
201	30	0.008772
201	44	0.013699
201	46	0.013158
201	63	0.021277
201	68	0.019231
201	72	0.016667
201	75	0.020833
201	87	0.016949
201	88	0.018868
201	93	0.020833
201	110	0.023810
201	128	0.020833
201	153	0.024390
201	181	0.034483
201	193	0.028571
201	195	0.029412
201	228	0.047619
201	289	0.045455
201	313	0.047619
201	332	0.041667
202	4	0.012048
202	7	0.016949
202	11	0.035714
202	22	0.007299
202	28	0.008065
202	30	0.008772
202	40	0.012195
202	45	0.012821
202	57	0.013333
202	60	0.016949
202	81	0.018868
202	107	0.021277
202	139	0.028571
202	170	0.027027
202	176	0.028571
202	181	0.034483
202	186	0.033333
202	192	0.037037
202	207	0.037037
202	211	0.035714
202	229	0.050000
202	244	0.034483
202	245	0.040000
202	261	0.037037
202	286	0.047619
202	299	0.037037
202	301	0.035714
202	385	0.055556
202	435	0.055556
203	0	0.007752
203	3	0.018519
203	5	0.040000
203	14	0.014706
203	21	0.008065
203	23	0.007692
203	30	0.008772
203	34	0.012048
203	45	0.012821
203	61	0.011765
203	71	0.016667
203	72	0.016667
203	85	0.023256
203	95	0.022222
203	125	0.025000
203	131	0.025000
203	133	0.019608
203	144	0.024390
203	232	0.041667
203	233	0.030303
203	237	0.032258
203	253	0.037037
203	264	0.034483
203	304	0.055556
203	330	0.040000
203	333	0.047619
203	351	0.050000
203	368	0.047619
203	373	0.055556
203	405	0.050000
203	422	0.055556
203	450	0.055556
204	7	0.016949
204	13	0.016949
204	19	0.006452
204	48	0.016129
204	49	0.015873
204	51	0.019231
204	56	0.013699
204	57	0.013333
204	61	0.011765
204	67	0.018182
204	86	0.020000
204	89	0.022222
204	94	0.022727
204	121	0.029412
204	136	0.030303
204	143	0.035714
204	146	0.034483
204	182	0.031250
204	205	0.047619
204	220	0.043478
204	250	0.032258
204	253	0.037037
204	280	0.040000
204	333	0.047619
204	382	0.052632
204	383	0.050000
204	384	0.055556
204	414	0.055556
204	427	0.052632
204	428	0.052632
204	444	0.055556
205	9	0.015385
205	30	0.008772
205	35	0.010753
205	38	0.011494
205	44	0.013699
205	46	0.013158
205	54	0.016393
205	62	0.016949
205	71	0.016667
205	78	0.021739
205	83	0.017857
205	86	0.020000
205	91	0.020000
205	100	0.019231
205	115	0.021739
205	153	0.024390
205	160	0.029412
205	204	0.032258
205	279	0.043478
205	378	0.045455
205	403	0.047619
206	1	0.012346
206	6	0.013514
206	19	0.006452
206	23	0.007692
206	27	0.008130
206	39	0.015873
206	44	0.013699
206	46	0.013158
206	57	0.013333
206	64	0.021277
206	69	0.029412
206	74	0.015152
206	86	0.020000
206	114	0.032258
206	134	0.029412
206	169	0.031250
206	185	0.031250
206	190	0.035714
206	207	0.037037
206	223	0.035714
206	239	0.035714
206	262	0.040000
206	276	0.045455
206	277	0.050000
206	288	0.047619
206	305	0.040000
206	308	0.038462
206	328	0.050000
206	329	0.052632
206	351	0.050000
206	352	0.047619
206	356	0.045455
206	386	0.055556
206	412	0.052632
206	414	0.055556
206	444	0.055556
207	1	0.012346
207	3	0.018519
207	12	0.016949
207	17	0.020000
207	19	0.006452
207	20	0.008000
207	30	0.008772
207	35	0.010753
207	43	0.016129
207	76	0.016667
207	81	0.018868
207	101	0.020408
207	105	0.025000
207	140	0.026316
207	160	0.029412
207	182	0.031250
207	202	0.034483
207	206	0.027778
207	224	0.045455
207	227	0.038462
207	233	0.030303
207	241	0.043478
207	269	0.043478
207	296	0.043478
207	316	0.043478
207	329	0.052632
207	413	0.055556
208	0	0.007752
208	26	0.006757
208	32	0.009804
208	34	0.012048
208	36	0.015152
208	55	0.013699
208	60	0.016949
208	85	0.023256
208	119	0.028571
208	132	0.022727
208	133	0.019608
208	151	0.029412
208	153	0.024390
208	154	0.033333
208	189	0.035714
208	191	0.030303
208	195	0.029412
208	198	0.030303
208	277	0.050000
208	298	0.043478
208	334	0.043478
208	360	0.045455
208	447	0.055556
208	452	0.055556
209	17	0.020000
209	19	0.006452
209	24	0.008772
209	26	0.006757
209	27	0.008130
209	32	0.009804
209	38	0.011494
209	42	0.013699
209	57	0.013333
209	81	0.018868
209	90	0.020833
209	95	0.022222
209	97	0.025641
209	108	0.021739
209	148	0.027778
209	160	0.029412
209	164	0.037037
209	175	0.034483
209	214	0.038462
209	238	0.040000
209	254	0.043478
209	255	0.038462
209	289	0.045455
209	321	0.050000
209	347	0.043478
209	367	0.055556
209	382	0.052632
209	386	0.055556
210	4	0.012048
210	19	0.006452
210	23	0.007692
210	28	0.008065
210	34	0.012048
210	35	0.010753
210	53	0.013699
210	56	0.013699
210	72	0.016667
210	88	0.018868
210	109	0.025641
210	110	0.023810
210	112	0.026316
210	122	0.023256
210	128	0.020833
210	143	0.035714
210	168	0.037037
210	195	0.029412
210	290	0.043478
210	302	0.052632
210	347	0.043478
210	408	0.052632
211	4	0.012048
211	6	0.013514
211	7	0.016949
211	8	0.020408
211	13	0.016949
211	21	0.008065
211	25	0.008850
211	30	0.008772
211	41	0.015385
211	47	0.008850
211	81	0.018868
211	90	0.020833
211	110	0.023810
211	125	0.025000
211	127	0.029412
211	135	0.030303
211	162	0.037037
211	202	0.034483
211	212	0.035714
211	233	0.030303
211	258	0.038462
211	269	0.043478
211	296	0.043478
211	315	0.043478
211	367	0.055556
211	400	0.052632
211	426	0.050000
211	429	0.055556
212	0	0.007752
212	4	0.012048
212	20	0.008000
212	23	0.007692
212	26	0.006757
212	29	0.009901
212	31	0.008621
212	32	0.009804
212	52	0.015873
212	81	0.018868
212	83	0.017857
212	122	0.023256
212	134	0.029412
212	150	0.026316
212	151	0.029412
212	153	0.024390
212	192	0.037037
212	211	0.035714
212	214	0.038462
212	227	0.038462
212	231	0.038462
212	264	0.034483
212	268	0.045455
212	297	0.035714
212	357	0.047619
212	379	0.052632
212	395	0.055556
212	428	0.052632
213	3	0.018519
213	21	0.008065
213	26	0.006757
213	30	0.008772
213	31	0.008621
213	40	0.012195
213	45	0.012821
213	51	0.019231
213	54	0.016393
213	60	0.016949
213	65	0.020408
213	90	0.020833
213	116	0.023256
213	134	0.029412
213	144	0.024390
213	148	0.027778
213	164	0.037037
213	179	0.032258
213	217	0.038462
213	223	0.035714
213	314	0.050000
213	324	0.041667
213	347	0.043478
213	393	0.052632
213	401	0.055556
213	407	0.047619
214	0	0.007752
214	1	0.012346
214	23	0.007692
214	31	0.008621
214	34	0.012048
214	47	0.008850
214	62	0.016949
214	71	0.016667
214	73	0.018519
214	82	0.018519
214	96	0.023256
214	100	0.019231
214	131	0.025000
214	132	0.022727
214	155	0.040000
214	163	0.028571
214	209	0.035714
214	212	0.035714
214	252	0.052632
214	272	0.041667
214	299	0.037037
214	303	0.041667
214	307	0.045455
214	344	0.055556
214	406	0.050000
214	407	0.047619
215	13	0.016949
215	19	0.006452
215	20	0.008000
215	23	0.007692
215	30	0.008772
215	32	0.009804
215	38	0.011494
215	68	0.019231
215	82	0.018519
215	95	0.022222
215	97	0.025641
215	111	0.031250
215	119	0.028571
215	139	0.028571
215	157	0.027027
215	170	0.027027
215	173	0.037037
215	191	0.030303
215	224	0.045455
215	243	0.038462
215	285	0.045455
215	296	0.043478
215	334	0.043478
215	417	0.050000
215	423	0.050000
215	441	0.052632
216	2	0.024390
216	13	0.016949
216	26	0.006757
216	32	0.009804
216	37	0.015152
216	40	0.012195
216	42	0.013699
216	44	0.013699
216	58	0.016667
216	61	0.011765
216	88	0.018868
216	89	0.022222
216	96	0.023256
216	116	0.023256
216	119	0.028571
216	128	0.020833
216	171	0.034483
216	195	0.029412
216	235	0.026316
216	266	0.052632
216	288	0.047619
216	316	0.043478
216	330	0.040000
216	336	0.045455
216	367	0.055556
216	410	0.055556
217	4	0.012048
217	6	0.013514
217	9	0.015385
217	21	0.008065
217	22	0.007299
217	30	0.008772
217	32	0.009804
217	36	0.015152
217	51	0.019231
217	58	0.016667
217	66	0.023810
217	74	0.015152
217	87	0.016949
217	94	0.022727
217	96	0.023256
217	121	0.029412
217	170	0.027027
217	213	0.038462
217	218	0.033333
217	251	0.050000
217	255	0.038462
217	257	0.047619
217	321	0.050000
217	326	0.045455
217	331	0.047619
217	406	0.050000
218	4	0.012048
218	17	0.020000
218	19	0.006452
218	22	0.007299
218	28	0.008065
218	38	0.011494
218	39	0.015873
218	46	0.013158
218	62	0.016949
218	65	0.020408
218	76	0.016667
218	110	0.023810
218	143	0.035714
218	151	0.029412
218	177	0.033333
218	193	0.028571
218	195	0.029412
218	217	0.038462
218	225	0.040000
218	232	0.041667
218	255	0.038462
218	301	0.035714
218	311	0.040000
218	314	0.050000
218	334	0.043478
218	345	0.045455
218	371	0.045455
218	438	0.055556
218	440	0.055556
218	450	0.055556
219	10	0.017544
219	13	0.016949
219	20	0.008000
219	22	0.007299
219	23	0.007692
219	25	0.008850
219	26	0.006757
219	31	0.008621
219	32	0.009804
219	56	0.013699
219	64	0.021277
219	67	0.018182
219	75	0.020833
219	82	0.018519
219	87	0.016949
219	93	0.020833
219	171	0.034483
219	177	0.033333
219	265	0.045455
219	271	0.040000
219	289	0.045455
219	295	0.043478
219	316	0.043478
219	365	0.052632
219	378	0.045455
219	383	0.050000
219	404	0.052632
219	437	0.055556
220	20	0.008000
220	25	0.008850
220	31	0.008621
220	32	0.009804
220	38	0.011494
220	50	0.016393
220	67	0.018182
220	78	0.021739
220	81	0.018868
220	88	0.018868
220	93	0.020833
220	102	0.022727
220	107	0.021277
220	126	0.027027
220	146	0.034483
220	157	0.027027
220	196	0.031250
220	204	0.032258
220	228	0.047619
220	269	0.043478
220	284	0.045455
220	364	0.052632
220	391	0.055556
221	19	0.006452
221	20	0.008000
221	24	0.008772
221	29	0.009901
221	35	0.010753
221	47	0.008850
221	71	0.016667
221	78	0.021739
221	85	0.023256
221	87	0.016949
221	89	0.022222
221	102	0.022727
221	104	0.023810
221	132	0.022727
221	141	0.035714
221	144	0.024390
221	147	0.038462
221	189	0.035714
221	233	0.030303
221	264	0.034483
221	272	0.041667
221	302	0.052632
221	312	0.043478
221	317	0.045455
221	318	0.041667
221	326	0.045455
221	424	0.055556
221	445	0.055556
222	0	0.007752
222	6	0.013514
222	7	0.016949
222	27	0.008130
222	40	0.012195
222	43	0.016129
222	47	0.008850
222	52	0.015873
222	59	0.021277
222	68	0.019231
222	83	0.017857
222	86	0.020000
222	90	0.020833
222	122	0.023256
222	145	0.028571
222	147	0.038462
222	174	0.027027
222	190	0.035714
222	246	0.032258
222	300	0.050000
222	372	0.047619
222	419	0.055556
223	4	0.012048
223	8	0.020408
223	15	0.021277
223	20	0.008000
223	22	0.007299
223	27	0.008130
223	32	0.009804
223	35	0.010753
223	36	0.015152
223	48	0.016129
223	53	0.013699
223	79	0.025000
223	94	0.022727
223	97	0.025641
223	125	0.025000
223	156	0.032258
223	206	0.027778
223	213	0.038462
223	239	0.035714
223	288	0.047619
223	297	0.035714
223	310	0.043478
223	332	0.041667
223	346	0.040000
223	350	0.050000
223	392	0.050000
223	415	0.055556
223	431	0.052632
224	6	0.013514
224	15	0.021277
224	24	0.008772
224	26	0.006757
224	31	0.008621
224	40	0.012195
224	44	0.013699
224	54	0.016393
224	56	0.013699
224	71	0.016667
224	80	0.023256
224	86	0.020000
224	88	0.018868
224	89	0.022222
224	110	0.023810
224	153	0.024390
224	207	0.037037
224	215	0.038462
224	225	0.040000
224	262	0.040000
224	398	0.055556
224	412	0.052632
225	4	0.012048
225	19	0.006452
225	20	0.008000
225	52	0.015873
225	67	0.018182
225	68	0.019231
225	70	0.019608
225	71	0.016667
225	90	0.020833
225	100	0.019231
225	101	0.020408
225	150	0.026316
225	180	0.028571
225	185	0.031250
225	187	0.038462
225	198	0.030303
225	218	0.033333
225	224	0.045455
225	248	0.047619
225	312	0.043478
225	314	0.050000
225	323	0.045455
225	340	0.052632
225	345	0.045455
225	379	0.052632
226	1	0.012346
226	6	0.013514
226	9	0.015385
226	19	0.006452
226	22	0.007299
226	24	0.008772
226	26	0.006757
226	45	0.012821
226	46	0.013158
226	56	0.013699
226	60	0.016949
226	95	0.022222
226	102	0.022727
226	113	0.026316
226	135	0.030303
226	147	0.038462
226	165	0.034483
226	186	0.033333
226	242	0.047619
226	261	0.037037
226	278	0.035714
226	313	0.047619
226	369	0.050000
226	399	0.055556
226	425	0.055556
226	450	0.055556
227	0	0.007752
227	7	0.016949
227	20	0.008000
227	29	0.009901
227	40	0.012195
227	49	0.015873
227	56	0.013699
227	60	0.016949
227	83	0.017857
227	95	0.022222
227	96	0.023256
227	103	0.030303
227	138	0.029412
227	154	0.033333
227	193	0.028571
227	197	0.034483
227	207	0.037037
227	212	0.035714
227	242	0.047619
227	250	0.032258
227	271	0.040000
227	289	0.045455
227	337	0.047619
227	392	0.050000
227	406	0.050000
227	443	0.055556
228	5	0.040000
228	22	0.007299
228	23	0.007692
228	27	0.008130
228	31	0.008621
228	39	0.015873
228	42	0.013699
228	51	0.019231
228	55	0.013699
228	60	0.016949
228	69	0.029412
228	88	0.018868
228	94	0.022727
228	126	0.027027
228	179	0.032258
228	191	0.030303
228	201	0.045455
228	220	0.043478
228	233	0.030303
228	242	0.047619
228	441	0.052632
229	13	0.016949
229	21	0.008065
229	23	0.007692
229	28	0.008065
229	45	0.012821
229	54	0.016393
229	61	0.011765
229	67	0.018182
229	81	0.018868
229	93	0.020833
229	96	0.023256
229	107	0.021277
229	122	0.023256
229	161	0.037037
229	164	0.037037
229	167	0.043478
229	174	0.027027
229	202	0.034483
229	359	0.047619
229	411	0.052632
230	7	0.016949
230	8	0.020408
230	10	0.017544
230	12	0.016949
230	20	0.008000
230	22	0.007299
230	23	0.007692
230	45	0.012821
230	53	0.013699
230	78	0.021739
230	98	0.025000
230	105	0.025000
230	107	0.021277
230	149	0.027027
230	176	0.028571
230	188	0.043478
230	191	0.030303
230	197	0.034483
230	236	0.041667
230	247	0.043478
230	261	0.037037
230	274	0.041667
230	278	0.035714
230	298	0.043478
230	301	0.035714
230	311	0.040000
230	369	0.050000
230	379	0.052632
230	382	0.052632
230	408	0.052632
230	420	0.052632
231	6	0.013514
231	19	0.006452
231	21	0.008065
231	25	0.008850
231	28	0.008065
231	35	0.010753
231	45	0.012821
231	59	0.021277
231	62	0.016949
231	91	0.020000
231	93	0.020833
231	126	0.027027
231	164	0.037037
231	168	0.037037
231	173	0.037037
231	192	0.037037
231	193	0.028571
231	212	0.035714
231	232	0.041667
231	247	0.043478
231	267	0.038462
231	315	0.043478
231	340	0.052632
231	366	0.047619
231	401	0.055556
231	429	0.055556
232	0	0.007752
232	9	0.015385
232	10	0.017544
232	19	0.006452
232	24	0.008772
232	35	0.010753
232	43	0.016129
232	58	0.016667
232	84	0.028571
232	95	0.022222
232	126	0.027027
232	141	0.035714
232	148	0.027778
232	176	0.028571
232	196	0.031250
232	203	0.031250
232	218	0.033333
232	231	0.038462
232	244	0.034483
232	245	0.040000
232	349	0.052632
232	391	0.055556
232	441	0.052632
232	448	0.055556
233	20	0.008000
233	26	0.006757
233	27	0.008130
233	38	0.011494
233	47	0.008850
233	91	0.020000
233	93	0.020833
233	94	0.022727
233	96	0.023256
233	113	0.026316
233	135	0.030303
233	166	0.038462
233	181	0.034483
233	203	0.031250
233	207	0.037037
233	211	0.035714
233	221	0.035714
233	228	0.047619
233	234	0.040000
233	305	0.040000
233	307	0.045455
233	337	0.047619
233	357	0.047619
233	359	0.047619
233	368	0.047619
233	369	0.050000
233	372	0.047619
233	378	0.045455
233	381	0.050000
233	383	0.050000
233	423	0.050000
233	437	0.055556
233	451	0.055556
234	1	0.012346
234	16	0.017544
234	17	0.020000
234	19	0.006452
234	37	0.015152
234	43	0.016129
234	47	0.008850
234	52	0.015873
234	64	0.021277
234	76	0.016667
234	83	0.017857
234	106	0.025000
234	107	0.021277
234	126	0.027027
234	151	0.029412
234	153	0.024390
234	188	0.043478
234	233	0.030303
234	240	0.037037
234	271	0.040000
234	280	0.040000
234	293	0.043478
234	316	0.043478
234	319	0.050000
234	339	0.050000
235	6	0.013514
235	16	0.017544
235	17	0.020000
235	23	0.007692
235	42	0.013699
235	53	0.013699
235	70	0.019608
235	79	0.025000
235	97	0.025641
235	100	0.019231
235	104	0.023810
235	127	0.029412
235	132	0.022727
235	133	0.019608
235	138	0.029412
235	151	0.029412
235	194	0.029412
235	216	0.038462
235	241	0.043478
235	245	0.040000
235	253	0.037037
235	256	0.040000
235	264	0.034483
235	266	0.052632
235	278	0.035714
235	284	0.045455
235	285	0.045455
235	341	0.045455
235	342	0.055556
235	351	0.050000
235	359	0.047619
235	383	0.050000
235	395	0.055556
235	422	0.055556
235	424	0.055556
235	429	0.055556
235	441	0.052632
235	442	0.055556
236	20	0.008000
236	25	0.008850
236	31	0.008621
236	32	0.009804
236	36	0.015152
236	38	0.011494
236	46	0.013158
236	54	0.016393
236	70	0.019608
236	99	0.030303
236	102	0.022727
236	116	0.023256
236	122	0.023256
236	180	0.028571
236	183	0.040000
236	194	0.029412
236	196	0.031250
236	230	0.032258
236	290	0.043478
236	317	0.045455
236	331	0.047619
236	392	0.050000
236	403	0.047619
236	424	0.055556
237	19	0.006452
237	24	0.008772
237	27	0.008130
237	28	0.008065
237	32	0.009804
237	40	0.012195
237	44	0.013699
237	49	0.015873
237	50	0.016393
237	56	0.013699
237	105	0.025000
237	121	0.029412
237	128	0.020833
237	165	0.034483
237	186	0.033333
237	194	0.029412
237	195	0.029412
237	203	0.031250
237	257	0.047619
237	275	0.041667
237	278	0.035714
237	288	0.047619
237	291	0.045455
237	295	0.043478
237	331	0.047619
237	339	0.050000
237	343	0.045455
237	366	0.047619
237	373	0.055556
237	384	0.055556
237	409	0.055556
238	5	0.040000
238	10	0.017544
238	16	0.017544
238	35	0.010753
238	42	0.013699
238	46	0.013158
238	66	0.023810
238	74	0.015152
238	86	0.020000
238	90	0.020833
238	97	0.025641
238	100	0.019231
238	107	0.021277
238	116	0.023256
238	135	0.030303
238	191	0.030303
238	194	0.029412
238	209	0.035714
238	352	0.047619
238	363	0.043478
238	385	0.055556
238	386	0.055556
238	399	0.055556
238	400	0.052632
238	420	0.052632
239	1	0.012346
239	15	0.021277
239	20	0.008000
239	22	0.007299
239	23	0.007692
239	25	0.008850
239	26	0.006757
239	31	0.008621
239	43	0.016129
239	74	0.015152
239	98	0.025000
239	118	0.030303
239	126	0.027027
239	176	0.028571
239	184	0.043478
239	194	0.029412
239	206	0.027778
239	223	0.035714
239	240	0.037037
239	252	0.052632
239	262	0.040000
239	277	0.050000
239	278	0.035714
239	300	0.050000
239	327	0.050000
239	334	0.043478
239	380	0.047619
239	449	0.055556
240	4	0.012048
240	7	0.016949
240	23	0.007692
240	26	0.006757
240	29	0.009901
240	46	0.013158
240	52	0.015873
240	61	0.011765
240	86	0.020000
240	91	0.020000
240	121	0.029412
240	128	0.020833
240	140	0.026316
240	149	0.027027
240	154	0.033333
240	163	0.028571
240	234	0.040000
240	239	0.035714
240	244	0.034483
240	259	0.047619
240	275	0.041667
240	277	0.050000
240	355	0.052632
240	374	0.052632
240	416	0.055556
240	426	0.050000
240	447	0.055556
241	12	0.016949
241	28	0.008065
241	30	0.008772
241	39	0.015873
241	40	0.012195
241	48	0.016129
241	61	0.011765
241	67	0.018182
241	73	0.018519
241	97	0.025641
241	107	0.021277
241	112	0.026316
241	126	0.027027
241	131	0.025000
241	132	0.022727
241	177	0.033333
241	207	0.037037
241	235	0.026316
241	297	0.035714
241	325	0.037037
241	349	0.052632
241	371	0.045455
241	429	0.055556
242	3	0.018519
242	6	0.013514
242	19	0.006452
242	31	0.008621
242	36	0.015152
242	47	0.008850
242	53	0.013699
242	77	0.022222
242	105	0.025000
242	113	0.026316
242	139	0.028571
242	146	0.034483
242	183	0.040000
242	195	0.029412
242	199	0.040000
242	226	0.038462
242	227	0.038462
242	228	0.047619
242	295	0.043478
242	305	0.040000
242	311	0.040000
243	3	0.018519
243	10	0.017544
243	13	0.016949
243	25	0.008850
243	30	0.008772
243	33	0.010526
243	42	0.013699
243	54	0.016393
243	58	0.016667
243	79	0.025000
243	83	0.017857
243	95	0.022222
243	109	0.025641
243	121	0.029412
243	130	0.028571
243	180	0.028571
243	197	0.034483
243	215	0.038462
243	246	0.032258
243	304	0.055556
243	320	0.047619
243	341	0.045455
243	378	0.045455
243	394	0.052632
243	403	0.047619
243	439	0.055556
244	3	0.018519
244	4	0.012048
244	19	0.006452
244	21	0.008065
244	32	0.009804
244	46	0.013158
244	60	0.016949
244	71	0.016667
244	73	0.018519
244	121	0.029412
244	127	0.029412
244	129	0.032258
244	175	0.034483
244	179	0.032258
244	195	0.029412
244	202	0.034483
244	232	0.041667
244	240	0.037037
244	257	0.047619
244	258	0.038462
244	260	0.047619
244	269	0.043478
244	274	0.041667
244	292	0.050000
244	339	0.050000
244	359	0.047619
244	360	0.045455
244	363	0.043478
244	411	0.052632
245	0	0.007752
245	1	0.012346
245	4	0.012048
245	9	0.015385
245	18	0.033333
245	26	0.006757
245	39	0.015873
245	40	0.012195
245	67	0.018182
245	76	0.016667
245	89	0.022222
245	125	0.025000
245	149	0.027027
245	180	0.028571
245	199	0.040000
245	202	0.034483
245	232	0.041667
245	235	0.026316
245	246	0.032258
245	281	0.047619
245	306	0.045455
245	327	0.050000
245	329	0.052632
245	392	0.050000
245	408	0.052632
246	0	0.007752
246	2	0.024390
246	32	0.009804
246	33	0.010526
246	40	0.012195
246	48	0.016129
246	67	0.018182
246	106	0.025000
246	108	0.021739
246	109	0.025641
246	124	0.031250
246	125	0.025000
246	136	0.030303
246	152	0.038462
246	194	0.029412
246	222	0.045455
246	243	0.038462
246	245	0.040000
246	283	0.040000
246	294	0.045455
246	304	0.055556
246	316	0.043478
246	318	0.041667
246	331	0.047619
246	346	0.040000
246	351	0.050000
246	365	0.052632
246	368	0.047619
246	378	0.045455
246	412	0.052632
246	430	0.055556
247	12	0.016949
247	24	0.008772
247	33	0.010526
247	40	0.012195
247	41	0.015385
247	46	0.013158
247	49	0.015873
247	52	0.015873
247	56	0.013699
247	66	0.023810
247	74	0.015152
247	84	0.028571
247	87	0.016949
247	95	0.022222
247	144	0.024390
247	186	0.033333
247	230	0.032258
247	231	0.038462
247	317	0.045455
247	329	0.052632
247	337	0.047619
247	419	0.055556
247	442	0.055556
248	1	0.012346
248	8	0.020408
248	10	0.017544
248	26	0.006757
248	34	0.012048
248	42	0.013699
248	47	0.008850
248	54	0.016393
248	61	0.011765
248	64	0.021277
248	74	0.015152
248	83	0.017857
248	93	0.020833
248	109	0.025641
248	168	0.037037
248	169	0.031250
248	199	0.040000
248	225	0.040000
248	333	0.047619
248	359	0.047619
248	375	0.055556
249	0	0.007752
249	4	0.012048
249	12	0.016949
249	22	0.007299
249	23	0.007692
249	31	0.008621
249	33	0.010526
249	41	0.015385
249	66	0.023810
249	72	0.016667
249	73	0.018519
249	90	0.020833
249	100	0.019231
249	110	0.023810
249	115	0.021739
249	150	0.026316
249	153	0.024390
249	193	0.028571
249	306	0.045455
249	317	0.045455
249	430	0.055556
249	431	0.052632
249	440	0.055556
249	442	0.055556
250	4	0.012048
250	25	0.008850
250	26	0.006757
250	37	0.015152
250	47	0.008850
250	58	0.016667
250	70	0.019608
250	86	0.020000
250	90	0.020833
250	117	0.032258
250	128	0.020833
250	145	0.028571
250	151	0.029412
250	152	0.038462
250	182	0.031250
250	191	0.030303
250	204	0.032258
250	227	0.038462
250	253	0.037037
250	254	0.043478
250	260	0.047619
250	261	0.037037
250	308	0.038462
250	344	0.055556
250	345	0.045455
250	357	0.047619
250	380	0.047619
250	382	0.052632
250	386	0.055556
250	405	0.050000
250	446	0.055556
251	4	0.012048
251	8	0.020408
251	29	0.009901
251	30	0.008772
251	31	0.008621
251	33	0.010526
251	38	0.011494
251	42	0.013699
251	43	0.016129
251	46	0.013158
251	58	0.016667
251	90	0.020833
251	95	0.022222
251	103	0.030303
251	128	0.020833
251	130	0.028571
251	148	0.027778
251	217	0.038462
251	285	0.045455
251	307	0.045455
252	19	0.006452
252	24	0.008772
252	46	0.013158
252	49	0.015873
252	57	0.013333
252	72	0.016667
252	83	0.017857
252	90	0.020833
252	95	0.022222
252	104	0.023810
252	120	0.029412
252	122	0.023256
252	133	0.019608
252	157	0.027027
252	158	0.038462
252	199	0.040000
252	214	0.038462
252	239	0.035714
252	279	0.043478
253	14	0.014706
253	16	0.017544
253	25	0.008850
253	26	0.006757
253	29	0.009901
253	33	0.010526
253	47	0.008850
253	57	0.013333
253	128	0.020833
253	156	0.032258
253	171	0.034483
253	172	0.038462
253	185	0.031250
253	192	0.037037
253	203	0.031250
253	204	0.032258
253	235	0.026316
253	250	0.032258
253	265	0.045455
253	282	0.043478
253	299	0.037037
253	329	0.052632
253	342	0.055556
253	371	0.045455
253	377	0.055556
253	390	0.055556
253	426	0.050000
254	19	0.006452
254	22	0.007299
254	24	0.008772
254	40	0.012195
254	53	0.013699
254	62	0.016949
254	73	0.018519
254	74	0.015152
254	87	0.016949
254	100	0.019231
254	109	0.025641
254	146	0.034483
254	150	0.026316
254	164	0.037037
254	169	0.031250
254	185	0.031250
254	209	0.035714
254	250	0.032258
254	293	0.043478
254	294	0.045455
254	299	0.037037
254	300	0.050000
254	452	0.055556
255	4	0.012048
255	8	0.020408
255	15	0.021277
255	33	0.010526
255	45	0.012821
255	65	0.020408
255	71	0.016667
255	85	0.023256
255	89	0.022222
255	101	0.020408
255	116	0.023256
255	120	0.029412
255	134	0.029412
255	164	0.037037
255	169	0.031250
255	209	0.035714
255	217	0.038462
255	218	0.033333
255	282	0.043478
255	301	0.035714
255	329	0.052632
255	357	0.047619
255	370	0.047619
255	402	0.052632
255	412	0.052632
255	433	0.055556
256	3	0.018519
256	29	0.009901
256	39	0.015873
256	47	0.008850
256	50	0.016393
256	61	0.011765
256	65	0.020408
256	70	0.019608
256	71	0.016667
256	135	0.030303
256	150	0.026316
256	155	0.040000
256	170	0.027027
256	189	0.035714
256	195	0.029412
256	196	0.031250
256	200	0.052632
256	235	0.026316
256	257	0.047619
256	268	0.045455
256	297	0.035714
256	375	0.055556
256	416	0.055556
256	437	0.055556
256	443	0.055556
257	8	0.020408
257	12	0.016949
257	13	0.016949
257	25	0.008850
257	45	0.012821
257	47	0.008850
257	50	0.016393
257	58	0.016667
257	69	0.029412
257	74	0.015152
257	82	0.018519
257	108	0.021739
257	128	0.020833
257	148	0.027778
257	217	0.038462
257	237	0.032258
257	244	0.034483
257	256	0.040000
257	259	0.047619
257	377	0.055556
257	450	0.055556
258	26	0.006757
258	27	0.008130
258	31	0.008621
258	33	0.010526
258	36	0.015152
258	40	0.012195
258	45	0.012821
258	53	0.013699
258	56	0.013699
258	62	0.016949
258	76	0.016667
258	96	0.023256
258	108	0.021739
258	156	0.032258
258	159	0.043478
258	170	0.027027
258	211	0.035714
258	244	0.034483
258	272	0.041667
258	318	0.041667
258	347	0.043478
258	364	0.052632
258	413	0.055556
258	416	0.055556
258	427	0.052632
258	428	0.052632
259	6	0.013514
259	26	0.006757
259	27	0.008130
259	28	0.008065
259	32	0.009804
259	37	0.015152
259	52	0.015873
259	56	0.013699
259	57	0.013333
259	99	0.030303
259	144	0.024390
259	149	0.027027
259	153	0.024390
259	180	0.028571
259	182	0.031250
259	198	0.030303
259	240	0.037037
259	257	0.047619
259	302	0.052632
259	400	0.052632
259	431	0.052632
260	2	0.024390
260	8	0.020408
260	14	0.014706
260	26	0.006757
260	27	0.008130
260	28	0.008065
260	47	0.008850
260	59	0.021277
260	98	0.025000
260	110	0.023810
260	117	0.032258
260	120	0.029412
260	148	0.027778
260	172	0.038462
260	176	0.028571
260	188	0.043478
260	244	0.034483
260	250	0.032258
260	306	0.045455
260	434	0.055556
260	437	0.055556
261	1	0.012346
261	6	0.013514
261	21	0.008065
261	26	0.006757
261	28	0.008065
261	31	0.008621
261	38	0.011494
261	56	0.013699
261	61	0.011765
261	89	0.022222
261	106	0.025000
261	115	0.021739
261	151	0.029412
261	168	0.037037
261	202	0.034483
261	226	0.038462
261	230	0.032258
261	250	0.032258
261	283	0.040000
261	295	0.043478
261	296	0.043478
261	328	0.050000
261	354	0.050000
261	423	0.050000
261	426	0.050000
261	430	0.055556
261	443	0.055556
262	0	0.007752
262	8	0.020408
262	10	0.017544
262	19	0.006452
262	42	0.013699
262	45	0.012821
262	47	0.008850
262	51	0.019231
262	69	0.029412
262	71	0.016667
262	80	0.023256
262	91	0.020000
262	105	0.025000
262	113	0.026316
262	182	0.031250
262	206	0.027778
262	224	0.045455
262	239	0.035714
262	328	0.050000
262	340	0.052632
262	378	0.045455
262	379	0.052632
262	389	0.055556
262	422	0.055556
262	427	0.052632
263	19	0.006452
263	20	0.008000
263	24	0.008772
263	28	0.008065
263	39	0.015873
263	40	0.012195
263	45	0.012821
263	46	0.013158
263	47	0.008850
263	55	0.013699
263	57	0.013333
263	61	0.011765
263	68	0.019231
263	85	0.023256
263	86	0.020000
263	112	0.026316
263	134	0.029412
263	162	0.037037
263	319	0.050000
263	332	0.041667
263	333	0.047619
264	9	0.015385
264	20	0.008000
264	25	0.008850
264	28	0.008065
264	54	0.016393
264	77	0.022222
264	80	0.023256
264	82	0.018519
264	87	0.016949
264	150	0.026316
264	154	0.033333
264	159	0.043478
264	195	0.029412
264	197	0.034483
264	203	0.031250
264	212	0.035714
264	221	0.035714
264	235	0.026316
264	270	0.043478
264	273	0.037037
264	280	0.040000
264	292	0.050000
264	311	0.040000
264	314	0.050000
264	335	0.050000
264	360	0.045455
264	426	0.050000
264	439	0.055556
264	449	0.055556
265	1	0.012346
265	6	0.013514
265	21	0.008065
265	28	0.008065
265	29	0.009901
265	33	0.010526
265	53	0.013699
265	63	0.021277
265	66	0.023810
265	83	0.017857
265	100	0.019231
265	103	0.030303
265	104	0.023810
265	130	0.028571
265	138	0.029412
265	176	0.028571
265	219	0.035714
265	253	0.037037
265	312	0.043478
265	319	0.050000
265	350	0.050000
265	389	0.055556
266	0	0.007752
266	1	0.012346
266	4	0.012048
266	26	0.006757
266	29	0.009901
266	30	0.008772
266	31	0.008621
266	55	0.013699
266	73	0.018519
266	83	0.017857
266	91	0.020000
266	100	0.019231
266	119	0.028571
266	135	0.030303
266	165	0.034483
266	184	0.043478
266	216	0.038462
266	235	0.026316
266	432	0.055556
267	4	0.012048
267	10	0.017544
267	22	0.007299
267	23	0.007692
267	26	0.006757
267	27	0.008130
267	31	0.008621
267	54	0.016393
267	63	0.021277
267	67	0.018182
267	88	0.018868
267	93	0.020833
267	124	0.031250
267	147	0.038462
267	173	0.037037
267	174	0.027027
267	186	0.033333
267	231	0.038462
267	284	0.045455
267	331	0.047619
267	360	0.045455
267	389	0.055556
267	392	0.050000
267	410	0.055556
267	412	0.052632
267	418	0.055556
268	0	0.007752
268	21	0.008065
268	23	0.007692
268	29	0.009901
268	32	0.009804
268	41	0.015385
268	56	0.013699
268	57	0.013333
268	76	0.016667
268	101	0.020408
268	102	0.022727
268	103	0.030303
268	129	0.032258
268	148	0.027778
268	174	0.027027
268	187	0.038462
268	212	0.035714
268	256	0.040000
268	290	0.043478
268	411	0.052632
268	425	0.055556
268	449	0.055556
269	0	0.007752
269	18	0.033333
269	22	0.007299
269	25	0.008850
269	35	0.010753
269	41	0.015385
269	45	0.012821
269	53	0.013699
269	55	0.013699
269	79	0.025000
269	91	0.020000
269	95	0.022222
269	136	0.030303
269	140	0.026316
269	207	0.037037
269	211	0.035714
269	220	0.043478
269	244	0.034483
269	275	0.041667
269	282	0.043478
269	351	0.050000
269	362	0.047619
269	409	0.055556
270	4	0.012048
270	6	0.013514
270	12	0.016949
270	13	0.016949
270	19	0.006452
270	21	0.008065
270	28	0.008065
270	55	0.013699
270	73	0.018519
270	74	0.015152
270	107	0.021277
270	113	0.026316
270	118	0.030303
270	133	0.019608
270	150	0.026316
270	170	0.027027
270	190	0.035714
270	264	0.034483
270	282	0.043478
270	287	0.047619
270	338	0.050000
270	364	0.052632
270	383	0.050000
271	5	0.040000
271	8	0.020408
271	14	0.014706
271	40	0.012195
271	41	0.015385
271	49	0.015873
271	50	0.016393
271	55	0.013699
271	70	0.019608
271	75	0.020833
271	89	0.022222
271	112	0.026316
271	156	0.032258
271	162	0.037037
271	181	0.034483
271	219	0.035714
271	227	0.038462
271	234	0.040000
271	277	0.050000
271	291	0.045455
271	304	0.055556
271	308	0.038462
271	325	0.037037
271	358	0.050000
271	371	0.045455
272	0	0.007752
272	8	0.020408
272	16	0.017544
272	20	0.008000
272	25	0.008850
272	29	0.009901
272	30	0.008772
272	35	0.010753
272	40	0.012195
272	44	0.013699
272	45	0.012821
272	86	0.020000
272	129	0.032258
272	144	0.024390
272	174	0.027027
272	214	0.038462
272	221	0.035714
272	258	0.038462
272	279	0.043478
272	294	0.045455
272	309	0.043478
272	311	0.040000
272	388	0.045455
272	394	0.052632
273	16	0.017544
273	29	0.009901
273	35	0.010753
273	36	0.015152
273	39	0.015873
273	49	0.015873
273	54	0.016393
273	62	0.016949
273	71	0.016667
273	72	0.016667
273	74	0.015152
273	101	0.020408
273	133	0.019608
273	139	0.028571
273	158	0.038462
273	170	0.027027
273	190	0.035714
273	264	0.034483
273	280	0.040000
273	283	0.040000
273	302	0.052632
273	337	0.047619
273	339	0.050000
273	392	0.050000
273	428	0.052632
273	430	0.055556
273	451	0.055556
274	2	0.024390
274	3	0.018519
274	7	0.016949
274	19	0.006452
274	23	0.007692
274	26	0.006757
274	35	0.010753
274	39	0.015873
274	48	0.016129
274	57	0.013333
274	67	0.018182
274	113	0.026316
274	125	0.025000
274	127	0.029412
274	187	0.038462
274	195	0.029412
274	230	0.032258
274	244	0.034483
274	310	0.043478
274	334	0.043478
274	349	0.052632
274	382	0.052632
274	420	0.052632
274	434	0.055556
275	1	0.012346
275	5	0.040000
275	10	0.017544
275	20	0.008000
275	27	0.008130
275	36	0.015152
275	43	0.016129
275	45	0.012821
275	57	0.013333
275	68	0.019231
275	83	0.017857
275	88	0.018868
275	131	0.025000
275	145	0.028571
275	196	0.031250
275	237	0.032258
275	240	0.037037
275	269	0.043478
275	289	0.045455
275	290	0.043478
275	330	0.040000
275	376	0.052632
275	428	0.052632
275	439	0.055556
276	3	0.018519
276	13	0.016949
276	16	0.017544
276	32	0.009804
276	34	0.012048
276	40	0.012195
276	46	0.013158
276	48	0.016129
276	66	0.023810
276	71	0.016667
276	72	0.016667
276	80	0.023256
276	88	0.018868
276	92	0.023810
276	100	0.019231
276	108	0.021739
276	176	0.028571
276	206	0.027778
276	295	0.043478
276	307	0.045455
276	376	0.052632
276	449	0.055556
277	21	0.008065
277	26	0.006757
277	32	0.009804
277	38	0.011494
277	53	0.013699
277	58	0.016667
277	65	0.020408
277	71	0.016667
277	135	0.030303
277	144	0.024390
277	169	0.031250
277	181	0.034483
277	193	0.028571
277	206	0.027778
277	208	0.041667
277	239	0.035714
277	240	0.037037
277	271	0.040000
277	311	0.040000
277	360	0.045455
278	12	0.016949
278	22	0.007299
278	23	0.007692
278	35	0.010753
278	41	0.015385
278	45	0.012821
278	54	0.016393
278	57	0.013333
278	60	0.016949
278	62	0.016949
278	71	0.016667
278	110	0.023810
278	180	0.028571
278	226	0.038462
278	230	0.032258
278	235	0.026316
278	237	0.032258
278	239	0.035714
278	309	0.043478
278	312	0.043478
278	332	0.041667
278	334	0.043478
278	348	0.047619
278	365	0.052632
278	394	0.052632
278	410	0.055556
278	420	0.052632
278	432	0.055556
279	0	0.007752
279	20	0.008000
279	24	0.008772
279	36	0.015152
279	52	0.015873
279	72	0.016667
279	76	0.016667
279	87	0.016949
279	97	0.025641
279	108	0.021739
279	123	0.032258
279	130	0.028571
279	132	0.022727
279	153	0.024390
279	186	0.033333
279	205	0.047619
279	252	0.052632
279	272	0.041667
279	298	0.043478
279	340	0.052632
279	392	0.050000
279	398	0.055556
279	408	0.052632
280	15	0.021277
280	18	0.033333
280	28	0.008065
280	46	0.013158
280	48	0.016129
280	50	0.016393
280	58	0.016667
280	62	0.016949
280	74	0.015152
280	87	0.016949
280	145	0.028571
280	152	0.038462
280	163	0.028571
280	184	0.043478
280	204	0.032258
280	234	0.040000
280	264	0.034483
280	273	0.037037
280	292	0.050000
280	296	0.043478
280	324	0.041667
280	342	0.055556
280	360	0.045455
280	425	0.055556
280	436	0.052632
281	3	0.018519
281	18	0.033333
281	20	0.008000
281	22	0.007299
281	25	0.008850
281	35	0.010753
281	41	0.015385
281	72	0.016667
281	79	0.025000
281	86	0.020000
281	90	0.020833
281	106	0.025000
281	117	0.032258
281	151	0.029412
281	165	0.034483
281	180	0.028571
281	186	0.033333
281	245	0.040000
281	332	0.041667
281	420	0.052632
281	434	0.055556
282	1	0.012346
282	5	0.040000
282	15	0.021277
282	23	0.007692
282	29	0.009901
282	31	0.008621
282	34	0.012048
282	36	0.015152
282	46	0.013158
282	85	0.023256
282	101	0.020408
282	186	0.033333
282	190	0.035714
282	192	0.037037
282	253	0.037037
282	255	0.038462
282	269	0.043478
282	270	0.043478
282	286	0.047619
282	303	0.041667
282	349	0.052632
282	377	0.055556
282	436	0.052632
283	24	0.008772
283	30	0.008772
283	31	0.008621
283	43	0.016129
283	45	0.012821
283	47	0.008850
283	61	0.011765
283	103	0.030303
283	108	0.021739
283	122	0.023256
283	126	0.027027
283	177	0.033333
283	183	0.040000
283	185	0.031250
283	196	0.031250
283	246	0.032258
283	261	0.037037
283	273	0.037037
283	322	0.045455
283	359	0.047619
283	381	0.050000
283	412	0.052632
283	422	0.055556
283	448	0.055556
283	451	0.055556
284	9	0.015385
284	19	0.006452
284	33	0.010526
284	52	0.015873
284	63	0.021277
284	71	0.016667
284	82	0.018519
284	112	0.026316
284	119	0.028571
284	123	0.032258
284	124	0.031250
284	138	0.029412
284	149	0.027027
284	160	0.029412
284	175	0.034483
284	220	0.043478
284	235	0.026316
284	267	0.038462
284	332	0.041667
284	356	0.045455
284	369	0.050000
284	444	0.055556
285	26	0.006757
285	28	0.008065
285	37	0.015152
285	47	0.008850
285	68	0.019231
285	75	0.020833
285	79	0.025000
285	84	0.028571
285	88	0.018868
285	92	0.023810
285	94	0.022727
285	105	0.025000
285	106	0.025000
285	150	0.026316
285	196	0.031250
285	215	0.038462
285	235	0.026316
285	251	0.050000
285	337	0.047619
285	438	0.055556
285	443	0.055556
285	449	0.055556
286	3	0.018519
286	4	0.012048
286	25	0.008850
286	26	0.006757
286	29	0.009901
286	32	0.009804
286	33	0.010526
286	49	0.015873
286	69	0.029412
286	93	0.020833
286	133	0.019608
286	140	0.026316
286	144	0.024390
286	157	0.027027
286	159	0.043478
286	160	0.029412
286	202	0.034483
286	282	0.043478
286	302	0.052632
286	407	0.047619
286	452	0.055556
287	14	0.014706
287	16	0.017544
287	23	0.007692
287	28	0.008065
287	29	0.009901
287	31	0.008621
287	34	0.012048
287	38	0.011494
287	74	0.015152
287	75	0.020833
287	82	0.018519
287	87	0.016949
287	90	0.020833
287	112	0.026316
287	171	0.034483
287	174	0.027027
287	176	0.028571
287	270	0.043478
287	288	0.047619
287	359	0.047619
287	419	0.055556
288	6	0.013514
288	7	0.016949
288	10	0.017544
288	19	0.006452
288	22	0.007299
288	32	0.009804
288	34	0.012048
288	39	0.015873
288	49	0.015873
288	97	0.025641
288	101	0.020408
288	122	0.023256
288	140	0.026316
288	206	0.027778
288	216	0.038462
288	223	0.035714
288	237	0.032258
288	287	0.047619
288	335	0.050000
288	361	0.050000
288	402	0.052632
289	21	0.008065
289	24	0.008772
289	35	0.010753
289	40	0.012195
289	41	0.015385
289	47	0.008850
289	62	0.016949
289	95	0.022222
289	103	0.030303
289	108	0.021739
289	116	0.023256
289	131	0.025000
289	177	0.033333
289	201	0.045455
289	209	0.035714
289	219	0.035714
289	227	0.038462
289	275	0.041667
289	341	0.045455
289	343	0.045455
289	368	0.047619
289	404	0.052632
290	0	0.007752
290	1	0.012346
290	8	0.020408
290	16	0.017544
290	19	0.006452
290	31	0.008621
290	37	0.015152
290	78	0.021739
290	120	0.029412
290	122	0.023256
290	178	0.041667
290	179	0.032258
290	186	0.033333
290	198	0.030303
290	210	0.045455
290	236	0.041667
290	268	0.045455
290	275	0.041667
290	312	0.043478
290	318	0.041667
290	337	0.047619
290	409	0.055556
290	443	0.055556
291	3	0.018519
291	14	0.014706
291	17	0.020000
291	21	0.008065
291	22	0.007299
291	23	0.007692
291	30	0.008772
291	40	0.012195
291	44	0.013699
291	53	0.013699
291	85	0.023256
291	101	0.020408
291	108	0.021739
291	143	0.035714
291	151	0.029412
291	182	0.031250
291	237	0.032258
291	271	0.040000
291	317	0.045455
291	327	0.050000
291	357	0.047619
291	371	0.045455
292	11	0.035714
292	22	0.007299
292	24	0.008772
292	26	0.006757
292	27	0.008130
292	53	0.013699
292	54	0.016393
292	60	0.016949
292	65	0.020408
292	67	0.018182
292	75	0.020833
292	109	0.025641
292	124	0.031250
292	131	0.025000
292	150	0.026316
292	244	0.034483
292	264	0.034483
292	280	0.040000
292	393	0.052632
292	424	0.055556
293	6	0.013514
293	8	0.020408
293	24	0.008772
293	26	0.006757
293	32	0.009804
293	42	0.013699
293	47	0.008850
293	59	0.021277
293	78	0.021739
293	103	0.030303
293	106	0.025000
293	142	0.034483
293	165	0.034483
293	169	0.031250
293	180	0.028571
293	193	0.028571
293	234	0.040000
293	254	0.043478
293	315	0.043478
293	357	0.047619
293	368	0.047619
293	376	0.052632
293	451	0.055556
294	25	0.008850
294	26	0.006757
294	30	0.008772
294	32	0.009804
294	33	0.010526
294	37	0.015152
294	45	0.012821
294	51	0.019231
294	62	0.016949
294	100	0.019231
294	113	0.026316
294	124	0.031250
294	149	0.027027
294	181	0.034483
294	198	0.030303
294	246	0.032258
294	254	0.043478
294	272	0.041667
294	300	0.050000
294	411	0.052632
294	427	0.052632
294	448	0.055556
295	7	0.016949
295	21	0.008065
295	22	0.007299
295	27	0.008130
295	28	0.008065
295	31	0.008621
295	47	0.008850
295	52	0.015873
295	54	0.016393
295	76	0.016667
295	80	0.023256
295	98	0.025000
295	136	0.030303
295	219	0.035714
295	237	0.032258
295	242	0.047619
295	261	0.037037
295	276	0.045455
295	333	0.047619
295	373	0.055556
295	423	0.050000
295	427	0.052632
295	451	0.055556
296	9	0.015385
296	16	0.017544
296	34	0.012048
296	37	0.015152
296	40	0.012195
296	54	0.016393
296	64	0.021277
296	77	0.022222
296	109	0.025641
296	139	0.028571
296	147	0.038462
296	154	0.033333
296	194	0.029412
296	207	0.037037
296	211	0.035714
296	215	0.038462
296	261	0.037037
296	280	0.040000
296	305	0.040000
296	400	0.052632
296	434	0.055556
296	437	0.055556
296	447	0.055556
297	32	0.009804
297	34	0.012048
297	40	0.012195
297	47	0.008850
297	55	0.013699
297	56	0.013699
297	61	0.011765
297	84	0.028571
297	101	0.020408
297	117	0.032258
297	129	0.032258
297	145	0.028571
297	153	0.024390
297	182	0.031250
297	212	0.035714
297	223	0.035714
297	241	0.043478
297	256	0.040000
297	321	0.050000
297	333	0.047619
297	387	0.050000
297	403	0.047619
297	410	0.055556
297	429	0.055556
297	431	0.052632
297	444	0.055556
297	447	0.055556
297	452	0.055556
298	1	0.012346
298	9	0.015385
298	19	0.006452
298	22	0.007299
298	27	0.008130
298	37	0.015152
298	49	0.015873
298	64	0.021277
298	76	0.016667
298	90	0.020833
298	97	0.025641
298	98	0.025000
298	119	0.028571
298	179	0.032258
298	191	0.030303
298	208	0.041667
298	230	0.032258
298	279	0.043478
298	301	0.035714
298	304	0.055556
298	338	0.050000
298	355	0.052632
298	415	0.055556
299	0	0.007752
299	24	0.008772
299	30	0.008772
299	42	0.013699
299	46	0.013158
299	72	0.016667
299	94	0.022727
299	116	0.023256
299	130	0.028571
299	136	0.030303
299	137	0.035714
299	146	0.034483
299	150	0.026316
299	190	0.035714
299	202	0.034483
299	214	0.038462
299	253	0.037037
299	254	0.043478
299	322	0.045455
299	328	0.050000
299	346	0.040000
299	366	0.047619
299	398	0.055556
299	415	0.055556
299	419	0.055556
299	434	0.055556
299	448	0.055556
300	1	0.012346
300	19	0.006452
300	20	0.008000
300	28	0.008065
300	30	0.008772
300	31	0.008621
300	74	0.015152
300	78	0.021739
300	86	0.020000
300	99	0.030303
300	115	0.021739
300	118	0.030303
300	137	0.035714
300	153	0.024390
300	222	0.045455
300	239	0.035714
300	254	0.043478
300	294	0.045455
300	310	0.043478
300	356	0.045455
301	25	0.008850
301	26	0.006757
301	60	0.016949
301	62	0.016949
301	71	0.016667
301	80	0.023256
301	87	0.016949
301	96	0.023256
301	117	0.032258
301	158	0.038462
301	163	0.028571
301	169	0.031250
301	177	0.033333
301	202	0.034483
301	218	0.033333
301	230	0.032258
301	255	0.038462
301	298	0.043478
301	302	0.052632
301	330	0.040000
301	341	0.045455
301	343	0.045455
301	351	0.050000
301	371	0.045455
301	372	0.047619
301	398	0.055556
301	414	0.055556
301	446	0.055556
302	14	0.014706
302	16	0.017544
302	19	0.006452
302	22	0.007299
302	27	0.008130
302	53	0.013699
302	70	0.019608
302	125	0.025000
302	128	0.020833
302	131	0.025000
302	178	0.041667
302	193	0.028571
302	210	0.045455
302	221	0.035714
302	259	0.047619
302	273	0.037037
302	286	0.047619
302	301	0.035714
302	435	0.055556
303	12	0.016949
303	14	0.014706
303	15	0.021277
303	23	0.007692
303	35	0.010753
303	44	0.013699
303	47	0.008850
303	61	0.011765
303	65	0.020408
303	79	0.025000
303	120	0.029412
303	128	0.020833
303	135	0.030303
303	140	0.026316
303	144	0.024390
303	171	0.034483
303	214	0.038462
303	282	0.043478
303	321	0.050000
303	330	0.040000
303	331	0.047619
303	362	0.047619
303	389	0.055556
303	410	0.055556
304	0	0.007752
304	25	0.008850
304	26	0.006757
304	27	0.008130
304	28	0.008065
304	36	0.015152
304	45	0.012821
304	65	0.020408
304	74	0.015152
304	96	0.023256
304	150	0.026316
304	156	0.032258
304	179	0.032258
304	203	0.031250
304	243	0.038462
304	246	0.032258
304	271	0.040000
304	298	0.043478
305	14	0.014706
305	20	0.008000
305	22	0.007299
305	23	0.007692
305	38	0.011494
305	44	0.013699
305	56	0.013699
305	74	0.015152
305	86	0.020000
305	109	0.025641
305	124	0.031250
305	130	0.028571
305	157	0.027027
305	163	0.028571
305	206	0.027778
305	233	0.030303
305	242	0.047619
305	296	0.043478
305	323	0.045455
305	327	0.050000
305	365	0.052632
305	401	0.055556
305	406	0.050000
305	410	0.055556
305	418	0.055556
306	27	0.008130
306	31	0.008621
306	32	0.009804
306	63	0.021277
306	65	0.020408
306	70	0.019608
306	99	0.030303
306	110	0.023810
306	115	0.021739
306	116	0.023256
306	138	0.029412
306	155	0.040000
306	159	0.043478
306	181	0.034483
306	198	0.030303
306	245	0.040000
306	249	0.041667
306	260	0.047619
306	325	0.037037
306	352	0.047619
306	398	0.055556
306	416	0.055556
307	21	0.008065
307	23	0.007692
307	31	0.008621
307	40	0.012195
307	42	0.013699
307	53	0.013699
307	55	0.013699
307	56	0.013699
307	73	0.018519
307	75	0.020833
307	97	0.025641
307	116	0.023256
307	144	0.024390
307	161	0.037037
307	214	0.038462
307	233	0.030303
307	251	0.050000
307	276	0.045455
307	319	0.050000
307	340	0.052632
307	354	0.050000
307	393	0.052632
308	26	0.006757
308	27	0.008130
308	32	0.009804
308	47	0.008850
308	50	0.016393
308	60	0.016949
308	64	0.021277
308	82	0.018519
308	102	0.022727
308	108	0.021739
308	114	0.032258
308	145	0.028571
308	146	0.034483
308	170	0.027027
308	184	0.043478
308	206	0.027778
308	250	0.032258
308	271	0.040000
308	323	0.045455
308	325	0.037037
308	340	0.052632
308	362	0.047619
308	378	0.045455
308	396	0.055556
308	404	0.052632
308	425	0.055556
309	5	0.040000
309	14	0.014706
309	19	0.006452
309	22	0.007299
309	26	0.006757
309	29	0.009901
309	34	0.012048
309	37	0.015152
309	39	0.015873
309	43	0.016129
309	58	0.016667
309	104	0.023810
309	105	0.025000
309	118	0.030303
309	169	0.031250
309	198	0.030303
309	272	0.041667
309	278	0.035714
309	319	0.050000
309	345	0.045455
309	372	0.047619
309	437	0.055556
309	443	0.055556
310	4	0.012048
310	26	0.006757
310	31	0.008621
310	41	0.015385
310	46	0.013158
310	53	0.013699
310	57	0.013333
310	63	0.021277
310	67	0.018182
310	86	0.020000
310	88	0.018868
310	93	0.020833
310	140	0.026316
310	173	0.037037
310	183	0.040000
310	223	0.035714
310	274	0.041667
310	300	0.050000
310	407	0.047619
310	408	0.052632
310	430	0.055556
310	445	0.055556
310	449	0.055556
311	19	0.006452
311	24	0.008772
311	27	0.008130
311	36	0.015152
311	46	0.013158
311	47	0.008850
311	59	0.021277
311	134	0.029412
311	162	0.037037
311	171	0.034483
311	174	0.027027
311	182	0.031250
311	218	0.033333
311	230	0.032258
311	242	0.047619
311	264	0.034483
311	272	0.041667
311	277	0.050000
311	328	0.050000
311	360	0.045455
311	364	0.052632
311	404	0.052632
311	419	0.055556
311	438	0.055556
311	443	0.055556
312	0	0.007752
312	24	0.008772
312	27	0.008130
312	38	0.011494
312	48	0.016129
312	49	0.015873
312	60	0.016949
312	61	0.011765
312	63	0.021277
312	91	0.020000
312	108	0.021739
312	170	0.027027
312	195	0.029412
312	221	0.035714
312	225	0.040000
312	265	0.045455
312	278	0.035714
312	290	0.043478
312	321	0.050000
312	325	0.037037
312	356	0.045455
312	397	0.047619
312	399	0.055556
313	1	0.012346
313	2	0.024390
313	14	0.014706
313	22	0.007299
313	26	0.006757
313	28	0.008065
313	49	0.015873
313	52	0.015873
313	55	0.013699
313	59	0.021277
313	60	0.016949
313	61	0.011765
313	80	0.023256
313	81	0.018868
313	91	0.020000
313	125	0.025000
313	201	0.045455
313	226	0.038462
313	336	0.045455
313	345	0.045455
313	404	0.052632
314	1	0.012346
314	7	0.016949
314	24	0.008772
314	30	0.008772
314	49	0.015873
314	50	0.016393
314	56	0.013699
314	63	0.021277
314	109	0.025641
314	110	0.023810
314	115	0.021739
314	144	0.024390
314	153	0.024390
314	160	0.029412
314	213	0.038462
314	218	0.033333
314	225	0.040000
314	264	0.034483
314	444	0.055556
314	446	0.055556
315	16	0.017544
315	23	0.007692
315	37	0.015152
315	43	0.016129
315	46	0.013158
315	50	0.016393
315	55	0.013699
315	61	0.011765
315	70	0.019608
315	89	0.022222
315	104	0.023810
315	121	0.029412
315	135	0.030303
315	141	0.035714
315	161	0.037037
315	211	0.035714
315	231	0.038462
315	293	0.043478
315	349	0.052632
315	363	0.043478
315	376	0.052632
315	381	0.050000
315	434	0.055556
316	3	0.018519
316	4	0.012048
316	10	0.017544
316	21	0.008065
316	22	0.007299
316	25	0.008850
316	26	0.006757
316	47	0.008850
316	57	0.013333
316	61	0.011765
316	101	0.020408
316	140	0.026316
316	156	0.032258
316	207	0.037037
316	216	0.038462
316	219	0.035714
316	234	0.040000
316	246	0.032258
316	340	0.052632
316	363	0.043478
316	391	0.055556
316	413	0.055556
316	439	0.055556
317	14	0.014706
317	22	0.007299
317	27	0.008130
317	38	0.011494
317	63	0.021277
317	91	0.020000
317	94	0.022727
317	98	0.025000
317	122	0.023256
317	142	0.034483
317	154	0.033333
317	157	0.027027
317	165	0.034483
317	221	0.035714
317	236	0.041667
317	247	0.043478
317	249	0.041667
317	291	0.045455
317	335	0.050000
317	352	0.047619
317	355	0.052632
317	449	0.055556
318	4	0.012048
318	5	0.040000
318	20	0.008000
318	25	0.008850
318	28	0.008065
318	33	0.010526
318	37	0.015152
318	45	0.012821
318	46	0.013158
318	71	0.016667
318	88	0.018868
318	123	0.032258
318	169	0.031250
318	186	0.033333
318	221	0.035714
318	246	0.032258
318	258	0.038462
318	290	0.043478
318	319	0.050000
318	322	0.045455
318	338	0.050000
318	431	0.052632
318	432	0.055556
318	438	0.055556
319	69	0.029412
319	70	0.019608
319	75	0.020833
319	83	0.017857
319	87	0.016949
319	88	0.018868
319	115	0.021739
319	116	0.023256
319	133	0.019608
319	140	0.026316
319	165	0.034483
319	180	0.028571
319	234	0.040000
319	263	0.047619
319	265	0.045455
319	307	0.045455
319	309	0.043478
319	318	0.041667
319	347	0.043478
319	398	0.055556
320	0	0.007752
320	19	0.006452
320	30	0.008772
320	33	0.010526
320	34	0.012048
320	35	0.010753
320	54	0.016393
320	73	0.018519
320	76	0.016667
320	83	0.017857
320	84	0.028571
320	121	0.029412
320	133	0.019608
320	161	0.037037
320	166	0.038462
320	169	0.031250
320	179	0.032258
320	243	0.038462
320	377	0.055556
320	431	0.052632
320	432	0.055556
321	4	0.012048
321	10	0.017544
321	20	0.008000
321	44	0.013699
321	49	0.015873
321	57	0.013333
321	64	0.021277
321	74	0.015152
321	84	0.028571
321	92	0.023810
321	115	0.021739
321	131	0.025000
321	149	0.027027
321	209	0.035714
321	217	0.038462
321	297	0.035714
321	303	0.041667
321	312	0.043478
321	409	0.055556
321	452	0.055556
322	1	0.012346
322	3	0.018519
322	12	0.016949
322	39	0.015873
322	53	0.013699
322	67	0.018182
322	71	0.016667
322	85	0.023256
322	87	0.016949
322	88	0.018868
322	112	0.026316
322	128	0.020833
322	156	0.032258
322	170	0.027027
322	191	0.030303
322	283	0.040000
322	299	0.037037
322	318	0.041667
322	341	0.045455
322	372	0.047619
322	387	0.050000
322	419	0.055556
323	14	0.014706
323	18	0.033333
323	30	0.008772
323	32	0.009804
323	35	0.010753
323	46	0.013158
323	59	0.021277
323	94	0.022727
323	95	0.022222
323	104	0.023810
323	113	0.026316
323	115	0.021739
323	129	0.032258
323	162	0.037037
323	185	0.031250
323	225	0.040000
323	305	0.040000
323	308	0.038462
323	354	0.050000
323	382	0.052632
323	402	0.052632
323	434	0.055556
324	16	0.017544
324	19	0.006452
324	27	0.008130
324	28	0.008065
324	37	0.015152
324	46	0.013158
324	66	0.023810
324	78	0.021739
324	82	0.018519
324	95	0.022222
324	97	0.025641
324	112	0.026316
324	128	0.020833
324	129	0.032258
324	146	0.034483
324	149	0.027027
324	213	0.038462
324	280	0.040000
324	340	0.052632
324	367	0.055556
324	412	0.052632
324	417	0.050000
324	445	0.055556
324	449	0.055556
325	4	0.012048
325	19	0.006452
325	21	0.008065
325	25	0.008850
325	83	0.017857
325	86	0.020000
325	98	0.025000
325	115	0.021739
325	124	0.031250
325	127	0.029412
325	142	0.034483
325	166	0.038462
325	197	0.034483
325	241	0.043478
325	271	0.040000
325	306	0.045455
325	308	0.038462
325	312	0.043478
325	338	0.050000
325	339	0.050000
325	379	0.052632
325	390	0.055556
325	402	0.052632
325	415	0.055556
325	431	0.052632
325	436	0.052632
325	444	0.055556
326	0	0.007752
326	9	0.015385
326	14	0.014706
326	15	0.021277
326	25	0.008850
326	34	0.012048
326	42	0.013699
326	44	0.013699
326	47	0.008850
326	50	0.016393
326	81	0.018868
326	94	0.022727
326	125	0.025000
326	138	0.029412
326	156	0.032258
326	176	0.028571
326	217	0.038462
326	221	0.035714
326	344	0.055556
326	391	0.055556
326	399	0.055556
326	442	0.055556
327	9	0.015385
327	19	0.006452
327	20	0.008000
327	25	0.008850
327	27	0.008130
327	33	0.010526
327	45	0.012821
327	48	0.016129
327	61	0.011765
327	83	0.017857
327	116	0.023256
327	120	0.029412
327	122	0.023256
327	187	0.038462
327	239	0.035714
327	245	0.040000
327	291	0.045455
327	305	0.040000
327	390	0.055556
327	397	0.047619
328	3	0.018519
328	4	0.012048
328	15	0.021277
328	46	0.013158
328	65	0.020408
328	99	0.030303
328	106	0.025000
328	111	0.031250
328	114	0.032258
328	122	0.023256
328	131	0.025000
328	180	0.028571
328	195	0.029412
328	206	0.027778
328	261	0.037037
328	262	0.040000
328	299	0.037037
328	311	0.040000
328	356	0.045455
328	368	0.047619
329	12	0.016949
329	15	0.021277
329	32	0.009804
329	43	0.016129
329	47	0.008850
329	52	0.015873
329	58	0.016667
329	59	0.021277
329	72	0.016667
329	76	0.016667
329	136	0.030303
329	197	0.034483
329	206	0.027778
329	207	0.037037
329	245	0.040000
329	247	0.043478
329	253	0.037037
329	255	0.038462
329	346	0.040000
330	0	0.007752
330	6	0.013514
330	19	0.006452
330	25	0.008850
330	26	0.006757
330	53	0.013699
330	55	0.013699
330	61	0.011765
330	76	0.016667
330	105	0.025000
330	108	0.021739
330	109	0.025641
330	115	0.021739
330	203	0.031250
330	216	0.038462
330	275	0.041667
330	301	0.035714
330	303	0.041667
330	335	0.050000
330	345	0.045455
330	364	0.052632
330	376	0.052632
330	385	0.055556
330	394	0.052632
330	395	0.055556
331	12	0.016949
331	20	0.008000
331	23	0.007692
331	30	0.008772
331	31	0.008621
331	37	0.015152
331	42	0.013699
331	50	0.016393
331	60	0.016949
331	71	0.016667
331	74	0.015152
331	97	0.025641
331	217	0.038462
331	236	0.041667
331	237	0.032258
331	246	0.032258
331	267	0.038462
331	303	0.041667
331	348	0.047619
331	436	0.052632
331	447	0.055556
332	13	0.016949
332	14	0.014706
332	24	0.008772
332	31	0.008621
332	34	0.012048
332	35	0.010753
332	43	0.016129
332	88	0.018868
332	90	0.020833
332	108	0.021739
332	121	0.029412
332	133	0.019608
332	201	0.045455
332	223	0.035714
332	263	0.047619
332	278	0.035714
332	281	0.047619
332	284	0.045455
332	346	0.040000
332	347	0.043478
332	355	0.052632
332	394	0.052632
332	419	0.055556
332	431	0.052632
333	17	0.020000
333	23	0.007692
333	30	0.008772
333	31	0.008621
333	46	0.013158
333	58	0.016667
333	82	0.018519
333	87	0.016949
333	102	0.022727
333	116	0.023256
333	153	0.024390
333	183	0.040000
333	203	0.031250
333	204	0.032258
333	248	0.047619
333	263	0.047619
333	295	0.043478
333	297	0.035714
333	336	0.045455
333	356	0.045455
333	394	0.052632
334	31	0.008621
334	39	0.015873
334	40	0.012195
334	48	0.016129
334	54	0.016393
334	62	0.016949
334	75	0.020833
334	104	0.023810
334	125	0.025000
334	158	0.038462
334	161	0.037037
334	170	0.027027
334	208	0.041667
334	215	0.038462
334	218	0.033333
334	239	0.035714
334	274	0.041667
334	278	0.035714
334	360	0.045455
334	386	0.055556
334	427	0.052632
334	430	0.055556
334	434	0.055556
335	26	0.006757
335	52	0.015873
335	55	0.013699
335	56	0.013699
335	64	0.021277
335	78	0.021739
335	86	0.020000
335	100	0.019231
335	125	0.025000
335	126	0.027027
335	129	0.032258
335	160	0.029412
335	177	0.033333
335	194	0.029412
335	264	0.034483
335	288	0.047619
335	317	0.045455
335	330	0.040000
335	401	0.055556
335	452	0.055556
336	2	0.024390
336	20	0.008000
336	22	0.007299
336	32	0.009804
336	42	0.013699
336	68	0.019231
336	81	0.018868
336	83	0.017857
336	93	0.020833
336	96	0.023256
336	98	0.025000
336	126	0.027027
336	149	0.027027
336	189	0.035714
336	193	0.028571
336	216	0.038462
336	313	0.047619
336	333	0.047619
336	389	0.055556
336	407	0.047619
336	412	0.052632
336	429	0.055556
337	22	0.007299
337	25	0.008850
337	29	0.009901
337	35	0.010753
337	43	0.016129
337	50	0.016393
337	79	0.025000
337	85	0.023256
337	122	0.023256
337	142	0.034483
337	146	0.034483
337	196	0.031250
337	227	0.038462
337	233	0.030303
337	247	0.043478
337	273	0.037037
337	285	0.045455
337	290	0.043478
337	387	0.050000
337	390	0.055556
337	393	0.052632
338	7	0.016949
338	19	0.006452
338	21	0.008065
338	32	0.009804
338	33	0.010526
338	39	0.015873
338	47	0.008850
338	59	0.021277
338	62	0.016949
338	94	0.022727
338	96	0.023256
338	128	0.020833
338	133	0.019608
338	155	0.040000
338	270	0.043478
338	298	0.043478
338	318	0.041667
338	325	0.037037
338	340	0.052632
338	449	0.055556
339	6	0.013514
339	25	0.008850
339	28	0.008065
339	40	0.012195
339	53	0.013699
339	58	0.016667
339	111	0.031250
339	113	0.026316
339	122	0.023256
339	126	0.027027
339	131	0.025000
339	149	0.027027
339	163	0.028571
339	234	0.040000
339	237	0.032258
339	244	0.034483
339	273	0.037037
339	325	0.037037
339	361	0.050000
339	392	0.050000
340	28	0.008065
340	39	0.015873
340	83	0.017857
340	112	0.026316
340	133	0.019608
340	134	0.029412
340	153	0.024390
340	185	0.031250
340	195	0.029412
340	225	0.040000
340	231	0.038462
340	262	0.040000
340	279	0.043478
340	307	0.045455
340	308	0.038462
340	316	0.043478
340	324	0.041667
340	338	0.050000
340	443	0.055556
341	6	0.013514
341	10	0.017544
341	11	0.035714
341	22	0.007299
341	25	0.008850
341	47	0.008850
341	66	0.023810
341	77	0.022222
341	142	0.034483
341	153	0.024390
341	157	0.027027
341	160	0.029412
341	177	0.033333
341	235	0.026316
341	243	0.038462
341	289	0.045455
341	301	0.035714
341	322	0.045455
341	390	0.055556
341	402	0.052632
341	404	0.052632
341	447	0.055556
342	17	0.020000
342	33	0.010526
342	34	0.012048
342	38	0.011494
342	41	0.015385
342	43	0.016129
342	47	0.008850
342	57	0.013333
342	64	0.021277
342	81	0.018868
342	89	0.022222
342	150	0.026316
342	153	0.024390
342	155	0.040000
342	169	0.031250
342	235	0.026316
342	253	0.037037
342	280	0.040000
343	17	0.020000
343	21	0.008065
343	26	0.006757
343	28	0.008065
343	36	0.015152
343	45	0.012821
343	74	0.015152
343	83	0.017857
343	93	0.020833
343	119	0.028571
343	128	0.020833
343	140	0.026316
343	149	0.027027
343	162	0.037037
343	193	0.028571
343	237	0.032258
343	289	0.045455
343	301	0.035714
343	376	0.052632
343	423	0.050000
343	424	0.055556
343	429	0.055556
344	7	0.016949
344	14	0.014706
344	16	0.017544
344	26	0.006757
344	45	0.012821
344	47	0.008850
344	64	0.021277
344	99	0.030303
344	101	0.020408
344	106	0.025000
344	132	0.022727
344	146	0.034483
344	160	0.029412
344	165	0.034483
344	199	0.040000
344	214	0.038462
344	250	0.032258
344	326	0.045455
345	22	0.007299
345	27	0.008130
345	33	0.010526
345	35	0.010753
345	41	0.015385
345	58	0.016667
345	91	0.020000
345	103	0.030303
345	113	0.026316
345	120	0.029412
345	129	0.032258
345	133	0.019608
345	218	0.033333
345	225	0.040000
345	250	0.032258
345	309	0.043478
345	313	0.047619
345	330	0.040000
345	366	0.047619
345	395	0.055556
345	422	0.055556
345	429	0.055556
346	16	0.017544
346	21	0.008065
346	28	0.008065
346	30	0.008772
346	33	0.010526
346	34	0.012048
346	41	0.015385
346	46	0.013158
346	47	0.008850
346	53	0.013699
346	85	0.023256
346	108	0.021739
346	145	0.028571
346	223	0.035714
346	246	0.032258
346	299	0.037037
346	329	0.052632
346	332	0.041667
346	347	0.043478
346	352	0.047619
346	367	0.055556
346	387	0.050000
346	391	0.055556
346	397	0.047619
346	421	0.055556
347	13	0.016949
347	19	0.006452
347	22	0.007299
347	24	0.008772
347	31	0.008621
347	45	0.012821
347	47	0.008850
347	51	0.019231
347	98	0.025000
347	138	0.029412
347	150	0.026316
347	209	0.035714
347	210	0.045455
347	213	0.038462
347	258	0.038462
347	319	0.050000
347	332	0.041667
347	346	0.040000
347	358	0.050000
347	375	0.055556
347	413	0.055556
347	445	0.055556
347	450	0.055556
348	3	0.018519
348	25	0.008850
348	29	0.009901
348	37	0.015152
348	43	0.016129
348	54	0.016393
348	72	0.016667
348	73	0.018519
348	78	0.021739
348	82	0.018519
348	97	0.025641
348	102	0.022727
348	144	0.024390
348	150	0.026316
348	154	0.033333
348	174	0.027027
348	278	0.035714
348	331	0.047619
348	396	0.055556
348	406	0.050000
348	416	0.055556
349	1	0.012346
349	19	0.006452
349	20	0.008000
349	23	0.007692
349	28	0.008065
349	40	0.012195
349	52	0.015873
349	90	0.020833
349	105	0.025000
349	115	0.021739
349	120	0.029412
349	163	0.028571
349	174	0.027027
349	232	0.041667
349	241	0.043478
349	274	0.041667
349	282	0.043478
349	315	0.043478
349	393	0.052632
350	9	0.015385
350	30	0.008772
350	31	0.008621
350	32	0.009804
350	40	0.012195
350	44	0.013699
350	47	0.008850
350	56	0.013699
350	75	0.020833
350	79	0.025000
350	132	0.022727
350	162	0.037037
350	169	0.031250
350	185	0.031250
350	194	0.029412
350	197	0.034483
350	223	0.035714
350	265	0.045455
350	371	0.045455
350	376	0.052632
351	9	0.015385
351	17	0.020000
351	31	0.008621
351	33	0.010526
351	34	0.012048
351	54	0.016393
351	76	0.016667
351	104	0.023810
351	132	0.022727
351	136	0.030303
351	187	0.038462
351	196	0.031250
351	203	0.031250
351	206	0.027778
351	235	0.026316
351	246	0.032258
351	269	0.043478
351	301	0.035714
351	405	0.050000
351	449	0.055556
352	22	0.007299
352	26	0.006757
352	27	0.008130
352	32	0.009804
352	47	0.008850
352	56	0.013699
352	62	0.016949
352	87	0.016949
352	92	0.023810
352	113	0.026316
352	133	0.019608
352	188	0.043478
352	189	0.035714
352	206	0.027778
352	238	0.040000
352	306	0.045455
352	317	0.045455
352	346	0.040000
352	424	0.055556
352	431	0.052632
352	448	0.055556
353	12	0.016949
353	26	0.006757
353	28	0.008065
353	52	0.015873
353	57	0.013333
353	65	0.020408
353	67	0.018182
353	70	0.019608
353	81	0.018868
353	84	0.028571
353	85	0.023256
353	110	0.023810
353	111	0.031250
353	114	0.032258
353	131	0.025000
353	132	0.022727
353	139	0.028571
353	145	0.028571
353	355	0.052632
353	384	0.055556
354	2	0.024390
354	19	0.006452
354	20	0.008000
354	22	0.007299
354	31	0.008621
354	32	0.009804
354	41	0.015385
354	44	0.013699
354	60	0.016949
354	81	0.018868
354	89	0.022222
354	102	0.022727
354	132	0.022727
354	163	0.028571
354	181	0.034483
354	261	0.037037
354	307	0.045455
354	323	0.045455
354	417	0.050000
354	446	0.055556
355	17	0.020000
355	22	0.007299
355	23	0.007692
355	27	0.008130
355	40	0.012195
355	43	0.016129
355	81	0.018868
355	90	0.020833
355	109	0.025641
355	110	0.023810
355	119	0.028571
355	133	0.019608
355	143	0.035714
355	240	0.037037
355	298	0.043478
355	317	0.045455
355	332	0.041667
355	353	0.050000
355	392	0.050000
356	22	0.007299
356	30	0.008772
356	32	0.009804
356	59	0.021277
356	69	0.029412
356	78	0.021739
356	99	0.030303
356	133	0.019608
356	163	0.028571
356	174	0.027027
356	179	0.032258
356	194	0.029412
356	206	0.027778
356	284	0.045455
356	300	0.050000
356	312	0.043478
356	328	0.050000
356	333	0.047619
356	357	0.047619
356	358	0.050000
356	387	0.050000
356	443	0.055556
357	6	0.013514
357	21	0.008065
357	23	0.007692
357	24	0.008772
357	27	0.008130
357	39	0.015873
357	42	0.013699
357	95	0.022222
357	101	0.020408
357	130	0.028571
357	193	0.028571
357	212	0.035714
357	233	0.030303
357	250	0.032258
357	255	0.038462
357	291	0.045455
357	293	0.043478
357	356	0.045455
357	388	0.045455
357	411	0.052632
357	412	0.052632
358	25	0.008850
358	29	0.009901
358	31	0.008621
358	35	0.010753
358	49	0.015873
358	82	0.018519
358	87	0.016949
358	88	0.018868
358	92	0.023810
358	93	0.020833
358	105	0.025000
358	107	0.021277
358	115	0.021739
358	185	0.031250
358	193	0.028571
358	271	0.040000
358	347	0.043478
358	356	0.045455
358	408	0.052632
358	428	0.052632
359	22	0.007299
359	25	0.008850
359	53	0.013699
359	69	0.029412
359	88	0.018868
359	94	0.022727
359	98	0.025000
359	107	0.021277
359	140	0.026316
359	148	0.027778
359	198	0.030303
359	229	0.050000
359	233	0.030303
359	235	0.026316
359	244	0.034483
359	248	0.047619
359	283	0.040000
359	287	0.047619
359	389	0.055556
359	422	0.055556
359	442	0.055556
360	37	0.015152
360	41	0.015385
360	53	0.013699
360	55	0.013699
360	60	0.016949
360	67	0.018182
360	87	0.016949
360	120	0.029412
360	167	0.043478
360	189	0.035714
360	208	0.041667
360	244	0.034483
360	264	0.034483
360	267	0.038462
360	277	0.050000
360	280	0.040000
360	311	0.040000
360	334	0.043478
360	390	0.055556
360	399	0.055556
360	405	0.050000
360	433	0.055556
361	0	0.007752
361	12	0.016949
361	20	0.008000
361	25	0.008850
361	26	0.006757
361	30	0.008772
361	39	0.015873
361	43	0.016129
361	48	0.016129
361	68	0.019231
361	81	0.018868
361	98	0.025000
361	116	0.023256
361	123	0.032258
361	128	0.020833
361	199	0.040000
361	288	0.047619
361	339	0.050000
361	390	0.055556
361	428	0.052632
362	0	0.007752
362	4	0.012048
362	9	0.015385
362	10	0.017544
362	13	0.016949
362	20	0.008000
362	34	0.012048
362	77	0.022222
362	133	0.019608
362	156	0.032258
362	163	0.028571
362	173	0.037037
362	174	0.027027
362	185	0.031250
362	187	0.038462
362	269	0.043478
362	303	0.041667
362	308	0.038462
362	364	0.052632
362	380	0.047619
362	408	0.052632
363	15	0.021277
363	22	0.007299
363	26	0.006757
363	31	0.008621
363	38	0.011494
363	41	0.015385
363	57	0.013333
363	90	0.020833
363	104	0.023810
363	108	0.021739
363	113	0.026316
363	130	0.028571
363	171	0.034483
363	191	0.030303
363	238	0.040000
363	244	0.034483
363	315	0.043478
363	316	0.043478
363	382	0.052632
363	389	0.055556
363	405	0.050000
363	406	0.050000
363	434	0.055556
364	16	0.017544
364	25	0.008850
364	40	0.012195
364	52	0.015873
364	54	0.016393
364	70	0.019608
364	76	0.016667
364	83	0.017857
364	87	0.016949
364	95	0.022222
364	109	0.025641
364	115	0.021739
364	220	0.043478
364	258	0.038462
364	270	0.043478
364	311	0.040000
364	330	0.040000
364	362	0.047619
364	374	0.052632
365	22	0.007299
365	25	0.008850
365	26	0.006757
365	33	0.010526
365	36	0.015152
365	57	0.013333
365	73	0.018519
365	74	0.015152
365	86	0.020000
365	133	0.019608
365	138	0.029412
365	144	0.024390
365	150	0.026316
365	198	0.030303
365	219	0.035714
365	246	0.032258
365	278	0.035714
365	305	0.040000
365	370	0.047619
366	4	0.012048
366	14	0.014706
366	22	0.007299
366	26	0.006757
366	34	0.012048
366	39	0.015873
366	42	0.013699
366	62	0.016949
366	73	0.018519
366	132	0.022727
366	176	0.028571
366	178	0.041667
366	185	0.031250
366	191	0.030303
366	231	0.038462
366	237	0.032258
366	299	0.037037
366	345	0.045455
366	404	0.052632
366	417	0.050000
366	442	0.055556
367	35	0.010753
367	40	0.012195
367	51	0.019231
367	65	0.020408
367	77	0.022222
367	90	0.020833
367	107	0.021277
367	116	0.023256
367	123	0.032258
367	125	0.025000
367	126	0.027027
367	153	0.024390
367	190	0.035714
367	209	0.035714
367	211	0.035714
367	216	0.038462
367	324	0.041667
367	346	0.040000
368	4	0.012048
368	20	0.008000
368	24	0.008772
368	37	0.015152
368	46	0.013158
368	58	0.016667
368	89	0.022222
368	102	0.022727
368	104	0.023810
368	117	0.032258
368	171	0.034483
368	191	0.030303
368	203	0.031250
368	233	0.030303
368	246	0.032258
368	289	0.045455
368	293	0.043478
368	328	0.050000
368	397	0.047619
368	404	0.052632
368	423	0.050000
369	0	0.007752
369	33	0.010526
369	35	0.010753
369	42	0.013699
369	45	0.012821
369	47	0.008850
369	48	0.016129
369	50	0.016393
369	67	0.018182
369	74	0.015152
369	77	0.022222
369	94	0.022727
369	102	0.022727
369	170	0.027027
369	226	0.038462
369	230	0.032258
369	233	0.030303
369	284	0.045455
369	374	0.052632
369	437	0.055556
370	25	0.008850
370	29	0.009901
370	30	0.008772
370	38	0.011494
370	44	0.013699
370	54	0.016393
370	61	0.011765
370	68	0.019231
370	83	0.017857
370	89	0.022222
370	99	0.030303
370	101	0.020408
370	117	0.032258
370	165	0.034483
370	180	0.028571
370	183	0.040000
370	255	0.038462
370	365	0.052632
370	396	0.055556
370	434	0.055556
370	444	0.055556
371	4	0.012048
371	15	0.021277
371	26	0.006757
371	27	0.008130
371	28	0.008065
371	32	0.009804
371	40	0.012195
371	51	0.019231
371	59	0.021277
371	89	0.022222
371	177	0.033333
371	218	0.033333
371	241	0.043478
371	253	0.037037
371	271	0.040000
371	291	0.045455
371	301	0.035714
371	350	0.050000
371	374	0.052632
371	430	0.055556
371	441	0.052632
371	444	0.055556
372	21	0.008065
372	26	0.006757
372	29	0.009901
372	38	0.011494
372	68	0.019231
372	71	0.016667
372	87	0.016949
372	111	0.031250
372	125	0.025000
372	149	0.027027
372	170	0.027027
372	174	0.027027
372	196	0.031250
372	222	0.045455
372	233	0.030303
372	301	0.035714
372	309	0.043478
372	322	0.045455
372	380	0.047619
372	390	0.055556
372	393	0.052632
373	20	0.008000
373	24	0.008772
373	28	0.008065
373	32	0.009804
373	35	0.010753
373	36	0.015152
373	49	0.015873
373	58	0.016667
373	71	0.016667
373	77	0.022222
373	111	0.031250
373	124	0.031250
373	134	0.029412
373	172	0.038462
373	180	0.028571
373	203	0.031250
373	237	0.032258
373	295	0.043478
374	25	0.008850
374	28	0.008065
374	32	0.009804
374	36	0.015152
374	51	0.019231
374	65	0.020408
374	67	0.018182
374	72	0.016667
374	85	0.023256
374	86	0.020000
374	98	0.025000
374	107	0.021277
374	109	0.025641
374	127	0.029412
374	240	0.037037
374	364	0.052632
374	369	0.050000
374	371	0.045455
374	421	0.055556
375	2	0.024390
375	21	0.008065
375	30	0.008772
375	31	0.008621
375	42	0.013699
375	46	0.013158
375	50	0.016393
375	52	0.015873
375	53	0.013699
375	62	0.016949
375	68	0.019231
375	76	0.016667
375	84	0.028571
375	107	0.021277
375	132	0.022727
375	248	0.047619
375	256	0.040000
375	347	0.043478
376	1	0.012346
376	5	0.040000
376	15	0.021277
376	19	0.006452
376	30	0.008772
376	34	0.012048
376	52	0.015873
376	53	0.013699
376	89	0.022222
376	114	0.032258
376	116	0.023256
376	275	0.041667
376	276	0.045455
376	293	0.043478
376	315	0.043478
376	330	0.040000
376	343	0.045455
376	350	0.050000
376	391	0.055556
377	1	0.012346
377	6	0.013514
377	24	0.008772
377	28	0.008065
377	40	0.012195
377	45	0.012821
377	52	0.015873
377	53	0.013699
377	84	0.028571
377	93	0.020833
377	115	0.021739
377	123	0.032258
377	185	0.031250
377	191	0.030303
377	253	0.037037
377	257	0.047619
377	282	0.043478
377	320	0.047619
378	9	0.015385
378	24	0.008772
378	31	0.008621
378	58	0.016667
378	87	0.016949
378	91	0.020000
378	149	0.027027
378	152	0.038462
378	168	0.037037
378	178	0.041667
378	192	0.037037
378	205	0.047619
378	219	0.035714
378	233	0.030303
378	243	0.038462
378	246	0.032258
378	262	0.040000
378	308	0.038462
378	407	0.047619
378	411	0.052632
378	427	0.052632
378	441	0.052632
379	20	0.008000
379	24	0.008772
379	27	0.008130
379	45	0.012821
379	51	0.019231
379	75	0.020833
379	87	0.016949
379	96	0.023256
379	98	0.025000
379	101	0.020408
379	133	0.019608
379	166	0.038462
379	179	0.032258
379	212	0.035714
379	225	0.040000
379	230	0.032258
379	262	0.040000
379	325	0.037037
379	396	0.055556
380	6	0.013514
380	19	0.006452
380	26	0.006757
380	60	0.016949
380	61	0.011765
380	62	0.016949
380	80	0.023256
380	84	0.028571
380	94	0.022727
380	100	0.019231
380	101	0.020408
380	132	0.022727
380	136	0.030303
380	163	0.028571
380	239	0.035714
380	250	0.032258
380	362	0.047619
380	372	0.047619
380	396	0.055556
380	415	0.055556
380	421	0.055556
381	9	0.015385
381	26	0.006757
381	30	0.008772
381	32	0.009804
381	41	0.015385
381	42	0.013699
381	43	0.016129
381	45	0.012821
381	56	0.013699
381	60	0.016949
381	70	0.019608
381	74	0.015152
381	77	0.022222
381	189	0.035714
381	190	0.035714
381	233	0.030303
381	283	0.040000
381	315	0.043478
381	407	0.047619
381	443	0.055556
382	16	0.017544
382	25	0.008850
382	28	0.008065
382	57	0.013333
382	61	0.011765
382	127	0.029412
382	136	0.030303
382	143	0.035714
382	145	0.028571
382	150	0.026316
382	175	0.034483
382	204	0.032258
382	209	0.035714
382	230	0.032258
382	250	0.032258
382	274	0.041667
382	323	0.045455
382	363	0.043478
382	415	0.055556
383	22	0.007299
383	24	0.008772
383	26	0.006757
383	29	0.009901
383	34	0.012048
383	35	0.010753
383	40	0.012195
383	43	0.016129
383	81	0.018868
383	82	0.018519
383	115	0.021739
383	156	0.032258
383	192	0.037037
383	204	0.032258
383	219	0.035714
383	233	0.030303
383	235	0.026316
383	270	0.043478
383	388	0.045455
383	440	0.055556
384	0	0.007752
384	21	0.008065
384	25	0.008850
384	34	0.012048
384	38	0.011494
384	48	0.016129
384	56	0.013699
384	61	0.011765
384	79	0.025000
384	85	0.023256
384	113	0.026316
384	128	0.020833
384	131	0.025000
384	134	0.029412
384	180	0.028571
384	204	0.032258
384	237	0.032258
384	353	0.050000
385	17	0.020000
385	19	0.006452
385	45	0.012821
385	46	0.013158
385	47	0.008850
385	55	0.013699
385	56	0.013699
385	63	0.021277
385	65	0.020408
385	76	0.016667
385	80	0.023256
385	127	0.029412
385	138	0.029412
385	151	0.029412
385	167	0.043478
385	202	0.034483
385	238	0.040000
385	330	0.040000
386	0	0.007752
386	19	0.006452
386	23	0.007692
386	24	0.008772
386	25	0.008850
386	30	0.008772
386	33	0.010526
386	38	0.011494
386	40	0.012195
386	50	0.016393
386	112	0.026316
386	178	0.041667
386	194	0.029412
386	206	0.027778
386	209	0.035714
386	238	0.040000
386	250	0.032258
386	334	0.043478
387	1	0.012346
387	21	0.008065
387	22	0.007299
387	23	0.007692
387	34	0.012048
387	38	0.011494
387	55	0.013699
387	100	0.019231
387	116	0.023256
387	120	0.029412
387	157	0.027027
387	174	0.027027
387	196	0.031250
387	297	0.035714
387	322	0.045455
387	337	0.047619
387	346	0.040000
387	356	0.045455
387	422	0.055556
387	437	0.055556
388	6	0.013514
388	11	0.035714
388	29	0.009901
388	30	0.008772
388	41	0.015385
388	62	0.016949
388	65	0.020408
388	67	0.018182
388	97	0.025641
388	117	0.032258
388	136	0.030303
388	155	0.040000
388	184	0.043478
388	193	0.028571
388	198	0.030303
388	272	0.041667
388	357	0.047619
388	383	0.050000
388	398	0.055556
388	403	0.047619
388	406	0.050000
388	450	0.055556
389	10	0.017544
389	19	0.006452
389	79	0.025000
389	100	0.019231
389	106	0.025000
389	121	0.029412
389	126	0.027027
389	143	0.035714
389	144	0.024390
389	148	0.027778
389	157	0.027027
389	262	0.040000
389	265	0.045455
389	267	0.038462
389	303	0.041667
389	336	0.045455
389	359	0.047619
389	363	0.043478
390	0	0.007752
390	38	0.011494
390	66	0.023810
390	71	0.016667
390	87	0.016949
390	111	0.031250
390	148	0.027778
390	177	0.033333
390	183	0.040000
390	194	0.029412
390	253	0.037037
390	325	0.037037
390	327	0.050000
390	337	0.047619
390	341	0.045455
390	360	0.045455
390	361	0.050000
390	372	0.047619
391	7	0.016949
391	19	0.006452
391	26	0.006757
391	30	0.008772
391	32	0.009804
391	44	0.013699
391	48	0.016129
391	79	0.025000
391	82	0.018519
391	104	0.023810
391	114	0.032258
391	115	0.021739
391	220	0.043478
391	232	0.041667
391	316	0.043478
391	326	0.045455
391	346	0.040000
391	376	0.052632
392	12	0.016949
392	22	0.007299
392	31	0.008621
392	33	0.010526
392	86	0.020000
392	103	0.030303
392	109	0.025641
392	156	0.032258
392	196	0.031250
392	223	0.035714
392	227	0.038462
392	236	0.041667
392	245	0.040000
392	267	0.038462
392	273	0.037037
392	279	0.043478
392	339	0.050000
392	355	0.052632
392	411	0.052632
392	442	0.055556
393	4	0.012048
393	6	0.013514
393	19	0.006452
393	22	0.007299
393	25	0.008850
393	29	0.009901
393	38	0.011494
393	44	0.013699
393	102	0.022727
393	118	0.030303
393	144	0.024390
393	175	0.034483
393	213	0.038462
393	292	0.050000
393	307	0.045455
393	337	0.047619
393	349	0.052632
393	372	0.047619
393	416	0.055556
394	1	0.012346
394	13	0.016949
394	28	0.008065
394	29	0.009901
394	44	0.013699
394	67	0.018182
394	75	0.020833
394	96	0.023256
394	106	0.025000
394	107	0.021277
394	174	0.027027
394	187	0.038462
394	243	0.038462
394	272	0.041667
394	278	0.035714
394	330	0.040000
394	332	0.041667
394	333	0.047619
394	411	0.052632
395	9	0.015385
395	27	0.008130
395	36	0.015152
395	37	0.015152
395	42	0.013699
395	64	0.021277
395	77	0.022222
395	89	0.022222
395	108	0.021739
395	118	0.030303
395	170	0.027027
395	175	0.034483
395	188	0.043478
395	199	0.040000
395	212	0.035714
395	235	0.026316
395	330	0.040000
395	345	0.045455
396	0	0.007752
396	8	0.020408
396	23	0.007692
396	25	0.008850
396	36	0.015152
396	51	0.019231
396	85	0.023256
396	89	0.022222
396	114	0.032258
396	115	0.021739
396	138	0.029412
396	148	0.027778
396	196	0.031250
396	308	0.038462
396	348	0.047619
396	370	0.047619
396	379	0.052632
396	380	0.047619
397	20	0.008000
397	23	0.007692
397	57	0.013333
397	60	0.016949
397	80	0.023256
397	100	0.019231
397	102	0.022727
397	104	0.023810
397	106	0.025000
397	118	0.030303
397	126	0.027027
397	157	0.027027
397	179	0.032258
397	198	0.030303
397	312	0.043478
397	327	0.050000
397	346	0.040000
397	368	0.047619
397	411	0.052632
397	412	0.052632
397	416	0.055556
398	14	0.014706
398	27	0.008130
398	29	0.009901
398	45	0.012821
398	51	0.019231
398	63	0.021277
398	65	0.020408
398	73	0.018519
398	76	0.016667
398	140	0.026316
398	148	0.027778
398	224	0.045455
398	279	0.043478
398	299	0.037037
398	301	0.035714
398	306	0.045455
398	319	0.050000
398	388	0.045455
399	13	0.016949
399	21	0.008065
399	24	0.008772
399	26	0.006757
399	27	0.008130
399	29	0.009901
399	33	0.010526
399	65	0.020408
399	80	0.023256
399	86	0.020000
399	128	0.020833
399	154	0.033333
399	157	0.027027
399	226	0.038462
399	238	0.040000
399	312	0.043478
399	326	0.045455
399	360	0.045455
400	10	0.017544
400	19	0.006452
400	30	0.008772
400	44	0.013699
400	61	0.011765
400	67	0.018182
400	91	0.020000
400	101	0.020408
400	107	0.021277
400	110	0.023810
400	130	0.028571
400	168	0.037037
400	195	0.029412
400	197	0.034483
400	211	0.035714
400	238	0.040000
400	259	0.047619
400	296	0.043478
400	425	0.055556
401	4	0.012048
401	8	0.020408
401	9	0.015385
401	10	0.017544
401	17	0.020000
401	30	0.008772
401	47	0.008850
401	72	0.016667
401	76	0.016667
401	125	0.025000
401	147	0.038462
401	157	0.027027
401	185	0.031250
401	195	0.029412
401	213	0.038462
401	231	0.038462
401	305	0.040000
401	335	0.050000
402	21	0.008065
402	24	0.008772
402	26	0.006757
402	27	0.008130
402	30	0.008772
402	41	0.015385
402	52	0.015873
402	68	0.019231
402	72	0.016667
402	105	0.025000
402	110	0.023810
402	138	0.029412
402	148	0.027778
402	255	0.038462
402	288	0.047619
402	323	0.045455
402	325	0.037037
402	341	0.045455
402	447	0.055556
403	6	0.013514
403	9	0.015385
403	23	0.007692
403	45	0.012821
403	56	0.013699
403	66	0.023810
403	78	0.021739
403	84	0.028571
403	109	0.025641
403	121	0.029412
403	127	0.029412
403	139	0.028571
403	157	0.027027
403	205	0.047619
403	236	0.041667
403	243	0.038462
403	297	0.035714
403	388	0.045455
403	424	0.055556
403	432	0.055556
403	448	0.055556
404	8	0.020408
404	28	0.008065
404	48	0.016129
404	58	0.016667
404	59	0.021277
404	76	0.016667
404	92	0.023810
404	103	0.030303
404	160	0.029412
404	193	0.028571
404	219	0.035714
404	289	0.045455
404	308	0.038462
404	311	0.040000
404	313	0.047619
404	341	0.045455
404	366	0.047619
404	368	0.047619
404	413	0.055556
405	6	0.013514
405	8	0.020408
405	16	0.017544
405	19	0.006452
405	32	0.009804
405	33	0.010526
405	53	0.013699
405	54	0.016393
405	62	0.016949
405	74	0.015152
405	142	0.034483
405	166	0.038462
405	192	0.037037
405	203	0.031250
405	250	0.032258
405	351	0.050000
405	360	0.045455
405	363	0.043478
405	425	0.055556
405	439	0.055556
406	7	0.016949
406	9	0.015385
406	14	0.014706
406	26	0.006757
406	27	0.008130
406	28	0.008065
406	42	0.013699
406	59	0.021277
406	65	0.020408
406	115	0.021739
406	127	0.029412
406	214	0.038462
406	217	0.038462
406	227	0.038462
406	305	0.040000
406	348	0.047619
406	363	0.043478
406	388	0.045455
406	434	0.055556
406	447	0.055556
407	13	0.016949
407	24	0.008772
407	36	0.015152
407	40	0.012195
407	44	0.013699
407	54	0.016393
407	72	0.016667
407	99	0.030303
407	136	0.030303
407	189	0.035714
407	198	0.030303
407	213	0.038462
407	214	0.038462
407	286	0.047619
407	310	0.043478
407	336	0.045455
407	378	0.045455
407	381	0.050000
407	412	0.052632
407	413	0.055556
407	425	0.055556
408	18	0.033333
408	21	0.008065
408	43	0.016129
408	47	0.008850
408	58	0.016667
408	73	0.018519
408	118	0.030303
408	119	0.028571
408	140	0.026316
408	162	0.037037
408	163	0.028571
408	210	0.045455
408	230	0.032258
408	245	0.040000
408	279	0.043478
408	310	0.043478
408	358	0.050000
408	362	0.047619
408	421	0.055556
409	6	0.013514
409	16	0.017544
409	26	0.006757
409	30	0.008772
409	50	0.016393
409	55	0.013699
409	60	0.016949
409	62	0.016949
409	74	0.015152
409	93	0.020833
409	111	0.031250
409	128	0.020833
409	175	0.034483
409	198	0.030303
409	237	0.032258
409	269	0.043478
409	290	0.043478
409	321	0.050000
410	21	0.008065
410	45	0.012821
410	47	0.008850
410	52	0.015873
410	75	0.020833
410	85	0.023256
410	95	0.022222
410	114	0.032258
410	115	0.021739
410	135	0.030303
410	194	0.029412
410	197	0.034483
410	216	0.038462
410	267	0.038462
410	278	0.035714
410	297	0.035714
410	303	0.041667
410	305	0.040000
411	20	0.008000
411	29	0.009901
411	30	0.008772
411	42	0.013699
411	52	0.015873
411	63	0.021277
411	106	0.025000
411	116	0.023256
411	176	0.028571
411	229	0.050000
411	244	0.034483
411	268	0.045455
411	294	0.045455
411	357	0.047619
411	378	0.045455
411	392	0.050000
411	394	0.052632
411	397	0.047619
411	444	0.055556
412	28	0.008065
412	41	0.015385
412	48	0.016129
412	87	0.016949
412	106	0.025000
412	146	0.034483
412	147	0.038462
412	206	0.027778
412	224	0.045455
412	246	0.032258
412	255	0.038462
412	267	0.038462
412	283	0.040000
412	324	0.041667
412	336	0.045455
412	357	0.047619
412	397	0.047619
412	407	0.047619
412	436	0.052632
413	8	0.020408
413	12	0.016949
413	26	0.006757
413	27	0.008130
413	29	0.009901
413	44	0.013699
413	46	0.013158
413	61	0.011765
413	68	0.019231
413	131	0.025000
413	140	0.026316
413	176	0.028571
413	207	0.037037
413	258	0.038462
413	316	0.043478
413	347	0.043478
413	404	0.052632
413	407	0.047619
414	0	0.007752
414	9	0.015385
414	20	0.008000
414	27	0.008130
414	35	0.010753
414	39	0.015873
414	55	0.013699
414	60	0.016949
414	70	0.019608
414	86	0.020000
414	114	0.032258
414	133	0.019608
414	145	0.028571
414	158	0.038462
414	171	0.034483
414	204	0.032258
414	206	0.027778
414	301	0.035714
415	4	0.012048
415	35	0.010753
415	38	0.011494
415	43	0.016129
415	49	0.015873
415	60	0.016949
415	83	0.017857
415	100	0.019231
415	113	0.026316
415	138	0.029412
415	141	0.035714
415	145	0.028571
415	223	0.035714
415	298	0.043478
415	299	0.037037
415	325	0.037037
415	380	0.047619
415	382	0.052632
416	3	0.018519
416	11	0.035714
416	14	0.014706
416	22	0.007299
416	53	0.013699
416	55	0.013699
416	108	0.021739
416	112	0.026316
416	140	0.026316
416	143	0.035714
416	144	0.024390
416	240	0.037037
416	256	0.040000
416	258	0.038462
416	306	0.045455
416	348	0.047619
416	393	0.052632
416	397	0.047619
417	7	0.016949
417	14	0.014706
417	21	0.008065
417	22	0.007299
417	28	0.008065
417	31	0.008621
417	32	0.009804
417	70	0.019608
417	72	0.016667
417	78	0.021739
417	79	0.025000
417	102	0.022727
417	125	0.025000
417	176	0.028571
417	215	0.038462
417	324	0.041667
417	354	0.050000
417	366	0.047619
417	435	0.055556
417	441	0.052632
418	23	0.007692
418	38	0.011494
418	46	0.013158
418	47	0.008850
418	55	0.013699
418	81	0.018868
418	93	0.020833
418	99	0.030303
418	128	0.020833
418	139	0.028571
418	140	0.026316
418	145	0.028571
418	154	0.033333
418	168	0.037037
418	175	0.034483
418	187	0.038462
418	267	0.038462
418	305	0.040000
419	26	0.006757
419	27	0.008130
419	48	0.016129
419	87	0.016949
419	108	0.021739
419	120	0.029412
419	134	0.029412
419	145	0.028571
419	151	0.029412
419	152	0.038462
419	166	0.038462
419	222	0.045455
419	247	0.043478
419	287	0.047619
419	299	0.037037
419	311	0.040000
419	322	0.045455
419	332	0.041667
420	9	0.015385
420	15	0.021277
420	20	0.008000
420	25	0.008850
420	28	0.008065
420	44	0.013699
420	50	0.016393
420	64	0.021277
420	81	0.018868
420	125	0.025000
420	128	0.020833
420	130	0.028571
420	179	0.032258
420	230	0.032258
420	238	0.040000
420	274	0.041667
420	278	0.035714
420	281	0.047619
420	442	0.055556
421	7	0.016949
421	10	0.017544
421	11	0.035714
421	16	0.017544
421	21	0.008065
421	39	0.015873
421	43	0.016129
421	49	0.015873
421	50	0.016393
421	87	0.016949
421	93	0.020833
421	122	0.023256
421	139	0.028571
421	190	0.035714
421	346	0.040000
421	374	0.052632
421	380	0.047619
421	408	0.052632
422	20	0.008000
422	23	0.007692
422	35	0.010753
422	55	0.013699
422	74	0.015152
422	76	0.016667
422	100	0.019231
422	157	0.027027
422	175	0.034483
422	177	0.033333
422	182	0.031250
422	203	0.031250
422	235	0.026316
422	262	0.040000
422	283	0.040000
422	345	0.045455
422	359	0.047619
422	387	0.050000
423	9	0.015385
423	11	0.035714
423	20	0.008000
423	50	0.016393
423	54	0.016393
423	93	0.020833
423	125	0.025000
423	176	0.028571
423	186	0.033333
423	190	0.035714
423	193	0.028571
423	194	0.029412
423	215	0.038462
423	233	0.030303
423	261	0.037037
423	295	0.043478
423	343	0.045455
423	368	0.047619
423	441	0.052632
423	446	0.055556
424	13	0.016949
424	21	0.008065
424	25	0.008850
424	37	0.015152
424	39	0.015873
424	41	0.015385
424	49	0.015873
424	123	0.032258
424	139	0.028571
424	142	0.034483
424	174	0.027027
424	221	0.035714
424	235	0.026316
424	236	0.041667
424	292	0.050000
424	343	0.045455
424	352	0.047619
424	403	0.047619
425	2	0.024390
425	14	0.014706
425	20	0.008000
425	24	0.008772
425	27	0.008130
425	31	0.008621
425	61	0.011765
425	69	0.029412
425	74	0.015152
425	96	0.023256
425	137	0.035714
425	226	0.038462
425	268	0.045455
425	280	0.040000
425	308	0.038462
425	400	0.052632
425	405	0.050000
425	407	0.047619
426	21	0.008065
426	26	0.006757
426	29	0.009901
426	30	0.008772
426	34	0.012048
426	35	0.010753
426	56	0.013699
426	58	0.016667
426	66	0.023810
426	76	0.016667
426	99	0.030303
426	137	0.035714
426	197	0.034483
426	211	0.035714
426	240	0.037037
426	253	0.037037
426	261	0.037037
426	264	0.034483
426	442	0.055556
426	445	0.055556
427	26	0.006757
427	29	0.009901
427	36	0.015152
427	55	0.013699
427	67	0.018182
427	75	0.020833
427	124	0.031250
427	132	0.022727
427	141	0.035714
427	158	0.038462
427	162	0.037037
427	204	0.032258
427	258	0.038462
427	262	0.040000
427	294	0.045455
427	295	0.043478
427	334	0.043478
427	378	0.045455
427	443	0.055556
428	0	0.007752
428	20	0.008000
428	21	0.008065
428	23	0.007692
428	31	0.008621
428	49	0.015873
428	83	0.017857
428	105	0.025000
428	122	0.023256
428	144	0.024390
428	181	0.034483
428	204	0.032258
428	212	0.035714
428	258	0.038462
428	273	0.037037
428	275	0.041667
428	358	0.050000
428	361	0.050000
428	444	0.055556
429	20	0.008000
429	29	0.009901
429	32	0.009804
429	47	0.008850
429	48	0.016129
429	53	0.013699
429	59	0.021277
429	100	0.019231
429	194	0.029412
429	198	0.030303
429	211	0.035714
429	231	0.038462
429	235	0.026316
429	241	0.043478
429	297	0.035714
429	336	0.045455
429	343	0.045455
429	345	0.045455
430	9	0.015385
430	15	0.021277
430	28	0.008065
430	34	0.012048
430	37	0.015152
430	72	0.016667
430	74	0.015152
430	92	0.023810
430	144	0.024390
430	159	0.043478
430	197	0.034483
430	246	0.032258
430	249	0.041667
430	261	0.037037
430	273	0.037037
430	310	0.043478
430	334	0.043478
430	371	0.045455
431	15	0.021277
431	25	0.008850
431	28	0.008065
431	30	0.008772
431	35	0.010753
431	46	0.013158
431	161	0.037037
431	164	0.037037
431	191	0.030303
431	223	0.035714
431	249	0.041667
431	259	0.047619
431	297	0.035714
431	318	0.041667
431	320	0.047619
431	325	0.037037
431	332	0.041667
431	352	0.047619
431	445	0.055556
432	13	0.016949
432	16	0.017544
432	21	0.008065
432	25	0.008850
432	30	0.008772
432	35	0.010753
432	55	0.013699
432	75	0.020833
432	130	0.028571
432	148	0.027778
432	157	0.027027
432	171	0.034483
432	182	0.031250
432	266	0.052632
432	278	0.035714
432	318	0.041667
432	320	0.047619
432	403	0.047619
433	6	0.013514
433	19	0.006452
433	26	0.006757
433	27	0.008130
433	49	0.015873
433	52	0.015873
433	54	0.016393
433	57	0.013333
433	74	0.015152
433	101	0.020408
433	130	0.028571
433	140	0.026316
433	144	0.024390
433	149	0.027027
433	156	0.032258
433	160	0.029412
433	255	0.038462
433	360	0.045455
434	2	0.024390
434	4	0.012048
434	19	0.006452
434	35	0.010753
434	72	0.016667
434	108	0.021739
434	198	0.030303
434	260	0.047619
434	274	0.041667
434	281	0.047619
434	296	0.043478
434	299	0.037037
434	315	0.043478
434	323	0.045455
434	334	0.043478
434	363	0.043478
434	370	0.047619
434	406	0.050000
435	22	0.007299
435	23	0.007692
435	34	0.012048
435	35	0.010753
435	37	0.015152
435	41	0.015385
435	50	0.016393
435	85	0.023256
435	124	0.031250
435	137	0.035714
435	153	0.024390
435	163	0.028571
435	172	0.038462
435	174	0.027027
435	196	0.031250
435	202	0.034483
435	302	0.052632
435	417	0.050000
436	19	0.006452
436	22	0.007299
436	26	0.006757
436	32	0.009804
436	41	0.015385
436	51	0.019231
436	64	0.021277
436	83	0.017857
436	105	0.025000
436	108	0.021739
436	112	0.026316
436	148	0.027778
436	182	0.031250
436	280	0.040000
436	282	0.043478
436	325	0.037037
436	331	0.047619
436	412	0.052632
436	441	0.052632
437	31	0.008621
437	35	0.010753
437	50	0.016393
437	55	0.013699
437	72	0.016667
437	73	0.018519
437	103	0.030303
437	131	0.025000
437	172	0.038462
437	179	0.032258
437	219	0.035714
437	233	0.030303
437	256	0.040000
437	260	0.047619
437	296	0.043478
437	309	0.043478
437	369	0.050000
437	387	0.050000
438	17	0.020000
438	20	0.008000
438	27	0.008130
438	28	0.008065
438	30	0.008772
438	37	0.015152
438	51	0.019231
438	54	0.016393
438	72	0.016667
438	73	0.018519
438	81	0.018868
438	82	0.018519
438	123	0.032258
438	130	0.028571
438	218	0.033333
438	285	0.045455
438	311	0.040000
438	318	0.041667
439	4	0.012048
439	20	0.008000
439	24	0.008772
439	35	0.010753
439	38	0.011494
439	47	0.008850
439	55	0.013699
439	57	0.013333
439	62	0.016949
439	68	0.019231
439	77	0.022222
439	100	0.019231
439	131	0.025000
439	243	0.038462
439	264	0.034483
439	275	0.041667
439	316	0.043478
439	405	0.050000
440	2	0.024390
440	22	0.007299
440	26	0.006757
440	44	0.013699
440	53	0.013699
440	63	0.021277
440	71	0.016667
440	73	0.018519
440	88	0.018868
440	89	0.022222
440	91	0.020000
440	108	0.021739
440	138	0.029412
440	186	0.033333
440	193	0.028571
440	218	0.033333
440	249	0.041667
440	383	0.050000
441	3	0.018519
441	15	0.021277
441	19	0.006452
441	33	0.010526
441	56	0.013699
441	65	0.020408
441	133	0.019608
441	148	0.027778
441	156	0.032258
441	215	0.038462
441	228	0.047619
441	232	0.041667
441	235	0.026316
441	371	0.045455
441	378	0.045455
441	417	0.050000
441	423	0.050000
441	436	0.052632
441	450	0.055556
442	19	0.006452
442	22	0.007299
442	23	0.007692
442	24	0.008772
442	33	0.010526
442	62	0.016949
442	65	0.020408
442	84	0.028571
442	174	0.027027
442	235	0.026316
442	247	0.043478
442	249	0.041667
442	326	0.045455
442	359	0.047619
442	366	0.047619
442	392	0.050000
442	420	0.052632
442	426	0.050000
443	9	0.015385
443	15	0.021277
443	33	0.010526
443	49	0.015873
443	72	0.016667
443	108	0.021739
443	150	0.026316
443	227	0.038462
443	256	0.040000
443	261	0.037037
443	285	0.045455
443	290	0.043478
443	309	0.043478
443	311	0.040000
443	340	0.052632
443	356	0.045455
443	381	0.050000
443	427	0.052632
444	23	0.007692
444	32	0.009804
444	34	0.012048
444	70	0.019608
444	77	0.022222
444	82	0.018519
444	88	0.018868
444	153	0.024390
444	204	0.032258
444	206	0.027778
444	284	0.045455
444	297	0.035714
444	314	0.050000
444	325	0.037037
444	370	0.047619
444	371	0.045455
444	411	0.052632
444	428	0.052632
445	19	0.006452
445	27	0.008130
445	51	0.019231
445	61	0.011765
445	65	0.020408
445	70	0.019608
445	74	0.015152
445	106	0.025000
445	115	0.021739
445	130	0.028571
445	136	0.030303
445	180	0.028571
445	221	0.035714
445	310	0.043478
445	324	0.041667
445	347	0.043478
445	426	0.050000
445	431	0.052632
446	12	0.016949
446	21	0.008065
446	28	0.008065
446	35	0.010753
446	54	0.016393
446	58	0.016667
446	81	0.018868
446	101	0.020408
446	116	0.023256
446	137	0.035714
446	140	0.026316
446	164	0.037037
446	191	0.030303
446	250	0.032258
446	301	0.035714
446	314	0.050000
446	354	0.050000
446	423	0.050000
447	2	0.024390
447	17	0.020000
447	41	0.015385
447	44	0.013699
447	57	0.013333
447	71	0.016667
447	76	0.016667
447	132	0.022727
447	171	0.034483
447	174	0.027027
447	208	0.041667
447	240	0.037037
447	296	0.043478
447	297	0.035714
447	331	0.047619
447	341	0.045455
447	402	0.052632
447	406	0.050000
448	7	0.016949
448	13	0.016949
448	31	0.008621
448	32	0.009804
448	56	0.013699
448	73	0.018519
448	76	0.016667
448	85	0.023256
448	86	0.020000
448	96	0.023256
448	176	0.028571
448	193	0.028571
448	232	0.041667
448	283	0.040000
448	294	0.045455
448	299	0.037037
448	352	0.047619
448	403	0.047619
449	0	0.007752
449	33	0.010526
449	106	0.025000
449	122	0.023256
449	127	0.029412
449	133	0.019608
449	150	0.026316
449	176	0.028571
449	239	0.035714
449	264	0.034483
449	268	0.045455
449	276	0.045455
449	285	0.045455
449	310	0.043478
449	317	0.045455
449	324	0.041667
449	338	0.050000
449	351	0.050000
450	1	0.012346
450	20	0.008000
450	23	0.007692
450	28	0.008065
450	56	0.013699
450	58	0.016667
450	59	0.021277
450	91	0.020000
450	92	0.023810
450	116	0.023256
450	126	0.027027
450	203	0.031250
450	218	0.033333
450	226	0.038462
450	257	0.047619
450	347	0.043478
450	388	0.045455
450	441	0.052632
451	1	0.012346
451	13	0.016949
451	22	0.007299
451	42	0.013699
451	52	0.015873
451	56	0.013699
451	72	0.016667
451	76	0.016667
451	78	0.021739
451	144	0.024390
451	163	0.028571
451	170	0.027027
451	181	0.034483
451	233	0.030303
451	273	0.037037
451	283	0.040000
451	293	0.043478
451	295	0.043478
452	11	0.035714
452	16	0.017544
452	29	0.009901
452	31	0.008621
452	32	0.009804
452	37	0.015152
452	41	0.015385
452	42	0.013699
452	46	0.013158
452	56	0.013699
452	73	0.018519
452	97	0.025641
452	208	0.041667
452	254	0.043478
452	286	0.047619
452	297	0.035714
452	321	0.050000
452	335	0.050000
