352	9464
0	1	0.024390
0	2	0.025641
0	3	0.020408
0	4	0.043478
0	5	0.052632
0	6	0.017544
0	7	0.018868
0	8	0.037037
0	9	0.017241
0	10	0.019608
0	11	0.020408
0	12	0.018519
0	13	0.022222
0	14	0.028571
0	15	0.008130
0	16	0.009174
0	17	0.010638
0	18	0.010101
0	19	0.012821
0	20	0.009091
0	21	0.010309
0	22	0.011236
0	23	0.013333
0	24	0.010417
0	25	0.014286
0	26	0.016393
0	28	0.013889
0	29	0.017241
0	30	0.017241
0	31	0.018868
0	34	0.018182
0	35	0.015873
0	36	0.017241
0	37	0.022727
0	38	0.016393
0	39	0.020833
0	40	0.014085
0	42	0.017857
0	43	0.014286
0	45	0.032258
0	46	0.034483
0	47	0.021277
0	50	0.023256
0	51	0.028571
0	56	0.029412
0	57	0.016667
0	58	0.031250
0	60	0.028571
0	61	0.025641
0	65	0.025000
0	72	0.023256
0	77	0.033333
0	79	0.037037
0	84	0.033333
0	85	0.043478
0	86	0.026316
0	88	0.028571
0	95	0.034483
0	98	0.052632
0	101	0.031250
0	102	0.031250
0	103	0.035714
0	104	0.030303
0	115	0.038462
0	119	0.045455
0	140	0.045455
0	146	0.047619
0	150	0.037037
0	151	0.058824
0	160	0.047619
0	163	0.038462
0	164	0.052632
0	169	0.050000
0	170	0.050000
0	178	0.055556
0	194	0.047619
0	202	0.045455
0	207	0.052632
0	215	0.047619
0	223	0.058824
0	233	0.055556
0	236	0.062500
0	246	0.058824
0	248	0.066667
0	258	0.058824
0	259	0.062500
0	265	0.062500
0	267	0.071429
0	271	0.066667
0	274	0.062500
0	286	0.066667
0	302	0.071429
0	308	0.058824
0	310	0.062500
0	311	0.058824
0	315	0.066667
0	330	0.066667
0	337	0.071429
0	338	0.071429
0	349	0.071429
1	0	0.010000
1	15	0.008130
1	17	0.010638
1	19	0.012821
1	20	0.009091
1	24	0.010417
1	25	0.014286
1	30	0.017241
1	31	0.018868
1	35	0.015873
1	38	0.016393
1	43	0.014286
1	46	0.034483
1	47	0.021277
1	53	0.024390
1	56	0.029412
1	57	0.016667
1	61	0.025641
1	63	0.025641
1	64	0.028571
1	73	0.030303
1	74	0.031250
1	76	0.040000
1	78	0.027027
1	94	0.033333
1	112	0.033333
1	115	0.038462
1	118	0.035714
1	128	0.043478
1	130	0.038462
1	145	0.045455
1	155	0.050000
1	171	0.043478
1	173	0.050000
1	207	0.052632
1	232	0.055556
1	243	0.045455
1	282	0.066667
1	304	0.066667
1	320	0.066667
1	333	0.071429
2	0	0.010000
2	15	0.008130
2	16	0.009174
2	17	0.010638
2	19	0.012821
2	28	0.013889
2	30	0.017241
2	33	0.016393
2	42	0.017857
2	43	0.014286
2	44	0.020408
2	45	0.032258
2	51	0.028571
2	52	0.027027
2	54	0.018519
2	66	0.029412
2	75	0.038462
2	77	0.033333
2	89	0.033333
2	91	0.035714
2	93	0.035714
2	95	0.034483
2	102	0.031250
2	111	0.045455
2	127	0.038462
2	137	0.045455
2	153	0.045455
2	173	0.050000
2	179	0.055556
2	194	0.047619
2	204	0.066667
2	205	0.058824
2	207	0.052632
2	230	0.062500
2	272	0.066667
2	288	0.062500
2	292	0.066667
2	306	0.066667
2	332	0.071429
3	0	0.010000
3	15	0.008130
3	16	0.009174
3	17	0.010638
3	18	0.010101
3	19	0.012821
3	20	0.009091
3	22	0.011236
3	23	0.013333
3	24	0.010417
3	26	0.016393
3	28	0.013889
3	29	0.017241
3	31	0.018868
3	33	0.016393
3	37	0.022727
3	42	0.017857
3	44	0.020408
3	45	0.032258
3	51	0.028571
3	53	0.024390
3	59	0.022222
3	60	0.028571
3	71	0.032258
3	78	0.027027
3	82	0.043478
3	99	0.038462
3	126	0.050000
3	141	0.045455
3	143	0.040000
3	150	0.037037
3	179	0.055556
3	182	0.055556
3	184	0.050000
3	196	0.041667
3	223	0.058824
3	230	0.062500
3	243	0.045455
3	247	0.055556
3	256	0.066667
3	262	0.066667
3	275	0.071429
3	277	0.071429
3	281	0.066667
3	302	0.071429
3	313	0.066667
3	339	0.071429
3	346	0.071429
3	351	0.071429
4	0	0.010000
4	15	0.008130
4	16	0.009174
4	17	0.010638
4	18	0.010101
4	19	0.012821
4	20	0.009091
4	21	0.010309
4	26	0.016393
4	32	0.017241
4	43	0.014286
4	55	0.031250
4	101	0.031250
4	114	0.041667
4	118	0.035714
4	120	0.038462
4	123	0.031250
4	141	0.045455
4	149	0.050000
4	175	0.045455
4	207	0.052632
4	299	0.058824
4	327	0.071429
5	0	0.010000
5	16	0.009174
5	17	0.010638
5	18	0.010101
5	26	0.016393
5	30	0.017241
5	34	0.018182
5	42	0.017857
5	44	0.020408
5	47	0.021277
5	59	0.022222
5	62	0.038462
5	73	0.030303
5	81	0.045455
5	93	0.035714
5	103	0.035714
5	138	0.035714
5	142	0.043478
5	313	0.066667
6	0	0.010000
6	15	0.008130
6	16	0.009174
6	17	0.010638
6	18	0.010101
6	19	0.012821
6	20	0.009091
6	21	0.010309
6	22	0.011236
6	23	0.013333
6	24	0.010417
6	25	0.014286
6	27	0.014286
6	31	0.018868
6	33	0.016393
6	34	0.018182
6	35	0.015873
6	38	0.016393
6	40	0.014085
6	41	0.018519
6	45	0.032258
6	49	0.022727
6	55	0.031250
6	60	0.028571
6	61	0.025641
6	64	0.028571
6	66	0.029412
6	74	0.031250
6	89	0.033333
6	90	0.022727
6	100	0.041667
6	102	0.031250
6	110	0.047619
6	113	0.052632
6	116	0.038462
6	131	0.034483
6	135	0.045455
6	140	0.045455
6	146	0.047619
6	151	0.058824
6	182	0.055556
6	202	0.045455
6	204	0.066667
6	205	0.058824
6	212	0.052632
6	218	0.058824
6	226	0.052632
6	227	0.062500
6	235	0.062500
6	251	0.062500
6	265	0.062500
6	267	0.071429
6	268	0.062500
6	269	0.066667
6	286	0.066667
6	319	0.071429
6	336	0.071429
7	0	0.010000
7	15	0.008130
7	16	0.009174
7	17	0.010638
7	18	0.010101
7	20	0.009091
7	21	0.010309
7	22	0.011236
7	23	0.013333
7	24	0.010417
7	27	0.014286
7	28	0.013889
7	34	0.018182
7	41	0.018519
7	42	0.017857
7	51	0.028571
7	57	0.016667
7	58	0.031250
7	59	0.022222
7	66	0.029412
7	78	0.027027
7	80	0.032258
7	81	0.045455
7	83	0.038462
7	84	0.033333
7	89	0.033333
7	91	0.035714
7	96	0.034483
7	100	0.041667
7	117	0.033333
7	119	0.045455
7	121	0.031250
7	124	0.041667
7	135	0.045455
7	136	0.045455
7	178	0.055556
7	183	0.045455
7	188	0.055556
7	197	0.045455
7	202	0.045455
7	210	0.050000
7	231	0.055556
7	244	0.062500
7	245	0.058824
7	260	0.062500
7	261	0.052632
7	262	0.066667
7	281	0.066667
7	287	0.062500
7	298	0.062500
7	308	0.058824
7	322	0.066667
7	344	0.071429
8	0	0.010000
8	15	0.008130
8	17	0.010638
8	21	0.010309
8	23	0.013333
8	27	0.014286
8	30	0.017241
8	31	0.018868
8	32	0.017241
8	33	0.016393
8	59	0.022222
8	66	0.029412
8	72	0.023256
8	73	0.030303
8	88	0.028571
8	97	0.034483
8	132	0.035714
8	148	0.031250
8	150	0.037037
8	172	0.047619
8	178	0.055556
8	212	0.052632
8	237	0.062500
8	253	0.071429
8	264	0.066667
8	328	0.062500
8	335	0.071429
9	0	0.010000
9	15	0.008130
9	16	0.009174
9	19	0.012821
9	20	0.009091
9	21	0.010309
9	22	0.011236
9	24	0.010417
9	26	0.016393
9	27	0.014286
9	34	0.018182
9	37	0.022727
9	41	0.018519
9	43	0.014286
9	49	0.022727
9	63	0.025641
9	72	0.023256
9	79	0.037037
9	80	0.032258
9	88	0.028571
9	97	0.034483
9	98	0.052632
9	100	0.041667
9	103	0.035714
9	104	0.030303
9	106	0.047619
9	112	0.033333
9	114	0.041667
9	115	0.038462
9	120	0.038462
9	124	0.041667
9	125	0.038462
9	128	0.043478
9	143	0.040000
9	148	0.031250
9	155	0.050000
9	166	0.041667
9	168	0.058824
9	171	0.043478
9	186	0.047619
9	193	0.045455
9	196	0.041667
9	208	0.058824
9	214	0.066667
9	224	0.052632
9	229	0.052632
9	233	0.055556
9	236	0.062500
9	243	0.045455
9	251	0.062500
9	257	0.066667
9	266	0.050000
9	269	0.066667
9	270	0.066667
9	288	0.062500
9	290	0.058824
9	303	0.058824
9	318	0.066667
10	0	0.010000
10	15	0.008130
10	16	0.009174
10	17	0.010638
10	18	0.010101
10	20	0.009091
10	21	0.010309
10	22	0.011236
10	23	0.013333
10	25	0.014286
10	29	0.017241
10	34	0.018182
10	35	0.015873
10	39	0.020833
10	42	0.017857
10	45	0.032258
10	52	0.027027
10	54	0.018519
10	57	0.016667
10	67	0.019231
10	85	0.043478
10	95	0.034483
10	96	0.034483
10	97	0.034483
10	117	0.033333
10	137	0.045455
10	141	0.045455
10	143	0.040000
10	150	0.037037
10	154	0.035714
10	176	0.050000
10	183	0.045455
10	184	0.050000
10	192	0.062500
10	197	0.045455
10	202	0.045455
10	215	0.047619
10	218	0.058824
10	231	0.055556
10	235	0.062500
10	245	0.058824
10	267	0.071429
10	288	0.062500
10	301	0.066667
10	308	0.058824
10	312	0.066667
10	313	0.066667
10	315	0.066667
10	319	0.071429
10	324	0.066667
10	347	0.071429
11	0	0.010000
11	15	0.008130
11	16	0.009174
11	17	0.010638
11	18	0.010101
11	19	0.012821
11	20	0.009091
11	21	0.010309
11	24	0.010417
11	29	0.017241
11	30	0.017241
11	32	0.017241
11	33	0.016393
11	34	0.018182
11	36	0.017241
11	39	0.020833
11	40	0.014085
11	48	0.021739
11	54	0.018519
11	69	0.032258
11	70	0.033333
11	72	0.023256
11	75	0.038462
11	80	0.032258
11	83	0.038462
11	92	0.029412
11	108	0.055556
11	120	0.038462
11	121	0.031250
11	129	0.047619
11	130	0.038462
11	135	0.045455
11	142	0.043478
11	143	0.040000
11	180	0.047619
11	204	0.066667
11	210	0.050000
11	217	0.052632
11	219	0.047619
11	235	0.062500
11	260	0.062500
11	268	0.062500
11	275	0.071429
11	277	0.071429
11	305	0.066667
11	307	0.071429
11	313	0.066667
11	329	0.071429
11	349	0.071429
12	0	0.010000
12	15	0.008130
12	16	0.009174
12	17	0.010638
12	18	0.010101
12	19	0.012821
12	21	0.010309
12	22	0.011236
12	24	0.010417
12	27	0.014286
12	28	0.013889
12	32	0.017241
12	34	0.018182
12	36	0.017241
12	38	0.016393
12	39	0.020833
12	40	0.014085
12	46	0.034483
12	48	0.021739
12	49	0.022727
12	54	0.018519
12	57	0.016667
12	59	0.022222
12	64	0.028571
12	65	0.025000
12	68	0.037037
12	74	0.031250
12	82	0.043478
12	84	0.033333
12	98	0.052632
12	103	0.035714
12	110	0.047619
12	111	0.045455
12	117	0.033333
12	127	0.038462
12	134	0.050000
12	136	0.045455
12	139	0.034483
12	151	0.058824
12	155	0.050000
12	157	0.052632
12	163	0.038462
12	186	0.047619
12	203	0.050000
12	207	0.052632
12	209	0.045455
12	215	0.047619
12	242	0.062500
12	247	0.055556
12	250	0.062500
12	263	0.058824
12	332	0.071429
12	338	0.071429
12	345	0.071429
13	0	0.010000
13	15	0.008130
13	16	0.009174
13	18	0.010101
13	19	0.012821
13	25	0.014286
13	26	0.016393
13	29	0.017241
13	31	0.018868
13	33	0.016393
13	39	0.020833
13	43	0.014286
13	53	0.024390
13	55	0.031250
13	57	0.016667
13	60	0.028571
13	67	0.019231
13	73	0.030303
13	76	0.040000
13	78	0.027027
13	83	0.038462
13	88	0.028571
13	94	0.033333
13	110	0.047619
13	118	0.035714
13	128	0.043478
13	132	0.035714
13	144	0.041667
13	156	0.037037
13	166	0.041667
13	181	0.066667
13	194	0.047619
13	203	0.050000
13	228	0.045455
13	250	0.062500
13	257	0.066667
13	259	0.062500
13	263	0.058824
13	273	0.066667
13	285	0.066667
13	298	0.062500
13	304	0.066667
13	321	0.071429
13	328	0.062500
13	334	0.071429
14	0	0.010000
14	15	0.008130
14	16	0.009174
14	18	0.010101
14	24	0.010417
14	25	0.014286
14	27	0.014286
14	30	0.017241
14	33	0.016393
14	34	0.018182
14	36	0.017241
14	45	0.032258
14	48	0.021739
14	52	0.027027
14	54	0.018519
14	61	0.025641
14	66	0.029412
14	75	0.038462
14	97	0.034483
14	107	0.041667
14	110	0.047619
14	131	0.034483
14	146	0.047619
14	147	0.052632
14	154	0.035714
14	164	0.052632
14	174	0.043478
14	175	0.045455
14	245	0.058824
14	258	0.058824
14	267	0.071429
14	291	0.062500
14	303	0.058824
14	306	0.066667
14	337	0.071429
15	0	0.010000
15	1	0.024390
15	2	0.025641
15	3	0.020408
15	4	0.043478
15	6	0.017544
15	7	0.018868
15	8	0.037037
15	9	0.017241
15	10	0.019608
15	11	0.020408
15	12	0.018519
15	13	0.022222
15	14	0.028571
15	16	0.009174
15	17	0.010638
15	18	0.010101
15	19	0.012821
15	20	0.009091
15	21	0.010309
15	22	0.011236
15	23	0.013333
15	25	0.014286
15	26	0.016393
15	27	0.014286
15	28	0.013889
15	29	0.017241
15	31	0.018868
15	33	0.016393
15	35	0.015873
15	36	0.017241
15	37	0.022727
15	38	0.016393
15	40	0.014085
15	44	0.020408
15	45	0.032258
15	46	0.034483
15	47	0.021277
15	49	0.022727
15	50	0.023256
15	55	0.031250
15	61	0.025641
15	62	0.038462
15	63	0.025641
15	66	0.029412
15	67	0.019231
15	68	0.037037
15	69	0.032258
15	70	0.033333
15	71	0.032258
15	72	0.023256
15	76	0.040000
15	77	0.033333
15	78	0.027027
15	81	0.045455
15	82	0.043478
15	84	0.033333
15	85	0.043478
15	86	0.026316
15	88	0.028571
15	89	0.033333
15	90	0.022727
15	91	0.035714
15	93	0.035714
15	95	0.034483
15	98	0.052632
15	99	0.038462
15	105	0.037037
15	112	0.033333
15	117	0.033333
15	121	0.031250
15	122	0.033333
15	123	0.031250
15	127	0.038462
15	129	0.047619
15	137	0.045455
15	138	0.035714
15	150	0.037037
15	151	0.058824
15	162	0.045455
15	167	0.038462
15	174	0.043478
15	182	0.055556
15	183	0.045455
15	187	0.052632
15	188	0.055556
15	196	0.041667
15	201	0.050000
15	206	0.055556
15	208	0.058824
15	212	0.052632
15	213	0.062500
15	217	0.052632
15	219	0.047619
15	222	0.052632
15	223	0.058824
15	228	0.045455
15	231	0.055556
15	233	0.055556
15	234	0.052632
15	235	0.062500
15	248	0.066667
15	253	0.071429
15	254	0.058824
15	256	0.066667
15	259	0.062500
15	269	0.066667
15	270	0.066667
15	275	0.071429
15	279	0.071429
15	281	0.066667
15	283	0.071429
15	289	0.066667
15	292	0.066667
15	299	0.058824
15	303	0.058824
15	306	0.066667
15	313	0.066667
15	318	0.066667
15	328	0.062500
15	329	0.071429
15	333	0.071429
15	337	0.071429
16	0	0.010000
16	2	0.025641
16	3	0.020408
16	4	0.043478
16	5	0.052632
16	6	0.017544
16	7	0.018868
16	9	0.017241
16	10	0.019608
16	11	0.020408
16	12	0.018519
16	13	0.022222
16	14	0.028571
16	15	0.008130
16	17	0.010638
16	18	0.010101
16	19	0.012821
16	20	0.009091
16	21	0.010309
16	22	0.011236
16	23	0.013333
16	24	0.010417
16	25	0.014286
16	26	0.016393
16	27	0.014286
16	30	0.017241
16	31	0.018868
16	32	0.017241
16	34	0.018182
16	36	0.017241
16	39	0.020833
16	40	0.014085
16	42	0.017857
16	47	0.021277
16	48	0.021739
16	49	0.022727
16	50	0.023256
16	53	0.024390
16	54	0.018519
16	56	0.029412
16	62	0.038462
16	65	0.025000
16	66	0.029412
16	67	0.019231
16	71	0.032258
16	72	0.023256
16	74	0.031250
16	83	0.038462
16	85	0.043478
16	88	0.028571
16	90	0.022727
16	94	0.033333
16	96	0.034483
16	98	0.052632
16	99	0.038462
16	101	0.031250
16	108	0.055556
16	110	0.047619
16	115	0.038462
16	119	0.045455
16	121	0.031250
16	123	0.031250
16	133	0.058824
16	134	0.050000
16	140	0.045455
16	142	0.043478
16	146	0.047619
16	147	0.052632
16	150	0.037037
16	156	0.037037
16	158	0.055556
16	159	0.052632
16	161	0.041667
16	171	0.043478
16	173	0.050000
16	176	0.050000
16	179	0.055556
16	182	0.055556
16	186	0.047619
16	191	0.055556
16	203	0.050000
16	204	0.066667
16	205	0.058824
16	208	0.058824
16	209	0.045455
16	223	0.058824
16	232	0.055556
16	236	0.062500
16	244	0.062500
16	249	0.055556
16	252	0.062500
16	255	0.058824
16	259	0.062500
16	262	0.066667
16	269	0.066667
16	272	0.066667
16	283	0.071429
16	285	0.066667
16	309	0.066667
16	313	0.066667
16	316	0.071429
16	317	0.071429
16	318	0.066667
16	323	0.066667
16	326	0.071429
16	329	0.071429
16	331	0.071429
16	337	0.071429
16	343	0.071429
17	0	0.010000
17	1	0.024390
17	2	0.025641
17	3	0.020408
17	4	0.043478
17	5	0.052632
17	6	0.017544
17	7	0.018868
17	8	0.037037
17	10	0.019608
17	11	0.020408
17	12	0.018519
17	15	0.008130
17	16	0.009174
17	18	0.010101
17	19	0.012821
17	20	0.009091
17	21	0.010309
17	22	0.011236
17	23	0.013333
17	26	0.016393
17	28	0.013889
17	29	0.017241
17	31	0.018868
17	32	0.017241
17	37	0.022727
17	41	0.018519
17	43	0.014286
17	46	0.034483
17	48	0.021739
17	49	0.022727
17	50	0.023256
17	55	0.031250
17	56	0.029412
17	60	0.028571
17	62	0.038462
17	64	0.028571
17	65	0.025000
17	67	0.019231
17	69	0.032258
17	70	0.033333
17	73	0.030303
17	76	0.040000
17	85	0.043478
17	86	0.026316
17	87	0.028571
17	90	0.022727
17	93	0.035714
17	101	0.031250
17	114	0.041667
17	119	0.045455
17	120	0.038462
17	123	0.031250
17	126	0.050000
17	130	0.038462
17	134	0.050000
17	136	0.045455
17	138	0.035714
17	140	0.045455
17	146	0.047619
17	148	0.031250
17	158	0.055556
17	159	0.052632
17	165	0.066667
17	166	0.041667
17	172	0.047619
17	174	0.043478
17	178	0.055556
17	180	0.047619
17	182	0.055556
17	183	0.045455
17	187	0.052632
17	189	0.043478
17	190	0.066667
17	205	0.058824
17	208	0.058824
17	209	0.045455
17	211	0.052632
17	216	0.058824
17	218	0.058824
17	219	0.047619
17	227	0.062500
17	251	0.062500
17	258	0.058824
17	288	0.062500
17	295	0.071429
17	302	0.071429
17	303	0.058824
17	304	0.066667
17	310	0.062500
17	318	0.066667
17	320	0.066667
17	329	0.071429
17	338	0.071429
18	0	0.010000
18	3	0.020408
18	4	0.043478
18	5	0.052632
18	6	0.017544
18	7	0.018868
18	10	0.019608
18	11	0.020408
18	12	0.018519
18	13	0.022222
18	14	0.028571
18	15	0.008130
18	16	0.009174
18	17	0.010638
18	19	0.012821
18	20	0.009091
18	21	0.010309
18	22	0.011236
18	23	0.013333
18	24	0.010417
18	26	0.016393
18	27	0.014286
18	28	0.013889
18	29	0.017241
18	30	0.017241
18	36	0.017241
18	38	0.016393
18	40	0.014085
18	41	0.018519
18	43	0.014286
18	44	0.020408
18	46	0.034483
18	48	0.021739
18	58	0.031250
18	60	0.028571
18	63	0.025641
18	65	0.025000
18	66	0.029412
18	68	0.037037
18	69	0.032258
18	76	0.040000
18	77	0.033333
18	82	0.043478
18	85	0.043478
18	86	0.026316
18	89	0.033333
18	91	0.035714
18	92	0.029412
18	93	0.035714
18	95	0.034483
18	99	0.038462
18	101	0.031250
18	102	0.031250
18	107	0.041667
18	113	0.052632
18	116	0.038462
18	119	0.045455
18	120	0.038462
18	124	0.041667
18	125	0.038462
18	126	0.050000
18	133	0.058824
18	140	0.045455
18	144	0.041667
18	149	0.050000
18	155	0.050000
18	160	0.047619
18	173	0.050000
18	174	0.043478
18	175	0.045455
18	176	0.050000
18	179	0.055556
18	180	0.047619
18	184	0.050000
18	194	0.047619
18	201	0.050000
18	206	0.055556
18	210	0.050000
18	218	0.058824
18	219	0.047619
18	225	0.047619
18	227	0.062500
18	234	0.052632
18	241	0.055556
18	249	0.055556
18	259	0.062500
18	278	0.058824
18	295	0.071429
18	296	0.071429
18	303	0.058824
18	305	0.066667
18	314	0.066667
18	320	0.066667
18	328	0.062500
18	332	0.071429
18	339	0.071429
18	341	0.071429
18	342	0.071429
18	350	0.071429
19	0	0.010000
19	1	0.024390
19	2	0.025641
19	3	0.020408
19	4	0.043478
19	6	0.017544
19	9	0.017241
19	11	0.020408
19	12	0.018519
19	13	0.022222
19	15	0.008130
19	16	0.009174
19	17	0.010638
19	18	0.010101
19	20	0.009091
19	22	0.011236
19	23	0.013333
19	25	0.014286
19	27	0.014286
19	29	0.017241
19	30	0.017241
19	32	0.017241
19	33	0.016393
19	35	0.015873
19	37	0.022727
19	38	0.016393
19	39	0.020833
19	40	0.014085
19	41	0.018519
19	43	0.014286
19	44	0.020408
19	49	0.022727
19	54	0.018519
19	57	0.016667
19	59	0.022222
19	61	0.025641
19	76	0.040000
19	77	0.033333
19	79	0.037037
19	80	0.032258
19	84	0.033333
19	93	0.035714
19	105	0.037037
19	106	0.047619
19	109	0.032258
19	112	0.033333
19	125	0.038462
19	127	0.038462
19	129	0.047619
19	131	0.034483
19	135	0.045455
19	155	0.050000
19	158	0.055556
19	159	0.052632
19	160	0.047619
19	170	0.050000
19	172	0.047619
19	177	0.043478
19	188	0.055556
19	200	0.050000
19	205	0.058824
19	206	0.055556
19	209	0.045455
19	211	0.052632
19	219	0.047619
19	226	0.052632
19	229	0.052632
19	230	0.062500
19	242	0.062500
19	252	0.062500
19	254	0.058824
19	256	0.066667
19	257	0.066667
19	272	0.066667
19	274	0.062500
19	281	0.066667
19	290	0.058824
19	301	0.066667
20	0	0.010000
20	1	0.024390
20	3	0.020408
20	4	0.043478
20	6	0.017544
20	7	0.018868
20	9	0.017241
20	10	0.019608
20	11	0.020408
20	15	0.008130
20	16	0.009174
20	17	0.010638
20	18	0.010101
20	19	0.012821
20	21	0.010309
20	22	0.011236
20	23	0.013333
20	25	0.014286
20	27	0.014286
20	28	0.013889
20	30	0.017241
20	31	0.018868
20	32	0.017241
20	33	0.016393
20	35	0.015873
20	36	0.017241
20	37	0.022727
20	38	0.016393
20	39	0.020833
20	48	0.021739
20	50	0.023256
20	51	0.028571
20	53	0.024390
20	56	0.029412
20	58	0.031250
20	60	0.028571
20	61	0.025641
20	62	0.038462
20	63	0.025641
20	64	0.028571
20	65	0.025000
20	66	0.029412
20	68	0.037037
20	69	0.032258
20	74	0.031250
20	77	0.033333
20	78	0.027027
20	81	0.045455
20	85	0.043478
20	89	0.033333
20	93	0.035714
20	102	0.031250
20	103	0.035714
20	106	0.047619
20	107	0.041667
20	108	0.055556
20	109	0.032258
20	110	0.047619
20	111	0.045455
20	113	0.052632
20	118	0.035714
20	120	0.038462
20	121	0.031250
20	123	0.031250
20	129	0.047619
20	130	0.038462
20	131	0.034483
20	132	0.035714
20	137	0.045455
20	138	0.035714
20	140	0.045455
20	141	0.045455
20	149	0.050000
20	150	0.037037
20	151	0.058824
20	160	0.047619
20	161	0.041667
20	162	0.045455
20	176	0.050000
20	177	0.043478
20	182	0.055556
20	183	0.045455
20	185	0.050000
20	187	0.052632
20	200	0.050000
20	201	0.050000
20	209	0.045455
20	214	0.066667
20	220	0.043478
20	232	0.055556
20	235	0.062500
20	236	0.062500
20	240	0.058824
20	242	0.062500
20	247	0.055556
20	261	0.052632
20	264	0.066667
20	275	0.071429
20	276	0.055556
20	279	0.071429
20	281	0.066667
20	283	0.071429
20	285	0.066667
20	303	0.058824
20	304	0.066667
20	312	0.066667
20	313	0.066667
20	322	0.066667
20	328	0.062500
20	338	0.071429
21	0	0.010000
21	4	0.043478
21	6	0.017544
21	7	0.018868
21	8	0.037037
21	9	0.017241
21	10	0.019608
21	11	0.020408
21	12	0.018519
21	15	0.008130
21	16	0.009174
21	17	0.010638
21	18	0.010101
21	20	0.009091
21	22	0.011236
21	23	0.013333
21	24	0.010417
21	25	0.014286
21	26	0.016393
21	27	0.014286
21	28	0.013889
21	29	0.017241
21	31	0.018868
21	32	0.017241
21	33	0.016393
21	34	0.018182
21	35	0.015873
21	39	0.020833
21	41	0.018519
21	44	0.020408
21	45	0.032258
21	46	0.034483
21	47	0.021277
21	49	0.022727
21	50	0.023256
21	53	0.024390
21	55	0.031250
21	56	0.029412
21	59	0.022222
21	67	0.019231
21	69	0.032258
21	70	0.033333
21	75	0.038462
21	81	0.045455
21	83	0.038462
21	84	0.033333
21	86	0.026316
21	87	0.028571
21	90	0.022727
21	95	0.034483
21	99	0.038462
21	101	0.031250
21	102	0.031250
21	105	0.037037
21	109	0.032258
21	110	0.047619
21	111	0.045455
21	116	0.038462
21	119	0.045455
21	128	0.043478
21	137	0.045455
21	138	0.035714
21	142	0.043478
21	145	0.045455
21	146	0.047619
21	151	0.058824
21	159	0.052632
21	163	0.038462
21	164	0.052632
21	165	0.066667
21	167	0.038462
21	171	0.043478
21	172	0.047619
21	177	0.043478
21	178	0.055556
21	204	0.066667
21	205	0.058824
21	217	0.052632
21	222	0.052632
21	234	0.052632
21	239	0.058824
21	246	0.058824
21	247	0.055556
21	253	0.071429
21	260	0.062500
21	267	0.071429
21	283	0.071429
21	284	0.062500
21	289	0.066667
21	292	0.066667
21	300	0.066667
21	314	0.066667
21	315	0.066667
21	323	0.066667
21	327	0.071429
21	340	0.071429
21	347	0.071429
22	0	0.010000
22	3	0.020408
22	6	0.017544
22	7	0.018868
22	9	0.017241
22	10	0.019608
22	12	0.018519
22	15	0.008130
22	16	0.009174
22	17	0.010638
22	18	0.010101
22	19	0.012821
22	20	0.009091
22	21	0.010309
22	23	0.013333
22	24	0.010417
22	25	0.014286
22	26	0.016393
22	28	0.013889
22	32	0.017241
22	35	0.015873
22	36	0.017241
22	37	0.022727
22	40	0.014085
22	41	0.018519
22	46	0.034483
22	47	0.021277
22	48	0.021739
22	49	0.022727
22	55	0.031250
22	56	0.029412
22	59	0.022222
22	60	0.028571
22	62	0.038462
22	67	0.019231
22	69	0.032258
22	70	0.033333
22	79	0.037037
22	82	0.043478
22	92	0.029412
22	95	0.034483
22	98	0.052632
22	100	0.041667
22	117	0.033333
22	124	0.041667
22	129	0.047619
22	130	0.038462
22	132	0.035714
22	142	0.043478
22	144	0.041667
22	146	0.047619
22	157	0.052632
22	161	0.041667
22	162	0.045455
22	164	0.052632
22	168	0.058824
22	169	0.050000
22	170	0.050000
22	179	0.055556
22	186	0.047619
22	190	0.066667
22	194	0.047619
22	197	0.045455
22	199	0.066667
22	203	0.050000
22	214	0.066667
22	218	0.058824
22	222	0.052632
22	224	0.052632
22	225	0.047619
22	228	0.045455
22	234	0.052632
22	245	0.058824
22	247	0.055556
22	250	0.062500
22	252	0.062500
22	254	0.058824
22	257	0.066667
22	265	0.062500
22	268	0.062500
22	290	0.058824
22	293	0.071429
22	297	0.055556
22	323	0.066667
22	337	0.071429
22	340	0.071429
22	343	0.071429
22	347	0.071429
22	350	0.071429
23	0	0.010000
23	3	0.020408
23	6	0.017544
23	7	0.018868
23	8	0.037037
23	10	0.019608
23	15	0.008130
23	16	0.009174
23	17	0.010638
23	18	0.010101
23	19	0.012821
23	20	0.009091
23	21	0.010309
23	22	0.011236
23	24	0.010417
23	25	0.014286
23	27	0.014286
23	30	0.017241
23	31	0.018868
23	34	0.018182
23	35	0.015873
23	38	0.016393
23	42	0.017857
23	48	0.021739
23	49	0.022727
23	52	0.027027
23	56	0.029412
23	58	0.031250
23	65	0.025000
23	67	0.019231
23	72	0.023256
23	74	0.031250
23	75	0.038462
23	80	0.032258
23	82	0.043478
23	96	0.034483
23	100	0.041667
23	109	0.032258
23	116	0.038462
23	119	0.045455
23	122	0.033333
23	123	0.031250
23	137	0.045455
23	140	0.045455
23	143	0.040000
23	144	0.041667
23	149	0.050000
23	156	0.037037
23	157	0.052632
23	162	0.045455
23	164	0.052632
23	168	0.058824
23	176	0.050000
23	179	0.055556
23	183	0.045455
23	186	0.047619
23	189	0.043478
23	196	0.041667
23	218	0.058824
23	225	0.047619
23	226	0.052632
23	230	0.062500
23	232	0.055556
23	240	0.058824
23	252	0.062500
23	256	0.066667
23	262	0.066667
23	265	0.062500
23	285	0.066667
23	289	0.066667
23	321	0.071429
23	332	0.071429
23	335	0.071429
23	343	0.071429
23	346	0.071429
24	0	0.010000
24	1	0.024390
24	3	0.020408
24	6	0.017544
24	7	0.018868
24	9	0.017241
24	11	0.020408
24	12	0.018519
24	14	0.028571
24	16	0.009174
24	18	0.010101
24	21	0.010309
24	22	0.011236
24	23	0.013333
24	25	0.014286
24	26	0.016393
24	28	0.013889
24	29	0.017241
24	31	0.018868
24	32	0.017241
24	33	0.016393
24	35	0.015873
24	40	0.014085
24	44	0.020408
24	45	0.032258
24	47	0.021277
24	52	0.027027
24	53	0.024390
24	54	0.018519
24	55	0.031250
24	58	0.031250
24	61	0.025641
24	67	0.019231
24	68	0.037037
24	72	0.023256
24	77	0.033333
24	78	0.027027
24	82	0.043478
24	85	0.043478
24	89	0.033333
24	90	0.022727
24	92	0.029412
24	93	0.035714
24	95	0.034483
24	103	0.035714
24	109	0.032258
24	111	0.045455
24	117	0.033333
24	118	0.035714
24	121	0.031250
24	122	0.033333
24	135	0.045455
24	136	0.045455
24	138	0.035714
24	139	0.034483
24	140	0.045455
24	144	0.041667
24	158	0.055556
24	159	0.052632
24	164	0.052632
24	168	0.058824
24	174	0.043478
24	185	0.050000
24	186	0.047619
24	188	0.055556
24	190	0.066667
24	193	0.045455
24	200	0.050000
24	201	0.050000
24	203	0.050000
24	213	0.062500
24	218	0.058824
24	219	0.047619
24	222	0.052632
24	226	0.052632
24	228	0.045455
24	230	0.062500
24	231	0.055556
24	238	0.055556
24	245	0.058824
24	248	0.066667
24	268	0.062500
24	274	0.062500
24	276	0.055556
24	286	0.066667
24	288	0.062500
24	292	0.066667
24	297	0.055556
24	304	0.066667
24	311	0.058824
24	313	0.066667
24	314	0.066667
24	323	0.066667
24	337	0.071429
24	339	0.071429
24	344	0.071429
25	0	0.010000
25	1	0.024390
25	6	0.017544
25	10	0.019608
25	13	0.022222
25	14	0.028571
25	15	0.008130
25	16	0.009174
25	19	0.012821
25	20	0.009091
25	21	0.010309
25	22	0.011236
25	23	0.013333
25	24	0.010417
25	26	0.016393
25	27	0.014286
25	28	0.013889
25	29	0.017241
25	31	0.018868
25	32	0.017241
25	35	0.015873
25	36	0.017241
25	38	0.016393
25	39	0.020833
25	41	0.018519
25	44	0.020408
25	50	0.023256
25	52	0.027027
25	53	0.024390
25	54	0.018519
25	62	0.038462
25	80	0.032258
25	82	0.043478
25	84	0.033333
25	87	0.028571
25	88	0.028571
25	89	0.033333
25	95	0.034483
25	100	0.041667
25	115	0.038462
25	118	0.035714
25	122	0.033333
25	133	0.058824
25	134	0.050000
25	142	0.043478
25	151	0.058824
25	154	0.035714
25	160	0.047619
25	173	0.050000
25	183	0.045455
25	192	0.062500
25	207	0.052632
25	209	0.045455
25	221	0.047619
25	225	0.047619
25	227	0.062500
25	236	0.062500
25	238	0.055556
25	241	0.055556
25	246	0.058824
25	252	0.062500
25	255	0.058824
25	264	0.066667
25	267	0.071429
25	273	0.066667
25	288	0.062500
25	326	0.071429
25	332	0.071429
25	341	0.071429
25	348	0.071429
26	0	0.010000
26	3	0.020408
26	4	0.043478
26	5	0.052632
26	9	0.017241
26	13	0.022222
26	15	0.008130
26	16	0.009174
26	17	0.010638
26	18	0.010101
26	21	0.010309
26	22	0.011236
26	24	0.010417
26	25	0.014286
26	29	0.017241
26	35	0.015873
26	36	0.017241
26	38	0.016393
26	39	0.020833
26	42	0.017857
26	44	0.020408
26	48	0.021739
26	52	0.027027
26	56	0.029412
26	57	0.016667
26	71	0.032258
26	75	0.038462
26	77	0.033333
26	80	0.032258
26	84	0.033333
26	86	0.026316
26	87	0.028571
26	98	0.052632
26	101	0.031250
26	107	0.041667
26	114	0.041667
26	120	0.038462
26	124	0.041667
26	126	0.050000
26	134	0.050000
26	139	0.034483
26	156	0.037037
26	162	0.045455
26	172	0.047619
26	173	0.050000
26	180	0.047619
26	184	0.050000
26	224	0.052632
26	234	0.052632
26	237	0.062500
26	238	0.055556
26	248	0.066667
26	253	0.071429
26	264	0.066667
26	266	0.050000
26	276	0.055556
26	305	0.066667
26	306	0.066667
26	312	0.066667
26	319	0.071429
26	342	0.071429
27	6	0.017544
27	7	0.018868
27	8	0.037037
27	9	0.017241
27	12	0.018519
27	14	0.028571
27	15	0.008130
27	16	0.009174
27	18	0.010101
27	19	0.012821
27	20	0.009091
27	21	0.010309
27	23	0.013333
27	25	0.014286
27	28	0.013889
27	30	0.017241
27	32	0.017241
27	33	0.016393
27	36	0.017241
27	37	0.022727
27	38	0.016393
27	42	0.017857
27	44	0.020408
27	46	0.034483
27	47	0.021277
27	51	0.028571
27	53	0.024390
27	61	0.025641
27	65	0.025000
27	67	0.019231
27	68	0.037037
27	71	0.032258
27	73	0.030303
27	79	0.037037
27	87	0.028571
27	99	0.038462
27	100	0.041667
27	102	0.031250
27	108	0.055556
27	121	0.031250
27	125	0.038462
27	129	0.047619
27	133	0.058824
27	134	0.050000
27	146	0.047619
27	148	0.031250
27	152	0.047619
27	157	0.052632
27	158	0.055556
27	167	0.038462
27	170	0.050000
27	195	0.062500
27	206	0.055556
27	216	0.058824
27	219	0.047619
27	221	0.047619
27	225	0.047619
27	226	0.052632
27	232	0.055556
27	242	0.062500
27	243	0.045455
27	245	0.058824
27	250	0.062500
27	251	0.062500
27	261	0.052632
27	277	0.071429
27	278	0.058824
27	285	0.066667
27	303	0.058824
27	322	0.066667
28	0	0.010000
28	2	0.025641
28	3	0.020408
28	7	0.018868
28	12	0.018519
28	15	0.008130
28	17	0.010638
28	18	0.010101
28	20	0.009091
28	21	0.010309
28	22	0.011236
28	24	0.010417
28	25	0.014286
28	27	0.014286
28	29	0.017241
28	33	0.016393
28	37	0.022727
28	39	0.020833
28	41	0.018519
28	43	0.014286
28	49	0.022727
28	50	0.023256
28	51	0.028571
28	53	0.024390
28	55	0.031250
28	56	0.029412
28	58	0.031250
28	63	0.025641
28	70	0.033333
28	71	0.032258
28	73	0.030303
28	81	0.045455
28	94	0.033333
28	95	0.034483
28	104	0.030303
28	105	0.037037
28	109	0.032258
28	114	0.041667
28	118	0.035714
28	121	0.031250
28	124	0.041667
28	125	0.038462
28	135	0.045455
28	145	0.045455
28	153	0.045455
28	160	0.047619
28	161	0.041667
28	163	0.038462
28	175	0.045455
28	187	0.052632
28	192	0.062500
28	201	0.050000
28	203	0.050000
28	208	0.058824
28	223	0.058824
28	229	0.052632
28	233	0.055556
28	247	0.055556
28	256	0.066667
28	262	0.066667
28	264	0.066667
28	268	0.062500
28	276	0.055556
28	307	0.071429
28	309	0.066667
28	317	0.071429
28	318	0.066667
28	327	0.071429
28	331	0.071429
28	333	0.071429
28	334	0.071429
28	336	0.071429
29	0	0.010000
29	3	0.020408
29	10	0.019608
29	11	0.020408
29	13	0.022222
29	15	0.008130
29	17	0.010638
29	18	0.010101
29	19	0.012821
29	21	0.010309
29	24	0.010417
29	25	0.014286
29	26	0.016393
29	28	0.013889
29	30	0.017241
29	37	0.022727
29	38	0.016393
29	42	0.017857
29	43	0.014286
29	47	0.021277
29	48	0.021739
29	51	0.028571
29	55	0.031250
29	58	0.031250
29	59	0.022222
29	68	0.037037
29	70	0.033333
29	78	0.027027
29	79	0.037037
29	81	0.045455
29	82	0.043478
29	85	0.043478
29	90	0.022727
29	92	0.029412
29	100	0.041667
29	107	0.041667
29	111	0.045455
29	112	0.033333
29	114	0.041667
29	115	0.038462
29	117	0.033333
29	120	0.038462
29	127	0.038462
29	146	0.047619
29	184	0.050000
29	188	0.055556
29	219	0.047619
29	227	0.062500
29	228	0.045455
29	245	0.058824
29	253	0.071429
29	265	0.062500
29	266	0.050000
29	273	0.066667
29	278	0.058824
29	289	0.066667
29	350	0.071429
29	351	0.071429
30	0	0.010000
30	1	0.024390
30	2	0.025641
30	5	0.052632
30	8	0.037037
30	11	0.020408
30	14	0.028571
30	16	0.009174
30	18	0.010101
30	19	0.012821
30	20	0.009091
30	23	0.013333
30	27	0.014286
30	29	0.017241
30	32	0.017241
30	35	0.015873
30	36	0.017241
30	40	0.014085
30	41	0.018519
30	42	0.017857
30	43	0.014286
30	45	0.032258
30	51	0.028571
30	52	0.027027
30	53	0.024390
30	61	0.025641
30	79	0.037037
30	81	0.045455
30	83	0.038462
30	84	0.033333
30	87	0.028571
30	96	0.034483
30	102	0.031250
30	108	0.055556
30	134	0.050000
30	139	0.034483
30	143	0.040000
30	144	0.041667
30	151	0.058824
30	161	0.041667
30	169	0.050000
30	177	0.043478
30	182	0.055556
30	185	0.050000
30	196	0.041667
30	198	0.055556
30	199	0.066667
30	200	0.050000
30	213	0.062500
30	216	0.058824
30	221	0.047619
30	228	0.045455
30	239	0.058824
30	312	0.066667
30	316	0.071429
30	318	0.066667
30	322	0.066667
30	338	0.071429
31	0	0.010000
31	1	0.024390
31	3	0.020408
31	6	0.017544
31	8	0.037037
31	13	0.022222
31	15	0.008130
31	16	0.009174
31	17	0.010638
31	20	0.009091
31	21	0.010309
31	23	0.013333
31	24	0.010417
31	25	0.014286
31	37	0.022727
31	39	0.020833
31	41	0.018519
31	47	0.021277
31	48	0.021739
31	50	0.023256
31	52	0.027027
31	54	0.018519
31	61	0.025641
31	64	0.028571
31	66	0.029412
31	70	0.033333
31	86	0.026316
31	89	0.033333
31	90	0.022727
31	93	0.035714
31	96	0.034483
31	103	0.035714
31	106	0.047619
31	109	0.032258
31	111	0.045455
31	115	0.038462
31	126	0.050000
31	147	0.052632
31	152	0.047619
31	154	0.035714
31	159	0.052632
31	181	0.066667
31	189	0.043478
31	199	0.066667
31	233	0.055556
31	270	0.066667
31	276	0.055556
31	294	0.066667
31	310	0.062500
31	321	0.071429
31	330	0.066667
31	339	0.071429
31	351	0.071429
32	4	0.043478
32	8	0.037037
32	11	0.020408
32	12	0.018519
32	16	0.009174
32	17	0.010638
32	19	0.012821
32	20	0.009091
32	21	0.010309
32	22	0.011236
32	24	0.010417
32	25	0.014286
32	27	0.014286
32	30	0.017241
32	34	0.018182
32	36	0.017241
32	37	0.022727
32	50	0.023256
32	54	0.018519
32	58	0.031250
32	63	0.025641
32	64	0.028571
32	68	0.037037
32	70	0.033333
32	73	0.030303
32	77	0.033333
32	87	0.028571
32	92	0.029412
32	97	0.034483
32	101	0.031250
32	102	0.031250
32	106	0.047619
32	107	0.041667
32	109	0.032258
32	113	0.052632
32	122	0.033333
32	125	0.038462
32	138	0.035714
32	149	0.050000
32	154	0.035714
32	160	0.047619
32	166	0.041667
32	179	0.055556
32	187	0.052632
32	194	0.047619
32	199	0.066667
32	225	0.047619
32	234	0.052632
32	256	0.066667
32	274	0.062500
32	283	0.071429
32	284	0.062500
32	291	0.062500
32	294	0.066667
32	308	0.058824
32	321	0.071429
32	335	0.071429
32	348	0.071429
33	2	0.025641
33	3	0.020408
33	6	0.017544
33	8	0.037037
33	11	0.020408
33	13	0.022222
33	14	0.028571
33	15	0.008130
33	19	0.012821
33	20	0.009091
33	21	0.010309
33	24	0.010417
33	27	0.014286
33	28	0.013889
33	34	0.018182
33	40	0.014085
33	46	0.034483
33	47	0.021277
33	49	0.022727
33	50	0.023256
33	57	0.016667
33	58	0.031250
33	60	0.028571
33	61	0.025641
33	64	0.028571
33	73	0.030303
33	77	0.033333
33	78	0.027027
33	90	0.022727
33	105	0.037037
33	108	0.055556
33	123	0.031250
33	124	0.041667
33	125	0.038462
33	128	0.043478
33	132	0.035714
33	137	0.045455
33	147	0.052632
33	148	0.031250
33	157	0.052632
33	167	0.038462
33	176	0.050000
33	194	0.047619
33	203	0.050000
33	206	0.055556
33	213	0.062500
33	219	0.047619
33	221	0.047619
33	223	0.058824
33	228	0.045455
33	241	0.055556
33	249	0.055556
33	265	0.062500
33	276	0.055556
33	287	0.062500
33	300	0.066667
33	313	0.066667
33	325	0.071429
33	329	0.071429
33	345	0.071429
33	348	0.071429
34	0	0.010000
34	5	0.052632
34	6	0.017544
34	7	0.018868
34	9	0.017241
34	10	0.019608
34	11	0.020408
34	12	0.018519
34	14	0.028571
34	16	0.009174
34	21	0.010309
34	23	0.013333
34	32	0.017241
34	33	0.016393
34	38	0.016393
34	44	0.020408
34	46	0.034483
34	52	0.027027
34	53	0.024390
34	64	0.028571
34	73	0.030303
34	78	0.027027
34	88	0.028571
34	91	0.035714
34	92	0.029412
34	94	0.033333
34	95	0.034483
34	104	0.030303
34	105	0.037037
34	106	0.047619
34	111	0.045455
34	133	0.058824
34	149	0.050000
34	150	0.037037
34	158	0.055556
34	167	0.038462
34	180	0.047619
34	201	0.050000
34	205	0.058824
34	211	0.052632
34	215	0.047619
34	241	0.055556
34	248	0.066667
34	249	0.055556
34	252	0.062500
34	253	0.071429
34	256	0.066667
34	257	0.066667
34	264	0.066667
34	279	0.071429
34	284	0.062500
34	330	0.066667
34	335	0.071429
34	348	0.071429
34	349	0.071429
35	0	0.010000
35	1	0.024390
35	6	0.017544
35	10	0.019608
35	15	0.008130
35	19	0.012821
35	20	0.009091
35	21	0.010309
35	22	0.011236
35	23	0.013333
35	24	0.010417
35	25	0.014286
35	26	0.016393
35	30	0.017241
35	37	0.022727
35	40	0.014085
35	42	0.017857
35	43	0.014286
35	45	0.032258
35	52	0.027027
35	54	0.018519
35	55	0.031250
35	58	0.031250
35	62	0.038462
35	63	0.025641
35	71	0.032258
35	72	0.023256
35	75	0.038462
35	80	0.032258
35	85	0.043478
35	99	0.038462
35	102	0.031250
35	112	0.033333
35	117	0.033333
35	119	0.045455
35	120	0.038462
35	122	0.033333
35	124	0.041667
35	125	0.038462
35	130	0.038462
35	139	0.034483
35	147	0.052632
35	148	0.031250
35	156	0.037037
35	157	0.052632
35	158	0.055556
35	169	0.050000
35	171	0.043478
35	173	0.050000
35	174	0.043478
35	178	0.055556
35	190	0.066667
35	199	0.066667
35	211	0.052632
35	216	0.058824
35	226	0.052632
35	239	0.058824
35	248	0.066667
35	300	0.066667
35	305	0.066667
35	320	0.066667
35	323	0.066667
35	334	0.071429
36	0	0.010000
36	11	0.020408
36	12	0.018519
36	14	0.028571
36	15	0.008130
36	16	0.009174
36	18	0.010101
36	20	0.009091
36	22	0.011236
36	25	0.014286
36	26	0.016393
36	27	0.014286
36	30	0.017241
36	32	0.017241
36	41	0.018519
36	47	0.021277
36	58	0.031250
36	59	0.022222
36	60	0.028571
36	71	0.032258
36	74	0.031250
36	105	0.037037
36	115	0.038462
36	120	0.038462
36	124	0.041667
36	128	0.043478
36	136	0.045455
36	139	0.034483
36	140	0.045455
36	143	0.040000
36	144	0.041667
36	146	0.047619
36	148	0.031250
36	149	0.050000
36	150	0.037037
36	155	0.050000
36	177	0.043478
36	178	0.055556
36	179	0.055556
36	180	0.047619
36	182	0.055556
36	197	0.045455
36	200	0.050000
36	201	0.050000
36	202	0.045455
36	208	0.058824
36	228	0.045455
36	257	0.066667
36	260	0.062500
36	262	0.066667
36	271	0.066667
36	273	0.066667
36	275	0.071429
36	295	0.071429
36	298	0.062500
36	326	0.071429
36	345	0.071429
36	349	0.071429
37	0	0.010000
37	3	0.020408
37	9	0.017241
37	15	0.008130
37	17	0.010638
37	19	0.012821
37	20	0.009091
37	22	0.011236
37	27	0.014286
37	28	0.013889
37	29	0.017241
37	31	0.018868
37	32	0.017241
37	35	0.015873
37	39	0.020833
37	50	0.023256
37	51	0.028571
37	52	0.027027
37	53	0.024390
37	55	0.031250
37	72	0.023256
37	74	0.031250
37	75	0.038462
37	79	0.037037
37	91	0.035714
37	92	0.029412
37	103	0.035714
37	104	0.030303
37	108	0.055556
37	110	0.047619
37	142	0.043478
37	153	0.045455
37	159	0.052632
37	169	0.050000
37	175	0.045455
37	195	0.062500
37	200	0.050000
37	203	0.050000
37	233	0.055556
37	260	0.062500
37	331	0.071429
37	338	0.071429
37	339	0.071429
37	346	0.071429
38	0	0.010000
38	1	0.024390
38	6	0.017544
38	12	0.018519
38	15	0.008130
38	18	0.010101
38	19	0.012821
38	20	0.009091
38	23	0.013333
38	25	0.014286
38	26	0.016393
38	27	0.014286
38	29	0.017241
38	34	0.018182
38	40	0.014085
38	42	0.017857
38	49	0.022727
38	51	0.028571
38	52	0.027027
38	60	0.028571
38	64	0.028571
38	65	0.025000
38	68	0.037037
38	76	0.040000
38	78	0.027027
38	79	0.037037
38	93	0.035714
38	97	0.034483
38	123	0.031250
38	125	0.038462
38	133	0.058824
38	134	0.050000
38	141	0.045455
38	150	0.037037
38	160	0.047619
38	161	0.041667
38	162	0.045455
38	166	0.041667
38	170	0.050000
38	174	0.043478
38	175	0.045455
38	183	0.045455
38	184	0.050000
38	198	0.055556
38	209	0.045455
38	213	0.062500
38	214	0.066667
38	215	0.047619
38	218	0.058824
38	226	0.052632
38	235	0.062500
38	240	0.058824
38	249	0.055556
38	252	0.062500
38	255	0.058824
38	263	0.058824
38	281	0.066667
38	292	0.066667
38	293	0.071429
38	344	0.071429
38	346	0.071429
39	0	0.010000
39	10	0.019608
39	11	0.020408
39	12	0.018519
39	13	0.022222
39	16	0.009174
39	19	0.012821
39	20	0.009091
39	21	0.010309
39	25	0.014286
39	26	0.016393
39	28	0.013889
39	31	0.018868
39	37	0.022727
39	47	0.021277
39	48	0.021739
39	56	0.029412
39	57	0.016667
39	73	0.030303
39	74	0.031250
39	84	0.033333
39	97	0.034483
39	110	0.047619
39	111	0.045455
39	124	0.041667
39	139	0.034483
39	150	0.037037
39	159	0.052632
39	163	0.038462
39	168	0.058824
39	171	0.043478
39	179	0.055556
39	198	0.055556
39	211	0.052632
39	232	0.055556
39	236	0.062500
39	244	0.062500
39	253	0.071429
39	258	0.058824
39	266	0.050000
39	277	0.071429
39	278	0.058824
39	300	0.066667
39	306	0.066667
39	331	0.071429
39	334	0.071429
39	342	0.071429
39	349	0.071429
40	0	0.010000
40	6	0.017544
40	11	0.020408
40	12	0.018519
40	15	0.008130
40	16	0.009174
40	18	0.010101
40	19	0.012821
40	22	0.011236
40	24	0.010417
40	30	0.017241
40	33	0.016393
40	35	0.015873
40	38	0.016393
40	41	0.018519
40	45	0.032258
40	46	0.034483
40	49	0.022727
40	56	0.029412
40	57	0.016667
40	59	0.022222
40	69	0.032258
40	71	0.032258
40	76	0.040000
40	77	0.033333
40	79	0.037037
40	81	0.045455
40	86	0.026316
40	88	0.028571
40	94	0.033333
40	96	0.034483
40	97	0.034483
40	99	0.038462
40	104	0.030303
40	106	0.047619
40	114	0.041667
40	126	0.050000
40	134	0.050000
40	139	0.034483
40	148	0.031250
40	153	0.045455
40	158	0.055556
40	163	0.038462
40	184	0.050000
40	191	0.055556
40	195	0.062500
40	199	0.066667
40	202	0.045455
40	204	0.066667
40	205	0.058824
40	207	0.052632
40	209	0.045455
40	214	0.066667
40	217	0.052632
40	223	0.058824
40	232	0.055556
40	236	0.062500
40	241	0.055556
40	242	0.062500
40	252	0.062500
40	263	0.058824
40	264	0.066667
40	270	0.066667
40	280	0.058824
40	282	0.066667
40	284	0.062500
40	320	0.066667
40	338	0.071429
40	340	0.071429
40	348	0.071429
40	349	0.071429
41	6	0.017544
41	7	0.018868
41	9	0.017241
41	17	0.010638
41	18	0.010101
41	19	0.012821
41	21	0.010309
41	22	0.011236
41	25	0.014286
41	28	0.013889
41	30	0.017241
41	31	0.018868
41	36	0.017241
41	40	0.014085
41	43	0.014286
41	45	0.032258
41	52	0.027027
41	55	0.031250
41	61	0.025641
41	79	0.037037
41	91	0.035714
41	111	0.045455
41	115	0.038462
41	117	0.033333
41	127	0.038462
41	128	0.043478
41	130	0.038462
41	133	0.058824
41	140	0.045455
41	141	0.045455
41	143	0.040000
41	149	0.050000
41	154	0.035714
41	156	0.037037
41	158	0.055556
41	166	0.041667
41	181	0.066667
41	212	0.052632
41	218	0.058824
41	225	0.047619
41	233	0.055556
41	235	0.062500
41	252	0.062500
41	263	0.058824
41	265	0.062500
41	267	0.071429
41	272	0.066667
41	278	0.058824
41	282	0.066667
41	296	0.071429
41	301	0.066667
41	302	0.071429
41	323	0.066667
41	335	0.071429
42	0	0.010000
42	2	0.025641
42	3	0.020408
42	5	0.052632
42	7	0.018868
42	10	0.019608
42	16	0.009174
42	23	0.013333
42	26	0.016393
42	27	0.014286
42	29	0.017241
42	30	0.017241
42	35	0.015873
42	38	0.016393
42	44	0.020408
42	46	0.034483
42	51	0.028571
42	54	0.018519
42	56	0.029412
42	67	0.019231
42	68	0.037037
42	83	0.038462
42	88	0.028571
42	97	0.034483
42	100	0.041667
42	102	0.031250
42	103	0.035714
42	104	0.030303
42	105	0.037037
42	106	0.047619
42	121	0.031250
42	126	0.050000
42	132	0.035714
42	134	0.050000
42	136	0.045455
42	148	0.031250
42	151	0.058824
42	162	0.045455
42	164	0.052632
42	170	0.050000
42	195	0.062500
42	214	0.066667
42	217	0.052632
42	232	0.055556
42	241	0.055556
42	246	0.058824
42	266	0.050000
42	279	0.071429
42	291	0.062500
42	308	0.058824
42	312	0.066667
42	325	0.071429
42	327	0.071429
42	342	0.071429
42	343	0.071429
42	351	0.071429
43	0	0.010000
43	1	0.024390
43	2	0.025641
43	4	0.043478
43	9	0.017241
43	13	0.022222
43	17	0.010638
43	18	0.010101
43	19	0.012821
43	28	0.013889
43	29	0.017241
43	30	0.017241
43	35	0.015873
43	41	0.018519
43	44	0.020408
43	45	0.032258
43	48	0.021739
43	63	0.025641
43	66	0.029412
43	74	0.031250
43	76	0.040000
43	80	0.032258
43	81	0.045455
43	87	0.028571
43	90	0.022727
43	91	0.035714
43	96	0.034483
43	101	0.031250
43	107	0.041667
43	121	0.031250
43	129	0.047619
43	137	0.045455
43	138	0.035714
43	141	0.045455
43	145	0.045455
43	147	0.052632
43	152	0.047619
43	155	0.050000
43	169	0.050000
43	174	0.043478
43	177	0.043478
43	180	0.047619
43	182	0.055556
43	193	0.045455
43	196	0.041667
43	202	0.045455
43	213	0.062500
43	224	0.052632
43	232	0.055556
43	237	0.062500
43	239	0.058824
43	241	0.055556
43	243	0.045455
43	254	0.058824
43	256	0.066667
43	261	0.052632
43	267	0.071429
43	272	0.066667
43	286	0.066667
43	290	0.058824
43	291	0.062500
43	296	0.071429
43	300	0.066667
43	309	0.066667
43	325	0.071429
43	330	0.066667
43	331	0.071429
43	335	0.071429
43	345	0.071429
43	346	0.071429
44	2	0.025641
44	3	0.020408
44	5	0.052632
44	15	0.008130
44	18	0.010101
44	19	0.012821
44	21	0.010309
44	24	0.010417
44	25	0.014286
44	26	0.016393
44	27	0.014286
44	34	0.018182
44	42	0.017857
44	43	0.014286
44	50	0.023256
44	54	0.018519
44	56	0.029412
44	62	0.038462
44	65	0.025000
44	73	0.030303
44	78	0.027027
44	79	0.037037
44	83	0.038462
44	103	0.035714
44	108	0.055556
44	113	0.052632
44	114	0.041667
44	124	0.041667
44	126	0.050000
44	142	0.043478
44	152	0.047619
44	154	0.035714
44	159	0.052632
44	163	0.038462
44	180	0.047619
44	185	0.050000
44	198	0.055556
44	200	0.050000
44	210	0.050000
44	255	0.058824
44	262	0.066667
44	276	0.055556
44	281	0.066667
44	287	0.062500
44	292	0.066667
44	310	0.062500
44	340	0.071429
44	342	0.071429
44	350	0.071429
45	0	0.010000
45	2	0.025641
45	3	0.020408
45	6	0.017544
45	10	0.019608
45	14	0.028571
45	15	0.008130
45	21	0.010309
45	24	0.010417
45	30	0.017241
45	35	0.015873
45	40	0.014085
45	41	0.018519
45	43	0.014286
45	46	0.034483
45	53	0.024390
45	64	0.028571
45	65	0.025000
45	68	0.037037
45	81	0.045455
45	82	0.043478
45	104	0.030303
45	113	0.052632
45	153	0.045455
45	177	0.043478
45	241	0.055556
45	248	0.066667
45	271	0.066667
45	285	0.066667
45	320	0.066667
45	339	0.071429
46	0	0.010000
46	1	0.024390
46	12	0.018519
46	15	0.008130
46	17	0.010638
46	18	0.010101
46	21	0.010309
46	22	0.011236
46	27	0.014286
46	33	0.016393
46	34	0.018182
46	40	0.014085
46	42	0.017857
46	45	0.032258
46	62	0.038462
46	70	0.033333
46	112	0.033333
46	115	0.038462
46	130	0.038462
46	161	0.041667
46	169	0.050000
46	183	0.045455
46	189	0.043478
46	221	0.047619
46	251	0.062500
46	280	0.058824
46	310	0.062500
46	344	0.071429
46	346	0.071429
47	0	0.010000
47	1	0.024390
47	5	0.052632
47	15	0.008130
47	16	0.009174
47	21	0.010309
47	22	0.011236
47	24	0.010417
47	27	0.014286
47	29	0.017241
47	31	0.018868
47	33	0.016393
47	36	0.017241
47	39	0.020833
47	50	0.023256
47	51	0.028571
47	58	0.031250
47	86	0.026316
47	103	0.035714
47	104	0.030303
47	111	0.045455
47	112	0.033333
47	117	0.033333
47	118	0.035714
47	122	0.033333
47	128	0.043478
47	138	0.035714
47	139	0.034483
47	140	0.045455
47	153	0.045455
47	158	0.055556
47	162	0.045455
47	163	0.038462
47	165	0.066667
47	189	0.043478
47	196	0.041667
47	197	0.045455
47	211	0.052632
47	221	0.047619
47	229	0.052632
47	236	0.062500
47	286	0.066667
47	287	0.062500
47	290	0.058824
47	294	0.066667
47	310	0.062500
47	326	0.071429
48	11	0.020408
48	12	0.018519
48	14	0.028571
48	16	0.009174
48	17	0.010638
48	18	0.010101
48	20	0.009091
48	22	0.011236
48	23	0.013333
48	26	0.016393
48	29	0.017241
48	31	0.018868
48	39	0.020833
48	43	0.014286
48	51	0.028571
48	63	0.025641
48	67	0.019231
48	71	0.032258
48	77	0.033333
48	99	0.038462
48	104	0.030303
48	112	0.033333
48	113	0.052632
48	121	0.031250
48	144	0.041667
48	154	0.035714
48	168	0.058824
48	175	0.045455
48	176	0.050000
48	202	0.045455
48	204	0.066667
48	214	0.066667
48	239	0.058824
48	240	0.058824
48	241	0.055556
48	244	0.062500
48	245	0.058824
48	246	0.058824
48	251	0.062500
48	256	0.066667
48	260	0.062500
48	294	0.066667
48	298	0.062500
48	314	0.066667
48	328	0.062500
48	332	0.071429
49	6	0.017544
49	9	0.017241
49	12	0.018519
49	15	0.008130
49	16	0.009174
49	17	0.010638
49	19	0.012821
49	21	0.010309
49	22	0.011236
49	23	0.013333
49	28	0.013889
49	33	0.016393
49	38	0.016393
49	40	0.014085
49	64	0.028571
49	65	0.025000
49	69	0.032258
49	70	0.033333
49	72	0.023256
49	79	0.037037
49	81	0.045455
49	82	0.043478
49	87	0.028571
49	97	0.034483
49	106	0.047619
49	119	0.045455
49	126	0.050000
49	146	0.047619
49	149	0.050000
49	157	0.052632
49	161	0.041667
49	184	0.050000
49	186	0.047619
49	212	0.052632
49	237	0.062500
49	254	0.058824
49	257	0.066667
49	260	0.062500
49	267	0.071429
49	317	0.071429
49	324	0.066667
49	325	0.071429
49	327	0.071429
49	333	0.071429
50	0	0.010000
50	15	0.008130
50	16	0.009174
50	17	0.010638
50	20	0.009091
50	21	0.010309
50	25	0.014286
50	28	0.013889
50	31	0.018868
50	32	0.017241
50	33	0.016393
50	37	0.022727
50	44	0.020408
50	47	0.021277
50	55	0.031250
50	63	0.025641
50	66	0.029412
50	68	0.037037
50	80	0.032258
50	89	0.033333
50	92	0.029412
50	106	0.047619
50	118	0.035714
50	122	0.033333
50	123	0.031250
50	127	0.038462
50	131	0.034483
50	156	0.037037
50	167	0.038462
50	170	0.050000
50	173	0.050000
50	181	0.066667
50	190	0.066667
50	195	0.062500
50	202	0.045455
50	219	0.047619
50	225	0.047619
50	230	0.062500
50	250	0.062500
50	275	0.071429
50	297	0.055556
50	302	0.071429
50	346	0.071429
51	0	0.010000
51	2	0.025641
51	3	0.020408
51	7	0.018868
51	20	0.009091
51	27	0.014286
51	28	0.013889
51	29	0.017241
51	30	0.017241
51	37	0.022727
51	38	0.016393
51	42	0.017857
51	47	0.021277
51	48	0.021739
51	60	0.028571
51	63	0.025641
51	72	0.023256
51	109	0.032258
51	110	0.047619
51	130	0.038462
51	131	0.034483
51	140	0.045455
51	155	0.050000
51	168	0.058824
51	173	0.050000
51	185	0.050000
51	188	0.055556
51	203	0.050000
51	217	0.052632
51	233	0.055556
51	239	0.058824
51	259	0.062500
51	268	0.062500
51	304	0.066667
51	348	0.071429
52	2	0.025641
52	10	0.019608
52	14	0.028571
52	23	0.013333
52	24	0.010417
52	25	0.014286
52	26	0.016393
52	30	0.017241
52	31	0.018868
52	34	0.018182
52	35	0.015873
52	37	0.022727
52	38	0.016393
52	41	0.018519
52	58	0.031250
52	59	0.022222
52	60	0.028571
52	84	0.033333
52	94	0.033333
52	95	0.034483
52	101	0.031250
52	105	0.037037
52	108	0.055556
52	127	0.038462
52	131	0.034483
52	143	0.040000
52	163	0.038462
52	198	0.055556
52	220	0.043478
52	233	0.055556
52	237	0.062500
52	265	0.062500
52	299	0.058824
52	308	0.058824
52	317	0.071429
52	326	0.071429
52	345	0.071429
53	1	0.024390
53	3	0.020408
53	13	0.022222
53	16	0.009174
53	20	0.009091
53	21	0.010309
53	24	0.010417
53	25	0.014286
53	27	0.014286
53	28	0.013889
53	30	0.017241
53	34	0.018182
53	37	0.022727
53	45	0.032258
53	57	0.016667
53	62	0.038462
53	69	0.032258
53	90	0.022727
53	91	0.035714
53	95	0.034483
53	96	0.034483
53	99	0.038462
53	107	0.041667
53	110	0.047619
53	119	0.045455
53	129	0.047619
53	162	0.045455
53	178	0.055556
53	185	0.050000
53	189	0.043478
53	190	0.066667
53	208	0.058824
53	217	0.052632
53	243	0.045455
53	246	0.058824
53	255	0.058824
53	258	0.058824
53	306	0.066667
53	315	0.066667
53	328	0.062500
53	347	0.071429
54	2	0.025641
54	10	0.019608
54	11	0.020408
54	12	0.018519
54	14	0.028571
54	16	0.009174
54	19	0.012821
54	24	0.010417
54	25	0.014286
54	31	0.018868
54	32	0.017241
54	35	0.015873
54	42	0.017857
54	44	0.020408
54	57	0.016667
54	65	0.025000
54	66	0.029412
54	67	0.019231
54	69	0.032258
54	71	0.032258
54	72	0.023256
54	81	0.045455
54	89	0.033333
54	93	0.035714
54	98	0.052632
54	104	0.030303
54	113	0.052632
54	116	0.038462
54	121	0.031250
54	151	0.058824
54	154	0.035714
54	164	0.052632
54	171	0.043478
54	175	0.045455
54	177	0.043478
54	182	0.055556
54	188	0.055556
54	211	0.052632
54	224	0.052632
54	226	0.052632
54	228	0.045455
54	232	0.055556
54	238	0.055556
54	240	0.058824
54	249	0.055556
54	256	0.066667
54	257	0.066667
54	266	0.050000
54	279	0.071429
54	282	0.066667
54	296	0.071429
54	311	0.058824
54	335	0.071429
54	346	0.071429
55	4	0.043478
55	6	0.017544
55	13	0.022222
55	15	0.008130
55	17	0.010638
55	21	0.010309
55	22	0.011236
55	24	0.010417
55	28	0.013889
55	29	0.017241
55	35	0.015873
55	37	0.022727
55	41	0.018519
55	50	0.023256
55	57	0.016667
55	69	0.032258
55	87	0.028571
55	94	0.033333
55	96	0.034483
55	129	0.047619
55	131	0.034483
55	142	0.043478
55	151	0.058824
55	155	0.050000
55	158	0.055556
55	172	0.047619
55	177	0.043478
55	208	0.058824
55	240	0.058824
55	282	0.066667
55	284	0.062500
55	315	0.066667
56	0	0.010000
56	1	0.024390
56	16	0.009174
56	17	0.010638
56	20	0.009091
56	21	0.010309
56	22	0.011236
56	23	0.013333
56	26	0.016393
56	28	0.013889
56	39	0.020833
56	40	0.014085
56	42	0.017857
56	44	0.020408
56	59	0.022222
56	73	0.030303
56	75	0.038462
56	98	0.052632
56	123	0.031250
56	136	0.045455
56	137	0.045455
56	146	0.047619
56	167	0.038462
56	189	0.043478
56	197	0.045455
56	221	0.047619
56	227	0.062500
56	240	0.058824
56	241	0.055556
56	265	0.062500
56	295	0.071429
56	308	0.058824
56	345	0.071429
56	348	0.071429
57	0	0.010000
57	1	0.024390
57	7	0.018868
57	10	0.019608
57	12	0.018519
57	13	0.022222
57	19	0.012821
57	26	0.016393
57	33	0.016393
57	39	0.020833
57	40	0.014085
57	53	0.024390
57	54	0.018519
57	55	0.031250
57	59	0.022222
57	62	0.038462
57	64	0.028571
57	66	0.029412
57	69	0.032258
57	71	0.032258
57	75	0.038462
57	77	0.033333
57	79	0.037037
57	82	0.043478
57	83	0.038462
57	91	0.035714
57	98	0.052632
57	106	0.047619
57	107	0.041667
57	123	0.031250
57	128	0.043478
57	135	0.045455
57	141	0.045455
57	145	0.045455
57	155	0.050000
57	156	0.037037
57	160	0.047619
57	163	0.038462
57	170	0.050000
57	178	0.055556
57	184	0.050000
57	196	0.041667
57	197	0.045455
57	208	0.058824
57	209	0.045455
57	212	0.052632
57	230	0.062500
57	233	0.055556
57	238	0.055556
57	254	0.058824
57	267	0.071429
57	270	0.066667
57	277	0.071429
57	278	0.058824
57	296	0.071429
57	297	0.055556
57	298	0.062500
57	299	0.058824
57	300	0.066667
57	313	0.066667
58	0	0.010000
58	7	0.018868
58	18	0.010101
58	20	0.009091
58	23	0.013333
58	24	0.010417
58	28	0.013889
58	29	0.017241
58	32	0.017241
58	33	0.016393
58	35	0.015873
58	36	0.017241
58	47	0.021277
58	52	0.027027
58	62	0.038462
58	88	0.028571
58	90	0.022727
58	112	0.033333
58	125	0.038462
58	126	0.050000
58	135	0.045455
58	168	0.058824
58	174	0.043478
58	205	0.058824
58	215	0.047619
58	217	0.052632
58	261	0.052632
58	267	0.071429
58	293	0.071429
58	319	0.071429
58	332	0.071429
58	347	0.071429
59	3	0.020408
59	5	0.052632
59	7	0.018868
59	8	0.037037
59	12	0.018519
59	19	0.012821
59	21	0.010309
59	22	0.011236
59	29	0.017241
59	36	0.017241
59	40	0.014085
59	52	0.027027
59	56	0.029412
59	57	0.016667
59	60	0.028571
59	62	0.038462
59	69	0.032258
59	70	0.033333
59	84	0.033333
59	85	0.043478
59	88	0.028571
59	92	0.029412
59	94	0.033333
59	107	0.041667
59	144	0.041667
59	156	0.037037
59	164	0.052632
59	178	0.055556
59	186	0.047619
59	187	0.052632
59	188	0.055556
59	204	0.066667
59	212	0.052632
59	223	0.058824
59	233	0.055556
59	237	0.062500
59	238	0.055556
59	241	0.055556
59	249	0.055556
59	263	0.058824
59	280	0.058824
59	324	0.066667
59	336	0.071429
59	338	0.071429
59	345	0.071429
60	0	0.010000
60	3	0.020408
60	6	0.017544
60	13	0.022222
60	17	0.010638
60	18	0.010101
60	20	0.009091
60	22	0.011236
60	33	0.016393
60	36	0.017241
60	38	0.016393
60	51	0.028571
60	52	0.027027
60	59	0.022222
60	61	0.025641
60	63	0.025641
60	75	0.038462
60	83	0.038462
60	92	0.029412
60	96	0.034483
60	108	0.055556
60	118	0.035714
60	120	0.038462
60	133	0.058824
60	180	0.047619
60	187	0.052632
60	204	0.066667
60	226	0.052632
60	229	0.052632
60	242	0.062500
60	247	0.055556
60	255	0.058824
60	262	0.066667
60	283	0.071429
60	310	0.062500
61	0	0.010000
61	1	0.024390
61	6	0.017544
61	14	0.028571
61	15	0.008130
61	19	0.012821
61	20	0.009091
61	24	0.010417
61	27	0.014286
61	30	0.017241
61	31	0.018868
61	33	0.016393
61	41	0.018519
61	60	0.028571
61	64	0.028571
61	67	0.019231
61	70	0.033333
61	74	0.031250
61	75	0.038462
61	76	0.040000
61	78	0.027027
61	82	0.043478
61	87	0.028571
61	93	0.035714
61	94	0.033333
61	100	0.041667
61	142	0.043478
61	162	0.045455
61	170	0.050000
61	180	0.047619
61	192	0.062500
61	200	0.050000
61	219	0.047619
61	234	0.052632
61	256	0.066667
61	261	0.052632
61	308	0.058824
61	316	0.071429
61	330	0.066667
62	5	0.052632
62	15	0.008130
62	16	0.009174
62	17	0.010638
62	20	0.009091
62	22	0.011236
62	25	0.014286
62	35	0.015873
62	44	0.020408
62	46	0.034483
62	53	0.024390
62	57	0.016667
62	58	0.031250
62	59	0.022222
62	63	0.025641
62	73	0.030303
62	84	0.033333
62	87	0.028571
62	94	0.033333
62	99	0.038462
62	121	0.031250
62	134	0.050000
62	190	0.066667
62	270	0.066667
62	297	0.055556
62	301	0.066667
63	1	0.024390
63	9	0.017241
63	15	0.008130
63	18	0.010101
63	20	0.009091
63	28	0.013889
63	32	0.017241
63	35	0.015873
63	43	0.014286
63	48	0.021739
63	50	0.023256
63	51	0.028571
63	60	0.028571
63	62	0.038462
63	68	0.037037
63	75	0.038462
63	102	0.031250
63	117	0.033333
63	122	0.033333
63	147	0.052632
63	157	0.052632
63	160	0.047619
63	172	0.047619
63	174	0.043478
63	192	0.062500
63	195	0.062500
63	196	0.041667
63	204	0.066667
63	222	0.052632
63	242	0.062500
63	252	0.062500
63	258	0.058824
63	280	0.058824
63	286	0.066667
63	293	0.071429
63	311	0.058824
63	315	0.066667
63	329	0.071429
63	337	0.071429
64	1	0.024390
64	6	0.017544
64	12	0.018519
64	17	0.010638
64	20	0.009091
64	31	0.018868
64	32	0.017241
64	33	0.016393
64	34	0.018182
64	38	0.016393
64	45	0.032258
64	49	0.022727
64	57	0.016667
64	61	0.025641
64	65	0.025000
64	71	0.032258
64	86	0.026316
64	93	0.035714
64	94	0.033333
64	98	0.052632
64	113	0.052632
64	115	0.038462
64	125	0.038462
64	152	0.047619
64	154	0.035714
64	181	0.066667
64	195	0.062500
64	201	0.050000
64	210	0.050000
64	215	0.047619
64	221	0.047619
64	254	0.058824
64	262	0.066667
64	269	0.066667
64	343	0.071429
65	0	0.010000
65	12	0.018519
65	16	0.009174
65	17	0.010638
65	18	0.010101
65	20	0.009091
65	23	0.013333
65	27	0.014286
65	38	0.016393
65	44	0.020408
65	45	0.032258
65	49	0.022727
65	54	0.018519
65	64	0.028571
65	68	0.037037
65	76	0.040000
65	83	0.038462
65	88	0.028571
65	92	0.029412
65	100	0.041667
65	104	0.030303
65	105	0.037037
65	131	0.034483
65	165	0.066667
65	190	0.066667
65	203	0.050000
65	214	0.066667
65	248	0.066667
65	265	0.062500
65	269	0.066667
65	270	0.066667
65	277	0.071429
65	305	0.066667
65	315	0.066667
65	327	0.071429
65	335	0.071429
65	339	0.071429
65	341	0.071429
65	343	0.071429
65	351	0.071429
66	2	0.025641
66	6	0.017544
66	7	0.018868
66	8	0.037037
66	14	0.028571
66	15	0.008130
66	16	0.009174
66	18	0.010101
66	20	0.009091
66	31	0.018868
66	43	0.014286
66	50	0.023256
66	54	0.018519
66	57	0.016667
66	74	0.031250
66	75	0.038462
66	76	0.040000
66	80	0.032258
66	97	0.034483
66	116	0.038462
66	138	0.035714
66	156	0.037037
66	253	0.071429
66	255	0.058824
66	262	0.066667
66	264	0.066667
66	272	0.066667
66	273	0.066667
66	283	0.071429
66	311	0.058824
66	320	0.066667
66	321	0.071429
66	334	0.071429
66	342	0.071429
67	10	0.019608
67	13	0.022222
67	15	0.008130
67	16	0.009174
67	17	0.010638
67	21	0.010309
67	22	0.011236
67	23	0.013333
67	24	0.010417
67	27	0.014286
67	42	0.017857
67	48	0.021739
67	54	0.018519
67	61	0.025641
67	70	0.033333
67	80	0.032258
67	91	0.035714
67	92	0.029412
67	96	0.034483
67	109	0.032258
67	112	0.033333
67	116	0.038462
67	117	0.033333
67	127	0.038462
67	129	0.047619
67	132	0.035714
67	133	0.058824
67	135	0.045455
67	136	0.045455
67	146	0.047619
67	152	0.047619
67	160	0.047619
67	168	0.058824
67	169	0.050000
67	173	0.050000
67	178	0.055556
67	194	0.047619
67	198	0.055556
67	205	0.058824
67	214	0.066667
67	215	0.047619
67	216	0.058824
67	240	0.058824
67	267	0.071429
67	272	0.066667
67	275	0.071429
67	285	0.066667
67	286	0.066667
67	295	0.071429
67	301	0.066667
67	330	0.066667
67	339	0.071429
68	12	0.018519
68	15	0.008130
68	18	0.010101
68	20	0.009091
68	24	0.010417
68	27	0.014286
68	29	0.017241
68	32	0.017241
68	38	0.016393
68	42	0.017857
68	45	0.032258
68	50	0.023256
68	63	0.025641
68	65	0.025000
68	74	0.031250
68	76	0.040000
68	96	0.034483
68	147	0.052632
68	151	0.058824
68	168	0.058824
68	229	0.052632
68	234	0.052632
68	260	0.062500
68	312	0.066667
68	341	0.071429
68	342	0.071429
68	351	0.071429
69	11	0.020408
69	15	0.008130
69	17	0.010638
69	18	0.010101
69	20	0.009091
69	21	0.010309
69	22	0.011236
69	40	0.014085
69	49	0.022727
69	53	0.024390
69	54	0.018519
69	55	0.031250
69	57	0.016667
69	59	0.022222
69	71	0.032258
69	74	0.031250
69	107	0.041667
69	108	0.055556
69	111	0.045455
69	127	0.038462
69	141	0.045455
69	152	0.047619
69	161	0.041667
69	165	0.066667
69	175	0.045455
69	196	0.041667
69	212	0.052632
69	244	0.062500
69	300	0.066667
69	337	0.071429
69	340	0.071429
70	11	0.020408
70	15	0.008130
70	17	0.010638
70	21	0.010309
70	22	0.011236
70	28	0.013889
70	29	0.017241
70	31	0.018868
70	32	0.017241
70	46	0.034483
70	49	0.022727
70	59	0.022222
70	61	0.025641
70	67	0.019231
70	77	0.033333
70	84	0.033333
70	87	0.028571
70	91	0.035714
70	100	0.041667
70	114	0.041667
70	132	0.035714
70	139	0.034483
70	168	0.058824
70	193	0.045455
70	201	0.050000
70	227	0.062500
70	251	0.062500
70	289	0.066667
70	316	0.071429
70	333	0.071429
71	3	0.020408
71	15	0.008130
71	16	0.009174
71	26	0.016393
71	27	0.014286
71	28	0.013889
71	35	0.015873
71	36	0.017241
71	40	0.014085
71	48	0.021739
71	54	0.018519
71	57	0.016667
71	64	0.028571
71	69	0.032258
71	72	0.023256
71	76	0.040000
71	80	0.032258
71	83	0.038462
71	107	0.041667
71	118	0.035714
71	129	0.047619
71	142	0.043478
71	171	0.043478
71	187	0.052632
71	207	0.052632
71	232	0.055556
71	301	0.066667
71	304	0.066667
71	308	0.058824
71	327	0.071429
71	331	0.071429
72	0	0.010000
72	8	0.037037
72	9	0.017241
72	11	0.020408
72	15	0.008130
72	16	0.009174
72	23	0.013333
72	24	0.010417
72	35	0.015873
72	37	0.022727
72	49	0.022727
72	51	0.028571
72	54	0.018519
72	71	0.032258
72	87	0.028571
72	88	0.028571
72	89	0.033333
72	90	0.022727
72	105	0.037037
72	114	0.041667
72	115	0.038462
72	116	0.038462
72	128	0.043478
72	130	0.038462
72	135	0.045455
72	145	0.045455
72	156	0.037037
72	161	0.041667
72	166	0.041667
72	184	0.050000
72	187	0.052632
72	204	0.066667
72	216	0.058824
72	249	0.055556
72	255	0.058824
72	268	0.062500
72	271	0.066667
72	282	0.066667
72	302	0.071429
72	311	0.058824
72	324	0.066667
72	328	0.062500
72	342	0.071429
73	1	0.024390
73	5	0.052632
73	8	0.037037
73	13	0.022222
73	17	0.010638
73	27	0.014286
73	28	0.013889
73	32	0.017241
73	33	0.016393
73	34	0.018182
73	39	0.020833
73	44	0.020408
73	56	0.029412
73	62	0.038462
73	82	0.043478
73	83	0.038462
73	85	0.043478
73	90	0.022727
73	93	0.035714
73	107	0.041667
73	114	0.041667
73	125	0.038462
73	143	0.040000
73	147	0.052632
73	153	0.045455
73	162	0.045455
73	169	0.050000
73	170	0.050000
73	186	0.047619
73	240	0.058824
73	264	0.066667
73	314	0.066667
73	340	0.071429
74	1	0.024390
74	6	0.017544
74	12	0.018519
74	16	0.009174
74	20	0.009091
74	23	0.013333
74	36	0.017241
74	37	0.022727
74	39	0.020833
74	43	0.014286
74	61	0.025641
74	66	0.029412
74	68	0.037037
74	69	0.032258
74	83	0.038462
74	98	0.052632
74	103	0.035714
74	119	0.045455
74	132	0.035714
74	148	0.031250
74	169	0.050000
74	184	0.050000
74	187	0.052632
74	199	0.066667
74	213	0.062500
74	216	0.058824
74	242	0.062500
74	259	0.062500
74	264	0.066667
74	268	0.062500
74	275	0.071429
74	286	0.066667
75	2	0.025641
75	11	0.020408
75	14	0.028571
75	21	0.010309
75	23	0.013333
75	26	0.016393
75	35	0.015873
75	37	0.022727
75	56	0.029412
75	57	0.016667
75	60	0.028571
75	61	0.025641
75	63	0.025641
75	66	0.029412
75	104	0.030303
75	124	0.041667
75	129	0.047619
75	141	0.045455
75	148	0.031250
75	154	0.035714
75	160	0.047619
75	192	0.062500
75	200	0.050000
75	278	0.058824
75	285	0.066667
75	309	0.066667
76	1	0.024390
76	13	0.022222
76	15	0.008130
76	17	0.010638
76	18	0.010101
76	19	0.012821
76	38	0.016393
76	40	0.014085
76	43	0.014286
76	61	0.025641
76	65	0.025000
76	66	0.029412
76	68	0.037037
76	71	0.032258
76	80	0.032258
76	86	0.026316
76	89	0.033333
76	94	0.033333
76	102	0.031250
76	110	0.047619
76	199	0.066667
76	206	0.055556
76	222	0.052632
76	270	0.066667
76	348	0.071429
77	0	0.010000
77	2	0.025641
77	15	0.008130
77	18	0.010101
77	19	0.012821
77	20	0.009091
77	24	0.010417
77	26	0.016393
77	32	0.017241
77	33	0.016393
77	40	0.014085
77	48	0.021739
77	57	0.016667
77	70	0.033333
77	78	0.027027
77	86	0.026316
77	113	0.052632
77	136	0.045455
77	157	0.052632
77	177	0.043478
77	224	0.052632
77	236	0.062500
77	244	0.062500
77	260	0.062500
77	268	0.062500
77	279	0.071429
77	286	0.066667
77	313	0.066667
77	336	0.071429
77	339	0.071429
78	1	0.024390
78	3	0.020408
78	7	0.018868
78	13	0.022222
78	15	0.008130
78	20	0.009091
78	24	0.010417
78	29	0.017241
78	33	0.016393
78	34	0.018182
78	38	0.016393
78	44	0.020408
78	61	0.025641
78	77	0.033333
78	85	0.043478
78	89	0.033333
78	100	0.041667
78	116	0.038462
78	119	0.045455
78	133	0.058824
78	141	0.045455
78	150	0.037037
78	153	0.045455
78	186	0.047619
78	189	0.043478
78	195	0.062500
78	198	0.055556
78	206	0.055556
78	215	0.047619
78	231	0.055556
78	254	0.058824
78	263	0.058824
78	284	0.062500
78	299	0.058824
78	307	0.071429
78	330	0.066667
78	343	0.071429
79	0	0.010000
79	9	0.017241
79	19	0.012821
79	22	0.011236
79	27	0.014286
79	29	0.017241
79	30	0.017241
79	37	0.022727
79	38	0.016393
79	40	0.014085
79	41	0.018519
79	44	0.020408
79	49	0.022727
79	57	0.016667
79	81	0.045455
79	103	0.035714
79	105	0.037037
79	120	0.038462
79	132	0.035714
79	136	0.045455
79	140	0.045455
79	185	0.050000
79	211	0.052632
79	220	0.043478
79	258	0.058824
79	272	0.066667
79	328	0.062500
80	7	0.018868
80	9	0.017241
80	11	0.020408
80	19	0.012821
80	23	0.013333
80	25	0.014286
80	26	0.016393
80	35	0.015873
80	43	0.014286
80	50	0.023256
80	66	0.029412
80	67	0.019231
80	71	0.032258
80	76	0.040000
80	85	0.043478
80	103	0.035714
80	113	0.052632
80	117	0.033333
80	127	0.038462
80	135	0.045455
80	148	0.031250
80	157	0.052632
80	168	0.058824
80	195	0.062500
80	199	0.066667
80	207	0.052632
80	220	0.043478
80	224	0.052632
80	245	0.058824
80	284	0.062500
80	324	0.066667
81	5	0.052632
81	7	0.018868
81	15	0.008130
81	20	0.009091
81	21	0.010309
81	28	0.013889
81	29	0.017241
81	30	0.017241
81	40	0.014085
81	43	0.014286
81	45	0.032258
81	49	0.022727
81	54	0.018519
81	79	0.037037
81	111	0.045455
81	129	0.047619
81	139	0.034483
81	166	0.041667
81	169	0.050000
81	208	0.058824
81	338	0.071429
81	344	0.071429
82	3	0.020408
82	12	0.018519
82	15	0.008130
82	18	0.010101
82	22	0.011236
82	23	0.013333
82	24	0.010417
82	25	0.014286
82	29	0.017241
82	45	0.032258
82	49	0.022727
82	57	0.016667
82	61	0.025641
82	73	0.030303
82	86	0.026316
82	159	0.052632
82	186	0.047619
82	192	0.062500
82	197	0.045455
82	208	0.058824
82	246	0.058824
82	329	0.071429
82	350	0.071429
83	7	0.018868
83	11	0.020408
83	13	0.022222
83	16	0.009174
83	21	0.010309
83	30	0.017241
83	42	0.017857
83	44	0.020408
83	57	0.016667
83	60	0.028571
83	65	0.025000
83	71	0.032258
83	73	0.030303
83	74	0.031250
83	86	0.026316
83	96	0.034483
83	98	0.052632
83	120	0.038462
83	122	0.033333
83	148	0.031250
83	212	0.052632
83	264	0.066667
83	295	0.071429
83	316	0.071429
83	319	0.071429
83	325	0.071429
84	0	0.010000
84	7	0.018868
84	12	0.018519
84	15	0.008130
84	19	0.012821
84	21	0.010309
84	25	0.014286
84	26	0.016393
84	30	0.017241
84	39	0.020833
84	52	0.027027
84	59	0.022222
84	62	0.038462
84	70	0.033333
84	91	0.035714
84	99	0.038462
84	107	0.041667
84	110	0.047619
84	113	0.052632
84	118	0.035714
84	123	0.031250
84	144	0.041667
84	165	0.066667
84	185	0.050000
84	198	0.055556
84	210	0.050000
84	217	0.052632
84	249	0.055556
84	309	0.066667
84	329	0.071429
85	0	0.010000
85	10	0.019608
85	15	0.008130
85	16	0.009174
85	17	0.010638
85	18	0.010101
85	20	0.009091
85	24	0.010417
85	29	0.017241
85	35	0.015873
85	59	0.022222
85	73	0.030303
85	78	0.027027
85	80	0.032258
85	147	0.052632
85	149	0.050000
85	176	0.050000
85	210	0.050000
85	211	0.052632
85	269	0.066667
85	287	0.062500
85	300	0.066667
85	315	0.066667
86	0	0.010000
86	15	0.008130
86	17	0.010638
86	18	0.010101
86	21	0.010309
86	26	0.016393
86	31	0.018868
86	40	0.014085
86	47	0.021277
86	64	0.028571
86	76	0.040000
86	77	0.033333
86	82	0.043478
86	83	0.038462
86	91	0.035714
86	95	0.034483
86	97	0.034483
86	98	0.052632
86	99	0.038462
86	100	0.041667
86	101	0.031250
86	106	0.047619
86	132	0.035714
86	143	0.040000
86	145	0.045455
86	164	0.052632
86	201	0.050000
86	210	0.050000
86	237	0.062500
86	278	0.058824
86	282	0.066667
86	285	0.066667
86	289	0.066667
86	309	0.066667
86	312	0.066667
86	324	0.066667
86	338	0.071429
86	341	0.071429
87	17	0.010638
87	21	0.010309
87	25	0.014286
87	26	0.016393
87	27	0.014286
87	30	0.017241
87	32	0.017241
87	43	0.014286
87	49	0.022727
87	55	0.031250
87	61	0.025641
87	62	0.038462
87	70	0.033333
87	72	0.023256
87	92	0.029412
87	108	0.055556
87	113	0.052632
87	114	0.041667
87	155	0.050000
87	158	0.055556
87	159	0.052632
87	160	0.047619
87	179	0.055556
87	181	0.066667
87	189	0.043478
87	194	0.047619
87	220	0.043478
87	225	0.047619
87	228	0.045455
87	237	0.062500
87	239	0.058824
87	258	0.058824
87	299	0.058824
87	333	0.071429
87	344	0.071429
88	0	0.010000
88	8	0.037037
88	9	0.017241
88	13	0.022222
88	15	0.008130
88	16	0.009174
88	25	0.014286
88	34	0.018182
88	40	0.014085
88	42	0.017857
88	58	0.031250
88	59	0.022222
88	65	0.025000
88	72	0.023256
88	97	0.034483
88	99	0.038462
88	101	0.031250
88	120	0.038462
88	139	0.034483
88	142	0.043478
88	143	0.040000
88	145	0.045455
88	162	0.045455
88	183	0.045455
88	189	0.043478
88	191	0.055556
88	192	0.062500
88	230	0.062500
88	246	0.058824
88	271	0.066667
88	279	0.071429
88	281	0.066667
88	289	0.066667
88	303	0.058824
88	318	0.066667
89	2	0.025641
89	6	0.017544
89	7	0.018868
89	15	0.008130
89	18	0.010101
89	20	0.009091
89	24	0.010417
89	25	0.014286
89	31	0.018868
89	50	0.023256
89	54	0.018519
89	72	0.023256
89	76	0.040000
89	78	0.027027
89	112	0.033333
89	113	0.052632
89	126	0.050000
89	161	0.041667
89	180	0.047619
89	181	0.066667
89	187	0.052632
89	188	0.055556
89	193	0.045455
89	212	0.052632
89	220	0.043478
89	234	0.052632
89	281	0.066667
89	311	0.058824
89	318	0.066667
89	349	0.071429
90	6	0.017544
90	15	0.008130
90	16	0.009174
90	17	0.010638
90	21	0.010309
90	24	0.010417
90	29	0.017241
90	31	0.018868
90	33	0.016393
90	43	0.014286
90	53	0.024390
90	58	0.031250
90	72	0.023256
90	73	0.030303
90	104	0.030303
90	105	0.037037
90	108	0.055556
90	112	0.033333
90	116	0.038462
90	122	0.033333
90	127	0.038462
90	133	0.058824
90	142	0.043478
90	143	0.040000
90	158	0.055556
90	162	0.045455
90	166	0.041667
90	170	0.050000
90	185	0.050000
90	206	0.055556
90	219	0.047619
90	238	0.055556
90	250	0.062500
90	258	0.058824
90	259	0.062500
90	261	0.052632
90	274	0.062500
90	294	0.066667
90	298	0.062500
90	299	0.058824
90	301	0.066667
90	305	0.066667
90	334	0.071429
90	348	0.071429
91	2	0.025641
91	7	0.018868
91	15	0.008130
91	18	0.010101
91	34	0.018182
91	37	0.022727
91	41	0.018519
91	43	0.014286
91	53	0.024390
91	57	0.016667
91	67	0.019231
91	70	0.033333
91	84	0.033333
91	86	0.026316
91	94	0.033333
91	105	0.037037
91	109	0.032258
91	133	0.058824
91	141	0.045455
91	145	0.045455
91	161	0.041667
91	163	0.038462
91	191	0.055556
91	242	0.062500
91	272	0.066667
91	293	0.071429
91	297	0.055556
91	307	0.071429
92	11	0.020408
92	18	0.010101
92	22	0.011236
92	24	0.010417
92	29	0.017241
92	32	0.017241
92	34	0.018182
92	37	0.022727
92	50	0.023256
92	59	0.022222
92	60	0.028571
92	65	0.025000
92	67	0.019231
92	87	0.028571
92	121	0.031250
92	125	0.038462
92	156	0.037037
92	171	0.043478
92	181	0.066667
92	194	0.047619
92	195	0.062500
92	209	0.045455
92	213	0.062500
92	214	0.066667
92	219	0.047619
92	229	0.052632
92	235	0.062500
92	257	0.066667
92	262	0.066667
92	285	0.066667
92	289	0.066667
92	312	0.066667
92	324	0.066667
92	326	0.071429
93	2	0.025641
93	5	0.052632
93	15	0.008130
93	17	0.010638
93	18	0.010101
93	19	0.012821
93	20	0.009091
93	24	0.010417
93	31	0.018868
93	38	0.016393
93	54	0.018519
93	61	0.025641
93	64	0.028571
93	73	0.030303
93	110	0.047619
93	179	0.055556
93	190	0.066667
93	192	0.062500
93	214	0.066667
93	218	0.058824
93	238	0.055556
93	247	0.055556
93	283	0.071429
93	284	0.062500
93	300	0.066667
93	314	0.066667
93	327	0.071429
93	333	0.071429
94	1	0.024390
94	13	0.022222
94	16	0.009174
94	28	0.013889
94	34	0.018182
94	40	0.014085
94	52	0.027027
94	55	0.031250
94	59	0.022222
94	61	0.025641
94	62	0.038462
94	64	0.028571
94	76	0.040000
94	91	0.035714
94	101	0.031250
94	114	0.041667
94	131	0.034483
94	138	0.035714
94	171	0.043478
94	179	0.055556
94	180	0.047619
94	189	0.043478
94	202	0.045455
94	230	0.062500
94	233	0.055556
94	245	0.058824
94	268	0.062500
94	305	0.066667
94	330	0.066667
94	333	0.071429
95	0	0.010000
95	2	0.025641
95	10	0.019608
95	15	0.008130
95	18	0.010101
95	21	0.010309
95	22	0.011236
95	24	0.010417
95	25	0.014286
95	28	0.013889
95	34	0.018182
95	52	0.027027
95	53	0.024390
95	86	0.026316
95	118	0.035714
95	122	0.033333
95	133	0.058824
95	154	0.035714
95	165	0.066667
95	188	0.055556
95	203	0.050000
95	214	0.066667
95	261	0.052632
95	269	0.066667
95	274	0.062500
95	276	0.055556
95	326	0.071429
95	327	0.071429
95	350	0.071429
96	7	0.018868
96	10	0.019608
96	16	0.009174
96	23	0.013333
96	30	0.017241
96	31	0.018868
96	40	0.014085
96	43	0.014286
96	53	0.024390
96	55	0.031250
96	60	0.028571
96	67	0.019231
96	68	0.037037
96	83	0.038462
96	97	0.034483
96	102	0.031250
96	116	0.038462
96	127	0.038462
96	172	0.047619
96	177	0.043478
96	181	0.066667
96	196	0.041667
96	198	0.055556
96	206	0.055556
96	231	0.055556
96	274	0.062500
96	283	0.071429
96	303	0.058824
96	347	0.071429
97	8	0.037037
97	9	0.017241
97	10	0.019608
97	14	0.028571
97	32	0.017241
97	38	0.016393
97	39	0.020833
97	40	0.014085
97	42	0.017857
97	49	0.022727
97	66	0.029412
97	86	0.026316
97	88	0.028571
97	96	0.034483
97	106	0.047619
97	114	0.041667
97	122	0.033333
97	135	0.045455
97	137	0.045455
97	139	0.034483
97	144	0.041667
97	153	0.045455
97	155	0.050000
97	211	0.052632
97	214	0.066667
97	253	0.071429
97	265	0.062500
97	333	0.071429
97	343	0.071429
98	0	0.010000
98	9	0.017241
98	12	0.018519
98	15	0.008130
98	16	0.009174
98	22	0.011236
98	26	0.016393
98	54	0.018519
98	56	0.029412
98	57	0.016667
98	64	0.028571
98	74	0.031250
98	83	0.038462
98	86	0.026316
98	137	0.045455
98	197	0.045455
98	224	0.052632
98	298	0.062500
98	349	0.071429
99	3	0.020408
99	15	0.008130
99	16	0.009174
99	18	0.010101
99	21	0.010309
99	27	0.014286
99	35	0.015873
99	40	0.014085
99	48	0.021739
99	53	0.024390
99	62	0.038462
99	84	0.033333
99	86	0.026316
99	88	0.028571
99	111	0.045455
99	131	0.034483
99	144	0.041667
99	145	0.045455
99	165	0.066667
99	172	0.047619
99	211	0.052632
99	223	0.058824
99	229	0.052632
99	248	0.066667
99	286	0.066667
99	294	0.066667
100	6	0.017544
100	7	0.018868
100	9	0.017241
100	22	0.011236
100	23	0.013333
100	25	0.014286
100	27	0.014286
100	29	0.017241
100	42	0.017857
100	61	0.025641
100	65	0.025000
100	70	0.033333
100	78	0.027027
100	86	0.026316
100	101	0.031250
100	109	0.032258
100	129	0.047619
100	136	0.045455
100	175	0.045455
100	203	0.050000
100	253	0.071429
100	280	0.058824
100	299	0.058824
100	321	0.071429
101	0	0.010000
101	4	0.043478
101	16	0.009174
101	17	0.010638
101	18	0.010101
101	21	0.010309
101	26	0.016393
101	32	0.017241
101	43	0.014286
101	52	0.027027
101	86	0.026316
101	88	0.028571
101	94	0.033333
101	100	0.041667
101	108	0.055556
101	112	0.033333
101	130	0.038462
101	138	0.035714
101	153	0.045455
101	192	0.062500
101	200	0.050000
101	203	0.050000
101	210	0.050000
101	238	0.055556
101	253	0.071429
101	257	0.066667
101	269	0.066667
101	302	0.071429
101	310	0.062500
101	320	0.066667
101	344	0.071429
101	347	0.071429
102	0	0.010000
102	2	0.025641
102	6	0.017544
102	18	0.010101
102	20	0.009091
102	21	0.010309
102	27	0.014286
102	30	0.017241
102	32	0.017241
102	35	0.015873
102	42	0.017857
102	63	0.025641
102	76	0.040000
102	96	0.034483
102	109	0.032258
102	136	0.045455
102	147	0.052632
102	150	0.037037
102	222	0.052632
102	247	0.055556
102	251	0.062500
102	271	0.066667
102	282	0.066667
102	283	0.071429
102	287	0.062500
102	291	0.062500
102	293	0.071429
102	295	0.071429
102	306	0.066667
102	331	0.071429
102	338	0.071429
102	341	0.071429
103	0	0.010000
103	5	0.052632
103	9	0.017241
103	12	0.018519
103	20	0.009091
103	24	0.010417
103	31	0.018868
103	37	0.022727
103	42	0.017857
103	44	0.020408
103	47	0.021277
103	74	0.031250
103	79	0.037037
103	80	0.032258
103	106	0.047619
103	115	0.038462
103	116	0.038462
103	128	0.043478
103	134	0.050000
103	160	0.047619
103	164	0.052632
103	177	0.043478
103	224	0.052632
103	244	0.062500
103	285	0.066667
103	287	0.062500
103	288	0.062500
103	316	0.071429
104	0	0.010000
104	9	0.017241
104	28	0.013889
104	34	0.018182
104	37	0.022727
104	40	0.014085
104	42	0.017857
104	45	0.032258
104	47	0.021277
104	48	0.021739
104	54	0.018519
104	65	0.025000
104	75	0.038462
104	90	0.022727
104	118	0.035714
104	119	0.045455
104	130	0.038462
104	153	0.045455
104	166	0.041667
104	176	0.050000
104	200	0.050000
104	212	0.052632
104	227	0.062500
104	229	0.052632
104	257	0.066667
104	261	0.052632
104	265	0.062500
104	266	0.050000
104	270	0.066667
104	278	0.058824
104	295	0.071429
104	319	0.071429
104	324	0.066667
105	15	0.008130
105	19	0.012821
105	21	0.010309
105	28	0.013889
105	33	0.016393
105	34	0.018182
105	36	0.017241
105	42	0.017857
105	52	0.027027
105	65	0.025000
105	72	0.023256
105	79	0.037037
105	90	0.022727
105	91	0.035714
105	109	0.032258
105	130	0.038462
105	135	0.045455
105	189	0.043478
105	191	0.055556
105	199	0.066667
105	212	0.052632
105	221	0.047619
105	240	0.058824
105	256	0.066667
105	297	0.055556
105	324	0.066667
105	325	0.071429
106	9	0.017241
106	19	0.012821
106	20	0.009091
106	31	0.018868
106	32	0.017241
106	34	0.018182
106	40	0.014085
106	42	0.017857
106	49	0.022727
106	50	0.023256
106	57	0.016667
106	86	0.026316
106	97	0.034483
106	103	0.035714
106	123	0.031250
106	127	0.038462
106	177	0.043478
106	185	0.050000
106	195	0.062500
106	346	0.071429
106	349	0.071429
107	14	0.028571
107	18	0.010101
107	20	0.009091
107	26	0.016393
107	29	0.017241
107	32	0.017241
107	43	0.014286
107	53	0.024390
107	57	0.016667
107	59	0.022222
107	69	0.032258
107	71	0.032258
107	73	0.030303
107	84	0.033333
107	115	0.038462
107	122	0.033333
107	124	0.041667
107	149	0.050000
107	162	0.045455
107	164	0.052632
107	189	0.043478
107	254	0.058824
107	255	0.058824
107	289	0.066667
108	11	0.020408
108	16	0.009174
108	20	0.009091
108	27	0.014286
108	30	0.017241
108	33	0.016393
108	37	0.022727
108	44	0.020408
108	52	0.027027
108	60	0.028571
108	69	0.032258
108	87	0.028571
108	90	0.022727
108	101	0.031250
108	126	0.050000
108	132	0.035714
108	220	0.043478
108	332	0.071429
109	19	0.012821
109	20	0.009091
109	21	0.010309
109	23	0.013333
109	24	0.010417
109	28	0.013889
109	31	0.018868
109	32	0.017241
109	51	0.028571
109	67	0.019231
109	91	0.035714
109	100	0.041667
109	102	0.031250
109	105	0.037037
109	116	0.038462
109	138	0.035714
109	141	0.045455
109	143	0.040000
109	145	0.045455
109	157	0.052632
109	171	0.043478
109	174	0.043478
109	186	0.047619
109	188	0.055556
109	197	0.045455
109	211	0.052632
109	245	0.058824
109	307	0.071429
109	309	0.066667
109	314	0.066667
109	340	0.071429
110	6	0.017544
110	12	0.018519
110	13	0.022222
110	14	0.028571
110	16	0.009174
110	20	0.009091
110	21	0.010309
110	37	0.022727
110	39	0.020833
110	51	0.028571
110	53	0.024390
110	76	0.040000
110	84	0.033333
110	93	0.035714
110	151	0.058824
110	190	0.066667
110	222	0.052632
110	255	0.058824
110	274	0.062500
110	293	0.071429
110	333	0.071429
111	2	0.025641
111	12	0.018519
111	20	0.009091
111	21	0.010309
111	24	0.010417
111	29	0.017241
111	31	0.018868
111	34	0.018182
111	39	0.020833
111	41	0.018519
111	47	0.021277
111	69	0.032258
111	81	0.045455
111	99	0.038462
111	116	0.038462
111	117	0.033333
111	132	0.035714
111	165	0.066667
111	172	0.047619
111	199	0.066667
111	299	0.058824
111	306	0.066667
112	1	0.024390
112	9	0.017241
112	15	0.008130
112	19	0.012821
112	29	0.017241
112	35	0.015873
112	46	0.034483
112	47	0.021277
112	48	0.021739
112	58	0.031250
112	67	0.019231
112	89	0.033333
112	90	0.022727
112	101	0.031250
112	130	0.038462
112	132	0.035714
112	153	0.045455
112	164	0.052632
112	167	0.038462
112	174	0.043478
112	243	0.045455
112	259	0.062500
112	261	0.052632
112	274	0.062500
112	280	0.058824
112	285	0.066667
112	296	0.071429
112	310	0.062500
112	318	0.066667
112	330	0.066667
113	6	0.017544
113	18	0.010101
113	20	0.009091
113	32	0.017241
113	44	0.020408
113	45	0.032258
113	48	0.021739
113	54	0.018519
113	64	0.028571
113	77	0.033333
113	80	0.032258
113	84	0.033333
113	87	0.028571
113	89	0.033333
113	125	0.038462
113	175	0.045455
113	238	0.055556
113	268	0.062500
113	348	0.071429
114	4	0.043478
114	9	0.017241
114	17	0.010638
114	26	0.016393
114	28	0.013889
114	29	0.017241
114	40	0.014085
114	44	0.020408
114	70	0.033333
114	72	0.023256
114	73	0.030303
114	87	0.028571
114	94	0.033333
114	97	0.034483
114	131	0.034483
114	146	0.047619
114	152	0.047619
114	161	0.041667
114	163	0.038462
114	210	0.050000
114	242	0.062500
114	260	0.062500
114	269	0.066667
114	309	0.066667
115	0	0.010000
115	1	0.024390
115	9	0.017241
115	16	0.009174
115	25	0.014286
115	29	0.017241
115	31	0.018868
115	36	0.017241
115	41	0.018519
115	46	0.034483
115	64	0.028571
115	72	0.023256
115	103	0.035714
115	107	0.041667
115	119	0.045455
115	174	0.043478
115	176	0.050000
115	191	0.055556
115	237	0.062500
115	265	0.062500
115	270	0.066667
115	271	0.066667
115	281	0.066667
115	322	0.066667
115	340	0.071429
115	350	0.071429
116	6	0.017544
116	18	0.010101
116	21	0.010309
116	23	0.013333
116	54	0.018519
116	66	0.029412
116	67	0.019231
116	72	0.023256
116	78	0.027027
116	90	0.022727
116	96	0.034483
116	103	0.035714
116	109	0.032258
116	111	0.045455
116	128	0.043478
116	131	0.034483
116	137	0.045455
116	144	0.041667
116	152	0.047619
116	163	0.038462
116	193	0.045455
116	287	0.062500
116	290	0.058824
116	300	0.066667
116	319	0.071429
116	321	0.071429
117	7	0.018868
117	10	0.019608
117	12	0.018519
117	15	0.008130
117	22	0.011236
117	24	0.010417
117	29	0.017241
117	35	0.015873
117	41	0.018519
117	47	0.021277
117	63	0.025641
117	67	0.019231
117	80	0.032258
117	111	0.045455
117	128	0.043478
117	166	0.041667
117	169	0.050000
117	193	0.045455
117	196	0.041667
117	198	0.055556
117	201	0.050000
117	207	0.052632
117	213	0.062500
117	231	0.055556
117	232	0.055556
117	247	0.055556
117	250	0.062500
117	275	0.071429
117	301	0.066667
117	331	0.071429
118	1	0.024390
118	4	0.043478
118	13	0.022222
118	20	0.009091
118	24	0.010417
118	25	0.014286
118	28	0.013889
118	47	0.021277
118	50	0.023256
118	60	0.028571
118	71	0.032258
118	84	0.033333
118	95	0.034483
118	104	0.030303
118	175	0.045455
118	182	0.055556
118	233	0.055556
118	247	0.055556
118	251	0.062500
118	266	0.050000
118	271	0.066667
118	273	0.066667
118	287	0.062500
118	293	0.071429
118	298	0.062500
118	301	0.066667
118	321	0.071429
118	336	0.071429
119	0	0.010000
119	7	0.018868
119	16	0.009174
119	17	0.010638
119	18	0.010101
119	21	0.010309
119	23	0.013333
119	35	0.015873
119	49	0.022727
119	53	0.024390
119	74	0.031250
119	78	0.027027
119	104	0.030303
119	115	0.038462
119	152	0.047619
119	185	0.050000
119	235	0.062500
119	236	0.062500
119	237	0.062500
119	294	0.066667
119	296	0.071429
119	337	0.071429
120	4	0.043478
120	9	0.017241
120	11	0.020408
120	17	0.010638
120	18	0.010101
120	20	0.009091
120	26	0.016393
120	29	0.017241
120	35	0.015873
120	36	0.017241
120	60	0.028571
120	79	0.037037
120	83	0.038462
120	88	0.028571
120	134	0.050000
120	142	0.043478
120	152	0.047619
120	157	0.052632
120	187	0.052632
120	205	0.058824
120	238	0.055556
120	280	0.058824
120	284	0.062500
120	312	0.066667
120	322	0.066667
120	342	0.071429
121	7	0.018868
121	11	0.020408
121	15	0.008130
121	16	0.009174
121	20	0.009091
121	24	0.010417
121	27	0.014286
121	28	0.013889
121	42	0.017857
121	43	0.014286
121	48	0.021739
121	54	0.018519
121	62	0.038462
121	92	0.029412
121	124	0.041667
121	126	0.050000
121	128	0.043478
121	131	0.034483
121	141	0.045455
121	149	0.050000
121	152	0.047619
121	167	0.038462
121	190	0.066667
121	209	0.045455
121	221	0.047619
121	237	0.062500
121	239	0.058824
121	263	0.058824
121	279	0.071429
121	281	0.066667
121	295	0.071429
121	307	0.071429
122	15	0.008130
122	23	0.013333
122	24	0.010417
122	25	0.014286
122	32	0.017241
122	35	0.015873
122	47	0.021277
122	50	0.023256
122	63	0.025641
122	83	0.038462
122	90	0.022727
122	95	0.034483
122	97	0.034483
122	107	0.041667
122	123	0.031250
122	137	0.045455
122	147	0.052632
122	149	0.050000
122	159	0.052632
122	165	0.066667
122	176	0.050000
122	181	0.066667
122	186	0.047619
122	188	0.055556
122	192	0.062500
122	255	0.058824
122	274	0.062500
122	276	0.055556
122	277	0.071429
122	317	0.071429
123	4	0.043478
123	15	0.008130
123	16	0.009174
123	17	0.010638
123	20	0.009091
123	23	0.013333
123	33	0.016393
123	38	0.016393
123	50	0.023256
123	56	0.029412
123	57	0.016667
123	84	0.033333
123	106	0.047619
123	122	0.033333
123	126	0.050000
123	136	0.045455
123	144	0.041667
123	145	0.045455
123	167	0.038462
123	207	0.052632
123	216	0.058824
123	243	0.045455
123	252	0.062500
123	266	0.050000
123	275	0.071429
123	279	0.071429
123	297	0.055556
123	311	0.058824
123	335	0.071429
123	336	0.071429
123	338	0.071429
123	351	0.071429
124	7	0.018868
124	9	0.017241
124	18	0.010101
124	22	0.011236
124	26	0.016393
124	28	0.013889
124	33	0.016393
124	35	0.015873
124	36	0.017241
124	39	0.020833
124	44	0.020408
124	75	0.038462
124	107	0.041667
124	121	0.031250
124	137	0.045455
124	181	0.066667
124	191	0.055556
124	198	0.055556
124	225	0.047619
124	227	0.062500
124	236	0.062500
124	279	0.071429
124	302	0.071429
124	323	0.066667
125	9	0.017241
125	18	0.010101
125	19	0.012821
125	27	0.014286
125	28	0.013889
125	32	0.017241
125	33	0.016393
125	35	0.015873
125	38	0.016393
125	58	0.031250
125	64	0.028571
125	73	0.030303
125	92	0.029412
125	113	0.052632
125	145	0.045455
125	147	0.052632
125	207	0.052632
125	209	0.045455
125	228	0.045455
125	229	0.052632
125	234	0.052632
125	255	0.058824
125	280	0.058824
125	297	0.055556
125	317	0.071429
125	350	0.071429
126	3	0.020408
126	17	0.010638
126	18	0.010101
126	26	0.016393
126	31	0.018868
126	40	0.014085
126	42	0.017857
126	44	0.020408
126	49	0.022727
126	58	0.031250
126	89	0.033333
126	108	0.055556
126	121	0.031250
126	123	0.031250
126	173	0.050000
126	200	0.050000
126	260	0.062500
126	308	0.058824
126	310	0.062500
126	346	0.071429
127	2	0.025641
127	12	0.018519
127	15	0.008130
127	19	0.012821
127	29	0.017241
127	41	0.018519
127	50	0.023256
127	52	0.027027
127	67	0.019231
127	69	0.032258
127	80	0.032258
127	90	0.022727
127	96	0.034483
127	106	0.047619
127	134	0.050000
127	140	0.045455
127	151	0.058824
127	165	0.066667
127	201	0.050000
127	218	0.058824
127	222	0.052632
127	292	0.066667
127	296	0.071429
127	321	0.071429
127	343	0.071429
127	348	0.071429
128	1	0.024390
128	9	0.017241
128	13	0.022222
128	21	0.010309
128	33	0.016393
128	36	0.017241
128	41	0.018519
128	47	0.021277
128	57	0.016667
128	72	0.023256
128	103	0.035714
128	116	0.038462
128	117	0.033333
128	121	0.031250
128	136	0.045455
128	138	0.035714
128	165	0.066667
128	171	0.043478
128	176	0.050000
128	193	0.045455
128	248	0.066667
128	304	0.066667
128	305	0.066667
129	11	0.020408
129	15	0.008130
129	19	0.012821
129	20	0.009091
129	22	0.011236
129	27	0.014286
129	43	0.014286
129	53	0.024390
129	55	0.031250
129	67	0.019231
129	71	0.032258
129	75	0.038462
129	81	0.045455
129	100	0.041667
129	154	0.035714
129	215	0.047619
129	216	0.058824
129	220	0.043478
129	294	0.066667
129	297	0.055556
129	339	0.071429
130	1	0.024390
130	11	0.020408
130	17	0.010638
130	20	0.009091
130	22	0.011236
130	35	0.015873
130	41	0.018519
130	46	0.034483
130	51	0.028571
130	72	0.023256
130	101	0.031250
130	104	0.030303
130	105	0.037037
130	112	0.033333
130	133	0.058824
130	135	0.045455
130	152	0.047619
130	173	0.050000
130	197	0.045455
130	227	0.062500
130	233	0.055556
130	261	0.052632
130	272	0.066667
130	287	0.062500
130	322	0.066667
130	323	0.066667
131	6	0.017544
131	14	0.028571
131	19	0.012821
131	20	0.009091
131	50	0.023256
131	51	0.028571
131	52	0.027027
131	55	0.031250
131	65	0.025000
131	94	0.033333
131	99	0.038462
131	114	0.041667
131	116	0.038462
131	121	0.031250
131	153	0.045455
131	157	0.052632
131	178	0.055556
131	184	0.050000
131	192	0.062500
131	196	0.041667
131	197	0.045455
131	206	0.055556
131	210	0.050000
131	212	0.052632
131	220	0.043478
131	278	0.058824
131	329	0.071429
131	330	0.066667
131	343	0.071429
132	8	0.037037
132	13	0.022222
132	20	0.009091
132	22	0.011236
132	33	0.016393
132	42	0.017857
132	67	0.019231
132	70	0.033333
132	74	0.031250
132	79	0.037037
132	86	0.026316
132	108	0.055556
132	111	0.045455
132	112	0.033333
132	145	0.045455
132	147	0.052632
132	164	0.052632
132	177	0.043478
132	185	0.050000
132	215	0.047619
132	217	0.052632
132	223	0.058824
132	224	0.052632
132	231	0.055556
132	259	0.062500
132	282	0.066667
132	283	0.071429
132	346	0.071429
133	16	0.009174
133	18	0.010101
133	25	0.014286
133	27	0.014286
133	34	0.018182
133	38	0.016393
133	41	0.018519
133	60	0.028571
133	67	0.019231
133	78	0.027027
133	90	0.022727
133	91	0.035714
133	95	0.034483
133	130	0.038462
133	152	0.047619
133	166	0.041667
133	307	0.071429
134	12	0.018519
134	16	0.009174
134	17	0.010638
134	25	0.014286
134	26	0.016393
134	27	0.014286
134	30	0.017241
134	38	0.016393
134	40	0.014085
134	42	0.017857
134	62	0.038462
134	103	0.035714
134	120	0.038462
134	127	0.038462
134	168	0.058824
134	183	0.045455
134	185	0.050000
134	188	0.055556
134	224	0.052632
134	290	0.058824
135	6	0.017544
135	7	0.018868
135	11	0.020408
135	19	0.012821
135	24	0.010417
135	28	0.013889
135	57	0.016667
135	58	0.031250
135	67	0.019231
135	72	0.023256
135	80	0.032258
135	97	0.034483
135	105	0.037037
135	130	0.038462
135	157	0.052632
135	166	0.041667
135	171	0.043478
135	172	0.047619
135	173	0.050000
135	200	0.050000
135	222	0.052632
135	227	0.062500
136	7	0.018868
136	12	0.018519
136	17	0.010638
136	24	0.010417
136	36	0.017241
136	42	0.017857
136	56	0.029412
136	67	0.019231
136	77	0.033333
136	79	0.037037
136	100	0.041667
136	102	0.031250
136	123	0.031250
136	128	0.043478
136	139	0.034483
136	167	0.038462
136	172	0.047619
136	190	0.066667
136	195	0.062500
136	221	0.047619
136	274	0.062500
136	336	0.071429
137	2	0.025641
137	10	0.019608
137	15	0.008130
137	20	0.009091
137	21	0.010309
137	23	0.013333
137	33	0.016393
137	43	0.014286
137	56	0.029412
137	97	0.034483
137	98	0.052632
137	116	0.038462
137	122	0.033333
137	124	0.041667
137	154	0.035714
137	156	0.037037
137	221	0.047619
137	273	0.066667
137	281	0.066667
137	300	0.066667
137	324	0.066667
137	349	0.071429
138	5	0.052632
138	15	0.008130
138	17	0.010638
138	20	0.009091
138	21	0.010309
138	24	0.010417
138	32	0.017241
138	43	0.014286
138	47	0.021277
138	66	0.029412
138	94	0.033333
138	101	0.031250
138	109	0.032258
138	128	0.043478
138	158	0.055556
138	165	0.066667
138	182	0.055556
138	204	0.066667
138	205	0.058824
138	208	0.058824
138	218	0.058824
138	224	0.052632
138	243	0.045455
138	246	0.058824
138	251	0.062500
138	288	0.062500
138	318	0.066667
138	323	0.066667
139	12	0.018519
139	24	0.010417
139	26	0.016393
139	30	0.017241
139	35	0.015873
139	36	0.017241
139	39	0.020833
139	40	0.014085
139	47	0.021277
139	70	0.033333
139	81	0.045455
139	88	0.028571
139	97	0.034483
139	136	0.045455
139	149	0.050000
139	168	0.058824
139	179	0.055556
139	193	0.045455
139	199	0.066667
139	220	0.043478
139	226	0.052632
139	244	0.062500
139	250	0.062500
139	252	0.062500
139	287	0.062500
139	288	0.062500
139	294	0.066667
139	306	0.066667
139	348	0.071429
140	0	0.010000
140	6	0.017544
140	16	0.009174
140	17	0.010638
140	18	0.010101
140	20	0.009091
140	23	0.013333
140	24	0.010417
140	36	0.017241
140	41	0.018519
140	47	0.021277
140	51	0.028571
140	79	0.037037
140	127	0.038462
140	178	0.055556
140	204	0.066667
140	234	0.052632
140	241	0.055556
140	282	0.066667
140	284	0.062500
140	293	0.071429
140	305	0.066667
141	3	0.020408
141	4	0.043478
141	10	0.019608
141	20	0.009091
141	38	0.016393
141	41	0.018519
141	43	0.014286
141	57	0.016667
141	69	0.032258
141	75	0.038462
141	78	0.027027
141	91	0.035714
141	109	0.032258
141	121	0.031250
141	192	0.062500
141	193	0.045455
141	197	0.045455
141	243	0.045455
141	269	0.066667
141	299	0.058824
141	329	0.071429
141	332	0.071429
142	5	0.052632
142	11	0.020408
142	16	0.009174
142	21	0.010309
142	22	0.011236
142	25	0.014286
142	37	0.022727
142	44	0.020408
142	55	0.031250
142	61	0.025641
142	71	0.032258
142	88	0.028571
142	90	0.022727
142	120	0.038462
142	180	0.047619
142	215	0.047619
142	239	0.058824
142	259	0.062500
142	298	0.062500
142	302	0.071429
142	308	0.058824
142	318	0.066667
142	340	0.071429
143	3	0.020408
143	9	0.017241
143	10	0.019608
143	11	0.020408
143	23	0.013333
143	30	0.017241
143	36	0.017241
143	41	0.018519
143	52	0.027027
143	73	0.030303
143	86	0.026316
143	88	0.028571
143	90	0.022727
143	109	0.032258
143	153	0.045455
143	186	0.047619
143	189	0.043478
143	196	0.041667
143	211	0.052632
143	213	0.062500
143	239	0.058824
143	261	0.052632
143	269	0.066667
143	288	0.062500
143	299	0.058824
144	13	0.022222
144	18	0.010101
144	22	0.011236
144	23	0.013333
144	24	0.010417
144	30	0.017241
144	36	0.017241
144	48	0.021739
144	59	0.022222
144	84	0.033333
144	97	0.034483
144	99	0.038462
144	116	0.038462
144	123	0.031250
144	148	0.031250
144	150	0.037037
144	155	0.050000
144	163	0.038462
144	193	0.045455
144	210	0.050000
144	225	0.047619
144	248	0.066667
144	273	0.066667
144	305	0.066667
145	1	0.024390
145	21	0.010309
145	28	0.013889
145	43	0.014286
145	57	0.016667
145	72	0.023256
145	86	0.026316
145	88	0.028571
145	91	0.035714
145	99	0.038462
145	109	0.032258
145	123	0.031250
145	125	0.038462
145	132	0.035714
145	161	0.041667
145	176	0.050000
145	183	0.045455
145	194	0.047619
145	216	0.058824
145	243	0.045455
145	253	0.071429
145	291	0.062500
146	0	0.010000
146	6	0.017544
146	14	0.028571
146	16	0.009174
146	17	0.010638
146	21	0.010309
146	22	0.011236
146	27	0.014286
146	29	0.017241
146	36	0.017241
146	49	0.022727
146	56	0.029412
146	67	0.019231
146	114	0.041667
146	183	0.045455
146	202	0.045455
146	212	0.052632
146	241	0.055556
146	249	0.055556
146	258	0.058824
146	280	0.058824
147	14	0.028571
147	16	0.009174
147	31	0.018868
147	33	0.016393
147	35	0.015873
147	43	0.014286
147	63	0.025641
147	68	0.037037
147	73	0.030303
147	85	0.043478
147	102	0.031250
147	122	0.033333
147	125	0.038462
147	132	0.035714
147	175	0.045455
147	182	0.055556
147	219	0.047619
147	240	0.058824
147	341	0.071429
148	8	0.037037
148	9	0.017241
148	17	0.010638
148	27	0.014286
148	33	0.016393
148	35	0.015873
148	36	0.017241
148	40	0.014085
148	42	0.017857
148	74	0.031250
148	75	0.038462
148	80	0.032258
148	83	0.038462
148	144	0.041667
148	170	0.050000
148	172	0.047619
148	175	0.045455
148	178	0.055556
148	199	0.066667
148	213	0.062500
148	216	0.058824
148	217	0.052632
148	229	0.052632
148	231	0.055556
148	242	0.062500
148	245	0.058824
148	252	0.062500
148	255	0.058824
148	282	0.066667
148	327	0.071429
148	341	0.071429
148	346	0.071429
149	4	0.043478
149	18	0.010101
149	20	0.009091
149	23	0.013333
149	32	0.017241
149	34	0.018182
149	36	0.017241
149	41	0.018519
149	49	0.022727
149	85	0.043478
149	107	0.041667
149	121	0.031250
149	122	0.033333
149	139	0.034483
149	165	0.066667
149	191	0.055556
149	207	0.052632
149	320	0.066667
149	326	0.071429
149	341	0.071429
150	0	0.010000
150	3	0.020408
150	8	0.037037
150	10	0.019608
150	15	0.008130
150	16	0.009174
150	20	0.009091
150	34	0.018182
150	36	0.017241
150	38	0.016393
150	39	0.020833
150	78	0.027027
150	102	0.031250
150	144	0.041667
150	172	0.047619
150	197	0.045455
150	202	0.045455
150	209	0.045455
150	221	0.047619
150	222	0.052632
150	227	0.062500
150	230	0.062500
150	250	0.062500
150	259	0.062500
150	326	0.071429
150	334	0.071429
150	347	0.071429
151	0	0.010000
151	6	0.017544
151	12	0.018519
151	15	0.008130
151	20	0.009091
151	21	0.010309
151	25	0.014286
151	30	0.017241
151	42	0.017857
151	54	0.018519
151	55	0.031250
151	68	0.037037
151	110	0.047619
151	127	0.038462
151	273	0.066667
151	281	0.066667
151	347	0.071429
152	27	0.014286
152	31	0.018868
152	43	0.014286
152	44	0.020408
152	64	0.028571
152	67	0.019231
152	69	0.032258
152	114	0.041667
152	116	0.038462
152	119	0.045455
152	120	0.038462
152	121	0.031250
152	130	0.038462
152	133	0.058824
152	156	0.037037
152	205	0.058824
152	211	0.052632
152	242	0.062500
152	243	0.045455
152	279	0.071429
152	290	0.058824
153	2	0.025641
153	28	0.013889
153	37	0.022727
153	40	0.014085
153	45	0.032258
153	47	0.021277
153	73	0.030303
153	78	0.027027
153	97	0.034483
153	101	0.031250
153	104	0.030303
153	112	0.033333
153	131	0.034483
153	143	0.040000
153	167	0.038462
153	181	0.066667
153	184	0.050000
153	188	0.055556
153	231	0.055556
153	244	0.062500
153	319	0.071429
153	341	0.071429
154	10	0.019608
154	14	0.028571
154	25	0.014286
154	31	0.018868
154	32	0.017241
154	41	0.018519
154	44	0.020408
154	48	0.021739
154	54	0.018519
154	64	0.028571
154	75	0.038462
154	95	0.034483
154	129	0.047619
154	137	0.045455
154	155	0.050000
154	171	0.043478
154	214	0.066667
154	216	0.058824
154	234	0.052632
154	239	0.058824
154	242	0.062500
154	258	0.058824
154	263	0.058824
154	279	0.071429
154	296	0.071429
154	329	0.071429
154	350	0.071429
154	351	0.071429
155	1	0.024390
155	9	0.017241
155	12	0.018519
155	18	0.010101
155	19	0.012821
155	36	0.017241
155	43	0.014286
155	51	0.028571
155	55	0.031250
155	57	0.016667
155	87	0.028571
155	97	0.034483
155	144	0.041667
155	154	0.035714
155	159	0.052632
155	217	0.052632
155	232	0.055556
155	244	0.062500
155	324	0.066667
155	340	0.071429
156	13	0.022222
156	16	0.009174
156	23	0.013333
156	26	0.016393
156	35	0.015873
156	41	0.018519
156	50	0.023256
156	57	0.016667
156	59	0.022222
156	66	0.029412
156	72	0.023256
156	92	0.029412
156	137	0.045455
156	152	0.047619
156	159	0.052632
156	167	0.038462
156	218	0.058824
156	249	0.055556
156	267	0.071429
156	268	0.062500
156	271	0.066667
156	286	0.066667
156	293	0.071429
156	298	0.062500
156	307	0.071429
156	327	0.071429
156	335	0.071429
157	12	0.018519
157	22	0.011236
157	23	0.013333
157	27	0.014286
157	33	0.016393
157	35	0.015873
157	49	0.022727
157	63	0.025641
157	77	0.033333
157	80	0.032258
157	109	0.032258
157	120	0.038462
157	131	0.034483
157	135	0.045455
157	193	0.045455
157	239	0.058824
157	258	0.058824
157	272	0.066667
157	284	0.062500
158	16	0.009174
158	17	0.010638
158	19	0.012821
158	24	0.010417
158	27	0.014286
158	34	0.018182
158	35	0.015873
158	40	0.014085
158	41	0.018519
158	47	0.021277
158	55	0.031250
158	87	0.028571
158	90	0.022727
158	138	0.035714
158	173	0.050000
158	183	0.045455
158	194	0.047619
158	348	0.071429
159	16	0.009174
159	17	0.010638
159	19	0.012821
159	21	0.010309
159	24	0.010417
159	31	0.018868
159	37	0.022727
159	39	0.020833
159	44	0.020408
159	82	0.043478
159	87	0.028571
159	122	0.033333
159	155	0.050000
159	156	0.037037
159	236	0.062500
159	271	0.066667
159	280	0.058824
159	328	0.062500
159	351	0.071429
160	0	0.010000
160	18	0.010101
160	19	0.012821
160	20	0.009091
160	25	0.014286
160	28	0.013889
160	32	0.017241
160	38	0.016393
160	57	0.016667
160	63	0.025641
160	67	0.019231
160	75	0.038462
160	87	0.028571
160	103	0.035714
160	170	0.050000
160	249	0.055556
160	251	0.062500
160	273	0.066667
160	315	0.066667
160	330	0.066667
160	349	0.071429
161	16	0.009174
161	20	0.009091
161	22	0.011236
161	28	0.013889
161	30	0.017241
161	38	0.016393
161	46	0.034483
161	49	0.022727
161	69	0.032258
161	72	0.023256
161	89	0.033333
161	91	0.035714
161	114	0.041667
161	145	0.045455
161	166	0.041667
161	191	0.055556
161	213	0.062500
161	223	0.058824
161	231	0.055556
161	269	0.066667
161	279	0.071429
161	295	0.071429
161	306	0.066667
161	339	0.071429
162	15	0.008130
162	20	0.009091
162	22	0.011236
162	23	0.013333
162	26	0.016393
162	38	0.016393
162	42	0.017857
162	47	0.021277
162	53	0.024390
162	61	0.025641
162	73	0.030303
162	88	0.028571
162	90	0.022727
162	107	0.041667
162	191	0.055556
162	210	0.050000
162	220	0.043478
162	246	0.058824
162	264	0.066667
162	305	0.066667
162	323	0.066667
162	347	0.071429
163	0	0.010000
163	12	0.018519
163	21	0.010309
163	28	0.013889
163	39	0.020833
163	40	0.014085
163	44	0.020408
163	47	0.021277
163	52	0.027027
163	57	0.016667
163	91	0.035714
163	114	0.041667
163	116	0.038462
163	144	0.041667
163	187	0.052632
163	191	0.055556
163	195	0.062500
163	225	0.047619
163	226	0.052632
163	275	0.071429
163	282	0.066667
163	294	0.066667
163	296	0.071429
163	312	0.066667
163	316	0.071429
163	334	0.071429
164	0	0.010000
164	14	0.028571
164	21	0.010309
164	22	0.011236
164	23	0.013333
164	24	0.010417
164	42	0.017857
164	54	0.018519
164	59	0.022222
164	86	0.026316
164	103	0.035714
164	107	0.041667
164	112	0.033333
164	132	0.035714
164	167	0.038462
164	234	0.052632
164	244	0.062500
164	331	0.071429
164	339	0.071429
165	17	0.010638
165	21	0.010309
165	47	0.021277
165	65	0.025000
165	69	0.032258
165	84	0.033333
165	95	0.034483
165	99	0.038462
165	111	0.045455
165	122	0.033333
165	127	0.038462
165	128	0.043478
165	138	0.035714
165	149	0.050000
165	239	0.058824
166	9	0.017241
166	13	0.022222
166	17	0.010638
166	32	0.017241
166	38	0.016393
166	41	0.018519
166	72	0.023256
166	81	0.045455
166	90	0.022727
166	104	0.030303
166	117	0.033333
166	133	0.058824
166	135	0.045455
166	161	0.041667
166	169	0.050000
166	170	0.050000
166	182	0.055556
166	207	0.052632
166	228	0.045455
166	250	0.062500
166	257	0.066667
166	277	0.071429
166	315	0.066667
166	350	0.071429
167	15	0.008130
167	21	0.010309
167	27	0.014286
167	33	0.016393
167	34	0.018182
167	50	0.023256
167	56	0.029412
167	112	0.033333
167	121	0.031250
167	123	0.031250
167	136	0.045455
167	153	0.045455
167	156	0.037037
167	164	0.052632
167	169	0.050000
167	176	0.050000
167	185	0.050000
167	203	0.050000
167	206	0.055556
167	226	0.052632
167	236	0.062500
167	253	0.071429
167	276	0.055556
167	298	0.062500
167	333	0.071429
167	342	0.071429
168	9	0.017241
168	22	0.011236
168	23	0.013333
168	24	0.010417
168	39	0.020833
168	48	0.021739
168	51	0.028571
168	58	0.031250
168	67	0.019231
168	68	0.037037
168	70	0.033333
168	80	0.032258
168	134	0.050000
168	139	0.034483
168	231	0.055556
168	254	0.058824
168	330	0.066667
169	0	0.010000
169	22	0.011236
169	30	0.017241
169	35	0.015873
169	37	0.022727
169	43	0.014286
169	46	0.034483
169	67	0.019231
169	73	0.030303
169	74	0.031250
169	81	0.045455
169	117	0.033333
169	166	0.041667
169	167	0.038462
169	174	0.043478
169	205	0.058824
169	225	0.047619
169	243	0.045455
169	246	0.058824
169	305	0.066667
170	0	0.010000
170	19	0.012821
170	22	0.011236
170	27	0.014286
170	38	0.016393
170	42	0.017857
170	50	0.023256
170	57	0.016667
170	61	0.025641
170	73	0.030303
170	90	0.022727
170	148	0.031250
170	160	0.047619
170	166	0.041667
170	193	0.045455
170	194	0.047619
170	234	0.052632
170	263	0.058824
170	309	0.066667
170	317	0.071429
171	1	0.024390
171	9	0.017241
171	16	0.009174
171	21	0.010309
171	35	0.015873
171	39	0.020833
171	54	0.018519
171	71	0.032258
171	92	0.029412
171	94	0.033333
171	109	0.032258
171	128	0.043478
171	135	0.045455
171	154	0.035714
171	192	0.062500
171	209	0.045455
171	231	0.055556
171	238	0.055556
171	262	0.066667
171	264	0.066667
171	287	0.062500
171	317	0.071429
171	318	0.066667
172	8	0.037037
172	17	0.010638
172	19	0.012821
172	21	0.010309
172	26	0.016393
172	55	0.031250
172	63	0.025641
172	96	0.034483
172	99	0.038462
172	111	0.045455
172	135	0.045455
172	136	0.045455
172	148	0.031250
172	150	0.037037
172	180	0.047619
172	181	0.066667
172	184	0.050000
172	191	0.055556
172	235	0.062500
172	315	0.066667
172	319	0.071429
173	1	0.024390
173	2	0.025641
173	16	0.009174
173	18	0.010101
173	25	0.014286
173	26	0.016393
173	35	0.015873
173	50	0.023256
173	51	0.028571
173	67	0.019231
173	126	0.050000
173	130	0.038462
173	135	0.045455
173	158	0.055556
173	227	0.062500
173	229	0.052632
173	256	0.066667
173	287	0.062500
173	292	0.066667
173	314	0.066667
174	14	0.028571
174	15	0.008130
174	17	0.010638
174	18	0.010101
174	24	0.010417
174	35	0.015873
174	38	0.016393
174	43	0.014286
174	58	0.031250
174	63	0.025641
174	109	0.032258
174	112	0.033333
174	115	0.038462
174	169	0.050000
174	191	0.055556
174	193	0.045455
174	195	0.062500
174	202	0.045455
174	213	0.062500
174	240	0.058824
174	295	0.071429
174	321	0.071429
174	347	0.071429
175	4	0.043478
175	14	0.028571
175	18	0.010101
175	28	0.013889
175	37	0.022727
175	38	0.016393
175	48	0.021739
175	54	0.018519
175	69	0.032258
175	100	0.041667
175	113	0.052632
175	118	0.035714
175	147	0.052632
175	148	0.031250
175	179	0.055556
175	248	0.066667
175	251	0.062500
175	274	0.062500
175	277	0.071429
175	324	0.066667
175	336	0.071429
175	345	0.071429
176	10	0.019608
176	16	0.009174
176	18	0.010101
176	20	0.009091
176	23	0.013333
176	33	0.016393
176	48	0.021739
176	85	0.043478
176	104	0.030303
176	115	0.038462
176	122	0.033333
176	128	0.043478
176	145	0.045455
176	167	0.038462
176	181	0.066667
176	216	0.058824
176	220	0.043478
176	228	0.045455
176	260	0.062500
176	328	0.062500
177	19	0.012821
177	20	0.009091
177	21	0.010309
177	30	0.017241
177	36	0.017241
177	43	0.014286
177	45	0.032258
177	54	0.018519
177	55	0.031250
177	77	0.033333
177	96	0.034483
177	103	0.035714
177	106	0.047619
177	132	0.035714
177	190	0.066667
177	223	0.058824
177	235	0.062500
177	245	0.058824
177	291	0.062500
177	301	0.066667
177	307	0.071429
177	310	0.062500
177	327	0.071429
178	0	0.010000
178	7	0.018868
178	8	0.037037
178	17	0.010638
178	21	0.010309
178	35	0.015873
178	36	0.017241
178	53	0.024390
178	57	0.016667
178	59	0.022222
178	67	0.019231
178	131	0.034483
178	140	0.045455
178	148	0.031250
178	191	0.055556
178	223	0.058824
178	290	0.058824
178	334	0.071429
179	2	0.025641
179	3	0.020408
179	16	0.009174
179	18	0.010101
179	22	0.011236
179	23	0.013333
179	32	0.017241
179	36	0.017241
179	39	0.020833
179	87	0.028571
179	93	0.035714
179	94	0.033333
179	139	0.034483
179	175	0.045455
179	222	0.052632
179	271	0.066667
179	273	0.066667
179	317	0.071429
180	11	0.020408
180	17	0.010638
180	18	0.010101
180	26	0.016393
180	34	0.018182
180	36	0.017241
180	43	0.014286
180	44	0.020408
180	60	0.028571
180	61	0.025641
180	89	0.033333
180	94	0.033333
180	142	0.043478
180	172	0.047619
180	187	0.052632
180	215	0.047619
180	261	0.052632
180	274	0.062500
180	290	0.058824
180	325	0.071429
180	344	0.071429
181	13	0.022222
181	31	0.018868
181	41	0.018519
181	50	0.023256
181	64	0.028571
181	87	0.028571
181	89	0.033333
181	92	0.029412
181	96	0.034483
181	122	0.033333
181	124	0.041667
181	153	0.045455
181	172	0.047619
181	176	0.050000
181	277	0.071429
182	3	0.020408
182	6	0.017544
182	15	0.008130
182	16	0.009174
182	17	0.010638
182	20	0.009091
182	30	0.017241
182	36	0.017241
182	43	0.014286
182	54	0.018519
182	118	0.035714
182	138	0.035714
182	147	0.052632
182	166	0.041667
182	224	0.052632
182	245	0.058824
182	259	0.062500
182	311	0.058824
183	7	0.018868
183	10	0.019608
183	15	0.008130
183	17	0.010638
183	20	0.009091
183	23	0.013333
183	25	0.014286
183	38	0.016393
183	46	0.034483
183	88	0.028571
183	134	0.050000
183	145	0.045455
183	146	0.047619
183	158	0.055556
183	190	0.066667
183	200	0.050000
183	204	0.066667
183	235	0.062500
183	246	0.058824
183	249	0.055556
183	301	0.066667
183	322	0.066667
184	3	0.020408
184	10	0.019608
184	18	0.010101
184	26	0.016393
184	29	0.017241
184	38	0.016393
184	40	0.014085
184	49	0.022727
184	57	0.016667
184	72	0.023256
184	74	0.031250
184	131	0.034483
184	153	0.045455
184	172	0.047619
184	198	0.055556
184	202	0.045455
184	222	0.052632
184	237	0.062500
184	249	0.055556
184	298	0.062500
185	20	0.009091
185	24	0.010417
185	30	0.017241
185	44	0.020408
185	51	0.028571
185	53	0.024390
185	79	0.037037
185	84	0.033333
185	90	0.022727
185	106	0.047619
185	119	0.045455
185	132	0.035714
185	134	0.050000
185	167	0.038462
185	198	0.055556
185	206	0.055556
185	230	0.062500
185	254	0.058824
185	294	0.066667
185	326	0.071429
186	9	0.017241
186	12	0.018519
186	16	0.009174
186	22	0.011236
186	23	0.013333
186	24	0.010417
186	49	0.022727
186	59	0.022222
186	73	0.030303
186	78	0.027027
186	82	0.043478
186	109	0.032258
186	122	0.033333
186	143	0.040000
186	216	0.058824
186	241	0.055556
186	306	0.066667
186	320	0.066667
186	326	0.071429
186	350	0.071429
186	351	0.071429
187	15	0.008130
187	17	0.010638
187	20	0.009091
187	28	0.013889
187	32	0.017241
187	59	0.022222
187	60	0.028571
187	71	0.032258
187	72	0.023256
187	74	0.031250
187	89	0.033333
187	120	0.038462
187	163	0.038462
187	180	0.047619
187	261	0.052632
187	284	0.062500
187	288	0.062500
187	296	0.071429
187	304	0.066667
188	7	0.018868
188	15	0.008130
188	19	0.012821
188	24	0.010417
188	29	0.017241
188	51	0.028571
188	54	0.018519
188	59	0.022222
188	89	0.033333
188	95	0.034483
188	109	0.032258
188	122	0.033333
188	134	0.050000
188	153	0.045455
188	201	0.050000
188	269	0.066667
188	344	0.071429
188	349	0.071429
189	17	0.010638
189	23	0.013333
189	31	0.018868
189	46	0.034483
189	47	0.021277
189	53	0.024390
189	56	0.029412
189	78	0.027027
189	87	0.028571
189	88	0.028571
189	94	0.033333
189	105	0.037037
189	107	0.041667
189	143	0.040000
189	199	0.066667
189	206	0.055556
189	208	0.058824
189	210	0.050000
189	228	0.045455
189	296	0.071429
189	302	0.071429
189	321	0.071429
189	325	0.071429
190	17	0.010638
190	22	0.011236
190	24	0.010417
190	35	0.015873
190	50	0.023256
190	53	0.024390
190	62	0.038462
190	65	0.025000
190	93	0.035714
190	110	0.047619
190	121	0.031250
190	136	0.045455
190	177	0.043478
190	183	0.045455
190	238	0.055556
191	16	0.009174
191	40	0.014085
191	88	0.028571
191	91	0.035714
191	105	0.037037
191	115	0.038462
191	124	0.041667
191	149	0.050000
191	161	0.041667
191	162	0.045455
191	163	0.038462
191	172	0.047619
191	174	0.043478
191	178	0.055556
191	201	0.050000
191	303	0.058824
191	317	0.071429
191	331	0.071429
192	10	0.019608
192	25	0.014286
192	28	0.013889
192	61	0.025641
192	63	0.025641
192	75	0.038462
192	82	0.043478
192	88	0.028571
192	93	0.035714
192	101	0.031250
192	122	0.033333
192	131	0.034483
192	141	0.045455
192	171	0.043478
192	215	0.047619
192	238	0.055556
193	9	0.017241
193	24	0.010417
193	43	0.014286
193	70	0.033333
193	89	0.033333
193	116	0.038462
193	117	0.033333
193	128	0.043478
193	139	0.034483
193	141	0.045455
193	144	0.041667
193	157	0.052632
193	170	0.050000
193	174	0.043478
193	194	0.047619
193	235	0.062500
193	273	0.066667
193	316	0.071429
193	317	0.071429
193	319	0.071429
193	332	0.071429
193	345	0.071429
194	0	0.010000
194	2	0.025641
194	13	0.022222
194	18	0.010101
194	22	0.011236
194	32	0.017241
194	33	0.016393
194	67	0.019231
194	87	0.028571
194	92	0.029412
194	145	0.045455
194	158	0.055556
194	170	0.050000
194	193	0.045455
194	206	0.055556
194	218	0.058824
194	229	0.052632
194	280	0.058824
194	287	0.062500
194	292	0.066667
194	298	0.062500
195	27	0.014286
195	37	0.022727
195	40	0.014085
195	42	0.017857
195	50	0.023256
195	63	0.025641
195	64	0.028571
195	78	0.027027
195	80	0.032258
195	92	0.029412
195	106	0.047619
195	136	0.045455
195	163	0.038462
195	174	0.043478
195	221	0.047619
195	278	0.058824
196	3	0.020408
196	9	0.017241
196	15	0.008130
196	23	0.013333
196	30	0.017241
196	43	0.014286
196	47	0.021277
196	57	0.016667
196	63	0.025641
196	69	0.032258
196	96	0.034483
196	117	0.033333
196	131	0.034483
196	143	0.040000
196	208	0.058824
196	229	0.052632
196	240	0.058824
196	307	0.071429
196	311	0.058824
196	312	0.066667
196	321	0.071429
196	332	0.071429
196	336	0.071429
196	341	0.071429
197	7	0.018868
197	10	0.019608
197	22	0.011236
197	36	0.017241
197	47	0.021277
197	56	0.029412
197	57	0.016667
197	82	0.043478
197	98	0.052632
197	109	0.032258
197	130	0.038462
197	131	0.034483
197	141	0.045455
197	150	0.037037
197	198	0.055556
197	225	0.047619
197	230	0.062500
197	244	0.062500
197	271	0.066667
197	283	0.071429
197	284	0.062500
197	294	0.066667
198	30	0.017241
198	38	0.016393
198	39	0.020833
198	44	0.020408
198	52	0.027027
198	67	0.019231
198	78	0.027027
198	84	0.033333
198	96	0.034483
198	117	0.033333
198	124	0.041667
198	184	0.050000
198	185	0.050000
198	197	0.045455
198	251	0.062500
198	307	0.071429
198	324	0.066667
198	338	0.071429
199	22	0.011236
199	30	0.017241
199	31	0.018868
199	32	0.017241
199	35	0.015873
199	40	0.014085
199	74	0.031250
199	76	0.040000
199	80	0.032258
199	105	0.037037
199	111	0.045455
199	139	0.034483
199	148	0.031250
199	189	0.043478
199	334	0.071429
200	19	0.012821
200	20	0.009091
200	24	0.010417
200	30	0.017241
200	36	0.017241
200	37	0.022727
200	44	0.020408
200	61	0.025641
200	75	0.038462
200	101	0.031250
200	104	0.030303
200	126	0.050000
200	135	0.045455
200	183	0.045455
200	244	0.062500
200	273	0.066667
200	288	0.062500
200	291	0.062500
200	303	0.058824
200	304	0.066667
201	15	0.008130
201	18	0.010101
201	20	0.009091
201	24	0.010417
201	28	0.013889
201	34	0.018182
201	36	0.017241
201	64	0.028571
201	70	0.033333
201	86	0.026316
201	117	0.033333
201	127	0.038462
201	188	0.055556
201	191	0.055556
201	217	0.052632
201	235	0.062500
201	237	0.062500
201	243	0.045455
201	265	0.062500
201	337	0.071429
202	0	0.010000
202	6	0.017544
202	7	0.018868
202	10	0.019608
202	36	0.017241
202	40	0.014085
202	43	0.014286
202	48	0.021739
202	50	0.023256
202	94	0.033333
202	146	0.047619
202	150	0.037037
202	174	0.043478
202	184	0.050000
202	266	0.050000
202	290	0.058824
202	304	0.066667
202	306	0.066667
202	318	0.066667
202	331	0.071429
202	335	0.071429
202	336	0.071429
203	12	0.018519
203	13	0.022222
203	16	0.009174
203	22	0.011236
203	24	0.010417
203	28	0.013889
203	33	0.016393
203	37	0.022727
203	51	0.028571
203	65	0.025000
203	95	0.034483
203	100	0.041667
203	101	0.031250
203	167	0.038462
203	220	0.043478
203	250	0.062500
203	254	0.058824
203	291	0.062500
203	343	0.071429
203	346	0.071429
204	2	0.025641
204	6	0.017544
204	11	0.020408
204	16	0.009174
204	21	0.010309
204	40	0.014085
204	48	0.021739
204	59	0.022222
204	60	0.028571
204	63	0.025641
204	72	0.023256
204	138	0.035714
204	140	0.045455
204	183	0.045455
204	302	0.071429
205	2	0.025641
205	6	0.017544
205	16	0.009174
205	17	0.010638
205	19	0.012821
205	21	0.010309
205	34	0.018182
205	40	0.014085
205	58	0.031250
205	67	0.019231
205	120	0.038462
205	138	0.035714
205	152	0.047619
205	169	0.050000
205	260	0.062500
205	277	0.071429
205	292	0.066667
206	15	0.008130
206	18	0.010101
206	19	0.012821
206	27	0.014286
206	33	0.016393
206	76	0.040000
206	78	0.027027
206	90	0.022727
206	96	0.034483
206	131	0.034483
206	167	0.038462
206	185	0.050000
206	189	0.043478
206	194	0.047619
206	232	0.055556
206	307	0.071429
206	336	0.071429
206	337	0.071429
207	0	0.010000
207	1	0.024390
207	2	0.025641
207	4	0.043478
207	12	0.018519
207	25	0.014286
207	40	0.014085
207	71	0.032258
207	80	0.032258
207	117	0.033333
207	123	0.031250
207	125	0.038462
207	149	0.050000
207	166	0.041667
207	254	0.058824
207	278	0.058824
207	332	0.071429
207	341	0.071429
207	342	0.071429
208	9	0.017241
208	15	0.008130
208	16	0.009174
208	17	0.010638
208	28	0.013889
208	36	0.017241
208	53	0.024390
208	55	0.031250
208	57	0.016667
208	81	0.045455
208	82	0.043478
208	138	0.035714
208	189	0.043478
208	196	0.041667
208	284	0.062500
208	326	0.071429
208	330	0.066667
209	12	0.018519
209	16	0.009174
209	17	0.010638
209	19	0.012821
209	20	0.009091
209	25	0.014286
209	38	0.016393
209	40	0.014085
209	57	0.016667
209	92	0.029412
209	121	0.031250
209	125	0.038462
209	150	0.037037
209	171	0.043478
209	223	0.058824
209	230	0.062500
209	237	0.062500
209	251	0.062500
209	270	0.066667
209	307	0.071429
209	312	0.066667
209	350	0.071429
210	7	0.018868
210	11	0.020408
210	18	0.010101
210	44	0.020408
210	64	0.028571
210	84	0.033333
210	85	0.043478
210	86	0.026316
210	101	0.031250
210	114	0.041667
210	131	0.034483
210	144	0.041667
210	162	0.045455
210	189	0.043478
210	222	0.052632
210	226	0.052632
210	248	0.066667
210	259	0.062500
210	342	0.071429
210	351	0.071429
211	17	0.010638
211	19	0.012821
211	34	0.018182
211	35	0.015873
211	39	0.020833
211	47	0.021277
211	54	0.018519
211	79	0.037037
211	85	0.043478
211	97	0.034483
211	99	0.038462
211	109	0.032258
211	143	0.040000
211	152	0.047619
211	213	0.062500
211	224	0.052632
211	270	0.066667
211	289	0.066667
211	315	0.066667
212	6	0.017544
212	8	0.037037
212	15	0.008130
212	41	0.018519
212	49	0.022727
212	57	0.016667
212	59	0.022222
212	69	0.032258
212	83	0.038462
212	89	0.033333
212	104	0.030303
212	105	0.037037
212	131	0.034483
212	146	0.047619
212	278	0.058824
212	308	0.058824
212	314	0.066667
212	324	0.066667
212	342	0.071429
213	15	0.008130
213	24	0.010417
213	30	0.017241
213	33	0.016393
213	38	0.016393
213	43	0.014286
213	74	0.031250
213	92	0.029412
213	117	0.033333
213	143	0.040000
213	148	0.031250
213	161	0.041667
213	174	0.043478
213	211	0.052632
213	253	0.071429
213	257	0.066667
214	9	0.017241
214	20	0.009091
214	22	0.011236
214	38	0.016393
214	40	0.014085
214	42	0.017857
214	48	0.021739
214	65	0.025000
214	67	0.019231
214	92	0.029412
214	93	0.035714
214	95	0.034483
214	97	0.034483
214	154	0.035714
214	332	0.071429
215	0	0.010000
215	10	0.019608
215	12	0.018519
215	34	0.018182
215	38	0.016393
215	58	0.031250
215	64	0.028571
215	67	0.019231
215	78	0.027027
215	129	0.047619
215	132	0.035714
215	142	0.043478
215	180	0.047619
215	192	0.062500
215	217	0.052632
215	282	0.066667
215	293	0.071429
215	299	0.058824
215	301	0.066667
215	316	0.071429
215	340	0.071429
216	17	0.010638
216	27	0.014286
216	30	0.017241
216	35	0.015873
216	67	0.019231
216	72	0.023256
216	74	0.031250
216	123	0.031250
216	129	0.047619
216	145	0.045455
216	148	0.031250
216	154	0.035714
216	176	0.050000
216	186	0.047619
216	250	0.062500
216	258	0.058824
216	297	0.055556
217	11	0.020408
217	15	0.008130
217	21	0.010309
217	40	0.014085
217	42	0.017857
217	51	0.028571
217	53	0.024390
217	58	0.031250
217	84	0.033333
217	132	0.035714
217	148	0.031250
217	155	0.050000
217	201	0.050000
217	215	0.047619
217	291	0.062500
217	308	0.058824
217	311	0.058824
217	333	0.071429
217	342	0.071429
218	6	0.017544
218	10	0.019608
218	17	0.010638
218	18	0.010101
218	22	0.011236
218	23	0.013333
218	24	0.010417
218	38	0.016393
218	41	0.018519
218	93	0.035714
218	127	0.038462
218	138	0.035714
218	156	0.037037
218	194	0.047619
218	236	0.062500
218	250	0.062500
218	268	0.062500
219	11	0.020408
219	15	0.008130
219	17	0.010638
219	18	0.010101
219	19	0.012821
219	24	0.010417
219	27	0.014286
219	29	0.017241
219	33	0.016393
219	50	0.023256
219	61	0.025641
219	90	0.022727
219	92	0.029412
219	147	0.052632
219	220	0.043478
219	242	0.062500
219	252	0.062500
219	267	0.071429
219	271	0.066667
219	325	0.071429
219	336	0.071429
220	20	0.009091
220	52	0.027027
220	79	0.037037
220	80	0.032258
220	87	0.028571
220	89	0.033333
220	108	0.055556
220	129	0.047619
220	131	0.034483
220	139	0.034483
220	162	0.045455
220	176	0.050000
220	203	0.050000
220	219	0.047619
220	226	0.052632
220	248	0.066667
220	266	0.050000
220	286	0.066667
220	288	0.062500
220	293	0.071429
220	296	0.071429
220	313	0.066667
220	336	0.071429
221	25	0.014286
221	27	0.014286
221	30	0.017241
221	33	0.016393
221	46	0.034483
221	47	0.021277
221	56	0.029412
221	64	0.028571
221	105	0.037037
221	121	0.031250
221	136	0.045455
221	137	0.045455
221	150	0.037037
221	195	0.062500
221	246	0.058824
221	277	0.071429
221	280	0.058824
221	291	0.062500
221	292	0.066667
221	297	0.055556
221	308	0.058824
222	15	0.008130
222	21	0.010309
222	22	0.011236
222	24	0.010417
222	63	0.025641
222	76	0.040000
222	102	0.031250
222	110	0.047619
222	127	0.038462
222	135	0.045455
222	150	0.037037
222	179	0.055556
222	184	0.050000
222	210	0.050000
222	246	0.058824
222	264	0.066667
222	276	0.055556
222	314	0.066667
222	347	0.071429
223	0	0.010000
223	3	0.020408
223	15	0.008130
223	16	0.009174
223	28	0.013889
223	33	0.016393
223	40	0.014085
223	59	0.022222
223	99	0.038462
223	132	0.035714
223	161	0.041667
223	177	0.043478
223	178	0.055556
223	209	0.045455
223	263	0.058824
223	270	0.066667
223	345	0.071429
224	9	0.017241
224	22	0.011236
224	26	0.016393
224	43	0.014286
224	54	0.018519
224	77	0.033333
224	80	0.032258
224	98	0.052632
224	103	0.035714
224	132	0.035714
224	134	0.050000
224	138	0.035714
224	182	0.055556
224	211	0.052632
224	286	0.066667
224	289	0.066667
224	291	0.062500
224	335	0.071429
224	341	0.071429
225	18	0.010101
225	22	0.011236
225	23	0.013333
225	25	0.014286
225	27	0.014286
225	32	0.017241
225	41	0.018519
225	50	0.023256
225	87	0.028571
225	124	0.041667
225	144	0.041667
225	163	0.038462
225	169	0.050000
225	197	0.045455
225	227	0.062500
225	240	0.058824
225	271	0.066667
225	294	0.066667
225	323	0.066667
225	347	0.071429
225	350	0.071429
226	6	0.017544
226	19	0.012821
226	23	0.013333
226	24	0.010417
226	27	0.014286
226	35	0.015873
226	38	0.016393
226	54	0.018519
226	60	0.028571
226	139	0.034483
226	163	0.038462
226	167	0.038462
226	210	0.050000
226	220	0.043478
226	244	0.062500
226	266	0.050000
226	307	0.071429
226	325	0.071429
226	340	0.071429
227	6	0.017544
227	17	0.010638
227	18	0.010101
227	25	0.014286
227	29	0.017241
227	56	0.029412
227	70	0.033333
227	104	0.030303
227	124	0.041667
227	130	0.038462
227	135	0.045455
227	150	0.037037
227	173	0.050000
227	225	0.047619
227	231	0.055556
227	322	0.066667
228	13	0.022222
228	15	0.008130
228	22	0.011236
228	24	0.010417
228	29	0.017241
228	30	0.017241
228	33	0.016393
228	36	0.017241
228	54	0.018519
228	87	0.028571
228	125	0.038462
228	166	0.041667
228	176	0.050000
228	189	0.043478
228	230	0.062500
228	289	0.066667
228	293	0.071429
228	301	0.066667
228	305	0.066667
228	310	0.062500
228	322	0.066667
228	326	0.071429
229	9	0.017241
229	19	0.012821
229	28	0.013889
229	47	0.021277
229	60	0.028571
229	68	0.037037
229	92	0.029412
229	99	0.038462
229	104	0.030303
229	125	0.038462
229	148	0.031250
229	173	0.050000
229	194	0.047619
229	196	0.041667
229	239	0.058824
229	247	0.055556
229	305	0.066667
229	315	0.066667
229	322	0.066667
230	2	0.025641
230	3	0.020408
230	19	0.012821
230	23	0.013333
230	24	0.010417
230	50	0.023256
230	57	0.016667
230	88	0.028571
230	94	0.033333
230	150	0.037037
230	185	0.050000
230	197	0.045455
230	209	0.045455
230	228	0.045455
230	256	0.066667
230	316	0.071429
231	7	0.018868
231	10	0.019608
231	15	0.008130
231	24	0.010417
231	78	0.027027
231	96	0.034483
231	117	0.033333
231	132	0.035714
231	148	0.031250
231	153	0.045455
231	161	0.041667
231	168	0.058824
231	171	0.043478
231	227	0.062500
231	258	0.058824
231	309	0.066667
231	317	0.071429
231	345	0.071429
232	1	0.024390
232	16	0.009174
232	20	0.009091
232	23	0.013333
232	27	0.014286
232	39	0.020833
232	40	0.014085
232	42	0.017857
232	43	0.014286
232	54	0.018519
232	71	0.032258
232	117	0.033333
232	155	0.050000
232	206	0.055556
232	247	0.055556
232	255	0.058824
232	262	0.066667
232	280	0.058824
233	0	0.010000
233	9	0.017241
233	15	0.008130
233	28	0.013889
233	31	0.018868
233	37	0.022727
233	41	0.018519
233	51	0.028571
233	52	0.027027
233	57	0.016667
233	59	0.022222
233	94	0.033333
233	118	0.035714
233	130	0.038462
233	275	0.071429
233	304	0.066667
233	315	0.066667
233	321	0.071429
234	15	0.008130
234	18	0.010101
234	21	0.010309
234	22	0.011236
234	26	0.016393
234	32	0.017241
234	61	0.025641
234	68	0.037037
234	89	0.033333
234	125	0.038462
234	140	0.045455
234	154	0.035714
234	164	0.052632
234	170	0.050000
234	247	0.055556
234	277	0.071429
234	306	0.066667
234	309	0.066667
234	332	0.071429
235	6	0.017544
235	10	0.019608
235	11	0.020408
235	15	0.008130
235	20	0.009091
235	38	0.016393
235	41	0.018519
235	92	0.029412
235	119	0.045455
235	172	0.047619
235	177	0.043478
235	183	0.045455
235	193	0.045455
235	201	0.050000
235	263	0.058824
235	276	0.055556
236	0	0.010000
236	9	0.017241
236	16	0.009174
236	20	0.009091
236	25	0.014286
236	39	0.020833
236	40	0.014085
236	47	0.021277
236	77	0.033333
236	119	0.045455
236	124	0.041667
236	159	0.052632
236	167	0.038462
236	218	0.058824
236	254	0.058824
236	260	0.062500
237	8	0.037037
237	26	0.016393
237	43	0.014286
237	49	0.022727
237	52	0.027027
237	59	0.022222
237	86	0.026316
237	87	0.028571
237	115	0.038462
237	119	0.045455
237	121	0.031250
237	184	0.050000
237	201	0.050000
237	209	0.045455
237	338	0.071429
237	351	0.071429
238	24	0.010417
238	25	0.014286
238	26	0.016393
238	54	0.018519
238	57	0.016667
238	59	0.022222
238	90	0.022727
238	93	0.035714
238	101	0.031250
238	113	0.052632
238	120	0.038462
238	171	0.043478
238	190	0.066667
238	192	0.062500
238	292	0.066667
238	295	0.071429
238	300	0.066667
238	337	0.071429
239	21	0.010309
239	30	0.017241
239	35	0.015873
239	43	0.014286
239	48	0.021739
239	51	0.028571
239	87	0.028571
239	121	0.031250
239	142	0.043478
239	143	0.040000
239	154	0.035714
239	157	0.052632
239	165	0.066667
239	229	0.052632
239	283	0.071429
239	313	0.066667
239	343	0.071429
240	20	0.009091
240	23	0.013333
240	38	0.016393
240	48	0.021739
240	54	0.018519
240	55	0.031250
240	56	0.029412
240	67	0.019231
240	73	0.030303
240	105	0.037037
240	147	0.052632
240	174	0.043478
240	196	0.041667
240	225	0.047619
240	250	0.062500
240	294	0.066667
240	298	0.062500
241	18	0.010101
241	25	0.014286
241	33	0.016393
241	34	0.018182
241	40	0.014085
241	42	0.017857
241	43	0.014286
241	45	0.032258
241	48	0.021739
241	56	0.029412
241	59	0.022222
241	140	0.045455
241	146	0.047619
241	186	0.047619
241	276	0.055556
241	291	0.062500
241	302	0.071429
241	319	0.071429
242	12	0.018519
242	19	0.012821
242	20	0.009091
242	27	0.014286
242	40	0.014085
242	60	0.028571
242	63	0.025641
242	74	0.031250
242	91	0.035714
242	114	0.041667
242	148	0.031250
242	152	0.047619
242	154	0.035714
242	219	0.047619
242	345	0.071429
242	349	0.071429
243	1	0.024390
243	3	0.020408
243	9	0.017241
243	27	0.014286
243	43	0.014286
243	53	0.024390
243	112	0.033333
243	123	0.031250
243	138	0.035714
243	141	0.045455
243	145	0.045455
243	152	0.047619
243	169	0.050000
243	201	0.050000
243	272	0.066667
243	274	0.062500
243	275	0.071429
243	286	0.066667
243	310	0.062500
243	317	0.071429
243	339	0.071429
243	348	0.071429
244	7	0.018868
244	16	0.009174
244	39	0.020833
244	48	0.021739
244	69	0.032258
244	77	0.033333
244	103	0.035714
244	139	0.034483
244	153	0.045455
244	155	0.050000
244	164	0.052632
244	197	0.045455
244	200	0.050000
244	226	0.052632
244	270	0.066667
244	347	0.071429
245	7	0.018868
245	10	0.019608
245	14	0.028571
245	22	0.011236
245	24	0.010417
245	27	0.014286
245	29	0.017241
245	48	0.021739
245	80	0.032258
245	94	0.033333
245	109	0.032258
245	148	0.031250
245	177	0.043478
245	182	0.055556
245	268	0.062500
245	299	0.058824
245	333	0.071429
246	0	0.010000
246	21	0.010309
246	25	0.014286
246	42	0.017857
246	48	0.021739
246	53	0.024390
246	82	0.043478
246	88	0.028571
246	138	0.035714
246	162	0.045455
246	169	0.050000
246	183	0.045455
246	221	0.047619
246	222	0.052632
246	257	0.066667
246	304	0.066667
246	310	0.062500
247	3	0.020408
247	12	0.018519
247	20	0.009091
247	21	0.010309
247	22	0.011236
247	28	0.013889
247	60	0.028571
247	93	0.035714
247	102	0.031250
247	117	0.033333
247	118	0.035714
247	229	0.052632
247	232	0.055556
247	234	0.052632
247	272	0.066667
247	288	0.062500
247	322	0.066667
247	336	0.071429
248	0	0.010000
248	15	0.008130
248	24	0.010417
248	26	0.016393
248	34	0.018182
248	35	0.015873
248	45	0.032258
248	65	0.025000
248	99	0.038462
248	128	0.043478
248	144	0.041667
248	175	0.045455
248	210	0.050000
248	220	0.043478
248	345	0.071429
249	16	0.009174
249	18	0.010101
249	33	0.016393
249	34	0.018182
249	38	0.016393
249	54	0.018519
249	59	0.022222
249	72	0.023256
249	84	0.033333
249	146	0.047619
249	156	0.037037
249	160	0.047619
249	183	0.045455
249	184	0.050000
249	283	0.071429
249	289	0.066667
249	316	0.071429
249	337	0.071429
250	12	0.018519
250	13	0.022222
250	22	0.011236
250	27	0.014286
250	50	0.023256
250	90	0.022727
250	117	0.033333
250	139	0.034483
250	150	0.037037
250	166	0.041667
250	203	0.050000
250	216	0.058824
250	218	0.058824
250	240	0.058824
250	275	0.071429
250	343	0.071429
251	6	0.017544
251	9	0.017241
251	17	0.010638
251	27	0.014286
251	46	0.034483
251	48	0.021739
251	70	0.033333
251	102	0.031250
251	118	0.035714
251	138	0.035714
251	160	0.047619
251	175	0.045455
251	198	0.055556
251	209	0.045455
251	303	0.058824
251	349	0.071429
252	16	0.009174
252	19	0.012821
252	22	0.011236
252	23	0.013333
252	25	0.014286
252	34	0.018182
252	38	0.016393
252	40	0.014085
252	41	0.018519
252	63	0.025641
252	123	0.031250
252	139	0.034483
252	148	0.031250
252	219	0.047619
252	273	0.066667
252	329	0.071429
253	8	0.037037
253	15	0.008130
253	21	0.010309
253	26	0.016393
253	29	0.017241
253	34	0.018182
253	39	0.020833
253	66	0.029412
253	97	0.034483
253	100	0.041667
253	101	0.031250
253	145	0.045455
253	167	0.038462
253	213	0.062500
254	15	0.008130
254	19	0.012821
254	22	0.011236
254	43	0.014286
254	49	0.022727
254	57	0.016667
254	64	0.028571
254	78	0.027027
254	107	0.041667
254	168	0.058824
254	185	0.050000
254	203	0.050000
254	207	0.052632
254	236	0.062500
254	263	0.058824
254	266	0.050000
254	276	0.055556
255	16	0.009174
255	25	0.014286
255	38	0.016393
255	44	0.020408
255	53	0.024390
255	60	0.028571
255	66	0.029412
255	72	0.023256
255	107	0.041667
255	110	0.047619
255	122	0.033333
255	125	0.038462
255	148	0.031250
255	232	0.055556
255	292	0.066667
255	328	0.062500
255	334	0.071429
256	3	0.020408
256	15	0.008130
256	19	0.012821
256	23	0.013333
256	28	0.013889
256	32	0.017241
256	34	0.018182
256	43	0.014286
256	48	0.021739
256	54	0.018519
256	61	0.025641
256	105	0.037037
256	173	0.050000
256	230	0.062500
256	323	0.066667
257	9	0.017241
257	13	0.022222
257	19	0.012821
257	22	0.011236
257	34	0.018182
257	36	0.017241
257	49	0.022727
257	54	0.018519
257	92	0.029412
257	101	0.031250
257	104	0.030303
257	166	0.041667
257	213	0.062500
257	246	0.058824
257	330	0.066667
258	0	0.010000
258	14	0.028571
258	17	0.010638
258	39	0.020833
258	53	0.024390
258	63	0.025641
258	79	0.037037
258	87	0.028571
258	90	0.022727
258	146	0.047619
258	154	0.035714
258	157	0.052632
258	216	0.058824
258	231	0.055556
258	263	0.058824
258	295	0.071429
258	340	0.071429
259	0	0.010000
259	13	0.022222
259	15	0.008130
259	16	0.009174
259	18	0.010101
259	51	0.028571
259	74	0.031250
259	90	0.022727
259	112	0.033333
259	132	0.035714
259	142	0.043478
259	150	0.037037
259	182	0.055556
259	210	0.050000
259	272	0.066667
259	300	0.066667
260	7	0.018868
260	11	0.020408
260	21	0.010309
260	36	0.017241
260	37	0.022727
260	48	0.021739
260	49	0.022727
260	68	0.037037
260	77	0.033333
260	114	0.041667
260	126	0.050000
260	176	0.050000
260	205	0.058824
260	236	0.062500
260	278	0.058824
260	299	0.058824
261	7	0.018868
261	20	0.009091
261	27	0.014286
261	43	0.014286
261	58	0.031250
261	61	0.025641
261	90	0.022727
261	95	0.034483
261	104	0.030303
261	112	0.033333
261	130	0.038462
261	143	0.040000
261	180	0.047619
261	187	0.052632
261	262	0.066667
261	314	0.066667
261	322	0.066667
261	329	0.071429
261	344	0.071429
262	3	0.020408
262	7	0.018868
262	16	0.009174
262	23	0.013333
262	28	0.013889
262	36	0.017241
262	44	0.020408
262	60	0.028571
262	64	0.028571
262	66	0.029412
262	92	0.029412
262	171	0.043478
262	232	0.055556
262	261	0.052632
262	266	0.050000
263	12	0.018519
263	13	0.022222
263	38	0.016393
263	40	0.014085
263	41	0.018519
263	59	0.022222
263	78	0.027027
263	121	0.031250
263	154	0.035714
263	170	0.050000
263	223	0.058824
263	235	0.062500
263	254	0.058824
263	258	0.058824
263	302	0.071429
263	316	0.071429
263	331	0.071429
264	8	0.037037
264	20	0.009091
264	25	0.014286
264	26	0.016393
264	28	0.013889
264	34	0.018182
264	40	0.014085
264	66	0.029412
264	73	0.030303
264	74	0.031250
264	83	0.038462
264	162	0.045455
264	171	0.043478
264	222	0.052632
264	297	0.055556
265	0	0.010000
265	6	0.017544
265	22	0.011236
265	23	0.013333
265	29	0.017241
265	33	0.016393
265	41	0.018519
265	52	0.027027
265	56	0.029412
265	65	0.025000
265	97	0.034483
265	104	0.030303
265	115	0.038462
265	201	0.050000
265	279	0.071429
265	282	0.066667
266	9	0.017241
266	26	0.016393
266	29	0.017241
266	39	0.020833
266	42	0.017857
266	54	0.018519
266	104	0.030303
266	118	0.035714
266	123	0.031250
266	202	0.045455
266	220	0.043478
266	226	0.052632
266	254	0.058824
266	262	0.066667
266	277	0.071429
266	290	0.058824
266	303	0.058824
266	311	0.058824
266	319	0.071429
266	320	0.066667
267	0	0.010000
267	6	0.017544
267	10	0.019608
267	14	0.028571
267	21	0.010309
267	25	0.014286
267	41	0.018519
267	43	0.014286
267	49	0.022727
267	57	0.016667
267	58	0.031250
267	67	0.019231
267	156	0.037037
267	219	0.047619
268	6	0.017544
268	11	0.020408
268	22	0.011236
268	24	0.010417
268	28	0.013889
268	51	0.028571
268	72	0.023256
268	74	0.031250
268	77	0.033333
268	94	0.033333
268	113	0.052632
268	156	0.037037
268	218	0.058824
268	245	0.058824
268	295	0.071429
268	325	0.071429
269	6	0.017544
269	9	0.017241
269	15	0.008130
269	16	0.009174
269	64	0.028571
269	65	0.025000
269	85	0.043478
269	95	0.034483
269	101	0.031250
269	114	0.041667
269	141	0.045455
269	143	0.040000
269	161	0.041667
269	188	0.055556
269	323	0.066667
270	9	0.017241
270	15	0.008130
270	31	0.018868
270	40	0.014085
270	57	0.016667
270	62	0.038462
270	65	0.025000
270	76	0.040000
270	104	0.030303
270	115	0.038462
270	209	0.045455
270	211	0.052632
270	223	0.058824
270	244	0.062500
270	296	0.071429
271	0	0.010000
271	36	0.017241
271	45	0.032258
271	72	0.023256
271	88	0.028571
271	102	0.031250
271	115	0.038462
271	118	0.035714
271	156	0.037037
271	159	0.052632
271	179	0.055556
271	197	0.045455
271	219	0.047619
271	225	0.047619
271	312	0.066667
272	2	0.025641
272	16	0.009174
272	19	0.012821
272	41	0.018519
272	43	0.014286
272	66	0.029412
272	67	0.019231
272	79	0.037037
272	91	0.035714
272	130	0.038462
272	157	0.052632
272	243	0.045455
272	247	0.055556
272	259	0.062500
272	314	0.066667
273	13	0.022222
273	25	0.014286
273	29	0.017241
273	36	0.017241
273	66	0.029412
273	118	0.035714
273	137	0.045455
273	144	0.041667
273	151	0.058824
273	160	0.047619
273	179	0.055556
273	193	0.045455
273	200	0.050000
273	252	0.062500
273	317	0.071429
274	0	0.010000
274	19	0.012821
274	24	0.010417
274	32	0.017241
274	90	0.022727
274	95	0.034483
274	96	0.034483
274	110	0.047619
274	112	0.033333
274	122	0.033333
274	136	0.045455
274	175	0.045455
274	180	0.047619
274	243	0.045455
274	290	0.058824
274	335	0.071429
275	3	0.020408
275	11	0.020408
275	15	0.008130
275	20	0.009091
275	36	0.017241
275	50	0.023256
275	67	0.019231
275	74	0.031250
275	117	0.033333
275	123	0.031250
275	163	0.038462
275	233	0.055556
275	243	0.045455
275	250	0.062500
276	20	0.009091
276	24	0.010417
276	26	0.016393
276	28	0.013889
276	31	0.018868
276	33	0.016393
276	44	0.020408
276	95	0.034483
276	122	0.033333
276	167	0.038462
276	222	0.052632
276	235	0.062500
276	241	0.055556
276	254	0.058824
276	280	0.058824
276	303	0.058824
276	312	0.066667
276	325	0.071429
277	3	0.020408
277	11	0.020408
277	27	0.014286
277	39	0.020833
277	57	0.016667
277	65	0.025000
277	122	0.033333
277	166	0.041667
277	175	0.045455
277	181	0.066667
277	205	0.058824
277	221	0.047619
277	234	0.052632
277	266	0.050000
278	18	0.010101
278	27	0.014286
278	29	0.017241
278	39	0.020833
278	41	0.018519
278	57	0.016667
278	75	0.038462
278	86	0.026316
278	104	0.030303
278	131	0.034483
278	195	0.062500
278	207	0.052632
278	212	0.052632
278	260	0.062500
278	285	0.066667
278	291	0.062500
278	341	0.071429
279	15	0.008130
279	20	0.009091
279	34	0.018182
279	42	0.017857
279	54	0.018519
279	77	0.033333
279	88	0.028571
279	121	0.031250
279	123	0.031250
279	124	0.041667
279	152	0.047619
279	154	0.035714
279	161	0.041667
279	265	0.062500
280	40	0.014085
280	46	0.034483
280	59	0.022222
280	63	0.025641
280	100	0.041667
280	112	0.033333
280	120	0.038462
280	125	0.038462
280	146	0.047619
280	159	0.052632
280	194	0.047619
280	221	0.047619
280	232	0.055556
280	276	0.055556
280	281	0.066667
280	285	0.066667
280	313	0.066667
281	3	0.020408
281	7	0.018868
281	15	0.008130
281	19	0.012821
281	20	0.009091
281	38	0.016393
281	44	0.020408
281	88	0.028571
281	89	0.033333
281	115	0.038462
281	121	0.031250
281	137	0.045455
281	151	0.058824
281	280	0.058824
281	290	0.058824
282	1	0.024390
282	40	0.014085
282	41	0.018519
282	54	0.018519
282	55	0.031250
282	72	0.023256
282	86	0.026316
282	102	0.031250
282	132	0.035714
282	140	0.045455
282	148	0.031250
282	163	0.038462
282	215	0.047619
282	265	0.062500
282	292	0.066667
283	15	0.008130
283	16	0.009174
283	20	0.009091
283	21	0.010309
283	32	0.017241
283	60	0.028571
283	66	0.029412
283	93	0.035714
283	96	0.034483
283	102	0.031250
283	132	0.035714
283	197	0.045455
283	239	0.058824
283	249	0.055556
284	21	0.010309
284	32	0.017241
284	34	0.018182
284	40	0.014085
284	55	0.031250
284	78	0.027027
284	80	0.032258
284	93	0.035714
284	120	0.038462
284	140	0.045455
284	157	0.052632
284	187	0.052632
284	197	0.045455
284	208	0.058824
284	309	0.066667
284	327	0.071429
285	13	0.022222
285	16	0.009174
285	20	0.009091
285	23	0.013333
285	27	0.014286
285	45	0.032258
285	67	0.019231
285	75	0.038462
285	86	0.026316
285	92	0.029412
285	103	0.035714
285	112	0.033333
285	278	0.058824
285	280	0.058824
285	293	0.071429
286	0	0.010000
286	6	0.017544
286	24	0.010417
286	43	0.014286
286	47	0.021277
286	63	0.025641
286	67	0.019231
286	74	0.031250
286	77	0.033333
286	99	0.038462
286	156	0.037037
286	220	0.043478
286	224	0.052632
286	243	0.045455
286	343	0.071429
287	7	0.018868
287	33	0.016393
287	44	0.020408
287	47	0.021277
287	85	0.043478
287	102	0.031250
287	103	0.035714
287	116	0.038462
287	118	0.035714
287	130	0.038462
287	139	0.034483
287	171	0.043478
287	173	0.050000
287	194	0.047619
287	322	0.066667
287	346	0.071429
288	2	0.025641
288	9	0.017241
288	10	0.019608
288	17	0.010638
288	24	0.010417
288	25	0.014286
288	103	0.035714
288	138	0.035714
288	139	0.034483
288	143	0.040000
288	187	0.052632
288	200	0.050000
288	220	0.043478
288	247	0.055556
288	289	0.066667
288	297	0.055556
289	15	0.008130
289	21	0.010309
289	23	0.013333
289	29	0.017241
289	70	0.033333
289	86	0.026316
289	88	0.028571
289	92	0.029412
289	107	0.041667
289	211	0.052632
289	224	0.052632
289	228	0.045455
289	249	0.055556
289	288	0.062500
289	331	0.071429
290	9	0.017241
290	19	0.012821
290	22	0.011236
290	43	0.014286
290	47	0.021277
290	116	0.038462
290	134	0.050000
290	152	0.047619
290	178	0.055556
290	180	0.047619
290	202	0.045455
290	266	0.050000
290	274	0.062500
290	281	0.066667
290	306	0.066667
290	311	0.058824
290	316	0.071429
291	14	0.028571
291	32	0.017241
291	42	0.017857
291	43	0.014286
291	102	0.031250
291	145	0.045455
291	177	0.043478
291	200	0.050000
291	203	0.050000
291	217	0.052632
291	221	0.047619
291	224	0.052632
291	241	0.055556
291	278	0.058824
291	323	0.066667
291	344	0.071429
292	2	0.025641
292	15	0.008130
292	21	0.010309
292	24	0.010417
292	38	0.016393
292	44	0.020408
292	127	0.038462
292	173	0.050000
292	194	0.047619
292	205	0.058824
292	221	0.047619
292	238	0.055556
292	255	0.058824
292	282	0.066667
292	351	0.071429
293	22	0.011236
293	38	0.016393
293	58	0.031250
293	63	0.025641
293	91	0.035714
293	102	0.031250
293	110	0.047619
293	118	0.035714
293	140	0.045455
293	156	0.037037
293	215	0.047619
293	220	0.043478
293	228	0.045455
293	285	0.066667
294	31	0.018868
294	32	0.017241
294	47	0.021277
294	48	0.021739
294	90	0.022727
294	99	0.038462
294	119	0.045455
294	129	0.047619
294	139	0.034483
294	163	0.038462
294	185	0.050000
294	197	0.045455
294	225	0.047619
294	240	0.058824
294	311	0.058824
295	17	0.010638
295	18	0.010101
295	36	0.017241
295	56	0.029412
295	67	0.019231
295	83	0.038462
295	102	0.031250
295	104	0.030303
295	121	0.031250
295	161	0.041667
295	174	0.043478
295	238	0.055556
295	258	0.058824
295	268	0.062500
296	18	0.010101
296	41	0.018519
296	43	0.014286
296	54	0.018519
296	57	0.016667
296	112	0.033333
296	119	0.045455
296	127	0.038462
296	154	0.035714
296	163	0.038462
296	187	0.052632
296	189	0.043478
296	220	0.043478
296	270	0.066667
297	22	0.011236
297	24	0.010417
297	50	0.023256
297	57	0.016667
297	62	0.038462
297	91	0.035714
297	105	0.037037
297	123	0.031250
297	125	0.038462
297	129	0.047619
297	216	0.058824
297	221	0.047619
297	264	0.066667
297	288	0.062500
297	300	0.066667
297	302	0.071429
297	309	0.066667
297	337	0.071429
298	7	0.018868
298	13	0.022222
298	36	0.017241
298	48	0.021739
298	57	0.016667
298	90	0.022727
298	98	0.052632
298	118	0.035714
298	142	0.043478
298	156	0.037037
298	167	0.038462
298	184	0.050000
298	194	0.047619
298	240	0.058824
298	328	0.062500
298	329	0.071429
299	4	0.043478
299	15	0.008130
299	52	0.027027
299	57	0.016667
299	78	0.027027
299	87	0.028571
299	90	0.022727
299	100	0.041667
299	111	0.045455
299	141	0.045455
299	143	0.040000
299	215	0.047619
299	245	0.058824
299	260	0.062500
299	301	0.066667
299	304	0.066667
299	319	0.071429
300	21	0.010309
300	33	0.016393
300	35	0.015873
300	39	0.020833
300	43	0.014286
300	57	0.016667
300	69	0.032258
300	85	0.043478
300	93	0.035714
300	116	0.038462
300	137	0.045455
300	238	0.055556
300	259	0.062500
300	297	0.055556
300	319	0.071429
301	10	0.019608
301	19	0.012821
301	41	0.018519
301	62	0.038462
301	67	0.019231
301	71	0.032258
301	90	0.022727
301	117	0.033333
301	118	0.035714
301	177	0.043478
301	183	0.045455
301	215	0.047619
301	228	0.045455
301	299	0.058824
301	309	0.066667
302	0	0.010000
302	3	0.020408
302	17	0.010638
302	41	0.018519
302	50	0.023256
302	72	0.023256
302	101	0.031250
302	124	0.041667
302	142	0.043478
302	189	0.043478
302	204	0.066667
302	241	0.055556
302	263	0.058824
302	297	0.055556
303	9	0.017241
303	14	0.028571
303	15	0.008130
303	17	0.010638
303	18	0.010101
303	20	0.009091
303	27	0.014286
303	88	0.028571
303	96	0.034483
303	191	0.055556
303	200	0.050000
303	251	0.062500
303	266	0.050000
303	276	0.055556
303	316	0.071429
303	331	0.071429
303	350	0.071429
304	1	0.024390
304	13	0.022222
304	17	0.010638
304	20	0.009091
304	24	0.010417
304	51	0.028571
304	71	0.032258
304	128	0.043478
304	187	0.052632
304	200	0.050000
304	202	0.045455
304	233	0.055556
304	246	0.058824
304	299	0.058824
304	344	0.071429
305	11	0.020408
305	18	0.010101
305	26	0.016393
305	35	0.015873
305	65	0.025000
305	90	0.022727
305	94	0.033333
305	128	0.043478
305	140	0.045455
305	144	0.041667
305	162	0.045455
305	169	0.050000
305	228	0.045455
305	229	0.052632
305	328	0.062500
306	2	0.025641
306	14	0.028571
306	15	0.008130
306	26	0.016393
306	39	0.020833
306	53	0.024390
306	102	0.031250
306	111	0.045455
306	139	0.034483
306	161	0.041667
306	186	0.047619
306	202	0.045455
306	234	0.052632
306	290	0.058824
306	321	0.071429
307	11	0.020408
307	28	0.013889
307	78	0.027027
307	91	0.035714
307	109	0.032258
307	121	0.031250
307	133	0.058824
307	156	0.037037
307	177	0.043478
307	196	0.041667
307	198	0.055556
307	206	0.055556
307	209	0.045455
307	226	0.052632
308	0	0.010000
308	7	0.018868
308	10	0.019608
308	32	0.017241
308	42	0.017857
308	52	0.027027
308	56	0.029412
308	61	0.025641
308	71	0.032258
308	126	0.050000
308	142	0.043478
308	212	0.052632
308	217	0.052632
308	221	0.047619
308	314	0.066667
308	318	0.066667
308	344	0.071429
309	16	0.009174
309	28	0.013889
309	43	0.014286
309	75	0.038462
309	84	0.033333
309	86	0.026316
309	109	0.032258
309	114	0.041667
309	170	0.050000
309	231	0.055556
309	234	0.052632
309	284	0.062500
309	297	0.055556
309	301	0.066667
309	339	0.071429
310	0	0.010000
310	17	0.010638
310	31	0.018868
310	44	0.020408
310	46	0.034483
310	47	0.021277
310	60	0.028571
310	101	0.031250
310	112	0.033333
310	126	0.050000
310	177	0.043478
310	228	0.045455
310	243	0.045455
310	246	0.058824
310	327	0.071429
310	334	0.071429
311	0	0.010000
311	24	0.010417
311	54	0.018519
311	63	0.025641
311	66	0.029412
311	72	0.023256
311	89	0.033333
311	123	0.031250
311	182	0.055556
311	196	0.041667
311	217	0.052632
311	266	0.050000
311	290	0.058824
311	294	0.066667
311	314	0.066667
311	333	0.071429
311	340	0.071429
312	10	0.019608
312	20	0.009091
312	26	0.016393
312	30	0.017241
312	42	0.017857
312	68	0.037037
312	86	0.026316
312	92	0.029412
312	120	0.038462
312	163	0.038462
312	196	0.041667
312	209	0.045455
312	271	0.066667
312	276	0.055556
312	320	0.066667
313	3	0.020408
313	5	0.052632
313	10	0.019608
313	11	0.020408
313	15	0.008130
313	16	0.009174
313	20	0.009091
313	24	0.010417
313	33	0.016393
313	57	0.016667
313	77	0.033333
313	220	0.043478
313	239	0.058824
313	280	0.058824
313	334	0.071429
314	18	0.010101
314	21	0.010309
314	24	0.010417
314	48	0.021739
314	73	0.030303
314	93	0.035714
314	109	0.032258
314	173	0.050000
314	212	0.052632
314	222	0.052632
314	261	0.052632
314	272	0.066667
314	308	0.058824
314	311	0.058824
314	320	0.066667
315	0	0.010000
315	10	0.019608
315	21	0.010309
315	53	0.024390
315	55	0.031250
315	63	0.025641
315	65	0.025000
315	85	0.043478
315	160	0.047619
315	166	0.041667
315	172	0.047619
315	211	0.052632
315	229	0.052632
315	233	0.055556
315	320	0.066667
316	16	0.009174
316	30	0.017241
316	61	0.025641
316	70	0.033333
316	83	0.038462
316	103	0.035714
316	163	0.038462
316	193	0.045455
316	215	0.047619
316	230	0.062500
316	249	0.055556
316	263	0.058824
316	290	0.058824
316	303	0.058824
317	16	0.009174
317	28	0.013889
317	49	0.022727
317	52	0.027027
317	122	0.033333
317	125	0.038462
317	170	0.050000
317	171	0.043478
317	179	0.055556
317	191	0.055556
317	193	0.045455
317	231	0.055556
317	243	0.045455
317	273	0.066667
318	9	0.017241
318	15	0.008130
318	16	0.009174
318	17	0.010638
318	28	0.013889
318	30	0.017241
318	88	0.028571
318	89	0.033333
318	112	0.033333
318	138	0.035714
318	142	0.043478
318	171	0.043478
318	202	0.045455
318	308	0.058824
318	325	0.071429
319	6	0.017544
319	10	0.019608
319	26	0.016393
319	58	0.031250
319	83	0.038462
319	104	0.030303
319	116	0.038462
319	153	0.045455
319	172	0.047619
319	193	0.045455
319	241	0.055556
319	266	0.050000
319	299	0.058824
319	300	0.066667
320	1	0.024390
320	17	0.010638
320	18	0.010101
320	35	0.015873
320	40	0.014085
320	45	0.032258
320	66	0.029412
320	101	0.031250
320	149	0.050000
320	186	0.047619
320	266	0.050000
320	312	0.066667
320	314	0.066667
320	315	0.066667
320	335	0.071429
321	13	0.022222
321	23	0.013333
321	31	0.018868
321	32	0.017241
321	66	0.029412
321	100	0.041667
321	116	0.038462
321	118	0.035714
321	127	0.038462
321	174	0.043478
321	189	0.043478
321	196	0.041667
321	233	0.055556
321	306	0.066667
322	7	0.018868
322	20	0.009091
322	27	0.014286
322	30	0.017241
322	115	0.038462
322	120	0.038462
322	130	0.038462
322	183	0.045455
322	227	0.062500
322	228	0.045455
322	229	0.052632
322	247	0.055556
322	261	0.052632
322	287	0.062500
322	326	0.071429
323	16	0.009174
323	21	0.010309
323	22	0.011236
323	24	0.010417
323	35	0.015873
323	41	0.018519
323	124	0.041667
323	130	0.038462
323	138	0.035714
323	162	0.045455
323	225	0.047619
323	256	0.066667
323	269	0.066667
323	291	0.062500
323	344	0.071429
324	10	0.019608
324	49	0.022727
324	59	0.022222
324	72	0.023256
324	80	0.032258
324	86	0.026316
324	92	0.029412
324	104	0.030303
324	105	0.037037
324	137	0.045455
324	155	0.050000
324	175	0.045455
324	198	0.055556
324	212	0.052632
324	325	0.071429
325	33	0.016393
325	42	0.017857
325	43	0.014286
325	49	0.022727
325	83	0.038462
325	105	0.037037
325	180	0.047619
325	189	0.043478
325	219	0.047619
325	226	0.052632
325	268	0.062500
325	276	0.055556
325	318	0.066667
325	324	0.066667
326	16	0.009174
326	25	0.014286
326	36	0.017241
326	47	0.021277
326	52	0.027027
326	92	0.029412
326	95	0.034483
326	149	0.050000
326	150	0.037037
326	185	0.050000
326	186	0.047619
326	208	0.058824
326	228	0.045455
326	322	0.066667
327	4	0.043478
327	21	0.010309
327	28	0.013889
327	42	0.017857
327	49	0.022727
327	65	0.025000
327	71	0.032258
327	93	0.035714
327	95	0.034483
327	148	0.031250
327	156	0.037037
327	177	0.043478
327	284	0.062500
327	310	0.062500
328	8	0.037037
328	13	0.022222
328	15	0.008130
328	18	0.010101
328	20	0.009091
328	48	0.021739
328	53	0.024390
328	72	0.023256
328	79	0.037037
328	159	0.052632
328	176	0.050000
328	255	0.058824
328	298	0.062500
328	305	0.066667
328	345	0.071429
328	351	0.071429
329	11	0.020408
329	15	0.008130
329	16	0.009174
329	17	0.010638
329	33	0.016393
329	63	0.025641
329	82	0.043478
329	84	0.033333
329	131	0.034483
329	141	0.045455
329	154	0.035714
329	252	0.062500
329	261	0.052632
329	298	0.062500
330	0	0.010000
330	31	0.018868
330	34	0.018182
330	43	0.014286
330	61	0.025641
330	67	0.019231
330	78	0.027027
330	94	0.033333
330	112	0.033333
330	131	0.034483
330	160	0.047619
330	168	0.058824
330	208	0.058824
330	257	0.066667
330	334	0.071429
331	16	0.009174
331	28	0.013889
331	37	0.022727
331	39	0.020833
331	43	0.014286
331	71	0.032258
331	102	0.031250
331	117	0.033333
331	164	0.052632
331	191	0.055556
331	202	0.045455
331	263	0.058824
331	289	0.066667
331	303	0.058824
332	2	0.025641
332	12	0.018519
332	18	0.010101
332	23	0.013333
332	25	0.014286
332	48	0.021739
332	58	0.031250
332	108	0.055556
332	141	0.045455
332	193	0.045455
332	196	0.041667
332	207	0.052632
332	214	0.066667
332	234	0.052632
333	1	0.024390
333	15	0.008130
333	28	0.013889
333	49	0.022727
333	70	0.033333
333	87	0.028571
333	93	0.035714
333	94	0.033333
333	97	0.034483
333	110	0.047619
333	167	0.038462
333	217	0.052632
333	245	0.058824
333	311	0.058824
334	13	0.022222
334	28	0.013889
334	35	0.015873
334	39	0.020833
334	66	0.029412
334	90	0.022727
334	150	0.037037
334	163	0.038462
334	178	0.055556
334	199	0.066667
334	255	0.058824
334	310	0.062500
334	313	0.066667
334	330	0.066667
335	8	0.037037
335	23	0.013333
335	32	0.017241
335	34	0.018182
335	41	0.018519
335	43	0.014286
335	54	0.018519
335	65	0.025000
335	123	0.031250
335	156	0.037037
335	202	0.045455
335	224	0.052632
335	274	0.062500
335	320	0.066667
336	6	0.017544
336	28	0.013889
336	59	0.022222
336	77	0.033333
336	118	0.035714
336	123	0.031250
336	136	0.045455
336	175	0.045455
336	196	0.041667
336	202	0.045455
336	206	0.055556
336	219	0.047619
336	220	0.043478
336	247	0.055556
337	0	0.010000
337	14	0.028571
337	15	0.008130
337	16	0.009174
337	22	0.011236
337	24	0.010417
337	63	0.025641
337	69	0.032258
337	119	0.045455
337	201	0.050000
337	206	0.055556
337	238	0.055556
337	249	0.055556
337	297	0.055556
338	0	0.010000
338	12	0.018519
338	17	0.010638
338	20	0.009091
338	30	0.017241
338	37	0.022727
338	40	0.014085
338	59	0.022222
338	81	0.045455
338	86	0.026316
338	102	0.031250
338	123	0.031250
338	198	0.055556
338	237	0.062500
339	3	0.020408
339	18	0.010101
339	24	0.010417
339	31	0.018868
339	37	0.022727
339	45	0.032258
339	65	0.025000
339	67	0.019231
339	77	0.033333
339	129	0.047619
339	161	0.041667
339	164	0.052632
339	243	0.045455
339	309	0.066667
340	21	0.010309
340	22	0.011236
340	40	0.014085
340	44	0.020408
340	69	0.032258
340	73	0.030303
340	109	0.032258
340	115	0.038462
340	142	0.043478
340	155	0.050000
340	215	0.047619
340	226	0.052632
340	258	0.058824
340	311	0.058824
341	18	0.010101
341	25	0.014286
341	65	0.025000
341	68	0.037037
341	86	0.026316
341	102	0.031250
341	147	0.052632
341	148	0.031250
341	149	0.050000
341	153	0.045455
341	196	0.041667
341	207	0.052632
341	224	0.052632
341	278	0.058824
342	18	0.010101
342	26	0.016393
342	39	0.020833
342	42	0.017857
342	44	0.020408
342	66	0.029412
342	68	0.037037
342	72	0.023256
342	120	0.038462
342	167	0.038462
342	207	0.052632
342	210	0.050000
342	212	0.052632
342	217	0.052632
343	16	0.009174
343	22	0.011236
343	23	0.013333
343	42	0.017857
343	64	0.028571
343	65	0.025000
343	78	0.027027
343	97	0.034483
343	127	0.038462
343	131	0.034483
343	203	0.050000
343	239	0.058824
343	250	0.062500
343	286	0.066667
344	7	0.018868
344	24	0.010417
344	38	0.016393
344	46	0.034483
344	81	0.045455
344	87	0.028571
344	101	0.031250
344	180	0.047619
344	188	0.055556
344	261	0.052632
344	291	0.062500
344	304	0.066667
344	308	0.058824
344	323	0.066667
345	12	0.018519
345	33	0.016393
345	36	0.017241
345	43	0.014286
345	52	0.027027
345	56	0.029412
345	59	0.022222
345	175	0.045455
345	193	0.045455
345	223	0.058824
345	231	0.055556
345	242	0.062500
345	248	0.066667
345	328	0.062500
346	3	0.020408
346	23	0.013333
346	37	0.022727
346	38	0.016393
346	43	0.014286
346	46	0.034483
346	50	0.023256
346	54	0.018519
346	106	0.047619
346	126	0.050000
346	132	0.035714
346	148	0.031250
346	203	0.050000
346	287	0.062500
347	10	0.019608
347	21	0.010309
347	22	0.011236
347	53	0.024390
347	58	0.031250
347	96	0.034483
347	101	0.031250
347	150	0.037037
347	151	0.058824
347	162	0.045455
347	174	0.043478
347	222	0.052632
347	225	0.047619
347	244	0.062500
348	25	0.014286
348	32	0.017241
348	33	0.016393
348	34	0.018182
348	40	0.014085
348	51	0.028571
348	56	0.029412
348	76	0.040000
348	90	0.022727
348	113	0.052632
348	127	0.038462
348	139	0.034483
348	158	0.055556
348	243	0.045455
349	0	0.010000
349	11	0.020408
349	34	0.018182
349	36	0.017241
349	39	0.020833
349	40	0.014085
349	89	0.033333
349	98	0.052632
349	106	0.047619
349	137	0.045455
349	160	0.047619
349	188	0.055556
349	242	0.062500
349	251	0.062500
350	18	0.010101
350	22	0.011236
350	29	0.017241
350	44	0.020408
350	82	0.043478
350	95	0.034483
350	115	0.038462
350	125	0.038462
350	154	0.035714
350	166	0.041667
350	186	0.047619
350	209	0.045455
350	225	0.047619
350	303	0.058824
351	3	0.020408
351	29	0.017241
351	31	0.018868
351	42	0.017857
351	65	0.025000
351	68	0.037037
351	123	0.031250
351	154	0.035714
351	159	0.052632
351	186	0.047619
351	210	0.050000
351	237	0.062500
351	292	0.066667
351	328	0.062500
