390	11250
0	1	0.015873
0	2	0.025000
0	3	0.030303
0	4	0.018868
0	5	0.019231
0	6	0.017857
0	7	0.020000
0	8	0.010417
0	9	0.022727
0	10	0.027778
0	11	0.026316
0	12	0.013333
0	13	0.020000
0	14	0.017857
0	15	0.043478
0	16	0.008621
0	17	0.008929
0	18	0.007042
0	19	0.009524
0	20	0.010870
0	21	0.009524
0	22	0.009804
0	23	0.010101
0	24	0.010000
0	25	0.012658
0	26	0.013699
0	28	0.013158
0	29	0.014706
0	30	0.015152
0	31	0.013514
0	32	0.016667
0	33	0.011111
0	34	0.015625
0	35	0.014925
0	38	0.025641
0	39	0.028571
0	40	0.017544
0	41	0.016129
0	42	0.013889
0	43	0.014493
0	46	0.032258
0	47	0.020833
0	48	0.017544
0	49	0.031250
0	51	0.019608
0	54	0.020408
0	59	0.020000
0	62	0.027778
0	64	0.027778
0	65	0.021277
0	67	0.022727
0	68	0.021739
0	71	0.031250
0	72	0.030303
0	76	0.022222
0	79	0.034483
0	80	0.027778
0	83	0.043478
0	86	0.038462
0	88	0.027027
0	91	0.037037
0	94	0.028571
0	96	0.023810
0	97	0.029412
0	109	0.029412
0	111	0.032258
0	119	0.037037
0	120	0.033333
0	127	0.025641
0	128	0.045455
0	133	0.043478
0	134	0.041667
0	137	0.040000
0	139	0.041667
0	144	0.032258
0	148	0.043478
0	153	0.040000
0	167	0.043478
0	169	0.062500
0	178	0.052632
0	180	0.031250
0	183	0.045455
0	189	0.055556
0	190	0.032258
0	191	0.033333
0	192	0.045455
0	194	0.052632
0	198	0.047619
0	211	0.047619
0	218	0.050000
0	219	0.052632
0	226	0.050000
0	239	0.052632
0	241	0.041667
0	249	0.055556
0	252	0.052632
0	269	0.066667
0	272	0.058824
0	276	0.062500
0	279	0.058824
0	281	0.055556
0	283	0.047619
0	289	0.058824
0	302	0.058824
0	303	0.058824
0	307	0.055556
0	308	0.066667
0	312	0.058824
0	314	0.058824
0	322	0.066667
0	325	0.062500
0	333	0.062500
0	343	0.062500
0	349	0.066667
0	358	0.058824
0	360	0.058824
0	365	0.058824
0	370	0.062500
0	371	0.066667
0	374	0.066667
0	378	0.066667
0	380	0.066667
0	381	0.066667
0	384	0.066667
0	386	0.066667
0	389	0.066667
1	0	0.007937
1	16	0.008621
1	17	0.008929
1	18	0.007042
1	19	0.009524
1	21	0.009524
1	22	0.009804
1	23	0.010101
1	24	0.010000
1	25	0.012658
1	28	0.013158
1	31	0.013514
1	36	0.016129
1	38	0.025641
1	40	0.017544
1	42	0.013889
1	43	0.014493
1	50	0.017544
1	53	0.025641
1	55	0.034483
1	60	0.027778
1	63	0.027027
1	66	0.025641
1	68	0.021739
1	69	0.028571
1	74	0.026316
1	78	0.027027
1	79	0.034483
1	81	0.025641
1	88	0.027027
1	93	0.032258
1	94	0.028571
1	99	0.027027
1	101	0.033333
1	103	0.029412
1	105	0.041667
1	112	0.027778
1	118	0.033333
1	137	0.040000
1	140	0.034483
1	149	0.035714
1	151	0.035714
1	161	0.041667
1	174	0.050000
1	175	0.041667
1	194	0.052632
1	219	0.052632
1	235	0.043478
1	242	0.045455
1	244	0.055556
1	275	0.050000
1	279	0.058824
1	281	0.055556
1	282	0.066667
1	285	0.047619
1	298	0.066667
1	306	0.055556
1	309	0.055556
1	315	0.058824
1	319	0.066667
1	320	0.062500
1	328	0.058824
1	378	0.066667
2	0	0.007937
2	16	0.008621
2	17	0.008929
2	18	0.007042
2	19	0.009524
2	20	0.010870
2	23	0.010101
2	32	0.016667
2	41	0.016129
2	42	0.013889
2	64	0.027778
2	66	0.025641
2	81	0.025641
2	114	0.038462
2	115	0.025000
2	118	0.033333
2	119	0.037037
2	131	0.040000
2	139	0.041667
2	144	0.032258
2	147	0.041667
2	150	0.033333
2	169	0.062500
2	170	0.050000
2	184	0.047619
2	206	0.043478
2	207	0.040000
2	230	0.058824
2	233	0.058824
2	244	0.055556
2	257	0.055556
2	288	0.052632
2	295	0.055556
2	301	0.062500
2	304	0.050000
2	314	0.058824
2	330	0.066667
2	338	0.066667
2	348	0.066667
2	363	0.062500
3	0	0.007937
3	16	0.008621
3	17	0.008929
3	18	0.007042
3	20	0.010870
3	21	0.009524
3	24	0.010000
3	26	0.013699
3	27	0.009615
3	30	0.015152
3	33	0.011111
3	38	0.025641
3	46	0.032258
3	53	0.025641
3	58	0.020408
3	61	0.028571
3	65	0.021277
3	78	0.027027
3	108	0.032258
3	136	0.037037
3	184	0.047619
3	190	0.032258
3	198	0.047619
3	205	0.043478
3	242	0.045455
3	247	0.058824
3	257	0.055556
3	276	0.062500
3	301	0.062500
3	302	0.058824
3	317	0.055556
3	326	0.062500
3	357	0.066667
4	0	0.007937
4	16	0.008621
4	17	0.008929
4	19	0.009524
4	20	0.010870
4	21	0.009524
4	22	0.009804
4	23	0.010101
4	25	0.012658
4	27	0.009615
4	29	0.014706
4	31	0.013514
4	32	0.016667
4	33	0.011111
4	40	0.017544
4	48	0.017544
4	49	0.031250
4	51	0.019608
4	53	0.025641
4	56	0.020000
4	62	0.027778
4	65	0.021277
4	66	0.025641
4	71	0.031250
4	77	0.031250
4	78	0.027027
4	89	0.034483
4	95	0.035714
4	118	0.033333
4	125	0.035714
4	130	0.040000
4	140	0.034483
4	142	0.040000
4	146	0.043478
4	149	0.035714
4	157	0.041667
4	188	0.058824
4	190	0.032258
4	192	0.045455
4	197	0.040000
4	200	0.041667
4	222	0.045455
4	234	0.055556
4	259	0.047619
4	283	0.047619
4	284	0.045455
4	294	0.058824
4	319	0.066667
4	326	0.062500
4	349	0.066667
4	354	0.062500
4	357	0.066667
4	374	0.066667
5	0	0.007937
5	16	0.008621
5	17	0.008929
5	18	0.007042
5	20	0.010870
5	25	0.012658
5	30	0.015152
5	31	0.013514
5	32	0.016667
5	35	0.014925
5	37	0.020000
5	39	0.028571
5	45	0.013158
5	53	0.025641
5	58	0.020408
5	71	0.031250
5	75	0.026316
5	77	0.031250
5	83	0.043478
5	84	0.031250
5	86	0.038462
5	93	0.032258
5	106	0.030303
5	114	0.038462
5	128	0.045455
5	137	0.040000
5	147	0.041667
5	159	0.041667
5	162	0.038462
5	165	0.041667
5	168	0.041667
5	180	0.031250
5	182	0.041667
5	193	0.041667
5	197	0.040000
5	206	0.043478
5	208	0.047619
5	219	0.052632
5	232	0.050000
5	245	0.055556
5	278	0.062500
5	281	0.055556
5	312	0.058824
5	322	0.066667
5	325	0.062500
5	326	0.062500
5	333	0.062500
5	345	0.066667
5	354	0.062500
5	362	0.062500
5	364	0.062500
5	385	0.066667
6	0	0.007937
6	17	0.008929
6	18	0.007042
6	19	0.009524
6	20	0.010870
6	21	0.009524
6	23	0.010101
6	25	0.012658
6	26	0.013699
6	28	0.013158
6	31	0.013514
6	35	0.014925
6	36	0.016129
6	41	0.016129
6	42	0.013889
6	48	0.017544
6	59	0.020000
6	63	0.027027
6	67	0.022727
6	71	0.031250
6	72	0.030303
6	76	0.022222
6	82	0.032258
6	93	0.032258
6	97	0.029412
6	100	0.027027
6	108	0.032258
6	113	0.030303
6	117	0.045455
6	120	0.033333
6	124	0.031250
6	135	0.041667
6	142	0.040000
6	144	0.032258
6	156	0.052632
6	158	0.047619
6	160	0.034483
6	163	0.030303
6	164	0.045455
6	171	0.045455
6	177	0.040000
6	183	0.045455
6	215	0.052632
6	227	0.045455
6	231	0.052632
6	235	0.043478
6	237	0.043478
6	238	0.050000
6	241	0.041667
6	243	0.045455
6	258	0.055556
6	262	0.055556
6	304	0.050000
6	371	0.066667
6	372	0.062500
6	388	0.066667
7	0	0.007937
7	16	0.008621
7	17	0.008929
7	18	0.007042
7	19	0.009524
7	20	0.010870
7	21	0.009524
7	25	0.012658
7	28	0.013158
7	29	0.014706
7	30	0.015152
7	33	0.011111
7	36	0.016129
7	37	0.020000
7	41	0.016129
7	43	0.014493
7	44	0.020408
7	51	0.019608
7	53	0.025641
7	55	0.034483
7	58	0.020408
7	61	0.028571
7	63	0.027027
7	71	0.031250
7	77	0.031250
7	78	0.027027
7	87	0.031250
7	119	0.037037
7	127	0.025641
7	130	0.040000
7	133	0.043478
7	144	0.032258
7	163	0.030303
7	166	0.029412
7	172	0.040000
7	177	0.040000
7	179	0.038462
7	183	0.045455
7	185	0.045455
7	198	0.047619
7	211	0.047619
7	221	0.045455
7	235	0.043478
7	241	0.041667
7	272	0.058824
7	273	0.055556
7	274	0.052632
7	318	0.058824
7	344	0.058824
7	376	0.066667
8	0	0.007937
8	16	0.008621
8	17	0.008929
8	18	0.007042
8	19	0.009524
8	20	0.010870
8	22	0.009804
8	23	0.010101
8	24	0.010000
8	25	0.012658
8	26	0.013699
8	27	0.009615
8	28	0.013158
8	29	0.014706
8	30	0.015152
8	32	0.016667
8	33	0.011111
8	34	0.015625
8	36	0.016129
8	37	0.020000
8	38	0.025641
8	40	0.017544
8	44	0.020408
8	46	0.032258
8	49	0.031250
8	50	0.017544
8	55	0.034483
8	56	0.020000
8	61	0.028571
8	63	0.027027
8	64	0.027778
8	65	0.021277
8	77	0.031250
8	78	0.027027
8	81	0.025641
8	86	0.038462
8	91	0.037037
8	97	0.029412
8	99	0.027027
8	101	0.033333
8	103	0.029412
8	107	0.028571
8	114	0.038462
8	121	0.029412
8	127	0.025641
8	129	0.041667
8	130	0.040000
8	135	0.041667
8	140	0.034483
8	142	0.040000
8	146	0.043478
8	148	0.043478
8	155	0.041667
8	166	0.029412
8	168	0.041667
8	170	0.050000
8	172	0.040000
8	176	0.062500
8	181	0.043478
8	185	0.045455
8	197	0.040000
8	202	0.050000
8	208	0.047619
8	219	0.052632
8	227	0.045455
8	237	0.043478
8	239	0.052632
8	241	0.041667
8	247	0.058824
8	253	0.050000
8	255	0.058824
8	260	0.047619
8	262	0.055556
8	264	0.055556
8	270	0.050000
8	281	0.055556
8	299	0.058824
8	304	0.050000
8	306	0.055556
8	312	0.058824
8	318	0.058824
8	323	0.066667
8	336	0.055556
8	338	0.066667
8	342	0.055556
8	345	0.066667
8	358	0.058824
8	360	0.058824
8	362	0.062500
8	367	0.066667
8	370	0.062500
8	372	0.062500
8	376	0.066667
8	383	0.066667
8	384	0.066667
8	388	0.066667
9	0	0.007937
9	16	0.008621
9	17	0.008929
9	18	0.007042
9	19	0.009524
9	21	0.009524
9	22	0.009804
9	28	0.013158
9	29	0.014706
9	31	0.013514
9	32	0.016667
9	34	0.015625
9	41	0.016129
9	44	0.020408
9	49	0.031250
9	50	0.017544
9	69	0.028571
9	73	0.027027
9	78	0.027027
9	88	0.027027
9	89	0.034483
9	101	0.033333
9	113	0.030303
9	128	0.045455
9	143	0.038462
9	158	0.047619
9	166	0.029412
9	168	0.041667
9	174	0.050000
9	190	0.032258
9	204	0.050000
9	206	0.043478
9	211	0.047619
9	218	0.050000
9	243	0.045455
9	244	0.055556
9	266	0.055556
9	279	0.058824
9	296	0.062500
9	314	0.058824
9	341	0.058824
9	353	0.062500
9	359	0.058824
9	386	0.066667
10	0	0.007937
10	16	0.008621
10	17	0.008929
10	19	0.009524
10	20	0.010870
10	22	0.009804
10	24	0.010000
10	26	0.013699
10	40	0.017544
10	44	0.020408
10	51	0.019608
10	63	0.027027
10	72	0.030303
10	93	0.032258
10	101	0.033333
10	106	0.030303
10	111	0.032258
10	129	0.041667
10	142	0.040000
10	145	0.041667
10	147	0.041667
10	156	0.052632
10	199	0.038462
10	210	0.050000
10	213	0.055556
10	232	0.050000
10	236	0.043478
10	241	0.041667
10	252	0.052632
10	276	0.062500
10	292	0.062500
10	332	0.058824
10	359	0.058824
10	360	0.058824
10	361	0.066667
10	380	0.066667
11	0	0.007937
11	16	0.008621
11	18	0.007042
11	19	0.009524
11	20	0.010870
11	22	0.009804
11	31	0.013514
11	34	0.015625
11	39	0.028571
11	41	0.016129
11	49	0.031250
11	61	0.028571
11	69	0.028571
11	75	0.026316
11	80	0.027778
11	94	0.028571
11	112	0.027778
11	122	0.027778
11	126	0.033333
11	136	0.037037
11	150	0.033333
11	172	0.040000
11	182	0.041667
11	198	0.047619
11	213	0.055556
11	221	0.045455
11	233	0.058824
11	237	0.043478
11	239	0.052632
11	251	0.055556
11	254	0.066667
11	264	0.055556
11	268	0.055556
11	272	0.058824
11	287	0.062500
11	295	0.055556
11	310	0.062500
11	389	0.066667
12	0	0.007937
12	16	0.008621
12	17	0.008929
12	18	0.007042
12	22	0.009804
12	27	0.009615
12	30	0.015152
12	31	0.013514
12	33	0.011111
12	36	0.016129
12	47	0.020833
12	50	0.017544
12	52	0.023810
12	54	0.020408
12	60	0.027778
12	64	0.027778
12	69	0.028571
12	72	0.030303
12	73	0.027027
12	76	0.022222
12	81	0.025641
12	82	0.032258
12	83	0.043478
12	90	0.040000
12	91	0.037037
12	94	0.028571
12	98	0.032258
12	103	0.029412
12	108	0.032258
12	110	0.025641
12	112	0.027778
12	115	0.025000
12	116	0.052632
12	124	0.031250
12	128	0.045455
12	136	0.037037
12	141	0.045455
12	157	0.041667
12	158	0.047619
12	161	0.041667
12	164	0.045455
12	170	0.050000
12	173	0.035714
12	175	0.041667
12	177	0.040000
12	180	0.031250
12	181	0.043478
12	184	0.047619
12	198	0.047619
12	200	0.041667
12	201	0.043478
12	202	0.050000
12	209	0.047619
12	225	0.040000
12	228	0.052632
12	232	0.050000
12	233	0.058824
12	236	0.043478
12	252	0.052632
12	270	0.050000
12	279	0.058824
12	292	0.062500
12	311	0.058824
12	314	0.058824
12	315	0.058824
12	317	0.055556
12	323	0.066667
12	325	0.062500
12	329	0.058824
12	338	0.066667
12	340	0.062500
12	353	0.062500
12	356	0.066667
12	358	0.058824
12	373	0.066667
13	0	0.007937
13	16	0.008621
13	17	0.008929
13	18	0.007042
13	19	0.009524
13	21	0.009524
13	22	0.009804
13	23	0.010101
13	25	0.012658
13	27	0.009615
13	29	0.014706
13	35	0.014925
13	36	0.016129
13	37	0.020000
13	42	0.013889
13	43	0.014493
13	44	0.020408
13	54	0.020408
13	57	0.019608
13	68	0.021739
13	69	0.028571
13	72	0.030303
13	78	0.027027
13	88	0.027027
13	90	0.040000
13	92	0.027778
13	104	0.032258
13	135	0.041667
13	139	0.041667
13	142	0.040000
13	146	0.043478
13	151	0.035714
13	159	0.041667
13	160	0.034483
13	167	0.043478
13	196	0.047619
13	206	0.043478
13	236	0.043478
13	242	0.045455
13	246	0.050000
13	261	0.058824
13	277	0.066667
13	283	0.047619
13	318	0.058824
13	324	0.058824
13	342	0.055556
13	349	0.066667
13	362	0.062500
13	374	0.066667
13	377	0.066667
14	0	0.007937
14	16	0.008621
14	18	0.007042
14	19	0.009524
14	20	0.010870
14	21	0.009524
14	22	0.009804
14	23	0.010101
14	24	0.010000
14	26	0.013699
14	27	0.009615
14	28	0.013158
14	32	0.016667
14	34	0.015625
14	39	0.028571
14	52	0.023810
14	55	0.034483
14	58	0.020408
14	62	0.027778
14	76	0.022222
14	80	0.027778
14	81	0.025641
14	92	0.027778
14	101	0.033333
14	108	0.032258
14	109	0.029412
14	123	0.035714
14	124	0.031250
14	126	0.033333
14	128	0.045455
14	130	0.040000
14	133	0.043478
14	148	0.043478
14	157	0.041667
14	178	0.052632
14	180	0.031250
14	184	0.047619
14	190	0.032258
14	209	0.047619
14	215	0.052632
14	224	0.055556
14	229	0.055556
14	231	0.052632
14	234	0.055556
14	237	0.043478
14	243	0.045455
14	254	0.066667
14	256	0.066667
14	297	0.058824
14	308	0.066667
14	310	0.062500
14	317	0.055556
14	323	0.066667
14	334	0.062500
14	348	0.066667
14	357	0.066667
15	0	0.007937
15	16	0.008621
15	17	0.008929
15	21	0.009524
15	23	0.010101
15	24	0.010000
15	27	0.009615
15	28	0.013158
15	33	0.011111
15	34	0.015625
15	52	0.023810
15	54	0.020408
15	65	0.021277
15	78	0.027027
15	80	0.027778
15	142	0.040000
15	154	0.041667
15	209	0.047619
15	250	0.045455
15	258	0.055556
15	299	0.058824
15	308	0.066667
15	380	0.066667
16	0	0.007937
16	1	0.015873
16	2	0.025000
16	3	0.030303
16	4	0.018868
16	5	0.019231
16	7	0.020000
16	8	0.010417
16	9	0.022727
16	10	0.027778
16	11	0.026316
16	12	0.013333
16	13	0.020000
16	14	0.017857
16	15	0.043478
16	17	0.008929
16	18	0.007042
16	19	0.009524
16	20	0.010870
16	21	0.009524
16	23	0.010101
16	24	0.010000
16	25	0.012658
16	26	0.013699
16	29	0.014706
16	30	0.015152
16	34	0.015625
16	35	0.014925
16	36	0.016129
16	38	0.025641
16	41	0.016129
16	42	0.013889
16	44	0.020408
16	46	0.032258
16	47	0.020833
16	48	0.017544
16	49	0.031250
16	50	0.017544
16	53	0.025641
16	54	0.020408
16	56	0.020000
16	57	0.019608
16	60	0.027778
16	61	0.028571
16	64	0.027778
16	66	0.025641
16	75	0.026316
16	76	0.022222
16	77	0.031250
16	79	0.034483
16	81	0.025641
16	82	0.032258
16	84	0.031250
16	87	0.031250
16	89	0.034483
16	93	0.032258
16	95	0.035714
16	98	0.032258
16	101	0.033333
16	104	0.032258
16	110	0.025641
16	111	0.032258
16	115	0.025000
16	116	0.052632
16	119	0.037037
16	123	0.035714
16	124	0.031250
16	126	0.033333
16	127	0.025641
16	128	0.045455
16	136	0.037037
16	138	0.050000
16	139	0.041667
16	145	0.041667
16	151	0.035714
16	160	0.034483
16	168	0.041667
16	175	0.041667
16	180	0.031250
16	183	0.045455
16	187	0.043478
16	189	0.055556
16	194	0.052632
16	201	0.043478
16	209	0.047619
16	213	0.055556
16	216	0.050000
16	217	0.040000
16	225	0.040000
16	227	0.045455
16	230	0.058824
16	240	0.050000
16	243	0.045455
16	254	0.066667
16	255	0.058824
16	258	0.055556
16	265	0.050000
16	273	0.055556
16	280	0.062500
16	281	0.055556
16	296	0.062500
16	305	0.062500
16	309	0.055556
16	310	0.062500
16	315	0.058824
16	317	0.055556
16	318	0.058824
16	326	0.062500
16	337	0.062500
16	339	0.062500
16	342	0.055556
16	345	0.066667
16	346	0.062500
16	368	0.066667
16	370	0.062500
16	387	0.066667
17	0	0.007937
17	1	0.015873
17	2	0.025000
17	3	0.030303
17	4	0.018868
17	5	0.019231
17	6	0.017857
17	7	0.020000
17	8	0.010417
17	9	0.022727
17	10	0.027778
17	12	0.013333
17	13	0.020000
17	15	0.043478
17	16	0.008621
17	18	0.007042
17	19	0.009524
17	20	0.010870
17	21	0.009524
17	22	0.009804
17	23	0.010101
17	24	0.010000
17	25	0.012658
17	27	0.009615
17	29	0.014706
17	30	0.015152
17	31	0.013514
17	32	0.016667
17	33	0.011111
17	36	0.016129
17	37	0.020000
17	38	0.025641
17	39	0.028571
17	44	0.020408
17	45	0.013158
17	47	0.020833
17	48	0.017544
17	49	0.031250
17	54	0.020408
17	65	0.021277
17	67	0.022727
17	71	0.031250
17	73	0.027027
17	74	0.026316
17	75	0.026316
17	78	0.027027
17	80	0.027778
17	82	0.032258
17	83	0.043478
17	85	0.038462
17	89	0.034483
17	91	0.037037
17	92	0.027778
17	94	0.028571
17	95	0.035714
17	100	0.027027
17	102	0.026316
17	107	0.028571
17	109	0.029412
17	118	0.033333
17	119	0.037037
17	120	0.033333
17	121	0.029412
17	124	0.031250
17	126	0.033333
17	136	0.037037
17	138	0.050000
17	139	0.041667
17	141	0.045455
17	145	0.041667
17	148	0.043478
17	149	0.035714
17	150	0.033333
17	152	0.047619
17	155	0.041667
17	156	0.052632
17	159	0.041667
17	163	0.030303
17	170	0.050000
17	175	0.041667
17	181	0.043478
17	185	0.045455
17	186	0.033333
17	189	0.055556
17	194	0.052632
17	197	0.040000
17	206	0.043478
17	212	0.050000
17	219	0.052632
17	220	0.055556
17	232	0.050000
17	235	0.043478
17	236	0.043478
17	239	0.052632
17	255	0.058824
17	257	0.055556
17	275	0.050000
17	288	0.052632
17	294	0.058824
17	305	0.062500
17	313	0.058824
17	328	0.058824
17	331	0.058824
17	350	0.066667
17	366	0.066667
17	367	0.066667
17	368	0.066667
17	369	0.062500
17	372	0.062500
17	373	0.066667
17	376	0.066667
17	388	0.066667
18	0	0.007937
18	1	0.015873
18	2	0.025000
18	3	0.030303
18	5	0.019231
18	6	0.017857
18	7	0.020000
18	8	0.010417
18	9	0.022727
18	11	0.026316
18	12	0.013333
18	13	0.020000
18	14	0.017857
18	16	0.008621
18	17	0.008929
18	19	0.009524
18	20	0.010870
18	21	0.009524
18	22	0.009804
18	23	0.010101
18	24	0.010000
18	25	0.012658
18	26	0.013699
18	27	0.009615
18	28	0.013158
18	29	0.014706
18	30	0.015152
18	31	0.013514
18	32	0.016667
18	33	0.011111
18	34	0.015625
18	35	0.014925
18	38	0.025641
18	43	0.014493
18	48	0.017544
18	50	0.017544
18	51	0.019608
18	52	0.023810
18	53	0.025641
18	55	0.034483
18	56	0.020000
18	57	0.019608
18	59	0.020000
18	60	0.027778
18	63	0.027027
18	67	0.022727
18	73	0.027027
18	76	0.022222
18	79	0.034483
18	80	0.027778
18	81	0.025641
18	82	0.032258
18	84	0.031250
18	85	0.038462
18	89	0.034483
18	90	0.040000
18	93	0.032258
18	94	0.028571
18	97	0.029412
18	100	0.027027
18	101	0.033333
18	103	0.029412
18	105	0.041667
18	106	0.030303
18	107	0.028571
18	108	0.032258
18	110	0.025641
18	111	0.032258
18	112	0.027778
18	115	0.025000
18	117	0.045455
18	119	0.037037
18	122	0.027778
18	123	0.035714
18	124	0.031250
18	127	0.025641
18	129	0.041667
18	135	0.041667
18	136	0.037037
18	143	0.038462
18	146	0.043478
18	147	0.041667
18	149	0.035714
18	153	0.040000
18	158	0.047619
18	160	0.034483
18	166	0.029412
18	167	0.043478
18	172	0.040000
18	179	0.038462
18	181	0.043478
18	187	0.043478
18	188	0.058824
18	189	0.055556
18	192	0.045455
18	194	0.052632
18	197	0.040000
18	198	0.047619
18	199	0.038462
18	200	0.041667
18	201	0.043478
18	202	0.050000
18	204	0.050000
18	211	0.047619
18	212	0.050000
18	216	0.050000
18	217	0.040000
18	226	0.050000
18	239	0.052632
18	245	0.055556
18	248	0.062500
18	250	0.045455
18	251	0.055556
18	252	0.052632
18	263	0.045455
18	265	0.050000
18	266	0.055556
18	273	0.055556
18	274	0.052632
18	278	0.062500
18	288	0.052632
18	291	0.062500
18	293	0.058824
18	295	0.055556
18	297	0.058824
18	298	0.066667
18	302	0.058824
18	305	0.062500
18	323	0.066667
18	324	0.058824
18	333	0.062500
18	334	0.062500
18	337	0.062500
18	338	0.066667
18	346	0.062500
18	349	0.066667
18	352	0.066667
18	361	0.066667
18	363	0.062500
18	367	0.066667
18	371	0.066667
18	387	0.066667
19	0	0.007937
19	1	0.015873
19	2	0.025000
19	4	0.018868
19	6	0.017857
19	7	0.020000
19	8	0.010417
19	9	0.022727
19	10	0.027778
19	11	0.026316
19	13	0.020000
19	14	0.017857
19	16	0.008621
19	17	0.008929
19	18	0.007042
19	20	0.010870
19	21	0.009524
19	22	0.009804
19	23	0.010101
19	24	0.010000
19	25	0.012658
19	26	0.013699
19	27	0.009615
19	28	0.013158
19	29	0.014706
19	32	0.016667
19	34	0.015625
19	35	0.014925
19	36	0.016129
19	40	0.017544
19	43	0.014493
19	46	0.032258
19	49	0.031250
19	53	0.025641
19	56	0.020000
19	58	0.020408
19	60	0.027778
19	63	0.027027
19	64	0.027778
19	65	0.021277
19	66	0.025641
19	68	0.021739
19	71	0.031250
19	73	0.027027
19	74	0.026316
19	76	0.022222
19	80	0.027778
19	81	0.025641
19	83	0.043478
19	84	0.031250
19	85	0.038462
19	86	0.038462
19	87	0.031250
19	88	0.027027
19	89	0.034483
19	93	0.032258
19	96	0.023810
19	99	0.027027
19	100	0.027027
19	102	0.026316
19	107	0.028571
19	108	0.032258
19	110	0.025641
19	116	0.052632
19	117	0.045455
19	124	0.031250
19	131	0.040000
19	137	0.040000
19	139	0.041667
19	141	0.045455
19	144	0.032258
19	147	0.041667
19	151	0.035714
19	155	0.041667
19	156	0.052632
19	159	0.041667
19	163	0.030303
19	166	0.029412
19	184	0.047619
19	187	0.043478
19	199	0.038462
19	210	0.050000
19	225	0.040000
19	230	0.058824
19	232	0.050000
19	250	0.045455
19	258	0.055556
19	265	0.050000
19	268	0.055556
19	303	0.058824
19	311	0.058824
19	313	0.058824
19	319	0.066667
19	323	0.066667
19	331	0.058824
19	333	0.062500
19	336	0.055556
19	343	0.062500
19	346	0.062500
19	355	0.062500
19	373	0.066667
19	377	0.066667
19	379	0.066667
19	384	0.066667
19	388	0.066667
20	0	0.007937
20	2	0.025000
20	3	0.030303
20	4	0.018868
20	5	0.019231
20	6	0.017857
20	7	0.020000
20	8	0.010417
20	10	0.027778
20	11	0.026316
20	14	0.017857
20	16	0.008621
20	17	0.008929
20	18	0.007042
20	19	0.009524
20	21	0.009524
20	22	0.009804
20	23	0.010101
20	24	0.010000
20	25	0.012658
20	26	0.013699
20	27	0.009615
20	29	0.014706
20	32	0.016667
20	33	0.011111
20	35	0.014925
20	37	0.020000
20	40	0.017544
20	42	0.013889
20	43	0.014493
20	45	0.013158
20	52	0.023810
20	55	0.034483
20	59	0.020000
20	62	0.027778
20	68	0.021739
20	70	0.032258
20	71	0.031250
20	72	0.030303
20	80	0.027778
20	81	0.025641
20	96	0.023810
20	102	0.026316
20	103	0.029412
20	106	0.030303
20	108	0.032258
20	112	0.027778
20	113	0.030303
20	114	0.038462
20	117	0.045455
20	118	0.033333
20	120	0.033333
20	121	0.029412
20	123	0.035714
20	138	0.050000
20	142	0.040000
20	145	0.041667
20	146	0.043478
20	147	0.041667
20	157	0.041667
20	159	0.041667
20	160	0.034483
20	166	0.029412
20	171	0.045455
20	176	0.062500
20	177	0.040000
20	194	0.052632
20	210	0.050000
20	221	0.045455
20	222	0.045455
20	225	0.040000
20	230	0.058824
20	233	0.058824
20	244	0.055556
20	263	0.045455
20	271	0.055556
20	273	0.055556
20	278	0.062500
20	283	0.047619
20	286	0.055556
20	290	0.055556
20	301	0.062500
20	317	0.055556
20	324	0.058824
20	328	0.058824
20	351	0.062500
20	359	0.058824
20	370	0.062500
20	372	0.062500
20	373	0.066667
20	380	0.066667
20	385	0.066667
21	0	0.007937
21	1	0.015873
21	3	0.030303
21	4	0.018868
21	6	0.017857
21	7	0.020000
21	9	0.022727
21	13	0.020000
21	14	0.017857
21	15	0.043478
21	16	0.008621
21	17	0.008929
21	18	0.007042
21	19	0.009524
21	20	0.010870
21	22	0.009804
21	23	0.010101
21	24	0.010000
21	26	0.013699
21	27	0.009615
21	30	0.015152
21	32	0.016667
21	35	0.014925
21	37	0.020000
21	38	0.025641
21	39	0.028571
21	40	0.017544
21	42	0.013889
21	43	0.014493
21	45	0.013158
21	46	0.032258
21	48	0.017544
21	52	0.023810
21	57	0.019608
21	59	0.020000
21	61	0.028571
21	63	0.027027
21	64	0.027778
21	65	0.021277
21	68	0.021739
21	69	0.028571
21	72	0.030303
21	75	0.026316
21	77	0.031250
21	82	0.032258
21	83	0.043478
21	89	0.034483
21	90	0.040000
21	92	0.027778
21	95	0.035714
21	96	0.023810
21	97	0.029412
21	101	0.033333
21	102	0.026316
21	103	0.029412
21	106	0.030303
21	108	0.032258
21	116	0.052632
21	123	0.035714
21	126	0.033333
21	133	0.043478
21	135	0.041667
21	137	0.040000
21	141	0.045455
21	144	0.032258
21	153	0.040000
21	154	0.041667
21	163	0.030303
21	165	0.041667
21	173	0.035714
21	194	0.052632
21	199	0.038462
21	200	0.041667
21	205	0.043478
21	206	0.043478
21	218	0.050000
21	235	0.043478
21	236	0.043478
21	248	0.062500
21	250	0.045455
21	252	0.052632
21	255	0.058824
21	267	0.062500
21	268	0.055556
21	272	0.058824
21	275	0.050000
21	277	0.066667
21	278	0.062500
21	284	0.045455
21	287	0.062500
21	293	0.058824
21	300	0.062500
21	302	0.058824
21	313	0.058824
21	321	0.062500
21	328	0.058824
21	335	0.062500
21	336	0.055556
21	345	0.066667
21	346	0.062500
21	375	0.062500
21	376	0.066667
21	380	0.066667
21	383	0.066667
21	386	0.066667
22	0	0.007937
22	1	0.015873
22	4	0.018868
22	8	0.010417
22	9	0.022727
22	10	0.027778
22	11	0.026316
22	12	0.013333
22	13	0.020000
22	14	0.017857
22	17	0.008929
22	18	0.007042
22	19	0.009524
22	20	0.010870
22	21	0.009524
22	24	0.010000
22	26	0.013699
22	27	0.009615
22	28	0.013158
22	29	0.014706
22	31	0.013514
22	33	0.011111
22	34	0.015625
22	38	0.025641
22	40	0.017544
22	41	0.016129
22	42	0.013889
22	44	0.020408
22	45	0.013158
22	46	0.032258
22	47	0.020833
22	50	0.017544
22	51	0.019608
22	53	0.025641
22	59	0.020000
22	62	0.027778
22	66	0.025641
22	68	0.021739
22	74	0.026316
22	76	0.022222
22	79	0.034483
22	83	0.043478
22	85	0.038462
22	86	0.038462
22	89	0.034483
22	91	0.037037
22	94	0.028571
22	96	0.023810
22	97	0.029412
22	99	0.027027
22	105	0.041667
22	107	0.028571
22	108	0.032258
22	109	0.029412
22	111	0.032258
22	113	0.030303
22	117	0.045455
22	125	0.035714
22	126	0.033333
22	127	0.025641
22	129	0.041667
22	134	0.041667
22	137	0.040000
22	141	0.045455
22	143	0.038462
22	146	0.043478
22	153	0.040000
22	164	0.045455
22	171	0.045455
22	172	0.040000
22	188	0.058824
22	195	0.047619
22	197	0.040000
22	200	0.041667
22	208	0.047619
22	213	0.055556
22	223	0.058824
22	224	0.055556
22	226	0.050000
22	235	0.043478
22	237	0.043478
22	243	0.045455
22	245	0.055556
22	252	0.052632
22	259	0.047619
22	260	0.047619
22	268	0.055556
22	275	0.050000
22	280	0.062500
22	284	0.045455
22	292	0.062500
22	299	0.058824
22	302	0.058824
22	303	0.058824
22	305	0.062500
22	309	0.055556
22	312	0.058824
22	341	0.058824
22	345	0.066667
22	347	0.058824
22	369	0.062500
22	371	0.066667
23	0	0.007937
23	1	0.015873
23	2	0.025000
23	4	0.018868
23	6	0.017857
23	8	0.010417
23	13	0.020000
23	14	0.017857
23	15	0.043478
23	16	0.008621
23	17	0.008929
23	18	0.007042
23	19	0.009524
23	20	0.010870
23	21	0.009524
23	24	0.010000
23	25	0.012658
23	26	0.013699
23	27	0.009615
23	28	0.013158
23	29	0.014706
23	30	0.015152
23	35	0.014925
23	37	0.020000
23	38	0.025641
23	40	0.017544
23	41	0.016129
23	45	0.013158
23	46	0.032258
23	47	0.020833
23	48	0.017544
23	50	0.017544
23	54	0.020408
23	55	0.034483
23	56	0.020000
23	57	0.019608
23	61	0.028571
23	63	0.027027
23	64	0.027778
23	66	0.025641
23	68	0.021739
23	69	0.028571
23	70	0.032258
23	71	0.031250
23	74	0.026316
23	78	0.027027
23	82	0.032258
23	83	0.043478
23	86	0.038462
23	87	0.031250
23	91	0.037037
23	96	0.023810
23	97	0.029412
23	99	0.027027
23	102	0.026316
23	103	0.029412
23	106	0.030303
23	107	0.028571
23	109	0.029412
23	110	0.025641
23	112	0.027778
23	117	0.045455
23	124	0.031250
23	125	0.035714
23	127	0.025641
23	129	0.041667
23	130	0.040000
23	149	0.035714
23	151	0.035714
23	152	0.047619
23	154	0.041667
23	155	0.041667
23	156	0.052632
23	177	0.040000
23	203	0.045455
23	206	0.043478
23	208	0.047619
23	216	0.050000
23	218	0.050000
23	221	0.045455
23	226	0.050000
23	242	0.045455
23	249	0.055556
23	259	0.047619
23	260	0.047619
23	269	0.066667
23	289	0.058824
23	290	0.055556
23	293	0.058824
23	298	0.066667
23	311	0.058824
23	316	0.055556
23	326	0.062500
23	339	0.062500
23	353	0.062500
23	360	0.058824
23	369	0.062500
23	376	0.066667
23	378	0.066667
24	0	0.007937
24	1	0.015873
24	3	0.030303
24	8	0.010417
24	10	0.027778
24	14	0.017857
24	15	0.043478
24	16	0.008621
24	17	0.008929
24	18	0.007042
24	19	0.009524
24	20	0.010870
24	21	0.009524
24	22	0.009804
24	23	0.010101
24	25	0.012658
24	26	0.013699
24	27	0.009615
24	28	0.013158
24	29	0.014706
24	33	0.011111
24	34	0.015625
24	35	0.014925
24	36	0.016129
24	38	0.025641
24	39	0.028571
24	40	0.017544
24	41	0.016129
24	45	0.013158
24	47	0.020833
24	48	0.017544
24	49	0.031250
24	51	0.019608
24	52	0.023810
24	53	0.025641
24	60	0.027778
24	69	0.028571
24	71	0.031250
24	72	0.030303
24	73	0.027027
24	77	0.031250
24	83	0.043478
24	86	0.038462
24	87	0.031250
24	90	0.040000
24	94	0.028571
24	95	0.035714
24	97	0.029412
24	106	0.030303
24	107	0.028571
24	109	0.029412
24	111	0.032258
24	115	0.025000
24	134	0.041667
24	139	0.041667
24	143	0.038462
24	151	0.035714
24	154	0.041667
24	158	0.047619
24	160	0.034483
24	167	0.043478
24	168	0.041667
24	171	0.045455
24	178	0.052632
24	179	0.038462
24	180	0.031250
24	185	0.045455
24	188	0.058824
24	194	0.052632
24	196	0.047619
24	201	0.043478
24	202	0.050000
24	204	0.050000
24	207	0.040000
24	226	0.050000
24	230	0.058824
24	233	0.058824
24	236	0.043478
24	244	0.055556
24	246	0.050000
24	262	0.055556
24	264	0.055556
24	274	0.052632
24	276	0.062500
24	281	0.055556
24	288	0.052632
24	294	0.058824
24	301	0.062500
24	303	0.058824
24	305	0.062500
24	317	0.055556
24	319	0.066667
24	328	0.058824
24	335	0.062500
24	344	0.058824
24	354	0.062500
24	360	0.058824
24	366	0.066667
24	379	0.066667
24	383	0.066667
25	0	0.007937
25	1	0.015873
25	4	0.018868
25	5	0.019231
25	6	0.017857
25	7	0.020000
25	8	0.010417
25	13	0.020000
25	16	0.008621
25	17	0.008929
25	18	0.007042
25	19	0.009524
25	20	0.010870
25	23	0.010101
25	24	0.010000
25	26	0.013699
25	29	0.014706
25	30	0.015152
25	31	0.013514
25	33	0.011111
25	35	0.014925
25	36	0.016129
25	38	0.025641
25	39	0.028571
25	40	0.017544
25	41	0.016129
25	47	0.020833
25	50	0.017544
25	51	0.019608
25	54	0.020408
25	56	0.020000
25	58	0.020408
25	60	0.027778
25	61	0.028571
25	65	0.021277
25	70	0.032258
25	73	0.027027
25	82	0.032258
25	85	0.038462
25	88	0.027027
25	90	0.040000
25	92	0.027778
25	96	0.023810
25	101	0.033333
25	102	0.026316
25	103	0.029412
25	105	0.041667
25	107	0.028571
25	111	0.032258
25	128	0.045455
25	132	0.037037
25	137	0.040000
25	140	0.034483
25	141	0.045455
25	147	0.041667
25	158	0.047619
25	162	0.038462
25	175	0.041667
25	199	0.038462
25	202	0.050000
25	205	0.043478
25	206	0.043478
25	217	0.040000
25	229	0.055556
25	240	0.050000
25	255	0.058824
25	264	0.055556
25	277	0.066667
25	289	0.058824
25	292	0.062500
25	297	0.058824
25	312	0.058824
25	313	0.058824
25	322	0.066667
25	331	0.058824
25	356	0.066667
25	368	0.066667
25	381	0.066667
25	383	0.066667
26	0	0.007937
26	3	0.030303
26	6	0.017857
26	8	0.010417
26	10	0.027778
26	14	0.017857
26	16	0.008621
26	18	0.007042
26	19	0.009524
26	20	0.010870
26	21	0.009524
26	22	0.009804
26	23	0.010101
26	24	0.010000
26	25	0.012658
26	28	0.013158
26	30	0.015152
26	32	0.016667
26	34	0.015625
26	35	0.014925
26	45	0.013158
26	52	0.023810
26	53	0.025641
26	55	0.034483
26	66	0.025641
26	69	0.028571
26	70	0.032258
26	74	0.026316
26	75	0.026316
26	81	0.025641
26	86	0.038462
26	88	0.027027
26	89	0.034483
26	99	0.027027
26	103	0.029412
26	107	0.028571
26	114	0.038462
26	118	0.033333
26	121	0.029412
26	122	0.027778
26	124	0.031250
26	134	0.041667
26	137	0.040000
26	150	0.033333
26	161	0.041667
26	163	0.030303
26	164	0.045455
26	186	0.033333
26	189	0.055556
26	192	0.045455
26	193	0.041667
26	199	0.038462
26	212	0.050000
26	238	0.050000
26	239	0.052632
26	248	0.062500
26	249	0.055556
26	257	0.055556
26	261	0.058824
26	278	0.062500
26	283	0.047619
26	295	0.055556
26	309	0.055556
26	314	0.058824
26	321	0.062500
26	332	0.058824
26	349	0.066667
26	353	0.062500
26	360	0.058824
26	365	0.058824
26	366	0.066667
26	372	0.062500
26	385	0.066667
27	3	0.030303
27	4	0.018868
27	8	0.010417
27	12	0.013333
27	13	0.020000
27	14	0.017857
27	15	0.043478
27	17	0.008929
27	18	0.007042
27	19	0.009524
27	20	0.010870
27	21	0.009524
27	22	0.009804
27	23	0.010101
27	24	0.010000
27	28	0.013158
27	30	0.015152
27	31	0.013514
27	32	0.016667
27	36	0.016129
27	37	0.020000
27	38	0.025641
27	39	0.028571
27	40	0.017544
27	41	0.016129
27	44	0.020408
27	50	0.017544
27	54	0.020408
27	56	0.020000
27	59	0.020000
27	62	0.027778
27	63	0.027027
27	66	0.025641
27	68	0.021739
27	70	0.032258
27	72	0.030303
27	73	0.027027
27	77	0.031250
27	85	0.038462
27	90	0.040000
27	100	0.027027
27	102	0.026316
27	107	0.028571
27	111	0.032258
27	115	0.025000
27	119	0.037037
27	120	0.033333
27	121	0.029412
27	131	0.040000
27	143	0.038462
27	145	0.041667
27	150	0.033333
27	151	0.035714
27	156	0.052632
27	161	0.041667
27	163	0.030303
27	169	0.062500
27	179	0.038462
27	182	0.041667
27	190	0.032258
27	196	0.047619
27	200	0.041667
27	204	0.050000
27	205	0.043478
27	207	0.040000
27	209	0.047619
27	211	0.047619
27	212	0.050000
27	214	0.055556
27	219	0.052632
27	221	0.045455
27	222	0.045455
27	233	0.058824
27	236	0.043478
27	239	0.052632
27	242	0.045455
27	259	0.047619
27	266	0.055556
27	269	0.066667
27	273	0.055556
27	274	0.052632
27	275	0.050000
27	278	0.062500
27	280	0.062500
27	284	0.045455
27	289	0.058824
27	290	0.055556
27	297	0.058824
27	299	0.058824
27	305	0.062500
27	308	0.066667
27	310	0.062500
27	322	0.066667
27	330	0.066667
27	332	0.058824
27	335	0.062500
27	336	0.055556
27	345	0.066667
27	350	0.066667
27	355	0.062500
27	356	0.066667
27	365	0.058824
27	381	0.066667
27	382	0.066667
28	0	0.007937
28	1	0.015873
28	6	0.017857
28	7	0.020000
28	8	0.010417
28	9	0.022727
28	14	0.017857
28	15	0.043478
28	18	0.007042
28	19	0.009524
28	22	0.009804
28	23	0.010101
28	24	0.010000
28	26	0.013699
28	27	0.009615
28	35	0.014925
28	36	0.016129
28	39	0.028571
28	40	0.017544
28	41	0.016129
28	43	0.014493
28	47	0.020833
28	48	0.017544
28	53	0.025641
28	57	0.019608
28	59	0.020000
28	60	0.027778
28	61	0.028571
28	63	0.027027
28	72	0.030303
28	75	0.026316
28	79	0.034483
28	82	0.032258
28	84	0.031250
28	87	0.031250
28	88	0.027027
28	89	0.034483
28	109	0.029412
28	111	0.032258
28	113	0.030303
28	119	0.037037
28	122	0.027778
28	123	0.035714
28	126	0.033333
28	127	0.025641
28	128	0.045455
28	138	0.050000
28	141	0.045455
28	148	0.043478
28	155	0.041667
28	158	0.047619
28	164	0.045455
28	172	0.040000
28	173	0.035714
28	185	0.045455
28	206	0.043478
28	216	0.050000
28	219	0.052632
28	223	0.058824
28	254	0.066667
28	256	0.066667
28	258	0.055556
28	263	0.045455
28	266	0.055556
28	297	0.058824
28	306	0.055556
28	308	0.066667
28	313	0.058824
28	316	0.055556
28	319	0.066667
28	322	0.066667
28	347	0.058824
28	355	0.062500
28	374	0.066667
28	378	0.066667
28	383	0.066667
29	0	0.007937
29	4	0.018868
29	7	0.020000
29	8	0.010417
29	9	0.022727
29	13	0.020000
29	16	0.008621
29	17	0.008929
29	18	0.007042
29	19	0.009524
29	20	0.010870
29	22	0.009804
29	23	0.010101
29	24	0.010000
29	25	0.012658
29	30	0.015152
29	31	0.013514
29	32	0.016667
29	33	0.011111
29	34	0.015625
29	36	0.016129
29	41	0.016129
29	43	0.014493
29	50	0.017544
29	53	0.025641
29	67	0.022727
29	69	0.028571
29	70	0.032258
29	75	0.026316
29	82	0.032258
29	93	0.032258
29	104	0.032258
29	109	0.029412
29	111	0.032258
29	123	0.035714
29	125	0.035714
29	132	0.037037
29	134	0.041667
29	136	0.037037
29	146	0.043478
29	151	0.035714
29	152	0.047619
29	168	0.041667
29	169	0.062500
29	175	0.041667
29	176	0.062500
29	178	0.052632
29	207	0.040000
29	217	0.040000
29	223	0.058824
29	224	0.055556
29	229	0.055556
29	231	0.052632
29	232	0.050000
29	234	0.055556
29	244	0.055556
29	249	0.055556
29	254	0.066667
29	259	0.047619
29	261	0.058824
29	262	0.055556
29	294	0.058824
29	301	0.062500
29	318	0.058824
29	322	0.066667
29	350	0.066667
29	364	0.062500
29	368	0.066667
30	0	0.007937
30	3	0.030303
30	5	0.019231
30	7	0.020000
30	8	0.010417
30	12	0.013333
30	16	0.008621
30	17	0.008929
30	18	0.007042
30	21	0.009524
30	23	0.010101
30	25	0.012658
30	26	0.013699
30	27	0.009615
30	29	0.014706
30	31	0.013514
30	34	0.015625
30	37	0.020000
30	45	0.013158
30	46	0.032258
30	49	0.031250
30	52	0.023810
30	55	0.034483
30	61	0.028571
30	62	0.027778
30	64	0.027778
30	77	0.031250
30	80	0.027778
30	90	0.040000
30	96	0.023810
30	102	0.026316
30	103	0.029412
30	110	0.025641
30	111	0.032258
30	115	0.025000
30	116	0.052632
30	118	0.033333
30	119	0.037037
30	121	0.029412
30	148	0.043478
30	160	0.034483
30	161	0.041667
30	172	0.040000
30	179	0.038462
30	184	0.047619
30	193	0.041667
30	195	0.047619
30	199	0.038462
30	201	0.043478
30	204	0.050000
30	207	0.040000
30	209	0.047619
30	212	0.050000
30	213	0.055556
30	219	0.052632
30	238	0.050000
30	269	0.066667
30	270	0.050000
30	279	0.058824
30	292	0.062500
30	298	0.066667
30	304	0.050000
30	320	0.062500
30	346	0.062500
30	352	0.066667
30	373	0.066667
31	0	0.007937
31	1	0.015873
31	4	0.018868
31	5	0.019231
31	6	0.017857
31	9	0.022727
31	11	0.026316
31	12	0.013333
31	17	0.008929
31	18	0.007042
31	22	0.009804
31	25	0.012658
31	27	0.009615
31	29	0.014706
31	30	0.015152
31	33	0.011111
31	35	0.014925
31	37	0.020000
31	39	0.028571
31	46	0.032258
31	47	0.020833
31	48	0.017544
31	49	0.031250
31	50	0.017544
31	52	0.023810
31	54	0.020408
31	58	0.020408
31	59	0.020000
31	63	0.027027
31	66	0.025641
31	68	0.021739
31	75	0.026316
31	84	0.031250
31	90	0.040000
31	92	0.027778
31	93	0.032258
31	96	0.023810
31	98	0.032258
31	99	0.027027
31	100	0.027027
31	106	0.030303
31	112	0.027778
31	115	0.025000
31	124	0.031250
31	130	0.040000
31	136	0.037037
31	153	0.040000
31	155	0.041667
31	157	0.041667
31	163	0.030303
31	164	0.045455
31	166	0.029412
31	176	0.062500
31	179	0.038462
31	186	0.033333
31	192	0.045455
31	224	0.055556
31	238	0.050000
31	246	0.050000
31	273	0.055556
31	275	0.050000
31	287	0.062500
31	292	0.062500
31	296	0.062500
31	300	0.062500
31	310	0.062500
31	315	0.058824
31	330	0.066667
31	358	0.058824
31	362	0.062500
31	365	0.058824
31	367	0.066667
31	368	0.066667
31	378	0.066667
32	0	0.007937
32	2	0.025000
32	4	0.018868
32	5	0.019231
32	8	0.010417
32	9	0.022727
32	14	0.017857
32	17	0.008929
32	18	0.007042
32	19	0.009524
32	20	0.010870
32	21	0.009524
32	26	0.013699
32	27	0.009615
32	29	0.014706
32	34	0.015625
32	36	0.016129
32	42	0.013889
32	43	0.014493
32	47	0.020833
32	51	0.019608
32	52	0.023810
32	56	0.020000
32	59	0.020000
32	75	0.026316
32	83	0.043478
32	90	0.040000
32	91	0.037037
32	92	0.027778
32	106	0.030303
32	114	0.038462
32	132	0.037037
32	133	0.043478
32	135	0.041667
32	140	0.034483
32	156	0.052632
32	190	0.032258
32	203	0.045455
32	207	0.040000
32	211	0.047619
32	222	0.045455
32	226	0.050000
32	236	0.043478
32	237	0.043478
32	253	0.050000
32	256	0.066667
32	257	0.055556
32	259	0.047619
32	264	0.055556
32	274	0.052632
32	277	0.066667
32	284	0.045455
32	296	0.062500
32	306	0.055556
32	340	0.062500
32	344	0.058824
32	360	0.058824
32	366	0.066667
32	385	0.066667
32	387	0.066667
33	0	0.007937
33	3	0.030303
33	4	0.018868
33	7	0.020000
33	8	0.010417
33	12	0.013333
33	15	0.043478
33	17	0.008929
33	18	0.007042
33	20	0.010870
33	22	0.009804
33	24	0.010000
33	25	0.012658
33	29	0.014706
33	31	0.013514
33	37	0.020000
33	40	0.017544
33	41	0.016129
33	42	0.013889
33	45	0.013158
33	47	0.020833
33	48	0.017544
33	52	0.023810
33	54	0.020408
33	55	0.034483
33	57	0.019608
33	58	0.020408
33	65	0.021277
33	72	0.030303
33	73	0.027027
33	76	0.022222
33	79	0.034483
33	86	0.038462
33	87	0.031250
33	90	0.040000
33	92	0.027778
33	94	0.028571
33	96	0.023810
33	101	0.033333
33	112	0.027778
33	113	0.030303
33	114	0.038462
33	116	0.052632
33	127	0.025641
33	129	0.041667
33	133	0.043478
33	134	0.041667
33	138	0.050000
33	145	0.041667
33	148	0.043478
33	150	0.033333
33	153	0.040000
33	157	0.041667
33	160	0.034483
33	165	0.041667
33	169	0.062500
33	172	0.040000
33	182	0.041667
33	187	0.043478
33	214	0.055556
33	215	0.052632
33	224	0.055556
33	225	0.040000
33	228	0.052632
33	233	0.058824
33	239	0.052632
33	242	0.045455
33	249	0.055556
33	251	0.055556
33	253	0.050000
33	256	0.066667
33	259	0.047619
33	260	0.047619
33	266	0.055556
33	268	0.055556
33	275	0.050000
33	290	0.055556
33	299	0.058824
33	321	0.062500
33	329	0.058824
33	331	0.058824
33	335	0.062500
33	346	0.062500
33	355	0.062500
33	357	0.066667
33	363	0.062500
33	365	0.058824
33	366	0.066667
33	375	0.062500
33	388	0.066667
34	0	0.007937
34	8	0.010417
34	9	0.022727
34	11	0.026316
34	14	0.017857
34	15	0.043478
34	16	0.008621
34	18	0.007042
34	19	0.009524
34	22	0.009804
34	24	0.010000
34	26	0.013699
34	29	0.014706
34	30	0.015152
34	32	0.016667
34	37	0.020000
34	39	0.028571
34	42	0.013889
34	44	0.020408
34	45	0.013158
34	46	0.032258
34	48	0.017544
34	50	0.017544
34	56	0.020000
34	60	0.027778
34	76	0.022222
34	79	0.034483
34	84	0.031250
34	96	0.023810
34	100	0.027027
34	105	0.041667
34	110	0.025641
34	115	0.025000
34	116	0.052632
34	120	0.033333
34	121	0.029412
34	122	0.027778
34	129	0.041667
34	139	0.041667
34	147	0.041667
34	154	0.041667
34	156	0.052632
34	163	0.030303
34	169	0.062500
34	172	0.040000
34	190	0.032258
34	208	0.047619
34	214	0.055556
34	225	0.040000
34	226	0.050000
34	228	0.052632
34	246	0.050000
34	260	0.047619
34	270	0.050000
34	271	0.055556
34	277	0.066667
34	294	0.058824
34	306	0.055556
34	322	0.066667
34	332	0.058824
34	338	0.066667
34	344	0.058824
34	361	0.066667
34	371	0.066667
35	0	0.007937
35	5	0.019231
35	6	0.017857
35	13	0.020000
35	16	0.008621
35	18	0.007042
35	19	0.009524
35	20	0.010870
35	21	0.009524
35	23	0.010101
35	24	0.010000
35	25	0.012658
35	26	0.013699
35	28	0.013158
35	31	0.013514
35	37	0.020000
35	38	0.025641
35	43	0.014493
35	48	0.017544
35	51	0.019608
35	53	0.025641
35	54	0.020408
35	55	0.034483
35	57	0.019608
35	60	0.027778
35	62	0.027778
35	64	0.027778
35	65	0.021277
35	67	0.022727
35	73	0.027027
35	75	0.026316
35	80	0.027778
35	85	0.038462
35	106	0.030303
35	121	0.029412
35	124	0.031250
35	131	0.040000
35	142	0.040000
35	148	0.043478
35	153	0.040000
35	160	0.034483
35	163	0.030303
35	167	0.043478
35	169	0.062500
35	176	0.062500
35	184	0.047619
35	196	0.047619
35	201	0.043478
35	204	0.050000
35	212	0.050000
35	225	0.040000
35	228	0.052632
35	242	0.045455
35	252	0.052632
35	258	0.055556
35	275	0.050000
35	280	0.062500
35	287	0.062500
35	295	0.055556
35	317	0.055556
35	322	0.066667
35	330	0.066667
35	339	0.062500
35	353	0.062500
35	365	0.058824
35	374	0.066667
35	383	0.066667
36	1	0.015873
36	6	0.017857
36	7	0.020000
36	8	0.010417
36	12	0.013333
36	13	0.020000
36	16	0.008621
36	17	0.008929
36	19	0.009524
36	24	0.010000
36	25	0.012658
36	27	0.009615
36	28	0.013158
36	29	0.014706
36	32	0.016667
36	37	0.020000
36	38	0.025641
36	39	0.028571
36	43	0.014493
36	45	0.013158
36	46	0.032258
36	57	0.019608
36	67	0.022727
36	76	0.022222
36	85	0.038462
36	89	0.034483
36	93	0.032258
36	97	0.029412
36	99	0.027027
36	102	0.026316
36	115	0.025000
36	120	0.033333
36	129	0.041667
36	131	0.040000
36	132	0.037037
36	133	0.043478
36	134	0.041667
36	146	0.043478
36	147	0.041667
36	153	0.040000
36	155	0.041667
36	161	0.041667
36	162	0.038462
36	163	0.030303
36	177	0.040000
36	199	0.038462
36	227	0.045455
36	229	0.055556
36	251	0.055556
36	278	0.062500
36	279	0.058824
36	280	0.062500
36	285	0.047619
36	293	0.058824
36	309	0.055556
36	310	0.062500
36	348	0.066667
36	357	0.066667
36	359	0.058824
36	378	0.066667
36	379	0.066667
36	381	0.066667
37	5	0.019231
37	7	0.020000
37	8	0.010417
37	13	0.020000
37	17	0.008929
37	20	0.010870
37	21	0.009524
37	23	0.010101
37	27	0.009615
37	30	0.015152
37	31	0.013514
37	33	0.011111
37	34	0.015625
37	35	0.014925
37	36	0.016129
37	39	0.028571
37	45	0.013158
37	46	0.032258
37	48	0.017544
37	51	0.019608
37	57	0.019608
37	64	0.027778
37	65	0.021277
37	78	0.027027
37	92	0.027778
37	97	0.029412
37	98	0.032258
37	108	0.032258
37	124	0.031250
37	156	0.052632
37	158	0.047619
37	175	0.041667
37	177	0.040000
37	180	0.031250
37	186	0.033333
37	203	0.045455
37	229	0.055556
37	253	0.050000
37	258	0.055556
37	284	0.045455
37	298	0.066667
37	299	0.058824
37	309	0.055556
37	310	0.062500
37	314	0.058824
37	316	0.055556
37	321	0.062500
37	368	0.066667
37	375	0.062500
37	376	0.066667
38	0	0.007937
38	1	0.015873
38	3	0.030303
38	8	0.010417
38	16	0.008621
38	17	0.008929
38	18	0.007042
38	21	0.009524
38	22	0.009804
38	23	0.010101
38	24	0.010000
38	25	0.012658
38	27	0.009615
38	35	0.014925
38	36	0.016129
38	39	0.028571
38	42	0.013889
38	44	0.020408
38	49	0.031250
38	51	0.019608
38	75	0.026316
38	93	0.032258
38	136	0.037037
38	139	0.041667
38	144	0.032258
38	151	0.035714
38	160	0.034483
38	170	0.050000
38	173	0.035714
38	188	0.058824
38	191	0.033333
38	194	0.052632
38	196	0.047619
38	211	0.047619
38	331	0.058824
38	334	0.062500
38	368	0.066667
38	381	0.066667
38	389	0.066667
39	0	0.007937
39	5	0.019231
39	11	0.026316
39	14	0.017857
39	17	0.008929
39	21	0.009524
39	24	0.010000
39	25	0.012658
39	27	0.009615
39	28	0.013158
39	31	0.013514
39	34	0.015625
39	36	0.016129
39	37	0.020000
39	38	0.025641
39	44	0.020408
39	47	0.020833
39	49	0.031250
39	51	0.019608
39	55	0.034483
39	70	0.032258
39	103	0.029412
39	104	0.032258
39	108	0.032258
39	145	0.041667
39	149	0.035714
39	154	0.041667
39	170	0.050000
39	216	0.050000
39	260	0.047619
39	285	0.047619
39	298	0.066667
39	340	0.062500
39	341	0.058824
39	382	0.066667
40	0	0.007937
40	1	0.015873
40	4	0.018868
40	8	0.010417
40	10	0.027778
40	19	0.009524
40	20	0.010870
40	21	0.009524
40	22	0.009804
40	23	0.010101
40	24	0.010000
40	25	0.012658
40	27	0.009615
40	28	0.013158
40	33	0.011111
40	42	0.013889
40	43	0.014493
40	44	0.020408
40	54	0.020408
40	65	0.021277
40	68	0.021739
40	70	0.032258
40	71	0.031250
40	77	0.031250
40	81	0.025641
40	86	0.038462
40	90	0.040000
40	91	0.037037
40	99	0.027027
40	120	0.033333
40	125	0.035714
40	127	0.025641
40	138	0.050000
40	158	0.047619
40	159	0.041667
40	161	0.041667
40	165	0.041667
40	170	0.050000
40	173	0.035714
40	175	0.041667
40	198	0.047619
40	201	0.043478
40	215	0.052632
40	219	0.052632
40	234	0.055556
40	238	0.050000
40	267	0.062500
40	286	0.055556
40	298	0.066667
40	300	0.062500
40	304	0.050000
40	316	0.055556
40	324	0.058824
40	328	0.058824
40	358	0.058824
40	369	0.062500
40	387	0.066667
41	0	0.007937
41	2	0.025000
41	6	0.017857
41	7	0.020000
41	9	0.022727
41	11	0.026316
41	16	0.008621
41	22	0.009804
41	23	0.010101
41	24	0.010000
41	25	0.012658
41	27	0.009615
41	28	0.013158
41	29	0.014706
41	33	0.011111
41	42	0.013889
41	43	0.014493
41	45	0.013158
41	46	0.032258
41	47	0.020833
41	57	0.019608
41	58	0.020408
41	61	0.028571
41	63	0.027027
41	67	0.022727
41	69	0.028571
41	77	0.031250
41	82	0.032258
41	89	0.034483
41	92	0.027778
41	93	0.032258
41	100	0.027027
41	105	0.041667
41	108	0.032258
41	110	0.025641
41	114	0.038462
41	131	0.040000
41	144	0.032258
41	145	0.041667
41	152	0.047619
41	165	0.041667
41	169	0.062500
41	174	0.050000
41	193	0.041667
41	196	0.047619
41	203	0.045455
41	207	0.040000
41	222	0.045455
41	230	0.058824
41	235	0.043478
41	242	0.045455
41	255	0.058824
41	263	0.045455
41	283	0.047619
41	287	0.062500
41	294	0.058824
41	297	0.058824
41	361	0.066667
41	375	0.062500
41	381	0.066667
41	382	0.066667
41	389	0.066667
42	0	0.007937
42	1	0.015873
42	2	0.025000
42	6	0.017857
42	13	0.020000
42	16	0.008621
42	20	0.010870
42	21	0.009524
42	22	0.009804
42	32	0.016667
42	33	0.011111
42	34	0.015625
42	38	0.025641
42	40	0.017544
42	41	0.016129
42	44	0.020408
42	46	0.032258
42	49	0.031250
42	54	0.020408
42	55	0.034483
42	56	0.020000
42	58	0.020408
42	59	0.020000
42	62	0.027778
42	67	0.022727
42	83	0.043478
42	84	0.031250
42	95	0.035714
42	97	0.029412
42	100	0.027027
42	104	0.032258
42	108	0.032258
42	112	0.027778
42	114	0.038462
42	127	0.025641
42	131	0.040000
42	132	0.037037
42	139	0.041667
42	140	0.034483
42	145	0.041667
42	162	0.038462
42	171	0.045455
42	176	0.062500
42	188	0.058824
42	191	0.033333
42	193	0.041667
42	196	0.047619
42	198	0.047619
42	213	0.055556
42	214	0.055556
42	220	0.055556
42	221	0.045455
42	227	0.045455
42	235	0.043478
42	236	0.043478
42	238	0.050000
42	246	0.050000
42	252	0.052632
42	257	0.055556
42	283	0.047619
42	293	0.058824
42	300	0.062500
42	304	0.050000
42	308	0.066667
42	316	0.055556
42	319	0.066667
42	323	0.066667
42	332	0.058824
42	345	0.066667
42	349	0.066667
42	372	0.062500
42	377	0.066667
43	0	0.007937
43	1	0.015873
43	7	0.020000
43	13	0.020000
43	18	0.007042
43	19	0.009524
43	20	0.010870
43	21	0.009524
43	28	0.013158
43	29	0.014706
43	32	0.016667
43	35	0.014925
43	36	0.016129
43	40	0.017544
43	41	0.016129
43	44	0.020408
43	50	0.017544
43	52	0.023810
43	53	0.025641
43	56	0.020000
43	59	0.020000
43	61	0.028571
43	62	0.027778
43	63	0.027027
43	65	0.021277
43	66	0.025641
43	68	0.021739
43	70	0.032258
43	74	0.026316
43	94	0.028571
43	100	0.027027
43	102	0.026316
43	104	0.032258
43	107	0.028571
43	113	0.030303
43	118	0.033333
43	120	0.033333
43	125	0.035714
43	139	0.041667
43	146	0.043478
43	150	0.033333
43	151	0.035714
43	162	0.038462
43	166	0.029412
43	168	0.041667
43	179	0.038462
43	180	0.031250
43	184	0.047619
43	187	0.043478
43	191	0.033333
43	204	0.050000
43	212	0.050000
43	214	0.055556
43	225	0.040000
43	243	0.045455
43	264	0.055556
43	272	0.058824
43	285	0.047619
43	286	0.055556
43	295	0.055556
43	316	0.055556
43	321	0.062500
43	323	0.066667
43	333	0.062500
43	337	0.062500
43	340	0.062500
43	343	0.062500
43	365	0.058824
43	377	0.066667
44	7	0.020000
44	8	0.010417
44	9	0.022727
44	10	0.027778
44	13	0.020000
44	16	0.008621
44	17	0.008929
44	22	0.009804
44	27	0.009615
44	34	0.015625
44	38	0.025641
44	39	0.028571
44	40	0.017544
44	42	0.013889
44	43	0.014493
44	45	0.013158
44	49	0.031250
44	50	0.017544
44	56	0.020000
44	58	0.020408
44	63	0.027027
44	72	0.030303
44	73	0.027027
44	75	0.026316
44	82	0.032258
44	84	0.031250
44	95	0.035714
44	104	0.032258
44	118	0.033333
44	126	0.033333
44	131	0.040000
44	159	0.041667
44	181	0.043478
44	182	0.041667
44	192	0.045455
44	195	0.047619
44	207	0.040000
44	229	0.055556
44	237	0.043478
44	242	0.045455
44	259	0.047619
44	261	0.058824
44	281	0.055556
44	286	0.055556
44	294	0.058824
44	317	0.055556
44	330	0.066667
44	338	0.066667
44	380	0.066667
45	5	0.019231
45	17	0.008929
45	20	0.010870
45	21	0.009524
45	22	0.009804
45	23	0.010101
45	24	0.010000
45	26	0.013699
45	30	0.015152
45	33	0.011111
45	34	0.015625
45	36	0.016129
45	37	0.020000
45	41	0.016129
45	44	0.020408
45	47	0.020833
45	52	0.023810
45	58	0.020408
45	69	0.028571
45	70	0.032258
45	71	0.031250
45	72	0.030303
45	74	0.026316
45	76	0.022222
45	77	0.031250
45	79	0.034483
45	80	0.027778
45	88	0.027027
45	104	0.032258
45	105	0.041667
45	106	0.030303
45	107	0.028571
45	114	0.038462
45	117	0.045455
45	125	0.035714
45	126	0.033333
45	130	0.040000
45	133	0.043478
45	136	0.037037
45	138	0.050000
45	142	0.040000
45	153	0.040000
45	161	0.041667
45	176	0.062500
45	178	0.052632
45	181	0.043478
45	182	0.041667
45	187	0.043478
45	208	0.047619
45	216	0.050000
45	222	0.045455
45	223	0.058824
45	224	0.055556
45	229	0.055556
45	230	0.058824
45	238	0.050000
45	246	0.050000
45	247	0.058824
45	248	0.062500
45	249	0.055556
45	253	0.050000
45	254	0.066667
45	257	0.055556
45	262	0.055556
45	271	0.055556
45	274	0.052632
45	299	0.058824
45	316	0.055556
45	323	0.066667
45	329	0.058824
45	339	0.062500
45	342	0.055556
45	348	0.066667
45	371	0.066667
45	387	0.066667
45	388	0.066667
46	0	0.007937
46	3	0.030303
46	8	0.010417
46	16	0.008621
46	19	0.009524
46	21	0.009524
46	22	0.009804
46	23	0.010101
46	30	0.015152
46	31	0.013514
46	34	0.015625
46	36	0.016129
46	37	0.020000
46	41	0.016129
46	42	0.013889
46	67	0.022727
46	85	0.038462
46	113	0.030303
46	117	0.045455
46	131	0.040000
46	137	0.040000
46	138	0.050000
46	140	0.034483
46	148	0.043478
46	193	0.041667
46	197	0.040000
46	220	0.055556
46	293	0.058824
46	295	0.055556
46	310	0.062500
46	363	0.062500
47	0	0.007937
47	12	0.013333
47	16	0.008621
47	17	0.008929
47	22	0.009804
47	23	0.010101
47	24	0.010000
47	25	0.012658
47	28	0.013158
47	31	0.013514
47	32	0.016667
47	33	0.011111
47	39	0.028571
47	41	0.016129
47	45	0.013158
47	51	0.019608
47	58	0.020408
47	60	0.027778
47	67	0.022727
47	79	0.034483
47	81	0.025641
47	83	0.043478
47	84	0.031250
47	87	0.031250
47	90	0.040000
47	92	0.027778
47	137	0.040000
47	140	0.034483
47	143	0.038462
47	149	0.035714
47	165	0.041667
47	173	0.035714
47	177	0.040000
47	181	0.043478
47	188	0.058824
47	191	0.033333
47	192	0.045455
47	197	0.040000
47	203	0.045455
47	218	0.050000
47	225	0.040000
47	251	0.055556
47	273	0.055556
47	320	0.062500
47	323	0.066667
47	339	0.062500
47	342	0.055556
47	377	0.066667
48	0	0.007937
48	4	0.018868
48	6	0.017857
48	16	0.008621
48	17	0.008929
48	18	0.007042
48	21	0.009524
48	23	0.010101
48	24	0.010000
48	28	0.013158
48	31	0.013514
48	33	0.011111
48	34	0.015625
48	35	0.014925
48	37	0.020000
48	54	0.020408
48	59	0.020000
48	66	0.025641
48	69	0.028571
48	76	0.022222
48	81	0.025641
48	82	0.032258
48	84	0.031250
48	88	0.027027
48	89	0.034483
48	95	0.035714
48	98	0.032258
48	99	0.027027
48	115	0.025000
48	125	0.035714
48	128	0.045455
48	130	0.040000
48	135	0.041667
48	137	0.040000
48	146	0.043478
48	157	0.041667
48	165	0.041667
48	170	0.050000
48	188	0.058824
48	189	0.055556
48	198	0.047619
48	200	0.041667
48	205	0.043478
48	207	0.040000
48	215	0.052632
48	221	0.045455
48	231	0.052632
48	252	0.052632
48	263	0.045455
48	264	0.055556
48	291	0.062500
48	292	0.062500
48	322	0.066667
48	338	0.066667
48	348	0.066667
48	349	0.066667
48	351	0.062500
49	0	0.007937
49	4	0.018868
49	8	0.010417
49	9	0.022727
49	11	0.026316
49	16	0.008621
49	17	0.008929
49	19	0.009524
49	24	0.010000
49	30	0.015152
49	31	0.013514
49	38	0.025641
49	39	0.028571
49	42	0.013889
49	44	0.020408
49	51	0.019608
49	52	0.023810
49	60	0.027778
49	68	0.021739
49	95	0.035714
49	104	0.032258
49	105	0.041667
49	132	0.037037
49	145	0.041667
49	156	0.052632
49	169	0.062500
49	173	0.035714
49	225	0.040000
49	230	0.058824
49	341	0.058824
49	347	0.058824
49	364	0.062500
50	1	0.015873
50	8	0.010417
50	9	0.022727
50	12	0.013333
50	16	0.008621
50	18	0.007042
50	22	0.009804
50	23	0.010101
50	25	0.012658
50	27	0.009615
50	29	0.014706
50	31	0.013514
50	34	0.015625
50	43	0.014493
50	44	0.020408
50	57	0.019608
50	60	0.027778
50	62	0.027778
50	66	0.025641
50	68	0.021739
50	73	0.027027
50	75	0.026316
50	76	0.022222
50	82	0.032258
50	84	0.031250
50	90	0.040000
50	95	0.035714
50	96	0.023810
50	99	0.027027
50	105	0.041667
50	112	0.027778
50	116	0.052632
50	117	0.045455
50	120	0.033333
50	128	0.045455
50	132	0.037037
50	138	0.050000
50	145	0.041667
50	174	0.050000
50	182	0.041667
50	183	0.045455
50	192	0.045455
50	193	0.041667
50	202	0.050000
50	209	0.047619
50	214	0.055556
50	218	0.050000
50	239	0.052632
50	247	0.058824
50	258	0.055556
50	268	0.055556
50	280	0.062500
50	303	0.058824
50	316	0.055556
50	337	0.062500
50	343	0.062500
50	369	0.062500
51	0	0.007937
51	4	0.018868
51	7	0.020000
51	10	0.027778
51	18	0.007042
51	22	0.009804
51	24	0.010000
51	25	0.012658
51	32	0.016667
51	35	0.014925
51	37	0.020000
51	38	0.025641
51	39	0.028571
51	47	0.020833
51	49	0.031250
51	55	0.034483
51	62	0.027778
51	67	0.022727
51	70	0.032258
51	73	0.027027
51	74	0.026316
51	79	0.034483
51	86	0.038462
51	91	0.037037
51	95	0.035714
51	96	0.023810
51	98	0.032258
51	107	0.028571
51	130	0.040000
51	143	0.038462
51	166	0.029412
51	167	0.043478
51	188	0.058824
51	191	0.033333
51	198	0.047619
51	208	0.047619
51	217	0.040000
51	221	0.045455
51	240	0.050000
51	255	0.058824
51	273	0.055556
51	276	0.062500
51	279	0.058824
51	289	0.058824
51	331	0.058824
51	335	0.062500
51	343	0.062500
51	352	0.066667
51	353	0.062500
51	364	0.062500
51	375	0.062500
52	12	0.013333
52	14	0.017857
52	15	0.043478
52	18	0.007042
52	20	0.010870
52	21	0.009524
52	24	0.010000
52	26	0.013699
52	30	0.015152
52	31	0.013514
52	32	0.016667
52	33	0.011111
52	43	0.014493
52	45	0.013158
52	49	0.031250
52	57	0.019608
52	58	0.020408
52	59	0.020000
52	66	0.025641
52	67	0.022727
52	70	0.032258
52	79	0.034483
52	95	0.035714
52	97	0.029412
52	98	0.032258
52	107	0.028571
52	138	0.050000
52	153	0.040000
52	154	0.041667
52	185	0.045455
52	196	0.047619
52	215	0.052632
52	216	0.050000
52	224	0.055556
52	258	0.055556
52	283	0.047619
52	311	0.058824
52	329	0.058824
52	335	0.062500
52	340	0.062500
52	353	0.062500
52	384	0.066667
53	1	0.015873
53	3	0.030303
53	4	0.018868
53	5	0.019231
53	7	0.020000
53	16	0.008621
53	18	0.007042
53	19	0.009524
53	22	0.009804
53	24	0.010000
53	26	0.013699
53	28	0.013158
53	29	0.014706
53	35	0.014925
53	43	0.014493
53	55	0.034483
53	57	0.019608
53	60	0.027778
53	64	0.027778
53	70	0.032258
53	96	0.023810
53	101	0.033333
53	110	0.025641
53	112	0.027778
53	147	0.041667
53	154	0.041667
53	164	0.045455
53	169	0.062500
53	178	0.052632
53	201	0.043478
53	203	0.045455
53	209	0.047619
53	220	0.055556
53	229	0.055556
53	262	0.055556
53	268	0.055556
53	283	0.047619
53	290	0.055556
53	322	0.066667
54	0	0.007937
54	12	0.013333
54	13	0.020000
54	15	0.043478
54	16	0.008621
54	17	0.008929
54	23	0.010101
54	25	0.012658
54	27	0.009615
54	31	0.013514
54	33	0.011111
54	35	0.014925
54	40	0.017544
54	42	0.013889
54	48	0.017544
54	56	0.020000
54	64	0.027778
54	70	0.032258
54	73	0.027027
54	76	0.022222
54	80	0.027778
54	89	0.034483
54	98	0.032258
54	109	0.029412
54	112	0.027778
54	118	0.033333
54	122	0.027778
54	135	0.041667
54	141	0.045455
54	143	0.038462
54	154	0.041667
54	172	0.040000
54	177	0.040000
54	181	0.043478
54	183	0.045455
54	185	0.045455
54	217	0.040000
54	223	0.058824
54	227	0.045455
54	237	0.043478
54	246	0.050000
54	274	0.052632
54	282	0.066667
54	299	0.058824
54	320	0.062500
54	326	0.062500
54	341	0.058824
54	357	0.066667
54	367	0.066667
55	1	0.015873
55	7	0.020000
55	8	0.010417
55	14	0.017857
55	18	0.007042
55	20	0.010870
55	23	0.010101
55	26	0.013699
55	30	0.015152
55	33	0.011111
55	35	0.014925
55	39	0.028571
55	42	0.013889
55	51	0.019608
55	53	0.025641
55	56	0.020000
55	58	0.020408
55	74	0.026316
55	100	0.027027
55	108	0.032258
55	109	0.029412
55	118	0.033333
55	139	0.041667
55	216	0.050000
55	239	0.052632
55	282	0.066667
55	291	0.062500
55	347	0.058824
55	358	0.058824
56	4	0.018868
56	8	0.010417
56	16	0.008621
56	18	0.007042
56	19	0.009524
56	23	0.010101
56	25	0.012658
56	27	0.009615
56	32	0.016667
56	34	0.015625
56	42	0.013889
56	43	0.014493
56	44	0.020408
56	54	0.020408
56	55	0.034483
56	57	0.019608
56	61	0.028571
56	64	0.027778
56	83	0.043478
56	91	0.037037
56	102	0.026316
56	112	0.027778
56	117	0.045455
56	130	0.040000
56	147	0.041667
56	152	0.047619
56	161	0.041667
56	167	0.043478
56	176	0.062500
56	178	0.052632
56	179	0.038462
56	187	0.043478
56	192	0.045455
56	194	0.052632
56	224	0.055556
56	226	0.050000
56	236	0.043478
56	237	0.043478
56	248	0.062500
56	250	0.045455
56	254	0.066667
56	256	0.066667
56	263	0.045455
56	264	0.055556
56	286	0.055556
56	297	0.058824
56	312	0.058824
56	349	0.066667
56	355	0.062500
56	369	0.062500
57	13	0.020000
57	16	0.008621
57	18	0.007042
57	21	0.009524
57	23	0.010101
57	28	0.013158
57	33	0.011111
57	35	0.014925
57	36	0.016129
57	37	0.020000
57	41	0.016129
57	50	0.017544
57	52	0.023810
57	53	0.025641
57	56	0.020000
57	59	0.020000
57	61	0.028571
57	62	0.027778
57	64	0.027778
57	71	0.031250
57	74	0.026316
57	87	0.031250
57	101	0.033333
57	103	0.029412
57	109	0.029412
57	111	0.032258
57	118	0.033333
57	122	0.027778
57	144	0.032258
57	145	0.041667
57	159	0.041667
57	162	0.038462
57	171	0.045455
57	178	0.052632
57	185	0.045455
57	189	0.055556
57	190	0.032258
57	198	0.047619
57	203	0.045455
57	213	0.055556
57	231	0.052632
57	234	0.055556
57	245	0.055556
57	249	0.055556
57	254	0.066667
57	278	0.062500
57	302	0.058824
57	303	0.058824
57	340	0.062500
57	361	0.066667
57	380	0.066667
58	3	0.030303
58	5	0.019231
58	7	0.020000
58	14	0.017857
58	19	0.009524
58	25	0.012658
58	31	0.013514
58	33	0.011111
58	41	0.016129
58	42	0.013889
58	44	0.020408
58	45	0.013158
58	47	0.020833
58	52	0.023810
58	55	0.034483
58	62	0.027778
58	75	0.026316
58	82	0.032258
58	85	0.038462
58	87	0.031250
58	93	0.032258
58	96	0.023810
58	105	0.041667
58	117	0.045455
58	122	0.027778
58	123	0.035714
58	124	0.031250
58	125	0.035714
58	130	0.040000
58	133	0.043478
58	153	0.040000
58	161	0.041667
58	163	0.030303
58	165	0.041667
58	171	0.045455
58	174	0.050000
58	183	0.045455
58	188	0.058824
58	194	0.052632
58	206	0.043478
58	212	0.050000
58	237	0.043478
58	261	0.058824
58	308	0.066667
58	313	0.058824
58	320	0.062500
58	326	0.062500
58	348	0.066667
58	377	0.066667
59	0	0.007937
59	6	0.017857
59	18	0.007042
59	20	0.010870
59	21	0.009524
59	22	0.009804
59	27	0.009615
59	28	0.013158
59	31	0.013514
59	32	0.016667
59	42	0.013889
59	43	0.014493
59	48	0.017544
59	52	0.023810
59	57	0.019608
59	60	0.027778
59	61	0.028571
59	65	0.021277
59	67	0.022727
59	71	0.031250
59	86	0.038462
59	87	0.031250
59	97	0.029412
59	104	0.032258
59	106	0.030303
59	117	0.045455
59	127	0.025641
59	128	0.045455
59	130	0.040000
59	144	0.032258
59	146	0.043478
59	160	0.034483
59	161	0.041667
59	168	0.041667
59	169	0.062500
59	193	0.041667
59	196	0.047619
59	210	0.050000
59	219	0.052632
59	222	0.045455
59	254	0.066667
59	265	0.050000
59	276	0.062500
59	280	0.062500
59	298	0.066667
59	338	0.066667
59	339	0.062500
59	342	0.055556
59	347	0.058824
59	377	0.066667
60	1	0.015873
60	12	0.013333
60	16	0.008621
60	18	0.007042
60	19	0.009524
60	24	0.010000
60	25	0.012658
60	28	0.013158
60	34	0.015625
60	35	0.014925
60	47	0.020833
60	49	0.031250
60	50	0.017544
60	53	0.025641
60	59	0.020000
60	72	0.030303
60	74	0.026316
60	98	0.032258
60	122	0.027778
60	129	0.041667
60	150	0.033333
60	175	0.041667
60	241	0.041667
60	250	0.045455
60	251	0.055556
60	264	0.055556
60	274	0.052632
60	276	0.062500
60	302	0.058824
60	311	0.058824
60	319	0.066667
60	321	0.062500
60	339	0.062500
60	358	0.058824
60	359	0.058824
60	373	0.066667
61	3	0.030303
61	7	0.020000
61	8	0.010417
61	11	0.026316
61	16	0.008621
61	21	0.009524
61	23	0.010101
61	25	0.012658
61	28	0.013158
61	30	0.015152
61	41	0.016129
61	43	0.014493
61	56	0.020000
61	57	0.019608
61	59	0.020000
61	62	0.027778
61	78	0.027027
61	80	0.027778
61	141	0.045455
61	156	0.052632
61	174	0.050000
61	175	0.041667
61	178	0.052632
61	186	0.033333
61	187	0.043478
61	196	0.047619
61	216	0.050000
61	224	0.055556
61	256	0.066667
61	271	0.055556
61	337	0.062500
61	342	0.055556
61	349	0.066667
61	378	0.066667
61	382	0.066667
62	0	0.007937
62	4	0.018868
62	14	0.017857
62	20	0.010870
62	22	0.009804
62	27	0.009615
62	30	0.015152
62	35	0.014925
62	42	0.013889
62	43	0.014493
62	50	0.017544
62	51	0.019608
62	57	0.019608
62	58	0.020408
62	61	0.028571
62	67	0.022727
62	86	0.038462
62	93	0.032258
62	101	0.033333
62	102	0.026316
62	106	0.030303
62	113	0.030303
62	116	0.052632
62	147	0.041667
62	155	0.041667
62	156	0.052632
62	157	0.041667
62	162	0.038462
62	192	0.045455
62	232	0.050000
62	249	0.055556
62	260	0.047619
62	294	0.058824
62	309	0.055556
62	318	0.058824
62	352	0.066667
63	1	0.015873
63	6	0.017857
63	7	0.020000
63	8	0.010417
63	10	0.027778
63	18	0.007042
63	19	0.009524
63	21	0.009524
63	23	0.010101
63	27	0.009615
63	28	0.013158
63	31	0.013514
63	41	0.016129
63	43	0.014493
63	44	0.020408
63	66	0.025641
63	69	0.028571
63	71	0.031250
63	83	0.043478
63	85	0.038462
63	121	0.029412
63	137	0.040000
63	195	0.047619
63	210	0.050000
63	228	0.052632
63	231	0.052632
63	242	0.045455
63	243	0.045455
63	248	0.062500
63	252	0.052632
63	265	0.050000
63	301	0.062500
63	303	0.058824
63	329	0.058824
63	334	0.062500
63	358	0.058824
63	364	0.062500
64	0	0.007937
64	2	0.025000
64	8	0.010417
64	12	0.013333
64	16	0.008621
64	19	0.009524
64	21	0.009524
64	23	0.010101
64	30	0.015152
64	35	0.014925
64	37	0.020000
64	53	0.025641
64	54	0.020408
64	56	0.020000
64	57	0.019608
64	69	0.028571
64	70	0.032258
64	80	0.027778
64	85	0.038462
64	100	0.027027
64	114	0.038462
64	117	0.045455
64	128	0.045455
64	132	0.037037
64	150	0.033333
64	180	0.031250
64	203	0.045455
64	230	0.058824
64	237	0.043478
64	264	0.055556
64	267	0.062500
64	290	0.055556
64	291	0.062500
64	294	0.058824
64	359	0.058824
64	379	0.066667
65	0	0.007937
65	3	0.030303
65	4	0.018868
65	8	0.010417
65	15	0.043478
65	17	0.008929
65	19	0.009524
65	21	0.009524
65	25	0.012658
65	33	0.011111
65	35	0.014925
65	37	0.020000
65	40	0.017544
65	43	0.014493
65	59	0.020000
65	68	0.021739
65	79	0.034483
65	80	0.027778
65	95	0.035714
65	100	0.027027
65	101	0.033333
65	116	0.052632
65	121	0.029412
65	133	0.043478
65	140	0.034483
65	148	0.043478
65	149	0.035714
65	152	0.047619
65	164	0.045455
65	171	0.045455
65	174	0.050000
65	181	0.043478
65	182	0.041667
65	183	0.045455
65	193	0.041667
65	201	0.043478
65	234	0.055556
65	242	0.045455
65	248	0.062500
65	261	0.058824
65	285	0.047619
65	291	0.062500
65	292	0.062500
65	342	0.055556
65	367	0.066667
65	381	0.066667
65	388	0.066667
66	1	0.015873
66	2	0.025000
66	4	0.018868
66	16	0.008621
66	19	0.009524
66	22	0.009804
66	23	0.010101
66	26	0.013699
66	27	0.009615
66	31	0.013514
66	43	0.014493
66	48	0.017544
66	50	0.017544
66	52	0.023810
66	63	0.027027
66	81	0.025641
66	88	0.027027
66	91	0.037037
66	116	0.052632
66	120	0.033333
66	123	0.035714
66	129	0.041667
66	134	0.041667
66	135	0.041667
66	142	0.040000
66	152	0.047619
66	157	0.041667
66	180	0.031250
66	183	0.045455
66	188	0.058824
66	222	0.045455
66	267	0.062500
66	272	0.058824
66	275	0.050000
66	282	0.066667
66	292	0.062500
66	300	0.062500
66	362	0.062500
66	366	0.066667
67	0	0.007937
67	6	0.017857
67	17	0.008929
67	18	0.007042
67	29	0.014706
67	35	0.014925
67	36	0.016129
67	41	0.016129
67	42	0.013889
67	46	0.032258
67	47	0.020833
67	51	0.019608
67	52	0.023810
67	59	0.020000
67	62	0.027778
67	72	0.030303
67	78	0.027027
67	84	0.031250
67	88	0.027027
67	92	0.027778
67	94	0.028571
67	97	0.029412
67	98	0.032258
67	109	0.029412
67	122	0.027778
67	151	0.035714
67	195	0.047619
67	203	0.045455
67	207	0.040000
67	225	0.040000
67	226	0.050000
67	231	0.052632
67	251	0.055556
67	291	0.062500
67	296	0.062500
67	298	0.066667
67	307	0.055556
67	314	0.058824
67	315	0.058824
67	318	0.058824
67	339	0.062500
67	343	0.062500
67	373	0.066667
67	383	0.066667
68	0	0.007937
68	1	0.015873
68	13	0.020000
68	19	0.009524
68	20	0.010870
68	21	0.009524
68	22	0.009804
68	23	0.010101
68	27	0.009615
68	31	0.013514
68	40	0.017544
68	43	0.014493
68	49	0.031250
68	50	0.017544
68	65	0.021277
68	74	0.026316
68	78	0.027027
68	79	0.034483
68	91	0.037037
68	94	0.028571
68	99	0.027027
68	110	0.025641
68	112	0.027778
68	129	0.041667
68	134	0.041667
68	137	0.040000
68	138	0.050000
68	143	0.038462
68	164	0.045455
68	186	0.033333
68	198	0.047619
68	235	0.043478
68	247	0.058824
68	264	0.055556
68	287	0.062500
68	291	0.062500
68	295	0.055556
68	296	0.062500
68	300	0.062500
68	309	0.055556
68	326	0.062500
68	336	0.055556
68	342	0.055556
68	351	0.062500
68	385	0.066667
68	386	0.066667
69	1	0.015873
69	9	0.022727
69	11	0.026316
69	12	0.013333
69	13	0.020000
69	21	0.009524
69	23	0.010101
69	24	0.010000
69	26	0.013699
69	29	0.014706
69	41	0.016129
69	45	0.013158
69	48	0.017544
69	63	0.027027
69	64	0.027778
69	73	0.027027
69	74	0.026316
69	77	0.031250
69	114	0.038462
69	148	0.043478
69	152	0.047619
69	154	0.041667
69	182	0.041667
69	204	0.050000
69	222	0.045455
69	226	0.050000
69	265	0.050000
69	282	0.066667
69	292	0.062500
69	325	0.062500
69	342	0.055556
69	358	0.058824
69	363	0.062500
69	371	0.066667
69	388	0.066667
70	20	0.010870
70	23	0.010101
70	25	0.012658
70	26	0.013699
70	27	0.009615
70	29	0.014706
70	39	0.028571
70	40	0.017544
70	43	0.014493
70	45	0.013158
70	51	0.019608
70	52	0.023810
70	53	0.025641
70	54	0.020408
70	64	0.027778
70	77	0.031250
70	83	0.043478
70	84	0.031250
70	105	0.041667
70	184	0.047619
70	186	0.033333
70	197	0.040000
70	202	0.050000
70	205	0.043478
70	243	0.045455
70	294	0.058824
70	295	0.055556
70	311	0.058824
70	319	0.066667
70	345	0.066667
70	378	0.066667
71	0	0.007937
71	4	0.018868
71	5	0.019231
71	6	0.017857
71	7	0.020000
71	17	0.008929
71	19	0.009524
71	20	0.010870
71	23	0.010101
71	24	0.010000
71	40	0.017544
71	45	0.013158
71	57	0.019608
71	59	0.020000
71	63	0.027027
71	85	0.038462
71	87	0.031250
71	110	0.025641
71	122	0.027778
71	142	0.040000
71	143	0.038462
71	150	0.033333
71	218	0.050000
71	246	0.050000
71	264	0.055556
71	290	0.055556
71	293	0.058824
71	320	0.062500
71	323	0.066667
71	369	0.062500
71	371	0.066667
71	389	0.066667
72	0	0.007937
72	6	0.017857
72	10	0.027778
72	12	0.013333
72	13	0.020000
72	20	0.010870
72	21	0.009524
72	24	0.010000
72	27	0.009615
72	28	0.013158
72	33	0.011111
72	44	0.020408
72	45	0.013158
72	60	0.027778
72	67	0.022727
72	86	0.038462
72	87	0.031250
72	92	0.027778
72	93	0.032258
72	94	0.028571
72	98	0.032258
72	102	0.026316
72	110	0.025641
72	125	0.035714
72	141	0.045455
72	174	0.050000
72	215	0.052632
72	231	0.052632
72	288	0.052632
72	300	0.062500
72	316	0.055556
72	349	0.066667
72	362	0.062500
73	9	0.022727
73	12	0.013333
73	17	0.008929
73	18	0.007042
73	19	0.009524
73	24	0.010000
73	25	0.012658
73	27	0.009615
73	33	0.011111
73	35	0.014925
73	44	0.020408
73	50	0.017544
73	51	0.019608
73	54	0.020408
73	69	0.028571
73	74	0.026316
73	81	0.025641
73	94	0.028571
73	119	0.037037
73	128	0.045455
73	134	0.041667
73	136	0.037037
73	140	0.034483
73	142	0.040000
73	184	0.047619
73	191	0.033333
73	200	0.041667
73	208	0.047619
73	217	0.040000
73	242	0.045455
73	247	0.058824
73	271	0.055556
73	286	0.055556
73	350	0.066667
73	355	0.062500
73	366	0.066667
73	372	0.062500
74	1	0.015873
74	17	0.008929
74	19	0.009524
74	22	0.009804
74	23	0.010101
74	26	0.013699
74	43	0.014493
74	45	0.013158
74	51	0.019608
74	55	0.034483
74	57	0.019608
74	60	0.027778
74	68	0.021739
74	69	0.028571
74	73	0.027027
74	78	0.027027
74	99	0.027027
74	113	0.030303
74	115	0.025000
74	117	0.045455
74	135	0.041667
74	138	0.050000
74	145	0.041667
74	156	0.052632
74	162	0.038462
74	168	0.041667
74	193	0.041667
74	199	0.038462
74	204	0.050000
74	225	0.040000
74	239	0.052632
74	243	0.045455
74	285	0.047619
74	286	0.055556
74	305	0.062500
74	315	0.058824
74	361	0.066667
74	372	0.062500
75	5	0.019231
75	11	0.026316
75	16	0.008621
75	17	0.008929
75	21	0.009524
75	26	0.013699
75	28	0.013158
75	29	0.014706
75	31	0.013514
75	32	0.016667
75	35	0.014925
75	38	0.025641
75	44	0.020408
75	50	0.017544
75	58	0.020408
75	77	0.031250
75	91	0.037037
75	99	0.027027
75	105	0.041667
75	115	0.025000
75	126	0.033333
75	131	0.040000
75	132	0.037037
75	134	0.041667
75	146	0.043478
75	164	0.045455
75	166	0.029412
75	168	0.041667
75	227	0.045455
75	256	0.066667
75	268	0.055556
75	274	0.052632
75	300	0.062500
75	321	0.062500
75	341	0.058824
75	346	0.062500
75	352	0.066667
75	358	0.058824
76	0	0.007937
76	6	0.017857
76	12	0.013333
76	14	0.017857
76	16	0.008621
76	18	0.007042
76	19	0.009524
76	22	0.009804
76	33	0.011111
76	34	0.015625
76	36	0.016129
76	45	0.013158
76	48	0.017544
76	50	0.017544
76	54	0.020408
76	79	0.034483
76	85	0.038462
76	88	0.027027
76	94	0.028571
76	95	0.035714
76	111	0.032258
76	121	0.029412
76	129	0.041667
76	142	0.040000
76	143	0.038462
76	161	0.041667
76	166	0.029412
76	170	0.050000
76	177	0.040000
76	181	0.043478
76	195	0.047619
76	197	0.040000
76	221	0.045455
76	255	0.058824
76	283	0.047619
76	292	0.062500
76	294	0.058824
76	303	0.058824
76	304	0.050000
76	307	0.055556
76	321	0.062500
76	341	0.058824
76	380	0.066667
76	381	0.066667
76	385	0.066667
77	4	0.018868
77	5	0.019231
77	7	0.020000
77	8	0.010417
77	16	0.008621
77	21	0.009524
77	24	0.010000
77	27	0.009615
77	30	0.015152
77	40	0.017544
77	41	0.016129
77	45	0.013158
77	69	0.028571
77	70	0.032258
77	75	0.026316
77	86	0.038462
77	97	0.029412
77	98	0.032258
77	104	0.032258
77	113	0.030303
77	195	0.047619
77	201	0.043478
77	222	0.045455
77	228	0.052632
77	240	0.050000
77	266	0.055556
77	293	0.058824
77	311	0.058824
77	325	0.062500
77	359	0.058824
77	364	0.062500
77	367	0.066667
78	1	0.015873
78	3	0.030303
78	4	0.018868
78	7	0.020000
78	8	0.010417
78	9	0.022727
78	13	0.020000
78	15	0.043478
78	17	0.008929
78	23	0.010101
78	37	0.020000
78	61	0.028571
78	67	0.022727
78	68	0.021739
78	74	0.026316
78	88	0.027027
78	103	0.029412
78	121	0.029412
78	125	0.035714
78	126	0.033333
78	130	0.040000
78	153	0.040000
78	186	0.033333
78	206	0.043478
78	213	0.055556
78	229	0.055556
78	241	0.041667
78	267	0.062500
78	268	0.055556
78	284	0.045455
78	285	0.047619
78	291	0.062500
78	305	0.062500
78	314	0.058824
78	316	0.055556
78	327	0.055556
78	363	0.062500
79	0	0.007937
79	1	0.015873
79	16	0.008621
79	18	0.007042
79	22	0.009804
79	28	0.013158
79	33	0.011111
79	34	0.015625
79	45	0.013158
79	47	0.020833
79	51	0.019608
79	52	0.023810
79	65	0.021277
79	68	0.021739
79	76	0.022222
79	92	0.027778
79	98	0.032258
79	113	0.030303
79	151	0.035714
79	154	0.041667
79	165	0.041667
79	171	0.045455
79	173	0.035714
79	183	0.045455
79	209	0.047619
79	268	0.055556
79	276	0.062500
79	302	0.058824
79	344	0.058824
80	0	0.007937
80	11	0.026316
80	14	0.017857
80	15	0.043478
80	17	0.008929
80	18	0.007042
80	19	0.009524
80	20	0.010870
80	30	0.015152
80	35	0.014925
80	45	0.013158
80	54	0.020408
80	61	0.028571
80	64	0.027778
80	65	0.021277
80	104	0.032258
80	114	0.038462
80	120	0.033333
80	124	0.031250
80	129	0.041667
80	151	0.035714
80	170	0.050000
80	189	0.055556
80	199	0.038462
80	216	0.050000
80	221	0.045455
80	234	0.055556
80	255	0.058824
80	266	0.055556
80	301	0.062500
80	307	0.055556
80	317	0.055556
80	326	0.062500
80	327	0.055556
80	350	0.066667
80	355	0.062500
81	1	0.015873
81	2	0.025000
81	8	0.010417
81	12	0.013333
81	14	0.017857
81	16	0.008621
81	18	0.007042
81	19	0.009524
81	20	0.010870
81	26	0.013699
81	40	0.017544
81	47	0.020833
81	48	0.017544
81	66	0.025641
81	73	0.027027
81	87	0.031250
81	90	0.040000
81	99	0.027027
81	103	0.029412
81	134	0.041667
81	146	0.043478
81	153	0.040000
81	159	0.041667
81	177	0.040000
81	193	0.041667
81	194	0.052632
81	199	0.038462
81	210	0.050000
81	218	0.050000
81	259	0.047619
81	260	0.047619
81	265	0.050000
81	268	0.055556
81	278	0.062500
81	304	0.050000
81	320	0.062500
81	335	0.062500
81	346	0.062500
81	353	0.062500
82	6	0.017857
82	12	0.013333
82	16	0.008621
82	17	0.008929
82	18	0.007042
82	21	0.009524
82	23	0.010101
82	25	0.012658
82	28	0.013158
82	29	0.014706
82	41	0.016129
82	44	0.020408
82	48	0.017544
82	50	0.017544
82	58	0.020408
82	85	0.038462
82	88	0.027027
82	119	0.037037
82	126	0.033333
82	217	0.040000
82	218	0.050000
82	246	0.050000
82	247	0.058824
82	249	0.055556
82	270	0.050000
82	285	0.047619
82	297	0.058824
82	312	0.058824
82	318	0.058824
82	349	0.066667
82	370	0.062500
83	0	0.007937
83	5	0.019231
83	12	0.013333
83	17	0.008929
83	19	0.009524
83	21	0.009524
83	22	0.009804
83	23	0.010101
83	24	0.010000
83	32	0.016667
83	42	0.013889
83	47	0.020833
83	56	0.020000
83	63	0.027027
83	70	0.032258
83	84	0.031250
83	87	0.031250
83	101	0.033333
83	155	0.041667
83	210	0.050000
83	294	0.058824
83	306	0.055556
83	360	0.058824
84	5	0.019231
84	16	0.008621
84	18	0.007042
84	19	0.009524
84	28	0.013158
84	31	0.013514
84	34	0.015625
84	42	0.013889
84	44	0.020408
84	47	0.020833
84	48	0.017544
84	50	0.017544
84	67	0.022727
84	70	0.032258
84	83	0.043478
84	104	0.032258
84	110	0.025641
84	111	0.032258
84	145	0.041667
84	152	0.047619
84	186	0.033333
84	212	0.050000
84	220	0.055556
84	222	0.045455
84	262	0.055556
84	265	0.050000
84	312	0.058824
84	331	0.058824
84	369	0.062500
84	373	0.066667
84	374	0.066667
84	387	0.066667
85	17	0.008929
85	18	0.007042
85	19	0.009524
85	22	0.009804
85	25	0.012658
85	27	0.009615
85	35	0.014925
85	36	0.016129
85	46	0.032258
85	58	0.020408
85	63	0.027027
85	64	0.027778
85	71	0.031250
85	76	0.022222
85	82	0.032258
85	100	0.027027
85	125	0.035714
85	126	0.033333
85	132	0.037037
85	150	0.033333
85	165	0.041667
85	200	0.041667
85	203	0.045455
85	260	0.047619
85	320	0.062500
85	348	0.066667
86	0	0.007937
86	5	0.019231
86	8	0.010417
86	19	0.009524
86	22	0.009804
86	23	0.010101
86	24	0.010000
86	26	0.013699
86	33	0.011111
86	40	0.017544
86	51	0.019608
86	59	0.020000
86	62	0.027778
86	72	0.030303
86	77	0.031250
86	92	0.027778
86	105	0.041667
86	133	0.043478
86	172	0.040000
86	196	0.047619
86	206	0.043478
86	259	0.047619
86	309	0.055556
86	313	0.058824
86	359	0.058824
86	370	0.062500
87	7	0.020000
87	16	0.008621
87	19	0.009524
87	23	0.010101
87	24	0.010000
87	28	0.013158
87	33	0.011111
87	47	0.020833
87	57	0.019608
87	58	0.020408
87	59	0.020000
87	71	0.031250
87	72	0.030303
87	81	0.025641
87	83	0.043478
87	89	0.034483
87	98	0.032258
87	116	0.052632
87	122	0.027778
87	132	0.037037
87	133	0.043478
87	143	0.038462
87	157	0.041667
87	204	0.050000
87	215	0.052632
87	231	0.052632
87	254	0.066667
87	265	0.050000
87	267	0.062500
87	278	0.062500
87	284	0.045455
87	314	0.058824
88	0	0.007937
88	1	0.015873
88	9	0.022727
88	13	0.020000
88	19	0.009524
88	25	0.012658
88	26	0.013699
88	28	0.013158
88	45	0.013158
88	48	0.017544
88	66	0.025641
88	67	0.022727
88	76	0.022222
88	78	0.027027
88	82	0.032258
88	91	0.037037
88	109	0.029412
88	115	0.025000
88	123	0.035714
88	133	0.043478
88	155	0.041667
88	158	0.047619
88	188	0.058824
88	210	0.050000
88	215	0.052632
88	223	0.058824
88	231	0.052632
88	238	0.050000
88	249	0.055556
88	260	0.047619
88	261	0.058824
88	274	0.052632
88	281	0.055556
88	331	0.058824
88	356	0.066667
88	385	0.066667
88	387	0.066667
89	4	0.018868
89	9	0.022727
89	16	0.008621
89	17	0.008929
89	18	0.007042
89	19	0.009524
89	21	0.009524
89	22	0.009804
89	26	0.013699
89	28	0.013158
89	36	0.016129
89	41	0.016129
89	48	0.017544
89	54	0.020408
89	87	0.031250
89	95	0.035714
89	110	0.025641
89	118	0.033333
89	123	0.035714
89	141	0.045455
89	149	0.035714
89	210	0.050000
89	213	0.055556
89	219	0.052632
89	275	0.050000
89	283	0.047619
89	286	0.055556
89	287	0.062500
89	352	0.066667
90	12	0.013333
90	13	0.020000
90	18	0.007042
90	21	0.009524
90	24	0.010000
90	25	0.012658
90	27	0.009615
90	30	0.015152
90	31	0.013514
90	32	0.016667
90	33	0.011111
90	40	0.017544
90	47	0.020833
90	50	0.017544
90	81	0.025641
90	91	0.037037
90	157	0.041667
90	159	0.041667
90	169	0.062500
90	189	0.055556
90	227	0.045455
90	282	0.066667
90	330	0.066667
90	356	0.066667
90	370	0.062500
91	0	0.007937
91	8	0.010417
91	12	0.013333
91	17	0.008929
91	22	0.009804
91	23	0.010101
91	32	0.016667
91	40	0.017544
91	51	0.019608
91	56	0.020000
91	66	0.025641
91	68	0.021739
91	75	0.026316
91	88	0.027027
91	90	0.040000
91	109	0.029412
91	119	0.037037
91	134	0.041667
91	203	0.045455
91	213	0.055556
91	281	0.055556
91	305	0.062500
91	306	0.055556
91	321	0.062500
91	325	0.062500
91	363	0.062500
91	365	0.058824
92	13	0.020000
92	14	0.017857
92	17	0.008929
92	21	0.009524
92	25	0.012658
92	31	0.013514
92	32	0.016667
92	33	0.011111
92	37	0.020000
92	41	0.016129
92	47	0.020833
92	67	0.022727
92	72	0.030303
92	79	0.034483
92	86	0.038462
92	104	0.032258
92	105	0.041667
92	106	0.030303
92	123	0.035714
92	132	0.037037
92	152	0.047619
92	157	0.041667
92	162	0.038462
92	166	0.029412
92	177	0.040000
92	224	0.055556
92	235	0.043478
92	238	0.050000
92	240	0.050000
92	248	0.062500
92	254	0.066667
92	256	0.066667
92	287	0.062500
92	316	0.055556
92	336	0.055556
92	343	0.062500
93	1	0.015873
93	5	0.019231
93	6	0.017857
93	10	0.027778
93	16	0.008621
93	18	0.007042
93	19	0.009524
93	29	0.014706
93	31	0.013514
93	36	0.016129
93	38	0.025641
93	41	0.016129
93	58	0.020408
93	62	0.027778
93	72	0.030303
93	122	0.027778
93	173	0.035714
93	188	0.058824
93	216	0.050000
93	224	0.055556
93	231	0.052632
93	235	0.043478
93	244	0.055556
93	259	0.047619
93	263	0.045455
93	332	0.058824
93	335	0.062500
93	336	0.055556
93	352	0.066667
93	357	0.066667
93	362	0.062500
94	0	0.007937
94	1	0.015873
94	11	0.026316
94	12	0.013333
94	17	0.008929
94	18	0.007042
94	22	0.009804
94	24	0.010000
94	33	0.011111
94	43	0.014493
94	67	0.022727
94	68	0.021739
94	72	0.030303
94	73	0.027027
94	76	0.022222
94	104	0.032258
94	113	0.030303
94	120	0.033333
94	125	0.035714
94	162	0.038462
94	165	0.041667
94	171	0.045455
94	187	0.043478
94	199	0.038462
94	200	0.041667
94	214	0.055556
94	232	0.050000
94	293	0.058824
94	302	0.058824
94	303	0.058824
94	314	0.058824
94	319	0.066667
94	330	0.066667
94	339	0.062500
94	358	0.058824
95	4	0.018868
95	16	0.008621
95	17	0.008929
95	21	0.009524
95	24	0.010000
95	42	0.013889
95	44	0.020408
95	48	0.017544
95	49	0.031250
95	50	0.017544
95	51	0.019608
95	52	0.023810
95	65	0.021277
95	76	0.022222
95	89	0.034483
95	103	0.029412
95	120	0.033333
95	138	0.050000
95	142	0.040000
95	167	0.043478
95	177	0.040000
95	195	0.047619
95	238	0.050000
95	259	0.047619
95	272	0.058824
95	337	0.062500
95	373	0.066667
95	387	0.066667
96	0	0.007937
96	19	0.009524
96	20	0.010870
96	21	0.009524
96	22	0.009804
96	23	0.010101
96	25	0.012658
96	30	0.015152
96	31	0.013514
96	33	0.011111
96	34	0.015625
96	50	0.017544
96	51	0.019608
96	53	0.025641
96	58	0.020408
96	102	0.026316
96	105	0.041667
96	116	0.052632
96	119	0.037037
96	125	0.035714
96	127	0.025641
96	139	0.041667
96	156	0.052632
96	164	0.045455
96	170	0.050000
96	179	0.038462
96	182	0.041667
96	186	0.033333
96	191	0.033333
96	199	0.038462
96	201	0.043478
96	220	0.055556
96	228	0.052632
96	271	0.055556
96	290	0.055556
96	323	0.066667
96	329	0.058824
96	330	0.066667
96	338	0.066667
96	351	0.062500
96	368	0.066667
96	375	0.062500
97	0	0.007937
97	6	0.017857
97	8	0.010417
97	18	0.007042
97	21	0.009524
97	22	0.009804
97	23	0.010101
97	24	0.010000
97	36	0.016129
97	37	0.020000
97	42	0.013889
97	52	0.023810
97	59	0.020000
97	67	0.022727
97	77	0.031250
97	98	0.032258
97	100	0.027027
97	129	0.041667
97	134	0.041667
97	139	0.041667
97	154	0.041667
97	168	0.041667
97	191	0.033333
97	195	0.047619
97	204	0.050000
97	208	0.047619
97	214	0.055556
97	296	0.062500
97	300	0.062500
97	309	0.055556
97	326	0.062500
97	336	0.055556
97	372	0.062500
97	373	0.066667
98	12	0.013333
98	16	0.008621
98	31	0.013514
98	37	0.020000
98	48	0.017544
98	51	0.019608
98	52	0.023810
98	54	0.020408
98	60	0.027778
98	67	0.022727
98	72	0.030303
98	77	0.031250
98	79	0.034483
98	87	0.031250
98	97	0.029412
98	102	0.026316
98	114	0.038462
98	135	0.041667
98	136	0.037037
98	182	0.041667
98	206	0.043478
98	210	0.050000
98	226	0.050000
98	285	0.047619
98	299	0.058824
98	301	0.062500
98	304	0.050000
98	332	0.058824
98	342	0.055556
98	357	0.066667
98	378	0.066667
99	1	0.015873
99	8	0.010417
99	19	0.009524
99	22	0.009804
99	23	0.010101
99	26	0.013699
99	31	0.013514
99	36	0.016129
99	40	0.017544
99	48	0.017544
99	50	0.017544
99	68	0.021739
99	74	0.026316
99	75	0.026316
99	81	0.025641
99	114	0.038462
99	123	0.035714
99	131	0.040000
99	155	0.041667
99	157	0.041667
99	172	0.040000
99	173	0.035714
99	174	0.050000
99	179	0.038462
99	195	0.047619
99	200	0.041667
99	217	0.040000
99	220	0.055556
99	233	0.058824
99	234	0.055556
99	248	0.062500
99	257	0.055556
99	266	0.055556
99	308	0.066667
99	310	0.062500
99	314	0.058824
99	343	0.062500
100	6	0.017857
100	17	0.008929
100	18	0.007042
100	19	0.009524
100	27	0.009615
100	31	0.013514
100	34	0.015625
100	41	0.016129
100	42	0.013889
100	43	0.014493
100	55	0.034483
100	64	0.027778
100	65	0.021277
100	85	0.038462
100	97	0.029412
100	107	0.028571
100	119	0.037037
100	120	0.033333
100	126	0.033333
100	132	0.037037
100	133	0.043478
100	135	0.041667
100	147	0.041667
100	153	0.040000
100	155	0.041667
100	157	0.041667
100	167	0.043478
100	170	0.050000
100	216	0.050000
100	221	0.045455
100	224	0.055556
100	229	0.055556
100	293	0.058824
100	300	0.062500
100	328	0.058824
100	365	0.058824
100	386	0.066667
101	1	0.015873
101	8	0.010417
101	9	0.022727
101	10	0.027778
101	14	0.017857
101	16	0.008621
101	18	0.007042
101	21	0.009524
101	25	0.012658
101	33	0.011111
101	53	0.025641
101	57	0.019608
101	62	0.027778
101	65	0.021277
101	83	0.043478
101	109	0.029412
101	115	0.025000
101	132	0.037037
101	147	0.041667
101	154	0.041667
101	158	0.047619
101	162	0.038462
101	211	0.047619
101	225	0.040000
101	235	0.043478
101	236	0.043478
101	245	0.055556
101	252	0.052632
101	262	0.055556
101	287	0.062500
102	17	0.008929
102	19	0.009524
102	20	0.010870
102	21	0.009524
102	23	0.010101
102	25	0.012658
102	27	0.009615
102	30	0.015152
102	36	0.016129
102	43	0.014493
102	56	0.020000
102	62	0.027778
102	72	0.030303
102	96	0.023810
102	98	0.032258
102	108	0.032258
102	111	0.032258
102	136	0.037037
102	137	0.040000
102	162	0.038462
102	186	0.033333
102	192	0.045455
102	210	0.050000
102	212	0.050000
102	224	0.055556
102	240	0.050000
102	252	0.052632
102	269	0.066667
102	276	0.062500
102	277	0.066667
102	311	0.058824
102	328	0.058824
102	338	0.066667
102	341	0.058824
102	347	0.058824
102	361	0.066667
102	364	0.062500
102	384	0.066667
103	1	0.015873
103	8	0.010417
103	12	0.013333
103	18	0.007042
103	20	0.010870
103	21	0.009524
103	23	0.010101
103	25	0.012658
103	26	0.013699
103	30	0.015152
103	39	0.028571
103	57	0.019608
103	78	0.027027
103	81	0.025641
103	95	0.035714
103	106	0.030303
103	113	0.030303
103	117	0.045455
103	142	0.040000
103	144	0.032258
103	145	0.041667
103	158	0.047619
103	184	0.047619
103	190	0.032258
103	197	0.040000
103	214	0.055556
103	222	0.045455
103	233	0.058824
103	251	0.055556
103	258	0.055556
103	283	0.047619
103	288	0.052632
103	308	0.066667
103	387	0.066667
104	13	0.020000
104	16	0.008621
104	29	0.014706
104	39	0.028571
104	42	0.013889
104	43	0.014493
104	44	0.020408
104	45	0.013158
104	49	0.031250
104	59	0.020000
104	77	0.031250
104	80	0.027778
104	84	0.031250
104	92	0.027778
104	94	0.028571
104	124	0.031250
104	141	0.045455
104	180	0.031250
104	205	0.043478
104	210	0.050000
104	218	0.050000
104	220	0.055556
104	225	0.040000
104	230	0.058824
104	258	0.055556
104	263	0.045455
104	267	0.062500
104	282	0.066667
104	291	0.062500
104	330	0.066667
104	351	0.062500
105	1	0.015873
105	18	0.007042
105	22	0.009804
105	25	0.012658
105	34	0.015625
105	41	0.016129
105	45	0.013158
105	49	0.031250
105	50	0.017544
105	58	0.020408
105	70	0.032258
105	75	0.026316
105	86	0.038462
105	92	0.027778
105	96	0.023810
105	128	0.045455
105	143	0.038462
105	159	0.041667
105	179	0.038462
105	198	0.047619
105	245	0.055556
105	255	0.058824
105	330	0.066667
105	343	0.062500
106	5	0.019231
106	10	0.027778
106	18	0.007042
106	20	0.010870
106	21	0.009524
106	23	0.010101
106	24	0.010000
106	31	0.013514
106	32	0.016667
106	35	0.014925
106	45	0.013158
106	59	0.020000
106	62	0.027778
106	92	0.027778
106	103	0.029412
106	113	0.030303
106	119	0.037037
106	163	0.030303
106	164	0.045455
106	175	0.041667
106	176	0.062500
106	178	0.052632
106	187	0.043478
106	205	0.043478
106	221	0.045455
106	237	0.043478
106	268	0.055556
106	319	0.066667
106	324	0.058824
106	329	0.058824
106	332	0.058824
106	343	0.062500
106	350	0.066667
107	8	0.010417
107	17	0.008929
107	18	0.007042
107	19	0.009524
107	22	0.009804
107	23	0.010101
107	24	0.010000
107	25	0.012658
107	26	0.013699
107	27	0.009615
107	43	0.014493
107	45	0.013158
107	51	0.019608
107	52	0.023810
107	100	0.027027
107	110	0.025641
107	123	0.035714
107	141	0.045455
107	144	0.032258
107	153	0.040000
107	154	0.041667
107	155	0.041667
107	167	0.043478
107	191	0.033333
107	228	0.052632
107	234	0.055556
107	251	0.055556
107	265	0.050000
107	270	0.050000
107	271	0.055556
107	280	0.062500
107	284	0.045455
107	288	0.052632
107	320	0.062500
107	377	0.066667
108	3	0.030303
108	6	0.017857
108	12	0.013333
108	14	0.017857
108	18	0.007042
108	19	0.009524
108	20	0.010870
108	21	0.009524
108	22	0.009804
108	37	0.020000
108	39	0.028571
108	41	0.016129
108	42	0.013889
108	55	0.034483
108	102	0.026316
108	131	0.040000
108	140	0.034483
108	168	0.041667
108	175	0.041667
108	177	0.040000
108	194	0.052632
108	209	0.047619
108	235	0.043478
108	237	0.043478
108	244	0.055556
108	248	0.062500
108	273	0.055556
108	277	0.066667
108	335	0.062500
108	352	0.066667
108	354	0.062500
109	0	0.007937
109	14	0.017857
109	17	0.008929
109	22	0.009804
109	23	0.010101
109	24	0.010000
109	28	0.013158
109	29	0.014706
109	54	0.020408
109	55	0.034483
109	57	0.019608
109	67	0.022727
109	88	0.027027
109	91	0.037037
109	101	0.033333
109	116	0.052632
109	132	0.037037
109	133	0.043478
109	152	0.047619
109	159	0.041667
109	162	0.038462
109	163	0.030303
109	195	0.047619
109	215	0.052632
109	216	0.050000
109	223	0.058824
109	255	0.058824
109	262	0.055556
109	263	0.045455
109	270	0.050000
109	311	0.058824
109	335	0.062500
109	342	0.055556
109	355	0.062500
110	12	0.013333
110	16	0.008621
110	18	0.007042
110	19	0.009524
110	23	0.010101
110	30	0.015152
110	34	0.015625
110	41	0.016129
110	53	0.025641
110	68	0.021739
110	71	0.031250
110	72	0.030303
110	84	0.031250
110	89	0.034483
110	107	0.028571
110	112	0.027778
110	118	0.033333
110	126	0.033333
110	130	0.040000
110	140	0.034483
110	149	0.035714
110	151	0.035714
110	158	0.047619
110	166	0.029412
110	168	0.041667
110	169	0.062500
110	208	0.047619
110	224	0.055556
110	232	0.050000
110	244	0.055556
110	248	0.062500
110	249	0.055556
110	265	0.050000
110	282	0.066667
110	296	0.062500
110	304	0.050000
110	321	0.062500
110	349	0.066667
110	357	0.066667
111	0	0.007937
111	10	0.027778
111	16	0.008621
111	18	0.007042
111	22	0.009804
111	24	0.010000
111	25	0.012658
111	27	0.009615
111	28	0.013158
111	29	0.014706
111	30	0.015152
111	57	0.019608
111	76	0.022222
111	84	0.031250
111	102	0.026316
111	116	0.052632
111	118	0.033333
111	122	0.027778
111	135	0.041667
111	146	0.043478
111	147	0.041667
111	183	0.045455
111	210	0.050000
111	257	0.055556
111	269	0.066667
111	274	0.052632
111	285	0.047619
111	312	0.058824
111	337	0.062500
111	375	0.062500
111	389	0.066667
112	1	0.015873
112	11	0.026316
112	12	0.013333
112	18	0.007042
112	20	0.010870
112	23	0.010101
112	31	0.013514
112	33	0.011111
112	42	0.013889
112	50	0.017544
112	53	0.025641
112	54	0.020408
112	56	0.020000
112	68	0.021739
112	110	0.025641
112	131	0.040000
112	141	0.045455
112	157	0.041667
112	159	0.041667
112	167	0.043478
112	176	0.062500
112	181	0.043478
112	197	0.040000
112	201	0.043478
112	217	0.040000
112	227	0.045455
112	246	0.050000
112	257	0.055556
112	260	0.047619
112	289	0.058824
112	300	0.062500
112	305	0.062500
112	334	0.062500
112	351	0.062500
112	366	0.066667
112	389	0.066667
113	6	0.017857
113	9	0.022727
113	20	0.010870
113	22	0.009804
113	28	0.013158
113	33	0.011111
113	43	0.014493
113	46	0.032258
113	62	0.027778
113	74	0.026316
113	77	0.031250
113	79	0.034483
113	94	0.028571
113	103	0.029412
113	106	0.030303
113	127	0.025641
113	156	0.052632
113	167	0.043478
113	175	0.041667
113	191	0.033333
113	193	0.041667
113	202	0.050000
113	214	0.055556
113	230	0.058824
113	233	0.058824
113	244	0.055556
113	258	0.055556
113	290	0.055556
113	297	0.058824
113	329	0.058824
113	356	0.066667
113	365	0.058824
113	370	0.062500
114	2	0.025000
114	5	0.019231
114	8	0.010417
114	20	0.010870
114	26	0.013699
114	32	0.016667
114	33	0.011111
114	41	0.016129
114	42	0.013889
114	45	0.013158
114	64	0.027778
114	69	0.028571
114	80	0.027778
114	98	0.032258
114	99	0.027027
114	121	0.029412
114	122	0.027778
114	123	0.035714
114	134	0.041667
114	189	0.055556
114	243	0.045455
114	253	0.050000
114	286	0.055556
114	303	0.058824
114	334	0.062500
114	375	0.062500
115	2	0.025000
115	12	0.013333
115	16	0.008621
115	18	0.007042
115	24	0.010000
115	27	0.009615
115	30	0.015152
115	31	0.013514
115	34	0.015625
115	36	0.016129
115	48	0.017544
115	74	0.026316
115	75	0.026316
115	88	0.027027
115	101	0.033333
115	121	0.029412
115	125	0.035714
115	152	0.047619
115	159	0.041667
115	160	0.034483
115	164	0.045455
115	165	0.041667
115	176	0.062500
115	183	0.045455
115	193	0.041667
115	207	0.040000
115	216	0.050000
115	218	0.050000
115	219	0.052632
115	231	0.052632
115	234	0.055556
115	243	0.045455
115	258	0.055556
115	260	0.047619
115	276	0.062500
115	280	0.062500
115	325	0.062500
115	329	0.058824
115	344	0.058824
115	375	0.062500
116	12	0.013333
116	16	0.008621
116	19	0.009524
116	21	0.009524
116	30	0.015152
116	33	0.011111
116	34	0.015625
116	50	0.017544
116	62	0.027778
116	65	0.021277
116	66	0.025641
116	87	0.031250
116	96	0.023810
116	109	0.029412
116	111	0.032258
116	195	0.047619
116	279	0.058824
116	321	0.062500
116	353	0.062500
117	6	0.017857
117	18	0.007042
117	19	0.009524
117	20	0.010870
117	22	0.009804
117	23	0.010101
117	45	0.013158
117	46	0.032258
117	50	0.017544
117	56	0.020000
117	58	0.020408
117	59	0.020000
117	64	0.027778
117	74	0.026316
117	103	0.029412
117	197	0.040000
117	208	0.047619
117	212	0.050000
117	256	0.066667
117	261	0.058824
117	270	0.050000
117	330	0.066667
118	1	0.015873
118	2	0.025000
118	4	0.018868
118	17	0.008929
118	20	0.010870
118	26	0.013699
118	30	0.015152
118	43	0.014493
118	44	0.020408
118	54	0.020408
118	55	0.034483
118	57	0.019608
118	89	0.034483
118	110	0.025641
118	111	0.032258
118	135	0.041667
118	138	0.050000
118	150	0.033333
118	175	0.041667
118	229	0.055556
118	250	0.045455
118	262	0.055556
118	267	0.062500
118	271	0.055556
118	286	0.055556
118	287	0.062500
118	297	0.058824
118	341	0.058824
118	361	0.066667
118	385	0.066667
119	0	0.007937
119	2	0.025000
119	7	0.020000
119	16	0.008621
119	17	0.008929
119	18	0.007042
119	27	0.009615
119	28	0.013158
119	30	0.015152
119	73	0.027027
119	82	0.032258
119	91	0.037037
119	96	0.023810
119	100	0.027027
119	106	0.030303
119	128	0.045455
119	140	0.034483
119	148	0.043478
119	149	0.035714
119	182	0.041667
119	186	0.033333
119	207	0.040000
119	267	0.062500
119	311	0.058824
119	325	0.062500
119	333	0.062500
119	356	0.066667
120	0	0.007937
120	6	0.017857
120	17	0.008929
120	20	0.010870
120	27	0.009615
120	34	0.015625
120	36	0.016129
120	40	0.017544
120	43	0.014493
120	50	0.017544
120	66	0.025641
120	80	0.027778
120	94	0.028571
120	95	0.035714
120	100	0.027027
120	121	0.029412
120	140	0.034483
120	143	0.038462
120	150	0.033333
120	161	0.041667
120	190	0.032258
120	191	0.033333
120	202	0.050000
120	213	0.055556
120	222	0.045455
120	226	0.050000
120	265	0.050000
120	308	0.066667
120	312	0.058824
120	324	0.058824
121	8	0.010417
121	17	0.008929
121	20	0.010870
121	26	0.013699
121	27	0.009615
121	30	0.015152
121	34	0.015625
121	35	0.014925
121	63	0.027027
121	65	0.021277
121	76	0.022222
121	78	0.027027
121	114	0.038462
121	115	0.025000
121	120	0.033333
121	127	0.025641
121	141	0.045455
121	148	0.043478
121	149	0.035714
121	162	0.038462
121	173	0.035714
121	181	0.043478
121	185	0.045455
121	217	0.040000
121	222	0.045455
121	270	0.050000
121	282	0.066667
121	296	0.062500
121	301	0.062500
121	307	0.055556
121	314	0.058824
121	331	0.058824
121	332	0.058824
121	350	0.066667
122	11	0.026316
122	18	0.007042
122	26	0.013699
122	28	0.013158
122	34	0.015625
122	54	0.020408
122	57	0.019608
122	58	0.020408
122	60	0.027778
122	67	0.022727
122	71	0.031250
122	87	0.031250
122	93	0.032258
122	111	0.032258
122	114	0.038462
122	130	0.040000
122	131	0.040000
122	136	0.037037
122	146	0.043478
122	150	0.033333
122	164	0.045455
122	204	0.050000
122	208	0.047619
122	209	0.047619
122	219	0.052632
122	222	0.045455
122	225	0.040000
122	227	0.045455
122	265	0.050000
122	271	0.055556
122	276	0.062500
122	347	0.058824
122	371	0.066667
122	372	0.062500
122	383	0.066667
122	386	0.066667
123	14	0.017857
123	16	0.008621
123	18	0.007042
123	20	0.010870
123	21	0.009524
123	28	0.013158
123	29	0.014706
123	58	0.020408
123	66	0.025641
123	88	0.027027
123	89	0.034483
123	92	0.027778
123	99	0.027027
123	107	0.028571
123	114	0.038462
123	135	0.041667
123	196	0.047619
123	201	0.043478
123	211	0.047619
123	256	0.066667
123	288	0.052632
123	324	0.058824
123	328	0.058824
123	334	0.062500
123	340	0.062500
123	363	0.062500
123	370	0.062500
123	380	0.066667
124	6	0.017857
124	12	0.013333
124	14	0.017857
124	16	0.008621
124	17	0.008929
124	18	0.007042
124	19	0.009524
124	23	0.010101
124	26	0.013699
124	31	0.013514
124	35	0.014925
124	37	0.020000
124	58	0.020408
124	80	0.027778
124	104	0.032258
124	136	0.037037
124	149	0.035714
124	170	0.050000
124	182	0.041667
124	209	0.047619
124	215	0.052632
124	230	0.058824
124	233	0.058824
124	236	0.043478
124	238	0.050000
124	273	0.055556
124	284	0.045455
124	290	0.055556
124	292	0.062500
124	327	0.055556
124	329	0.058824
124	343	0.062500
125	4	0.018868
125	22	0.009804
125	23	0.010101
125	29	0.014706
125	40	0.017544
125	43	0.014493
125	45	0.013158
125	48	0.017544
125	58	0.020408
125	72	0.030303
125	78	0.027027
125	85	0.038462
125	94	0.028571
125	96	0.023810
125	115	0.025000
125	129	0.041667
125	138	0.050000
125	144	0.032258
125	152	0.047619
125	182	0.041667
125	196	0.047619
125	229	0.055556
125	243	0.045455
125	264	0.055556
125	278	0.062500
125	362	0.062500
125	365	0.058824
125	368	0.066667
126	11	0.026316
126	14	0.017857
126	16	0.008621
126	17	0.008929
126	21	0.009524
126	22	0.009804
126	28	0.013158
126	44	0.020408
126	45	0.013158
126	75	0.026316
126	78	0.027027
126	82	0.032258
126	85	0.038462
126	100	0.027027
126	110	0.025641
126	131	0.040000
126	152	0.047619
126	187	0.043478
126	189	0.055556
126	215	0.052632
126	218	0.050000
126	221	0.045455
126	229	0.055556
126	253	0.050000
126	301	0.062500
126	312	0.058824
126	334	0.062500
126	353	0.062500
126	354	0.062500
126	377	0.066667
127	0	0.007937
127	7	0.020000
127	8	0.010417
127	16	0.008621
127	18	0.007042
127	22	0.009804
127	23	0.010101
127	28	0.013158
127	33	0.011111
127	40	0.017544
127	42	0.013889
127	59	0.020000
127	96	0.023810
127	113	0.030303
127	121	0.029412
127	149	0.035714
127	150	0.033333
127	165	0.041667
127	166	0.029412
127	176	0.062500
127	178	0.052632
127	181	0.043478
127	185	0.045455
127	207	0.040000
127	212	0.050000
127	223	0.058824
127	237	0.043478
127	279	0.058824
127	293	0.058824
127	295	0.055556
127	297	0.058824
127	306	0.055556
127	328	0.058824
127	343	0.062500
127	346	0.062500
127	348	0.066667
127	373	0.066667
127	376	0.066667
127	382	0.066667
128	0	0.007937
128	5	0.019231
128	9	0.022727
128	12	0.013333
128	14	0.017857
128	16	0.008621
128	25	0.012658
128	28	0.013158
128	48	0.017544
128	50	0.017544
128	59	0.020000
128	64	0.027778
128	73	0.027027
128	105	0.041667
128	119	0.037037
128	190	0.032258
128	203	0.045455
128	240	0.050000
128	272	0.058824
128	297	0.058824
128	303	0.058824
128	344	0.058824
129	8	0.010417
129	10	0.027778
129	18	0.007042
129	22	0.009804
129	23	0.010101
129	33	0.011111
129	34	0.015625
129	36	0.016129
129	60	0.027778
129	66	0.025641
129	68	0.021739
129	76	0.022222
129	80	0.027778
129	97	0.029412
129	125	0.035714
129	148	0.043478
129	158	0.047619
129	169	0.062500
129	199	0.038462
129	204	0.050000
129	206	0.043478
129	245	0.055556
129	288	0.052632
129	389	0.066667
130	4	0.018868
130	7	0.020000
130	8	0.010417
130	14	0.017857
130	23	0.010101
130	31	0.013514
130	45	0.013158
130	48	0.017544
130	51	0.019608
130	56	0.020000
130	58	0.020408
130	59	0.020000
130	78	0.027027
130	110	0.025641
130	122	0.027778
130	143	0.038462
130	148	0.043478
130	163	0.030303
130	167	0.043478
130	190	0.032258
130	192	0.045455
130	272	0.058824
130	276	0.062500
130	289	0.058824
130	290	0.055556
131	2	0.025000
131	19	0.009524
131	27	0.009615
131	35	0.014925
131	36	0.016129
131	41	0.016129
131	42	0.013889
131	44	0.020408
131	46	0.032258
131	75	0.026316
131	99	0.027027
131	108	0.032258
131	112	0.027778
131	122	0.027778
131	126	0.033333
131	144	0.032258
131	165	0.041667
131	185	0.045455
131	218	0.050000
131	228	0.052632
131	249	0.055556
131	284	0.045455
131	288	0.052632
131	360	0.058824
131	371	0.066667
132	25	0.012658
132	29	0.014706
132	32	0.016667
132	36	0.016129
132	42	0.013889
132	49	0.031250
132	50	0.017544
132	64	0.027778
132	75	0.026316
132	85	0.038462
132	87	0.031250
132	92	0.027778
132	100	0.027027
132	101	0.033333
132	109	0.029412
132	140	0.034483
132	189	0.055556
132	195	0.047619
132	212	0.050000
132	220	0.055556
132	245	0.055556
132	250	0.045455
132	271	0.055556
132	295	0.055556
132	298	0.066667
132	311	0.058824
132	348	0.066667
133	0	0.007937
133	7	0.020000
133	14	0.017857
133	21	0.009524
133	32	0.016667
133	33	0.011111
133	36	0.016129
133	45	0.013158
133	58	0.020408
133	65	0.021277
133	86	0.038462
133	87	0.031250
133	88	0.027027
133	100	0.027027
133	109	0.029412
133	137	0.040000
133	139	0.041667
133	173	0.035714
133	187	0.043478
133	217	0.040000
133	272	0.058824
133	277	0.066667
133	307	0.055556
134	0	0.007937
134	22	0.009804
134	24	0.010000
134	26	0.013699
134	29	0.014706
134	33	0.011111
134	36	0.016129
134	66	0.025641
134	68	0.021739
134	73	0.027027
134	75	0.026316
134	81	0.025641
134	91	0.037037
134	97	0.029412
134	114	0.038462
134	149	0.035714
134	172	0.040000
134	215	0.052632
134	238	0.050000
134	256	0.066667
134	257	0.055556
134	262	0.055556
134	336	0.055556
134	356	0.066667
135	6	0.017857
135	8	0.010417
135	13	0.020000
135	18	0.007042
135	21	0.009524
135	32	0.016667
135	48	0.017544
135	54	0.020408
135	66	0.025641
135	74	0.026316
135	98	0.032258
135	100	0.027027
135	111	0.032258
135	118	0.033333
135	123	0.035714
135	169	0.062500
135	214	0.055556
135	220	0.055556
135	223	0.058824
135	270	0.050000
135	278	0.062500
135	280	0.062500
135	304	0.050000
135	308	0.066667
136	3	0.030303
136	11	0.026316
136	12	0.013333
136	16	0.008621
136	17	0.008929
136	18	0.007042
136	29	0.014706
136	31	0.013514
136	38	0.025641
136	45	0.013158
136	73	0.027027
136	98	0.032258
136	102	0.026316
136	122	0.027778
136	124	0.031250
136	160	0.034483
136	180	0.031250
136	202	0.050000
136	205	0.043478
136	220	0.055556
136	236	0.043478
136	254	0.066667
136	267	0.062500
136	301	0.062500
136	304	0.050000
136	313	0.058824
136	332	0.058824
137	0	0.007937
137	1	0.015873
137	5	0.019231
137	19	0.009524
137	21	0.009524
137	22	0.009804
137	25	0.012658
137	26	0.013699
137	46	0.032258
137	47	0.020833
137	48	0.017544
137	63	0.027027
137	68	0.021739
137	102	0.026316
137	133	0.043478
137	144	0.032258
137	171	0.045455
137	186	0.033333
137	274	0.052632
137	278	0.062500
137	318	0.058824
137	324	0.058824
137	328	0.058824
137	354	0.062500
137	356	0.066667
138	16	0.008621
138	17	0.008929
138	20	0.010870
138	28	0.013158
138	33	0.011111
138	40	0.017544
138	45	0.013158
138	46	0.032258
138	50	0.017544
138	52	0.023810
138	68	0.021739
138	74	0.026316
138	95	0.035714
138	118	0.033333
138	125	0.035714
138	154	0.041667
138	271	0.055556
138	280	0.062500
138	296	0.062500
138	349	0.066667
139	0	0.007937
139	2	0.025000
139	13	0.020000
139	16	0.008621
139	17	0.008929
139	19	0.009524
139	24	0.010000
139	34	0.015625
139	38	0.025641
139	42	0.013889
139	43	0.014493
139	55	0.034483
139	96	0.023810
139	97	0.029412
139	133	0.043478
139	175	0.041667
139	196	0.047619
139	198	0.047619
139	216	0.050000
139	246	0.050000
139	271	0.055556
139	312	0.058824
139	332	0.058824
139	346	0.062500
140	1	0.015873
140	4	0.018868
140	8	0.010417
140	25	0.012658
140	32	0.016667
140	42	0.013889
140	46	0.032258
140	47	0.020833
140	65	0.021277
140	73	0.027027
140	108	0.032258
140	110	0.025641
140	119	0.037037
140	120	0.033333
140	132	0.037037
140	202	0.050000
140	211	0.047619
140	213	0.055556
140	234	0.055556
140	236	0.043478
140	241	0.041667
140	245	0.055556
140	269	0.066667
140	279	0.058824
140	284	0.045455
140	309	0.055556
140	316	0.055556
140	329	0.058824
140	361	0.066667
141	12	0.013333
141	17	0.008929
141	19	0.009524
141	21	0.009524
141	22	0.009804
141	25	0.012658
141	28	0.013158
141	54	0.020408
141	61	0.028571
141	72	0.030303
141	89	0.034483
141	104	0.032258
141	107	0.028571
141	112	0.027778
141	121	0.029412
141	205	0.043478
141	227	0.045455
141	267	0.062500
141	310	0.062500
141	313	0.058824
141	320	0.062500
141	384	0.066667
142	4	0.018868
142	6	0.017857
142	8	0.010417
142	10	0.027778
142	13	0.020000
142	15	0.043478
142	20	0.010870
142	35	0.014925
142	45	0.013158
142	66	0.025641
142	71	0.031250
142	73	0.027027
142	76	0.022222
142	95	0.035714
142	103	0.029412
142	159	0.041667
142	176	0.062500
142	178	0.052632
142	196	0.047619
142	210	0.050000
142	217	0.040000
142	320	0.062500
142	346	0.062500
142	347	0.058824
142	388	0.066667
143	9	0.022727
143	18	0.007042
143	22	0.009804
143	24	0.010000
143	27	0.009615
143	47	0.020833
143	51	0.019608
143	54	0.020408
143	68	0.021739
143	71	0.031250
143	76	0.022222
143	87	0.031250
143	105	0.041667
143	120	0.033333
143	130	0.040000
143	151	0.035714
143	155	0.041667
143	161	0.041667
143	174	0.050000
143	218	0.050000
143	241	0.041667
143	253	0.050000
143	259	0.047619
143	296	0.062500
143	354	0.062500
143	374	0.066667
144	0	0.007937
144	2	0.025000
144	6	0.017857
144	7	0.020000
144	19	0.009524
144	21	0.009524
144	38	0.025641
144	41	0.016129
144	57	0.019608
144	59	0.020000
144	103	0.029412
144	107	0.028571
144	125	0.035714
144	131	0.040000
144	137	0.040000
144	160	0.034483
144	168	0.041667
144	181	0.043478
144	187	0.043478
144	191	0.033333
144	209	0.047619
144	229	0.055556
144	237	0.043478
144	247	0.058824
144	251	0.055556
144	263	0.045455
144	325	0.062500
144	350	0.066667
144	353	0.062500
144	364	0.062500
144	367	0.066667
145	10	0.027778
145	16	0.008621
145	17	0.008929
145	20	0.010870
145	27	0.009615
145	33	0.011111
145	39	0.028571
145	41	0.016129
145	42	0.013889
145	49	0.031250
145	50	0.017544
145	57	0.019608
145	74	0.026316
145	84	0.031250
145	103	0.029412
145	178	0.052632
145	185	0.045455
145	195	0.047619
145	200	0.041667
145	273	0.055556
145	302	0.058824
145	318	0.058824
145	355	0.062500
145	376	0.066667
146	4	0.018868
146	8	0.010417
146	13	0.020000
146	18	0.007042
146	20	0.010870
146	22	0.009804
146	29	0.014706
146	36	0.016129
146	43	0.014493
146	48	0.017544
146	59	0.020000
146	75	0.026316
146	81	0.025641
146	111	0.032258
146	122	0.027778
146	171	0.045455
146	173	0.035714
146	197	0.040000
146	250	0.045455
146	283	0.047619
146	315	0.058824
146	354	0.062500
146	384	0.066667
147	2	0.025000
147	5	0.019231
147	10	0.027778
147	18	0.007042
147	19	0.009524
147	20	0.010870
147	25	0.012658
147	34	0.015625
147	36	0.016129
147	53	0.025641
147	56	0.020000
147	62	0.027778
147	100	0.027027
147	101	0.033333
147	111	0.032258
147	172	0.040000
147	178	0.052632
147	214	0.055556
147	261	0.058824
147	262	0.055556
147	277	0.066667
147	285	0.047619
147	301	0.062500
147	315	0.058824
148	0	0.007937
148	8	0.010417
148	14	0.017857
148	17	0.008929
148	28	0.013158
148	30	0.015152
148	33	0.011111
148	35	0.014925
148	46	0.032258
148	65	0.021277
148	69	0.028571
148	119	0.037037
148	121	0.029412
148	129	0.041667
148	130	0.040000
148	172	0.040000
148	212	0.050000
148	228	0.052632
148	239	0.052632
148	253	0.050000
148	307	0.055556
148	339	0.062500
148	382	0.066667
149	1	0.015873
149	4	0.018868
149	17	0.008929
149	18	0.007042
149	23	0.010101
149	39	0.028571
149	47	0.020833
149	65	0.021277
149	89	0.034483
149	110	0.025641
149	119	0.037037
149	121	0.029412
149	124	0.031250
149	127	0.025641
149	134	0.041667
149	161	0.041667
149	171	0.045455
149	173	0.035714
149	228	0.052632
149	247	0.058824
149	256	0.066667
149	261	0.058824
149	265	0.050000
149	291	0.062500
149	317	0.055556
149	360	0.058824
149	363	0.062500
149	368	0.066667
150	2	0.025000
150	11	0.026316
150	17	0.008929
150	26	0.013699
150	27	0.009615
150	33	0.011111
150	43	0.014493
150	60	0.027778
150	64	0.027778
150	71	0.031250
150	85	0.038462
150	118	0.033333
150	120	0.033333
150	122	0.027778
150	127	0.025641
150	152	0.047619
150	158	0.047619
150	160	0.034483
150	174	0.050000
150	208	0.047619
150	210	0.050000
150	214	0.055556
150	220	0.055556
150	226	0.050000
150	234	0.055556
150	240	0.050000
150	277	0.066667
150	341	0.058824
150	360	0.058824
150	361	0.066667
151	1	0.015873
151	13	0.020000
151	16	0.008621
151	19	0.009524
151	23	0.010101
151	24	0.010000
151	27	0.009615
151	29	0.014706
151	38	0.025641
151	43	0.014493
151	67	0.022727
151	79	0.034483
151	80	0.027778
151	110	0.025641
151	143	0.038462
151	167	0.043478
151	180	0.031250
151	239	0.052632
151	245	0.055556
151	250	0.045455
151	257	0.055556
151	271	0.055556
151	275	0.050000
151	314	0.058824
151	370	0.062500
151	371	0.066667
151	376	0.066667
151	381	0.066667
152	17	0.008929
152	23	0.010101
152	29	0.014706
152	41	0.016129
152	56	0.020000
152	65	0.021277
152	66	0.025641
152	69	0.028571
152	84	0.031250
152	92	0.027778
152	109	0.029412
152	115	0.025000
152	125	0.035714
152	126	0.033333
152	150	0.033333
152	205	0.043478
152	231	0.052632
152	232	0.050000
152	235	0.043478
152	250	0.045455
152	303	0.058824
153	0	0.007937
153	18	0.007042
153	21	0.009524
153	22	0.009804
153	31	0.013514
153	33	0.011111
153	35	0.014925
153	36	0.016129
153	45	0.013158
153	52	0.023810
153	58	0.020408
153	78	0.027027
153	81	0.025641
153	100	0.027027
153	107	0.028571
153	155	0.041667
153	183	0.045455
153	185	0.045455
153	214	0.055556
153	288	0.052632
153	300	0.062500
153	307	0.055556
153	336	0.055556
153	364	0.062500
153	386	0.066667
154	15	0.043478
154	21	0.009524
154	23	0.010101
154	24	0.010000
154	34	0.015625
154	39	0.028571
154	52	0.023810
154	53	0.025641
154	54	0.020408
154	69	0.028571
154	79	0.034483
154	97	0.029412
154	101	0.033333
154	107	0.028571
154	138	0.050000
154	174	0.050000
154	176	0.062500
154	184	0.047619
154	266	0.055556
154	302	0.058824
154	320	0.062500
154	331	0.058824
154	368	0.066667
154	389	0.066667
155	8	0.010417
155	17	0.008929
155	19	0.009524
155	23	0.010101
155	28	0.013158
155	31	0.013514
155	36	0.016129
155	62	0.027778
155	83	0.043478
155	88	0.027027
155	99	0.027027
155	100	0.027027
155	107	0.028571
155	143	0.038462
155	153	0.040000
155	171	0.045455
155	182	0.041667
155	213	0.055556
155	245	0.055556
155	250	0.045455
155	251	0.055556
155	310	0.062500
155	345	0.066667
155	384	0.066667
156	6	0.017857
156	10	0.027778
156	17	0.008929
156	19	0.009524
156	23	0.010101
156	27	0.009615
156	32	0.016667
156	34	0.015625
156	37	0.020000
156	49	0.031250
156	61	0.028571
156	62	0.027778
156	74	0.026316
156	96	0.023810
156	113	0.030303
156	280	0.062500
156	293	0.058824
156	307	0.055556
156	339	0.062500
157	4	0.018868
157	12	0.013333
157	14	0.017857
157	20	0.010870
157	31	0.013514
157	33	0.011111
157	48	0.017544
157	62	0.027778
157	66	0.025641
157	87	0.031250
157	90	0.040000
157	92	0.027778
157	99	0.027027
157	100	0.027027
157	112	0.027778
157	176	0.062500
157	186	0.033333
157	195	0.047619
157	234	0.055556
157	241	0.041667
157	263	0.045455
157	279	0.058824
157	361	0.066667
157	367	0.066667
158	6	0.017857
158	9	0.022727
158	12	0.013333
158	18	0.007042
158	24	0.010000
158	25	0.012658
158	28	0.013158
158	37	0.020000
158	40	0.017544
158	88	0.027027
158	101	0.033333
158	103	0.029412
158	110	0.025641
158	129	0.041667
158	150	0.033333
158	162	0.038462
158	164	0.045455
158	204	0.050000
158	214	0.055556
158	224	0.055556
158	227	0.045455
159	5	0.019231
159	13	0.020000
159	17	0.008929
159	19	0.009524
159	20	0.010870
159	40	0.017544
159	44	0.020408
159	57	0.019608
159	81	0.025641
159	90	0.040000
159	105	0.041667
159	109	0.029412
159	112	0.027778
159	115	0.025000
159	142	0.040000
159	168	0.041667
159	179	0.038462
159	183	0.045455
159	253	0.050000
159	257	0.055556
159	273	0.055556
159	321	0.062500
159	360	0.058824
159	364	0.062500
160	6	0.017857
160	13	0.020000
160	16	0.008621
160	18	0.007042
160	20	0.010870
160	24	0.010000
160	30	0.015152
160	33	0.011111
160	35	0.014925
160	38	0.025641
160	59	0.020000
160	115	0.025000
160	136	0.037037
160	144	0.032258
160	150	0.033333
160	170	0.050000
160	181	0.043478
160	189	0.055556
160	191	0.033333
160	230	0.058824
160	232	0.050000
160	245	0.055556
160	253	0.050000
160	271	0.055556
160	299	0.058824
160	306	0.055556
160	340	0.062500
160	350	0.066667
160	373	0.066667
161	1	0.015873
161	12	0.013333
161	26	0.013699
161	27	0.009615
161	30	0.015152
161	36	0.016129
161	40	0.017544
161	45	0.013158
161	56	0.020000
161	58	0.020408
161	59	0.020000
161	76	0.022222
161	120	0.033333
161	143	0.038462
161	149	0.035714
161	170	0.050000
161	179	0.038462
161	184	0.047619
161	202	0.050000
161	232	0.050000
161	286	0.055556
161	295	0.055556
161	363	0.062500
161	386	0.066667
162	5	0.019231
162	25	0.012658
162	36	0.016129
162	42	0.013889
162	43	0.014493
162	57	0.019608
162	62	0.027778
162	74	0.026316
162	92	0.027778
162	94	0.028571
162	101	0.033333
162	102	0.026316
162	109	0.029412
162	121	0.029412
162	158	0.047619
162	165	0.041667
162	174	0.050000
162	220	0.055556
162	228	0.052632
162	247	0.058824
162	290	0.055556
162	299	0.058824
162	324	0.058824
162	341	0.058824
162	345	0.066667
162	379	0.066667
163	6	0.017857
163	7	0.020000
163	17	0.008929
163	19	0.009524
163	21	0.009524
163	26	0.013699
163	27	0.009615
163	31	0.013514
163	34	0.015625
163	35	0.014925
163	36	0.016129
163	58	0.020408
163	106	0.030303
163	109	0.029412
163	130	0.040000
163	173	0.035714
163	200	0.041667
163	202	0.050000
163	205	0.043478
163	208	0.047619
163	223	0.058824
163	227	0.045455
163	240	0.050000
163	261	0.058824
163	266	0.055556
163	309	0.055556
163	315	0.058824
163	333	0.062500
163	352	0.066667
163	353	0.062500
163	369	0.062500
163	378	0.066667
163	379	0.066667
164	6	0.017857
164	12	0.013333
164	22	0.009804
164	26	0.013699
164	28	0.013158
164	31	0.013514
164	53	0.025641
164	65	0.021277
164	68	0.021739
164	75	0.026316
164	96	0.023810
164	106	0.030303
164	115	0.025000
164	122	0.027778
164	158	0.047619
164	166	0.029412
164	199	0.038462
164	212	0.050000
164	234	0.055556
164	252	0.052632
164	290	0.055556
164	325	0.062500
165	5	0.019231
165	21	0.009524
165	33	0.011111
165	40	0.017544
165	41	0.016129
165	47	0.020833
165	48	0.017544
165	58	0.020408
165	79	0.034483
165	85	0.038462
165	94	0.028571
165	115	0.025000
165	127	0.025641
165	131	0.040000
165	162	0.038462
165	171	0.045455
165	190	0.032258
165	201	0.043478
165	256	0.066667
165	267	0.062500
165	289	0.058824
165	292	0.062500
165	293	0.058824
165	350	0.066667
166	7	0.020000
166	8	0.010417
166	9	0.022727
166	18	0.007042
166	19	0.009524
166	20	0.010870
166	31	0.013514
166	43	0.014493
166	51	0.019608
166	75	0.026316
166	76	0.022222
166	92	0.027778
166	110	0.025641
166	127	0.025641
166	164	0.045455
166	167	0.043478
166	174	0.050000
166	190	0.032258
166	198	0.047619
166	213	0.055556
166	219	0.052632
166	238	0.050000
166	245	0.055556
166	251	0.055556
166	257	0.055556
166	264	0.055556
166	288	0.052632
166	289	0.058824
166	303	0.058824
166	315	0.058824
166	361	0.066667
166	373	0.066667
166	381	0.066667
166	387	0.066667
167	0	0.007937
167	13	0.020000
167	18	0.007042
167	24	0.010000
167	35	0.014925
167	51	0.019608
167	56	0.020000
167	95	0.035714
167	100	0.027027
167	107	0.028571
167	112	0.027778
167	113	0.030303
167	130	0.040000
167	151	0.035714
167	166	0.029412
167	183	0.045455
167	221	0.045455
167	277	0.066667
167	308	0.066667
167	327	0.055556
167	340	0.062500
167	350	0.066667
167	351	0.062500
168	5	0.019231
168	8	0.010417
168	9	0.022727
168	16	0.008621
168	24	0.010000
168	29	0.014706
168	43	0.014493
168	59	0.020000
168	74	0.026316
168	75	0.026316
168	97	0.029412
168	108	0.032258
168	110	0.025641
168	144	0.032258
168	159	0.041667
168	185	0.045455
168	189	0.055556
168	249	0.055556
168	251	0.055556
168	276	0.062500
168	295	0.055556
168	297	0.058824
168	324	0.058824
168	327	0.055556
169	0	0.007937
169	2	0.025000
169	27	0.009615
169	29	0.014706
169	33	0.011111
169	34	0.015625
169	35	0.014925
169	41	0.016129
169	49	0.031250
169	53	0.025641
169	59	0.020000
169	90	0.040000
169	110	0.025641
169	129	0.041667
169	135	0.041667
169	363	0.062500
170	2	0.025000
170	8	0.010417
170	12	0.013333
170	17	0.008929
170	38	0.025641
170	39	0.028571
170	40	0.017544
170	48	0.017544
170	76	0.022222
170	80	0.027778
170	96	0.023810
170	100	0.027027
170	124	0.031250
170	160	0.034483
170	161	0.041667
170	177	0.040000
170	241	0.041667
170	275	0.050000
170	317	0.055556
170	387	0.066667
171	6	0.017857
171	20	0.010870
171	22	0.009804
171	24	0.010000
171	42	0.013889
171	57	0.019608
171	58	0.020408
171	65	0.021277
171	79	0.034483
171	94	0.028571
171	137	0.040000
171	146	0.043478
171	149	0.035714
171	155	0.041667
171	165	0.041667
171	179	0.038462
171	189	0.055556
171	247	0.058824
171	285	0.047619
171	301	0.062500
171	308	0.066667
171	378	0.066667
172	7	0.020000
172	8	0.010417
172	11	0.026316
172	18	0.007042
172	22	0.009804
172	28	0.013158
172	30	0.015152
172	33	0.011111
172	34	0.015625
172	54	0.020408
172	86	0.038462
172	99	0.027027
172	134	0.041667
172	147	0.041667
172	148	0.043478
172	178	0.052632
172	200	0.041667
172	233	0.058824
172	242	0.045455
172	253	0.050000
172	291	0.062500
172	334	0.062500
172	357	0.066667
172	360	0.058824
172	369	0.062500
173	12	0.013333
173	21	0.009524
173	28	0.013158
173	38	0.025641
173	40	0.017544
173	47	0.020833
173	49	0.031250
173	79	0.034483
173	93	0.032258
173	99	0.027027
173	121	0.029412
173	133	0.043478
173	146	0.043478
173	149	0.035714
173	163	0.030303
173	174	0.050000
173	194	0.052632
173	202	0.050000
173	203	0.045455
173	209	0.047619
173	221	0.045455
173	226	0.050000
173	270	0.050000
173	294	0.058824
173	315	0.058824
173	355	0.062500
173	369	0.062500
173	377	0.066667
174	1	0.015873
174	9	0.022727
174	41	0.016129
174	50	0.017544
174	58	0.020408
174	61	0.028571
174	65	0.021277
174	72	0.030303
174	99	0.027027
174	143	0.038462
174	150	0.033333
174	154	0.041667
174	162	0.038462
174	166	0.029412
174	173	0.035714
174	184	0.047619
174	227	0.045455
174	283	0.047619
174	313	0.058824
174	348	0.066667
175	1	0.015873
175	12	0.013333
175	16	0.008621
175	17	0.008929
175	25	0.012658
175	29	0.014706
175	37	0.020000
175	40	0.017544
175	60	0.027778
175	61	0.028571
175	106	0.030303
175	108	0.032258
175	113	0.030303
175	118	0.033333
175	139	0.041667
175	179	0.038462
175	187	0.043478
175	255	0.058824
175	270	0.050000
175	285	0.047619
175	296	0.062500
175	312	0.058824
175	313	0.058824
175	337	0.062500
176	8	0.010417
176	20	0.010870
176	29	0.014706
176	31	0.013514
176	35	0.014925
176	42	0.013889
176	45	0.013158
176	56	0.020000
176	106	0.030303
176	112	0.027778
176	115	0.025000
176	127	0.025641
176	142	0.040000
176	154	0.041667
176	157	0.041667
176	246	0.050000
177	6	0.017857
177	7	0.020000
177	12	0.013333
177	20	0.010870
177	23	0.010101
177	36	0.016129
177	37	0.020000
177	47	0.020833
177	54	0.020408
177	76	0.022222
177	81	0.025641
177	92	0.027778
177	95	0.035714
177	108	0.032258
177	170	0.050000
177	215	0.052632
177	253	0.050000
177	260	0.047619
177	285	0.047619
177	302	0.058824
177	326	0.062500
177	334	0.062500
177	351	0.062500
177	368	0.066667
177	369	0.062500
178	0	0.007937
178	14	0.017857
178	24	0.010000
178	29	0.014706
178	45	0.013158
178	53	0.025641
178	56	0.020000
178	57	0.019608
178	61	0.028571
178	106	0.030303
178	127	0.025641
178	142	0.040000
178	145	0.041667
178	147	0.041667
178	172	0.040000
178	180	0.031250
178	211	0.047619
178	283	0.047619
178	289	0.058824
179	7	0.020000
179	18	0.007042
179	24	0.010000
179	27	0.009615
179	30	0.015152
179	31	0.013514
179	43	0.014493
179	56	0.020000
179	96	0.023810
179	99	0.027027
179	105	0.041667
179	159	0.041667
179	161	0.041667
179	171	0.045455
179	175	0.041667
179	180	0.031250
179	201	0.043478
179	203	0.045455
179	239	0.052632
179	268	0.055556
179	297	0.058824
179	299	0.058824
179	322	0.066667
179	326	0.062500
179	369	0.062500
179	378	0.066667
180	0	0.007937
180	5	0.019231
180	12	0.013333
180	14	0.017857
180	16	0.008621
180	24	0.010000
180	37	0.020000
180	43	0.014493
180	64	0.027778
180	66	0.025641
180	104	0.032258
180	136	0.037037
180	151	0.035714
180	178	0.052632
180	179	0.038462
180	185	0.045455
180	188	0.058824
180	213	0.055556
180	236	0.043478
180	240	0.050000
180	250	0.045455
180	252	0.052632
180	269	0.066667
180	272	0.058824
180	291	0.062500
180	293	0.058824
180	306	0.055556
180	318	0.058824
180	333	0.062500
180	340	0.062500
180	358	0.058824
180	386	0.066667
181	8	0.010417
181	12	0.013333
181	17	0.008929
181	18	0.007042
181	44	0.020408
181	45	0.013158
181	47	0.020833
181	54	0.020408
181	65	0.021277
181	76	0.022222
181	112	0.027778
181	121	0.029412
181	127	0.025641
181	144	0.032258
181	160	0.034483
181	197	0.040000
181	240	0.050000
181	266	0.055556
181	293	0.058824
181	302	0.058824
181	344	0.058824
181	363	0.062500
181	376	0.066667
182	5	0.019231
182	11	0.026316
182	27	0.009615
182	33	0.011111
182	44	0.020408
182	45	0.013158
182	50	0.017544
182	65	0.021277
182	69	0.028571
182	96	0.023810
182	98	0.032258
182	119	0.037037
182	124	0.031250
182	125	0.035714
182	155	0.041667
182	184	0.047619
182	186	0.033333
182	193	0.041667
182	247	0.058824
182	268	0.055556
182	273	0.055556
182	299	0.058824
182	318	0.058824
182	367	0.066667
183	0	0.007937
183	6	0.017857
183	7	0.020000
183	16	0.008621
183	50	0.017544
183	54	0.020408
183	58	0.020408
183	65	0.021277
183	66	0.025641
183	79	0.034483
183	111	0.032258
183	115	0.025000
183	153	0.040000
183	159	0.041667
183	167	0.043478
183	188	0.058824
183	202	0.050000
183	203	0.045455
183	207	0.040000
183	232	0.050000
183	285	0.047619
183	352	0.066667
184	2	0.025000
184	3	0.030303
184	12	0.013333
184	14	0.017857
184	19	0.009524
184	30	0.015152
184	35	0.014925
184	43	0.014493
184	70	0.032258
184	73	0.027027
184	103	0.029412
184	154	0.041667
184	161	0.041667
184	174	0.050000
184	182	0.041667
184	232	0.050000
184	277	0.066667
184	310	0.062500
184	352	0.066667
184	382	0.066667
184	388	0.066667
185	7	0.020000
185	8	0.010417
185	17	0.008929
185	24	0.010000
185	28	0.013158
185	52	0.023810
185	54	0.020408
185	57	0.019608
185	121	0.029412
185	127	0.025641
185	131	0.040000
185	145	0.041667
185	153	0.040000
185	168	0.041667
185	180	0.031250
185	187	0.043478
185	191	0.033333
185	194	0.052632
185	254	0.066667
185	307	0.055556
185	324	0.058824
185	368	0.066667
186	17	0.008929
186	26	0.013699
186	31	0.013514
186	37	0.020000
186	61	0.028571
186	68	0.021739
186	70	0.032258
186	78	0.027027
186	84	0.031250
186	96	0.023810
186	102	0.026316
186	119	0.037037
186	137	0.040000
186	157	0.041667
186	182	0.041667
186	192	0.045455
186	227	0.045455
186	243	0.045455
186	256	0.066667
186	263	0.045455
186	277	0.066667
186	278	0.062500
186	282	0.066667
186	298	0.066667
186	327	0.055556
186	333	0.062500
186	347	0.058824
186	370	0.062500
186	383	0.066667
186	387	0.066667
187	16	0.008621
187	18	0.007042
187	19	0.009524
187	33	0.011111
187	43	0.014493
187	45	0.013158
187	56	0.020000
187	61	0.028571
187	94	0.028571
187	106	0.030303
187	126	0.033333
187	133	0.043478
187	144	0.032258
187	175	0.041667
187	185	0.045455
187	205	0.043478
187	305	0.062500
187	309	0.055556
187	317	0.055556
187	342	0.055556
187	363	0.062500
187	367	0.066667
187	376	0.066667
188	4	0.018868
188	18	0.007042
188	22	0.009804
188	24	0.010000
188	38	0.025641
188	42	0.013889
188	47	0.020833
188	48	0.017544
188	51	0.019608
188	58	0.020408
188	66	0.025641
188	88	0.027027
188	93	0.032258
188	180	0.031250
188	183	0.045455
188	223	0.058824
188	259	0.047619
189	0	0.007937
189	16	0.008621
189	17	0.008929
189	18	0.007042
189	26	0.013699
189	48	0.017544
189	57	0.019608
189	80	0.027778
189	90	0.040000
189	114	0.038462
189	126	0.033333
189	132	0.037037
189	160	0.034483
189	168	0.041667
189	171	0.045455
189	217	0.040000
189	245	0.055556
189	364	0.062500
190	0	0.007937
190	3	0.030303
190	4	0.018868
190	9	0.022727
190	14	0.017857
190	27	0.009615
190	32	0.016667
190	34	0.015625
190	57	0.019608
190	103	0.029412
190	120	0.033333
190	128	0.045455
190	130	0.040000
190	165	0.041667
190	166	0.029412
190	192	0.045455
190	204	0.050000
190	211	0.047619
190	223	0.058824
190	228	0.052632
190	244	0.055556
190	259	0.047619
190	320	0.062500
190	328	0.058824
190	335	0.062500
190	338	0.066667
190	345	0.066667
190	356	0.066667
190	365	0.058824
190	371	0.066667
190	380	0.066667
191	0	0.007937
191	38	0.025641
191	42	0.013889
191	43	0.014493
191	47	0.020833
191	51	0.019608
191	73	0.027027
191	96	0.023810
191	97	0.029412
191	107	0.028571
191	113	0.030303
191	120	0.033333
191	144	0.032258
191	160	0.034483
191	185	0.045455
191	192	0.045455
191	193	0.041667
191	200	0.041667
191	211	0.047619
191	215	0.052632
191	218	0.050000
191	220	0.055556
191	242	0.045455
191	253	0.050000
191	260	0.047619
191	269	0.066667
191	367	0.066667
191	369	0.062500
191	376	0.066667
191	384	0.066667
192	0	0.007937
192	4	0.018868
192	18	0.007042
192	26	0.013699
192	31	0.013514
192	44	0.020408
192	47	0.020833
192	50	0.017544
192	56	0.020000
192	62	0.027778
192	102	0.026316
192	130	0.040000
192	186	0.033333
192	190	0.032258
192	191	0.033333
192	223	0.058824
192	262	0.055556
192	274	0.052632
192	298	0.066667
192	314	0.058824
192	362	0.062500
192	386	0.066667
193	5	0.019231
193	26	0.013699
193	30	0.015152
193	41	0.016129
193	42	0.013889
193	46	0.032258
193	50	0.017544
193	59	0.020000
193	65	0.021277
193	74	0.026316
193	81	0.025641
193	113	0.030303
193	115	0.025000
193	182	0.041667
193	191	0.033333
193	230	0.058824
193	266	0.055556
193	279	0.058824
193	287	0.062500
193	305	0.062500
193	306	0.055556
193	338	0.066667
193	343	0.062500
193	358	0.058824
194	0	0.007937
194	1	0.015873
194	16	0.008621
194	17	0.008929
194	18	0.007042
194	20	0.010870
194	21	0.009524
194	24	0.010000
194	38	0.025641
194	56	0.020000
194	58	0.020408
194	81	0.025641
194	108	0.032258
194	173	0.035714
194	185	0.045455
194	324	0.058824
194	334	0.062500
194	381	0.066667
194	384	0.066667
195	22	0.009804
195	30	0.015152
195	44	0.020408
195	63	0.027027
195	67	0.022727
195	76	0.022222
195	77	0.031250
195	95	0.035714
195	97	0.029412
195	99	0.027027
195	109	0.029412
195	116	0.052632
195	132	0.037037
195	145	0.041667
195	157	0.041667
195	205	0.043478
195	242	0.045455
195	274	0.052632
195	306	0.055556
195	340	0.062500
195	375	0.062500
196	13	0.020000
196	24	0.010000
196	27	0.009615
196	35	0.014925
196	38	0.025641
196	41	0.016129
196	42	0.013889
196	52	0.023810
196	59	0.020000
196	61	0.028571
196	86	0.038462
196	123	0.035714
196	125	0.035714
196	139	0.041667
196	142	0.040000
196	244	0.055556
196	250	0.045455
196	262	0.055556
196	281	0.055556
196	316	0.055556
196	383	0.066667
197	4	0.018868
197	5	0.019231
197	8	0.010417
197	17	0.008929
197	18	0.007042
197	22	0.009804
197	46	0.032258
197	47	0.020833
197	70	0.032258
197	76	0.022222
197	103	0.029412
197	112	0.027778
197	117	0.045455
197	146	0.043478
197	181	0.043478
197	205	0.043478
197	232	0.050000
197	240	0.050000
197	251	0.055556
197	265	0.050000
197	268	0.055556
197	278	0.062500
197	351	0.062500
197	367	0.066667
197	383	0.066667
198	0	0.007937
198	3	0.030303
198	7	0.020000
198	11	0.026316
198	12	0.013333
198	18	0.007042
198	40	0.017544
198	42	0.013889
198	48	0.017544
198	51	0.019608
198	57	0.019608
198	68	0.021739
198	105	0.041667
198	139	0.041667
198	166	0.029412
198	275	0.050000
198	277	0.066667
198	290	0.055556
198	316	0.055556
198	345	0.066667
198	348	0.066667
199	10	0.027778
199	18	0.007042
199	19	0.009524
199	21	0.009524
199	25	0.012658
199	26	0.013699
199	30	0.015152
199	36	0.016129
199	74	0.026316
199	80	0.027778
199	81	0.025641
199	94	0.028571
199	96	0.023810
199	129	0.041667
199	164	0.045455
199	219	0.052632
199	261	0.058824
199	263	0.045455
199	264	0.055556
199	289	0.058824
199	326	0.062500
199	327	0.055556
199	333	0.062500
199	351	0.062500
199	366	0.066667
199	388	0.066667
200	4	0.018868
200	12	0.013333
200	18	0.007042
200	21	0.009524
200	22	0.009804
200	27	0.009615
200	48	0.017544
200	73	0.027027
200	85	0.038462
200	94	0.028571
200	99	0.027027
200	145	0.041667
200	163	0.030303
200	172	0.040000
200	191	0.033333
200	235	0.043478
200	247	0.058824
200	280	0.062500
200	292	0.062500
200	305	0.062500
200	307	0.055556
200	325	0.062500
200	327	0.055556
200	382	0.066667
201	12	0.013333
201	16	0.008621
201	18	0.007042
201	24	0.010000
201	30	0.015152
201	35	0.014925
201	40	0.017544
201	53	0.025641
201	65	0.021277
201	77	0.031250
201	96	0.023810
201	112	0.027778
201	123	0.035714
201	165	0.041667
201	179	0.038462
201	234	0.055556
201	253	0.050000
201	261	0.058824
201	297	0.058824
201	327	0.055556
201	336	0.055556
201	368	0.066667
201	389	0.066667
202	8	0.010417
202	12	0.013333
202	18	0.007042
202	24	0.010000
202	25	0.012658
202	50	0.017544
202	70	0.032258
202	113	0.030303
202	120	0.033333
202	136	0.037037
202	140	0.034483
202	161	0.041667
202	163	0.030303
202	173	0.035714
202	183	0.045455
202	206	0.043478
202	209	0.047619
202	329	0.058824
202	379	0.066667
202	382	0.066667
203	23	0.010101
203	32	0.016667
203	37	0.020000
203	41	0.016129
203	47	0.020833
203	53	0.025641
203	57	0.019608
203	64	0.027778
203	67	0.022727
203	85	0.038462
203	91	0.037037
203	128	0.045455
203	173	0.035714
203	179	0.038462
203	183	0.045455
203	207	0.040000
203	211	0.047619
203	270	0.050000
203	292	0.062500
203	327	0.055556
203	335	0.062500
203	376	0.066667
204	9	0.022727
204	18	0.007042
204	24	0.010000
204	27	0.009615
204	30	0.015152
204	35	0.014925
204	43	0.014493
204	69	0.028571
204	74	0.026316
204	87	0.031250
204	97	0.029412
204	122	0.027778
204	129	0.041667
204	158	0.047619
204	190	0.032258
204	261	0.058824
204	305	0.062500
204	344	0.058824
204	382	0.066667
204	384	0.066667
205	3	0.030303
205	21	0.009524
205	25	0.012658
205	27	0.009615
205	48	0.017544
205	70	0.032258
205	104	0.032258
205	106	0.030303
205	136	0.037037
205	141	0.045455
205	152	0.047619
205	163	0.030303
205	187	0.043478
205	195	0.047619
205	197	0.040000
205	233	0.058824
205	240	0.050000
205	241	0.041667
205	256	0.066667
205	281	0.055556
205	289	0.058824
205	323	0.066667
205	365	0.058824
206	2	0.025000
206	5	0.019231
206	9	0.022727
206	13	0.020000
206	17	0.008929
206	21	0.009524
206	23	0.010101
206	25	0.012658
206	28	0.013158
206	58	0.020408
206	78	0.027027
206	86	0.038462
206	98	0.032258
206	129	0.041667
206	202	0.050000
206	220	0.055556
206	228	0.052632
206	233	0.058824
206	240	0.050000
206	241	0.041667
206	282	0.066667
206	325	0.062500
206	348	0.066667
207	2	0.025000
207	24	0.010000
207	27	0.009615
207	29	0.014706
207	30	0.015152
207	32	0.016667
207	41	0.016129
207	44	0.020408
207	48	0.017544
207	67	0.022727
207	115	0.025000
207	119	0.037037
207	127	0.025641
207	183	0.045455
207	203	0.045455
207	208	0.047619
207	223	0.058824
207	231	0.052632
207	233	0.058824
207	306	0.055556
207	307	0.055556
207	311	0.058824
207	331	0.058824
207	337	0.062500
207	385	0.066667
208	5	0.019231
208	8	0.010417
208	22	0.009804
208	23	0.010101
208	34	0.015625
208	45	0.013158
208	51	0.019608
208	73	0.027027
208	97	0.029412
208	110	0.025641
208	117	0.045455
208	122	0.027778
208	150	0.033333
208	163	0.030303
208	207	0.040000
208	217	0.040000
208	277	0.066667
208	281	0.055556
208	328	0.058824
208	344	0.058824
208	347	0.058824
209	12	0.013333
209	14	0.017857
209	15	0.043478
209	16	0.008621
209	27	0.009615
209	30	0.015152
209	50	0.017544
209	53	0.025641
209	79	0.034483
209	108	0.032258
209	122	0.027778
209	124	0.031250
209	144	0.032258
209	173	0.035714
209	202	0.050000
209	248	0.062500
209	254	0.066667
209	273	0.055556
209	281	0.055556
209	356	0.066667
209	379	0.066667
210	10	0.027778
210	19	0.009524
210	20	0.010870
210	59	0.020000
210	63	0.027027
210	81	0.025641
210	83	0.043478
210	88	0.027027
210	89	0.034483
210	98	0.032258
210	102	0.026316
210	104	0.032258
210	111	0.032258
210	142	0.040000
210	150	0.033333
210	211	0.047619
210	223	0.058824
210	309	0.055556
210	340	0.062500
210	344	0.058824
211	0	0.007937
211	7	0.020000
211	9	0.022727
211	18	0.007042
211	27	0.009615
211	32	0.016667
211	38	0.025641
211	101	0.033333
211	123	0.035714
211	140	0.034483
211	178	0.052632
211	190	0.032258
211	191	0.033333
211	203	0.045455
211	210	0.050000
211	288	0.052632
211	307	0.055556
211	310	0.062500
211	313	0.058824
211	319	0.066667
211	347	0.058824
212	17	0.008929
212	18	0.007042
212	26	0.013699
212	27	0.009615
212	30	0.015152
212	35	0.014925
212	43	0.014493
212	58	0.020408
212	84	0.031250
212	102	0.026316
212	117	0.045455
212	127	0.025641
212	132	0.037037
212	148	0.043478
212	164	0.045455
212	240	0.050000
212	249	0.055556
212	304	0.050000
212	335	0.062500
212	354	0.062500
213	10	0.027778
213	11	0.026316
213	16	0.008621
213	22	0.009804
213	30	0.015152
213	42	0.013889
213	57	0.019608
213	78	0.027027
213	89	0.034483
213	91	0.037037
213	120	0.033333
213	140	0.034483
213	155	0.041667
213	166	0.029412
213	180	0.031250
213	325	0.062500
213	360	0.058824
213	382	0.066667
214	27	0.009615
214	33	0.011111
214	34	0.015625
214	42	0.013889
214	43	0.014493
214	50	0.017544
214	94	0.028571
214	97	0.029412
214	103	0.029412
214	113	0.030303
214	135	0.041667
214	147	0.041667
214	150	0.033333
214	153	0.040000
214	158	0.047619
214	267	0.062500
214	275	0.050000
214	353	0.062500
215	6	0.017857
215	14	0.017857
215	33	0.011111
215	40	0.017544
215	48	0.017544
215	52	0.023810
215	72	0.030303
215	87	0.031250
215	88	0.027027
215	109	0.029412
215	124	0.031250
215	126	0.033333
215	134	0.041667
215	177	0.040000
215	191	0.033333
215	230	0.058824
215	262	0.055556
215	286	0.055556
215	354	0.062500
216	16	0.008621
216	18	0.007042
216	23	0.010101
216	28	0.013158
216	39	0.028571
216	45	0.013158
216	52	0.023810
216	55	0.034483
216	61	0.028571
216	80	0.027778
216	93	0.032258
216	100	0.027027
216	109	0.029412
216	115	0.025000
216	139	0.041667
216	246	0.050000
216	286	0.055556
216	296	0.062500
216	299	0.058824
216	361	0.066667
217	16	0.008621
217	18	0.007042
217	25	0.012658
217	29	0.014706
217	51	0.019608
217	54	0.020408
217	73	0.027027
217	82	0.032258
217	99	0.027027
217	112	0.027778
217	121	0.029412
217	133	0.043478
217	142	0.040000
217	189	0.055556
217	208	0.047619
217	226	0.050000
217	241	0.041667
217	244	0.055556
217	248	0.062500
217	255	0.058824
217	263	0.045455
217	273	0.055556
217	318	0.058824
217	344	0.058824
217	351	0.062500
218	0	0.007937
218	9	0.022727
218	21	0.009524
218	23	0.010101
218	47	0.020833
218	50	0.017544
218	71	0.031250
218	81	0.025641
218	82	0.032258
218	104	0.032258
218	115	0.025000
218	126	0.033333
218	131	0.040000
218	143	0.038462
218	191	0.033333
218	288	0.052632
218	311	0.058824
218	337	0.062500
218	371	0.066667
218	384	0.066667
219	0	0.007937
219	1	0.015873
219	5	0.019231
219	8	0.010417
219	17	0.008929
219	27	0.009615
219	28	0.013158
219	30	0.015152
219	40	0.017544
219	59	0.020000
219	89	0.034483
219	115	0.025000
219	122	0.027778
219	166	0.029412
219	199	0.038462
219	246	0.050000
219	276	0.062500
219	333	0.062500
219	353	0.062500
220	17	0.008929
220	42	0.013889
220	46	0.032258
220	53	0.025641
220	84	0.031250
220	96	0.023810
220	99	0.027027
220	104	0.032258
220	132	0.037037
220	135	0.041667
220	136	0.037037
220	150	0.033333
220	162	0.038462
220	191	0.033333
220	206	0.043478
220	228	0.052632
220	244	0.055556
220	282	0.066667
221	7	0.020000
221	11	0.026316
221	20	0.010870
221	23	0.010101
221	27	0.009615
221	42	0.013889
221	48	0.017544
221	51	0.019608
221	76	0.022222
221	80	0.027778
221	100	0.027027
221	106	0.030303
221	126	0.033333
221	167	0.043478
221	173	0.035714
221	239	0.052632
221	247	0.058824
221	269	0.066667
221	287	0.062500
221	338	0.066667
221	345	0.066667
221	380	0.066667
222	4	0.018868
222	20	0.010870
222	27	0.009615
222	32	0.016667
222	41	0.016129
222	45	0.013158
222	59	0.020000
222	66	0.025641
222	69	0.028571
222	77	0.031250
222	84	0.031250
222	103	0.029412
222	120	0.033333
222	121	0.029412
222	122	0.027778
222	229	0.055556
222	238	0.050000
222	255	0.058824
222	272	0.058824
222	301	0.062500
222	302	0.058824
222	351	0.062500
223	22	0.009804
223	28	0.013158
223	29	0.014706
223	45	0.013158
223	54	0.020408
223	88	0.027027
223	109	0.029412
223	127	0.025641
223	135	0.041667
223	163	0.030303
223	188	0.058824
223	190	0.032258
223	192	0.045455
223	207	0.040000
223	210	0.050000
223	243	0.045455
223	267	0.062500
224	14	0.017857
224	22	0.009804
224	29	0.014706
224	31	0.013514
224	33	0.011111
224	45	0.013158
224	52	0.023810
224	56	0.020000
224	61	0.028571
224	92	0.027778
224	93	0.032258
224	100	0.027027
224	102	0.026316
224	110	0.025641
224	158	0.047619
224	246	0.050000
224	324	0.058824
224	386	0.066667
225	12	0.013333
225	16	0.008621
225	19	0.009524
225	20	0.010870
225	33	0.011111
225	34	0.015625
225	35	0.014925
225	43	0.014493
225	47	0.020833
225	49	0.031250
225	67	0.022727
225	74	0.026316
225	101	0.033333
225	104	0.032258
225	122	0.027778
225	269	0.066667
225	275	0.050000
225	294	0.058824
225	304	0.050000
225	319	0.066667
225	327	0.055556
225	356	0.066667
225	358	0.058824
225	372	0.062500
225	379	0.066667
226	0	0.007937
226	18	0.007042
226	22	0.009804
226	23	0.010101
226	24	0.010000
226	32	0.016667
226	34	0.015625
226	56	0.020000
226	67	0.022727
226	69	0.028571
226	98	0.032258
226	120	0.033333
226	150	0.033333
226	173	0.035714
226	217	0.040000
226	247	0.058824
226	254	0.066667
226	314	0.058824
226	322	0.066667
226	354	0.062500
227	6	0.017857
227	8	0.010417
227	16	0.008621
227	36	0.016129
227	42	0.013889
227	54	0.020408
227	75	0.026316
227	90	0.040000
227	112	0.027778
227	122	0.027778
227	141	0.045455
227	158	0.047619
227	163	0.030303
227	174	0.050000
227	186	0.033333
227	245	0.055556
227	248	0.062500
227	291	0.062500
227	325	0.062500
227	327	0.055556
227	341	0.058824
227	360	0.058824
228	12	0.013333
228	33	0.011111
228	34	0.015625
228	35	0.014925
228	63	0.027027
228	77	0.031250
228	96	0.023810
228	107	0.028571
228	131	0.040000
228	148	0.043478
228	149	0.035714
228	162	0.038462
228	190	0.032258
228	206	0.043478
228	220	0.055556
228	231	0.052632
228	272	0.058824
228	339	0.062500
228	347	0.058824
229	14	0.017857
229	25	0.012658
229	29	0.014706
229	36	0.016129
229	37	0.020000
229	44	0.020408
229	45	0.013158
229	53	0.025641
229	78	0.027027
229	100	0.027027
229	118	0.033333
229	125	0.035714
229	126	0.033333
229	144	0.032258
229	222	0.045455
229	244	0.055556
229	251	0.055556
229	279	0.058824
230	2	0.025000
230	16	0.008621
230	19	0.009524
230	20	0.010870
230	24	0.010000
230	41	0.016129
230	45	0.013158
230	49	0.031250
230	64	0.027778
230	104	0.032258
230	113	0.030303
230	124	0.031250
230	160	0.034483
230	193	0.041667
230	215	0.052632
230	320	0.062500
230	327	0.055556
231	6	0.017857
231	14	0.017857
231	29	0.014706
231	48	0.017544
231	57	0.019608
231	63	0.027027
231	67	0.022727
231	72	0.030303
231	87	0.031250
231	88	0.027027
231	93	0.032258
231	115	0.025000
231	152	0.047619
231	207	0.040000
231	228	0.052632
231	280	0.062500
231	328	0.058824
231	330	0.066667
231	383	0.066667
232	5	0.019231
232	10	0.027778
232	12	0.013333
232	17	0.008929
232	19	0.009524
232	29	0.014706
232	62	0.027778
232	94	0.028571
232	110	0.025641
232	152	0.047619
232	160	0.034483
232	161	0.041667
232	183	0.045455
232	184	0.047619
232	197	0.040000
232	250	0.045455
232	286	0.055556
232	305	0.062500
232	322	0.066667
232	362	0.062500
233	2	0.025000
233	11	0.026316
233	12	0.013333
233	20	0.010870
233	24	0.010000
233	27	0.009615
233	33	0.011111
233	99	0.027027
233	103	0.029412
233	113	0.030303
233	124	0.031250
233	172	0.040000
233	205	0.043478
233	206	0.043478
233	207	0.040000
233	306	0.055556
233	350	0.066667
234	4	0.018868
234	14	0.017857
234	29	0.014706
234	40	0.017544
234	57	0.019608
234	65	0.021277
234	80	0.027778
234	99	0.027027
234	107	0.028571
234	115	0.025000
234	140	0.034483
234	150	0.033333
234	157	0.041667
234	164	0.045455
234	201	0.043478
234	266	0.055556
234	267	0.062500
234	366	0.066667
235	1	0.015873
235	6	0.017857
235	7	0.020000
235	17	0.008929
235	21	0.009524
235	22	0.009804
235	41	0.016129
235	42	0.013889
235	68	0.021739
235	92	0.027778
235	93	0.032258
235	101	0.033333
235	108	0.032258
235	152	0.047619
235	200	0.041667
235	243	0.045455
235	284	0.045455
235	300	0.062500
235	303	0.058824
235	315	0.058824
235	336	0.055556
235	346	0.062500
235	375	0.062500
236	10	0.027778
236	12	0.013333
236	13	0.020000
236	17	0.008929
236	21	0.009524
236	24	0.010000
236	27	0.009615
236	32	0.016667
236	42	0.013889
236	56	0.020000
236	101	0.033333
236	124	0.031250
236	136	0.037037
236	140	0.034483
236	180	0.031250
236	238	0.050000
236	248	0.062500
236	258	0.055556
236	282	0.066667
236	338	0.066667
236	347	0.058824
236	377	0.066667
236	388	0.066667
237	6	0.017857
237	8	0.010417
237	11	0.026316
237	14	0.017857
237	22	0.009804
237	32	0.016667
237	44	0.020408
237	54	0.020408
237	56	0.020000
237	58	0.020408
237	64	0.027778
237	106	0.030303
237	108	0.032258
237	127	0.025641
237	144	0.032258
237	272	0.058824
237	274	0.052632
237	284	0.045455
237	288	0.052632
237	323	0.066667
237	332	0.058824
237	337	0.062500
237	339	0.062500
238	6	0.017857
238	26	0.013699
238	30	0.015152
238	31	0.013514
238	40	0.017544
238	42	0.013889
238	45	0.013158
238	88	0.027027
238	92	0.027778
238	95	0.035714
238	124	0.031250
238	134	0.041667
238	166	0.029412
238	222	0.045455
238	236	0.043478
238	266	0.055556
238	304	0.050000
238	340	0.062500
238	364	0.062500
238	374	0.066667
239	0	0.007937
239	8	0.010417
239	11	0.026316
239	17	0.008929
239	18	0.007042
239	26	0.013699
239	27	0.009615
239	33	0.011111
239	50	0.017544
239	55	0.034483
239	74	0.026316
239	148	0.043478
239	151	0.035714
239	179	0.038462
239	221	0.045455
239	241	0.041667
239	323	0.066667
239	350	0.066667
239	366	0.066667
240	16	0.008621
240	25	0.012658
240	51	0.019608
240	77	0.031250
240	92	0.027778
240	102	0.026316
240	128	0.045455
240	150	0.033333
240	163	0.030303
240	180	0.031250
240	181	0.043478
240	197	0.040000
240	205	0.043478
240	206	0.043478
240	212	0.050000
240	318	0.058824
240	321	0.062500
240	333	0.062500
240	334	0.062500
240	364	0.062500
241	0	0.007937
241	6	0.017857
241	7	0.020000
241	8	0.010417
241	10	0.027778
241	60	0.027778
241	78	0.027027
241	140	0.034483
241	143	0.038462
241	157	0.041667
241	170	0.050000
241	205	0.043478
241	206	0.043478
241	217	0.040000
241	239	0.052632
241	255	0.058824
241	272	0.058824
241	281	0.055556
241	290	0.055556
241	296	0.062500
241	318	0.058824
241	324	0.058824
241	326	0.062500
241	362	0.062500
242	1	0.015873
242	3	0.030303
242	13	0.020000
242	23	0.010101
242	27	0.009615
242	33	0.011111
242	35	0.014925
242	41	0.016129
242	44	0.020408
242	63	0.027027
242	65	0.021277
242	73	0.027027
242	172	0.040000
242	191	0.033333
242	195	0.047619
242	284	0.045455
242	343	0.062500
242	352	0.066667
242	354	0.062500
242	356	0.066667
242	363	0.062500
242	374	0.066667
243	6	0.017857
243	9	0.022727
243	14	0.017857
243	16	0.008621
243	22	0.009804
243	43	0.014493
243	63	0.027027
243	70	0.032258
243	74	0.026316
243	114	0.038462
243	115	0.025000
243	125	0.035714
243	186	0.033333
243	223	0.058824
243	235	0.043478
243	249	0.055556
243	308	0.066667
243	316	0.055556
243	327	0.055556
243	330	0.066667
243	333	0.062500
243	377	0.066667
244	1	0.015873
244	2	0.025000
244	9	0.022727
244	20	0.010870
244	24	0.010000
244	29	0.014706
244	93	0.032258
244	108	0.032258
244	110	0.025641
244	113	0.030303
244	190	0.032258
244	196	0.047619
244	217	0.040000
244	220	0.055556
244	229	0.055556
244	322	0.066667
244	350	0.066667
244	356	0.066667
245	5	0.019231
245	18	0.007042
245	22	0.009804
245	57	0.019608
245	101	0.033333
245	105	0.041667
245	129	0.041667
245	132	0.037037
245	140	0.034483
245	151	0.035714
245	155	0.041667
245	160	0.034483
245	166	0.029412
245	189	0.055556
245	227	0.045455
245	317	0.055556
245	346	0.062500
245	362	0.062500
246	13	0.020000
246	24	0.010000
246	31	0.013514
246	34	0.015625
246	42	0.013889
246	45	0.013158
246	54	0.020408
246	71	0.031250
246	82	0.032258
246	112	0.027778
246	139	0.041667
246	176	0.062500
246	216	0.050000
246	219	0.052632
246	224	0.055556
246	252	0.052632
246	257	0.055556
246	287	0.062500
246	298	0.066667
246	379	0.066667
247	3	0.030303
247	8	0.010417
247	45	0.013158
247	50	0.017544
247	68	0.021739
247	73	0.027027
247	82	0.032258
247	144	0.032258
247	149	0.035714
247	162	0.038462
247	171	0.045455
247	182	0.041667
247	200	0.041667
247	221	0.045455
247	226	0.050000
247	270	0.050000
247	298	0.066667
248	18	0.007042
248	21	0.009524
248	26	0.013699
248	45	0.013158
248	56	0.020000
248	63	0.027027
248	65	0.021277
248	92	0.027778
248	99	0.027027
248	108	0.032258
248	110	0.025641
248	209	0.047619
248	217	0.040000
248	227	0.045455
248	236	0.043478
248	258	0.055556
249	0	0.007937
249	23	0.010101
249	26	0.013699
249	29	0.014706
249	33	0.011111
249	45	0.013158
249	57	0.019608
249	62	0.027778
249	82	0.032258
249	88	0.027027
249	110	0.025641
249	131	0.040000
249	168	0.041667
249	212	0.050000
249	243	0.045455
249	289	0.058824
249	370	0.062500
249	376	0.066667
250	15	0.043478
250	18	0.007042
250	19	0.009524
250	21	0.009524
250	56	0.020000
250	60	0.027778
250	118	0.033333
250	132	0.037037
250	146	0.043478
250	151	0.035714
250	152	0.047619
250	155	0.041667
250	180	0.031250
250	196	0.047619
250	232	0.050000
250	287	0.062500
250	310	0.062500
250	329	0.058824
250	340	0.062500
250	355	0.062500
250	359	0.058824
250	366	0.066667
251	11	0.026316
251	18	0.007042
251	33	0.011111
251	36	0.016129
251	47	0.020833
251	60	0.027778
251	67	0.022727
251	103	0.029412
251	107	0.028571
251	144	0.032258
251	155	0.041667
251	166	0.029412
251	168	0.041667
251	197	0.040000
251	229	0.055556
251	260	0.047619
251	332	0.058824
251	385	0.066667
252	0	0.007937
252	10	0.027778
252	12	0.013333
252	18	0.007042
252	21	0.009524
252	22	0.009804
252	35	0.014925
252	42	0.013889
252	48	0.017544
252	63	0.027027
252	101	0.033333
252	102	0.026316
252	164	0.045455
252	180	0.031250
252	246	0.050000
252	276	0.062500
252	312	0.058824
252	321	0.062500
252	342	0.055556
253	8	0.010417
253	32	0.016667
253	33	0.011111
253	37	0.020000
253	45	0.013158
253	114	0.038462
253	126	0.033333
253	143	0.038462
253	148	0.043478
253	159	0.041667
253	160	0.034483
253	172	0.040000
253	177	0.040000
253	191	0.033333
253	201	0.043478
253	320	0.062500
253	352	0.066667
253	356	0.066667
253	386	0.066667
253	388	0.066667
254	11	0.026316
254	14	0.017857
254	16	0.008621
254	28	0.013158
254	29	0.014706
254	45	0.013158
254	56	0.020000
254	57	0.019608
254	59	0.020000
254	87	0.031250
254	92	0.027778
254	136	0.037037
254	185	0.045455
254	209	0.047619
254	226	0.050000
255	8	0.010417
255	16	0.008621
255	17	0.008929
255	21	0.009524
255	25	0.012658
255	41	0.016129
255	51	0.019608
255	76	0.022222
255	80	0.027778
255	105	0.041667
255	109	0.029412
255	175	0.041667
255	217	0.040000
255	222	0.045455
255	241	0.041667
255	261	0.058824
255	337	0.062500
256	14	0.017857
256	28	0.013158
256	32	0.016667
256	33	0.011111
256	56	0.020000
256	61	0.028571
256	75	0.026316
256	92	0.027778
256	117	0.045455
256	123	0.035714
256	134	0.041667
256	149	0.035714
256	165	0.041667
256	186	0.033333
256	205	0.043478
257	2	0.025000
257	3	0.030303
257	17	0.008929
257	26	0.013699
257	32	0.016667
257	42	0.013889
257	45	0.013158
257	99	0.027027
257	111	0.032258
257	112	0.027778
257	134	0.041667
257	151	0.035714
257	159	0.041667
257	166	0.029412
257	246	0.050000
257	282	0.066667
257	362	0.062500
257	366	0.066667
258	6	0.017857
258	15	0.043478
258	16	0.008621
258	19	0.009524
258	28	0.013158
258	35	0.014925
258	37	0.020000
258	50	0.017544
258	52	0.023810
258	103	0.029412
258	104	0.032258
258	113	0.030303
258	115	0.025000
258	236	0.043478
258	248	0.062500
258	329	0.058824
258	343	0.062500
258	368	0.066667
259	4	0.018868
259	22	0.009804
259	23	0.010101
259	27	0.009615
259	29	0.014706
259	32	0.016667
259	33	0.011111
259	44	0.020408
259	81	0.025641
259	86	0.038462
259	93	0.032258
259	95	0.035714
259	143	0.038462
259	188	0.058824
259	190	0.032258
259	263	0.045455
259	315	0.058824
259	328	0.058824
259	351	0.062500
259	357	0.066667
259	382	0.066667
260	8	0.010417
260	22	0.009804
260	23	0.010101
260	33	0.011111
260	34	0.015625
260	39	0.028571
260	62	0.027778
260	81	0.025641
260	85	0.038462
260	88	0.027027
260	112	0.027778
260	115	0.025000
260	177	0.040000
260	191	0.033333
260	251	0.055556
260	269	0.066667
260	303	0.058824
260	321	0.062500
260	323	0.066667
260	354	0.062500
260	385	0.066667
261	13	0.020000
261	26	0.013699
261	29	0.014706
261	44	0.020408
261	58	0.020408
261	65	0.021277
261	88	0.027027
261	117	0.045455
261	147	0.041667
261	149	0.035714
261	163	0.030303
261	199	0.038462
261	201	0.043478
261	204	0.050000
261	255	0.058824
261	269	0.066667
261	336	0.055556
262	6	0.017857
262	8	0.010417
262	24	0.010000
262	29	0.014706
262	45	0.013158
262	53	0.025641
262	84	0.031250
262	101	0.033333
262	109	0.029412
262	118	0.033333
262	134	0.041667
262	147	0.041667
262	192	0.045455
262	196	0.047619
262	215	0.052632
262	270	0.050000
262	331	0.058824
262	370	0.062500
263	18	0.007042
263	20	0.010870
263	28	0.013158
263	41	0.016129
263	48	0.017544
263	56	0.020000
263	93	0.032258
263	104	0.032258
263	109	0.029412
263	144	0.032258
263	157	0.041667
263	186	0.033333
263	199	0.038462
263	217	0.040000
263	259	0.047619
263	287	0.062500
263	298	0.066667
263	312	0.058824
263	341	0.058824
263	350	0.066667
263	374	0.066667
263	381	0.066667
264	8	0.010417
264	11	0.026316
264	24	0.010000
264	25	0.012658
264	32	0.016667
264	43	0.014493
264	48	0.017544
264	56	0.020000
264	60	0.027778
264	64	0.027778
264	68	0.021739
264	71	0.031250
264	125	0.035714
264	166	0.029412
264	199	0.038462
264	299	0.058824
264	330	0.066667
264	377	0.066667
265	16	0.008621
265	18	0.007042
265	19	0.009524
265	59	0.020000
265	63	0.027027
265	69	0.028571
265	81	0.025641
265	84	0.031250
265	87	0.031250
265	107	0.028571
265	110	0.025641
265	120	0.033333
265	122	0.027778
265	149	0.035714
265	197	0.040000
265	266	0.055556
265	269	0.066667
265	271	0.055556
265	341	0.058824
265	372	0.062500
266	9	0.022727
266	18	0.007042
266	27	0.009615
266	28	0.013158
266	33	0.011111
266	77	0.031250
266	80	0.027778
266	99	0.027027
266	154	0.041667
266	163	0.030303
266	181	0.043478
266	193	0.041667
266	234	0.055556
266	238	0.050000
266	265	0.050000
266	279	0.058824
266	291	0.062500
266	359	0.058824
267	21	0.009524
267	40	0.017544
267	64	0.027778
267	66	0.025641
267	78	0.027027
267	87	0.031250
267	104	0.032258
267	118	0.033333
267	119	0.037037
267	136	0.037037
267	141	0.045455
267	165	0.041667
267	214	0.055556
267	223	0.058824
267	234	0.055556
267	269	0.066667
268	11	0.026316
268	19	0.009524
268	21	0.009524
268	22	0.009804
268	33	0.011111
268	50	0.017544
268	53	0.025641
268	75	0.026316
268	78	0.027027
268	79	0.034483
268	81	0.025641
268	106	0.030303
268	179	0.038462
268	182	0.041667
268	197	0.040000
268	331	0.058824
268	361	0.066667
268	389	0.066667
269	0	0.007937
269	23	0.010101
269	27	0.009615
269	30	0.015152
269	102	0.026316
269	111	0.032258
269	140	0.034483
269	180	0.031250
269	191	0.033333
269	221	0.045455
269	225	0.040000
269	260	0.047619
269	261	0.058824
269	265	0.050000
269	267	0.062500
270	8	0.010417
270	12	0.013333
270	30	0.015152
270	34	0.015625
270	82	0.032258
270	107	0.028571
270	109	0.029412
270	117	0.045455
270	121	0.029412
270	135	0.041667
270	173	0.035714
270	175	0.041667
270	203	0.045455
270	247	0.058824
270	262	0.055556
270	280	0.062500
270	295	0.055556
270	317	0.055556
270	319	0.066667
270	355	0.062500
271	20	0.010870
271	34	0.015625
271	45	0.013158
271	61	0.028571
271	73	0.027027
271	96	0.023810
271	107	0.028571
271	118	0.033333
271	122	0.027778
271	132	0.037037
271	138	0.050000
271	139	0.041667
271	151	0.035714
271	160	0.034483
271	265	0.050000
271	300	0.062500
271	306	0.055556
271	359	0.058824
272	0	0.007937
272	7	0.020000
272	11	0.026316
272	21	0.009524
272	43	0.014493
272	66	0.025641
272	95	0.035714
272	128	0.045455
272	130	0.040000
272	133	0.043478
272	180	0.031250
272	222	0.045455
272	228	0.052632
272	237	0.043478
272	241	0.041667
272	281	0.055556
272	364	0.062500
273	7	0.020000
273	16	0.008621
273	18	0.007042
273	20	0.010870
273	27	0.009615
273	31	0.013514
273	47	0.020833
273	51	0.019608
273	108	0.032258
273	124	0.031250
273	145	0.041667
273	159	0.041667
273	182	0.041667
273	209	0.047619
273	217	0.040000
273	279	0.058824
273	294	0.058824
273	310	0.062500
274	7	0.020000
274	18	0.007042
274	24	0.010000
274	27	0.009615
274	32	0.016667
274	45	0.013158
274	54	0.020408
274	60	0.027778
274	75	0.026316
274	88	0.027027
274	111	0.032258
274	137	0.040000
274	192	0.045455
274	195	0.047619
274	237	0.043478
274	322	0.066667
274	334	0.062500
274	342	0.055556
274	371	0.066667
275	1	0.015873
275	17	0.008929
275	21	0.009524
275	22	0.009804
275	27	0.009615
275	31	0.013514
275	33	0.011111
275	35	0.014925
275	66	0.025641
275	89	0.034483
275	151	0.035714
275	170	0.050000
275	198	0.047619
275	214	0.055556
275	225	0.040000
275	289	0.058824
275	302	0.058824
275	307	0.055556
275	332	0.058824
275	346	0.062500
276	0	0.007937
276	3	0.030303
276	10	0.027778
276	24	0.010000
276	51	0.019608
276	59	0.020000
276	60	0.027778
276	79	0.034483
276	102	0.026316
276	115	0.025000
276	122	0.027778
276	130	0.040000
276	168	0.041667
276	219	0.052632
276	252	0.052632
276	362	0.062500
277	13	0.020000
277	21	0.009524
277	25	0.012658
277	32	0.016667
277	34	0.015625
277	102	0.026316
277	108	0.032258
277	133	0.043478
277	147	0.041667
277	150	0.033333
277	167	0.043478
277	184	0.047619
277	186	0.033333
277	198	0.047619
277	208	0.047619
278	5	0.019231
278	18	0.007042
278	20	0.010870
278	21	0.009524
278	26	0.013699
278	27	0.009615
278	36	0.016129
278	57	0.019608
278	81	0.025641
278	87	0.031250
278	125	0.035714
278	135	0.041667
278	137	0.040000
278	186	0.033333
278	197	0.040000
278	282	0.066667
279	0	0.007937
279	1	0.015873
279	9	0.022727
279	12	0.013333
279	30	0.015152
279	36	0.016129
279	51	0.019608
279	116	0.052632
279	127	0.025641
279	140	0.034483
279	157	0.041667
279	193	0.041667
279	229	0.055556
279	266	0.055556
279	273	0.055556
279	341	0.058824
279	372	0.062500
280	16	0.008621
280	22	0.009804
280	27	0.009615
280	35	0.014925
280	36	0.016129
280	50	0.017544
280	59	0.020000
280	107	0.028571
280	115	0.025000
280	135	0.041667
280	138	0.050000
280	156	0.052632
280	200	0.041667
280	231	0.052632
280	270	0.050000
280	289	0.058824
281	0	0.007937
281	1	0.015873
281	5	0.019231
281	8	0.010417
281	16	0.008621
281	24	0.010000
281	44	0.020408
281	88	0.027027
281	91	0.037037
281	196	0.047619
281	205	0.043478
281	208	0.047619
281	209	0.047619
281	241	0.041667
281	272	0.058824
281	307	0.055556
281	346	0.062500
281	370	0.062500
282	1	0.015873
282	54	0.020408
282	55	0.034483
282	66	0.025641
282	69	0.028571
282	90	0.040000
282	104	0.032258
282	110	0.025641
282	121	0.029412
282	186	0.033333
282	206	0.043478
282	220	0.055556
282	236	0.043478
282	257	0.055556
282	278	0.062500
283	0	0.007937
283	4	0.018868
283	13	0.020000
283	20	0.010870
283	26	0.013699
283	41	0.016129
283	42	0.013889
283	52	0.023810
283	53	0.025641
283	76	0.022222
283	89	0.034483
283	103	0.029412
283	146	0.043478
283	174	0.050000
283	178	0.052632
283	296	0.062500
283	333	0.062500
283	335	0.062500
283	357	0.066667
283	366	0.066667
283	370	0.062500
284	4	0.018868
284	21	0.009524
284	22	0.009804
284	27	0.009615
284	32	0.016667
284	37	0.020000
284	78	0.027027
284	87	0.031250
284	107	0.028571
284	124	0.031250
284	131	0.040000
284	140	0.034483
284	235	0.043478
284	237	0.043478
284	242	0.045455
284	286	0.055556
284	311	0.058824
284	336	0.055556
284	344	0.058824
284	359	0.058824
284	361	0.066667
284	374	0.066667
285	1	0.015873
285	36	0.016129
285	39	0.028571
285	43	0.014493
285	65	0.021277
285	74	0.026316
285	78	0.027027
285	82	0.032258
285	98	0.032258
285	111	0.032258
285	147	0.041667
285	171	0.045455
285	175	0.041667
285	177	0.040000
285	183	0.045455
285	291	0.062500
285	313	0.058824
285	315	0.058824
285	348	0.066667
285	380	0.066667
285	387	0.066667
286	20	0.010870
286	40	0.017544
286	43	0.014493
286	44	0.020408
286	56	0.020000
286	73	0.027027
286	74	0.026316
286	89	0.034483
286	114	0.038462
286	118	0.033333
286	161	0.041667
286	215	0.052632
286	216	0.050000
286	232	0.050000
286	284	0.045455
286	329	0.058824
286	339	0.062500
286	348	0.066667
287	11	0.026316
287	21	0.009524
287	31	0.013514
287	35	0.014925
287	41	0.016129
287	68	0.021739
287	89	0.034483
287	92	0.027778
287	101	0.033333
287	118	0.033333
287	193	0.041667
287	221	0.045455
287	246	0.050000
287	250	0.045455
287	263	0.045455
287	351	0.062500
288	2	0.025000
288	17	0.008929
288	18	0.007042
288	24	0.010000
288	72	0.030303
288	103	0.029412
288	107	0.028571
288	123	0.035714
288	129	0.041667
288	131	0.040000
288	153	0.040000
288	166	0.029412
288	211	0.047619
288	218	0.050000
288	237	0.043478
288	300	0.062500
288	334	0.062500
288	351	0.062500
288	357	0.066667
289	0	0.007937
289	23	0.010101
289	25	0.012658
289	27	0.009615
289	51	0.019608
289	112	0.027778
289	130	0.040000
289	165	0.041667
289	166	0.029412
289	178	0.052632
289	199	0.038462
289	205	0.043478
289	249	0.055556
289	275	0.050000
289	280	0.062500
289	295	0.055556
289	386	0.066667
290	20	0.010870
290	23	0.010101
290	27	0.009615
290	33	0.011111
290	53	0.025641
290	64	0.027778
290	71	0.031250
290	96	0.023810
290	113	0.030303
290	124	0.031250
290	130	0.040000
290	162	0.038462
290	164	0.045455
290	198	0.047619
290	241	0.041667
290	301	0.062500
290	347	0.058824
290	379	0.066667
291	18	0.007042
291	48	0.017544
291	55	0.034483
291	64	0.027778
291	65	0.021277
291	67	0.022727
291	68	0.021739
291	78	0.027027
291	104	0.032258
291	149	0.035714
291	172	0.040000
291	180	0.031250
291	227	0.045455
291	266	0.055556
291	285	0.047619
291	386	0.066667
292	10	0.027778
292	12	0.013333
292	22	0.009804
292	25	0.012658
292	30	0.015152
292	31	0.013514
292	48	0.017544
292	65	0.021277
292	66	0.025641
292	69	0.028571
292	76	0.022222
292	124	0.031250
292	165	0.041667
292	200	0.041667
292	203	0.045455
292	311	0.058824
293	18	0.007042
293	21	0.009524
293	23	0.010101
293	36	0.016129
293	42	0.013889
293	46	0.032258
293	71	0.031250
293	77	0.031250
293	94	0.028571
293	100	0.027027
293	127	0.025641
293	156	0.052632
293	165	0.041667
293	180	0.031250
293	181	0.043478
293	335	0.062500
293	336	0.055556
294	4	0.018868
294	17	0.008929
294	24	0.010000
294	29	0.014706
294	34	0.015625
294	41	0.016129
294	44	0.020408
294	62	0.027778
294	64	0.027778
294	70	0.032258
294	76	0.022222
294	83	0.043478
294	173	0.035714
294	225	0.040000
294	273	0.055556
294	309	0.055556
294	313	0.058824
295	2	0.025000
295	11	0.026316
295	18	0.007042
295	26	0.013699
295	35	0.014925
295	43	0.014493
295	46	0.032258
295	68	0.021739
295	70	0.032258
295	127	0.025641
295	132	0.037037
295	161	0.041667
295	168	0.041667
295	270	0.050000
295	289	0.058824
295	313	0.058824
295	326	0.062500
295	331	0.058824
296	9	0.022727
296	16	0.008621
296	31	0.013514
296	32	0.016667
296	67	0.022727
296	68	0.021739
296	97	0.029412
296	110	0.025641
296	121	0.029412
296	138	0.050000
296	143	0.038462
296	175	0.041667
296	216	0.050000
296	241	0.041667
296	283	0.047619
296	337	0.062500
297	14	0.017857
297	18	0.007042
297	25	0.012658
297	27	0.009615
297	28	0.013158
297	41	0.016129
297	56	0.020000
297	82	0.032258
297	113	0.030303
297	118	0.033333
297	127	0.025641
297	128	0.045455
297	168	0.041667
297	179	0.038462
297	201	0.043478
297	347	0.058824
297	365	0.058824
298	1	0.015873
298	18	0.007042
298	23	0.010101
298	30	0.015152
298	37	0.020000
298	39	0.028571
298	40	0.017544
298	59	0.020000
298	67	0.022727
298	132	0.037037
298	186	0.033333
298	192	0.045455
298	246	0.050000
298	247	0.058824
298	263	0.045455
299	8	0.010417
299	15	0.043478
299	22	0.009804
299	27	0.009615
299	33	0.011111
299	37	0.020000
299	45	0.013158
299	54	0.020408
299	98	0.032258
299	160	0.034483
299	162	0.038462
299	179	0.038462
299	182	0.041667
299	216	0.050000
299	264	0.055556
299	324	0.058824
299	331	0.058824
300	21	0.009524
300	31	0.013514
300	40	0.017544
300	42	0.013889
300	66	0.025641
300	68	0.021739
300	72	0.030303
300	75	0.026316
300	97	0.029412
300	100	0.027027
300	112	0.027778
300	153	0.040000
300	235	0.043478
300	271	0.055556
300	288	0.052632
300	337	0.062500
301	2	0.025000
301	3	0.030303
301	20	0.010870
301	24	0.010000
301	29	0.014706
301	63	0.027027
301	80	0.027778
301	98	0.032258
301	121	0.029412
301	126	0.033333
301	136	0.037037
301	147	0.041667
301	171	0.045455
301	222	0.045455
301	290	0.055556
301	366	0.066667
302	0	0.007937
302	3	0.030303
302	18	0.007042
302	21	0.009524
302	22	0.009804
302	57	0.019608
302	60	0.027778
302	79	0.034483
302	94	0.028571
302	145	0.041667
302	154	0.041667
302	177	0.040000
302	181	0.043478
302	222	0.045455
302	275	0.050000
302	315	0.058824
302	382	0.066667
303	0	0.007937
303	19	0.009524
303	22	0.009804
303	24	0.010000
303	50	0.017544
303	57	0.019608
303	63	0.027027
303	76	0.022222
303	94	0.028571
303	114	0.038462
303	128	0.045455
303	152	0.047619
303	166	0.029412
303	235	0.043478
303	260	0.047619
303	308	0.066667
303	377	0.066667
304	2	0.025000
304	6	0.017857
304	8	0.010417
304	30	0.015152
304	40	0.017544
304	42	0.013889
304	76	0.022222
304	81	0.025641
304	98	0.032258
304	110	0.025641
304	135	0.041667
304	136	0.037037
304	212	0.050000
304	225	0.040000
304	238	0.050000
304	333	0.062500
304	339	0.062500
304	352	0.066667
304	355	0.062500
304	364	0.062500
305	16	0.008621
305	17	0.008929
305	18	0.007042
305	22	0.009804
305	24	0.010000
305	27	0.009615
305	74	0.026316
305	78	0.027027
305	91	0.037037
305	112	0.027778
305	187	0.043478
305	193	0.041667
305	200	0.041667
305	204	0.050000
305	232	0.050000
305	385	0.066667
306	1	0.015873
306	8	0.010417
306	28	0.013158
306	32	0.016667
306	34	0.015625
306	83	0.043478
306	91	0.037037
306	127	0.025641
306	160	0.034483
306	180	0.031250
306	193	0.041667
306	195	0.047619
306	207	0.040000
306	233	0.058824
306	271	0.055556
306	317	0.055556
306	372	0.062500
306	377	0.066667
307	0	0.007937
307	67	0.022727
307	76	0.022222
307	80	0.027778
307	121	0.029412
307	133	0.043478
307	148	0.043478
307	153	0.040000
307	156	0.052632
307	185	0.045455
307	200	0.041667
307	207	0.040000
307	211	0.047619
307	275	0.050000
307	281	0.055556
307	319	0.066667
307	355	0.062500
307	379	0.066667
308	0	0.007937
308	14	0.017857
308	15	0.043478
308	27	0.009615
308	28	0.013158
308	42	0.013889
308	58	0.020408
308	99	0.027027
308	103	0.029412
308	120	0.033333
308	135	0.041667
308	167	0.043478
308	171	0.045455
308	243	0.045455
308	303	0.058824
309	1	0.015873
309	16	0.008621
309	22	0.009804
309	26	0.013699
309	36	0.016129
309	37	0.020000
309	62	0.027778
309	68	0.021739
309	86	0.038462
309	97	0.029412
309	140	0.034483
309	163	0.030303
309	187	0.043478
309	210	0.050000
309	294	0.058824
309	319	0.066667
309	340	0.062500
309	379	0.066667
310	11	0.026316
310	14	0.017857
310	16	0.008621
310	27	0.009615
310	31	0.013514
310	36	0.016129
310	37	0.020000
310	46	0.032258
310	99	0.027027
310	141	0.045455
310	155	0.041667
310	184	0.047619
310	211	0.047619
310	250	0.045455
310	273	0.055556
310	367	0.066667
311	12	0.013333
311	19	0.009524
311	23	0.010101
311	52	0.023810
311	60	0.027778
311	70	0.032258
311	77	0.031250
311	102	0.026316
311	109	0.029412
311	119	0.037037
311	132	0.037037
311	207	0.040000
311	218	0.050000
311	284	0.045455
311	292	0.062500
311	327	0.055556
311	330	0.066667
312	0	0.007937
312	5	0.019231
312	8	0.010417
312	22	0.009804
312	25	0.012658
312	56	0.020000
312	82	0.032258
312	84	0.031250
312	111	0.032258
312	120	0.033333
312	126	0.033333
312	139	0.041667
312	175	0.041667
312	252	0.052632
312	263	0.045455
312	359	0.058824
312	362	0.062500
313	17	0.008929
313	19	0.009524
313	21	0.009524
313	25	0.012658
313	28	0.013158
313	58	0.020408
313	86	0.038462
313	136	0.037037
313	141	0.045455
313	174	0.050000
313	175	0.041667
313	211	0.047619
313	285	0.047619
313	294	0.058824
313	295	0.055556
313	338	0.066667
313	352	0.066667
314	0	0.007937
314	2	0.025000
314	9	0.022727
314	12	0.013333
314	26	0.013699
314	37	0.020000
314	67	0.022727
314	78	0.027027
314	87	0.031250
314	94	0.028571
314	99	0.027027
314	121	0.029412
314	151	0.035714
314	192	0.045455
314	226	0.050000
314	348	0.066667
314	389	0.066667
315	1	0.015873
315	12	0.013333
315	16	0.008621
315	31	0.013514
315	67	0.022727
315	74	0.026316
315	146	0.043478
315	147	0.041667
315	163	0.030303
315	166	0.029412
315	173	0.035714
315	235	0.043478
315	259	0.047619
315	285	0.047619
315	302	0.058824
315	325	0.062500
315	359	0.058824
316	23	0.010101
316	28	0.013158
316	37	0.020000
316	40	0.017544
316	42	0.013889
316	43	0.014493
316	45	0.013158
316	50	0.017544
316	72	0.030303
316	78	0.027027
316	92	0.027778
316	140	0.034483
316	196	0.047619
316	198	0.047619
316	243	0.045455
316	358	0.058824
316	367	0.066667
316	382	0.066667
317	3	0.030303
317	12	0.013333
317	14	0.017857
317	16	0.008621
317	20	0.010870
317	24	0.010000
317	35	0.014925
317	44	0.020408
317	80	0.027778
317	149	0.035714
317	170	0.050000
317	187	0.043478
317	245	0.055556
317	270	0.050000
317	306	0.055556
317	349	0.066667
317	372	0.062500
317	373	0.066667
318	7	0.020000
318	8	0.010417
318	13	0.020000
318	16	0.008621
318	29	0.014706
318	62	0.027778
318	67	0.022727
318	82	0.032258
318	137	0.040000
318	145	0.041667
318	180	0.031250
318	182	0.041667
318	217	0.040000
318	240	0.050000
318	241	0.041667
318	378	0.066667
318	381	0.066667
319	1	0.015873
319	4	0.018868
319	19	0.009524
319	24	0.010000
319	28	0.013158
319	42	0.013889
319	60	0.027778
319	70	0.032258
319	94	0.028571
319	106	0.030303
319	211	0.047619
319	225	0.040000
319	270	0.050000
319	307	0.055556
319	309	0.055556
320	1	0.015873
320	30	0.015152
320	47	0.020833
320	54	0.020408
320	58	0.020408
320	71	0.031250
320	81	0.025641
320	85	0.038462
320	107	0.028571
320	141	0.045455
320	142	0.040000
320	154	0.041667
320	190	0.032258
320	230	0.058824
320	253	0.050000
320	359	0.058824
321	21	0.009524
321	26	0.013699
321	33	0.011111
321	37	0.020000
321	43	0.014493
321	60	0.027778
321	75	0.026316
321	76	0.022222
321	91	0.037037
321	110	0.025641
321	116	0.052632
321	159	0.041667
321	240	0.050000
321	252	0.052632
321	260	0.047619
321	345	0.066667
322	0	0.007937
322	5	0.019231
322	25	0.012658
322	27	0.009615
322	28	0.013158
322	29	0.014706
322	34	0.015625
322	35	0.014925
322	48	0.017544
322	53	0.025641
322	179	0.038462
322	226	0.050000
322	232	0.050000
322	244	0.055556
322	274	0.052632
323	8	0.010417
323	12	0.013333
323	14	0.017857
323	18	0.007042
323	19	0.009524
323	42	0.013889
323	43	0.014493
323	45	0.013158
323	47	0.020833
323	71	0.031250
323	96	0.023810
323	205	0.043478
323	237	0.043478
323	239	0.052632
323	260	0.047619
324	13	0.020000
324	18	0.007042
324	20	0.010870
324	40	0.017544
324	106	0.030303
324	120	0.033333
324	123	0.035714
324	137	0.040000
324	162	0.038462
324	168	0.041667
324	185	0.045455
324	194	0.052632
324	224	0.055556
324	241	0.041667
324	299	0.058824
324	334	0.062500
324	387	0.066667
325	0	0.007937
325	5	0.019231
325	12	0.013333
325	69	0.028571
325	77	0.031250
325	91	0.037037
325	115	0.025000
325	119	0.037037
325	144	0.032258
325	164	0.045455
325	200	0.041667
325	206	0.043478
325	213	0.055556
325	227	0.045455
325	315	0.058824
325	354	0.062500
326	3	0.030303
326	4	0.018868
326	5	0.019231
326	16	0.008621
326	23	0.010101
326	54	0.020408
326	58	0.020408
326	68	0.021739
326	80	0.027778
326	97	0.029412
326	177	0.040000
326	179	0.038462
326	199	0.038462
326	241	0.041667
326	295	0.055556
326	383	0.066667
327	78	0.027027
327	80	0.027778
327	124	0.031250
327	167	0.043478
327	168	0.041667
327	186	0.033333
327	199	0.038462
327	200	0.041667
327	201	0.043478
327	203	0.045455
327	225	0.040000
327	227	0.045455
327	230	0.058824
327	243	0.045455
327	311	0.058824
327	381	0.066667
327	385	0.066667
327	389	0.066667
328	1	0.015873
328	17	0.008929
328	20	0.010870
328	21	0.009524
328	24	0.010000
328	40	0.017544
328	100	0.027027
328	102	0.026316
328	123	0.035714
328	127	0.025641
328	137	0.040000
328	190	0.032258
328	208	0.047619
328	231	0.052632
328	259	0.047619
328	332	0.058824
328	378	0.066667
329	12	0.013333
329	33	0.011111
329	45	0.013158
329	52	0.023810
329	63	0.027027
329	96	0.023810
329	106	0.030303
329	113	0.030303
329	115	0.025000
329	124	0.031250
329	140	0.034483
329	202	0.050000
329	250	0.045455
329	258	0.055556
329	286	0.055556
329	374	0.066667
329	384	0.066667
330	2	0.025000
330	27	0.009615
330	31	0.013514
330	35	0.014925
330	44	0.020408
330	90	0.040000
330	94	0.028571
330	96	0.023810
330	104	0.032258
330	105	0.041667
330	117	0.045455
330	231	0.052632
330	243	0.045455
330	264	0.055556
330	311	0.058824
331	17	0.008929
331	19	0.009524
331	25	0.012658
331	33	0.011111
331	38	0.025641
331	51	0.019608
331	84	0.031250
331	88	0.027027
331	121	0.029412
331	154	0.041667
331	207	0.040000
331	262	0.055556
331	268	0.055556
331	295	0.055556
331	299	0.058824
331	376	0.066667
331	385	0.066667
332	10	0.027778
332	26	0.013699
332	27	0.009615
332	34	0.015625
332	42	0.013889
332	93	0.032258
332	98	0.032258
332	106	0.030303
332	121	0.029412
332	136	0.037037
332	139	0.041667
332	237	0.043478
332	251	0.055556
332	275	0.050000
332	328	0.058824
332	344	0.058824
332	357	0.066667
333	0	0.007937
333	5	0.019231
333	18	0.007042
333	19	0.009524
333	43	0.014493
333	119	0.037037
333	163	0.030303
333	180	0.031250
333	186	0.033333
333	199	0.038462
333	219	0.052632
333	240	0.050000
333	243	0.045455
333	283	0.047619
333	304	0.050000
333	373	0.066667
334	14	0.017857
334	18	0.007042
334	38	0.025641
334	63	0.027027
334	112	0.027778
334	114	0.038462
334	123	0.035714
334	126	0.033333
334	172	0.040000
334	177	0.040000
334	194	0.052632
334	240	0.050000
334	274	0.052632
334	288	0.052632
334	324	0.058824
334	337	0.062500
335	21	0.009524
335	24	0.010000
335	27	0.009615
335	33	0.011111
335	51	0.019608
335	52	0.023810
335	81	0.025641
335	93	0.032258
335	108	0.032258
335	109	0.029412
335	190	0.032258
335	203	0.045455
335	212	0.050000
335	283	0.047619
335	293	0.058824
335	344	0.058824
336	8	0.010417
336	19	0.009524
336	21	0.009524
336	27	0.009615
336	68	0.021739
336	92	0.027778
336	93	0.032258
336	97	0.029412
336	134	0.041667
336	153	0.040000
336	201	0.043478
336	235	0.043478
336	261	0.058824
336	284	0.045455
336	293	0.058824
336	374	0.066667
336	375	0.062500
336	380	0.066667
337	16	0.008621
337	18	0.007042
337	43	0.014493
337	50	0.017544
337	61	0.028571
337	95	0.035714
337	111	0.032258
337	175	0.041667
337	207	0.040000
337	218	0.050000
337	237	0.043478
337	255	0.058824
337	296	0.062500
337	300	0.062500
337	334	0.062500
337	345	0.066667
338	2	0.025000
338	8	0.010417
338	12	0.013333
338	18	0.007042
338	34	0.015625
338	44	0.020408
338	48	0.017544
338	59	0.020000
338	96	0.023810
338	102	0.026316
338	190	0.032258
338	193	0.041667
338	221	0.045455
338	236	0.043478
338	313	0.058824
339	16	0.008621
339	23	0.010101
339	35	0.014925
339	45	0.013158
339	47	0.020833
339	59	0.020000
339	60	0.027778
339	67	0.022727
339	94	0.028571
339	148	0.043478
339	156	0.052632
339	228	0.052632
339	237	0.043478
339	286	0.055556
339	304	0.050000
339	381	0.066667
340	12	0.013333
340	32	0.016667
340	39	0.028571
340	43	0.014493
340	52	0.023810
340	57	0.019608
340	123	0.035714
340	160	0.034483
340	167	0.043478
340	180	0.031250
340	195	0.047619
340	210	0.050000
340	238	0.050000
340	250	0.045455
340	309	0.055556
340	357	0.066667
341	9	0.022727
341	22	0.009804
341	39	0.028571
341	49	0.031250
341	54	0.020408
341	75	0.026316
341	76	0.022222
341	102	0.026316
341	118	0.033333
341	150	0.033333
341	162	0.038462
341	227	0.045455
341	263	0.045455
341	265	0.050000
341	279	0.058824
341	379	0.066667
341	386	0.066667
342	8	0.010417
342	13	0.020000
342	16	0.008621
342	45	0.013158
342	47	0.020833
342	59	0.020000
342	61	0.028571
342	65	0.021277
342	68	0.021739
342	69	0.028571
342	98	0.032258
342	109	0.029412
342	187	0.043478
342	252	0.052632
342	274	0.052632
342	353	0.062500
342	375	0.062500
342	378	0.066667
343	0	0.007937
343	19	0.009524
343	43	0.014493
343	50	0.017544
343	51	0.019608
343	67	0.022727
343	92	0.027778
343	99	0.027027
343	105	0.041667
343	106	0.030303
343	124	0.031250
343	127	0.025641
343	193	0.041667
343	242	0.045455
343	258	0.055556
343	389	0.066667
344	7	0.020000
344	24	0.010000
344	32	0.016667
344	34	0.015625
344	79	0.034483
344	115	0.025000
344	128	0.045455
344	181	0.043478
344	204	0.050000
344	208	0.047619
344	210	0.050000
344	217	0.040000
344	284	0.045455
344	332	0.058824
344	335	0.062500
344	349	0.066667
344	383	0.066667
345	5	0.019231
345	8	0.010417
345	16	0.008621
345	21	0.009524
345	22	0.009804
345	27	0.009615
345	42	0.013889
345	70	0.032258
345	155	0.041667
345	162	0.038462
345	190	0.032258
345	198	0.047619
345	221	0.045455
345	321	0.062500
345	337	0.062500
346	16	0.008621
346	18	0.007042
346	19	0.009524
346	21	0.009524
346	30	0.015152
346	33	0.011111
346	75	0.026316
346	81	0.025641
346	127	0.025641
346	139	0.041667
346	142	0.040000
346	235	0.043478
346	245	0.055556
346	275	0.050000
346	281	0.055556
346	384	0.066667
347	22	0.009804
347	28	0.013158
347	49	0.031250
347	55	0.034483
347	59	0.020000
347	102	0.026316
347	122	0.027778
347	142	0.040000
347	186	0.033333
347	208	0.047619
347	211	0.047619
347	228	0.052632
347	236	0.043478
347	290	0.055556
347	297	0.058824
347	354	0.062500
347	371	0.066667
348	2	0.025000
348	14	0.017857
348	36	0.016129
348	45	0.013158
348	48	0.017544
348	58	0.020408
348	85	0.038462
348	127	0.025641
348	132	0.037037
348	174	0.050000
348	198	0.047619
348	206	0.043478
348	285	0.047619
348	286	0.055556
348	314	0.058824
349	0	0.007937
349	4	0.018868
349	13	0.020000
349	18	0.007042
349	26	0.013699
349	42	0.013889
349	48	0.017544
349	56	0.020000
349	61	0.028571
349	72	0.030303
349	82	0.032258
349	110	0.025641
349	138	0.050000
349	317	0.055556
349	344	0.058824
350	17	0.008929
350	27	0.009615
350	29	0.014706
350	73	0.027027
350	80	0.027778
350	106	0.030303
350	121	0.029412
350	144	0.032258
350	160	0.034483
350	165	0.041667
350	167	0.043478
350	233	0.058824
350	239	0.052632
350	244	0.055556
350	263	0.045455
351	20	0.010870
351	48	0.017544
351	68	0.021739
351	96	0.023810
351	104	0.032258
351	112	0.027778
351	167	0.043478
351	177	0.040000
351	197	0.040000
351	199	0.038462
351	217	0.040000
351	222	0.045455
351	259	0.047619
351	287	0.062500
351	288	0.052632
351	355	0.062500
352	18	0.007042
352	30	0.015152
352	51	0.019608
352	62	0.027778
352	75	0.026316
352	89	0.034483
352	93	0.032258
352	108	0.032258
352	163	0.030303
352	183	0.045455
352	184	0.047619
352	242	0.045455
352	253	0.050000
352	304	0.050000
352	313	0.058824
353	9	0.022727
353	12	0.013333
353	23	0.010101
353	26	0.013699
353	35	0.014925
353	51	0.019608
353	52	0.023810
353	81	0.025641
353	116	0.052632
353	126	0.033333
353	144	0.032258
353	163	0.030303
353	214	0.055556
353	219	0.052632
353	342	0.055556
353	363	0.062500
354	4	0.018868
354	5	0.019231
354	24	0.010000
354	108	0.032258
354	126	0.033333
354	137	0.040000
354	143	0.038462
354	146	0.043478
354	212	0.050000
354	215	0.052632
354	226	0.050000
354	242	0.045455
354	260	0.047619
354	325	0.062500
354	347	0.058824
354	388	0.066667
355	19	0.009524
355	27	0.009615
355	28	0.013158
355	33	0.011111
355	56	0.020000
355	73	0.027027
355	80	0.027778
355	109	0.029412
355	145	0.041667
355	173	0.035714
355	250	0.045455
355	270	0.050000
355	304	0.050000
355	307	0.055556
355	351	0.062500
355	387	0.066667
356	12	0.013333
356	25	0.012658
356	27	0.009615
356	88	0.027027
356	90	0.040000
356	113	0.030303
356	119	0.037037
356	134	0.041667
356	137	0.040000
356	190	0.032258
356	209	0.047619
356	225	0.040000
356	242	0.045455
356	244	0.055556
356	253	0.050000
357	3	0.030303
357	4	0.018868
357	14	0.017857
357	33	0.011111
357	36	0.016129
357	54	0.020408
357	93	0.032258
357	98	0.032258
357	110	0.025641
357	172	0.040000
357	259	0.047619
357	283	0.047619
357	288	0.052632
357	332	0.058824
357	340	0.062500
358	0	0.007937
358	8	0.010417
358	12	0.013333
358	31	0.013514
358	40	0.017544
358	55	0.034483
358	60	0.027778
358	63	0.027027
358	69	0.028571
358	75	0.026316
358	94	0.028571
358	180	0.031250
358	193	0.041667
358	225	0.040000
358	316	0.055556
358	379	0.066667
358	382	0.066667
359	9	0.022727
359	10	0.027778
359	20	0.010870
359	36	0.016129
359	60	0.027778
359	64	0.027778
359	77	0.031250
359	86	0.038462
359	250	0.045455
359	266	0.055556
359	271	0.055556
359	284	0.045455
359	312	0.058824
359	315	0.058824
359	320	0.062500
359	374	0.066667
359	375	0.062500
360	0	0.007937
360	8	0.010417
360	10	0.027778
360	23	0.010101
360	24	0.010000
360	26	0.013699
360	32	0.016667
360	83	0.043478
360	131	0.040000
360	149	0.035714
360	150	0.033333
360	159	0.041667
360	172	0.040000
360	213	0.055556
360	227	0.045455
360	365	0.058824
360	374	0.066667
361	10	0.027778
361	18	0.007042
361	34	0.015625
361	41	0.016129
361	57	0.019608
361	74	0.026316
361	102	0.026316
361	118	0.033333
361	140	0.034483
361	150	0.033333
361	157	0.041667
361	166	0.029412
361	216	0.050000
361	268	0.055556
361	284	0.045455
362	5	0.019231
362	8	0.010417
362	13	0.020000
362	31	0.013514
362	66	0.025641
362	72	0.030303
362	93	0.032258
362	125	0.035714
362	192	0.045455
362	232	0.050000
362	241	0.041667
362	245	0.055556
362	257	0.055556
362	276	0.062500
362	312	0.058824
362	369	0.062500
363	2	0.025000
363	18	0.007042
363	33	0.011111
363	46	0.032258
363	69	0.028571
363	78	0.027027
363	91	0.037037
363	123	0.035714
363	149	0.035714
363	161	0.041667
363	169	0.062500
363	181	0.043478
363	187	0.043478
363	242	0.045455
363	353	0.062500
363	375	0.062500
364	5	0.019231
364	29	0.014706
364	49	0.031250
364	51	0.019608
364	63	0.027027
364	77	0.031250
364	102	0.026316
364	144	0.032258
364	153	0.040000
364	159	0.041667
364	189	0.055556
364	238	0.050000
364	240	0.050000
364	272	0.058824
364	304	0.050000
364	380	0.066667
365	0	0.007937
365	26	0.013699
365	27	0.009615
365	31	0.013514
365	33	0.011111
365	35	0.014925
365	43	0.014493
365	91	0.037037
365	100	0.027027
365	113	0.030303
365	125	0.035714
365	190	0.032258
365	205	0.043478
365	297	0.058824
365	360	0.058824
365	383	0.066667
365	384	0.066667
366	17	0.008929
366	24	0.010000
366	26	0.013699
366	32	0.016667
366	33	0.011111
366	66	0.025641
366	73	0.027027
366	112	0.027778
366	199	0.038462
366	234	0.055556
366	239	0.052632
366	250	0.045455
366	257	0.055556
366	283	0.047619
366	301	0.062500
367	8	0.010417
367	17	0.008929
367	18	0.007042
367	31	0.013514
367	54	0.020408
367	65	0.021277
367	77	0.031250
367	144	0.032258
367	157	0.041667
367	182	0.041667
367	187	0.043478
367	191	0.033333
367	197	0.040000
367	310	0.062500
367	316	0.055556
368	16	0.008621
368	17	0.008929
368	25	0.012658
368	29	0.014706
368	31	0.013514
368	37	0.020000
368	38	0.025641
368	96	0.023810
368	125	0.035714
368	149	0.035714
368	154	0.041667
368	177	0.040000
368	185	0.045455
368	201	0.043478
368	258	0.055556
369	17	0.008929
369	22	0.009804
369	23	0.010101
369	40	0.017544
369	50	0.017544
369	56	0.020000
369	71	0.031250
369	84	0.031250
369	163	0.030303
369	172	0.040000
369	173	0.035714
369	177	0.040000
369	179	0.038462
369	191	0.033333
369	362	0.062500
369	380	0.066667
370	0	0.007937
370	8	0.010417
370	16	0.008621
370	20	0.010870
370	82	0.032258
370	86	0.038462
370	90	0.040000
370	113	0.030303
370	123	0.035714
370	151	0.035714
370	186	0.033333
370	249	0.055556
370	262	0.055556
370	281	0.055556
370	283	0.047619
370	388	0.066667
371	0	0.007937
371	6	0.017857
371	18	0.007042
371	22	0.009804
371	34	0.015625
371	45	0.013158
371	69	0.028571
371	71	0.031250
371	122	0.027778
371	131	0.040000
371	151	0.035714
371	190	0.032258
371	218	0.050000
371	274	0.052632
371	347	0.058824
372	6	0.017857
372	8	0.010417
372	17	0.008929
372	20	0.010870
372	26	0.013699
372	42	0.013889
372	73	0.027027
372	74	0.026316
372	97	0.029412
372	122	0.027778
372	225	0.040000
372	265	0.050000
372	279	0.058824
372	306	0.055556
372	317	0.055556
372	389	0.066667
373	12	0.013333
373	17	0.008929
373	19	0.009524
373	20	0.010870
373	30	0.015152
373	60	0.027778
373	67	0.022727
373	84	0.031250
373	95	0.035714
373	97	0.029412
373	127	0.025641
373	160	0.034483
373	166	0.029412
373	317	0.055556
373	333	0.062500
374	0	0.007937
374	4	0.018868
374	13	0.020000
374	28	0.013158
374	35	0.014925
374	84	0.031250
374	143	0.038462
374	238	0.050000
374	242	0.045455
374	263	0.045455
374	284	0.045455
374	329	0.058824
374	336	0.055556
374	359	0.058824
374	360	0.058824
375	21	0.009524
375	33	0.011111
375	37	0.020000
375	41	0.016129
375	51	0.019608
375	96	0.023810
375	111	0.032258
375	114	0.038462
375	115	0.025000
375	195	0.047619
375	235	0.043478
375	336	0.055556
375	342	0.055556
375	359	0.058824
375	363	0.062500
375	385	0.066667
376	7	0.020000
376	8	0.010417
376	17	0.008929
376	21	0.009524
376	23	0.010101
376	37	0.020000
376	127	0.025641
376	145	0.041667
376	151	0.035714
376	181	0.043478
376	187	0.043478
376	191	0.033333
376	203	0.045455
376	249	0.055556
376	331	0.058824
377	13	0.020000
377	19	0.009524
377	42	0.013889
377	43	0.014493
377	47	0.020833
377	58	0.020408
377	59	0.020000
377	107	0.028571
377	126	0.033333
377	173	0.035714
377	236	0.043478
377	243	0.045455
377	264	0.055556
377	303	0.058824
377	306	0.055556
378	0	0.007937
378	1	0.015873
378	23	0.010101
378	28	0.013158
378	31	0.013514
378	36	0.016129
378	61	0.028571
378	70	0.032258
378	98	0.032258
378	163	0.030303
378	171	0.045455
378	179	0.038462
378	318	0.058824
378	328	0.058824
378	342	0.055556
379	19	0.009524
379	24	0.010000
379	36	0.016129
379	64	0.027778
379	162	0.038462
379	163	0.030303
379	202	0.050000
379	209	0.047619
379	225	0.040000
379	246	0.050000
379	290	0.055556
379	307	0.055556
379	309	0.055556
379	341	0.058824
379	358	0.058824
380	0	0.007937
380	10	0.027778
380	15	0.043478
380	20	0.010870
380	21	0.009524
380	44	0.020408
380	57	0.019608
380	76	0.022222
380	123	0.035714
380	190	0.032258
380	221	0.045455
380	285	0.047619
380	336	0.055556
380	364	0.062500
380	369	0.062500
381	0	0.007937
381	25	0.012658
381	27	0.009615
381	36	0.016129
381	38	0.025641
381	41	0.016129
381	65	0.021277
381	76	0.022222
381	151	0.035714
381	166	0.029412
381	194	0.052632
381	263	0.045455
381	318	0.058824
381	327	0.055556
381	339	0.062500
382	27	0.009615
382	39	0.028571
382	41	0.016129
382	61	0.028571
382	127	0.025641
382	148	0.043478
382	184	0.047619
382	200	0.041667
382	202	0.050000
382	204	0.050000
382	213	0.055556
382	259	0.047619
382	302	0.058824
382	316	0.055556
382	358	0.058824
383	8	0.010417
383	21	0.009524
383	24	0.010000
383	25	0.012658
383	28	0.013158
383	35	0.014925
383	67	0.022727
383	122	0.027778
383	186	0.033333
383	196	0.047619
383	197	0.040000
383	231	0.052632
383	326	0.062500
383	344	0.058824
383	365	0.058824
384	0	0.007937
384	8	0.010417
384	19	0.009524
384	52	0.023810
384	102	0.026316
384	141	0.045455
384	146	0.043478
384	155	0.041667
384	191	0.033333
384	194	0.052632
384	204	0.050000
384	218	0.050000
384	329	0.058824
384	346	0.062500
384	365	0.058824
385	5	0.019231
385	20	0.010870
385	26	0.013699
385	32	0.016667
385	68	0.021739
385	76	0.022222
385	88	0.027027
385	118	0.033333
385	207	0.040000
385	251	0.055556
385	260	0.047619
385	305	0.062500
385	327	0.055556
385	331	0.058824
385	375	0.062500
386	0	0.007937
386	9	0.022727
386	21	0.009524
386	68	0.021739
386	100	0.027027
386	122	0.027778
386	153	0.040000
386	161	0.041667
386	180	0.031250
386	192	0.045455
386	224	0.055556
386	253	0.050000
386	289	0.058824
386	291	0.062500
386	341	0.058824
387	16	0.008621
387	18	0.007042
387	32	0.016667
387	40	0.017544
387	45	0.013158
387	84	0.031250
387	88	0.027027
387	95	0.035714
387	103	0.029412
387	166	0.029412
387	170	0.050000
387	186	0.033333
387	285	0.047619
387	324	0.058824
387	355	0.062500
388	6	0.017857
388	8	0.010417
388	17	0.008929
388	19	0.009524
388	33	0.011111
388	45	0.013158
388	65	0.021277
388	69	0.028571
388	142	0.040000
388	184	0.047619
388	199	0.038462
388	236	0.043478
388	253	0.050000
388	354	0.062500
388	370	0.062500
389	0	0.007937
389	11	0.026316
389	38	0.025641
389	41	0.016129
389	71	0.031250
389	111	0.032258
389	112	0.027778
389	129	0.041667
389	154	0.041667
389	201	0.043478
389	268	0.055556
389	314	0.058824
389	327	0.055556
389	343	0.062500
389	372	0.062500
