444	14518
0	1	0.014925
0	2	0.022727
0	3	0.014286
0	4	0.017544
0	5	0.012048
0	6	0.016393
0	7	0.026316
0	8	0.021739
0	9	0.066667
0	10	0.023256
0	11	0.017241
0	12	0.017241
0	13	0.018868
0	14	0.021277
0	15	0.020408
0	16	0.041667
0	17	0.021277
0	18	0.007576
0	19	0.008065
0	20	0.007634
0	21	0.007299
0	22	0.007576
0	23	0.008696
0	24	0.007937
0	25	0.007874
0	26	0.008929
0	27	0.008696
0	28	0.009804
0	29	0.008621
0	31	0.011628
0	32	0.012346
0	33	0.013333
0	34	0.015152
0	36	0.008850
0	37	0.010101
0	38	0.013158
0	40	0.014925
0	41	0.011494
0	42	0.013889
0	44	0.025000
0	45	0.017241
0	46	0.014706
0	49	0.018868
0	50	0.016129
0	51	0.017857
0	54	0.017544
0	55	0.013514
0	56	0.013158
0	57	0.017857
0	59	0.021739
0	60	0.018182
0	62	0.021739
0	64	0.019608
0	66	0.016949
0	69	0.020408
0	71	0.017857
0	72	0.024390
0	74	0.027778
0	79	0.030303
0	80	0.022222
0	87	0.019608
0	88	0.016393
0	89	0.026316
0	91	0.021739
0	96	0.021277
0	100	0.028571
0	106	0.027778
0	113	0.024390
0	114	0.024390
0	118	0.032258
0	119	0.030303
0	122	0.029412
0	124	0.038462
0	127	0.033333
0	129	0.028571
0	134	0.029412
0	135	0.022727
0	137	0.028571
0	141	0.040000
0	147	0.031250
0	148	0.035714
0	150	0.032258
0	151	0.038462
0	155	0.029412
0	160	0.033333
0	163	0.035714
0	165	0.037037
0	166	0.035714
0	168	0.028571
0	174	0.038462
0	175	0.034483
0	176	0.034483
0	177	0.040000
0	178	0.038462
0	179	0.045455
0	183	0.033333
0	189	0.038462
0	192	0.027027
0	195	0.041667
0	197	0.034483
0	202	0.038462
0	204	0.037037
0	206	0.045455
0	209	0.038462
0	210	0.043478
0	215	0.030303
0	221	0.043478
0	222	0.041667
0	227	0.047619
0	233	0.050000
0	235	0.050000
0	243	0.038462
0	262	0.045455
0	263	0.050000
0	269	0.045455
0	277	0.052632
0	281	0.047619
0	283	0.043478
0	284	0.047619
0	289	0.043478
0	292	0.035714
0	293	0.050000
0	296	0.055556
0	298	0.043478
0	303	0.058824
0	306	0.045455
0	309	0.045455
0	310	0.047619
0	315	0.050000
0	318	0.055556
0	345	0.055556
0	350	0.055556
0	351	0.058824
0	355	0.050000
0	359	0.058824
0	362	0.050000
0	363	0.050000
0	375	0.058824
0	381	0.058824
0	390	0.052632
0	391	0.055556
0	393	0.055556
0	395	0.058824
0	399	0.058824
0	405	0.058824
0	406	0.058824
0	412	0.058824
0	419	0.052632
0	421	0.058824
0	423	0.058824
0	440	0.058824
0	441	0.058824
1	0	0.006579
1	18	0.007576
1	19	0.008065
1	20	0.007634
1	21	0.007299
1	22	0.007576
1	23	0.008696
1	26	0.008929
1	28	0.009804
1	29	0.008621
1	30	0.009434
1	32	0.012346
1	33	0.013333
1	34	0.015152
1	35	0.011628
1	37	0.010101
1	38	0.013158
1	39	0.012658
1	40	0.014925
1	41	0.011494
1	44	0.025000
1	48	0.014706
1	51	0.017857
1	56	0.013158
1	58	0.015385
1	59	0.021739
1	62	0.021739
1	70	0.022222
1	71	0.017857
1	73	0.018868
1	85	0.021277
1	91	0.021739
1	94	0.024390
1	97	0.021277
1	104	0.025641
1	114	0.024390
1	126	0.032258
1	132	0.031250
1	135	0.022727
1	136	0.034483
1	139	0.027778
1	149	0.032258
1	151	0.038462
1	152	0.032258
1	161	0.041667
1	173	0.035714
1	187	0.037037
1	191	0.038462
1	205	0.045455
1	211	0.043478
1	217	0.037037
1	246	0.040000
1	281	0.047619
1	290	0.050000
1	294	0.052632
1	297	0.058824
1	308	0.040000
1	334	0.050000
1	335	0.055556
1	345	0.055556
1	348	0.052632
1	373	0.047619
1	386	0.058824
1	393	0.055556
1	410	0.052632
1	431	0.058824
1	435	0.055556
2	0	0.006579
2	18	0.007576
2	19	0.008065
2	20	0.007634
2	21	0.007299
2	22	0.007576
2	23	0.008696
2	29	0.008621
2	31	0.011628
2	36	0.008850
2	39	0.012658
2	47	0.014925
2	53	0.014925
2	59	0.021739
2	65	0.020408
2	70	0.022222
2	79	0.030303
2	91	0.021739
2	100	0.028571
2	103	0.031250
2	137	0.028571
2	142	0.031250
2	148	0.035714
2	165	0.037037
2	173	0.035714
2	184	0.035714
2	198	0.033333
2	202	0.038462
2	203	0.037037
2	206	0.045455
2	210	0.043478
2	219	0.034483
2	237	0.047619
2	261	0.055556
2	280	0.058824
2	289	0.043478
2	295	0.055556
2	342	0.041667
2	361	0.058824
2	385	0.058824
2	389	0.058824
2	391	0.055556
2	408	0.052632
2	415	0.058824
3	0	0.006579
3	18	0.007576
3	19	0.008065
3	20	0.007634
3	21	0.007299
3	25	0.007874
3	31	0.011628
3	32	0.012346
3	37	0.010101
3	40	0.014925
3	44	0.025000
3	49	0.018868
3	56	0.013158
3	60	0.018182
3	64	0.019608
3	65	0.020408
3	68	0.025000
3	77	0.021739
3	81	0.015385
3	84	0.022222
3	86	0.033333
3	87	0.019608
3	95	0.019231
3	96	0.021277
3	104	0.025641
3	111	0.027027
3	120	0.035714
3	125	0.037037
3	126	0.032258
3	129	0.028571
3	141	0.040000
3	145	0.041667
3	151	0.038462
3	152	0.032258
3	164	0.037037
3	166	0.035714
3	167	0.037037
3	173	0.035714
3	180	0.037037
3	181	0.037037
3	189	0.038462
3	193	0.045455
3	194	0.041667
3	198	0.033333
3	209	0.038462
3	235	0.050000
3	240	0.041667
3	257	0.045455
3	260	0.040000
3	264	0.041667
3	269	0.045455
3	273	0.052632
3	282	0.047619
3	284	0.047619
3	291	0.041667
3	299	0.047619
3	304	0.043478
3	306	0.045455
3	322	0.047619
3	325	0.043478
3	329	0.052632
3	336	0.052632
3	343	0.045455
3	355	0.050000
3	371	0.050000
3	375	0.058824
3	395	0.058824
3	402	0.058824
3	403	0.058824
3	426	0.055556
4	0	0.006579
4	18	0.007576
4	19	0.008065
4	20	0.007634
4	22	0.007576
4	23	0.008696
4	25	0.007874
4	26	0.008929
4	35	0.011628
4	38	0.013158
4	39	0.012658
4	42	0.013889
4	48	0.014706
4	50	0.016129
4	52	0.016949
4	53	0.014925
4	57	0.017857
4	63	0.024390
4	72	0.024390
4	84	0.022222
4	106	0.027778
4	108	0.022727
4	116	0.025000
4	119	0.030303
4	120	0.035714
4	125	0.037037
4	147	0.031250
4	160	0.033333
4	166	0.035714
4	171	0.038462
4	175	0.034483
4	206	0.045455
4	216	0.038462
4	222	0.041667
4	249	0.033333
4	250	0.045455
4	251	0.052632
4	264	0.041667
4	272	0.041667
4	281	0.047619
4	314	0.052632
4	315	0.050000
4	316	0.041667
4	342	0.041667
4	345	0.055556
4	370	0.055556
4	378	0.052632
4	394	0.052632
4	397	0.055556
4	400	0.058824
4	412	0.058824
4	418	0.055556
4	422	0.058824
4	425	0.058824
4	426	0.055556
4	432	0.058824
4	440	0.058824
5	0	0.006579
5	18	0.007576
5	19	0.008065
5	20	0.007634
5	21	0.007299
5	22	0.007576
5	24	0.007937
5	27	0.008696
5	28	0.009804
5	29	0.008621
5	30	0.009434
5	31	0.011628
5	32	0.012346
5	33	0.013333
5	36	0.008850
5	37	0.010101
5	41	0.011494
5	44	0.025000
5	47	0.014925
5	49	0.018868
5	50	0.016129
5	51	0.017857
5	56	0.013158
5	61	0.022727
5	62	0.021739
5	63	0.024390
5	70	0.022222
5	78	0.023810
5	80	0.022222
5	82	0.027027
5	83	0.022727
5	85	0.021277
5	86	0.033333
5	92	0.034483
5	103	0.031250
5	110	0.030303
5	114	0.024390
5	119	0.030303
5	123	0.033333
5	130	0.033333
5	131	0.026316
5	139	0.027778
5	142	0.031250
5	148	0.035714
5	156	0.033333
5	161	0.041667
5	170	0.027027
5	172	0.043478
5	179	0.045455
5	183	0.033333
5	184	0.035714
5	198	0.033333
5	199	0.045455
5	211	0.043478
5	219	0.034483
5	220	0.047619
5	223	0.043478
5	235	0.050000
5	242	0.052632
5	244	0.043478
5	245	0.041667
5	250	0.045455
5	258	0.041667
5	265	0.043478
5	271	0.043478
5	273	0.052632
5	274	0.041667
5	275	0.040000
5	280	0.058824
5	289	0.043478
5	306	0.045455
5	311	0.047619
5	315	0.050000
5	328	0.052632
5	344	0.050000
5	346	0.052632
5	347	0.058824
5	356	0.050000
5	383	0.058824
5	399	0.058824
5	425	0.058824
5	438	0.058824
5	441	0.058824
6	0	0.006579
6	18	0.007576
6	19	0.008065
6	20	0.007634
6	21	0.007299
6	22	0.007576
6	23	0.008696
6	25	0.007874
6	30	0.009434
6	34	0.015152
6	39	0.012658
6	51	0.017857
6	54	0.017544
6	57	0.017857
6	65	0.020408
6	66	0.016949
6	82	0.027027
6	84	0.022222
6	94	0.024390
6	97	0.021277
6	99	0.025000
6	100	0.028571
6	105	0.025641
6	112	0.030303
6	118	0.032258
6	125	0.037037
6	150	0.032258
6	154	0.035714
6	156	0.033333
6	179	0.045455
6	187	0.037037
6	188	0.055556
6	189	0.038462
6	196	0.034483
6	204	0.037037
6	207	0.037037
6	219	0.034483
6	221	0.043478
6	225	0.047619
6	227	0.047619
6	252	0.050000
6	259	0.050000
6	287	0.038462
6	294	0.052632
6	307	0.040000
6	310	0.047619
6	314	0.052632
6	319	0.047619
6	331	0.050000
6	339	0.052632
6	365	0.058824
6	371	0.050000
6	375	0.058824
6	382	0.058824
6	393	0.055556
6	395	0.058824
6	397	0.055556
6	400	0.058824
6	404	0.055556
6	411	0.055556
6	412	0.058824
7	0	0.006579
7	18	0.007576
7	20	0.007634
7	24	0.007937
7	27	0.008696
7	33	0.013333
7	34	0.015152
7	38	0.013158
7	44	0.025000
7	47	0.014925
7	48	0.014706
7	49	0.018868
7	66	0.016949
7	72	0.024390
7	73	0.018868
7	74	0.027778
7	79	0.030303
7	87	0.019608
7	88	0.016393
7	97	0.021277
7	109	0.023256
7	124	0.038462
7	143	0.038462
7	164	0.037037
7	168	0.028571
7	171	0.038462
7	175	0.034483
7	199	0.045455
7	236	0.041667
7	253	0.041667
7	280	0.058824
7	329	0.052632
7	350	0.055556
7	380	0.052632
7	400	0.058824
7	419	0.052632
7	420	0.058824
7	437	0.058824
8	0	0.006579
8	18	0.007576
8	19	0.008065
8	21	0.007299
8	22	0.007576
8	23	0.008696
8	24	0.007937
8	25	0.007874
8	31	0.011628
8	32	0.012346
8	34	0.015152
8	36	0.008850
8	37	0.010101
8	42	0.013889
8	43	0.016129
8	54	0.017544
8	57	0.017857
8	68	0.025000
8	78	0.023810
8	85	0.021277
8	87	0.019608
8	90	0.027778
8	102	0.029412
8	105	0.025641
8	113	0.024390
8	124	0.038462
8	139	0.027778
8	143	0.038462
8	176	0.034483
8	181	0.037037
8	269	0.045455
8	271	0.043478
8	272	0.041667
8	280	0.058824
8	308	0.040000
8	318	0.055556
8	332	0.043478
8	341	0.055556
8	349	0.058824
8	371	0.050000
8	374	0.052632
8	385	0.058824
8	415	0.058824
8	417	0.055556
8	419	0.052632
8	423	0.058824
9	0	0.006579
9	19	0.008065
9	20	0.007634
9	26	0.008929
9	50	0.016129
9	99	0.025000
9	105	0.025641
9	128	0.031250
9	172	0.043478
9	213	0.037037
9	283	0.043478
9	310	0.047619
9	347	0.058824
9	399	0.058824
9	421	0.058824
10	0	0.006579
10	18	0.007576
10	19	0.008065
10	21	0.007299
10	22	0.007576
10	23	0.008696
10	24	0.007937
10	25	0.007874
10	26	0.008929
10	28	0.009804
10	30	0.009434
10	32	0.012346
10	34	0.015152
10	36	0.008850
10	38	0.013158
10	45	0.017241
10	57	0.017857
10	60	0.018182
10	69	0.020408
10	72	0.024390
10	75	0.019231
10	84	0.022222
10	90	0.027778
10	130	0.033333
10	131	0.026316
10	137	0.028571
10	140	0.032258
10	144	0.040000
10	149	0.032258
10	158	0.026316
10	162	0.028571
10	215	0.030303
10	232	0.037037
10	251	0.052632
10	252	0.050000
10	335	0.055556
10	357	0.052632
10	360	0.058824
10	366	0.052632
10	372	0.047619
10	385	0.058824
10	422	0.058824
10	431	0.058824
11	0	0.006579
11	18	0.007576
11	19	0.008065
11	20	0.007634
11	21	0.007299
11	22	0.007576
11	23	0.008696
11	24	0.007937
11	25	0.007874
11	27	0.008696
11	33	0.013333
11	34	0.015152
11	38	0.013158
11	44	0.025000
11	48	0.014706
11	51	0.017857
11	55	0.013514
11	58	0.015385
11	74	0.027778
11	75	0.019231
11	78	0.023810
11	83	0.022727
11	86	0.033333
11	89	0.026316
11	92	0.034483
11	93	0.031250
11	105	0.025641
11	109	0.023256
11	115	0.024390
11	119	0.030303
11	123	0.033333
11	135	0.022727
11	140	0.032258
11	142	0.031250
11	154	0.035714
11	169	0.038462
11	173	0.035714
11	181	0.037037
11	184	0.035714
11	194	0.041667
11	197	0.034483
11	201	0.043478
11	237	0.047619
11	247	0.043478
11	282	0.047619
11	284	0.047619
11	285	0.047619
11	308	0.040000
11	319	0.047619
11	323	0.050000
11	331	0.050000
11	342	0.041667
11	348	0.052632
11	360	0.058824
11	362	0.050000
11	403	0.058824
11	405	0.058824
11	420	0.058824
12	0	0.006579
12	18	0.007576
12	19	0.008065
12	20	0.007634
12	21	0.007299
12	22	0.007576
12	23	0.008696
12	24	0.007937
12	25	0.007874
12	26	0.008929
12	28	0.009804
12	30	0.009434
12	33	0.013333
12	34	0.015152
12	41	0.011494
12	43	0.016129
12	48	0.014706
12	57	0.017857
12	63	0.024390
12	66	0.016949
12	67	0.019231
12	72	0.024390
12	79	0.030303
12	86	0.033333
12	87	0.019608
12	97	0.021277
12	117	0.028571
12	128	0.031250
12	138	0.033333
12	150	0.032258
12	163	0.035714
12	172	0.043478
12	185	0.034483
12	188	0.055556
12	189	0.038462
12	192	0.027027
12	202	0.038462
12	210	0.043478
12	217	0.037037
12	227	0.047619
12	241	0.045455
12	242	0.052632
12	246	0.040000
12	248	0.035714
12	250	0.045455
12	251	0.052632
12	277	0.052632
12	303	0.058824
12	314	0.052632
12	324	0.047619
12	332	0.043478
12	367	0.055556
12	374	0.052632
12	387	0.058824
12	397	0.055556
12	399	0.058824
12	411	0.055556
12	423	0.058824
13	0	0.006579
13	18	0.007576
13	19	0.008065
13	20	0.007634
13	21	0.007299
13	22	0.007576
13	23	0.008696
13	24	0.007937
13	26	0.008929
13	29	0.008621
13	32	0.012346
13	33	0.013333
13	36	0.008850
13	43	0.016129
13	44	0.025000
13	45	0.017241
13	46	0.014706
13	48	0.014706
13	49	0.018868
13	56	0.013158
13	65	0.020408
13	75	0.019231
13	77	0.021739
13	82	0.027027
13	83	0.022727
13	85	0.021277
13	101	0.025641
13	107	0.027027
13	109	0.023256
13	110	0.030303
13	113	0.024390
13	121	0.022222
13	124	0.038462
13	125	0.037037
13	139	0.027778
13	175	0.034483
13	203	0.037037
13	233	0.050000
13	260	0.040000
13	261	0.055556
13	276	0.038462
13	287	0.038462
13	296	0.055556
13	302	0.058824
13	324	0.047619
13	326	0.055556
13	333	0.045455
13	338	0.055556
13	340	0.045455
13	347	0.058824
13	353	0.055556
13	408	0.052632
13	424	0.058824
14	0	0.006579
14	18	0.007576
14	19	0.008065
14	20	0.007634
14	21	0.007299
14	22	0.007576
14	23	0.008696
14	24	0.007937
14	26	0.008929
14	27	0.008696
14	28	0.009804
14	29	0.008621
14	30	0.009434
14	31	0.011628
14	32	0.012346
14	36	0.008850
14	40	0.014925
14	46	0.014706
14	47	0.014925
14	51	0.017857
14	53	0.014925
14	57	0.017857
14	60	0.018182
14	70	0.022222
14	77	0.021739
14	78	0.023810
14	91	0.021739
14	104	0.025641
14	105	0.025641
14	108	0.022727
14	114	0.024390
14	121	0.022222
14	129	0.028571
14	142	0.031250
14	149	0.032258
14	168	0.028571
14	169	0.038462
14	249	0.033333
14	256	0.045455
14	271	0.043478
14	298	0.043478
14	302	0.058824
14	309	0.045455
14	328	0.052632
14	363	0.050000
14	383	0.058824
14	399	0.058824
15	0	0.006579
15	18	0.007576
15	19	0.008065
15	21	0.007299
15	23	0.008696
15	24	0.007937
15	25	0.007874
15	27	0.008696
15	28	0.009804
15	29	0.008621
15	30	0.009434
15	34	0.015152
15	35	0.011628
15	47	0.014925
15	50	0.016129
15	53	0.014925
15	66	0.016949
15	71	0.017857
15	76	0.015873
15	80	0.022222
15	96	0.021277
15	102	0.029412
15	109	0.023256
15	111	0.027027
15	130	0.033333
15	134	0.029412
15	142	0.031250
15	150	0.032258
15	166	0.035714
15	167	0.037037
15	170	0.027027
15	175	0.034483
15	185	0.034483
15	186	0.041667
15	190	0.041667
15	200	0.035714
15	201	0.043478
15	205	0.045455
15	221	0.043478
15	278	0.050000
15	293	0.050000
15	294	0.052632
15	295	0.055556
15	329	0.052632
15	330	0.058824
15	359	0.058824
15	367	0.055556
15	377	0.052632
15	417	0.055556
16	0	0.006579
16	18	0.007576
16	20	0.007634
16	27	0.008696
16	29	0.008621
16	41	0.011494
16	45	0.017241
16	49	0.018868
16	54	0.017544
16	59	0.021739
16	64	0.019608
16	72	0.024390
16	76	0.015873
16	86	0.033333
16	198	0.033333
16	199	0.045455
16	219	0.034483
16	226	0.047619
16	275	0.040000
16	317	0.045455
16	320	0.055556
16	365	0.058824
16	390	0.052632
16	410	0.052632
17	0	0.006579
17	18	0.007576
17	19	0.008065
17	20	0.007634
17	21	0.007299
17	22	0.007576
17	24	0.007937
17	25	0.007874
17	26	0.008929
17	27	0.008696
17	28	0.009804
17	31	0.011628
17	32	0.012346
17	35	0.011628
17	42	0.013889
17	57	0.017857
17	62	0.021739
17	70	0.022222
17	104	0.025641
17	107	0.027027
17	112	0.030303
17	133	0.029412
17	136	0.034483
17	145	0.041667
17	149	0.032258
17	159	0.043478
17	160	0.033333
17	193	0.045455
17	209	0.038462
17	221	0.043478
17	222	0.041667
17	231	0.035714
17	237	0.047619
17	247	0.043478
17	248	0.035714
17	252	0.050000
17	257	0.045455
17	264	0.041667
17	278	0.050000
17	329	0.052632
17	342	0.041667
17	351	0.058824
17	360	0.058824
17	380	0.052632
17	400	0.058824
17	414	0.058824
17	428	0.058824
18	0	0.006579
18	1	0.014925
18	2	0.022727
18	3	0.014286
18	4	0.017544
18	5	0.012048
18	6	0.016393
18	7	0.026316
18	8	0.021739
18	10	0.023256
18	11	0.017241
18	12	0.017241
18	13	0.018868
18	14	0.021277
18	15	0.020408
18	16	0.041667
18	17	0.021277
18	19	0.008065
18	20	0.007634
18	21	0.007299
18	22	0.007576
18	23	0.008696
18	24	0.007937
18	25	0.007874
18	26	0.008929
18	27	0.008696
18	28	0.009804
18	30	0.009434
18	31	0.011628
18	33	0.013333
18	34	0.015152
18	35	0.011628
18	36	0.008850
18	38	0.013158
18	41	0.011494
18	42	0.013889
18	43	0.016129
18	44	0.025000
18	46	0.014706
18	47	0.014925
18	48	0.014706
18	52	0.016949
18	55	0.013514
18	58	0.015385
18	65	0.020408
18	69	0.020408
18	70	0.022222
18	72	0.024390
18	73	0.018868
18	77	0.021739
18	81	0.015385
18	83	0.022727
18	87	0.019608
18	88	0.016393
18	89	0.026316
18	96	0.021277
18	101	0.025641
18	102	0.029412
18	106	0.027778
18	107	0.027027
18	108	0.022727
18	109	0.023256
18	112	0.030303
18	113	0.024390
18	115	0.024390
18	123	0.033333
18	128	0.031250
18	132	0.031250
18	134	0.029412
18	142	0.031250
18	143	0.038462
18	148	0.035714
18	153	0.034483
18	154	0.035714
18	165	0.037037
18	169	0.038462
18	170	0.027027
18	171	0.038462
18	173	0.035714
18	180	0.037037
18	182	0.031250
18	187	0.037037
18	191	0.038462
18	196	0.034483
18	199	0.045455
18	207	0.037037
18	210	0.043478
18	212	0.047619
18	214	0.040000
18	217	0.037037
18	218	0.037037
18	219	0.034483
18	220	0.047619
18	227	0.047619
18	232	0.037037
18	241	0.045455
18	244	0.043478
18	253	0.041667
18	254	0.041667
18	265	0.043478
18	266	0.041667
18	273	0.052632
18	282	0.047619
18	288	0.052632
18	293	0.050000
18	300	0.045455
18	305	0.050000
18	311	0.047619
18	312	0.052632
18	328	0.052632
18	329	0.052632
18	331	0.050000
18	332	0.043478
18	339	0.052632
18	342	0.041667
18	343	0.045455
18	351	0.058824
18	354	0.055556
18	358	0.055556
18	376	0.058824
18	382	0.058824
18	388	0.052632
18	391	0.055556
18	402	0.058824
18	403	0.058824
18	408	0.052632
18	416	0.055556
18	418	0.055556
18	424	0.058824
18	427	0.058824
18	428	0.058824
18	439	0.058824
19	0	0.006579
19	1	0.014925
19	2	0.022727
19	3	0.014286
19	4	0.017544
19	5	0.012048
19	6	0.016393
19	8	0.021739
19	9	0.066667
19	10	0.023256
19	11	0.017241
19	12	0.017241
19	13	0.018868
19	14	0.021277
19	15	0.020408
19	17	0.021277
19	18	0.007576
19	20	0.007634
19	21	0.007299
19	22	0.007576
19	23	0.008696
19	24	0.007937
19	25	0.007874
19	26	0.008929
19	27	0.008696
19	28	0.009804
19	29	0.008621
19	30	0.009434
19	31	0.011628
19	32	0.012346
19	33	0.013333
19	34	0.015152
19	35	0.011628
19	36	0.008850
19	38	0.013158
19	39	0.012658
19	40	0.014925
19	41	0.011494
19	43	0.016129
19	45	0.017241
19	50	0.016129
19	52	0.016949
19	54	0.017544
19	55	0.013514
19	57	0.017857
19	59	0.021739
19	61	0.022727
19	63	0.024390
19	67	0.019231
19	71	0.017857
19	72	0.024390
19	73	0.018868
19	74	0.027778
19	84	0.022222
19	85	0.021277
19	91	0.021739
19	94	0.024390
19	95	0.019231
19	97	0.021277
19	98	0.028571
19	102	0.029412
19	104	0.025641
19	105	0.025641
19	108	0.022727
19	109	0.023256
19	116	0.025000
19	117	0.028571
19	118	0.032258
19	126	0.032258
19	132	0.031250
19	134	0.029412
19	138	0.033333
19	141	0.040000
19	156	0.033333
19	157	0.034483
19	158	0.026316
19	161	0.041667
19	165	0.037037
19	168	0.028571
19	172	0.043478
19	173	0.035714
19	178	0.038462
19	180	0.037037
19	188	0.055556
19	191	0.038462
19	203	0.037037
19	205	0.045455
19	206	0.045455
19	207	0.037037
19	214	0.040000
19	218	0.037037
19	219	0.034483
19	220	0.047619
19	239	0.041667
19	244	0.043478
19	255	0.041667
19	263	0.050000
19	265	0.043478
19	283	0.043478
19	285	0.047619
19	289	0.043478
19	293	0.050000
19	294	0.052632
19	297	0.058824
19	299	0.047619
19	303	0.058824
19	311	0.047619
19	320	0.055556
19	327	0.050000
19	330	0.058824
19	340	0.045455
19	341	0.055556
19	361	0.058824
19	370	0.055556
19	376	0.058824
19	395	0.058824
19	396	0.055556
19	403	0.058824
19	407	0.055556
19	415	0.058824
19	422	0.058824
19	427	0.058824
19	441	0.058824
19	443	0.058824
20	0	0.006579
20	1	0.014925
20	2	0.022727
20	3	0.014286
20	4	0.017544
20	5	0.012048
20	6	0.016393
20	7	0.026316
20	9	0.066667
20	11	0.017241
20	12	0.017241
20	13	0.018868
20	14	0.021277
20	16	0.041667
20	17	0.021277
20	18	0.007576
20	19	0.008065
20	21	0.007299
20	22	0.007576
20	23	0.008696
20	24	0.007937
20	25	0.007874
20	26	0.008929
20	27	0.008696
20	28	0.009804
20	30	0.009434
20	31	0.011628
20	32	0.012346
20	33	0.013333
20	34	0.015152
20	36	0.008850
20	37	0.010101
20	39	0.012658
20	41	0.011494
20	43	0.016129
20	50	0.016129
20	51	0.017857
20	54	0.017544
20	55	0.013514
20	58	0.015385
20	62	0.021739
20	64	0.019608
20	65	0.020408
20	68	0.025000
20	70	0.022222
20	73	0.018868
20	75	0.019231
20	79	0.030303
20	82	0.027027
20	84	0.022222
20	85	0.021277
20	86	0.033333
20	88	0.016393
20	89	0.026316
20	92	0.034483
20	94	0.024390
20	95	0.019231
20	96	0.021277
20	97	0.021277
20	101	0.025641
20	103	0.031250
20	105	0.025641
20	110	0.030303
20	115	0.024390
20	120	0.035714
20	134	0.029412
20	135	0.022727
20	137	0.028571
20	139	0.027778
20	144	0.040000
20	148	0.035714
20	158	0.026316
20	164	0.037037
20	165	0.037037
20	170	0.027027
20	174	0.038462
20	175	0.034483
20	177	0.040000
20	185	0.034483
20	186	0.041667
20	189	0.038462
20	196	0.034483
20	197	0.034483
20	199	0.045455
20	200	0.035714
20	201	0.043478
20	203	0.037037
20	204	0.037037
20	206	0.045455
20	214	0.040000
20	217	0.037037
20	226	0.047619
20	229	0.043478
20	233	0.050000
20	239	0.041667
20	240	0.041667
20	241	0.045455
20	248	0.035714
20	249	0.033333
20	255	0.041667
20	261	0.055556
20	268	0.043478
20	269	0.045455
20	275	0.040000
20	276	0.038462
20	280	0.058824
20	281	0.047619
20	286	0.050000
20	292	0.035714
20	298	0.043478
20	304	0.043478
20	306	0.045455
20	313	0.047619
20	321	0.050000
20	327	0.050000
20	333	0.045455
20	340	0.045455
20	343	0.045455
20	344	0.050000
20	350	0.055556
20	357	0.052632
20	359	0.058824
20	360	0.058824
20	367	0.055556
20	388	0.052632
20	402	0.058824
20	407	0.055556
20	411	0.055556
20	412	0.058824
20	419	0.052632
20	432	0.058824
21	0	0.006579
21	1	0.014925
21	2	0.022727
21	3	0.014286
21	5	0.012048
21	6	0.016393
21	8	0.021739
21	10	0.023256
21	11	0.017241
21	12	0.017241
21	13	0.018868
21	14	0.021277
21	15	0.020408
21	17	0.021277
21	18	0.007576
21	19	0.008065
21	20	0.007634
21	22	0.007576
21	23	0.008696
21	24	0.007937
21	25	0.007874
21	26	0.008929
21	27	0.008696
21	28	0.009804
21	29	0.008621
21	30	0.009434
21	31	0.011628
21	32	0.012346
21	33	0.013333
21	34	0.015152
21	35	0.011628
21	36	0.008850
21	37	0.010101
21	38	0.013158
21	43	0.016129
21	44	0.025000
21	45	0.017241
21	46	0.014706
21	49	0.018868
21	50	0.016129
21	51	0.017857
21	52	0.016949
21	53	0.014925
21	55	0.013514
21	56	0.013158
21	58	0.015385
21	61	0.022727
21	62	0.021739
21	63	0.024390
21	64	0.019608
21	65	0.020408
21	66	0.016949
21	69	0.020408
21	70	0.022222
21	71	0.017857
21	72	0.024390
21	73	0.018868
21	76	0.015873
21	77	0.021739
21	78	0.023810
21	80	0.022222
21	81	0.015385
21	85	0.021277
21	88	0.016393
21	92	0.034483
21	93	0.031250
21	96	0.021277
21	98	0.028571
21	99	0.025000
21	105	0.025641
21	107	0.027027
21	109	0.023256
21	115	0.024390
21	117	0.028571
21	121	0.022222
21	122	0.029412
21	124	0.038462
21	131	0.026316
21	132	0.031250
21	134	0.029412
21	136	0.034483
21	140	0.032258
21	147	0.031250
21	152	0.032258
21	153	0.034483
21	160	0.033333
21	166	0.035714
21	178	0.038462
21	179	0.045455
21	180	0.037037
21	182	0.031250
21	184	0.035714
21	192	0.027027
21	193	0.045455
21	202	0.038462
21	206	0.045455
21	210	0.043478
21	212	0.047619
21	218	0.037037
21	220	0.047619
21	229	0.043478
21	236	0.041667
21	238	0.038462
21	245	0.041667
21	254	0.041667
21	255	0.041667
21	259	0.050000
21	275	0.040000
21	278	0.050000
21	283	0.043478
21	285	0.047619
21	289	0.043478
21	296	0.055556
21	300	0.045455
21	301	0.047619
21	303	0.058824
21	308	0.040000
21	309	0.045455
21	312	0.052632
21	314	0.052632
21	315	0.050000
21	324	0.047619
21	325	0.043478
21	327	0.050000
21	333	0.045455
21	334	0.050000
21	336	0.052632
21	350	0.055556
21	352	0.052632
21	353	0.055556
21	355	0.050000
21	360	0.058824
21	361	0.058824
21	375	0.058824
21	393	0.055556
21	407	0.055556
21	428	0.058824
22	0	0.006579
22	1	0.014925
22	2	0.022727
22	4	0.017544
22	5	0.012048
22	6	0.016393
22	8	0.021739
22	10	0.023256
22	11	0.017241
22	12	0.017241
22	13	0.018868
22	14	0.021277
22	17	0.021277
22	18	0.007576
22	19	0.008065
22	20	0.007634
22	21	0.007299
22	23	0.008696
22	24	0.007937
22	25	0.007874
22	26	0.008929
22	27	0.008696
22	28	0.009804
22	29	0.008621
22	30	0.009434
22	31	0.011628
22	33	0.013333
22	38	0.013158
22	39	0.012658
22	41	0.011494
22	42	0.013889
22	44	0.025000
22	45	0.017241
22	47	0.014925
22	52	0.016949
22	53	0.014925
22	54	0.017544
22	57	0.017857
22	60	0.018182
22	63	0.024390
22	65	0.020408
22	66	0.016949
22	70	0.022222
22	74	0.027778
22	75	0.019231
22	76	0.015873
22	78	0.023810
22	79	0.030303
22	83	0.022727
22	84	0.022222
22	90	0.027778
22	91	0.021739
22	96	0.021277
22	97	0.021277
22	102	0.029412
22	104	0.025641
22	107	0.027027
22	110	0.030303
22	114	0.024390
22	115	0.024390
22	116	0.025000
22	120	0.035714
22	122	0.029412
22	123	0.033333
22	126	0.032258
22	133	0.029412
22	139	0.027778
22	140	0.032258
22	151	0.038462
22	153	0.034483
22	154	0.035714
22	168	0.028571
22	169	0.038462
22	173	0.035714
22	175	0.034483
22	178	0.038462
22	183	0.033333
22	185	0.034483
22	192	0.027027
22	193	0.045455
22	197	0.034483
22	204	0.037037
22	205	0.045455
22	211	0.043478
22	213	0.037037
22	223	0.043478
22	225	0.047619
22	227	0.047619
22	229	0.043478
22	231	0.035714
22	232	0.037037
22	237	0.047619
22	242	0.052632
22	251	0.052632
22	252	0.050000
22	253	0.041667
22	267	0.047619
22	276	0.038462
22	279	0.050000
22	283	0.043478
22	286	0.050000
22	288	0.052632
22	291	0.041667
22	293	0.050000
22	297	0.058824
22	298	0.043478
22	299	0.047619
22	303	0.058824
22	312	0.052632
22	315	0.050000
22	318	0.055556
22	319	0.047619
22	329	0.052632
22	334	0.050000
22	340	0.045455
22	341	0.055556
22	346	0.052632
22	351	0.058824
22	367	0.055556
22	369	0.050000
22	374	0.052632
22	375	0.058824
22	391	0.055556
22	397	0.055556
22	401	0.045455
22	410	0.052632
22	415	0.058824
22	425	0.058824
22	426	0.055556
22	429	0.058824
22	431	0.058824
22	436	0.058824
23	0	0.006579
23	1	0.014925
23	2	0.022727
23	4	0.017544
23	6	0.016393
23	8	0.021739
23	10	0.023256
23	11	0.017241
23	12	0.017241
23	13	0.018868
23	14	0.021277
23	15	0.020408
23	18	0.007576
23	19	0.008065
23	20	0.007634
23	21	0.007299
23	22	0.007576
23	24	0.007937
23	25	0.007874
23	26	0.008929
23	27	0.008696
23	28	0.009804
23	29	0.008621
23	35	0.011628
23	36	0.008850
23	37	0.010101
23	39	0.012658
23	40	0.014925
23	41	0.011494
23	44	0.025000
23	45	0.017241
23	46	0.014706
23	48	0.014706
23	51	0.017857
23	53	0.014925
23	55	0.013514
23	57	0.017857
23	58	0.015385
23	64	0.019608
23	66	0.016949
23	69	0.020408
23	71	0.017857
23	73	0.018868
23	82	0.027027
23	85	0.021277
23	87	0.019608
23	88	0.016393
23	98	0.028571
23	99	0.025000
23	114	0.024390
23	115	0.024390
23	118	0.032258
23	119	0.030303
23	122	0.029412
23	125	0.037037
23	126	0.032258
23	128	0.031250
23	129	0.028571
23	131	0.026316
23	141	0.040000
23	142	0.031250
23	148	0.035714
23	149	0.032258
23	150	0.032258
23	155	0.029412
23	156	0.033333
23	159	0.043478
23	160	0.033333
23	167	0.037037
23	174	0.038462
23	176	0.034483
23	177	0.040000
23	183	0.033333
23	192	0.027027
23	194	0.041667
23	208	0.043478
23	210	0.043478
23	214	0.040000
23	217	0.037037
23	221	0.043478
23	223	0.043478
23	224	0.045455
23	226	0.047619
23	228	0.033333
23	232	0.037037
23	236	0.041667
23	239	0.041667
23	243	0.038462
23	244	0.043478
23	245	0.041667
23	247	0.043478
23	252	0.050000
23	253	0.041667
23	256	0.045455
23	266	0.041667
23	272	0.041667
23	273	0.052632
23	277	0.052632
23	279	0.050000
23	281	0.047619
23	291	0.041667
23	306	0.045455
23	309	0.045455
23	324	0.047619
23	325	0.043478
23	328	0.052632
23	336	0.052632
23	340	0.045455
23	352	0.052632
23	358	0.055556
23	368	0.058824
23	392	0.058824
23	398	0.055556
23	431	0.058824
23	439	0.058824
24	0	0.006579
24	5	0.012048
24	7	0.026316
24	8	0.021739
24	10	0.023256
24	11	0.017241
24	12	0.017241
24	13	0.018868
24	14	0.021277
24	15	0.020408
24	17	0.021277
24	18	0.007576
24	19	0.008065
24	20	0.007634
24	21	0.007299
24	22	0.007576
24	23	0.008696
24	25	0.007874
24	26	0.008929
24	27	0.008696
24	28	0.009804
24	29	0.008621
24	30	0.009434
24	32	0.012346
24	33	0.013333
24	34	0.015152
24	35	0.011628
24	37	0.010101
24	39	0.012658
24	44	0.025000
24	45	0.017241
24	46	0.014706
24	47	0.014925
24	48	0.014706
24	54	0.017544
24	56	0.013158
24	61	0.022727
24	62	0.021739
24	63	0.024390
24	66	0.016949
24	69	0.020408
24	70	0.022222
24	72	0.024390
24	78	0.023810
24	80	0.022222
24	81	0.015385
24	82	0.027027
24	95	0.019231
24	98	0.028571
24	101	0.025641
24	103	0.031250
24	105	0.025641
24	106	0.027778
24	112	0.030303
24	113	0.024390
24	119	0.030303
24	121	0.022222
24	130	0.033333
24	134	0.029412
24	137	0.028571
24	141	0.040000
24	144	0.040000
24	145	0.041667
24	146	0.023810
24	150	0.032258
24	154	0.035714
24	158	0.026316
24	159	0.043478
24	162	0.028571
24	165	0.037037
24	167	0.037037
24	168	0.028571
24	179	0.045455
24	183	0.033333
24	186	0.041667
24	191	0.038462
24	208	0.043478
24	210	0.043478
24	211	0.043478
24	220	0.047619
24	223	0.043478
24	224	0.045455
24	230	0.041667
24	233	0.050000
24	237	0.047619
24	238	0.038462
24	243	0.038462
24	244	0.043478
24	245	0.041667
24	248	0.035714
24	253	0.041667
24	257	0.045455
24	261	0.055556
24	266	0.041667
24	267	0.047619
24	272	0.041667
24	274	0.041667
24	278	0.050000
24	281	0.047619
24	301	0.047619
24	304	0.043478
24	313	0.047619
24	319	0.047619
24	321	0.050000
24	327	0.050000
24	335	0.055556
24	342	0.041667
24	344	0.050000
24	346	0.052632
24	355	0.050000
24	356	0.050000
24	362	0.050000
24	364	0.055556
24	372	0.047619
24	381	0.058824
24	383	0.058824
24	386	0.058824
24	400	0.058824
24	406	0.058824
24	412	0.058824
24	422	0.058824
24	426	0.055556
24	433	0.055556
24	439	0.058824
24	442	0.058824
24	443	0.058824
25	0	0.006579
25	3	0.014286
25	4	0.017544
25	6	0.016393
25	8	0.021739
25	10	0.023256
25	11	0.017241
25	12	0.017241
25	15	0.020408
25	17	0.021277
25	18	0.007576
25	19	0.008065
25	20	0.007634
25	21	0.007299
25	22	0.007576
25	23	0.008696
25	24	0.007937
25	26	0.008929
25	27	0.008696
25	28	0.009804
25	29	0.008621
25	30	0.009434
25	31	0.011628
25	32	0.012346
25	34	0.015152
25	36	0.008850
25	37	0.010101
25	38	0.013158
25	39	0.012658
25	40	0.014925
25	42	0.013889
25	43	0.016129
25	45	0.017241
25	46	0.014706
25	47	0.014925
25	48	0.014706
25	49	0.018868
25	50	0.016129
25	52	0.016949
25	53	0.014925
25	56	0.013158
25	57	0.017857
25	61	0.022727
25	62	0.021739
25	64	0.019608
25	66	0.016949
25	68	0.025000
25	69	0.020408
25	70	0.022222
25	74	0.027778
25	76	0.015873
25	77	0.021739
25	78	0.023810
25	79	0.030303
25	80	0.022222
25	81	0.015385
25	83	0.022727
25	86	0.033333
25	90	0.027778
25	93	0.031250
25	95	0.019231
25	103	0.031250
25	107	0.027027
25	108	0.022727
25	116	0.025000
25	118	0.032258
25	119	0.030303
25	121	0.022222
25	125	0.037037
25	133	0.029412
25	141	0.040000
25	143	0.038462
25	145	0.041667
25	150	0.032258
25	155	0.029412
25	156	0.033333
25	159	0.043478
25	161	0.041667
25	163	0.035714
25	172	0.043478
25	176	0.034483
25	177	0.040000
25	187	0.037037
25	191	0.038462
25	200	0.035714
25	203	0.037037
25	206	0.045455
25	207	0.037037
25	209	0.038462
25	212	0.047619
25	216	0.038462
25	217	0.037037
25	226	0.047619
25	229	0.043478
25	233	0.050000
25	241	0.045455
25	242	0.052632
25	243	0.038462
25	248	0.035714
25	259	0.050000
25	265	0.043478
25	285	0.047619
25	286	0.050000
25	318	0.055556
25	323	0.050000
25	325	0.043478
25	326	0.055556
25	337	0.052632
25	338	0.055556
25	340	0.045455
25	345	0.055556
25	351	0.058824
25	356	0.050000
25	373	0.047619
25	381	0.058824
25	383	0.058824
25	390	0.052632
25	392	0.058824
25	406	0.058824
25	411	0.055556
25	417	0.055556
25	421	0.058824
25	425	0.058824
25	430	0.058824
25	433	0.055556
25	436	0.058824
25	438	0.058824
26	0	0.006579
26	1	0.014925
26	4	0.017544
26	9	0.066667
26	10	0.023256
26	12	0.017241
26	13	0.018868
26	14	0.021277
26	17	0.021277
26	18	0.007576
26	19	0.008065
26	20	0.007634
26	21	0.007299
26	22	0.007576
26	23	0.008696
26	24	0.007937
26	25	0.007874
26	27	0.008696
26	29	0.008621
26	30	0.009434
26	35	0.011628
26	36	0.008850
26	37	0.010101
26	38	0.013158
26	39	0.012658
26	40	0.014925
26	42	0.013889
26	43	0.016129
26	45	0.017241
26	46	0.014706
26	49	0.018868
26	55	0.013514
26	56	0.013158
26	62	0.021739
26	63	0.024390
26	69	0.020408
26	71	0.017857
26	72	0.024390
26	73	0.018868
26	78	0.023810
26	84	0.022222
26	88	0.016393
26	93	0.031250
26	96	0.021277
26	102	0.029412
26	110	0.030303
26	112	0.030303
26	115	0.024390
26	117	0.028571
26	118	0.032258
26	124	0.038462
26	125	0.037037
26	127	0.033333
26	129	0.028571
26	133	0.029412
26	136	0.034483
26	137	0.028571
26	139	0.027778
26	140	0.032258
26	150	0.032258
26	152	0.032258
26	154	0.035714
26	158	0.026316
26	161	0.041667
26	162	0.028571
26	172	0.043478
26	180	0.037037
26	181	0.037037
26	184	0.035714
26	186	0.041667
26	197	0.034483
26	198	0.033333
26	200	0.035714
26	208	0.043478
26	217	0.037037
26	234	0.050000
26	243	0.038462
26	244	0.043478
26	246	0.040000
26	251	0.052632
26	253	0.041667
26	260	0.040000
26	274	0.041667
26	290	0.050000
26	294	0.052632
26	297	0.058824
26	300	0.045455
26	313	0.047619
26	320	0.055556
26	322	0.047619
26	330	0.058824
26	334	0.050000
26	358	0.055556
26	361	0.058824
26	366	0.052632
26	369	0.050000
26	372	0.047619
26	374	0.052632
26	387	0.058824
26	389	0.058824
26	394	0.052632
26	405	0.058824
26	408	0.052632
26	417	0.055556
26	421	0.058824
26	422	0.058824
26	423	0.058824
26	425	0.058824
26	427	0.058824
26	436	0.058824
26	437	0.058824
26	440	0.058824
27	0	0.006579
27	5	0.012048
27	7	0.026316
27	11	0.017241
27	14	0.021277
27	15	0.020408
27	16	0.041667
27	17	0.021277
27	18	0.007576
27	19	0.008065
27	20	0.007634
27	21	0.007299
27	22	0.007576
27	23	0.008696
27	24	0.007937
27	25	0.007874
27	26	0.008929
27	28	0.009804
27	29	0.008621
27	31	0.011628
27	32	0.012346
27	35	0.011628
27	36	0.008850
27	40	0.014925
27	41	0.011494
27	42	0.013889
27	43	0.016129
27	45	0.017241
27	46	0.014706
27	47	0.014925
27	50	0.016129
27	52	0.016949
27	53	0.014925
27	54	0.017544
27	55	0.013514
27	58	0.015385
27	63	0.024390
27	68	0.025000
27	74	0.027778
27	75	0.019231
27	77	0.021739
27	78	0.023810
27	80	0.022222
27	82	0.027027
27	83	0.022727
27	85	0.021277
27	87	0.019608
27	88	0.016393
27	101	0.025641
27	103	0.031250
27	104	0.025641
27	107	0.027027
27	111	0.027027
27	114	0.024390
27	115	0.024390
27	117	0.028571
27	118	0.032258
27	124	0.038462
27	128	0.031250
27	129	0.028571
27	132	0.031250
27	133	0.029412
27	140	0.032258
27	147	0.031250
27	150	0.032258
27	152	0.032258
27	158	0.026316
27	177	0.040000
27	181	0.037037
27	184	0.035714
27	188	0.055556
27	189	0.038462
27	193	0.045455
27	198	0.033333
27	199	0.045455
27	221	0.043478
27	223	0.043478
27	224	0.045455
27	227	0.047619
27	230	0.041667
27	236	0.041667
27	237	0.047619
27	242	0.052632
27	253	0.041667
27	256	0.045455
27	259	0.050000
27	262	0.045455
27	265	0.043478
27	268	0.043478
27	273	0.052632
27	276	0.038462
27	277	0.052632
27	281	0.047619
27	293	0.050000
27	296	0.055556
27	301	0.047619
27	306	0.045455
27	310	0.047619
27	315	0.050000
27	325	0.043478
27	338	0.055556
27	339	0.052632
27	346	0.052632
27	349	0.058824
27	357	0.052632
27	370	0.055556
27	386	0.058824
27	387	0.058824
27	399	0.058824
27	403	0.058824
27	414	0.058824
27	423	0.058824
27	429	0.058824
27	436	0.058824
27	442	0.058824
28	0	0.006579
28	1	0.014925
28	5	0.012048
28	10	0.023256
28	12	0.017241
28	14	0.021277
28	15	0.020408
28	17	0.021277
28	18	0.007576
28	19	0.008065
28	20	0.007634
28	21	0.007299
28	22	0.007576
28	23	0.008696
28	24	0.007937
28	25	0.007874
28	27	0.008696
28	29	0.008621
28	30	0.009434
28	31	0.011628
28	33	0.013333
28	34	0.015152
28	35	0.011628
28	37	0.010101
28	39	0.012658
28	40	0.014925
28	47	0.014925
28	52	0.016949
28	53	0.014925
28	54	0.017544
28	58	0.015385
28	60	0.018182
28	64	0.019608
28	65	0.020408
28	68	0.025000
28	69	0.020408
28	70	0.022222
28	72	0.024390
28	79	0.030303
28	80	0.022222
28	81	0.015385
28	82	0.027027
28	89	0.026316
28	92	0.034483
28	93	0.031250
28	108	0.022727
28	113	0.024390
28	115	0.024390
28	116	0.025000
28	119	0.030303
28	127	0.033333
28	131	0.026316
28	136	0.034483
28	144	0.040000
28	146	0.023810
28	147	0.031250
28	150	0.032258
28	152	0.032258
28	157	0.034483
28	159	0.043478
28	174	0.038462
28	179	0.045455
28	180	0.037037
28	191	0.038462
28	192	0.027027
28	202	0.038462
28	203	0.037037
28	208	0.043478
28	230	0.041667
28	234	0.050000
28	254	0.041667
28	261	0.055556
28	267	0.047619
28	270	0.041667
28	272	0.041667
28	279	0.050000
28	280	0.058824
28	291	0.041667
28	294	0.052632
28	305	0.050000
28	311	0.047619
28	312	0.052632
28	315	0.050000
28	329	0.052632
28	333	0.045455
28	354	0.055556
28	358	0.055556
28	365	0.058824
28	367	0.055556
28	368	0.058824
28	372	0.047619
28	373	0.047619
28	377	0.052632
28	394	0.052632
28	403	0.058824
28	405	0.058824
28	415	0.058824
28	416	0.055556
28	418	0.055556
28	421	0.058824
28	425	0.058824
28	442	0.058824
29	0	0.006579
29	1	0.014925
29	2	0.022727
29	5	0.012048
29	13	0.018868
29	14	0.021277
29	15	0.020408
29	16	0.041667
29	19	0.008065
29	21	0.007299
29	22	0.007576
29	23	0.008696
29	24	0.007937
29	25	0.007874
29	26	0.008929
29	27	0.008696
29	28	0.009804
29	30	0.009434
29	31	0.011628
29	32	0.012346
29	33	0.013333
29	35	0.011628
29	37	0.010101
29	38	0.013158
29	39	0.012658
29	41	0.011494
29	42	0.013889
29	43	0.016129
29	46	0.014706
29	48	0.014706
29	49	0.018868
29	54	0.017544
29	55	0.013514
29	56	0.013158
29	59	0.021739
29	60	0.018182
29	62	0.021739
29	63	0.024390
29	67	0.019231
29	72	0.024390
29	73	0.018868
29	76	0.015873
29	77	0.021739
29	83	0.022727
29	85	0.021277
29	86	0.033333
29	90	0.027778
29	91	0.021739
29	92	0.034483
29	94	0.024390
29	99	0.025000
29	102	0.029412
29	104	0.025641
29	106	0.027778
29	107	0.027027
29	115	0.024390
29	118	0.032258
29	124	0.038462
29	125	0.037037
29	130	0.033333
29	133	0.029412
29	136	0.034483
29	139	0.027778
29	143	0.038462
29	156	0.033333
29	165	0.037037
29	168	0.028571
29	169	0.038462
29	170	0.027027
29	176	0.034483
29	178	0.038462
29	179	0.045455
29	183	0.033333
29	184	0.035714
29	187	0.037037
29	188	0.055556
29	205	0.045455
29	215	0.030303
29	217	0.037037
29	224	0.045455
29	234	0.050000
29	240	0.041667
29	245	0.041667
29	247	0.043478
29	250	0.045455
29	252	0.050000
29	257	0.045455
29	261	0.055556
29	267	0.047619
29	269	0.045455
29	271	0.043478
29	292	0.035714
29	296	0.055556
29	303	0.058824
29	309	0.045455
29	318	0.055556
29	347	0.058824
29	351	0.058824
29	362	0.050000
29	367	0.055556
29	381	0.058824
29	393	0.055556
29	396	0.055556
29	399	0.058824
29	405	0.058824
29	407	0.055556
29	410	0.052632
29	413	0.052632
29	415	0.058824
29	418	0.055556
29	424	0.058824
29	425	0.058824
29	426	0.055556
29	429	0.058824
29	438	0.058824
29	440	0.058824
30	1	0.014925
30	5	0.012048
30	6	0.016393
30	10	0.023256
30	12	0.017241
30	14	0.021277
30	15	0.020408
30	18	0.007576
30	19	0.008065
30	20	0.007634
30	21	0.007299
30	22	0.007576
30	24	0.007937
30	25	0.007874
30	26	0.008929
30	28	0.009804
30	29	0.008621
30	31	0.011628
30	34	0.015152
30	35	0.011628
30	37	0.010101
30	40	0.014925
30	42	0.013889
30	43	0.016129
30	45	0.017241
30	49	0.018868
30	50	0.016129
30	51	0.017857
30	54	0.017544
30	55	0.013514
30	58	0.015385
30	61	0.022727
30	67	0.019231
30	76	0.015873
30	78	0.023810
30	79	0.030303
30	81	0.015385
30	83	0.022727
30	84	0.022222
30	89	0.026316
30	90	0.027778
30	93	0.031250
30	94	0.024390
30	97	0.021277
30	99	0.025000
30	101	0.025641
30	103	0.031250
30	108	0.022727
30	110	0.030303
30	112	0.030303
30	123	0.033333
30	129	0.028571
30	145	0.041667
30	154	0.035714
30	157	0.034483
30	160	0.033333
30	162	0.028571
30	173	0.035714
30	177	0.040000
30	181	0.037037
30	182	0.031250
30	184	0.035714
30	186	0.041667
30	188	0.055556
30	190	0.041667
30	194	0.041667
30	195	0.041667
30	203	0.037037
30	206	0.045455
30	207	0.037037
30	213	0.037037
30	218	0.037037
30	222	0.041667
30	226	0.047619
30	230	0.041667
30	233	0.050000
30	237	0.047619
30	240	0.041667
30	241	0.045455
30	248	0.035714
30	257	0.045455
30	264	0.041667
30	268	0.043478
30	283	0.043478
30	284	0.047619
30	285	0.047619
30	288	0.052632
30	290	0.050000
30	293	0.050000
30	296	0.055556
30	304	0.043478
30	311	0.047619
30	314	0.052632
30	327	0.050000
30	328	0.052632
30	330	0.058824
30	331	0.050000
30	345	0.055556
30	352	0.052632
30	368	0.058824
30	381	0.058824
30	390	0.052632
30	395	0.058824
30	404	0.055556
30	420	0.058824
30	423	0.058824
31	0	0.006579
31	2	0.022727
31	3	0.014286
31	5	0.012048
31	8	0.021739
31	14	0.021277
31	17	0.021277
31	18	0.007576
31	19	0.008065
31	20	0.007634
31	21	0.007299
31	22	0.007576
31	25	0.007874
31	27	0.008696
31	28	0.009804
31	29	0.008621
31	30	0.009434
31	32	0.012346
31	33	0.013333
31	37	0.010101
31	38	0.013158
31	39	0.012658
31	41	0.011494
31	46	0.014706
31	49	0.018868
31	52	0.016949
31	59	0.021739
31	60	0.018182
31	61	0.022727
31	63	0.024390
31	64	0.019608
31	65	0.020408
31	72	0.024390
31	82	0.027027
31	83	0.022727
31	87	0.019608
31	92	0.034483
31	98	0.028571
31	103	0.031250
31	106	0.027778
31	118	0.032258
31	120	0.035714
31	124	0.038462
31	130	0.033333
31	134	0.029412
31	148	0.035714
31	150	0.032258
31	153	0.034483
31	158	0.026316
31	159	0.043478
31	163	0.035714
31	164	0.037037
31	171	0.038462
31	174	0.038462
31	179	0.045455
31	183	0.033333
31	188	0.055556
31	197	0.034483
31	209	0.038462
31	221	0.043478
31	230	0.041667
31	233	0.050000
31	255	0.041667
31	256	0.045455
31	263	0.050000
31	267	0.047619
31	271	0.043478
31	292	0.035714
31	314	0.052632
31	315	0.050000
31	318	0.055556
31	328	0.052632
31	331	0.050000
31	332	0.043478
31	343	0.045455
31	351	0.058824
31	380	0.052632
31	388	0.052632
31	391	0.055556
31	392	0.058824
31	398	0.055556
31	411	0.055556
31	420	0.058824
31	424	0.058824
31	427	0.058824
31	442	0.058824
32	0	0.006579
32	1	0.014925
32	3	0.014286
32	5	0.012048
32	8	0.021739
32	10	0.023256
32	13	0.018868
32	14	0.021277
32	17	0.021277
32	19	0.008065
32	20	0.007634
32	21	0.007299
32	24	0.007937
32	25	0.007874
32	27	0.008696
32	29	0.008621
32	31	0.011628
32	33	0.013333
32	35	0.011628
32	39	0.012658
32	40	0.014925
32	41	0.011494
32	42	0.013889
32	43	0.016129
32	44	0.025000
32	45	0.017241
32	46	0.014706
32	50	0.016129
32	60	0.018182
32	63	0.024390
32	65	0.020408
32	73	0.018868
32	76	0.015873
32	79	0.030303
32	91	0.021739
32	92	0.034483
32	101	0.025641
32	104	0.025641
32	106	0.027778
32	114	0.024390
32	116	0.025000
32	119	0.030303
32	136	0.034483
32	138	0.033333
32	153	0.034483
32	157	0.034483
32	165	0.037037
32	169	0.038462
32	171	0.038462
32	175	0.034483
32	182	0.031250
32	183	0.033333
32	191	0.038462
32	195	0.041667
32	197	0.034483
32	200	0.035714
32	208	0.043478
32	210	0.043478
32	211	0.043478
32	216	0.038462
32	220	0.047619
32	221	0.043478
32	228	0.033333
32	237	0.047619
32	248	0.035714
32	249	0.033333
32	276	0.038462
32	291	0.041667
32	303	0.058824
32	306	0.045455
32	313	0.047619
32	317	0.045455
32	348	0.052632
32	369	0.050000
32	378	0.052632
32	380	0.052632
32	386	0.058824
32	420	0.058824
32	422	0.058824
32	428	0.058824
32	443	0.058824
33	0	0.006579
33	1	0.014925
33	5	0.012048
33	7	0.026316
33	11	0.017241
33	12	0.017241
33	13	0.018868
33	18	0.007576
33	19	0.008065
33	20	0.007634
33	21	0.007299
33	22	0.007576
33	24	0.007937
33	28	0.009804
33	29	0.008621
33	31	0.011628
33	32	0.012346
33	35	0.011628
33	36	0.008850
33	39	0.012658
33	40	0.014925
33	41	0.011494
33	42	0.013889
33	44	0.025000
33	46	0.014706
33	47	0.014925
33	52	0.016949
33	53	0.014925
33	55	0.013514
33	56	0.013158
33	58	0.015385
33	59	0.021739
33	63	0.024390
33	66	0.016949
33	69	0.020408
33	71	0.017857
33	81	0.015385
33	83	0.022727
33	90	0.027778
33	100	0.028571
33	104	0.025641
33	110	0.030303
33	118	0.032258
33	124	0.038462
33	126	0.032258
33	136	0.034483
33	143	0.038462
33	174	0.038462
33	175	0.034483
33	185	0.034483
33	200	0.035714
33	202	0.038462
33	207	0.037037
33	210	0.043478
33	213	0.037037
33	225	0.047619
33	232	0.037037
33	241	0.045455
33	247	0.043478
33	260	0.040000
33	282	0.047619
33	287	0.038462
33	290	0.050000
33	297	0.058824
33	329	0.052632
33	362	0.050000
33	368	0.058824
33	390	0.052632
33	398	0.055556
33	402	0.058824
33	405	0.058824
33	420	0.058824
33	433	0.055556
33	435	0.055556
33	437	0.058824
34	0	0.006579
34	1	0.014925
34	6	0.016393
34	7	0.026316
34	8	0.021739
34	10	0.023256
34	11	0.017241
34	12	0.017241
34	15	0.020408
34	18	0.007576
34	19	0.008065
34	20	0.007634
34	21	0.007299
34	24	0.007937
34	25	0.007874
34	28	0.009804
34	30	0.009434
34	35	0.011628
34	38	0.013158
34	47	0.014925
34	61	0.022727
34	64	0.019608
34	67	0.019231
34	69	0.020408
34	75	0.019231
34	76	0.015873
34	92	0.034483
34	97	0.021277
34	99	0.025000
34	105	0.025641
34	111	0.027027
34	114	0.024390
34	119	0.030303
34	132	0.031250
34	148	0.035714
34	153	0.034483
34	160	0.033333
34	179	0.045455
34	189	0.038462
34	190	0.041667
34	192	0.027027
34	196	0.034483
34	203	0.037037
34	205	0.045455
34	214	0.040000
34	228	0.033333
34	231	0.035714
34	240	0.041667
34	247	0.043478
34	256	0.045455
34	263	0.050000
34	272	0.041667
34	273	0.052632
34	274	0.041667
34	284	0.047619
34	301	0.047619
34	325	0.043478
34	327	0.050000
34	355	0.050000
34	359	0.058824
34	372	0.047619
34	375	0.058824
34	376	0.058824
34	392	0.058824
34	419	0.052632
34	435	0.055556
35	1	0.014925
35	4	0.017544
35	15	0.020408
35	17	0.021277
35	18	0.007576
35	19	0.008065
35	21	0.007299
35	23	0.008696
35	24	0.007937
35	26	0.008929
35	27	0.008696
35	28	0.009804
35	29	0.008621
35	30	0.009434
35	32	0.012346
35	33	0.013333
35	34	0.015152
35	36	0.008850
35	37	0.010101
35	38	0.013158
35	39	0.012658
35	40	0.014925
35	41	0.011494
35	42	0.013889
35	43	0.016129
35	45	0.017241
35	51	0.017857
35	54	0.017544
35	55	0.013514
35	61	0.022727
35	68	0.025000
35	73	0.018868
35	79	0.030303
35	80	0.022222
35	84	0.022222
35	87	0.019608
35	91	0.021739
35	99	0.025000
35	107	0.027027
35	112	0.030303
35	117	0.028571
35	121	0.022222
35	124	0.038462
35	133	0.029412
35	135	0.022727
35	137	0.028571
35	140	0.032258
35	146	0.023810
35	149	0.032258
35	153	0.034483
35	156	0.033333
35	157	0.034483
35	164	0.037037
35	170	0.027027
35	182	0.031250
35	194	0.041667
35	197	0.034483
35	205	0.045455
35	210	0.043478
35	213	0.037037
35	214	0.040000
35	220	0.047619
35	229	0.043478
35	246	0.040000
35	258	0.041667
35	270	0.041667
35	281	0.047619
35	284	0.047619
35	285	0.047619
35	297	0.058824
35	300	0.045455
35	301	0.047619
35	310	0.047619
35	321	0.050000
35	325	0.043478
35	330	0.058824
35	337	0.052632
35	348	0.052632
35	356	0.050000
35	376	0.058824
35	386	0.058824
35	392	0.058824
35	395	0.058824
35	397	0.055556
35	408	0.052632
35	432	0.058824
36	0	0.006579
36	2	0.022727
36	5	0.012048
36	8	0.021739
36	10	0.023256
36	13	0.018868
36	14	0.021277
36	18	0.007576
36	19	0.008065
36	20	0.007634
36	21	0.007299
36	23	0.008696
36	25	0.007874
36	26	0.008929
36	27	0.008696
36	33	0.013333
36	35	0.011628
36	37	0.010101
36	38	0.013158
36	43	0.016129
36	48	0.014706
36	49	0.018868
36	51	0.017857
36	53	0.014925
36	60	0.018182
36	65	0.020408
36	68	0.025000
36	69	0.020408
36	70	0.022222
36	71	0.017857
36	72	0.024390
36	76	0.015873
36	79	0.030303
36	80	0.022222
36	82	0.027027
36	83	0.022727
36	87	0.019608
36	89	0.026316
36	92	0.034483
36	93	0.031250
36	96	0.021277
36	98	0.028571
36	102	0.029412
36	109	0.023256
36	111	0.027027
36	112	0.030303
36	113	0.024390
36	125	0.037037
36	128	0.031250
36	130	0.033333
36	133	0.029412
36	136	0.034483
36	140	0.032258
36	143	0.038462
36	144	0.040000
36	151	0.038462
36	154	0.035714
36	156	0.033333
36	159	0.043478
36	161	0.041667
36	162	0.028571
36	164	0.037037
36	165	0.037037
36	171	0.038462
36	173	0.035714
36	180	0.037037
36	181	0.037037
36	182	0.031250
36	183	0.033333
36	185	0.034483
36	188	0.055556
36	191	0.038462
36	195	0.041667
36	199	0.045455
36	201	0.043478
36	212	0.047619
36	213	0.037037
36	216	0.038462
36	217	0.037037
36	220	0.047619
36	225	0.047619
36	231	0.035714
36	232	0.037037
36	233	0.050000
36	237	0.047619
36	243	0.038462
36	247	0.043478
36	252	0.050000
36	256	0.045455
36	263	0.050000
36	270	0.041667
36	271	0.043478
36	276	0.038462
36	279	0.050000
36	282	0.047619
36	285	0.047619
36	289	0.043478
36	329	0.052632
36	334	0.050000
36	341	0.055556
36	351	0.058824
36	364	0.055556
36	367	0.055556
36	375	0.058824
36	378	0.052632
36	379	0.058824
36	380	0.052632
36	402	0.058824
36	406	0.058824
36	414	0.058824
36	419	0.052632
36	421	0.058824
36	440	0.058824
37	0	0.006579
37	1	0.014925
37	3	0.014286
37	5	0.012048
37	8	0.021739
37	20	0.007634
37	21	0.007299
37	23	0.008696
37	24	0.007937
37	25	0.007874
37	26	0.008929
37	28	0.009804
37	29	0.008621
37	30	0.009434
37	31	0.011628
37	35	0.011628
37	36	0.008850
37	40	0.014925
37	42	0.013889
37	44	0.025000
37	45	0.017241
37	47	0.014925
37	52	0.016949
37	53	0.014925
37	55	0.013514
37	57	0.017857
37	59	0.021739
37	60	0.018182
37	62	0.021739
37	63	0.024390
37	66	0.016949
37	67	0.019231
37	68	0.025000
37	74	0.027778
37	80	0.022222
37	82	0.027027
37	84	0.022222
37	93	0.031250
37	96	0.021277
37	97	0.021277
37	99	0.025000
37	101	0.025641
37	105	0.025641
37	107	0.027027
37	108	0.022727
37	110	0.030303
37	113	0.024390
37	116	0.025000
37	119	0.030303
37	122	0.029412
37	123	0.033333
37	125	0.037037
37	129	0.028571
37	134	0.029412
37	143	0.038462
37	151	0.038462
37	155	0.029412
37	157	0.034483
37	158	0.026316
37	162	0.028571
37	170	0.027027
37	174	0.038462
37	178	0.038462
37	181	0.037037
37	183	0.033333
37	187	0.037037
37	194	0.041667
37	195	0.041667
37	196	0.034483
37	200	0.035714
37	201	0.043478
37	220	0.047619
37	225	0.047619
37	228	0.033333
37	230	0.041667
37	235	0.050000
37	241	0.045455
37	258	0.041667
37	261	0.055556
37	266	0.041667
37	269	0.045455
37	281	0.047619
37	287	0.038462
37	292	0.035714
37	293	0.050000
37	299	0.047619
37	326	0.055556
37	350	0.055556
37	356	0.050000
37	378	0.052632
37	382	0.058824
37	390	0.052632
37	394	0.052632
37	398	0.055556
37	410	0.052632
37	411	0.055556
37	412	0.058824
37	434	0.058824
37	436	0.058824
38	0	0.006579
38	1	0.014925
38	4	0.017544
38	7	0.026316
38	10	0.023256
38	11	0.017241
38	18	0.007576
38	19	0.008065
38	21	0.007299
38	22	0.007576
38	25	0.007874
38	26	0.008929
38	29	0.008621
38	31	0.011628
38	34	0.015152
38	35	0.011628
38	36	0.008850
38	40	0.014925
38	41	0.011494
38	45	0.017241
38	46	0.014706
38	48	0.014706
38	52	0.016949
38	53	0.014925
38	55	0.013514
38	56	0.013158
38	61	0.022727
38	65	0.020408
38	67	0.019231
38	96	0.021277
38	98	0.028571
38	120	0.035714
38	124	0.038462
38	128	0.031250
38	129	0.028571
38	133	0.029412
38	140	0.032258
38	141	0.040000
38	145	0.041667
38	159	0.043478
38	168	0.028571
38	187	0.037037
38	195	0.041667
38	203	0.037037
38	206	0.045455
38	211	0.043478
38	221	0.043478
38	231	0.035714
38	235	0.050000
38	237	0.047619
38	238	0.038462
38	239	0.041667
38	260	0.040000
38	263	0.050000
38	269	0.045455
38	270	0.041667
38	290	0.050000
38	308	0.040000
38	309	0.045455
38	314	0.052632
38	320	0.055556
38	325	0.043478
38	337	0.052632
38	339	0.052632
38	361	0.058824
38	363	0.050000
38	364	0.055556
38	368	0.058824
38	372	0.047619
38	377	0.052632
38	379	0.058824
38	381	0.058824
38	382	0.058824
38	389	0.058824
38	416	0.055556
38	432	0.058824
39	1	0.014925
39	2	0.022727
39	4	0.017544
39	6	0.016393
39	19	0.008065
39	20	0.007634
39	22	0.007576
39	23	0.008696
39	24	0.007937
39	25	0.007874
39	26	0.008929
39	28	0.009804
39	29	0.008621
39	31	0.011628
39	32	0.012346
39	33	0.013333
39	35	0.011628
39	40	0.014925
39	42	0.013889
39	43	0.016129
39	46	0.014706
39	47	0.014925
39	51	0.017857
39	55	0.013514
39	59	0.021739
39	61	0.022727
39	67	0.019231
39	73	0.018868
39	75	0.019231
39	79	0.030303
39	88	0.016393
39	102	0.029412
39	106	0.027778
39	107	0.027027
39	109	0.023256
39	110	0.030303
39	113	0.024390
39	115	0.024390
39	120	0.035714
39	122	0.029412
39	124	0.038462
39	127	0.033333
39	131	0.026316
39	132	0.031250
39	134	0.029412
39	136	0.034483
39	139	0.027778
39	144	0.040000
39	145	0.041667
39	148	0.035714
39	153	0.034483
39	166	0.035714
39	182	0.031250
39	198	0.033333
39	199	0.045455
39	200	0.035714
39	219	0.034483
39	226	0.047619
39	233	0.050000
39	257	0.045455
39	261	0.055556
39	274	0.041667
39	287	0.038462
39	288	0.052632
39	295	0.055556
39	303	0.058824
39	306	0.045455
39	308	0.040000
39	315	0.050000
39	329	0.052632
39	331	0.050000
39	344	0.050000
39	365	0.058824
39	374	0.052632
39	392	0.058824
39	401	0.045455
39	414	0.058824
39	415	0.058824
39	437	0.058824
40	0	0.006579
40	1	0.014925
40	3	0.014286
40	14	0.021277
40	19	0.008065
40	23	0.008696
40	25	0.007874
40	26	0.008929
40	27	0.008696
40	28	0.009804
40	30	0.009434
40	32	0.012346
40	33	0.013333
40	35	0.011628
40	37	0.010101
40	38	0.013158
40	39	0.012658
40	47	0.014925
40	52	0.016949
40	54	0.017544
40	56	0.013158
40	57	0.017857
40	74	0.027778
40	90	0.027778
40	92	0.034483
40	94	0.024390
40	100	0.028571
40	102	0.029412
40	104	0.025641
40	107	0.027027
40	114	0.024390
40	116	0.025000
40	122	0.029412
40	137	0.028571
40	141	0.040000
40	143	0.038462
40	144	0.040000
40	149	0.032258
40	150	0.032258
40	154	0.035714
40	157	0.034483
40	160	0.033333
40	165	0.037037
40	166	0.035714
40	176	0.034483
40	180	0.037037
40	187	0.037037
40	190	0.041667
40	197	0.034483
40	199	0.045455
40	209	0.038462
40	237	0.047619
40	245	0.041667
40	249	0.033333
40	260	0.040000
40	264	0.041667
40	275	0.040000
40	293	0.050000
40	299	0.047619
40	300	0.045455
40	312	0.052632
40	321	0.050000
40	344	0.050000
40	355	0.050000
40	384	0.047619
40	433	0.055556
40	434	0.058824
41	0	0.006579
41	1	0.014925
41	5	0.012048
41	12	0.017241
41	16	0.041667
41	18	0.007576
41	19	0.008065
41	20	0.007634
41	22	0.007576
41	23	0.008696
41	27	0.008696
41	29	0.008621
41	31	0.011628
41	32	0.012346
41	33	0.013333
41	35	0.011628
41	38	0.013158
41	42	0.013889
41	43	0.016129
41	47	0.014925
41	49	0.018868
41	50	0.016129
41	52	0.016949
41	57	0.017857
41	59	0.021739
41	61	0.022727
41	63	0.024390
41	67	0.019231
41	68	0.025000
41	76	0.015873
41	83	0.022727
41	87	0.019608
41	91	0.021739
41	92	0.034483
41	93	0.031250
41	97	0.021277
41	104	0.025641
41	109	0.023256
41	110	0.030303
41	111	0.027027
41	112	0.030303
41	119	0.030303
41	136	0.034483
41	137	0.028571
41	140	0.032258
41	146	0.023810
41	151	0.038462
41	156	0.033333
41	157	0.034483
41	158	0.026316
41	164	0.037037
41	167	0.037037
41	172	0.043478
41	173	0.035714
41	201	0.043478
41	203	0.037037
41	209	0.038462
41	212	0.047619
41	216	0.038462
41	223	0.043478
41	228	0.033333
41	230	0.041667
41	255	0.041667
41	263	0.050000
41	264	0.041667
41	271	0.043478
41	272	0.041667
41	274	0.041667
41	277	0.052632
41	279	0.050000
41	280	0.058824
41	299	0.047619
41	321	0.050000
41	322	0.047619
41	340	0.045455
41	369	0.050000
41	376	0.058824
41	390	0.052632
41	398	0.055556
41	405	0.058824
41	411	0.055556
41	415	0.058824
41	416	0.055556
41	423	0.058824
41	429	0.058824
41	433	0.055556
41	439	0.058824
42	0	0.006579
42	4	0.017544
42	8	0.021739
42	17	0.021277
42	18	0.007576
42	22	0.007576
42	25	0.007874
42	26	0.008929
42	27	0.008696
42	29	0.008621
42	30	0.009434
42	32	0.012346
42	33	0.013333
42	35	0.011628
42	37	0.010101
42	39	0.012658
42	41	0.011494
42	44	0.025000
42	46	0.014706
42	50	0.016129
42	54	0.017544
42	70	0.022222
42	72	0.024390
42	78	0.023810
42	80	0.022222
42	83	0.022727
42	91	0.021739
42	95	0.019231
42	97	0.021277
42	98	0.028571
42	100	0.028571
42	101	0.025641
42	103	0.031250
42	104	0.025641
42	106	0.027778
42	110	0.030303
42	119	0.030303
42	121	0.022222
42	122	0.029412
42	126	0.032258
42	132	0.031250
42	133	0.029412
42	145	0.041667
42	176	0.034483
42	179	0.045455
42	232	0.037037
42	235	0.050000
42	242	0.052632
42	254	0.041667
42	264	0.041667
42	267	0.047619
42	272	0.041667
42	283	0.043478
42	308	0.040000
42	318	0.055556
42	320	0.055556
42	327	0.050000
42	337	0.052632
42	340	0.045455
42	345	0.055556
42	346	0.052632
42	360	0.058824
42	362	0.050000
42	365	0.058824
42	366	0.052632
42	385	0.058824
42	386	0.058824
42	394	0.052632
42	396	0.055556
42	413	0.052632
42	425	0.058824
42	440	0.058824
43	8	0.021739
43	12	0.017241
43	13	0.018868
43	18	0.007576
43	19	0.008065
43	20	0.007634
43	21	0.007299
43	25	0.007874
43	26	0.008929
43	27	0.008696
43	29	0.008621
43	30	0.009434
43	32	0.012346
43	35	0.011628
43	36	0.008850
43	39	0.012658
43	41	0.011494
43	44	0.025000
43	50	0.016129
43	51	0.017857
43	58	0.015385
43	67	0.019231
43	76	0.015873
43	81	0.015385
43	87	0.019608
43	91	0.021739
43	93	0.031250
43	95	0.019231
43	105	0.025641
43	106	0.027778
43	114	0.024390
43	121	0.022222
43	127	0.033333
43	145	0.041667
43	159	0.043478
43	171	0.038462
43	176	0.034483
43	177	0.040000
43	186	0.041667
43	194	0.041667
43	198	0.033333
43	205	0.045455
43	245	0.041667
43	247	0.043478
43	259	0.050000
43	287	0.038462
43	288	0.052632
43	294	0.052632
43	298	0.043478
43	307	0.040000
43	316	0.041667
43	337	0.052632
43	346	0.052632
43	354	0.055556
43	365	0.058824
43	382	0.058824
43	389	0.058824
43	396	0.055556
43	406	0.058824
43	412	0.058824
43	423	0.058824
43	440	0.058824
44	0	0.006579
44	1	0.014925
44	3	0.014286
44	5	0.012048
44	7	0.026316
44	11	0.017241
44	13	0.018868
44	18	0.007576
44	21	0.007299
44	22	0.007576
44	23	0.008696
44	24	0.007937
44	32	0.012346
44	33	0.013333
44	37	0.010101
44	42	0.013889
44	43	0.016129
44	48	0.014706
44	49	0.018868
44	50	0.016129
44	54	0.017544
44	61	0.022727
44	78	0.023810
44	98	0.028571
44	103	0.031250
44	135	0.022727
44	137	0.028571
44	138	0.033333
44	151	0.038462
44	165	0.037037
44	250	0.045455
44	259	0.050000
44	287	0.038462
44	347	0.058824
44	365	0.058824
44	390	0.052632
44	403	0.058824
44	413	0.052632
44	427	0.058824
44	435	0.055556
45	0	0.006579
45	10	0.023256
45	13	0.018868
45	16	0.041667
45	19	0.008065
45	21	0.007299
45	22	0.007576
45	23	0.008696
45	24	0.007937
45	25	0.007874
45	26	0.008929
45	27	0.008696
45	30	0.009434
45	32	0.012346
45	35	0.011628
45	37	0.010101
45	38	0.013158
45	48	0.014706
45	49	0.018868
45	52	0.016949
45	56	0.013158
45	59	0.021739
45	71	0.017857
45	74	0.027778
45	93	0.031250
45	94	0.024390
45	95	0.019231
45	99	0.025000
45	107	0.027027
45	126	0.032258
45	128	0.031250
45	131	0.026316
45	137	0.028571
45	139	0.027778
45	140	0.032258
45	157	0.034483
45	160	0.033333
45	167	0.037037
45	181	0.037037
45	204	0.037037
45	205	0.045455
45	221	0.043478
45	225	0.047619
45	242	0.052632
45	265	0.043478
45	268	0.043478
45	286	0.050000
45	295	0.055556
45	305	0.050000
45	308	0.040000
45	367	0.055556
45	396	0.055556
45	407	0.055556
45	416	0.055556
45	421	0.058824
45	433	0.055556
45	439	0.058824
45	441	0.058824
46	0	0.006579
46	13	0.018868
46	14	0.021277
46	18	0.007576
46	21	0.007299
46	23	0.008696
46	24	0.007937
46	25	0.007874
46	26	0.008929
46	27	0.008696
46	29	0.008621
46	31	0.011628
46	32	0.012346
46	33	0.013333
46	38	0.013158
46	39	0.012658
46	42	0.013889
46	48	0.014706
46	50	0.016129
46	51	0.017857
46	53	0.014925
46	54	0.017544
46	58	0.015385
46	60	0.018182
46	61	0.022727
46	64	0.019608
46	66	0.016949
46	67	0.019231
46	70	0.022222
46	75	0.019231
46	88	0.016393
46	89	0.026316
46	90	0.027778
46	93	0.031250
46	94	0.024390
46	111	0.027027
46	112	0.030303
46	117	0.028571
46	121	0.022222
46	130	0.033333
46	133	0.029412
46	139	0.027778
46	154	0.035714
46	165	0.037037
46	167	0.037037
46	168	0.028571
46	178	0.038462
46	185	0.034483
46	204	0.037037
46	207	0.037037
46	208	0.043478
46	220	0.047619
46	234	0.050000
46	242	0.052632
46	256	0.045455
46	270	0.041667
46	276	0.038462
46	279	0.050000
46	283	0.043478
46	301	0.047619
46	304	0.043478
46	309	0.045455
46	320	0.055556
46	330	0.058824
46	350	0.055556
46	379	0.058824
46	430	0.058824
46	432	0.058824
47	2	0.022727
47	5	0.012048
47	7	0.026316
47	14	0.021277
47	15	0.020408
47	18	0.007576
47	22	0.007576
47	24	0.007937
47	25	0.007874
47	27	0.008696
47	28	0.009804
47	33	0.013333
47	34	0.015152
47	37	0.010101
47	39	0.012658
47	40	0.014925
47	41	0.011494
47	48	0.014706
47	51	0.017857
47	52	0.016949
47	58	0.015385
47	59	0.021739
47	60	0.018182
47	61	0.022727
47	62	0.021739
47	64	0.019608
47	71	0.017857
47	73	0.018868
47	77	0.021739
47	83	0.022727
47	85	0.021277
47	104	0.025641
47	128	0.031250
47	161	0.041667
47	163	0.035714
47	164	0.037037
47	167	0.037037
47	174	0.038462
47	178	0.038462
47	185	0.034483
47	206	0.045455
47	208	0.043478
47	211	0.043478
47	216	0.038462
47	224	0.045455
47	232	0.037037
47	239	0.041667
47	243	0.038462
47	247	0.043478
47	250	0.045455
47	251	0.052632
47	255	0.041667
47	256	0.045455
47	264	0.041667
47	272	0.041667
47	298	0.043478
47	300	0.045455
47	304	0.043478
47	314	0.052632
47	322	0.047619
47	333	0.045455
47	348	0.052632
47	362	0.050000
47	366	0.052632
47	373	0.047619
47	391	0.055556
47	428	0.058824
48	1	0.014925
48	4	0.017544
48	7	0.026316
48	11	0.017241
48	12	0.017241
48	13	0.018868
48	18	0.007576
48	23	0.008696
48	24	0.007937
48	25	0.007874
48	29	0.008621
48	36	0.008850
48	38	0.013158
48	44	0.025000
48	45	0.017241
48	46	0.014706
48	47	0.014925
48	49	0.018868
48	52	0.016949
48	53	0.014925
48	55	0.013514
48	60	0.018182
48	61	0.022727
48	62	0.021739
48	64	0.019608
48	66	0.016949
48	67	0.019231
48	68	0.025000
48	71	0.017857
48	73	0.018868
48	74	0.027778
48	75	0.019231
48	78	0.023810
48	90	0.027778
48	93	0.031250
48	94	0.024390
48	102	0.029412
48	105	0.025641
48	113	0.024390
48	117	0.028571
48	163	0.035714
48	171	0.038462
48	173	0.035714
48	178	0.038462
48	187	0.037037
48	192	0.027027
48	197	0.034483
48	207	0.037037
48	217	0.037037
48	220	0.047619
48	228	0.033333
48	238	0.038462
48	243	0.038462
48	246	0.040000
48	278	0.050000
48	284	0.047619
48	297	0.058824
48	298	0.043478
48	304	0.043478
48	305	0.050000
48	313	0.047619
48	329	0.052632
48	331	0.050000
48	378	0.052632
48	392	0.058824
48	422	0.058824
48	429	0.058824
48	443	0.058824
49	0	0.006579
49	3	0.014286
49	5	0.012048
49	7	0.026316
49	13	0.018868
49	16	0.041667
49	21	0.007299
49	25	0.007874
49	26	0.008929
49	29	0.008621
49	30	0.009434
49	31	0.011628
49	36	0.008850
49	41	0.011494
49	44	0.025000
49	45	0.017241
49	48	0.014706
49	51	0.017857
49	59	0.021739
49	75	0.019231
49	76	0.015873
49	79	0.030303
49	81	0.015385
49	82	0.027027
49	85	0.021277
49	87	0.019608
49	95	0.019231
49	96	0.021277
49	99	0.025000
49	103	0.031250
49	104	0.025641
49	110	0.030303
49	111	0.027027
49	115	0.024390
49	126	0.032258
49	132	0.031250
49	140	0.032258
49	153	0.034483
49	158	0.026316
49	182	0.031250
49	190	0.041667
49	192	0.027027
49	211	0.043478
49	267	0.047619
49	280	0.058824
49	282	0.047619
49	287	0.038462
49	348	0.052632
49	353	0.055556
49	356	0.050000
49	358	0.055556
49	409	0.058824
49	440	0.058824
50	0	0.006579
50	4	0.017544
50	5	0.012048
50	9	0.066667
50	15	0.020408
50	19	0.008065
50	20	0.007634
50	21	0.007299
50	25	0.007874
50	27	0.008696
50	30	0.009434
50	32	0.012346
50	41	0.011494
50	42	0.013889
50	43	0.016129
50	44	0.025000
50	46	0.014706
50	53	0.014925
50	77	0.021739
50	80	0.022222
50	84	0.022222
50	86	0.033333
50	90	0.027778
50	92	0.034483
50	100	0.028571
50	101	0.025641
50	107	0.027027
50	111	0.027027
50	113	0.024390
50	116	0.025000
50	120	0.035714
50	121	0.022222
50	147	0.031250
50	152	0.032258
50	167	0.037037
50	170	0.027027
50	182	0.031250
50	185	0.034483
50	195	0.041667
50	207	0.037037
50	211	0.043478
50	213	0.037037
50	214	0.040000
50	233	0.050000
50	241	0.045455
50	243	0.038462
50	246	0.040000
50	258	0.041667
50	263	0.050000
50	275	0.040000
50	278	0.050000
50	281	0.047619
50	291	0.041667
50	312	0.052632
50	313	0.047619
50	324	0.047619
50	325	0.043478
50	349	0.058824
50	351	0.058824
50	385	0.058824
50	409	0.058824
50	441	0.058824
51	0	0.006579
51	1	0.014925
51	5	0.012048
51	6	0.016393
51	11	0.017241
51	14	0.021277
51	20	0.007634
51	21	0.007299
51	23	0.008696
51	30	0.009434
51	35	0.011628
51	36	0.008850
51	39	0.012658
51	43	0.016129
51	46	0.014706
51	47	0.014925
51	49	0.018868
51	56	0.013158
51	57	0.017857
51	59	0.021739
51	60	0.018182
51	62	0.021739
51	64	0.019608
51	69	0.020408
51	71	0.017857
51	74	0.027778
51	78	0.023810
51	100	0.028571
51	103	0.031250
51	105	0.025641
51	112	0.030303
51	120	0.035714
51	145	0.041667
51	150	0.032258
51	154	0.035714
51	161	0.041667
51	191	0.038462
51	197	0.034483
51	202	0.038462
51	224	0.045455
51	281	0.047619
51	296	0.055556
51	300	0.045455
51	301	0.047619
51	303	0.058824
51	336	0.052632
51	340	0.045455
51	343	0.045455
51	362	0.050000
51	370	0.055556
51	373	0.047619
51	388	0.052632
51	396	0.055556
51	408	0.052632
51	425	0.058824
51	438	0.058824
52	4	0.017544
52	18	0.007576
52	19	0.008065
52	21	0.007299
52	22	0.007576
52	25	0.007874
52	27	0.008696
52	28	0.009804
52	31	0.011628
52	33	0.013333
52	37	0.010101
52	38	0.013158
52	40	0.014925
52	41	0.011494
52	45	0.017241
52	47	0.014925
52	48	0.014706
52	56	0.013158
52	58	0.015385
52	63	0.024390
52	66	0.016949
52	71	0.017857
52	74	0.027778
52	88	0.016393
52	95	0.019231
52	102	0.029412
52	110	0.030303
52	113	0.024390
52	126	0.032258
52	130	0.033333
52	131	0.026316
52	144	0.040000
52	146	0.023810
52	152	0.032258
52	156	0.033333
52	160	0.033333
52	162	0.028571
52	165	0.037037
52	171	0.038462
52	219	0.034483
52	225	0.047619
52	243	0.038462
52	245	0.041667
52	257	0.045455
52	279	0.050000
52	286	0.050000
52	306	0.045455
52	309	0.045455
52	333	0.045455
52	350	0.055556
52	354	0.055556
52	366	0.052632
52	388	0.052632
52	391	0.055556
52	407	0.055556
52	416	0.055556
52	420	0.058824
52	426	0.055556
52	429	0.058824
53	2	0.022727
53	4	0.017544
53	14	0.021277
53	15	0.020408
53	21	0.007299
53	22	0.007576
53	23	0.008696
53	25	0.007874
53	27	0.008696
53	28	0.009804
53	33	0.013333
53	36	0.008850
53	37	0.010101
53	38	0.013158
53	46	0.014706
53	48	0.014706
53	50	0.016129
53	56	0.013158
53	57	0.017857
53	59	0.021739
53	67	0.019231
53	74	0.027778
53	79	0.030303
53	81	0.015385
53	82	0.027027
53	86	0.033333
53	88	0.016393
53	90	0.027778
53	91	0.021739
53	113	0.024390
53	114	0.024390
53	117	0.028571
53	123	0.033333
53	144	0.040000
53	147	0.031250
53	151	0.038462
53	168	0.028571
53	190	0.041667
53	191	0.038462
53	192	0.027027
53	194	0.041667
53	199	0.045455
53	205	0.045455
53	207	0.037037
53	215	0.030303
53	222	0.041667
53	233	0.050000
53	238	0.038462
53	251	0.052632
53	256	0.045455
53	261	0.055556
53	270	0.041667
53	278	0.050000
53	286	0.050000
53	297	0.058824
53	301	0.047619
53	302	0.058824
53	319	0.047619
53	325	0.043478
53	326	0.055556
53	337	0.052632
53	341	0.055556
53	363	0.050000
53	399	0.058824
53	409	0.058824
53	434	0.058824
53	443	0.058824
54	0	0.006579
54	6	0.016393
54	8	0.021739
54	16	0.041667
54	19	0.008065
54	20	0.007634
54	22	0.007576
54	24	0.007937
54	27	0.008696
54	28	0.009804
54	29	0.008621
54	30	0.009434
54	35	0.011628
54	40	0.014925
54	42	0.013889
54	44	0.025000
54	46	0.014706
54	72	0.024390
54	90	0.027778
54	93	0.031250
54	95	0.019231
54	96	0.021277
54	103	0.031250
54	108	0.022727
54	117	0.028571
54	120	0.035714
54	129	0.028571
54	134	0.029412
54	138	0.033333
54	151	0.038462
54	163	0.035714
54	173	0.035714
54	185	0.034483
54	191	0.038462
54	197	0.034483
54	199	0.045455
54	208	0.043478
54	222	0.041667
54	227	0.047619
54	234	0.050000
54	237	0.047619
54	241	0.045455
54	251	0.052632
54	273	0.052632
54	301	0.047619
54	309	0.045455
54	327	0.050000
54	329	0.052632
54	346	0.052632
54	348	0.052632
54	367	0.055556
54	373	0.047619
54	409	0.058824
54	416	0.055556
54	419	0.052632
54	426	0.055556
54	441	0.058824
55	0	0.006579
55	11	0.017241
55	18	0.007576
55	19	0.008065
55	20	0.007634
55	21	0.007299
55	23	0.008696
55	26	0.008929
55	27	0.008696
55	29	0.008621
55	30	0.009434
55	33	0.013333
55	35	0.011628
55	37	0.010101
55	38	0.013158
55	39	0.012658
55	48	0.014706
55	58	0.015385
55	64	0.019608
55	66	0.016949
55	67	0.019231
55	71	0.017857
55	81	0.015385
55	89	0.026316
55	90	0.027778
55	91	0.021739
55	95	0.019231
55	97	0.021277
55	98	0.028571
55	101	0.025641
55	103	0.031250
55	109	0.023256
55	111	0.027027
55	127	0.033333
55	132	0.031250
55	135	0.022727
55	147	0.031250
55	160	0.033333
55	163	0.035714
55	170	0.027027
55	172	0.043478
55	174	0.038462
55	190	0.041667
55	194	0.041667
55	198	0.033333
55	212	0.047619
55	214	0.040000
55	215	0.030303
55	230	0.041667
55	231	0.035714
55	234	0.050000
55	245	0.041667
55	250	0.045455
55	263	0.050000
55	264	0.041667
55	269	0.045455
55	285	0.047619
55	291	0.041667
55	294	0.052632
55	308	0.040000
55	313	0.047619
55	318	0.055556
55	323	0.050000
55	338	0.055556
55	339	0.052632
55	340	0.045455
55	348	0.052632
55	366	0.052632
55	377	0.052632
55	378	0.052632
55	385	0.058824
55	397	0.055556
55	407	0.055556
55	434	0.058824
56	0	0.006579
56	1	0.014925
56	3	0.014286
56	5	0.012048
56	13	0.018868
56	21	0.007299
56	24	0.007937
56	25	0.007874
56	26	0.008929
56	29	0.008621
56	33	0.013333
56	38	0.013158
56	40	0.014925
56	45	0.017241
56	51	0.017857
56	52	0.016949
56	53	0.014925
56	58	0.015385
56	60	0.018182
56	62	0.021739
56	68	0.025000
56	71	0.017857
56	76	0.015873
56	77	0.021739
56	82	0.027027
56	88	0.016393
56	97	0.021277
56	114	0.024390
56	117	0.028571
56	122	0.029412
56	124	0.038462
56	129	0.028571
56	130	0.033333
56	133	0.029412
56	135	0.022727
56	138	0.033333
56	140	0.032258
56	145	0.041667
56	146	0.023810
56	149	0.032258
56	155	0.029412
56	164	0.037037
56	166	0.035714
56	173	0.035714
56	182	0.031250
56	187	0.037037
56	189	0.038462
56	192	0.027027
56	198	0.033333
56	203	0.037037
56	208	0.043478
56	209	0.038462
56	220	0.047619
56	229	0.043478
56	235	0.050000
56	244	0.043478
56	245	0.041667
56	261	0.055556
56	263	0.050000
56	267	0.047619
56	281	0.047619
56	302	0.058824
56	316	0.041667
56	335	0.055556
56	352	0.052632
56	358	0.055556
56	359	0.058824
56	363	0.050000
56	374	0.052632
56	394	0.052632
56	395	0.058824
56	400	0.058824
56	402	0.058824
56	413	0.052632
56	423	0.058824
56	435	0.055556
57	0	0.006579
57	4	0.017544
57	6	0.016393
57	8	0.021739
57	10	0.023256
57	12	0.017241
57	14	0.021277
57	17	0.021277
57	19	0.008065
57	22	0.007576
57	23	0.008696
57	25	0.007874
57	37	0.010101
57	40	0.014925
57	41	0.011494
57	51	0.017857
57	53	0.014925
57	58	0.015385
57	59	0.021739
57	60	0.018182
57	62	0.021739
57	64	0.019608
57	68	0.025000
57	73	0.018868
57	77	0.021739
57	78	0.023810
57	79	0.030303
57	85	0.021277
57	89	0.026316
57	117	0.028571
57	132	0.031250
57	155	0.029412
57	156	0.033333
57	169	0.038462
57	170	0.027027
57	175	0.034483
57	190	0.041667
57	196	0.034483
57	201	0.043478
57	205	0.045455
57	222	0.041667
57	228	0.033333
57	229	0.043478
57	254	0.041667
57	271	0.043478
57	273	0.052632
57	274	0.041667
57	282	0.047619
57	319	0.047619
57	342	0.041667
57	365	0.058824
57	382	0.058824
57	401	0.045455
57	402	0.058824
57	409	0.058824
57	429	0.058824
58	1	0.014925
58	11	0.017241
58	18	0.007576
58	20	0.007634
58	21	0.007299
58	23	0.008696
58	27	0.008696
58	28	0.009804
58	30	0.009434
58	33	0.013333
58	43	0.016129
58	46	0.014706
58	47	0.014925
58	52	0.016949
58	55	0.013514
58	56	0.013158
58	57	0.017857
58	61	0.022727
58	63	0.024390
58	73	0.018868
58	75	0.019231
58	77	0.021739
58	81	0.015385
58	84	0.022222
58	86	0.033333
58	87	0.019608
58	94	0.024390
58	102	0.029412
58	108	0.022727
58	112	0.030303
58	116	0.025000
58	117	0.028571
58	125	0.037037
58	127	0.033333
58	128	0.031250
58	129	0.028571
58	135	0.022727
58	138	0.033333
58	147	0.031250
58	150	0.032258
58	158	0.026316
58	168	0.028571
58	183	0.033333
58	230	0.041667
58	248	0.035714
58	251	0.052632
58	266	0.041667
58	270	0.041667
58	290	0.050000
58	292	0.035714
58	293	0.050000
58	296	0.055556
58	298	0.043478
58	307	0.040000
58	314	0.052632
58	323	0.050000
58	388	0.052632
58	398	0.055556
58	405	0.058824
58	408	0.052632
58	413	0.052632
58	420	0.058824
58	421	0.058824
58	422	0.058824
58	443	0.058824
59	0	0.006579
59	1	0.014925
59	2	0.022727
59	16	0.041667
59	19	0.008065
59	29	0.008621
59	31	0.011628
59	33	0.013333
59	37	0.010101
59	39	0.012658
59	41	0.011494
59	45	0.017241
59	47	0.014925
59	49	0.018868
59	51	0.017857
59	53	0.014925
59	57	0.017857
59	62	0.021739
59	85	0.021277
59	89	0.026316
59	99	0.025000
59	111	0.027027
59	113	0.024390
59	127	0.033333
59	131	0.026316
59	146	0.023810
59	172	0.043478
59	178	0.038462
59	180	0.037037
59	207	0.037037
59	216	0.038462
59	223	0.043478
59	238	0.038462
59	268	0.043478
59	284	0.047619
59	287	0.038462
59	309	0.045455
59	319	0.047619
59	322	0.047619
59	357	0.052632
59	360	0.058824
59	364	0.055556
59	397	0.055556
59	415	0.058824
59	423	0.058824
59	432	0.058824
60	0	0.006579
60	3	0.014286
60	10	0.023256
60	14	0.021277
60	22	0.007576
60	28	0.009804
60	29	0.008621
60	31	0.011628
60	32	0.012346
60	36	0.008850
60	37	0.010101
60	46	0.014706
60	47	0.014925
60	48	0.014706
60	51	0.017857
60	56	0.013158
60	57	0.017857
60	64	0.019608
60	68	0.025000
60	69	0.020408
60	81	0.015385
60	109	0.023256
60	111	0.027027
60	113	0.024390
60	122	0.029412
60	127	0.033333
60	133	0.029412
60	148	0.035714
60	151	0.038462
60	155	0.029412
60	163	0.035714
60	178	0.038462
60	218	0.037037
60	222	0.041667
60	230	0.041667
60	262	0.045455
60	265	0.043478
60	266	0.041667
60	286	0.050000
60	291	0.041667
60	292	0.035714
60	300	0.045455
60	303	0.058824
60	318	0.055556
60	327	0.050000
60	352	0.052632
60	368	0.058824
60	373	0.047619
60	376	0.058824
60	381	0.058824
60	382	0.058824
60	383	0.058824
60	386	0.058824
60	412	0.058824
60	418	0.055556
61	5	0.012048
61	19	0.008065
61	21	0.007299
61	24	0.007937
61	25	0.007874
61	30	0.009434
61	31	0.011628
61	34	0.015152
61	35	0.011628
61	38	0.013158
61	39	0.012658
61	41	0.011494
61	44	0.025000
61	46	0.014706
61	47	0.014925
61	48	0.014706
61	58	0.015385
61	65	0.020408
61	66	0.016949
61	74	0.027778
61	77	0.021739
61	84	0.022222
61	86	0.033333
61	88	0.016393
61	98	0.028571
61	117	0.028571
61	120	0.035714
61	128	0.031250
61	131	0.026316
61	134	0.029412
61	162	0.028571
61	177	0.040000
61	190	0.041667
61	215	0.030303
61	228	0.033333
61	230	0.041667
61	238	0.038462
61	258	0.041667
61	272	0.041667
61	279	0.050000
61	337	0.052632
61	341	0.055556
61	342	0.041667
61	373	0.047619
62	0	0.006579
62	1	0.014925
62	5	0.012048
62	17	0.021277
62	20	0.007634
62	21	0.007299
62	24	0.007937
62	25	0.007874
62	26	0.008929
62	29	0.008621
62	37	0.010101
62	47	0.014925
62	48	0.014706
62	51	0.017857
62	56	0.013158
62	57	0.017857
62	59	0.021739
62	65	0.020408
62	67	0.019231
62	68	0.025000
62	69	0.020408
62	85	0.021277
62	86	0.033333
62	95	0.019231
62	98	0.028571
62	103	0.031250
62	115	0.024390
62	118	0.032258
62	133	0.029412
62	155	0.029412
62	159	0.043478
62	163	0.035714
62	166	0.035714
62	193	0.045455
62	203	0.037037
62	220	0.047619
62	244	0.043478
62	250	0.045455
62	275	0.040000
62	305	0.050000
62	312	0.052632
62	354	0.055556
62	390	0.052632
62	391	0.055556
62	398	0.055556
62	418	0.055556
63	4	0.017544
63	5	0.012048
63	12	0.017241
63	19	0.008065
63	21	0.007299
63	22	0.007576
63	24	0.007937
63	26	0.008929
63	27	0.008696
63	29	0.008621
63	31	0.011628
63	32	0.012346
63	33	0.013333
63	37	0.010101
63	41	0.011494
63	52	0.016949
63	58	0.015385
63	65	0.020408
63	69	0.020408
63	70	0.022222
63	82	0.027027
63	102	0.029412
63	107	0.027027
63	111	0.027027
63	144	0.040000
63	153	0.034483
63	172	0.043478
63	174	0.038462
63	187	0.037037
63	190	0.041667
63	253	0.041667
63	293	0.050000
63	313	0.047619
63	319	0.047619
63	326	0.055556
63	328	0.052632
63	331	0.050000
63	335	0.055556
63	339	0.052632
63	409	0.058824
63	437	0.058824
64	0	0.006579
64	3	0.014286
64	16	0.041667
64	20	0.007634
64	21	0.007299
64	23	0.008696
64	25	0.007874
64	28	0.009804
64	31	0.011628
64	34	0.015152
64	46	0.014706
64	47	0.014925
64	48	0.014706
64	51	0.017857
64	55	0.013514
64	57	0.017857
64	60	0.018182
64	65	0.020408
64	67	0.019231
64	69	0.020408
64	70	0.022222
64	77	0.021739
64	103	0.031250
64	106	0.027778
64	108	0.022727
64	112	0.030303
64	117	0.028571
64	123	0.033333
64	137	0.028571
64	146	0.023810
64	152	0.032258
64	154	0.035714
64	164	0.037037
64	186	0.041667
64	191	0.038462
64	192	0.027027
64	194	0.041667
64	217	0.037037
64	221	0.043478
64	242	0.052632
64	272	0.041667
64	285	0.047619
64	302	0.058824
64	309	0.045455
64	343	0.045455
64	357	0.052632
64	359	0.058824
64	387	0.058824
64	401	0.045455
64	404	0.055556
64	411	0.055556
65	2	0.022727
65	3	0.014286
65	6	0.016393
65	13	0.018868
65	18	0.007576
65	20	0.007634
65	21	0.007299
65	22	0.007576
65	28	0.009804
65	31	0.011628
65	32	0.012346
65	36	0.008850
65	38	0.013158
65	61	0.022727
65	62	0.021739
65	63	0.024390
65	64	0.019608
65	76	0.015873
65	80	0.022222
65	81	0.015385
65	87	0.019608
65	89	0.026316
65	96	0.021277
65	98	0.028571
65	108	0.022727
65	116	0.025000
65	167	0.037037
65	176	0.034483
65	178	0.038462
65	185	0.034483
65	187	0.037037
65	202	0.038462
65	207	0.037037
65	213	0.037037
65	232	0.037037
65	241	0.045455
65	252	0.050000
65	253	0.041667
65	267	0.047619
65	268	0.043478
65	299	0.047619
65	307	0.040000
65	311	0.047619
65	313	0.047619
65	389	0.058824
65	390	0.052632
65	391	0.055556
65	394	0.052632
65	400	0.058824
66	0	0.006579
66	6	0.016393
66	7	0.026316
66	12	0.017241
66	15	0.020408
66	21	0.007299
66	22	0.007576
66	23	0.008696
66	24	0.007937
66	25	0.007874
66	33	0.013333
66	37	0.010101
66	46	0.014706
66	48	0.014706
66	52	0.016949
66	55	0.013514
66	61	0.022727
66	67	0.019231
66	68	0.025000
66	75	0.019231
66	77	0.021739
66	82	0.027027
66	86	0.033333
66	101	0.025641
66	104	0.025641
66	108	0.022727
66	122	0.029412
66	125	0.037037
66	131	0.026316
66	174	0.038462
66	182	0.031250
66	187	0.037037
66	189	0.038462
66	199	0.045455
66	201	0.043478
66	212	0.047619
66	215	0.030303
66	226	0.047619
66	227	0.047619
66	230	0.041667
66	234	0.050000
66	238	0.038462
66	246	0.040000
66	248	0.035714
66	286	0.050000
66	301	0.047619
66	307	0.040000
66	311	0.047619
66	318	0.055556
66	335	0.055556
66	336	0.052632
66	338	0.055556
66	350	0.055556
66	357	0.052632
66	378	0.052632
66	383	0.058824
66	389	0.058824
66	399	0.058824
66	402	0.058824
67	12	0.017241
67	19	0.008065
67	29	0.008621
67	30	0.009434
67	34	0.015152
67	37	0.010101
67	38	0.013158
67	39	0.012658
67	41	0.011494
67	43	0.016129
67	46	0.014706
67	48	0.014706
67	53	0.014925
67	55	0.013514
67	62	0.021739
67	64	0.019608
67	66	0.016949
67	68	0.025000
67	74	0.027778
67	75	0.019231
67	76	0.015873
67	80	0.022222
67	86	0.033333
67	87	0.019608
67	89	0.026316
67	99	0.025000
67	106	0.027778
67	112	0.030303
67	118	0.032258
67	133	0.029412
67	138	0.033333
67	159	0.043478
67	160	0.033333
67	164	0.037037
67	170	0.027027
67	171	0.038462
67	178	0.038462
67	213	0.037037
67	232	0.037037
67	249	0.033333
67	256	0.045455
67	274	0.041667
67	275	0.040000
67	310	0.047619
67	342	0.041667
67	361	0.058824
67	363	0.050000
67	376	0.058824
67	377	0.052632
67	408	0.052632
67	429	0.058824
67	439	0.058824
68	3	0.014286
68	8	0.021739
68	20	0.007634
68	25	0.007874
68	27	0.008696
68	28	0.009804
68	35	0.011628
68	36	0.008850
68	37	0.010101
68	41	0.011494
68	48	0.014706
68	56	0.013158
68	57	0.017857
68	60	0.018182
68	62	0.021739
68	66	0.016949
68	67	0.019231
68	71	0.017857
68	74	0.027778
68	94	0.024390
68	96	0.021277
68	120	0.035714
68	122	0.029412
68	125	0.037037
68	135	0.022727
68	149	0.032258
68	159	0.043478
68	167	0.037037
68	231	0.035714
68	241	0.045455
68	269	0.045455
68	291	0.041667
68	307	0.040000
68	370	0.055556
68	374	0.052632
68	382	0.058824
68	410	0.052632
68	428	0.058824
68	431	0.058824
68	437	0.058824
69	0	0.006579
69	10	0.023256
69	18	0.007576
69	21	0.007299
69	23	0.008696
69	24	0.007937
69	25	0.007874
69	26	0.008929
69	28	0.009804
69	33	0.013333
69	34	0.015152
69	36	0.008850
69	51	0.017857
69	60	0.018182
69	62	0.021739
69	63	0.024390
69	64	0.019608
69	73	0.018868
69	75	0.019231
69	115	0.024390
69	128	0.031250
69	135	0.022727
69	138	0.033333
69	148	0.035714
69	169	0.038462
69	177	0.040000
69	207	0.037037
69	225	0.047619
69	226	0.047619
69	236	0.041667
69	239	0.041667
69	243	0.038462
69	249	0.033333
69	260	0.040000
69	268	0.043478
69	270	0.041667
69	274	0.041667
69	275	0.040000
69	289	0.043478
69	290	0.050000
69	292	0.035714
69	293	0.050000
69	309	0.045455
69	334	0.050000
69	337	0.052632
69	377	0.052632
69	389	0.058824
69	410	0.052632
69	419	0.052632
70	1	0.014925
70	2	0.022727
70	5	0.012048
70	14	0.021277
70	17	0.021277
70	18	0.007576
70	20	0.007634
70	21	0.007299
70	22	0.007576
70	24	0.007937
70	25	0.007874
70	28	0.009804
70	36	0.008850
70	42	0.013889
70	46	0.014706
70	63	0.024390
70	64	0.019608
70	79	0.030303
70	95	0.019231
70	97	0.021277
70	99	0.025000
70	106	0.027778
70	122	0.029412
70	128	0.031250
70	145	0.041667
70	146	0.023810
70	147	0.031250
70	153	0.034483
70	157	0.034483
70	159	0.043478
70	201	0.043478
70	203	0.037037
70	231	0.035714
70	275	0.040000
70	276	0.038462
70	281	0.047619
70	295	0.055556
70	310	0.047619
70	332	0.043478
70	333	0.045455
70	343	0.045455
70	344	0.050000
70	384	0.047619
70	399	0.058824
70	413	0.052632
71	0	0.006579
71	1	0.014925
71	15	0.020408
71	19	0.008065
71	21	0.007299
71	23	0.008696
71	26	0.008929
71	33	0.013333
71	36	0.008850
71	45	0.017241
71	47	0.014925
71	48	0.014706
71	51	0.017857
71	52	0.016949
71	55	0.013514
71	56	0.013158
71	68	0.025000
71	82	0.027027
71	84	0.022222
71	86	0.033333
71	90	0.027778
71	100	0.028571
71	106	0.027778
71	110	0.030303
71	113	0.024390
71	116	0.025000
71	120	0.035714
71	123	0.033333
71	126	0.032258
71	142	0.031250
71	143	0.038462
71	148	0.035714
71	170	0.027027
71	174	0.038462
71	186	0.041667
71	199	0.045455
71	202	0.038462
71	240	0.041667
71	254	0.041667
71	270	0.041667
71	271	0.043478
71	276	0.038462
71	283	0.043478
71	314	0.052632
71	317	0.045455
71	321	0.050000
71	328	0.052632
71	339	0.052632
71	346	0.052632
71	373	0.047619
71	375	0.058824
71	400	0.058824
71	420	0.058824
71	424	0.058824
71	427	0.058824
71	431	0.058824
72	0	0.006579
72	4	0.017544
72	7	0.026316
72	10	0.023256
72	12	0.017241
72	16	0.041667
72	18	0.007576
72	19	0.008065
72	21	0.007299
72	24	0.007937
72	26	0.008929
72	28	0.009804
72	29	0.008621
72	31	0.011628
72	36	0.008850
72	42	0.013889
72	54	0.017544
72	76	0.015873
72	77	0.021739
72	94	0.024390
72	99	0.025000
72	106	0.027778
72	109	0.023256
72	111	0.027027
72	126	0.032258
72	127	0.033333
72	139	0.027778
72	145	0.041667
72	147	0.031250
72	224	0.045455
72	238	0.038462
72	248	0.035714
72	256	0.045455
72	273	0.052632
72	278	0.050000
72	294	0.052632
72	300	0.045455
72	301	0.047619
72	322	0.047619
72	357	0.052632
72	372	0.047619
73	1	0.014925
73	7	0.026316
73	18	0.007576
73	19	0.008065
73	20	0.007634
73	21	0.007299
73	23	0.008696
73	26	0.008929
73	29	0.008621
73	32	0.012346
73	35	0.011628
73	39	0.012658
73	47	0.014925
73	48	0.014706
73	57	0.017857
73	58	0.015385
73	69	0.020408
73	75	0.019231
73	84	0.022222
73	88	0.016393
73	92	0.034483
73	100	0.028571
73	116	0.025000
73	123	0.033333
73	133	0.029412
73	135	0.022727
73	138	0.033333
73	141	0.040000
73	144	0.040000
73	145	0.041667
73	148	0.035714
73	162	0.028571
73	167	0.037037
73	184	0.035714
73	188	0.055556
73	190	0.041667
73	198	0.033333
73	203	0.037037
73	219	0.034483
73	235	0.050000
73	242	0.052632
73	260	0.040000
73	301	0.047619
73	333	0.045455
73	338	0.055556
73	360	0.058824
73	363	0.050000
73	364	0.055556
73	374	0.052632
73	409	0.058824
73	424	0.058824
73	428	0.058824
73	439	0.058824
74	0	0.006579
74	7	0.026316
74	11	0.017241
74	19	0.008065
74	22	0.007576
74	25	0.007874
74	27	0.008696
74	37	0.010101
74	40	0.014925
74	45	0.017241
74	48	0.014706
74	51	0.017857
74	52	0.016949
74	53	0.014925
74	61	0.022727
74	67	0.019231
74	68	0.025000
74	75	0.019231
74	81	0.015385
74	88	0.016393
74	90	0.027778
74	107	0.027027
74	176	0.034483
74	222	0.041667
74	251	0.052632
74	252	0.050000
74	265	0.043478
74	290	0.050000
74	306	0.045455
74	320	0.055556
74	323	0.050000
74	353	0.055556
74	358	0.055556
74	379	0.058824
74	384	0.047619
74	426	0.055556
75	10	0.023256
75	11	0.017241
75	13	0.018868
75	20	0.007634
75	22	0.007576
75	27	0.008696
75	34	0.015152
75	39	0.012658
75	46	0.014706
75	48	0.014706
75	49	0.018868
75	58	0.015385
75	66	0.016949
75	67	0.019231
75	69	0.020408
75	73	0.018868
75	74	0.027778
75	78	0.023810
75	80	0.022222
75	85	0.021277
75	89	0.026316
75	93	0.031250
75	98	0.028571
75	114	0.024390
75	118	0.032258
75	119	0.030303
75	124	0.038462
75	134	0.029412
75	135	0.022727
75	147	0.031250
75	170	0.027027
75	183	0.033333
75	185	0.034483
75	199	0.045455
75	204	0.037037
75	228	0.033333
75	247	0.043478
75	265	0.043478
75	266	0.041667
75	285	0.047619
75	304	0.043478
75	316	0.041667
75	318	0.055556
75	323	0.050000
75	326	0.055556
75	359	0.058824
75	360	0.058824
75	363	0.050000
75	369	0.050000
75	380	0.052632
75	387	0.058824
75	425	0.058824
76	15	0.020408
76	16	0.041667
76	21	0.007299
76	22	0.007576
76	25	0.007874
76	29	0.008621
76	30	0.009434
76	32	0.012346
76	34	0.015152
76	36	0.008850
76	41	0.011494
76	43	0.016129
76	49	0.018868
76	56	0.013158
76	65	0.020408
76	67	0.019231
76	72	0.024390
76	92	0.034483
76	97	0.021277
76	108	0.022727
76	109	0.023256
76	110	0.030303
76	123	0.033333
76	129	0.028571
76	132	0.031250
76	145	0.041667
76	147	0.031250
76	148	0.035714
76	151	0.038462
76	153	0.034483
76	160	0.033333
76	182	0.031250
76	186	0.041667
76	195	0.041667
76	211	0.043478
76	215	0.030303
76	221	0.043478
76	227	0.047619
76	229	0.043478
76	233	0.050000
76	246	0.040000
76	254	0.041667
76	283	0.043478
76	284	0.047619
76	288	0.052632
76	308	0.040000
76	313	0.047619
76	320	0.055556
76	340	0.045455
76	341	0.055556
76	343	0.045455
76	356	0.050000
76	368	0.058824
76	373	0.047619
76	375	0.058824
76	378	0.052632
76	387	0.058824
76	393	0.055556
76	395	0.058824
76	398	0.055556
76	407	0.055556
76	428	0.058824
76	438	0.058824
77	3	0.014286
77	13	0.018868
77	14	0.021277
77	18	0.007576
77	21	0.007299
77	25	0.007874
77	27	0.008696
77	29	0.008621
77	47	0.014925
77	50	0.016129
77	56	0.013158
77	57	0.017857
77	58	0.015385
77	61	0.022727
77	64	0.019608
77	66	0.016949
77	72	0.024390
77	80	0.022222
77	89	0.026316
77	125	0.037037
77	127	0.033333
77	129	0.028571
77	130	0.033333
77	142	0.031250
77	146	0.023810
77	157	0.034483
77	219	0.034483
77	222	0.041667
77	263	0.050000
77	268	0.043478
77	273	0.052632
77	279	0.050000
77	305	0.050000
77	306	0.045455
77	330	0.058824
77	336	0.052632
77	338	0.055556
77	347	0.058824
77	355	0.050000
77	364	0.055556
77	373	0.047619
77	381	0.058824
77	388	0.052632
77	396	0.055556
77	434	0.058824
77	437	0.058824
78	5	0.012048
78	8	0.021739
78	11	0.017241
78	14	0.021277
78	21	0.007299
78	22	0.007576
78	24	0.007937
78	25	0.007874
78	26	0.008929
78	27	0.008696
78	30	0.009434
78	42	0.013889
78	44	0.025000
78	48	0.014706
78	51	0.017857
78	57	0.017857
78	75	0.019231
78	85	0.021277
78	94	0.024390
78	101	0.025641
78	112	0.030303
78	130	0.033333
78	143	0.038462
78	144	0.040000
78	152	0.032258
78	155	0.029412
78	169	0.038462
78	180	0.037037
78	181	0.037037
78	202	0.038462
78	216	0.038462
78	266	0.041667
78	267	0.047619
78	281	0.047619
78	289	0.043478
78	325	0.043478
78	335	0.055556
78	361	0.058824
78	391	0.055556
78	409	0.058824
78	414	0.058824
78	438	0.058824
79	0	0.006579
79	2	0.022727
79	7	0.026316
79	12	0.017241
79	20	0.007634
79	22	0.007576
79	25	0.007874
79	28	0.009804
79	30	0.009434
79	32	0.012346
79	35	0.011628
79	36	0.008850
79	39	0.012658
79	49	0.018868
79	53	0.014925
79	57	0.017857
79	70	0.022222
79	88	0.016393
79	92	0.034483
79	109	0.023256
79	127	0.033333
79	137	0.028571
79	181	0.037037
79	185	0.034483
79	212	0.047619
79	236	0.041667
79	242	0.052632
79	250	0.045455
79	258	0.041667
79	268	0.043478
79	347	0.058824
79	357	0.052632
79	388	0.052632
80	0	0.006579
80	5	0.012048
80	15	0.020408
80	21	0.007299
80	24	0.007937
80	25	0.007874
80	27	0.008696
80	28	0.009804
80	35	0.011628
80	36	0.008850
80	37	0.010101
80	42	0.013889
80	50	0.016129
80	65	0.020408
80	67	0.019231
80	75	0.019231
80	77	0.021739
80	81	0.015385
80	86	0.033333
80	90	0.027778
80	98	0.028571
80	100	0.028571
80	110	0.030303
80	116	0.025000
80	139	0.027778
80	141	0.040000
80	149	0.032258
80	155	0.029412
80	179	0.045455
80	183	0.033333
80	186	0.041667
80	203	0.037037
80	223	0.043478
80	236	0.041667
80	240	0.041667
80	243	0.038462
80	253	0.041667
80	260	0.040000
80	279	0.050000
80	299	0.047619
80	311	0.047619
80	312	0.052632
80	338	0.055556
80	386	0.058824
80	418	0.055556
81	3	0.014286
81	18	0.007576
81	21	0.007299
81	24	0.007937
81	25	0.007874
81	28	0.009804
81	30	0.009434
81	33	0.013333
81	43	0.016129
81	49	0.018868
81	53	0.014925
81	55	0.013514
81	58	0.015385
81	60	0.018182
81	65	0.020408
81	74	0.027778
81	80	0.022222
81	83	0.022727
81	94	0.024390
81	100	0.028571
81	101	0.025641
81	132	0.031250
81	142	0.031250
81	153	0.034483
81	163	0.035714
81	166	0.035714
81	175	0.034483
81	176	0.034483
81	178	0.038462
81	193	0.045455
81	204	0.037037
81	211	0.043478
81	214	0.040000
81	232	0.037037
81	235	0.050000
81	236	0.041667
81	250	0.045455
81	251	0.052632
81	254	0.041667
81	259	0.050000
81	274	0.041667
81	277	0.052632
81	282	0.047619
81	305	0.050000
81	308	0.040000
81	309	0.045455
81	311	0.047619
81	312	0.052632
81	317	0.045455
81	324	0.047619
81	329	0.052632
81	330	0.058824
81	336	0.052632
81	353	0.055556
81	369	0.050000
81	370	0.055556
81	375	0.058824
81	378	0.052632
81	379	0.058824
81	404	0.055556
81	405	0.058824
81	413	0.052632
81	422	0.058824
81	432	0.058824
81	439	0.058824
82	5	0.012048
82	6	0.016393
82	13	0.018868
82	20	0.007634
82	23	0.008696
82	24	0.007937
82	27	0.008696
82	28	0.009804
82	31	0.011628
82	36	0.008850
82	37	0.010101
82	49	0.018868
82	53	0.014925
82	56	0.013158
82	63	0.024390
82	66	0.016949
82	71	0.017857
82	83	0.022727
82	84	0.022222
82	94	0.024390
82	98	0.028571
82	114	0.024390
82	144	0.040000
82	158	0.026316
82	173	0.035714
82	175	0.034483
82	181	0.037037
82	231	0.035714
82	245	0.041667
82	278	0.050000
82	289	0.043478
82	297	0.058824
82	315	0.050000
82	372	0.047619
82	376	0.058824
82	419	0.052632
82	427	0.058824
83	5	0.012048
83	11	0.017241
83	13	0.018868
83	18	0.007576
83	22	0.007576
83	25	0.007874
83	27	0.008696
83	29	0.008621
83	30	0.009434
83	31	0.011628
83	33	0.013333
83	36	0.008850
83	41	0.011494
83	42	0.013889
83	47	0.014925
83	81	0.015385
83	82	0.027027
83	93	0.031250
83	111	0.027027
83	118	0.032258
83	119	0.030303
83	139	0.027778
83	141	0.040000
83	146	0.023810
83	160	0.033333
83	163	0.035714
83	184	0.035714
83	187	0.037037
83	194	0.041667
83	196	0.034483
83	204	0.037037
83	215	0.030303
83	271	0.043478
83	274	0.041667
83	276	0.038462
83	287	0.038462
83	290	0.050000
83	294	0.052632
83	324	0.047619
83	339	0.052632
83	341	0.055556
83	344	0.050000
83	347	0.058824
83	351	0.058824
84	3	0.014286
84	4	0.017544
84	6	0.016393
84	10	0.023256
84	19	0.008065
84	20	0.007634
84	22	0.007576
84	26	0.008929
84	30	0.009434
84	35	0.011628
84	37	0.010101
84	50	0.016129
84	58	0.015385
84	61	0.022727
84	71	0.017857
84	73	0.018868
84	82	0.027027
84	91	0.021739
84	96	0.021277
84	116	0.025000
84	126	0.032258
84	127	0.033333
84	130	0.033333
84	137	0.028571
84	149	0.032258
84	151	0.038462
84	156	0.033333
84	185	0.034483
84	204	0.037037
84	214	0.040000
84	217	0.037037
84	227	0.047619
84	238	0.038462
84	255	0.041667
84	262	0.045455
84	283	0.043478
84	286	0.050000
84	296	0.055556
84	298	0.043478
84	347	0.058824
84	352	0.052632
84	386	0.058824
84	392	0.058824
84	405	0.058824
84	427	0.058824
85	1	0.014925
85	5	0.012048
85	8	0.021739
85	13	0.018868
85	19	0.008065
85	20	0.007634
85	21	0.007299
85	23	0.008696
85	27	0.008696
85	29	0.008621
85	47	0.014925
85	49	0.018868
85	57	0.017857
85	59	0.021739
85	62	0.021739
85	75	0.019231
85	78	0.023810
85	89	0.026316
85	91	0.021739
85	93	0.031250
85	102	0.029412
85	109	0.023256
85	115	0.024390
85	123	0.033333
85	131	0.026316
85	138	0.033333
85	141	0.040000
85	151	0.038462
85	216	0.038462
85	219	0.034483
85	223	0.043478
85	236	0.041667
85	245	0.041667
85	252	0.050000
85	273	0.052632
85	274	0.041667
85	305	0.050000
85	325	0.043478
85	332	0.043478
85	334	0.050000
85	343	0.045455
85	344	0.050000
85	350	0.055556
85	363	0.050000
85	393	0.055556
85	409	0.058824
85	424	0.058824
86	3	0.014286
86	5	0.012048
86	11	0.017241
86	12	0.017241
86	16	0.041667
86	20	0.007634
86	25	0.007874
86	29	0.008621
86	50	0.016129
86	53	0.014925
86	58	0.015385
86	61	0.022727
86	62	0.021739
86	66	0.016949
86	67	0.019231
86	71	0.017857
86	80	0.022222
86	95	0.019231
86	138	0.033333
86	146	0.023810
86	212	0.047619
86	239	0.041667
86	249	0.033333
86	323	0.050000
86	327	0.050000
86	328	0.052632
86	336	0.052632
86	368	0.058824
86	433	0.055556
86	442	0.058824
87	0	0.006579
87	3	0.014286
87	7	0.026316
87	8	0.021739
87	12	0.017241
87	18	0.007576
87	23	0.008696
87	27	0.008696
87	31	0.011628
87	35	0.011628
87	36	0.008850
87	41	0.011494
87	43	0.016129
87	49	0.018868
87	58	0.015385
87	65	0.020408
87	67	0.019231
87	100	0.028571
87	115	0.024390
87	131	0.026316
87	133	0.029412
87	136	0.034483
87	138	0.033333
87	141	0.040000
87	143	0.038462
87	152	0.032258
87	155	0.029412
87	156	0.033333
87	162	0.028571
87	182	0.031250
87	189	0.038462
87	197	0.034483
87	209	0.038462
87	226	0.047619
87	227	0.047619
87	229	0.043478
87	234	0.050000
87	249	0.033333
87	253	0.041667
87	277	0.052632
87	278	0.050000
87	325	0.043478
87	333	0.045455
87	350	0.055556
87	357	0.052632
87	365	0.058824
87	384	0.047619
87	387	0.058824
87	428	0.058824
87	433	0.055556
87	438	0.058824
88	0	0.006579
88	7	0.026316
88	18	0.007576
88	20	0.007634
88	21	0.007299
88	23	0.008696
88	26	0.008929
88	27	0.008696
88	39	0.012658
88	46	0.014706
88	52	0.016949
88	53	0.014925
88	56	0.013158
88	61	0.022727
88	73	0.018868
88	74	0.027778
88	79	0.030303
88	89	0.026316
88	91	0.021739
88	96	0.021277
88	99	0.025000
88	104	0.025641
88	106	0.027778
88	108	0.022727
88	118	0.032258
88	124	0.038462
88	125	0.037037
88	126	0.032258
88	128	0.031250
88	129	0.028571
88	135	0.022727
88	143	0.038462
88	145	0.041667
88	149	0.032258
88	157	0.034483
88	189	0.038462
88	194	0.041667
88	201	0.043478
88	205	0.045455
88	214	0.040000
88	218	0.037037
88	227	0.047619
88	232	0.037037
88	240	0.041667
88	246	0.040000
88	259	0.050000
88	268	0.043478
88	282	0.047619
88	316	0.041667
88	330	0.058824
88	341	0.055556
88	344	0.050000
88	346	0.052632
88	363	0.050000
88	367	0.055556
88	371	0.050000
88	395	0.058824
88	400	0.058824
88	406	0.058824
88	424	0.058824
88	432	0.058824
89	0	0.006579
89	11	0.017241
89	18	0.007576
89	20	0.007634
89	28	0.009804
89	30	0.009434
89	36	0.008850
89	46	0.014706
89	55	0.013514
89	57	0.017857
89	59	0.021739
89	65	0.020408
89	67	0.019231
89	75	0.019231
89	77	0.021739
89	85	0.021277
89	88	0.016393
89	97	0.021277
89	100	0.028571
89	101	0.025641
89	115	0.024390
89	126	0.032258
89	127	0.033333
89	135	0.022727
89	147	0.031250
89	166	0.035714
89	169	0.038462
89	172	0.043478
89	238	0.038462
89	241	0.045455
89	250	0.045455
89	296	0.055556
89	300	0.045455
89	364	0.055556
89	379	0.058824
89	402	0.058824
89	411	0.055556
89	434	0.058824
90	8	0.021739
90	10	0.023256
90	22	0.007576
90	25	0.007874
90	29	0.008621
90	30	0.009434
90	33	0.013333
90	40	0.014925
90	46	0.014706
90	48	0.014706
90	50	0.016129
90	53	0.014925
90	54	0.017544
90	55	0.013514
90	71	0.017857
90	74	0.027778
90	80	0.022222
90	92	0.034483
90	95	0.019231
90	100	0.028571
90	101	0.025641
90	102	0.029412
90	123	0.033333
90	143	0.038462
90	171	0.038462
90	229	0.043478
90	272	0.041667
90	310	0.047619
90	317	0.045455
90	340	0.045455
90	356	0.050000
90	358	0.055556
90	377	0.052632
90	379	0.058824
90	385	0.058824
90	389	0.058824
91	0	0.006579
91	1	0.014925
91	2	0.022727
91	14	0.021277
91	19	0.008065
91	22	0.007576
91	29	0.008621
91	32	0.012346
91	35	0.011628
91	41	0.011494
91	42	0.013889
91	43	0.016129
91	53	0.014925
91	55	0.013514
91	84	0.022222
91	85	0.021277
91	88	0.016393
91	94	0.024390
91	120	0.035714
91	122	0.029412
91	125	0.037037
91	131	0.026316
91	137	0.028571
91	160	0.033333
91	166	0.035714
91	189	0.038462
91	193	0.045455
91	195	0.041667
91	198	0.033333
91	215	0.030303
91	229	0.043478
91	234	0.050000
91	235	0.050000
91	253	0.041667
91	270	0.041667
91	317	0.045455
91	326	0.055556
91	335	0.055556
91	362	0.050000
91	382	0.058824
91	393	0.055556
91	419	0.052632
91	429	0.058824
91	439	0.058824
91	441	0.058824
91	442	0.058824
92	5	0.012048
92	11	0.017241
92	20	0.007634
92	21	0.007299
92	28	0.009804
92	29	0.008621
92	31	0.011628
92	32	0.012346
92	34	0.015152
92	36	0.008850
92	40	0.014925
92	41	0.011494
92	50	0.016129
92	73	0.018868
92	76	0.015873
92	79	0.030303
92	90	0.027778
92	95	0.019231
92	110	0.030303
92	169	0.038462
92	234	0.050000
92	248	0.035714
92	258	0.041667
92	285	0.047619
92	305	0.050000
92	363	0.050000
92	389	0.058824
92	390	0.052632
92	438	0.058824
93	11	0.017241
93	21	0.007299
93	25	0.007874
93	26	0.008929
93	28	0.009804
93	30	0.009434
93	36	0.008850
93	37	0.010101
93	41	0.011494
93	43	0.016129
93	45	0.017241
93	46	0.014706
93	48	0.014706
93	54	0.017544
93	75	0.019231
93	83	0.022727
93	85	0.021277
93	102	0.029412
93	103	0.031250
93	112	0.030303
93	120	0.035714
93	127	0.033333
93	159	0.043478
93	226	0.047619
93	260	0.040000
93	286	0.050000
93	325	0.043478
93	331	0.050000
93	371	0.050000
93	417	0.055556
93	424	0.058824
93	436	0.058824
94	1	0.014925
94	6	0.016393
94	19	0.008065
94	20	0.007634
94	29	0.008621
94	30	0.009434
94	40	0.014925
94	45	0.017241
94	46	0.014706
94	48	0.014706
94	58	0.015385
94	68	0.025000
94	72	0.024390
94	78	0.023810
94	81	0.015385
94	82	0.027027
94	91	0.021739
94	121	0.022222
94	129	0.028571
94	134	0.029412
94	139	0.027778
94	150	0.032258
94	176	0.034483
94	197	0.034483
94	198	0.033333
94	225	0.047619
94	244	0.043478
94	246	0.040000
94	258	0.041667
94	271	0.043478
94	277	0.052632
94	296	0.055556
94	297	0.058824
94	321	0.050000
94	322	0.047619
94	324	0.047619
94	328	0.052632
94	350	0.055556
94	358	0.055556
94	379	0.058824
94	394	0.052632
95	3	0.014286
95	19	0.008065
95	20	0.007634
95	24	0.007937
95	25	0.007874
95	42	0.013889
95	43	0.016129
95	45	0.017241
95	49	0.018868
95	52	0.016949
95	54	0.017544
95	55	0.013514
95	62	0.021739
95	70	0.022222
95	86	0.033333
95	90	0.027778
95	92	0.034483
95	98	0.028571
95	100	0.028571
95	101	0.025641
95	105	0.025641
95	111	0.027027
95	118	0.032258
95	122	0.029412
95	123	0.033333
95	138	0.033333
95	141	0.040000
95	144	0.040000
95	149	0.032258
95	169	0.038462
95	171	0.038462
95	178	0.038462
95	200	0.035714
95	202	0.038462
95	207	0.037037
95	209	0.038462
95	222	0.041667
95	225	0.047619
95	226	0.047619
95	229	0.043478
95	230	0.041667
95	246	0.040000
95	257	0.045455
95	276	0.038462
95	282	0.047619
95	303	0.058824
95	333	0.045455
95	334	0.050000
95	342	0.041667
95	347	0.058824
95	366	0.052632
95	436	0.058824
96	0	0.006579
96	3	0.014286
96	15	0.020408
96	18	0.007576
96	20	0.007634
96	21	0.007299
96	22	0.007576
96	26	0.008929
96	36	0.008850
96	37	0.010101
96	38	0.013158
96	49	0.018868
96	54	0.017544
96	65	0.020408
96	68	0.025000
96	84	0.022222
96	88	0.016393
96	105	0.025641
96	107	0.027027
96	131	0.026316
96	136	0.034483
96	156	0.033333
96	158	0.026316
96	163	0.035714
96	166	0.035714
96	180	0.037037
96	198	0.033333
96	209	0.038462
96	213	0.037037
96	245	0.041667
96	269	0.045455
96	283	0.043478
96	286	0.050000
96	306	0.045455
96	310	0.047619
96	331	0.050000
96	354	0.055556
96	364	0.055556
96	381	0.058824
96	394	0.052632
96	398	0.055556
96	414	0.058824
96	424	0.058824
96	425	0.058824
96	432	0.058824
96	435	0.055556
96	442	0.058824
97	1	0.014925
97	6	0.016393
97	7	0.026316
97	12	0.017241
97	19	0.008065
97	20	0.007634
97	22	0.007576
97	30	0.009434
97	34	0.015152
97	37	0.010101
97	41	0.011494
97	42	0.013889
97	55	0.013514
97	56	0.013158
97	70	0.022222
97	76	0.015873
97	89	0.026316
97	99	0.025000
97	108	0.022727
97	121	0.022222
97	123	0.033333
97	131	0.026316
97	134	0.029412
97	136	0.034483
97	139	0.027778
97	154	0.035714
97	161	0.041667
97	167	0.037037
97	170	0.027027
97	238	0.038462
97	258	0.041667
97	259	0.050000
97	262	0.045455
97	265	0.043478
97	268	0.043478
97	275	0.040000
97	285	0.047619
97	305	0.050000
97	327	0.050000
97	335	0.055556
97	341	0.055556
97	356	0.050000
97	376	0.058824
97	416	0.055556
97	427	0.058824
97	432	0.058824
97	435	0.055556
98	19	0.008065
98	21	0.007299
98	23	0.008696
98	24	0.007937
98	31	0.011628
98	36	0.008850
98	38	0.013158
98	42	0.013889
98	44	0.025000
98	55	0.013514
98	61	0.022727
98	62	0.021739
98	65	0.020408
98	75	0.019231
98	80	0.022222
98	82	0.027027
98	95	0.019231
98	100	0.028571
98	108	0.022727
98	116	0.025000
98	121	0.022222
98	122	0.029412
98	130	0.033333
98	147	0.031250
98	152	0.032258
98	162	0.028571
98	174	0.038462
98	180	0.037037
98	190	0.041667
98	222	0.041667
98	256	0.045455
98	284	0.047619
98	368	0.058824
98	429	0.058824
98	430	0.058824
99	6	0.016393
99	9	0.066667
99	21	0.007299
99	23	0.008696
99	29	0.008621
99	30	0.009434
99	34	0.015152
99	35	0.011628
99	37	0.010101
99	45	0.017241
99	49	0.018868
99	59	0.021739
99	67	0.019231
99	70	0.022222
99	72	0.024390
99	88	0.016393
99	97	0.021277
99	116	0.025000
99	137	0.028571
99	146	0.023810
99	156	0.033333
99	170	0.027027
99	171	0.038462
99	182	0.031250
99	189	0.038462
99	194	0.041667
99	235	0.050000
99	240	0.041667
99	246	0.040000
99	254	0.041667
99	259	0.050000
99	267	0.047619
99	290	0.050000
99	332	0.043478
99	369	0.050000
99	371	0.050000
99	380	0.052632
99	418	0.055556
99	430	0.058824
99	432	0.058824
100	0	0.006579
100	2	0.022727
100	6	0.016393
100	33	0.013333
100	40	0.014925
100	42	0.013889
100	50	0.016129
100	51	0.017857
100	71	0.017857
100	73	0.018868
100	80	0.022222
100	81	0.015385
100	87	0.019608
100	89	0.026316
100	90	0.027778
100	95	0.019231
100	98	0.028571
100	105	0.025641
100	106	0.027778
100	111	0.027027
100	114	0.024390
100	128	0.031250
100	146	0.023810
100	158	0.026316
100	195	0.041667
100	214	0.040000
100	234	0.050000
100	237	0.047619
100	290	0.050000
100	297	0.058824
100	326	0.055556
100	343	0.045455
100	345	0.055556
100	358	0.055556
100	377	0.052632
101	13	0.018868
101	18	0.007576
101	20	0.007634
101	24	0.007937
101	27	0.008696
101	30	0.009434
101	32	0.012346
101	37	0.010101
101	42	0.013889
101	50	0.016129
101	55	0.013514
101	66	0.016949
101	78	0.023810
101	81	0.015385
101	89	0.026316
101	90	0.027778
101	95	0.019231
101	127	0.033333
101	128	0.031250
101	147	0.031250
101	148	0.035714
101	152	0.032258
101	155	0.029412
101	171	0.038462
101	176	0.034483
101	180	0.037037
101	198	0.033333
101	200	0.035714
101	208	0.043478
101	247	0.043478
101	262	0.045455
101	269	0.045455
101	304	0.043478
101	326	0.055556
101	369	0.050000
101	378	0.052632
101	379	0.058824
101	400	0.058824
101	413	0.052632
102	8	0.021739
102	15	0.020408
102	18	0.007576
102	19	0.008065
102	22	0.007576
102	26	0.008929
102	29	0.008621
102	36	0.008850
102	39	0.012658
102	40	0.014925
102	48	0.014706
102	52	0.016949
102	58	0.015385
102	63	0.024390
102	85	0.021277
102	90	0.027778
102	93	0.031250
102	114	0.024390
102	124	0.038462
102	144	0.040000
102	157	0.034483
102	166	0.035714
102	181	0.037037
102	187	0.037037
102	193	0.045455
102	248	0.035714
102	277	0.052632
102	287	0.038462
102	296	0.055556
102	354	0.055556
102	386	0.058824
102	394	0.052632
102	407	0.055556
102	440	0.058824
103	2	0.022727
103	5	0.012048
103	20	0.007634
103	24	0.007937
103	25	0.007874
103	27	0.008696
103	30	0.009434
103	31	0.011628
103	42	0.013889
103	44	0.025000
103	49	0.018868
103	51	0.017857
103	54	0.017544
103	55	0.013514
103	62	0.021739
103	64	0.019608
103	93	0.031250
103	134	0.029412
103	142	0.031250
103	177	0.040000
103	178	0.038462
103	190	0.041667
103	221	0.043478
103	229	0.043478
103	254	0.041667
103	261	0.055556
103	272	0.041667
103	299	0.047619
103	304	0.043478
103	338	0.055556
103	340	0.045455
103	414	0.058824
104	1	0.014925
104	3	0.014286
104	14	0.021277
104	17	0.021277
104	19	0.008065
104	22	0.007576
104	27	0.008696
104	29	0.008621
104	32	0.012346
104	33	0.013333
104	40	0.014925
104	41	0.011494
104	42	0.013889
104	47	0.014925
104	49	0.018868
104	66	0.016949
104	88	0.016393
104	126	0.032258
104	130	0.033333
104	142	0.031250
104	177	0.040000
104	194	0.041667
104	195	0.041667
104	210	0.043478
104	212	0.047619
104	258	0.041667
104	265	0.043478
104	294	0.052632
104	330	0.058824
104	334	0.050000
104	337	0.052632
104	359	0.058824
104	365	0.058824
104	369	0.050000
104	374	0.052632
104	377	0.052632
104	388	0.052632
104	401	0.045455
104	414	0.058824
105	6	0.016393
105	8	0.021739
105	9	0.066667
105	11	0.017241
105	14	0.021277
105	19	0.008065
105	20	0.007634
105	21	0.007299
105	24	0.007937
105	34	0.015152
105	37	0.010101
105	43	0.016129
105	48	0.014706
105	51	0.017857
105	95	0.019231
105	96	0.021277
105	100	0.028571
105	117	0.028571
105	138	0.033333
105	139	0.027778
105	142	0.031250
105	148	0.035714
105	149	0.032258
105	150	0.032258
105	161	0.041667
105	163	0.035714
105	169	0.038462
105	174	0.038462
105	177	0.040000
105	210	0.043478
105	226	0.047619
105	288	0.052632
105	296	0.055556
105	302	0.058824
105	353	0.055556
105	373	0.047619
105	379	0.058824
105	425	0.058824
105	441	0.058824
106	0	0.006579
106	4	0.017544
106	18	0.007576
106	24	0.007937
106	29	0.008621
106	31	0.011628
106	32	0.012346
106	39	0.012658
106	42	0.013889
106	43	0.016129
106	64	0.019608
106	67	0.019231
106	70	0.022222
106	71	0.017857
106	72	0.024390
106	88	0.016393
106	100	0.028571
106	141	0.040000
106	157	0.034483
106	189	0.038462
106	200	0.035714
106	235	0.050000
106	240	0.041667
106	264	0.041667
106	268	0.043478
106	316	0.041667
106	317	0.045455
106	370	0.055556
106	383	0.058824
106	384	0.047619
106	395	0.058824
106	397	0.055556
106	409	0.058824
106	430	0.058824
106	435	0.055556
106	443	0.058824
107	13	0.018868
107	17	0.021277
107	18	0.007576
107	21	0.007299
107	22	0.007576
107	25	0.007874
107	27	0.008696
107	29	0.008621
107	35	0.011628
107	37	0.010101
107	39	0.012658
107	40	0.014925
107	45	0.017241
107	50	0.016129
107	63	0.024390
107	74	0.027778
107	96	0.021277
107	132	0.031250
107	140	0.032258
107	142	0.031250
107	153	0.034483
107	158	0.026316
107	162	0.028571
107	169	0.038462
107	172	0.043478
107	202	0.038462
107	213	0.037037
107	269	0.045455
107	283	0.043478
107	290	0.050000
107	294	0.052632
107	300	0.045455
107	355	0.050000
107	361	0.058824
107	382	0.058824
107	410	0.052632
107	426	0.055556
108	4	0.017544
108	14	0.021277
108	18	0.007576
108	19	0.008065
108	25	0.007874
108	28	0.009804
108	30	0.009434
108	37	0.010101
108	54	0.017544
108	58	0.015385
108	64	0.019608
108	65	0.020408
108	66	0.016949
108	76	0.015873
108	88	0.016393
108	97	0.021277
108	98	0.028571
108	109	0.023256
108	113	0.024390
108	142	0.031250
108	150	0.032258
108	158	0.026316
108	159	0.043478
108	167	0.037037
108	169	0.038462
108	180	0.037037
108	192	0.027027
108	194	0.041667
108	200	0.035714
108	208	0.043478
108	210	0.043478
108	212	0.047619
108	216	0.038462
108	239	0.041667
108	259	0.050000
108	267	0.047619
108	304	0.043478
108	316	0.041667
108	329	0.052632
108	344	0.050000
108	398	0.055556
108	403	0.058824
108	427	0.058824
108	432	0.058824
109	7	0.026316
109	11	0.017241
109	13	0.018868
109	15	0.020408
109	18	0.007576
109	19	0.008065
109	21	0.007299
109	36	0.008850
109	39	0.012658
109	41	0.011494
109	55	0.013514
109	60	0.018182
109	72	0.024390
109	76	0.015873
109	79	0.030303
109	85	0.021277
109	108	0.022727
109	128	0.031250
109	131	0.026316
109	141	0.040000
109	142	0.031250
109	143	0.038462
109	149	0.032258
109	159	0.043478
109	161	0.041667
109	185	0.034483
109	188	0.055556
109	201	0.043478
109	204	0.037037
109	246	0.040000
109	250	0.045455
109	255	0.041667
109	265	0.043478
109	279	0.050000
109	321	0.050000
109	331	0.050000
109	334	0.050000
109	348	0.052632
109	356	0.050000
109	361	0.058824
109	378	0.052632
109	418	0.055556
109	421	0.058824
110	5	0.012048
110	13	0.018868
110	20	0.007634
110	22	0.007576
110	26	0.008929
110	30	0.009434
110	33	0.013333
110	37	0.010101
110	39	0.012658
110	41	0.011494
110	42	0.013889
110	49	0.018868
110	52	0.016949
110	71	0.017857
110	76	0.015873
110	80	0.022222
110	92	0.034483
110	117	0.028571
110	120	0.035714
110	121	0.022222
110	225	0.047619
110	241	0.045455
110	291	0.041667
110	314	0.052632
110	329	0.052632
110	339	0.052632
110	348	0.052632
110	355	0.050000
110	356	0.050000
110	362	0.050000
110	375	0.058824
110	418	0.055556
110	426	0.055556
111	3	0.014286
111	15	0.020408
111	27	0.008696
111	34	0.015152
111	36	0.008850
111	41	0.011494
111	46	0.014706
111	49	0.018868
111	50	0.016129
111	55	0.013514
111	59	0.021739
111	60	0.018182
111	63	0.024390
111	72	0.024390
111	83	0.022727
111	95	0.019231
111	100	0.028571
111	112	0.030303
111	121	0.022222
111	126	0.032258
111	143	0.038462
111	155	0.029412
111	168	0.028571
111	191	0.038462
111	233	0.050000
111	247	0.043478
111	260	0.040000
111	269	0.045455
111	277	0.052632
111	281	0.047619
111	349	0.058824
111	354	0.055556
111	370	0.055556
111	373	0.047619
111	381	0.058824
111	392	0.058824
111	426	0.055556
112	6	0.016393
112	17	0.021277
112	18	0.007576
112	24	0.007937
112	26	0.008929
112	30	0.009434
112	35	0.011628
112	36	0.008850
112	41	0.011494
112	46	0.014706
112	51	0.017857
112	58	0.015385
112	64	0.019608
112	67	0.019231
112	78	0.023810
112	93	0.031250
112	111	0.027027
112	121	0.022222
112	137	0.028571
112	153	0.034483
112	155	0.029412
112	157	0.034483
112	162	0.028571
112	188	0.055556
112	192	0.027027
112	226	0.047619
112	233	0.050000
112	234	0.050000
112	250	0.045455
112	303	0.058824
112	322	0.047619
112	381	0.058824
112	408	0.052632
113	0	0.006579
113	8	0.021739
113	13	0.018868
113	18	0.007576
113	24	0.007937
113	28	0.009804
113	36	0.008850
113	37	0.010101
113	39	0.012658
113	48	0.014706
113	50	0.016129
113	52	0.016949
113	53	0.014925
113	59	0.021739
113	60	0.018182
113	71	0.017857
113	108	0.022727
113	118	0.032258
113	134	0.029412
113	135	0.022727
113	142	0.031250
113	146	0.023810
113	155	0.029412
113	169	0.038462
113	209	0.038462
113	214	0.040000
113	216	0.038462
113	218	0.037037
113	223	0.043478
113	227	0.047619
113	256	0.045455
113	270	0.041667
113	275	0.040000
113	283	0.043478
113	288	0.052632
113	301	0.047619
113	308	0.040000
113	342	0.041667
113	424	0.058824
113	430	0.058824
113	443	0.058824
114	0	0.006579
114	1	0.014925
114	5	0.012048
114	14	0.021277
114	22	0.007576
114	23	0.008696
114	27	0.008696
114	32	0.012346
114	34	0.015152
114	40	0.014925
114	43	0.016129
114	53	0.014925
114	56	0.013158
114	75	0.019231
114	82	0.027027
114	100	0.028571
114	102	0.029412
114	121	0.022222
114	132	0.031250
114	136	0.034483
114	138	0.033333
114	140	0.032258
114	156	0.033333
114	163	0.035714
114	164	0.037037
114	166	0.035714
114	168	0.028571
114	179	0.045455
114	180	0.037037
114	190	0.041667
114	205	0.045455
114	223	0.043478
114	227	0.047619
114	242	0.052632
114	243	0.038462
114	254	0.041667
114	277	0.052632
114	332	0.043478
114	345	0.055556
114	347	0.058824
114	349	0.058824
115	11	0.017241
115	18	0.007576
115	20	0.007634
115	21	0.007299
115	22	0.007576
115	23	0.008696
115	26	0.008929
115	27	0.008696
115	28	0.009804
115	29	0.008621
115	39	0.012658
115	49	0.018868
115	62	0.021739
115	69	0.020408
115	85	0.021277
115	87	0.019608
115	89	0.026316
115	119	0.030303
115	145	0.041667
115	147	0.031250
115	164	0.037037
115	183	0.033333
115	184	0.035714
115	188	0.055556
115	199	0.045455
115	200	0.035714
115	211	0.043478
115	236	0.041667
115	253	0.041667
115	280	0.058824
115	292	0.035714
115	358	0.055556
115	368	0.058824
115	370	0.055556
115	371	0.050000
115	387	0.058824
115	391	0.055556
115	396	0.055556
115	401	0.045455
115	430	0.058824
115	431	0.058824
116	4	0.017544
116	19	0.008065
116	22	0.007576
116	25	0.007874
116	28	0.009804
116	32	0.012346
116	37	0.010101
116	40	0.014925
116	50	0.016129
116	58	0.015385
116	65	0.020408
116	71	0.017857
116	73	0.018868
116	80	0.022222
116	84	0.022222
116	98	0.028571
116	99	0.025000
116	119	0.030303
116	127	0.033333
116	129	0.028571
116	140	0.032258
116	160	0.033333
116	167	0.037037
116	174	0.038462
116	177	0.040000
116	192	0.027027
116	203	0.037037
116	204	0.037037
116	235	0.050000
116	257	0.045455
116	262	0.045455
116	280	0.058824
116	289	0.043478
116	314	0.052632
116	319	0.047619
116	335	0.055556
116	372	0.047619
116	382	0.058824
116	421	0.058824
116	441	0.058824
117	12	0.017241
117	19	0.008065
117	21	0.007299
117	26	0.008929
117	27	0.008696
117	35	0.011628
117	46	0.014706
117	48	0.014706
117	53	0.014925
117	54	0.017544
117	56	0.013158
117	57	0.017857
117	58	0.015385
117	61	0.022727
117	64	0.019608
117	105	0.025641
117	110	0.030303
117	130	0.033333
117	132	0.031250
117	138	0.033333
117	151	0.038462
117	168	0.028571
117	172	0.043478
117	192	0.027027
117	196	0.034483
117	206	0.045455
117	217	0.037037
117	226	0.047619
117	244	0.043478
117	290	0.050000
117	291	0.041667
117	336	0.052632
117	383	0.058824
117	404	0.055556
117	423	0.058824
118	0	0.006579
118	6	0.016393
118	19	0.008065
118	23	0.008696
118	25	0.007874
118	26	0.008929
118	27	0.008696
118	29	0.008621
118	31	0.011628
118	33	0.013333
118	62	0.021739
118	67	0.019231
118	75	0.019231
118	83	0.022727
118	88	0.016393
118	95	0.019231
118	113	0.024390
118	120	0.035714
118	123	0.033333
118	132	0.031250
118	136	0.034483
118	199	0.045455
118	212	0.047619
118	248	0.035714
118	253	0.041667
118	255	0.041667
118	302	0.058824
118	353	0.055556
118	371	0.050000
118	384	0.047619
118	404	0.055556
119	0	0.006579
119	4	0.017544
119	5	0.012048
119	11	0.017241
119	23	0.008696
119	24	0.007937
119	25	0.007874
119	28	0.009804
119	32	0.012346
119	34	0.015152
119	37	0.010101
119	41	0.011494
119	42	0.013889
119	75	0.019231
119	83	0.022727
119	115	0.024390
119	116	0.025000
119	123	0.033333
119	161	0.041667
119	168	0.028571
119	171	0.038462
119	177	0.040000
119	213	0.037037
119	215	0.030303
119	240	0.041667
119	252	0.050000
119	259	0.050000
119	273	0.052632
119	288	0.052632
119	326	0.055556
119	378	0.052632
119	380	0.052632
119	401	0.045455
120	3	0.014286
120	4	0.017544
120	20	0.007634
120	22	0.007576
120	31	0.011628
120	38	0.013158
120	39	0.012658
120	50	0.016129
120	51	0.017857
120	54	0.017544
120	61	0.022727
120	68	0.025000
120	71	0.017857
120	91	0.021739
120	93	0.031250
120	110	0.030303
120	118	0.032258
120	153	0.034483
120	157	0.034483
120	164	0.037037
120	181	0.037037
120	186	0.041667
120	224	0.045455
120	268	0.043478
120	292	0.035714
120	317	0.045455
120	326	0.055556
120	337	0.052632
121	13	0.018868
121	14	0.021277
121	21	0.007299
121	24	0.007937
121	25	0.007874
121	35	0.011628
121	42	0.013889
121	43	0.016129
121	46	0.014706
121	50	0.016129
121	94	0.024390
121	97	0.021277
121	98	0.028571
121	110	0.030303
121	111	0.027027
121	112	0.030303
121	114	0.024390
121	122	0.029412
121	125	0.037037
121	136	0.034483
121	143	0.038462
121	146	0.023810
121	149	0.032258
121	155	0.029412
121	164	0.037037
121	186	0.041667
121	191	0.038462
121	206	0.045455
121	219	0.034483
121	225	0.047619
121	235	0.050000
121	243	0.038462
121	244	0.043478
121	247	0.043478
121	254	0.041667
121	307	0.040000
121	342	0.041667
121	377	0.052632
121	381	0.058824
121	385	0.058824
121	395	0.058824
121	396	0.055556
121	403	0.058824
121	410	0.052632
121	429	0.058824
122	0	0.006579
122	21	0.007299
122	22	0.007576
122	23	0.008696
122	37	0.010101
122	39	0.012658
122	40	0.014925
122	42	0.013889
122	56	0.013158
122	60	0.018182
122	66	0.016949
122	68	0.025000
122	70	0.022222
122	91	0.021739
122	95	0.019231
122	98	0.028571
122	121	0.022222
122	165	0.037037
122	181	0.037037
122	219	0.034483
122	224	0.045455
122	229	0.043478
122	254	0.041667
122	286	0.050000
122	288	0.052632
122	301	0.047619
122	302	0.058824
122	311	0.047619
122	359	0.058824
122	372	0.047619
122	389	0.058824
122	412	0.058824
122	417	0.055556
122	422	0.058824
123	5	0.012048
123	11	0.017241
123	18	0.007576
123	22	0.007576
123	30	0.009434
123	37	0.010101
123	53	0.014925
123	64	0.019608
123	71	0.017857
123	73	0.018868
123	76	0.015873
123	85	0.021277
123	90	0.027778
123	95	0.019231
123	97	0.021277
123	118	0.032258
123	119	0.030303
123	144	0.040000
123	152	0.032258
123	165	0.037037
123	166	0.035714
123	187	0.037037
123	188	0.055556
123	247	0.043478
123	257	0.045455
123	281	0.047619
123	295	0.055556
123	323	0.050000
123	342	0.041667
123	434	0.058824
124	0	0.006579
124	7	0.026316
124	8	0.021739
124	13	0.018868
124	21	0.007299
124	26	0.008929
124	27	0.008696
124	29	0.008621
124	31	0.011628
124	33	0.013333
124	35	0.011628
124	38	0.013158
124	39	0.012658
124	56	0.013158
124	75	0.019231
124	88	0.016393
124	102	0.029412
124	182	0.031250
124	211	0.043478
124	214	0.040000
124	216	0.038462
124	264	0.041667
124	274	0.041667
124	339	0.052632
124	429	0.058824
124	435	0.055556
125	3	0.014286
125	4	0.017544
125	6	0.016393
125	13	0.018868
125	23	0.008696
125	25	0.007874
125	26	0.008929
125	29	0.008621
125	36	0.008850
125	37	0.010101
125	58	0.015385
125	66	0.016949
125	68	0.025000
125	77	0.021739
125	88	0.016393
125	91	0.021739
125	121	0.022222
125	149	0.032258
125	175	0.034483
125	179	0.045455
125	185	0.034483
125	200	0.035714
125	224	0.045455
125	277	0.052632
125	346	0.052632
125	353	0.055556
125	366	0.052632
126	1	0.014925
126	3	0.014286
126	19	0.008065
126	22	0.007576
126	23	0.008696
126	33	0.013333
126	42	0.013889
126	45	0.017241
126	49	0.018868
126	52	0.016949
126	71	0.017857
126	72	0.024390
126	84	0.022222
126	88	0.016393
126	89	0.026316
126	104	0.025641
126	111	0.027027
126	130	0.033333
126	152	0.032258
126	218	0.037037
126	224	0.045455
126	228	0.033333
126	278	0.050000
126	318	0.055556
126	326	0.055556
126	336	0.052632
126	341	0.055556
126	362	0.050000
126	384	0.047619
126	404	0.055556
126	424	0.058824
127	0	0.006579
127	26	0.008929
127	28	0.009804
127	39	0.012658
127	43	0.016129
127	55	0.013514
127	58	0.015385
127	59	0.021739
127	60	0.018182
127	72	0.024390
127	77	0.021739
127	79	0.030303
127	84	0.022222
127	89	0.026316
127	93	0.031250
127	101	0.025641
127	116	0.025000
127	144	0.040000
127	167	0.037037
127	170	0.027027
127	196	0.034483
127	205	0.045455
127	208	0.043478
127	229	0.043478
127	259	0.050000
127	266	0.041667
127	270	0.041667
127	299	0.047619
127	369	0.050000
127	372	0.047619
128	9	0.066667
128	12	0.017241
128	18	0.007576
128	23	0.008696
128	27	0.008696
128	36	0.008850
128	38	0.013158
128	45	0.017241
128	47	0.014925
128	58	0.015385
128	61	0.022727
128	69	0.020408
128	70	0.022222
128	88	0.016393
128	100	0.028571
128	101	0.025641
128	109	0.023256
128	177	0.040000
128	192	0.027027
128	204	0.037037
128	212	0.047619
128	213	0.037037
128	242	0.052632
128	265	0.043478
128	287	0.038462
128	296	0.055556
128	302	0.058824
128	330	0.058824
128	353	0.055556
128	394	0.052632
128	406	0.058824
128	424	0.058824
129	0	0.006579
129	3	0.014286
129	14	0.021277
129	23	0.008696
129	26	0.008929
129	27	0.008696
129	30	0.009434
129	37	0.010101
129	38	0.013158
129	54	0.017544
129	56	0.013158
129	58	0.015385
129	76	0.015873
129	77	0.021739
129	88	0.016393
129	94	0.024390
129	116	0.025000
129	161	0.041667
129	168	0.028571
129	186	0.041667
129	198	0.033333
129	201	0.043478
129	202	0.038462
129	223	0.043478
129	233	0.050000
129	260	0.040000
129	266	0.041667
129	294	0.052632
129	310	0.047619
129	344	0.050000
129	359	0.058824
129	367	0.055556
129	376	0.058824
129	401	0.045455
129	404	0.055556
130	5	0.012048
130	10	0.023256
130	15	0.020408
130	24	0.007937
130	29	0.008621
130	31	0.011628
130	36	0.008850
130	46	0.014706
130	52	0.016949
130	56	0.013158
130	77	0.021739
130	78	0.023810
130	84	0.022222
130	98	0.028571
130	104	0.025641
130	117	0.028571
130	126	0.032258
130	148	0.035714
130	152	0.032258
130	177	0.040000
130	201	0.043478
130	228	0.033333
130	274	0.041667
130	284	0.047619
130	302	0.058824
130	334	0.050000
130	341	0.055556
130	429	0.058824
130	437	0.058824
130	438	0.058824
131	5	0.012048
131	10	0.023256
131	21	0.007299
131	23	0.008696
131	28	0.009804
131	39	0.012658
131	45	0.017241
131	52	0.016949
131	59	0.021739
131	61	0.022727
131	66	0.016949
131	85	0.021277
131	87	0.019608
131	91	0.021739
131	96	0.021277
131	97	0.021277
131	109	0.023256
131	141	0.040000
131	164	0.037037
131	182	0.031250
131	187	0.037037
131	208	0.043478
131	238	0.038462
131	249	0.033333
131	251	0.052632
131	256	0.045455
131	297	0.058824
131	316	0.041667
131	317	0.045455
131	320	0.055556
131	331	0.050000
131	343	0.045455
131	348	0.052632
131	358	0.055556
131	362	0.050000
131	370	0.055556
131	384	0.047619
131	422	0.058824
132	1	0.014925
132	18	0.007576
132	19	0.008065
132	21	0.007299
132	27	0.008696
132	34	0.015152
132	39	0.012658
132	42	0.013889
132	49	0.018868
132	55	0.013514
132	57	0.017857
132	76	0.015873
132	81	0.015385
132	107	0.027027
132	114	0.024390
132	117	0.028571
132	118	0.032258
132	172	0.043478
132	175	0.034483
132	186	0.041667
132	193	0.045455
132	195	0.041667
132	209	0.038462
132	242	0.052632
132	277	0.052632
132	291	0.041667
132	340	0.045455
132	394	0.052632
132	418	0.055556
132	425	0.058824
132	434	0.058824
132	436	0.058824
133	17	0.021277
133	22	0.007576
133	25	0.007874
133	26	0.008929
133	27	0.008696
133	29	0.008621
133	35	0.011628
133	36	0.008850
133	38	0.013158
133	42	0.013889
133	46	0.014706
133	56	0.013158
133	60	0.018182
133	62	0.021739
133	67	0.019231
133	73	0.018868
133	87	0.019608
133	161	0.041667
133	163	0.035714
133	176	0.034483
133	180	0.037037
133	193	0.045455
133	199	0.045455
133	233	0.050000
133	251	0.052632
133	254	0.041667
133	262	0.045455
133	297	0.058824
133	312	0.052632
133	317	0.045455
133	327	0.050000
133	374	0.052632
133	380	0.052632
133	417	0.055556
134	0	0.006579
134	15	0.020408
134	18	0.007576
134	19	0.008065
134	20	0.007634
134	21	0.007299
134	24	0.007937
134	31	0.011628
134	37	0.010101
134	39	0.012658
134	54	0.017544
134	61	0.022727
134	75	0.019231
134	94	0.024390
134	97	0.021277
134	103	0.031250
134	113	0.024390
134	135	0.022727
134	169	0.038462
134	197	0.034483
134	222	0.041667
134	227	0.047619
134	258	0.041667
134	282	0.047619
134	284	0.047619
134	316	0.041667
134	321	0.050000
134	322	0.047619
134	332	0.043478
134	347	0.058824
134	352	0.052632
134	358	0.055556
134	394	0.052632
134	406	0.058824
135	0	0.006579
135	1	0.014925
135	11	0.017241
135	20	0.007634
135	35	0.011628
135	44	0.025000
135	55	0.013514
135	56	0.013158
135	58	0.015385
135	68	0.025000
135	69	0.020408
135	73	0.018868
135	75	0.019231
135	88	0.016393
135	89	0.026316
135	113	0.024390
135	134	0.029412
135	154	0.035714
135	155	0.029412
135	176	0.034483
135	179	0.045455
135	184	0.035714
135	193	0.045455
135	194	0.041667
135	195	0.041667
135	236	0.041667
135	238	0.038462
135	240	0.041667
135	257	0.045455
135	258	0.041667
135	263	0.050000
135	273	0.052632
135	283	0.043478
135	285	0.047619
135	307	0.040000
135	317	0.045455
135	323	0.050000
135	336	0.052632
135	349	0.058824
135	350	0.055556
135	390	0.052632
135	431	0.058824
135	432	0.058824
135	440	0.058824
136	1	0.014925
136	17	0.021277
136	21	0.007299
136	26	0.008929
136	28	0.009804
136	29	0.008621
136	32	0.012346
136	33	0.013333
136	36	0.008850
136	39	0.012658
136	41	0.011494
136	87	0.019608
136	96	0.021277
136	97	0.021277
136	114	0.024390
136	118	0.032258
136	121	0.022222
136	171	0.038462
136	173	0.035714
136	188	0.055556
136	216	0.038462
136	218	0.037037
136	238	0.038462
136	243	0.038462
136	302	0.058824
136	408	0.052632
136	414	0.058824
136	422	0.058824
136	438	0.058824
137	0	0.006579
137	2	0.022727
137	10	0.023256
137	20	0.007634
137	24	0.007937
137	26	0.008929
137	35	0.011628
137	40	0.014925
137	41	0.011494
137	44	0.025000
137	45	0.017241
137	64	0.019608
137	79	0.030303
137	84	0.022222
137	91	0.021739
137	99	0.025000
137	112	0.030303
137	151	0.038462
137	172	0.043478
137	189	0.038462
137	205	0.045455
137	209	0.038462
137	231	0.035714
137	237	0.047619
137	268	0.043478
137	279	0.050000
137	280	0.058824
137	315	0.050000
137	355	0.050000
137	357	0.052632
137	364	0.055556
137	388	0.052632
137	401	0.045455
137	405	0.058824
137	421	0.058824
138	12	0.017241
138	19	0.008065
138	32	0.012346
138	44	0.025000
138	54	0.017544
138	56	0.013158
138	58	0.015385
138	67	0.019231
138	69	0.020408
138	73	0.018868
138	85	0.021277
138	86	0.033333
138	87	0.019608
138	95	0.019231
138	105	0.025641
138	114	0.024390
138	117	0.028571
138	195	0.041667
138	206	0.045455
138	261	0.055556
138	270	0.041667
138	285	0.047619
138	299	0.047619
138	319	0.047619
138	335	0.055556
138	338	0.055556
138	374	0.052632
138	383	0.058824
138	388	0.052632
138	433	0.055556
139	1	0.014925
139	5	0.012048
139	8	0.021739
139	13	0.018868
139	20	0.007634
139	22	0.007576
139	26	0.008929
139	29	0.008621
139	39	0.012658
139	45	0.017241
139	46	0.014706
139	72	0.024390
139	80	0.022222
139	83	0.022727
139	94	0.024390
139	97	0.021277
139	105	0.025641
139	140	0.032258
139	146	0.023810
139	154	0.035714
139	165	0.037037
139	171	0.038462
139	179	0.045455
139	218	0.037037
139	223	0.043478
139	230	0.041667
139	239	0.041667
139	263	0.050000
139	279	0.050000
139	292	0.035714
139	312	0.052632
139	357	0.052632
139	384	0.047619
139	398	0.055556
139	403	0.058824
139	416	0.055556
140	10	0.023256
140	11	0.017241
140	21	0.007299
140	22	0.007576
140	26	0.008929
140	27	0.008696
140	35	0.011628
140	36	0.008850
140	38	0.013158
140	41	0.011494
140	45	0.017241
140	49	0.018868
140	56	0.013158
140	107	0.027027
140	114	0.024390
140	116	0.025000
140	139	0.027778
140	158	0.026316
140	173	0.035714
140	217	0.037037
140	223	0.043478
140	272	0.041667
140	273	0.052632
140	282	0.047619
140	284	0.047619
140	295	0.055556
140	302	0.058824
140	308	0.040000
140	395	0.058824
140	407	0.055556
140	411	0.055556
141	0	0.006579
141	3	0.014286
141	19	0.008065
141	23	0.008696
141	24	0.007937
141	25	0.007874
141	38	0.013158
141	40	0.014925
141	73	0.018868
141	80	0.022222
141	83	0.022727
141	85	0.021277
141	87	0.019608
141	95	0.019231
141	106	0.027778
141	109	0.023256
141	131	0.026316
141	204	0.037037
141	240	0.041667
141	245	0.041667
141	252	0.050000
141	260	0.040000
141	286	0.050000
141	344	0.050000
141	346	0.052632
142	2	0.022727
142	5	0.012048
142	11	0.017241
142	14	0.021277
142	15	0.020408
142	18	0.007576
142	23	0.008696
142	71	0.017857
142	77	0.021739
142	81	0.015385
142	103	0.031250
142	104	0.025641
142	105	0.025641
142	107	0.027027
142	108	0.022727
142	109	0.023256
142	113	0.024390
142	152	0.032258
142	170	0.027027
142	180	0.037037
142	221	0.043478
142	231	0.035714
142	258	0.041667
142	273	0.052632
142	276	0.038462
142	287	0.038462
142	289	0.043478
142	350	0.055556
142	383	0.058824
142	384	0.047619
142	412	0.058824
142	441	0.058824
143	7	0.026316
143	8	0.021739
143	18	0.007576
143	25	0.007874
143	29	0.008621
143	33	0.013333
143	36	0.008850
143	37	0.010101
143	40	0.014925
143	71	0.017857
143	78	0.023810
143	87	0.019608
143	88	0.016393
143	90	0.027778
143	109	0.023256
143	111	0.027027
143	121	0.022222
143	160	0.033333
143	183	0.033333
143	214	0.040000
143	229	0.043478
143	254	0.041667
143	264	0.041667
143	277	0.052632
143	340	0.045455
143	422	0.058824
144	10	0.023256
144	20	0.007634
144	24	0.007937
144	28	0.009804
144	36	0.008850
144	39	0.012658
144	40	0.014925
144	52	0.016949
144	53	0.014925
144	63	0.024390
144	73	0.018868
144	78	0.023810
144	82	0.027027
144	95	0.019231
144	102	0.029412
144	123	0.033333
144	127	0.033333
144	159	0.043478
144	183	0.033333
144	213	0.037037
144	216	0.038462
144	341	0.055556
144	351	0.058824
144	376	0.058824
144	407	0.055556
145	3	0.014286
145	17	0.021277
145	24	0.007937
145	25	0.007874
145	30	0.009434
145	38	0.013158
145	39	0.012658
145	42	0.013889
145	43	0.016129
145	51	0.017857
145	56	0.013158
145	70	0.022222
145	72	0.024390
145	73	0.018868
145	76	0.015873
145	88	0.016393
145	115	0.024390
145	206	0.045455
145	212	0.047619
145	275	0.040000
145	322	0.047619
145	338	0.055556
145	343	0.045455
145	354	0.055556
146	24	0.007937
146	28	0.009804
146	35	0.011628
146	41	0.011494
146	52	0.016949
146	56	0.013158
146	59	0.021739
146	64	0.019608
146	70	0.022222
146	77	0.021739
146	83	0.022727
146	86	0.033333
146	99	0.025000
146	100	0.028571
146	113	0.024390
146	121	0.022222
146	139	0.027778
146	162	0.028571
146	166	0.035714
146	181	0.037037
146	186	0.041667
146	190	0.041667
146	191	0.038462
146	200	0.035714
146	225	0.047619
146	228	0.033333
146	236	0.041667
146	249	0.033333
146	262	0.045455
146	301	0.047619
146	322	0.047619
146	323	0.050000
146	325	0.043478
146	362	0.050000
146	363	0.050000
146	367	0.055556
146	372	0.047619
146	379	0.058824
146	395	0.058824
146	400	0.058824
146	401	0.045455
146	409	0.058824
147	0	0.006579
147	4	0.017544
147	21	0.007299
147	27	0.008696
147	28	0.009804
147	50	0.016129
147	53	0.014925
147	55	0.013514
147	58	0.015385
147	70	0.022222
147	72	0.024390
147	75	0.019231
147	76	0.015873
147	89	0.026316
147	98	0.028571
147	101	0.025641
147	115	0.024390
147	208	0.043478
147	211	0.043478
147	216	0.038462
147	247	0.043478
147	257	0.045455
147	274	0.041667
147	275	0.040000
147	276	0.038462
147	289	0.043478
147	309	0.045455
147	316	0.041667
147	318	0.055556
147	361	0.058824
147	376	0.058824
147	393	0.055556
148	0	0.006579
148	2	0.022727
148	5	0.012048
148	18	0.007576
148	20	0.007634
148	23	0.008696
148	31	0.011628
148	34	0.015152
148	39	0.012658
148	60	0.018182
148	69	0.020408
148	71	0.017857
148	73	0.018868
148	76	0.015873
148	101	0.025641
148	105	0.025641
148	130	0.033333
148	154	0.035714
148	175	0.034483
148	219	0.034483
148	228	0.033333
148	231	0.035714
148	250	0.045455
148	272	0.041667
148	307	0.040000
148	345	0.055556
148	348	0.052632
148	426	0.055556
149	1	0.014925
149	10	0.023256
149	14	0.021277
149	17	0.021277
149	23	0.008696
149	35	0.011628
149	40	0.014925
149	56	0.013158
149	68	0.025000
149	80	0.022222
149	84	0.022222
149	88	0.016393
149	95	0.019231
149	105	0.025641
149	109	0.023256
149	121	0.022222
149	125	0.037037
149	153	0.034483
149	162	0.028571
149	209	0.038462
149	213	0.037037
149	217	0.037037
149	271	0.043478
149	307	0.040000
149	330	0.058824
149	345	0.055556
149	353	0.055556
149	361	0.058824
149	369	0.050000
149	385	0.058824
149	393	0.055556
150	0	0.006579
150	6	0.016393
150	12	0.017241
150	15	0.020408
150	23	0.008696
150	24	0.007937
150	25	0.007874
150	26	0.008929
150	27	0.008696
150	28	0.009804
150	31	0.011628
150	40	0.014925
150	51	0.017857
150	58	0.015385
150	94	0.024390
150	105	0.025641
150	108	0.022727
150	151	0.038462
150	154	0.035714
150	157	0.034483
150	200	0.035714
150	206	0.045455
150	236	0.041667
150	247	0.043478
150	260	0.040000
150	285	0.047619
150	306	0.045455
150	319	0.047619
150	365	0.058824
150	374	0.052632
150	418	0.055556
151	0	0.006579
151	1	0.014925
151	3	0.014286
151	22	0.007576
151	36	0.008850
151	37	0.010101
151	41	0.011494
151	44	0.025000
151	53	0.014925
151	54	0.017544
151	60	0.018182
151	76	0.015873
151	84	0.022222
151	85	0.021277
151	117	0.028571
151	137	0.028571
151	150	0.032258
151	161	0.041667
151	215	0.030303
151	224	0.045455
151	259	0.050000
151	321	0.050000
151	378	0.052632
151	405	0.058824
151	425	0.058824
151	442	0.058824
152	1	0.014925
152	3	0.014286
152	21	0.007299
152	26	0.008929
152	27	0.008696
152	28	0.009804
152	50	0.016129
152	52	0.016949
152	64	0.019608
152	78	0.023810
152	87	0.019608
152	98	0.028571
152	101	0.025641
152	123	0.033333
152	126	0.032258
152	130	0.033333
152	142	0.031250
152	164	0.037037
152	179	0.045455
152	200	0.035714
152	209	0.038462
152	232	0.037037
152	248	0.035714
152	305	0.050000
152	319	0.047619
152	355	0.050000
152	361	0.058824
152	397	0.055556
152	432	0.058824
152	440	0.058824
152	442	0.058824
153	18	0.007576
153	21	0.007299
153	22	0.007576
153	31	0.011628
153	32	0.012346
153	34	0.015152
153	35	0.011628
153	39	0.012658
153	49	0.018868
153	63	0.024390
153	70	0.022222
153	76	0.015873
153	81	0.015385
153	107	0.027027
153	112	0.030303
153	120	0.035714
153	149	0.032258
153	156	0.033333
153	161	0.041667
153	210	0.043478
153	220	0.047619
153	245	0.041667
153	255	0.041667
153	258	0.041667
153	291	0.041667
153	322	0.047619
153	334	0.050000
153	372	0.047619
153	439	0.058824
154	6	0.016393
154	11	0.017241
154	18	0.007576
154	22	0.007576
154	24	0.007937
154	26	0.008929
154	30	0.009434
154	36	0.008850
154	40	0.014925
154	46	0.014706
154	51	0.017857
154	64	0.019608
154	97	0.021277
154	135	0.022727
154	139	0.027778
154	148	0.035714
154	150	0.032258
154	167	0.037037
154	175	0.034483
154	184	0.035714
154	232	0.037037
154	257	0.045455
154	312	0.052632
154	319	0.047619
154	328	0.052632
154	394	0.052632
154	416	0.055556
154	435	0.055556
155	0	0.006579
155	23	0.008696
155	25	0.007874
155	37	0.010101
155	56	0.013158
155	57	0.017857
155	60	0.018182
155	62	0.021739
155	78	0.023810
155	80	0.022222
155	87	0.019608
155	101	0.025641
155	111	0.027027
155	112	0.030303
155	113	0.024390
155	121	0.022222
155	135	0.022727
155	162	0.028571
155	178	0.038462
155	188	0.055556
155	201	0.043478
155	204	0.037037
155	224	0.045455
155	234	0.050000
155	239	0.041667
155	269	0.045455
155	295	0.055556
155	300	0.045455
155	315	0.050000
155	349	0.058824
155	353	0.055556
155	383	0.058824
155	397	0.055556
155	434	0.058824
156	5	0.012048
156	6	0.016393
156	19	0.008065
156	23	0.008696
156	25	0.007874
156	29	0.008621
156	35	0.011628
156	36	0.008850
156	41	0.011494
156	52	0.016949
156	57	0.017857
156	84	0.022222
156	87	0.019608
156	96	0.021277
156	99	0.025000
156	114	0.024390
156	153	0.034483
156	188	0.055556
156	208	0.043478
156	210	0.043478
156	287	0.038462
156	295	0.055556
156	318	0.055556
156	342	0.041667
156	359	0.058824
156	367	0.055556
156	377	0.052632
156	415	0.058824
156	428	0.058824
156	443	0.058824
157	19	0.008065
157	28	0.009804
157	30	0.009434
157	32	0.012346
157	35	0.011628
157	37	0.010101
157	40	0.014925
157	41	0.011494
157	45	0.017241
157	70	0.022222
157	77	0.021739
157	88	0.016393
157	102	0.029412
157	106	0.027778
157	112	0.030303
157	120	0.035714
157	150	0.032258
157	168	0.028571
157	176	0.034483
157	186	0.041667
157	204	0.037037
157	221	0.043478
157	240	0.041667
157	265	0.043478
157	271	0.043478
157	288	0.052632
157	311	0.047619
157	337	0.052632
157	382	0.058824
158	10	0.023256
158	19	0.008065
158	20	0.007634
158	24	0.007937
158	26	0.008929
158	27	0.008696
158	31	0.011628
158	37	0.010101
158	41	0.011494
158	49	0.018868
158	58	0.015385
158	82	0.027027
158	96	0.021277
158	100	0.028571
158	107	0.027027
158	108	0.022727
158	140	0.032258
158	161	0.041667
158	174	0.038462
158	182	0.031250
158	191	0.038462
158	201	0.043478
158	220	0.047619
158	226	0.047619
158	241	0.045455
158	244	0.043478
158	264	0.041667
158	269	0.045455
158	283	0.043478
158	298	0.043478
158	322	0.047619
158	334	0.050000
158	355	0.050000
158	364	0.055556
158	387	0.058824
158	402	0.058824
158	415	0.058824
158	432	0.058824
159	17	0.021277
159	23	0.008696
159	24	0.007937
159	25	0.007874
159	28	0.009804
159	31	0.011628
159	36	0.008850
159	38	0.013158
159	43	0.016129
159	62	0.021739
159	67	0.019231
159	68	0.025000
159	70	0.022222
159	93	0.031250
159	108	0.022727
159	109	0.023256
159	144	0.040000
159	206	0.045455
159	207	0.037037
159	239	0.041667
159	305	0.050000
159	354	0.055556
159	360	0.058824
160	0	0.006579
160	4	0.017544
160	17	0.021277
160	21	0.007299
160	23	0.008696
160	30	0.009434
160	34	0.015152
160	40	0.014925
160	45	0.017241
160	52	0.016949
160	55	0.013514
160	67	0.019231
160	76	0.015873
160	83	0.022727
160	91	0.021739
160	116	0.025000
160	143	0.038462
160	162	0.028571
160	163	0.035714
160	172	0.043478
160	184	0.035714
160	227	0.047619
160	268	0.043478
160	280	0.058824
160	308	0.040000
160	317	0.045455
160	329	0.052632
160	362	0.050000
160	403	0.058824
160	434	0.058824
161	1	0.014925
161	5	0.012048
161	19	0.008065
161	25	0.007874
161	26	0.008929
161	36	0.008850
161	47	0.014925
161	51	0.017857
161	97	0.021277
161	105	0.025641
161	109	0.023256
161	119	0.030303
161	129	0.028571
161	133	0.029412
161	151	0.038462
161	153	0.034483
161	158	0.026316
161	186	0.041667
161	196	0.034483
161	213	0.037037
161	255	0.041667
161	259	0.050000
161	376	0.058824
161	428	0.058824
162	10	0.023256
162	24	0.007937
162	26	0.008929
162	30	0.009434
162	36	0.008850
162	37	0.010101
162	52	0.016949
162	61	0.022727
162	73	0.018868
162	87	0.019608
162	98	0.028571
162	107	0.027027
162	112	0.030303
162	146	0.023810
162	149	0.032258
162	155	0.029412
162	160	0.033333
162	173	0.035714
162	185	0.034483
162	188	0.055556
162	193	0.045455
162	197	0.034483
162	202	0.038462
162	218	0.037037
162	220	0.047619
162	228	0.033333
162	250	0.045455
162	256	0.045455
162	267	0.047619
162	279	0.050000
162	285	0.047619
162	306	0.045455
162	312	0.052632
162	334	0.050000
162	416	0.055556
163	0	0.006579
163	12	0.017241
163	25	0.007874
163	31	0.011628
163	47	0.014925
163	48	0.014706
163	54	0.017544
163	55	0.013514
163	60	0.018182
163	62	0.021739
163	81	0.015385
163	83	0.022727
163	96	0.021277
163	105	0.025641
163	114	0.024390
163	133	0.029412
163	160	0.033333
163	165	0.037037
163	207	0.037037
163	211	0.043478
163	221	0.043478
163	239	0.041667
163	261	0.055556
163	265	0.043478
163	332	0.043478
163	349	0.058824
163	414	0.058824
163	417	0.055556
164	3	0.014286
164	7	0.026316
164	20	0.007634
164	31	0.011628
164	35	0.011628
164	36	0.008850
164	41	0.011494
164	47	0.014925
164	56	0.013158
164	64	0.019608
164	67	0.019231
164	114	0.024390
164	115	0.024390
164	120	0.035714
164	121	0.022222
164	131	0.026316
164	152	0.032258
164	205	0.045455
164	292	0.035714
164	308	0.040000
164	312	0.052632
164	315	0.050000
164	353	0.055556
164	386	0.058824
164	398	0.055556
164	421	0.058824
164	427	0.058824
165	0	0.006579
165	2	0.022727
165	18	0.007576
165	19	0.008065
165	20	0.007634
165	24	0.007937
165	29	0.008621
165	32	0.012346
165	36	0.008850
165	40	0.014925
165	44	0.025000
165	46	0.014706
165	52	0.016949
165	122	0.029412
165	123	0.033333
165	139	0.027778
165	163	0.035714
165	172	0.043478
165	184	0.035714
165	218	0.037037
165	228	0.033333
165	230	0.041667
165	242	0.052632
165	259	0.050000
165	318	0.055556
165	385	0.058824
165	417	0.055556
166	0	0.006579
166	3	0.014286
166	4	0.017544
166	15	0.020408
166	21	0.007299
166	39	0.012658
166	40	0.014925
166	56	0.013158
166	62	0.021739
166	81	0.015385
166	89	0.026316
166	91	0.021739
166	96	0.021277
166	102	0.029412
166	114	0.024390
166	123	0.033333
166	146	0.023810
166	196	0.034483
166	226	0.047619
166	274	0.041667
166	286	0.050000
166	295	0.055556
166	302	0.058824
166	307	0.040000
166	337	0.052632
166	351	0.058824
166	380	0.052632
166	418	0.055556
167	3	0.014286
167	15	0.020408
167	23	0.008696
167	24	0.007937
167	41	0.011494
167	45	0.017241
167	46	0.014706
167	47	0.014925
167	50	0.016129
167	65	0.020408
167	68	0.025000
167	73	0.018868
167	97	0.021277
167	108	0.022727
167	116	0.025000
167	127	0.033333
167	154	0.035714
167	190	0.041667
167	220	0.047619
167	234	0.050000
167	246	0.040000
167	273	0.052632
167	300	0.045455
167	311	0.047619
167	356	0.050000
167	423	0.058824
167	430	0.058824
168	0	0.006579
168	7	0.026316
168	14	0.021277
168	19	0.008065
168	22	0.007576
168	24	0.007937
168	29	0.008621
168	38	0.013158
168	46	0.014706
168	53	0.014925
168	58	0.015385
168	111	0.027027
168	114	0.024390
168	117	0.028571
168	119	0.030303
168	129	0.028571
168	157	0.034483
168	177	0.040000
168	189	0.038462
168	196	0.034483
168	202	0.038462
168	219	0.034483
168	242	0.052632
168	244	0.043478
168	248	0.035714
168	266	0.041667
168	313	0.047619
168	323	0.050000
168	347	0.058824
168	377	0.052632
168	400	0.058824
168	402	0.058824
168	416	0.055556
168	426	0.055556
168	443	0.058824
169	11	0.017241
169	14	0.021277
169	18	0.007576
169	22	0.007576
169	29	0.008621
169	32	0.012346
169	57	0.017857
169	69	0.020408
169	78	0.023810
169	89	0.026316
169	92	0.034483
169	95	0.019231
169	105	0.025641
169	107	0.027027
169	108	0.022727
169	113	0.024390
169	134	0.029412
169	176	0.034483
169	222	0.041667
169	262	0.045455
169	267	0.047619
169	311	0.047619
169	328	0.052632
169	357	0.052632
169	417	0.055556
169	438	0.058824
170	5	0.012048
170	15	0.020408
170	18	0.007576
170	20	0.007634
170	29	0.008621
170	35	0.011628
170	37	0.010101
170	50	0.016129
170	55	0.013514
170	57	0.017857
170	67	0.019231
170	71	0.017857
170	75	0.019231
170	97	0.021277
170	99	0.025000
170	127	0.033333
170	142	0.031250
170	174	0.038462
170	175	0.034483
170	201	0.043478
170	202	0.038462
170	204	0.037037
170	235	0.050000
170	253	0.041667
170	265	0.043478
170	267	0.047619
170	278	0.050000
170	307	0.040000
170	310	0.047619
170	322	0.047619
170	323	0.050000
170	331	0.050000
170	340	0.045455
170	399	0.058824
170	402	0.058824
170	423	0.058824
170	442	0.058824
171	4	0.017544
171	7	0.026316
171	18	0.007576
171	31	0.011628
171	32	0.012346
171	36	0.008850
171	43	0.016129
171	48	0.014706
171	52	0.016949
171	67	0.019231
171	90	0.027778
171	95	0.019231
171	99	0.025000
171	101	0.025641
171	119	0.030303
171	136	0.034483
171	139	0.027778
171	196	0.034483
171	244	0.043478
171	246	0.040000
171	249	0.033333
171	289	0.043478
171	336	0.052632
171	384	0.047619
171	394	0.052632
171	427	0.058824
172	5	0.012048
172	9	0.066667
172	12	0.017241
172	19	0.008065
172	25	0.007874
172	26	0.008929
172	41	0.011494
172	55	0.013514
172	59	0.021739
172	63	0.024390
172	89	0.026316
172	107	0.027027
172	117	0.028571
172	132	0.031250
172	137	0.028571
172	160	0.033333
172	165	0.037037
172	208	0.043478
172	225	0.047619
172	227	0.047619
172	239	0.041667
172	319	0.047619
172	354	0.055556
173	1	0.014925
173	2	0.022727
173	3	0.014286
173	11	0.017241
173	18	0.007576
173	19	0.008065
173	22	0.007576
173	30	0.009434
173	36	0.008850
173	41	0.011494
173	48	0.014706
173	54	0.017544
173	56	0.013158
173	82	0.027027
173	136	0.034483
173	140	0.032258
173	162	0.028571
173	179	0.045455
173	184	0.035714
173	196	0.034483
173	216	0.038462
173	280	0.058824
173	304	0.043478
173	309	0.045455
173	337	0.052632
173	378	0.052632
173	388	0.052632
173	404	0.055556
174	0	0.006579
174	20	0.007634
174	23	0.008696
174	28	0.009804
174	31	0.011628
174	33	0.013333
174	37	0.010101
174	47	0.014925
174	55	0.013514
174	63	0.024390
174	66	0.016949
174	71	0.017857
174	98	0.028571
174	105	0.025641
174	116	0.025000
174	158	0.026316
174	170	0.027027
174	183	0.033333
174	195	0.041667
174	196	0.034483
174	219	0.034483
174	225	0.047619
174	315	0.050000
174	405	0.058824
174	415	0.058824
174	419	0.052632
175	0	0.006579
175	4	0.017544
175	7	0.026316
175	13	0.018868
175	15	0.020408
175	20	0.007634
175	22	0.007576
175	32	0.012346
175	33	0.013333
175	57	0.017857
175	81	0.015385
175	82	0.027027
175	125	0.037037
175	132	0.031250
175	148	0.035714
175	154	0.035714
175	170	0.027027
175	181	0.037037
175	196	0.034483
175	201	0.043478
175	205	0.045455
175	218	0.037037
175	231	0.035714
175	244	0.043478
175	339	0.052632
175	359	0.058824
175	389	0.058824
175	390	0.052632
175	419	0.052632
176	0	0.006579
176	8	0.021739
176	23	0.008696
176	25	0.007874
176	29	0.008621
176	40	0.014925
176	42	0.013889
176	43	0.016129
176	65	0.020408
176	74	0.027778
176	81	0.015385
176	94	0.024390
176	101	0.025641
176	133	0.029412
176	135	0.022727
176	157	0.034483
176	169	0.038462
176	196	0.034483
176	202	0.038462
176	203	0.037037
176	269	0.045455
176	278	0.050000
176	287	0.038462
176	322	0.047619
176	333	0.045455
176	342	0.041667
176	344	0.050000
176	396	0.055556
176	403	0.058824
177	0	0.006579
177	20	0.007634
177	23	0.008696
177	25	0.007874
177	27	0.008696
177	30	0.009434
177	43	0.016129
177	61	0.022727
177	69	0.020408
177	103	0.031250
177	104	0.025641
177	105	0.025641
177	116	0.025000
177	119	0.030303
177	128	0.031250
177	130	0.033333
177	168	0.028571
177	214	0.040000
177	255	0.041667
177	278	0.050000
177	338	0.055556
177	379	0.058824
177	384	0.047619
177	398	0.055556
177	412	0.058824
178	0	0.006579
178	19	0.008065
178	21	0.007299
178	22	0.007576
178	29	0.008621
178	37	0.010101
178	46	0.014706
178	47	0.014925
178	48	0.014706
178	59	0.021739
178	60	0.018182
178	65	0.020408
178	67	0.019231
178	81	0.015385
178	95	0.019231
178	103	0.031250
178	155	0.029412
178	190	0.041667
178	193	0.045455
178	218	0.037037
178	224	0.045455
178	308	0.040000
178	322	0.047619
178	349	0.058824
178	423	0.058824
178	435	0.055556
179	0	0.006579
179	5	0.012048
179	6	0.016393
179	21	0.007299
179	24	0.007937
179	28	0.009804
179	29	0.008621
179	31	0.011628
179	34	0.015152
179	42	0.013889
179	80	0.022222
179	114	0.024390
179	125	0.037037
179	135	0.022727
179	139	0.027778
179	152	0.032258
179	173	0.035714
179	206	0.045455
179	215	0.030303
179	253	0.041667
179	284	0.047619
179	361	0.058824
180	3	0.014286
180	18	0.007576
180	19	0.008065
180	21	0.007299
180	26	0.008929
180	28	0.009804
180	36	0.008850
180	40	0.014925
180	59	0.021739
180	78	0.023810
180	96	0.021277
180	98	0.028571
180	101	0.025641
180	108	0.022727
180	114	0.024390
180	133	0.029412
180	142	0.031250
180	189	0.038462
180	193	0.045455
180	195	0.041667
180	256	0.045455
180	309	0.045455
180	310	0.047619
180	314	0.052632
180	340	0.045455
180	393	0.055556
180	409	0.058824
181	3	0.014286
181	8	0.021739
181	11	0.017241
181	26	0.008929
181	27	0.008696
181	30	0.009434
181	36	0.008850
181	37	0.010101
181	45	0.017241
181	78	0.023810
181	79	0.030303
181	82	0.027027
181	102	0.029412
181	120	0.035714
181	122	0.029412
181	146	0.023810
181	175	0.034483
181	184	0.035714
181	195	0.041667
181	290	0.050000
181	316	0.041667
181	364	0.055556
181	377	0.052632
181	407	0.055556
181	409	0.058824
181	413	0.052632
181	415	0.058824
182	18	0.007576
182	21	0.007299
182	30	0.009434
182	32	0.012346
182	35	0.011628
182	36	0.008850
182	39	0.012658
182	49	0.018868
182	50	0.016129
182	56	0.013158
182	66	0.016949
182	76	0.015873
182	87	0.019608
182	99	0.025000
182	124	0.038462
182	131	0.026316
182	158	0.026316
182	211	0.043478
182	213	0.037037
182	215	0.030303
182	224	0.045455
182	226	0.047619
182	241	0.045455
182	251	0.052632
182	255	0.041667
182	282	0.047619
182	323	0.050000
182	332	0.043478
182	344	0.050000
182	397	0.055556
182	420	0.058824
182	423	0.058824
183	0	0.006579
183	5	0.012048
183	22	0.007576
183	23	0.008696
183	24	0.007937
183	29	0.008621
183	31	0.011628
183	32	0.012346
183	36	0.008850
183	37	0.010101
183	58	0.015385
183	75	0.019231
183	80	0.022222
183	115	0.024390
183	143	0.038462
183	144	0.040000
183	174	0.038462
183	194	0.041667
183	215	0.030303
183	222	0.041667
183	244	0.043478
183	245	0.041667
183	256	0.045455
183	276	0.038462
183	299	0.047619
183	310	0.047619
183	330	0.058824
183	353	0.055556
183	410	0.052632
183	436	0.058824
184	2	0.022727
184	5	0.012048
184	11	0.017241
184	21	0.007299
184	26	0.008929
184	27	0.008696
184	29	0.008621
184	30	0.009434
184	73	0.018868
184	83	0.022727
184	115	0.024390
184	135	0.022727
184	154	0.035714
184	160	0.033333
184	165	0.037037
184	173	0.035714
184	181	0.037037
184	193	0.045455
184	210	0.043478
184	228	0.033333
184	241	0.045455
184	246	0.040000
184	249	0.033333
184	270	0.041667
184	292	0.035714
184	365	0.058824
184	366	0.052632
184	415	0.058824
185	12	0.017241
185	15	0.020408
185	20	0.007634
185	22	0.007576
185	33	0.013333
185	36	0.008850
185	46	0.014706
185	47	0.014925
185	50	0.016129
185	54	0.017544
185	65	0.020408
185	75	0.019231
185	79	0.030303
185	84	0.022222
185	109	0.023256
185	125	0.037037
185	162	0.028571
185	193	0.045455
185	225	0.047619
185	237	0.047619
185	252	0.050000
185	325	0.043478
185	362	0.050000
185	365	0.058824
185	372	0.047619
185	384	0.047619
185	419	0.052632
185	438	0.058824
185	439	0.058824
186	15	0.020408
186	20	0.007634
186	24	0.007937
186	26	0.008929
186	30	0.009434
186	43	0.016129
186	64	0.019608
186	71	0.017857
186	76	0.015873
186	80	0.022222
186	120	0.035714
186	121	0.022222
186	129	0.028571
186	132	0.031250
186	146	0.023810
186	157	0.034483
186	161	0.041667
186	191	0.038462
186	231	0.035714
186	250	0.045455
186	299	0.047619
186	315	0.050000
186	361	0.058824
186	385	0.058824
187	1	0.014925
187	6	0.016393
187	18	0.007576
187	25	0.007874
187	29	0.008621
187	37	0.010101
187	38	0.013158
187	40	0.014925
187	48	0.014706
187	56	0.013158
187	63	0.024390
187	65	0.020408
187	66	0.016949
187	83	0.022727
187	102	0.029412
187	123	0.033333
187	131	0.026316
187	207	0.037037
187	211	0.043478
187	231	0.035714
187	235	0.050000
187	289	0.043478
187	299	0.047619
187	343	0.045455
187	382	0.058824
187	411	0.055556
187	435	0.055556
188	6	0.016393
188	12	0.017241
188	19	0.008065
188	27	0.008696
188	29	0.008621
188	30	0.009434
188	31	0.011628
188	36	0.008850
188	73	0.018868
188	109	0.023256
188	112	0.030303
188	115	0.024390
188	123	0.033333
188	136	0.034483
188	155	0.029412
188	156	0.033333
188	162	0.028571
188	416	0.055556
189	0	0.006579
189	3	0.014286
189	6	0.016393
189	12	0.017241
189	20	0.007634
189	27	0.008696
189	34	0.015152
189	56	0.013158
189	66	0.016949
189	87	0.019608
189	88	0.016393
189	91	0.021739
189	99	0.025000
189	106	0.027778
189	137	0.028571
189	168	0.028571
189	180	0.037037
189	198	0.033333
189	215	0.030303
189	283	0.043478
189	301	0.047619
189	377	0.052632
189	397	0.055556
189	404	0.055556
189	411	0.055556
189	418	0.055556
190	15	0.020408
190	30	0.009434
190	34	0.015152
190	40	0.014925
190	49	0.018868
190	53	0.014925
190	55	0.013514
190	57	0.017857
190	61	0.022727
190	63	0.024390
190	73	0.018868
190	98	0.028571
190	103	0.031250
190	114	0.024390
190	146	0.023810
190	167	0.037037
190	178	0.038462
190	214	0.040000
190	217	0.037037
190	270	0.041667
190	360	0.058824
190	384	0.047619
190	392	0.058824
190	409	0.058824
191	1	0.014925
191	18	0.007576
191	19	0.008065
191	24	0.007937
191	25	0.007874
191	28	0.009804
191	32	0.012346
191	36	0.008850
191	51	0.017857
191	53	0.014925
191	54	0.017544
191	64	0.019608
191	111	0.027027
191	121	0.022222
191	146	0.023810
191	158	0.026316
191	186	0.041667
191	222	0.041667
191	233	0.050000
191	257	0.045455
191	288	0.052632
191	290	0.050000
191	312	0.052632
191	371	0.050000
191	407	0.055556
191	424	0.058824
192	0	0.006579
192	12	0.017241
192	21	0.007299
192	22	0.007576
192	23	0.008696
192	28	0.009804
192	34	0.015152
192	48	0.014706
192	49	0.018868
192	53	0.014925
192	56	0.013158
192	64	0.019608
192	108	0.022727
192	112	0.030303
192	116	0.025000
192	117	0.028571
192	128	0.031250
192	210	0.043478
192	228	0.033333
192	231	0.035714
192	235	0.050000
192	236	0.041667
192	239	0.041667
192	271	0.043478
192	282	0.047619
192	295	0.055556
192	297	0.058824
192	317	0.045455
192	343	0.045455
192	349	0.058824
192	351	0.058824
192	363	0.050000
192	366	0.052632
192	400	0.058824
192	420	0.058824
192	424	0.058824
192	430	0.058824
193	3	0.014286
193	17	0.021277
193	21	0.007299
193	22	0.007576
193	27	0.008696
193	62	0.021739
193	81	0.015385
193	91	0.021739
193	102	0.029412
193	132	0.031250
193	133	0.029412
193	135	0.022727
193	162	0.028571
193	178	0.038462
193	180	0.037037
193	184	0.035714
193	185	0.034483
193	217	0.037037
193	264	0.041667
193	298	0.043478
193	321	0.050000
193	368	0.058824
194	3	0.014286
194	11	0.017241
194	23	0.008696
194	30	0.009434
194	35	0.011628
194	37	0.010101
194	43	0.016129
194	53	0.014925
194	55	0.013514
194	64	0.019608
194	83	0.022727
194	88	0.016393
194	99	0.025000
194	104	0.025641
194	108	0.022727
194	135	0.022727
194	183	0.033333
194	197	0.034483
194	310	0.047619
194	339	0.052632
194	356	0.050000
194	399	0.058824
194	401	0.045455
194	406	0.058824
195	0	0.006579
195	30	0.009434
195	32	0.012346
195	36	0.008850
195	37	0.010101
195	38	0.013158
195	50	0.016129
195	76	0.015873
195	91	0.021739
195	100	0.028571
195	104	0.025641
195	132	0.031250
195	135	0.022727
195	138	0.033333
195	174	0.038462
195	180	0.037037
195	181	0.037037
195	225	0.047619
195	234	0.050000
195	274	0.041667
195	315	0.050000
195	355	0.050000
195	396	0.055556
195	417	0.055556
196	6	0.016393
196	18	0.007576
196	20	0.007634
196	34	0.015152
196	37	0.010101
196	57	0.017857
196	83	0.022727
196	117	0.028571
196	127	0.033333
196	161	0.041667
196	166	0.035714
196	168	0.028571
196	171	0.038462
196	173	0.035714
196	174	0.038462
196	175	0.034483
196	176	0.034483
196	212	0.047619
196	219	0.034483
196	222	0.041667
196	231	0.035714
196	239	0.041667
196	261	0.055556
196	273	0.052632
196	350	0.055556
196	398	0.055556
196	403	0.058824
196	408	0.052632
196	436	0.058824
197	0	0.006579
197	11	0.017241
197	20	0.007634
197	22	0.007576
197	26	0.008929
197	31	0.011628
197	32	0.012346
197	35	0.011628
197	40	0.014925
197	48	0.014706
197	51	0.017857
197	54	0.017544
197	87	0.019608
197	94	0.024390
197	134	0.029412
197	162	0.028571
197	194	0.041667
197	209	0.038462
197	229	0.043478
197	240	0.041667
197	249	0.033333
197	285	0.047619
197	293	0.050000
197	301	0.047619
197	343	0.045455
197	372	0.047619
197	387	0.058824
197	399	0.058824
197	423	0.058824
198	2	0.022727
198	3	0.014286
198	5	0.012048
198	16	0.041667
198	26	0.008929
198	27	0.008696
198	39	0.012658
198	43	0.016129
198	55	0.013514
198	56	0.013158
198	73	0.018868
198	91	0.021739
198	94	0.024390
198	96	0.021277
198	101	0.025641
198	129	0.028571
198	189	0.038462
198	218	0.037037
198	230	0.041667
198	232	0.037037
198	254	0.041667
198	265	0.043478
198	291	0.041667
198	292	0.035714
198	293	0.050000
198	299	0.047619
198	302	0.058824
198	303	0.058824
198	353	0.055556
198	397	0.055556
199	5	0.012048
199	7	0.026316
199	16	0.041667
199	18	0.007576
199	20	0.007634
199	27	0.008696
199	36	0.008850
199	39	0.012658
199	40	0.014925
199	53	0.014925
199	54	0.017544
199	66	0.016949
199	71	0.017857
199	75	0.019231
199	115	0.024390
199	118	0.032258
199	133	0.029412
199	318	0.055556
199	337	0.052632
199	356	0.050000
199	405	0.058824
199	434	0.058824
200	15	0.020408
200	20	0.007634
200	25	0.007874
200	26	0.008929
200	32	0.012346
200	33	0.013333
200	37	0.010101
200	39	0.012658
200	95	0.019231
200	101	0.025641
200	106	0.027778
200	108	0.022727
200	115	0.024390
200	125	0.037037
200	146	0.023810
200	150	0.032258
200	152	0.032258
200	282	0.047619
200	295	0.055556
200	311	0.047619
200	319	0.047619
200	324	0.047619
200	337	0.052632
200	357	0.052632
200	393	0.055556
200	419	0.052632
200	427	0.058824
200	436	0.058824
201	11	0.017241
201	15	0.020408
201	20	0.007634
201	36	0.008850
201	37	0.010101
201	41	0.011494
201	57	0.017857
201	66	0.016949
201	70	0.022222
201	88	0.016393
201	109	0.023256
201	129	0.028571
201	130	0.033333
201	155	0.029412
201	158	0.026316
201	170	0.027027
201	175	0.034483
201	281	0.047619
201	308	0.040000
201	372	0.047619
201	425	0.058824
201	431	0.058824
201	434	0.058824
202	0	0.006579
202	2	0.022727
202	12	0.017241
202	21	0.007299
202	28	0.009804
202	33	0.013333
202	51	0.017857
202	65	0.020408
202	71	0.017857
202	78	0.023810
202	95	0.019231
202	107	0.027027
202	129	0.028571
202	162	0.028571
202	168	0.028571
202	170	0.027027
202	176	0.034483
202	232	0.037037
202	247	0.043478
202	255	0.041667
202	258	0.041667
202	278	0.050000
202	314	0.052632
202	354	0.055556
202	397	0.055556
202	443	0.058824
203	2	0.022727
203	13	0.018868
203	19	0.008065
203	20	0.007634
203	25	0.007874
203	28	0.009804
203	30	0.009434
203	34	0.015152
203	38	0.013158
203	41	0.011494
203	56	0.013158
203	62	0.021739
203	70	0.022222
203	73	0.018868
203	80	0.022222
203	116	0.025000
203	176	0.034483
203	218	0.037037
203	230	0.041667
203	238	0.038462
203	248	0.035714
203	259	0.050000
203	294	0.052632
203	330	0.058824
203	375	0.058824
203	421	0.058824
203	437	0.058824
204	0	0.006579
204	6	0.016393
204	20	0.007634
204	22	0.007576
204	45	0.017241
204	46	0.014706
204	75	0.019231
204	81	0.015385
204	83	0.022727
204	84	0.022222
204	109	0.023256
204	116	0.025000
204	128	0.031250
204	141	0.040000
204	155	0.029412
204	157	0.034483
204	170	0.027027
204	208	0.043478
204	212	0.047619
204	252	0.050000
204	277	0.052632
204	286	0.050000
204	333	0.045455
204	352	0.052632
204	354	0.055556
204	397	0.055556
204	414	0.058824
205	1	0.014925
205	15	0.020408
205	19	0.008065
205	22	0.007576
205	29	0.008621
205	34	0.015152
205	35	0.011628
205	43	0.016129
205	45	0.017241
205	53	0.014925
205	57	0.017857
205	88	0.016393
205	114	0.024390
205	127	0.033333
205	137	0.028571
205	164	0.037037
205	175	0.034483
205	236	0.041667
205	288	0.052632
205	307	0.040000
205	362	0.050000
205	392	0.058824
206	0	0.006579
206	2	0.022727
206	4	0.017544
206	19	0.008065
206	20	0.007634
206	21	0.007299
206	25	0.007874
206	30	0.009434
206	38	0.013158
206	47	0.014925
206	117	0.028571
206	121	0.022222
206	138	0.033333
206	145	0.041667
206	150	0.032258
206	159	0.043478
206	179	0.045455
206	237	0.047619
206	249	0.033333
206	300	0.045455
206	357	0.052632
206	392	0.058824
207	6	0.016393
207	18	0.007576
207	19	0.008065
207	25	0.007874
207	30	0.009434
207	33	0.013333
207	46	0.014706
207	48	0.014706
207	50	0.016129
207	53	0.014925
207	59	0.021739
207	65	0.020408
207	69	0.020408
207	95	0.019231
207	159	0.043478
207	163	0.035714
207	187	0.037037
207	215	0.030303
207	240	0.041667
207	249	0.033333
207	262	0.045455
207	284	0.047619
207	292	0.035714
207	357	0.052632
207	379	0.058824
207	393	0.055556
207	413	0.052632
208	23	0.008696
208	24	0.007937
208	26	0.008929
208	28	0.009804
208	32	0.012346
208	46	0.014706
208	47	0.014925
208	54	0.017544
208	56	0.013158
208	101	0.025641
208	108	0.022727
208	127	0.033333
208	131	0.026316
208	147	0.031250
208	156	0.033333
208	172	0.043478
208	204	0.037037
208	224	0.045455
208	243	0.038462
208	261	0.055556
208	349	0.058824
208	358	0.055556
208	402	0.058824
209	0	0.006579
209	3	0.014286
209	17	0.021277
209	25	0.007874
209	31	0.011628
209	40	0.014925
209	41	0.011494
209	56	0.013158
209	87	0.019608
209	95	0.019231
209	96	0.021277
209	113	0.024390
209	132	0.031250
209	137	0.028571
209	149	0.032258
209	152	0.032258
209	197	0.034483
209	212	0.047619
209	224	0.045455
209	294	0.052632
209	331	0.050000
209	395	0.058824
209	406	0.058824
209	412	0.058824
209	413	0.052632
209	438	0.058824
210	0	0.006579
210	2	0.022727
210	12	0.017241
210	18	0.007576
210	21	0.007299
210	23	0.008696
210	24	0.007937
210	32	0.012346
210	33	0.013333
210	35	0.011628
210	104	0.025641
210	105	0.025641
210	108	0.022727
210	153	0.034483
210	156	0.033333
210	184	0.035714
210	192	0.027027
210	223	0.043478
210	323	0.050000
210	327	0.050000
210	372	0.047619
210	420	0.058824
210	433	0.055556
211	1	0.014925
211	5	0.012048
211	22	0.007576
211	24	0.007937
211	32	0.012346
211	38	0.013158
211	47	0.014925
211	49	0.018868
211	50	0.016129
211	76	0.015873
211	81	0.015385
211	115	0.024390
211	124	0.038462
211	147	0.031250
211	163	0.035714
211	182	0.031250
211	187	0.037037
211	280	0.058824
211	317	0.045455
211	333	0.045455
211	431	0.058824
211	440	0.058824
211	441	0.058824
212	18	0.007576
212	21	0.007299
212	25	0.007874
212	36	0.008850
212	41	0.011494
212	55	0.013514
212	66	0.016949
212	79	0.030303
212	86	0.033333
212	104	0.025641
212	108	0.022727
212	118	0.032258
212	128	0.031250
212	145	0.041667
212	196	0.034483
212	204	0.037037
212	209	0.038462
212	234	0.050000
212	361	0.058824
212	377	0.052632
212	430	0.058824
213	9	0.066667
213	22	0.007576
213	30	0.009434
213	33	0.013333
213	35	0.011628
213	36	0.008850
213	50	0.016129
213	65	0.020408
213	67	0.019231
213	96	0.021277
213	107	0.027027
213	119	0.030303
213	128	0.031250
213	144	0.040000
213	149	0.032258
213	161	0.041667
213	182	0.031250
213	242	0.052632
213	270	0.041667
213	284	0.047619
213	286	0.050000
213	352	0.052632
213	387	0.058824
213	392	0.058824
213	411	0.055556
213	422	0.058824
213	423	0.058824
214	18	0.007576
214	19	0.008065
214	20	0.007634
214	23	0.008696
214	34	0.015152
214	35	0.011628
214	50	0.016129
214	55	0.013514
214	81	0.015385
214	84	0.022222
214	88	0.016393
214	100	0.028571
214	113	0.024390
214	124	0.038462
214	143	0.038462
214	177	0.040000
214	190	0.041667
214	218	0.037037
214	252	0.050000
214	266	0.041667
214	309	0.045455
214	370	0.055556
214	389	0.058824
214	408	0.052632
214	440	0.058824
215	0	0.006579
215	10	0.023256
215	29	0.008621
215	53	0.014925
215	55	0.013514
215	61	0.022727
215	66	0.016949
215	76	0.015873
215	83	0.022727
215	91	0.021739
215	119	0.030303
215	151	0.038462
215	179	0.045455
215	182	0.031250
215	183	0.033333
215	189	0.038462
215	207	0.037037
215	216	0.038462
215	223	0.043478
215	239	0.041667
215	241	0.045455
215	248	0.035714
215	266	0.041667
215	271	0.043478
215	284	0.047619
215	305	0.050000
215	320	0.055556
215	338	0.055556
215	346	0.052632
215	349	0.058824
215	376	0.058824
215	401	0.045455
215	420	0.058824
216	4	0.017544
216	25	0.007874
216	32	0.012346
216	36	0.008850
216	41	0.011494
216	47	0.014925
216	59	0.021739
216	78	0.023810
216	85	0.021277
216	108	0.022727
216	113	0.024390
216	124	0.038462
216	136	0.034483
216	144	0.040000
216	147	0.031250
216	173	0.035714
216	215	0.030303
216	221	0.043478
216	232	0.037037
216	234	0.050000
216	257	0.045455
216	279	0.050000
216	289	0.043478
216	320	0.055556
216	343	0.045455
216	399	0.058824
217	1	0.014925
217	12	0.017241
217	18	0.007576
217	20	0.007634
217	23	0.008696
217	25	0.007874
217	26	0.008929
217	29	0.008621
217	36	0.008850
217	48	0.014706
217	64	0.019608
217	84	0.022222
217	117	0.028571
217	140	0.032258
217	149	0.032258
217	190	0.041667
217	193	0.045455
217	223	0.043478
217	245	0.041667
217	262	0.045455
217	291	0.041667
217	303	0.058824
217	333	0.045455
217	353	0.055556
217	365	0.058824
217	366	0.052632
217	440	0.058824
218	18	0.007576
218	19	0.008065
218	21	0.007299
218	30	0.009434
218	60	0.018182
218	88	0.016393
218	113	0.024390
218	126	0.032258
218	136	0.034483
218	139	0.027778
218	162	0.028571
218	165	0.037037
218	175	0.034483
218	178	0.038462
218	198	0.033333
218	203	0.037037
218	214	0.040000
218	279	0.050000
218	292	0.035714
218	316	0.041667
218	349	0.058824
218	352	0.052632
218	388	0.052632
218	395	0.058824
218	412	0.058824
218	428	0.058824
218	438	0.058824
219	2	0.022727
219	5	0.012048
219	6	0.016393
219	16	0.041667
219	18	0.007576
219	19	0.008065
219	39	0.012658
219	52	0.016949
219	73	0.018868
219	77	0.021739
219	85	0.021277
219	121	0.022222
219	122	0.029412
219	148	0.035714
219	168	0.028571
219	174	0.038462
219	196	0.034483
219	236	0.041667
219	263	0.050000
219	280	0.058824
219	299	0.047619
219	315	0.050000
219	317	0.045455
219	321	0.050000
219	329	0.052632
219	386	0.058824
219	399	0.058824
219	420	0.058824
219	441	0.058824
220	5	0.012048
220	18	0.007576
220	19	0.008065
220	21	0.007299
220	24	0.007937
220	32	0.012346
220	35	0.011628
220	36	0.008850
220	37	0.010101
220	46	0.014706
220	48	0.014706
220	56	0.013158
220	62	0.021739
220	153	0.034483
220	158	0.026316
220	162	0.028571
220	167	0.037037
220	266	0.041667
220	288	0.052632
220	429	0.058824
220	434	0.058824
221	0	0.006579
221	6	0.016393
221	15	0.020408
221	17	0.021277
221	23	0.008696
221	27	0.008696
221	31	0.011628
221	32	0.012346
221	38	0.013158
221	45	0.017241
221	64	0.019608
221	76	0.015873
221	103	0.031250
221	142	0.031250
221	157	0.034483
221	163	0.035714
221	216	0.038462
221	238	0.038462
221	249	0.033333
221	277	0.052632
221	280	0.058824
221	316	0.041667
221	439	0.058824
222	0	0.006579
222	4	0.017544
222	17	0.021277
222	30	0.009434
222	53	0.014925
222	54	0.017544
222	57	0.017857
222	60	0.018182
222	74	0.027778
222	77	0.021739
222	95	0.019231
222	98	0.028571
222	134	0.029412
222	169	0.038462
222	183	0.033333
222	191	0.038462
222	196	0.034483
222	275	0.040000
222	279	0.050000
222	287	0.038462
222	320	0.055556
222	334	0.050000
222	363	0.050000
222	383	0.058824
223	5	0.012048
223	22	0.007576
223	23	0.008696
223	24	0.007937
223	27	0.008696
223	41	0.011494
223	59	0.021739
223	80	0.022222
223	85	0.021277
223	113	0.024390
223	114	0.024390
223	129	0.028571
223	139	0.027778
223	140	0.032258
223	210	0.043478
223	215	0.030303
223	217	0.037037
223	268	0.043478
223	293	0.050000
223	374	0.052632
223	387	0.058824
223	427	0.058824
223	428	0.058824
224	23	0.008696
224	24	0.007937
224	27	0.008696
224	29	0.008621
224	47	0.014925
224	51	0.017857
224	72	0.024390
224	120	0.035714
224	122	0.029412
224	125	0.037037
224	126	0.032258
224	151	0.038462
224	155	0.029412
224	178	0.038462
224	182	0.031250
224	208	0.043478
224	209	0.038462
224	236	0.041667
224	335	0.055556
224	336	0.052632
224	391	0.055556
224	438	0.058824
225	6	0.016393
225	22	0.007576
225	33	0.013333
225	36	0.008850
225	37	0.010101
225	45	0.017241
225	52	0.016949
225	69	0.020408
225	94	0.024390
225	95	0.019231
225	110	0.030303
225	121	0.022222
225	146	0.023810
225	172	0.043478
225	174	0.038462
225	185	0.034483
225	195	0.041667
225	262	0.045455
225	376	0.058824
225	380	0.052632
225	416	0.055556
226	16	0.041667
226	20	0.007634
226	23	0.008696
226	25	0.007874
226	30	0.009434
226	39	0.012658
226	66	0.016949
226	69	0.020408
226	87	0.019608
226	93	0.031250
226	95	0.019231
226	105	0.025641
226	112	0.030303
226	117	0.028571
226	158	0.026316
226	166	0.035714
226	182	0.031250
226	307	0.040000
226	327	0.050000
226	345	0.055556
226	413	0.052632
227	0	0.006579
227	6	0.016393
227	12	0.017241
227	18	0.007576
227	22	0.007576
227	27	0.008696
227	54	0.017544
227	66	0.016949
227	76	0.015873
227	84	0.022222
227	87	0.019608
227	88	0.016393
227	113	0.024390
227	114	0.024390
227	134	0.029412
227	160	0.033333
227	172	0.043478
227	239	0.041667
227	251	0.052632
227	388	0.052632
227	438	0.058824
228	23	0.008696
228	32	0.012346
228	34	0.015152
228	37	0.010101
228	41	0.011494
228	48	0.014706
228	57	0.017857
228	61	0.022727
228	75	0.019231
228	126	0.032258
228	130	0.033333
228	146	0.023810
228	148	0.035714
228	162	0.028571
228	165	0.037037
228	184	0.035714
228	192	0.027027
228	240	0.041667
228	255	0.041667
228	257	0.045455
228	262	0.045455
228	269	0.045455
228	275	0.040000
228	303	0.058824
228	320	0.055556
228	330	0.058824
228	350	0.055556
228	400	0.058824
228	430	0.058824
228	431	0.058824
229	20	0.007634
229	21	0.007299
229	22	0.007576
229	25	0.007874
229	35	0.011628
229	56	0.013158
229	57	0.017857
229	76	0.015873
229	87	0.019608
229	90	0.027778
229	91	0.021739
229	95	0.019231
229	103	0.031250
229	122	0.029412
229	127	0.033333
229	143	0.038462
229	197	0.034483
229	243	0.038462
229	311	0.047619
229	327	0.050000
229	335	0.055556
229	356	0.050000
229	391	0.055556
230	24	0.007937
230	27	0.008696
230	28	0.009804
230	30	0.009434
230	31	0.011628
230	37	0.010101
230	41	0.011494
230	55	0.013514
230	58	0.015385
230	60	0.018182
230	61	0.022727
230	66	0.016949
230	95	0.019231
230	139	0.027778
230	165	0.037037
230	198	0.033333
230	203	0.037037
230	255	0.041667
230	298	0.043478
230	305	0.050000
230	324	0.047619
230	367	0.055556
230	386	0.058824
230	412	0.058824
231	17	0.021277
231	22	0.007576
231	34	0.015152
231	36	0.008850
231	38	0.013158
231	55	0.013514
231	68	0.025000
231	70	0.022222
231	82	0.027027
231	137	0.028571
231	142	0.031250
231	148	0.035714
231	175	0.034483
231	186	0.041667
231	187	0.037037
231	192	0.027027
231	196	0.034483
231	237	0.047619
231	244	0.043478
231	280	0.058824
231	312	0.052632
231	316	0.041667
231	324	0.047619
231	328	0.052632
231	368	0.058824
231	384	0.047619
231	426	0.055556
231	427	0.058824
232	10	0.023256
232	18	0.007576
232	22	0.007576
232	23	0.008696
232	33	0.013333
232	36	0.008850
232	42	0.013889
232	47	0.014925
232	65	0.020408
232	67	0.019231
232	81	0.015385
232	88	0.016393
232	152	0.032258
232	154	0.035714
232	198	0.033333
232	202	0.038462
232	216	0.038462
232	271	0.043478
232	276	0.038462
232	302	0.058824
232	317	0.045455
232	320	0.055556
232	324	0.047619
232	367	0.055556
232	405	0.058824
232	410	0.052632
232	431	0.058824
233	0	0.006579
233	13	0.018868
233	20	0.007634
233	24	0.007937
233	25	0.007874
233	30	0.009434
233	31	0.011628
233	36	0.008850
233	39	0.012658
233	50	0.016129
233	53	0.014925
233	76	0.015873
233	111	0.027027
233	112	0.030303
233	129	0.028571
233	133	0.029412
233	191	0.038462
233	251	0.052632
233	366	0.052632
233	380	0.052632
234	26	0.008929
234	28	0.009804
234	29	0.008621
234	46	0.014706
234	54	0.017544
234	55	0.013514
234	66	0.016949
234	87	0.019608
234	91	0.021739
234	92	0.034483
234	100	0.028571
234	112	0.030303
234	155	0.029412
234	167	0.037037
234	195	0.041667
234	212	0.047619
234	216	0.038462
234	295	0.055556
234	310	0.047619
234	313	0.047619
235	0	0.006579
235	3	0.014286
235	5	0.012048
235	37	0.010101
235	38	0.013158
235	42	0.013889
235	56	0.013158
235	73	0.018868
235	81	0.015385
235	91	0.021739
235	99	0.025000
235	106	0.027778
235	116	0.025000
235	121	0.022222
235	170	0.027027
235	187	0.037037
235	192	0.027027
235	297	0.058824
235	331	0.050000
235	359	0.058824
236	7	0.026316
236	21	0.007299
236	23	0.008696
236	27	0.008696
236	69	0.020408
236	79	0.030303
236	80	0.022222
236	81	0.015385
236	85	0.021277
236	115	0.024390
236	135	0.022727
236	146	0.023810
236	150	0.032258
236	192	0.027027
236	205	0.045455
236	219	0.034483
236	224	0.045455
236	246	0.040000
236	250	0.045455
236	260	0.040000
236	264	0.041667
236	326	0.055556
236	386	0.058824
236	397	0.055556
237	2	0.022727
237	11	0.017241
237	17	0.021277
237	22	0.007576
237	24	0.007937
237	27	0.008696
237	30	0.009434
237	32	0.012346
237	36	0.008850
237	38	0.013158
237	40	0.014925
237	54	0.017544
237	100	0.028571
237	137	0.028571
237	185	0.034483
237	206	0.045455
237	231	0.035714
237	298	0.043478
237	339	0.052632
237	371	0.050000
237	385	0.058824
238	21	0.007299
238	24	0.007937
238	38	0.013158
238	48	0.014706
238	53	0.014925
238	59	0.021739
238	61	0.022727
238	66	0.016949
238	72	0.024390
238	84	0.022222
238	89	0.026316
238	97	0.021277
238	131	0.026316
238	135	0.022727
238	136	0.034483
238	203	0.037037
238	221	0.043478
238	254	0.041667
238	261	0.055556
238	262	0.045455
238	331	0.050000
238	347	0.058824
238	391	0.055556
238	413	0.052632
238	437	0.058824
238	442	0.058824
239	19	0.008065
239	20	0.007634
239	23	0.008696
239	38	0.013158
239	47	0.014925
239	69	0.020408
239	86	0.033333
239	108	0.022727
239	139	0.027778
239	155	0.029412
239	159	0.043478
239	163	0.035714
239	172	0.043478
239	192	0.027027
239	196	0.034483
239	215	0.030303
239	227	0.047619
239	320	0.055556
239	343	0.045455
239	345	0.055556
239	346	0.052632
239	373	0.047619
239	394	0.052632
239	400	0.058824
240	3	0.014286
240	20	0.007634
240	29	0.008621
240	30	0.009434
240	34	0.015152
240	71	0.017857
240	80	0.022222
240	88	0.016393
240	99	0.025000
240	106	0.027778
240	119	0.030303
240	135	0.022727
240	141	0.040000
240	157	0.034483
240	197	0.034483
240	207	0.037037
240	228	0.033333
240	261	0.055556
240	270	0.041667
240	277	0.052632
240	326	0.055556
240	346	0.052632
240	360	0.058824
240	398	0.055556
241	12	0.017241
241	18	0.007576
241	20	0.007634
241	25	0.007874
241	30	0.009434
241	33	0.013333
241	37	0.010101
241	50	0.016129
241	54	0.017544
241	65	0.020408
241	68	0.025000
241	89	0.026316
241	110	0.030303
241	158	0.026316
241	182	0.031250
241	184	0.035714
241	215	0.030303
241	294	0.052632
241	345	0.055556
241	364	0.055556
241	385	0.058824
241	417	0.055556
242	5	0.012048
242	12	0.017241
242	22	0.007576
242	25	0.007874
242	27	0.008696
242	42	0.013889
242	45	0.017241
242	46	0.014706
242	64	0.019608
242	73	0.018868
242	79	0.030303
242	114	0.024390
242	128	0.031250
242	132	0.031250
242	165	0.037037
242	168	0.028571
242	213	0.037037
242	353	0.055556
242	360	0.058824
243	0	0.006579
243	23	0.008696
243	24	0.007937
243	25	0.007874
243	26	0.008929
243	36	0.008850
243	47	0.014925
243	48	0.014706
243	50	0.016129
243	52	0.016949
243	69	0.020408
243	80	0.022222
243	114	0.024390
243	121	0.022222
243	136	0.034483
243	208	0.043478
243	229	0.043478
243	257	0.045455
243	307	0.040000
243	313	0.047619
243	321	0.050000
243	350	0.055556
243	351	0.058824
243	359	0.058824
243	404	0.055556
243	440	0.058824
244	5	0.012048
244	18	0.007576
244	19	0.008065
244	23	0.008696
244	24	0.007937
244	26	0.008929
244	56	0.013158
244	62	0.021739
244	94	0.024390
244	117	0.028571
244	121	0.022222
244	158	0.026316
244	168	0.028571
244	171	0.038462
244	175	0.034483
244	183	0.033333
244	231	0.035714
244	288	0.052632
244	296	0.055556
244	304	0.043478
244	326	0.055556
244	345	0.055556
244	375	0.058824
245	5	0.012048
245	21	0.007299
245	23	0.008696
245	24	0.007937
245	29	0.008621
245	40	0.014925
245	43	0.016129
245	52	0.016949
245	55	0.013514
245	56	0.013158
245	82	0.027027
245	85	0.021277
245	96	0.021277
245	141	0.040000
245	153	0.034483
245	183	0.033333
245	217	0.037037
245	253	0.041667
245	268	0.043478
245	271	0.043478
245	302	0.058824
245	373	0.047619
245	408	0.052632
245	439	0.058824
246	1	0.014925
246	12	0.017241
246	26	0.008929
246	35	0.011628
246	48	0.014706
246	50	0.016129
246	66	0.016949
246	76	0.015873
246	88	0.016393
246	94	0.024390
246	95	0.019231
246	99	0.025000
246	109	0.023256
246	167	0.037037
246	171	0.038462
246	184	0.035714
246	236	0.041667
246	252	0.050000
246	258	0.041667
246	263	0.050000
246	332	0.043478
246	335	0.055556
246	338	0.055556
246	361	0.058824
246	440	0.058824
247	11	0.017241
247	17	0.021277
247	23	0.008696
247	29	0.008621
247	33	0.013333
247	34	0.015152
247	36	0.008850
247	43	0.016129
247	47	0.014925
247	75	0.019231
247	101	0.025641
247	111	0.027027
247	121	0.022222
247	123	0.033333
247	147	0.031250
247	150	0.032258
247	202	0.038462
247	264	0.041667
247	295	0.055556
247	300	0.045455
247	311	0.047619
247	348	0.052632
247	443	0.058824
248	12	0.017241
248	17	0.021277
248	20	0.007634
248	24	0.007937
248	25	0.007874
248	30	0.009434
248	32	0.012346
248	58	0.015385
248	66	0.016949
248	72	0.024390
248	92	0.034483
248	102	0.029412
248	118	0.032258
248	152	0.032258
248	168	0.028571
248	203	0.037037
248	215	0.030303
248	252	0.050000
248	258	0.041667
248	321	0.050000
248	336	0.052632
248	341	0.055556
248	368	0.058824
248	391	0.055556
248	392	0.058824
248	409	0.058824
248	422	0.058824
248	442	0.058824
249	4	0.017544
249	14	0.021277
249	20	0.007634
249	32	0.012346
249	40	0.014925
249	67	0.019231
249	69	0.020408
249	86	0.033333
249	87	0.019608
249	131	0.026316
249	146	0.023810
249	171	0.038462
249	184	0.035714
249	197	0.034483
249	206	0.045455
249	207	0.037037
249	221	0.043478
249	251	0.052632
249	255	0.041667
249	260	0.040000
249	290	0.050000
249	306	0.045455
249	316	0.041667
249	319	0.047619
249	324	0.047619
249	341	0.055556
249	347	0.058824
249	360	0.058824
249	386	0.058824
249	429	0.058824
250	4	0.017544
250	5	0.012048
250	12	0.017241
250	29	0.008621
250	44	0.025000
250	47	0.014925
250	55	0.013514
250	62	0.021739
250	79	0.030303
250	81	0.015385
250	89	0.026316
250	109	0.023256
250	112	0.030303
250	148	0.035714
250	162	0.028571
250	186	0.041667
250	236	0.041667
250	262	0.045455
250	292	0.035714
250	358	0.055556
250	360	0.058824
250	425	0.058824
251	4	0.017544
251	10	0.023256
251	12	0.017241
251	22	0.007576
251	26	0.008929
251	47	0.014925
251	53	0.014925
251	54	0.017544
251	58	0.015385
251	74	0.027778
251	81	0.015385
251	131	0.026316
251	133	0.029412
251	182	0.031250
251	227	0.047619
251	233	0.050000
251	249	0.033333
251	313	0.047619
251	339	0.052632
252	6	0.016393
252	10	0.023256
252	17	0.021277
252	22	0.007576
252	23	0.008696
252	29	0.008621
252	36	0.008850
252	65	0.020408
252	74	0.027778
252	85	0.021277
252	119	0.030303
252	141	0.040000
252	185	0.034483
252	204	0.037037
252	214	0.040000
252	246	0.040000
252	248	0.035714
252	291	0.041667
252	338	0.055556
252	368	0.058824
253	7	0.026316
253	18	0.007576
253	22	0.007576
253	23	0.008696
253	24	0.007937
253	26	0.008929
253	27	0.008696
253	63	0.024390
253	65	0.020408
253	80	0.022222
253	87	0.019608
253	91	0.021739
253	115	0.024390
253	118	0.032258
253	170	0.027027
253	179	0.045455
253	245	0.041667
253	264	0.041667
253	278	0.050000
253	290	0.050000
253	304	0.043478
253	311	0.047619
253	354	0.055556
253	443	0.058824
254	18	0.007576
254	21	0.007299
254	28	0.009804
254	42	0.013889
254	57	0.017857
254	71	0.017857
254	76	0.015873
254	81	0.015385
254	99	0.025000
254	103	0.031250
254	114	0.024390
254	121	0.022222
254	122	0.029412
254	133	0.029412
254	143	0.038462
254	198	0.033333
254	238	0.038462
254	267	0.047619
254	325	0.043478
254	337	0.052632
254	350	0.055556
254	369	0.050000
254	389	0.058824
254	395	0.058824
255	19	0.008065
255	20	0.007634
255	21	0.007299
255	31	0.011628
255	41	0.011494
255	47	0.014925
255	84	0.022222
255	109	0.023256
255	118	0.032258
255	153	0.034483
255	161	0.041667
255	177	0.040000
255	182	0.031250
255	202	0.038462
255	228	0.033333
255	230	0.041667
255	249	0.033333
255	262	0.045455
255	263	0.050000
255	289	0.043478
255	381	0.058824
255	417	0.055556
255	418	0.055556
255	426	0.055556
256	14	0.021277
256	23	0.008696
256	27	0.008696
256	31	0.011628
256	34	0.015152
256	36	0.008850
256	46	0.014706
256	47	0.014925
256	53	0.014925
256	67	0.019231
256	72	0.024390
256	98	0.028571
256	113	0.024390
256	131	0.026316
256	162	0.028571
256	180	0.037037
256	183	0.033333
256	263	0.050000
256	310	0.047619
256	337	0.052632
256	410	0.052632
256	421	0.058824
257	3	0.014286
257	17	0.021277
257	24	0.007937
257	29	0.008621
257	30	0.009434
257	39	0.012658
257	52	0.016949
257	95	0.019231
257	116	0.025000
257	123	0.033333
257	135	0.022727
257	147	0.031250
257	154	0.035714
257	191	0.038462
257	216	0.038462
257	228	0.033333
257	243	0.038462
257	295	0.055556
257	296	0.055556
257	374	0.052632
257	419	0.052632
257	432	0.058824
258	5	0.012048
258	35	0.011628
258	37	0.010101
258	50	0.016129
258	61	0.022727
258	79	0.030303
258	92	0.034483
258	94	0.024390
258	97	0.021277
258	104	0.025641
258	134	0.029412
258	135	0.022727
258	142	0.031250
258	153	0.034483
258	202	0.038462
258	246	0.040000
258	248	0.035714
258	260	0.040000
258	267	0.047619
258	304	0.043478
258	342	0.041667
258	382	0.058824
258	387	0.058824
258	437	0.058824
259	6	0.016393
259	21	0.007299
259	25	0.007874
259	27	0.008696
259	43	0.016129
259	44	0.025000
259	81	0.015385
259	88	0.016393
259	97	0.021277
259	99	0.025000
259	108	0.022727
259	119	0.030303
259	127	0.033333
259	151	0.038462
259	161	0.041667
259	165	0.037037
259	203	0.037037
259	266	0.041667
259	303	0.058824
259	430	0.058824
260	3	0.014286
260	13	0.018868
260	26	0.008929
260	33	0.013333
260	38	0.013158
260	40	0.014925
260	69	0.020408
260	73	0.018868
260	80	0.022222
260	93	0.031250
260	111	0.027027
260	129	0.028571
260	141	0.040000
260	150	0.032258
260	236	0.041667
260	249	0.033333
260	258	0.041667
260	278	0.050000
260	287	0.038462
260	305	0.050000
260	328	0.052632
260	335	0.055556
260	344	0.050000
260	346	0.052632
260	366	0.052632
261	2	0.022727
261	13	0.018868
261	20	0.007634
261	24	0.007937
261	28	0.009804
261	29	0.008621
261	37	0.010101
261	39	0.012658
261	53	0.014925
261	56	0.013158
261	103	0.031250
261	138	0.033333
261	163	0.035714
261	196	0.034483
261	208	0.043478
261	238	0.038462
261	240	0.041667
261	414	0.058824
262	0	0.006579
262	27	0.008696
262	60	0.018182
262	84	0.022222
262	97	0.021277
262	101	0.025641
262	116	0.025000
262	133	0.029412
262	146	0.023810
262	169	0.038462
262	207	0.037037
262	217	0.037037
262	225	0.047619
262	228	0.033333
262	238	0.038462
262	250	0.045455
262	255	0.041667
262	266	0.041667
262	275	0.040000
262	282	0.047619
262	297	0.058824
262	306	0.045455
263	0	0.006579
263	19	0.008065
263	31	0.011628
263	34	0.015152
263	36	0.008850
263	38	0.013158
263	41	0.011494
263	50	0.016129
263	55	0.013514
263	56	0.013158
263	77	0.021739
263	135	0.022727
263	139	0.027778
263	219	0.034483
263	246	0.040000
263	255	0.041667
263	256	0.045455
263	327	0.050000
263	352	0.052632
263	407	0.055556
264	3	0.014286
264	4	0.017544
264	17	0.021277
264	30	0.009434
264	40	0.014925
264	41	0.011494
264	42	0.013889
264	47	0.014925
264	55	0.013514
264	106	0.027778
264	124	0.038462
264	143	0.038462
264	158	0.026316
264	193	0.045455
264	236	0.041667
264	247	0.043478
264	253	0.041667
264	272	0.041667
264	276	0.038462
264	293	0.050000
264	364	0.055556
264	379	0.058824
264	403	0.058824
264	410	0.052632
265	5	0.012048
265	18	0.007576
265	19	0.008065
265	25	0.007874
265	27	0.008696
265	45	0.017241
265	60	0.018182
265	74	0.027778
265	75	0.019231
265	97	0.021277
265	104	0.025641
265	109	0.023256
265	128	0.031250
265	157	0.034483
265	163	0.035714
265	170	0.027027
265	198	0.033333
265	266	0.041667
265	282	0.047619
265	293	0.050000
265	299	0.047619
265	385	0.058824
265	422	0.058824
266	18	0.007576
266	23	0.008696
266	24	0.007937
266	37	0.010101
266	58	0.015385
266	60	0.018182
266	75	0.019231
266	78	0.023810
266	127	0.033333
266	129	0.028571
266	168	0.028571
266	214	0.040000
266	215	0.030303
266	220	0.047619
266	259	0.050000
266	262	0.045455
266	265	0.043478
266	297	0.058824
266	300	0.045455
266	354	0.055556
266	370	0.055556
266	373	0.047619
266	392	0.058824
266	426	0.055556
267	22	0.007576
267	24	0.007937
267	28	0.009804
267	29	0.008621
267	31	0.011628
267	42	0.013889
267	49	0.018868
267	56	0.013158
267	65	0.020408
267	78	0.023810
267	99	0.025000
267	108	0.022727
267	162	0.028571
267	169	0.038462
267	170	0.027027
267	254	0.041667
267	258	0.041667
267	332	0.043478
267	354	0.055556
267	370	0.055556
267	443	0.058824
268	20	0.007634
268	27	0.008696
268	30	0.009434
268	45	0.017241
268	59	0.021739
268	65	0.020408
268	69	0.020408
268	77	0.021739
268	79	0.030303
268	88	0.016393
268	97	0.021277
268	106	0.027778
268	120	0.035714
268	137	0.028571
268	160	0.033333
268	223	0.043478
268	245	0.041667
268	298	0.043478
268	305	0.050000
268	369	0.050000
268	382	0.058824
268	404	0.055556
268	406	0.058824
269	0	0.006579
269	3	0.014286
269	8	0.021739
269	20	0.007634
269	29	0.008621
269	37	0.010101
269	38	0.013158
269	55	0.013514
269	68	0.025000
269	96	0.021277
269	101	0.025641
269	107	0.027027
269	111	0.027027
269	155	0.029412
269	158	0.026316
269	176	0.034483
269	228	0.033333
269	272	0.041667
269	305	0.050000
269	321	0.050000
269	371	0.050000
269	408	0.052632
270	28	0.009804
270	35	0.011628
270	36	0.008850
270	38	0.013158
270	46	0.014706
270	53	0.014925
270	58	0.015385
270	69	0.020408
270	71	0.017857
270	91	0.021739
270	113	0.024390
270	127	0.033333
270	138	0.033333
270	184	0.035714
270	190	0.041667
270	213	0.037037
270	240	0.041667
270	276	0.038462
270	338	0.055556
270	344	0.050000
270	349	0.058824
270	355	0.050000
270	381	0.058824
270	438	0.058824
271	5	0.012048
271	8	0.021739
271	14	0.021277
271	29	0.008621
271	31	0.011628
271	36	0.008850
271	41	0.011494
271	57	0.017857
271	71	0.017857
271	83	0.022727
271	94	0.024390
271	149	0.032258
271	157	0.034483
271	192	0.027027
271	215	0.030303
271	232	0.037037
271	245	0.041667
271	326	0.055556
271	371	0.050000
271	383	0.058824
271	404	0.055556
271	407	0.055556
271	411	0.055556
272	4	0.017544
272	8	0.021739
272	23	0.008696
272	24	0.007937
272	28	0.009804
272	34	0.015152
272	41	0.011494
272	42	0.013889
272	47	0.014925
272	61	0.022727
272	64	0.019608
272	90	0.027778
272	103	0.031250
272	140	0.032258
272	148	0.035714
272	264	0.041667
272	269	0.045455
272	291	0.041667
272	323	0.050000
272	324	0.047619
272	326	0.055556
272	367	0.055556
272	371	0.050000
272	406	0.058824
273	3	0.014286
273	5	0.012048
273	18	0.007576
273	23	0.008696
273	27	0.008696
273	34	0.015152
273	54	0.017544
273	57	0.017857
273	72	0.024390
273	77	0.021739
273	85	0.021277
273	119	0.030303
273	135	0.022727
273	140	0.032258
273	142	0.031250
273	167	0.037037
273	196	0.034483
273	345	0.055556
273	357	0.052632
274	5	0.012048
274	24	0.007937
274	26	0.008929
274	34	0.015152
274	39	0.012658
274	41	0.011494
274	57	0.017857
274	67	0.019231
274	69	0.020408
274	81	0.015385
274	83	0.022727
274	85	0.021277
274	124	0.038462
274	130	0.033333
274	147	0.031250
274	166	0.035714
274	195	0.041667
274	295	0.055556
274	298	0.043478
274	306	0.045455
274	314	0.052632
274	318	0.055556
274	379	0.058824
274	416	0.055556
275	5	0.012048
275	16	0.041667
275	20	0.007634
275	21	0.007299
275	40	0.014925
275	50	0.016129
275	62	0.021739
275	67	0.019231
275	69	0.020408
275	70	0.022222
275	97	0.021277
275	113	0.024390
275	145	0.041667
275	147	0.031250
275	222	0.041667
275	228	0.033333
275	262	0.045455
275	295	0.055556
275	307	0.040000
275	320	0.055556
275	352	0.052632
275	380	0.052632
275	407	0.055556
275	431	0.058824
275	442	0.058824
276	13	0.018868
276	20	0.007634
276	22	0.007576
276	27	0.008696
276	32	0.012346
276	36	0.008850
276	46	0.014706
276	70	0.022222
276	71	0.017857
276	83	0.022727
276	95	0.019231
276	142	0.031250
276	147	0.031250
276	183	0.033333
276	232	0.037037
276	264	0.041667
276	270	0.041667
276	338	0.055556
276	339	0.052632
276	359	0.058824
276	383	0.058824
276	389	0.058824
276	392	0.058824
276	400	0.058824
276	411	0.055556
276	430	0.058824
277	0	0.006579
277	12	0.017241
277	23	0.008696
277	27	0.008696
277	41	0.011494
277	81	0.015385
277	87	0.019608
277	94	0.024390
277	102	0.029412
277	111	0.027027
277	114	0.024390
277	125	0.037037
277	132	0.031250
277	143	0.038462
277	204	0.037037
277	221	0.043478
277	240	0.041667
277	320	0.055556
277	400	0.058824
278	15	0.020408
278	17	0.021277
278	21	0.007299
278	24	0.007937
278	48	0.014706
278	50	0.016129
278	53	0.014925
278	72	0.024390
278	82	0.027027
278	87	0.019608
278	126	0.032258
278	170	0.027027
278	176	0.034483
278	177	0.040000
278	202	0.038462
278	253	0.041667
278	260	0.040000
278	327	0.050000
278	349	0.058824
278	421	0.058824
279	22	0.007576
279	23	0.008696
279	28	0.009804
279	36	0.008850
279	41	0.011494
279	46	0.014706
279	52	0.016949
279	61	0.022727
279	77	0.021739
279	80	0.022222
279	109	0.023256
279	137	0.028571
279	139	0.027778
279	162	0.028571
279	216	0.038462
279	218	0.037037
279	222	0.041667
279	304	0.043478
279	313	0.047619
279	437	0.058824
280	2	0.022727
280	5	0.012048
280	7	0.026316
280	8	0.021739
280	20	0.007634
280	28	0.009804
280	41	0.011494
280	49	0.018868
280	115	0.024390
280	116	0.025000
280	137	0.028571
280	160	0.033333
280	173	0.035714
280	211	0.043478
280	219	0.034483
280	221	0.043478
280	231	0.035714
281	0	0.006579
281	1	0.014925
281	4	0.017544
281	20	0.007634
281	23	0.008696
281	24	0.007937
281	27	0.008696
281	35	0.011628
281	37	0.010101
281	50	0.016129
281	51	0.017857
281	56	0.013158
281	70	0.022222
281	78	0.023810
281	111	0.027027
281	123	0.033333
281	201	0.043478
281	289	0.043478
281	298	0.043478
281	401	0.045455
281	408	0.052632
282	3	0.014286
282	11	0.017241
282	18	0.007576
282	33	0.013333
282	36	0.008850
282	49	0.018868
282	57	0.017857
282	81	0.015385
282	88	0.016393
282	95	0.019231
282	134	0.029412
282	140	0.032258
282	182	0.031250
282	192	0.027027
282	200	0.035714
282	262	0.045455
282	265	0.043478
282	363	0.050000
282	370	0.055556
282	378	0.052632
282	402	0.058824
283	0	0.006579
283	9	0.066667
283	19	0.008065
283	21	0.007299
283	22	0.007576
283	30	0.009434
283	42	0.013889
283	46	0.014706
283	71	0.017857
283	76	0.015873
283	84	0.022222
283	96	0.021277
283	107	0.027027
283	113	0.024390
283	135	0.022727
283	158	0.026316
283	189	0.038462
283	300	0.045455
283	330	0.058824
283	401	0.045455
283	406	0.058824
283	428	0.058824
283	436	0.058824
284	0	0.006579
284	3	0.014286
284	11	0.017241
284	30	0.009434
284	34	0.015152
284	35	0.011628
284	48	0.014706
284	59	0.021739
284	76	0.015873
284	98	0.028571
284	130	0.033333
284	134	0.029412
284	140	0.032258
284	179	0.045455
284	207	0.037037
284	213	0.037037
284	215	0.030303
284	286	0.050000
284	304	0.043478
284	332	0.043478
284	348	0.052632
285	11	0.017241
285	19	0.008065
285	21	0.007299
285	25	0.007874
285	30	0.009434
285	35	0.011628
285	36	0.008850
285	55	0.013514
285	64	0.019608
285	75	0.019231
285	92	0.034483
285	97	0.021277
285	135	0.022727
285	138	0.033333
285	150	0.032258
285	162	0.028571
285	197	0.034483
285	321	0.050000
285	365	0.058824
285	409	0.058824
285	410	0.052632
286	20	0.007634
286	22	0.007576
286	25	0.007874
286	45	0.017241
286	52	0.016949
286	53	0.014925
286	60	0.018182
286	66	0.016949
286	84	0.022222
286	93	0.031250
286	96	0.021277
286	122	0.029412
286	141	0.040000
286	166	0.035714
286	204	0.037037
286	213	0.037037
286	284	0.047619
286	288	0.052632
286	294	0.052632
286	388	0.052632
287	6	0.016393
287	13	0.018868
287	33	0.013333
287	37	0.010101
287	39	0.012658
287	43	0.016129
287	44	0.025000
287	49	0.018868
287	59	0.021739
287	83	0.022727
287	102	0.029412
287	128	0.031250
287	142	0.031250
287	156	0.033333
287	176	0.034483
287	222	0.041667
287	260	0.040000
287	288	0.052632
287	313	0.047619
287	333	0.045455
287	353	0.055556
287	384	0.047619
287	389	0.058824
287	390	0.052632
287	417	0.055556
287	434	0.058824
288	18	0.007576
288	22	0.007576
288	30	0.009434
288	39	0.012658
288	43	0.016129
288	76	0.015873
288	105	0.025641
288	113	0.024390
288	119	0.030303
288	122	0.029412
288	157	0.034483
288	191	0.038462
288	205	0.045455
288	220	0.047619
288	244	0.043478
288	286	0.050000
288	287	0.038462
288	314	0.052632
288	377	0.052632
289	0	0.006579
289	2	0.022727
289	5	0.012048
289	19	0.008065
289	21	0.007299
289	36	0.008850
289	69	0.020408
289	78	0.023810
289	82	0.027027
289	116	0.025000
289	142	0.031250
289	147	0.031250
289	171	0.038462
289	187	0.037037
289	216	0.038462
289	255	0.041667
289	281	0.047619
289	313	0.047619
289	357	0.052632
289	407	0.055556
289	413	0.052632
289	415	0.058824
289	442	0.058824
290	1	0.014925
290	26	0.008929
290	30	0.009434
290	33	0.013333
290	38	0.013158
290	58	0.015385
290	69	0.020408
290	74	0.027778
290	83	0.022727
290	99	0.025000
290	100	0.028571
290	107	0.027027
290	117	0.028571
290	181	0.037037
290	191	0.038462
290	249	0.033333
290	253	0.041667
290	298	0.043478
290	411	0.055556
290	420	0.058824
291	3	0.014286
291	22	0.007576
291	23	0.008696
291	28	0.009804
291	32	0.012346
291	50	0.016129
291	55	0.013514
291	60	0.018182
291	68	0.025000
291	110	0.030303
291	117	0.028571
291	132	0.031250
291	153	0.034483
291	198	0.033333
291	217	0.037037
291	252	0.050000
291	272	0.041667
291	316	0.041667
291	322	0.047619
291	364	0.055556
291	366	0.052632
291	390	0.052632
291	415	0.058824
291	436	0.058824
292	0	0.006579
292	20	0.007634
292	29	0.008621
292	31	0.011628
292	37	0.010101
292	58	0.015385
292	60	0.018182
292	69	0.020408
292	115	0.024390
292	120	0.035714
292	139	0.027778
292	164	0.037037
292	184	0.035714
292	198	0.033333
292	207	0.037037
292	218	0.037037
292	250	0.045455
292	296	0.055556
292	307	0.040000
292	324	0.047619
292	328	0.052632
292	332	0.043478
292	396	0.055556
292	401	0.045455
292	421	0.058824
292	434	0.058824
292	436	0.058824
292	437	0.058824
293	0	0.006579
293	15	0.020408
293	18	0.007576
293	19	0.008065
293	22	0.007576
293	27	0.008696
293	30	0.009434
293	37	0.010101
293	40	0.014925
293	58	0.015385
293	63	0.024390
293	69	0.020408
293	197	0.034483
293	198	0.033333
293	223	0.043478
293	264	0.041667
293	265	0.043478
293	335	0.055556
293	396	0.055556
293	433	0.055556
294	1	0.014925
294	6	0.016393
294	15	0.020408
294	19	0.008065
294	26	0.008929
294	28	0.009804
294	43	0.016129
294	55	0.013514
294	72	0.024390
294	83	0.022727
294	104	0.025641
294	107	0.027027
294	129	0.028571
294	203	0.037037
294	209	0.038462
294	241	0.045455
294	286	0.050000
294	303	0.058824
294	406	0.058824
295	2	0.022727
295	15	0.020408
295	39	0.012658
295	45	0.017241
295	70	0.022222
295	123	0.033333
295	140	0.032258
295	155	0.029412
295	156	0.033333
295	166	0.035714
295	192	0.027027
295	200	0.035714
295	234	0.050000
295	247	0.043478
295	257	0.045455
295	274	0.041667
295	275	0.040000
295	334	0.050000
296	0	0.006579
296	13	0.018868
296	21	0.007299
296	27	0.008696
296	29	0.008621
296	30	0.009434
296	51	0.017857
296	58	0.015385
296	84	0.022222
296	89	0.026316
296	94	0.024390
296	102	0.029412
296	105	0.025641
296	128	0.031250
296	244	0.043478
296	257	0.045455
296	292	0.035714
296	417	0.055556
297	1	0.014925
297	19	0.008065
297	22	0.007576
297	26	0.008929
297	33	0.013333
297	35	0.011628
297	48	0.014706
297	53	0.014925
297	82	0.027027
297	94	0.024390
297	100	0.028571
297	131	0.026316
297	133	0.029412
297	192	0.027027
297	235	0.050000
297	262	0.045455
297	266	0.041667
298	0	0.006579
298	14	0.021277
298	20	0.007634
298	22	0.007576
298	43	0.016129
298	47	0.014925
298	48	0.014706
298	58	0.015385
298	84	0.022222
298	158	0.026316
298	193	0.045455
298	230	0.041667
298	237	0.047619
298	268	0.043478
298	274	0.041667
298	281	0.047619
298	290	0.050000
298	302	0.058824
298	330	0.058824
298	332	0.043478
298	360	0.058824
298	375	0.058824
298	387	0.058824
299	3	0.014286
299	19	0.008065
299	22	0.007576
299	37	0.010101
299	40	0.014925
299	41	0.011494
299	65	0.020408
299	80	0.022222
299	103	0.031250
299	127	0.033333
299	138	0.033333
299	183	0.033333
299	186	0.041667
299	187	0.037037
299	198	0.033333
299	219	0.034483
299	265	0.043478
299	316	0.041667
299	345	0.055556
299	379	0.058824
299	431	0.058824
300	18	0.007576
300	21	0.007299
300	26	0.008929
300	35	0.011628
300	40	0.014925
300	47	0.014925
300	51	0.017857
300	60	0.018182
300	72	0.024390
300	89	0.026316
300	107	0.027027
300	155	0.029412
300	167	0.037037
300	206	0.045455
300	247	0.043478
300	266	0.041667
300	283	0.043478
300	314	0.052632
300	369	0.050000
300	404	0.055556
300	414	0.058824
300	424	0.058824
301	21	0.007299
301	24	0.007937
301	27	0.008696
301	34	0.015152
301	35	0.011628
301	46	0.014706
301	51	0.017857
301	53	0.014925
301	54	0.017544
301	66	0.016949
301	72	0.024390
301	73	0.018868
301	113	0.024390
301	122	0.029412
301	146	0.023810
301	189	0.038462
301	197	0.034483
301	368	0.058824
301	401	0.045455
301	433	0.055556
301	436	0.058824
302	13	0.018868
302	14	0.021277
302	53	0.014925
302	56	0.013158
302	64	0.019608
302	105	0.025641
302	118	0.032258
302	122	0.029412
302	128	0.031250
302	130	0.033333
302	136	0.034483
302	140	0.032258
302	166	0.035714
302	198	0.033333
302	232	0.037037
302	245	0.041667
302	298	0.043478
303	0	0.006579
303	12	0.017241
303	19	0.008065
303	21	0.007299
303	22	0.007576
303	29	0.008621
303	32	0.012346
303	39	0.012658
303	51	0.017857
303	60	0.018182
303	95	0.019231
303	112	0.030303
303	198	0.033333
303	217	0.037037
303	228	0.033333
303	259	0.050000
303	294	0.052632
304	3	0.014286
304	20	0.007634
304	24	0.007937
304	30	0.009434
304	46	0.014706
304	47	0.014925
304	48	0.014706
304	75	0.019231
304	101	0.025641
304	103	0.031250
304	108	0.022727
304	173	0.035714
304	244	0.043478
304	253	0.041667
304	258	0.041667
304	279	0.050000
304	284	0.047619
304	342	0.041667
304	348	0.052632
304	387	0.058824
304	408	0.052632
304	421	0.058824
304	426	0.055556
305	18	0.007576
305	28	0.009804
305	45	0.017241
305	48	0.014706
305	62	0.021739
305	77	0.021739
305	81	0.015385
305	85	0.021277
305	92	0.034483
305	97	0.021277
305	152	0.032258
305	159	0.043478
305	215	0.030303
305	230	0.041667
305	260	0.040000
305	268	0.043478
305	269	0.045455
305	391	0.055556
305	394	0.052632
305	437	0.058824
306	0	0.006579
306	3	0.014286
306	5	0.012048
306	20	0.007634
306	23	0.008696
306	27	0.008696
306	32	0.012346
306	39	0.012658
306	52	0.016949
306	74	0.027778
306	77	0.021739
306	96	0.021277
306	150	0.032258
306	162	0.028571
306	249	0.033333
306	262	0.045455
306	274	0.041667
306	312	0.052632
306	335	0.055556
306	348	0.052632
306	351	0.058824
306	371	0.050000
307	6	0.016393
307	43	0.016129
307	58	0.015385
307	65	0.020408
307	66	0.016949
307	68	0.025000
307	121	0.022222
307	135	0.022727
307	148	0.035714
307	149	0.032258
307	166	0.035714
307	170	0.027027
307	205	0.045455
307	226	0.047619
307	243	0.038462
307	275	0.040000
307	292	0.035714
307	324	0.047619
307	331	0.050000
307	339	0.052632
307	355	0.050000
307	364	0.055556
307	405	0.058824
307	410	0.052632
307	440	0.058824
308	1	0.014925
308	8	0.021739
308	11	0.017241
308	21	0.007299
308	38	0.013158
308	39	0.012658
308	42	0.013889
308	45	0.017241
308	55	0.013514
308	76	0.015873
308	81	0.015385
308	113	0.024390
308	140	0.032258
308	160	0.033333
308	164	0.037037
308	178	0.038462
308	201	0.043478
308	319	0.047619
308	323	0.050000
308	333	0.045455
308	344	0.050000
308	374	0.052632
308	387	0.058824
308	413	0.052632
308	430	0.058824
309	0	0.006579
309	14	0.021277
309	21	0.007299
309	23	0.008696
309	29	0.008621
309	38	0.013158
309	46	0.014706
309	52	0.016949
309	54	0.017544
309	59	0.021739
309	64	0.019608
309	69	0.020408
309	81	0.015385
309	147	0.031250
309	173	0.035714
309	180	0.037037
309	214	0.040000
309	310	0.047619
309	349	0.058824
309	352	0.052632
309	370	0.055556
309	373	0.047619
310	0	0.006579
310	6	0.016393
310	9	0.066667
310	27	0.008696
310	35	0.011628
310	67	0.019231
310	70	0.022222
310	90	0.027778
310	96	0.021277
310	129	0.028571
310	170	0.027027
310	180	0.037037
310	183	0.033333
310	194	0.041667
310	234	0.050000
310	256	0.045455
310	309	0.045455
310	317	0.045455
310	363	0.050000
310	366	0.052632
310	389	0.058824
311	5	0.012048
311	18	0.007576
311	19	0.008065
311	28	0.009804
311	30	0.009434
311	65	0.020408
311	66	0.016949
311	80	0.022222
311	81	0.015385
311	122	0.029412
311	157	0.034483
311	167	0.037037
311	169	0.038462
311	200	0.035714
311	229	0.043478
311	247	0.043478
311	253	0.041667
311	321	0.050000
311	328	0.052632
311	370	0.055556
311	371	0.050000
312	18	0.007576
312	21	0.007299
312	22	0.007576
312	28	0.009804
312	40	0.014925
312	50	0.016129
312	62	0.021739
312	80	0.022222
312	81	0.015385
312	133	0.029412
312	139	0.027778
312	154	0.035714
312	162	0.028571
312	164	0.037037
312	191	0.038462
312	231	0.035714
312	306	0.045455
312	332	0.043478
312	433	0.055556
313	20	0.007634
313	24	0.007937
313	26	0.008929
313	32	0.012346
313	48	0.014706
313	50	0.016129
313	55	0.013514
313	63	0.024390
313	65	0.020408
313	76	0.015873
313	168	0.028571
313	234	0.050000
313	243	0.038462
313	251	0.052632
313	279	0.050000
313	287	0.038462
313	289	0.043478
313	336	0.052632
313	349	0.058824
313	359	0.058824
313	376	0.058824
314	4	0.017544
314	6	0.016393
314	12	0.017241
314	21	0.007299
314	30	0.009434
314	31	0.011628
314	38	0.013158
314	47	0.014925
314	58	0.015385
314	71	0.017857
314	110	0.030303
314	116	0.025000
314	180	0.037037
314	202	0.038462
314	274	0.041667
314	288	0.052632
314	300	0.045455
314	324	0.047619
314	413	0.052632
315	0	0.006579
315	4	0.017544
315	5	0.012048
315	21	0.007299
315	22	0.007576
315	27	0.008696
315	28	0.009804
315	31	0.011628
315	39	0.012658
315	82	0.027027
315	137	0.028571
315	155	0.029412
315	164	0.037037
315	174	0.038462
315	186	0.041667
315	195	0.041667
315	219	0.034483
315	358	0.055556
315	402	0.058824
315	439	0.058824
316	4	0.017544
316	43	0.016129
316	56	0.013158
316	75	0.019231
316	88	0.016393
316	106	0.027778
316	108	0.022727
316	131	0.026316
316	134	0.029412
316	147	0.031250
316	181	0.037037
316	218	0.037037
316	221	0.043478
316	231	0.035714
316	249	0.033333
316	291	0.041667
316	299	0.047619
316	339	0.052632
316	346	0.052632
316	355	0.050000
316	360	0.058824
316	365	0.058824
316	381	0.058824
316	419	0.052632
317	16	0.041667
317	32	0.012346
317	71	0.017857
317	81	0.015385
317	90	0.027778
317	91	0.021739
317	106	0.027778
317	120	0.035714
317	131	0.026316
317	133	0.029412
317	135	0.022727
317	160	0.033333
317	192	0.027027
317	211	0.043478
317	219	0.034483
317	232	0.037037
317	310	0.047619
317	341	0.055556
317	356	0.050000
317	396	0.055556
317	434	0.058824
317	443	0.058824
318	0	0.006579
318	8	0.021739
318	22	0.007576
318	25	0.007874
318	29	0.008621
318	31	0.011628
318	42	0.013889
318	55	0.013514
318	60	0.018182
318	66	0.016949
318	75	0.019231
318	126	0.032258
318	147	0.031250
318	156	0.033333
318	165	0.037037
318	199	0.045455
318	274	0.041667
318	403	0.058824
319	6	0.016393
319	11	0.017241
319	22	0.007576
319	24	0.007937
319	53	0.014925
319	57	0.017857
319	59	0.021739
319	63	0.024390
319	116	0.025000
319	138	0.033333
319	150	0.032258
319	152	0.032258
319	154	0.035714
319	172	0.043478
319	200	0.035714
319	249	0.033333
319	308	0.040000
319	388	0.052632
319	424	0.058824
319	431	0.058824
319	436	0.058824
320	16	0.041667
320	19	0.008065
320	26	0.008929
320	38	0.013158
320	42	0.013889
320	46	0.014706
320	74	0.027778
320	76	0.015873
320	131	0.026316
320	215	0.030303
320	216	0.038462
320	222	0.041667
320	228	0.033333
320	232	0.037037
320	239	0.041667
320	275	0.040000
320	277	0.052632
320	405	0.058824
321	20	0.007634
321	24	0.007937
321	35	0.011628
321	40	0.014925
321	41	0.011494
321	71	0.017857
321	94	0.024390
321	109	0.023256
321	134	0.029412
321	151	0.038462
321	193	0.045455
321	219	0.034483
321	243	0.038462
321	248	0.035714
321	269	0.045455
321	285	0.047619
321	311	0.047619
321	323	0.050000
321	328	0.052632
321	401	0.045455
322	3	0.014286
322	26	0.008929
322	41	0.011494
322	47	0.014925
322	59	0.021739
322	72	0.024390
322	94	0.024390
322	112	0.030303
322	134	0.029412
322	145	0.041667
322	146	0.023810
322	153	0.034483
322	158	0.026316
322	170	0.027027
322	176	0.034483
322	178	0.038462
322	291	0.041667
322	333	0.045455
322	354	0.055556
322	361	0.058824
322	414	0.058824
323	11	0.017241
323	25	0.007874
323	55	0.013514
323	58	0.015385
323	74	0.027778
323	75	0.019231
323	86	0.033333
323	123	0.033333
323	135	0.022727
323	146	0.023810
323	168	0.028571
323	170	0.027027
323	182	0.031250
323	210	0.043478
323	272	0.041667
323	308	0.040000
323	321	0.050000
323	352	0.052632
323	377	0.052632
323	414	0.058824
324	12	0.017241
324	13	0.018868
324	21	0.007299
324	23	0.008696
324	50	0.016129
324	81	0.015385
324	83	0.022727
324	94	0.024390
324	200	0.035714
324	230	0.041667
324	231	0.035714
324	232	0.037037
324	249	0.033333
324	272	0.041667
324	292	0.035714
324	307	0.040000
324	314	0.052632
324	366	0.052632
324	379	0.058824
324	408	0.052632
324	419	0.052632
325	3	0.014286
325	21	0.007299
325	23	0.008696
325	25	0.007874
325	27	0.008696
325	34	0.015152
325	35	0.011628
325	38	0.013158
325	50	0.016129
325	53	0.014925
325	78	0.023810
325	85	0.021277
325	87	0.019608
325	93	0.031250
325	146	0.023810
325	185	0.034483
325	254	0.041667
325	336	0.052632
325	345	0.055556
325	375	0.058824
325	376	0.058824
325	397	0.055556
325	412	0.058824
326	13	0.018868
326	25	0.007874
326	37	0.010101
326	53	0.014925
326	63	0.024390
326	75	0.019231
326	91	0.021739
326	100	0.028571
326	101	0.025641
326	119	0.030303
326	120	0.035714
326	126	0.032258
326	236	0.041667
326	240	0.041667
326	244	0.043478
326	271	0.043478
326	272	0.041667
326	383	0.058824
327	19	0.008065
327	20	0.007634
327	21	0.007299
327	24	0.007937
327	30	0.009434
327	34	0.015152
327	42	0.013889
327	54	0.017544
327	60	0.018182
327	86	0.033333
327	97	0.021277
327	133	0.029412
327	210	0.043478
327	226	0.047619
327	229	0.043478
327	263	0.050000
327	278	0.050000
327	368	0.058824
327	380	0.052632
327	396	0.055556
328	5	0.012048
328	14	0.021277
328	18	0.007576
328	23	0.008696
328	30	0.009434
328	31	0.011628
328	63	0.024390
328	71	0.017857
328	86	0.033333
328	94	0.024390
328	154	0.035714
328	169	0.038462
328	231	0.035714
328	260	0.040000
328	292	0.035714
328	311	0.047619
328	321	0.050000
328	334	0.050000
328	336	0.052632
329	3	0.014286
329	7	0.026316
329	15	0.020408
329	17	0.021277
329	18	0.007576
329	22	0.007576
329	28	0.009804
329	33	0.013333
329	36	0.008850
329	39	0.012658
329	48	0.014706
329	54	0.017544
329	81	0.015385
329	108	0.022727
329	110	0.030303
329	160	0.033333
329	219	0.034483
329	364	0.055556
329	417	0.055556
330	15	0.020408
330	19	0.008065
330	26	0.008929
330	30	0.009434
330	35	0.011628
330	46	0.014706
330	77	0.021739
330	81	0.015385
330	88	0.016393
330	104	0.025641
330	128	0.031250
330	149	0.032258
330	183	0.033333
330	203	0.037037
330	228	0.033333
330	283	0.043478
330	298	0.043478
331	6	0.016393
331	11	0.017241
331	18	0.007576
331	30	0.009434
331	31	0.011628
331	39	0.012658
331	48	0.014706
331	63	0.024390
331	93	0.031250
331	96	0.021277
331	109	0.023256
331	131	0.026316
331	170	0.027027
331	209	0.038462
331	235	0.050000
331	238	0.038462
331	307	0.040000
331	347	0.058824
331	362	0.050000
331	364	0.055556
332	8	0.021739
332	12	0.017241
332	18	0.007576
332	31	0.011628
332	70	0.022222
332	85	0.021277
332	99	0.025000
332	114	0.024390
332	134	0.029412
332	163	0.035714
332	182	0.031250
332	246	0.040000
332	267	0.047619
332	284	0.047619
332	292	0.035714
332	298	0.043478
332	312	0.052632
332	352	0.052632
332	369	0.050000
332	380	0.052632
332	411	0.055556
332	437	0.058824
332	441	0.058824
333	13	0.018868
333	20	0.007634
333	21	0.007299
333	28	0.009804
333	47	0.014925
333	52	0.016949
333	70	0.022222
333	73	0.018868
333	87	0.019608
333	95	0.019231
333	176	0.034483
333	204	0.037037
333	211	0.043478
333	217	0.037037
333	287	0.038462
333	308	0.040000
333	322	0.047619
333	352	0.052632
333	368	0.058824
333	378	0.052632
333	391	0.055556
333	418	0.055556
334	1	0.014925
334	21	0.007299
334	22	0.007576
334	26	0.008929
334	36	0.008850
334	69	0.020408
334	85	0.021277
334	95	0.019231
334	104	0.025641
334	109	0.023256
334	130	0.033333
334	153	0.034483
334	158	0.026316
334	162	0.028571
334	222	0.041667
334	295	0.055556
334	328	0.052632
334	369	0.050000
334	383	0.058824
334	399	0.058824
335	1	0.014925
335	10	0.023256
335	24	0.007937
335	56	0.013158
335	63	0.024390
335	66	0.016949
335	78	0.023810
335	91	0.021739
335	97	0.021277
335	116	0.025000
335	138	0.033333
335	224	0.045455
335	229	0.043478
335	246	0.040000
335	260	0.040000
335	293	0.050000
335	306	0.045455
335	359	0.058824
336	3	0.014286
336	21	0.007299
336	23	0.008696
336	51	0.017857
336	66	0.016949
336	77	0.021739
336	81	0.015385
336	86	0.033333
336	117	0.028571
336	126	0.032258
336	135	0.022727
336	171	0.038462
336	224	0.045455
336	248	0.035714
336	313	0.047619
336	325	0.043478
336	328	0.052632
336	425	0.058824
336	428	0.058824
337	25	0.007874
337	35	0.011628
337	38	0.013158
337	42	0.013889
337	43	0.016129
337	53	0.014925
337	61	0.022727
337	69	0.020408
337	104	0.025641
337	120	0.035714
337	157	0.034483
337	166	0.035714
337	173	0.035714
337	199	0.045455
337	200	0.035714
337	254	0.041667
337	256	0.045455
337	352	0.052632
337	430	0.058824
338	13	0.018868
338	25	0.007874
338	27	0.008696
338	55	0.013514
338	66	0.016949
338	73	0.018868
338	77	0.021739
338	80	0.022222
338	103	0.031250
338	138	0.033333
338	145	0.041667
338	177	0.040000
338	215	0.030303
338	246	0.040000
338	252	0.050000
338	270	0.041667
338	276	0.038462
338	403	0.058824
339	6	0.016393
339	18	0.007576
339	27	0.008696
339	38	0.013158
339	55	0.013514
339	63	0.024390
339	71	0.017857
339	83	0.022727
339	110	0.030303
339	124	0.038462
339	175	0.034483
339	194	0.041667
339	237	0.047619
339	251	0.052632
339	276	0.038462
339	307	0.040000
339	316	0.041667
339	356	0.050000
339	403	0.058824
340	13	0.018868
340	19	0.008065
340	20	0.007634
340	22	0.007576
340	23	0.008696
340	25	0.007874
340	41	0.011494
340	42	0.013889
340	51	0.017857
340	55	0.013514
340	76	0.015873
340	90	0.027778
340	103	0.031250
340	132	0.031250
340	143	0.038462
340	170	0.027027
340	180	0.037037
340	341	0.055556
340	346	0.052632
340	347	0.058824
340	369	0.050000
340	402	0.058824
341	8	0.021739
341	19	0.008065
341	22	0.007576
341	36	0.008850
341	53	0.014925
341	61	0.022727
341	76	0.015873
341	83	0.022727
341	88	0.016393
341	97	0.021277
341	126	0.032258
341	130	0.033333
341	144	0.040000
341	248	0.035714
341	249	0.033333
341	317	0.045455
341	340	0.045455
341	396	0.055556
342	2	0.022727
342	4	0.017544
342	11	0.017241
342	17	0.021277
342	18	0.007576
342	24	0.007937
342	57	0.017857
342	61	0.022727
342	67	0.019231
342	95	0.019231
342	113	0.024390
342	121	0.022222
342	123	0.033333
342	156	0.033333
342	176	0.034483
342	258	0.041667
342	304	0.043478
342	348	0.052632
342	351	0.058824
342	370	0.055556
342	374	0.052632
342	375	0.058824
342	417	0.055556
342	441	0.058824
343	3	0.014286
343	18	0.007576
343	20	0.007634
343	31	0.011628
343	51	0.017857
343	64	0.019608
343	70	0.022222
343	76	0.015873
343	85	0.021277
343	100	0.028571
343	131	0.026316
343	145	0.041667
343	187	0.037037
343	192	0.027027
343	197	0.034483
343	216	0.038462
343	239	0.041667
343	351	0.058824
343	365	0.058824
343	381	0.058824
343	386	0.058824
343	404	0.055556
344	5	0.012048
344	20	0.007634
344	24	0.007937
344	39	0.012658
344	40	0.014925
344	70	0.022222
344	83	0.022727
344	85	0.021277
344	88	0.016393
344	108	0.022727
344	129	0.028571
344	141	0.040000
344	176	0.034483
344	182	0.031250
344	260	0.040000
344	270	0.041667
344	308	0.040000
344	358	0.055556
344	380	0.052632
344	435	0.055556
345	0	0.006579
345	1	0.014925
345	4	0.017544
345	25	0.007874
345	30	0.009434
345	42	0.013889
345	100	0.028571
345	114	0.024390
345	148	0.035714
345	149	0.032258
345	226	0.047619
345	239	0.041667
345	241	0.045455
345	244	0.043478
345	273	0.052632
345	299	0.047619
345	325	0.043478
345	371	0.050000
346	5	0.012048
346	22	0.007576
346	24	0.007937
346	27	0.008696
346	42	0.013889
346	43	0.016129
346	54	0.017544
346	71	0.017857
346	88	0.016393
346	125	0.037037
346	141	0.040000
346	215	0.030303
346	239	0.041667
346	240	0.041667
346	260	0.040000
346	316	0.041667
346	340	0.045455
346	393	0.055556
346	441	0.058824
347	5	0.012048
347	9	0.066667
347	13	0.018868
347	29	0.008621
347	44	0.025000
347	77	0.021739
347	79	0.030303
347	83	0.022727
347	84	0.022222
347	95	0.019231
347	114	0.024390
347	134	0.029412
347	168	0.028571
347	238	0.038462
347	249	0.033333
347	331	0.050000
347	340	0.045455
348	1	0.014925
348	11	0.017241
348	32	0.012346
348	35	0.011628
348	47	0.014925
348	49	0.018868
348	54	0.017544
348	55	0.013514
348	109	0.023256
348	110	0.030303
348	131	0.026316
348	148	0.035714
348	247	0.043478
348	284	0.047619
348	304	0.043478
348	306	0.045455
348	342	0.041667
348	363	0.050000
348	371	0.050000
349	8	0.021739
349	27	0.008696
349	50	0.016129
349	111	0.027027
349	114	0.024390
349	135	0.022727
349	155	0.029412
349	163	0.035714
349	178	0.038462
349	192	0.027027
349	208	0.043478
349	215	0.030303
349	218	0.037037
349	270	0.041667
349	278	0.050000
349	309	0.045455
349	313	0.047619
350	0	0.006579
350	7	0.026316
350	20	0.007634
350	21	0.007299
350	37	0.010101
350	46	0.014706
350	52	0.016949
350	66	0.016949
350	85	0.021277
350	87	0.019608
350	94	0.024390
350	135	0.022727
350	142	0.031250
350	196	0.034483
350	228	0.033333
350	243	0.038462
350	254	0.041667
350	366	0.052632
351	0	0.006579
351	17	0.021277
351	18	0.007576
351	22	0.007576
351	25	0.007874
351	29	0.008621
351	31	0.011628
351	36	0.008850
351	50	0.016129
351	83	0.022727
351	144	0.040000
351	166	0.035714
351	192	0.027027
351	243	0.038462
351	306	0.045455
351	342	0.041667
351	343	0.045455
352	21	0.007299
352	23	0.008696
352	30	0.009434
352	56	0.013158
352	60	0.018182
352	84	0.022222
352	134	0.029412
352	204	0.037037
352	213	0.037037
352	218	0.037037
352	263	0.050000
352	275	0.040000
352	309	0.045455
352	323	0.050000
352	332	0.043478
352	333	0.045455
352	337	0.052632
352	355	0.050000
352	378	0.052632
353	13	0.018868
353	21	0.007299
353	49	0.018868
353	74	0.027778
353	81	0.015385
353	105	0.025641
353	118	0.032258
353	125	0.037037
353	128	0.031250
353	149	0.032258
353	155	0.029412
353	164	0.037037
353	183	0.033333
353	198	0.033333
353	217	0.037037
353	242	0.052632
353	287	0.038462
353	386	0.058824
354	18	0.007576
354	28	0.009804
354	43	0.016129
354	52	0.016949
354	62	0.021739
354	96	0.021277
354	102	0.029412
354	111	0.027027
354	145	0.041667
354	159	0.043478
354	172	0.043478
354	202	0.038462
354	204	0.037037
354	253	0.041667
354	266	0.041667
354	267	0.047619
354	322	0.047619
354	437	0.058824
355	0	0.006579
355	3	0.014286
355	21	0.007299
355	24	0.007937
355	34	0.015152
355	40	0.014925
355	77	0.021739
355	107	0.027027
355	110	0.030303
355	137	0.028571
355	152	0.032258
355	158	0.026316
355	195	0.041667
355	270	0.041667
355	307	0.040000
355	316	0.041667
355	352	0.052632
355	374	0.052632
355	384	0.047619
355	390	0.052632
356	5	0.012048
356	24	0.007937
356	25	0.007874
356	35	0.011628
356	37	0.010101
356	49	0.018868
356	76	0.015873
356	90	0.027778
356	97	0.021277
356	109	0.023256
356	110	0.030303
356	167	0.037037
356	194	0.041667
356	199	0.045455
356	229	0.043478
356	317	0.045455
356	339	0.052632
356	383	0.058824
356	406	0.058824
356	431	0.058824
357	10	0.023256
357	20	0.007634
357	27	0.008696
357	59	0.021739
357	64	0.019608
357	66	0.016949
357	72	0.024390
357	79	0.030303
357	87	0.019608
357	137	0.028571
357	139	0.027778
357	169	0.038462
357	200	0.035714
357	206	0.045455
357	207	0.037037
357	273	0.052632
357	289	0.043478
357	367	0.055556
357	398	0.055556
358	18	0.007576
358	23	0.008696
358	26	0.008929
358	28	0.009804
358	49	0.018868
358	56	0.013158
358	74	0.027778
358	90	0.027778
358	94	0.024390
358	100	0.028571
358	115	0.024390
358	131	0.026316
358	134	0.029412
358	208	0.043478
358	250	0.045455
358	315	0.050000
358	344	0.050000
358	399	0.058824
359	0	0.006579
359	15	0.020408
359	20	0.007634
359	34	0.015152
359	56	0.013158
359	64	0.019608
359	75	0.019231
359	104	0.025641
359	122	0.029412
359	129	0.028571
359	156	0.033333
359	175	0.034483
359	235	0.050000
359	243	0.038462
359	276	0.038462
359	313	0.047619
359	335	0.055556
360	10	0.023256
360	11	0.017241
360	17	0.021277
360	20	0.007634
360	21	0.007299
360	42	0.013889
360	59	0.021739
360	73	0.018868
360	75	0.019231
360	159	0.043478
360	190	0.041667
360	240	0.041667
360	242	0.052632
360	249	0.033333
360	250	0.045455
360	298	0.043478
360	316	0.041667
361	2	0.022727
361	19	0.008065
361	21	0.007299
361	26	0.008929
361	38	0.013158
361	67	0.019231
361	78	0.023810
361	107	0.027027
361	109	0.023256
361	147	0.031250
361	149	0.032258
361	152	0.032258
361	179	0.045455
361	186	0.041667
361	212	0.047619
361	246	0.040000
361	322	0.047619
362	0	0.006579
362	11	0.017241
362	24	0.007937
362	29	0.008621
362	33	0.013333
362	42	0.013889
362	47	0.014925
362	51	0.017857
362	91	0.021739
362	110	0.030303
362	126	0.032258
362	131	0.026316
362	146	0.023810
362	160	0.033333
362	185	0.034483
362	205	0.045455
362	331	0.050000
362	385	0.058824
362	412	0.058824
362	415	0.058824
363	0	0.006579
363	14	0.021277
363	38	0.013158
363	53	0.014925
363	56	0.013158
363	67	0.019231
363	73	0.018868
363	75	0.019231
363	85	0.021277
363	88	0.016393
363	92	0.034483
363	146	0.023810
363	192	0.027027
363	222	0.041667
363	282	0.047619
363	310	0.047619
363	348	0.052632
363	381	0.058824
363	382	0.058824
363	414	0.058824
364	24	0.007937
364	36	0.008850
364	38	0.013158
364	59	0.021739
364	73	0.018868
364	77	0.021739
364	89	0.026316
364	96	0.021277
364	137	0.028571
364	158	0.026316
364	181	0.037037
364	241	0.045455
364	264	0.041667
364	291	0.041667
364	307	0.040000
364	329	0.052632
364	331	0.050000
364	420	0.058824
365	6	0.016393
365	16	0.041667
365	28	0.009804
365	39	0.012658
365	42	0.013889
365	43	0.016129
365	44	0.025000
365	57	0.017857
365	87	0.019608
365	104	0.025641
365	150	0.032258
365	184	0.035714
365	185	0.034483
365	217	0.037037
365	285	0.047619
365	316	0.041667
365	343	0.045455
366	10	0.023256
366	26	0.008929
366	42	0.013889
366	47	0.014925
366	52	0.016949
366	55	0.013514
366	95	0.019231
366	125	0.037037
366	184	0.035714
366	192	0.027027
366	217	0.037037
366	233	0.050000
366	260	0.040000
366	291	0.041667
366	310	0.047619
366	324	0.047619
366	350	0.055556
366	388	0.052632
366	414	0.058824
367	12	0.017241
367	15	0.020408
367	20	0.007634
367	22	0.007576
367	28	0.009804
367	29	0.008621
367	36	0.008850
367	45	0.017241
367	54	0.017544
367	88	0.016393
367	129	0.028571
367	146	0.023810
367	156	0.033333
367	230	0.041667
367	232	0.037037
367	272	0.041667
367	357	0.052632
367	375	0.058824
368	23	0.008696
368	28	0.009804
368	30	0.009434
368	33	0.013333
368	38	0.013158
368	60	0.018182
368	76	0.015873
368	86	0.033333
368	98	0.028571
368	115	0.024390
368	193	0.045455
368	231	0.035714
368	248	0.035714
368	252	0.050000
368	301	0.047619
368	327	0.050000
368	333	0.045455
369	22	0.007576
369	26	0.008929
369	32	0.012346
369	41	0.011494
369	75	0.019231
369	81	0.015385
369	99	0.025000
369	101	0.025641
369	104	0.025641
369	127	0.033333
369	149	0.032258
369	254	0.041667
369	268	0.043478
369	300	0.045455
369	332	0.043478
369	334	0.050000
369	340	0.045455
369	385	0.058824
369	393	0.055556
369	413	0.052632
370	4	0.017544
370	19	0.008065
370	27	0.008696
370	51	0.017857
370	68	0.025000
370	81	0.015385
370	106	0.027778
370	111	0.027027
370	115	0.024390
370	131	0.026316
370	214	0.040000
370	266	0.041667
370	267	0.047619
370	282	0.047619
370	309	0.045455
370	311	0.047619
370	342	0.041667
370	398	0.055556
371	3	0.014286
371	6	0.016393
371	8	0.021739
371	88	0.016393
371	93	0.031250
371	99	0.025000
371	115	0.024390
371	118	0.032258
371	191	0.038462
371	237	0.047619
371	269	0.045455
371	271	0.043478
371	272	0.041667
371	306	0.045455
371	311	0.047619
371	345	0.055556
371	348	0.052632
371	393	0.055556
371	427	0.058824
371	435	0.055556
372	10	0.023256
372	24	0.007937
372	26	0.008929
372	28	0.009804
372	34	0.015152
372	38	0.013158
372	72	0.024390
372	82	0.027027
372	116	0.025000
372	122	0.029412
372	127	0.033333
372	146	0.023810
372	153	0.034483
372	185	0.034483
372	197	0.034483
372	201	0.043478
372	210	0.043478
372	385	0.058824
372	406	0.058824
372	410	0.052632
372	428	0.058824
373	1	0.014925
373	25	0.007874
373	28	0.009804
373	47	0.014925
373	51	0.017857
373	54	0.017544
373	60	0.018182
373	61	0.022727
373	71	0.017857
373	76	0.015873
373	77	0.021739
373	105	0.025641
373	111	0.027027
373	239	0.041667
373	245	0.041667
373	266	0.041667
373	309	0.045455
373	387	0.058824
373	390	0.052632
373	433	0.055556
373	441	0.058824
374	8	0.021739
374	12	0.017241
374	22	0.007576
374	26	0.008929
374	39	0.012658
374	56	0.013158
374	68	0.025000
374	73	0.018868
374	104	0.025641
374	133	0.029412
374	138	0.033333
374	150	0.032258
374	223	0.043478
374	257	0.045455
374	308	0.040000
374	342	0.041667
374	355	0.050000
374	380	0.052632
374	404	0.055556
375	0	0.006579
375	3	0.014286
375	6	0.016393
375	21	0.007299
375	22	0.007576
375	34	0.015152
375	36	0.008850
375	71	0.017857
375	76	0.015873
375	81	0.015385
375	110	0.030303
375	203	0.037037
375	244	0.043478
375	298	0.043478
375	325	0.043478
375	342	0.041667
375	367	0.055556
376	18	0.007576
376	19	0.008065
376	34	0.015152
376	35	0.011628
376	41	0.011494
376	60	0.018182
376	67	0.019231
376	82	0.027027
376	97	0.021277
376	129	0.028571
376	144	0.040000
376	147	0.031250
376	161	0.041667
376	215	0.030303
376	225	0.047619
376	313	0.047619
376	325	0.043478
377	15	0.020408
377	28	0.009804
377	38	0.013158
377	55	0.013514
377	67	0.019231
377	69	0.020408
377	90	0.027778
377	100	0.028571
377	104	0.025641
377	121	0.022222
377	156	0.033333
377	168	0.028571
377	181	0.037037
377	189	0.038462
377	212	0.047619
377	288	0.052632
377	323	0.050000
377	396	0.055556
377	410	0.052632
378	4	0.017544
378	32	0.012346
378	36	0.008850
378	37	0.010101
378	48	0.014706
378	55	0.013514
378	66	0.016949
378	76	0.015873
378	81	0.015385
378	101	0.025641
378	109	0.023256
378	119	0.030303
378	151	0.038462
378	173	0.035714
378	282	0.047619
378	333	0.045455
378	352	0.052632
378	382	0.058824
378	389	0.058824
379	36	0.008850
379	38	0.013158
379	46	0.014706
379	74	0.027778
379	81	0.015385
379	89	0.026316
379	90	0.027778
379	94	0.024390
379	101	0.025641
379	105	0.025641
379	146	0.023810
379	177	0.040000
379	207	0.037037
379	264	0.041667
379	274	0.041667
379	299	0.047619
379	324	0.047619
380	7	0.026316
380	17	0.021277
380	31	0.011628
380	32	0.012346
380	36	0.008850
380	75	0.019231
380	99	0.025000
380	119	0.030303
380	133	0.029412
380	166	0.035714
380	225	0.047619
380	233	0.050000
380	275	0.040000
380	327	0.050000
380	332	0.043478
380	344	0.050000
380	374	0.052632
380	393	0.055556
380	404	0.055556
381	0	0.006579
381	24	0.007937
381	25	0.007874
381	29	0.008621
381	30	0.009434
381	38	0.013158
381	60	0.018182
381	77	0.021739
381	96	0.021277
381	111	0.027027
381	112	0.030303
381	121	0.022222
381	255	0.041667
381	270	0.041667
381	316	0.041667
381	343	0.045455
381	363	0.050000
382	6	0.016393
382	18	0.007576
382	37	0.010101
382	38	0.013158
382	43	0.016129
382	57	0.017857
382	60	0.018182
382	68	0.025000
382	91	0.021739
382	107	0.027027
382	116	0.025000
382	157	0.034483
382	187	0.037037
382	258	0.041667
382	268	0.043478
382	363	0.050000
382	378	0.052632
383	5	0.012048
383	14	0.021277
383	24	0.007937
383	25	0.007874
383	60	0.018182
383	66	0.016949
383	106	0.027778
383	117	0.028571
383	138	0.033333
383	142	0.031250
383	155	0.029412
383	222	0.041667
383	271	0.043478
383	276	0.038462
383	326	0.055556
383	334	0.050000
383	356	0.050000
384	40	0.014925
384	70	0.022222
384	74	0.027778
384	87	0.019608
384	106	0.027778
384	118	0.032258
384	126	0.032258
384	131	0.026316
384	139	0.027778
384	142	0.031250
384	171	0.038462
384	177	0.040000
384	185	0.034483
384	190	0.041667
384	231	0.035714
384	287	0.038462
384	355	0.050000
384	402	0.058824
384	409	0.058824
384	429	0.058824
384	442	0.058824
385	2	0.022727
385	8	0.021739
385	10	0.023256
385	42	0.013889
385	50	0.016129
385	55	0.013514
385	90	0.027778
385	121	0.022222
385	149	0.032258
385	165	0.037037
385	186	0.041667
385	237	0.047619
385	241	0.045455
385	265	0.043478
385	362	0.050000
385	369	0.050000
385	372	0.047619
386	1	0.014925
386	24	0.007937
386	27	0.008696
386	32	0.012346
386	35	0.011628
386	42	0.013889
386	60	0.018182
386	80	0.022222
386	84	0.022222
386	102	0.029412
386	164	0.037037
386	219	0.034483
386	230	0.041667
386	236	0.041667
386	249	0.033333
386	343	0.045455
386	353	0.055556
387	12	0.017241
387	26	0.008929
387	27	0.008696
387	64	0.019608
387	75	0.019231
387	76	0.015873
387	87	0.019608
387	115	0.024390
387	158	0.026316
387	197	0.034483
387	213	0.037037
387	223	0.043478
387	258	0.041667
387	298	0.043478
387	304	0.043478
387	308	0.040000
387	373	0.047619
388	18	0.007576
388	20	0.007634
388	31	0.011628
388	51	0.017857
388	52	0.016949
388	58	0.015385
388	77	0.021739
388	79	0.030303
388	104	0.025641
388	137	0.028571
388	138	0.033333
388	173	0.035714
388	218	0.037037
388	227	0.047619
388	286	0.050000
388	319	0.047619
388	366	0.052632
388	392	0.058824
388	439	0.058824
389	2	0.022727
389	26	0.008929
389	38	0.013158
389	43	0.016129
389	65	0.020408
389	66	0.016949
389	69	0.020408
389	90	0.027778
389	92	0.034483
389	122	0.029412
389	175	0.034483
389	214	0.040000
389	254	0.041667
389	276	0.038462
389	287	0.038462
389	310	0.047619
389	378	0.052632
390	0	0.006579
390	16	0.041667
390	25	0.007874
390	30	0.009434
390	33	0.013333
390	37	0.010101
390	41	0.011494
390	44	0.025000
390	62	0.021739
390	65	0.020408
390	92	0.034483
390	135	0.022727
390	175	0.034483
390	287	0.038462
390	291	0.041667
390	355	0.050000
390	373	0.047619
390	395	0.058824
390	443	0.058824
391	0	0.006579
391	2	0.022727
391	18	0.007576
391	22	0.007576
391	31	0.011628
391	47	0.014925
391	52	0.016949
391	62	0.021739
391	65	0.020408
391	78	0.023810
391	115	0.024390
391	224	0.045455
391	229	0.043478
391	238	0.038462
391	248	0.035714
391	305	0.050000
391	333	0.045455
391	433	0.055556
392	23	0.008696
392	25	0.007874
392	31	0.011628
392	34	0.015152
392	35	0.011628
392	39	0.012658
392	48	0.014706
392	84	0.022222
392	111	0.027027
392	190	0.041667
392	205	0.045455
392	206	0.045455
392	213	0.037037
392	248	0.035714
392	266	0.041667
392	276	0.038462
392	388	0.052632
393	0	0.006579
393	1	0.014925
393	6	0.016393
393	21	0.007299
393	29	0.008621
393	76	0.015873
393	85	0.021277
393	91	0.021739
393	147	0.031250
393	149	0.032258
393	180	0.037037
393	200	0.035714
393	207	0.037037
393	346	0.052632
393	369	0.050000
393	371	0.050000
393	380	0.052632
393	430	0.058824
394	4	0.017544
394	26	0.008929
394	28	0.009804
394	37	0.010101
394	42	0.013889
394	56	0.013158
394	65	0.020408
394	94	0.024390
394	96	0.021277
394	102	0.029412
394	128	0.031250
394	132	0.031250
394	134	0.029412
394	154	0.035714
394	171	0.038462
394	239	0.041667
394	305	0.050000
394	406	0.058824
394	428	0.058824
395	0	0.006579
395	3	0.014286
395	6	0.016393
395	19	0.008065
395	30	0.009434
395	35	0.011628
395	56	0.013158
395	76	0.015873
395	88	0.016393
395	106	0.027778
395	121	0.022222
395	140	0.032258
395	146	0.023810
395	209	0.038462
395	218	0.037037
395	254	0.041667
395	390	0.052632
396	19	0.008065
396	29	0.008621
396	42	0.013889
396	43	0.016129
396	45	0.017241
396	51	0.017857
396	77	0.021739
396	115	0.024390
396	121	0.022222
396	176	0.034483
396	195	0.041667
396	292	0.035714
396	293	0.050000
396	317	0.045455
396	327	0.050000
396	341	0.055556
396	377	0.052632
396	427	0.058824
397	4	0.017544
397	6	0.016393
397	12	0.017241
397	22	0.007576
397	35	0.011628
397	55	0.013514
397	59	0.021739
397	106	0.027778
397	152	0.032258
397	155	0.029412
397	182	0.031250
397	189	0.038462
397	198	0.033333
397	202	0.038462
397	204	0.037037
397	236	0.041667
397	325	0.043478
397	412	0.058824
398	23	0.008696
398	31	0.011628
398	33	0.013333
398	37	0.010101
398	41	0.011494
398	58	0.015385
398	62	0.021739
398	76	0.015873
398	96	0.021277
398	108	0.022727
398	139	0.027778
398	164	0.037037
398	177	0.040000
398	196	0.034483
398	240	0.041667
398	357	0.052632
398	370	0.055556
398	442	0.058824
399	0	0.006579
399	5	0.012048
399	9	0.066667
399	12	0.017241
399	14	0.021277
399	27	0.008696
399	29	0.008621
399	53	0.014925
399	66	0.016949
399	70	0.022222
399	170	0.027027
399	194	0.041667
399	197	0.034483
399	216	0.038462
399	219	0.034483
399	334	0.050000
399	358	0.055556
400	4	0.017544
400	6	0.016393
400	7	0.026316
400	17	0.021277
400	24	0.007937
400	56	0.013158
400	65	0.020408
400	71	0.017857
400	88	0.016393
400	101	0.025641
400	146	0.023810
400	168	0.028571
400	192	0.027027
400	228	0.033333
400	239	0.041667
400	276	0.038462
400	277	0.052632
401	22	0.007576
401	39	0.012658
401	57	0.017857
401	64	0.019608
401	104	0.025641
401	115	0.024390
401	119	0.030303
401	129	0.028571
401	137	0.028571
401	146	0.023810
401	194	0.041667
401	215	0.030303
401	281	0.047619
401	283	0.043478
401	292	0.035714
401	301	0.047619
401	321	0.050000
401	416	0.055556
401	418	0.055556
401	429	0.058824
401	435	0.055556
401	442	0.058824
402	3	0.014286
402	18	0.007576
402	20	0.007634
402	33	0.013333
402	36	0.008850
402	56	0.013158
402	57	0.017857
402	66	0.016949
402	89	0.026316
402	158	0.026316
402	168	0.028571
402	170	0.027027
402	208	0.043478
402	282	0.047619
402	315	0.050000
402	340	0.045455
402	384	0.047619
403	3	0.014286
403	11	0.017241
403	18	0.007576
403	19	0.008065
403	27	0.008696
403	28	0.009804
403	44	0.025000
403	108	0.022727
403	121	0.022222
403	139	0.027778
403	160	0.033333
403	176	0.034483
403	196	0.034483
403	264	0.041667
403	318	0.055556
403	338	0.055556
403	339	0.052632
404	6	0.016393
404	30	0.009434
404	64	0.019608
404	81	0.015385
404	117	0.028571
404	118	0.032258
404	126	0.032258
404	129	0.028571
404	173	0.035714
404	189	0.038462
404	243	0.038462
404	268	0.043478
404	271	0.043478
404	300	0.045455
404	343	0.045455
404	374	0.052632
404	380	0.052632
404	431	0.058824
405	0	0.006579
405	11	0.017241
405	26	0.008929
405	28	0.009804
405	29	0.008621
405	33	0.013333
405	41	0.011494
405	58	0.015385
405	81	0.015385
405	84	0.022222
405	137	0.028571
405	151	0.038462
405	174	0.038462
405	199	0.045455
405	232	0.037037
405	307	0.040000
405	320	0.055556
406	0	0.006579
406	24	0.007937
406	25	0.007874
406	36	0.008850
406	43	0.016129
406	88	0.016393
406	128	0.031250
406	134	0.029412
406	194	0.041667
406	209	0.038462
406	268	0.043478
406	272	0.041667
406	283	0.043478
406	294	0.052632
406	356	0.050000
406	372	0.047619
406	394	0.052632
407	19	0.008065
407	20	0.007634
407	21	0.007299
407	29	0.008621
407	45	0.017241
407	52	0.016949
407	55	0.013514
407	76	0.015873
407	102	0.029412
407	140	0.032258
407	144	0.040000
407	181	0.037037
407	191	0.038462
407	263	0.050000
407	271	0.043478
407	275	0.040000
407	289	0.043478
407	433	0.055556
408	2	0.022727
408	13	0.018868
408	18	0.007576
408	26	0.008929
408	35	0.011628
408	51	0.017857
408	58	0.015385
408	67	0.019231
408	112	0.030303
408	136	0.034483
408	196	0.034483
408	214	0.040000
408	245	0.041667
408	269	0.045455
408	281	0.047619
408	304	0.043478
408	324	0.047619
408	420	0.058824
408	435	0.055556
409	49	0.018868
409	50	0.016129
409	53	0.014925
409	54	0.017544
409	57	0.017857
409	63	0.024390
409	73	0.018868
409	78	0.023810
409	85	0.021277
409	106	0.027778
409	146	0.023810
409	180	0.037037
409	181	0.037037
409	190	0.041667
409	248	0.035714
409	285	0.047619
409	384	0.047619
410	1	0.014925
410	16	0.041667
410	22	0.007576
410	29	0.008621
410	37	0.010101
410	68	0.025000
410	69	0.020408
410	107	0.027027
410	121	0.022222
410	183	0.033333
410	232	0.037037
410	256	0.045455
410	264	0.041667
410	285	0.047619
410	307	0.040000
410	372	0.047619
410	377	0.052632
410	416	0.055556
410	433	0.055556
411	6	0.016393
411	12	0.017241
411	20	0.007634
411	25	0.007874
411	31	0.011628
411	37	0.010101
411	41	0.011494
411	64	0.019608
411	89	0.026316
411	140	0.032258
411	187	0.037037
411	189	0.038462
411	213	0.037037
411	271	0.043478
411	276	0.038462
411	290	0.050000
411	332	0.043478
411	435	0.055556
412	0	0.006579
412	4	0.017544
412	6	0.016393
412	20	0.007634
412	24	0.007937
412	37	0.010101
412	43	0.016129
412	60	0.018182
412	122	0.029412
412	142	0.031250
412	177	0.040000
412	209	0.038462
412	218	0.037037
412	230	0.041667
412	325	0.043478
412	362	0.050000
412	397	0.055556
413	29	0.008621
413	42	0.013889
413	44	0.025000
413	56	0.013158
413	58	0.015385
413	70	0.022222
413	81	0.015385
413	101	0.025641
413	181	0.037037
413	207	0.037037
413	209	0.038462
413	226	0.047619
413	238	0.038462
413	289	0.043478
413	308	0.040000
413	314	0.052632
413	369	0.050000
413	437	0.058824
413	439	0.058824
414	17	0.021277
414	27	0.008696
414	36	0.008850
414	39	0.012658
414	78	0.023810
414	96	0.021277
414	103	0.031250
414	104	0.025641
414	136	0.034483
414	163	0.035714
414	204	0.037037
414	261	0.055556
414	300	0.045455
414	322	0.047619
414	323	0.050000
414	363	0.050000
414	366	0.052632
415	2	0.022727
415	8	0.021739
415	19	0.008065
415	22	0.007576
415	28	0.009804
415	29	0.008621
415	39	0.012658
415	41	0.011494
415	59	0.021739
415	156	0.033333
415	158	0.026316
415	174	0.038462
415	181	0.037037
415	184	0.035714
415	289	0.043478
415	291	0.041667
415	362	0.050000
416	18	0.007576
416	28	0.009804
416	38	0.013158
416	41	0.011494
416	45	0.017241
416	52	0.016949
416	54	0.017544
416	97	0.021277
416	139	0.027778
416	154	0.035714
416	162	0.028571
416	168	0.028571
416	188	0.055556
416	225	0.047619
416	274	0.041667
416	401	0.045455
416	410	0.052632
416	422	0.058824
417	8	0.021739
417	15	0.020408
417	25	0.007874
417	26	0.008929
417	93	0.031250
417	122	0.029412
417	133	0.029412
417	163	0.035714
417	165	0.037037
417	169	0.038462
417	195	0.041667
417	241	0.045455
417	255	0.041667
417	287	0.038462
417	296	0.055556
417	329	0.052632
417	342	0.041667
417	443	0.058824
418	4	0.017544
418	18	0.007576
418	28	0.009804
418	29	0.008621
418	60	0.018182
418	62	0.021739
418	80	0.022222
418	99	0.025000
418	109	0.023256
418	110	0.030303
418	132	0.031250
418	150	0.032258
418	166	0.035714
418	189	0.038462
418	255	0.041667
418	333	0.045455
418	401	0.045455
418	441	0.058824
419	0	0.006579
419	7	0.026316
419	8	0.021739
419	20	0.007634
419	34	0.015152
419	36	0.008850
419	54	0.017544
419	69	0.020408
419	82	0.027027
419	91	0.021739
419	174	0.038462
419	175	0.034483
419	185	0.034483
419	200	0.035714
419	257	0.045455
419	316	0.041667
419	324	0.047619
419	430	0.058824
419	434	0.058824
420	7	0.026316
420	11	0.017241
420	30	0.009434
420	31	0.011628
420	32	0.012346
420	33	0.013333
420	52	0.016949
420	58	0.015385
420	71	0.017857
420	182	0.031250
420	192	0.027027
420	210	0.043478
420	215	0.030303
420	219	0.034483
420	290	0.050000
420	364	0.055556
420	408	0.052632
421	0	0.006579
421	9	0.066667
421	25	0.007874
421	26	0.008929
421	28	0.009804
421	36	0.008850
421	45	0.017241
421	58	0.015385
421	109	0.023256
421	116	0.025000
421	137	0.028571
421	164	0.037037
421	203	0.037037
421	256	0.045455
421	278	0.050000
421	292	0.035714
421	304	0.043478
422	4	0.017544
422	10	0.023256
422	19	0.008065
422	24	0.007937
422	26	0.008929
422	32	0.012346
422	48	0.014706
422	58	0.015385
422	81	0.015385
422	122	0.029412
422	131	0.026316
422	136	0.034483
422	143	0.038462
422	213	0.037037
422	248	0.035714
422	265	0.043478
422	416	0.055556
423	0	0.006579
423	8	0.021739
423	12	0.017241
423	26	0.008929
423	27	0.008696
423	30	0.009434
423	41	0.011494
423	43	0.016129
423	56	0.013158
423	59	0.021739
423	117	0.028571
423	167	0.037037
423	170	0.027027
423	178	0.038462
423	182	0.031250
423	197	0.034483
423	213	0.037037
424	13	0.018868
424	18	0.007576
424	29	0.008621
424	31	0.011628
424	71	0.017857
424	73	0.018868
424	85	0.021277
424	88	0.016393
424	93	0.031250
424	96	0.021277
424	113	0.024390
424	126	0.032258
424	128	0.031250
424	191	0.038462
424	192	0.027027
424	300	0.045455
424	319	0.047619
425	4	0.017544
425	5	0.012048
425	22	0.007576
425	25	0.007874
425	26	0.008929
425	28	0.009804
425	29	0.008621
425	42	0.013889
425	51	0.017857
425	75	0.019231
425	96	0.021277
425	105	0.025641
425	132	0.031250
425	151	0.038462
425	201	0.043478
425	250	0.045455
425	336	0.052632
426	3	0.014286
426	4	0.017544
426	22	0.007576
426	24	0.007937
426	29	0.008621
426	52	0.016949
426	54	0.017544
426	74	0.027778
426	107	0.027027
426	110	0.030303
426	111	0.027027
426	148	0.035714
426	168	0.028571
426	231	0.035714
426	255	0.041667
426	266	0.041667
426	304	0.043478
426	432	0.058824
427	18	0.007576
427	19	0.008065
427	26	0.008929
427	31	0.011628
427	44	0.025000
427	71	0.017857
427	82	0.027027
427	84	0.022222
427	97	0.021277
427	108	0.022727
427	164	0.037037
427	171	0.038462
427	200	0.035714
427	223	0.043478
427	231	0.035714
427	371	0.050000
427	396	0.055556
428	17	0.021277
428	18	0.007576
428	21	0.007299
428	32	0.012346
428	47	0.014925
428	68	0.025000
428	73	0.018868
428	76	0.015873
428	87	0.019608
428	156	0.033333
428	161	0.041667
428	218	0.037037
428	223	0.043478
428	283	0.043478
428	336	0.052632
428	372	0.047619
428	394	0.052632
429	22	0.007576
429	27	0.008696
429	29	0.008621
429	41	0.011494
429	48	0.014706
429	52	0.016949
429	57	0.017857
429	67	0.019231
429	91	0.021739
429	98	0.028571
429	121	0.022222
429	124	0.038462
429	130	0.033333
429	220	0.047619
429	249	0.033333
429	384	0.047619
429	401	0.045455
430	25	0.007874
430	46	0.014706
430	98	0.028571
430	99	0.025000
430	106	0.027778
430	113	0.024390
430	115	0.024390
430	167	0.037037
430	192	0.027027
430	212	0.047619
430	228	0.033333
430	259	0.050000
430	276	0.038462
430	308	0.040000
430	337	0.052632
430	393	0.055556
430	419	0.052632
431	1	0.014925
431	10	0.023256
431	22	0.007576
431	23	0.008696
431	68	0.025000
431	71	0.017857
431	115	0.024390
431	135	0.022727
431	201	0.043478
431	211	0.043478
431	228	0.033333
431	232	0.037037
431	275	0.040000
431	299	0.047619
431	319	0.047619
431	356	0.050000
431	404	0.055556
432	4	0.017544
432	20	0.007634
432	35	0.011628
432	38	0.013158
432	46	0.014706
432	59	0.021739
432	81	0.015385
432	88	0.016393
432	96	0.021277
432	97	0.021277
432	99	0.025000
432	108	0.022727
432	135	0.022727
432	152	0.032258
432	158	0.026316
432	257	0.045455
432	426	0.055556
433	24	0.007937
433	25	0.007874
433	33	0.013333
433	40	0.014925
433	41	0.011494
433	45	0.017241
433	86	0.033333
433	87	0.019608
433	138	0.033333
433	210	0.043478
433	293	0.050000
433	301	0.047619
433	312	0.052632
433	373	0.047619
433	391	0.055556
433	407	0.055556
433	410	0.052632
433	439	0.058824
434	37	0.010101
434	40	0.014925
434	53	0.014925
434	55	0.013514
434	77	0.021739
434	89	0.026316
434	123	0.033333
434	132	0.031250
434	155	0.029412
434	160	0.033333
434	199	0.045455
434	201	0.043478
434	220	0.047619
434	287	0.038462
434	292	0.035714
434	317	0.045455
434	419	0.052632
435	1	0.014925
435	33	0.013333
435	34	0.015152
435	44	0.025000
435	56	0.013158
435	96	0.021277
435	97	0.021277
435	106	0.027778
435	124	0.038462
435	154	0.035714
435	178	0.038462
435	187	0.037037
435	344	0.050000
435	371	0.050000
435	401	0.045455
435	408	0.052632
435	411	0.055556
435	436	0.058824
436	22	0.007576
436	25	0.007874
436	26	0.008929
436	27	0.008696
436	37	0.010101
436	93	0.031250
436	95	0.019231
436	132	0.031250
436	183	0.033333
436	196	0.034483
436	200	0.035714
436	283	0.043478
436	291	0.041667
436	292	0.035714
436	301	0.047619
436	319	0.047619
436	435	0.055556
437	7	0.026316
437	26	0.008929
437	33	0.013333
437	39	0.012658
437	63	0.024390
437	68	0.025000
437	77	0.021739
437	130	0.033333
437	203	0.037037
437	238	0.038462
437	258	0.041667
437	279	0.050000
437	292	0.035714
437	305	0.050000
437	332	0.043478
437	354	0.055556
437	413	0.052632
438	5	0.012048
438	25	0.007874
438	29	0.008621
438	51	0.017857
438	76	0.015873
438	78	0.023810
438	87	0.019608
438	92	0.034483
438	130	0.033333
438	136	0.034483
438	169	0.038462
438	185	0.034483
438	209	0.038462
438	218	0.037037
438	224	0.045455
438	227	0.047619
438	270	0.041667
439	18	0.007576
439	23	0.008696
439	24	0.007937
439	41	0.011494
439	45	0.017241
439	67	0.019231
439	73	0.018868
439	81	0.015385
439	91	0.021739
439	153	0.034483
439	185	0.034483
439	221	0.043478
439	245	0.041667
439	315	0.050000
439	388	0.052632
439	413	0.052632
439	433	0.055556
440	0	0.006579
440	4	0.017544
440	26	0.008929
440	29	0.008621
440	36	0.008850
440	42	0.013889
440	43	0.016129
440	49	0.018868
440	102	0.029412
440	135	0.022727
440	152	0.032258
440	211	0.043478
440	214	0.040000
440	217	0.037037
440	243	0.038462
440	246	0.040000
440	307	0.040000
441	0	0.006579
441	5	0.012048
441	19	0.008065
441	45	0.017241
441	50	0.016129
441	54	0.017544
441	91	0.021739
441	105	0.025641
441	116	0.025000
441	142	0.031250
441	211	0.043478
441	219	0.034483
441	332	0.043478
441	342	0.041667
441	346	0.052632
441	373	0.047619
441	418	0.055556
442	24	0.007937
442	27	0.008696
442	28	0.009804
442	31	0.011628
442	86	0.033333
442	91	0.021739
442	96	0.021277
442	151	0.038462
442	152	0.032258
442	170	0.027027
442	238	0.038462
442	248	0.035714
442	275	0.040000
442	289	0.043478
442	384	0.047619
442	398	0.055556
442	401	0.045455
443	19	0.008065
443	24	0.007937
443	32	0.012346
443	48	0.014706
443	53	0.014925
443	58	0.015385
443	106	0.027778
443	113	0.024390
443	156	0.033333
443	168	0.028571
443	202	0.038462
443	247	0.043478
443	253	0.041667
443	267	0.047619
443	317	0.045455
443	390	0.052632
443	417	0.055556
