399	11520
0	1	0.015625
0	2	0.010204
0	3	0.047619
0	4	0.028571
0	5	0.019231
0	6	0.014085
0	7	0.037037
0	8	0.023256
0	9	0.016393
0	10	0.013699
0	11	0.013158
0	12	0.026316
0	13	0.032258
0	14	0.035714
0	15	0.017544
0	16	0.008333
0	17	0.008403
0	18	0.008264
0	19	0.010309
0	20	0.012346
0	21	0.009346
0	22	0.010526
0	23	0.010309
0	24	0.010870
0	25	0.012346
0	26	0.012821
0	27	0.012195
0	28	0.011494
0	29	0.016129
0	30	0.011628
0	31	0.015625
0	32	0.015873
0	33	0.015385
0	34	0.014085
0	35	0.013699
0	38	0.014925
0	39	0.019231
0	40	0.015873
0	42	0.016667
0	43	0.020000
0	46	0.015873
0	47	0.015873
0	52	0.018868
0	60	0.019608
0	63	0.027778
0	66	0.030303
0	70	0.023810
0	71	0.041667
0	72	0.030303
0	73	0.034483
0	74	0.022222
0	76	0.028571
0	77	0.028571
0	79	0.023256
0	80	0.033333
0	82	0.030303
0	84	0.026316
0	86	0.024390
0	88	0.025641
0	94	0.028571
0	95	0.037037
0	96	0.029412
0	100	0.030303
0	101	0.045455
0	102	0.023810
0	103	0.032258
0	107	0.035714
0	108	0.041667
0	111	0.021277
0	115	0.041667
0	116	0.030303
0	117	0.033333
0	118	0.027778
0	119	0.034483
0	120	0.030303
0	122	0.035714
0	124	0.045455
0	126	0.034483
0	127	0.035714
0	129	0.028571
0	132	0.033333
0	133	0.033333
0	139	0.038462
0	145	0.043478
0	146	0.037037
0	147	0.041667
0	149	0.033333
0	151	0.041667
0	152	0.045455
0	154	0.032258
0	155	0.038462
0	156	0.055556
0	157	0.038462
0	160	0.037037
0	164	0.045455
0	166	0.035714
0	168	0.034483
0	169	0.045455
0	174	0.050000
0	177	0.047619
0	180	0.050000
0	181	0.038462
0	183	0.047619
0	186	0.047619
0	188	0.041667
0	189	0.050000
0	191	0.037037
0	193	0.055556
0	200	0.045455
0	202	0.043478
0	204	0.040000
0	208	0.038462
0	218	0.055556
0	220	0.055556
0	225	0.041667
0	227	0.041667
0	229	0.043478
0	232	0.058824
0	235	0.052632
0	238	0.055556
0	240	0.043478
0	241	0.058824
0	246	0.062500
0	247	0.055556
0	251	0.052632
0	253	0.043478
0	254	0.055556
0	257	0.058824
0	260	0.058824
0	262	0.052632
0	266	0.052632
0	267	0.055556
0	271	0.055556
0	277	0.047619
0	278	0.062500
0	282	0.058824
0	283	0.062500
0	287	0.058824
0	292	0.058824
0	295	0.055556
0	297	0.058824
0	300	0.066667
0	309	0.062500
0	316	0.058824
0	321	0.055556
0	323	0.062500
0	330	0.047619
0	338	0.066667
0	339	0.066667
0	340	0.052632
0	346	0.066667
0	350	0.066667
0	362	0.066667
0	375	0.066667
0	382	0.066667
0	384	0.062500
0	389	0.066667
0	394	0.066667
1	0	0.006329
1	16	0.008333
1	17	0.008403
1	18	0.008264
1	19	0.010309
1	20	0.012346
1	22	0.010526
1	23	0.010309
1	26	0.012821
1	27	0.012195
1	30	0.011628
1	37	0.012346
1	39	0.019231
1	48	0.028571
1	54	0.029412
1	56	0.018868
1	59	0.024390
1	63	0.027778
1	64	0.021739
1	66	0.030303
1	68	0.023810
1	70	0.023810
1	72	0.030303
1	78	0.025641
1	91	0.028571
1	100	0.030303
1	102	0.023810
1	110	0.040000
1	111	0.021277
1	113	0.040000
1	128	0.035714
1	135	0.034483
1	140	0.030303
1	151	0.041667
1	152	0.045455
1	154	0.032258
1	164	0.045455
1	167	0.041667
1	169	0.045455
1	175	0.052632
1	179	0.038462
1	195	0.047619
1	201	0.050000
1	213	0.043478
1	225	0.041667
1	227	0.041667
1	229	0.043478
1	230	0.052632
1	238	0.055556
1	251	0.052632
1	252	0.050000
1	260	0.058824
1	290	0.055556
1	291	0.052632
1	309	0.062500
1	325	0.055556
1	332	0.066667
1	337	0.058824
1	346	0.066667
1	364	0.066667
1	365	0.066667
1	381	0.066667
1	389	0.066667
1	396	0.066667
2	0	0.006329
2	16	0.008333
2	17	0.008403
2	18	0.008264
2	19	0.010309
2	21	0.009346
2	22	0.010526
2	25	0.012346
2	26	0.012821
2	28	0.011494
2	29	0.016129
2	30	0.011628
2	31	0.015625
2	32	0.015873
2	33	0.015385
2	34	0.014085
2	36	0.016667
2	38	0.014925
2	40	0.015873
2	42	0.016667
2	43	0.020000
2	44	0.025641
2	45	0.014493
2	49	0.019231
2	53	0.022727
2	54	0.029412
2	55	0.027027
2	56	0.018868
2	59	0.024390
2	64	0.021739
2	65	0.020833
2	69	0.034483
2	72	0.030303
2	77	0.028571
2	78	0.025641
2	84	0.026316
2	92	0.024390
2	94	0.028571
2	98	0.034483
2	106	0.026316
2	107	0.035714
2	109	0.034483
2	111	0.021277
2	112	0.037037
2	114	0.033333
2	119	0.034483
2	120	0.030303
2	136	0.041667
2	138	0.031250
2	141	0.038462
2	143	0.032258
2	145	0.043478
2	146	0.037037
2	153	0.045455
2	157	0.038462
2	167	0.041667
2	170	0.050000
2	173	0.030303
2	174	0.050000
2	182	0.043478
2	189	0.050000
2	192	0.043478
2	194	0.043478
2	202	0.043478
2	203	0.045455
2	205	0.050000
2	208	0.038462
2	213	0.043478
2	216	0.058824
2	222	0.052632
2	223	0.052632
2	225	0.041667
2	233	0.058824
2	245	0.052632
2	248	0.050000
2	261	0.062500
2	262	0.052632
2	263	0.062500
2	270	0.058824
2	274	0.052632
2	275	0.066667
2	287	0.058824
2	291	0.052632
2	295	0.055556
2	300	0.066667
2	313	0.066667
2	316	0.058824
2	318	0.062500
2	328	0.066667
2	332	0.066667
2	341	0.058824
2	342	0.066667
2	345	0.066667
2	347	0.062500
2	359	0.062500
2	365	0.066667
2	367	0.062500
2	377	0.066667
3	0	0.006329
3	16	0.008333
3	18	0.008264
3	20	0.012346
3	24	0.010870
3	39	0.019231
3	60	0.019608
3	63	0.027778
3	87	0.034483
3	98	0.034483
3	112	0.037037
3	135	0.034483
3	187	0.040000
3	203	0.045455
3	220	0.055556
3	268	0.055556
3	329	0.055556
3	341	0.058824
3	346	0.066667
3	372	0.058824
3	391	0.066667
4	0	0.006329
4	16	0.008333
4	17	0.008403
4	19	0.010309
4	20	0.012346
4	21	0.009346
4	24	0.010870
4	26	0.012821
4	27	0.012195
4	28	0.011494
4	29	0.016129
4	40	0.015873
4	53	0.022727
4	54	0.029412
4	90	0.034483
4	97	0.037037
4	99	0.022222
4	100	0.030303
4	125	0.041667
4	149	0.033333
4	156	0.055556
4	165	0.041667
4	184	0.050000
4	210	0.052632
4	215	0.052632
4	218	0.055556
4	244	0.041667
4	272	0.066667
4	275	0.066667
4	296	0.055556
4	303	0.058824
4	350	0.066667
4	353	0.066667
4	382	0.066667
4	389	0.066667
5	0	0.006329
5	16	0.008333
5	17	0.008403
5	18	0.008264
5	19	0.010309
5	20	0.012346
5	21	0.009346
5	22	0.010526
5	23	0.010309
5	24	0.010870
5	27	0.012195
5	28	0.011494
5	29	0.016129
5	32	0.015873
5	33	0.015385
5	42	0.016667
5	45	0.014493
5	49	0.019231
5	60	0.019608
5	62	0.022222
5	65	0.020833
5	68	0.023810
5	69	0.034483
5	70	0.023810
5	73	0.034483
5	83	0.028571
5	84	0.026316
5	103	0.032258
5	119	0.034483
5	131	0.029412
5	133	0.033333
5	145	0.043478
5	152	0.045455
5	160	0.037037
5	161	0.041667
5	181	0.038462
5	192	0.043478
5	196	0.043478
5	198	0.047619
5	210	0.052632
5	226	0.058824
5	234	0.050000
5	239	0.055556
5	252	0.050000
5	286	0.055556
5	309	0.062500
5	318	0.062500
5	334	0.058824
5	358	0.066667
5	359	0.062500
5	385	0.062500
5	397	0.066667
6	0	0.006329
6	16	0.008333
6	17	0.008403
6	18	0.008264
6	20	0.012346
6	22	0.010526
6	23	0.010309
6	25	0.012346
6	28	0.011494
6	29	0.016129
6	34	0.014085
6	36	0.016667
6	37	0.012346
6	38	0.014925
6	39	0.019231
6	42	0.016667
6	43	0.020000
6	45	0.014493
6	51	0.021739
6	52	0.018868
6	55	0.027027
6	56	0.018868
6	57	0.021739
6	63	0.027778
6	66	0.030303
6	67	0.023810
6	75	0.034483
6	77	0.028571
6	78	0.025641
6	79	0.023256
6	83	0.028571
6	86	0.024390
6	91	0.028571
6	99	0.022222
6	102	0.023810
6	115	0.041667
6	122	0.035714
6	130	0.034483
6	134	0.033333
6	135	0.034483
6	146	0.037037
6	159	0.032258
6	162	0.034483
6	163	0.043478
6	168	0.034483
6	171	0.047619
6	174	0.050000
6	181	0.038462
6	183	0.047619
6	186	0.047619
6	187	0.040000
6	188	0.041667
6	194	0.043478
6	195	0.047619
6	196	0.043478
6	200	0.045455
6	206	0.045455
6	215	0.052632
6	240	0.043478
6	265	0.055556
6	269	0.058824
6	277	0.047619
6	307	0.058824
6	310	0.066667
6	327	0.058824
6	358	0.066667
6	359	0.062500
6	373	0.066667
6	374	0.066667
6	391	0.066667
6	396	0.066667
7	0	0.006329
7	16	0.008333
7	17	0.008403
7	18	0.008264
7	19	0.010309
7	20	0.012346
7	26	0.012821
7	30	0.011628
7	44	0.025641
7	60	0.019608
7	65	0.020833
7	79	0.023256
7	81	0.038462
7	90	0.034483
7	157	0.038462
7	176	0.041667
7	197	0.038462
7	219	0.045455
7	223	0.052632
7	253	0.043478
7	255	0.043478
7	329	0.055556
7	339	0.066667
7	340	0.052632
7	347	0.062500
7	365	0.066667
7	393	0.066667
8	0	0.006329
8	16	0.008333
8	18	0.008264
8	24	0.010870
8	36	0.016667
8	70	0.023810
8	74	0.022222
8	76	0.028571
8	78	0.025641
8	81	0.038462
8	86	0.024390
8	93	0.035714
8	98	0.034483
8	100	0.030303
8	102	0.023810
8	121	0.040000
8	136	0.041667
8	138	0.031250
8	139	0.038462
8	140	0.030303
8	141	0.038462
8	154	0.032258
8	175	0.052632
8	187	0.040000
8	191	0.037037
8	192	0.043478
8	197	0.038462
8	204	0.040000
8	216	0.058824
8	217	0.052632
8	221	0.043478
8	267	0.055556
8	273	0.055556
8	275	0.066667
8	298	0.050000
8	305	0.062500
8	334	0.058824
8	335	0.062500
8	342	0.066667
8	366	0.066667
8	367	0.062500
8	387	0.066667
8	389	0.066667
9	0	0.006329
9	16	0.008333
9	17	0.008403
9	18	0.008264
9	19	0.010309
9	20	0.012346
9	21	0.009346
9	22	0.010526
9	26	0.012821
9	27	0.012195
9	31	0.015625
9	32	0.015873
9	35	0.013699
9	36	0.016667
9	37	0.012346
9	38	0.014925
9	47	0.015873
9	49	0.019231
9	55	0.027027
9	56	0.018868
9	59	0.024390
9	62	0.022222
9	63	0.027778
9	70	0.023810
9	71	0.041667
9	73	0.034483
9	78	0.025641
9	94	0.028571
9	96	0.029412
9	101	0.045455
9	103	0.032258
9	104	0.025641
9	118	0.027778
9	123	0.040000
9	125	0.041667
9	127	0.035714
9	129	0.028571
9	130	0.034483
9	132	0.033333
9	137	0.031250
9	156	0.055556
9	158	0.047619
9	168	0.034483
9	170	0.050000
9	183	0.047619
9	197	0.038462
9	208	0.038462
9	239	0.055556
9	252	0.050000
9	273	0.055556
9	298	0.050000
9	316	0.058824
9	317	0.062500
9	324	0.062500
9	326	0.066667
9	332	0.066667
9	350	0.066667
9	366	0.066667
9	385	0.062500
9	391	0.066667
9	398	0.066667
10	0	0.006329
10	16	0.008333
10	17	0.008403
10	18	0.008264
10	19	0.010309
10	21	0.009346
10	22	0.010526
10	23	0.010309
10	25	0.012346
10	28	0.011494
10	29	0.016129
10	30	0.011628
10	32	0.015873
10	33	0.015385
10	34	0.014085
10	36	0.016667
10	37	0.012346
10	38	0.014925
10	39	0.019231
10	43	0.020000
10	44	0.025641
10	45	0.014493
10	46	0.015873
10	47	0.015873
10	50	0.019608
10	51	0.021739
10	52	0.018868
10	53	0.022727
10	59	0.024390
10	61	0.020833
10	62	0.022222
10	66	0.030303
10	69	0.034483
10	75	0.034483
10	78	0.025641
10	84	0.026316
10	92	0.024390
10	100	0.030303
10	105	0.034483
10	106	0.026316
10	109	0.034483
10	115	0.041667
10	124	0.045455
10	125	0.041667
10	139	0.038462
10	146	0.037037
10	153	0.045455
10	154	0.032258
10	158	0.047619
10	161	0.041667
10	168	0.034483
10	174	0.050000
10	186	0.047619
10	198	0.047619
10	213	0.043478
10	214	0.050000
10	220	0.055556
10	235	0.052632
10	243	0.062500
10	262	0.052632
10	263	0.062500
10	268	0.055556
10	271	0.055556
10	296	0.055556
10	300	0.066667
10	307	0.058824
10	316	0.058824
10	351	0.062500
10	361	0.055556
10	365	0.066667
10	373	0.066667
10	386	0.066667
10	388	0.062500
11	0	0.006329
11	16	0.008333
11	17	0.008403
11	18	0.008264
11	19	0.010309
11	20	0.012346
11	21	0.009346
11	22	0.010526
11	23	0.010309
11	24	0.010870
11	26	0.012821
11	27	0.012195
11	29	0.016129
11	30	0.011628
11	31	0.015625
11	33	0.015385
11	40	0.015873
11	41	0.014493
11	44	0.025641
11	45	0.014493
11	51	0.021739
11	58	0.021739
11	59	0.024390
11	73	0.034483
11	76	0.028571
11	77	0.028571
11	82	0.030303
11	83	0.028571
11	89	0.035714
11	96	0.029412
11	97	0.037037
11	98	0.034483
11	102	0.023810
11	105	0.034483
11	110	0.040000
11	112	0.037037
11	119	0.034483
11	120	0.030303
11	122	0.035714
11	125	0.041667
11	130	0.034483
11	132	0.033333
11	139	0.038462
11	140	0.030303
11	144	0.033333
11	148	0.041667
11	161	0.041667
11	172	0.043478
11	178	0.047619
11	187	0.040000
11	190	0.050000
11	195	0.047619
11	197	0.038462
11	199	0.045455
11	210	0.052632
11	216	0.058824
11	221	0.043478
11	235	0.052632
11	244	0.041667
11	248	0.050000
11	251	0.052632
11	257	0.058824
11	258	0.062500
11	268	0.055556
11	270	0.058824
11	276	0.050000
11	277	0.047619
11	291	0.052632
11	293	0.052632
11	316	0.058824
11	321	0.055556
11	336	0.058824
11	349	0.055556
11	369	0.062500
11	378	0.066667
11	380	0.062500
12	0	0.006329
12	16	0.008333
12	17	0.008403
12	18	0.008264
12	21	0.009346
12	26	0.012821
12	27	0.012195
12	31	0.015625
12	32	0.015873
12	37	0.012346
12	42	0.016667
12	43	0.020000
12	47	0.015873
12	48	0.028571
12	60	0.019608
12	64	0.021739
12	69	0.034483
12	70	0.023810
12	81	0.038462
12	93	0.035714
12	100	0.030303
12	128	0.035714
12	141	0.038462
12	162	0.034483
12	163	0.043478
12	172	0.043478
12	187	0.040000
12	214	0.050000
12	225	0.041667
12	229	0.043478
12	257	0.058824
12	259	0.058824
12	282	0.058824
12	290	0.055556
12	299	0.055556
12	324	0.062500
12	376	0.066667
12	380	0.062500
13	0	0.006329
13	16	0.008333
13	17	0.008403
13	19	0.010309
13	21	0.009346
13	24	0.010870
13	25	0.012346
13	29	0.016129
13	30	0.011628
13	34	0.014085
13	42	0.016667
13	45	0.014493
13	47	0.015873
13	51	0.021739
13	62	0.022222
13	67	0.023810
13	69	0.034483
13	73	0.034483
13	90	0.034483
13	97	0.037037
13	114	0.033333
13	126	0.034483
13	140	0.030303
13	147	0.041667
13	200	0.045455
13	202	0.043478
13	234	0.050000
13	239	0.055556
13	287	0.058824
13	339	0.066667
13	355	0.066667
14	0	0.006329
14	17	0.008403
14	19	0.010309
14	20	0.012346
14	22	0.010526
14	23	0.010309
14	24	0.010870
14	26	0.012821
14	31	0.015625
14	32	0.015873
14	56	0.018868
14	60	0.019608
14	81	0.038462
14	95	0.037037
14	111	0.021277
14	133	0.033333
14	150	0.030303
14	159	0.032258
14	173	0.030303
14	193	0.055556
14	208	0.038462
14	233	0.058824
14	250	0.052632
14	274	0.052632
14	298	0.050000
14	309	0.062500
14	314	0.058824
14	397	0.066667
15	0	0.006329
15	16	0.008333
15	17	0.008403
15	18	0.008264
15	19	0.010309
15	20	0.012346
15	21	0.009346
15	23	0.010309
15	25	0.012346
15	27	0.012195
15	30	0.011628
15	32	0.015873
15	34	0.014085
15	40	0.015873
15	41	0.014493
15	42	0.016667
15	44	0.025641
15	46	0.015873
15	51	0.021739
15	55	0.027027
15	57	0.021739
15	65	0.020833
15	77	0.028571
15	79	0.023256
15	100	0.030303
15	110	0.040000
15	113	0.040000
15	115	0.041667
15	124	0.045455
15	142	0.041667
15	143	0.032258
15	154	0.032258
15	157	0.038462
15	159	0.032258
15	160	0.037037
15	162	0.034483
15	176	0.041667
15	179	0.038462
15	202	0.043478
15	208	0.038462
15	230	0.052632
15	231	0.052632
15	234	0.050000
15	235	0.052632
15	236	0.043478
15	239	0.055556
15	242	0.055556
15	288	0.058824
15	305	0.062500
15	318	0.062500
15	322	0.058824
15	330	0.047619
15	363	0.066667
15	373	0.066667
15	382	0.066667
15	392	0.066667
15	397	0.066667
16	0	0.006329
16	1	0.015625
16	2	0.010204
16	3	0.047619
16	4	0.028571
16	5	0.019231
16	6	0.014085
16	7	0.037037
16	8	0.023256
16	9	0.016393
16	10	0.013699
16	11	0.013158
16	12	0.026316
16	13	0.032258
16	15	0.017544
16	17	0.008403
16	18	0.008264
16	19	0.010309
16	20	0.012346
16	21	0.009346
16	22	0.010526
16	23	0.010309
16	24	0.010870
16	25	0.012346
16	26	0.012821
16	27	0.012195
16	28	0.011494
16	29	0.016129
16	30	0.011628
16	31	0.015625
16	33	0.015385
16	34	0.014085
16	35	0.013699
16	36	0.016667
16	37	0.012346
16	38	0.014925
16	41	0.014493
16	44	0.025641
16	46	0.015873
16	48	0.028571
16	50	0.019608
16	51	0.021739
16	57	0.021739
16	58	0.021739
16	59	0.024390
16	60	0.019608
16	66	0.030303
16	68	0.023810
16	69	0.034483
16	70	0.023810
16	71	0.041667
16	74	0.022222
16	78	0.025641
16	80	0.033333
16	82	0.030303
16	83	0.028571
16	84	0.026316
16	85	0.031250
16	87	0.034483
16	88	0.025641
16	93	0.035714
16	94	0.028571
16	98	0.034483
16	99	0.022222
16	107	0.035714
16	108	0.041667
16	110	0.040000
16	113	0.040000
16	114	0.033333
16	116	0.030303
16	117	0.033333
16	118	0.027778
16	125	0.041667
16	126	0.034483
16	127	0.035714
16	129	0.028571
16	131	0.029412
16	139	0.038462
16	143	0.032258
16	145	0.043478
16	146	0.037037
16	147	0.041667
16	151	0.041667
16	166	0.035714
16	167	0.041667
16	169	0.045455
16	173	0.030303
16	174	0.050000
16	177	0.047619
16	181	0.038462
16	184	0.050000
16	187	0.040000
16	188	0.041667
16	195	0.047619
16	199	0.045455
16	202	0.043478
16	213	0.043478
16	222	0.052632
16	237	0.045455
16	242	0.055556
16	245	0.052632
16	260	0.058824
16	268	0.055556
16	270	0.058824
16	278	0.062500
16	282	0.058824
16	283	0.062500
16	285	0.062500
16	287	0.058824
16	305	0.062500
16	310	0.066667
16	324	0.062500
16	326	0.066667
16	335	0.062500
16	353	0.066667
16	354	0.055556
16	357	0.058824
16	368	0.066667
16	381	0.066667
16	388	0.062500
17	0	0.006329
17	1	0.015625
17	2	0.010204
17	4	0.028571
17	5	0.019231
17	6	0.014085
17	7	0.037037
17	9	0.016393
17	10	0.013699
17	11	0.013158
17	12	0.026316
17	13	0.032258
17	14	0.035714
17	15	0.017544
17	16	0.008333
17	18	0.008264
17	19	0.010309
17	20	0.012346
17	21	0.009346
17	22	0.010526
17	23	0.010309
17	24	0.010870
17	25	0.012346
17	26	0.012821
17	27	0.012195
17	28	0.011494
17	29	0.016129
17	31	0.015625
17	32	0.015873
17	33	0.015385
17	34	0.014085
17	35	0.013699
17	38	0.014925
17	40	0.015873
17	41	0.014493
17	43	0.020000
17	46	0.015873
17	48	0.028571
17	49	0.019231
17	50	0.019608
17	53	0.022727
17	55	0.027027
17	58	0.021739
17	71	0.041667
17	77	0.028571
17	78	0.025641
17	79	0.023256
17	81	0.038462
17	82	0.030303
17	87	0.034483
17	91	0.028571
17	93	0.035714
17	99	0.022222
17	103	0.032258
17	104	0.025641
17	105	0.034483
17	107	0.035714
17	110	0.040000
17	113	0.040000
17	115	0.041667
17	117	0.033333
17	119	0.034483
17	120	0.030303
17	124	0.045455
17	127	0.035714
17	136	0.041667
17	137	0.031250
17	138	0.031250
17	141	0.038462
17	143	0.032258
17	145	0.043478
17	150	0.030303
17	151	0.041667
17	154	0.032258
17	160	0.037037
17	168	0.034483
17	170	0.050000
17	171	0.047619
17	172	0.043478
17	176	0.041667
17	179	0.038462
17	180	0.050000
17	182	0.043478
17	189	0.050000
17	192	0.043478
17	194	0.043478
17	197	0.038462
17	198	0.047619
17	199	0.045455
17	202	0.043478
17	213	0.043478
17	217	0.052632
17	224	0.058824
17	228	0.047619
17	234	0.050000
17	242	0.055556
17	245	0.052632
17	246	0.062500
17	252	0.050000
17	258	0.062500
17	263	0.062500
17	270	0.058824
17	276	0.050000
17	279	0.043478
17	286	0.055556
17	287	0.058824
17	290	0.055556
17	291	0.052632
17	315	0.058824
17	317	0.062500
17	319	0.058824
17	321	0.055556
17	332	0.066667
17	338	0.066667
17	345	0.066667
17	356	0.062500
17	373	0.066667
17	374	0.066667
17	396	0.066667
18	0	0.006329
18	1	0.015625
18	2	0.010204
18	3	0.047619
18	5	0.019231
18	6	0.014085
18	7	0.037037
18	8	0.023256
18	9	0.016393
18	10	0.013699
18	11	0.013158
18	12	0.026316
18	15	0.017544
18	16	0.008333
18	17	0.008403
18	19	0.010309
18	20	0.012346
18	21	0.009346
18	22	0.010526
18	23	0.010309
18	24	0.010870
18	25	0.012346
18	26	0.012821
18	27	0.012195
18	28	0.011494
18	29	0.016129
18	31	0.015625
18	32	0.015873
18	33	0.015385
18	34	0.014085
18	35	0.013699
18	37	0.012346
18	40	0.015873
18	41	0.014493
18	42	0.016667
18	43	0.020000
18	46	0.015873
18	48	0.028571
18	49	0.019231
18	51	0.021739
18	53	0.022727
18	56	0.018868
18	57	0.021739
18	58	0.021739
18	59	0.024390
18	66	0.030303
18	67	0.023810
18	71	0.041667
18	72	0.030303
18	80	0.033333
18	84	0.026316
18	87	0.034483
18	88	0.025641
18	94	0.028571
18	100	0.030303
18	101	0.045455
18	103	0.032258
18	106	0.026316
18	107	0.035714
18	108	0.041667
18	115	0.041667
18	117	0.033333
18	120	0.030303
18	121	0.040000
18	122	0.035714
18	137	0.031250
18	138	0.031250
18	143	0.032258
18	147	0.041667
18	150	0.030303
18	156	0.055556
18	157	0.038462
18	158	0.047619
18	164	0.045455
18	168	0.034483
18	175	0.052632
18	178	0.047619
18	185	0.058824
18	192	0.043478
18	193	0.055556
18	194	0.043478
18	196	0.043478
18	199	0.045455
18	204	0.040000
18	206	0.045455
18	207	0.043478
18	211	0.040000
18	214	0.050000
18	215	0.052632
18	221	0.043478
18	223	0.052632
18	231	0.052632
18	236	0.043478
18	237	0.045455
18	243	0.062500
18	250	0.052632
18	259	0.058824
18	262	0.052632
18	269	0.058824
18	275	0.066667
18	279	0.043478
18	280	0.052632
18	296	0.055556
18	301	0.062500
18	313	0.066667
18	317	0.062500
18	322	0.058824
18	335	0.062500
18	339	0.066667
18	340	0.052632
18	341	0.058824
18	342	0.066667
18	350	0.066667
18	356	0.062500
18	361	0.055556
18	371	0.066667
18	374	0.066667
18	388	0.062500
18	390	0.066667
18	392	0.066667
18	394	0.066667
19	0	0.006329
19	1	0.015625
19	2	0.010204
19	4	0.028571
19	5	0.019231
19	7	0.037037
19	9	0.016393
19	10	0.013699
19	11	0.013158
19	13	0.032258
19	14	0.035714
19	15	0.017544
19	16	0.008333
19	17	0.008403
19	18	0.008264
19	20	0.012346
19	21	0.009346
19	22	0.010526
19	23	0.010309
19	24	0.010870
19	25	0.012346
19	26	0.012821
19	28	0.011494
19	31	0.015625
19	32	0.015873
19	33	0.015385
19	35	0.013699
19	37	0.012346
19	38	0.014925
19	39	0.019231
19	40	0.015873
19	42	0.016667
19	43	0.020000
19	44	0.025641
19	45	0.014493
19	49	0.019231
19	50	0.019608
19	52	0.018868
19	57	0.021739
19	61	0.020833
19	70	0.023810
19	76	0.028571
19	79	0.023256
19	80	0.033333
19	86	0.024390
19	87	0.034483
19	91	0.028571
19	94	0.028571
19	97	0.037037
19	102	0.023810
19	105	0.034483
19	111	0.021277
19	115	0.041667
19	116	0.030303
19	117	0.033333
19	130	0.034483
19	132	0.033333
19	143	0.032258
19	144	0.033333
19	165	0.041667
19	177	0.047619
19	178	0.047619
19	180	0.050000
19	190	0.050000
19	196	0.043478
19	197	0.038462
19	199	0.045455
19	202	0.043478
19	203	0.045455
19	211	0.040000
19	227	0.041667
19	230	0.052632
19	235	0.052632
19	242	0.055556
19	256	0.047619
19	284	0.062500
19	285	0.062500
19	286	0.055556
19	289	0.062500
19	294	0.062500
19	306	0.055556
19	309	0.062500
19	326	0.066667
19	329	0.055556
19	330	0.047619
19	331	0.058824
19	335	0.062500
19	337	0.058824
19	340	0.052632
19	342	0.066667
19	354	0.055556
19	362	0.066667
19	371	0.066667
19	378	0.066667
19	379	0.062500
19	382	0.066667
19	394	0.066667
20	0	0.006329
20	1	0.015625
20	3	0.047619
20	4	0.028571
20	5	0.019231
20	6	0.014085
20	7	0.037037
20	9	0.016393
20	11	0.013158
20	14	0.035714
20	15	0.017544
20	16	0.008333
20	17	0.008403
20	18	0.008264
20	19	0.010309
20	21	0.009346
20	22	0.010526
20	23	0.010309
20	24	0.010870
20	25	0.012346
20	27	0.012195
20	29	0.016129
20	30	0.011628
20	31	0.015625
20	32	0.015873
20	33	0.015385
20	35	0.013699
20	37	0.012346
20	38	0.014925
20	39	0.019231
20	40	0.015873
20	44	0.025641
20	46	0.015873
20	50	0.019608
20	52	0.018868
20	55	0.027027
20	57	0.021739
20	58	0.021739
20	61	0.020833
20	63	0.027778
20	64	0.021739
20	67	0.023810
20	69	0.034483
20	75	0.034483
20	76	0.028571
20	78	0.025641
20	89	0.035714
20	90	0.034483
20	93	0.035714
20	102	0.023810
20	106	0.026316
20	109	0.034483
20	114	0.033333
20	120	0.030303
20	123	0.040000
20	132	0.033333
20	141	0.038462
20	142	0.041667
20	143	0.032258
20	145	0.043478
20	155	0.038462
20	158	0.047619
20	160	0.037037
20	166	0.035714
20	188	0.041667
20	189	0.050000
20	197	0.038462
20	206	0.045455
20	207	0.043478
20	222	0.052632
20	226	0.058824
20	274	0.052632
20	282	0.058824
20	285	0.062500
20	299	0.055556
20	337	0.058824
20	344	0.066667
20	354	0.055556
20	369	0.062500
20	370	0.066667
20	388	0.062500
21	0	0.006329
21	2	0.010204
21	4	0.028571
21	5	0.019231
21	9	0.016393
21	10	0.013699
21	11	0.013158
21	12	0.026316
21	13	0.032258
21	15	0.017544
21	16	0.008333
21	17	0.008403
21	18	0.008264
21	19	0.010309
21	20	0.012346
21	22	0.010526
21	23	0.010309
21	24	0.010870
21	25	0.012346
21	28	0.011494
21	31	0.015625
21	33	0.015385
21	34	0.014085
21	37	0.012346
21	39	0.019231
21	40	0.015873
21	43	0.020000
21	44	0.025641
21	48	0.028571
21	49	0.019231
21	52	0.018868
21	53	0.022727
21	59	0.024390
21	60	0.019608
21	62	0.022222
21	64	0.021739
21	65	0.020833
21	67	0.023810
21	72	0.030303
21	73	0.034483
21	74	0.022222
21	75	0.034483
21	76	0.028571
21	77	0.028571
21	78	0.025641
21	81	0.038462
21	82	0.030303
21	83	0.028571
21	84	0.026316
21	85	0.031250
21	88	0.025641
21	89	0.035714
21	96	0.029412
21	98	0.034483
21	99	0.022222
21	103	0.032258
21	108	0.041667
21	111	0.021277
21	118	0.027778
21	121	0.040000
21	123	0.040000
21	130	0.034483
21	133	0.033333
21	135	0.034483
21	147	0.041667
21	155	0.038462
21	163	0.043478
21	164	0.045455
21	169	0.045455
21	175	0.052632
21	177	0.047619
21	179	0.038462
21	181	0.038462
21	184	0.050000
21	191	0.037037
21	198	0.047619
21	199	0.045455
21	210	0.052632
21	212	0.055556
21	216	0.058824
21	222	0.052632
21	223	0.052632
21	230	0.052632
21	250	0.052632
21	254	0.055556
21	260	0.058824
21	266	0.052632
21	269	0.058824
21	271	0.055556
21	272	0.066667
21	274	0.052632
21	277	0.047619
21	280	0.052632
21	286	0.055556
21	287	0.058824
21	308	0.062500
21	311	0.058824
21	320	0.055556
21	326	0.066667
21	331	0.058824
21	338	0.066667
21	340	0.052632
21	363	0.066667
21	368	0.066667
21	381	0.066667
21	384	0.062500
21	395	0.066667
22	0	0.006329
22	1	0.015625
22	2	0.010204
22	5	0.019231
22	6	0.014085
22	9	0.016393
22	10	0.013699
22	11	0.013158
22	14	0.035714
22	16	0.008333
22	17	0.008403
22	18	0.008264
22	19	0.010309
22	20	0.012346
22	21	0.009346
22	23	0.010309
22	25	0.012346
22	27	0.012195
22	28	0.011494
22	30	0.011628
22	31	0.015625
22	33	0.015385
22	35	0.013699
22	37	0.012346
22	39	0.019231
22	41	0.014493
22	43	0.020000
22	44	0.025641
22	46	0.015873
22	48	0.028571
22	49	0.019231
22	54	0.029412
22	55	0.027027
22	56	0.018868
22	59	0.024390
22	63	0.027778
22	65	0.020833
22	68	0.023810
22	73	0.034483
22	74	0.022222
22	78	0.025641
22	79	0.023256
22	80	0.033333
22	81	0.038462
22	82	0.030303
22	87	0.034483
22	88	0.025641
22	89	0.035714
22	102	0.023810
22	109	0.034483
22	113	0.040000
22	123	0.040000
22	126	0.034483
22	130	0.034483
22	134	0.033333
22	135	0.034483
22	141	0.038462
22	144	0.033333
22	149	0.033333
22	150	0.030303
22	158	0.047619
22	166	0.035714
22	171	0.047619
22	174	0.050000
22	177	0.047619
22	180	0.050000
22	185	0.058824
22	186	0.047619
22	196	0.043478
22	200	0.045455
22	202	0.043478
22	203	0.045455
22	206	0.045455
22	223	0.052632
22	232	0.058824
22	237	0.045455
22	241	0.058824
22	244	0.041667
22	261	0.062500
22	264	0.050000
22	268	0.055556
22	270	0.058824
22	276	0.050000
22	298	0.050000
22	307	0.058824
22	332	0.066667
22	335	0.062500
22	345	0.066667
22	348	0.058824
22	356	0.062500
22	371	0.066667
22	372	0.058824
22	374	0.066667
22	377	0.066667
22	379	0.062500
23	0	0.006329
23	1	0.015625
23	5	0.019231
23	6	0.014085
23	10	0.013699
23	11	0.013158
23	14	0.035714
23	15	0.017544
23	16	0.008333
23	17	0.008403
23	18	0.008264
23	19	0.010309
23	20	0.012346
23	21	0.009346
23	22	0.010526
23	24	0.010870
23	25	0.012346
23	26	0.012821
23	27	0.012195
23	28	0.011494
23	29	0.016129
23	32	0.015873
23	33	0.015385
23	34	0.014085
23	35	0.013699
23	36	0.016667
23	37	0.012346
23	38	0.014925
23	44	0.025641
23	45	0.014493
23	47	0.015873
23	49	0.019231
23	51	0.021739
23	52	0.018868
23	57	0.021739
23	58	0.021739
23	59	0.024390
23	62	0.022222
23	64	0.021739
23	68	0.023810
23	75	0.034483
23	77	0.028571
23	81	0.038462
23	89	0.035714
23	92	0.024390
23	93	0.035714
23	95	0.037037
23	99	0.022222
23	103	0.032258
23	104	0.025641
23	108	0.041667
23	110	0.040000
23	115	0.041667
23	118	0.027778
23	125	0.041667
23	128	0.035714
23	133	0.033333
23	151	0.041667
23	158	0.047619
23	159	0.032258
23	161	0.041667
23	170	0.050000
23	175	0.052632
23	179	0.038462
23	196	0.043478
23	200	0.045455
23	201	0.050000
23	206	0.045455
23	213	0.043478
23	214	0.050000
23	217	0.052632
23	218	0.055556
23	226	0.058824
23	231	0.052632
23	235	0.052632
23	236	0.043478
23	249	0.055556
23	255	0.043478
23	260	0.058824
23	270	0.058824
23	280	0.052632
23	283	0.062500
23	297	0.058824
23	310	0.066667
23	311	0.058824
23	315	0.058824
23	316	0.058824
23	321	0.055556
23	325	0.055556
23	329	0.055556
23	331	0.058824
23	341	0.058824
23	347	0.062500
23	375	0.066667
23	382	0.066667
23	383	0.066667
23	394	0.066667
24	0	0.006329
24	3	0.047619
24	4	0.028571
24	5	0.019231
24	8	0.023256
24	11	0.013158
24	13	0.032258
24	14	0.035714
24	16	0.008333
24	17	0.008403
24	18	0.008264
24	19	0.010309
24	20	0.012346
24	21	0.009346
24	23	0.010309
24	25	0.012346
24	31	0.015625
24	33	0.015385
24	34	0.014085
24	35	0.013699
24	36	0.016667
24	39	0.019231
24	43	0.020000
24	45	0.014493
24	47	0.015873
24	51	0.021739
24	53	0.022727
24	56	0.018868
24	61	0.020833
24	64	0.021739
24	67	0.023810
24	69	0.034483
24	70	0.023810
24	74	0.022222
24	77	0.028571
24	79	0.023256
24	82	0.030303
24	88	0.025641
24	89	0.035714
24	94	0.028571
24	97	0.037037
24	99	0.022222
24	102	0.023810
24	105	0.034483
24	109	0.034483
24	111	0.021277
24	118	0.027778
24	121	0.040000
24	137	0.031250
24	138	0.031250
24	140	0.030303
24	145	0.043478
24	150	0.030303
24	152	0.045455
24	156	0.055556
24	159	0.032258
24	160	0.037037
24	165	0.041667
24	173	0.030303
24	176	0.041667
24	177	0.047619
24	183	0.047619
24	190	0.050000
24	194	0.043478
24	195	0.047619
24	209	0.050000
24	211	0.040000
24	218	0.055556
24	223	0.052632
24	225	0.041667
24	226	0.058824
24	237	0.045455
24	264	0.050000
24	265	0.055556
24	289	0.062500
24	291	0.052632
24	303	0.058824
24	305	0.062500
24	307	0.058824
24	311	0.058824
24	314	0.058824
24	320	0.055556
24	321	0.055556
24	329	0.055556
24	333	0.062500
24	335	0.062500
24	338	0.066667
24	348	0.058824
24	349	0.055556
24	363	0.066667
24	386	0.066667
24	392	0.066667
25	0	0.006329
25	2	0.010204
25	6	0.014085
25	10	0.013699
25	13	0.032258
25	15	0.017544
25	16	0.008333
25	17	0.008403
25	18	0.008264
25	19	0.010309
25	20	0.012346
25	21	0.009346
25	22	0.010526
25	23	0.010309
25	24	0.010870
25	26	0.012821
25	27	0.012195
25	29	0.016129
25	30	0.011628
25	36	0.016667
25	38	0.014925
25	41	0.014493
25	43	0.020000
25	48	0.028571
25	50	0.019608
25	52	0.018868
25	58	0.021739
25	60	0.019608
25	62	0.022222
25	63	0.027778
25	72	0.030303
25	77	0.028571
25	85	0.031250
25	86	0.024390
25	87	0.034483
25	96	0.029412
25	97	0.037037
25	98	0.034483
25	106	0.026316
25	108	0.041667
25	112	0.037037
25	114	0.033333
25	117	0.033333
25	120	0.030303
25	138	0.031250
25	144	0.033333
25	150	0.030303
25	151	0.041667
25	155	0.038462
25	163	0.043478
25	164	0.045455
25	169	0.045455
25	172	0.043478
25	173	0.030303
25	178	0.047619
25	179	0.038462
25	180	0.050000
25	183	0.047619
25	197	0.038462
25	210	0.052632
25	230	0.052632
25	239	0.055556
25	240	0.043478
25	244	0.041667
25	246	0.062500
25	248	0.050000
25	251	0.052632
25	263	0.062500
25	269	0.058824
25	281	0.062500
25	283	0.062500
25	287	0.058824
25	298	0.050000
25	314	0.058824
25	324	0.062500
25	328	0.066667
25	334	0.058824
25	352	0.062500
25	353	0.066667
25	386	0.066667
25	398	0.066667
26	0	0.006329
26	1	0.015625
26	2	0.010204
26	4	0.028571
26	7	0.037037
26	9	0.016393
26	11	0.013158
26	12	0.026316
26	14	0.035714
26	16	0.008333
26	17	0.008403
26	18	0.008264
26	19	0.010309
26	23	0.010309
26	25	0.012346
26	28	0.011494
26	29	0.016129
26	30	0.011628
26	34	0.014085
26	35	0.013699
26	36	0.016667
26	41	0.014493
26	44	0.025641
26	46	0.015873
26	47	0.015873
26	52	0.018868
26	54	0.029412
26	55	0.027027
26	61	0.020833
26	62	0.022222
26	67	0.023810
26	68	0.023810
26	81	0.038462
26	83	0.028571
26	84	0.026316
26	92	0.024390
26	95	0.037037
26	96	0.029412
26	105	0.034483
26	124	0.045455
26	125	0.041667
26	144	0.033333
26	152	0.045455
26	154	0.032258
26	159	0.032258
26	160	0.037037
26	179	0.038462
26	180	0.050000
26	185	0.058824
26	190	0.050000
26	204	0.040000
26	212	0.055556
26	221	0.043478
26	227	0.041667
26	245	0.052632
26	247	0.055556
26	248	0.050000
26	255	0.043478
26	264	0.050000
26	272	0.066667
26	284	0.062500
26	289	0.062500
26	290	0.055556
26	296	0.055556
26	300	0.066667
26	301	0.062500
26	304	0.052632
26	329	0.055556
26	331	0.058824
26	336	0.058824
26	339	0.066667
26	350	0.066667
26	354	0.055556
26	374	0.066667
26	380	0.062500
26	382	0.066667
26	384	0.062500
26	395	0.066667
27	0	0.006329
27	1	0.015625
27	4	0.028571
27	5	0.019231
27	9	0.016393
27	11	0.013158
27	12	0.026316
27	15	0.017544
27	16	0.008333
27	17	0.008403
27	18	0.008264
27	20	0.012346
27	22	0.010526
27	23	0.010309
27	25	0.012346
27	28	0.011494
27	30	0.011628
27	31	0.015625
27	34	0.014085
27	36	0.016667
27	39	0.019231
27	41	0.014493
27	42	0.016667
27	44	0.025641
27	49	0.019231
27	50	0.019608
27	53	0.022727
27	54	0.029412
27	61	0.020833
27	66	0.030303
27	69	0.034483
27	80	0.033333
27	82	0.030303
27	83	0.028571
27	86	0.024390
27	87	0.034483
27	90	0.034483
27	93	0.035714
27	95	0.037037
27	101	0.045455
27	102	0.023810
27	104	0.025641
27	105	0.034483
27	106	0.026316
27	107	0.035714
27	117	0.033333
27	127	0.035714
27	144	0.033333
27	147	0.041667
27	163	0.043478
27	167	0.041667
27	176	0.041667
27	182	0.043478
27	188	0.041667
27	196	0.043478
27	197	0.038462
27	198	0.047619
27	214	0.050000
27	216	0.058824
27	217	0.052632
27	225	0.041667
27	232	0.058824
27	237	0.045455
27	244	0.041667
27	245	0.052632
27	249	0.055556
27	258	0.062500
27	280	0.052632
27	281	0.062500
27	288	0.058824
27	290	0.055556
27	292	0.058824
27	296	0.055556
27	310	0.066667
27	339	0.066667
27	342	0.066667
27	362	0.066667
27	366	0.066667
27	376	0.066667
27	380	0.062500
27	381	0.066667
27	390	0.066667
28	0	0.006329
28	2	0.010204
28	4	0.028571
28	5	0.019231
28	6	0.014085
28	10	0.013699
28	16	0.008333
28	17	0.008403
28	18	0.008264
28	19	0.010309
28	21	0.009346
28	22	0.010526
28	23	0.010309
28	26	0.012821
28	27	0.012195
28	30	0.011628
28	38	0.014925
28	39	0.019231
28	46	0.015873
28	47	0.015873
28	48	0.028571
28	50	0.019608
28	51	0.021739
28	53	0.022727
28	54	0.029412
28	57	0.021739
28	61	0.020833
28	67	0.023810
28	73	0.034483
28	74	0.022222
28	75	0.034483
28	76	0.028571
28	80	0.033333
28	81	0.038462
28	85	0.031250
28	86	0.024390
28	89	0.035714
28	102	0.023810
28	104	0.025641
28	107	0.035714
28	110	0.040000
28	116	0.030303
28	119	0.034483
28	121	0.040000
28	131	0.029412
28	133	0.033333
28	134	0.033333
28	139	0.038462
28	140	0.030303
28	141	0.038462
28	149	0.033333
28	156	0.055556
28	157	0.038462
28	165	0.041667
28	170	0.050000
28	171	0.047619
28	176	0.041667
28	178	0.047619
28	191	0.037037
28	201	0.050000
28	203	0.045455
28	226	0.058824
28	229	0.043478
28	233	0.058824
28	238	0.055556
28	243	0.062500
28	246	0.062500
28	247	0.055556
28	249	0.055556
28	256	0.047619
28	257	0.058824
28	264	0.050000
28	273	0.055556
28	275	0.066667
28	281	0.062500
28	289	0.062500
28	293	0.052632
28	295	0.055556
28	303	0.058824
28	313	0.066667
28	315	0.058824
28	327	0.058824
28	332	0.066667
28	344	0.066667
28	351	0.062500
28	359	0.062500
28	371	0.066667
29	0	0.006329
29	2	0.010204
29	4	0.028571
29	5	0.019231
29	6	0.014085
29	10	0.013699
29	11	0.013158
29	13	0.032258
29	16	0.008333
29	17	0.008403
29	18	0.008264
29	20	0.012346
29	23	0.010309
29	25	0.012346
29	26	0.012821
29	32	0.015873
29	35	0.013699
29	36	0.016667
29	39	0.019231
29	41	0.014493
29	43	0.020000
29	50	0.019608
29	55	0.027027
29	56	0.018868
29	58	0.021739
29	61	0.020833
29	67	0.023810
29	76	0.028571
29	87	0.034483
29	91	0.028571
29	93	0.035714
29	99	0.022222
29	108	0.041667
29	115	0.041667
29	126	0.034483
29	131	0.029412
29	134	0.033333
29	138	0.031250
29	142	0.041667
29	148	0.041667
29	208	0.038462
29	218	0.055556
29	223	0.052632
29	234	0.050000
29	236	0.043478
29	237	0.045455
29	241	0.058824
29	256	0.047619
29	266	0.052632
29	271	0.055556
29	294	0.062500
29	308	0.062500
29	311	0.058824
29	318	0.062500
29	321	0.055556
29	323	0.062500
29	344	0.066667
29	370	0.066667
29	373	0.066667
29	384	0.062500
29	392	0.066667
29	395	0.066667
30	0	0.006329
30	1	0.015625
30	2	0.010204
30	7	0.037037
30	10	0.013699
30	11	0.013158
30	13	0.032258
30	15	0.017544
30	16	0.008333
30	20	0.012346
30	22	0.010526
30	25	0.012346
30	26	0.012821
30	27	0.012195
30	28	0.011494
30	32	0.015873
30	33	0.015385
30	34	0.014085
30	35	0.013699
30	36	0.016667
30	39	0.019231
30	42	0.016667
30	44	0.025641
30	51	0.021739
30	53	0.022727
30	58	0.021739
30	63	0.027778
30	64	0.021739
30	65	0.020833
30	66	0.030303
30	69	0.034483
30	71	0.041667
30	75	0.034483
30	90	0.034483
30	91	0.028571
30	92	0.024390
30	94	0.028571
30	101	0.045455
30	103	0.032258
30	107	0.035714
30	120	0.030303
30	122	0.035714
30	123	0.040000
30	127	0.035714
30	131	0.029412
30	132	0.033333
30	138	0.031250
30	147	0.041667
30	151	0.041667
30	153	0.045455
30	158	0.047619
30	160	0.037037
30	172	0.043478
30	178	0.047619
30	180	0.050000
30	184	0.050000
30	187	0.040000
30	190	0.050000
30	193	0.055556
30	200	0.045455
30	217	0.052632
30	219	0.045455
30	227	0.041667
30	233	0.058824
30	235	0.052632
30	239	0.055556
30	248	0.050000
30	255	0.043478
30	258	0.062500
30	275	0.066667
30	276	0.050000
30	290	0.055556
30	315	0.058824
30	317	0.062500
30	328	0.066667
30	340	0.052632
30	342	0.066667
30	348	0.058824
30	355	0.066667
30	363	0.066667
30	369	0.062500
30	371	0.066667
30	377	0.066667
30	389	0.066667
30	392	0.066667
30	398	0.066667
31	0	0.006329
31	2	0.010204
31	9	0.016393
31	11	0.013158
31	12	0.026316
31	14	0.035714
31	16	0.008333
31	17	0.008403
31	18	0.008264
31	19	0.010309
31	20	0.012346
31	21	0.009346
31	22	0.010526
31	24	0.010870
31	27	0.012195
31	35	0.013699
31	36	0.016667
31	37	0.012346
31	38	0.014925
31	39	0.019231
31	41	0.014493
31	48	0.028571
31	50	0.019608
31	54	0.029412
31	62	0.022222
31	75	0.034483
31	79	0.023256
31	85	0.031250
31	88	0.025641
31	90	0.034483
31	95	0.037037
31	100	0.030303
31	102	0.023810
31	105	0.034483
31	116	0.030303
31	122	0.035714
31	127	0.035714
31	137	0.031250
31	153	0.045455
31	167	0.041667
31	180	0.050000
31	184	0.050000
31	188	0.041667
31	201	0.050000
31	205	0.050000
31	206	0.045455
31	212	0.055556
31	213	0.043478
31	223	0.052632
31	235	0.052632
31	236	0.043478
31	245	0.052632
31	256	0.047619
31	277	0.047619
31	278	0.062500
31	326	0.066667
31	330	0.047619
31	335	0.062500
31	347	0.062500
31	348	0.058824
31	352	0.062500
31	357	0.058824
31	370	0.066667
31	393	0.066667
32	0	0.006329
32	2	0.010204
32	5	0.019231
32	9	0.016393
32	10	0.013699
32	12	0.026316
32	14	0.035714
32	15	0.017544
32	17	0.008403
32	18	0.008264
32	19	0.010309
32	20	0.012346
32	23	0.010309
32	29	0.016129
32	30	0.011628
32	37	0.012346
32	40	0.015873
32	42	0.016667
32	47	0.015873
32	52	0.018868
32	53	0.022727
32	71	0.041667
32	86	0.024390
32	88	0.025641
32	89	0.035714
32	90	0.034483
32	95	0.037037
32	112	0.037037
32	113	0.040000
32	118	0.027778
32	121	0.040000
32	126	0.034483
32	135	0.034483
32	137	0.031250
32	143	0.032258
32	149	0.033333
32	161	0.041667
32	162	0.034483
32	164	0.045455
32	176	0.041667
32	206	0.045455
32	212	0.055556
32	224	0.058824
32	227	0.041667
32	233	0.058824
32	236	0.043478
32	245	0.052632
32	247	0.055556
32	252	0.050000
32	255	0.043478
32	265	0.055556
32	278	0.062500
32	305	0.062500
32	323	0.062500
32	346	0.066667
32	348	0.058824
32	353	0.066667
32	357	0.058824
32	360	0.066667
32	369	0.062500
32	391	0.066667
32	394	0.066667
32	397	0.066667
33	0	0.006329
33	2	0.010204
33	5	0.019231
33	10	0.013699
33	11	0.013158
33	16	0.008333
33	17	0.008403
33	18	0.008264
33	19	0.010309
33	20	0.012346
33	21	0.009346
33	22	0.010526
33	23	0.010309
33	24	0.010870
33	30	0.011628
33	35	0.013699
33	36	0.016667
33	38	0.014925
33	40	0.015873
33	42	0.016667
33	45	0.014493
33	48	0.028571
33	52	0.018868
33	53	0.022727
33	59	0.024390
33	64	0.021739
33	66	0.030303
33	69	0.034483
33	70	0.023810
33	73	0.034483
33	76	0.028571
33	93	0.035714
33	95	0.037037
33	106	0.026316
33	111	0.021277
33	114	0.033333
33	120	0.030303
33	126	0.034483
33	129	0.028571
33	133	0.033333
33	136	0.041667
33	138	0.031250
33	142	0.041667
33	145	0.043478
33	166	0.035714
33	178	0.047619
33	184	0.050000
33	188	0.041667
33	189	0.050000
33	205	0.050000
33	207	0.043478
33	232	0.058824
33	240	0.043478
33	243	0.062500
33	256	0.047619
33	262	0.052632
33	267	0.055556
33	288	0.058824
33	302	0.052632
33	310	0.066667
33	325	0.055556
33	335	0.062500
33	360	0.066667
33	370	0.066667
33	379	0.062500
34	0	0.006329
34	2	0.010204
34	6	0.014085
34	10	0.013699
34	13	0.032258
34	15	0.017544
34	16	0.008333
34	17	0.008403
34	18	0.008264
34	21	0.009346
34	23	0.010309
34	24	0.010870
34	26	0.012821
34	27	0.012195
34	30	0.011628
34	41	0.014493
34	49	0.019231
34	50	0.019608
34	52	0.018868
34	55	0.027027
34	65	0.020833
34	67	0.023810
34	71	0.041667
34	75	0.034483
34	81	0.038462
34	86	0.024390
34	88	0.025641
34	93	0.035714
34	94	0.028571
34	102	0.023810
34	108	0.041667
34	120	0.030303
34	122	0.035714
34	124	0.045455
34	127	0.035714
34	128	0.035714
34	133	0.033333
34	139	0.038462
34	158	0.047619
34	162	0.034483
34	163	0.043478
34	165	0.041667
34	172	0.043478
34	181	0.038462
34	188	0.041667
34	197	0.038462
34	198	0.047619
34	208	0.038462
34	212	0.055556
34	220	0.055556
34	229	0.043478
34	244	0.041667
34	250	0.052632
34	253	0.043478
34	261	0.062500
34	271	0.055556
34	283	0.062500
34	288	0.058824
34	298	0.050000
34	302	0.052632
34	308	0.062500
34	315	0.058824
34	317	0.062500
34	326	0.066667
34	331	0.058824
34	336	0.058824
34	340	0.052632
34	352	0.062500
34	376	0.066667
34	379	0.062500
34	380	0.062500
35	0	0.006329
35	9	0.016393
35	16	0.008333
35	17	0.008403
35	18	0.008264
35	19	0.010309
35	20	0.012346
35	22	0.010526
35	23	0.010309
35	24	0.010870
35	26	0.012821
35	29	0.016129
35	30	0.011628
35	31	0.015625
35	33	0.015385
35	40	0.015873
35	43	0.020000
35	44	0.025641
35	45	0.014493
35	46	0.015873
35	52	0.018868
35	54	0.029412
35	57	0.021739
35	60	0.019608
35	64	0.021739
35	65	0.020833
35	79	0.023256
35	84	0.026316
35	86	0.024390
35	91	0.028571
35	92	0.024390
35	94	0.028571
35	96	0.029412
35	104	0.025641
35	105	0.034483
35	113	0.040000
35	121	0.040000
35	125	0.041667
35	136	0.041667
35	139	0.038462
35	146	0.037037
35	148	0.041667
35	161	0.041667
35	162	0.034483
35	163	0.043478
35	164	0.045455
35	168	0.034483
35	185	0.058824
35	187	0.040000
35	195	0.047619
35	197	0.038462
35	198	0.047619
35	216	0.058824
35	220	0.055556
35	223	0.052632
35	248	0.050000
35	257	0.058824
35	264	0.050000
35	269	0.058824
35	273	0.055556
35	275	0.066667
35	279	0.043478
35	289	0.062500
35	296	0.055556
35	298	0.050000
35	317	0.062500
35	324	0.062500
35	327	0.058824
35	332	0.066667
35	347	0.062500
35	354	0.055556
35	389	0.066667
35	390	0.066667
36	2	0.010204
36	6	0.014085
36	8	0.023256
36	9	0.016393
36	10	0.013699
36	16	0.008333
36	23	0.010309
36	24	0.010870
36	25	0.012346
36	26	0.012821
36	27	0.012195
36	29	0.016129
36	30	0.011628
36	31	0.015625
36	33	0.015385
36	37	0.012346
36	45	0.014493
36	47	0.015873
36	50	0.019608
36	54	0.029412
36	56	0.018868
36	57	0.021739
36	59	0.024390
36	61	0.020833
36	62	0.022222
36	71	0.041667
36	73	0.034483
36	80	0.033333
36	84	0.026316
36	91	0.028571
36	92	0.024390
36	97	0.037037
36	99	0.022222
36	106	0.026316
36	120	0.030303
36	121	0.040000
36	122	0.035714
36	127	0.035714
36	136	0.041667
36	142	0.041667
36	143	0.032258
36	201	0.050000
36	204	0.040000
36	205	0.050000
36	224	0.058824
36	228	0.047619
36	229	0.043478
36	240	0.043478
36	247	0.055556
36	249	0.055556
36	255	0.043478
36	261	0.062500
36	268	0.055556
36	269	0.058824
36	273	0.055556
36	298	0.050000
36	345	0.066667
36	349	0.055556
36	376	0.066667
36	378	0.066667
37	1	0.015625
37	6	0.014085
37	9	0.016393
37	10	0.013699
37	12	0.026316
37	16	0.008333
37	18	0.008264
37	19	0.010309
37	20	0.012346
37	21	0.009346
37	22	0.010526
37	23	0.010309
37	31	0.015625
37	32	0.015873
37	36	0.016667
37	38	0.014925
37	40	0.015873
37	41	0.014493
37	42	0.016667
37	45	0.014493
37	47	0.015873
37	49	0.019231
37	51	0.021739
37	54	0.029412
37	56	0.018868
37	58	0.021739
37	61	0.020833
37	62	0.022222
37	65	0.020833
37	66	0.030303
37	69	0.034483
37	72	0.030303
37	76	0.028571
37	77	0.028571
37	81	0.038462
37	83	0.028571
37	85	0.031250
37	86	0.024390
37	90	0.034483
37	103	0.032258
37	104	0.025641
37	105	0.034483
37	109	0.034483
37	110	0.040000
37	112	0.037037
37	117	0.033333
37	122	0.035714
37	127	0.035714
37	128	0.035714
37	130	0.034483
37	134	0.033333
37	137	0.031250
37	142	0.041667
37	144	0.033333
37	145	0.043478
37	151	0.041667
37	152	0.045455
37	157	0.038462
37	170	0.050000
37	171	0.047619
37	179	0.038462
37	181	0.038462
37	196	0.043478
37	206	0.045455
37	208	0.038462
37	209	0.050000
37	213	0.043478
37	219	0.045455
37	226	0.058824
37	228	0.047619
37	257	0.058824
37	258	0.062500
37	259	0.058824
37	280	0.052632
37	282	0.058824
37	311	0.058824
37	322	0.058824
37	344	0.066667
37	349	0.055556
37	352	0.062500
37	378	0.066667
38	0	0.006329
38	2	0.010204
38	6	0.014085
38	9	0.016393
38	10	0.013699
38	16	0.008333
38	17	0.008403
38	19	0.010309
38	20	0.012346
38	23	0.010309
38	25	0.012346
38	28	0.011494
38	31	0.015625
38	33	0.015385
38	37	0.012346
38	41	0.014493
38	48	0.028571
38	49	0.019231
38	52	0.018868
38	53	0.022727
38	64	0.021739
38	68	0.023810
38	71	0.041667
38	72	0.030303
38	82	0.030303
38	90	0.034483
38	91	0.028571
38	93	0.035714
38	98	0.034483
38	107	0.035714
38	111	0.021277
38	143	0.032258
38	153	0.045455
38	155	0.038462
38	161	0.041667
38	166	0.035714
38	167	0.041667
38	169	0.045455
38	177	0.047619
38	193	0.055556
38	199	0.045455
38	204	0.040000
38	209	0.050000
38	210	0.052632
38	211	0.040000
38	214	0.050000
38	217	0.052632
38	221	0.043478
38	246	0.062500
38	261	0.062500
38	272	0.066667
38	281	0.062500
38	286	0.055556
38	293	0.052632
38	297	0.058824
38	301	0.062500
38	305	0.062500
38	325	0.055556
38	326	0.066667
38	330	0.047619
38	343	0.058824
38	351	0.062500
38	358	0.066667
38	359	0.062500
38	380	0.062500
38	395	0.066667
38	397	0.066667
39	0	0.006329
39	1	0.015625
39	3	0.047619
39	6	0.014085
39	10	0.013699
39	19	0.010309
39	20	0.012346
39	21	0.009346
39	22	0.010526
39	24	0.010870
39	27	0.012195
39	28	0.011494
39	29	0.016129
39	30	0.011628
39	31	0.015625
39	40	0.015873
39	46	0.015873
39	55	0.027027
39	58	0.021739
39	60	0.019608
39	64	0.021739
39	65	0.020833
39	78	0.025641
39	101	0.045455
39	111	0.021277
39	118	0.027778
39	149	0.033333
39	154	0.032258
39	164	0.045455
39	171	0.047619
39	172	0.043478
39	175	0.052632
39	176	0.041667
39	184	0.050000
39	190	0.050000
39	212	0.055556
39	244	0.041667
39	248	0.050000
39	260	0.058824
39	267	0.055556
39	282	0.058824
39	284	0.062500
39	289	0.062500
39	318	0.062500
39	324	0.062500
39	328	0.066667
39	329	0.055556
39	346	0.066667
39	352	0.062500
39	367	0.062500
39	384	0.062500
39	395	0.066667
40	0	0.006329
40	2	0.010204
40	4	0.028571
40	11	0.013158
40	15	0.017544
40	17	0.008403
40	18	0.008264
40	19	0.010309
40	20	0.012346
40	21	0.009346
40	32	0.015873
40	33	0.015385
40	35	0.013699
40	37	0.012346
40	39	0.019231
40	41	0.014493
40	42	0.016667
40	45	0.014493
40	46	0.015873
40	47	0.015873
40	48	0.028571
40	50	0.019608
40	51	0.021739
40	58	0.021739
40	60	0.019608
40	63	0.027778
40	73	0.034483
40	78	0.025641
40	83	0.028571
40	84	0.026316
40	89	0.035714
40	95	0.037037
40	96	0.029412
40	106	0.026316
40	107	0.035714
40	114	0.033333
40	116	0.030303
40	122	0.035714
40	129	0.028571
40	143	0.032258
40	159	0.032258
40	160	0.037037
40	161	0.041667
40	173	0.030303
40	176	0.041667
40	191	0.037037
40	203	0.045455
40	220	0.055556
40	254	0.055556
40	263	0.062500
40	269	0.058824
40	272	0.066667
40	275	0.066667
40	288	0.058824
40	306	0.055556
40	310	0.066667
40	316	0.058824
40	347	0.062500
40	348	0.058824
40	368	0.066667
40	375	0.066667
40	383	0.066667
40	396	0.066667
41	11	0.013158
41	15	0.017544
41	16	0.008333
41	17	0.008403
41	18	0.008264
41	22	0.010526
41	25	0.012346
41	26	0.012821
41	27	0.012195
41	29	0.016129
41	31	0.015625
41	34	0.014085
41	37	0.012346
41	38	0.014925
41	40	0.015873
41	43	0.020000
41	48	0.028571
41	50	0.019608
41	51	0.021739
41	53	0.022727
41	55	0.027027
41	59	0.024390
41	67	0.023810
41	74	0.022222
41	76	0.028571
41	77	0.028571
41	79	0.023256
41	82	0.030303
41	83	0.028571
41	86	0.024390
41	110	0.040000
41	112	0.037037
41	116	0.030303
41	126	0.034483
41	128	0.035714
41	129	0.028571
41	144	0.033333
41	153	0.045455
41	157	0.038462
41	159	0.032258
41	165	0.041667
41	166	0.035714
41	184	0.050000
41	186	0.047619
41	189	0.050000
41	193	0.055556
41	204	0.040000
41	225	0.041667
41	233	0.058824
41	239	0.055556
41	241	0.058824
41	249	0.055556
41	267	0.055556
41	275	0.066667
41	280	0.052632
41	295	0.055556
41	307	0.058824
41	330	0.047619
41	334	0.058824
41	344	0.066667
41	345	0.066667
41	357	0.058824
41	358	0.066667
41	362	0.066667
41	364	0.066667
41	366	0.066667
41	373	0.066667
41	379	0.062500
41	393	0.066667
42	0	0.006329
42	2	0.010204
42	5	0.019231
42	6	0.014085
42	12	0.026316
42	13	0.032258
42	15	0.017544
42	18	0.008264
42	19	0.010309
42	27	0.012195
42	30	0.011628
42	32	0.015873
42	33	0.015385
42	37	0.012346
42	40	0.015873
42	45	0.014493
42	52	0.018868
42	54	0.029412
42	56	0.018868
42	58	0.021739
42	60	0.019608
42	67	0.023810
42	91	0.028571
42	98	0.034483
42	100	0.030303
42	101	0.045455
42	103	0.032258
42	108	0.041667
42	114	0.033333
42	116	0.030303
42	129	0.028571
42	151	0.041667
42	152	0.045455
42	167	0.041667
42	169	0.045455
42	181	0.038462
42	199	0.045455
42	201	0.050000
42	212	0.055556
42	235	0.052632
42	249	0.055556
42	260	0.058824
42	264	0.050000
42	283	0.062500
42	291	0.052632
42	308	0.062500
42	310	0.066667
42	315	0.058824
42	324	0.062500
42	328	0.066667
42	337	0.058824
42	353	0.066667
42	357	0.058824
42	373	0.066667
42	376	0.066667
42	380	0.062500
42	383	0.066667
42	387	0.066667
42	389	0.066667
42	394	0.066667
43	0	0.006329
43	2	0.010204
43	6	0.014085
43	10	0.013699
43	12	0.026316
43	17	0.008403
43	18	0.008264
43	19	0.010309
43	21	0.009346
43	22	0.010526
43	24	0.010870
43	25	0.012346
43	29	0.016129
43	35	0.013699
43	41	0.014493
43	46	0.015873
43	51	0.021739
43	54	0.029412
43	61	0.020833
43	68	0.023810
43	70	0.023810
43	71	0.041667
43	76	0.028571
43	80	0.033333
43	92	0.024390
43	105	0.034483
43	110	0.040000
43	116	0.030303
43	124	0.045455
43	128	0.035714
43	141	0.038462
43	144	0.033333
43	148	0.041667
43	151	0.041667
43	156	0.055556
43	166	0.035714
43	175	0.052632
43	182	0.043478
43	212	0.055556
43	229	0.043478
43	247	0.055556
43	262	0.052632
43	266	0.052632
43	291	0.052632
43	303	0.058824
43	306	0.055556
43	318	0.062500
43	342	0.066667
43	353	0.066667
43	384	0.062500
44	2	0.010204
44	7	0.037037
44	10	0.013699
44	11	0.013158
44	15	0.017544
44	16	0.008333
44	19	0.010309
44	20	0.012346
44	21	0.009346
44	22	0.010526
44	23	0.010309
44	26	0.012821
44	27	0.012195
44	30	0.011628
44	35	0.013699
44	53	0.022727
44	74	0.022222
44	109	0.034483
44	123	0.040000
44	126	0.034483
44	133	0.033333
44	142	0.041667
44	149	0.033333
44	158	0.047619
44	168	0.034483
44	193	0.055556
44	200	0.045455
44	215	0.052632
44	241	0.058824
44	259	0.058824
44	260	0.058824
44	265	0.055556
44	281	0.062500
44	304	0.052632
44	343	0.058824
44	356	0.062500
44	366	0.066667
44	387	0.066667
44	393	0.066667
45	2	0.010204
45	5	0.019231
45	6	0.014085
45	10	0.013699
45	11	0.013158
45	13	0.032258
45	19	0.010309
45	23	0.010309
45	24	0.010870
45	33	0.015385
45	35	0.013699
45	36	0.016667
45	37	0.012346
45	40	0.015873
45	42	0.016667
45	46	0.015873
45	47	0.015873
45	49	0.019231
45	55	0.027027
45	56	0.018868
45	57	0.021739
45	59	0.024390
45	60	0.019608
45	61	0.020833
45	64	0.021739
45	67	0.023810
45	77	0.028571
45	89	0.035714
45	92	0.024390
45	94	0.028571
45	96	0.029412
45	99	0.022222
45	108	0.041667
45	109	0.034483
45	113	0.040000
45	116	0.030303
45	142	0.041667
45	148	0.041667
45	151	0.041667
45	155	0.038462
45	163	0.043478
45	173	0.030303
45	174	0.050000
45	190	0.050000
45	195	0.047619
45	203	0.045455
45	205	0.050000
45	207	0.043478
45	221	0.043478
45	228	0.047619
45	235	0.052632
45	236	0.043478
45	244	0.041667
45	253	0.043478
45	260	0.058824
45	268	0.055556
45	271	0.055556
45	272	0.066667
45	278	0.062500
45	285	0.062500
45	293	0.052632
45	299	0.055556
45	303	0.058824
45	328	0.066667
45	329	0.055556
45	342	0.066667
45	344	0.066667
45	348	0.058824
45	396	0.066667
46	0	0.006329
46	10	0.013699
46	15	0.017544
46	16	0.008333
46	17	0.008403
46	18	0.008264
46	20	0.012346
46	22	0.010526
46	26	0.012821
46	28	0.011494
46	35	0.013699
46	39	0.019231
46	40	0.015873
46	43	0.020000
46	45	0.014493
46	47	0.015873
46	50	0.019608
46	66	0.030303
46	67	0.023810
46	72	0.030303
46	75	0.034483
46	76	0.028571
46	78	0.025641
46	79	0.023256
46	82	0.030303
46	89	0.035714
46	97	0.037037
46	98	0.034483
46	111	0.021277
46	112	0.037037
46	113	0.040000
46	115	0.041667
46	118	0.027778
46	136	0.041667
46	154	0.032258
46	155	0.038462
46	158	0.047619
46	159	0.032258
46	175	0.052632
46	180	0.050000
46	181	0.038462
46	183	0.047619
46	186	0.047619
46	188	0.041667
46	189	0.050000
46	196	0.043478
46	197	0.038462
46	203	0.045455
46	206	0.045455
46	219	0.045455
46	230	0.052632
46	232	0.058824
46	237	0.045455
46	246	0.062500
46	288	0.058824
46	298	0.050000
46	302	0.052632
46	352	0.062500
46	356	0.062500
46	365	0.066667
46	371	0.066667
46	373	0.066667
46	391	0.066667
47	0	0.006329
47	9	0.016393
47	10	0.013699
47	12	0.026316
47	13	0.032258
47	23	0.010309
47	24	0.010870
47	26	0.012821
47	28	0.011494
47	32	0.015873
47	36	0.016667
47	37	0.012346
47	40	0.015873
47	45	0.014493
47	46	0.015873
47	48	0.028571
47	54	0.029412
47	56	0.018868
47	57	0.021739
47	61	0.020833
47	63	0.027778
47	83	0.028571
47	92	0.024390
47	94	0.028571
47	101	0.045455
47	106	0.026316
47	113	0.040000
47	125	0.041667
47	128	0.035714
47	140	0.030303
47	149	0.033333
47	150	0.030303
47	153	0.045455
47	166	0.035714
47	171	0.047619
47	184	0.050000
47	198	0.047619
47	218	0.055556
47	231	0.052632
47	237	0.045455
47	241	0.058824
47	242	0.055556
47	248	0.050000
47	261	0.062500
47	268	0.055556
47	270	0.058824
47	272	0.066667
47	281	0.062500
47	286	0.055556
47	288	0.058824
47	309	0.062500
47	316	0.058824
47	326	0.066667
47	332	0.066667
47	333	0.062500
47	335	0.062500
47	341	0.058824
47	350	0.066667
47	360	0.066667
47	364	0.066667
47	373	0.066667
47	375	0.066667
47	381	0.066667
48	1	0.015625
48	12	0.026316
48	16	0.008333
48	17	0.008403
48	18	0.008264
48	21	0.009346
48	22	0.010526
48	25	0.012346
48	28	0.011494
48	31	0.015625
48	33	0.015385
48	38	0.014925
48	40	0.015873
48	41	0.014493
48	47	0.015873
48	49	0.019231
48	61	0.020833
48	62	0.022222
48	68	0.023810
48	69	0.034483
48	74	0.022222
48	88	0.025641
48	90	0.034483
48	95	0.037037
48	168	0.034483
48	174	0.050000
48	182	0.043478
48	207	0.043478
48	282	0.058824
48	310	0.066667
48	316	0.058824
48	335	0.062500
48	341	0.058824
48	371	0.066667
48	394	0.066667
49	2	0.010204
49	5	0.019231
49	9	0.016393
49	17	0.008403
49	18	0.008264
49	19	0.010309
49	21	0.009346
49	22	0.010526
49	23	0.010309
49	27	0.012195
49	34	0.014085
49	37	0.012346
49	38	0.014925
49	45	0.014493
49	48	0.028571
49	56	0.018868
49	58	0.021739
49	62	0.022222
49	63	0.027778
49	66	0.030303
49	72	0.030303
49	81	0.038462
49	83	0.028571
49	86	0.024390
49	91	0.028571
49	98	0.034483
49	118	0.027778
49	119	0.034483
49	138	0.031250
49	142	0.041667
49	157	0.038462
49	165	0.041667
49	169	0.045455
49	173	0.030303
49	177	0.047619
49	181	0.038462
49	190	0.050000
49	200	0.045455
49	201	0.050000
49	232	0.058824
49	240	0.043478
49	241	0.058824
49	272	0.066667
49	274	0.052632
49	283	0.062500
49	294	0.062500
49	303	0.058824
49	318	0.062500
49	362	0.066667
49	366	0.066667
49	376	0.066667
49	379	0.062500
50	10	0.013699
50	16	0.008333
50	17	0.008403
50	19	0.010309
50	20	0.012346
50	25	0.012346
50	27	0.012195
50	28	0.011494
50	29	0.016129
50	31	0.015625
50	34	0.014085
50	36	0.016667
50	40	0.015873
50	41	0.014493
50	46	0.015873
50	54	0.029412
50	71	0.041667
50	72	0.030303
50	80	0.033333
50	83	0.028571
50	85	0.031250
50	89	0.035714
50	97	0.037037
50	107	0.035714
50	108	0.041667
50	113	0.040000
50	116	0.030303
50	117	0.033333
50	131	0.029412
50	132	0.033333
50	134	0.033333
50	138	0.031250
50	139	0.038462
50	146	0.037037
50	189	0.050000
50	192	0.043478
50	216	0.058824
50	221	0.043478
50	238	0.055556
50	245	0.052632
50	250	0.052632
50	252	0.050000
50	263	0.062500
50	271	0.055556
50	306	0.055556
50	317	0.062500
50	318	0.062500
50	332	0.066667
50	334	0.058824
50	381	0.066667
50	391	0.066667
51	6	0.014085
51	10	0.013699
51	11	0.013158
51	13	0.032258
51	15	0.017544
51	16	0.008333
51	18	0.008264
51	23	0.010309
51	24	0.010870
51	28	0.011494
51	30	0.011628
51	37	0.012346
51	40	0.015873
51	41	0.014493
51	43	0.020000
51	55	0.027027
51	63	0.027778
51	68	0.023810
51	70	0.023810
51	80	0.033333
51	88	0.025641
51	97	0.037037
51	101	0.045455
51	117	0.033333
51	121	0.040000
51	122	0.035714
51	158	0.047619
51	180	0.050000
51	188	0.041667
51	191	0.037037
51	206	0.045455
51	211	0.040000
51	243	0.062500
51	259	0.058824
51	263	0.062500
51	270	0.058824
51	281	0.062500
51	290	0.055556
51	295	0.055556
51	305	0.062500
51	306	0.055556
51	342	0.066667
51	344	0.066667
51	348	0.058824
51	365	0.066667
51	369	0.062500
52	0	0.006329
52	6	0.014085
52	10	0.013699
52	19	0.010309
52	20	0.012346
52	21	0.009346
52	23	0.010309
52	25	0.012346
52	26	0.012821
52	32	0.015873
52	33	0.015385
52	34	0.014085
52	35	0.013699
52	38	0.014925
52	42	0.016667
52	55	0.027027
52	57	0.021739
52	59	0.024390
52	68	0.023810
52	71	0.041667
52	73	0.034483
52	75	0.034483
52	80	0.033333
52	85	0.031250
52	92	0.024390
52	105	0.034483
52	108	0.041667
52	110	0.040000
52	135	0.034483
52	142	0.041667
52	148	0.041667
52	156	0.055556
52	164	0.045455
52	174	0.050000
52	183	0.047619
52	191	0.037037
52	194	0.043478
52	210	0.052632
52	241	0.058824
52	245	0.052632
52	280	0.052632
52	284	0.062500
52	286	0.055556
52	303	0.058824
52	305	0.062500
52	307	0.058824
52	317	0.062500
52	326	0.066667
52	339	0.066667
52	352	0.062500
52	354	0.055556
52	361	0.055556
52	371	0.066667
53	2	0.010204
53	4	0.028571
53	10	0.013699
53	17	0.008403
53	18	0.008264
53	21	0.009346
53	24	0.010870
53	27	0.012195
53	28	0.011494
53	30	0.011628
53	32	0.015873
53	33	0.015385
53	38	0.014925
53	41	0.014493
53	44	0.025641
53	57	0.021739
53	65	0.020833
53	67	0.023810
53	73	0.034483
53	85	0.031250
53	92	0.024390
53	95	0.037037
53	99	0.022222
53	104	0.025641
53	112	0.037037
53	117	0.033333
53	126	0.034483
53	128	0.035714
53	148	0.041667
53	186	0.047619
53	214	0.050000
53	215	0.052632
53	222	0.052632
53	228	0.047619
53	245	0.052632
53	251	0.052632
53	259	0.058824
53	280	0.052632
53	285	0.062500
53	354	0.055556
53	370	0.066667
53	375	0.066667
53	393	0.066667
53	396	0.066667
54	1	0.015625
54	2	0.010204
54	4	0.028571
54	22	0.010526
54	26	0.012821
54	27	0.012195
54	28	0.011494
54	31	0.015625
54	35	0.013699
54	36	0.016667
54	37	0.012346
54	42	0.016667
54	43	0.020000
54	47	0.015873
54	50	0.019608
54	70	0.023810
54	77	0.028571
54	87	0.034483
54	103	0.032258
54	132	0.033333
54	138	0.031250
54	146	0.037037
54	149	0.033333
54	216	0.058824
54	223	0.052632
54	224	0.058824
54	226	0.058824
54	264	0.050000
54	294	0.062500
54	313	0.066667
54	343	0.058824
54	351	0.062500
54	360	0.066667
54	363	0.066667
55	2	0.010204
55	6	0.014085
55	9	0.016393
55	15	0.017544
55	17	0.008403
55	20	0.012346
55	22	0.010526
55	26	0.012821
55	29	0.016129
55	34	0.014085
55	39	0.019231
55	41	0.014493
55	45	0.014493
55	51	0.021739
55	52	0.018868
55	68	0.023810
55	74	0.022222
55	75	0.034483
55	80	0.033333
55	82	0.030303
55	93	0.035714
55	109	0.034483
55	129	0.028571
55	134	0.033333
55	142	0.041667
55	154	0.032258
55	165	0.041667
55	185	0.058824
55	192	0.043478
55	230	0.052632
55	241	0.058824
55	250	0.052632
55	267	0.055556
55	292	0.058824
55	338	0.066667
55	345	0.066667
55	381	0.066667
56	1	0.015625
56	2	0.010204
56	6	0.014085
56	9	0.016393
56	14	0.035714
56	18	0.008264
56	22	0.010526
56	24	0.010870
56	29	0.016129
56	36	0.016667
56	37	0.012346
56	42	0.016667
56	45	0.014493
56	47	0.015873
56	49	0.019231
56	57	0.021739
56	64	0.021739
56	68	0.023810
56	72	0.030303
56	73	0.034483
56	74	0.022222
56	85	0.031250
56	86	0.024390
56	95	0.037037
56	97	0.037037
56	100	0.030303
56	111	0.021277
56	159	0.032258
56	162	0.034483
56	171	0.047619
56	190	0.050000
56	195	0.047619
56	199	0.045455
56	220	0.055556
56	224	0.058824
56	231	0.052632
56	233	0.058824
56	237	0.045455
56	240	0.043478
56	255	0.043478
56	274	0.052632
56	283	0.062500
56	298	0.050000
56	312	0.062500
56	327	0.058824
56	331	0.058824
56	335	0.062500
56	352	0.062500
56	357	0.058824
56	358	0.066667
56	367	0.062500
56	377	0.066667
56	385	0.062500
57	6	0.014085
57	15	0.017544
57	16	0.008333
57	18	0.008264
57	19	0.010309
57	20	0.012346
57	23	0.010309
57	28	0.011494
57	35	0.013699
57	36	0.016667
57	45	0.014493
57	47	0.015873
57	52	0.018868
57	53	0.022727
57	56	0.018868
57	58	0.021739
57	60	0.019608
57	61	0.020833
57	62	0.022222
57	68	0.023810
57	70	0.023810
57	75	0.034483
57	77	0.028571
57	107	0.035714
57	115	0.041667
57	127	0.035714
57	135	0.034483
57	144	0.033333
57	151	0.041667
57	163	0.043478
57	174	0.050000
57	185	0.058824
57	188	0.041667
57	191	0.037037
57	218	0.055556
57	232	0.058824
57	234	0.050000
57	263	0.062500
57	265	0.055556
57	266	0.052632
57	278	0.062500
57	300	0.066667
57	364	0.066667
57	366	0.066667
57	368	0.066667
57	372	0.058824
58	11	0.013158
58	16	0.008333
58	17	0.008403
58	18	0.008264
58	20	0.012346
58	23	0.010309
58	25	0.012346
58	29	0.016129
58	30	0.011628
58	37	0.012346
58	39	0.019231
58	40	0.015873
58	42	0.016667
58	49	0.019231
58	57	0.021739
58	62	0.022222
58	85	0.031250
58	88	0.025641
58	90	0.034483
58	92	0.024390
58	97	0.037037
58	101	0.045455
58	104	0.025641
58	106	0.026316
58	107	0.035714
58	108	0.041667
58	121	0.040000
58	139	0.038462
58	154	0.032258
58	170	0.050000
58	175	0.052632
58	211	0.040000
58	219	0.045455
58	223	0.052632
58	244	0.041667
58	250	0.052632
58	258	0.062500
58	261	0.062500
58	284	0.062500
58	299	0.055556
58	338	0.066667
58	367	0.062500
58	375	0.066667
58	380	0.062500
58	384	0.062500
58	389	0.066667
59	1	0.015625
59	2	0.010204
59	9	0.016393
59	10	0.013699
59	11	0.013158
59	16	0.008333
59	18	0.008264
59	21	0.009346
59	22	0.010526
59	23	0.010309
59	33	0.015385
59	36	0.016667
59	41	0.014493
59	45	0.014493
59	52	0.018868
59	63	0.027778
59	65	0.020833
59	66	0.030303
59	72	0.030303
59	80	0.033333
59	96	0.029412
59	98	0.034483
59	105	0.034483
59	123	0.040000
59	137	0.031250
59	146	0.037037
59	147	0.041667
59	157	0.038462
59	163	0.043478
59	169	0.045455
59	238	0.055556
59	242	0.055556
59	271	0.055556
59	287	0.058824
59	292	0.058824
59	295	0.055556
59	311	0.058824
59	332	0.066667
59	362	0.066667
59	381	0.066667
59	398	0.066667
60	0	0.006329
60	3	0.047619
60	5	0.019231
60	7	0.037037
60	12	0.026316
60	14	0.035714
60	16	0.008333
60	21	0.009346
60	25	0.012346
60	35	0.013699
60	39	0.019231
60	40	0.015873
60	42	0.016667
60	45	0.014493
60	57	0.021739
60	65	0.020833
60	66	0.030303
60	69	0.034483
60	75	0.034483
60	79	0.023256
60	84	0.026316
60	89	0.035714
60	90	0.034483
60	111	0.021277
60	112	0.037037
60	116	0.030303
60	119	0.034483
60	123	0.040000
60	132	0.033333
60	135	0.034483
60	138	0.031250
60	150	0.030303
60	151	0.041667
60	153	0.045455
60	176	0.041667
60	178	0.047619
60	185	0.058824
60	187	0.040000
60	199	0.045455
60	201	0.050000
60	214	0.050000
60	215	0.052632
60	250	0.052632
60	256	0.047619
60	276	0.050000
60	278	0.062500
60	306	0.055556
60	313	0.066667
60	325	0.055556
60	360	0.066667
60	366	0.066667
61	10	0.013699
61	19	0.010309
61	20	0.012346
61	24	0.010870
61	26	0.012821
61	27	0.012195
61	28	0.011494
61	29	0.016129
61	36	0.016667
61	37	0.012346
61	43	0.020000
61	45	0.014493
61	47	0.015873
61	48	0.028571
61	57	0.021739
61	71	0.041667
61	72	0.030303
61	76	0.028571
61	78	0.025641
61	81	0.038462
61	84	0.026316
61	96	0.029412
61	101	0.045455
61	108	0.041667
61	110	0.040000
61	112	0.037037
61	125	0.041667
61	142	0.041667
61	167	0.041667
61	171	0.047619
61	177	0.047619
61	184	0.050000
61	197	0.038462
61	207	0.043478
61	217	0.052632
61	219	0.045455
61	235	0.052632
61	244	0.041667
61	248	0.050000
61	261	0.062500
61	266	0.052632
61	279	0.043478
61	311	0.058824
61	321	0.055556
61	322	0.058824
61	330	0.047619
61	333	0.062500
61	358	0.066667
62	5	0.019231
62	9	0.016393
62	10	0.013699
62	13	0.032258
62	21	0.009346
62	23	0.010309
62	25	0.012346
62	26	0.012821
62	31	0.015625
62	36	0.016667
62	37	0.012346
62	48	0.028571
62	49	0.019231
62	57	0.021739
62	58	0.021739
62	63	0.027778
62	66	0.030303
62	69	0.034483
62	101	0.045455
62	114	0.033333
62	120	0.030303
62	144	0.033333
62	156	0.055556
62	167	0.041667
62	174	0.050000
62	182	0.043478
62	195	0.047619
62	221	0.043478
62	224	0.058824
62	225	0.041667
62	245	0.052632
62	281	0.062500
62	293	0.052632
62	312	0.062500
62	319	0.058824
62	320	0.055556
62	322	0.058824
62	324	0.062500
62	326	0.066667
62	337	0.058824
62	344	0.066667
62	345	0.066667
62	349	0.055556
62	351	0.062500
62	379	0.062500
63	0	0.006329
63	1	0.015625
63	3	0.047619
63	6	0.014085
63	9	0.016393
63	20	0.012346
63	22	0.010526
63	25	0.012346
63	30	0.011628
63	40	0.015873
63	47	0.015873
63	49	0.019231
63	51	0.021739
63	59	0.024390
63	62	0.022222
63	64	0.021739
63	87	0.034483
63	103	0.032258
63	104	0.025641
63	119	0.034483
63	125	0.041667
63	127	0.035714
63	132	0.033333
63	141	0.038462
63	142	0.041667
63	157	0.038462
63	159	0.032258
63	165	0.041667
63	200	0.045455
63	213	0.043478
63	293	0.052632
63	294	0.062500
63	331	0.058824
63	349	0.055556
63	355	0.066667
63	357	0.058824
64	1	0.015625
64	2	0.010204
64	12	0.026316
64	20	0.012346
64	21	0.009346
64	23	0.010309
64	24	0.010870
64	30	0.011628
64	33	0.015385
64	35	0.013699
64	38	0.014925
64	39	0.019231
64	45	0.014493
64	56	0.018868
64	63	0.027778
64	65	0.020833
64	85	0.031250
64	99	0.022222
64	109	0.034483
64	117	0.033333
64	122	0.035714
64	130	0.034483
64	132	0.033333
64	142	0.041667
64	146	0.037037
64	150	0.030303
64	152	0.045455
64	165	0.041667
64	172	0.043478
64	185	0.058824
64	202	0.043478
64	209	0.050000
64	228	0.047619
64	234	0.050000
64	252	0.050000
64	253	0.043478
64	269	0.058824
64	285	0.062500
64	290	0.055556
64	296	0.055556
64	299	0.055556
64	304	0.052632
64	317	0.062500
64	354	0.055556
64	391	0.066667
64	393	0.066667
65	2	0.010204
65	5	0.019231
65	7	0.037037
65	15	0.017544
65	21	0.009346
65	22	0.010526
65	30	0.011628
65	34	0.014085
65	35	0.013699
65	37	0.012346
65	39	0.019231
65	53	0.022727
65	59	0.024390
65	60	0.019608
65	64	0.021739
65	70	0.023810
65	73	0.034483
65	74	0.022222
65	76	0.028571
65	84	0.026316
65	89	0.035714
65	91	0.028571
65	96	0.029412
65	97	0.037037
65	102	0.023810
65	114	0.033333
65	120	0.030303
65	168	0.034483
65	172	0.043478
65	173	0.030303
65	192	0.043478
65	217	0.052632
65	227	0.041667
65	228	0.047619
65	238	0.055556
65	254	0.055556
65	256	0.047619
65	268	0.055556
65	282	0.058824
65	292	0.058824
65	322	0.058824
65	323	0.062500
65	356	0.062500
65	367	0.062500
65	373	0.066667
65	376	0.066667
65	378	0.066667
65	383	0.066667
66	0	0.006329
66	1	0.015625
66	6	0.014085
66	10	0.013699
66	16	0.008333
66	18	0.008264
66	27	0.012195
66	30	0.011628
66	33	0.015385
66	37	0.012346
66	46	0.015873
66	49	0.019231
66	59	0.024390
66	60	0.019608
66	62	0.022222
66	71	0.041667
66	80	0.033333
66	85	0.031250
66	113	0.040000
66	127	0.035714
66	140	0.030303
66	141	0.038462
66	161	0.041667
66	177	0.047619
66	193	0.055556
66	212	0.055556
66	222	0.052632
66	226	0.058824
66	261	0.062500
66	297	0.058824
66	350	0.066667
66	362	0.066667
66	363	0.066667
67	6	0.014085
67	13	0.032258
67	18	0.008264
67	20	0.012346
67	21	0.009346
67	24	0.010870
67	26	0.012821
67	28	0.011494
67	29	0.016129
67	34	0.014085
67	41	0.014493
67	42	0.016667
67	45	0.014493
67	46	0.015873
67	53	0.022727
67	68	0.023810
67	74	0.022222
67	83	0.028571
67	97	0.037037
67	104	0.025641
67	115	0.041667
67	126	0.034483
67	130	0.034483
67	131	0.029412
67	138	0.031250
67	143	0.032258
67	148	0.041667
67	163	0.043478
67	186	0.047619
67	203	0.045455
67	224	0.058824
67	225	0.041667
67	230	0.052632
67	231	0.052632
67	252	0.050000
67	265	0.055556
67	310	0.066667
67	325	0.055556
67	341	0.058824
67	342	0.066667
67	345	0.066667
67	386	0.066667
68	1	0.015625
68	5	0.019231
68	16	0.008333
68	22	0.010526
68	23	0.010309
68	26	0.012821
68	38	0.014925
68	43	0.020000
68	48	0.028571
68	51	0.021739
68	52	0.018868
68	55	0.027027
68	56	0.018868
68	57	0.021739
68	67	0.023810
68	79	0.023256
68	87	0.034483
68	89	0.035714
68	94	0.028571
68	95	0.037037
68	99	0.022222
68	100	0.030303
68	125	0.041667
68	141	0.038462
68	149	0.033333
68	160	0.037037
68	162	0.034483
68	164	0.045455
68	184	0.050000
68	186	0.047619
68	215	0.052632
68	224	0.058824
68	242	0.055556
68	245	0.052632
68	290	0.055556
68	330	0.047619
68	334	0.058824
68	335	0.062500
68	344	0.066667
68	366	0.066667
68	368	0.066667
68	387	0.066667
69	2	0.010204
69	5	0.019231
69	10	0.013699
69	12	0.026316
69	13	0.032258
69	16	0.008333
69	20	0.012346
69	24	0.010870
69	27	0.012195
69	30	0.011628
69	33	0.015385
69	37	0.012346
69	48	0.028571
69	60	0.019608
69	62	0.022222
69	72	0.030303
69	74	0.022222
69	81	0.038462
69	100	0.030303
69	121	0.040000
69	130	0.034483
69	135	0.034483
69	160	0.037037
69	197	0.038462
69	274	0.052632
69	276	0.050000
69	320	0.055556
69	339	0.066667
69	379	0.062500
70	0	0.006329
70	1	0.015625
70	5	0.019231
70	8	0.023256
70	9	0.016393
70	12	0.026316
70	16	0.008333
70	19	0.010309
70	24	0.010870
70	33	0.015385
70	43	0.020000
70	51	0.021739
70	54	0.029412
70	57	0.021739
70	65	0.020833
70	75	0.034483
70	92	0.024390
70	93	0.035714
70	99	0.022222
70	120	0.030303
70	124	0.045455
70	126	0.034483
70	136	0.041667
70	146	0.037037
70	151	0.041667
70	164	0.045455
70	165	0.041667
70	181	0.038462
70	185	0.058824
70	191	0.037037
70	204	0.040000
70	206	0.045455
70	238	0.055556
70	255	0.043478
70	301	0.062500
70	315	0.058824
70	339	0.066667
70	342	0.066667
70	351	0.062500
70	362	0.066667
70	368	0.066667
70	383	0.066667
71	0	0.006329
71	9	0.016393
71	16	0.008333
71	17	0.008403
71	18	0.008264
71	30	0.011628
71	32	0.015873
71	34	0.014085
71	36	0.016667
71	38	0.014925
71	43	0.020000
71	50	0.019608
71	52	0.018868
71	61	0.020833
71	66	0.030303
71	96	0.029412
71	101	0.045455
71	162	0.034483
71	170	0.050000
71	224	0.058824
71	256	0.047619
71	267	0.055556
71	296	0.055556
71	309	0.062500
72	0	0.006329
72	1	0.015625
72	2	0.010204
72	18	0.008264
72	21	0.009346
72	25	0.012346
72	37	0.012346
72	38	0.014925
72	46	0.015873
72	49	0.019231
72	50	0.019608
72	56	0.018868
72	59	0.024390
72	61	0.020833
72	69	0.034483
72	82	0.030303
72	85	0.031250
72	130	0.034483
72	139	0.038462
72	147	0.041667
72	159	0.032258
72	167	0.041667
72	198	0.047619
72	200	0.045455
72	215	0.052632
72	216	0.058824
72	235	0.052632
72	251	0.052632
72	263	0.062500
72	285	0.062500
72	293	0.052632
72	308	0.062500
72	326	0.066667
73	0	0.006329
73	5	0.019231
73	9	0.016393
73	11	0.013158
73	13	0.032258
73	21	0.009346
73	22	0.010526
73	28	0.011494
73	33	0.015385
73	36	0.016667
73	40	0.015873
73	52	0.018868
73	53	0.022727
73	56	0.018868
73	65	0.020833
73	91	0.028571
73	114	0.033333
73	119	0.034483
73	131	0.029412
73	153	0.045455
73	155	0.038462
73	195	0.047619
73	239	0.055556
73	251	0.052632
73	253	0.043478
73	254	0.055556
73	295	0.055556
73	318	0.062500
73	395	0.066667
74	0	0.006329
74	8	0.023256
74	16	0.008333
74	21	0.009346
74	22	0.010526
74	24	0.010870
74	28	0.011494
74	41	0.014493
74	44	0.025641
74	48	0.028571
74	55	0.027027
74	56	0.018868
74	65	0.020833
74	67	0.023810
74	69	0.034483
74	82	0.030303
74	85	0.031250
74	94	0.028571
74	95	0.037037
74	98	0.034483
74	105	0.034483
74	128	0.035714
74	140	0.030303
74	160	0.037037
74	169	0.045455
74	171	0.047619
74	178	0.047619
74	187	0.040000
74	204	0.040000
74	205	0.050000
74	217	0.052632
74	232	0.058824
74	234	0.050000
74	236	0.043478
74	273	0.055556
74	286	0.055556
74	293	0.052632
74	295	0.055556
74	302	0.052632
74	303	0.058824
74	331	0.058824
74	336	0.058824
74	339	0.066667
74	382	0.066667
74	392	0.066667
75	6	0.014085
75	10	0.013699
75	20	0.012346
75	21	0.009346
75	23	0.010309
75	28	0.011494
75	30	0.011628
75	31	0.015625
75	34	0.014085
75	46	0.015873
75	52	0.018868
75	55	0.027027
75	57	0.021739
75	60	0.019608
75	70	0.023810
75	88	0.025641
75	106	0.026316
75	123	0.040000
75	137	0.031250
75	161	0.041667
75	216	0.058824
75	227	0.041667
75	229	0.043478
75	270	0.058824
75	292	0.058824
75	297	0.058824
75	319	0.058824
75	343	0.058824
75	371	0.066667
76	0	0.006329
76	8	0.023256
76	11	0.013158
76	19	0.010309
76	20	0.012346
76	21	0.009346
76	28	0.011494
76	29	0.016129
76	33	0.015385
76	37	0.012346
76	41	0.014493
76	43	0.020000
76	46	0.015873
76	61	0.020833
76	65	0.020833
76	87	0.034483
76	105	0.034483
76	131	0.029412
76	145	0.043478
76	163	0.043478
76	165	0.041667
76	167	0.041667
76	168	0.034483
76	192	0.043478
76	193	0.055556
76	207	0.043478
76	262	0.052632
76	272	0.066667
76	303	0.058824
76	307	0.058824
76	308	0.062500
76	314	0.058824
76	338	0.066667
76	377	0.066667
76	394	0.066667
77	0	0.006329
77	2	0.010204
77	6	0.014085
77	11	0.013158
77	15	0.017544
77	17	0.008403
77	21	0.009346
77	23	0.010309
77	24	0.010870
77	25	0.012346
77	37	0.012346
77	41	0.014493
77	45	0.014493
77	54	0.029412
77	57	0.021739
77	79	0.023256
77	87	0.034483
77	88	0.025641
77	90	0.034483
77	96	0.029412
77	119	0.034483
77	146	0.037037
77	150	0.030303
77	157	0.038462
77	161	0.041667
77	194	0.043478
77	239	0.055556
77	247	0.055556
77	250	0.052632
77	271	0.055556
77	327	0.058824
77	360	0.066667
77	376	0.066667
77	387	0.066667
77	392	0.066667
78	1	0.015625
78	2	0.010204
78	6	0.014085
78	8	0.023256
78	9	0.016393
78	10	0.013699
78	16	0.008333
78	17	0.008403
78	20	0.012346
78	21	0.009346
78	22	0.010526
78	39	0.019231
78	40	0.015873
78	46	0.015873
78	61	0.020833
78	82	0.030303
78	83	0.028571
78	95	0.037037
78	106	0.026316
78	110	0.040000
78	114	0.033333
78	124	0.045455
78	128	0.035714
78	130	0.034483
78	131	0.029412
78	144	0.033333
78	165	0.041667
78	183	0.047619
78	210	0.052632
78	219	0.045455
78	225	0.041667
78	257	0.058824
78	275	0.066667
78	289	0.062500
78	334	0.058824
78	354	0.055556
78	355	0.066667
78	386	0.066667
78	396	0.066667
79	0	0.006329
79	6	0.014085
79	7	0.037037
79	15	0.017544
79	17	0.008403
79	19	0.010309
79	22	0.010526
79	24	0.010870
79	31	0.015625
79	35	0.013699
79	41	0.014493
79	46	0.015873
79	60	0.019608
79	68	0.023810
79	77	0.028571
79	84	0.026316
79	93	0.035714
79	99	0.022222
79	106	0.026316
79	111	0.021277
79	143	0.032258
79	144	0.033333
79	173	0.030303
79	174	0.050000
79	175	0.052632
79	182	0.043478
79	210	0.052632
79	219	0.045455
79	220	0.055556
79	221	0.043478
79	228	0.047619
79	236	0.043478
79	240	0.043478
79	241	0.058824
79	253	0.043478
79	257	0.058824
79	286	0.055556
79	290	0.055556
79	304	0.052632
79	307	0.058824
79	313	0.066667
79	375	0.066667
79	386	0.066667
80	0	0.006329
80	16	0.008333
80	18	0.008264
80	19	0.010309
80	22	0.010526
80	27	0.012195
80	28	0.011494
80	36	0.016667
80	43	0.020000
80	50	0.019608
80	51	0.021739
80	52	0.018868
80	55	0.027027
80	59	0.024390
80	66	0.030303
80	98	0.034483
80	121	0.040000
80	134	0.033333
80	144	0.033333
80	147	0.041667
80	152	0.045455
80	188	0.041667
80	208	0.038462
80	215	0.052632
80	220	0.055556
80	230	0.052632
80	240	0.043478
80	279	0.043478
80	389	0.066667
80	390	0.066667
81	7	0.037037
81	8	0.023256
81	12	0.026316
81	14	0.035714
81	17	0.008403
81	21	0.009346
81	22	0.010526
81	23	0.010309
81	26	0.012821
81	28	0.011494
81	34	0.014085
81	37	0.012346
81	49	0.019231
81	61	0.020833
81	69	0.034483
81	133	0.033333
81	134	0.033333
81	162	0.034483
81	178	0.047619
81	187	0.040000
81	219	0.045455
81	220	0.055556
81	224	0.058824
81	233	0.058824
81	264	0.050000
81	282	0.058824
82	0	0.006329
82	11	0.013158
82	16	0.008333
82	17	0.008403
82	21	0.009346
82	22	0.010526
82	24	0.010870
82	27	0.012195
82	38	0.014925
82	41	0.014493
82	46	0.015873
82	55	0.027027
82	72	0.030303
82	74	0.022222
82	78	0.025641
82	96	0.029412
82	98	0.034483
82	123	0.040000
82	135	0.034483
82	139	0.038462
82	149	0.033333
82	159	0.032258
82	166	0.035714
82	200	0.045455
82	220	0.055556
82	222	0.052632
82	290	0.055556
82	310	0.066667
82	316	0.058824
82	345	0.066667
82	358	0.066667
82	359	0.062500
82	373	0.066667
83	5	0.019231
83	6	0.014085
83	11	0.013158
83	16	0.008333
83	21	0.009346
83	26	0.012821
83	27	0.012195
83	37	0.012346
83	40	0.015873
83	41	0.014493
83	47	0.015873
83	49	0.019231
83	50	0.019608
83	67	0.023810
83	78	0.025641
83	88	0.025641
83	91	0.028571
83	115	0.041667
83	129	0.028571
83	133	0.033333
83	140	0.030303
83	148	0.041667
83	152	0.045455
83	158	0.047619
83	162	0.034483
83	163	0.043478
83	181	0.038462
83	189	0.050000
83	207	0.043478
83	258	0.062500
83	281	0.062500
83	282	0.058824
83	300	0.066667
83	355	0.066667
83	391	0.066667
84	0	0.006329
84	2	0.010204
84	5	0.019231
84	10	0.013699
84	16	0.008333
84	18	0.008264
84	21	0.009346
84	26	0.012821
84	35	0.013699
84	36	0.016667
84	40	0.015873
84	60	0.019608
84	61	0.020833
84	65	0.020833
84	79	0.023256
84	86	0.024390
84	87	0.034483
84	91	0.028571
84	103	0.032258
84	117	0.033333
84	120	0.030303
84	131	0.029412
84	135	0.034483
84	137	0.031250
84	184	0.050000
84	185	0.058824
84	191	0.037037
84	201	0.050000
84	225	0.041667
84	247	0.055556
84	250	0.052632
84	260	0.058824
84	322	0.058824
84	327	0.058824
84	330	0.047619
84	353	0.066667
84	355	0.066667
84	380	0.062500
85	16	0.008333
85	21	0.009346
85	25	0.012346
85	28	0.011494
85	31	0.015625
85	37	0.012346
85	50	0.019608
85	52	0.018868
85	53	0.022727
85	56	0.018868
85	58	0.021739
85	64	0.021739
85	66	0.030303
85	72	0.030303
85	74	0.022222
85	90	0.034483
85	123	0.040000
85	124	0.045455
85	167	0.041667
85	170	0.050000
85	214	0.050000
85	235	0.052632
85	241	0.058824
85	276	0.050000
85	287	0.058824
85	297	0.058824
85	301	0.062500
85	317	0.062500
85	319	0.058824
85	322	0.058824
85	365	0.066667
85	383	0.066667
86	0	0.006329
86	6	0.014085
86	8	0.023256
86	19	0.010309
86	25	0.012346
86	27	0.012195
86	28	0.011494
86	32	0.015873
86	34	0.014085
86	35	0.013699
86	37	0.012346
86	41	0.014493
86	49	0.019231
86	56	0.018868
86	84	0.026316
86	93	0.035714
86	109	0.034483
86	166	0.035714
86	169	0.045455
86	179	0.038462
86	182	0.043478
86	229	0.043478
86	233	0.058824
86	248	0.050000
86	257	0.058824
86	279	0.043478
86	281	0.062500
86	282	0.058824
86	300	0.066667
86	304	0.052632
86	307	0.058824
86	336	0.058824
86	346	0.066667
86	349	0.055556
86	353	0.066667
86	356	0.062500
86	366	0.066667
86	368	0.066667
86	388	0.062500
86	393	0.066667
86	398	0.066667
87	3	0.047619
87	16	0.008333
87	17	0.008403
87	18	0.008264
87	19	0.010309
87	22	0.010526
87	25	0.012346
87	27	0.012195
87	29	0.016129
87	54	0.029412
87	63	0.027778
87	68	0.023810
87	76	0.028571
87	77	0.028571
87	84	0.026316
87	102	0.023810
87	125	0.041667
87	132	0.033333
87	152	0.045455
87	189	0.050000
87	205	0.050000
87	209	0.050000
87	249	0.055556
87	283	0.062500
87	295	0.055556
87	320	0.055556
87	331	0.058824
87	332	0.066667
87	369	0.062500
88	0	0.006329
88	16	0.008333
88	18	0.008264
88	21	0.009346
88	22	0.010526
88	24	0.010870
88	31	0.015625
88	32	0.015873
88	34	0.014085
88	48	0.028571
88	51	0.021739
88	58	0.021739
88	75	0.034483
88	77	0.028571
88	83	0.028571
88	92	0.024390
88	97	0.037037
88	100	0.030303
88	104	0.025641
88	129	0.028571
88	147	0.041667
88	160	0.037037
88	166	0.035714
88	198	0.047619
88	211	0.040000
88	214	0.050000
88	227	0.041667
88	229	0.043478
88	249	0.055556
88	266	0.052632
88	284	0.062500
88	307	0.058824
88	350	0.066667
88	352	0.062500
88	356	0.062500
88	359	0.062500
88	374	0.066667
88	385	0.062500
88	388	0.062500
89	11	0.013158
89	20	0.012346
89	21	0.009346
89	22	0.010526
89	23	0.010309
89	24	0.010870
89	28	0.011494
89	32	0.015873
89	40	0.015873
89	45	0.014493
89	46	0.015873
89	50	0.019608
89	60	0.019608
89	65	0.020833
89	68	0.023810
89	94	0.028571
89	106	0.026316
89	112	0.037037
89	121	0.040000
89	134	0.033333
89	183	0.047619
89	265	0.055556
89	317	0.062500
89	320	0.055556
89	323	0.062500
89	345	0.066667
89	361	0.055556
89	369	0.062500
90	4	0.028571
90	7	0.037037
90	13	0.032258
90	20	0.012346
90	27	0.012195
90	30	0.011628
90	31	0.015625
90	32	0.015873
90	37	0.012346
90	38	0.014925
90	48	0.028571
90	58	0.021739
90	60	0.019608
90	77	0.028571
90	85	0.031250
90	114	0.033333
90	128	0.035714
90	134	0.033333
90	150	0.030303
90	152	0.045455
90	154	0.032258
90	184	0.050000
90	204	0.040000
90	221	0.043478
90	237	0.045455
90	266	0.052632
90	283	0.062500
90	294	0.062500
90	313	0.066667
91	1	0.015625
91	6	0.014085
91	17	0.008403
91	19	0.010309
91	29	0.016129
91	30	0.011628
91	35	0.013699
91	36	0.016667
91	38	0.014925
91	42	0.016667
91	49	0.019231
91	65	0.020833
91	73	0.034483
91	83	0.028571
91	84	0.026316
91	104	0.025641
91	122	0.035714
91	128	0.035714
91	129	0.028571
91	153	0.045455
91	155	0.038462
91	156	0.055556
91	158	0.047619
91	169	0.045455
91	206	0.045455
91	210	0.052632
91	218	0.055556
91	231	0.052632
91	244	0.041667
91	265	0.055556
91	280	0.052632
91	304	0.052632
91	327	0.058824
91	346	0.066667
91	372	0.058824
92	2	0.010204
92	10	0.013699
92	23	0.010309
92	26	0.012821
92	30	0.011628
92	35	0.013699
92	36	0.016667
92	43	0.020000
92	45	0.014493
92	47	0.015873
92	52	0.018868
92	53	0.022727
92	58	0.021739
92	70	0.023810
92	88	0.025641
92	100	0.030303
92	125	0.041667
92	132	0.033333
92	135	0.034483
92	145	0.043478
92	169	0.045455
92	170	0.050000
92	171	0.047619
92	176	0.041667
92	200	0.045455
92	212	0.055556
92	232	0.058824
92	249	0.055556
92	250	0.052632
92	298	0.050000
92	308	0.062500
92	314	0.058824
92	323	0.062500
92	330	0.047619
92	331	0.058824
92	339	0.066667
92	356	0.062500
92	364	0.066667
92	365	0.066667
92	379	0.062500
92	390	0.066667
93	8	0.023256
93	12	0.026316
93	16	0.008333
93	17	0.008403
93	20	0.012346
93	23	0.010309
93	27	0.012195
93	29	0.016129
93	33	0.015385
93	34	0.014085
93	38	0.014925
93	55	0.027027
93	70	0.023810
93	79	0.023256
93	86	0.024390
93	101	0.045455
93	109	0.034483
93	118	0.027778
93	139	0.038462
93	157	0.038462
93	162	0.034483
93	236	0.043478
93	299	0.055556
93	320	0.055556
93	321	0.055556
93	325	0.055556
93	336	0.058824
93	369	0.062500
94	0	0.006329
94	2	0.010204
94	9	0.016393
94	16	0.008333
94	18	0.008264
94	19	0.010309
94	24	0.010870
94	30	0.011628
94	34	0.014085
94	35	0.013699
94	45	0.014493
94	47	0.015873
94	68	0.023810
94	74	0.022222
94	89	0.035714
94	113	0.040000
94	114	0.033333
94	123	0.040000
94	195	0.047619
94	196	0.043478
94	216	0.058824
94	219	0.045455
94	222	0.052632
94	246	0.062500
94	247	0.055556
94	261	0.062500
94	285	0.062500
94	289	0.062500
94	294	0.062500
94	308	0.062500
94	314	0.058824
94	323	0.062500
94	340	0.052632
94	375	0.066667
94	391	0.066667
95	0	0.006329
95	14	0.035714
95	23	0.010309
95	26	0.012821
95	27	0.012195
95	31	0.015625
95	32	0.015873
95	33	0.015385
95	40	0.015873
95	48	0.028571
95	53	0.022727
95	56	0.018868
95	68	0.023810
95	74	0.022222
95	78	0.025641
95	101	0.045455
95	114	0.033333
95	124	0.045455
95	144	0.033333
95	152	0.045455
95	163	0.043478
95	201	0.050000
95	243	0.062500
95	261	0.062500
95	266	0.052632
95	375	0.066667
95	381	0.066667
96	0	0.006329
96	9	0.016393
96	11	0.013158
96	21	0.009346
96	25	0.012346
96	26	0.012821
96	35	0.013699
96	40	0.015873
96	45	0.014493
96	59	0.024390
96	61	0.020833
96	65	0.020833
96	71	0.041667
96	77	0.028571
96	82	0.030303
96	129	0.028571
96	131	0.029412
96	153	0.045455
96	179	0.038462
96	213	0.043478
96	219	0.045455
96	224	0.058824
96	237	0.045455
96	242	0.055556
96	262	0.052632
96	278	0.062500
96	290	0.055556
96	297	0.058824
96	316	0.058824
96	319	0.058824
96	325	0.055556
96	328	0.066667
96	368	0.066667
96	387	0.066667
97	4	0.028571
97	11	0.013158
97	13	0.032258
97	19	0.010309
97	24	0.010870
97	25	0.012346
97	36	0.016667
97	46	0.015873
97	50	0.019608
97	51	0.021739
97	56	0.018868
97	58	0.021739
97	65	0.020833
97	67	0.023810
97	88	0.025641
97	133	0.033333
97	149	0.033333
97	164	0.045455
97	193	0.055556
97	277	0.047619
97	280	0.052632
97	289	0.062500
97	292	0.058824
97	295	0.055556
97	296	0.055556
97	333	0.062500
97	369	0.062500
98	2	0.010204
98	3	0.047619
98	8	0.023256
98	11	0.013158
98	16	0.008333
98	21	0.009346
98	25	0.012346
98	38	0.014925
98	42	0.016667
98	46	0.015873
98	49	0.019231
98	59	0.024390
98	74	0.022222
98	80	0.033333
98	82	0.030303
98	104	0.025641
98	109	0.034483
98	185	0.058824
98	194	0.043478
98	208	0.038462
98	220	0.055556
98	240	0.043478
98	258	0.062500
98	275	0.066667
98	277	0.047619
98	334	0.058824
98	349	0.055556
98	392	0.066667
98	393	0.066667
99	4	0.028571
99	6	0.014085
99	16	0.008333
99	17	0.008403
99	21	0.009346
99	23	0.010309
99	24	0.010870
99	29	0.016129
99	36	0.016667
99	45	0.014493
99	53	0.022727
99	64	0.021739
99	68	0.023810
99	70	0.023810
99	79	0.023256
99	103	0.032258
99	104	0.025641
99	112	0.037037
99	115	0.041667
99	128	0.035714
99	131	0.029412
99	137	0.031250
99	141	0.038462
99	167	0.041667
99	183	0.047619
99	187	0.040000
99	188	0.041667
99	202	0.043478
99	203	0.045455
99	207	0.043478
99	230	0.052632
99	276	0.050000
99	284	0.062500
99	292	0.058824
99	304	0.052632
99	305	0.062500
99	311	0.058824
99	319	0.058824
99	334	0.058824
99	355	0.066667
99	361	0.055556
99	363	0.066667
99	376	0.066667
99	378	0.066667
99	393	0.066667
100	0	0.006329
100	1	0.015625
100	4	0.028571
100	8	0.023256
100	10	0.013699
100	12	0.026316
100	15	0.017544
100	18	0.008264
100	31	0.015625
100	42	0.016667
100	56	0.018868
100	68	0.023810
100	69	0.034483
100	88	0.025641
100	92	0.024390
100	107	0.035714
100	116	0.030303
100	117	0.033333
100	124	0.045455
100	168	0.034483
100	193	0.055556
100	194	0.043478
100	213	0.043478
100	214	0.050000
100	231	0.052632
100	235	0.052632
100	242	0.055556
100	262	0.052632
100	321	0.055556
100	342	0.066667
100	360	0.066667
100	375	0.066667
100	379	0.062500
101	0	0.006329
101	9	0.016393
101	18	0.008264
101	27	0.012195
101	30	0.011628
101	39	0.019231
101	42	0.016667
101	47	0.015873
101	51	0.021739
101	58	0.021739
101	61	0.020833
101	62	0.022222
101	71	0.041667
101	93	0.035714
101	95	0.037037
101	124	0.045455
101	168	0.034483
101	289	0.062500
101	303	0.058824
101	312	0.062500
101	350	0.066667
101	368	0.066667
102	0	0.006329
102	1	0.015625
102	6	0.014085
102	8	0.023256
102	11	0.013158
102	19	0.010309
102	20	0.012346
102	22	0.010526
102	24	0.010870
102	27	0.012195
102	28	0.011494
102	31	0.015625
102	34	0.014085
102	65	0.020833
102	87	0.034483
102	103	0.032258
102	109	0.034483
102	110	0.040000
102	112	0.037037
102	119	0.034483
102	135	0.034483
102	160	0.037037
102	170	0.050000
102	175	0.052632
102	198	0.047619
102	199	0.045455
102	225	0.041667
102	241	0.058824
102	242	0.055556
102	248	0.050000
102	256	0.047619
102	279	0.043478
102	288	0.058824
102	324	0.062500
102	341	0.058824
102	347	0.062500
102	348	0.058824
102	351	0.062500
102	353	0.066667
102	371	0.066667
102	378	0.066667
102	379	0.062500
103	0	0.006329
103	5	0.019231
103	9	0.016393
103	17	0.008403
103	18	0.008264
103	21	0.009346
103	23	0.010309
103	30	0.011628
103	37	0.012346
103	42	0.016667
103	54	0.029412
103	63	0.027778
103	84	0.026316
103	99	0.022222
103	102	0.023810
103	119	0.034483
103	124	0.045455
103	166	0.035714
103	177	0.047619
103	184	0.050000
103	193	0.055556
103	203	0.045455
103	205	0.050000
103	228	0.047619
103	277	0.047619
103	290	0.055556
103	293	0.052632
103	328	0.066667
103	370	0.066667
103	397	0.066667
103	398	0.066667
104	9	0.016393
104	17	0.008403
104	23	0.010309
104	27	0.012195
104	28	0.011494
104	35	0.013699
104	37	0.012346
104	53	0.022727
104	58	0.021739
104	63	0.027778
104	67	0.023810
104	88	0.025641
104	91	0.028571
104	98	0.034483
104	99	0.022222
104	107	0.035714
104	110	0.040000
104	115	0.041667
104	118	0.027778
104	133	0.033333
104	137	0.031250
104	147	0.041667
104	149	0.033333
104	154	0.032258
104	157	0.038462
104	165	0.041667
104	168	0.034483
104	198	0.047619
104	213	0.043478
104	215	0.052632
104	220	0.055556
104	222	0.052632
104	234	0.050000
104	287	0.058824
104	293	0.052632
104	302	0.052632
104	355	0.066667
104	370	0.066667
104	386	0.066667
105	10	0.013699
105	11	0.013158
105	17	0.008403
105	19	0.010309
105	24	0.010870
105	26	0.012821
105	27	0.012195
105	31	0.015625
105	35	0.013699
105	37	0.012346
105	43	0.020000
105	52	0.018868
105	59	0.024390
105	74	0.022222
105	76	0.028571
105	113	0.040000
105	117	0.033333
105	122	0.035714
105	134	0.033333
105	139	0.038462
105	140	0.030303
105	159	0.032258
105	181	0.038462
105	189	0.050000
105	211	0.040000
105	251	0.052632
105	274	0.052632
105	285	0.062500
105	288	0.058824
106	2	0.010204
106	10	0.013699
106	18	0.008264
106	20	0.012346
106	25	0.012346
106	27	0.012195
106	33	0.015385
106	36	0.016667
106	40	0.015873
106	47	0.015873
106	58	0.021739
106	75	0.034483
106	78	0.025641
106	79	0.023256
106	89	0.035714
106	108	0.041667
106	109	0.034483
106	112	0.037037
106	113	0.040000
106	116	0.030303
106	140	0.030303
106	145	0.043478
106	146	0.037037
106	178	0.047619
106	194	0.043478
106	217	0.052632
106	218	0.055556
106	227	0.041667
106	256	0.047619
106	267	0.055556
106	276	0.050000
106	284	0.062500
106	313	0.066667
106	322	0.058824
106	346	0.066667
106	358	0.066667
106	364	0.066667
106	369	0.062500
107	0	0.006329
107	2	0.010204
107	16	0.008333
107	17	0.008403
107	18	0.008264
107	27	0.012195
107	28	0.011494
107	30	0.011628
107	38	0.014925
107	40	0.015873
107	50	0.019608
107	57	0.021739
107	58	0.021739
107	100	0.030303
107	104	0.025641
107	116	0.030303
107	119	0.034483
107	123	0.040000
107	146	0.037037
107	190	0.050000
107	206	0.045455
107	233	0.058824
107	239	0.055556
107	267	0.055556
107	286	0.055556
107	327	0.058824
107	331	0.058824
107	386	0.066667
108	0	0.006329
108	16	0.008333
108	18	0.008264
108	21	0.009346
108	23	0.010309
108	25	0.012346
108	29	0.016129
108	34	0.014085
108	42	0.016667
108	45	0.014493
108	50	0.019608
108	52	0.018868
108	58	0.021739
108	61	0.020833
108	106	0.026316
108	118	0.027778
108	127	0.035714
108	143	0.032258
108	175	0.052632
108	224	0.058824
108	261	0.062500
108	272	0.066667
108	288	0.058824
108	350	0.066667
109	2	0.010204
109	10	0.013699
109	20	0.012346
109	22	0.010526
109	24	0.010870
109	37	0.012346
109	44	0.025641
109	45	0.014493
109	55	0.027027
109	64	0.021739
109	86	0.024390
109	93	0.035714
109	98	0.034483
109	102	0.023810
109	106	0.026316
109	111	0.021277
109	126	0.034483
109	136	0.041667
109	141	0.038462
109	180	0.050000
109	200	0.045455
109	207	0.043478
109	232	0.058824
109	251	0.052632
109	288	0.058824
109	313	0.066667
109	324	0.062500
109	328	0.066667
109	390	0.066667
110	1	0.015625
110	11	0.013158
110	15	0.017544
110	16	0.008333
110	17	0.008403
110	23	0.010309
110	28	0.011494
110	37	0.012346
110	41	0.014493
110	43	0.020000
110	52	0.018868
110	61	0.020833
110	78	0.025641
110	102	0.023810
110	104	0.025641
110	173	0.030303
110	185	0.058824
110	208	0.038462
110	232	0.058824
110	234	0.050000
110	252	0.050000
110	338	0.066667
110	360	0.066667
110	390	0.066667
110	391	0.066667
111	0	0.006329
111	1	0.015625
111	2	0.010204
111	14	0.035714
111	19	0.010309
111	21	0.009346
111	24	0.010870
111	33	0.015385
111	38	0.014925
111	39	0.019231
111	46	0.015873
111	56	0.018868
111	60	0.019608
111	79	0.023256
111	109	0.034483
111	130	0.034483
111	132	0.033333
111	137	0.031250
111	145	0.043478
111	155	0.038462
111	157	0.038462
111	158	0.047619
111	170	0.050000
111	198	0.047619
111	206	0.045455
111	207	0.043478
111	211	0.040000
111	216	0.058824
111	221	0.043478
111	224	0.058824
111	237	0.045455
111	254	0.055556
111	277	0.047619
111	283	0.062500
111	297	0.058824
111	300	0.066667
111	302	0.052632
111	308	0.062500
111	315	0.058824
111	325	0.055556
111	333	0.062500
111	342	0.066667
111	361	0.055556
111	374	0.066667
111	377	0.066667
111	378	0.066667
111	388	0.062500
112	2	0.010204
112	3	0.047619
112	11	0.013158
112	25	0.012346
112	32	0.015873
112	37	0.012346
112	41	0.014493
112	46	0.015873
112	53	0.022727
112	60	0.019608
112	61	0.020833
112	89	0.035714
112	99	0.022222
112	102	0.023810
112	106	0.026316
112	128	0.035714
112	145	0.043478
112	186	0.047619
112	193	0.055556
112	196	0.043478
112	212	0.055556
112	218	0.055556
112	221	0.043478
112	266	0.052632
112	277	0.047619
112	301	0.062500
112	316	0.058824
113	1	0.015625
113	15	0.017544
113	16	0.008333
113	17	0.008403
113	22	0.010526
113	32	0.015873
113	35	0.013699
113	45	0.014493
113	46	0.015873
113	47	0.015873
113	50	0.019608
113	66	0.030303
113	94	0.028571
113	105	0.034483
113	106	0.026316
113	171	0.047619
113	178	0.047619
113	180	0.050000
113	192	0.043478
113	271	0.055556
113	280	0.052632
113	291	0.052632
113	337	0.058824
113	353	0.066667
113	364	0.066667
114	2	0.010204
114	13	0.032258
114	16	0.008333
114	20	0.012346
114	25	0.012346
114	33	0.015385
114	40	0.015873
114	42	0.016667
114	62	0.022222
114	65	0.020833
114	73	0.034483
114	78	0.025641
114	90	0.034483
114	94	0.028571
114	95	0.037037
114	121	0.040000
114	130	0.034483
114	141	0.038462
114	146	0.037037
114	153	0.045455
114	202	0.043478
114	208	0.038462
114	226	0.058824
114	263	0.062500
114	269	0.058824
114	280	0.052632
114	328	0.066667
114	352	0.062500
114	371	0.066667
114	394	0.066667
115	0	0.006329
115	6	0.014085
115	10	0.013699
115	15	0.017544
115	17	0.008403
115	18	0.008264
115	19	0.010309
115	23	0.010309
115	29	0.016129
115	46	0.015873
115	57	0.021739
115	67	0.023810
115	83	0.028571
115	99	0.022222
115	104	0.025641
115	118	0.027778
115	123	0.040000
115	125	0.041667
115	187	0.040000
115	203	0.045455
115	212	0.055556
115	321	0.055556
115	324	0.062500
115	388	0.062500
116	0	0.006329
116	16	0.008333
116	19	0.010309
116	28	0.011494
116	31	0.015625
116	40	0.015873
116	41	0.014493
116	42	0.016667
116	43	0.020000
116	45	0.014493
116	50	0.019608
116	60	0.019608
116	100	0.030303
116	106	0.026316
116	107	0.035714
116	119	0.034483
116	127	0.035714
116	134	0.033333
116	136	0.041667
116	145	0.043478
116	150	0.030303
116	174	0.050000
116	178	0.047619
116	189	0.050000
116	195	0.047619
116	199	0.045455
116	254	0.055556
116	299	0.055556
116	302	0.052632
116	305	0.062500
116	314	0.058824
116	371	0.066667
116	384	0.062500
117	0	0.006329
117	16	0.008333
117	17	0.008403
117	18	0.008264
117	19	0.010309
117	25	0.012346
117	27	0.012195
117	37	0.012346
117	50	0.019608
117	51	0.021739
117	53	0.022727
117	64	0.021739
117	84	0.026316
117	100	0.030303
117	105	0.034483
117	118	0.027778
117	121	0.040000
117	135	0.034483
117	136	0.041667
117	199	0.045455
117	215	0.052632
117	239	0.055556
117	264	0.050000
117	303	0.058824
117	304	0.052632
117	329	0.055556
117	330	0.047619
117	361	0.055556
117	386	0.066667
117	388	0.062500
118	0	0.006329
118	9	0.016393
118	16	0.008333
118	21	0.009346
118	23	0.010309
118	24	0.010870
118	32	0.015873
118	39	0.019231
118	46	0.015873
118	49	0.019231
118	93	0.035714
118	104	0.025641
118	108	0.041667
118	115	0.041667
118	117	0.033333
118	129	0.028571
118	133	0.033333
118	134	0.033333
118	154	0.032258
118	173	0.030303
118	176	0.041667
118	182	0.043478
118	196	0.043478
118	204	0.040000
118	218	0.055556
118	226	0.058824
118	228	0.047619
118	255	0.043478
118	268	0.055556
118	287	0.058824
118	327	0.058824
118	333	0.062500
118	340	0.052632
118	347	0.062500
118	364	0.066667
118	370	0.066667
119	0	0.006329
119	2	0.010204
119	5	0.019231
119	11	0.013158
119	17	0.008403
119	28	0.011494
119	49	0.019231
119	60	0.019608
119	63	0.027778
119	73	0.034483
119	77	0.028571
119	102	0.023810
119	103	0.032258
119	107	0.035714
119	116	0.030303
119	164	0.045455
119	186	0.047619
119	199	0.045455
119	212	0.055556
119	225	0.041667
119	228	0.047619
119	231	0.052632
119	251	0.052632
119	253	0.043478
119	329	0.055556
119	333	0.062500
119	348	0.058824
119	355	0.066667
119	367	0.062500
120	0	0.006329
120	2	0.010204
120	11	0.013158
120	17	0.008403
120	18	0.008264
120	20	0.012346
120	25	0.012346
120	30	0.011628
120	33	0.015385
120	34	0.014085
120	36	0.016667
120	62	0.022222
120	65	0.020833
120	70	0.023810
120	84	0.026316
120	123	0.040000
120	126	0.034483
120	158	0.047619
120	171	0.047619
120	173	0.030303
120	176	0.041667
120	180	0.050000
120	203	0.045455
120	236	0.043478
120	271	0.055556
120	276	0.050000
120	280	0.052632
120	293	0.052632
120	306	0.055556
120	324	0.062500
120	367	0.062500
120	372	0.058824
120	389	0.066667
121	8	0.023256
121	18	0.008264
121	21	0.009346
121	24	0.010870
121	28	0.011494
121	32	0.015873
121	35	0.013699
121	36	0.016667
121	51	0.021739
121	58	0.021739
121	69	0.034483
121	80	0.033333
121	89	0.035714
121	114	0.033333
121	117	0.033333
121	122	0.035714
121	131	0.029412
121	175	0.052632
121	179	0.038462
121	216	0.058824
121	228	0.047619
121	279	0.043478
121	313	0.066667
121	349	0.055556
121	395	0.066667
122	0	0.006329
122	6	0.014085
122	11	0.013158
122	18	0.008264
122	30	0.011628
122	31	0.015625
122	34	0.014085
122	36	0.016667
122	37	0.012346
122	40	0.015873
122	51	0.021739
122	64	0.021739
122	91	0.028571
122	105	0.034483
122	121	0.040000
122	126	0.034483
122	129	0.028571
122	147	0.041667
122	161	0.041667
122	187	0.040000
122	254	0.055556
122	260	0.058824
122	285	0.062500
122	296	0.055556
122	299	0.055556
122	303	0.058824
122	357	0.058824
122	369	0.062500
123	9	0.016393
123	20	0.012346
123	21	0.009346
123	22	0.010526
123	30	0.011628
123	44	0.025641
123	59	0.024390
123	60	0.019608
123	75	0.034483
123	82	0.030303
123	85	0.031250
123	94	0.028571
123	107	0.035714
123	115	0.041667
123	120	0.030303
123	124	0.045455
123	156	0.055556
123	162	0.034483
123	179	0.038462
123	194	0.043478
123	231	0.052632
123	314	0.058824
123	320	0.055556
123	334	0.058824
123	337	0.058824
124	0	0.006329
124	10	0.013699
124	15	0.017544
124	17	0.008403
124	26	0.012821
124	34	0.014085
124	43	0.020000
124	70	0.023810
124	78	0.025641
124	85	0.031250
124	95	0.037037
124	100	0.030303
124	101	0.045455
124	103	0.032258
124	123	0.040000
124	129	0.028571
124	132	0.033333
124	154	0.032258
124	167	0.041667
124	192	0.043478
124	368	0.066667
124	382	0.066667
125	4	0.028571
125	9	0.016393
125	10	0.013699
125	11	0.013158
125	16	0.008333
125	23	0.010309
125	26	0.012821
125	35	0.013699
125	47	0.015873
125	61	0.020833
125	63	0.027778
125	68	0.023810
125	87	0.034483
125	92	0.024390
125	115	0.041667
125	133	0.033333
125	162	0.034483
125	209	0.050000
125	243	0.062500
125	259	0.058824
125	279	0.043478
125	301	0.062500
125	350	0.066667
125	352	0.062500
126	0	0.006329
126	13	0.032258
126	16	0.008333
126	22	0.010526
126	29	0.016129
126	32	0.015873
126	33	0.015385
126	41	0.014493
126	44	0.025641
126	53	0.022727
126	67	0.023810
126	70	0.023810
126	109	0.034483
126	120	0.030303
126	122	0.035714
126	130	0.034483
126	155	0.038462
126	174	0.050000
126	202	0.043478
126	210	0.052632
126	222	0.052632
126	243	0.062500
126	255	0.043478
126	261	0.062500
126	285	0.062500
126	310	0.066667
126	313	0.066667
126	315	0.058824
126	354	0.055556
127	0	0.006329
127	9	0.016393
127	16	0.008333
127	17	0.008403
127	27	0.012195
127	30	0.011628
127	31	0.015625
127	34	0.014085
127	36	0.016667
127	37	0.012346
127	57	0.021739
127	63	0.027778
127	66	0.030303
127	108	0.041667
127	116	0.030303
127	140	0.030303
127	148	0.041667
127	150	0.030303
127	152	0.045455
127	202	0.043478
127	211	0.040000
127	246	0.062500
127	255	0.043478
127	320	0.055556
127	326	0.066667
127	338	0.066667
127	342	0.066667
127	390	0.066667
128	1	0.015625
128	12	0.026316
128	23	0.010309
128	34	0.014085
128	37	0.012346
128	41	0.014493
128	43	0.020000
128	47	0.015873
128	53	0.022727
128	74	0.022222
128	78	0.025641
128	90	0.034483
128	91	0.028571
128	99	0.022222
128	112	0.037037
128	131	0.029412
128	147	0.041667
128	153	0.045455
128	163	0.043478
128	166	0.035714
128	177	0.047619
128	216	0.058824
128	242	0.055556
128	252	0.050000
128	282	0.058824
128	305	0.062500
128	372	0.058824
128	374	0.066667
129	0	0.006329
129	9	0.016393
129	16	0.008333
129	33	0.015385
129	40	0.015873
129	41	0.014493
129	42	0.016667
129	55	0.027027
129	83	0.028571
129	88	0.025641
129	91	0.028571
129	96	0.029412
129	118	0.027778
129	122	0.035714
129	124	0.045455
129	136	0.041667
129	140	0.030303
129	141	0.038462
129	151	0.041667
129	161	0.041667
129	172	0.043478
129	182	0.043478
129	191	0.037037
129	253	0.043478
129	281	0.062500
129	286	0.055556
129	306	0.055556
129	315	0.058824
129	327	0.058824
129	331	0.058824
129	341	0.058824
129	349	0.055556
129	359	0.062500
129	363	0.066667
129	374	0.066667
130	6	0.014085
130	9	0.016393
130	11	0.013158
130	19	0.010309
130	21	0.009346
130	22	0.010526
130	37	0.012346
130	64	0.021739
130	67	0.023810
130	69	0.034483
130	72	0.030303
130	78	0.025641
130	111	0.021277
130	114	0.033333
130	126	0.034483
130	136	0.041667
130	137	0.031250
130	149	0.033333
130	169	0.045455
130	172	0.043478
130	177	0.047619
130	192	0.043478
130	209	0.050000
130	215	0.052632
130	234	0.050000
130	243	0.062500
130	299	0.055556
130	323	0.062500
130	328	0.066667
131	5	0.019231
131	16	0.008333
131	28	0.011494
131	29	0.016129
131	30	0.011628
131	50	0.019608
131	67	0.023810
131	73	0.034483
131	76	0.028571
131	78	0.025641
131	84	0.026316
131	96	0.029412
131	99	0.022222
131	121	0.040000
131	128	0.035714
131	136	0.041667
131	155	0.038462
131	156	0.055556
131	161	0.041667
131	170	0.050000
131	198	0.047619
131	202	0.043478
131	211	0.040000
131	246	0.062500
131	259	0.058824
131	266	0.052632
131	282	0.058824
131	302	0.052632
131	304	0.052632
131	329	0.055556
131	333	0.062500
131	344	0.066667
131	385	0.062500
131	397	0.066667
132	0	0.006329
132	9	0.016393
132	11	0.013158
132	19	0.010309
132	20	0.012346
132	30	0.011628
132	50	0.019608
132	54	0.029412
132	60	0.019608
132	63	0.027778
132	64	0.021739
132	87	0.034483
132	92	0.024390
132	111	0.021277
132	124	0.045455
132	134	0.033333
132	138	0.031250
132	140	0.030303
132	142	0.041667
132	148	0.041667
132	164	0.045455
132	194	0.043478
132	253	0.043478
132	258	0.062500
132	298	0.050000
132	312	0.062500
132	343	0.058824
132	346	0.066667
132	347	0.062500
132	381	0.066667
133	0	0.006329
133	5	0.019231
133	14	0.035714
133	21	0.009346
133	23	0.010309
133	28	0.011494
133	33	0.015385
133	34	0.014085
133	44	0.025641
133	81	0.038462
133	83	0.028571
133	97	0.037037
133	104	0.025641
133	118	0.027778
133	125	0.041667
133	136	0.041667
133	137	0.031250
133	143	0.032258
133	148	0.041667
133	155	0.038462
133	159	0.032258
133	169	0.045455
133	171	0.047619
133	177	0.047619
133	221	0.043478
133	252	0.050000
133	311	0.058824
133	322	0.058824
133	323	0.062500
133	346	0.066667
134	6	0.014085
134	22	0.010526
134	28	0.011494
134	29	0.016129
134	37	0.012346
134	50	0.019608
134	55	0.027027
134	80	0.033333
134	81	0.038462
134	89	0.035714
134	90	0.034483
134	105	0.034483
134	116	0.030303
134	118	0.027778
134	132	0.033333
134	149	0.033333
134	213	0.043478
134	224	0.058824
134	226	0.058824
134	231	0.052632
134	273	0.055556
134	276	0.050000
134	284	0.062500
134	312	0.062500
134	319	0.058824
134	322	0.058824
134	325	0.055556
134	336	0.058824
134	374	0.066667
134	388	0.062500
135	1	0.015625
135	3	0.047619
135	6	0.014085
135	21	0.009346
135	22	0.010526
135	32	0.015873
135	52	0.018868
135	57	0.021739
135	60	0.019608
135	69	0.034483
135	82	0.030303
135	84	0.026316
135	92	0.024390
135	102	0.023810
135	117	0.033333
135	148	0.041667
135	171	0.047619
135	182	0.043478
135	190	0.050000
135	205	0.050000
135	237	0.045455
135	257	0.058824
135	260	0.058824
135	268	0.055556
135	284	0.062500
135	314	0.058824
135	337	0.058824
135	372	0.058824
135	378	0.066667
136	2	0.010204
136	8	0.023256
136	17	0.008403
136	33	0.015385
136	35	0.013699
136	36	0.016667
136	46	0.015873
136	70	0.023810
136	109	0.034483
136	116	0.030303
136	117	0.033333
136	129	0.028571
136	130	0.034483
136	131	0.029412
136	133	0.033333
136	185	0.058824
136	186	0.047619
136	188	0.041667
136	238	0.055556
136	301	0.062500
136	345	0.066667
136	368	0.066667
136	393	0.066667
136	395	0.066667
137	9	0.016393
137	17	0.008403
137	18	0.008264
137	24	0.010870
137	31	0.015625
137	32	0.015873
137	37	0.012346
137	59	0.024390
137	75	0.034483
137	84	0.026316
137	99	0.022222
137	104	0.025641
137	111	0.021277
137	130	0.034483
137	133	0.033333
137	139	0.038462
137	153	0.045455
137	156	0.055556
137	194	0.043478
137	202	0.043478
137	243	0.062500
137	255	0.043478
137	270	0.058824
137	273	0.055556
137	333	0.062500
137	338	0.066667
137	344	0.066667
137	360	0.066667
137	371	0.066667
137	375	0.066667
137	377	0.066667
137	387	0.066667
138	2	0.010204
138	8	0.023256
138	17	0.008403
138	18	0.008264
138	24	0.010870
138	25	0.012346
138	29	0.016129
138	30	0.011628
138	33	0.015385
138	49	0.019231
138	50	0.019608
138	54	0.029412
138	60	0.019608
138	67	0.023810
138	132	0.033333
138	150	0.030303
138	181	0.038462
138	186	0.047619
138	215	0.052632
138	228	0.047619
138	230	0.052632
138	239	0.055556
138	246	0.062500
138	251	0.052632
138	252	0.050000
138	264	0.050000
138	273	0.055556
138	291	0.052632
138	326	0.066667
138	338	0.066667
138	381	0.066667
138	385	0.062500
139	0	0.006329
139	8	0.023256
139	10	0.013699
139	11	0.013158
139	16	0.008333
139	28	0.011494
139	34	0.014085
139	35	0.013699
139	50	0.019608
139	58	0.021739
139	72	0.030303
139	82	0.030303
139	93	0.035714
139	105	0.034483
139	137	0.031250
139	148	0.041667
139	164	0.045455
139	252	0.050000
139	263	0.062500
139	287	0.058824
139	311	0.058824
139	349	0.055556
139	350	0.066667
139	355	0.066667
139	357	0.058824
139	377	0.066667
140	1	0.015625
140	8	0.023256
140	11	0.013158
140	13	0.032258
140	24	0.010870
140	28	0.011494
140	47	0.015873
140	66	0.030303
140	74	0.022222
140	83	0.028571
140	105	0.034483
140	106	0.026316
140	127	0.035714
140	129	0.028571
140	132	0.033333
140	184	0.050000
140	195	0.047619
140	205	0.050000
140	210	0.052632
140	238	0.055556
140	240	0.043478
140	251	0.052632
140	259	0.058824
140	279	0.043478
140	290	0.055556
140	302	0.052632
140	311	0.058824
140	314	0.058824
140	315	0.058824
140	336	0.058824
140	343	0.058824
140	357	0.058824
140	382	0.066667
141	2	0.010204
141	8	0.023256
141	12	0.026316
141	17	0.008403
141	20	0.012346
141	22	0.010526
141	28	0.011494
141	43	0.020000
141	63	0.027778
141	66	0.030303
141	68	0.023810
141	99	0.022222
141	109	0.034483
141	114	0.033333
141	129	0.028571
141	152	0.045455
141	180	0.050000
141	190	0.050000
141	208	0.038462
141	229	0.043478
141	244	0.041667
141	263	0.062500
141	353	0.066667
141	363	0.066667
141	364	0.066667
141	369	0.062500
142	15	0.017544
142	20	0.012346
142	29	0.016129
142	33	0.015385
142	36	0.016667
142	37	0.012346
142	44	0.025641
142	45	0.014493
142	49	0.019231
142	52	0.018868
142	55	0.027027
142	61	0.020833
142	63	0.027778
142	64	0.021739
142	132	0.033333
142	150	0.030303
142	223	0.052632
142	297	0.058824
142	303	0.058824
142	312	0.062500
142	338	0.066667
142	354	0.055556
142	370	0.066667
142	398	0.066667
143	2	0.010204
143	15	0.017544
143	16	0.008333
143	17	0.008403
143	18	0.008264
143	19	0.010309
143	20	0.012346
143	32	0.015873
143	36	0.016667
143	38	0.014925
143	40	0.015873
143	67	0.023810
143	79	0.023256
143	108	0.041667
143	133	0.033333
143	148	0.041667
143	155	0.038462
143	165	0.041667
143	179	0.038462
143	191	0.037037
143	234	0.050000
143	266	0.052632
143	273	0.055556
143	281	0.062500
143	297	0.058824
143	329	0.055556
143	348	0.058824
143	352	0.062500
143	359	0.062500
143	377	0.066667
143	385	0.062500
144	11	0.013158
144	19	0.010309
144	22	0.010526
144	25	0.012346
144	26	0.012821
144	27	0.012195
144	37	0.012346
144	41	0.014493
144	43	0.020000
144	57	0.021739
144	62	0.022222
144	78	0.025641
144	79	0.023256
144	80	0.033333
144	95	0.037037
144	156	0.055556
144	168	0.034483
144	176	0.041667
144	179	0.038462
144	182	0.043478
144	190	0.050000
144	205	0.050000
144	232	0.058824
144	264	0.050000
144	283	0.062500
144	291	0.052632
144	307	0.058824
144	328	0.066667
144	356	0.062500
144	386	0.066667
145	0	0.006329
145	2	0.010204
145	5	0.019231
145	16	0.008333
145	17	0.008403
145	20	0.012346
145	24	0.010870
145	33	0.015385
145	37	0.012346
145	76	0.028571
145	92	0.024390
145	106	0.026316
145	111	0.021277
145	112	0.037037
145	116	0.030303
145	147	0.041667
145	153	0.045455
145	203	0.045455
145	223	0.052632
145	272	0.066667
145	285	0.062500
145	306	0.055556
145	362	0.066667
146	0	0.006329
146	2	0.010204
146	6	0.014085
146	10	0.013699
146	16	0.008333
146	35	0.013699
146	50	0.019608
146	54	0.029412
146	59	0.024390
146	64	0.021739
146	70	0.023810
146	77	0.028571
146	106	0.026316
146	107	0.035714
146	114	0.033333
146	155	0.038462
146	156	0.055556
146	161	0.041667
146	183	0.047619
146	196	0.043478
146	233	0.058824
146	259	0.058824
146	293	0.052632
146	319	0.058824
146	345	0.066667
146	363	0.066667
146	370	0.066667
147	0	0.006329
147	13	0.032258
147	16	0.008333
147	18	0.008264
147	21	0.009346
147	27	0.012195
147	30	0.011628
147	59	0.024390
147	72	0.030303
147	80	0.033333
147	88	0.025641
147	104	0.025641
147	122	0.035714
147	128	0.035714
147	145	0.043478
147	210	0.052632
147	222	0.052632
147	250	0.052632
147	251	0.052632
147	265	0.055556
147	281	0.062500
147	292	0.058824
147	302	0.052632
147	380	0.062500
148	11	0.013158
148	29	0.016129
148	35	0.013699
148	43	0.020000
148	45	0.014493
148	52	0.018868
148	53	0.022727
148	67	0.023810
148	83	0.028571
148	127	0.035714
148	132	0.033333
148	133	0.033333
148	135	0.034483
148	139	0.038462
148	143	0.032258
148	204	0.040000
148	211	0.040000
148	222	0.052632
148	227	0.041667
148	245	0.052632
148	257	0.058824
148	278	0.062500
148	313	0.066667
148	372	0.058824
149	0	0.006329
149	4	0.028571
149	22	0.010526
149	28	0.011494
149	32	0.015873
149	39	0.019231
149	44	0.025641
149	47	0.015873
149	54	0.029412
149	68	0.023810
149	82	0.030303
149	97	0.037037
149	104	0.025641
149	130	0.034483
149	134	0.033333
149	189	0.050000
149	207	0.043478
149	209	0.050000
149	244	0.041667
149	250	0.052632
149	253	0.043478
149	270	0.058824
149	278	0.062500
149	288	0.058824
149	319	0.058824
149	358	0.066667
149	364	0.066667
149	365	0.066667
149	372	0.058824
149	389	0.066667
150	14	0.035714
150	17	0.008403
150	18	0.008264
150	22	0.010526
150	24	0.010870
150	25	0.012346
150	47	0.015873
150	60	0.019608
150	64	0.021739
150	77	0.028571
150	90	0.034483
150	116	0.030303
150	127	0.035714
150	138	0.031250
150	142	0.041667
150	162	0.034483
150	175	0.052632
150	179	0.038462
150	199	0.045455
150	209	0.050000
150	228	0.047619
150	231	0.052632
150	233	0.058824
150	242	0.055556
150	256	0.047619
150	264	0.050000
150	267	0.055556
150	300	0.066667
150	304	0.052632
150	346	0.066667
150	378	0.066667
150	388	0.062500
150	392	0.066667
151	0	0.006329
151	1	0.015625
151	16	0.008333
151	17	0.008403
151	23	0.010309
151	25	0.012346
151	30	0.011628
151	37	0.012346
151	42	0.016667
151	43	0.020000
151	45	0.014493
151	57	0.021739
151	60	0.019608
151	70	0.023810
151	129	0.028571
151	166	0.035714
151	173	0.030303
151	178	0.047619
151	201	0.050000
151	209	0.050000
151	257	0.058824
151	286	0.055556
151	292	0.058824
151	310	0.066667
152	0	0.006329
152	1	0.015625
152	5	0.019231
152	24	0.010870
152	26	0.012821
152	37	0.012346
152	42	0.016667
152	64	0.021739
152	80	0.033333
152	83	0.028571
152	87	0.034483
152	90	0.034483
152	95	0.037037
152	127	0.035714
152	141	0.038462
152	170	0.050000
152	209	0.050000
152	285	0.062500
152	298	0.050000
152	335	0.062500
152	373	0.066667
152	395	0.066667
153	2	0.010204
153	10	0.013699
153	30	0.011628
153	31	0.015625
153	38	0.014925
153	41	0.014493
153	47	0.015873
153	60	0.019608
153	73	0.034483
153	91	0.028571
153	96	0.029412
153	114	0.033333
153	128	0.035714
153	137	0.031250
153	145	0.043478
153	181	0.038462
153	192	0.043478
153	236	0.043478
153	257	0.058824
153	337	0.058824
153	348	0.058824
153	387	0.066667
154	0	0.006329
154	1	0.015625
154	8	0.023256
154	10	0.013699
154	15	0.017544
154	17	0.008403
154	26	0.012821
154	39	0.019231
154	46	0.015873
154	55	0.027027
154	58	0.021739
154	90	0.034483
154	104	0.025641
154	118	0.027778
154	124	0.045455
154	209	0.050000
154	256	0.047619
154	258	0.062500
154	267	0.055556
154	269	0.058824
154	278	0.062500
154	286	0.055556
154	306	0.055556
154	316	0.058824
154	317	0.062500
154	322	0.058824
154	361	0.055556
154	365	0.066667
154	379	0.062500
154	383	0.066667
154	387	0.066667
155	0	0.006329
155	20	0.012346
155	21	0.009346
155	25	0.012346
155	38	0.014925
155	45	0.014493
155	46	0.015873
155	73	0.034483
155	91	0.028571
155	111	0.021277
155	126	0.034483
155	131	0.029412
155	133	0.033333
155	143	0.032258
155	146	0.037037
155	160	0.037037
155	185	0.058824
155	208	0.038462
155	222	0.052632
155	229	0.043478
155	253	0.043478
155	273	0.055556
155	285	0.062500
155	310	0.066667
155	321	0.055556
155	397	0.066667
156	0	0.006329
156	4	0.028571
156	9	0.016393
156	18	0.008264
156	24	0.010870
156	28	0.011494
156	43	0.020000
156	52	0.018868
156	62	0.022222
156	91	0.028571
156	123	0.040000
156	131	0.029412
156	137	0.031250
156	144	0.033333
156	146	0.037037
156	214	0.050000
156	239	0.055556
156	372	0.058824
157	0	0.006329
157	2	0.010204
157	7	0.037037
157	15	0.017544
157	18	0.008264
157	28	0.011494
157	37	0.012346
157	41	0.014493
157	49	0.019231
157	59	0.024390
157	63	0.027778
157	77	0.028571
157	93	0.035714
157	104	0.025641
157	111	0.021277
157	182	0.043478
157	186	0.047619
157	191	0.037037
157	230	0.052632
157	243	0.062500
157	251	0.052632
157	274	0.052632
157	341	0.058824
157	352	0.062500
157	353	0.066667
157	370	0.066667
158	9	0.016393
158	10	0.013699
158	18	0.008264
158	20	0.012346
158	22	0.010526
158	23	0.010309
158	30	0.011628
158	34	0.014085
158	44	0.025641
158	46	0.015873
158	51	0.021739
158	83	0.028571
158	91	0.028571
158	111	0.021277
158	120	0.030303
158	201	0.050000
158	236	0.043478
158	264	0.050000
158	306	0.055556
158	312	0.062500
158	321	0.055556
159	6	0.014085
159	14	0.035714
159	15	0.017544
159	23	0.010309
159	24	0.010870
159	26	0.012821
159	40	0.015873
159	41	0.014493
159	46	0.015873
159	56	0.018868
159	63	0.027778
159	72	0.030303
159	82	0.030303
159	105	0.034483
159	133	0.033333
159	175	0.052632
159	189	0.050000
159	205	0.050000
159	214	0.050000
159	225	0.041667
159	233	0.058824
159	249	0.055556
159	278	0.062500
159	289	0.062500
159	297	0.058824
159	305	0.062500
159	330	0.047619
159	337	0.058824
159	343	0.058824
159	373	0.066667
159	380	0.062500
160	0	0.006329
160	5	0.019231
160	15	0.017544
160	17	0.008403
160	20	0.012346
160	24	0.010870
160	26	0.012821
160	30	0.011628
160	40	0.015873
160	68	0.023810
160	69	0.034483
160	74	0.022222
160	88	0.025641
160	102	0.023810
160	155	0.038462
160	180	0.050000
160	205	0.050000
160	217	0.052632
160	218	0.055556
160	237	0.045455
160	294	0.062500
160	296	0.055556
160	302	0.052632
160	335	0.062500
160	337	0.058824
160	368	0.066667
160	382	0.066667
161	5	0.019231
161	10	0.013699
161	11	0.013158
161	23	0.010309
161	32	0.015873
161	35	0.013699
161	38	0.014925
161	40	0.015873
161	66	0.030303
161	75	0.034483
161	77	0.028571
161	122	0.035714
161	129	0.028571
161	131	0.029412
161	146	0.037037
161	172	0.043478
161	178	0.047619
161	205	0.050000
161	213	0.043478
161	274	0.052632
161	340	0.052632
161	344	0.066667
161	369	0.062500
161	384	0.062500
162	6	0.014085
162	12	0.026316
162	15	0.017544
162	32	0.015873
162	34	0.014085
162	35	0.013699
162	56	0.018868
162	68	0.023810
162	71	0.041667
162	81	0.038462
162	83	0.028571
162	93	0.035714
162	123	0.040000
162	125	0.041667
162	150	0.030303
162	183	0.047619
162	194	0.043478
162	242	0.055556
162	250	0.052632
162	253	0.043478
162	276	0.050000
162	343	0.058824
162	350	0.066667
162	351	0.062500
162	354	0.055556
162	367	0.062500
162	393	0.066667
162	395	0.066667
162	398	0.066667
163	6	0.014085
163	12	0.026316
163	21	0.009346
163	25	0.012346
163	27	0.012195
163	34	0.014085
163	35	0.013699
163	45	0.014493
163	57	0.021739
163	59	0.024390
163	67	0.023810
163	76	0.028571
163	83	0.028571
163	95	0.037037
163	128	0.035714
163	188	0.041667
163	204	0.040000
163	232	0.058824
163	248	0.050000
163	289	0.062500
163	291	0.052632
163	298	0.050000
163	318	0.062500
164	0	0.006329
164	1	0.015625
164	18	0.008264
164	21	0.009346
164	25	0.012346
164	32	0.015873
164	35	0.013699
164	39	0.019231
164	52	0.018868
164	68	0.023810
164	70	0.023810
164	97	0.037037
164	119	0.034483
164	132	0.033333
164	139	0.038462
164	167	0.041667
164	215	0.052632
164	229	0.043478
164	230	0.052632
164	236	0.043478
164	291	0.052632
164	384	0.062500
165	4	0.028571
165	19	0.010309
165	24	0.010870
165	28	0.011494
165	34	0.014085
165	41	0.014493
165	49	0.019231
165	55	0.027027
165	63	0.027778
165	64	0.021739
165	70	0.023810
165	76	0.028571
165	78	0.025641
165	104	0.025641
165	143	0.032258
165	170	0.050000
165	190	0.050000
165	215	0.052632
165	220	0.055556
165	225	0.041667
165	230	0.052632
165	238	0.055556
165	267	0.055556
165	296	0.055556
166	0	0.006329
166	16	0.008333
166	20	0.012346
166	22	0.010526
166	33	0.015385
166	38	0.014925
166	41	0.014493
166	43	0.020000
166	47	0.015873
166	82	0.030303
166	86	0.024390
166	88	0.025641
166	103	0.032258
166	128	0.035714
166	151	0.041667
166	172	0.043478
166	226	0.058824
166	233	0.058824
166	238	0.055556
166	247	0.055556
166	262	0.052632
166	284	0.062500
166	303	0.058824
166	307	0.058824
166	343	0.058824
166	365	0.066667
166	367	0.062500
166	395	0.066667
167	1	0.015625
167	2	0.010204
167	16	0.008333
167	27	0.012195
167	31	0.015625
167	38	0.014925
167	42	0.016667
167	61	0.020833
167	62	0.022222
167	72	0.030303
167	76	0.028571
167	85	0.031250
167	99	0.022222
167	124	0.045455
167	164	0.045455
167	176	0.041667
167	200	0.045455
167	211	0.040000
167	226	0.058824
167	246	0.062500
167	254	0.055556
167	269	0.058824
167	320	0.055556
167	396	0.066667
168	0	0.006329
168	6	0.014085
168	9	0.016393
168	10	0.013699
168	17	0.008403
168	18	0.008264
168	35	0.013699
168	44	0.025641
168	48	0.028571
168	65	0.020833
168	76	0.028571
168	100	0.030303
168	101	0.045455
168	104	0.025641
168	144	0.033333
168	183	0.047619
168	208	0.038462
168	210	0.052632
168	232	0.058824
168	259	0.058824
168	261	0.062500
168	278	0.062500
168	282	0.058824
168	311	0.058824
168	316	0.058824
168	323	0.062500
168	362	0.066667
168	378	0.066667
168	392	0.066667
169	0	0.006329
169	1	0.015625
169	16	0.008333
169	21	0.009346
169	25	0.012346
169	38	0.014925
169	42	0.016667
169	49	0.019231
169	59	0.024390
169	74	0.022222
169	86	0.024390
169	91	0.028571
169	92	0.024390
169	130	0.034483
169	133	0.033333
169	214	0.050000
169	219	0.045455
169	273	0.055556
169	299	0.055556
169	337	0.058824
169	339	0.066667
169	369	0.062500
170	2	0.010204
170	9	0.016393
170	17	0.008403
170	23	0.010309
170	28	0.011494
170	37	0.012346
170	58	0.021739
170	71	0.041667
170	85	0.031250
170	92	0.024390
170	102	0.023810
170	111	0.021277
170	131	0.029412
170	152	0.045455
170	165	0.041667
170	172	0.043478
170	218	0.055556
170	246	0.062500
170	301	0.062500
170	396	0.066667
171	6	0.014085
171	17	0.008403
171	22	0.010526
171	28	0.011494
171	37	0.012346
171	39	0.019231
171	47	0.015873
171	56	0.018868
171	61	0.020833
171	74	0.022222
171	92	0.024390
171	113	0.040000
171	120	0.030303
171	133	0.033333
171	135	0.034483
171	172	0.043478
171	186	0.047619
171	204	0.040000
171	230	0.052632
171	249	0.055556
171	395	0.066667
172	11	0.013158
172	12	0.026316
172	17	0.008403
172	25	0.012346
172	30	0.011628
172	34	0.014085
172	39	0.019231
172	64	0.021739
172	65	0.020833
172	129	0.028571
172	130	0.034483
172	161	0.041667
172	166	0.035714
172	170	0.050000
172	171	0.047619
172	173	0.030303
172	201	0.050000
172	242	0.055556
172	297	0.058824
172	325	0.055556
172	331	0.058824
172	385	0.062500
172	392	0.066667
173	2	0.010204
173	14	0.035714
173	16	0.008333
173	24	0.010870
173	25	0.012346
173	40	0.015873
173	45	0.014493
173	49	0.019231
173	65	0.020833
173	79	0.023256
173	110	0.040000
173	118	0.027778
173	120	0.030303
173	151	0.041667
173	172	0.043478
173	174	0.050000
173	177	0.047619
173	182	0.043478
173	195	0.047619
173	234	0.050000
173	238	0.055556
173	239	0.055556
173	272	0.066667
173	289	0.062500
173	295	0.055556
173	305	0.062500
173	315	0.058824
173	336	0.058824
173	343	0.058824
173	373	0.066667
173	388	0.062500
173	390	0.066667
173	396	0.066667
174	0	0.006329
174	2	0.010204
174	6	0.014085
174	10	0.013699
174	16	0.008333
174	22	0.010526
174	45	0.014493
174	48	0.028571
174	52	0.018868
174	57	0.021739
174	62	0.022222
174	79	0.023256
174	116	0.030303
174	126	0.034483
174	173	0.030303
174	185	0.058824
174	193	0.055556
174	244	0.041667
174	258	0.062500
174	360	0.066667
175	1	0.015625
175	8	0.023256
175	18	0.008264
175	21	0.009346
175	23	0.010309
175	39	0.019231
175	43	0.020000
175	46	0.015873
175	58	0.021739
175	79	0.023256
175	102	0.023810
175	108	0.041667
175	121	0.040000
175	150	0.030303
175	159	0.032258
175	182	0.043478
175	183	0.047619
175	194	0.043478
175	314	0.058824
176	7	0.037037
176	15	0.017544
176	17	0.008403
176	24	0.010870
176	27	0.012195
176	28	0.011494
176	32	0.015873
176	39	0.019231
176	40	0.015873
176	60	0.019608
176	92	0.024390
176	118	0.027778
176	120	0.030303
176	144	0.033333
176	167	0.041667
176	183	0.047619
176	191	0.037037
176	240	0.043478
176	351	0.062500
176	356	0.062500
176	359	0.062500
176	367	0.062500
176	371	0.066667
176	394	0.066667
177	0	0.006329
177	16	0.008333
177	19	0.010309
177	21	0.009346
177	22	0.010526
177	24	0.010870
177	38	0.014925
177	49	0.019231
177	61	0.020833
177	66	0.030303
177	103	0.032258
177	128	0.035714
177	130	0.034483
177	133	0.033333
177	173	0.030303
177	217	0.052632
177	282	0.058824
177	305	0.062500
177	312	0.062500
177	362	0.066667
177	389	0.066667
178	11	0.013158
178	18	0.008264
178	19	0.010309
178	25	0.012346
178	28	0.011494
178	30	0.011628
178	33	0.015385
178	60	0.019608
178	74	0.022222
178	81	0.038462
178	106	0.026316
178	113	0.040000
178	116	0.030303
178	151	0.041667
178	161	0.041667
178	187	0.040000
178	264	0.050000
178	275	0.066667
178	377	0.066667
178	378	0.066667
178	380	0.062500
179	1	0.015625
179	15	0.017544
179	17	0.008403
179	21	0.009346
179	23	0.010309
179	25	0.012346
179	26	0.012821
179	37	0.012346
179	86	0.024390
179	96	0.029412
179	121	0.040000
179	123	0.040000
179	143	0.032258
179	144	0.033333
179	150	0.030303
179	192	0.043478
179	196	0.043478
179	213	0.043478
179	228	0.047619
179	246	0.062500
179	248	0.050000
179	274	0.052632
179	318	0.062500
179	321	0.055556
179	352	0.062500
179	393	0.066667
180	0	0.006329
180	17	0.008403
180	19	0.010309
180	22	0.010526
180	25	0.012346
180	26	0.012821
180	30	0.011628
180	31	0.015625
180	46	0.015873
180	51	0.021739
180	109	0.034483
180	113	0.040000
180	120	0.030303
180	141	0.038462
180	160	0.037037
180	203	0.045455
180	299	0.055556
180	313	0.066667
180	334	0.058824
180	379	0.062500
181	0	0.006329
181	5	0.019231
181	6	0.014085
181	16	0.008333
181	21	0.009346
181	34	0.014085
181	37	0.012346
181	42	0.016667
181	46	0.015873
181	49	0.019231
181	70	0.023810
181	83	0.028571
181	105	0.034483
181	138	0.031250
181	153	0.045455
181	207	0.043478
181	216	0.058824
181	217	0.052632
181	288	0.058824
181	308	0.062500
181	337	0.058824
181	360	0.066667
181	362	0.066667
181	372	0.058824
181	375	0.066667
181	383	0.066667
182	2	0.010204
182	17	0.008403
182	27	0.012195
182	43	0.020000
182	48	0.028571
182	62	0.022222
182	79	0.023256
182	86	0.024390
182	118	0.027778
182	129	0.028571
182	135	0.034483
182	144	0.033333
182	157	0.038462
182	173	0.030303
182	175	0.052632
182	190	0.050000
182	222	0.052632
182	224	0.058824
182	226	0.058824
182	231	0.052632
182	266	0.052632
182	323	0.062500
182	382	0.066667
183	0	0.006329
183	6	0.014085
183	9	0.016393
183	24	0.010870
183	25	0.012346
183	46	0.015873
183	52	0.018868
183	78	0.025641
183	89	0.035714
183	99	0.022222
183	146	0.037037
183	162	0.034483
183	168	0.034483
183	175	0.052632
183	176	0.041667
183	189	0.050000
183	192	0.043478
183	207	0.043478
183	235	0.052632
183	273	0.055556
183	276	0.050000
184	4	0.028571
184	16	0.008333
184	21	0.009346
184	30	0.011628
184	31	0.015625
184	33	0.015385
184	39	0.019231
184	41	0.014493
184	47	0.015873
184	61	0.020833
184	68	0.023810
184	84	0.026316
184	90	0.034483
184	103	0.032258
184	140	0.030303
184	246	0.062500
184	247	0.055556
184	272	0.066667
184	277	0.047619
184	304	0.052632
185	18	0.008264
185	22	0.010526
185	26	0.012821
185	35	0.013699
185	55	0.027027
185	57	0.021739
185	60	0.019608
185	64	0.021739
185	70	0.023810
185	84	0.026316
185	98	0.034483
185	110	0.040000
185	136	0.041667
185	155	0.038462
185	174	0.050000
185	274	0.052632
185	324	0.062500
186	0	0.006329
186	6	0.014085
186	10	0.013699
186	22	0.010526
186	41	0.014493
186	46	0.015873
186	53	0.022727
186	67	0.023810
186	68	0.023810
186	112	0.037037
186	119	0.034483
186	136	0.041667
186	138	0.031250
186	157	0.038462
186	171	0.047619
186	201	0.050000
186	218	0.055556
186	262	0.052632
186	304	0.052632
186	330	0.047619
186	359	0.062500
187	3	0.047619
187	6	0.014085
187	8	0.023256
187	11	0.013158
187	12	0.026316
187	16	0.008333
187	30	0.011628
187	35	0.013699
187	60	0.019608
187	74	0.022222
187	81	0.038462
187	99	0.022222
187	115	0.041667
187	122	0.035714
187	178	0.047619
187	197	0.038462
187	198	0.047619
187	204	0.040000
187	243	0.062500
187	259	0.058824
187	270	0.058824
187	294	0.062500
187	312	0.062500
187	319	0.058824
187	333	0.062500
188	0	0.006329
188	6	0.014085
188	16	0.008333
188	20	0.012346
188	27	0.012195
188	31	0.015625
188	33	0.015385
188	34	0.014085
188	46	0.015873
188	51	0.021739
188	57	0.021739
188	80	0.033333
188	99	0.022222
188	136	0.041667
188	163	0.043478
188	191	0.037037
188	237	0.045455
188	253	0.043478
188	258	0.062500
188	309	0.062500
188	370	0.066667
188	372	0.058824
188	382	0.066667
188	390	0.066667
189	0	0.006329
189	2	0.010204
189	17	0.008403
189	20	0.012346
189	33	0.015385
189	41	0.014493
189	46	0.015873
189	50	0.019608
189	83	0.028571
189	87	0.034483
189	105	0.034483
189	116	0.030303
189	149	0.033333
189	159	0.032258
189	183	0.047619
189	195	0.047619
189	207	0.043478
189	274	0.052632
189	302	0.052632
189	332	0.066667
190	11	0.013158
190	19	0.010309
190	24	0.010870
190	26	0.012821
190	30	0.011628
190	39	0.019231
190	45	0.014493
190	49	0.019231
190	56	0.018868
190	107	0.035714
190	135	0.034483
190	141	0.038462
190	144	0.033333
190	165	0.041667
190	182	0.043478
190	256	0.047619
190	258	0.062500
190	301	0.062500
190	341	0.058824
190	390	0.066667
191	0	0.006329
191	8	0.023256
191	21	0.009346
191	28	0.011494
191	40	0.015873
191	51	0.021739
191	52	0.018868
191	57	0.021739
191	70	0.023810
191	84	0.026316
191	129	0.028571
191	143	0.032258
191	157	0.038462
191	176	0.041667
191	188	0.041667
191	200	0.045455
191	244	0.041667
191	263	0.062500
191	270	0.058824
191	272	0.066667
191	275	0.066667
191	333	0.062500
191	347	0.062500
191	348	0.058824
191	364	0.066667
191	366	0.066667
191	377	0.066667
192	2	0.010204
192	5	0.019231
192	8	0.023256
192	17	0.008403
192	18	0.008264
192	50	0.019608
192	55	0.027027
192	65	0.020833
192	76	0.028571
192	113	0.040000
192	124	0.045455
192	130	0.034483
192	153	0.045455
192	179	0.038462
192	183	0.047619
192	193	0.055556
192	196	0.043478
192	205	0.050000
192	209	0.050000
192	295	0.055556
192	354	0.055556
192	376	0.066667
192	381	0.066667
193	0	0.006329
193	14	0.035714
193	18	0.008264
193	30	0.011628
193	38	0.014925
193	41	0.014493
193	44	0.025641
193	66	0.030303
193	76	0.028571
193	97	0.037037
193	100	0.030303
193	103	0.032258
193	112	0.037037
193	174	0.050000
193	192	0.043478
193	242	0.055556
193	290	0.055556
193	309	0.062500
194	2	0.010204
194	6	0.014085
194	17	0.008403
194	18	0.008264
194	24	0.010870
194	52	0.018868
194	77	0.028571
194	98	0.034483
194	100	0.030303
194	106	0.026316
194	123	0.040000
194	132	0.033333
194	137	0.031250
194	162	0.034483
194	175	0.052632
194	211	0.040000
194	219	0.045455
194	274	0.052632
194	294	0.062500
194	297	0.058824
194	299	0.055556
194	343	0.058824
194	358	0.066667
195	1	0.015625
195	6	0.014085
195	11	0.013158
195	16	0.008333
195	24	0.010870
195	35	0.013699
195	45	0.014493
195	56	0.018868
195	62	0.022222
195	73	0.034483
195	94	0.028571
195	116	0.030303
195	140	0.030303
195	173	0.030303
195	189	0.050000
195	211	0.040000
195	212	0.055556
195	220	0.055556
195	279	0.043478
195	293	0.052632
195	327	0.058824
196	5	0.019231
196	6	0.014085
196	18	0.008264
196	19	0.010309
196	22	0.010526
196	23	0.010309
196	27	0.012195
196	37	0.012346
196	46	0.015873
196	94	0.028571
196	112	0.037037
196	118	0.027778
196	146	0.037037
196	179	0.038462
196	192	0.043478
196	209	0.050000
196	210	0.052632
196	227	0.041667
196	281	0.062500
196	284	0.062500
196	312	0.062500
196	362	0.066667
196	385	0.062500
197	7	0.037037
197	8	0.023256
197	9	0.016393
197	11	0.013158
197	17	0.008403
197	19	0.010309
197	20	0.012346
197	25	0.012346
197	27	0.012195
197	34	0.014085
197	35	0.013699
197	46	0.015873
197	61	0.020833
197	69	0.034483
197	187	0.040000
197	231	0.052632
197	247	0.055556
197	249	0.055556
197	261	0.062500
197	262	0.052632
197	265	0.055556
197	276	0.050000
197	299	0.055556
197	319	0.058824
197	343	0.058824
197	366	0.066667
198	5	0.019231
198	10	0.013699
198	17	0.008403
198	21	0.009346
198	27	0.012195
198	34	0.014085
198	35	0.013699
198	47	0.015873
198	72	0.030303
198	88	0.025641
198	102	0.023810
198	104	0.025641
198	111	0.021277
198	131	0.029412
198	187	0.040000
198	201	0.050000
198	238	0.055556
198	268	0.055556
198	273	0.055556
198	314	0.058824
198	321	0.055556
199	11	0.013158
199	16	0.008333
199	17	0.008403
199	18	0.008264
199	19	0.010309
199	21	0.009346
199	38	0.014925
199	42	0.016667
199	56	0.018868
199	60	0.019608
199	102	0.023810
199	116	0.030303
199	117	0.033333
199	119	0.034483
199	150	0.030303
199	258	0.062500
199	269	0.058824
199	283	0.062500
199	327	0.058824
199	364	0.066667
199	376	0.066667
199	378	0.066667
200	0	0.006329
200	6	0.014085
200	13	0.032258
200	22	0.010526
200	23	0.010309
200	30	0.011628
200	44	0.025641
200	49	0.019231
200	63	0.027778
200	72	0.030303
200	82	0.030303
200	92	0.024390
200	109	0.034483
200	167	0.041667
200	191	0.037037
200	226	0.058824
200	229	0.043478
200	234	0.050000
200	246	0.062500
200	254	0.055556
200	291	0.052632
200	346	0.066667
201	1	0.015625
201	23	0.010309
201	28	0.011494
201	31	0.015625
201	36	0.016667
201	42	0.016667
201	49	0.019231
201	60	0.019608
201	84	0.026316
201	95	0.037037
201	151	0.041667
201	158	0.047619
201	172	0.043478
201	186	0.047619
201	198	0.047619
201	209	0.050000
201	217	0.052632
201	272	0.066667
201	279	0.043478
201	299	0.055556
202	0	0.006329
202	2	0.010204
202	13	0.032258
202	15	0.017544
202	16	0.008333
202	17	0.008403
202	19	0.010309
202	22	0.010526
202	64	0.021739
202	99	0.022222
202	114	0.033333
202	126	0.034483
202	127	0.035714
202	131	0.029412
202	137	0.031250
202	206	0.045455
202	231	0.052632
202	245	0.052632
202	259	0.058824
202	270	0.058824
202	286	0.055556
202	350	0.066667
202	363	0.066667
203	2	0.010204
203	3	0.047619
203	19	0.010309
203	22	0.010526
203	28	0.011494
203	40	0.015873
203	45	0.014493
203	46	0.015873
203	67	0.023810
203	99	0.022222
203	103	0.032258
203	115	0.041667
203	120	0.030303
203	145	0.043478
203	180	0.050000
203	218	0.055556
203	300	0.066667
203	317	0.062500
203	332	0.066667
203	344	0.066667
203	351	0.062500
203	385	0.062500
204	0	0.006329
204	8	0.023256
204	18	0.008264
204	26	0.012821
204	36	0.016667
204	38	0.014925
204	41	0.014493
204	70	0.023810
204	74	0.022222
204	90	0.034483
204	118	0.027778
204	148	0.041667
204	163	0.043478
204	171	0.047619
204	187	0.040000
204	219	0.045455
204	221	0.043478
204	223	0.052632
204	233	0.058824
204	234	0.050000
204	249	0.055556
204	254	0.055556
204	312	0.062500
204	360	0.066667
204	363	0.066667
205	2	0.010204
205	31	0.015625
205	33	0.015385
205	36	0.016667
205	45	0.014493
205	74	0.022222
205	87	0.034483
205	103	0.032258
205	135	0.034483
205	140	0.030303
205	144	0.033333
205	159	0.032258
205	160	0.037037
205	161	0.041667
205	192	0.043478
205	214	0.050000
205	219	0.045455
205	273	0.055556
205	298	0.050000
205	386	0.066667
206	6	0.014085
206	18	0.008264
206	20	0.012346
206	22	0.010526
206	23	0.010309
206	31	0.015625
206	32	0.015873
206	37	0.012346
206	46	0.015873
206	51	0.021739
206	70	0.023810
206	91	0.028571
206	107	0.035714
206	111	0.021277
206	202	0.043478
206	240	0.043478
206	283	0.062500
206	291	0.052632
206	345	0.066667
206	358	0.066667
206	362	0.066667
206	391	0.066667
207	18	0.008264
207	20	0.012346
207	33	0.015385
207	45	0.014493
207	48	0.028571
207	61	0.020833
207	76	0.028571
207	83	0.028571
207	99	0.022222
207	109	0.034483
207	111	0.021277
207	149	0.033333
207	181	0.038462
207	183	0.047619
207	189	0.050000
207	240	0.043478
207	252	0.050000
207	271	0.055556
207	308	0.062500
207	333	0.062500
207	349	0.055556
207	363	0.066667
207	365	0.066667
208	0	0.006329
208	2	0.010204
208	9	0.016393
208	14	0.035714
208	15	0.017544
208	29	0.016129
208	34	0.014085
208	37	0.012346
208	80	0.033333
208	98	0.034483
208	110	0.040000
208	114	0.033333
208	141	0.038462
208	155	0.038462
208	168	0.034483
208	222	0.052632
208	243	0.062500
208	249	0.055556
208	262	0.052632
208	263	0.062500
208	268	0.055556
208	289	0.062500
208	304	0.052632
208	330	0.047619
208	340	0.052632
208	355	0.066667
209	24	0.010870
209	37	0.012346
209	38	0.014925
209	64	0.021739
209	87	0.034483
209	125	0.041667
209	130	0.034483
209	149	0.033333
209	150	0.030303
209	151	0.041667
209	152	0.045455
209	154	0.032258
209	192	0.043478
209	196	0.043478
209	201	0.050000
209	217	0.052632
209	227	0.041667
209	255	0.043478
209	275	0.066667
209	323	0.062500
210	4	0.028571
210	5	0.019231
210	11	0.013158
210	21	0.009346
210	25	0.012346
210	38	0.014925
210	52	0.018868
210	78	0.025641
210	79	0.023256
210	91	0.028571
210	126	0.034483
210	140	0.030303
210	147	0.041667
210	168	0.034483
210	196	0.043478
210	221	0.043478
210	255	0.043478
210	262	0.052632
210	321	0.055556
211	18	0.008264
211	19	0.010309
211	24	0.010870
211	38	0.014925
211	51	0.021739
211	58	0.021739
211	88	0.025641
211	105	0.034483
211	111	0.021277
211	127	0.035714
211	131	0.029412
211	148	0.041667
211	167	0.041667
211	194	0.043478
211	195	0.047619
211	212	0.055556
211	227	0.041667
211	239	0.055556
211	260	0.058824
211	307	0.058824
211	309	0.062500
211	310	0.066667
211	329	0.055556
211	335	0.062500
211	343	0.058824
212	21	0.009346
212	26	0.012821
212	31	0.015625
212	32	0.015873
212	34	0.014085
212	39	0.019231
212	42	0.016667
212	43	0.020000
212	66	0.030303
212	92	0.024390
212	112	0.037037
212	115	0.041667
212	119	0.034483
212	195	0.047619
212	211	0.040000
212	249	0.055556
212	296	0.055556
212	378	0.066667
213	1	0.015625
213	2	0.010204
213	10	0.013699
213	16	0.008333
213	17	0.008403
213	23	0.010309
213	31	0.015625
213	37	0.012346
213	63	0.027778
213	96	0.029412
213	100	0.030303
213	104	0.025641
213	134	0.033333
213	161	0.041667
213	179	0.038462
213	229	0.043478
213	243	0.062500
213	268	0.055556
213	276	0.050000
213	294	0.062500
213	323	0.062500
213	369	0.062500
213	384	0.062500
214	10	0.013699
214	12	0.026316
214	18	0.008264
214	23	0.010309
214	27	0.012195
214	38	0.014925
214	53	0.022727
214	60	0.019608
214	85	0.031250
214	88	0.025641
214	100	0.030303
214	156	0.055556
214	159	0.032258
214	169	0.045455
214	205	0.050000
214	236	0.043478
214	241	0.058824
214	300	0.066667
214	318	0.062500
214	372	0.058824
215	4	0.028571
215	6	0.014085
215	18	0.008264
215	44	0.025641
215	53	0.022727
215	60	0.019608
215	68	0.023810
215	72	0.030303
215	80	0.033333
215	104	0.025641
215	117	0.033333
215	130	0.034483
215	138	0.031250
215	164	0.045455
215	165	0.041667
215	260	0.058824
215	269	0.058824
215	318	0.062500
215	365	0.066667
216	2	0.010204
216	8	0.023256
216	11	0.013158
216	21	0.009346
216	27	0.012195
216	35	0.013699
216	50	0.019608
216	54	0.029412
216	72	0.030303
216	75	0.034483
216	94	0.028571
216	111	0.021277
216	121	0.040000
216	128	0.035714
216	181	0.038462
216	339	0.066667
216	353	0.066667
217	8	0.023256
217	17	0.008403
217	23	0.010309
217	27	0.012195
217	30	0.011628
217	38	0.014925
217	61	0.020833
217	65	0.020833
217	74	0.022222
217	106	0.026316
217	160	0.037037
217	177	0.047619
217	181	0.038462
217	201	0.050000
217	209	0.050000
217	257	0.058824
217	291	0.052632
217	301	0.062500
217	320	0.055556
218	0	0.006329
218	4	0.028571
218	23	0.010309
218	24	0.010870
218	29	0.016129
218	47	0.015873
218	57	0.021739
218	91	0.028571
218	106	0.026316
218	112	0.037037
218	118	0.027778
218	160	0.037037
218	170	0.050000
218	186	0.047619
218	203	0.045455
218	253	0.043478
218	254	0.055556
218	292	0.058824
219	7	0.037037
219	30	0.011628
219	37	0.012346
219	46	0.015873
219	58	0.021739
219	61	0.020833
219	78	0.025641
219	79	0.023256
219	81	0.038462
219	94	0.028571
219	96	0.029412
219	169	0.045455
219	194	0.043478
219	204	0.040000
219	205	0.050000
219	232	0.058824
219	262	0.052632
219	263	0.062500
219	271	0.055556
219	277	0.047619
219	306	0.055556
219	364	0.066667
220	0	0.006329
220	3	0.047619
220	10	0.013699
220	34	0.014085
220	35	0.013699
220	40	0.015873
220	56	0.018868
220	79	0.023256
220	80	0.033333
220	81	0.038462
220	82	0.030303
220	98	0.034483
220	104	0.025641
220	165	0.041667
220	195	0.047619
220	250	0.052632
220	324	0.062500
220	376	0.066667
221	8	0.023256
221	11	0.013158
221	18	0.008264
221	26	0.012821
221	38	0.014925
221	45	0.014493
221	50	0.019608
221	62	0.022222
221	79	0.023256
221	90	0.034483
221	111	0.021277
221	112	0.037037
221	133	0.033333
221	204	0.040000
221	210	0.052632
221	280	0.052632
221	309	0.062500
221	319	0.058824
221	323	0.062500
221	359	0.062500
221	361	0.055556
221	388	0.062500
221	392	0.066667
222	2	0.010204
222	16	0.008333
222	20	0.012346
222	21	0.009346
222	53	0.022727
222	66	0.030303
222	82	0.030303
222	94	0.028571
222	104	0.025641
222	126	0.034483
222	147	0.041667
222	148	0.041667
222	155	0.038462
222	182	0.043478
222	208	0.038462
222	223	0.052632
222	265	0.055556
222	292	0.058824
222	300	0.066667
223	2	0.010204
223	7	0.037037
223	18	0.008264
223	21	0.009346
223	22	0.010526
223	24	0.010870
223	29	0.016129
223	31	0.015625
223	35	0.013699
223	54	0.029412
223	58	0.021739
223	142	0.041667
223	145	0.043478
223	204	0.040000
223	222	0.052632
223	265	0.055556
223	267	0.055556
223	271	0.055556
223	286	0.055556
224	17	0.008403
224	32	0.015873
224	36	0.016667
224	54	0.029412
224	56	0.018868
224	62	0.022222
224	67	0.023810
224	68	0.023810
224	71	0.041667
224	81	0.038462
224	96	0.029412
224	108	0.041667
224	111	0.021277
224	134	0.033333
224	182	0.043478
224	247	0.055556
224	296	0.055556
225	0	0.006329
225	1	0.015625
225	2	0.010204
225	12	0.026316
225	24	0.010870
225	27	0.012195
225	41	0.014493
225	62	0.022222
225	67	0.023810
225	78	0.025641
225	84	0.026316
225	102	0.023810
225	119	0.034483
225	159	0.032258
225	165	0.041667
225	238	0.055556
225	240	0.043478
225	259	0.058824
225	311	0.058824
225	313	0.066667
225	317	0.062500
225	319	0.058824
225	385	0.062500
225	398	0.066667
226	5	0.019231
226	20	0.012346
226	23	0.010309
226	24	0.010870
226	28	0.011494
226	37	0.012346
226	54	0.029412
226	66	0.030303
226	114	0.033333
226	118	0.027778
226	134	0.033333
226	166	0.035714
226	167	0.041667
226	182	0.043478
226	200	0.045455
226	227	0.041667
226	293	0.052632
227	0	0.006329
227	1	0.015625
227	19	0.010309
227	26	0.012821
227	30	0.011628
227	32	0.015873
227	65	0.020833
227	75	0.034483
227	88	0.025641
227	106	0.026316
227	148	0.041667
227	196	0.043478
227	209	0.050000
227	211	0.040000
227	226	0.058824
227	254	0.055556
227	274	0.052632
227	297	0.058824
227	325	0.055556
227	327	0.058824
227	337	0.058824
227	367	0.062500
227	372	0.058824
227	380	0.062500
228	17	0.008403
228	36	0.016667
228	37	0.012346
228	45	0.014493
228	53	0.022727
228	64	0.021739
228	65	0.020833
228	79	0.023256
228	103	0.032258
228	118	0.027778
228	119	0.034483
228	121	0.040000
228	138	0.031250
228	150	0.030303
228	179	0.038462
228	238	0.055556
228	275	0.066667
228	284	0.062500
228	332	0.066667
228	346	0.066667
228	350	0.066667
229	0	0.006329
229	1	0.015625
229	12	0.026316
229	28	0.011494
229	34	0.014085
229	36	0.016667
229	43	0.020000
229	75	0.034483
229	86	0.024390
229	88	0.025641
229	141	0.038462
229	155	0.038462
229	164	0.045455
229	200	0.045455
229	213	0.043478
229	252	0.050000
229	259	0.058824
229	268	0.055556
229	292	0.058824
229	329	0.055556
229	374	0.066667
229	383	0.066667
229	395	0.066667
230	1	0.015625
230	15	0.017544
230	19	0.010309
230	21	0.009346
230	25	0.012346
230	46	0.015873
230	55	0.027027
230	67	0.023810
230	80	0.033333
230	99	0.022222
230	138	0.031250
230	157	0.038462
230	164	0.045455
230	165	0.041667
230	171	0.047619
230	248	0.050000
230	284	0.062500
230	287	0.058824
230	398	0.066667
231	15	0.017544
231	18	0.008264
231	23	0.010309
231	47	0.015873
231	56	0.018868
231	67	0.023810
231	91	0.028571
231	100	0.030303
231	119	0.034483
231	123	0.040000
231	134	0.033333
231	150	0.030303
231	182	0.043478
231	197	0.038462
231	202	0.043478
231	241	0.058824
231	245	0.052632
231	255	0.043478
231	264	0.050000
232	0	0.006329
232	22	0.010526
232	27	0.012195
232	33	0.015385
232	46	0.015873
232	49	0.019231
232	57	0.021739
232	74	0.022222
232	92	0.024390
232	109	0.034483
232	110	0.040000
232	144	0.033333
232	163	0.043478
232	168	0.034483
232	219	0.045455
232	247	0.055556
232	381	0.066667
233	2	0.010204
233	14	0.035714
233	28	0.011494
233	30	0.011628
233	32	0.015873
233	41	0.014493
233	56	0.018868
233	81	0.038462
233	86	0.024390
233	107	0.035714
233	146	0.037037
233	150	0.030303
233	159	0.032258
233	166	0.035714
233	204	0.040000
233	267	0.055556
233	303	0.058824
234	5	0.019231
234	13	0.032258
234	15	0.017544
234	17	0.008403
234	29	0.016129
234	57	0.021739
234	64	0.021739
234	74	0.022222
234	104	0.025641
234	110	0.040000
234	130	0.034483
234	143	0.032258
234	173	0.030303
234	200	0.045455
234	204	0.040000
234	251	0.052632
234	266	0.052632
234	351	0.062500
234	380	0.062500
234	397	0.066667
235	0	0.006329
235	10	0.013699
235	11	0.013158
235	15	0.017544
235	19	0.010309
235	23	0.010309
235	30	0.011628
235	31	0.015625
235	42	0.016667
235	45	0.014493
235	61	0.020833
235	72	0.030303
235	85	0.031250
235	100	0.030303
235	183	0.047619
235	257	0.058824
235	280	0.052632
235	283	0.062500
235	309	0.062500
236	15	0.017544
236	18	0.008264
236	23	0.010309
236	29	0.016129
236	31	0.015625
236	32	0.015873
236	45	0.014493
236	74	0.022222
236	79	0.023256
236	93	0.035714
236	120	0.030303
236	153	0.045455
236	158	0.047619
236	164	0.045455
236	214	0.050000
236	243	0.062500
236	247	0.055556
236	279	0.043478
236	293	0.052632
236	320	0.055556
236	325	0.055556
236	328	0.066667
236	387	0.066667
237	16	0.008333
237	18	0.008264
237	22	0.010526
237	24	0.010870
237	27	0.012195
237	29	0.016129
237	46	0.015873
237	47	0.015873
237	56	0.018868
237	90	0.034483
237	96	0.029412
237	111	0.021277
237	135	0.034483
237	160	0.037037
237	188	0.041667
237	258	0.062500
237	267	0.055556
237	287	0.058824
237	340	0.052632
237	347	0.062500
237	349	0.055556
237	393	0.066667
238	0	0.006329
238	1	0.015625
238	28	0.011494
238	50	0.019608
238	59	0.024390
238	65	0.020833
238	70	0.023810
238	136	0.041667
238	140	0.030303
238	165	0.041667
238	166	0.035714
238	173	0.030303
238	198	0.047619
238	225	0.041667
238	228	0.047619
238	266	0.052632
238	336	0.058824
238	356	0.062500
239	5	0.019231
239	9	0.016393
239	13	0.032258
239	15	0.017544
239	25	0.012346
239	30	0.011628
239	41	0.014493
239	73	0.034483
239	77	0.028571
239	107	0.035714
239	117	0.033333
239	138	0.031250
239	156	0.055556
239	173	0.030303
239	211	0.040000
239	241	0.058824
239	396	0.066667
239	398	0.066667
240	0	0.006329
240	6	0.014085
240	25	0.012346
240	33	0.015385
240	36	0.016667
240	49	0.019231
240	56	0.018868
240	79	0.023256
240	80	0.033333
240	98	0.034483
240	140	0.030303
240	176	0.041667
240	206	0.045455
240	207	0.043478
240	225	0.041667
240	269	0.058824
240	277	0.047619
240	302	0.052632
240	333	0.062500
240	357	0.058824
240	361	0.055556
240	364	0.066667
240	378	0.066667
241	0	0.006329
241	22	0.010526
241	29	0.016129
241	41	0.014493
241	44	0.025641
241	47	0.015873
241	49	0.019231
241	52	0.018868
241	55	0.027027
241	79	0.023256
241	85	0.031250
241	102	0.023810
241	214	0.050000
241	231	0.052632
241	239	0.055556
241	334	0.058824
241	345	0.066667
242	15	0.017544
242	16	0.008333
242	17	0.008403
242	19	0.010309
242	47	0.015873
242	59	0.024390
242	68	0.023810
242	96	0.029412
242	100	0.030303
242	102	0.023810
242	128	0.035714
242	150	0.030303
242	162	0.034483
242	172	0.043478
242	193	0.055556
242	336	0.058824
242	351	0.062500
242	385	0.062500
243	10	0.013699
243	18	0.008264
243	28	0.011494
243	33	0.015385
243	51	0.021739
243	95	0.037037
243	125	0.041667
243	126	0.034483
243	130	0.034483
243	137	0.031250
243	157	0.038462
243	187	0.040000
243	208	0.038462
243	213	0.043478
243	236	0.043478
243	265	0.055556
244	4	0.028571
244	11	0.013158
244	22	0.010526
244	25	0.012346
244	27	0.012195
244	34	0.014085
244	39	0.019231
244	45	0.014493
244	58	0.021739
244	61	0.020833
244	91	0.028571
244	141	0.038462
244	149	0.033333
244	174	0.050000
244	191	0.037037
244	254	0.055556
244	278	0.062500
244	296	0.055556
244	301	0.062500
244	311	0.058824
244	312	0.062500
244	355	0.066667
244	372	0.058824
244	374	0.066667
245	2	0.010204
245	16	0.008333
245	17	0.008403
245	26	0.012821
245	27	0.012195
245	31	0.015625
245	32	0.015873
245	50	0.019608
245	52	0.018868
245	53	0.022727
245	62	0.022222
245	68	0.023810
245	148	0.041667
245	202	0.043478
245	231	0.052632
245	270	0.058824
245	277	0.047619
245	331	0.058824
245	340	0.052632
246	0	0.006329
246	17	0.008403
246	25	0.012346
246	28	0.011494
246	38	0.014925
246	46	0.015873
246	94	0.028571
246	127	0.035714
246	131	0.029412
246	138	0.031250
246	167	0.041667
246	170	0.050000
246	179	0.038462
246	184	0.050000
246	200	0.045455
246	389	0.066667
247	0	0.006329
247	26	0.012821
247	28	0.011494
247	32	0.015873
247	36	0.016667
247	43	0.020000
247	77	0.028571
247	84	0.026316
247	94	0.028571
247	166	0.035714
247	184	0.050000
247	197	0.038462
247	224	0.058824
247	232	0.058824
247	236	0.043478
247	248	0.050000
247	294	0.062500
247	336	0.058824
248	2	0.010204
248	11	0.013158
248	25	0.012346
248	26	0.012821
248	30	0.011628
248	35	0.013699
248	39	0.019231
248	47	0.015873
248	61	0.020833
248	86	0.024390
248	102	0.023810
248	163	0.043478
248	179	0.038462
248	230	0.052632
248	247	0.055556
248	301	0.062500
248	311	0.058824
248	339	0.066667
248	386	0.066667
248	389	0.066667
249	23	0.010309
249	27	0.012195
249	28	0.011494
249	36	0.016667
249	41	0.014493
249	42	0.016667
249	87	0.034483
249	88	0.025641
249	92	0.024390
249	159	0.032258
249	171	0.047619
249	197	0.038462
249	204	0.040000
249	208	0.038462
249	212	0.055556
249	254	0.055556
249	294	0.062500
249	315	0.058824
250	14	0.035714
250	18	0.008264
250	21	0.009346
250	34	0.014085
250	50	0.019608
250	55	0.027027
250	58	0.021739
250	60	0.019608
250	77	0.028571
250	84	0.026316
250	92	0.024390
250	147	0.041667
250	149	0.033333
250	162	0.034483
250	220	0.055556
250	265	0.055556
250	294	0.062500
250	306	0.055556
250	309	0.062500
251	0	0.006329
251	1	0.015625
251	11	0.013158
251	25	0.012346
251	53	0.022727
251	72	0.030303
251	73	0.034483
251	105	0.034483
251	109	0.034483
251	119	0.034483
251	138	0.031250
251	140	0.030303
251	147	0.041667
251	157	0.038462
251	234	0.050000
251	319	0.058824
251	332	0.066667
251	360	0.066667
251	368	0.066667
252	1	0.015625
252	5	0.019231
252	9	0.016393
252	17	0.008403
252	32	0.015873
252	50	0.019608
252	64	0.021739
252	67	0.023810
252	110	0.040000
252	128	0.035714
252	133	0.033333
252	138	0.031250
252	139	0.038462
252	207	0.043478
252	229	0.043478
252	256	0.047619
252	287	0.058824
252	292	0.058824
252	300	0.066667
252	322	0.058824
253	0	0.006329
253	7	0.037037
253	34	0.014085
253	45	0.014493
253	64	0.021739
253	73	0.034483
253	79	0.023256
253	119	0.034483
253	129	0.028571
253	132	0.033333
253	149	0.033333
253	155	0.038462
253	162	0.034483
253	188	0.041667
253	218	0.055556
253	265	0.055556
253	305	0.062500
253	334	0.058824
253	368	0.066667
253	374	0.066667
253	375	0.066667
253	384	0.062500
253	393	0.066667
254	0	0.006329
254	21	0.009346
254	40	0.015873
254	65	0.020833
254	73	0.034483
254	111	0.021277
254	116	0.030303
254	122	0.035714
254	167	0.041667
254	200	0.045455
254	204	0.040000
254	218	0.055556
254	227	0.041667
254	244	0.041667
254	249	0.055556
254	294	0.062500
254	327	0.058824
254	357	0.058824
255	7	0.037037
255	23	0.010309
255	26	0.012821
255	30	0.011628
255	32	0.015873
255	36	0.016667
255	56	0.018868
255	70	0.023810
255	118	0.027778
255	126	0.034483
255	127	0.035714
255	137	0.031250
255	209	0.050000
255	210	0.052632
255	231	0.052632
255	256	0.047619
255	260	0.058824
255	295	0.055556
255	304	0.052632
255	312	0.062500
255	328	0.066667
255	329	0.055556
255	333	0.062500
256	19	0.010309
256	28	0.011494
256	29	0.016129
256	31	0.015625
256	33	0.015385
256	60	0.019608
256	65	0.020833
256	71	0.041667
256	102	0.023810
256	106	0.026316
256	150	0.030303
256	154	0.032258
256	190	0.050000
256	252	0.050000
256	255	0.043478
256	288	0.058824
256	301	0.062500
256	302	0.052632
256	367	0.062500
256	376	0.066667
256	390	0.066667
257	0	0.006329
257	11	0.013158
257	12	0.026316
257	28	0.011494
257	35	0.013699
257	37	0.012346
257	78	0.025641
257	79	0.023256
257	86	0.024390
257	135	0.034483
257	148	0.041667
257	151	0.041667
257	153	0.045455
257	217	0.052632
257	235	0.052632
257	362	0.066667
257	394	0.066667
258	11	0.013158
258	17	0.008403
258	27	0.012195
258	30	0.011628
258	37	0.012346
258	58	0.021739
258	83	0.028571
258	98	0.034483
258	132	0.033333
258	154	0.032258
258	174	0.050000
258	188	0.041667
258	190	0.050000
258	199	0.045455
258	237	0.045455
258	312	0.062500
259	12	0.026316
259	18	0.008264
259	37	0.012346
259	44	0.025641
259	51	0.021739
259	53	0.022727
259	125	0.041667
259	131	0.029412
259	140	0.030303
259	146	0.037037
259	168	0.034483
259	187	0.040000
259	202	0.043478
259	225	0.041667
259	229	0.043478
259	279	0.043478
259	299	0.055556
260	0	0.006329
260	1	0.015625
260	16	0.008333
260	21	0.009346
260	23	0.010309
260	39	0.019231
260	42	0.016667
260	44	0.025641
260	45	0.014493
260	84	0.026316
260	122	0.035714
260	135	0.034483
260	211	0.040000
260	215	0.052632
260	255	0.043478
260	308	0.062500
260	357	0.058824
261	2	0.010204
261	22	0.010526
261	34	0.014085
261	36	0.016667
261	38	0.014925
261	47	0.015873
261	58	0.021739
261	61	0.020833
261	66	0.030303
261	94	0.028571
261	95	0.037037
261	108	0.041667
261	126	0.034483
261	168	0.034483
261	197	0.038462
261	295	0.055556
262	0	0.006329
262	2	0.010204
262	10	0.013699
262	18	0.008264
262	33	0.015385
262	43	0.020000
262	76	0.028571
262	96	0.029412
262	100	0.030303
262	166	0.035714
262	186	0.047619
262	197	0.038462
262	208	0.038462
262	210	0.052632
262	219	0.045455
262	269	0.058824
262	336	0.058824
262	371	0.066667
262	382	0.066667
263	2	0.010204
263	10	0.013699
263	17	0.008403
263	25	0.012346
263	40	0.015873
263	50	0.019608
263	51	0.021739
263	57	0.021739
263	72	0.030303
263	114	0.033333
263	139	0.038462
263	141	0.038462
263	191	0.037037
263	208	0.038462
263	219	0.045455
263	271	0.055556
264	22	0.010526
264	24	0.010870
264	26	0.012821
264	28	0.011494
264	35	0.013699
264	42	0.016667
264	54	0.029412
264	81	0.038462
264	117	0.033333
264	138	0.031250
264	144	0.033333
264	150	0.030303
264	158	0.047619
264	178	0.047619
264	231	0.052632
264	289	0.062500
264	308	0.062500
264	320	0.055556
264	326	0.066667
264	388	0.062500
265	6	0.014085
265	24	0.010870
265	32	0.015873
265	44	0.025641
265	57	0.021739
265	67	0.023810
265	89	0.035714
265	91	0.028571
265	147	0.041667
265	197	0.038462
265	222	0.052632
265	223	0.052632
265	243	0.062500
265	250	0.052632
265	253	0.043478
265	300	0.066667
265	340	0.052632
265	377	0.066667
266	0	0.006329
266	21	0.009346
266	29	0.016129
266	43	0.020000
266	57	0.021739
266	61	0.020833
266	88	0.025641
266	90	0.034483
266	95	0.037037
266	112	0.037037
266	131	0.029412
266	143	0.032258
266	182	0.043478
266	234	0.050000
266	238	0.055556
266	285	0.062500
266	308	0.062500
266	355	0.066667
266	366	0.066667
267	0	0.006329
267	8	0.023256
267	33	0.015385
267	39	0.019231
267	41	0.014493
267	55	0.027027
267	71	0.041667
267	106	0.026316
267	107	0.035714
267	150	0.030303
267	154	0.032258
267	165	0.041667
267	223	0.052632
267	233	0.058824
267	237	0.045455
267	309	0.062500
267	347	0.062500
267	375	0.066667
268	3	0.047619
268	10	0.013699
268	11	0.013158
268	16	0.008333
268	22	0.010526
268	36	0.016667
268	45	0.014493
268	47	0.015873
268	65	0.020833
268	118	0.027778
268	135	0.034483
268	198	0.047619
268	208	0.038462
268	213	0.043478
268	229	0.043478
268	325	0.055556
268	326	0.066667
268	330	0.047619
269	6	0.014085
269	18	0.008264
269	21	0.009346
269	25	0.012346
269	35	0.013699
269	36	0.016667
269	40	0.015873
269	64	0.021739
269	114	0.033333
269	154	0.032258
269	167	0.041667
269	199	0.045455
269	215	0.052632
269	240	0.043478
269	262	0.052632
269	307	0.058824
269	341	0.058824
270	2	0.010204
270	11	0.013158
270	16	0.008333
270	17	0.008403
270	22	0.010526
270	23	0.010309
270	47	0.015873
270	51	0.021739
270	75	0.034483
270	137	0.031250
270	149	0.033333
270	187	0.040000
270	191	0.037037
270	202	0.043478
270	245	0.052632
270	356	0.062500
270	370	0.066667
271	0	0.006329
271	10	0.013699
271	21	0.009346
271	29	0.016129
271	34	0.014085
271	45	0.014493
271	50	0.019608
271	59	0.024390
271	77	0.028571
271	113	0.040000
271	120	0.030303
271	207	0.043478
271	219	0.045455
271	223	0.052632
271	263	0.062500
271	320	0.055556
271	341	0.058824
271	349	0.055556
272	4	0.028571
272	21	0.009346
272	26	0.012821
272	38	0.014925
272	40	0.015873
272	45	0.014493
272	47	0.015873
272	49	0.019231
272	76	0.028571
272	108	0.041667
272	145	0.043478
272	173	0.030303
272	184	0.050000
272	191	0.037037
272	201	0.050000
273	8	0.023256
273	9	0.016393
273	28	0.011494
273	35	0.013699
273	36	0.016667
273	74	0.022222
273	134	0.033333
273	137	0.031250
273	138	0.031250
273	143	0.032258
273	155	0.038462
273	169	0.045455
273	183	0.047619
273	198	0.047619
273	205	0.050000
273	278	0.062500
273	288	0.058824
273	384	0.062500
274	2	0.010204
274	14	0.035714
274	20	0.012346
274	21	0.009346
274	49	0.019231
274	56	0.018868
274	69	0.034483
274	105	0.034483
274	157	0.038462
274	161	0.041667
274	179	0.038462
274	185	0.058824
274	189	0.050000
274	194	0.043478
274	227	0.041667
274	306	0.055556
274	309	0.062500
274	357	0.058824
274	370	0.066667
275	2	0.010204
275	4	0.028571
275	8	0.023256
275	18	0.008264
275	28	0.011494
275	30	0.011628
275	35	0.013699
275	40	0.015873
275	41	0.014493
275	78	0.025641
275	98	0.034483
275	178	0.047619
275	191	0.037037
275	209	0.050000
275	228	0.047619
276	11	0.013158
276	17	0.008403
276	22	0.010526
276	30	0.011628
276	60	0.019608
276	69	0.034483
276	85	0.031250
276	99	0.022222
276	106	0.026316
276	120	0.030303
276	134	0.033333
276	162	0.034483
276	183	0.047619
276	197	0.038462
276	213	0.043478
276	277	0.047619
276	292	0.058824
276	316	0.058824
276	338	0.066667
276	377	0.066667
277	0	0.006329
277	6	0.014085
277	11	0.013158
277	21	0.009346
277	31	0.015625
277	97	0.037037
277	98	0.034483
277	103	0.032258
277	111	0.021277
277	112	0.037037
277	184	0.050000
277	219	0.045455
277	240	0.043478
277	245	0.052632
277	276	0.050000
277	279	0.043478
277	308	0.062500
277	341	0.058824
277	360	0.066667
277	385	0.062500
277	387	0.066667
278	0	0.006329
278	16	0.008333
278	31	0.015625
278	32	0.015873
278	45	0.014493
278	57	0.021739
278	60	0.019608
278	96	0.029412
278	148	0.041667
278	149	0.033333
278	154	0.032258
278	159	0.032258
278	168	0.034483
278	244	0.041667
278	273	0.055556
278	356	0.062500
279	17	0.008403
279	18	0.008264
279	35	0.013699
279	61	0.020833
279	80	0.033333
279	86	0.024390
279	102	0.023810
279	121	0.040000
279	125	0.041667
279	140	0.030303
279	195	0.047619
279	201	0.050000
279	236	0.043478
279	259	0.058824
279	277	0.047619
279	284	0.062500
279	300	0.066667
279	306	0.055556
279	310	0.066667
279	312	0.062500
279	318	0.062500
279	340	0.052632
279	351	0.062500
280	18	0.008264
280	21	0.009346
280	23	0.010309
280	27	0.012195
280	37	0.012346
280	41	0.014493
280	52	0.018868
280	53	0.022727
280	91	0.028571
280	97	0.037037
280	113	0.040000
280	114	0.033333
280	120	0.030303
280	221	0.043478
280	235	0.052632
280	281	0.062500
280	313	0.066667
280	318	0.062500
280	325	0.055556
281	25	0.012346
281	27	0.012195
281	28	0.011494
281	38	0.014925
281	44	0.025641
281	47	0.015873
281	51	0.021739
281	62	0.022222
281	83	0.028571
281	86	0.024390
281	129	0.028571
281	143	0.032258
281	147	0.041667
281	196	0.043478
281	280	0.052632
281	338	0.066667
282	0	0.006329
282	12	0.026316
282	16	0.008333
282	20	0.012346
282	37	0.012346
282	39	0.019231
282	48	0.028571
282	65	0.020833
282	81	0.038462
282	83	0.028571
282	86	0.024390
282	128	0.035714
282	131	0.029412
282	168	0.034483
282	177	0.047619
282	355	0.066667
282	394	0.066667
283	0	0.006329
283	16	0.008333
283	23	0.010309
283	25	0.012346
283	34	0.014085
283	42	0.016667
283	49	0.019231
283	56	0.018868
283	87	0.034483
283	90	0.034483
283	111	0.021277
283	144	0.033333
283	199	0.045455
283	206	0.045455
283	235	0.052632
283	389	0.066667
284	19	0.010309
284	26	0.012821
284	39	0.019231
284	52	0.018868
284	58	0.021739
284	88	0.025641
284	99	0.022222
284	106	0.026316
284	134	0.033333
284	135	0.034483
284	166	0.035714
284	196	0.043478
284	228	0.047619
284	230	0.052632
284	279	0.043478
284	341	0.058824
285	16	0.008333
285	19	0.010309
285	20	0.012346
285	45	0.014493
285	53	0.022727
285	64	0.021739
285	72	0.030303
285	94	0.028571
285	105	0.034483
285	122	0.035714
285	126	0.034483
285	145	0.043478
285	152	0.045455
285	155	0.038462
285	266	0.052632
285	386	0.066667
286	5	0.019231
286	17	0.008403
286	19	0.010309
286	21	0.009346
286	38	0.014925
286	47	0.015873
286	52	0.018868
286	74	0.022222
286	79	0.023256
286	107	0.035714
286	129	0.028571
286	151	0.041667
286	154	0.032258
286	202	0.043478
286	223	0.052632
286	328	0.066667
286	383	0.066667
286	395	0.066667
287	0	0.006329
287	2	0.010204
287	13	0.032258
287	16	0.008333
287	17	0.008403
287	21	0.009346
287	25	0.012346
287	59	0.024390
287	85	0.031250
287	104	0.025641
287	118	0.027778
287	139	0.038462
287	230	0.052632
287	237	0.045455
287	252	0.050000
287	302	0.052632
287	368	0.066667
288	15	0.017544
288	27	0.012195
288	33	0.015385
288	34	0.014085
288	40	0.015873
288	46	0.015873
288	47	0.015873
288	102	0.023810
288	105	0.034483
288	108	0.041667
288	109	0.034483
288	149	0.033333
288	181	0.038462
288	256	0.047619
288	273	0.055556
288	314	0.058824
288	322	0.058824
289	19	0.010309
289	24	0.010870
289	26	0.012821
289	28	0.011494
289	35	0.013699
289	39	0.019231
289	78	0.025641
289	94	0.028571
289	97	0.037037
289	101	0.045455
289	159	0.032258
289	163	0.043478
289	173	0.030303
289	208	0.038462
289	264	0.050000
289	324	0.062500
290	1	0.015625
290	12	0.026316
290	17	0.008403
290	26	0.012821
290	27	0.012195
290	30	0.011628
290	51	0.021739
290	64	0.021739
290	68	0.023810
290	79	0.023256
290	82	0.030303
290	96	0.029412
290	103	0.032258
290	140	0.030303
290	193	0.055556
290	343	0.058824
290	383	0.066667
290	397	0.066667
291	1	0.015625
291	2	0.010204
291	11	0.013158
291	17	0.008403
291	24	0.010870
291	42	0.016667
291	43	0.020000
291	113	0.040000
291	138	0.031250
291	144	0.033333
291	163	0.043478
291	164	0.045455
291	200	0.045455
291	206	0.045455
291	217	0.052632
291	295	0.055556
291	354	0.055556
291	363	0.066667
291	397	0.066667
292	0	0.006329
292	27	0.012195
292	55	0.027027
292	59	0.024390
292	65	0.020833
292	75	0.034483
292	97	0.037037
292	99	0.022222
292	147	0.041667
292	151	0.041667
292	218	0.055556
292	222	0.052632
292	229	0.043478
292	252	0.050000
292	276	0.050000
292	334	0.058824
292	385	0.062500
293	11	0.013158
293	28	0.011494
293	38	0.014925
293	45	0.014493
293	62	0.022222
293	63	0.027778
293	72	0.030303
293	74	0.022222
293	103	0.032258
293	104	0.025641
293	120	0.030303
293	146	0.037037
293	195	0.047619
293	226	0.058824
293	236	0.043478
293	297	0.058824
293	315	0.058824
293	345	0.066667
293	346	0.066667
294	19	0.010309
294	29	0.016129
294	49	0.019231
294	54	0.029412
294	63	0.027778
294	90	0.034483
294	94	0.028571
294	160	0.037037
294	187	0.040000
294	194	0.043478
294	213	0.043478
294	247	0.055556
294	249	0.055556
294	250	0.052632
294	254	0.055556
294	351	0.062500
295	0	0.006329
295	2	0.010204
295	28	0.011494
295	41	0.014493
295	51	0.021739
295	59	0.024390
295	73	0.034483
295	74	0.022222
295	87	0.034483
295	97	0.037037
295	173	0.030303
295	192	0.043478
295	255	0.043478
295	261	0.062500
295	291	0.052632
295	358	0.066667
295	391	0.066667
295	395	0.066667
296	4	0.028571
296	10	0.013699
296	18	0.008264
296	26	0.012821
296	27	0.012195
296	35	0.013699
296	64	0.021739
296	71	0.041667
296	97	0.037037
296	122	0.035714
296	160	0.037037
296	165	0.041667
296	212	0.055556
296	224	0.058824
296	244	0.041667
296	315	0.058824
296	319	0.058824
296	359	0.062500
297	0	0.006329
297	23	0.010309
297	38	0.014925
297	66	0.030303
297	75	0.034483
297	85	0.031250
297	96	0.029412
297	111	0.021277
297	142	0.041667
297	143	0.032258
297	159	0.032258
297	172	0.043478
297	194	0.043478
297	227	0.041667
297	293	0.052632
297	304	0.052632
297	348	0.058824
298	8	0.023256
298	9	0.016393
298	14	0.035714
298	22	0.010526
298	25	0.012346
298	34	0.014085
298	35	0.013699
298	36	0.016667
298	46	0.015873
298	56	0.018868
298	92	0.024390
298	132	0.033333
298	152	0.045455
298	163	0.043478
298	205	0.050000
298	301	0.062500
298	320	0.055556
298	366	0.066667
298	392	0.066667
298	396	0.066667
299	12	0.026316
299	20	0.012346
299	45	0.014493
299	58	0.021739
299	64	0.021739
299	93	0.035714
299	116	0.030303
299	122	0.035714
299	130	0.034483
299	169	0.045455
299	180	0.050000
299	194	0.043478
299	197	0.038462
299	201	0.050000
299	259	0.058824
299	314	0.058824
299	386	0.066667
299	391	0.066667
300	0	0.006329
300	2	0.010204
300	10	0.013699
300	26	0.012821
300	57	0.021739
300	83	0.028571
300	86	0.024390
300	111	0.021277
300	150	0.030303
300	203	0.045455
300	214	0.050000
300	222	0.052632
300	252	0.050000
300	265	0.055556
300	279	0.043478
301	18	0.008264
301	26	0.012821
301	38	0.014925
301	70	0.023810
301	85	0.031250
301	112	0.037037
301	125	0.041667
301	136	0.041667
301	170	0.050000
301	190	0.050000
301	217	0.052632
301	244	0.041667
301	248	0.050000
301	256	0.047619
301	298	0.050000
301	376	0.066667
302	33	0.015385
302	34	0.014085
302	46	0.015873
302	74	0.022222
302	104	0.025641
302	111	0.021277
302	116	0.030303
302	131	0.029412
302	140	0.030303
302	147	0.041667
302	160	0.037037
302	189	0.050000
302	240	0.043478
302	256	0.047619
302	287	0.058824
302	336	0.058824
302	360	0.066667
302	361	0.055556
302	387	0.066667
303	4	0.028571
303	24	0.010870
303	28	0.011494
303	43	0.020000
303	45	0.014493
303	49	0.019231
303	52	0.018868
303	74	0.022222
303	76	0.028571
303	101	0.045455
303	117	0.033333
303	122	0.035714
303	142	0.041667
303	166	0.035714
303	233	0.058824
303	366	0.066667
303	379	0.062500
304	26	0.012821
304	44	0.025641
304	64	0.021739
304	79	0.023256
304	86	0.024390
304	91	0.028571
304	99	0.022222
304	117	0.033333
304	131	0.029412
304	150	0.030303
304	184	0.050000
304	186	0.047619
304	208	0.038462
304	255	0.043478
304	297	0.058824
304	327	0.058824
304	358	0.066667
304	384	0.062500
304	396	0.066667
305	8	0.023256
305	15	0.017544
305	16	0.008333
305	24	0.010870
305	32	0.015873
305	38	0.014925
305	51	0.021739
305	52	0.018868
305	99	0.022222
305	116	0.030303
305	128	0.035714
305	159	0.032258
305	173	0.030303
305	177	0.047619
305	253	0.043478
305	323	0.062500
306	19	0.010309
306	40	0.015873
306	43	0.020000
306	50	0.019608
306	51	0.021739
306	60	0.019608
306	120	0.030303
306	129	0.028571
306	145	0.043478
306	154	0.032258
306	158	0.047619
306	219	0.045455
306	250	0.052632
306	274	0.052632
306	279	0.043478
306	307	0.058824
306	385	0.062500
306	386	0.066667
307	6	0.014085
307	10	0.013699
307	22	0.010526
307	24	0.010870
307	41	0.014493
307	52	0.018868
307	76	0.028571
307	79	0.023256
307	86	0.024390
307	88	0.025641
307	144	0.033333
307	166	0.035714
307	211	0.040000
307	269	0.058824
307	306	0.055556
307	383	0.066667
307	391	0.066667
308	21	0.009346
308	29	0.016129
308	34	0.014085
308	42	0.016667
308	72	0.030303
308	76	0.028571
308	92	0.024390
308	94	0.028571
308	111	0.021277
308	181	0.038462
308	207	0.043478
308	260	0.058824
308	264	0.050000
308	266	0.052632
308	277	0.047619
308	314	0.058824
309	0	0.006329
309	1	0.015625
309	5	0.019231
309	14	0.035714
309	19	0.010309
309	47	0.015873
309	71	0.041667
309	188	0.041667
309	193	0.055556
309	211	0.040000
309	221	0.043478
309	235	0.052632
309	250	0.052632
309	267	0.055556
309	274	0.052632
309	388	0.062500
310	6	0.014085
310	16	0.008333
310	23	0.010309
310	27	0.012195
310	33	0.015385
310	40	0.015873
310	42	0.016667
310	48	0.028571
310	67	0.023810
310	82	0.030303
310	126	0.034483
310	151	0.041667
310	155	0.038462
310	211	0.040000
310	279	0.043478
311	21	0.009346
311	23	0.010309
311	24	0.010870
311	29	0.016129
311	37	0.012346
311	59	0.024390
311	61	0.020833
311	99	0.022222
311	133	0.033333
311	139	0.038462
311	140	0.030303
311	168	0.034483
311	225	0.041667
311	244	0.041667
311	248	0.050000
311	361	0.055556
311	380	0.062500
312	56	0.018868
312	62	0.022222
312	101	0.045455
312	132	0.033333
312	134	0.033333
312	142	0.041667
312	158	0.047619
312	177	0.047619
312	187	0.040000
312	196	0.043478
312	204	0.040000
312	244	0.041667
312	255	0.043478
312	258	0.062500
312	279	0.043478
312	357	0.058824
313	2	0.010204
313	18	0.008264
313	28	0.011494
313	54	0.029412
313	60	0.019608
313	79	0.023256
313	90	0.034483
313	106	0.026316
313	109	0.034483
313	121	0.040000
313	126	0.034483
313	148	0.041667
313	180	0.050000
313	225	0.041667
313	280	0.052632
314	14	0.035714
314	24	0.010870
314	25	0.012346
314	76	0.028571
314	92	0.024390
314	94	0.028571
314	116	0.030303
314	123	0.040000
314	135	0.034483
314	140	0.030303
314	175	0.052632
314	198	0.047619
314	288	0.058824
314	299	0.055556
314	308	0.062500
314	317	0.062500
314	365	0.066667
315	17	0.008403
315	23	0.010309
315	28	0.011494
315	30	0.011628
315	34	0.014085
315	42	0.016667
315	70	0.023810
315	111	0.021277
315	126	0.034483
315	129	0.028571
315	140	0.030303
315	173	0.030303
315	249	0.055556
315	293	0.052632
315	296	0.055556
315	359	0.062500
315	365	0.066667
316	0	0.006329
316	2	0.010204
316	9	0.016393
316	10	0.013699
316	11	0.013158
316	23	0.010309
316	40	0.015873
316	47	0.015873
316	48	0.028571
316	82	0.030303
316	96	0.029412
316	112	0.037037
316	154	0.032258
316	168	0.034483
316	276	0.050000
316	352	0.062500
316	363	0.066667
317	9	0.016393
317	17	0.008403
317	18	0.008264
317	30	0.011628
317	34	0.014085
317	35	0.013699
317	50	0.019608
317	52	0.018868
317	64	0.021739
317	85	0.031250
317	89	0.035714
317	154	0.032258
317	203	0.045455
317	225	0.041667
317	314	0.058824
317	364	0.066667
318	2	0.010204
318	5	0.019231
318	15	0.017544
318	29	0.016129
318	39	0.019231
318	43	0.020000
318	49	0.019231
318	50	0.019608
318	73	0.034483
318	163	0.043478
318	179	0.038462
318	214	0.050000
318	215	0.052632
318	279	0.043478
318	280	0.052632
318	322	0.058824
319	17	0.008403
319	62	0.022222
319	75	0.034483
319	85	0.031250
319	96	0.029412
319	99	0.022222
319	134	0.033333
319	146	0.037037
319	149	0.033333
319	187	0.040000
319	197	0.038462
319	221	0.043478
319	225	0.041667
319	251	0.052632
319	296	0.055556
319	339	0.066667
319	383	0.066667
320	21	0.009346
320	24	0.010870
320	62	0.022222
320	69	0.034483
320	87	0.034483
320	89	0.035714
320	93	0.035714
320	123	0.040000
320	127	0.035714
320	167	0.041667
320	217	0.052632
320	236	0.043478
320	264	0.050000
320	271	0.055556
320	298	0.050000
320	337	0.058824
320	344	0.066667
320	351	0.062500
321	0	0.006329
321	11	0.013158
321	17	0.008403
321	23	0.010309
321	24	0.010870
321	29	0.016129
321	61	0.020833
321	93	0.035714
321	100	0.030303
321	115	0.041667
321	155	0.038462
321	158	0.047619
321	179	0.038462
321	198	0.047619
321	210	0.052632
321	346	0.066667
321	376	0.066667
321	394	0.066667
322	15	0.017544
322	18	0.008264
322	37	0.012346
322	61	0.020833
322	62	0.022222
322	65	0.020833
322	84	0.026316
322	85	0.031250
322	106	0.026316
322	133	0.033333
322	134	0.033333
322	154	0.032258
322	252	0.050000
322	288	0.058824
322	318	0.062500
322	377	0.066667
322	394	0.066667
323	0	0.006329
323	29	0.016129
323	32	0.015873
323	65	0.020833
323	89	0.035714
323	92	0.024390
323	94	0.028571
323	130	0.034483
323	133	0.033333
323	168	0.034483
323	182	0.043478
323	209	0.050000
323	213	0.043478
323	221	0.043478
323	305	0.062500
323	358	0.066667
324	9	0.016393
324	12	0.026316
324	16	0.008333
324	25	0.012346
324	35	0.013699
324	39	0.019231
324	42	0.016667
324	62	0.022222
324	102	0.023810
324	109	0.034483
324	115	0.041667
324	120	0.030303
324	185	0.058824
324	220	0.055556
324	289	0.062500
324	361	0.055556
325	1	0.015625
325	23	0.010309
325	33	0.015385
325	38	0.014925
325	60	0.019608
325	67	0.023810
325	93	0.035714
325	96	0.029412
325	111	0.021277
325	134	0.033333
325	172	0.043478
325	227	0.041667
325	236	0.043478
325	268	0.055556
325	280	0.052632
325	331	0.058824
325	354	0.055556
325	361	0.055556
326	9	0.016393
326	16	0.008333
326	19	0.010309
326	21	0.009346
326	31	0.015625
326	34	0.014085
326	38	0.014925
326	47	0.015873
326	52	0.018868
326	62	0.022222
326	72	0.030303
326	127	0.035714
326	138	0.031250
326	264	0.050000
326	268	0.055556
327	6	0.014085
327	28	0.011494
327	35	0.013699
327	56	0.018868
327	77	0.028571
327	84	0.026316
327	91	0.028571
327	107	0.035714
327	118	0.027778
327	129	0.028571
327	195	0.047619
327	199	0.045455
327	227	0.041667
327	254	0.055556
327	304	0.052632
327	333	0.062500
327	342	0.066667
328	2	0.010204
328	25	0.012346
328	30	0.011628
328	39	0.019231
328	42	0.016667
328	45	0.014493
328	96	0.029412
328	103	0.032258
328	109	0.034483
328	114	0.033333
328	130	0.034483
328	144	0.033333
328	236	0.043478
328	255	0.043478
328	286	0.055556
329	3	0.047619
329	7	0.037037
329	19	0.010309
329	23	0.010309
329	24	0.010870
329	26	0.012821
329	39	0.019231
329	45	0.014493
329	117	0.033333
329	119	0.034483
329	131	0.029412
329	143	0.032258
329	211	0.040000
329	229	0.043478
329	255	0.043478
329	347	0.062500
329	375	0.066667
329	387	0.066667
330	0	0.006329
330	15	0.017544
330	19	0.010309
330	31	0.015625
330	38	0.014925
330	41	0.014493
330	61	0.020833
330	68	0.023810
330	84	0.026316
330	92	0.024390
330	117	0.033333
330	159	0.032258
330	186	0.047619
330	208	0.038462
330	268	0.055556
330	334	0.058824
330	336	0.058824
330	349	0.055556
330	356	0.062500
330	397	0.066667
330	398	0.066667
331	19	0.010309
331	21	0.009346
331	23	0.010309
331	26	0.012821
331	34	0.014085
331	56	0.018868
331	63	0.027778
331	74	0.022222
331	87	0.034483
331	92	0.024390
331	107	0.035714
331	129	0.028571
331	172	0.043478
331	245	0.052632
331	325	0.055556
331	344	0.066667
331	379	0.062500
332	1	0.015625
332	2	0.010204
332	9	0.016393
332	17	0.008403
332	22	0.010526
332	28	0.011494
332	35	0.013699
332	47	0.015873
332	50	0.019608
332	59	0.024390
332	87	0.034483
332	189	0.050000
332	203	0.045455
332	228	0.047619
332	251	0.052632
333	24	0.010870
333	47	0.015873
333	61	0.020833
333	97	0.037037
333	111	0.021277
333	118	0.027778
333	119	0.034483
333	131	0.029412
333	137	0.031250
333	187	0.040000
333	191	0.037037
333	207	0.043478
333	240	0.043478
333	255	0.043478
333	327	0.058824
333	390	0.066667
334	5	0.019231
334	8	0.023256
334	25	0.012346
334	41	0.014493
334	50	0.019608
334	68	0.023810
334	78	0.025641
334	98	0.034483
334	99	0.022222
334	123	0.040000
334	180	0.050000
334	241	0.058824
334	253	0.043478
334	292	0.058824
334	330	0.047619
334	338	0.066667
334	343	0.058824
335	8	0.023256
335	16	0.008333
335	18	0.008264
335	19	0.010309
335	22	0.010526
335	24	0.010870
335	31	0.015625
335	33	0.015385
335	47	0.015873
335	48	0.028571
335	56	0.018868
335	68	0.023810
335	152	0.045455
335	160	0.037037
335	211	0.040000
335	374	0.066667
336	11	0.013158
336	26	0.012821
336	34	0.014085
336	74	0.022222
336	86	0.024390
336	93	0.035714
336	134	0.033333
336	140	0.030303
336	173	0.030303
336	238	0.055556
336	242	0.055556
336	247	0.055556
336	262	0.052632
336	302	0.052632
336	330	0.047619
336	391	0.066667
336	392	0.066667
337	1	0.015625
337	19	0.010309
337	20	0.012346
337	42	0.016667
337	62	0.022222
337	113	0.040000
337	123	0.040000
337	135	0.034483
337	153	0.045455
337	159	0.032258
337	160	0.037037
337	169	0.045455
337	181	0.038462
337	227	0.041667
337	320	0.055556
337	348	0.058824
337	398	0.066667
338	0	0.006329
338	17	0.008403
338	21	0.009346
338	24	0.010870
338	55	0.027027
338	58	0.021739
338	76	0.028571
338	110	0.040000
338	127	0.035714
338	137	0.031250
338	138	0.031250
338	142	0.041667
338	276	0.050000
338	281	0.062500
338	334	0.058824
339	0	0.006329
339	7	0.037037
339	13	0.032258
339	18	0.008264
339	26	0.012821
339	27	0.012195
339	52	0.018868
339	69	0.034483
339	70	0.023810
339	74	0.022222
339	92	0.024390
339	169	0.045455
339	216	0.058824
339	248	0.050000
339	319	0.058824
340	0	0.006329
340	7	0.037037
340	18	0.008264
340	19	0.010309
340	21	0.009346
340	30	0.011628
340	34	0.014085
340	94	0.028571
340	118	0.027778
340	161	0.041667
340	208	0.038462
340	237	0.045455
340	245	0.052632
340	265	0.055556
340	279	0.043478
340	347	0.062500
340	353	0.066667
340	359	0.062500
340	382	0.066667
341	2	0.010204
341	3	0.047619
341	18	0.008264
341	23	0.010309
341	47	0.015873
341	48	0.028571
341	67	0.023810
341	102	0.023810
341	129	0.028571
341	157	0.038462
341	190	0.050000
341	269	0.058824
341	271	0.055556
341	277	0.047619
341	284	0.062500
341	355	0.066667
341	387	0.066667
342	2	0.010204
342	8	0.023256
342	18	0.008264
342	19	0.010309
342	27	0.012195
342	30	0.011628
342	43	0.020000
342	45	0.014493
342	51	0.021739
342	67	0.023810
342	70	0.023810
342	100	0.030303
342	111	0.021277
342	127	0.035714
342	327	0.058824
343	38	0.014925
343	44	0.025641
343	54	0.029412
343	75	0.034483
343	132	0.033333
343	140	0.030303
343	159	0.032258
343	162	0.034483
343	166	0.035714
343	173	0.030303
343	194	0.043478
343	197	0.038462
343	211	0.040000
343	290	0.055556
343	334	0.058824
343	347	0.062500
343	396	0.066667
344	20	0.012346
344	28	0.011494
344	29	0.016129
344	37	0.012346
344	41	0.014493
344	45	0.014493
344	51	0.021739
344	62	0.022222
344	68	0.023810
344	131	0.029412
344	137	0.031250
344	161	0.041667
344	203	0.045455
344	320	0.055556
344	331	0.058824
345	2	0.010204
345	17	0.008403
345	22	0.010526
345	36	0.016667
345	41	0.014493
345	55	0.027027
345	62	0.022222
345	67	0.023810
345	82	0.030303
345	89	0.035714
345	136	0.041667
345	146	0.037037
345	206	0.045455
345	241	0.058824
345	293	0.052632
346	0	0.006329
346	1	0.015625
346	3	0.047619
346	32	0.015873
346	39	0.019231
346	86	0.024390
346	91	0.028571
346	106	0.026316
346	132	0.033333
346	133	0.033333
346	150	0.030303
346	200	0.045455
346	228	0.047619
346	293	0.052632
346	321	0.055556
347	2	0.010204
347	7	0.037037
347	23	0.010309
347	31	0.015625
347	35	0.013699
347	40	0.015873
347	102	0.023810
347	118	0.027778
347	132	0.033333
347	191	0.037037
347	237	0.045455
347	267	0.055556
347	329	0.055556
347	340	0.052632
347	343	0.058824
347	393	0.066667
348	22	0.010526
348	24	0.010870
348	30	0.011628
348	31	0.015625
348	32	0.015873
348	40	0.015873
348	45	0.014493
348	51	0.021739
348	102	0.023810
348	119	0.034483
348	143	0.032258
348	153	0.045455
348	191	0.037037
348	297	0.058824
348	337	0.058824
348	353	0.066667
348	383	0.066667
349	11	0.013158
349	24	0.010870
349	36	0.016667
349	37	0.012346
349	62	0.022222
349	63	0.027778
349	86	0.024390
349	98	0.034483
349	121	0.040000
349	129	0.028571
349	139	0.038462
349	207	0.043478
349	237	0.045455
349	271	0.055556
349	330	0.047619
349	361	0.055556
349	367	0.062500
349	373	0.066667
350	0	0.006329
350	4	0.028571
350	9	0.016393
350	18	0.008264
350	26	0.012821
350	47	0.015873
350	66	0.030303
350	88	0.025641
350	101	0.045455
350	108	0.041667
350	125	0.041667
350	139	0.038462
350	162	0.034483
350	202	0.043478
350	228	0.047619
351	10	0.013699
351	28	0.011494
351	38	0.014925
351	54	0.029412
351	62	0.022222
351	70	0.023810
351	102	0.023810
351	162	0.034483
351	176	0.041667
351	203	0.045455
351	234	0.050000
351	242	0.055556
351	279	0.043478
351	294	0.062500
351	320	0.055556
351	381	0.066667
352	25	0.012346
352	31	0.015625
352	34	0.014085
352	37	0.012346
352	39	0.019231
352	46	0.015873
352	52	0.018868
352	56	0.018868
352	88	0.025641
352	114	0.033333
352	125	0.041667
352	143	0.032258
352	157	0.038462
352	179	0.038462
352	316	0.058824
352	392	0.066667
353	4	0.028571
353	16	0.008333
353	25	0.012346
353	32	0.015873
353	42	0.016667
353	43	0.020000
353	84	0.026316
353	86	0.024390
353	102	0.023810
353	113	0.040000
353	141	0.038462
353	157	0.038462
353	216	0.058824
353	340	0.052632
353	348	0.058824
354	16	0.008333
354	19	0.010309
354	20	0.012346
354	26	0.012821
354	35	0.013699
354	52	0.018868
354	53	0.022727
354	64	0.021739
354	78	0.025641
354	126	0.034483
354	142	0.041667
354	162	0.034483
354	192	0.043478
354	291	0.052632
354	325	0.055556
354	367	0.062500
354	370	0.066667
354	387	0.066667
355	13	0.032258
355	30	0.011628
355	63	0.027778
355	78	0.025641
355	83	0.028571
355	84	0.026316
355	99	0.022222
355	104	0.025641
355	119	0.034483
355	139	0.038462
355	208	0.038462
355	244	0.041667
355	266	0.052632
355	282	0.058824
355	341	0.058824
356	17	0.008403
356	18	0.008264
356	22	0.010526
356	44	0.025641
356	46	0.015873
356	65	0.020833
356	86	0.024390
356	88	0.025641
356	92	0.024390
356	144	0.033333
356	176	0.041667
356	238	0.055556
356	270	0.058824
356	278	0.062500
356	330	0.047619
356	358	0.066667
357	16	0.008333
357	31	0.015625
357	32	0.015873
357	41	0.014493
357	42	0.016667
357	56	0.018868
357	63	0.027778
357	122	0.035714
357	139	0.038462
357	140	0.030303
357	240	0.043478
357	254	0.055556
357	260	0.058824
357	274	0.052632
357	312	0.062500
357	394	0.066667
357	396	0.066667
358	5	0.019231
358	6	0.014085
358	38	0.014925
358	41	0.014493
358	56	0.018868
358	61	0.020833
358	82	0.030303
358	106	0.026316
358	149	0.033333
358	194	0.043478
358	206	0.045455
358	295	0.055556
358	304	0.052632
358	323	0.062500
358	356	0.062500
359	2	0.010204
359	5	0.019231
359	6	0.014085
359	28	0.011494
359	38	0.014925
359	82	0.030303
359	88	0.025641
359	129	0.028571
359	143	0.032258
359	176	0.041667
359	186	0.047619
359	221	0.043478
359	296	0.055556
359	315	0.058824
359	340	0.052632
359	377	0.066667
360	32	0.015873
360	33	0.015385
360	47	0.015873
360	54	0.029412
360	60	0.019608
360	77	0.028571
360	100	0.030303
360	110	0.040000
360	137	0.031250
360	174	0.050000
360	181	0.038462
360	204	0.040000
360	251	0.052632
360	277	0.047619
360	302	0.052632
361	10	0.013699
361	18	0.008264
361	52	0.018868
361	89	0.035714
361	99	0.022222
361	111	0.021277
361	117	0.033333
361	154	0.032258
361	221	0.043478
361	240	0.043478
361	302	0.052632
361	311	0.058824
361	324	0.062500
361	325	0.055556
361	349	0.055556
361	382	0.066667
361	383	0.066667
361	398	0.066667
362	0	0.006329
362	19	0.010309
362	27	0.012195
362	41	0.014493
362	49	0.019231
362	59	0.024390
362	66	0.030303
362	70	0.023810
362	145	0.043478
362	168	0.034483
362	177	0.047619
362	181	0.038462
362	196	0.043478
362	206	0.045455
362	257	0.058824
363	15	0.017544
363	21	0.009346
363	24	0.010870
363	30	0.011628
363	54	0.029412
363	66	0.030303
363	99	0.022222
363	129	0.028571
363	141	0.038462
363	146	0.037037
363	202	0.043478
363	204	0.040000
363	207	0.043478
363	291	0.052632
363	316	0.058824
364	1	0.015625
364	41	0.014493
364	47	0.015873
364	57	0.021739
364	92	0.024390
364	106	0.026316
364	113	0.040000
364	118	0.027778
364	141	0.038462
364	149	0.033333
364	191	0.037037
364	199	0.045455
364	219	0.045455
364	240	0.043478
364	317	0.062500
365	1	0.015625
365	2	0.010204
365	7	0.037037
365	10	0.013699
365	46	0.015873
365	51	0.021739
365	85	0.031250
365	92	0.024390
365	149	0.033333
365	154	0.032258
365	166	0.035714
365	207	0.043478
365	215	0.052632
365	314	0.058824
365	315	0.058824
366	8	0.023256
366	9	0.016393
366	27	0.012195
366	41	0.014493
366	44	0.025641
366	49	0.019231
366	57	0.021739
366	60	0.019608
366	68	0.023810
366	86	0.024390
366	191	0.037037
366	197	0.038462
366	266	0.052632
366	298	0.050000
366	303	0.058824
367	2	0.010204
367	8	0.023256
367	39	0.019231
367	56	0.018868
367	58	0.021739
367	65	0.020833
367	119	0.034483
367	120	0.030303
367	162	0.034483
367	166	0.035714
367	176	0.041667
367	227	0.041667
367	256	0.047619
367	349	0.055556
367	354	0.055556
367	374	0.066667
368	16	0.008333
368	21	0.009346
368	40	0.015873
368	57	0.021739
368	68	0.023810
368	70	0.023810
368	86	0.024390
368	96	0.029412
368	101	0.045455
368	124	0.045455
368	136	0.041667
368	160	0.037037
368	251	0.052632
368	253	0.043478
368	287	0.058824
369	11	0.013158
369	20	0.012346
369	30	0.011628
369	32	0.015873
369	51	0.021739
369	87	0.034483
369	89	0.035714
369	93	0.035714
369	97	0.037037
369	106	0.026316
369	122	0.035714
369	141	0.038462
369	161	0.041667
369	169	0.045455
369	213	0.043478
369	381	0.066667
370	20	0.012346
370	29	0.016129
370	31	0.015625
370	33	0.015385
370	53	0.022727
370	103	0.032258
370	104	0.025641
370	118	0.027778
370	142	0.041667
370	146	0.037037
370	157	0.038462
370	188	0.041667
370	270	0.058824
370	274	0.052632
370	354	0.055556
371	18	0.008264
371	19	0.010309
371	22	0.010526
371	28	0.011494
371	30	0.011628
371	46	0.015873
371	48	0.028571
371	52	0.018868
371	75	0.034483
371	102	0.023810
371	114	0.033333
371	116	0.030303
371	137	0.031250
371	176	0.041667
371	262	0.052632
372	3	0.047619
372	22	0.010526
372	57	0.021739
372	91	0.028571
372	120	0.030303
372	128	0.035714
372	135	0.034483
372	148	0.041667
372	149	0.033333
372	156	0.055556
372	181	0.038462
372	188	0.041667
372	214	0.050000
372	227	0.041667
372	244	0.041667
372	390	0.066667
372	397	0.066667
373	6	0.014085
373	10	0.013699
373	15	0.017544
373	17	0.008403
373	29	0.016129
373	41	0.014493
373	42	0.016667
373	46	0.015873
373	47	0.015873
373	65	0.020833
373	82	0.030303
373	152	0.045455
373	159	0.032258
373	173	0.030303
373	349	0.055556
374	6	0.014085
374	17	0.008403
374	18	0.008264
374	22	0.010526
374	26	0.012821
374	88	0.025641
374	111	0.021277
374	128	0.035714
374	129	0.028571
374	134	0.033333
374	229	0.043478
374	244	0.041667
374	253	0.043478
374	335	0.062500
374	367	0.062500
375	0	0.006329
375	23	0.010309
375	40	0.015873
375	47	0.015873
375	53	0.022727
375	58	0.021739
375	79	0.023256
375	94	0.028571
375	95	0.037037
375	100	0.030303
375	137	0.031250
375	181	0.038462
375	253	0.043478
375	267	0.055556
375	329	0.055556
376	12	0.026316
376	27	0.012195
376	34	0.014085
376	36	0.016667
376	42	0.016667
376	49	0.019231
376	65	0.020833
376	77	0.028571
376	99	0.022222
376	192	0.043478
376	199	0.045455
376	220	0.055556
376	256	0.047619
376	301	0.062500
376	321	0.055556
377	2	0.010204
377	22	0.010526
377	30	0.011628
377	56	0.018868
377	76	0.028571
377	111	0.021277
377	137	0.031250
377	139	0.038462
377	143	0.032258
377	178	0.047619
377	191	0.037037
377	265	0.055556
377	276	0.050000
377	322	0.058824
377	359	0.062500
378	11	0.013158
378	19	0.010309
378	36	0.016667
378	37	0.012346
378	65	0.020833
378	99	0.022222
378	102	0.023810
378	111	0.021277
378	135	0.034483
378	150	0.030303
378	168	0.034483
378	178	0.047619
378	199	0.045455
378	212	0.055556
378	240	0.043478
379	19	0.010309
379	22	0.010526
379	33	0.015385
379	34	0.014085
379	41	0.014493
379	49	0.019231
379	62	0.022222
379	69	0.034483
379	92	0.024390
379	100	0.030303
379	102	0.023810
379	154	0.032258
379	180	0.050000
379	303	0.058824
379	331	0.058824
379	390	0.066667
380	11	0.013158
380	12	0.026316
380	26	0.012821
380	27	0.012195
380	34	0.014085
380	38	0.014925
380	42	0.016667
380	58	0.021739
380	84	0.026316
380	147	0.041667
380	159	0.032258
380	178	0.047619
380	227	0.041667
380	234	0.050000
380	311	0.058824
380	384	0.062500
381	1	0.015625
381	16	0.008333
381	21	0.009346
381	27	0.012195
381	47	0.015873
381	50	0.019608
381	55	0.027027
381	59	0.024390
381	95	0.037037
381	132	0.033333
381	138	0.031250
381	192	0.043478
381	232	0.058824
381	351	0.062500
381	369	0.062500
382	0	0.006329
382	4	0.028571
382	15	0.017544
382	19	0.010309
382	23	0.010309
382	26	0.012821
382	74	0.022222
382	124	0.045455
382	140	0.030303
382	160	0.037037
382	182	0.043478
382	188	0.041667
382	262	0.052632
382	340	0.052632
382	361	0.055556
383	23	0.010309
383	40	0.015873
383	42	0.016667
383	65	0.020833
383	70	0.023810
383	85	0.031250
383	154	0.032258
383	181	0.038462
383	229	0.043478
383	286	0.055556
383	290	0.055556
383	307	0.058824
383	319	0.058824
383	348	0.058824
383	361	0.055556
384	0	0.006329
384	21	0.009346
384	26	0.012821
384	29	0.016129
384	39	0.019231
384	43	0.020000
384	58	0.021739
384	116	0.030303
384	161	0.041667
384	164	0.045455
384	213	0.043478
384	253	0.043478
384	273	0.055556
384	304	0.052632
384	380	0.062500
384	397	0.066667
385	5	0.019231
385	9	0.016393
385	56	0.018868
385	88	0.025641
385	131	0.029412
385	138	0.031250
385	143	0.032258
385	172	0.043478
385	196	0.043478
385	203	0.045455
385	225	0.041667
385	242	0.055556
385	277	0.047619
385	292	0.058824
385	306	0.055556
385	398	0.066667
386	10	0.013699
386	24	0.010870
386	25	0.012346
386	67	0.023810
386	78	0.025641
386	79	0.023256
386	104	0.025641
386	107	0.035714
386	117	0.033333
386	144	0.033333
386	205	0.050000
386	248	0.050000
386	285	0.062500
386	299	0.055556
386	306	0.055556
387	8	0.023256
387	42	0.016667
387	44	0.025641
387	68	0.023810
387	77	0.028571
387	96	0.029412
387	137	0.031250
387	153	0.045455
387	154	0.032258
387	236	0.043478
387	277	0.047619
387	302	0.052632
387	329	0.055556
387	341	0.058824
387	354	0.055556
388	10	0.013699
388	16	0.008333
388	18	0.008264
388	20	0.012346
388	86	0.024390
388	88	0.025641
388	111	0.021277
388	115	0.041667
388	117	0.033333
388	134	0.033333
388	150	0.030303
388	173	0.030303
388	221	0.043478
388	264	0.050000
388	309	0.062500
388	397	0.066667
389	0	0.006329
389	1	0.015625
389	4	0.028571
389	8	0.023256
389	30	0.011628
389	35	0.013699
389	42	0.016667
389	58	0.021739
389	80	0.033333
389	120	0.030303
389	149	0.033333
389	177	0.047619
389	246	0.062500
389	248	0.050000
389	283	0.062500
390	18	0.008264
390	27	0.012195
390	35	0.013699
390	80	0.033333
390	92	0.024390
390	109	0.034483
390	110	0.040000
390	127	0.035714
390	173	0.030303
390	188	0.041667
390	190	0.050000
390	256	0.047619
390	333	0.062500
390	372	0.058824
390	379	0.062500
391	3	0.047619
391	6	0.014085
391	9	0.016393
391	32	0.015873
391	46	0.015873
391	50	0.019608
391	64	0.021739
391	83	0.028571
391	94	0.028571
391	110	0.040000
391	206	0.045455
391	295	0.055556
391	299	0.055556
391	307	0.058824
391	336	0.058824
392	15	0.017544
392	18	0.008264
392	24	0.010870
392	29	0.016129
392	30	0.011628
392	74	0.022222
392	77	0.028571
392	98	0.034483
392	150	0.030303
392	168	0.034483
392	172	0.043478
392	221	0.043478
392	298	0.050000
392	336	0.058824
392	352	0.062500
393	7	0.037037
393	31	0.015625
393	41	0.014493
393	44	0.025641
393	53	0.022727
393	64	0.021739
393	86	0.024390
393	98	0.034483
393	99	0.022222
393	136	0.041667
393	162	0.034483
393	179	0.038462
393	237	0.045455
393	253	0.043478
393	347	0.062500
394	0	0.006329
394	18	0.008264
394	19	0.010309
394	23	0.010309
394	32	0.015873
394	42	0.016667
394	48	0.028571
394	76	0.028571
394	114	0.033333
394	176	0.041667
394	257	0.058824
394	282	0.058824
394	321	0.055556
394	322	0.058824
394	357	0.058824
395	21	0.009346
395	26	0.012821
395	29	0.016129
395	38	0.014925
395	39	0.019231
395	73	0.034483
395	121	0.040000
395	136	0.041667
395	152	0.045455
395	162	0.034483
395	166	0.035714
395	171	0.047619
395	229	0.043478
395	286	0.055556
395	295	0.055556
396	1	0.015625
396	6	0.014085
396	17	0.008403
396	40	0.015873
396	45	0.014493
396	53	0.022727
396	78	0.025641
396	167	0.041667
396	170	0.050000
396	173	0.030303
396	239	0.055556
396	298	0.050000
396	304	0.052632
396	343	0.058824
396	357	0.058824
397	5	0.019231
397	14	0.035714
397	15	0.017544
397	32	0.015873
397	38	0.014925
397	103	0.032258
397	131	0.029412
397	155	0.038462
397	234	0.050000
397	290	0.055556
397	291	0.052632
397	330	0.047619
397	372	0.058824
397	384	0.062500
397	388	0.062500
398	9	0.016393
398	25	0.012346
398	30	0.011628
398	59	0.024390
398	86	0.024390
398	103	0.032258
398	142	0.041667
398	162	0.034483
398	225	0.041667
398	230	0.052632
398	239	0.055556
398	330	0.047619
398	337	0.058824
398	361	0.055556
398	385	0.062500
