303	6944
0	12	0.011364
0	13	0.010309
0	14	0.010753
0	17	0.013158
0	18	0.010870
0	19	0.022727
0	20	0.019231
0	23	0.014085
0	30	0.032258
0	37	0.017544
0	38	0.018519
0	40	0.038462
0	46	0.025000
0	51	0.026316
0	52	0.032258
0	54	0.052632
0	57	0.050000
0	64	0.029412
0	65	0.030303
0	71	0.025641
0	79	0.027027
0	83	0.040000
0	87	0.050000
0	121	0.047619
0	155	0.062500
0	164	0.058824
0	183	0.083333
0	229	0.066667
0	242	0.076923
0	246	0.083333
0	255	0.076923
0	261	0.071429
0	300	0.083333
1	12	0.011364
1	13	0.010309
1	14	0.010753
1	15	0.011236
1	16	0.013333
1	17	0.013158
1	20	0.019231
1	22	0.017241
1	25	0.025000
1	28	0.033333
1	29	0.031250
1	32	0.033333
1	41	0.028571
1	42	0.016129
1	53	0.033333
1	58	0.043478
1	60	0.040000
1	66	0.030303
1	75	0.027027
1	77	0.033333
1	90	0.043478
1	97	0.052632
1	100	0.041667
1	101	0.038462
1	103	0.037037
1	108	0.055556
1	110	0.037037
1	112	0.055556
1	124	0.062500
1	144	0.050000
1	176	0.058824
1	182	0.071429
1	185	0.071429
1	187	0.062500
1	196	0.083333
1	233	0.071429
1	237	0.062500
1	260	0.076923
1	278	0.071429
1	295	0.083333
2	12	0.011364
2	13	0.010309
2	14	0.010753
2	15	0.011236
2	17	0.013158
2	19	0.022727
2	21	0.017857
2	23	0.014085
2	24	0.019608
2	25	0.025000
2	26	0.024390
2	27	0.026316
2	28	0.033333
2	37	0.017544
2	38	0.018519
2	41	0.028571
2	44	0.031250
2	46	0.025000
2	47	0.030303
2	51	0.026316
2	52	0.032258
2	53	0.033333
2	58	0.043478
2	59	0.047619
2	65	0.030303
2	69	0.047619
2	81	0.038462
2	84	0.037037
2	87	0.050000
2	88	0.038462
2	90	0.043478
2	91	0.045455
2	93	0.050000
2	94	0.066667
2	104	0.045455
2	107	0.047619
2	113	0.037037
2	117	0.055556
2	120	0.055556
2	123	0.058824
2	133	0.052632
2	134	0.047619
2	138	0.055556
2	140	0.055556
2	144	0.050000
2	145	0.050000
2	151	0.050000
2	159	0.071429
2	160	0.052632
2	164	0.058824
2	173	0.071429
2	177	0.062500
2	181	0.066667
2	189	0.083333
2	190	0.083333
2	196	0.083333
2	218	0.083333
2	250	0.066667
2	252	0.076923
2	255	0.076923
2	259	0.083333
2	264	0.076923
2	290	0.083333
2	291	0.083333
2	299	0.083333
3	12	0.011364
3	13	0.010309
3	14	0.010753
3	16	0.013333
3	19	0.022727
3	21	0.017857
3	22	0.017241
3	38	0.018519
3	54	0.052632
3	65	0.030303
3	86	0.058824
3	94	0.066667
3	107	0.047619
3	129	0.052632
3	130	0.037037
3	141	0.045455
3	148	0.058824
3	149	0.045455
3	157	0.076923
3	168	0.058824
3	169	0.050000
3	177	0.062500
3	194	0.062500
3	195	0.062500
3	205	0.062500
3	208	0.076923
3	225	0.066667
3	237	0.062500
3	249	0.090909
3	258	0.083333
3	280	0.083333
4	12	0.011364
4	13	0.010309
4	14	0.010753
4	15	0.011236
4	16	0.013333
4	17	0.013158
4	19	0.022727
4	21	0.017857
4	23	0.014085
4	25	0.025000
4	28	0.033333
4	30	0.032258
4	40	0.038462
4	42	0.016129
4	43	0.019608
4	47	0.030303
4	51	0.026316
4	52	0.032258
4	57	0.050000
4	63	0.062500
4	72	0.038462
4	75	0.027027
4	77	0.033333
4	78	0.040000
4	82	0.037037
4	83	0.040000
4	84	0.037037
4	90	0.043478
4	103	0.037037
4	138	0.055556
4	144	0.050000
4	161	0.041667
4	163	0.052632
4	167	0.058824
4	175	0.076923
4	187	0.062500
4	189	0.083333
4	202	0.058824
4	220	0.076923
4	224	0.066667
4	233	0.071429
4	235	0.083333
4	254	0.083333
4	261	0.071429
4	262	0.076923
4	265	0.066667
4	274	0.083333
4	292	0.083333
5	12	0.011364
5	15	0.011236
5	16	0.013333
5	18	0.010870
5	19	0.022727
5	20	0.019231
5	22	0.017241
5	23	0.014085
5	26	0.024390
5	33	0.012821
5	39	0.027027
5	41	0.028571
5	45	0.030303
5	47	0.030303
5	48	0.021739
5	49	0.030303
5	50	0.034483
5	51	0.026316
5	54	0.052632
5	56	0.041667
5	61	0.050000
5	68	0.037037
5	69	0.047619
5	70	0.034483
5	72	0.038462
5	77	0.033333
5	81	0.038462
5	84	0.037037
5	104	0.045455
5	106	0.066667
5	110	0.037037
5	113	0.037037
5	118	0.050000
5	119	0.043478
5	122	0.071429
5	127	0.055556
5	128	0.045455
5	130	0.037037
5	134	0.047619
5	143	0.055556
5	147	0.062500
5	150	0.058824
5	162	0.062500
5	179	0.062500
5	181	0.066667
5	198	0.071429
5	223	0.083333
5	241	0.066667
5	251	0.071429
5	256	0.083333
5	257	0.071429
5	265	0.066667
5	268	0.076923
5	273	0.083333
5	286	0.083333
5	290	0.083333
5	297	0.083333
6	12	0.011364
6	13	0.010309
6	14	0.010753
6	15	0.011236
6	16	0.013333
6	17	0.013158
6	23	0.014085
6	28	0.033333
6	29	0.031250
6	32	0.033333
6	37	0.017544
6	42	0.016129
6	52	0.032258
6	55	0.043478
6	58	0.043478
6	59	0.047619
6	66	0.030303
6	68	0.037037
6	71	0.025641
6	74	0.035714
6	82	0.037037
6	87	0.050000
6	89	0.038462
6	98	0.047619
6	102	0.043478
6	125	0.052632
6	126	0.062500
6	140	0.055556
6	141	0.045455
6	144	0.050000
6	145	0.050000
6	152	0.045455
6	171	0.055556
6	175	0.076923
6	184	0.058824
6	195	0.062500
6	196	0.083333
6	207	0.066667
6	210	0.066667
6	212	0.071429
6	226	0.076923
6	245	0.083333
6	247	0.083333
6	258	0.083333
6	275	0.076923
6	276	0.083333
6	285	0.076923
7	12	0.011364
7	13	0.010309
7	14	0.010753
7	15	0.011236
7	17	0.013158
7	18	0.010870
7	19	0.022727
7	21	0.017857
7	24	0.019608
7	31	0.041667
7	35	0.029412
7	36	0.022727
7	37	0.017544
7	38	0.018519
7	60	0.040000
7	71	0.025641
7	93	0.050000
7	120	0.055556
7	121	0.047619
7	129	0.052632
7	144	0.050000
7	154	0.066667
7	163	0.052632
7	189	0.083333
7	214	0.083333
7	242	0.076923
7	247	0.083333
7	253	0.076923
7	263	0.076923
7	268	0.076923
7	298	0.083333
8	12	0.011364
8	13	0.010309
8	14	0.010753
8	15	0.011236
8	16	0.013333
8	17	0.013158
8	18	0.010870
8	19	0.022727
8	21	0.017857
8	22	0.017241
8	23	0.014085
8	24	0.019608
8	25	0.025000
8	27	0.026316
8	29	0.031250
8	31	0.041667
8	33	0.012821
8	40	0.038462
8	43	0.019608
8	44	0.031250
8	50	0.034483
8	52	0.032258
8	53	0.033333
8	56	0.041667
8	62	0.062500
8	63	0.062500
8	65	0.030303
8	70	0.034483
8	71	0.025641
8	73	0.043478
8	80	0.043478
8	86	0.058824
8	90	0.043478
8	93	0.050000
8	96	0.033333
8	98	0.047619
8	102	0.043478
8	108	0.055556
8	124	0.062500
8	128	0.045455
8	129	0.052632
8	132	0.052632
8	133	0.052632
8	136	0.045455
8	145	0.050000
8	161	0.041667
8	162	0.062500
8	168	0.058824
8	172	0.083333
8	174	0.071429
8	176	0.058824
8	177	0.062500
8	180	0.071429
8	188	0.055556
8	200	0.071429
8	207	0.066667
8	209	0.062500
8	214	0.083333
8	215	0.066667
8	221	0.076923
8	231	0.066667
8	232	0.083333
8	234	0.066667
8	237	0.062500
8	238	0.076923
8	239	0.076923
8	240	0.050000
8	248	0.076923
8	253	0.076923
8	261	0.071429
8	269	0.076923
8	271	0.076923
8	272	0.083333
8	273	0.083333
8	275	0.076923
8	290	0.083333
8	293	0.083333
8	301	0.083333
9	12	0.011364
9	13	0.010309
9	14	0.010753
9	16	0.013333
9	18	0.010870
9	20	0.019231
9	21	0.017857
9	22	0.017241
9	27	0.026316
9	34	0.029412
9	38	0.018519
9	56	0.041667
9	59	0.047619
9	69	0.047619
9	71	0.025641
9	72	0.038462
9	74	0.035714
9	79	0.027027
9	86	0.058824
9	94	0.066667
9	96	0.033333
9	100	0.041667
9	103	0.037037
9	111	0.040000
9	125	0.052632
9	129	0.052632
9	137	0.045455
9	142	0.052632
9	146	0.050000
9	150	0.058824
9	159	0.071429
9	161	0.041667
9	162	0.062500
9	168	0.058824
9	179	0.062500
9	184	0.058824
9	188	0.055556
9	193	0.058824
9	238	0.076923
9	255	0.076923
9	256	0.083333
9	270	0.083333
9	273	0.083333
9	287	0.076923
9	290	0.083333
9	296	0.083333
10	12	0.011364
10	13	0.010309
10	15	0.011236
10	16	0.013333
10	18	0.010870
10	20	0.019231
10	24	0.019608
10	26	0.024390
10	27	0.026316
10	29	0.031250
10	31	0.041667
10	32	0.033333
10	33	0.012821
10	37	0.017544
10	44	0.031250
10	49	0.030303
10	50	0.034483
10	52	0.032258
10	66	0.030303
10	67	0.047619
10	69	0.047619
10	72	0.038462
10	73	0.043478
10	78	0.040000
10	79	0.027027
10	80	0.043478
10	94	0.066667
10	114	0.045455
10	125	0.052632
10	128	0.045455
10	135	0.062500
10	138	0.055556
10	150	0.058824
10	161	0.041667
10	169	0.050000
10	173	0.071429
10	176	0.058824
10	185	0.071429
10	191	0.058824
10	201	0.066667
10	204	0.076923
10	206	0.058824
10	208	0.076923
10	276	0.083333
10	280	0.083333
10	296	0.083333
10	299	0.083333
11	12	0.011364
11	13	0.010309
11	14	0.010753
11	15	0.011236
11	16	0.013333
11	17	0.013158
11	18	0.010870
11	19	0.022727
11	20	0.019231
11	21	0.017857
11	22	0.017241
11	23	0.014085
11	25	0.025000
11	28	0.033333
11	29	0.031250
11	30	0.032258
11	32	0.033333
11	33	0.012821
11	34	0.029412
11	35	0.029412
11	36	0.022727
11	37	0.017544
11	39	0.027027
11	40	0.038462
11	42	0.016129
11	44	0.031250
11	46	0.025000
11	47	0.030303
11	48	0.021739
11	54	0.052632
11	60	0.040000
11	61	0.050000
11	66	0.030303
11	70	0.034483
11	71	0.025641
11	73	0.043478
11	75	0.027027
11	80	0.043478
11	81	0.038462
11	89	0.038462
11	112	0.055556
11	115	0.055556
11	117	0.055556
11	122	0.071429
11	127	0.055556
11	135	0.062500
11	144	0.050000
11	156	0.062500
11	159	0.071429
11	160	0.052632
11	163	0.052632
11	168	0.058824
11	175	0.076923
11	186	0.071429
11	192	0.076923
11	205	0.062500
11	212	0.071429
11	217	0.076923
11	222	0.076923
11	229	0.066667
11	244	0.076923
11	257	0.071429
11	258	0.083333
11	272	0.083333
11	282	0.083333
11	286	0.083333
11	296	0.083333
12	0	0.030303
12	1	0.025000
12	2	0.015385
12	3	0.032258
12	4	0.020833
12	5	0.017544
12	6	0.021277
12	7	0.032258
12	8	0.012821
12	9	0.021739
12	10	0.021277
12	11	0.014925
12	13	0.010309
12	14	0.010753
12	15	0.011236
12	16	0.013333
12	17	0.013158
12	18	0.010870
12	19	0.022727
12	20	0.019231
12	21	0.017857
12	23	0.014085
12	24	0.019608
12	25	0.025000
12	26	0.024390
12	27	0.026316
12	28	0.033333
12	30	0.032258
12	31	0.041667
12	33	0.012821
12	37	0.017544
12	40	0.038462
12	44	0.031250
12	45	0.030303
12	46	0.025000
12	48	0.021739
12	50	0.034483
12	56	0.041667
12	58	0.043478
12	59	0.047619
12	65	0.030303
12	66	0.030303
12	69	0.047619
12	72	0.038462
12	76	0.033333
12	80	0.043478
12	86	0.058824
12	87	0.050000
12	89	0.038462
12	94	0.066667
12	95	0.062500
12	99	0.033333
12	101	0.038462
12	104	0.045455
12	107	0.047619
12	112	0.055556
12	118	0.050000
12	121	0.047619
12	122	0.071429
12	123	0.058824
12	127	0.055556
12	128	0.045455
12	138	0.055556
12	141	0.045455
12	166	0.055556
12	182	0.071429
12	196	0.083333
12	199	0.055556
12	200	0.071429
12	202	0.058824
12	208	0.076923
12	211	0.062500
12	212	0.071429
12	217	0.076923
12	226	0.076923
12	232	0.083333
12	235	0.083333
12	250	0.066667
12	254	0.083333
12	255	0.076923
12	263	0.076923
12	269	0.076923
12	277	0.083333
12	280	0.083333
12	281	0.083333
12	286	0.083333
12	289	0.083333
12	302	0.083333
13	0	0.030303
13	1	0.025000
13	2	0.015385
13	3	0.032258
13	4	0.020833
13	6	0.021277
13	7	0.032258
13	8	0.012821
13	9	0.021739
13	10	0.021277
13	11	0.014925
13	12	0.011364
13	14	0.010753
13	15	0.011236
13	16	0.013333
13	17	0.013158
13	18	0.010870
13	19	0.022727
13	20	0.019231
13	21	0.017857
13	22	0.017241
13	25	0.025000
13	27	0.026316
13	29	0.031250
13	33	0.012821
13	34	0.029412
13	35	0.029412
13	37	0.017544
13	39	0.027027
13	41	0.028571
13	43	0.019608
13	45	0.030303
13	46	0.025000
13	50	0.034483
13	54	0.052632
13	55	0.043478
13	56	0.041667
13	57	0.050000
13	58	0.043478
13	61	0.050000
13	62	0.062500
13	63	0.062500
13	65	0.030303
13	66	0.030303
13	67	0.047619
13	68	0.037037
13	79	0.027027
13	83	0.040000
13	88	0.038462
13	101	0.038462
13	103	0.037037
13	104	0.045455
13	107	0.047619
13	114	0.045455
13	124	0.062500
13	134	0.047619
13	135	0.062500
13	139	0.083333
13	141	0.045455
13	143	0.055556
13	148	0.058824
13	151	0.050000
13	157	0.076923
13	160	0.052632
13	163	0.052632
13	167	0.058824
13	169	0.050000
13	171	0.055556
13	173	0.071429
13	175	0.076923
13	178	0.066667
13	179	0.062500
13	183	0.083333
13	184	0.058824
13	190	0.083333
13	194	0.062500
13	199	0.055556
13	201	0.066667
13	203	0.058824
13	206	0.058824
13	211	0.062500
13	224	0.066667
13	225	0.066667
13	228	0.083333
13	232	0.083333
13	234	0.066667
13	248	0.076923
13	252	0.076923
13	263	0.076923
13	270	0.083333
13	275	0.076923
13	278	0.071429
13	284	0.076923
13	286	0.083333
13	297	0.083333
13	299	0.083333
13	301	0.083333
14	0	0.030303
14	1	0.025000
14	2	0.015385
14	3	0.032258
14	4	0.020833
14	6	0.021277
14	7	0.032258
14	8	0.012821
14	9	0.021739
14	11	0.014925
14	12	0.011364
14	13	0.010309
14	15	0.011236
14	17	0.013158
14	18	0.010870
14	19	0.022727
14	20	0.019231
14	22	0.017241
14	24	0.019608
14	25	0.025000
14	27	0.026316
14	28	0.033333
14	29	0.031250
14	30	0.032258
14	32	0.033333
14	35	0.029412
14	39	0.027027
14	40	0.038462
14	44	0.031250
14	49	0.030303
14	50	0.034483
14	53	0.033333
14	55	0.043478
14	57	0.050000
14	60	0.040000
14	63	0.062500
14	64	0.029412
14	67	0.047619
14	71	0.025641
14	72	0.038462
14	77	0.033333
14	79	0.027027
14	82	0.037037
14	84	0.037037
14	85	0.047619
14	86	0.058824
14	88	0.038462
14	89	0.038462
14	90	0.043478
14	91	0.045455
14	92	0.062500
14	94	0.066667
14	101	0.038462
14	113	0.037037
14	117	0.055556
14	125	0.052632
14	126	0.062500
14	128	0.045455
14	139	0.083333
14	143	0.055556
14	154	0.066667
14	155	0.062500
14	156	0.062500
14	160	0.052632
14	162	0.062500
14	165	0.071429
14	167	0.058824
14	168	0.058824
14	169	0.050000
14	173	0.071429
14	178	0.066667
14	186	0.071429
14	188	0.055556
14	195	0.062500
14	197	0.071429
14	199	0.055556
14	200	0.071429
14	206	0.058824
14	210	0.066667
14	211	0.062500
14	212	0.071429
14	214	0.083333
14	218	0.083333
14	236	0.076923
14	239	0.076923
14	243	0.083333
14	267	0.083333
14	270	0.083333
14	277	0.083333
14	285	0.076923
14	291	0.083333
14	293	0.083333
14	300	0.083333
15	1	0.025000
15	2	0.015385
15	4	0.020833
15	5	0.017544
15	6	0.021277
15	7	0.032258
15	8	0.012821
15	10	0.021277
15	11	0.014925
15	12	0.011364
15	13	0.010309
15	14	0.010753
15	17	0.013158
15	18	0.010870
15	20	0.019231
15	25	0.025000
15	27	0.026316
15	30	0.032258
15	32	0.033333
15	33	0.012821
15	35	0.029412
15	36	0.022727
15	38	0.018519
15	39	0.027027
15	40	0.038462
15	41	0.028571
15	43	0.019608
15	44	0.031250
15	46	0.025000
15	47	0.030303
15	51	0.026316
15	53	0.033333
15	54	0.052632
15	60	0.040000
15	62	0.062500
15	65	0.030303
15	70	0.034483
15	73	0.043478
15	74	0.035714
15	87	0.050000
15	88	0.038462
15	89	0.038462
15	90	0.043478
15	94	0.066667
15	95	0.062500
15	96	0.033333
15	97	0.052632
15	105	0.037037
15	106	0.066667
15	108	0.055556
15	111	0.040000
15	116	0.043478
15	119	0.043478
15	124	0.062500
15	130	0.037037
15	136	0.045455
15	137	0.045455
15	139	0.083333
15	145	0.050000
15	149	0.045455
15	151	0.050000
15	158	0.071429
15	159	0.071429
15	163	0.052632
15	181	0.066667
15	192	0.076923
15	198	0.071429
15	211	0.062500
15	213	0.071429
15	215	0.066667
15	216	0.058824
15	218	0.083333
15	220	0.076923
15	227	0.076923
15	229	0.066667
15	236	0.076923
15	240	0.050000
15	244	0.076923
15	248	0.076923
15	249	0.090909
15	254	0.083333
15	256	0.083333
15	279	0.083333
15	281	0.083333
15	283	0.083333
15	284	0.076923
15	286	0.083333
15	289	0.083333
15	295	0.083333
16	1	0.025000
16	3	0.032258
16	4	0.020833
16	5	0.017544
16	6	0.021277
16	8	0.012821
16	9	0.021739
16	10	0.021277
16	11	0.014925
16	12	0.011364
16	13	0.010309
16	20	0.019231
16	21	0.017857
16	22	0.017241
16	23	0.014085
16	25	0.025000
16	26	0.024390
16	27	0.026316
16	28	0.033333
16	31	0.041667
16	33	0.012821
16	37	0.017544
16	39	0.027027
16	40	0.038462
16	41	0.028571
16	42	0.016129
16	45	0.030303
16	48	0.021739
16	49	0.030303
16	50	0.034483
16	52	0.032258
16	62	0.062500
16	63	0.062500
16	64	0.029412
16	66	0.030303
16	74	0.035714
16	79	0.027027
16	88	0.038462
16	89	0.038462
16	98	0.047619
16	99	0.033333
16	104	0.045455
16	109	0.041667
16	111	0.040000
16	115	0.055556
16	116	0.043478
16	121	0.047619
16	124	0.062500
16	125	0.052632
16	126	0.062500
16	127	0.055556
16	129	0.052632
16	130	0.037037
16	143	0.055556
16	148	0.058824
16	153	0.071429
16	156	0.062500
16	169	0.050000
16	172	0.083333
16	175	0.076923
16	180	0.071429
16	184	0.058824
16	195	0.062500
16	203	0.058824
16	209	0.062500
16	211	0.062500
16	219	0.071429
16	229	0.066667
16	233	0.071429
16	255	0.076923
16	256	0.083333
16	268	0.076923
16	292	0.083333
16	295	0.083333
16	297	0.083333
17	0	0.030303
17	1	0.025000
17	2	0.015385
17	4	0.020833
17	6	0.021277
17	7	0.032258
17	8	0.012821
17	11	0.014925
17	12	0.011364
17	13	0.010309
17	14	0.010753
17	15	0.011236
17	18	0.010870
17	21	0.017857
17	22	0.017241
17	24	0.019608
17	26	0.024390
17	28	0.033333
17	29	0.031250
17	31	0.041667
17	34	0.029412
17	35	0.029412
17	40	0.038462
17	41	0.028571
17	43	0.019608
17	47	0.030303
17	49	0.030303
17	51	0.026316
17	55	0.043478
17	56	0.041667
17	57	0.050000
17	60	0.040000
17	61	0.050000
17	63	0.062500
17	68	0.037037
17	69	0.047619
17	81	0.038462
17	84	0.037037
17	85	0.047619
17	90	0.043478
17	95	0.062500
17	98	0.047619
17	102	0.043478
17	111	0.040000
17	112	0.055556
17	123	0.058824
17	126	0.062500
17	129	0.052632
17	131	0.071429
17	133	0.052632
17	134	0.047619
17	137	0.045455
17	139	0.083333
17	150	0.058824
17	153	0.071429
17	166	0.055556
17	169	0.050000
17	173	0.071429
17	174	0.071429
17	179	0.062500
17	188	0.055556
17	189	0.083333
17	197	0.071429
17	198	0.071429
17	210	0.066667
17	212	0.071429
17	215	0.066667
17	221	0.076923
17	233	0.071429
17	237	0.062500
17	240	0.050000
17	246	0.083333
17	264	0.076923
17	268	0.076923
17	287	0.076923
17	294	0.083333
18	0	0.030303
18	5	0.017544
18	7	0.032258
18	8	0.012821
18	9	0.021739
18	10	0.021277
18	11	0.014925
18	12	0.011364
18	13	0.010309
18	14	0.010753
18	15	0.011236
18	17	0.013158
18	19	0.022727
18	20	0.019231
18	21	0.017857
18	25	0.025000
18	26	0.024390
18	27	0.026316
18	28	0.033333
18	29	0.031250
18	31	0.041667
18	32	0.033333
18	35	0.029412
18	36	0.022727
18	37	0.017544
18	38	0.018519
18	41	0.028571
18	42	0.016129
18	43	0.019608
18	46	0.025000
18	54	0.052632
18	55	0.043478
18	58	0.043478
18	61	0.050000
18	63	0.062500
18	64	0.029412
18	69	0.047619
18	70	0.034483
18	73	0.043478
18	76	0.033333
18	77	0.033333
18	79	0.027027
18	83	0.040000
18	90	0.043478
18	95	0.062500
18	97	0.052632
18	98	0.047619
18	99	0.033333
18	100	0.041667
18	101	0.038462
18	103	0.037037
18	104	0.045455
18	110	0.037037
18	114	0.045455
18	119	0.043478
18	123	0.058824
18	131	0.071429
18	132	0.052632
18	134	0.047619
18	143	0.055556
18	149	0.045455
18	150	0.058824
18	154	0.066667
18	155	0.062500
18	159	0.071429
18	163	0.052632
18	166	0.055556
18	169	0.050000
18	192	0.076923
18	193	0.058824
18	201	0.066667
18	209	0.062500
18	210	0.066667
18	225	0.066667
18	235	0.083333
18	236	0.076923
18	238	0.076923
18	240	0.050000
18	247	0.083333
18	250	0.066667
18	251	0.071429
18	254	0.083333
18	258	0.083333
18	259	0.083333
18	267	0.083333
18	281	0.083333
18	283	0.083333
18	287	0.076923
18	294	0.083333
18	297	0.083333
18	301	0.083333
18	302	0.083333
19	0	0.030303
19	2	0.015385
19	3	0.032258
19	4	0.020833
19	5	0.017544
19	7	0.032258
19	8	0.012821
19	11	0.014925
19	12	0.011364
19	13	0.010309
19	14	0.010753
19	18	0.010870
19	23	0.014085
19	24	0.019608
19	29	0.031250
19	36	0.022727
19	49	0.030303
19	56	0.041667
19	58	0.043478
19	59	0.047619
19	68	0.037037
19	69	0.047619
19	70	0.034483
19	74	0.035714
19	91	0.045455
19	102	0.043478
19	120	0.055556
19	121	0.047619
19	124	0.062500
19	133	0.052632
19	143	0.055556
19	171	0.055556
19	182	0.071429
19	192	0.076923
19	203	0.058824
19	216	0.058824
19	227	0.076923
19	228	0.083333
19	239	0.076923
19	240	0.050000
19	245	0.083333
19	252	0.076923
19	254	0.083333
19	274	0.083333
20	0	0.030303
20	1	0.025000
20	5	0.017544
20	9	0.021739
20	10	0.021277
20	11	0.014925
20	12	0.011364
20	13	0.010309
20	14	0.010753
20	15	0.011236
20	16	0.013333
20	18	0.010870
20	22	0.017241
20	23	0.014085
20	24	0.019608
20	25	0.025000
20	26	0.024390
20	31	0.041667
20	34	0.029412
20	38	0.018519
20	44	0.031250
20	47	0.030303
20	48	0.021739
20	54	0.052632
20	65	0.030303
20	69	0.047619
20	78	0.040000
20	82	0.037037
20	92	0.062500
20	97	0.052632
20	99	0.033333
20	108	0.055556
20	112	0.055556
20	127	0.055556
20	139	0.083333
20	160	0.052632
20	164	0.058824
20	172	0.083333
20	178	0.066667
20	186	0.071429
20	208	0.076923
20	215	0.066667
20	244	0.076923
20	245	0.083333
20	257	0.071429
20	259	0.083333
20	260	0.076923
20	263	0.076923
20	272	0.083333
20	282	0.083333
20	291	0.083333
20	302	0.083333
21	2	0.015385
21	3	0.032258
21	4	0.020833
21	7	0.032258
21	8	0.012821
21	9	0.021739
21	11	0.014925
21	12	0.011364
21	13	0.010309
21	16	0.013333
21	17	0.013158
21	18	0.010870
21	22	0.017241
21	23	0.014085
21	24	0.019608
21	28	0.033333
21	35	0.029412
21	39	0.027027
21	42	0.016129
21	43	0.019608
21	45	0.030303
21	48	0.021739
21	51	0.026316
21	54	0.052632
21	59	0.047619
21	71	0.025641
21	72	0.038462
21	76	0.033333
21	81	0.038462
21	84	0.037037
21	91	0.045455
21	105	0.037037
21	122	0.071429
21	124	0.062500
21	126	0.062500
21	128	0.045455
21	133	0.052632
21	138	0.055556
21	141	0.045455
21	148	0.058824
21	154	0.066667
21	157	0.076923
21	159	0.071429
21	177	0.062500
21	195	0.062500
21	197	0.071429
21	201	0.066667
21	202	0.058824
21	212	0.071429
21	225	0.066667
21	240	0.050000
21	266	0.083333
21	267	0.083333
21	284	0.076923
21	285	0.076923
21	297	0.083333
22	1	0.025000
22	3	0.032258
22	5	0.017544
22	8	0.012821
22	9	0.021739
22	11	0.014925
22	13	0.010309
22	14	0.010753
22	16	0.013333
22	17	0.013158
22	20	0.019231
22	21	0.017857
22	24	0.019608
22	26	0.024390
22	27	0.026316
22	28	0.033333
22	29	0.031250
22	32	0.033333
22	33	0.012821
22	35	0.029412
22	36	0.022727
22	39	0.027027
22	43	0.019608
22	48	0.021739
22	55	0.043478
22	57	0.050000
22	58	0.043478
22	64	0.029412
22	65	0.030303
22	70	0.034483
22	73	0.043478
22	77	0.033333
22	78	0.040000
22	87	0.050000
22	88	0.038462
22	91	0.045455
22	95	0.062500
22	103	0.037037
22	106	0.066667
22	118	0.050000
22	122	0.071429
22	125	0.052632
22	131	0.071429
22	139	0.083333
22	150	0.058824
22	176	0.058824
22	180	0.071429
22	184	0.058824
22	189	0.083333
22	245	0.083333
22	246	0.083333
22	247	0.083333
22	249	0.090909
22	266	0.083333
22	278	0.071429
22	287	0.076923
22	299	0.083333
22	302	0.083333
23	0	0.030303
23	2	0.015385
23	4	0.020833
23	5	0.017544
23	6	0.021277
23	8	0.012821
23	11	0.014925
23	12	0.011364
23	16	0.013333
23	19	0.022727
23	20	0.019231
23	21	0.017857
23	24	0.019608
23	26	0.024390
23	30	0.032258
23	32	0.033333
23	33	0.012821
23	34	0.029412
23	36	0.022727
23	39	0.027027
23	43	0.019608
23	44	0.031250
23	45	0.030303
23	46	0.025000
23	47	0.030303
23	49	0.030303
23	51	0.026316
23	62	0.062500
23	66	0.030303
23	70	0.034483
23	76	0.033333
23	85	0.047619
23	87	0.050000
23	92	0.062500
23	101	0.038462
23	102	0.043478
23	105	0.037037
23	106	0.066667
23	109	0.041667
23	112	0.055556
23	114	0.045455
23	116	0.043478
23	122	0.071429
23	124	0.062500
23	126	0.062500
23	139	0.083333
23	140	0.055556
23	146	0.050000
23	155	0.062500
23	162	0.062500
23	164	0.058824
23	170	0.076923
23	180	0.071429
23	187	0.062500
23	192	0.076923
23	200	0.071429
23	207	0.066667
23	214	0.083333
23	224	0.066667
23	225	0.066667
23	234	0.066667
23	251	0.071429
23	252	0.076923
23	263	0.076923
23	265	0.066667
23	272	0.083333
23	274	0.083333
23	277	0.083333
23	278	0.071429
23	281	0.083333
23	282	0.083333
24	2	0.015385
24	7	0.032258
24	8	0.012821
24	10	0.021277
24	12	0.011364
24	14	0.010753
24	17	0.013158
24	19	0.022727
24	20	0.019231
24	21	0.017857
24	22	0.017241
24	23	0.014085
24	26	0.024390
24	27	0.026316
24	30	0.032258
24	31	0.041667
24	35	0.029412
24	36	0.022727
24	38	0.018519
24	42	0.016129
24	45	0.030303
24	57	0.050000
24	71	0.025641
24	73	0.043478
24	76	0.033333
24	85	0.047619
24	92	0.062500
24	103	0.037037
24	131	0.071429
24	139	0.083333
24	141	0.045455
24	146	0.050000
24	155	0.062500
24	163	0.052632
24	175	0.076923
24	179	0.062500
24	190	0.083333
24	195	0.062500
24	199	0.055556
24	203	0.058824
24	210	0.066667
24	212	0.071429
24	216	0.058824
24	222	0.076923
24	239	0.076923
24	251	0.071429
24	252	0.076923
24	268	0.076923
24	269	0.076923
24	285	0.076923
24	295	0.083333
25	1	0.025000
25	2	0.015385
25	4	0.020833
25	8	0.012821
25	11	0.014925
25	12	0.011364
25	13	0.010309
25	14	0.010753
25	15	0.011236
25	16	0.013333
25	18	0.010870
25	20	0.019231
25	26	0.024390
25	30	0.032258
25	34	0.029412
25	36	0.022727
25	41	0.028571
25	42	0.016129
25	43	0.019608
25	45	0.030303
25	47	0.030303
25	59	0.047619
25	66	0.030303
25	70	0.034483
25	82	0.037037
25	83	0.040000
25	101	0.038462
25	108	0.055556
25	109	0.041667
25	110	0.037037
25	122	0.071429
25	152	0.045455
25	160	0.052632
25	222	0.076923
25	262	0.076923
25	268	0.076923
25	271	0.076923
25	278	0.071429
25	285	0.076923
25	301	0.083333
26	2	0.015385
26	5	0.017544
26	10	0.021277
26	12	0.011364
26	16	0.013333
26	17	0.013158
26	18	0.010870
26	20	0.019231
26	22	0.017241
26	23	0.014085
26	24	0.019608
26	25	0.025000
26	30	0.032258
26	31	0.041667
26	34	0.029412
26	38	0.018519
26	45	0.030303
26	46	0.025000
26	49	0.030303
26	50	0.034483
26	58	0.043478
26	60	0.040000
26	73	0.043478
26	86	0.058824
26	96	0.033333
26	107	0.047619
26	108	0.055556
26	136	0.045455
26	140	0.055556
26	146	0.050000
26	157	0.076923
26	201	0.066667
26	206	0.058824
26	213	0.071429
26	251	0.071429
26	257	0.071429
26	261	0.071429
26	278	0.071429
26	280	0.083333
26	283	0.083333
26	293	0.083333
27	2	0.015385
27	8	0.012821
27	9	0.021739
27	10	0.021277
27	12	0.011364
27	13	0.010309
27	14	0.010753
27	15	0.011236
27	16	0.013333
27	18	0.010870
27	22	0.017241
27	24	0.019608
27	30	0.032258
27	31	0.041667
27	39	0.027027
27	43	0.019608
27	46	0.025000
27	56	0.041667
27	57	0.050000
27	67	0.047619
27	69	0.047619
27	80	0.043478
27	83	0.040000
27	97	0.052632
27	110	0.037037
27	112	0.055556
27	135	0.062500
27	142	0.052632
27	155	0.062500
27	172	0.083333
27	184	0.058824
27	191	0.058824
27	199	0.055556
27	213	0.071429
27	241	0.066667
27	253	0.076923
27	268	0.076923
27	280	0.083333
28	1	0.025000
28	2	0.015385
28	4	0.020833
28	6	0.021277
28	11	0.014925
28	12	0.011364
28	14	0.010753
28	16	0.013333
28	17	0.013158
28	18	0.010870
28	21	0.017857
28	22	0.017241
28	29	0.031250
28	30	0.032258
28	31	0.041667
28	32	0.033333
28	34	0.029412
28	36	0.022727
28	45	0.030303
28	60	0.040000
28	62	0.062500
28	83	0.040000
28	85	0.047619
28	130	0.037037
28	136	0.045455
28	140	0.055556
28	164	0.058824
28	201	0.066667
28	232	0.083333
28	301	0.083333
29	1	0.025000
29	6	0.021277
29	8	0.012821
29	10	0.021277
29	11	0.014925
29	13	0.010309
29	14	0.010753
29	17	0.013158
29	18	0.010870
29	19	0.022727
29	22	0.017241
29	28	0.033333
29	32	0.033333
29	34	0.029412
29	42	0.016129
29	55	0.043478
29	59	0.047619
29	62	0.062500
29	68	0.037037
29	92	0.062500
29	99	0.033333
29	107	0.047619
29	114	0.045455
29	117	0.055556
29	136	0.045455
29	161	0.041667
29	171	0.055556
29	172	0.083333
29	176	0.058824
29	186	0.071429
29	246	0.083333
29	279	0.083333
30	0	0.030303
30	4	0.020833
30	11	0.014925
30	12	0.011364
30	14	0.010753
30	15	0.011236
30	23	0.014085
30	24	0.019608
30	25	0.025000
30	26	0.024390
30	27	0.026316
30	28	0.033333
30	32	0.033333
30	34	0.029412
30	35	0.029412
30	36	0.022727
30	44	0.031250
30	74	0.035714
30	82	0.037037
30	107	0.047619
30	118	0.050000
30	145	0.050000
30	179	0.062500
30	185	0.071429
30	208	0.076923
30	209	0.062500
30	212	0.071429
30	214	0.083333
30	231	0.066667
30	239	0.076923
30	263	0.076923
31	7	0.032258
31	8	0.012821
31	10	0.021277
31	12	0.011364
31	16	0.013333
31	17	0.013158
31	18	0.010870
31	20	0.019231
31	24	0.019608
31	26	0.024390
31	27	0.026316
31	28	0.033333
31	36	0.022727
31	41	0.028571
31	51	0.026316
31	56	0.041667
31	70	0.034483
31	87	0.050000
31	114	0.045455
31	134	0.047619
31	147	0.062500
31	209	0.062500
31	215	0.066667
31	279	0.083333
32	1	0.025000
32	6	0.021277
32	10	0.021277
32	11	0.014925
32	14	0.010753
32	15	0.011236
32	18	0.010870
32	22	0.017241
32	23	0.014085
32	28	0.033333
32	29	0.031250
32	30	0.032258
32	44	0.031250
32	48	0.021739
32	64	0.029412
32	67	0.047619
32	81	0.038462
32	96	0.033333
32	105	0.037037
32	119	0.043478
32	126	0.062500
32	148	0.058824
32	177	0.062500
32	183	0.083333
32	196	0.083333
32	197	0.071429
32	258	0.083333
32	266	0.083333
32	272	0.083333
32	301	0.083333
33	5	0.017544
33	8	0.012821
33	10	0.021277
33	11	0.014925
33	12	0.011364
33	13	0.010309
33	15	0.011236
33	16	0.013333
33	22	0.017241
33	23	0.014085
33	34	0.029412
33	35	0.029412
33	37	0.017544
33	39	0.027027
33	41	0.028571
33	44	0.031250
33	46	0.025000
33	47	0.030303
33	49	0.030303
33	50	0.034483
33	52	0.032258
33	55	0.043478
33	57	0.050000
33	59	0.047619
33	64	0.029412
33	65	0.030303
33	66	0.030303
33	73	0.043478
33	74	0.035714
33	80	0.043478
33	83	0.040000
33	84	0.037037
33	90	0.043478
33	91	0.045455
33	92	0.062500
33	97	0.052632
33	105	0.037037
33	106	0.066667
33	111	0.040000
33	115	0.055556
33	118	0.050000
33	119	0.043478
33	125	0.052632
33	132	0.052632
33	133	0.052632
33	134	0.047619
33	137	0.045455
33	144	0.050000
33	146	0.050000
33	147	0.062500
33	148	0.058824
33	149	0.045455
33	150	0.058824
33	151	0.050000
33	152	0.045455
33	166	0.055556
33	179	0.062500
33	187	0.062500
33	191	0.058824
33	195	0.062500
33	200	0.071429
33	202	0.058824
33	204	0.076923
33	213	0.071429
33	221	0.076923
33	224	0.066667
33	242	0.076923
33	244	0.076923
33	247	0.083333
33	256	0.083333
33	266	0.083333
33	275	0.076923
33	278	0.071429
33	288	0.083333
33	293	0.083333
33	295	0.083333
33	298	0.083333
33	300	0.083333
34	9	0.021739
34	11	0.014925
34	13	0.010309
34	17	0.013158
34	20	0.019231
34	23	0.014085
34	25	0.025000
34	26	0.024390
34	28	0.033333
34	29	0.031250
34	30	0.032258
34	33	0.012821
34	41	0.028571
34	50	0.034483
34	60	0.040000
34	61	0.050000
34	64	0.029412
34	72	0.038462
34	77	0.033333
34	81	0.038462
34	86	0.058824
34	88	0.038462
34	89	0.038462
34	96	0.033333
34	97	0.052632
34	108	0.055556
34	113	0.037037
34	120	0.055556
34	121	0.047619
34	144	0.050000
34	215	0.066667
34	226	0.076923
34	235	0.083333
34	280	0.083333
35	7	0.032258
35	11	0.014925
35	13	0.010309
35	14	0.010753
35	15	0.011236
35	17	0.013158
35	18	0.010870
35	21	0.017857
35	22	0.017241
35	24	0.019608
35	30	0.032258
35	33	0.012821
35	38	0.018519
35	40	0.038462
35	47	0.030303
35	48	0.021739
35	73	0.043478
35	75	0.027027
35	78	0.040000
35	85	0.047619
35	93	0.050000
35	100	0.041667
35	115	0.055556
35	118	0.050000
35	123	0.058824
35	125	0.052632
35	170	0.076923
35	177	0.062500
35	204	0.076923
35	206	0.058824
35	247	0.083333
35	253	0.076923
35	274	0.083333
35	295	0.083333
36	7	0.032258
36	11	0.014925
36	15	0.011236
36	18	0.010870
36	19	0.022727
36	22	0.017241
36	23	0.014085
36	24	0.019608
36	25	0.025000
36	28	0.033333
36	30	0.032258
36	31	0.041667
36	38	0.018519
36	45	0.030303
36	47	0.030303
36	61	0.050000
36	71	0.025641
36	80	0.043478
36	81	0.038462
36	82	0.037037
36	85	0.047619
36	97	0.052632
36	109	0.041667
36	111	0.040000
36	113	0.037037
36	118	0.050000
36	123	0.058824
36	128	0.045455
36	130	0.037037
36	132	0.052632
36	142	0.052632
36	152	0.045455
36	158	0.071429
36	164	0.058824
36	168	0.058824
36	181	0.066667
36	191	0.058824
36	229	0.066667
36	237	0.062500
36	238	0.076923
36	260	0.076923
36	274	0.083333
36	277	0.083333
36	301	0.083333
37	0	0.030303
37	2	0.015385
37	6	0.021277
37	7	0.032258
37	10	0.021277
37	11	0.014925
37	12	0.011364
37	13	0.010309
37	16	0.013333
37	18	0.010870
37	33	0.012821
37	39	0.027027
37	40	0.038462
37	45	0.030303
37	52	0.032258
37	63	0.062500
37	64	0.029412
37	67	0.047619
37	68	0.037037
37	69	0.047619
37	74	0.035714
37	75	0.027027
37	76	0.033333
37	78	0.040000
37	91	0.045455
37	95	0.062500
37	99	0.033333
37	108	0.055556
37	113	0.037037
37	117	0.055556
37	118	0.050000
37	119	0.043478
37	120	0.055556
37	123	0.058824
37	130	0.037037
37	134	0.047619
37	142	0.052632
37	147	0.062500
37	149	0.045455
37	154	0.066667
37	172	0.083333
37	178	0.066667
37	189	0.083333
37	196	0.083333
37	199	0.055556
37	219	0.071429
37	223	0.083333
37	226	0.076923
37	228	0.083333
37	234	0.066667
37	239	0.076923
37	255	0.076923
37	264	0.076923
37	277	0.083333
37	288	0.083333
37	293	0.083333
37	298	0.083333
38	0	0.030303
38	2	0.015385
38	3	0.032258
38	7	0.032258
38	9	0.021739
38	15	0.011236
38	18	0.010870
38	20	0.019231
38	24	0.019608
38	26	0.024390
38	35	0.029412
38	36	0.022727
38	43	0.019608
38	49	0.030303
38	50	0.034483
38	51	0.026316
38	52	0.032258
38	53	0.033333
38	62	0.062500
38	66	0.030303
38	67	0.047619
38	73	0.043478
38	76	0.033333
38	86	0.058824
38	94	0.066667
38	104	0.045455
38	111	0.040000
38	115	0.055556
38	117	0.055556
38	121	0.047619
38	124	0.062500
38	132	0.052632
38	133	0.052632
38	140	0.055556
38	141	0.045455
38	154	0.066667
38	156	0.062500
38	157	0.076923
38	164	0.058824
38	183	0.083333
38	193	0.058824
38	216	0.058824
38	224	0.066667
38	226	0.076923
38	230	0.066667
38	243	0.083333
38	248	0.076923
38	249	0.090909
38	254	0.083333
38	259	0.083333
38	269	0.076923
38	274	0.083333
38	275	0.076923
38	295	0.083333
39	5	0.017544
39	11	0.014925
39	13	0.010309
39	14	0.010753
39	15	0.011236
39	16	0.013333
39	21	0.017857
39	22	0.017241
39	23	0.014085
39	27	0.026316
39	33	0.012821
39	37	0.017544
39	42	0.016129
39	48	0.021739
39	53	0.033333
39	70	0.034483
39	78	0.040000
39	80	0.043478
39	83	0.040000
39	87	0.050000
39	100	0.041667
39	102	0.043478
39	103	0.037037
39	107	0.047619
39	108	0.055556
39	117	0.055556
39	137	0.045455
39	179	0.062500
39	186	0.071429
39	200	0.071429
39	213	0.071429
39	221	0.076923
39	230	0.066667
39	245	0.083333
39	257	0.071429
39	261	0.071429
39	277	0.083333
40	0	0.030303
40	4	0.020833
40	8	0.012821
40	11	0.014925
40	12	0.011364
40	14	0.010753
40	15	0.011236
40	16	0.013333
40	17	0.013158
40	35	0.029412
40	37	0.017544
40	49	0.030303
40	56	0.041667
40	67	0.047619
40	98	0.047619
40	108	0.055556
40	115	0.055556
40	119	0.043478
40	156	0.062500
40	176	0.058824
40	177	0.062500
40	202	0.058824
40	238	0.076923
40	262	0.076923
40	274	0.083333
40	292	0.083333
41	1	0.025000
41	2	0.015385
41	5	0.017544
41	13	0.010309
41	15	0.011236
41	16	0.013333
41	17	0.013158
41	18	0.010870
41	25	0.025000
41	31	0.041667
41	33	0.012821
41	34	0.029412
41	42	0.016129
41	53	0.033333
41	55	0.043478
41	59	0.047619
41	62	0.062500
41	63	0.062500
41	85	0.047619
41	95	0.062500
41	98	0.047619
41	111	0.040000
41	128	0.045455
41	138	0.055556
41	156	0.062500
41	167	0.058824
41	190	0.083333
41	219	0.071429
41	221	0.076923
41	233	0.071429
41	234	0.066667
41	239	0.076923
41	267	0.083333
41	276	0.083333
41	300	0.083333
42	1	0.025000
42	4	0.020833
42	6	0.021277
42	11	0.014925
42	16	0.013333
42	18	0.010870
42	21	0.017857
42	24	0.019608
42	25	0.025000
42	29	0.031250
42	39	0.027027
42	41	0.028571
42	48	0.021739
42	54	0.052632
42	58	0.043478
42	61	0.050000
42	64	0.029412
42	67	0.047619
42	69	0.047619
42	76	0.033333
42	78	0.040000
42	86	0.058824
42	88	0.038462
42	96	0.033333
42	105	0.037037
42	106	0.066667
42	115	0.055556
42	117	0.055556
42	119	0.043478
42	121	0.047619
42	122	0.071429
42	126	0.062500
42	131	0.071429
42	134	0.047619
42	138	0.055556
42	144	0.050000
42	152	0.045455
42	156	0.062500
42	159	0.071429
42	160	0.052632
42	161	0.041667
42	170	0.076923
42	184	0.058824
42	185	0.071429
42	187	0.062500
42	207	0.066667
42	208	0.076923
42	214	0.083333
42	215	0.066667
42	216	0.058824
42	224	0.066667
42	227	0.076923
42	230	0.066667
42	231	0.066667
42	248	0.076923
42	251	0.071429
42	260	0.076923
42	261	0.071429
42	262	0.076923
42	263	0.076923
42	274	0.083333
42	297	0.083333
43	4	0.020833
43	8	0.012821
43	13	0.010309
43	15	0.011236
43	17	0.013158
43	18	0.010870
43	21	0.017857
43	22	0.017241
43	23	0.014085
43	25	0.025000
43	27	0.026316
43	38	0.018519
43	49	0.030303
43	51	0.026316
43	59	0.047619
43	60	0.040000
43	61	0.050000
43	62	0.062500
43	72	0.038462
43	77	0.033333
43	80	0.043478
43	84	0.037037
43	94	0.066667
43	95	0.062500
43	105	0.037037
43	120	0.055556
43	121	0.047619
43	139	0.083333
43	143	0.055556
43	147	0.062500
43	178	0.066667
43	183	0.083333
43	191	0.058824
43	193	0.058824
43	199	0.055556
43	202	0.058824
43	204	0.076923
43	219	0.071429
43	223	0.083333
43	231	0.066667
43	234	0.066667
43	239	0.076923
43	245	0.083333
43	269	0.076923
43	271	0.076923
43	276	0.083333
43	285	0.076923
43	294	0.083333
43	296	0.083333
43	300	0.083333
43	301	0.083333
44	2	0.015385
44	8	0.012821
44	10	0.021277
44	11	0.014925
44	12	0.011364
44	14	0.010753
44	15	0.011236
44	20	0.019231
44	23	0.014085
44	30	0.032258
44	32	0.033333
44	33	0.012821
44	52	0.032258
44	53	0.033333
44	76	0.033333
44	79	0.027027
44	87	0.050000
44	93	0.050000
44	97	0.052632
44	106	0.066667
44	120	0.055556
44	138	0.055556
44	151	0.050000
44	156	0.062500
44	194	0.062500
44	221	0.076923
44	223	0.083333
44	231	0.066667
44	238	0.076923
44	246	0.083333
44	251	0.071429
44	263	0.076923
45	5	0.017544
45	12	0.011364
45	13	0.010309
45	16	0.013333
45	21	0.017857
45	23	0.014085
45	24	0.019608
45	25	0.025000
45	26	0.024390
45	28	0.033333
45	36	0.022727
45	37	0.017544
45	58	0.043478
45	60	0.040000
45	61	0.050000
45	92	0.062500
45	93	0.050000
45	96	0.033333
45	100	0.041667
45	105	0.037037
45	136	0.045455
45	142	0.052632
45	159	0.071429
45	170	0.076923
45	172	0.083333
45	175	0.076923
45	177	0.062500
45	200	0.071429
45	206	0.058824
45	223	0.083333
45	243	0.083333
45	248	0.076923
45	280	0.083333
46	0	0.030303
46	2	0.015385
46	11	0.014925
46	12	0.011364
46	13	0.010309
46	15	0.011236
46	18	0.010870
46	23	0.014085
46	26	0.024390
46	27	0.026316
46	33	0.012821
46	53	0.033333
46	61	0.050000
46	73	0.043478
46	80	0.043478
46	83	0.040000
46	84	0.037037
46	88	0.038462
46	93	0.050000
46	98	0.047619
46	103	0.037037
46	113	0.037037
46	117	0.055556
46	130	0.037037
46	142	0.052632
46	148	0.058824
46	151	0.050000
46	153	0.071429
46	155	0.062500
46	158	0.071429
46	169	0.050000
46	193	0.058824
46	227	0.076923
46	236	0.076923
46	241	0.066667
46	256	0.083333
46	258	0.083333
46	273	0.083333
46	294	0.083333
46	299	0.083333
47	2	0.015385
47	4	0.020833
47	5	0.017544
47	11	0.014925
47	15	0.011236
47	17	0.013158
47	20	0.019231
47	23	0.014085
47	25	0.025000
47	33	0.012821
47	35	0.029412
47	36	0.022727
47	48	0.021739
47	50	0.034483
47	53	0.033333
47	57	0.050000
47	64	0.029412
47	70	0.034483
47	75	0.027027
47	85	0.047619
47	90	0.043478
47	120	0.055556
47	121	0.047619
47	148	0.058824
47	150	0.058824
47	153	0.071429
47	208	0.076923
47	221	0.076923
47	233	0.071429
47	247	0.083333
47	251	0.071429
47	270	0.083333
47	272	0.083333
48	5	0.017544
48	11	0.014925
48	12	0.011364
48	16	0.013333
48	20	0.019231
48	21	0.017857
48	22	0.017241
48	32	0.033333
48	35	0.029412
48	39	0.027027
48	42	0.016129
48	47	0.030303
48	53	0.033333
48	55	0.043478
48	71	0.025641
48	74	0.035714
48	75	0.027027
48	78	0.040000
48	79	0.027027
48	82	0.037037
48	84	0.037037
48	93	0.050000
48	95	0.062500
48	98	0.047619
48	100	0.041667
48	109	0.041667
48	112	0.055556
48	118	0.050000
48	131	0.071429
48	133	0.052632
48	135	0.062500
48	141	0.045455
48	146	0.050000
48	151	0.050000
48	180	0.071429
48	182	0.071429
48	183	0.083333
48	190	0.083333
48	195	0.062500
48	231	0.066667
48	251	0.071429
48	260	0.076923
48	272	0.083333
48	275	0.076923
48	286	0.083333
48	295	0.083333
49	5	0.017544
49	10	0.021277
49	14	0.010753
49	16	0.013333
49	17	0.013158
49	19	0.022727
49	23	0.014085
49	26	0.024390
49	33	0.012821
49	38	0.018519
49	40	0.038462
49	43	0.019608
49	52	0.032258
49	55	0.043478
49	57	0.050000
49	58	0.043478
49	61	0.050000
49	68	0.037037
49	82	0.037037
49	85	0.047619
49	94	0.066667
49	105	0.037037
49	122	0.071429
49	125	0.052632
49	132	0.052632
49	134	0.047619
49	141	0.045455
49	152	0.045455
49	195	0.062500
49	202	0.058824
49	227	0.076923
49	231	0.066667
49	284	0.076923
50	5	0.017544
50	8	0.012821
50	10	0.021277
50	12	0.011364
50	13	0.010309
50	14	0.010753
50	16	0.013333
50	26	0.024390
50	33	0.012821
50	34	0.029412
50	38	0.018519
50	47	0.030303
50	51	0.026316
50	68	0.037037
50	81	0.038462
50	92	0.062500
50	99	0.033333
50	105	0.037037
50	113	0.037037
50	115	0.055556
50	120	0.055556
50	133	0.052632
50	137	0.045455
50	145	0.050000
50	201	0.066667
50	216	0.058824
50	246	0.083333
50	268	0.076923
50	277	0.083333
51	0	0.030303
51	2	0.015385
51	4	0.020833
51	5	0.017544
51	15	0.011236
51	17	0.013158
51	21	0.017857
51	23	0.014085
51	31	0.041667
51	38	0.018519
51	43	0.019608
51	50	0.034483
51	54	0.052632
51	56	0.041667
51	59	0.047619
51	68	0.037037
51	82	0.037037
51	84	0.037037
51	93	0.050000
51	100	0.041667
51	103	0.037037
51	107	0.047619
51	133	0.052632
51	136	0.045455
51	139	0.083333
51	147	0.062500
51	154	0.066667
51	167	0.058824
51	174	0.071429
51	177	0.062500
51	180	0.071429
51	198	0.071429
51	214	0.083333
51	235	0.083333
51	264	0.076923
51	273	0.083333
51	279	0.083333
51	302	0.083333
52	0	0.030303
52	2	0.015385
52	4	0.020833
52	6	0.021277
52	8	0.012821
52	10	0.021277
52	16	0.013333
52	33	0.012821
52	37	0.017544
52	38	0.018519
52	44	0.031250
52	49	0.030303
52	56	0.041667
52	63	0.062500
52	65	0.030303
52	95	0.062500
52	104	0.045455
52	109	0.041667
52	119	0.043478
52	132	0.052632
52	193	0.058824
52	198	0.071429
52	208	0.076923
52	226	0.076923
52	237	0.062500
52	244	0.076923
52	262	0.076923
52	264	0.076923
52	271	0.076923
52	275	0.076923
52	295	0.083333
53	1	0.025000
53	2	0.015385
53	8	0.012821
53	14	0.010753
53	15	0.011236
53	38	0.018519
53	39	0.027027
53	41	0.028571
53	44	0.031250
53	46	0.025000
53	47	0.030303
53	48	0.021739
53	55	0.043478
53	62	0.062500
53	63	0.062500
53	65	0.030303
53	78	0.040000
53	79	0.027027
53	91	0.045455
53	124	0.062500
53	131	0.071429
53	176	0.058824
53	206	0.058824
53	221	0.076923
53	224	0.066667
53	230	0.066667
53	245	0.083333
53	253	0.076923
53	260	0.076923
53	288	0.083333
54	0	0.030303
54	3	0.032258
54	5	0.017544
54	11	0.014925
54	13	0.010309
54	15	0.011236
54	18	0.010870
54	20	0.019231
54	21	0.017857
54	42	0.016129
54	51	0.026316
54	62	0.062500
54	76	0.033333
54	81	0.038462
54	92	0.062500
54	97	0.052632
54	110	0.037037
54	116	0.043478
54	188	0.055556
55	6	0.021277
55	13	0.010309
55	14	0.010753
55	17	0.013158
55	18	0.010870
55	22	0.017241
55	29	0.031250
55	33	0.012821
55	41	0.028571
55	48	0.021739
55	49	0.030303
55	53	0.033333
55	74	0.035714
55	81	0.038462
55	91	0.045455
55	98	0.047619
55	99	0.033333
55	110	0.037037
55	117	0.055556
55	134	0.047619
55	186	0.071429
55	219	0.071429
55	224	0.066667
56	5	0.017544
56	8	0.012821
56	9	0.021739
56	12	0.011364
56	13	0.010309
56	17	0.013158
56	19	0.022727
56	27	0.026316
56	31	0.041667
56	40	0.038462
56	51	0.026316
56	52	0.032258
56	57	0.050000
56	89	0.038462
56	115	0.055556
56	122	0.071429
56	138	0.055556
56	153	0.071429
56	155	0.062500
56	193	0.058824
56	213	0.071429
56	217	0.076923
56	247	0.083333
56	276	0.083333
57	0	0.030303
57	4	0.020833
57	13	0.010309
57	14	0.010753
57	17	0.013158
57	22	0.017241
57	24	0.019608
57	27	0.026316
57	33	0.012821
57	47	0.030303
57	49	0.030303
57	56	0.041667
57	72	0.038462
57	87	0.050000
57	92	0.062500
57	112	0.055556
57	118	0.050000
57	155	0.062500
57	217	0.076923
57	249	0.090909
58	1	0.025000
58	2	0.015385
58	6	0.021277
58	12	0.011364
58	13	0.010309
58	18	0.010870
58	19	0.022727
58	22	0.017241
58	26	0.024390
58	42	0.016129
58	45	0.030303
58	49	0.030303
58	60	0.040000
58	67	0.047619
58	92	0.062500
58	98	0.047619
58	112	0.055556
58	114	0.045455
58	173	0.071429
58	197	0.071429
58	216	0.058824
58	271	0.076923
58	297	0.083333
59	2	0.015385
59	6	0.021277
59	9	0.021739
59	12	0.011364
59	19	0.022727
59	21	0.017857
59	25	0.025000
59	29	0.031250
59	33	0.012821
59	41	0.028571
59	43	0.019608
59	51	0.026316
59	74	0.035714
59	96	0.033333
59	118	0.050000
59	133	0.052632
59	176	0.058824
59	193	0.058824
59	217	0.076923
59	222	0.076923
59	300	0.083333
60	1	0.025000
60	7	0.032258
60	11	0.014925
60	14	0.010753
60	15	0.011236
60	17	0.013158
60	26	0.024390
60	28	0.033333
60	34	0.029412
60	43	0.019608
60	45	0.030303
60	58	0.043478
60	67	0.047619
60	68	0.037037
60	71	0.025641
60	76	0.033333
60	77	0.033333
60	82	0.037037
60	107	0.047619
60	173	0.071429
60	180	0.071429
60	210	0.066667
60	216	0.058824
60	239	0.076923
60	298	0.083333
61	5	0.017544
61	11	0.014925
61	13	0.010309
61	17	0.013158
61	18	0.010870
61	34	0.029412
61	36	0.022727
61	42	0.016129
61	43	0.019608
61	45	0.030303
61	46	0.025000
61	49	0.030303
61	83	0.040000
61	91	0.045455
61	115	0.055556
61	116	0.043478
61	126	0.062500
61	212	0.071429
61	216	0.058824
61	225	0.066667
62	8	0.012821
62	13	0.010309
62	15	0.011236
62	16	0.013333
62	23	0.014085
62	28	0.033333
62	29	0.031250
62	38	0.018519
62	41	0.028571
62	43	0.019608
62	53	0.033333
62	54	0.052632
62	91	0.045455
62	95	0.062500
62	108	0.055556
62	193	0.058824
63	4	0.020833
63	8	0.012821
63	13	0.010309
63	14	0.010753
63	16	0.013333
63	17	0.013158
63	18	0.010870
63	37	0.017544
63	41	0.028571
63	52	0.032258
63	53	0.033333
63	99	0.033333
63	109	0.041667
63	114	0.045455
63	165	0.071429
63	287	0.076923
64	0	0.030303
64	14	0.010753
64	16	0.013333
64	18	0.010870
64	22	0.017241
64	32	0.033333
64	33	0.012821
64	34	0.029412
64	37	0.017544
64	42	0.016129
64	47	0.030303
64	66	0.030303
64	78	0.040000
64	88	0.038462
64	94	0.066667
64	104	0.045455
64	111	0.040000
64	128	0.045455
64	146	0.050000
64	150	0.058824
64	157	0.076923
64	158	0.071429
64	181	0.066667
64	188	0.055556
64	192	0.076923
64	197	0.071429
64	218	0.083333
64	233	0.071429
64	241	0.066667
64	244	0.076923
64	256	0.083333
64	258	0.083333
64	266	0.083333
64	287	0.076923
65	0	0.030303
65	2	0.015385
65	3	0.032258
65	8	0.012821
65	12	0.011364
65	13	0.010309
65	15	0.011236
65	20	0.019231
65	22	0.017241
65	33	0.012821
65	52	0.032258
65	53	0.033333
65	75	0.027027
65	79	0.027027
65	91	0.045455
65	100	0.041667
65	104	0.045455
65	123	0.058824
65	125	0.052632
65	131	0.071429
65	139	0.083333
65	141	0.045455
65	147	0.062500
65	166	0.055556
65	167	0.058824
65	174	0.071429
65	175	0.076923
65	186	0.071429
65	187	0.062500
65	220	0.076923
65	223	0.083333
65	235	0.083333
65	268	0.076923
66	1	0.025000
66	6	0.021277
66	10	0.021277
66	11	0.014925
66	12	0.011364
66	13	0.010309
66	16	0.013333
66	23	0.014085
66	25	0.025000
66	33	0.012821
66	38	0.018519
66	64	0.029412
66	67	0.047619
66	68	0.037037
66	75	0.027027
66	89	0.038462
66	97	0.052632
66	101	0.038462
66	102	0.043478
66	127	0.055556
66	132	0.052632
66	147	0.062500
66	158	0.071429
66	165	0.071429
66	170	0.076923
66	190	0.083333
66	209	0.062500
66	212	0.071429
66	219	0.071429
66	236	0.076923
66	250	0.066667
66	283	0.083333
66	298	0.083333
67	10	0.021277
67	13	0.010309
67	14	0.010753
67	27	0.026316
67	32	0.033333
67	37	0.017544
67	38	0.018519
67	40	0.038462
67	42	0.016129
67	58	0.043478
67	60	0.040000
67	66	0.030303
67	89	0.038462
67	102	0.043478
67	146	0.050000
67	153	0.071429
67	172	0.083333
67	186	0.071429
67	204	0.076923
67	227	0.076923
67	277	0.083333
68	5	0.017544
68	6	0.021277
68	13	0.010309
68	17	0.013158
68	19	0.022727
68	29	0.031250
68	37	0.017544
68	49	0.030303
68	50	0.034483
68	51	0.026316
68	60	0.040000
68	66	0.030303
68	77	0.033333
68	79	0.027027
68	83	0.040000
68	102	0.043478
68	110	0.037037
68	157	0.076923
68	158	0.071429
68	162	0.062500
68	167	0.058824
68	184	0.058824
68	214	0.083333
68	232	0.083333
68	280	0.083333
68	284	0.076923
68	293	0.083333
69	2	0.015385
69	5	0.017544
69	9	0.021739
69	10	0.021277
69	12	0.011364
69	17	0.013158
69	18	0.010870
69	19	0.022727
69	20	0.019231
69	27	0.026316
69	37	0.017544
69	42	0.016129
69	86	0.058824
69	113	0.037037
69	127	0.055556
69	130	0.037037
69	165	0.071429
69	226	0.076923
69	236	0.076923
69	273	0.083333
69	278	0.071429
70	5	0.017544
70	8	0.012821
70	11	0.014925
70	15	0.011236
70	18	0.010870
70	19	0.022727
70	22	0.017241
70	23	0.014085
70	25	0.025000
70	31	0.041667
70	39	0.027027
70	47	0.030303
70	74	0.035714
70	77	0.033333
70	84	0.037037
70	88	0.038462
70	100	0.041667
70	147	0.062500
70	153	0.071429
70	158	0.071429
70	161	0.041667
70	173	0.071429
70	174	0.071429
70	180	0.071429
70	190	0.083333
70	211	0.062500
70	217	0.076923
70	233	0.071429
70	234	0.066667
71	0	0.030303
71	6	0.021277
71	7	0.032258
71	8	0.012821
71	9	0.021739
71	11	0.014925
71	14	0.010753
71	21	0.017857
71	24	0.019608
71	36	0.022727
71	48	0.021739
71	60	0.040000
71	72	0.038462
71	75	0.027027
71	78	0.040000
71	86	0.058824
71	106	0.066667
71	121	0.047619
71	143	0.055556
71	145	0.050000
71	172	0.083333
71	183	0.083333
71	185	0.071429
71	187	0.062500
71	189	0.083333
71	194	0.062500
71	210	0.066667
71	220	0.076923
71	233	0.071429
71	255	0.076923
71	259	0.083333
71	264	0.076923
71	265	0.066667
71	269	0.076923
71	271	0.076923
71	289	0.083333
71	290	0.083333
71	292	0.083333
71	298	0.083333
72	4	0.020833
72	5	0.017544
72	9	0.021739
72	10	0.021277
72	12	0.011364
72	14	0.010753
72	21	0.017857
72	34	0.029412
72	43	0.019608
72	57	0.050000
72	71	0.025641
72	75	0.027027
72	76	0.033333
72	95	0.062500
72	127	0.055556
72	142	0.052632
72	145	0.050000
72	149	0.045455
72	170	0.076923
72	194	0.062500
72	214	0.083333
72	215	0.066667
72	230	0.066667
72	237	0.062500
72	290	0.083333
72	296	0.083333
73	8	0.012821
73	10	0.021277
73	11	0.014925
73	15	0.011236
73	18	0.010870
73	22	0.017241
73	24	0.019608
73	26	0.024390
73	33	0.012821
73	35	0.029412
73	38	0.018519
73	46	0.025000
73	75	0.027027
73	96	0.033333
73	99	0.033333
73	101	0.038462
73	117	0.055556
73	127	0.055556
73	206	0.058824
73	237	0.062500
73	248	0.076923
73	276	0.083333
73	286	0.083333
74	6	0.021277
74	9	0.021739
74	15	0.011236
74	16	0.013333
74	19	0.022727
74	30	0.032258
74	33	0.012821
74	37	0.017544
74	48	0.021739
74	55	0.043478
74	59	0.047619
74	70	0.034483
74	77	0.033333
74	80	0.043478
74	81	0.038462
74	87	0.050000
74	96	0.033333
74	121	0.047619
74	128	0.045455
74	140	0.055556
74	147	0.062500
74	158	0.071429
74	161	0.041667
74	203	0.058824
74	228	0.083333
74	260	0.076923
74	269	0.076923
74	297	0.083333
75	1	0.025000
75	4	0.020833
75	11	0.014925
75	35	0.029412
75	37	0.017544
75	47	0.030303
75	48	0.021739
75	65	0.030303
75	66	0.030303
75	71	0.025641
75	72	0.038462
75	73	0.043478
75	80	0.043478
75	82	0.037037
75	94	0.066667
75	96	0.033333
75	97	0.052632
75	99	0.033333
75	101	0.038462
75	106	0.066667
75	132	0.052632
75	135	0.062500
75	147	0.062500
75	153	0.071429
75	155	0.062500
75	158	0.071429
75	162	0.062500
75	165	0.071429
75	193	0.058824
75	196	0.083333
75	204	0.076923
75	217	0.076923
75	243	0.083333
75	259	0.083333
75	261	0.071429
75	270	0.083333
75	287	0.076923
76	12	0.011364
76	18	0.010870
76	21	0.017857
76	23	0.014085
76	24	0.019608
76	37	0.017544
76	38	0.018519
76	42	0.016129
76	44	0.031250
76	54	0.052632
76	60	0.040000
76	72	0.038462
76	104	0.045455
76	109	0.041667
76	131	0.071429
76	137	0.045455
76	152	0.045455
76	154	0.066667
76	169	0.050000
76	183	0.083333
76	192	0.076923
76	198	0.071429
76	199	0.055556
76	200	0.071429
76	217	0.076923
76	264	0.076923
76	284	0.076923
76	287	0.076923
76	288	0.083333
76	290	0.083333
77	1	0.025000
77	4	0.020833
77	5	0.017544
77	14	0.010753
77	18	0.010870
77	22	0.017241
77	34	0.029412
77	43	0.019608
77	60	0.040000
77	68	0.037037
77	70	0.034483
77	74	0.035714
77	85	0.047619
77	90	0.043478
77	109	0.041667
77	110	0.037037
77	126	0.062500
77	129	0.052632
77	136	0.045455
77	140	0.055556
77	144	0.050000
77	145	0.050000
77	148	0.058824
77	165	0.071429
77	166	0.055556
77	178	0.066667
77	185	0.071429
77	202	0.058824
77	219	0.071429
77	227	0.076923
78	4	0.020833
78	10	0.021277
78	20	0.019231
78	22	0.017241
78	35	0.029412
78	37	0.017544
78	39	0.027027
78	42	0.016129
78	48	0.021739
78	53	0.033333
78	64	0.029412
78	71	0.025641
78	89	0.038462
78	101	0.038462
78	102	0.043478
78	154	0.066667
78	181	0.066667
78	194	0.062500
78	206	0.058824
78	221	0.076923
78	228	0.083333
78	245	0.083333
78	253	0.076923
78	275	0.076923
78	285	0.076923
79	0	0.030303
79	9	0.021739
79	10	0.021277
79	13	0.010309
79	14	0.010753
79	16	0.013333
79	18	0.010870
79	44	0.031250
79	48	0.021739
79	53	0.033333
79	65	0.030303
79	68	0.037037
79	92	0.062500
79	93	0.050000
79	110	0.037037
79	116	0.043478
79	127	0.055556
79	135	0.062500
79	136	0.045455
79	137	0.045455
79	142	0.052632
79	168	0.058824
79	176	0.058824
79	178	0.066667
79	200	0.071429
79	201	0.066667
79	206	0.058824
79	207	0.066667
79	220	0.076923
79	228	0.083333
79	252	0.076923
79	265	0.066667
79	271	0.076923
79	288	0.083333
79	291	0.083333
79	292	0.083333
79	299	0.083333
80	8	0.012821
80	10	0.021277
80	11	0.014925
80	12	0.011364
80	27	0.026316
80	33	0.012821
80	36	0.022727
80	39	0.027027
80	43	0.019608
80	46	0.025000
80	74	0.035714
80	75	0.027027
80	88	0.038462
80	106	0.066667
80	112	0.055556
80	129	0.052632
80	156	0.062500
80	192	0.076923
80	197	0.071429
80	199	0.055556
80	254	0.083333
80	282	0.083333
80	300	0.083333
81	2	0.015385
81	5	0.017544
81	11	0.014925
81	17	0.013158
81	21	0.017857
81	32	0.033333
81	34	0.029412
81	36	0.022727
81	50	0.034483
81	54	0.052632
81	55	0.043478
81	74	0.035714
81	86	0.058824
81	93	0.050000
81	98	0.047619
81	104	0.045455
81	123	0.058824
81	128	0.045455
81	158	0.071429
81	174	0.071429
81	180	0.071429
81	211	0.062500
81	218	0.083333
81	254	0.083333
81	263	0.076923
81	279	0.083333
82	4	0.020833
82	6	0.021277
82	14	0.010753
82	20	0.019231
82	25	0.025000
82	30	0.032258
82	36	0.022727
82	48	0.021739
82	49	0.030303
82	51	0.026316
82	60	0.040000
82	75	0.027027
82	102	0.043478
82	113	0.037037
82	135	0.062500
82	182	0.071429
82	185	0.071429
82	190	0.083333
82	191	0.058824
82	203	0.058824
82	235	0.083333
82	240	0.050000
82	254	0.083333
82	270	0.083333
82	294	0.083333
82	298	0.083333
82	301	0.083333
83	0	0.030303
83	4	0.020833
83	13	0.010309
83	18	0.010870
83	25	0.025000
83	27	0.026316
83	28	0.033333
83	33	0.012821
83	39	0.027027
83	46	0.025000
83	61	0.050000
83	68	0.037037
83	85	0.047619
83	113	0.037037
83	127	0.055556
83	130	0.037037
83	140	0.055556
83	187	0.062500
83	213	0.071429
83	216	0.058824
83	229	0.066667
83	238	0.076923
83	241	0.066667
83	279	0.083333
83	283	0.083333
84	2	0.015385
84	4	0.020833
84	5	0.017544
84	14	0.010753
84	17	0.013158
84	21	0.017857
84	33	0.012821
84	43	0.019608
84	46	0.025000
84	48	0.021739
84	51	0.026316
84	70	0.034483
84	99	0.033333
84	105	0.037037
84	106	0.066667
84	111	0.040000
84	116	0.043478
84	129	0.052632
84	142	0.052632
84	168	0.058824
84	170	0.076923
84	188	0.055556
84	228	0.083333
84	232	0.083333
84	282	0.083333
84	292	0.083333
84	299	0.083333
85	14	0.010753
85	17	0.013158
85	23	0.014085
85	24	0.019608
85	28	0.033333
85	35	0.029412
85	36	0.022727
85	41	0.028571
85	47	0.030303
85	49	0.030303
85	77	0.033333
85	83	0.040000
85	90	0.043478
85	93	0.050000
85	107	0.047619
85	116	0.043478
85	213	0.071429
85	217	0.076923
85	222	0.076923
85	249	0.090909
85	272	0.083333
86	3	0.032258
86	8	0.012821
86	9	0.021739
86	12	0.011364
86	14	0.010753
86	26	0.024390
86	34	0.029412
86	38	0.018519
86	42	0.016129
86	69	0.047619
86	71	0.025641
86	81	0.038462
86	130	0.037037
86	188	0.055556
86	204	0.076923
86	209	0.062500
86	289	0.083333
87	0	0.030303
87	2	0.015385
87	6	0.021277
87	12	0.011364
87	15	0.011236
87	22	0.017241
87	23	0.014085
87	31	0.041667
87	39	0.027027
87	44	0.031250
87	57	0.050000
87	74	0.035714
87	103	0.037037
87	115	0.055556
87	135	0.062500
87	146	0.050000
87	207	0.066667
87	209	0.062500
87	231	0.066667
87	248	0.076923
88	2	0.015385
88	13	0.010309
88	14	0.010753
88	15	0.011236
88	16	0.013333
88	22	0.017241
88	34	0.029412
88	42	0.016129
88	46	0.025000
88	64	0.029412
88	70	0.034483
88	80	0.043478
88	89	0.038462
88	109	0.041667
88	122	0.071429
88	124	0.062500
88	146	0.050000
88	152	0.045455
88	163	0.052632
88	192	0.076923
88	218	0.083333
88	241	0.066667
88	250	0.066667
88	259	0.083333
88	265	0.066667
88	269	0.076923
89	6	0.021277
89	11	0.014925
89	12	0.011364
89	14	0.010753
89	15	0.011236
89	16	0.013333
89	34	0.029412
89	56	0.041667
89	66	0.030303
89	67	0.047619
89	78	0.040000
89	88	0.038462
89	116	0.043478
89	137	0.045455
89	149	0.045455
89	162	0.062500
89	176	0.058824
89	188	0.055556
89	201	0.066667
89	208	0.076923
89	246	0.083333
89	259	0.083333
89	264	0.076923
89	279	0.083333
89	282	0.083333
89	291	0.083333
90	1	0.025000
90	2	0.015385
90	4	0.020833
90	8	0.012821
90	14	0.010753
90	15	0.011236
90	17	0.013158
90	18	0.010870
90	33	0.012821
90	47	0.030303
90	77	0.033333
90	85	0.047619
90	151	0.050000
90	165	0.071429
90	167	0.058824
90	171	0.055556
90	175	0.076923
90	197	0.071429
90	252	0.076923
90	279	0.083333
90	288	0.083333
90	295	0.083333
90	302	0.083333
91	2	0.015385
91	14	0.010753
91	19	0.022727
91	21	0.017857
91	22	0.017241
91	33	0.012821
91	37	0.017544
91	53	0.033333
91	55	0.043478
91	61	0.050000
91	62	0.062500
91	65	0.030303
91	101	0.038462
91	110	0.037037
91	135	0.062500
91	143	0.055556
91	147	0.062500
91	162	0.062500
91	168	0.058824
91	185	0.071429
91	198	0.071429
91	289	0.083333
92	14	0.010753
92	20	0.019231
92	23	0.014085
92	24	0.019608
92	29	0.031250
92	33	0.012821
92	45	0.030303
92	50	0.034483
92	54	0.052632
92	57	0.050000
92	58	0.043478
92	79	0.027027
92	142	0.052632
92	161	0.041667
92	172	0.083333
92	282	0.083333
93	2	0.015385
93	7	0.032258
93	8	0.012821
93	35	0.029412
93	44	0.031250
93	45	0.030303
93	46	0.025000
93	48	0.021739
93	51	0.026316
93	79	0.027027
93	81	0.038462
93	85	0.047619
93	109	0.041667
93	129	0.052632
93	143	0.055556
93	152	0.045455
93	153	0.071429
93	172	0.083333
93	211	0.062500
93	247	0.083333
94	2	0.015385
94	3	0.032258
94	9	0.021739
94	10	0.021277
94	12	0.011364
94	14	0.010753
94	15	0.011236
94	38	0.018519
94	43	0.019608
94	49	0.030303
94	64	0.029412
94	75	0.027027
94	125	0.052632
94	138	0.055556
94	150	0.058824
95	12	0.011364
95	15	0.011236
95	17	0.013158
95	18	0.010870
95	22	0.017241
95	37	0.017544
95	41	0.028571
95	43	0.019608
95	48	0.021739
95	52	0.032258
95	62	0.062500
95	72	0.038462
95	111	0.040000
95	189	0.083333
95	198	0.071429
95	221	0.076923
96	8	0.012821
96	9	0.021739
96	15	0.011236
96	26	0.024390
96	32	0.033333
96	34	0.029412
96	42	0.016129
96	45	0.030303
96	59	0.047619
96	73	0.043478
96	74	0.035714
96	75	0.027027
96	100	0.041667
96	106	0.066667
96	108	0.055556
96	109	0.041667
96	120	0.055556
96	129	0.052632
96	139	0.083333
96	150	0.058824
96	151	0.050000
96	163	0.052632
96	179	0.062500
96	193	0.058824
96	218	0.083333
96	229	0.066667
96	237	0.062500
96	284	0.076923
96	290	0.083333
96	302	0.083333
97	1	0.025000
97	15	0.011236
97	18	0.010870
97	20	0.019231
97	27	0.026316
97	33	0.012821
97	34	0.029412
97	36	0.022727
97	44	0.031250
97	54	0.052632
97	66	0.030303
97	75	0.027027
97	102	0.043478
97	114	0.045455
97	156	0.062500
97	173	0.071429
97	187	0.062500
97	190	0.083333
97	205	0.062500
98	6	0.021277
98	8	0.012821
98	16	0.013333
98	17	0.013158
98	18	0.010870
98	40	0.038462
98	41	0.028571
98	46	0.025000
98	48	0.021739
98	55	0.043478
98	58	0.043478
98	81	0.038462
98	103	0.037037
98	123	0.058824
98	133	0.052632
98	136	0.045455
98	145	0.050000
98	156	0.062500
98	162	0.062500
98	171	0.055556
98	231	0.066667
99	12	0.011364
99	16	0.013333
99	18	0.010870
99	20	0.019231
99	29	0.031250
99	37	0.017544
99	50	0.034483
99	55	0.043478
99	63	0.062500
99	73	0.043478
99	75	0.027027
99	84	0.037037
99	100	0.041667
99	105	0.037037
99	114	0.045455
99	119	0.043478
99	153	0.071429
99	154	0.066667
99	157	0.076923
99	158	0.071429
99	173	0.071429
99	192	0.076923
99	203	0.058824
99	206	0.058824
99	245	0.083333
99	254	0.083333
99	256	0.083333
99	257	0.071429
99	281	0.083333
99	283	0.083333
100	1	0.025000
100	9	0.021739
100	18	0.010870
100	35	0.029412
100	39	0.027027
100	45	0.030303
100	48	0.021739
100	51	0.026316
100	65	0.030303
100	70	0.034483
100	96	0.033333
100	99	0.033333
100	144	0.050000
100	181	0.066667
100	187	0.062500
100	195	0.062500
100	203	0.058824
100	221	0.076923
100	232	0.083333
100	235	0.083333
100	250	0.066667
100	265	0.066667
100	270	0.083333
100	276	0.083333
101	1	0.025000
101	12	0.011364
101	13	0.010309
101	14	0.010753
101	18	0.010870
101	23	0.014085
101	25	0.025000
101	66	0.030303
101	73	0.043478
101	75	0.027027
101	78	0.040000
101	91	0.045455
101	111	0.040000
101	116	0.043478
101	119	0.043478
101	130	0.037037
101	144	0.050000
101	148	0.058824
101	167	0.058824
101	201	0.066667
101	208	0.076923
101	209	0.062500
101	214	0.083333
101	223	0.083333
101	237	0.062500
101	282	0.083333
102	6	0.021277
102	8	0.012821
102	17	0.013158
102	19	0.022727
102	23	0.014085
102	39	0.027027
102	66	0.030303
102	67	0.047619
102	68	0.037037
102	78	0.040000
102	82	0.037037
102	97	0.052632
102	120	0.055556
102	125	0.052632
102	127	0.055556
102	146	0.050000
102	164	0.058824
102	174	0.071429
102	211	0.062500
102	228	0.083333
102	245	0.083333
102	249	0.090909
102	255	0.076923
103	1	0.025000
103	4	0.020833
103	9	0.021739
103	13	0.010309
103	18	0.010870
103	22	0.017241
103	24	0.019608
103	39	0.027027
103	46	0.025000
103	51	0.026316
103	87	0.050000
103	98	0.047619
103	113	0.037037
103	116	0.043478
103	123	0.058824
103	141	0.045455
103	162	0.062500
103	171	0.055556
103	181	0.066667
103	182	0.071429
103	187	0.062500
103	232	0.083333
103	244	0.076923
103	267	0.083333
103	282	0.083333
103	287	0.076923
103	288	0.083333
104	2	0.015385
104	5	0.017544
104	12	0.011364
104	13	0.010309
104	16	0.013333
104	18	0.010870
104	38	0.018519
104	52	0.032258
104	64	0.029412
104	65	0.030303
104	76	0.033333
104	81	0.038462
104	131	0.071429
104	152	0.045455
104	182	0.071429
104	185	0.071429
104	187	0.062500
104	203	0.058824
104	241	0.066667
104	243	0.083333
104	269	0.076923
104	285	0.076923
105	15	0.011236
105	21	0.017857
105	23	0.014085
105	32	0.033333
105	33	0.012821
105	42	0.016129
105	43	0.019608
105	45	0.030303
105	49	0.030303
105	50	0.034483
105	84	0.037037
105	99	0.033333
105	107	0.047619
105	126	0.062500
105	132	0.052632
105	140	0.055556
105	149	0.045455
105	171	0.055556
105	174	0.071429
105	194	0.062500
105	203	0.058824
105	205	0.062500
105	263	0.076923
105	268	0.076923
105	274	0.083333
105	285	0.076923
105	299	0.083333
106	5	0.017544
106	15	0.011236
106	22	0.017241
106	23	0.014085
106	33	0.012821
106	42	0.016129
106	44	0.031250
106	71	0.025641
106	75	0.027027
106	80	0.043478
106	84	0.037037
106	96	0.033333
106	164	0.058824
106	182	0.071429
106	293	0.083333
107	2	0.015385
107	3	0.032258
107	12	0.011364
107	13	0.010309
107	26	0.024390
107	29	0.031250
107	30	0.032258
107	39	0.027027
107	51	0.026316
107	60	0.040000
107	85	0.047619
107	105	0.037037
107	135	0.062500
107	138	0.055556
107	178	0.066667
107	191	0.058824
107	209	0.062500
107	210	0.066667
107	227	0.076923
107	257	0.071429
107	296	0.083333
108	1	0.025000
108	8	0.012821
108	15	0.011236
108	20	0.019231
108	25	0.025000
108	26	0.024390
108	34	0.029412
108	37	0.017544
108	39	0.027027
108	40	0.038462
108	62	0.062500
108	96	0.033333
108	119	0.043478
108	153	0.071429
108	164	0.058824
108	237	0.062500
108	277	0.083333
108	283	0.083333
109	16	0.013333
109	23	0.014085
109	25	0.025000
109	36	0.022727
109	48	0.021739
109	52	0.032258
109	63	0.062500
109	76	0.033333
109	77	0.033333
109	88	0.038462
109	93	0.050000
109	96	0.033333
109	114	0.045455
109	118	0.050000
109	137	0.045455
109	140	0.055556
109	141	0.045455
109	166	0.055556
109	181	0.066667
109	205	0.062500
109	209	0.062500
109	233	0.071429
109	259	0.083333
109	302	0.083333
110	1	0.025000
110	5	0.017544
110	18	0.010870
110	25	0.025000
110	27	0.026316
110	54	0.052632
110	55	0.043478
110	68	0.037037
110	77	0.033333
110	79	0.027027
110	91	0.045455
110	112	0.055556
110	114	0.045455
110	120	0.055556
110	136	0.045455
110	171	0.055556
110	197	0.071429
110	221	0.076923
110	232	0.083333
110	249	0.090909
110	251	0.071429
110	253	0.076923
110	271	0.076923
110	274	0.083333
110	291	0.083333
110	299	0.083333
110	302	0.083333
111	9	0.021739
111	15	0.011236
111	16	0.013333
111	17	0.013158
111	33	0.012821
111	36	0.022727
111	38	0.018519
111	41	0.028571
111	64	0.029412
111	84	0.037037
111	95	0.062500
111	101	0.038462
111	123	0.058824
111	131	0.071429
111	136	0.045455
111	148	0.058824
111	156	0.062500
111	176	0.058824
111	202	0.058824
111	213	0.071429
111	226	0.076923
111	239	0.076923
111	250	0.066667
111	253	0.076923
111	291	0.083333
112	1	0.025000
112	11	0.014925
112	12	0.011364
112	17	0.013158
112	20	0.019231
112	23	0.014085
112	27	0.026316
112	48	0.021739
112	57	0.050000
112	58	0.043478
112	80	0.043478
112	110	0.037037
112	115	0.055556
112	132	0.052632
112	173	0.071429
112	190	0.083333
112	260	0.076923
112	266	0.083333
113	2	0.015385
113	5	0.017544
113	14	0.010753
113	34	0.029412
113	36	0.022727
113	37	0.017544
113	46	0.025000
113	50	0.034483
113	69	0.047619
113	82	0.037037
113	83	0.040000
113	103	0.037037
113	148	0.058824
113	182	0.071429
113	200	0.071429
113	224	0.066667
113	235	0.083333
113	256	0.083333
113	260	0.076923
113	261	0.071429
113	264	0.076923
113	266	0.083333
113	268	0.076923
113	273	0.083333
113	277	0.083333
113	291	0.083333
113	300	0.083333
114	10	0.021277
114	13	0.010309
114	18	0.010870
114	23	0.014085
114	29	0.031250
114	31	0.041667
114	58	0.043478
114	63	0.062500
114	97	0.052632
114	99	0.033333
114	109	0.041667
114	110	0.037037
114	116	0.043478
114	117	0.055556
114	134	0.047619
114	143	0.055556
114	159	0.071429
114	180	0.071429
114	183	0.083333
114	185	0.071429
114	194	0.062500
114	231	0.066667
115	11	0.014925
115	16	0.013333
115	33	0.012821
115	35	0.029412
115	38	0.018519
115	40	0.038462
115	42	0.016129
115	50	0.034483
115	56	0.041667
115	61	0.050000
115	87	0.050000
115	112	0.055556
115	131	0.071429
115	165	0.071429
115	213	0.071429
115	222	0.076923
115	244	0.076923
115	250	0.066667
116	15	0.011236
116	16	0.013333
116	23	0.014085
116	54	0.052632
116	61	0.050000
116	79	0.027027
116	84	0.037037
116	85	0.047619
116	89	0.038462
116	101	0.038462
116	103	0.037037
116	114	0.045455
116	137	0.045455
116	166	0.055556
116	178	0.066667
116	204	0.076923
116	205	0.062500
116	213	0.071429
116	215	0.066667
116	229	0.066667
116	230	0.066667
116	262	0.076923
116	289	0.083333
117	2	0.015385
117	11	0.014925
117	14	0.010753
117	29	0.031250
117	37	0.017544
117	38	0.018519
117	39	0.027027
117	42	0.016129
117	46	0.025000
117	55	0.043478
117	73	0.043478
117	114	0.045455
117	171	0.055556
117	197	0.071429
117	205	0.062500
117	226	0.076923
117	241	0.066667
117	257	0.071429
118	5	0.017544
118	12	0.011364
118	22	0.017241
118	30	0.032258
118	33	0.012821
118	35	0.029412
118	36	0.022727
118	37	0.017544
118	48	0.021739
118	57	0.050000
118	59	0.047619
118	109	0.041667
118	124	0.062500
118	151	0.050000
118	174	0.071429
118	177	0.062500
118	211	0.062500
118	230	0.066667
118	271	0.076923
118	302	0.083333
119	5	0.017544
119	15	0.011236
119	18	0.010870
119	32	0.033333
119	33	0.012821
119	37	0.017544
119	40	0.038462
119	42	0.016129
119	52	0.032258
119	99	0.033333
119	101	0.038462
119	108	0.055556
119	154	0.066667
119	157	0.076923
119	165	0.071429
119	166	0.055556
119	182	0.071429
119	192	0.076923
119	193	0.058824
119	218	0.083333
119	253	0.076923
119	266	0.083333
119	269	0.076923
120	2	0.015385
120	7	0.032258
120	19	0.022727
120	34	0.029412
120	37	0.017544
120	43	0.019608
120	44	0.031250
120	47	0.030303
120	50	0.034483
120	96	0.033333
120	102	0.043478
120	110	0.037037
120	126	0.062500
120	129	0.052632
120	151	0.050000
120	191	0.058824
120	223	0.083333
120	253	0.076923
121	0	0.030303
121	7	0.032258
121	12	0.011364
121	16	0.013333
121	19	0.022727
121	34	0.029412
121	38	0.018519
121	42	0.016129
121	43	0.019608
121	47	0.030303
121	71	0.025641
121	74	0.035714
121	128	0.045455
121	140	0.055556
121	153	0.071429
121	161	0.041667
121	179	0.062500
121	202	0.058824
121	251	0.071429
121	262	0.076923
121	293	0.083333
122	5	0.017544
122	11	0.014925
122	12	0.011364
122	21	0.017857
122	22	0.017241
122	23	0.014085
122	25	0.025000
122	42	0.016129
122	49	0.030303
122	56	0.041667
122	88	0.038462
122	190	0.083333
122	250	0.066667
122	260	0.076923
123	2	0.015385
123	12	0.011364
123	17	0.013158
123	18	0.010870
123	35	0.029412
123	36	0.022727
123	37	0.017544
123	65	0.030303
123	81	0.038462
123	98	0.047619
123	103	0.037037
123	111	0.040000
123	145	0.050000
123	161	0.041667
123	186	0.071429
123	208	0.076923
123	283	0.083333
124	1	0.025000
124	8	0.012821
124	13	0.010309
124	15	0.011236
124	16	0.013333
124	19	0.022727
124	21	0.017857
124	23	0.014085
124	38	0.018519
124	53	0.033333
124	88	0.038462
124	118	0.050000
124	169	0.050000
124	232	0.083333
124	259	0.083333
124	289	0.083333
125	6	0.021277
125	9	0.021739
125	10	0.021277
125	14	0.010753
125	16	0.013333
125	22	0.017241
125	33	0.012821
125	35	0.029412
125	49	0.030303
125	65	0.030303
125	94	0.066667
125	102	0.043478
125	155	0.062500
125	157	0.076923
125	165	0.071429
125	179	0.062500
125	186	0.071429
125	239	0.076923
125	243	0.083333
126	6	0.021277
126	14	0.010753
126	16	0.013333
126	17	0.013158
126	21	0.017857
126	23	0.014085
126	32	0.033333
126	42	0.016129
126	61	0.050000
126	77	0.033333
126	105	0.037037
126	120	0.055556
126	135	0.062500
126	152	0.045455
126	185	0.071429
126	201	0.066667
127	5	0.017544
127	11	0.014925
127	12	0.011364
127	16	0.013333
127	20	0.019231
127	66	0.030303
127	69	0.047619
127	72	0.038462
127	73	0.043478
127	79	0.027027
127	83	0.040000
127	102	0.043478
127	149	0.045455
127	157	0.076923
127	170	0.076923
127	229	0.066667
127	231	0.066667
127	279	0.083333
128	5	0.017544
128	8	0.012821
128	10	0.021277
128	12	0.011364
128	14	0.010753
128	21	0.017857
128	36	0.022727
128	41	0.028571
128	64	0.029412
128	74	0.035714
128	81	0.038462
128	121	0.047619
128	157	0.076923
128	170	0.076923
128	174	0.071429
128	191	0.058824
128	207	0.066667
128	252	0.076923
128	255	0.076923
128	256	0.083333
128	283	0.083333
128	286	0.083333
129	3	0.032258
129	7	0.032258
129	8	0.012821
129	9	0.021739
129	16	0.013333
129	17	0.013158
129	77	0.033333
129	80	0.043478
129	84	0.037037
129	93	0.050000
129	96	0.033333
129	120	0.055556
129	143	0.055556
129	160	0.052632
129	175	0.076923
129	189	0.083333
129	220	0.076923
129	262	0.076923
129	281	0.083333
130	3	0.032258
130	5	0.017544
130	15	0.011236
130	16	0.013333
130	28	0.033333
130	36	0.022727
130	37	0.017544
130	46	0.025000
130	69	0.047619
130	83	0.040000
130	86	0.058824
130	101	0.038462
130	137	0.045455
130	138	0.055556
130	149	0.045455
130	189	0.083333
130	208	0.076923
130	213	0.071429
130	216	0.058824
130	249	0.090909
130	255	0.076923
130	257	0.071429
130	258	0.083333
130	268	0.076923
130	272	0.083333
130	273	0.083333
130	281	0.083333
131	17	0.013158
131	18	0.010870
131	22	0.017241
131	24	0.019608
131	42	0.016129
131	48	0.021739
131	53	0.033333
131	65	0.030303
131	76	0.033333
131	104	0.045455
131	111	0.040000
131	115	0.055556
131	132	0.052632
131	273	0.083333
132	8	0.012821
132	18	0.010870
132	33	0.012821
132	36	0.022727
132	38	0.018519
132	49	0.030303
132	52	0.032258
132	66	0.030303
132	75	0.027027
132	105	0.037037
132	112	0.055556
132	131	0.071429
132	146	0.050000
132	158	0.071429
132	188	0.055556
132	223	0.083333
132	264	0.076923
132	270	0.083333
132	286	0.083333
133	2	0.015385
133	8	0.012821
133	17	0.013158
133	19	0.022727
133	21	0.017857
133	33	0.012821
133	38	0.018519
133	48	0.021739
133	50	0.034483
133	51	0.026316
133	59	0.047619
133	98	0.047619
133	159	0.071429
133	166	0.055556
133	212	0.071429
133	217	0.076923
133	250	0.066667
133	275	0.076923
133	297	0.083333
134	2	0.015385
134	5	0.017544
134	13	0.010309
134	17	0.013158
134	18	0.010870
134	31	0.041667
134	33	0.012821
134	37	0.017544
134	42	0.016129
134	49	0.030303
134	55	0.043478
134	114	0.045455
134	155	0.062500
134	161	0.041667
134	183	0.083333
134	199	0.055556
134	202	0.058824
134	204	0.076923
134	214	0.083333
134	229	0.066667
134	254	0.083333
135	10	0.021277
135	11	0.014925
135	13	0.010309
135	27	0.026316
135	48	0.021739
135	75	0.027027
135	79	0.027027
135	82	0.037037
135	87	0.050000
135	91	0.045455
135	107	0.047619
135	126	0.062500
135	142	0.052632
135	195	0.062500
135	258	0.083333
135	259	0.083333
136	8	0.012821
136	15	0.011236
136	26	0.024390
136	28	0.033333
136	29	0.031250
136	45	0.030303
136	51	0.026316
136	77	0.033333
136	79	0.027027
136	98	0.047619
136	110	0.037037
136	111	0.040000
136	159	0.071429
136	160	0.052632
136	182	0.071429
136	191	0.058824
136	207	0.066667
136	215	0.066667
136	236	0.076923
136	242	0.076923
136	258	0.083333
136	299	0.083333
137	9	0.021739
137	15	0.011236
137	17	0.013158
137	33	0.012821
137	39	0.027027
137	50	0.034483
137	76	0.033333
137	79	0.027027
137	89	0.038462
137	109	0.041667
137	116	0.043478
137	130	0.037037
137	159	0.071429
137	160	0.052632
137	163	0.052632
137	169	0.050000
137	180	0.071429
137	205	0.062500
137	226	0.076923
137	230	0.066667
137	236	0.076923
137	248	0.076923
138	2	0.015385
138	4	0.020833
138	10	0.021277
138	12	0.011364
138	21	0.017857
138	41	0.028571
138	42	0.016129
138	44	0.031250
138	56	0.041667
138	94	0.066667
138	107	0.047619
138	130	0.037037
138	183	0.083333
138	186	0.071429
138	210	0.066667
138	211	0.062500
138	218	0.083333
138	262	0.076923
139	13	0.010309
139	14	0.010753
139	15	0.011236
139	17	0.013158
139	20	0.019231
139	22	0.017241
139	23	0.014085
139	24	0.019608
139	43	0.019608
139	51	0.026316
139	65	0.030303
139	96	0.033333
140	2	0.015385
140	6	0.021277
140	23	0.014085
140	26	0.024390
140	28	0.033333
140	38	0.018519
140	74	0.035714
140	77	0.033333
140	83	0.040000
140	105	0.037037
140	109	0.041667
140	121	0.047619
140	142	0.052632
140	145	0.050000
140	277	0.083333
140	288	0.083333
140	292	0.083333
140	302	0.083333
141	3	0.032258
141	6	0.021277
141	12	0.011364
141	13	0.010309
141	21	0.017857
141	24	0.019608
141	38	0.018519
141	48	0.021739
141	49	0.030303
141	65	0.030303
141	103	0.037037
141	109	0.041667
141	149	0.045455
141	152	0.045455
141	154	0.066667
141	164	0.058824
141	167	0.058824
141	181	0.066667
141	236	0.076923
141	241	0.066667
141	261	0.071429
141	283	0.083333
142	9	0.021739
142	27	0.026316
142	36	0.022727
142	37	0.017544
142	45	0.030303
142	46	0.025000
142	72	0.038462
142	79	0.027027
142	84	0.037037
142	92	0.062500
142	135	0.062500
142	140	0.055556
142	184	0.058824
142	188	0.055556
142	204	0.076923
142	225	0.066667
142	238	0.076923
142	294	0.083333
142	296	0.083333
143	5	0.017544
143	13	0.010309
143	14	0.010753
143	16	0.013333
143	18	0.010870
143	19	0.022727
143	43	0.019608
143	71	0.025641
143	91	0.045455
143	93	0.050000
143	114	0.045455
143	129	0.052632
143	184	0.058824
143	205	0.062500
143	206	0.058824
143	215	0.066667
143	267	0.083333
143	298	0.083333
144	1	0.025000
144	2	0.015385
144	4	0.020833
144	6	0.021277
144	7	0.032258
144	11	0.014925
144	33	0.012821
144	34	0.029412
144	42	0.016129
144	77	0.033333
144	100	0.041667
144	101	0.038462
144	170	0.076923
144	217	0.076923
144	226	0.076923
144	228	0.083333
144	233	0.071429
144	242	0.076923
144	292	0.083333
144	295	0.083333
145	2	0.015385
145	6	0.021277
145	8	0.012821
145	15	0.011236
145	30	0.032258
145	50	0.034483
145	71	0.025641
145	72	0.038462
145	77	0.033333
145	98	0.047619
145	123	0.058824
145	140	0.055556
145	150	0.058824
145	164	0.058824
145	170	0.076923
145	177	0.062500
145	180	0.071429
145	222	0.076923
145	229	0.066667
145	275	0.076923
146	9	0.021739
146	23	0.014085
146	24	0.019608
146	26	0.024390
146	33	0.012821
146	48	0.021739
146	64	0.029412
146	67	0.047619
146	87	0.050000
146	88	0.038462
146	102	0.043478
146	132	0.052632
146	151	0.050000
146	162	0.062500
146	163	0.052632
146	171	0.055556
146	227	0.076923
146	257	0.071429
146	289	0.083333
146	293	0.083333
147	5	0.017544
147	31	0.041667
147	33	0.012821
147	37	0.017544
147	43	0.019608
147	51	0.026316
147	65	0.030303
147	66	0.030303
147	70	0.034483
147	74	0.035714
147	75	0.027027
147	91	0.045455
147	149	0.045455
147	168	0.058824
147	183	0.083333
147	223	0.083333
148	3	0.032258
148	13	0.010309
148	16	0.013333
148	21	0.017857
148	32	0.033333
148	33	0.012821
148	46	0.025000
148	47	0.030303
148	77	0.033333
148	101	0.038462
148	111	0.040000
148	113	0.037037
148	168	0.058824
148	178	0.066667
148	210	0.066667
148	223	0.083333
148	243	0.083333
149	3	0.032258
149	15	0.011236
149	18	0.010870
149	33	0.012821
149	37	0.017544
149	72	0.038462
149	89	0.038462
149	105	0.037037
149	127	0.055556
149	130	0.037037
149	141	0.045455
149	147	0.062500
149	160	0.052632
149	166	0.055556
149	196	0.083333
149	201	0.066667
149	203	0.058824
149	204	0.076923
149	245	0.083333
149	265	0.066667
149	267	0.083333
149	278	0.071429
150	5	0.017544
150	9	0.021739
150	10	0.021277
150	17	0.013158
150	18	0.010870
150	22	0.017241
150	33	0.012821
150	47	0.030303
150	64	0.029412
150	94	0.066667
150	96	0.033333
150	145	0.050000
150	160	0.052632
150	189	0.083333
150	224	0.066667
150	233	0.071429
150	257	0.071429
151	2	0.015385
151	13	0.010309
151	15	0.011236
151	33	0.012821
151	44	0.031250
151	46	0.025000
151	48	0.021739
151	90	0.043478
151	96	0.033333
151	118	0.050000
151	120	0.055556
151	146	0.050000
151	175	0.076923
151	176	0.058824
151	177	0.062500
151	186	0.071429
151	197	0.071429
151	225	0.066667
151	230	0.066667
151	291	0.083333
152	6	0.021277
152	25	0.025000
152	33	0.012821
152	36	0.022727
152	42	0.016129
152	49	0.030303
152	76	0.033333
152	88	0.038462
152	93	0.050000
152	104	0.045455
152	126	0.062500
152	141	0.045455
152	165	0.071429
152	174	0.071429
152	205	0.062500
152	207	0.066667
152	226	0.076923
152	229	0.066667
152	243	0.083333
152	265	0.066667
152	288	0.083333
152	295	0.083333
153	16	0.013333
153	17	0.013158
153	46	0.025000
153	47	0.030303
153	56	0.041667
153	67	0.047619
153	70	0.034483
153	75	0.027027
153	93	0.050000
153	99	0.033333
153	108	0.055556
153	121	0.047619
153	175	0.076923
153	220	0.076923
154	7	0.032258
154	14	0.010753
154	18	0.010870
154	21	0.017857
154	37	0.017544
154	38	0.018519
154	51	0.026316
154	76	0.033333
154	78	0.040000
154	99	0.033333
154	119	0.043478
154	141	0.045455
154	172	0.083333
154	181	0.066667
154	238	0.076923
155	0	0.030303
155	14	0.010753
155	18	0.010870
155	23	0.014085
155	24	0.019608
155	27	0.026316
155	46	0.025000
155	56	0.041667
155	57	0.050000
155	75	0.027027
155	125	0.052632
155	134	0.047619
155	178	0.066667
155	210	0.066667
155	236	0.076923
155	298	0.083333
156	11	0.014925
156	14	0.010753
156	16	0.013333
156	38	0.018519
156	40	0.038462
156	41	0.028571
156	42	0.016129
156	44	0.031250
156	80	0.043478
156	97	0.052632
156	98	0.047619
156	111	0.040000
156	167	0.058824
156	220	0.076923
156	238	0.076923
156	280	0.083333
157	3	0.032258
157	13	0.010309
157	21	0.017857
157	26	0.024390
157	38	0.018519
157	64	0.029412
157	68	0.037037
157	99	0.033333
157	119	0.043478
157	125	0.052632
157	127	0.055556
157	128	0.045455
157	205	0.062500
158	15	0.011236
158	36	0.022727
158	46	0.025000
158	64	0.029412
158	66	0.030303
158	68	0.037037
158	70	0.034483
158	74	0.035714
158	75	0.027027
158	81	0.038462
158	99	0.033333
158	132	0.052632
158	207	0.066667
158	219	0.071429
159	2	0.015385
159	9	0.021739
159	11	0.014925
159	15	0.011236
159	18	0.010870
159	21	0.017857
159	42	0.016129
159	45	0.030303
159	114	0.045455
159	133	0.052632
159	136	0.045455
159	137	0.045455
159	198	0.071429
159	241	0.066667
160	2	0.015385
160	11	0.014925
160	13	0.010309
160	14	0.010753
160	20	0.019231
160	25	0.025000
160	42	0.016129
160	129	0.052632
160	136	0.045455
160	137	0.045455
160	149	0.045455
160	150	0.058824
160	185	0.071429
160	194	0.062500
160	199	0.055556
160	222	0.076923
160	246	0.083333
160	259	0.083333
160	267	0.083333
161	4	0.020833
161	8	0.012821
161	9	0.021739
161	10	0.021277
161	29	0.031250
161	42	0.016129
161	70	0.034483
161	74	0.035714
161	92	0.062500
161	121	0.047619
161	123	0.058824
161	134	0.047619
161	163	0.052632
161	165	0.071429
161	191	0.058824
161	195	0.062500
161	198	0.071429
161	227	0.076923
161	230	0.066667
161	247	0.083333
161	251	0.071429
161	255	0.076923
161	261	0.071429
161	297	0.083333
162	5	0.017544
162	8	0.012821
162	9	0.021739
162	14	0.010753
162	23	0.014085
162	68	0.037037
162	75	0.027027
162	89	0.038462
162	91	0.045455
162	98	0.047619
162	103	0.037037
162	146	0.050000
162	168	0.058824
162	196	0.083333
162	234	0.066667
162	265	0.066667
163	4	0.020833
163	7	0.032258
163	11	0.014925
163	13	0.010309
163	15	0.011236
163	18	0.010870
163	24	0.019608
163	88	0.038462
163	96	0.033333
163	137	0.045455
163	146	0.050000
163	161	0.041667
163	167	0.058824
163	171	0.055556
163	179	0.062500
163	234	0.066667
163	243	0.083333
163	288	0.083333
163	290	0.083333
164	0	0.030303
164	2	0.015385
164	20	0.019231
164	23	0.014085
164	28	0.033333
164	36	0.022727
164	38	0.018519
164	102	0.043478
164	106	0.066667
164	108	0.055556
164	141	0.045455
164	145	0.050000
164	190	0.083333
164	198	0.071429
164	207	0.066667
164	219	0.071429
164	234	0.066667
165	14	0.010753
165	63	0.062500
165	66	0.030303
165	69	0.047619
165	75	0.027027
165	77	0.033333
165	90	0.043478
165	115	0.055556
165	119	0.043478
165	125	0.052632
165	152	0.045455
165	161	0.041667
165	166	0.055556
165	169	0.050000
166	12	0.011364
166	17	0.013158
166	18	0.010870
166	33	0.012821
166	65	0.030303
166	77	0.033333
166	109	0.041667
166	116	0.043478
166	119	0.043478
166	133	0.052632
166	149	0.045455
166	165	0.071429
166	204	0.076923
166	236	0.076923
166	240	0.050000
166	266	0.083333
166	291	0.083333
166	301	0.083333
167	4	0.020833
167	13	0.010309
167	14	0.010753
167	41	0.028571
167	51	0.026316
167	65	0.030303
167	68	0.037037
167	90	0.043478
167	101	0.038462
167	141	0.045455
167	156	0.062500
167	163	0.052632
167	219	0.071429
167	220	0.076923
167	222	0.076923
167	283	0.083333
167	291	0.083333
168	3	0.032258
168	8	0.012821
168	9	0.021739
168	11	0.014925
168	14	0.010753
168	36	0.022727
168	79	0.027027
168	84	0.037037
168	91	0.045455
168	147	0.062500
168	148	0.058824
168	162	0.062500
168	170	0.076923
168	178	0.066667
168	216	0.058824
168	228	0.083333
168	270	0.083333
169	3	0.032258
169	10	0.021277
169	13	0.010309
169	14	0.010753
169	16	0.013333
169	17	0.013158
169	18	0.010870
169	46	0.025000
169	76	0.033333
169	124	0.062500
169	137	0.045455
169	165	0.071429
169	184	0.058824
169	224	0.066667
169	227	0.076923
169	230	0.066667
169	235	0.083333
169	258	0.083333
169	263	0.076923
169	280	0.083333
170	23	0.014085
170	35	0.029412
170	42	0.016129
170	45	0.030303
170	66	0.030303
170	72	0.038462
170	84	0.037037
170	127	0.055556
170	128	0.045455
170	144	0.050000
170	145	0.050000
170	168	0.058824
170	228	0.083333
171	6	0.021277
171	13	0.010309
171	19	0.022727
171	29	0.031250
171	90	0.043478
171	98	0.047619
171	103	0.037037
171	105	0.037037
171	110	0.037037
171	117	0.055556
171	146	0.050000
171	163	0.052632
171	194	0.062500
171	200	0.071429
171	218	0.083333
171	222	0.076923
171	248	0.076923
171	288	0.083333
172	8	0.012821
172	16	0.013333
172	20	0.019231
172	27	0.026316
172	29	0.031250
172	37	0.017544
172	45	0.030303
172	67	0.047619
172	71	0.025641
172	92	0.062500
172	93	0.050000
172	154	0.066667
173	2	0.015385
173	10	0.021277
173	13	0.010309
173	14	0.010753
173	17	0.013158
173	58	0.043478
173	60	0.040000
173	70	0.034483
173	97	0.052632
173	99	0.033333
173	112	0.055556
173	196	0.083333
173	220	0.076923
173	283	0.083333
174	8	0.012821
174	17	0.013158
174	51	0.026316
174	65	0.030303
174	70	0.034483
174	81	0.038462
174	102	0.043478
174	105	0.037037
174	118	0.050000
174	128	0.045455
174	152	0.045455
174	182	0.071429
174	189	0.083333
174	194	0.062500
175	4	0.020833
175	6	0.021277
175	11	0.014925
175	13	0.010309
175	16	0.013333
175	24	0.019608
175	45	0.030303
175	65	0.030303
175	90	0.043478
175	129	0.052632
175	151	0.050000
175	153	0.071429
175	279	0.083333
176	1	0.025000
176	8	0.012821
176	10	0.021277
176	22	0.017241
176	29	0.031250
176	40	0.038462
176	53	0.033333
176	59	0.047619
176	79	0.027027
176	89	0.038462
176	111	0.040000
176	151	0.050000
176	209	0.062500
176	215	0.066667
176	260	0.076923
176	298	0.083333
176	300	0.083333
177	2	0.015385
177	3	0.032258
177	8	0.012821
177	21	0.017857
177	32	0.033333
177	35	0.029412
177	40	0.038462
177	45	0.030303
177	51	0.026316
177	118	0.050000
177	145	0.050000
177	151	0.050000
177	181	0.066667
177	211	0.062500
177	292	0.083333
177	296	0.083333
178	13	0.010309
178	14	0.010753
178	20	0.019231
178	37	0.017544
178	43	0.019608
178	77	0.033333
178	79	0.027027
178	107	0.047619
178	116	0.043478
178	148	0.058824
178	155	0.062500
178	168	0.058824
178	184	0.058824
178	225	0.066667
178	237	0.062500
179	5	0.017544
179	9	0.021739
179	13	0.010309
179	17	0.013158
179	24	0.019608
179	30	0.032258
179	33	0.012821
179	39	0.027027
179	96	0.033333
179	121	0.047619
179	125	0.052632
179	163	0.052632
179	197	0.071429
179	266	0.083333
179	270	0.083333
179	273	0.083333
180	8	0.012821
180	16	0.013333
180	22	0.017241
180	23	0.014085
180	48	0.021739
180	51	0.026316
180	60	0.040000
180	70	0.034483
180	81	0.038462
180	114	0.045455
180	137	0.045455
180	145	0.050000
180	257	0.071429
180	281	0.083333
181	2	0.015385
181	5	0.017544
181	15	0.011236
181	36	0.022727
181	64	0.029412
181	78	0.040000
181	100	0.041667
181	103	0.037037
181	109	0.041667
181	141	0.045455
181	154	0.066667
181	177	0.062500
181	191	0.058824
181	265	0.066667
181	272	0.083333
182	1	0.025000
182	12	0.011364
182	19	0.022727
182	48	0.021739
182	82	0.037037
182	103	0.037037
182	104	0.045455
182	106	0.066667
182	113	0.037037
182	119	0.043478
182	136	0.045455
182	174	0.071429
182	261	0.071429
182	291	0.083333
183	0	0.030303
183	13	0.010309
183	32	0.033333
183	38	0.018519
183	43	0.019608
183	48	0.021739
183	71	0.025641
183	76	0.033333
183	114	0.045455
183	134	0.047619
183	138	0.055556
183	147	0.062500
184	6	0.021277
184	9	0.021739
184	13	0.010309
184	16	0.013333
184	22	0.017241
184	27	0.026316
184	42	0.016129
184	68	0.037037
184	142	0.052632
184	143	0.055556
184	169	0.050000
184	178	0.066667
184	196	0.083333
184	230	0.066667
184	232	0.083333
184	240	0.050000
184	242	0.076923
185	1	0.025000
185	10	0.021277
185	30	0.032258
185	42	0.016129
185	71	0.025641
185	77	0.033333
185	82	0.037037
185	91	0.045455
185	104	0.045455
185	114	0.045455
185	126	0.062500
185	160	0.052632
185	192	0.076923
185	194	0.062500
186	11	0.014925
186	14	0.010753
186	20	0.019231
186	29	0.031250
186	39	0.027027
186	55	0.043478
186	65	0.030303
186	67	0.047619
186	123	0.058824
186	125	0.052632
186	138	0.055556
186	151	0.050000
186	188	0.055556
186	196	0.083333
187	1	0.025000
187	4	0.020833
187	23	0.014085
187	33	0.012821
187	42	0.016129
187	65	0.030303
187	71	0.025641
187	83	0.040000
187	97	0.052632
187	100	0.041667
187	103	0.037037
187	104	0.045455
187	202	0.058824
187	242	0.076923
187	299	0.083333
187	301	0.083333
188	8	0.012821
188	9	0.021739
188	14	0.010753
188	17	0.013158
188	54	0.052632
188	64	0.029412
188	84	0.037037
188	86	0.058824
188	89	0.038462
188	132	0.052632
188	142	0.052632
188	186	0.071429
188	199	0.055556
188	210	0.066667
188	212	0.071429
188	225	0.066667
188	243	0.083333
188	246	0.083333
189	2	0.015385
189	4	0.020833
189	7	0.032258
189	17	0.013158
189	22	0.017241
189	37	0.017544
189	71	0.025641
189	95	0.062500
189	129	0.052632
189	130	0.037037
189	150	0.058824
189	174	0.071429
190	2	0.015385
190	13	0.010309
190	24	0.019608
190	41	0.028571
190	48	0.021739
190	66	0.030303
190	70	0.034483
190	82	0.037037
190	97	0.052632
190	112	0.055556
190	122	0.071429
190	164	0.058824
191	10	0.021277
191	27	0.026316
191	33	0.012821
191	36	0.022727
191	43	0.019608
191	82	0.037037
191	107	0.047619
191	120	0.055556
191	128	0.045455
191	136	0.045455
191	161	0.041667
191	181	0.066667
191	198	0.071429
191	214	0.083333
191	240	0.050000
191	247	0.083333
191	300	0.083333
192	11	0.014925
192	15	0.011236
192	18	0.010870
192	19	0.022727
192	23	0.014085
192	64	0.029412
192	76	0.033333
192	80	0.043478
192	88	0.038462
192	99	0.033333
192	119	0.043478
192	185	0.071429
192	219	0.071429
193	9	0.021739
193	18	0.010870
193	38	0.018519
193	43	0.019608
193	46	0.025000
193	52	0.032258
193	56	0.041667
193	59	0.047619
193	62	0.062500
193	75	0.027027
193	96	0.033333
193	119	0.043478
193	234	0.066667
193	236	0.076923
193	290	0.083333
193	294	0.083333
193	296	0.083333
194	3	0.032258
194	13	0.010309
194	44	0.031250
194	71	0.025641
194	72	0.038462
194	78	0.040000
194	105	0.037037
194	114	0.045455
194	160	0.052632
194	171	0.055556
194	174	0.071429
194	185	0.071429
194	205	0.062500
194	225	0.066667
194	235	0.083333
194	263	0.076923
195	3	0.032258
195	6	0.021277
195	14	0.010753
195	16	0.013333
195	21	0.017857
195	24	0.019608
195	33	0.012821
195	48	0.021739
195	49	0.030303
195	100	0.041667
195	135	0.062500
195	161	0.041667
195	267	0.083333
195	274	0.083333
195	290	0.083333
195	292	0.083333
196	1	0.025000
196	2	0.015385
196	6	0.021277
196	12	0.011364
196	32	0.033333
196	37	0.017544
196	75	0.027027
196	149	0.045455
196	162	0.062500
196	173	0.071429
196	184	0.058824
196	186	0.071429
197	14	0.010753
197	17	0.013158
197	21	0.017857
197	32	0.033333
197	58	0.043478
197	64	0.029412
197	80	0.043478
197	90	0.043478
197	110	0.037037
197	117	0.055556
197	151	0.050000
197	179	0.062500
197	224	0.066667
197	266	0.083333
198	5	0.017544
198	15	0.011236
198	17	0.013158
198	51	0.026316
198	52	0.032258
198	76	0.033333
198	91	0.045455
198	95	0.062500
198	159	0.071429
198	161	0.041667
198	164	0.058824
198	191	0.058824
198	219	0.071429
198	244	0.076923
199	12	0.011364
199	13	0.010309
199	14	0.010753
199	24	0.019608
199	27	0.026316
199	37	0.017544
199	43	0.019608
199	76	0.033333
199	80	0.043478
199	134	0.047619
199	160	0.052632
199	188	0.055556
199	200	0.071429
199	207	0.066667
199	252	0.076923
199	253	0.076923
199	267	0.083333
199	270	0.083333
200	8	0.012821
200	12	0.011364
200	14	0.010753
200	23	0.014085
200	33	0.012821
200	39	0.027027
200	45	0.030303
200	76	0.033333
200	79	0.027027
200	113	0.037037
200	171	0.055556
200	199	0.055556
200	234	0.066667
200	250	0.066667
201	10	0.021277
201	13	0.010309
201	18	0.010870
201	21	0.017857
201	26	0.024390
201	28	0.033333
201	50	0.034483
201	79	0.027027
201	89	0.038462
201	101	0.038462
201	126	0.062500
201	149	0.045455
201	203	0.058824
201	218	0.083333
201	242	0.076923
202	4	0.020833
202	12	0.011364
202	21	0.017857
202	33	0.012821
202	40	0.038462
202	43	0.019608
202	49	0.030303
202	77	0.033333
202	111	0.040000
202	121	0.047619
202	134	0.047619
202	187	0.062500
202	228	0.083333
202	239	0.076923
202	242	0.076923
202	281	0.083333
202	300	0.083333
203	13	0.010309
203	16	0.013333
203	19	0.022727
203	24	0.019608
203	74	0.035714
203	82	0.037037
203	99	0.033333
203	100	0.041667
203	104	0.045455
203	105	0.037037
203	149	0.045455
203	201	0.066667
203	220	0.076923
203	240	0.050000
203	243	0.083333
203	275	0.076923
203	278	0.071429
204	10	0.021277
204	33	0.012821
204	35	0.029412
204	43	0.019608
204	67	0.047619
204	75	0.027027
204	86	0.058824
204	116	0.043478
204	134	0.047619
204	142	0.052632
204	149	0.045455
204	166	0.055556
204	289	0.083333
205	3	0.032258
205	11	0.014925
205	97	0.052632
205	105	0.037037
205	109	0.041667
205	116	0.043478
205	117	0.055556
205	137	0.045455
205	143	0.055556
205	152	0.045455
205	157	0.076923
205	194	0.062500
205	232	0.083333
205	241	0.066667
205	244	0.076923
205	288	0.083333
206	10	0.021277
206	13	0.010309
206	14	0.010753
206	26	0.024390
206	35	0.029412
206	45	0.030303
206	53	0.033333
206	73	0.043478
206	78	0.040000
206	79	0.027027
206	99	0.033333
206	143	0.055556
206	222	0.076923
206	245	0.083333
206	246	0.083333
206	281	0.083333
206	282	0.083333
207	6	0.021277
207	8	0.012821
207	23	0.014085
207	42	0.016129
207	79	0.027027
207	87	0.050000
207	128	0.045455
207	136	0.045455
207	152	0.045455
207	158	0.071429
207	164	0.058824
207	199	0.055556
207	218	0.083333
207	231	0.066667
207	300	0.083333
208	3	0.032258
208	10	0.021277
208	12	0.011364
208	20	0.019231
208	30	0.032258
208	42	0.016129
208	47	0.030303
208	52	0.032258
208	89	0.038462
208	101	0.038462
208	123	0.058824
208	130	0.037037
208	290	0.083333
209	8	0.012821
209	16	0.013333
209	18	0.010870
209	30	0.032258
209	31	0.041667
209	66	0.030303
209	86	0.058824
209	87	0.050000
209	101	0.038462
209	107	0.047619
209	109	0.041667
209	176	0.058824
209	220	0.076923
209	247	0.083333
209	248	0.076923
209	252	0.076923
210	6	0.021277
210	14	0.010753
210	17	0.013158
210	18	0.010870
210	24	0.019608
210	60	0.040000
210	71	0.025641
210	107	0.047619
210	138	0.055556
210	148	0.058824
210	155	0.062500
210	188	0.055556
210	227	0.076923
210	241	0.066667
210	292	0.083333
211	12	0.011364
211	13	0.010309
211	14	0.010753
211	15	0.011236
211	16	0.013333
211	70	0.034483
211	81	0.038462
211	93	0.050000
211	102	0.043478
211	118	0.050000
211	138	0.055556
211	177	0.062500
211	248	0.076923
211	249	0.090909
211	252	0.076923
211	262	0.076923
212	6	0.021277
212	11	0.014925
212	12	0.011364
212	14	0.010753
212	17	0.013158
212	21	0.017857
212	24	0.019608
212	30	0.032258
212	61	0.050000
212	66	0.030303
212	133	0.052632
212	188	0.055556
212	223	0.083333
212	242	0.076923
213	15	0.011236
213	26	0.024390
213	27	0.026316
213	33	0.012821
213	39	0.027027
213	56	0.041667
213	83	0.040000
213	85	0.047619
213	111	0.040000
213	115	0.055556
213	116	0.043478
213	130	0.037037
213	261	0.071429
213	284	0.076923
214	7	0.032258
214	8	0.012821
214	14	0.010753
214	23	0.014085
214	30	0.032258
214	42	0.016129
214	51	0.026316
214	68	0.037037
214	72	0.038462
214	101	0.038462
214	134	0.047619
214	191	0.058824
215	8	0.012821
215	15	0.011236
215	17	0.013158
215	20	0.019231
215	31	0.041667
215	34	0.029412
215	42	0.016129
215	72	0.038462
215	116	0.043478
215	136	0.045455
215	143	0.055556
215	176	0.058824
215	267	0.083333
215	274	0.083333
215	298	0.083333
216	15	0.011236
216	19	0.022727
216	24	0.019608
216	38	0.018519
216	42	0.016129
216	50	0.034483
216	58	0.043478
216	60	0.040000
216	61	0.050000
216	83	0.040000
216	130	0.037037
216	168	0.058824
216	217	0.076923
216	235	0.083333
216	242	0.076923
216	249	0.090909
216	286	0.083333
217	11	0.014925
217	12	0.011364
217	56	0.041667
217	57	0.050000
217	59	0.047619
217	70	0.034483
217	75	0.027027
217	76	0.033333
217	85	0.047619
217	133	0.052632
217	144	0.050000
217	216	0.058824
217	276	0.083333
218	2	0.015385
218	14	0.010753
218	15	0.011236
218	64	0.029412
218	81	0.038462
218	88	0.038462
218	96	0.033333
218	119	0.043478
218	138	0.055556
218	171	0.055556
218	201	0.066667
218	207	0.066667
219	16	0.013333
219	37	0.017544
219	41	0.028571
219	43	0.019608
219	55	0.043478
219	66	0.030303
219	77	0.033333
219	158	0.071429
219	164	0.058824
219	167	0.058824
219	192	0.076923
219	198	0.071429
219	222	0.076923
219	279	0.083333
220	4	0.020833
220	15	0.011236
220	65	0.030303
220	71	0.025641
220	79	0.027027
220	129	0.052632
220	153	0.071429
220	156	0.062500
220	167	0.058824
220	173	0.071429
220	203	0.058824
220	209	0.062500
220	278	0.071429
221	8	0.012821
221	17	0.013158
221	33	0.012821
221	39	0.027027
221	41	0.028571
221	44	0.031250
221	47	0.030303
221	53	0.033333
221	78	0.040000
221	95	0.062500
221	100	0.041667
221	110	0.037037
221	279	0.083333
222	11	0.014925
222	24	0.019608
222	25	0.025000
222	59	0.047619
222	85	0.047619
222	115	0.055556
222	145	0.050000
222	160	0.052632
222	167	0.058824
222	171	0.055556
222	206	0.058824
222	219	0.071429
222	246	0.083333
223	5	0.017544
223	37	0.017544
223	43	0.019608
223	44	0.031250
223	45	0.030303
223	65	0.030303
223	101	0.038462
223	120	0.055556
223	132	0.052632
223	147	0.062500
223	148	0.058824
223	212	0.071429
224	4	0.020833
224	13	0.010309
224	23	0.014085
224	33	0.012821
224	38	0.018519
224	42	0.016129
224	53	0.033333
224	55	0.043478
224	113	0.037037
224	150	0.058824
224	169	0.050000
224	197	0.071429
224	225	0.066667
224	244	0.076923
224	258	0.083333
225	3	0.032258
225	13	0.010309
225	18	0.010870
225	21	0.017857
225	23	0.014085
225	61	0.050000
225	142	0.052632
225	151	0.050000
225	178	0.066667
225	188	0.055556
225	194	0.062500
225	224	0.066667
225	238	0.076923
225	243	0.083333
225	286	0.083333
226	6	0.021277
226	12	0.011364
226	34	0.029412
226	37	0.017544
226	38	0.018519
226	52	0.032258
226	69	0.047619
226	111	0.040000
226	117	0.055556
226	137	0.045455
226	144	0.050000
226	152	0.045455
226	281	0.083333
227	15	0.011236
227	19	0.022727
227	42	0.016129
227	46	0.025000
227	49	0.030303
227	67	0.047619
227	77	0.033333
227	107	0.047619
227	146	0.050000
227	161	0.041667
227	169	0.050000
227	210	0.066667
227	297	0.083333
228	13	0.010309
228	19	0.022727
228	37	0.017544
228	74	0.035714
228	78	0.040000
228	79	0.027027
228	84	0.037037
228	102	0.043478
228	144	0.050000
228	168	0.058824
228	170	0.076923
228	202	0.058824
229	0	0.030303
229	11	0.014925
229	15	0.011236
229	16	0.013333
229	36	0.022727
229	83	0.040000
229	96	0.033333
229	116	0.043478
229	127	0.055556
229	134	0.047619
229	145	0.050000
229	152	0.045455
229	246	0.083333
229	250	0.066667
229	276	0.083333
230	38	0.018519
230	39	0.027027
230	42	0.016129
230	53	0.033333
230	72	0.038462
230	116	0.043478
230	118	0.050000
230	137	0.045455
230	151	0.050000
230	161	0.041667
230	169	0.050000
230	184	0.058824
230	254	0.083333
230	255	0.076923
230	271	0.076923
231	8	0.012821
231	30	0.032258
231	42	0.016129
231	43	0.019608
231	44	0.031250
231	48	0.021739
231	49	0.030303
231	87	0.050000
231	98	0.047619
231	114	0.045455
231	127	0.055556
231	207	0.066667
231	240	0.050000
231	260	0.076923
231	294	0.083333
232	8	0.012821
232	12	0.011364
232	13	0.010309
232	28	0.033333
232	68	0.037037
232	84	0.037037
232	100	0.041667
232	103	0.037037
232	110	0.037037
232	124	0.062500
232	184	0.058824
232	205	0.062500
233	1	0.025000
233	4	0.020833
233	16	0.013333
233	17	0.013158
233	41	0.028571
233	47	0.030303
233	64	0.029412
233	70	0.034483
233	71	0.025641
233	109	0.041667
233	144	0.050000
233	150	0.058824
233	264	0.076923
233	292	0.083333
234	8	0.012821
234	13	0.010309
234	23	0.014085
234	37	0.017544
234	41	0.028571
234	43	0.019608
234	70	0.034483
234	162	0.062500
234	163	0.052632
234	164	0.058824
234	193	0.058824
234	200	0.071429
234	244	0.076923
234	282	0.083333
234	296	0.083333
235	4	0.020833
235	12	0.011364
235	18	0.010870
235	34	0.029412
235	51	0.026316
235	65	0.030303
235	82	0.037037
235	100	0.041667
235	113	0.037037
235	169	0.050000
235	194	0.062500
235	216	0.058824
236	14	0.010753
236	15	0.011236
236	18	0.010870
236	46	0.025000
236	66	0.030303
236	69	0.047619
236	136	0.045455
236	137	0.045455
236	141	0.045455
236	155	0.062500
236	166	0.055556
236	193	0.058824
236	273	0.083333
237	1	0.025000
237	3	0.032258
237	8	0.012821
237	17	0.013158
237	36	0.022727
237	52	0.032258
237	72	0.038462
237	73	0.043478
237	96	0.033333
237	101	0.038462
237	108	0.055556
237	178	0.066667
237	253	0.076923
237	276	0.083333
237	287	0.076923
237	293	0.083333
238	8	0.012821
238	9	0.021739
238	18	0.010870
238	36	0.022727
238	40	0.038462
238	44	0.031250
238	83	0.040000
238	142	0.052632
238	154	0.066667
238	156	0.062500
238	225	0.066667
238	271	0.076923
238	276	0.083333
239	8	0.012821
239	14	0.010753
239	19	0.022727
239	24	0.019608
239	30	0.032258
239	37	0.017544
239	41	0.028571
239	43	0.019608
239	60	0.040000
239	111	0.040000
239	125	0.052632
239	202	0.058824
239	284	0.076923
240	8	0.012821
240	15	0.011236
240	17	0.013158
240	18	0.010870
240	19	0.022727
240	21	0.017857
240	82	0.037037
240	166	0.055556
240	184	0.058824
240	191	0.058824
240	203	0.058824
240	231	0.066667
240	242	0.076923
240	256	0.083333
240	262	0.076923
240	264	0.076923
240	267	0.083333
240	287	0.076923
240	289	0.083333
240	296	0.083333
241	5	0.017544
241	27	0.026316
241	46	0.025000
241	64	0.029412
241	83	0.040000
241	88	0.038462
241	104	0.045455
241	117	0.055556
241	141	0.045455
241	159	0.071429
241	205	0.062500
241	210	0.066667
241	265	0.066667
241	296	0.083333
241	299	0.083333
242	0	0.030303
242	7	0.032258
242	33	0.012821
242	136	0.045455
242	144	0.050000
242	184	0.058824
242	187	0.062500
242	201	0.066667
242	202	0.058824
242	212	0.071429
242	216	0.058824
242	240	0.050000
242	280	0.083333
243	14	0.010753
243	38	0.018519
243	45	0.030303
243	75	0.027027
243	104	0.045455
243	125	0.052632
243	148	0.058824
243	152	0.045455
243	163	0.052632
243	188	0.055556
243	203	0.058824
243	225	0.066667
244	11	0.014925
244	15	0.011236
244	20	0.019231
244	33	0.012821
244	52	0.032258
244	64	0.029412
244	103	0.037037
244	115	0.055556
244	198	0.071429
244	205	0.062500
244	224	0.066667
244	234	0.066667
244	262	0.076923
245	6	0.021277
245	19	0.022727
245	20	0.019231
245	22	0.017241
245	39	0.027027
245	43	0.019608
245	53	0.033333
245	78	0.040000
245	99	0.033333
245	102	0.043478
245	149	0.045455
245	206	0.058824
246	0	0.030303
246	17	0.013158
246	22	0.017241
246	29	0.031250
246	44	0.031250
246	50	0.034483
246	89	0.038462
246	160	0.052632
246	188	0.055556
246	206	0.058824
246	222	0.076923
246	229	0.066667
247	6	0.021277
247	7	0.032258
247	18	0.010870
247	22	0.017241
247	33	0.012821
247	35	0.029412
247	47	0.030303
247	56	0.041667
247	93	0.050000
247	161	0.041667
247	191	0.058824
247	209	0.062500
248	8	0.012821
248	13	0.010309
248	15	0.011236
248	38	0.018519
248	42	0.016129
248	45	0.030303
248	73	0.043478
248	87	0.050000
248	137	0.045455
248	171	0.055556
248	209	0.062500
248	211	0.062500
248	271	0.076923
249	3	0.032258
249	15	0.011236
249	22	0.017241
249	38	0.018519
249	57	0.050000
249	85	0.047619
249	102	0.043478
249	110	0.037037
249	130	0.037037
249	211	0.062500
249	216	0.058824
250	2	0.015385
250	12	0.011364
250	18	0.010870
250	66	0.030303
250	88	0.038462
250	100	0.041667
250	111	0.040000
250	115	0.055556
250	122	0.071429
250	133	0.052632
250	200	0.071429
250	229	0.066667
250	280	0.083333
250	284	0.076923
250	294	0.083333
251	5	0.017544
251	18	0.010870
251	23	0.014085
251	24	0.019608
251	26	0.024390
251	42	0.016129
251	44	0.031250
251	47	0.030303
251	48	0.021739
251	110	0.037037
251	121	0.047619
251	161	0.041667
251	266	0.083333
251	281	0.083333
252	2	0.015385
252	13	0.010309
252	19	0.022727
252	23	0.014085
252	24	0.019608
252	79	0.027027
252	90	0.043478
252	128	0.045455
252	199	0.055556
252	209	0.062500
252	211	0.062500
252	286	0.083333
252	294	0.083333
253	7	0.032258
253	8	0.012821
253	27	0.026316
253	35	0.029412
253	53	0.033333
253	78	0.040000
253	110	0.037037
253	111	0.040000
253	119	0.043478
253	120	0.055556
253	199	0.055556
253	237	0.062500
253	301	0.083333
254	4	0.020833
254	12	0.011364
254	15	0.011236
254	18	0.010870
254	19	0.022727
254	38	0.018519
254	80	0.043478
254	81	0.038462
254	82	0.037037
254	99	0.033333
254	134	0.047619
254	230	0.066667
255	0	0.030303
255	2	0.015385
255	9	0.021739
255	12	0.011364
255	16	0.013333
255	37	0.017544
255	71	0.025641
255	102	0.043478
255	128	0.045455
255	130	0.037037
255	161	0.041667
255	230	0.066667
255	269	0.076923
256	5	0.017544
256	9	0.021739
256	15	0.011236
256	16	0.013333
256	33	0.012821
256	46	0.025000
256	64	0.029412
256	99	0.033333
256	113	0.037037
256	128	0.045455
256	240	0.050000
256	278	0.071429
257	5	0.017544
257	11	0.014925
257	20	0.019231
257	26	0.024390
257	39	0.027027
257	99	0.033333
257	107	0.047619
257	117	0.055556
257	130	0.037037
257	146	0.050000
257	150	0.058824
257	180	0.071429
257	273	0.083333
257	285	0.076923
258	3	0.032258
258	6	0.021277
258	11	0.014925
258	18	0.010870
258	32	0.033333
258	46	0.025000
258	64	0.029412
258	130	0.037037
258	135	0.062500
258	136	0.045455
258	169	0.050000
258	224	0.066667
259	2	0.015385
259	18	0.010870
259	20	0.019231
259	38	0.018519
259	71	0.025641
259	75	0.027027
259	88	0.038462
259	89	0.038462
259	109	0.041667
259	124	0.062500
259	135	0.062500
259	160	0.052632
260	1	0.025000
260	20	0.019231
260	36	0.022727
260	42	0.016129
260	48	0.021739
260	53	0.033333
260	74	0.035714
260	112	0.055556
260	113	0.037037
260	122	0.071429
260	176	0.058824
260	231	0.066667
260	269	0.076923
261	0	0.030303
261	4	0.020833
261	8	0.012821
261	26	0.024390
261	39	0.027027
261	42	0.016129
261	75	0.027027
261	113	0.037037
261	141	0.045455
261	161	0.041667
261	182	0.071429
261	213	0.071429
261	275	0.076923
261	276	0.083333
262	4	0.020833
262	25	0.025000
262	40	0.038462
262	42	0.016129
262	52	0.032258
262	116	0.043478
262	121	0.047619
262	129	0.052632
262	138	0.055556
262	211	0.062500
262	240	0.050000
262	244	0.076923
262	289	0.083333
263	7	0.032258
263	12	0.011364
263	13	0.010309
263	20	0.019231
263	23	0.014085
263	30	0.032258
263	42	0.016129
263	44	0.031250
263	81	0.038462
263	105	0.037037
263	169	0.050000
263	194	0.062500
263	289	0.083333
264	2	0.015385
264	17	0.013158
264	37	0.017544
264	51	0.026316
264	52	0.032258
264	71	0.025641
264	76	0.033333
264	89	0.038462
264	113	0.037037
264	132	0.052632
264	233	0.071429
264	240	0.050000
264	298	0.083333
265	4	0.020833
265	5	0.017544
265	23	0.014085
265	71	0.025641
265	79	0.027027
265	88	0.038462
265	100	0.041667
265	149	0.045455
265	152	0.045455
265	162	0.062500
265	181	0.066667
265	241	0.066667
265	272	0.083333
265	284	0.076923
265	293	0.083333
266	21	0.017857
266	22	0.017241
266	32	0.033333
266	33	0.012821
266	64	0.029412
266	112	0.055556
266	113	0.037037
266	119	0.043478
266	166	0.055556
266	179	0.062500
266	197	0.071429
266	251	0.071429
267	14	0.010753
267	18	0.010870
267	21	0.017857
267	41	0.028571
267	103	0.037037
267	143	0.055556
267	149	0.045455
267	160	0.052632
267	195	0.062500
267	199	0.055556
267	215	0.066667
267	240	0.050000
268	5	0.017544
268	7	0.032258
268	16	0.013333
268	17	0.013158
268	24	0.019608
268	25	0.025000
268	27	0.026316
268	50	0.034483
268	65	0.030303
268	105	0.037037
268	113	0.037037
268	130	0.037037
268	285	0.076923
269	8	0.012821
269	12	0.011364
269	24	0.019608
269	38	0.018519
269	43	0.019608
269	71	0.025641
269	74	0.035714
269	88	0.038462
269	104	0.045455
269	119	0.043478
269	255	0.076923
269	260	0.076923
269	285	0.076923
270	9	0.021739
270	13	0.010309
270	14	0.010753
270	47	0.030303
270	75	0.027027
270	82	0.037037
270	100	0.041667
270	132	0.052632
270	168	0.058824
270	179	0.062500
270	199	0.055556
270	277	0.083333
271	8	0.012821
271	25	0.025000
271	43	0.019608
271	52	0.032258
271	58	0.043478
271	71	0.025641
271	79	0.027027
271	110	0.037037
271	118	0.050000
271	230	0.066667
271	238	0.076923
271	248	0.076923
271	287	0.076923
272	8	0.012821
272	11	0.014925
272	20	0.019231
272	23	0.014085
272	32	0.033333
272	47	0.030303
272	48	0.021739
272	85	0.047619
272	130	0.037037
272	181	0.066667
272	265	0.066667
272	284	0.076923
273	5	0.017544
273	8	0.012821
273	9	0.021739
273	46	0.025000
273	51	0.026316
273	69	0.047619
273	113	0.037037
273	130	0.037037
273	131	0.071429
273	179	0.062500
273	236	0.076923
273	257	0.071429
274	4	0.020833
274	19	0.022727
274	23	0.014085
274	35	0.029412
274	36	0.022727
274	38	0.018519
274	40	0.038462
274	42	0.016129
274	105	0.037037
274	110	0.037037
274	195	0.062500
274	215	0.066667
275	6	0.021277
275	8	0.012821
275	13	0.010309
275	33	0.012821
275	38	0.018519
275	48	0.021739
275	52	0.032258
275	78	0.040000
275	133	0.052632
275	145	0.050000
275	203	0.058824
275	261	0.071429
275	302	0.083333
276	6	0.021277
276	10	0.021277
276	41	0.028571
276	43	0.019608
276	56	0.041667
276	73	0.043478
276	100	0.041667
276	217	0.076923
276	229	0.066667
276	237	0.062500
276	238	0.076923
276	261	0.071429
277	12	0.011364
277	14	0.010753
277	23	0.014085
277	36	0.022727
277	37	0.017544
277	39	0.027027
277	50	0.034483
277	67	0.047619
277	108	0.055556
277	113	0.037037
277	140	0.055556
277	270	0.083333
278	1	0.025000
278	13	0.010309
278	22	0.017241
278	23	0.014085
278	25	0.025000
278	26	0.024390
278	33	0.012821
278	69	0.047619
278	149	0.045455
278	203	0.058824
278	220	0.076923
278	256	0.083333
278	282	0.083333
278	294	0.083333
279	15	0.011236
279	29	0.031250
279	31	0.041667
279	51	0.026316
279	81	0.038462
279	83	0.040000
279	89	0.038462
279	90	0.043478
279	127	0.055556
279	175	0.076923
279	219	0.071429
279	221	0.076923
280	3	0.032258
280	10	0.021277
280	12	0.011364
280	26	0.024390
280	27	0.026316
280	34	0.029412
280	45	0.030303
280	68	0.037037
280	156	0.062500
280	169	0.050000
280	242	0.076923
280	250	0.066667
281	12	0.011364
281	15	0.011236
281	18	0.010870
281	23	0.014085
281	99	0.033333
281	129	0.052632
281	130	0.037037
281	180	0.071429
281	202	0.058824
281	206	0.058824
281	226	0.076923
281	251	0.071429
282	11	0.014925
282	20	0.019231
282	23	0.014085
282	80	0.043478
282	84	0.037037
282	89	0.038462
282	92	0.062500
282	101	0.038462
282	103	0.037037
282	206	0.058824
282	234	0.066667
282	278	0.071429
283	15	0.011236
283	18	0.010870
283	26	0.024390
283	66	0.030303
283	83	0.040000
283	99	0.033333
283	108	0.055556
283	123	0.058824
283	128	0.045455
283	141	0.045455
283	167	0.058824
283	173	0.071429
284	13	0.010309
284	15	0.011236
284	21	0.017857
284	49	0.030303
284	68	0.037037
284	76	0.033333
284	96	0.033333
284	213	0.071429
284	239	0.076923
284	250	0.066667
284	265	0.066667
284	272	0.083333
284	294	0.083333
285	6	0.021277
285	14	0.010753
285	21	0.017857
285	24	0.019608
285	25	0.025000
285	43	0.019608
285	78	0.040000
285	104	0.045455
285	105	0.037037
285	257	0.071429
285	268	0.076923
285	269	0.076923
285	293	0.083333
286	5	0.017544
286	11	0.014925
286	12	0.011364
286	13	0.010309
286	15	0.011236
286	48	0.021739
286	73	0.043478
286	128	0.045455
286	132	0.052632
286	216	0.058824
286	225	0.066667
286	252	0.076923
287	9	0.021739
287	17	0.013158
287	18	0.010870
287	22	0.017241
287	63	0.062500
287	64	0.029412
287	75	0.027027
287	76	0.033333
287	103	0.037037
287	237	0.062500
287	240	0.050000
287	271	0.076923
287	297	0.083333
288	33	0.012821
288	37	0.017544
288	53	0.033333
288	76	0.033333
288	79	0.027027
288	90	0.043478
288	103	0.037037
288	140	0.055556
288	152	0.045455
288	163	0.052632
288	171	0.055556
288	205	0.062500
289	12	0.011364
289	15	0.011236
289	71	0.025641
289	86	0.058824
289	91	0.045455
289	116	0.043478
289	124	0.062500
289	146	0.050000
289	204	0.076923
289	240	0.050000
289	262	0.076923
289	263	0.076923
290	2	0.015385
290	5	0.017544
290	8	0.012821
290	9	0.021739
290	71	0.025641
290	72	0.038462
290	76	0.033333
290	96	0.033333
290	163	0.052632
290	193	0.058824
290	195	0.062500
290	208	0.076923
291	2	0.015385
291	14	0.010753
291	20	0.019231
291	79	0.027027
291	89	0.038462
291	110	0.037037
291	111	0.040000
291	113	0.037037
291	151	0.050000
291	166	0.055556
291	167	0.058824
291	182	0.071429
292	4	0.020833
292	16	0.013333
292	40	0.038462
292	71	0.025641
292	79	0.027027
292	84	0.037037
292	140	0.055556
292	144	0.050000
292	177	0.062500
292	195	0.062500
292	210	0.066667
292	233	0.071429
293	8	0.012821
293	14	0.010753
293	26	0.024390
293	33	0.012821
293	37	0.017544
293	68	0.037037
293	106	0.066667
293	121	0.047619
293	146	0.050000
293	237	0.062500
293	265	0.066667
293	285	0.076923
294	17	0.013158
294	18	0.010870
294	43	0.019608
294	46	0.025000
294	82	0.037037
294	142	0.052632
294	193	0.058824
294	231	0.066667
294	250	0.066667
294	252	0.076923
294	278	0.071429
294	284	0.076923
295	1	0.025000
295	15	0.011236
295	16	0.013333
295	24	0.019608
295	33	0.012821
295	35	0.029412
295	38	0.018519
295	48	0.021739
295	52	0.032258
295	90	0.043478
295	144	0.050000
295	152	0.045455
296	9	0.021739
296	10	0.021277
296	11	0.014925
296	43	0.019608
296	72	0.038462
296	107	0.047619
296	142	0.052632
296	177	0.062500
296	193	0.058824
296	234	0.066667
296	240	0.050000
296	241	0.066667
297	5	0.017544
297	13	0.010309
297	16	0.013333
297	18	0.010870
297	21	0.017857
297	42	0.016129
297	58	0.043478
297	74	0.035714
297	133	0.052632
297	161	0.041667
297	227	0.076923
297	287	0.076923
298	7	0.032258
298	33	0.012821
298	37	0.017544
298	60	0.040000
298	66	0.030303
298	71	0.025641
298	82	0.037037
298	143	0.055556
298	155	0.062500
298	176	0.058824
298	215	0.066667
298	264	0.076923
299	2	0.015385
299	10	0.021277
299	13	0.010309
299	22	0.017241
299	46	0.025000
299	79	0.027027
299	84	0.037037
299	105	0.037037
299	110	0.037037
299	136	0.045455
299	187	0.062500
299	241	0.066667
300	0	0.030303
300	14	0.010753
300	33	0.012821
300	41	0.028571
300	43	0.019608
300	59	0.047619
300	80	0.043478
300	113	0.037037
300	176	0.058824
300	191	0.058824
300	202	0.058824
300	207	0.066667
301	8	0.012821
301	13	0.010309
301	18	0.010870
301	25	0.025000
301	28	0.033333
301	32	0.033333
301	36	0.022727
301	43	0.019608
301	82	0.037037
301	166	0.055556
301	187	0.062500
301	253	0.076923
302	12	0.011364
302	18	0.010870
302	20	0.019231
302	22	0.017241
302	51	0.026316
302	90	0.043478
302	96	0.033333
302	109	0.041667
302	110	0.037037
302	118	0.050000
302	140	0.055556
302	275	0.076923
