456	15768
0	1	0.020408
0	2	0.015625
0	3	0.015152
0	4	0.010638
0	5	0.023256
0	6	0.013699
0	7	0.017857
0	8	0.020408
0	9	0.019608
0	10	0.014706
0	11	0.016393
0	12	0.045455
0	13	0.016667
0	14	0.012346
0	15	0.011905
0	16	0.032258
0	17	0.019608
0	18	0.015625
0	19	0.007299
0	20	0.008264
0	21	0.007042
0	22	0.008333
0	23	0.007353
0	24	0.009615
0	25	0.007143
0	26	0.010101
0	28	0.008772
0	29	0.008696
0	30	0.010870
0	31	0.012048
0	32	0.009174
0	33	0.008197
0	34	0.014085
0	35	0.010204
0	36	0.012658
0	37	0.012048
0	38	0.017857
0	39	0.011628
0	45	0.010638
0	46	0.012500
0	48	0.016129
0	50	0.011494
0	51	0.015385
0	52	0.013514
0	54	0.016393
0	55	0.015873
0	56	0.014085
0	57	0.013889
0	58	0.016393
0	59	0.016129
0	60	0.015152
0	61	0.018868
0	62	0.017857
0	66	0.026316
0	67	0.021739
0	68	0.020408
0	69	0.021739
0	73	0.023810
0	75	0.025000
0	76	0.023810
0	78	0.020408
0	79	0.021739
0	80	0.016393
0	83	0.020408
0	85	0.023810
0	88	0.026316
0	95	0.022222
0	99	0.031250
0	104	0.026316
0	107	0.021277
0	111	0.020833
0	112	0.024390
0	116	0.024390
0	117	0.027778
0	124	0.023810
0	128	0.025641
0	131	0.023256
0	133	0.030303
0	136	0.028571
0	137	0.031250
0	138	0.034483
0	141	0.023810
0	142	0.030303
0	143	0.025641
0	147	0.027778
0	152	0.037037
0	157	0.025641
0	159	0.034483
0	161	0.030303
0	162	0.037037
0	164	0.034483
0	174	0.033333
0	177	0.041667
0	179	0.026316
0	187	0.035714
0	195	0.040000
0	199	0.037037
0	201	0.034483
0	203	0.029412
0	205	0.027778
0	212	0.041667
0	216	0.037037
0	217	0.041667
0	218	0.032258
0	234	0.047619
0	248	0.034483
0	256	0.050000
0	257	0.038462
0	263	0.040000
0	268	0.041667
0	269	0.035714
0	275	0.041667
0	278	0.041667
0	281	0.040000
0	285	0.043478
0	290	0.037037
0	291	0.050000
0	302	0.052632
0	308	0.050000
0	317	0.040000
0	321	0.047619
0	324	0.038462
0	342	0.052632
0	351	0.052632
0	352	0.055556
0	355	0.045455
0	357	0.050000
0	360	0.050000
0	364	0.052632
0	372	0.052632
0	373	0.052632
0	378	0.047619
0	385	0.052632
0	398	0.050000
0	433	0.052632
0	437	0.052632
0	438	0.052632
0	449	0.055556
1	0	0.007246
1	19	0.007299
1	20	0.008264
1	21	0.007042
1	22	0.008333
1	23	0.007353
1	25	0.007143
1	27	0.008547
1	31	0.012048
1	34	0.014085
1	41	0.012987
1	45	0.010638
1	51	0.015385
1	56	0.014085
1	64	0.016949
1	77	0.015873
1	78	0.020408
1	82	0.022727
1	95	0.022222
1	101	0.024390
1	116	0.024390
1	121	0.022222
1	124	0.023810
1	125	0.028571
1	135	0.028571
1	139	0.026316
1	141	0.023810
1	146	0.029412
1	161	0.030303
1	168	0.040000
1	195	0.040000
1	198	0.031250
1	200	0.043478
1	206	0.033333
1	208	0.038462
1	212	0.041667
1	219	0.035714
1	225	0.040000
1	229	0.041667
1	239	0.035714
1	246	0.040000
1	343	0.052632
1	345	0.045455
1	370	0.052632
1	390	0.041667
1	397	0.045455
1	425	0.052632
1	438	0.052632
1	440	0.055556
2	0	0.007246
2	19	0.007299
2	20	0.008264
2	21	0.007042
2	22	0.008333
2	23	0.007353
2	24	0.009615
2	26	0.010101
2	29	0.008696
2	31	0.012048
2	33	0.008197
2	36	0.012658
2	44	0.014286
2	45	0.010638
2	46	0.012500
2	61	0.018868
2	64	0.016949
2	68	0.020408
2	69	0.021739
2	74	0.025641
2	78	0.020408
2	88	0.026316
2	101	0.024390
2	104	0.026316
2	111	0.020833
2	119	0.023810
2	121	0.022222
2	123	0.029412
2	130	0.033333
2	132	0.025641
2	139	0.026316
2	140	0.035714
2	155	0.029412
2	158	0.037037
2	160	0.026316
2	161	0.030303
2	162	0.037037
2	175	0.031250
2	176	0.043478
2	178	0.035714
2	184	0.031250
2	186	0.037037
2	187	0.035714
2	196	0.037037
2	212	0.041667
2	227	0.045455
2	238	0.035714
2	248	0.034483
2	260	0.043478
2	263	0.040000
2	269	0.035714
2	280	0.037037
2	281	0.040000
2	310	0.040000
2	325	0.047619
2	333	0.041667
2	353	0.050000
2	375	0.047619
2	382	0.052632
2	390	0.041667
2	395	0.047619
2	402	0.052632
2	415	0.055556
2	455	0.055556
3	0	0.007246
3	19	0.007299
3	20	0.008264
3	21	0.007042
3	22	0.008333
3	23	0.007353
3	24	0.009615
3	25	0.007143
3	26	0.010101
3	27	0.008547
3	28	0.008772
3	30	0.010870
3	32	0.009174
3	38	0.017857
3	40	0.011628
3	42	0.012821
3	49	0.013514
3	63	0.014925
3	69	0.021739
3	76	0.023810
3	80	0.016393
3	82	0.022727
3	84	0.020000
3	91	0.019231
3	101	0.024390
3	104	0.026316
3	105	0.025641
3	115	0.024390
3	117	0.027778
3	130	0.033333
3	136	0.028571
3	144	0.024390
3	152	0.037037
3	156	0.031250
3	158	0.037037
3	172	0.032258
3	180	0.038462
3	181	0.033333
3	202	0.034483
3	204	0.040000
3	219	0.035714
3	235	0.037037
3	238	0.035714
3	240	0.045455
3	258	0.041667
3	260	0.043478
3	261	0.043478
3	273	0.050000
3	284	0.043478
3	289	0.038462
3	296	0.052632
3	309	0.047619
3	310	0.040000
3	318	0.043478
3	327	0.041667
3	340	0.043478
3	362	0.043478
3	366	0.047619
3	371	0.047619
3	378	0.047619
3	407	0.055556
3	409	0.050000
3	426	0.052632
3	432	0.055556
3	435	0.055556
3	440	0.055556
4	0	0.007246
4	19	0.007299
4	20	0.008264
4	21	0.007042
4	22	0.008333
4	23	0.007353
4	24	0.009615
4	25	0.007143
4	26	0.010101
4	27	0.008547
4	28	0.008772
4	29	0.008696
4	30	0.010870
4	31	0.012048
4	32	0.009174
4	33	0.008197
4	35	0.010204
4	36	0.012658
4	37	0.012048
4	41	0.012987
4	42	0.012821
4	44	0.014286
4	45	0.010638
4	46	0.012500
4	47	0.016949
4	48	0.016129
4	53	0.017544
4	56	0.014085
4	63	0.014925
4	69	0.021739
4	71	0.021739
4	73	0.023810
4	74	0.025641
4	77	0.015873
4	78	0.020408
4	83	0.020408
4	86	0.027027
4	87	0.021277
4	91	0.019231
4	92	0.019608
4	96	0.022222
4	99	0.031250
4	106	0.020408
4	108	0.030303
4	115	0.024390
4	116	0.024390
4	124	0.023810
4	132	0.025641
4	138	0.034483
4	144	0.024390
4	145	0.029412
4	154	0.033333
4	169	0.034483
4	187	0.035714
4	190	0.031250
4	215	0.040000
4	221	0.034483
4	225	0.040000
4	236	0.037037
4	247	0.050000
4	255	0.034483
4	257	0.038462
4	269	0.035714
4	271	0.047619
4	272	0.038462
4	273	0.050000
4	283	0.043478
4	290	0.037037
4	293	0.043478
4	294	0.052632
4	296	0.052632
4	306	0.041667
4	313	0.047619
4	318	0.043478
4	324	0.038462
4	343	0.052632
4	345	0.045455
4	360	0.050000
4	382	0.052632
4	384	0.050000
4	386	0.052632
4	397	0.045455
4	399	0.050000
4	402	0.052632
4	406	0.052632
4	412	0.052632
4	414	0.047619
4	416	0.047619
4	419	0.050000
4	421	0.055556
4	435	0.055556
4	436	0.055556
4	442	0.055556
4	447	0.055556
5	0	0.007246
5	19	0.007299
5	20	0.008264
5	21	0.007042
5	22	0.008333
5	24	0.009615
5	25	0.007143
5	27	0.008547
5	28	0.008772
5	29	0.008696
5	31	0.012048
5	32	0.009174
5	36	0.012658
5	52	0.013514
5	73	0.023810
5	85	0.023810
5	89	0.021277
5	92	0.019608
5	95	0.022222
5	108	0.030303
5	109	0.024390
5	116	0.024390
5	123	0.029412
5	143	0.025641
5	148	0.031250
5	160	0.026316
5	174	0.033333
5	185	0.032258
5	221	0.034483
5	240	0.045455
5	256	0.050000
5	268	0.041667
5	276	0.043478
5	285	0.043478
5	305	0.038462
5	316	0.038462
5	319	0.052632
5	339	0.050000
5	369	0.047619
5	414	0.047619
5	423	0.055556
5	427	0.052632
5	431	0.055556
6	0	0.007246
6	19	0.007299
6	20	0.008264
6	21	0.007042
6	23	0.007353
6	24	0.009615
6	25	0.007143
6	26	0.010101
6	31	0.012048
6	32	0.009174
6	35	0.010204
6	37	0.012048
6	40	0.011628
6	41	0.012987
6	44	0.014286
6	46	0.012500
6	48	0.016129
6	53	0.017544
6	56	0.014085
6	61	0.018868
6	64	0.016949
6	65	0.012658
6	71	0.021739
6	73	0.023810
6	77	0.015873
6	84	0.020000
6	90	0.022727
6	93	0.023810
6	94	0.021277
6	96	0.022222
6	103	0.030303
6	105	0.025641
6	113	0.023256
6	121	0.022222
6	123	0.029412
6	126	0.023810
6	145	0.029412
6	147	0.027778
6	179	0.026316
6	184	0.031250
6	199	0.037037
6	206	0.033333
6	209	0.034483
6	210	0.038462
6	212	0.041667
6	221	0.034483
6	226	0.038462
6	231	0.043478
6	232	0.035714
6	235	0.037037
6	250	0.041667
6	254	0.043478
6	259	0.045455
6	270	0.041667
6	277	0.038462
6	278	0.041667
6	290	0.037037
6	302	0.052632
6	307	0.047619
6	317	0.040000
6	321	0.047619
6	322	0.043478
6	343	0.052632
6	366	0.047619
6	375	0.047619
6	399	0.050000
6	400	0.052632
6	402	0.052632
6	404	0.047619
6	423	0.055556
6	424	0.055556
6	435	0.055556
6	451	0.052632
7	0	0.007246
7	19	0.007299
7	21	0.007042
7	22	0.008333
7	23	0.007353
7	27	0.008547
7	28	0.008772
7	29	0.008696
7	32	0.009174
7	33	0.008197
7	34	0.014085
7	42	0.012821
7	43	0.018868
7	47	0.016949
7	60	0.015152
7	69	0.021739
7	70	0.016667
7	73	0.023810
7	74	0.025641
7	76	0.023810
7	79	0.021739
7	89	0.021277
7	97	0.021277
7	98	0.024390
7	99	0.031250
7	103	0.030303
7	105	0.025641
7	107	0.021277
7	115	0.024390
7	121	0.022222
7	122	0.027778
7	128	0.025641
7	129	0.033333
7	152	0.037037
7	164	0.034483
7	194	0.033333
7	206	0.033333
7	209	0.034483
7	213	0.043478
7	233	0.045455
7	235	0.037037
7	247	0.050000
7	253	0.034483
7	261	0.043478
7	272	0.038462
7	283	0.043478
7	287	0.041667
7	316	0.038462
7	339	0.050000
7	344	0.047619
7	350	0.055556
7	360	0.050000
7	374	0.052632
7	400	0.052632
7	404	0.047619
7	432	0.055556
8	0	0.007246
8	19	0.007299
8	20	0.008264
8	21	0.007042
8	22	0.008333
8	24	0.009615
8	26	0.010101
8	27	0.008547
8	28	0.008772
8	29	0.008696
8	33	0.008197
8	35	0.010204
8	37	0.012048
8	39	0.011628
8	41	0.012987
8	47	0.016949
8	50	0.011494
8	52	0.013514
8	54	0.016393
8	55	0.015873
8	61	0.018868
8	73	0.023810
8	76	0.023810
8	88	0.026316
8	100	0.028571
8	103	0.030303
8	107	0.021277
8	109	0.024390
8	124	0.023810
8	129	0.033333
8	133	0.030303
8	158	0.037037
8	178	0.035714
8	193	0.028571
8	200	0.043478
8	213	0.043478
8	240	0.045455
8	267	0.043478
8	273	0.050000
8	283	0.043478
8	303	0.052632
8	309	0.047619
8	316	0.038462
8	329	0.052632
8	353	0.050000
8	364	0.052632
8	367	0.043478
8	371	0.047619
8	395	0.047619
9	0	0.007246
9	19	0.007299
9	20	0.008264
9	21	0.007042
9	22	0.008333
9	23	0.007353
9	24	0.009615
9	26	0.010101
9	27	0.008547
9	28	0.008772
9	31	0.012048
9	34	0.014085
9	37	0.012048
9	39	0.011628
9	46	0.012500
9	48	0.016129
9	52	0.013514
9	56	0.014085
9	60	0.015152
9	62	0.017857
9	70	0.016667
9	78	0.020408
9	81	0.020408
9	86	0.027027
9	99	0.031250
9	105	0.025641
9	116	0.024390
9	117	0.027778
9	125	0.028571
9	188	0.031250
9	201	0.034483
9	207	0.037037
9	216	0.037037
9	220	0.032258
9	230	0.038462
9	263	0.040000
9	285	0.043478
9	286	0.052632
9	297	0.045455
9	299	0.043478
9	317	0.040000
9	337	0.050000
9	364	0.052632
9	380	0.047619
9	386	0.052632
9	395	0.047619
9	405	0.052632
9	413	0.055556
9	447	0.055556
9	449	0.055556
9	452	0.055556
10	0	0.007246
10	19	0.007299
10	20	0.008264
10	21	0.007042
10	22	0.008333
10	23	0.007353
10	25	0.007143
10	27	0.008547
10	29	0.008696
10	30	0.010870
10	32	0.009174
10	35	0.010204
10	36	0.012658
10	37	0.012048
10	38	0.017857
10	40	0.011628
10	42	0.012821
10	43	0.018868
10	44	0.014286
10	47	0.016949
10	51	0.015385
10	55	0.015873
10	59	0.016129
10	60	0.015152
10	64	0.016949
10	67	0.021739
10	76	0.023810
10	81	0.020408
10	85	0.023810
10	89	0.021277
10	92	0.019608
10	98	0.024390
10	109	0.024390
10	118	0.025641
10	123	0.029412
10	137	0.031250
10	148	0.031250
10	152	0.037037
10	155	0.029412
10	156	0.031250
10	167	0.038462
10	174	0.033333
10	178	0.035714
10	180	0.038462
10	182	0.034483
10	201	0.034483
10	205	0.027778
10	213	0.043478
10	218	0.032258
10	225	0.040000
10	227	0.045455
10	231	0.043478
10	240	0.045455
10	244	0.035714
10	250	0.041667
10	253	0.034483
10	273	0.050000
10	280	0.037037
10	282	0.047619
10	287	0.041667
10	294	0.052632
10	302	0.052632
10	312	0.047619
10	332	0.047619
10	364	0.052632
10	394	0.052632
10	411	0.055556
10	451	0.052632
11	0	0.007246
11	19	0.007299
11	20	0.008264
11	21	0.007042
11	22	0.008333
11	23	0.007353
11	25	0.007143
11	27	0.008547
11	29	0.008696
11	30	0.010870
11	31	0.012048
11	33	0.008197
11	35	0.010204
11	39	0.011628
11	40	0.011628
11	42	0.012821
11	44	0.014286
11	48	0.016129
11	51	0.015385
11	58	0.016393
11	63	0.014925
11	64	0.016949
11	73	0.023810
11	74	0.025641
11	75	0.025000
11	91	0.019231
11	102	0.024390
11	106	0.020408
11	112	0.024390
11	114	0.023256
11	136	0.028571
11	144	0.024390
11	150	0.034483
11	166	0.033333
11	167	0.038462
11	186	0.037037
11	191	0.037037
11	216	0.037037
11	221	0.034483
11	228	0.041667
11	229	0.041667
11	230	0.038462
11	240	0.045455
11	246	0.040000
11	269	0.035714
11	289	0.038462
11	315	0.052632
11	319	0.052632
11	320	0.047619
11	325	0.047619
11	330	0.043478
11	333	0.041667
11	335	0.045455
11	341	0.055556
11	348	0.050000
11	352	0.055556
11	365	0.052632
11	399	0.050000
11	423	0.055556
11	430	0.055556
11	454	0.055556
12	0	0.007246
12	28	0.008772
12	39	0.011628
12	42	0.012821
12	53	0.017544
12	67	0.021739
12	69	0.021739
12	77	0.015873
12	128	0.025641
12	146	0.029412
12	186	0.037037
12	212	0.041667
12	272	0.038462
12	308	0.050000
12	331	0.050000
12	335	0.045455
12	340	0.043478
12	347	0.047619
12	359	0.050000
12	403	0.047619
12	446	0.055556
12	453	0.055556
13	0	0.007246
13	19	0.007299
13	20	0.008264
13	21	0.007042
13	24	0.009615
13	25	0.007143
13	26	0.010101
13	33	0.008197
13	38	0.017857
13	39	0.011628
13	41	0.012987
13	42	0.012821
13	44	0.014286
13	48	0.016129
13	55	0.015873
13	56	0.014085
13	63	0.014925
13	71	0.021739
13	76	0.023810
13	77	0.015873
13	78	0.020408
13	113	0.023256
13	127	0.027027
13	134	0.031250
13	138	0.034483
13	140	0.035714
13	146	0.029412
13	149	0.040000
13	154	0.033333
13	174	0.033333
13	180	0.038462
13	188	0.031250
13	204	0.040000
13	210	0.038462
13	216	0.037037
13	223	0.033333
13	230	0.038462
13	253	0.034483
13	265	0.045455
13	287	0.041667
13	306	0.041667
13	317	0.040000
13	318	0.043478
13	323	0.055556
13	344	0.047619
13	350	0.055556
13	357	0.050000
13	359	0.050000
13	367	0.043478
13	369	0.047619
13	377	0.055556
13	384	0.050000
13	391	0.055556
13	396	0.052632
13	397	0.045455
13	402	0.052632
13	407	0.055556
13	418	0.050000
13	420	0.055556
13	440	0.055556
14	0	0.007246
14	19	0.007299
14	20	0.008264
14	21	0.007042
14	22	0.008333
14	23	0.007353
14	24	0.009615
14	28	0.008772
14	30	0.010870
14	34	0.014085
14	36	0.012658
14	38	0.017857
14	39	0.011628
14	44	0.014286
14	46	0.012500
14	48	0.016129
14	49	0.013514
14	54	0.016393
14	61	0.018868
14	62	0.017857
14	63	0.014925
14	69	0.021739
14	72	0.023256
14	73	0.023810
14	77	0.015873
14	79	0.021739
14	81	0.020408
14	83	0.020408
14	91	0.019231
14	94	0.021277
14	95	0.022222
14	103	0.030303
14	106	0.020408
14	124	0.023810
14	129	0.033333
14	130	0.033333
14	131	0.023256
14	146	0.029412
14	147	0.027778
14	154	0.033333
14	159	0.034483
14	163	0.031250
14	168	0.040000
14	169	0.034483
14	170	0.035714
14	178	0.035714
14	187	0.035714
14	210	0.038462
14	222	0.026316
14	229	0.041667
14	230	0.038462
14	234	0.047619
14	239	0.035714
14	245	0.035714
14	258	0.041667
14	260	0.043478
14	267	0.043478
14	273	0.050000
14	275	0.041667
14	285	0.043478
14	296	0.052632
14	299	0.043478
14	306	0.041667
14	307	0.047619
14	322	0.043478
14	325	0.047619
14	326	0.050000
14	335	0.045455
14	355	0.045455
14	357	0.050000
14	360	0.050000
14	365	0.052632
14	382	0.052632
14	398	0.050000
14	402	0.052632
14	406	0.052632
14	413	0.055556
14	426	0.052632
14	427	0.052632
14	442	0.055556
14	446	0.055556
15	0	0.007246
15	19	0.007299
15	20	0.008264
15	21	0.007042
15	23	0.007353
15	24	0.009615
15	25	0.007143
15	26	0.010101
15	29	0.008696
15	30	0.010870
15	32	0.009174
15	33	0.008197
15	34	0.014085
15	35	0.010204
15	37	0.012048
15	41	0.012987
15	43	0.018868
15	45	0.010638
15	46	0.012500
15	48	0.016129
15	56	0.014085
15	57	0.013889
15	58	0.016393
15	61	0.018868
15	64	0.016949
15	67	0.021739
15	71	0.021739
15	84	0.020000
15	87	0.021277
15	93	0.023810
15	95	0.022222
15	101	0.024390
15	102	0.024390
15	112	0.024390
15	123	0.029412
15	133	0.030303
15	134	0.031250
15	137	0.031250
15	141	0.023810
15	147	0.027778
15	153	0.033333
15	162	0.037037
15	168	0.040000
15	172	0.032258
15	174	0.033333
15	175	0.031250
15	178	0.035714
15	179	0.026316
15	189	0.038462
15	208	0.038462
15	221	0.034483
15	223	0.033333
15	233	0.045455
15	234	0.047619
15	235	0.037037
15	243	0.040000
15	246	0.040000
15	256	0.050000
15	264	0.043478
15	281	0.040000
15	286	0.052632
15	298	0.041667
15	300	0.032258
15	301	0.050000
15	303	0.052632
15	305	0.038462
15	306	0.041667
15	318	0.043478
15	323	0.055556
15	324	0.038462
15	328	0.047619
15	331	0.050000
15	347	0.047619
15	376	0.050000
15	380	0.047619
15	382	0.052632
15	390	0.041667
15	396	0.052632
15	403	0.047619
15	416	0.047619
15	436	0.055556
15	450	0.055556
15	454	0.055556
15	455	0.055556
16	0	0.007246
16	19	0.007299
16	20	0.008264
16	22	0.008333
16	23	0.007353
16	27	0.008547
16	30	0.010870
16	31	0.012048
16	38	0.017857
16	91	0.019231
16	93	0.023810
16	94	0.021277
16	99	0.031250
16	104	0.026316
16	112	0.024390
16	136	0.028571
16	159	0.034483
16	166	0.033333
16	180	0.038462
16	234	0.047619
16	237	0.038462
16	258	0.041667
16	263	0.040000
16	277	0.038462
16	283	0.043478
16	292	0.040000
16	301	0.050000
16	393	0.052632
16	400	0.052632
16	406	0.052632
16	407	0.055556
17	0	0.007246
17	19	0.007299
17	20	0.008264
17	21	0.007042
17	22	0.008333
17	23	0.007353
17	24	0.009615
17	25	0.007143
17	26	0.010101
17	27	0.008547
17	29	0.008696
17	34	0.014085
17	51	0.015385
17	53	0.017544
17	57	0.013889
17	59	0.016129
17	65	0.012658
17	66	0.026316
17	95	0.022222
17	97	0.021277
17	108	0.030303
17	115	0.024390
17	117	0.027778
17	128	0.025641
17	134	0.031250
17	136	0.028571
17	152	0.037037
17	158	0.037037
17	170	0.035714
17	191	0.037037
17	209	0.034483
17	218	0.032258
17	220	0.032258
17	234	0.047619
17	238	0.035714
17	242	0.034483
17	268	0.041667
17	276	0.043478
17	292	0.040000
17	298	0.041667
17	309	0.047619
17	315	0.052632
17	346	0.050000
17	363	0.052632
17	375	0.047619
17	377	0.055556
17	394	0.052632
17	403	0.047619
17	421	0.055556
17	424	0.055556
17	428	0.055556
18	0	0.007246
18	19	0.007299
18	20	0.008264
18	22	0.008333
18	24	0.009615
18	25	0.007143
18	26	0.010101
18	27	0.008547
18	30	0.010870
18	32	0.009174
18	34	0.014085
18	36	0.012658
18	37	0.012048
18	44	0.014286
18	50	0.011494
18	54	0.016393
18	57	0.013889
18	61	0.018868
18	66	0.026316
18	67	0.021739
18	72	0.023256
18	76	0.023810
18	83	0.020408
18	84	0.020000
18	100	0.028571
18	104	0.026316
18	108	0.030303
18	111	0.020833
18	122	0.027778
18	123	0.029412
18	137	0.031250
18	138	0.034483
18	139	0.026316
18	147	0.027778
18	158	0.037037
18	165	0.029412
18	171	0.030303
18	181	0.033333
18	183	0.030303
18	202	0.034483
18	208	0.038462
18	216	0.037037
18	239	0.035714
18	258	0.041667
18	260	0.043478
18	308	0.050000
18	327	0.041667
18	350	0.055556
18	357	0.050000
18	368	0.055556
18	371	0.047619
18	374	0.052632
18	384	0.050000
18	387	0.050000
18	388	0.052632
18	398	0.050000
18	408	0.055556
18	415	0.055556
18	419	0.050000
18	425	0.052632
18	431	0.055556
18	434	0.055556
18	447	0.055556
18	450	0.055556
19	0	0.007246
19	1	0.020408
19	2	0.015625
19	3	0.015152
19	4	0.010638
19	5	0.023256
19	6	0.013699
19	7	0.017857
19	8	0.020408
19	9	0.019608
19	10	0.014706
19	11	0.016393
19	13	0.016667
19	14	0.012346
19	15	0.011905
19	16	0.032258
19	17	0.019608
19	18	0.015625
19	20	0.008264
19	21	0.007042
19	22	0.008333
19	23	0.007353
19	24	0.009615
19	25	0.007143
19	26	0.010101
19	27	0.008547
19	28	0.008772
19	29	0.008696
19	31	0.012048
19	32	0.009174
19	35	0.010204
19	36	0.012658
19	37	0.012048
19	38	0.017857
19	39	0.011628
19	40	0.011628
19	41	0.012987
19	44	0.014286
19	46	0.012500
19	47	0.016949
19	48	0.016129
19	49	0.013514
19	53	0.017544
19	57	0.013889
19	58	0.016393
19	60	0.015152
19	62	0.017857
19	67	0.021739
19	68	0.020408
19	69	0.021739
19	72	0.023256
19	74	0.025641
19	77	0.015873
19	81	0.020408
19	83	0.020408
19	85	0.023810
19	86	0.027027
19	87	0.021277
19	97	0.021277
19	101	0.024390
19	111	0.020833
19	114	0.023256
19	118	0.025641
19	122	0.027778
19	124	0.023810
19	131	0.023256
19	132	0.025641
19	134	0.031250
19	140	0.035714
19	141	0.023810
19	145	0.029412
19	146	0.029412
19	149	0.040000
19	151	0.032258
19	154	0.033333
19	155	0.029412
19	159	0.034483
19	163	0.031250
19	165	0.029412
19	169	0.034483
19	170	0.035714
19	173	0.035714
19	174	0.033333
19	178	0.035714
19	180	0.038462
19	183	0.030303
19	188	0.031250
19	192	0.037037
19	196	0.037037
19	199	0.037037
19	201	0.034483
19	202	0.034483
19	210	0.038462
19	219	0.035714
19	221	0.034483
19	223	0.033333
19	225	0.040000
19	228	0.041667
19	229	0.041667
19	233	0.045455
19	253	0.034483
19	255	0.034483
19	257	0.038462
19	262	0.041667
19	274	0.045455
19	291	0.050000
19	295	0.047619
19	301	0.050000
19	304	0.043478
19	305	0.038462
19	314	0.055556
19	321	0.047619
19	325	0.047619
19	326	0.050000
19	327	0.041667
19	334	0.043478
19	335	0.045455
19	337	0.050000
19	345	0.045455
19	351	0.052632
19	355	0.045455
19	358	0.050000
19	362	0.043478
19	372	0.052632
19	375	0.047619
19	381	0.055556
19	385	0.052632
19	401	0.043478
19	405	0.052632
19	417	0.050000
19	423	0.055556
19	432	0.055556
19	437	0.052632
19	438	0.052632
19	439	0.055556
19	448	0.052632
19	455	0.055556
20	0	0.007246
20	1	0.020408
20	2	0.015625
20	3	0.015152
20	4	0.010638
20	5	0.023256
20	6	0.013699
20	8	0.020408
20	9	0.019608
20	10	0.014706
20	11	0.016393
20	13	0.016667
20	14	0.012346
20	15	0.011905
20	16	0.032258
20	17	0.019608
20	18	0.015625
20	19	0.007299
20	21	0.007042
20	22	0.008333
20	23	0.007353
20	24	0.009615
20	25	0.007143
20	26	0.010101
20	28	0.008772
20	29	0.008696
20	30	0.010870
20	31	0.012048
20	32	0.009174
20	33	0.008197
20	36	0.012658
20	37	0.012048
20	38	0.017857
20	40	0.011628
20	41	0.012987
20	42	0.012821
20	43	0.018868
20	44	0.014286
20	45	0.010638
20	48	0.016129
20	49	0.013514
20	50	0.011494
20	52	0.013514
20	53	0.017544
20	54	0.016393
20	58	0.016393
20	60	0.015152
20	61	0.018868
20	62	0.017857
20	66	0.026316
20	67	0.021739
20	75	0.025000
20	76	0.023810
20	78	0.020408
20	80	0.016393
20	82	0.022727
20	84	0.020000
20	89	0.021277
20	92	0.019608
20	94	0.021277
20	95	0.022222
20	96	0.022222
20	98	0.024390
20	99	0.031250
20	114	0.023256
20	117	0.027778
20	119	0.023810
20	125	0.028571
20	127	0.027027
20	131	0.023256
20	134	0.031250
20	138	0.034483
20	145	0.029412
20	146	0.029412
20	152	0.037037
20	161	0.030303
20	164	0.034483
20	166	0.033333
20	171	0.030303
20	173	0.035714
20	189	0.038462
20	191	0.037037
20	201	0.034483
20	204	0.040000
20	206	0.033333
20	214	0.032258
20	221	0.034483
20	224	0.045455
20	239	0.035714
20	242	0.034483
20	246	0.040000
20	248	0.034483
20	255	0.034483
20	278	0.041667
20	279	0.038462
20	288	0.041667
20	289	0.038462
20	292	0.040000
20	297	0.045455
20	298	0.041667
20	300	0.032258
20	304	0.043478
20	305	0.038462
20	311	0.047619
20	315	0.052632
20	326	0.050000
20	327	0.041667
20	329	0.052632
20	333	0.041667
20	357	0.050000
20	359	0.050000
20	369	0.047619
20	385	0.052632
20	390	0.041667
20	400	0.052632
20	404	0.047619
20	407	0.055556
20	408	0.055556
20	410	0.050000
20	427	0.052632
20	431	0.055556
21	0	0.007246
21	1	0.020408
21	2	0.015625
21	3	0.015152
21	4	0.010638
21	5	0.023256
21	6	0.013699
21	7	0.017857
21	8	0.020408
21	9	0.019608
21	10	0.014706
21	11	0.016393
21	13	0.016667
21	14	0.012346
21	15	0.011905
21	17	0.019608
21	19	0.007299
21	20	0.008264
21	22	0.008333
21	23	0.007353
21	24	0.009615
21	25	0.007143
21	26	0.010101
21	27	0.008547
21	28	0.008772
21	29	0.008696
21	30	0.010870
21	32	0.009174
21	33	0.008197
21	34	0.014085
21	35	0.010204
21	36	0.012658
21	37	0.012048
21	38	0.017857
21	40	0.011628
21	41	0.012987
21	42	0.012821
21	44	0.014286
21	45	0.010638
21	46	0.012500
21	47	0.016949
21	49	0.013514
21	50	0.011494
21	52	0.013514
21	55	0.015873
21	56	0.014085
21	61	0.018868
21	66	0.026316
21	68	0.020408
21	69	0.021739
21	70	0.016667
21	71	0.021739
21	72	0.023256
21	74	0.025641
21	80	0.016393
21	82	0.022727
21	84	0.020000
21	86	0.027027
21	87	0.021277
21	89	0.021277
21	94	0.021277
21	97	0.021277
21	98	0.024390
21	102	0.024390
21	104	0.026316
21	106	0.020408
21	114	0.023256
21	115	0.024390
21	117	0.027778
21	119	0.023810
21	121	0.022222
21	124	0.023810
21	125	0.028571
21	127	0.027027
21	134	0.031250
21	139	0.026316
21	140	0.035714
21	141	0.023810
21	142	0.030303
21	145	0.029412
21	155	0.029412
21	161	0.030303
21	162	0.037037
21	166	0.033333
21	168	0.040000
21	178	0.035714
21	184	0.031250
21	187	0.035714
21	200	0.043478
21	205	0.027778
21	207	0.037037
21	213	0.043478
21	214	0.032258
21	215	0.040000
21	218	0.032258
21	219	0.035714
21	223	0.033333
21	225	0.040000
21	227	0.045455
21	230	0.038462
21	233	0.045455
21	235	0.037037
21	242	0.034483
21	250	0.041667
21	253	0.034483
21	267	0.043478
21	278	0.041667
21	280	0.037037
21	296	0.052632
21	302	0.052632
21	304	0.043478
21	305	0.038462
21	311	0.047619
21	318	0.043478
21	322	0.043478
21	331	0.050000
21	335	0.045455
21	343	0.052632
21	344	0.047619
21	349	0.050000
21	356	0.045455
21	362	0.043478
21	368	0.055556
21	376	0.050000
21	389	0.050000
21	393	0.052632
21	409	0.050000
21	411	0.055556
21	413	0.055556
21	417	0.050000
21	420	0.055556
21	429	0.055556
21	433	0.052632
21	435	0.055556
21	436	0.055556
21	443	0.055556
21	444	0.055556
21	445	0.055556
21	446	0.055556
21	450	0.055556
21	452	0.055556
21	455	0.055556
22	0	0.007246
22	1	0.020408
22	2	0.015625
22	3	0.015152
22	4	0.010638
22	5	0.023256
22	7	0.017857
22	8	0.020408
22	9	0.019608
22	10	0.014706
22	11	0.016393
22	14	0.012346
22	16	0.032258
22	17	0.019608
22	18	0.015625
22	19	0.007299
22	20	0.008264
22	21	0.007042
22	23	0.007353
22	24	0.009615
22	25	0.007143
22	26	0.010101
22	28	0.008772
22	29	0.008696
22	30	0.010870
22	31	0.012048
22	32	0.009174
22	34	0.014085
22	35	0.010204
22	36	0.012658
22	37	0.012048
22	39	0.011628
22	40	0.011628
22	41	0.012987
22	42	0.012821
22	43	0.018868
22	44	0.014286
22	46	0.012500
22	47	0.016949
22	48	0.016129
22	49	0.013514
22	50	0.011494
22	51	0.015385
22	52	0.013514
22	53	0.017544
22	56	0.014085
22	59	0.016129
22	62	0.017857
22	63	0.014925
22	65	0.012658
22	70	0.016667
22	71	0.021739
22	75	0.025000
22	77	0.015873
22	79	0.021739
22	80	0.016393
22	81	0.020408
22	83	0.020408
22	84	0.020000
22	86	0.027027
22	88	0.026316
22	90	0.022727
22	92	0.019608
22	93	0.023810
22	97	0.021277
22	104	0.026316
22	105	0.025641
22	113	0.023256
22	118	0.025641
22	119	0.023810
22	120	0.030303
22	122	0.027778
22	123	0.029412
22	132	0.025641
22	145	0.029412
22	148	0.031250
22	149	0.040000
22	152	0.037037
22	154	0.033333
22	158	0.037037
22	166	0.033333
22	168	0.040000
22	181	0.033333
22	183	0.030303
22	187	0.035714
22	191	0.037037
22	194	0.033333
22	198	0.031250
22	201	0.034483
22	207	0.037037
22	211	0.043478
22	229	0.041667
22	230	0.038462
22	238	0.035714
22	241	0.040000
22	242	0.034483
22	248	0.034483
22	278	0.041667
22	281	0.040000
22	287	0.041667
22	293	0.043478
22	295	0.047619
22	299	0.043478
22	301	0.050000
22	308	0.050000
22	309	0.047619
22	340	0.043478
22	341	0.055556
22	342	0.052632
22	351	0.052632
22	355	0.045455
22	361	0.041667
22	369	0.047619
22	383	0.045455
22	389	0.050000
22	402	0.052632
22	416	0.047619
22	418	0.050000
22	441	0.050000
22	445	0.055556
23	0	0.007246
23	1	0.020408
23	2	0.015625
23	3	0.015152
23	4	0.010638
23	6	0.013699
23	7	0.017857
23	9	0.019608
23	10	0.014706
23	11	0.016393
23	14	0.012346
23	15	0.011905
23	16	0.032258
23	17	0.019608
23	19	0.007299
23	20	0.008264
23	21	0.007042
23	22	0.008333
23	24	0.009615
23	25	0.007143
23	26	0.010101
23	27	0.008547
23	28	0.008772
23	29	0.008696
23	30	0.010870
23	31	0.012048
23	32	0.009174
23	33	0.008197
23	34	0.014085
23	36	0.012658
23	37	0.012048
23	38	0.017857
23	39	0.011628
23	42	0.012821
23	43	0.018868
23	45	0.010638
23	49	0.013514
23	50	0.011494
23	53	0.017544
23	54	0.016393
23	56	0.014085
23	57	0.013889
23	58	0.016393
23	59	0.016129
23	62	0.017857
23	64	0.016949
23	66	0.026316
23	67	0.021739
23	70	0.016667
23	72	0.023256
23	74	0.025641
23	75	0.025000
23	76	0.023810
23	77	0.015873
23	78	0.020408
23	80	0.016393
23	81	0.020408
23	83	0.020408
23	85	0.023810
23	86	0.027027
23	88	0.026316
23	89	0.021277
23	90	0.022727
23	92	0.019608
23	95	0.022222
23	100	0.028571
23	103	0.030303
23	107	0.021277
23	109	0.024390
23	110	0.024390
23	114	0.023256
23	121	0.022222
23	130	0.033333
23	133	0.030303
23	134	0.031250
23	137	0.031250
23	140	0.035714
23	141	0.023810
23	142	0.030303
23	146	0.029412
23	148	0.031250
23	149	0.040000
23	153	0.033333
23	154	0.033333
23	157	0.025641
23	160	0.026316
23	167	0.038462
23	169	0.034483
23	175	0.031250
23	189	0.038462
23	191	0.037037
23	194	0.033333
23	205	0.027778
23	221	0.034483
23	222	0.026316
23	224	0.045455
23	226	0.038462
23	234	0.047619
23	241	0.040000
23	245	0.035714
23	247	0.050000
23	251	0.040000
23	252	0.043478
23	254	0.043478
23	256	0.050000
23	257	0.038462
23	261	0.043478
23	276	0.043478
23	293	0.043478
23	298	0.041667
23	304	0.043478
23	305	0.038462
23	309	0.047619
23	316	0.038462
23	340	0.043478
23	343	0.052632
23	354	0.047619
23	372	0.052632
23	374	0.052632
23	376	0.050000
23	386	0.052632
23	387	0.050000
23	389	0.050000
23	394	0.052632
23	396	0.052632
23	398	0.050000
23	409	0.050000
23	414	0.047619
23	420	0.055556
23	434	0.055556
23	439	0.055556
23	443	0.055556
23	450	0.055556
23	451	0.052632
23	452	0.055556
23	454	0.055556
24	0	0.007246
24	2	0.015625
24	3	0.015152
24	4	0.010638
24	5	0.023256
24	6	0.013699
24	8	0.020408
24	9	0.019608
24	13	0.016667
24	14	0.012346
24	15	0.011905
24	17	0.019608
24	18	0.015625
24	19	0.007299
24	20	0.008264
24	21	0.007042
24	22	0.008333
24	23	0.007353
24	25	0.007143
24	26	0.010101
24	27	0.008547
24	28	0.008772
24	30	0.010870
24	31	0.012048
24	32	0.009174
24	33	0.008197
24	34	0.014085
24	35	0.010204
24	38	0.017857
24	40	0.011628
24	41	0.012987
24	42	0.012821
24	45	0.010638
24	47	0.016949
24	48	0.016129
24	51	0.015385
24	52	0.013514
24	53	0.017544
24	54	0.016393
24	56	0.014085
24	57	0.013889
24	58	0.016393
24	60	0.015152
24	82	0.022727
24	83	0.020408
24	95	0.022222
24	96	0.022222
24	102	0.024390
24	106	0.020408
24	107	0.021277
24	110	0.024390
24	116	0.024390
24	118	0.025641
24	123	0.029412
24	125	0.028571
24	126	0.023810
24	127	0.027027
24	130	0.033333
24	133	0.030303
24	136	0.028571
24	142	0.030303
24	143	0.025641
24	151	0.032258
24	154	0.033333
24	157	0.025641
24	160	0.026316
24	163	0.031250
24	173	0.035714
24	177	0.041667
24	180	0.038462
24	181	0.033333
24	194	0.033333
24	195	0.040000
24	198	0.031250
24	217	0.041667
24	218	0.032258
24	220	0.032258
24	230	0.038462
24	233	0.045455
24	265	0.045455
24	267	0.043478
24	284	0.043478
24	293	0.043478
24	314	0.055556
24	319	0.052632
24	326	0.050000
24	345	0.045455
24	348	0.050000
24	353	0.050000
24	356	0.045455
24	358	0.050000
24	360	0.050000
24	367	0.043478
24	372	0.052632
24	379	0.050000
24	387	0.050000
24	390	0.041667
24	404	0.047619
24	413	0.055556
24	417	0.050000
24	444	0.055556
24	445	0.055556
24	448	0.052632
24	452	0.055556
25	0	0.007246
25	1	0.020408
25	3	0.015152
25	4	0.010638
25	5	0.023256
25	6	0.013699
25	10	0.014706
25	11	0.016393
25	13	0.016667
25	15	0.011905
25	17	0.019608
25	18	0.015625
25	19	0.007299
25	20	0.008264
25	21	0.007042
25	22	0.008333
25	23	0.007353
25	24	0.009615
25	26	0.010101
25	27	0.008547
25	28	0.008772
25	29	0.008696
25	30	0.010870
25	31	0.012048
25	32	0.009174
25	33	0.008197
25	34	0.014085
25	35	0.010204
25	37	0.012048
25	38	0.017857
25	39	0.011628
25	40	0.011628
25	43	0.018868
25	45	0.010638
25	46	0.012500
25	47	0.016949
25	48	0.016129
25	49	0.013514
25	50	0.011494
25	52	0.013514
25	53	0.017544
25	55	0.015873
25	57	0.013889
25	59	0.016129
25	61	0.018868
25	66	0.026316
25	67	0.021739
25	70	0.016667
25	73	0.023810
25	79	0.021739
25	80	0.016393
25	81	0.020408
25	82	0.022727
25	85	0.023810
25	87	0.021277
25	93	0.023810
25	94	0.021277
25	100	0.028571
25	101	0.024390
25	105	0.025641
25	106	0.020408
25	107	0.021277
25	109	0.024390
25	113	0.023256
25	116	0.024390
25	118	0.025641
25	122	0.027778
25	123	0.029412
25	130	0.033333
25	133	0.030303
25	136	0.028571
25	137	0.031250
25	140	0.035714
25	145	0.029412
25	146	0.029412
25	149	0.040000
25	150	0.034483
25	157	0.025641
25	158	0.037037
25	161	0.030303
25	163	0.031250
25	164	0.034483
25	168	0.040000
25	169	0.034483
25	171	0.030303
25	175	0.031250
25	176	0.043478
25	177	0.041667
25	188	0.031250
25	194	0.033333
25	200	0.043478
25	201	0.034483
25	202	0.034483
25	203	0.029412
25	205	0.027778
25	207	0.037037
25	208	0.038462
25	210	0.038462
25	212	0.041667
25	220	0.032258
25	226	0.038462
25	231	0.043478
25	234	0.047619
25	245	0.035714
25	248	0.034483
25	250	0.041667
25	254	0.043478
25	256	0.050000
25	261	0.043478
25	262	0.041667
25	264	0.043478
25	275	0.041667
25	279	0.038462
25	280	0.037037
25	287	0.041667
25	294	0.052632
25	306	0.041667
25	310	0.040000
25	313	0.047619
25	331	0.050000
25	333	0.041667
25	337	0.050000
25	341	0.055556
25	344	0.047619
25	351	0.052632
25	355	0.045455
25	361	0.041667
25	363	0.052632
25	370	0.052632
25	380	0.047619
25	389	0.050000
25	393	0.052632
25	395	0.047619
25	398	0.050000
25	400	0.052632
25	406	0.052632
25	413	0.055556
25	419	0.050000
25	446	0.055556
25	448	0.052632
26	0	0.007246
26	2	0.015625
26	3	0.015152
26	4	0.010638
26	6	0.013699
26	8	0.020408
26	9	0.019608
26	13	0.016667
26	15	0.011905
26	17	0.019608
26	18	0.015625
26	19	0.007299
26	20	0.008264
26	21	0.007042
26	22	0.008333
26	23	0.007353
26	24	0.009615
26	25	0.007143
26	27	0.008547
26	28	0.008772
26	29	0.008696
26	31	0.012048
26	33	0.008197
26	34	0.014085
26	36	0.012658
26	39	0.011628
26	41	0.012987
26	43	0.018868
26	44	0.014286
26	46	0.012500
26	50	0.011494
26	52	0.013514
26	60	0.015152
26	62	0.017857
26	69	0.021739
26	77	0.015873
26	78	0.020408
26	82	0.022727
26	83	0.020408
26	88	0.026316
26	90	0.022727
26	94	0.021277
26	97	0.021277
26	102	0.024390
26	103	0.030303
26	104	0.026316
26	105	0.025641
26	111	0.020833
26	116	0.024390
26	121	0.022222
26	126	0.023810
26	127	0.027027
26	130	0.033333
26	132	0.025641
26	148	0.031250
26	156	0.031250
26	159	0.034483
26	180	0.038462
26	184	0.031250
26	185	0.032258
26	186	0.037037
26	189	0.038462
26	192	0.037037
26	193	0.028571
26	195	0.040000
26	196	0.037037
26	198	0.031250
26	209	0.034483
26	218	0.032258
26	229	0.041667
26	232	0.035714
26	240	0.045455
26	242	0.034483
26	251	0.040000
26	253	0.034483
26	258	0.041667
26	259	0.045455
26	273	0.050000
26	300	0.032258
26	304	0.043478
26	308	0.050000
26	313	0.047619
26	315	0.052632
26	336	0.050000
26	345	0.045455
26	349	0.050000
26	358	0.050000
26	364	0.052632
26	365	0.052632
26	367	0.043478
26	372	0.052632
26	374	0.052632
26	386	0.052632
26	400	0.052632
26	419	0.050000
26	421	0.055556
26	424	0.055556
26	444	0.055556
26	446	0.055556
27	1	0.020408
27	3	0.015152
27	4	0.010638
27	5	0.023256
27	7	0.017857
27	8	0.020408
27	9	0.019608
27	10	0.014706
27	11	0.016393
27	16	0.032258
27	17	0.019608
27	18	0.015625
27	19	0.007299
27	21	0.007042
27	23	0.007353
27	24	0.009615
27	25	0.007143
27	26	0.010101
27	28	0.008772
27	29	0.008696
27	30	0.010870
27	32	0.009174
27	35	0.010204
27	38	0.017857
27	40	0.011628
27	42	0.012821
27	43	0.018868
27	50	0.011494
27	51	0.015385
27	53	0.017544
27	55	0.015873
27	56	0.014085
27	57	0.013889
27	58	0.016393
27	59	0.016129
27	60	0.015152
27	62	0.017857
27	63	0.014925
27	65	0.012658
27	66	0.026316
27	67	0.021739
27	69	0.021739
27	75	0.025000
27	76	0.023810
27	81	0.020408
27	87	0.021277
27	88	0.026316
27	91	0.019231
27	92	0.019608
27	96	0.022222
27	97	0.021277
27	98	0.024390
27	100	0.028571
27	102	0.024390
27	105	0.025641
27	106	0.020408
27	108	0.030303
27	109	0.024390
27	110	0.024390
27	112	0.024390
27	114	0.023256
27	120	0.030303
27	127	0.027027
27	129	0.033333
27	132	0.025641
27	139	0.026316
27	143	0.025641
27	144	0.024390
27	152	0.037037
27	155	0.029412
27	159	0.034483
27	160	0.026316
27	166	0.033333
27	168	0.040000
27	180	0.038462
27	186	0.037037
27	187	0.035714
27	189	0.038462
27	195	0.040000
27	200	0.043478
27	208	0.038462
27	211	0.043478
27	218	0.032258
27	219	0.035714
27	224	0.045455
27	238	0.035714
27	247	0.050000
27	252	0.043478
27	253	0.034483
27	258	0.041667
27	259	0.045455
27	260	0.043478
27	262	0.041667
27	267	0.043478
27	278	0.041667
27	283	0.043478
27	284	0.043478
27	286	0.052632
27	291	0.050000
27	293	0.043478
27	320	0.047619
27	323	0.055556
27	330	0.043478
27	336	0.050000
27	337	0.050000
27	340	0.043478
27	343	0.052632
27	344	0.047619
27	348	0.050000
27	360	0.050000
27	371	0.047619
27	388	0.052632
27	392	0.047619
27	404	0.047619
27	428	0.055556
27	449	0.055556
27	455	0.055556
28	0	0.007246
28	3	0.015152
28	4	0.010638
28	5	0.023256
28	7	0.017857
28	8	0.020408
28	9	0.019608
28	12	0.045455
28	14	0.012346
28	19	0.007299
28	20	0.008264
28	21	0.007042
28	22	0.008333
28	23	0.007353
28	24	0.009615
28	25	0.007143
28	26	0.010101
28	27	0.008547
28	30	0.010870
28	31	0.012048
28	33	0.008197
28	35	0.010204
28	37	0.012048
28	40	0.011628
28	45	0.010638
28	46	0.012500
28	48	0.016129
28	49	0.013514
28	51	0.015385
28	52	0.013514
28	55	0.015873
28	59	0.016129
28	62	0.017857
28	65	0.012658
28	66	0.026316
28	67	0.021739
28	70	0.016667
28	72	0.023256
28	76	0.023810
28	79	0.021739
28	81	0.020408
28	84	0.020000
28	85	0.023810
28	90	0.022727
28	94	0.021277
28	95	0.022222
28	96	0.022222
28	98	0.024390
28	100	0.028571
28	109	0.024390
28	110	0.024390
28	111	0.020833
28	113	0.023256
28	114	0.023256
28	119	0.023810
28	120	0.030303
28	124	0.023810
28	129	0.033333
28	130	0.033333
28	136	0.028571
28	137	0.031250
28	142	0.030303
28	151	0.032258
28	174	0.033333
28	175	0.031250
28	177	0.041667
28	179	0.026316
28	180	0.038462
28	182	0.034483
28	183	0.030303
28	190	0.031250
28	193	0.028571
28	208	0.038462
28	211	0.043478
28	212	0.041667
28	217	0.041667
28	224	0.045455
28	230	0.038462
28	231	0.043478
28	237	0.038462
28	254	0.043478
28	259	0.045455
28	261	0.043478
28	265	0.045455
28	266	0.043478
28	273	0.050000
28	277	0.038462
28	283	0.043478
28	289	0.038462
28	294	0.052632
28	297	0.045455
28	300	0.032258
28	313	0.047619
28	314	0.055556
28	318	0.043478
28	320	0.047619
28	321	0.047619
28	322	0.043478
28	342	0.052632
28	349	0.050000
28	365	0.052632
28	367	0.043478
28	376	0.050000
28	378	0.047619
28	379	0.050000
28	395	0.047619
28	396	0.052632
28	408	0.055556
28	417	0.050000
28	420	0.055556
28	422	0.055556
28	427	0.052632
28	435	0.055556
28	442	0.055556
29	0	0.007246
29	2	0.015625
29	4	0.010638
29	5	0.023256
29	7	0.017857
29	8	0.020408
29	10	0.014706
29	11	0.016393
29	15	0.011905
29	17	0.019608
29	19	0.007299
29	20	0.008264
29	21	0.007042
29	22	0.008333
29	23	0.007353
29	25	0.007143
29	26	0.010101
29	27	0.008547
29	30	0.010870
29	32	0.009174
29	33	0.008197
29	34	0.014085
29	36	0.012658
29	38	0.017857
29	42	0.012821
29	43	0.018868
29	45	0.010638
29	51	0.015385
29	53	0.017544
29	54	0.016393
29	55	0.015873
29	57	0.013889
29	58	0.016393
29	62	0.017857
29	65	0.012658
29	67	0.021739
29	68	0.020408
29	69	0.021739
29	70	0.016667
29	71	0.021739
29	72	0.023256
29	78	0.020408
29	84	0.020000
29	85	0.023810
29	92	0.019608
29	93	0.023810
29	94	0.021277
29	97	0.021277
29	98	0.024390
29	100	0.028571
29	104	0.026316
29	108	0.030303
29	113	0.023256
29	121	0.022222
29	125	0.028571
29	128	0.025641
29	131	0.023256
29	139	0.026316
29	145	0.029412
29	153	0.033333
29	154	0.033333
29	159	0.034483
29	160	0.026316
29	162	0.037037
29	164	0.034483
29	165	0.029412
29	167	0.038462
29	176	0.043478
29	184	0.031250
29	186	0.037037
29	189	0.038462
29	197	0.041667
29	203	0.029412
29	206	0.033333
29	208	0.038462
29	209	0.034483
29	215	0.040000
29	223	0.033333
29	224	0.045455
29	228	0.041667
29	232	0.035714
29	244	0.035714
29	249	0.045455
29	262	0.041667
29	268	0.041667
29	272	0.038462
29	288	0.041667
29	291	0.050000
29	295	0.047619
29	296	0.052632
29	298	0.041667
29	299	0.043478
29	303	0.052632
29	306	0.041667
29	308	0.050000
29	313	0.047619
29	322	0.043478
29	327	0.041667
29	328	0.047619
29	330	0.043478
29	341	0.055556
29	345	0.045455
29	356	0.045455
29	386	0.052632
29	396	0.052632
29	399	0.050000
29	400	0.052632
29	407	0.055556
29	409	0.050000
29	432	0.055556
29	439	0.055556
29	440	0.055556
29	441	0.050000
29	443	0.055556
29	455	0.055556
30	0	0.007246
30	3	0.015152
30	4	0.010638
30	10	0.014706
30	11	0.016393
30	14	0.012346
30	15	0.011905
30	16	0.032258
30	18	0.015625
30	20	0.008264
30	21	0.007042
30	22	0.008333
30	23	0.007353
30	24	0.009615
30	25	0.007143
30	27	0.008547
30	28	0.008772
30	29	0.008696
30	31	0.012048
30	33	0.008197
30	34	0.014085
30	35	0.010204
30	37	0.012048
30	40	0.011628
30	42	0.012821
30	43	0.018868
30	44	0.014286
30	45	0.010638
30	47	0.016949
30	49	0.013514
30	50	0.011494
30	51	0.015385
30	52	0.013514
30	54	0.016393
30	57	0.013889
30	60	0.015152
30	64	0.016949
30	72	0.023256
30	73	0.023810
30	77	0.015873
30	81	0.020408
30	83	0.020408
30	84	0.020000
30	85	0.023810
30	87	0.021277
30	102	0.024390
30	104	0.026316
30	114	0.023256
30	117	0.027778
30	123	0.029412
30	124	0.023810
30	127	0.027027
30	129	0.033333
30	131	0.023256
30	137	0.031250
30	140	0.035714
30	141	0.023810
30	148	0.031250
30	153	0.033333
30	155	0.029412
30	162	0.037037
30	185	0.032258
30	192	0.037037
30	195	0.040000
30	199	0.037037
30	200	0.043478
30	203	0.029412
30	222	0.026316
30	225	0.040000
30	234	0.047619
30	236	0.037037
30	239	0.035714
30	247	0.050000
30	264	0.043478
30	273	0.050000
30	274	0.045455
30	284	0.043478
30	290	0.037037
30	292	0.040000
30	297	0.045455
30	307	0.047619
30	311	0.047619
30	328	0.047619
30	339	0.050000
30	341	0.055556
30	354	0.047619
30	378	0.047619
30	379	0.050000
30	389	0.050000
30	396	0.052632
30	439	0.055556
30	446	0.055556
31	0	0.007246
31	1	0.020408
31	2	0.015625
31	4	0.010638
31	5	0.023256
31	6	0.013699
31	9	0.019608
31	11	0.016393
31	16	0.032258
31	19	0.007299
31	20	0.008264
31	22	0.008333
31	23	0.007353
31	24	0.009615
31	25	0.007143
31	26	0.010101
31	28	0.008772
31	30	0.010870
31	34	0.014085
31	36	0.012658
31	39	0.011628
31	40	0.011628
31	43	0.018868
31	49	0.013514
31	51	0.015385
31	52	0.013514
31	55	0.015873
31	58	0.016393
31	60	0.015152
31	61	0.018868
31	67	0.021739
31	75	0.025000
31	76	0.023810
31	77	0.015873
31	79	0.021739
31	88	0.026316
31	89	0.021277
31	90	0.022727
31	91	0.019231
31	96	0.022222
31	99	0.031250
31	104	0.026316
31	114	0.023256
31	115	0.024390
31	121	0.022222
31	126	0.023810
31	128	0.025641
31	137	0.031250
31	143	0.025641
31	152	0.037037
31	153	0.033333
31	175	0.031250
31	177	0.041667
31	189	0.038462
31	200	0.043478
31	211	0.043478
31	216	0.037037
31	230	0.038462
31	231	0.043478
31	234	0.047619
31	236	0.037037
31	239	0.035714
31	267	0.043478
31	275	0.041667
31	276	0.043478
31	277	0.038462
31	280	0.037037
31	312	0.047619
31	318	0.043478
31	319	0.052632
31	324	0.038462
31	346	0.050000
31	361	0.041667
31	376	0.050000
31	377	0.055556
31	386	0.052632
31	387	0.050000
31	388	0.052632
31	395	0.047619
31	402	0.052632
31	415	0.055556
31	426	0.052632
31	435	0.055556
32	0	0.007246
32	3	0.015152
32	4	0.010638
32	5	0.023256
32	6	0.013699
32	7	0.017857
32	10	0.014706
32	15	0.011905
32	18	0.015625
32	19	0.007299
32	20	0.008264
32	21	0.007042
32	22	0.008333
32	23	0.007353
32	24	0.009615
32	25	0.007143
32	27	0.008547
32	29	0.008696
32	33	0.008197
32	34	0.014085
32	35	0.010204
32	36	0.012658
32	38	0.017857
32	39	0.011628
32	42	0.012821
32	46	0.012500
32	49	0.013514
32	58	0.016393
32	63	0.014925
32	64	0.016949
32	65	0.012658
32	66	0.026316
32	68	0.020408
32	69	0.021739
32	74	0.025641
32	75	0.025000
32	79	0.021739
32	83	0.020408
32	85	0.023810
32	88	0.026316
32	89	0.021277
32	91	0.019231
32	96	0.022222
32	112	0.024390
32	113	0.023256
32	119	0.023810
32	125	0.028571
32	127	0.027027
32	129	0.033333
32	131	0.023256
32	132	0.025641
32	137	0.031250
32	138	0.034483
32	144	0.024390
32	145	0.029412
32	148	0.031250
32	149	0.040000
32	150	0.034483
32	151	0.032258
32	159	0.034483
32	163	0.031250
32	166	0.033333
32	175	0.031250
32	183	0.030303
32	188	0.031250
32	190	0.031250
32	191	0.037037
32	202	0.034483
32	211	0.043478
32	218	0.032258
32	220	0.032258
32	221	0.034483
32	222	0.026316
32	229	0.041667
32	231	0.043478
32	236	0.037037
32	237	0.038462
32	247	0.050000
32	254	0.043478
32	265	0.045455
32	274	0.045455
32	277	0.038462
32	287	0.041667
32	292	0.040000
32	299	0.043478
32	303	0.052632
32	314	0.055556
32	318	0.043478
32	326	0.050000
32	339	0.050000
32	356	0.045455
32	358	0.050000
32	361	0.041667
32	362	0.043478
32	374	0.052632
32	378	0.047619
32	381	0.055556
32	401	0.043478
32	410	0.050000
32	413	0.055556
32	416	0.047619
32	422	0.055556
32	429	0.055556
32	430	0.055556
32	439	0.055556
32	441	0.050000
32	444	0.055556
32	445	0.055556
32	448	0.052632
33	0	0.007246
33	2	0.015625
33	4	0.010638
33	7	0.017857
33	8	0.020408
33	11	0.016393
33	13	0.016667
33	15	0.011905
33	20	0.008264
33	21	0.007042
33	23	0.007353
33	24	0.009615
33	25	0.007143
33	26	0.010101
33	28	0.008772
33	29	0.008696
33	30	0.010870
33	32	0.009174
33	35	0.010204
33	36	0.012658
33	38	0.017857
33	39	0.011628
33	40	0.011628
33	41	0.012987
33	43	0.018868
33	45	0.010638
33	46	0.012500
33	48	0.016129
33	49	0.013514
33	50	0.011494
33	53	0.017544
33	55	0.015873
33	56	0.014085
33	57	0.013889
33	62	0.017857
33	64	0.016949
33	65	0.012658
33	66	0.026316
33	69	0.021739
33	74	0.025641
33	75	0.025000
33	82	0.022727
33	88	0.026316
33	89	0.021277
33	94	0.021277
33	100	0.028571
33	102	0.024390
33	106	0.020408
33	107	0.021277
33	108	0.030303
33	110	0.024390
33	111	0.020833
33	113	0.023256
33	120	0.030303
33	121	0.022222
33	122	0.027778
33	132	0.025641
33	133	0.030303
33	136	0.028571
33	137	0.031250
33	138	0.034483
33	139	0.026316
33	141	0.023810
33	143	0.025641
33	149	0.040000
33	150	0.034483
33	158	0.037037
33	161	0.030303
33	162	0.037037
33	166	0.033333
33	169	0.034483
33	174	0.033333
33	181	0.033333
33	186	0.037037
33	195	0.040000
33	198	0.031250
33	200	0.043478
33	203	0.029412
33	204	0.040000
33	209	0.034483
33	225	0.040000
33	235	0.037037
33	241	0.040000
33	242	0.034483
33	247	0.050000
33	251	0.040000
33	261	0.043478
33	263	0.040000
33	270	0.041667
33	277	0.038462
33	288	0.041667
33	290	0.037037
33	292	0.040000
33	295	0.047619
33	303	0.052632
33	308	0.050000
33	315	0.052632
33	317	0.040000
33	324	0.038462
33	328	0.047619
33	329	0.052632
33	331	0.050000
33	344	0.047619
33	351	0.052632
33	354	0.047619
33	359	0.050000
33	360	0.050000
33	365	0.052632
33	368	0.055556
33	378	0.047619
33	379	0.050000
33	380	0.047619
33	385	0.052632
33	392	0.047619
33	415	0.055556
33	425	0.052632
33	429	0.055556
33	433	0.052632
33	435	0.055556
33	441	0.050000
33	445	0.055556
33	454	0.055556
34	0	0.007246
34	1	0.020408
34	7	0.017857
34	9	0.019608
34	14	0.012346
34	15	0.011905
34	17	0.019608
34	18	0.015625
34	21	0.007042
34	22	0.008333
34	23	0.007353
34	24	0.009615
34	25	0.007143
34	26	0.010101
34	29	0.008696
34	30	0.010870
34	31	0.012048
34	32	0.009174
34	35	0.010204
34	36	0.012658
34	38	0.017857
34	41	0.012987
34	43	0.018868
34	46	0.012500
34	47	0.016949
34	50	0.011494
34	51	0.015385
34	57	0.013889
34	58	0.016393
34	60	0.015152
34	63	0.014925
34	65	0.012658
34	66	0.026316
34	67	0.021739
34	69	0.021739
34	82	0.022727
34	88	0.026316
34	91	0.019231
34	94	0.021277
34	97	0.021277
34	110	0.024390
34	118	0.025641
34	123	0.029412
34	124	0.023810
34	126	0.023810
34	134	0.031250
34	136	0.028571
34	139	0.026316
34	148	0.031250
34	151	0.032258
34	156	0.031250
34	175	0.031250
34	194	0.033333
34	195	0.040000
34	198	0.031250
34	208	0.038462
34	220	0.032258
34	238	0.035714
34	239	0.035714
34	247	0.050000
34	262	0.041667
34	345	0.045455
34	385	0.052632
34	386	0.052632
34	412	0.052632
34	415	0.055556
34	417	0.050000
34	423	0.055556
34	430	0.055556
34	438	0.052632
34	442	0.055556
35	0	0.007246
35	4	0.010638
35	6	0.013699
35	8	0.020408
35	10	0.014706
35	11	0.016393
35	15	0.011905
35	19	0.007299
35	21	0.007042
35	22	0.008333
35	24	0.009615
35	25	0.007143
35	27	0.008547
35	28	0.008772
35	30	0.010870
35	32	0.009174
35	33	0.008197
35	34	0.014085
35	37	0.012048
35	39	0.011628
35	40	0.011628
35	41	0.012987
35	42	0.012821
35	44	0.014286
35	45	0.010638
35	49	0.013514
35	51	0.015385
35	52	0.013514
35	55	0.015873
35	56	0.014085
35	59	0.016129
35	65	0.012658
35	68	0.020408
35	70	0.016667
35	73	0.023810
35	74	0.025641
35	76	0.023810
35	81	0.020408
35	87	0.021277
35	88	0.026316
35	92	0.019608
35	93	0.023810
35	97	0.021277
35	99	0.031250
35	110	0.024390
35	116	0.024390
35	118	0.025641
35	120	0.030303
35	124	0.023810
35	125	0.028571
35	126	0.023810
35	128	0.025641
35	130	0.033333
35	134	0.031250
35	142	0.030303
35	145	0.029412
35	147	0.027778
35	151	0.032258
35	154	0.033333
35	156	0.031250
35	166	0.033333
35	167	0.038462
35	171	0.030303
35	177	0.041667
35	179	0.026316
35	182	0.034483
35	192	0.037037
35	203	0.029412
35	204	0.040000
35	225	0.040000
35	228	0.041667
35	230	0.038462
35	238	0.035714
35	245	0.035714
35	255	0.034483
35	263	0.040000
35	265	0.045455
35	266	0.043478
35	274	0.045455
35	282	0.047619
35	293	0.043478
35	297	0.045455
35	306	0.041667
35	310	0.040000
35	325	0.047619
35	332	0.047619
35	349	0.050000
35	352	0.055556
35	364	0.052632
35	368	0.055556
35	370	0.052632
35	395	0.047619
35	405	0.052632
35	406	0.052632
35	411	0.055556
35	422	0.055556
35	430	0.055556
35	449	0.055556
36	0	0.007246
36	2	0.015625
36	4	0.010638
36	5	0.023256
36	10	0.014706
36	14	0.012346
36	18	0.015625
36	19	0.007299
36	20	0.008264
36	21	0.007042
36	22	0.008333
36	23	0.007353
36	26	0.010101
36	29	0.008696
36	31	0.012048
36	32	0.009174
36	33	0.008197
36	34	0.014085
36	37	0.012048
36	39	0.011628
36	44	0.014286
36	45	0.010638
36	49	0.013514
36	54	0.016393
36	63	0.014925
36	65	0.012658
36	68	0.020408
36	71	0.021739
36	77	0.015873
36	83	0.020408
36	84	0.020000
36	85	0.023810
36	89	0.021277
36	90	0.022727
36	94	0.021277
36	95	0.022222
36	101	0.024390
36	105	0.025641
36	119	0.023810
36	125	0.028571
36	133	0.030303
36	137	0.031250
36	142	0.030303
36	147	0.027778
36	149	0.040000
36	150	0.034483
36	157	0.025641
36	171	0.030303
36	172	0.032258
36	186	0.037037
36	187	0.035714
36	188	0.031250
36	203	0.029412
36	211	0.043478
36	223	0.033333
36	233	0.045455
36	237	0.038462
36	251	0.040000
36	258	0.041667
36	265	0.045455
36	268	0.041667
36	269	0.035714
36	273	0.050000
36	278	0.041667
36	290	0.037037
36	309	0.047619
36	315	0.052632
36	323	0.055556
36	325	0.047619
36	344	0.047619
36	356	0.045455
36	362	0.043478
36	365	0.052632
36	371	0.047619
36	373	0.052632
36	378	0.047619
36	391	0.055556
36	401	0.043478
36	403	0.047619
37	0	0.007246
37	4	0.010638
37	6	0.013699
37	8	0.020408
37	9	0.019608
37	10	0.014706
37	15	0.011905
37	18	0.015625
37	19	0.007299
37	20	0.008264
37	21	0.007042
37	22	0.008333
37	23	0.007353
37	25	0.007143
37	28	0.008772
37	30	0.010870
37	35	0.010204
37	36	0.012658
37	38	0.017857
37	39	0.011628
37	40	0.011628
37	41	0.012987
37	42	0.012821
37	43	0.018868
37	48	0.016129
37	49	0.013514
37	50	0.011494
37	51	0.015385
37	59	0.016129
37	61	0.018868
37	64	0.016949
37	65	0.012658
37	67	0.021739
37	72	0.023256
37	76	0.023810
37	77	0.015873
37	78	0.020408
37	82	0.022727
37	84	0.020000
37	86	0.027027
37	88	0.026316
37	103	0.030303
37	108	0.030303
37	109	0.024390
37	110	0.024390
37	111	0.020833
37	112	0.024390
37	122	0.027778
37	135	0.028571
37	136	0.028571
37	141	0.023810
37	144	0.024390
37	148	0.031250
37	151	0.032258
37	157	0.025641
37	170	0.035714
37	173	0.035714
37	183	0.030303
37	194	0.033333
37	196	0.037037
37	201	0.034483
37	213	0.043478
37	215	0.040000
37	217	0.041667
37	222	0.026316
37	234	0.047619
37	239	0.035714
37	243	0.040000
37	263	0.040000
37	279	0.038462
37	282	0.047619
37	283	0.043478
37	293	0.043478
37	298	0.041667
37	309	0.047619
37	310	0.040000
37	317	0.040000
37	320	0.047619
37	342	0.052632
37	354	0.047619
37	394	0.052632
37	410	0.050000
37	433	0.052632
38	0	0.007246
38	3	0.015152
38	10	0.014706
38	13	0.016667
38	14	0.012346
38	16	0.032258
38	19	0.007299
38	20	0.008264
38	21	0.007042
38	23	0.007353
38	24	0.009615
38	25	0.007143
38	27	0.008547
38	29	0.008696
38	32	0.009174
38	33	0.008197
38	34	0.014085
38	37	0.012048
38	47	0.016949
38	77	0.015873
38	85	0.023810
38	95	0.022222
38	116	0.024390
38	120	0.030303
38	142	0.030303
38	144	0.024390
38	148	0.031250
38	167	0.038462
38	190	0.031250
38	204	0.040000
38	207	0.037037
38	211	0.043478
38	226	0.038462
38	233	0.045455
38	252	0.043478
38	256	0.050000
38	261	0.043478
38	271	0.047619
38	280	0.037037
38	284	0.043478
38	325	0.047619
38	345	0.045455
38	350	0.055556
38	352	0.055556
38	355	0.045455
38	365	0.052632
38	370	0.052632
38	380	0.047619
38	386	0.052632
38	403	0.047619
38	406	0.052632
38	411	0.055556
38	412	0.052632
38	442	0.055556
38	445	0.055556
38	447	0.055556
39	0	0.007246
39	8	0.020408
39	9	0.019608
39	11	0.016393
39	12	0.045455
39	13	0.016667
39	14	0.012346
39	19	0.007299
39	22	0.008333
39	23	0.007353
39	25	0.007143
39	26	0.010101
39	31	0.012048
39	32	0.009174
39	33	0.008197
39	35	0.010204
39	36	0.012658
39	37	0.012048
39	40	0.011628
39	41	0.012987
39	43	0.018868
39	45	0.010638
39	46	0.012500
39	49	0.013514
39	54	0.016393
39	57	0.013889
39	58	0.016393
39	59	0.016129
39	62	0.017857
39	67	0.021739
39	70	0.016667
39	75	0.025000
39	85	0.023810
39	88	0.026316
39	90	0.022727
39	91	0.019231
39	92	0.019608
39	99	0.031250
39	113	0.023256
39	117	0.027778
39	118	0.025641
39	119	0.023810
39	120	0.030303
39	124	0.023810
39	127	0.027027
39	132	0.025641
39	142	0.030303
39	143	0.025641
39	155	0.029412
39	170	0.035714
39	173	0.035714
39	176	0.043478
39	178	0.035714
39	179	0.026316
39	182	0.034483
39	195	0.040000
39	203	0.029412
39	210	0.038462
39	211	0.043478
39	229	0.041667
39	241	0.040000
39	257	0.038462
39	258	0.041667
39	274	0.045455
39	278	0.041667
39	283	0.043478
39	285	0.043478
39	289	0.038462
39	291	0.050000
39	292	0.040000
39	293	0.043478
39	305	0.038462
39	329	0.052632
39	333	0.041667
39	339	0.050000
39	350	0.055556
39	358	0.050000
39	367	0.043478
39	368	0.055556
39	378	0.047619
39	382	0.052632
39	407	0.055556
39	410	0.050000
39	412	0.052632
39	413	0.055556
39	443	0.055556
40	3	0.015152
40	6	0.013699
40	10	0.014706
40	11	0.016393
40	19	0.007299
40	20	0.008264
40	21	0.007042
40	22	0.008333
40	24	0.009615
40	25	0.007143
40	27	0.008547
40	28	0.008772
40	30	0.010870
40	31	0.012048
40	33	0.008197
40	35	0.010204
40	37	0.012048
40	39	0.011628
40	41	0.012987
40	43	0.018868
40	44	0.014286
40	45	0.010638
40	46	0.012500
40	47	0.016949
40	52	0.013514
40	57	0.013889
40	62	0.017857
40	63	0.014925
40	65	0.012658
40	68	0.020408
40	72	0.023256
40	79	0.021739
40	80	0.016393
40	90	0.022727
40	95	0.022222
40	97	0.021277
40	100	0.028571
40	105	0.025641
40	107	0.021277
40	108	0.030303
40	111	0.020833
40	113	0.023256
40	121	0.022222
40	123	0.029412
40	126	0.023810
40	128	0.025641
40	130	0.033333
40	138	0.034483
40	145	0.029412
40	147	0.027778
40	152	0.037037
40	162	0.037037
40	169	0.034483
40	171	0.030303
40	180	0.038462
40	181	0.033333
40	182	0.034483
40	183	0.030303
40	187	0.035714
40	188	0.031250
40	208	0.038462
40	219	0.035714
40	222	0.026316
40	224	0.045455
40	241	0.040000
40	251	0.040000
40	262	0.041667
40	277	0.038462
40	295	0.047619
40	298	0.041667
40	300	0.032258
40	301	0.050000
40	318	0.043478
40	333	0.041667
40	363	0.052632
40	373	0.052632
40	374	0.052632
40	389	0.050000
40	390	0.041667
40	400	0.052632
40	417	0.050000
40	440	0.055556
40	445	0.055556
40	449	0.055556
40	452	0.055556
40	453	0.055556
41	1	0.020408
41	4	0.010638
41	6	0.013699
41	8	0.020408
41	13	0.016667
41	15	0.011905
41	19	0.007299
41	20	0.008264
41	21	0.007042
41	22	0.008333
41	24	0.009615
41	26	0.010101
41	33	0.008197
41	34	0.014085
41	35	0.010204
41	37	0.012048
41	39	0.011628
41	40	0.011628
41	47	0.016949
41	48	0.016129
41	52	0.013514
41	54	0.016393
41	57	0.013889
41	60	0.015152
41	67	0.021739
41	70	0.016667
41	72	0.023256
41	75	0.025000
41	77	0.015873
41	79	0.021739
41	82	0.022727
41	90	0.022727
41	94	0.021277
41	100	0.028571
41	101	0.024390
41	106	0.020408
41	108	0.030303
41	112	0.024390
41	115	0.024390
41	122	0.027778
41	125	0.028571
41	128	0.025641
41	131	0.023256
41	139	0.026316
41	161	0.030303
41	177	0.041667
41	184	0.031250
41	187	0.035714
41	193	0.028571
41	212	0.041667
41	213	0.043478
41	214	0.032258
41	226	0.038462
41	238	0.035714
41	260	0.043478
41	286	0.052632
41	300	0.032258
41	301	0.050000
41	303	0.052632
41	320	0.047619
41	324	0.038462
41	342	0.052632
41	343	0.052632
41	347	0.047619
41	352	0.055556
41	355	0.045455
41	362	0.043478
41	363	0.052632
41	366	0.047619
41	367	0.043478
41	369	0.047619
41	372	0.052632
41	425	0.052632
41	426	0.052632
41	436	0.055556
41	437	0.052632
41	448	0.052632
42	3	0.015152
42	4	0.010638
42	7	0.017857
42	10	0.014706
42	11	0.016393
42	12	0.045455
42	13	0.016667
42	20	0.008264
42	21	0.007042
42	22	0.008333
42	23	0.007353
42	24	0.009615
42	27	0.008547
42	29	0.008696
42	30	0.010870
42	32	0.009174
42	35	0.010204
42	37	0.012048
42	43	0.018868
42	44	0.014286
42	47	0.016949
42	50	0.011494
42	51	0.015385
42	60	0.015152
42	62	0.017857
42	65	0.012658
42	66	0.026316
42	68	0.020408
42	70	0.016667
42	71	0.021739
42	79	0.021739
42	83	0.020408
42	96	0.022222
42	98	0.024390
42	100	0.028571
42	103	0.030303
42	112	0.024390
42	113	0.023256
42	117	0.027778
42	126	0.023810
42	127	0.027027
42	129	0.033333
42	138	0.034483
42	144	0.024390
42	146	0.029412
42	152	0.037037
42	155	0.029412
42	160	0.026316
42	164	0.034483
42	172	0.032258
42	178	0.035714
42	193	0.028571
42	205	0.027778
42	206	0.033333
42	208	0.038462
42	215	0.040000
42	217	0.041667
42	219	0.035714
42	220	0.032258
42	222	0.026316
42	238	0.035714
42	261	0.043478
42	264	0.043478
42	334	0.043478
42	335	0.045455
42	343	0.052632
42	388	0.052632
42	391	0.055556
42	394	0.052632
42	403	0.047619
42	411	0.055556
42	420	0.055556
42	424	0.055556
42	435	0.055556
42	437	0.052632
42	444	0.055556
42	449	0.055556
42	450	0.055556
43	7	0.017857
43	10	0.014706
43	15	0.011905
43	20	0.008264
43	22	0.008333
43	23	0.007353
43	25	0.007143
43	26	0.010101
43	27	0.008547
43	29	0.008696
43	30	0.010870
43	31	0.012048
43	33	0.008197
43	34	0.014085
43	37	0.012048
43	39	0.011628
43	40	0.011628
43	42	0.012821
43	47	0.016949
43	49	0.013514
43	52	0.013514
43	53	0.017544
43	57	0.013889
43	66	0.026316
43	71	0.021739
43	72	0.023256
43	78	0.020408
43	85	0.023810
43	99	0.031250
43	120	0.030303
43	125	0.028571
43	141	0.023810
43	150	0.034483
43	152	0.037037
43	156	0.031250
43	168	0.040000
43	182	0.034483
43	184	0.031250
43	192	0.037037
43	215	0.040000
43	244	0.035714
43	282	0.047619
43	286	0.052632
43	314	0.055556
43	327	0.041667
43	372	0.052632
43	380	0.047619
43	400	0.052632
43	407	0.055556
43	409	0.050000
43	419	0.050000
43	428	0.055556
43	434	0.055556
44	2	0.015625
44	4	0.010638
44	6	0.013699
44	10	0.014706
44	11	0.016393
44	13	0.016667
44	14	0.012346
44	18	0.015625
44	19	0.007299
44	20	0.008264
44	21	0.007042
44	22	0.008333
44	26	0.010101
44	30	0.010870
44	35	0.010204
44	36	0.012658
44	40	0.011628
44	42	0.012821
44	47	0.016949
44	51	0.015385
44	52	0.013514
44	54	0.016393
44	55	0.015873
44	59	0.016129
44	64	0.016949
44	74	0.025641
44	79	0.021739
44	80	0.016393
44	96	0.022222
44	98	0.024390
44	100	0.028571
44	108	0.030303
44	109	0.024390
44	113	0.023256
44	119	0.023810
44	122	0.027778
44	126	0.023810
44	128	0.025641
44	138	0.034483
44	141	0.023810
44	150	0.034483
44	157	0.025641
44	158	0.037037
44	159	0.034483
44	162	0.037037
44	167	0.038462
44	186	0.037037
44	200	0.043478
44	215	0.040000
44	227	0.045455
44	235	0.037037
44	264	0.043478
44	291	0.050000
44	296	0.052632
44	302	0.052632
44	305	0.038462
44	313	0.047619
44	328	0.047619
44	333	0.041667
44	362	0.043478
44	366	0.047619
44	373	0.052632
44	380	0.047619
44	394	0.052632
44	395	0.047619
44	397	0.045455
44	398	0.050000
44	402	0.052632
44	416	0.047619
44	437	0.052632
45	0	0.007246
45	1	0.020408
45	2	0.015625
45	4	0.010638
45	15	0.011905
45	20	0.008264
45	21	0.007042
45	23	0.007353
45	24	0.009615
45	25	0.007143
45	28	0.008772
45	29	0.008696
45	30	0.010870
45	33	0.008197
45	35	0.010204
45	36	0.012658
45	39	0.011628
45	40	0.011628
45	47	0.016949
45	50	0.011494
45	53	0.017544
45	54	0.016393
45	58	0.016393
45	59	0.016129
45	60	0.015152
45	61	0.018868
45	68	0.020408
45	71	0.021739
45	73	0.023810
45	81	0.020408
45	83	0.020408
45	87	0.021277
45	89	0.021277
45	93	0.023810
45	94	0.021277
45	98	0.024390
45	101	0.024390
45	102	0.024390
45	106	0.020408
45	108	0.030303
45	110	0.024390
45	112	0.024390
45	116	0.024390
45	117	0.027778
45	132	0.025641
45	134	0.031250
45	138	0.034483
45	139	0.026316
45	140	0.035714
45	152	0.037037
45	156	0.031250
45	170	0.035714
45	176	0.043478
45	179	0.026316
45	189	0.038462
45	193	0.028571
45	198	0.031250
45	206	0.033333
45	220	0.032258
45	222	0.026316
45	230	0.038462
45	236	0.037037
45	238	0.035714
45	240	0.045455
45	247	0.050000
45	249	0.045455
45	250	0.041667
45	254	0.043478
45	258	0.041667
45	259	0.045455
45	265	0.045455
45	271	0.047619
45	281	0.040000
45	292	0.040000
45	294	0.052632
45	307	0.047619
45	312	0.047619
45	313	0.047619
45	328	0.047619
45	330	0.043478
45	331	0.050000
45	336	0.050000
45	337	0.050000
45	338	0.050000
45	352	0.055556
45	363	0.052632
45	367	0.043478
45	374	0.052632
45	396	0.052632
45	420	0.055556
45	422	0.055556
45	427	0.052632
45	438	0.052632
45	450	0.055556
46	0	0.007246
46	2	0.015625
46	4	0.010638
46	6	0.013699
46	9	0.019608
46	14	0.012346
46	15	0.011905
46	19	0.007299
46	21	0.007042
46	22	0.008333
46	25	0.007143
46	26	0.010101
46	28	0.008772
46	32	0.009174
46	33	0.008197
46	34	0.014085
46	39	0.011628
46	40	0.011628
46	50	0.011494
46	54	0.016393
46	56	0.014085
46	64	0.016949
46	65	0.012658
46	71	0.021739
46	72	0.023256
46	82	0.022727
46	86	0.027027
46	87	0.021277
46	92	0.019608
46	98	0.024390
46	101	0.024390
46	103	0.030303
46	104	0.026316
46	108	0.030303
46	109	0.024390
46	110	0.024390
46	115	0.024390
46	132	0.025641
46	140	0.035714
46	143	0.025641
46	153	0.033333
46	161	0.030303
46	162	0.037037
46	166	0.033333
46	168	0.040000
46	174	0.033333
46	175	0.031250
46	176	0.043478
46	185	0.032258
46	186	0.037037
46	193	0.028571
46	197	0.041667
46	205	0.027778
46	232	0.035714
46	252	0.043478
46	262	0.041667
46	268	0.041667
46	288	0.041667
46	304	0.043478
46	313	0.047619
46	333	0.041667
46	344	0.047619
46	349	0.050000
46	350	0.055556
46	359	0.050000
46	370	0.052632
46	374	0.052632
46	376	0.050000
46	397	0.045455
46	399	0.050000
46	403	0.047619
46	414	0.047619
46	417	0.050000
46	419	0.050000
46	425	0.052632
46	428	0.055556
46	429	0.055556
46	431	0.055556
46	434	0.055556
46	451	0.052632
47	4	0.010638
47	7	0.017857
47	8	0.020408
47	10	0.014706
47	19	0.007299
47	21	0.007042
47	22	0.008333
47	24	0.009615
47	25	0.007143
47	30	0.010870
47	34	0.014085
47	38	0.017857
47	40	0.011628
47	41	0.012987
47	42	0.012821
47	43	0.018868
47	44	0.014286
47	45	0.010638
47	48	0.016129
47	53	0.017544
47	54	0.016393
47	55	0.015873
47	60	0.015152
47	61	0.018868
47	62	0.017857
47	68	0.020408
47	73	0.023810
47	91	0.019231
47	96	0.022222
47	108	0.030303
47	120	0.030303
47	122	0.027778
47	129	0.033333
47	150	0.034483
47	153	0.033333
47	157	0.025641
47	165	0.029412
47	166	0.033333
47	175	0.031250
47	177	0.041667
47	182	0.034483
47	185	0.032258
47	203	0.029412
47	216	0.037037
47	221	0.034483
47	223	0.033333
47	260	0.043478
47	271	0.047619
47	273	0.050000
47	299	0.043478
47	319	0.052632
47	323	0.055556
47	346	0.050000
47	365	0.052632
47	367	0.043478
47	383	0.045455
47	393	0.052632
47	396	0.052632
47	454	0.055556
48	0	0.007246
48	4	0.010638
48	6	0.013699
48	9	0.019608
48	11	0.016393
48	13	0.016667
48	14	0.012346
48	15	0.011905
48	19	0.007299
48	20	0.008264
48	22	0.008333
48	24	0.009615
48	25	0.007143
48	28	0.008772
48	33	0.008197
48	37	0.012048
48	41	0.012987
48	47	0.016949
48	54	0.016393
48	61	0.018868
48	63	0.014925
48	64	0.016949
48	71	0.021739
48	73	0.023810
48	74	0.025641
48	75	0.025000
48	76	0.023810
48	97	0.021277
48	101	0.024390
48	125	0.028571
48	127	0.027027
48	131	0.023256
48	133	0.030303
48	147	0.027778
48	149	0.040000
48	160	0.026316
48	181	0.033333
48	182	0.034483
48	193	0.028571
48	194	0.033333
48	208	0.038462
48	211	0.043478
48	220	0.032258
48	221	0.034483
48	222	0.026316
48	228	0.041667
48	231	0.043478
48	252	0.043478
48	257	0.038462
48	266	0.043478
48	268	0.041667
48	274	0.045455
48	277	0.038462
48	285	0.043478
48	317	0.040000
48	330	0.043478
48	338	0.050000
48	342	0.052632
48	357	0.050000
48	364	0.052632
48	405	0.052632
48	432	0.055556
49	3	0.015152
49	14	0.012346
49	19	0.007299
49	20	0.008264
49	21	0.007042
49	22	0.008333
49	23	0.007353
49	25	0.007143
49	28	0.008772
49	30	0.010870
49	31	0.012048
49	32	0.009174
49	33	0.008197
49	35	0.010204
49	36	0.012658
49	37	0.012048
49	39	0.011628
49	43	0.018868
49	50	0.011494
49	51	0.015385
49	55	0.015873
49	56	0.014085
49	58	0.016393
49	59	0.016129
49	62	0.017857
49	63	0.014925
49	68	0.020408
49	70	0.016667
49	79	0.021739
49	83	0.020408
49	86	0.027027
49	87	0.021277
49	89	0.021277
49	96	0.022222
49	105	0.025641
49	122	0.027778
49	129	0.033333
49	132	0.025641
49	133	0.030303
49	152	0.037037
49	153	0.033333
49	154	0.033333
49	158	0.037037
49	164	0.034483
49	190	0.031250
49	197	0.041667
49	198	0.031250
49	200	0.043478
49	203	0.029412
49	214	0.032258
49	228	0.041667
49	229	0.041667
49	231	0.043478
49	239	0.035714
49	244	0.035714
49	247	0.050000
49	253	0.034483
49	259	0.045455
49	261	0.043478
49	292	0.040000
49	306	0.041667
49	315	0.052632
49	316	0.038462
49	317	0.040000
49	340	0.043478
49	347	0.047619
49	350	0.055556
49	359	0.050000
49	361	0.041667
49	367	0.043478
49	383	0.045455
49	394	0.052632
49	409	0.050000
49	436	0.055556
50	0	0.007246
50	8	0.020408
50	18	0.015625
50	20	0.008264
50	21	0.007042
50	22	0.008333
50	23	0.007353
50	25	0.007143
50	26	0.010101
50	27	0.008547
50	30	0.010870
50	33	0.008197
50	34	0.014085
50	37	0.012048
50	42	0.012821
50	45	0.010638
50	46	0.012500
50	49	0.013514
50	53	0.017544
50	58	0.016393
50	61	0.018868
50	63	0.014925
50	68	0.020408
50	72	0.023256
50	81	0.020408
50	84	0.020000
50	87	0.021277
50	90	0.022727
50	93	0.023810
50	102	0.024390
50	107	0.021277
50	117	0.027778
50	120	0.030303
50	121	0.022222
50	130	0.033333
50	131	0.023256
50	132	0.025641
50	134	0.031250
50	135	0.028571
50	139	0.026316
50	140	0.035714
50	147	0.027778
50	156	0.031250
50	157	0.025641
50	165	0.029412
50	171	0.030303
50	172	0.032258
50	180	0.038462
50	182	0.034483
50	187	0.035714
50	194	0.033333
50	196	0.037037
50	197	0.041667
50	202	0.034483
50	211	0.043478
50	217	0.041667
50	220	0.032258
50	227	0.045455
50	230	0.038462
50	232	0.035714
50	239	0.035714
50	241	0.040000
50	246	0.040000
50	255	0.034483
50	256	0.050000
50	264	0.043478
50	266	0.043478
50	268	0.041667
50	273	0.050000
50	285	0.043478
50	289	0.038462
50	297	0.045455
50	312	0.047619
50	319	0.052632
50	320	0.047619
50	324	0.038462
50	332	0.047619
50	336	0.050000
50	347	0.047619
50	348	0.050000
50	369	0.047619
50	378	0.047619
50	383	0.045455
50	395	0.047619
50	423	0.055556
50	437	0.052632
50	450	0.055556
51	0	0.007246
51	1	0.020408
51	10	0.014706
51	11	0.016393
51	17	0.019608
51	22	0.008333
51	24	0.009615
51	27	0.008547
51	28	0.008772
51	29	0.008696
51	30	0.010870
51	31	0.012048
51	34	0.014085
51	35	0.010204
51	37	0.012048
51	42	0.012821
51	44	0.014286
51	49	0.013514
51	53	0.017544
51	54	0.016393
51	55	0.015873
51	58	0.016393
51	59	0.016129
51	78	0.020408
51	79	0.021739
51	85	0.023810
51	112	0.024390
51	114	0.023256
51	115	0.024390
51	121	0.022222
51	139	0.026316
51	142	0.030303
51	146	0.029412
51	151	0.032258
51	157	0.025641
51	159	0.034483
51	172	0.032258
51	174	0.033333
51	186	0.037037
51	199	0.037037
51	205	0.027778
51	224	0.045455
51	225	0.040000
51	226	0.038462
51	235	0.037037
51	241	0.040000
51	243	0.040000
51	250	0.041667
51	261	0.043478
51	268	0.041667
51	285	0.043478
51	311	0.047619
51	322	0.043478
51	323	0.055556
51	337	0.050000
51	347	0.047619
51	348	0.050000
51	351	0.052632
51	360	0.050000
51	373	0.052632
51	389	0.050000
51	397	0.045455
51	400	0.052632
51	437	0.052632
51	443	0.055556
52	0	0.007246
52	5	0.023256
52	8	0.020408
52	9	0.019608
52	20	0.008264
52	21	0.007042
52	22	0.008333
52	24	0.009615
52	25	0.007143
52	26	0.010101
52	28	0.008772
52	30	0.010870
52	31	0.012048
52	35	0.010204
52	40	0.011628
52	41	0.012987
52	43	0.018868
52	44	0.014286
52	58	0.016393
52	60	0.015152
52	61	0.018868
52	63	0.014925
52	74	0.025641
52	84	0.020000
52	86	0.027027
52	89	0.021277
52	112	0.024390
52	114	0.023256
52	118	0.025641
52	121	0.022222
52	128	0.025641
52	129	0.033333
52	136	0.028571
52	138	0.034483
52	146	0.029412
52	148	0.031250
52	168	0.040000
52	169	0.034483
52	170	0.035714
52	172	0.032258
52	174	0.033333
52	188	0.031250
52	196	0.037037
52	240	0.045455
52	241	0.040000
52	251	0.040000
52	254	0.043478
52	264	0.043478
52	267	0.043478
52	269	0.035714
52	272	0.038462
52	292	0.040000
52	300	0.032258
52	310	0.040000
52	320	0.047619
52	323	0.055556
52	330	0.043478
52	331	0.050000
52	332	0.047619
52	335	0.045455
52	368	0.055556
52	377	0.055556
52	383	0.045455
52	384	0.050000
52	397	0.045455
52	400	0.052632
52	408	0.055556
52	411	0.055556
52	413	0.055556
52	434	0.055556
52	436	0.055556
52	446	0.055556
52	447	0.055556
52	453	0.055556
53	4	0.010638
53	6	0.013699
53	12	0.045455
53	17	0.019608
53	19	0.007299
53	20	0.008264
53	22	0.008333
53	23	0.007353
53	24	0.009615
53	25	0.007143
53	27	0.008547
53	29	0.008696
53	33	0.008197
53	43	0.018868
53	45	0.010638
53	47	0.016949
53	50	0.011494
53	51	0.015385
53	55	0.015873
53	60	0.015152
53	64	0.016949
53	66	0.026316
53	68	0.020408
53	73	0.023810
53	109	0.024390
53	110	0.024390
53	113	0.023256
53	126	0.023810
53	131	0.023256
53	133	0.030303
53	157	0.025641
53	160	0.026316
53	163	0.031250
53	167	0.038462
53	170	0.035714
53	178	0.035714
53	183	0.030303
53	192	0.037037
53	216	0.037037
53	226	0.038462
53	229	0.041667
53	236	0.037037
53	240	0.045455
53	241	0.040000
53	256	0.050000
53	269	0.035714
53	273	0.050000
53	295	0.047619
53	297	0.045455
53	306	0.041667
53	310	0.040000
53	323	0.055556
53	329	0.052632
53	375	0.047619
53	397	0.045455
53	412	0.052632
53	442	0.055556
54	0	0.007246
54	8	0.020408
54	14	0.012346
54	18	0.015625
54	20	0.008264
54	23	0.007353
54	24	0.009615
54	29	0.008696
54	30	0.010870
54	36	0.012658
54	39	0.011628
54	41	0.012987
54	44	0.014286
54	45	0.010638
54	46	0.012500
54	47	0.016949
54	48	0.016129
54	51	0.015385
54	55	0.015873
54	56	0.014085
54	57	0.013889
54	59	0.016129
54	71	0.021739
54	74	0.025641
54	76	0.023810
54	79	0.021739
54	81	0.020408
54	86	0.027027
54	89	0.021277
54	90	0.022727
54	95	0.022222
54	98	0.024390
54	123	0.029412
54	125	0.028571
54	126	0.023810
54	138	0.034483
54	189	0.038462
54	208	0.038462
54	209	0.034483
54	217	0.041667
54	237	0.038462
54	249	0.045455
54	259	0.045455
54	270	0.041667
54	302	0.052632
54	322	0.043478
54	323	0.055556
54	324	0.038462
54	336	0.050000
54	340	0.043478
54	349	0.050000
54	354	0.047619
54	359	0.050000
54	364	0.052632
54	371	0.047619
54	372	0.052632
54	415	0.055556
54	425	0.052632
54	434	0.055556
54	438	0.052632
54	439	0.055556
55	0	0.007246
55	8	0.020408
55	10	0.014706
55	13	0.016667
55	21	0.007042
55	25	0.007143
55	27	0.008547
55	28	0.008772
55	29	0.008696
55	31	0.012048
55	33	0.008197
55	35	0.010204
55	44	0.014286
55	47	0.016949
55	49	0.013514
55	51	0.015385
55	53	0.017544
55	54	0.016393
55	56	0.014085
55	59	0.016129
55	65	0.012658
55	66	0.026316
55	68	0.020408
55	73	0.023810
55	80	0.016393
55	82	0.022727
55	87	0.021277
55	99	0.031250
55	101	0.024390
55	107	0.021277
55	117	0.027778
55	121	0.022222
55	123	0.029412
55	128	0.025641
55	133	0.030303
55	135	0.028571
55	140	0.035714
55	144	0.024390
55	150	0.034483
55	155	0.029412
55	172	0.032258
55	185	0.032258
55	189	0.038462
55	190	0.031250
55	193	0.028571
55	200	0.043478
55	228	0.041667
55	245	0.035714
55	256	0.050000
55	277	0.038462
55	311	0.047619
55	314	0.055556
55	328	0.047619
55	351	0.052632
55	364	0.052632
55	382	0.052632
55	386	0.052632
55	389	0.050000
55	403	0.047619
55	424	0.055556
55	430	0.055556
55	441	0.050000
55	451	0.052632
56	0	0.007246
56	1	0.020408
56	4	0.010638
56	6	0.013699
56	9	0.019608
56	13	0.016667
56	15	0.011905
56	21	0.007042
56	22	0.008333
56	23	0.007353
56	24	0.009615
56	27	0.008547
56	33	0.008197
56	35	0.010204
56	46	0.012500
56	49	0.013514
56	54	0.016393
56	55	0.015873
56	59	0.016129
56	63	0.014925
56	68	0.020408
56	71	0.021739
56	73	0.023810
56	74	0.025641
56	76	0.023810
56	89	0.021277
56	90	0.022727
56	91	0.019231
56	92	0.019608
56	100	0.028571
56	102	0.024390
56	103	0.030303
56	111	0.020833
56	115	0.024390
56	120	0.030303
56	127	0.027027
56	132	0.025641
56	145	0.029412
56	148	0.031250
56	150	0.034483
56	153	0.033333
56	177	0.041667
56	190	0.031250
56	203	0.029412
56	206	0.033333
56	211	0.043478
56	248	0.034483
56	255	0.034483
56	258	0.041667
56	264	0.043478
56	280	0.037037
56	286	0.052632
56	287	0.041667
56	289	0.038462
56	294	0.052632
56	300	0.032258
56	314	0.055556
56	315	0.052632
56	317	0.040000
56	321	0.047619
56	322	0.043478
56	324	0.038462
56	338	0.050000
56	349	0.050000
56	383	0.045455
56	390	0.041667
56	397	0.045455
56	403	0.047619
56	421	0.055556
56	426	0.052632
56	434	0.055556
57	0	0.007246
57	15	0.011905
57	17	0.019608
57	18	0.015625
57	19	0.007299
57	23	0.007353
57	24	0.009615
57	25	0.007143
57	27	0.008547
57	29	0.008696
57	30	0.010870
57	33	0.008197
57	34	0.014085
57	39	0.011628
57	40	0.011628
57	41	0.012987
57	43	0.018868
57	54	0.016393
57	66	0.026316
57	69	0.021739
57	70	0.016667
57	75	0.025000
57	78	0.020408
57	80	0.016393
57	83	0.020408
57	86	0.027027
57	87	0.021277
57	91	0.019231
57	93	0.023810
57	95	0.022222
57	99	0.031250
57	100	0.028571
57	105	0.025641
57	106	0.020408
57	115	0.024390
57	119	0.023810
57	126	0.023810
57	130	0.033333
57	131	0.023256
57	134	0.031250
57	149	0.040000
57	155	0.029412
57	161	0.030303
57	179	0.026316
57	183	0.030303
57	194	0.033333
57	196	0.037037
57	212	0.041667
57	217	0.041667
57	234	0.047619
57	239	0.035714
57	243	0.040000
57	251	0.040000
57	260	0.043478
57	262	0.041667
57	281	0.040000
57	284	0.043478
57	288	0.041667
57	298	0.041667
57	326	0.050000
57	343	0.052632
57	346	0.050000
57	351	0.052632
57	353	0.050000
57	356	0.045455
57	362	0.043478
57	368	0.055556
57	382	0.052632
57	406	0.052632
57	433	0.052632
57	447	0.055556
57	453	0.055556
58	0	0.007246
58	11	0.016393
58	15	0.011905
58	19	0.007299
58	20	0.008264
58	23	0.007353
58	24	0.009615
58	27	0.008547
58	29	0.008696
58	31	0.012048
58	32	0.009174
58	34	0.014085
58	39	0.011628
58	45	0.010638
58	49	0.013514
58	50	0.011494
58	51	0.015385
58	52	0.013514
58	63	0.014925
58	64	0.016949
58	67	0.021739
58	70	0.016667
58	80	0.016393
58	84	0.020000
58	89	0.021277
58	90	0.022727
58	91	0.019231
58	93	0.023810
58	95	0.022222
58	96	0.022222
58	97	0.021277
58	101	0.024390
58	112	0.024390
58	116	0.024390
58	117	0.027778
58	126	0.023810
58	127	0.027027
58	129	0.033333
58	139	0.026316
58	143	0.025641
58	154	0.033333
58	162	0.037037
58	171	0.030303
58	185	0.032258
58	187	0.035714
58	214	0.032258
58	215	0.040000
58	236	0.037037
58	239	0.035714
58	257	0.038462
58	284	0.043478
58	291	0.050000
58	312	0.047619
58	316	0.038462
58	317	0.040000
58	353	0.050000
58	369	0.047619
58	390	0.041667
58	393	0.052632
58	399	0.050000
58	442	0.055556
59	0	0.007246
59	10	0.014706
59	17	0.019608
59	22	0.008333
59	23	0.007353
59	25	0.007143
59	27	0.008547
59	28	0.008772
59	35	0.010204
59	37	0.012048
59	39	0.011628
59	44	0.014286
59	45	0.010638
59	49	0.013514
59	51	0.015385
59	54	0.016393
59	55	0.015873
59	56	0.014085
59	61	0.018868
59	70	0.016667
59	74	0.025641
59	78	0.020408
59	79	0.021739
59	104	0.026316
59	107	0.021277
59	111	0.020833
59	114	0.023256
59	118	0.025641
59	129	0.033333
59	135	0.028571
59	143	0.025641
59	149	0.040000
59	165	0.029412
59	171	0.030303
59	174	0.033333
59	179	0.026316
59	190	0.031250
59	191	0.037037
59	192	0.037037
59	195	0.040000
59	200	0.043478
59	202	0.034483
59	229	0.041667
59	237	0.038462
59	246	0.040000
59	249	0.045455
59	250	0.041667
59	253	0.034483
59	262	0.041667
59	270	0.041667
59	271	0.047619
59	284	0.043478
59	301	0.050000
59	312	0.047619
59	329	0.052632
59	334	0.043478
59	405	0.052632
59	408	0.055556
59	411	0.055556
59	420	0.055556
59	424	0.055556
59	443	0.055556
60	0	0.007246
60	7	0.017857
60	9	0.019608
60	10	0.014706
60	19	0.007299
60	20	0.008264
60	24	0.009615
60	26	0.010101
60	27	0.008547
60	30	0.010870
60	31	0.012048
60	34	0.014085
60	41	0.012987
60	42	0.012821
60	45	0.010638
60	47	0.016949
60	52	0.013514
60	53	0.017544
60	62	0.017857
60	64	0.016949
60	65	0.012658
60	66	0.026316
60	71	0.021739
60	72	0.023256
60	74	0.025641
60	75	0.025000
60	78	0.020408
60	82	0.022727
60	93	0.023810
60	96	0.022222
60	102	0.024390
60	103	0.030303
60	117	0.027778
60	122	0.027778
60	140	0.035714
60	155	0.029412
60	180	0.038462
60	181	0.033333
60	185	0.032258
60	189	0.038462
60	191	0.037037
60	193	0.028571
60	201	0.034483
60	221	0.034483
60	224	0.045455
60	225	0.040000
60	228	0.041667
60	231	0.043478
60	233	0.045455
60	246	0.040000
60	271	0.047619
60	295	0.047619
60	300	0.032258
60	302	0.052632
60	306	0.041667
60	307	0.047619
60	308	0.050000
60	312	0.047619
60	350	0.055556
60	357	0.050000
60	358	0.050000
60	392	0.047619
60	403	0.047619
60	408	0.055556
60	419	0.050000
60	430	0.055556
61	0	0.007246
61	2	0.015625
61	6	0.013699
61	8	0.020408
61	14	0.012346
61	15	0.011905
61	18	0.015625
61	20	0.008264
61	21	0.007042
61	25	0.007143
61	31	0.012048
61	37	0.012048
61	45	0.010638
61	47	0.016949
61	48	0.016129
61	50	0.011494
61	52	0.013514
61	59	0.016129
61	71	0.021739
61	72	0.023256
61	78	0.020408
61	79	0.021739
61	80	0.016393
61	84	0.020000
61	86	0.027027
61	94	0.021277
61	100	0.028571
61	105	0.025641
61	106	0.020408
61	122	0.027778
61	146	0.029412
61	149	0.040000
61	169	0.034483
61	172	0.032258
61	213	0.043478
61	219	0.035714
61	232	0.035714
61	237	0.038462
61	242	0.034483
61	255	0.034483
61	284	0.043478
61	288	0.041667
61	302	0.052632
61	308	0.050000
61	336	0.050000
61	344	0.047619
61	349	0.050000
61	380	0.047619
61	415	0.055556
61	421	0.055556
61	424	0.055556
61	432	0.055556
61	434	0.055556
62	0	0.007246
62	9	0.019608
62	14	0.012346
62	19	0.007299
62	20	0.008264
62	22	0.008333
62	23	0.007353
62	26	0.010101
62	27	0.008547
62	28	0.008772
62	29	0.008696
62	33	0.008197
62	39	0.011628
62	40	0.011628
62	42	0.012821
62	47	0.016949
62	49	0.013514
62	60	0.015152
62	63	0.014925
62	86	0.027027
62	92	0.019608
62	94	0.021277
62	97	0.021277
62	98	0.024390
62	109	0.024390
62	115	0.024390
62	120	0.030303
62	124	0.023810
62	135	0.028571
62	136	0.028571
62	139	0.026316
62	141	0.023810
62	146	0.029412
62	153	0.033333
62	159	0.034483
62	163	0.031250
62	170	0.035714
62	176	0.043478
62	196	0.037037
62	232	0.035714
62	245	0.035714
62	246	0.040000
62	247	0.050000
62	248	0.034483
62	259	0.045455
62	262	0.041667
62	265	0.045455
62	272	0.038462
62	278	0.041667
62	293	0.043478
62	300	0.032258
62	304	0.043478
62	310	0.040000
62	327	0.041667
62	397	0.045455
62	442	0.055556
63	3	0.015152
63	4	0.010638
63	11	0.016393
63	13	0.016667
63	14	0.012346
63	22	0.008333
63	27	0.008547
63	32	0.009174
63	34	0.014085
63	36	0.012658
63	40	0.011628
63	48	0.016129
63	49	0.013514
63	50	0.011494
63	52	0.013514
63	56	0.014085
63	58	0.016393
63	62	0.017857
63	64	0.016949
63	69	0.021739
63	72	0.023256
63	74	0.025641
63	80	0.016393
63	88	0.026316
63	94	0.021277
63	95	0.022222
63	101	0.024390
63	103	0.030303
63	116	0.024390
63	119	0.023810
63	132	0.025641
63	134	0.031250
63	161	0.030303
63	162	0.037037
63	177	0.041667
63	181	0.033333
63	190	0.031250
63	202	0.034483
63	204	0.040000
63	221	0.034483
63	223	0.033333
63	226	0.038462
63	227	0.045455
63	248	0.034483
63	255	0.034483
63	263	0.040000
63	266	0.043478
63	287	0.041667
63	288	0.041667
63	289	0.038462
63	293	0.043478
63	296	0.052632
63	301	0.050000
63	326	0.050000
63	334	0.043478
63	337	0.050000
63	358	0.050000
63	379	0.050000
63	389	0.050000
63	392	0.047619
63	398	0.050000
63	418	0.050000
63	421	0.055556
63	429	0.055556
63	438	0.052632
63	439	0.055556
63	448	0.052632
64	1	0.020408
64	2	0.015625
64	6	0.013699
64	10	0.014706
64	11	0.016393
64	15	0.011905
64	23	0.007353
64	30	0.010870
64	32	0.009174
64	33	0.008197
64	37	0.012048
64	44	0.014286
64	46	0.012500
64	48	0.016129
64	53	0.017544
64	58	0.016393
64	60	0.015152
64	63	0.014925
64	65	0.012658
64	82	0.022727
64	90	0.022727
64	92	0.019608
64	93	0.023810
64	107	0.021277
64	110	0.024390
64	114	0.023256
64	125	0.028571
64	128	0.025641
64	164	0.034483
64	211	0.043478
64	215	0.040000
64	225	0.040000
64	231	0.043478
64	233	0.045455
64	250	0.041667
64	252	0.043478
64	256	0.050000
64	265	0.045455
64	266	0.043478
64	270	0.041667
64	292	0.040000
64	298	0.041667
64	301	0.050000
64	307	0.047619
64	310	0.040000
64	319	0.052632
64	335	0.045455
64	338	0.050000
64	339	0.050000
64	342	0.052632
64	358	0.050000
64	372	0.052632
64	375	0.047619
64	383	0.045455
64	396	0.052632
64	405	0.052632
64	427	0.052632
64	442	0.055556
64	447	0.055556
65	6	0.013699
65	17	0.019608
65	22	0.008333
65	27	0.008547
65	28	0.008772
65	29	0.008696
65	32	0.009174
65	33	0.008197
65	34	0.014085
65	35	0.010204
65	36	0.012658
65	37	0.012048
65	40	0.011628
65	42	0.012821
65	46	0.012500
65	55	0.015873
65	60	0.015152
65	64	0.016949
65	69	0.021739
65	70	0.016667
65	72	0.023256
65	75	0.025000
65	77	0.015873
65	80	0.016393
65	87	0.021277
65	88	0.026316
65	89	0.021277
65	91	0.019231
65	92	0.019608
65	103	0.030303
65	104	0.026316
65	120	0.030303
65	121	0.022222
65	127	0.027027
65	138	0.034483
65	145	0.029412
65	147	0.027778
65	148	0.031250
65	150	0.034483
65	155	0.029412
65	167	0.038462
65	171	0.030303
65	175	0.031250
65	176	0.043478
65	178	0.035714
65	181	0.033333
65	195	0.040000
65	199	0.037037
65	204	0.040000
65	214	0.032258
65	218	0.032258
65	222	0.026316
65	229	0.041667
65	232	0.035714
65	235	0.037037
65	239	0.035714
65	259	0.045455
65	260	0.043478
65	275	0.041667
65	294	0.052632
65	307	0.047619
65	335	0.045455
65	339	0.050000
65	340	0.043478
65	343	0.052632
65	344	0.047619
65	355	0.045455
65	374	0.052632
65	379	0.050000
65	386	0.052632
65	392	0.047619
65	415	0.055556
65	422	0.055556
65	424	0.055556
65	428	0.055556
65	434	0.055556
65	436	0.055556
65	443	0.055556
65	453	0.055556
66	0	0.007246
66	17	0.019608
66	18	0.015625
66	20	0.008264
66	21	0.007042
66	23	0.007353
66	25	0.007143
66	27	0.008547
66	28	0.008772
66	32	0.009174
66	33	0.008197
66	34	0.014085
66	42	0.012821
66	43	0.018868
66	53	0.017544
66	55	0.015873
66	57	0.013889
66	60	0.015152
66	80	0.016393
66	81	0.020408
66	105	0.025641
66	122	0.027778
66	135	0.028571
66	139	0.026316
66	150	0.034483
66	174	0.033333
66	178	0.035714
66	224	0.045455
66	242	0.034483
66	255	0.034483
66	272	0.038462
66	275	0.041667
66	283	0.043478
66	289	0.038462
66	290	0.037037
66	291	0.050000
66	355	0.045455
66	362	0.043478
67	0	0.007246
67	10	0.014706
67	12	0.045455
67	15	0.011905
67	18	0.015625
67	19	0.007299
67	20	0.008264
67	23	0.007353
67	25	0.007143
67	27	0.008547
67	28	0.008772
67	29	0.008696
67	31	0.012048
67	34	0.014085
67	37	0.012048
67	39	0.011628
67	41	0.012987
67	58	0.016393
67	68	0.020408
67	70	0.016667
67	75	0.025000
67	79	0.021739
67	90	0.022727
67	99	0.031250
67	109	0.024390
67	112	0.024390
67	114	0.023256
67	117	0.027778
67	129	0.033333
67	134	0.031250
67	143	0.025641
67	144	0.024390
67	193	0.028571
67	194	0.033333
67	243	0.040000
67	290	0.037037
67	310	0.040000
67	316	0.038462
67	327	0.041667
67	360	0.050000
67	369	0.047619
67	383	0.045455
67	414	0.047619
67	446	0.055556
67	452	0.055556
67	453	0.055556
68	0	0.007246
68	2	0.015625
68	19	0.007299
68	21	0.007042
68	29	0.008696
68	32	0.009174
68	35	0.010204
68	36	0.012658
68	40	0.011628
68	42	0.012821
68	45	0.010638
68	47	0.016949
68	49	0.013514
68	50	0.011494
68	53	0.017544
68	55	0.015873
68	56	0.014085
68	67	0.021739
68	71	0.021739
68	81	0.020408
68	87	0.021277
68	92	0.019608
68	99	0.031250
68	103	0.030303
68	106	0.020408
68	111	0.020833
68	118	0.025641
68	134	0.031250
68	143	0.025641
68	177	0.041667
68	199	0.037037
68	207	0.037037
68	219	0.035714
68	223	0.033333
68	237	0.038462
68	253	0.034483
68	278	0.041667
68	279	0.038462
68	291	0.050000
68	304	0.043478
68	307	0.047619
68	366	0.047619
68	371	0.047619
68	373	0.052632
68	392	0.047619
68	395	0.047619
68	424	0.055556
68	449	0.055556
68	454	0.055556
69	0	0.007246
69	2	0.015625
69	3	0.015152
69	4	0.010638
69	7	0.017857
69	12	0.045455
69	14	0.012346
69	19	0.007299
69	21	0.007042
69	26	0.010101
69	27	0.008547
69	29	0.008696
69	32	0.009174
69	33	0.008197
69	34	0.014085
69	57	0.013889
69	63	0.014925
69	65	0.012658
69	80	0.016393
69	104	0.026316
69	106	0.020408
69	110	0.024390
69	119	0.023810
69	143	0.025641
69	150	0.034483
69	156	0.031250
69	158	0.037037
69	204	0.040000
69	212	0.041667
69	216	0.037037
69	217	0.041667
69	218	0.032258
69	231	0.043478
69	246	0.040000
69	248	0.034483
69	266	0.043478
69	274	0.045455
69	285	0.043478
69	286	0.052632
69	299	0.043478
69	315	0.052632
69	320	0.047619
69	321	0.047619
69	400	0.052632
69	417	0.050000
69	432	0.055556
70	7	0.017857
70	9	0.019608
70	21	0.007042
70	22	0.008333
70	23	0.007353
70	25	0.007143
70	28	0.008772
70	29	0.008696
70	35	0.010204
70	39	0.011628
70	41	0.012987
70	42	0.012821
70	49	0.013514
70	57	0.013889
70	58	0.016393
70	59	0.016129
70	65	0.012658
70	67	0.021739
70	73	0.023810
70	76	0.023810
70	77	0.015873
70	83	0.020408
70	84	0.020000
70	85	0.023810
70	102	0.024390
70	118	0.025641
70	130	0.033333
70	135	0.028571
70	138	0.034483
70	153	0.033333
70	171	0.030303
70	172	0.032258
70	173	0.035714
70	184	0.031250
70	197	0.041667
70	199	0.037037
70	200	0.043478
70	202	0.034483
70	209	0.034483
70	210	0.038462
70	225	0.040000
70	229	0.041667
70	236	0.037037
70	244	0.035714
70	257	0.038462
70	309	0.047619
70	311	0.047619
70	325	0.047619
70	331	0.050000
70	332	0.047619
70	333	0.041667
70	337	0.050000
70	342	0.052632
70	350	0.055556
70	365	0.052632
70	389	0.050000
70	416	0.047619
70	427	0.052632
70	429	0.055556
70	454	0.055556
71	4	0.010638
71	6	0.013699
71	13	0.016667
71	15	0.011905
71	21	0.007042
71	22	0.008333
71	29	0.008696
71	36	0.012658
71	42	0.012821
71	43	0.018868
71	45	0.010638
71	46	0.012500
71	48	0.016129
71	54	0.016393
71	56	0.014085
71	60	0.015152
71	61	0.018868
71	68	0.020408
71	75	0.025000
71	84	0.020000
71	93	0.023810
71	98	0.024390
71	102	0.024390
71	105	0.025641
71	111	0.020833
71	112	0.024390
71	130	0.033333
71	141	0.023810
71	149	0.040000
71	159	0.034483
71	169	0.034483
71	173	0.035714
71	186	0.037037
71	209	0.034483
71	223	0.033333
71	236	0.037037
71	243	0.040000
71	271	0.047619
71	282	0.047619
71	283	0.043478
71	303	0.052632
71	401	0.043478
71	413	0.055556
71	442	0.055556
71	447	0.055556
71	452	0.055556
72	14	0.012346
72	18	0.015625
72	19	0.007299
72	21	0.007042
72	23	0.007353
72	28	0.008772
72	29	0.008696
72	30	0.010870
72	37	0.012048
72	40	0.011628
72	41	0.012987
72	43	0.018868
72	46	0.012500
72	50	0.011494
72	60	0.015152
72	61	0.018868
72	63	0.014925
72	65	0.012658
72	96	0.022222
72	103	0.030303
72	110	0.024390
72	111	0.020833
72	148	0.031250
72	159	0.034483
72	161	0.030303
72	162	0.037037
72	167	0.038462
72	211	0.043478
72	266	0.043478
72	271	0.047619
72	290	0.037037
72	302	0.052632
72	336	0.050000
72	349	0.050000
72	355	0.045455
72	361	0.041667
72	369	0.047619
72	386	0.052632
72	401	0.043478
72	414	0.047619
72	426	0.052632
72	432	0.055556
72	448	0.052632
73	0	0.007246
73	4	0.010638
73	5	0.023256
73	6	0.013699
73	7	0.017857
73	8	0.020408
73	11	0.016393
73	14	0.012346
73	25	0.007143
73	30	0.010870
73	35	0.010204
73	45	0.010638
73	47	0.016949
73	48	0.016129
73	53	0.017544
73	55	0.015873
73	56	0.014085
73	70	0.016667
73	81	0.020408
73	88	0.026316
73	102	0.024390
73	117	0.027778
73	118	0.025641
73	124	0.023810
73	135	0.028571
73	144	0.024390
73	154	0.033333
73	155	0.029412
73	164	0.034483
73	169	0.034483
73	172	0.032258
73	177	0.041667
73	185	0.032258
73	218	0.032258
73	278	0.041667
73	285	0.043478
73	295	0.047619
73	308	0.050000
73	391	0.055556
73	433	0.052632
73	446	0.055556
73	452	0.055556
74	2	0.015625
74	4	0.010638
74	7	0.017857
74	11	0.016393
74	19	0.007299
74	21	0.007042
74	23	0.007353
74	32	0.009174
74	33	0.008197
74	35	0.010204
74	44	0.014286
74	48	0.016129
74	52	0.013514
74	54	0.016393
74	56	0.014085
74	59	0.016129
74	60	0.015152
74	63	0.014925
74	75	0.025000
74	82	0.022727
74	91	0.019231
74	96	0.022222
74	119	0.023810
74	125	0.028571
74	153	0.033333
74	156	0.031250
74	160	0.026316
74	163	0.031250
74	170	0.035714
74	184	0.031250
74	185	0.032258
74	203	0.029412
74	247	0.050000
74	256	0.050000
74	264	0.043478
74	341	0.055556
74	399	0.050000
74	401	0.043478
74	410	0.050000
75	0	0.007246
75	11	0.016393
75	20	0.008264
75	22	0.008333
75	23	0.007353
75	27	0.008547
75	31	0.012048
75	32	0.009174
75	33	0.008197
75	39	0.011628
75	41	0.012987
75	48	0.016129
75	57	0.013889
75	60	0.015152
75	65	0.012658
75	67	0.021739
75	71	0.021739
75	74	0.025641
75	78	0.020408
75	86	0.027027
75	102	0.024390
75	114	0.023256
75	118	0.025641
75	139	0.026316
75	147	0.027778
75	158	0.037037
75	184	0.031250
75	217	0.041667
75	218	0.032258
75	250	0.041667
75	268	0.041667
75	295	0.047619
75	307	0.047619
75	316	0.038462
75	330	0.043478
75	357	0.050000
75	358	0.050000
75	380	0.047619
75	413	0.055556
75	434	0.055556
76	0	0.007246
76	3	0.015152
76	7	0.017857
76	8	0.020408
76	10	0.014706
76	13	0.016667
76	18	0.015625
76	20	0.008264
76	23	0.007353
76	27	0.008547
76	28	0.008772
76	31	0.012048
76	35	0.010204
76	37	0.012048
76	48	0.016129
76	54	0.016393
76	56	0.014085
76	70	0.016667
76	92	0.019608
76	103	0.030303
76	125	0.028571
76	135	0.028571
76	160	0.026316
76	165	0.029412
76	185	0.032258
76	190	0.031250
76	191	0.037037
76	192	0.037037
76	194	0.033333
76	207	0.037037
76	212	0.041667
76	225	0.040000
76	263	0.040000
76	293	0.043478
76	300	0.032258
76	334	0.043478
76	349	0.050000
76	351	0.052632
76	373	0.052632
76	377	0.055556
76	390	0.041667
76	421	0.055556
77	1	0.020408
77	4	0.010638
77	6	0.013699
77	12	0.045455
77	13	0.016667
77	14	0.012346
77	19	0.007299
77	22	0.008333
77	23	0.007353
77	26	0.010101
77	30	0.010870
77	31	0.012048
77	36	0.012658
77	37	0.012048
77	38	0.017857
77	41	0.012987
77	65	0.012658
77	70	0.016667
77	80	0.016393
77	85	0.023810
77	86	0.027027
77	87	0.021277
77	88	0.026316
77	103	0.030303
77	108	0.030303
77	126	0.023810
77	133	0.030303
77	144	0.024390
77	150	0.034483
77	163	0.031250
77	170	0.035714
77	181	0.033333
77	189	0.038462
77	192	0.037037
77	194	0.033333
77	210	0.038462
77	213	0.043478
77	215	0.040000
77	219	0.035714
77	227	0.045455
77	230	0.038462
77	231	0.043478
77	240	0.045455
77	256	0.050000
77	260	0.043478
77	268	0.041667
77	281	0.040000
77	283	0.043478
77	291	0.050000
77	293	0.043478
77	294	0.052632
77	295	0.047619
77	303	0.052632
77	352	0.055556
77	369	0.047619
77	370	0.052632
77	377	0.055556
77	380	0.047619
77	391	0.055556
77	402	0.052632
77	437	0.052632
77	440	0.055556
77	455	0.055556
78	0	0.007246
78	1	0.020408
78	2	0.015625
78	4	0.010638
78	9	0.019608
78	13	0.016667
78	20	0.008264
78	23	0.007353
78	26	0.010101
78	29	0.008696
78	37	0.012048
78	43	0.018868
78	51	0.015385
78	57	0.013889
78	59	0.016129
78	60	0.015152
78	61	0.018868
78	75	0.025000
78	93	0.023810
78	97	0.021277
78	101	0.024390
78	106	0.020408
78	113	0.023256
78	114	0.023256
78	120	0.030303
78	123	0.029412
78	124	0.023810
78	129	0.033333
78	135	0.028571
78	141	0.023810
78	145	0.029412
78	172	0.032258
78	179	0.026316
78	187	0.035714
78	204	0.040000
78	212	0.041667
78	266	0.043478
78	289	0.038462
78	312	0.047619
78	356	0.045455
78	375	0.047619
78	377	0.055556
78	418	0.050000
78	420	0.055556
78	422	0.055556
78	428	0.055556
78	431	0.055556
78	448	0.052632
78	453	0.055556
79	0	0.007246
79	7	0.017857
79	14	0.012346
79	22	0.008333
79	25	0.007143
79	28	0.008772
79	31	0.012048
79	32	0.009174
79	40	0.011628
79	41	0.012987
79	42	0.012821
79	44	0.014286
79	49	0.013514
79	51	0.015385
79	54	0.016393
79	59	0.016129
79	61	0.018868
79	67	0.021739
79	82	0.022727
79	90	0.022727
79	107	0.021277
79	109	0.024390
79	120	0.030303
79	158	0.037037
79	165	0.029412
79	187	0.035714
79	188	0.031250
79	208	0.038462
79	226	0.038462
79	227	0.045455
79	253	0.034483
79	258	0.041667
79	259	0.045455
79	275	0.041667
79	282	0.047619
79	284	0.043478
79	319	0.052632
79	321	0.047619
79	323	0.055556
79	335	0.045455
79	341	0.055556
79	346	0.050000
79	375	0.047619
79	385	0.052632
79	402	0.052632
79	421	0.055556
80	0	0.007246
80	3	0.015152
80	20	0.008264
80	21	0.007042
80	22	0.008333
80	23	0.007353
80	25	0.007143
80	40	0.011628
80	44	0.014286
80	55	0.015873
80	57	0.013889
80	58	0.016393
80	61	0.018868
80	63	0.014925
80	65	0.012658
80	66	0.026316
80	69	0.021739
80	77	0.015873
80	81	0.020408
80	82	0.022727
80	83	0.020408
80	93	0.023810
80	95	0.022222
80	98	0.024390
80	101	0.024390
80	103	0.030303
80	110	0.024390
80	113	0.023256
80	115	0.024390
80	118	0.025641
80	119	0.023810
80	123	0.029412
80	129	0.033333
80	134	0.031250
80	136	0.028571
80	141	0.023810
80	143	0.025641
80	154	0.033333
80	162	0.037037
80	173	0.035714
80	188	0.031250
80	189	0.038462
80	199	0.037037
80	204	0.040000
80	209	0.034483
80	222	0.026316
80	224	0.045455
80	276	0.043478
80	297	0.045455
80	306	0.041667
80	312	0.047619
80	318	0.043478
80	339	0.050000
80	347	0.047619
80	363	0.052632
80	366	0.047619
80	367	0.043478
80	391	0.055556
80	402	0.052632
80	403	0.047619
80	419	0.050000
81	9	0.019608
81	10	0.014706
81	14	0.012346
81	19	0.007299
81	22	0.008333
81	23	0.007353
81	25	0.007143
81	27	0.008547
81	28	0.008772
81	30	0.010870
81	35	0.010204
81	45	0.010638
81	50	0.011494
81	54	0.016393
81	66	0.026316
81	68	0.020408
81	73	0.023810
81	80	0.016393
81	85	0.023810
81	86	0.027027
81	89	0.021277
81	99	0.031250
81	107	0.021277
81	109	0.024390
81	115	0.024390
81	116	0.024390
81	126	0.023810
81	130	0.033333
81	136	0.028571
81	156	0.031250
81	183	0.030303
81	189	0.038462
81	190	0.031250
81	213	0.043478
81	215	0.040000
81	217	0.041667
81	220	0.032258
81	224	0.045455
81	243	0.040000
81	248	0.034483
81	270	0.041667
81	287	0.041667
81	326	0.050000
81	329	0.052632
81	333	0.041667
81	383	0.045455
81	388	0.052632
81	413	0.055556
81	452	0.055556
82	1	0.020408
82	3	0.015152
82	20	0.008264
82	21	0.007042
82	24	0.009615
82	25	0.007143
82	26	0.010101
82	33	0.008197
82	34	0.014085
82	37	0.012048
82	41	0.012987
82	46	0.012500
82	55	0.015873
82	60	0.015152
82	64	0.016949
82	74	0.025641
82	79	0.021739
82	80	0.016393
82	86	0.027027
82	92	0.019608
82	97	0.021277
82	99	0.031250
82	111	0.020833
82	116	0.024390
82	128	0.025641
82	131	0.023256
82	155	0.029412
82	157	0.025641
82	163	0.031250
82	197	0.041667
82	225	0.040000
82	253	0.034483
82	261	0.043478
82	263	0.040000
82	268	0.041667
82	299	0.043478
82	319	0.052632
82	348	0.050000
82	363	0.052632
82	366	0.047619
82	403	0.047619
82	426	0.052632
82	438	0.052632
82	444	0.055556
83	0	0.007246
83	4	0.010638
83	14	0.012346
83	18	0.015625
83	19	0.007299
83	22	0.008333
83	23	0.007353
83	24	0.009615
83	26	0.010101
83	30	0.010870
83	32	0.009174
83	36	0.012658
83	42	0.012821
83	45	0.010638
83	49	0.013514
83	57	0.013889
83	70	0.016667
83	80	0.016393
83	94	0.021277
83	98	0.024390
83	112	0.024390
83	118	0.025641
83	122	0.027778
83	126	0.023810
83	137	0.031250
83	140	0.035714
83	142	0.030303
83	151	0.032258
83	155	0.029412
83	157	0.025641
83	158	0.037037
83	162	0.037037
83	164	0.034483
83	178	0.035714
83	183	0.030303
83	202	0.034483
83	213	0.043478
83	214	0.032258
83	227	0.045455
83	255	0.034483
83	267	0.043478
83	269	0.035714
83	290	0.037037
83	301	0.050000
83	308	0.050000
83	326	0.050000
83	340	0.043478
83	356	0.045455
83	385	0.052632
84	3	0.015152
84	6	0.013699
84	15	0.011905
84	18	0.015625
84	20	0.008264
84	21	0.007042
84	22	0.008333
84	28	0.008772
84	29	0.008696
84	30	0.010870
84	36	0.012658
84	37	0.012048
84	50	0.011494
84	52	0.013514
84	58	0.016393
84	61	0.018868
84	70	0.016667
84	71	0.021739
84	91	0.019231
84	101	0.024390
84	105	0.025641
84	107	0.021277
84	113	0.023256
84	126	0.023810
84	144	0.024390
84	146	0.029412
84	150	0.034483
84	151	0.032258
84	195	0.040000
84	216	0.037037
84	238	0.035714
84	242	0.034483
84	257	0.038462
84	262	0.041667
84	267	0.043478
84	271	0.047619
84	285	0.043478
84	287	0.041667
84	339	0.050000
84	352	0.055556
84	356	0.045455
84	359	0.050000
84	384	0.050000
84	386	0.052632
84	408	0.055556
84	409	0.050000
84	428	0.055556
84	444	0.055556
84	454	0.055556
84	455	0.055556
85	0	0.007246
85	5	0.023256
85	10	0.014706
85	19	0.007299
85	23	0.007353
85	25	0.007143
85	28	0.008772
85	29	0.008696
85	30	0.010870
85	32	0.009174
85	36	0.012658
85	38	0.017857
85	39	0.011628
85	43	0.018868
85	51	0.015385
85	70	0.016667
85	77	0.015873
85	81	0.020408
85	91	0.019231
85	107	0.021277
85	111	0.020833
85	133	0.030303
85	145	0.029412
85	146	0.029412
85	151	0.032258
85	178	0.035714
85	191	0.037037
85	201	0.034483
85	221	0.034483
85	236	0.037037
85	243	0.040000
85	244	0.035714
85	250	0.041667
85	259	0.045455
85	309	0.047619
85	319	0.052632
85	351	0.052632
85	366	0.047619
85	383	0.045455
85	385	0.052632
85	411	0.055556
85	436	0.055556
86	4	0.010638
86	9	0.019608
86	19	0.007299
86	21	0.007042
86	22	0.008333
86	23	0.007353
86	37	0.012048
86	46	0.012500
86	49	0.013514
86	52	0.013514
86	54	0.016393
86	57	0.013889
86	61	0.018868
86	62	0.017857
86	75	0.025000
86	77	0.015873
86	81	0.020408
86	82	0.022727
86	87	0.021277
86	99	0.031250
86	109	0.024390
86	124	0.023810
86	151	0.032258
86	154	0.033333
86	192	0.037037
86	195	0.040000
86	264	0.043478
86	303	0.052632
86	353	0.050000
86	354	0.047619
86	376	0.050000
86	393	0.052632
86	394	0.052632
86	400	0.052632
86	408	0.055556
86	426	0.052632
86	454	0.055556
87	4	0.010638
87	15	0.011905
87	19	0.007299
87	21	0.007042
87	25	0.007143
87	27	0.008547
87	30	0.010870
87	35	0.010204
87	45	0.010638
87	46	0.012500
87	49	0.013514
87	50	0.011494
87	55	0.015873
87	57	0.013889
87	65	0.012658
87	68	0.020408
87	77	0.015873
87	86	0.027027
87	93	0.023810
87	96	0.022222
87	101	0.024390
87	102	0.024390
87	108	0.030303
87	117	0.027778
87	119	0.023810
87	120	0.030303
87	122	0.027778
87	149	0.040000
87	168	0.040000
87	193	0.028571
87	196	0.037037
87	197	0.041667
87	207	0.037037
87	220	0.032258
87	225	0.040000
87	226	0.038462
87	230	0.038462
87	231	0.043478
87	257	0.038462
87	274	0.045455
87	295	0.047619
87	299	0.043478
87	307	0.047619
87	351	0.052632
87	378	0.047619
87	403	0.047619
87	429	0.055556
88	0	0.007246
88	2	0.015625
88	8	0.020408
88	22	0.008333
88	23	0.007353
88	26	0.010101
88	27	0.008547
88	31	0.012048
88	32	0.009174
88	33	0.008197
88	34	0.014085
88	35	0.010204
88	37	0.012048
88	39	0.011628
88	63	0.014925
88	65	0.012658
88	73	0.023810
88	77	0.015873
88	97	0.021277
88	108	0.030303
88	142	0.030303
88	167	0.038462
88	173	0.035714
88	188	0.031250
88	189	0.038462
88	214	0.032258
88	234	0.047619
88	242	0.034483
88	243	0.040000
88	244	0.035714
88	246	0.040000
88	269	0.035714
88	296	0.052632
88	321	0.047619
88	354	0.047619
88	397	0.045455
88	420	0.055556
88	429	0.055556
89	5	0.023256
89	7	0.017857
89	10	0.014706
89	20	0.008264
89	21	0.007042
89	23	0.007353
89	31	0.012048
89	32	0.009174
89	33	0.008197
89	36	0.012658
89	45	0.010638
89	49	0.013514
89	52	0.013514
89	54	0.016393
89	56	0.014085
89	58	0.016393
89	65	0.012658
89	81	0.020408
89	90	0.022727
89	98	0.024390
89	102	0.024390
89	105	0.025641
89	111	0.020833
89	137	0.031250
89	144	0.024390
89	153	0.033333
89	163	0.031250
89	168	0.040000
89	175	0.031250
89	197	0.041667
89	199	0.037037
89	200	0.043478
89	215	0.040000
89	216	0.037037
89	232	0.035714
89	270	0.041667
89	280	0.037037
89	282	0.047619
89	288	0.041667
89	309	0.047619
89	338	0.050000
89	355	0.045455
89	378	0.047619
89	389	0.050000
89	397	0.045455
89	414	0.047619
89	429	0.055556
90	6	0.013699
90	22	0.008333
90	23	0.007353
90	26	0.010101
90	28	0.008772
90	31	0.012048
90	36	0.012658
90	39	0.011628
90	40	0.011628
90	41	0.012987
90	50	0.011494
90	54	0.016393
90	56	0.014085
90	58	0.016393
90	64	0.016949
90	67	0.021739
90	79	0.021739
90	89	0.021277
90	97	0.021277
90	106	0.020408
90	107	0.021277
90	164	0.034483
90	175	0.031250
90	194	0.033333
90	195	0.040000
90	196	0.037037
90	211	0.043478
90	224	0.045455
90	232	0.035714
90	237	0.038462
90	249	0.045455
90	250	0.041667
90	252	0.043478
90	257	0.038462
90	272	0.038462
90	288	0.041667
90	293	0.043478
90	303	0.052632
90	310	0.040000
90	318	0.043478
90	383	0.045455
90	414	0.047619
90	422	0.055556
90	453	0.055556
91	3	0.015152
91	4	0.010638
91	11	0.016393
91	14	0.012346
91	16	0.032258
91	27	0.008547
91	31	0.012048
91	32	0.009174
91	34	0.014085
91	39	0.011628
91	47	0.016949
91	56	0.014085
91	57	0.013889
91	58	0.016393
91	65	0.012658
91	74	0.025641
91	84	0.020000
91	85	0.023810
91	93	0.023810
91	105	0.025641
91	106	0.020408
91	109	0.024390
91	121	0.022222
91	123	0.029412
91	127	0.027027
91	151	0.032258
91	152	0.037037
91	161	0.030303
91	173	0.035714
91	180	0.038462
91	182	0.034483
91	183	0.030303
91	191	0.037037
91	201	0.034483
91	219	0.035714
91	238	0.035714
91	249	0.045455
91	250	0.041667
91	251	0.040000
91	254	0.043478
91	255	0.034483
91	267	0.043478
91	276	0.043478
91	283	0.043478
91	328	0.047619
91	348	0.050000
91	356	0.045455
91	380	0.047619
91	405	0.052632
91	406	0.052632
91	420	0.055556
91	447	0.055556
92	4	0.010638
92	5	0.023256
92	10	0.014706
92	20	0.008264
92	22	0.008333
92	23	0.007353
92	27	0.008547
92	29	0.008696
92	35	0.010204
92	39	0.011628
92	46	0.012500
92	56	0.014085
92	62	0.017857
92	64	0.016949
92	65	0.012658
92	68	0.020408
92	76	0.023810
92	82	0.022727
92	96	0.022222
92	100	0.028571
92	107	0.021277
92	114	0.023256
92	133	0.030303
92	140	0.035714
92	167	0.038462
92	174	0.033333
92	176	0.043478
92	203	0.029412
92	210	0.038462
92	214	0.032258
92	220	0.032258
92	223	0.033333
92	225	0.040000
92	234	0.047619
92	237	0.038462
92	264	0.043478
92	271	0.047619
92	276	0.043478
92	287	0.041667
92	313	0.047619
92	315	0.052632
92	316	0.038462
92	331	0.050000
92	334	0.043478
92	348	0.050000
92	361	0.041667
92	363	0.052632
92	371	0.047619
92	388	0.052632
92	396	0.052632
92	425	0.052632
93	6	0.013699
93	15	0.011905
93	16	0.032258
93	22	0.008333
93	25	0.007143
93	29	0.008696
93	35	0.010204
93	45	0.010638
93	50	0.011494
93	57	0.013889
93	58	0.016393
93	60	0.015152
93	64	0.016949
93	71	0.021739
93	78	0.020408
93	80	0.016393
93	87	0.021277
93	91	0.019231
93	100	0.028571
93	104	0.026316
93	119	0.023810
93	132	0.025641
93	142	0.030303
93	152	0.037037
93	168	0.040000
93	169	0.034483
93	170	0.035714
93	174	0.033333
93	176	0.043478
93	182	0.034483
93	196	0.037037
93	207	0.037037
93	233	0.045455
93	234	0.047619
93	245	0.035714
93	289	0.038462
93	302	0.052632
93	327	0.041667
93	367	0.043478
93	397	0.045455
93	411	0.055556
93	440	0.055556
94	6	0.013699
94	14	0.012346
94	16	0.032258
94	20	0.008264
94	21	0.007042
94	25	0.007143
94	26	0.010101
94	28	0.008772
94	29	0.008696
94	33	0.008197
94	34	0.014085
94	36	0.012658
94	41	0.012987
94	45	0.010638
94	61	0.018868
94	62	0.017857
94	63	0.014925
94	83	0.020408
94	100	0.028571
94	132	0.025641
94	140	0.035714
94	151	0.032258
94	168	0.040000
94	183	0.030303
94	189	0.038462
94	192	0.037037
94	198	0.031250
94	207	0.037037
94	226	0.038462
94	228	0.041667
94	229	0.041667
94	245	0.035714
94	246	0.040000
94	266	0.043478
94	271	0.047619
94	300	0.032258
94	327	0.041667
94	331	0.050000
94	342	0.052632
94	348	0.050000
94	380	0.047619
94	383	0.045455
94	390	0.041667
94	394	0.052632
94	418	0.050000
94	433	0.052632
94	450	0.055556
95	0	0.007246
95	1	0.020408
95	5	0.023256
95	14	0.012346
95	15	0.011905
95	17	0.019608
95	20	0.008264
95	23	0.007353
95	24	0.009615
95	28	0.008772
95	36	0.012658
95	38	0.017857
95	40	0.011628
95	54	0.016393
95	57	0.013889
95	58	0.016393
95	63	0.014925
95	80	0.016393
95	112	0.024390
95	122	0.027778
95	125	0.028571
95	136	0.028571
95	183	0.030303
95	184	0.031250
95	199	0.037037
95	205	0.027778
95	213	0.043478
95	214	0.032258
95	219	0.035714
95	220	0.032258
95	229	0.041667
95	239	0.035714
95	244	0.035714
95	245	0.035714
95	259	0.045455
95	279	0.038462
95	306	0.041667
95	329	0.052632
95	352	0.055556
95	385	0.052632
95	394	0.052632
95	404	0.047619
95	410	0.050000
95	419	0.050000
95	451	0.052632
96	4	0.010638
96	6	0.013699
96	20	0.008264
96	24	0.009615
96	27	0.008547
96	28	0.008772
96	31	0.012048
96	32	0.009174
96	42	0.012821
96	44	0.014286
96	47	0.016949
96	49	0.013514
96	58	0.016393
96	60	0.015152
96	72	0.023256
96	74	0.025641
96	87	0.021277
96	92	0.019608
96	98	0.024390
96	104	0.026316
96	135	0.028571
96	142	0.030303
96	143	0.025641
96	164	0.034483
96	171	0.030303
96	197	0.041667
96	212	0.041667
96	214	0.032258
96	222	0.026316
96	227	0.045455
96	249	0.045455
96	259	0.045455
96	276	0.043478
96	280	0.037037
96	288	0.041667
96	302	0.052632
96	309	0.047619
96	331	0.050000
96	355	0.045455
96	368	0.055556
96	411	0.055556
96	412	0.052632
96	418	0.050000
96	453	0.055556
96	455	0.055556
97	7	0.017857
97	17	0.019608
97	19	0.007299
97	21	0.007042
97	22	0.008333
97	26	0.010101
97	27	0.008547
97	29	0.008696
97	34	0.014085
97	35	0.010204
97	40	0.011628
97	48	0.016129
97	58	0.016393
97	62	0.017857
97	78	0.020408
97	82	0.022727
97	88	0.026316
97	90	0.022727
97	99	0.031250
97	104	0.026316
97	109	0.024390
97	123	0.029412
97	134	0.031250
97	137	0.031250
97	142	0.030303
97	159	0.034483
97	164	0.034483
97	169	0.034483
97	178	0.035714
97	179	0.026316
97	204	0.040000
97	207	0.037037
97	231	0.043478
97	233	0.045455
97	240	0.045455
97	248	0.034483
97	249	0.045455
97	251	0.040000
97	261	0.043478
97	279	0.038462
97	296	0.052632
97	300	0.032258
97	334	0.043478
97	344	0.047619
97	364	0.052632
97	419	0.050000
97	421	0.055556
98	7	0.017857
98	10	0.014706
98	20	0.008264
98	21	0.007042
98	27	0.008547
98	28	0.008772
98	29	0.008696
98	42	0.012821
98	44	0.014286
98	45	0.010638
98	46	0.012500
98	54	0.016393
98	62	0.017857
98	71	0.021739
98	80	0.016393
98	83	0.020408
98	89	0.021277
98	96	0.022222
98	110	0.024390
98	133	0.030303
98	161	0.030303
98	167	0.038462
98	181	0.033333
98	184	0.031250
98	197	0.041667
98	200	0.043478
98	210	0.038462
98	212	0.041667
98	213	0.043478
98	226	0.038462
98	237	0.038462
98	246	0.040000
98	251	0.040000
98	275	0.041667
98	295	0.047619
98	297	0.045455
98	315	0.052632
98	415	0.055556
98	418	0.050000
98	434	0.055556
98	451	0.052632
99	0	0.007246
99	4	0.010638
99	7	0.017857
99	9	0.019608
99	16	0.032258
99	20	0.008264
99	31	0.012048
99	35	0.010204
99	39	0.011628
99	43	0.018868
99	55	0.015873
99	57	0.013889
99	67	0.021739
99	68	0.020408
99	81	0.020408
99	82	0.022727
99	86	0.027027
99	97	0.021277
99	130	0.033333
99	133	0.030303
99	147	0.027778
99	157	0.025641
99	160	0.026316
99	207	0.037037
99	222	0.026316
99	225	0.040000
99	234	0.047619
99	271	0.047619
99	277	0.038462
99	280	0.037037
99	319	0.052632
99	375	0.047619
100	8	0.020408
100	18	0.015625
100	23	0.007353
100	25	0.007143
100	27	0.008547
100	28	0.008772
100	29	0.008696
100	33	0.008197
100	40	0.011628
100	41	0.012987
100	42	0.012821
100	44	0.014286
100	56	0.014085
100	57	0.013889
100	61	0.018868
100	92	0.019608
100	93	0.023810
100	94	0.021277
100	127	0.027027
100	173	0.035714
100	176	0.043478
100	198	0.031250
100	204	0.040000
100	231	0.043478
100	238	0.035714
100	249	0.045455
100	271	0.047619
100	272	0.038462
100	288	0.041667
100	302	0.052632
100	311	0.047619
100	358	0.050000
100	376	0.050000
100	408	0.055556
100	428	0.055556
101	1	0.020408
101	2	0.015625
101	3	0.015152
101	15	0.011905
101	19	0.007299
101	25	0.007143
101	36	0.012658
101	41	0.012987
101	45	0.010638
101	46	0.012500
101	48	0.016129
101	55	0.015873
101	58	0.016393
101	63	0.014925
101	78	0.020408
101	80	0.016393
101	84	0.020000
101	87	0.021277
101	108	0.030303
101	121	0.022222
101	129	0.033333
101	135	0.028571
101	144	0.024390
101	147	0.027778
101	154	0.033333
101	159	0.034483
101	214	0.032258
101	216	0.037037
101	218	0.032258
101	240	0.045455
101	267	0.043478
101	280	0.037037
101	320	0.047619
101	349	0.050000
101	366	0.047619
101	374	0.052632
101	379	0.050000
101	387	0.050000
101	418	0.050000
101	422	0.055556
101	442	0.055556
102	11	0.016393
102	15	0.011905
102	21	0.007042
102	24	0.009615
102	26	0.010101
102	27	0.008547
102	30	0.010870
102	33	0.008197
102	45	0.010638
102	50	0.011494
102	56	0.014085
102	60	0.015152
102	70	0.016667
102	71	0.021739
102	73	0.023810
102	75	0.025000
102	87	0.021277
102	89	0.021277
102	106	0.020408
102	110	0.024390
102	112	0.024390
102	138	0.034483
102	139	0.026316
102	143	0.025641
102	169	0.034483
102	173	0.035714
102	182	0.034483
102	207	0.037037
102	224	0.045455
102	233	0.045455
102	236	0.037037
102	253	0.034483
102	268	0.041667
102	271	0.047619
102	293	0.043478
102	311	0.047619
102	349	0.050000
102	362	0.043478
102	396	0.052632
102	404	0.047619
102	419	0.050000
103	6	0.013699
103	7	0.017857
103	8	0.020408
103	14	0.012346
103	23	0.007353
103	26	0.010101
103	37	0.012048
103	42	0.012821
103	46	0.012500
103	56	0.014085
103	60	0.015152
103	63	0.014925
103	65	0.012658
103	68	0.020408
103	72	0.023256
103	76	0.023810
103	77	0.015873
103	80	0.016393
103	140	0.035714
103	146	0.029412
103	150	0.034483
103	181	0.033333
103	202	0.034483
103	251	0.040000
103	254	0.043478
103	286	0.052632
103	287	0.041667
103	302	0.052632
103	322	0.043478
103	382	0.052632
103	388	0.052632
103	445	0.055556
103	454	0.055556
104	0	0.007246
104	2	0.015625
104	3	0.015152
104	16	0.032258
104	18	0.015625
104	21	0.007042
104	22	0.008333
104	26	0.010101
104	29	0.008696
104	30	0.010870
104	31	0.012048
104	46	0.012500
104	59	0.016129
104	65	0.012658
104	69	0.021739
104	93	0.023810
104	96	0.022222
104	97	0.021277
104	115	0.024390
104	119	0.023810
104	124	0.023810
104	128	0.025641
104	131	0.023256
104	135	0.028571
104	149	0.040000
104	156	0.031250
104	202	0.034483
104	228	0.041667
104	253	0.034483
104	307	0.047619
104	313	0.047619
104	317	0.040000
104	334	0.043478
104	387	0.050000
104	402	0.052632
104	417	0.050000
104	429	0.055556
104	441	0.050000
105	3	0.015152
105	6	0.013699
105	7	0.017857
105	9	0.019608
105	22	0.008333
105	25	0.007143
105	26	0.010101
105	27	0.008547
105	36	0.012658
105	40	0.011628
105	49	0.013514
105	57	0.013889
105	61	0.018868
105	66	0.026316
105	71	0.021739
105	84	0.020000
105	89	0.021277
105	91	0.019231
105	132	0.025641
105	146	0.029412
105	160	0.026316
105	173	0.035714
105	179	0.026316
105	187	0.035714
105	195	0.040000
105	233	0.045455
105	288	0.041667
105	297	0.045455
105	308	0.050000
105	320	0.047619
105	322	0.043478
105	338	0.050000
105	340	0.043478
105	364	0.052632
105	378	0.047619
105	403	0.047619
105	409	0.050000
105	413	0.055556
105	454	0.055556
106	4	0.010638
106	11	0.016393
106	14	0.012346
106	21	0.007042
106	24	0.009615
106	25	0.007143
106	27	0.008547
106	33	0.008197
106	41	0.012987
106	45	0.010638
106	57	0.013889
106	61	0.018868
106	68	0.020408
106	69	0.021739
106	78	0.020408
106	90	0.022727
106	91	0.019231
106	102	0.024390
106	113	0.023256
106	116	0.024390
106	149	0.040000
106	152	0.037037
106	158	0.037037
106	165	0.029412
106	166	0.033333
106	175	0.031250
106	180	0.038462
106	185	0.032258
106	186	0.037037
106	202	0.034483
106	215	0.040000
106	228	0.041667
106	235	0.037037
106	249	0.045455
106	274	0.045455
106	276	0.043478
106	286	0.052632
106	319	0.052632
106	336	0.050000
106	341	0.055556
106	353	0.050000
106	354	0.047619
106	359	0.050000
106	373	0.052632
106	374	0.052632
106	420	0.055556
106	421	0.055556
106	434	0.055556
106	443	0.055556
107	0	0.007246
107	7	0.017857
107	8	0.020408
107	23	0.007353
107	24	0.009615
107	25	0.007143
107	33	0.008197
107	40	0.011628
107	50	0.011494
107	55	0.015873
107	59	0.016129
107	64	0.016949
107	79	0.021739
107	81	0.020408
107	84	0.020000
107	85	0.023810
107	90	0.022727
107	92	0.019608
107	110	0.024390
107	111	0.020833
107	114	0.023256
107	115	0.024390
107	120	0.030303
107	140	0.035714
107	143	0.025641
107	151	0.032258
107	165	0.029412
107	171	0.030303
107	175	0.031250
107	193	0.028571
107	204	0.040000
107	214	0.032258
107	222	0.026316
107	228	0.041667
107	255	0.034483
107	259	0.045455
107	265	0.045455
107	272	0.038462
107	330	0.043478
107	351	0.052632
107	357	0.050000
107	361	0.041667
107	377	0.055556
107	381	0.055556
107	407	0.055556
107	413	0.055556
107	453	0.055556
108	4	0.010638
108	5	0.023256
108	17	0.019608
108	18	0.015625
108	27	0.008547
108	29	0.008696
108	33	0.008197
108	37	0.012048
108	40	0.011628
108	41	0.012987
108	44	0.014286
108	45	0.010638
108	46	0.012500
108	47	0.016949
108	77	0.015873
108	87	0.021277
108	88	0.026316
108	101	0.024390
108	115	0.024390
108	116	0.024390
108	157	0.025641
108	176	0.043478
108	177	0.041667
108	204	0.040000
108	213	0.043478
108	226	0.038462
108	282	0.047619
108	294	0.052632
108	298	0.041667
108	311	0.047619
108	314	0.055556
108	332	0.047619
108	336	0.050000
109	5	0.023256
109	8	0.020408
109	10	0.014706
109	23	0.007353
109	25	0.007143
109	27	0.008547
109	28	0.008772
109	37	0.012048
109	44	0.014286
109	46	0.012500
109	53	0.017544
109	62	0.017857
109	67	0.021739
109	79	0.021739
109	81	0.020408
109	86	0.027027
109	91	0.019231
109	97	0.021277
109	113	0.023256
109	117	0.027778
109	125	0.028571
109	127	0.027027
109	129	0.033333
109	135	0.028571
109	183	0.030303
109	186	0.037037
109	197	0.041667
109	198	0.031250
109	201	0.034483
109	202	0.034483
109	207	0.037037
109	242	0.034483
109	267	0.043478
109	346	0.050000
109	354	0.047619
109	368	0.055556
109	374	0.052632
109	394	0.052632
109	422	0.055556
109	438	0.052632
109	455	0.055556
110	23	0.007353
110	24	0.009615
110	27	0.008547
110	28	0.008772
110	33	0.008197
110	34	0.014085
110	35	0.010204
110	37	0.012048
110	45	0.010638
110	46	0.012500
110	53	0.017544
110	64	0.016949
110	69	0.021739
110	72	0.023256
110	80	0.016393
110	98	0.024390
110	102	0.024390
110	107	0.021277
110	127	0.027027
110	142	0.030303
110	159	0.034483
110	160	0.026316
110	162	0.037037
110	163	0.031250
110	165	0.029412
110	167	0.038462
110	170	0.035714
110	190	0.031250
110	196	0.037037
110	249	0.045455
110	260	0.043478
110	291	0.050000
110	296	0.052632
110	317	0.040000
110	342	0.052632
110	416	0.047619
110	424	0.055556
110	427	0.052632
110	430	0.055556
110	444	0.055556
110	449	0.055556
111	0	0.007246
111	2	0.015625
111	18	0.015625
111	19	0.007299
111	26	0.010101
111	28	0.008772
111	33	0.008197
111	37	0.012048
111	40	0.011628
111	56	0.014085
111	59	0.016129
111	68	0.020408
111	71	0.021739
111	72	0.023256
111	82	0.022727
111	85	0.023810
111	89	0.021277
111	107	0.021277
111	116	0.024390
111	120	0.030303
111	122	0.027778
111	134	0.031250
111	141	0.023810
111	155	0.029412
111	161	0.030303
111	166	0.033333
111	171	0.030303
111	172	0.032258
111	176	0.043478
111	185	0.032258
111	190	0.031250
111	191	0.037037
111	205	0.027778
111	219	0.035714
111	249	0.045455
111	261	0.043478
111	262	0.041667
111	286	0.052632
111	289	0.038462
111	346	0.050000
111	361	0.041667
111	367	0.043478
111	387	0.050000
111	416	0.047619
111	419	0.050000
111	421	0.055556
111	426	0.052632
111	433	0.052632
112	0	0.007246
112	11	0.016393
112	15	0.011905
112	16	0.032258
112	27	0.008547
112	32	0.009174
112	37	0.012048
112	41	0.012987
112	42	0.012821
112	45	0.010638
112	51	0.015385
112	52	0.013514
112	58	0.016393
112	67	0.021739
112	71	0.021739
112	83	0.020408
112	95	0.022222
112	102	0.024390
112	135	0.028571
112	157	0.025641
112	160	0.026316
112	165	0.029412
112	184	0.031250
112	197	0.041667
112	198	0.031250
112	219	0.035714
112	228	0.041667
112	231	0.043478
112	252	0.043478
112	268	0.041667
112	288	0.041667
112	294	0.052632
112	311	0.047619
112	321	0.047619
112	330	0.043478
112	347	0.047619
112	377	0.055556
112	391	0.055556
112	428	0.055556
112	431	0.055556
112	451	0.052632
113	6	0.013699
113	13	0.016667
113	22	0.008333
113	25	0.007143
113	28	0.008772
113	29	0.008696
113	32	0.009174
113	33	0.008197
113	39	0.011628
113	40	0.011628
113	42	0.012821
113	44	0.014286
113	53	0.017544
113	78	0.020408
113	80	0.016393
113	84	0.020000
113	106	0.020408
113	109	0.024390
113	115	0.024390
113	126	0.023810
113	131	0.023256
113	135	0.028571
113	160	0.026316
113	172	0.032258
113	174	0.033333
113	191	0.037037
113	210	0.038462
113	234	0.047619
113	245	0.035714
113	254	0.043478
113	270	0.041667
113	284	0.043478
113	298	0.041667
113	302	0.052632
113	314	0.055556
113	320	0.047619
113	333	0.041667
113	346	0.050000
113	354	0.047619
113	361	0.041667
113	363	0.052632
113	398	0.050000
113	448	0.052632
114	11	0.016393
114	19	0.007299
114	20	0.008264
114	21	0.007042
114	23	0.007353
114	27	0.008547
114	28	0.008772
114	30	0.010870
114	31	0.012048
114	51	0.015385
114	52	0.013514
114	59	0.016129
114	64	0.016949
114	67	0.021739
114	75	0.025000
114	78	0.020408
114	92	0.019608
114	107	0.021277
114	118	0.025641
114	119	0.023810
114	145	0.029412
114	163	0.031250
114	166	0.033333
114	188	0.031250
114	193	0.028571
114	197	0.041667
114	205	0.027778
114	219	0.035714
114	241	0.040000
114	242	0.034483
114	263	0.040000
114	267	0.043478
114	277	0.038462
114	294	0.052632
114	299	0.043478
114	310	0.040000
114	327	0.041667
114	346	0.050000
114	347	0.047619
114	348	0.050000
114	413	0.055556
114	417	0.050000
114	428	0.055556
115	3	0.015152
115	4	0.010638
115	7	0.017857
115	17	0.019608
115	21	0.007042
115	31	0.012048
115	41	0.012987
115	46	0.012500
115	51	0.015385
115	56	0.014085
115	57	0.013889
115	62	0.017857
115	80	0.016393
115	81	0.020408
115	104	0.026316
115	107	0.021277
115	108	0.030303
115	113	0.023256
115	118	0.025641
115	130	0.033333
115	137	0.031250
115	148	0.031250
115	150	0.034483
115	165	0.029412
115	175	0.031250
115	198	0.031250
115	208	0.038462
115	219	0.035714
115	230	0.038462
115	248	0.034483
115	260	0.043478
115	272	0.038462
115	286	0.052632
115	289	0.038462
115	320	0.047619
115	327	0.041667
115	353	0.050000
115	359	0.050000
115	361	0.041667
115	392	0.047619
115	429	0.055556
116	0	0.007246
116	1	0.020408
116	4	0.010638
116	5	0.023256
116	9	0.019608
116	24	0.009615
116	25	0.007143
116	26	0.010101
116	35	0.010204
116	38	0.017857
116	45	0.010638
116	58	0.016393
116	63	0.014925
116	81	0.020408
116	82	0.022727
116	106	0.020408
116	108	0.030303
116	111	0.020833
116	128	0.025641
116	131	0.023256
116	142	0.030303
116	149	0.040000
116	153	0.033333
116	156	0.031250
116	180	0.038462
116	182	0.034483
116	188	0.031250
116	196	0.037037
116	210	0.038462
116	228	0.041667
116	250	0.041667
116	258	0.041667
116	304	0.043478
116	305	0.038462
116	321	0.047619
116	335	0.045455
116	359	0.050000
116	380	0.047619
116	443	0.055556
116	444	0.055556
116	447	0.055556
117	0	0.007246
117	3	0.015152
117	9	0.019608
117	17	0.019608
117	20	0.008264
117	21	0.007042
117	30	0.010870
117	39	0.011628
117	42	0.012821
117	45	0.010638
117	50	0.011494
117	55	0.015873
117	58	0.016393
117	60	0.015152
117	67	0.021739
117	73	0.023810
117	87	0.021277
117	109	0.024390
117	124	0.023810
117	141	0.023810
117	156	0.031250
117	169	0.034483
117	176	0.043478
117	182	0.034483
117	192	0.037037
117	221	0.034483
117	252	0.043478
117	271	0.047619
117	280	0.037037
117	287	0.041667
117	289	0.038462
117	310	0.040000
117	351	0.052632
117	361	0.041667
117	377	0.055556
117	442	0.055556
118	10	0.014706
118	19	0.007299
118	22	0.008333
118	24	0.009615
118	25	0.007143
118	34	0.014085
118	35	0.010204
118	39	0.011628
118	52	0.013514
118	59	0.016129
118	68	0.020408
118	70	0.016667
118	73	0.023810
118	75	0.025000
118	80	0.016393
118	83	0.020408
118	114	0.023256
118	115	0.024390
118	130	0.033333
118	154	0.033333
118	158	0.037037
118	171	0.030303
118	190	0.031250
118	199	0.037037
118	212	0.041667
118	214	0.032258
118	216	0.037037
118	223	0.033333
118	231	0.043478
118	242	0.034483
118	244	0.035714
118	276	0.043478
118	290	0.037037
118	297	0.045455
118	310	0.040000
118	328	0.047619
118	329	0.052632
118	341	0.055556
118	364	0.052632
119	2	0.015625
119	20	0.008264
119	21	0.007042
119	22	0.008333
119	28	0.008772
119	32	0.009174
119	36	0.012658
119	39	0.011628
119	44	0.014286
119	57	0.013889
119	63	0.014925
119	69	0.021739
119	74	0.025641
119	80	0.016393
119	87	0.021277
119	93	0.023810
119	104	0.026316
119	114	0.023256
119	164	0.034483
119	167	0.038462
119	171	0.030303
119	174	0.033333
119	177	0.041667
119	191	0.037037
119	212	0.041667
119	268	0.041667
119	294	0.052632
119	304	0.043478
119	308	0.050000
119	319	0.052632
119	332	0.047619
119	334	0.043478
119	339	0.050000
119	345	0.045455
119	347	0.047619
119	351	0.052632
119	392	0.047619
119	394	0.052632
119	395	0.047619
119	398	0.050000
119	414	0.047619
119	423	0.055556
120	22	0.008333
120	27	0.008547
120	28	0.008772
120	33	0.008197
120	35	0.010204
120	38	0.017857
120	39	0.011628
120	43	0.018868
120	47	0.016949
120	50	0.011494
120	56	0.014085
120	62	0.017857
120	65	0.012658
120	78	0.020408
120	79	0.021739
120	87	0.021277
120	107	0.021277
120	111	0.020833
120	128	0.025641
120	136	0.028571
120	141	0.023810
120	144	0.024390
120	170	0.035714
120	185	0.032258
120	201	0.034483
120	223	0.033333
120	259	0.045455
120	277	0.038462
120	279	0.038462
120	299	0.043478
120	326	0.050000
120	437	0.052632
120	449	0.055556
121	1	0.020408
121	2	0.015625
121	6	0.013699
121	7	0.017857
121	21	0.007042
121	23	0.007353
121	26	0.010101
121	29	0.008696
121	31	0.012048
121	33	0.008197
121	40	0.011628
121	50	0.011494
121	51	0.015385
121	52	0.013514
121	55	0.015873
121	65	0.012658
121	91	0.019231
121	101	0.024390
121	131	0.023256
121	137	0.031250
121	148	0.031250
121	149	0.040000
121	158	0.037037
121	159	0.034483
121	178	0.035714
121	191	0.037037
121	197	0.041667
121	203	0.029412
121	205	0.027778
121	211	0.043478
121	215	0.040000
121	230	0.038462
121	238	0.035714
121	245	0.035714
121	256	0.050000
121	257	0.038462
121	286	0.052632
121	287	0.041667
121	309	0.047619
121	363	0.052632
121	365	0.052632
121	383	0.045455
121	387	0.050000
121	431	0.055556
121	455	0.055556
122	7	0.017857
122	18	0.015625
122	19	0.007299
122	22	0.008333
122	25	0.007143
122	33	0.008197
122	37	0.012048
122	41	0.012987
122	44	0.014286
122	47	0.016949
122	49	0.013514
122	60	0.015152
122	61	0.018868
122	66	0.026316
122	83	0.020408
122	87	0.021277
122	95	0.022222
122	111	0.020833
122	131	0.023256
122	153	0.033333
122	161	0.030303
122	165	0.029412
122	170	0.035714
122	173	0.035714
122	195	0.040000
122	205	0.027778
122	246	0.040000
122	260	0.043478
122	269	0.035714
122	274	0.045455
122	291	0.050000
122	315	0.052632
122	334	0.043478
122	336	0.050000
122	432	0.055556
122	438	0.052632
123	2	0.015625
123	5	0.023256
123	6	0.013699
123	10	0.014706
123	15	0.011905
123	18	0.015625
123	22	0.008333
123	24	0.009615
123	25	0.007143
123	30	0.010870
123	34	0.014085
123	40	0.011628
123	54	0.016393
123	55	0.015873
123	78	0.020408
123	80	0.016393
123	91	0.019231
123	97	0.021277
123	159	0.034483
123	166	0.033333
123	187	0.035714
123	209	0.034483
123	226	0.038462
123	258	0.041667
123	260	0.043478
123	321	0.047619
123	327	0.041667
123	340	0.043478
123	363	0.052632
123	372	0.052632
123	379	0.050000
123	386	0.052632
123	405	0.052632
123	424	0.055556
124	0	0.007246
124	1	0.020408
124	4	0.010638
124	8	0.020408
124	14	0.012346
124	19	0.007299
124	21	0.007042
124	28	0.008772
124	30	0.010870
124	34	0.014085
124	35	0.010204
124	39	0.011628
124	62	0.017857
124	73	0.023810
124	78	0.020408
124	86	0.027027
124	104	0.026316
124	117	0.027778
124	128	0.025641
124	133	0.030303
124	145	0.029412
124	156	0.031250
124	167	0.038462
124	171	0.030303
124	204	0.040000
124	206	0.033333
124	220	0.032258
124	222	0.026316
124	235	0.037037
124	243	0.040000
124	246	0.040000
124	248	0.034483
124	286	0.052632
124	302	0.052632
124	319	0.052632
124	325	0.047619
124	333	0.041667
124	365	0.052632
124	392	0.047619
124	402	0.052632
124	445	0.055556
124	446	0.055556
125	1	0.020408
125	9	0.019608
125	20	0.008264
125	21	0.007042
125	24	0.009615
125	29	0.008696
125	32	0.009174
125	35	0.010204
125	36	0.012658
125	41	0.012987
125	43	0.018868
125	48	0.016129
125	54	0.016393
125	64	0.016949
125	74	0.025641
125	76	0.023810
125	95	0.022222
125	109	0.024390
125	135	0.028571
125	138	0.034483
125	164	0.034483
125	185	0.032258
125	211	0.043478
125	223	0.033333
125	227	0.045455
125	238	0.035714
125	239	0.035714
125	243	0.040000
125	316	0.038462
125	343	0.052632
125	364	0.052632
125	375	0.047619
125	398	0.050000
125	410	0.050000
125	448	0.052632
126	6	0.013699
126	24	0.009615
126	26	0.010101
126	31	0.012048
126	34	0.014085
126	35	0.010204
126	40	0.011628
126	42	0.012821
126	44	0.014286
126	53	0.017544
126	54	0.016393
126	57	0.013889
126	58	0.016393
126	77	0.015873
126	81	0.020408
126	83	0.020408
126	84	0.020000
126	113	0.023256
126	136	0.028571
126	137	0.031250
126	142	0.030303
126	157	0.025641
126	176	0.043478
126	181	0.033333
126	185	0.032258
126	188	0.031250
126	195	0.040000
126	230	0.038462
126	233	0.045455
126	244	0.035714
126	251	0.040000
126	257	0.038462
126	318	0.043478
126	325	0.047619
126	327	0.041667
126	339	0.050000
126	340	0.043478
126	371	0.047619
126	376	0.050000
126	384	0.050000
126	404	0.047619
126	406	0.052632
127	13	0.016667
127	20	0.008264
127	21	0.007042
127	24	0.009615
127	26	0.010101
127	27	0.008547
127	30	0.010870
127	32	0.009174
127	39	0.011628
127	42	0.012821
127	48	0.016129
127	56	0.014085
127	58	0.016393
127	65	0.012658
127	91	0.019231
127	100	0.028571
127	109	0.024390
127	110	0.024390
127	148	0.031250
127	150	0.034483
127	188	0.031250
127	207	0.037037
127	216	0.037037
127	221	0.034483
127	256	0.050000
127	258	0.041667
127	273	0.050000
127	278	0.041667
127	323	0.055556
127	340	0.043478
127	347	0.047619
127	373	0.052632
127	391	0.055556
127	414	0.047619
127	424	0.055556
127	436	0.055556
127	444	0.055556
128	0	0.007246
128	7	0.017857
128	12	0.045455
128	17	0.019608
128	29	0.008696
128	31	0.012048
128	35	0.010204
128	40	0.011628
128	41	0.012987
128	44	0.014286
128	52	0.013514
128	55	0.015873
128	64	0.016949
128	82	0.022727
128	104	0.026316
128	116	0.024390
128	120	0.030303
128	124	0.023810
128	144	0.024390
128	151	0.032258
128	153	0.033333
128	173	0.035714
128	176	0.043478
128	224	0.045455
128	243	0.040000
128	263	0.040000
128	298	0.041667
128	310	0.040000
128	326	0.050000
128	336	0.050000
128	338	0.050000
128	352	0.055556
128	376	0.050000
128	392	0.047619
128	393	0.052632
128	412	0.052632
128	413	0.055556
128	434	0.055556
128	449	0.055556
129	7	0.017857
129	8	0.020408
129	14	0.012346
129	27	0.008547
129	28	0.008772
129	30	0.010870
129	32	0.009174
129	42	0.012821
129	47	0.016949
129	49	0.013514
129	52	0.013514
129	58	0.016393
129	59	0.016129
129	67	0.021739
129	78	0.020408
129	80	0.016393
129	101	0.024390
129	109	0.024390
129	139	0.026316
129	184	0.031250
129	197	0.041667
129	199	0.037037
129	261	0.043478
129	275	0.041667
129	299	0.043478
129	338	0.050000
129	366	0.047619
129	371	0.047619
129	373	0.052632
129	408	0.055556
130	2	0.015625
130	3	0.015152
130	14	0.012346
130	23	0.007353
130	24	0.009615
130	25	0.007143
130	26	0.010101
130	28	0.008772
130	35	0.010204
130	40	0.011628
130	50	0.011494
130	57	0.013889
130	70	0.016667
130	71	0.021739
130	81	0.020408
130	99	0.031250
130	115	0.024390
130	118	0.025641
130	144	0.024390
130	163	0.031250
130	193	0.028571
130	206	0.033333
130	210	0.038462
130	271	0.047619
130	279	0.038462
130	313	0.047619
130	316	0.038462
130	318	0.043478
130	342	0.052632
130	418	0.050000
131	0	0.007246
131	14	0.012346
131	19	0.007299
131	20	0.008264
131	29	0.008696
131	30	0.010870
131	32	0.009174
131	41	0.012987
131	48	0.016129
131	50	0.011494
131	53	0.017544
131	57	0.013889
131	82	0.022727
131	104	0.026316
131	113	0.023256
131	116	0.024390
131	121	0.022222
131	122	0.027778
131	147	0.027778
131	153	0.033333
131	160	0.026316
131	164	0.034483
131	166	0.033333
131	182	0.034483
131	191	0.037037
131	223	0.033333
131	226	0.038462
131	232	0.035714
131	241	0.040000
131	246	0.040000
131	262	0.041667
131	270	0.041667
131	281	0.040000
131	318	0.043478
131	321	0.047619
131	323	0.055556
131	341	0.055556
131	360	0.050000
131	402	0.052632
131	406	0.052632
131	410	0.050000
131	417	0.050000
131	451	0.052632
132	2	0.015625
132	4	0.010638
132	19	0.007299
132	22	0.008333
132	26	0.010101
132	27	0.008547
132	32	0.009174
132	33	0.008197
132	39	0.011628
132	45	0.010638
132	46	0.012500
132	49	0.013514
132	50	0.011494
132	56	0.014085
132	63	0.014925
132	93	0.023810
132	94	0.021277
132	105	0.025641
132	162	0.037037
132	163	0.031250
132	166	0.033333
132	168	0.040000
132	201	0.034483
132	217	0.041667
132	228	0.041667
132	235	0.037037
132	245	0.035714
132	253	0.034483
132	278	0.041667
132	281	0.040000
132	304	0.043478
132	311	0.047619
132	316	0.038462
132	363	0.052632
132	375	0.047619
132	381	0.055556
132	393	0.052632
132	425	0.052632
132	436	0.055556
133	0	0.007246
133	8	0.020408
133	15	0.011905
133	23	0.007353
133	24	0.009615
133	25	0.007143
133	33	0.008197
133	36	0.012658
133	48	0.016129
133	49	0.013514
133	53	0.017544
133	55	0.015873
133	77	0.015873
133	85	0.023810
133	92	0.019608
133	98	0.024390
133	99	0.031250
133	124	0.023810
133	138	0.034483
133	151	0.032258
133	162	0.037037
133	165	0.029412
133	175	0.031250
133	186	0.037037
133	198	0.031250
133	199	0.037037
133	208	0.038462
133	248	0.034483
133	275	0.041667
133	373	0.052632
133	382	0.052632
133	400	0.052632
133	409	0.050000
134	13	0.016667
134	15	0.011905
134	17	0.019608
134	19	0.007299
134	20	0.008264
134	21	0.007042
134	23	0.007353
134	34	0.014085
134	35	0.010204
134	45	0.010638
134	50	0.011494
134	57	0.013889
134	63	0.014925
134	67	0.021739
134	68	0.020408
134	80	0.016393
134	97	0.021277
134	111	0.020833
134	143	0.025641
134	172	0.032258
134	192	0.037037
134	212	0.041667
134	215	0.040000
134	247	0.050000
134	252	0.043478
134	267	0.043478
134	270	0.041667
134	299	0.043478
134	338	0.050000
134	339	0.050000
134	401	0.043478
134	454	0.055556
135	1	0.020408
135	37	0.012048
135	50	0.011494
135	55	0.015873
135	59	0.016129
135	62	0.017857
135	66	0.026316
135	70	0.016667
135	73	0.023810
135	76	0.023810
135	78	0.020408
135	96	0.022222
135	101	0.024390
135	104	0.026316
135	109	0.024390
135	112	0.024390
135	113	0.023256
135	125	0.028571
135	165	0.029412
135	168	0.040000
135	183	0.030303
135	185	0.032258
135	209	0.034483
135	227	0.045455
135	237	0.038462
135	241	0.040000
135	253	0.034483
135	267	0.043478
135	273	0.050000
135	275	0.041667
135	281	0.040000
135	293	0.043478
135	388	0.052632
135	426	0.052632
135	441	0.050000
136	0	0.007246
136	3	0.015152
136	11	0.016393
136	16	0.032258
136	17	0.019608
136	24	0.009615
136	25	0.007143
136	28	0.008772
136	33	0.008197
136	34	0.014085
136	37	0.012048
136	52	0.013514
136	62	0.017857
136	80	0.016393
136	81	0.020408
136	95	0.022222
136	120	0.030303
136	126	0.023810
136	140	0.035714
136	147	0.027778
136	158	0.037037
136	168	0.040000
136	171	0.030303
136	173	0.035714
136	196	0.037037
136	205	0.027778
136	244	0.035714
136	252	0.043478
136	289	0.038462
136	315	0.052632
136	322	0.043478
136	352	0.055556
136	364	0.052632
136	375	0.047619
136	417	0.050000
137	0	0.007246
137	10	0.014706
137	15	0.011905
137	18	0.015625
137	23	0.007353
137	25	0.007143
137	28	0.008772
137	30	0.010870
137	31	0.012048
137	32	0.009174
137	33	0.008197
137	36	0.012658
137	83	0.020408
137	89	0.021277
137	97	0.021277
137	115	0.024390
137	121	0.022222
137	126	0.023810
137	164	0.034483
137	176	0.043478
137	192	0.037037
137	223	0.033333
137	239	0.035714
137	245	0.035714
137	273	0.050000
137	281	0.040000
137	292	0.040000
137	293	0.043478
137	326	0.050000
137	393	0.052632
137	425	0.052632
137	446	0.055556
138	0	0.007246
138	4	0.010638
138	13	0.016667
138	18	0.015625
138	20	0.008264
138	32	0.009174
138	33	0.008197
138	40	0.011628
138	42	0.012821
138	44	0.014286
138	45	0.010638
138	52	0.013514
138	54	0.016393
138	65	0.012658
138	70	0.016667
138	102	0.024390
138	125	0.028571
138	133	0.030303
138	184	0.031250
138	203	0.029412
138	220	0.032258
138	223	0.033333
138	228	0.041667
138	298	0.041667
138	343	0.052632
138	346	0.050000
138	398	0.050000
138	412	0.052632
138	436	0.055556
139	1	0.020408
139	2	0.015625
139	18	0.015625
139	21	0.007042
139	27	0.008547
139	29	0.008696
139	33	0.008197
139	34	0.014085
139	41	0.012987
139	45	0.010638
139	50	0.011494
139	51	0.015385
139	58	0.016393
139	62	0.017857
139	66	0.026316
139	75	0.025000
139	102	0.024390
139	129	0.033333
139	155	0.029412
139	173	0.035714
139	179	0.026316
139	209	0.034483
139	231	0.043478
139	246	0.040000
139	251	0.040000
139	266	0.043478
139	276	0.043478
139	290	0.037037
139	298	0.041667
139	304	0.043478
139	320	0.047619
139	332	0.047619
139	341	0.055556
139	408	0.055556
139	410	0.050000
139	444	0.055556
139	448	0.052632
139	449	0.055556
140	2	0.015625
140	13	0.016667
140	19	0.007299
140	21	0.007042
140	23	0.007353
140	25	0.007143
140	30	0.010870
140	45	0.010638
140	46	0.012500
140	50	0.011494
140	55	0.015873
140	60	0.015152
140	83	0.020408
140	92	0.019608
140	94	0.021277
140	103	0.030303
140	107	0.021277
140	136	0.028571
140	147	0.027778
140	161	0.030303
140	165	0.029412
140	167	0.038462
140	206	0.033333
140	217	0.041667
140	274	0.045455
140	316	0.038462
140	358	0.050000
140	435	0.055556
141	0	0.007246
141	1	0.020408
141	15	0.011905
141	19	0.007299
141	21	0.007042
141	23	0.007353
141	30	0.010870
141	33	0.008197
141	37	0.012048
141	43	0.018868
141	44	0.014286
141	62	0.017857
141	71	0.021739
141	78	0.020408
141	80	0.016393
141	111	0.020833
141	117	0.027778
141	120	0.030303
141	145	0.029412
141	151	0.032258
141	152	0.037037
141	155	0.029412
141	156	0.031250
141	166	0.033333
141	177	0.041667
141	184	0.031250
141	190	0.031250
141	201	0.034483
141	222	0.026316
141	232	0.035714
141	240	0.045455
141	254	0.043478
141	261	0.043478
141	278	0.041667
141	280	0.037037
141	284	0.043478
141	312	0.047619
141	373	0.052632
141	392	0.047619
141	393	0.052632
141	402	0.052632
141	415	0.055556
142	0	0.007246
142	21	0.007042
142	23	0.007353
142	24	0.009615
142	28	0.008772
142	35	0.010204
142	36	0.012658
142	38	0.017857
142	39	0.011628
142	51	0.015385
142	83	0.020408
142	88	0.026316
142	93	0.023810
142	96	0.022222
142	97	0.021277
142	110	0.024390
142	116	0.024390
142	126	0.023810
142	153	0.033333
142	154	0.033333
142	198	0.031250
142	218	0.032258
142	241	0.040000
142	260	0.043478
142	281	0.040000
142	326	0.050000
142	379	0.050000
142	400	0.052632
142	418	0.050000
142	441	0.050000
142	443	0.055556
142	445	0.055556
142	449	0.055556
143	0	0.007246
143	5	0.023256
143	24	0.009615
143	27	0.008547
143	31	0.012048
143	33	0.008197
143	39	0.011628
143	46	0.012500
143	58	0.016393
143	59	0.016129
143	67	0.021739
143	68	0.020408
143	69	0.021739
143	80	0.016393
143	96	0.022222
143	102	0.024390
143	107	0.021277
143	134	0.031250
143	148	0.031250
143	172	0.032258
143	179	0.026316
143	182	0.034483
143	183	0.030303
143	185	0.032258
143	190	0.031250
143	194	0.033333
143	205	0.027778
143	238	0.035714
143	242	0.034483
143	243	0.040000
143	264	0.043478
143	271	0.047619
143	279	0.038462
143	309	0.047619
143	334	0.043478
143	348	0.050000
143	355	0.045455
143	384	0.050000
143	391	0.055556
144	3	0.015152
144	4	0.010638
144	11	0.016393
144	27	0.008547
144	32	0.009174
144	37	0.012048
144	38	0.017857
144	42	0.012821
144	55	0.015873
144	67	0.021739
144	73	0.023810
144	77	0.015873
144	84	0.020000
144	89	0.021277
144	101	0.024390
144	120	0.030303
144	128	0.025641
144	130	0.033333
144	146	0.029412
144	154	0.033333
144	156	0.031250
144	165	0.029412
144	194	0.033333
144	210	0.038462
144	226	0.038462
144	241	0.040000
144	244	0.035714
144	250	0.041667
144	274	0.045455
144	311	0.047619
144	312	0.047619
144	343	0.052632
144	347	0.047619
144	352	0.055556
144	356	0.045455
144	374	0.052632
144	384	0.050000
144	391	0.055556
144	394	0.052632
144	401	0.043478
144	408	0.055556
145	4	0.010638
145	6	0.013699
145	19	0.007299
145	20	0.008264
145	21	0.007042
145	22	0.008333
145	25	0.007143
145	29	0.008696
145	32	0.009174
145	35	0.010204
145	40	0.011628
145	56	0.014085
145	65	0.012658
145	78	0.020408
145	85	0.023810
145	114	0.023256
145	124	0.023810
145	141	0.023810
145	147	0.027778
145	156	0.031250
145	196	0.037037
145	227	0.045455
145	229	0.041667
145	232	0.035714
145	254	0.043478
145	265	0.045455
145	272	0.038462
145	342	0.052632
145	350	0.055556
145	351	0.052632
145	375	0.047619
145	430	0.055556
145	432	0.055556
145	445	0.055556
146	1	0.020408
146	12	0.045455
146	13	0.016667
146	14	0.012346
146	19	0.007299
146	20	0.008264
146	23	0.007353
146	25	0.007143
146	42	0.012821
146	51	0.015385
146	52	0.013514
146	61	0.018868
146	62	0.017857
146	84	0.020000
146	85	0.023810
146	103	0.030303
146	105	0.025641
146	144	0.024390
146	169	0.034483
146	196	0.037037
146	200	0.043478
146	221	0.034483
146	239	0.035714
146	254	0.043478
146	303	0.052632
146	337	0.050000
146	339	0.050000
146	377	0.055556
146	392	0.047619
146	396	0.052632
146	407	0.055556
146	412	0.052632
146	437	0.052632
146	447	0.055556
147	0	0.007246
147	6	0.013699
147	14	0.012346
147	15	0.011905
147	18	0.015625
147	35	0.010204
147	36	0.012658
147	40	0.011628
147	48	0.016129
147	50	0.011494
147	65	0.012658
147	75	0.025000
147	99	0.031250
147	101	0.024390
147	131	0.023256
147	136	0.028571
147	140	0.035714
147	145	0.029412
147	170	0.035714
147	173	0.035714
147	178	0.035714
147	180	0.038462
147	199	0.037037
147	202	0.034483
147	215	0.040000
147	249	0.045455
147	258	0.041667
147	266	0.043478
147	295	0.047619
147	298	0.041667
147	304	0.043478
147	306	0.041667
147	334	0.043478
147	343	0.052632
147	398	0.050000
147	426	0.052632
148	5	0.023256
148	10	0.014706
148	22	0.008333
148	23	0.007353
148	26	0.010101
148	30	0.010870
148	32	0.009174
148	34	0.014085
148	37	0.012048
148	38	0.017857
148	52	0.013514
148	56	0.014085
148	65	0.012658
148	72	0.023256
148	115	0.024390
148	121	0.022222
148	127	0.027027
148	143	0.025641
148	160	0.026316
148	179	0.026316
148	198	0.031250
148	215	0.040000
148	216	0.037037
148	245	0.035714
148	256	0.050000
148	259	0.045455
148	303	0.052632
148	347	0.047619
148	388	0.052632
148	416	0.047619
148	447	0.055556
148	452	0.055556
149	13	0.016667
149	19	0.007299
149	22	0.008333
149	23	0.007353
149	25	0.007143
149	32	0.009174
149	33	0.008197
149	36	0.012658
149	48	0.016129
149	57	0.013889
149	59	0.016129
149	61	0.018868
149	71	0.021739
149	87	0.021277
149	104	0.026316
149	106	0.020408
149	116	0.024390
149	121	0.022222
149	157	0.025641
149	181	0.033333
149	193	0.028571
149	254	0.043478
149	308	0.050000
149	345	0.045455
149	385	0.052632
150	11	0.016393
150	25	0.007143
150	32	0.009174
150	33	0.008197
150	36	0.012658
150	43	0.018868
150	44	0.014286
150	47	0.016949
150	55	0.015873
150	56	0.014085
150	65	0.012658
150	66	0.026316
150	69	0.021739
150	77	0.015873
150	84	0.020000
150	103	0.030303
150	115	0.024390
150	127	0.027027
150	163	0.031250
150	181	0.033333
150	213	0.043478
150	220	0.032258
150	233	0.045455
150	235	0.037037
150	279	0.038462
150	309	0.047619
150	338	0.050000
150	366	0.047619
150	439	0.055556
151	19	0.007299
151	24	0.009615
151	28	0.008772
151	32	0.009174
151	34	0.014085
151	35	0.010204
151	37	0.012048
151	51	0.015385
151	83	0.020408
151	84	0.020000
151	85	0.023810
151	86	0.027027
151	91	0.019231
151	94	0.021277
151	107	0.021277
151	128	0.025641
151	133	0.030303
151	141	0.023810
151	163	0.031250
151	170	0.035714
151	179	0.026316
151	206	0.033333
151	276	0.043478
151	283	0.043478
151	286	0.052632
151	316	0.038462
151	322	0.043478
151	358	0.050000
151	382	0.052632
151	420	0.055556
151	432	0.055556
152	0	0.007246
152	3	0.015152
152	7	0.017857
152	10	0.014706
152	17	0.019608
152	20	0.008264
152	22	0.008333
152	27	0.008547
152	31	0.012048
152	40	0.011628
152	42	0.012821
152	43	0.018868
152	45	0.010638
152	49	0.013514
152	91	0.019231
152	93	0.023810
152	106	0.020408
152	141	0.023810
152	179	0.026316
152	247	0.050000
152	263	0.040000
152	267	0.043478
152	354	0.047619
152	371	0.047619
152	376	0.050000
152	399	0.050000
152	433	0.052632
153	15	0.011905
153	23	0.007353
153	29	0.008696
153	30	0.010870
153	31	0.012048
153	46	0.012500
153	47	0.016949
153	49	0.013514
153	56	0.014085
153	62	0.017857
153	70	0.016667
153	74	0.025641
153	89	0.021277
153	116	0.024390
153	122	0.027778
153	128	0.025641
153	131	0.023256
153	142	0.030303
153	168	0.040000
153	184	0.031250
153	207	0.037037
153	229	0.041667
153	243	0.040000
153	269	0.035714
153	280	0.037037
153	281	0.040000
153	297	0.045455
153	352	0.055556
153	435	0.055556
153	448	0.052632
154	4	0.010638
154	13	0.016667
154	14	0.012346
154	19	0.007299
154	22	0.008333
154	23	0.007353
154	24	0.009615
154	29	0.008696
154	35	0.010204
154	49	0.013514
154	58	0.016393
154	73	0.023810
154	80	0.016393
154	86	0.027027
154	101	0.024390
154	118	0.025641
154	142	0.030303
154	144	0.024390
154	169	0.034483
154	177	0.041667
154	189	0.038462
154	210	0.038462
154	230	0.038462
154	240	0.045455
154	269	0.035714
154	276	0.043478
154	387	0.050000
154	405	0.052632
154	427	0.052632
154	428	0.055556
155	2	0.015625
155	10	0.014706
155	19	0.007299
155	21	0.007042
155	27	0.008547
155	30	0.010870
155	39	0.011628
155	42	0.012821
155	55	0.015873
155	57	0.013889
155	60	0.015152
155	65	0.012658
155	73	0.023810
155	82	0.022727
155	83	0.020408
155	111	0.020833
155	139	0.026316
155	141	0.023810
155	181	0.033333
155	199	0.037037
155	208	0.038462
155	224	0.045455
155	232	0.035714
155	245	0.035714
155	265	0.045455
155	273	0.050000
155	295	0.047619
155	301	0.050000
155	305	0.038462
155	322	0.043478
155	385	0.052632
155	398	0.050000
155	436	0.055556
155	450	0.055556
156	3	0.015152
156	10	0.014706
156	26	0.010101
156	34	0.014085
156	35	0.010204
156	43	0.018868
156	45	0.010638
156	50	0.011494
156	69	0.021739
156	74	0.025641
156	81	0.020408
156	104	0.026316
156	116	0.024390
156	117	0.027778
156	124	0.023810
156	141	0.023810
156	144	0.024390
156	145	0.029412
156	188	0.031250
156	195	0.040000
156	207	0.037037
156	262	0.041667
156	275	0.041667
156	287	0.041667
156	324	0.038462
156	335	0.045455
156	341	0.055556
156	357	0.050000
156	359	0.050000
156	411	0.055556
156	414	0.047619
156	438	0.052632
157	0	0.007246
157	23	0.007353
157	24	0.009615
157	25	0.007143
157	36	0.012658
157	37	0.012048
157	44	0.014286
157	47	0.016949
157	50	0.011494
157	51	0.015385
157	53	0.017544
157	82	0.022727
157	83	0.020408
157	99	0.031250
157	108	0.030303
157	112	0.024390
157	126	0.023810
157	149	0.040000
157	172	0.032258
157	180	0.038462
157	181	0.033333
157	188	0.031250
157	194	0.033333
157	201	0.034483
157	202	0.034483
157	213	0.043478
157	245	0.035714
157	262	0.041667
157	269	0.035714
157	278	0.041667
157	280	0.037037
157	321	0.047619
157	330	0.043478
157	337	0.050000
157	352	0.055556
157	363	0.052632
157	376	0.050000
157	419	0.050000
157	421	0.055556
158	2	0.015625
158	3	0.015152
158	8	0.020408
158	17	0.019608
158	18	0.015625
158	22	0.008333
158	25	0.007143
158	33	0.008197
158	44	0.014286
158	49	0.013514
158	69	0.021739
158	75	0.025000
158	79	0.021739
158	83	0.020408
158	106	0.020408
158	118	0.025641
158	121	0.022222
158	136	0.028571
158	161	0.030303
158	191	0.037037
158	218	0.032258
158	248	0.034483
158	293	0.043478
158	329	0.052632
158	339	0.050000
158	346	0.050000
158	438	0.052632
159	0	0.007246
159	14	0.012346
159	16	0.032258
159	19	0.007299
159	26	0.010101
159	27	0.008547
159	29	0.008696
159	32	0.009174
159	44	0.014286
159	51	0.015385
159	62	0.017857
159	71	0.021739
159	72	0.023256
159	97	0.021277
159	101	0.024390
159	110	0.024390
159	121	0.022222
159	123	0.029412
159	182	0.034483
159	189	0.038462
159	199	0.037037
159	202	0.034483
159	234	0.047619
159	260	0.043478
159	272	0.038462
159	315	0.052632
159	360	0.050000
159	414	0.047619
159	435	0.055556
160	2	0.015625
160	5	0.023256
160	23	0.007353
160	24	0.009615
160	27	0.008547
160	29	0.008696
160	42	0.012821
160	48	0.016129
160	53	0.017544
160	74	0.025641
160	76	0.023810
160	99	0.031250
160	105	0.025641
160	110	0.024390
160	112	0.024390
160	113	0.023256
160	131	0.023256
160	148	0.031250
160	164	0.034483
160	167	0.038462
160	177	0.041667
160	178	0.035714
160	205	0.027778
160	218	0.032258
160	244	0.035714
160	255	0.034483
160	270	0.041667
160	275	0.041667
160	292	0.040000
160	299	0.043478
160	326	0.050000
160	328	0.047619
160	336	0.050000
160	353	0.050000
160	354	0.047619
160	366	0.047619
160	407	0.055556
160	419	0.050000
161	0	0.007246
161	1	0.020408
161	2	0.015625
161	20	0.008264
161	21	0.007042
161	25	0.007143
161	33	0.008197
161	41	0.012987
161	46	0.012500
161	57	0.013889
161	63	0.014925
161	72	0.023256
161	91	0.019231
161	98	0.024390
161	111	0.020833
161	122	0.027778
161	140	0.035714
161	158	0.037037
161	169	0.034483
161	170	0.035714
161	175	0.031250
161	192	0.037037
161	203	0.029412
161	209	0.034483
161	227	0.045455
161	232	0.035714
161	244	0.035714
161	262	0.041667
161	272	0.038462
161	292	0.040000
161	329	0.052632
161	341	0.055556
161	438	0.052632
162	0	0.007246
162	2	0.015625
162	15	0.011905
162	21	0.007042
162	29	0.008696
162	30	0.010870
162	33	0.008197
162	40	0.011628
162	44	0.014286
162	46	0.012500
162	58	0.016393
162	63	0.014925
162	72	0.023256
162	80	0.016393
162	83	0.020408
162	110	0.024390
162	132	0.025641
162	133	0.030303
162	163	0.031250
162	192	0.037037
162	235	0.037037
162	242	0.034483
162	245	0.035714
162	263	0.040000
162	345	0.045455
162	442	0.055556
162	455	0.055556
163	14	0.012346
163	19	0.007299
163	24	0.009615
163	25	0.007143
163	32	0.009174
163	53	0.017544
163	62	0.017857
163	74	0.025641
163	77	0.015873
163	82	0.022727
163	89	0.021277
163	110	0.024390
163	114	0.023256
163	130	0.033333
163	132	0.025641
163	150	0.034483
163	151	0.032258
163	162	0.037037
163	174	0.033333
163	197	0.041667
163	254	0.043478
163	263	0.040000
163	334	0.043478
163	378	0.047619
163	391	0.055556
163	415	0.055556
163	422	0.055556
163	426	0.052632
163	432	0.055556
163	444	0.055556
163	445	0.055556
163	448	0.052632
164	0	0.007246
164	7	0.017857
164	20	0.008264
164	25	0.007143
164	29	0.008696
164	42	0.012821
164	49	0.013514
164	64	0.016949
164	73	0.023810
164	83	0.020408
164	90	0.022727
164	96	0.022222
164	97	0.021277
164	119	0.023810
164	125	0.028571
164	131	0.023256
164	137	0.031250
164	160	0.026316
164	184	0.031250
164	187	0.035714
164	224	0.045455
164	271	0.047619
164	329	0.052632
164	361	0.041667
164	373	0.052632
164	385	0.052632
164	407	0.055556
164	422	0.055556
164	423	0.055556
165	18	0.015625
165	19	0.007299
165	29	0.008696
165	47	0.016949
165	50	0.011494
165	59	0.016129
165	76	0.023810
165	79	0.021739
165	106	0.020408
165	107	0.021277
165	110	0.024390
165	112	0.024390
165	115	0.024390
165	122	0.027778
165	133	0.030303
165	135	0.028571
165	140	0.035714
165	144	0.024390
165	172	0.032258
165	217	0.041667
165	233	0.045455
165	242	0.034483
165	246	0.040000
165	301	0.050000
165	325	0.047619
165	330	0.043478
165	340	0.043478
165	346	0.050000
165	348	0.050000
165	365	0.052632
165	378	0.047619
165	389	0.050000
165	416	0.047619
165	433	0.052632
166	11	0.016393
166	16	0.032258
166	20	0.008264
166	21	0.007042
166	22	0.008333
166	27	0.008547
166	32	0.009174
166	33	0.008197
166	35	0.010204
166	46	0.012500
166	47	0.016949
166	106	0.020408
166	111	0.020833
166	114	0.023256
166	123	0.029412
166	131	0.023256
166	132	0.025641
166	141	0.023810
166	186	0.037037
166	191	0.037037
166	240	0.045455
166	301	0.050000
166	334	0.043478
166	347	0.047619
166	359	0.050000
166	370	0.052632
166	372	0.052632
166	399	0.050000
166	422	0.055556
166	430	0.055556
167	10	0.014706
167	11	0.016393
167	23	0.007353
167	29	0.008696
167	35	0.010204
167	38	0.017857
167	44	0.014286
167	53	0.017544
167	65	0.012658
167	72	0.023256
167	88	0.026316
167	92	0.019608
167	98	0.024390
167	110	0.024390
167	119	0.023810
167	124	0.023810
167	140	0.035714
167	160	0.026316
167	197	0.041667
167	200	0.043478
167	227	0.045455
167	236	0.037037
167	241	0.040000
167	255	0.034483
167	261	0.043478
167	326	0.050000
168	1	0.020408
168	14	0.012346
168	15	0.011905
168	21	0.007042
168	22	0.008333
168	25	0.007143
168	27	0.008547
168	43	0.018868
168	46	0.012500
168	52	0.013514
168	87	0.021277
168	89	0.021277
168	93	0.023810
168	94	0.021277
168	132	0.025641
168	135	0.028571
168	136	0.028571
168	153	0.033333
168	188	0.031250
168	244	0.035714
168	325	0.047619
168	357	0.050000
168	407	0.055556
168	412	0.052632
168	430	0.055556
169	4	0.010638
169	14	0.012346
169	19	0.007299
169	23	0.007353
169	25	0.007143
169	33	0.008197
169	40	0.011628
169	52	0.013514
169	61	0.018868
169	71	0.021739
169	73	0.023810
169	93	0.023810
169	97	0.021277
169	102	0.024390
169	117	0.027778
169	146	0.029412
169	154	0.033333
169	161	0.030303
169	180	0.038462
169	210	0.038462
169	296	0.052632
169	357	0.050000
169	382	0.052632
169	405	0.052632
169	411	0.055556
169	418	0.050000
169	424	0.055556
169	426	0.052632
169	454	0.055556
170	14	0.012346
170	17	0.019608
170	19	0.007299
170	37	0.012048
170	39	0.011628
170	45	0.010638
170	52	0.013514
170	53	0.017544
170	62	0.017857
170	74	0.025641
170	77	0.015873
170	93	0.023810
170	110	0.024390
170	120	0.030303
170	122	0.027778
170	147	0.027778
170	151	0.032258
170	161	0.030303
170	213	0.043478
170	219	0.035714
170	223	0.033333
170	235	0.037037
170	261	0.043478
170	305	0.038462
170	307	0.047619
170	314	0.055556
170	350	0.055556
170	405	0.052632
171	18	0.015625
171	20	0.008264
171	25	0.007143
171	35	0.010204
171	36	0.012658
171	40	0.011628
171	50	0.011494
171	58	0.016393
171	59	0.016129
171	65	0.012658
171	70	0.016667
171	96	0.022222
171	107	0.021277
171	111	0.020833
171	118	0.025641
171	119	0.023810
171	124	0.023810
171	136	0.028571
171	179	0.026316
171	183	0.030303
171	193	0.028571
171	203	0.029412
171	204	0.040000
171	206	0.033333
171	244	0.035714
171	275	0.041667
171	306	0.041667
171	307	0.047619
171	328	0.047619
171	331	0.050000
171	369	0.047619
171	391	0.055556
171	438	0.052632
172	3	0.015152
172	15	0.011905
172	36	0.012658
172	42	0.012821
172	50	0.011494
172	51	0.015385
172	52	0.013514
172	55	0.015873
172	61	0.018868
172	70	0.016667
172	73	0.023810
172	78	0.020408
172	111	0.020833
172	113	0.023256
172	134	0.031250
172	143	0.025641
172	157	0.025641
172	165	0.029412
172	198	0.031250
172	203	0.029412
172	211	0.043478
172	214	0.032258
172	219	0.035714
172	220	0.032258
172	242	0.034483
172	296	0.052632
172	324	0.038462
172	332	0.047619
172	339	0.050000
172	344	0.047619
172	415	0.055556
173	19	0.007299
173	20	0.008264
173	24	0.009615
173	37	0.012048
173	39	0.011628
173	70	0.016667
173	71	0.021739
173	80	0.016393
173	88	0.026316
173	91	0.019231
173	100	0.028571
173	102	0.024390
173	105	0.025641
173	122	0.027778
173	128	0.025641
173	136	0.028571
173	139	0.026316
173	147	0.027778
173	246	0.040000
173	277	0.038462
173	311	0.047619
173	323	0.055556
173	338	0.050000
173	351	0.052632
173	360	0.050000
173	370	0.052632
173	373	0.052632
173	379	0.050000
174	0	0.007246
174	5	0.023256
174	10	0.014706
174	13	0.016667
174	15	0.011905
174	19	0.007299
174	28	0.008772
174	33	0.008197
174	46	0.012500
174	51	0.015385
174	52	0.013514
174	59	0.016129
174	66	0.026316
174	92	0.019608
174	93	0.023810
174	113	0.023256
174	119	0.023810
174	163	0.031250
174	176	0.043478
174	177	0.041667
174	194	0.033333
174	201	0.034483
174	262	0.041667
174	291	0.050000
174	311	0.047619
174	312	0.047619
174	368	0.055556
174	377	0.055556
174	410	0.050000
174	428	0.055556
175	2	0.015625
175	15	0.011905
175	23	0.007353
175	25	0.007143
175	28	0.008772
175	31	0.012048
175	32	0.009174
175	34	0.014085
175	46	0.012500
175	47	0.016949
175	65	0.012658
175	89	0.021277
175	90	0.022727
175	106	0.020408
175	107	0.021277
175	115	0.024390
175	133	0.030303
175	161	0.030303
175	190	0.031250
175	192	0.037037
175	202	0.034483
175	206	0.033333
175	209	0.034483
175	222	0.026316
175	242	0.034483
175	252	0.043478
175	307	0.047619
175	364	0.052632
175	387	0.050000
175	388	0.052632
175	394	0.052632
175	440	0.055556
176	2	0.015625
176	25	0.007143
176	29	0.008696
176	39	0.011628
176	45	0.010638
176	46	0.012500
176	62	0.017857
176	65	0.012658
176	92	0.019608
176	93	0.023810
176	100	0.028571
176	108	0.030303
176	111	0.020833
176	117	0.027778
176	126	0.023810
176	128	0.025641
176	137	0.031250
176	174	0.033333
176	264	0.043478
176	266	0.043478
176	381	0.055556
176	392	0.047619
176	432	0.055556
177	0	0.007246
177	24	0.009615
177	25	0.007143
177	28	0.008772
177	31	0.012048
177	35	0.010204
177	41	0.012987
177	47	0.016949
177	56	0.014085
177	63	0.014925
177	68	0.020408
177	73	0.023810
177	108	0.030303
177	119	0.023810
177	141	0.023810
177	154	0.033333
177	160	0.026316
177	174	0.033333
177	182	0.034483
177	228	0.041667
177	273	0.050000
177	321	0.047619
177	439	0.055556
177	447	0.055556
178	2	0.015625
178	8	0.020408
178	10	0.014706
178	14	0.012346
178	15	0.011905
178	19	0.007299
178	21	0.007042
178	39	0.011628
178	42	0.012821
178	53	0.017544
178	65	0.012658
178	66	0.026316
178	83	0.020408
178	85	0.023810
178	97	0.021277
178	121	0.022222
178	147	0.027778
178	160	0.026316
178	198	0.031250
178	217	0.041667
178	239	0.035714
178	252	0.043478
178	270	0.041667
178	288	0.041667
178	291	0.050000
178	298	0.041667
178	360	0.050000
178	440	0.055556
179	0	0.007246
179	6	0.013699
179	15	0.011905
179	28	0.008772
179	35	0.010204
179	39	0.011628
179	45	0.010638
179	57	0.013889
179	59	0.016129
179	78	0.020408
179	97	0.021277
179	105	0.025641
179	139	0.026316
179	143	0.025641
179	148	0.031250
179	151	0.032258
179	152	0.037037
179	171	0.030303
179	186	0.037037
179	193	0.028571
179	207	0.037037
179	214	0.032258
179	215	0.040000
179	234	0.047619
179	247	0.050000
179	252	0.043478
179	275	0.041667
179	289	0.038462
179	307	0.047619
179	314	0.055556
179	331	0.050000
179	335	0.045455
179	341	0.055556
179	365	0.052632
179	379	0.050000
179	396	0.052632
179	432	0.055556
179	452	0.055556
180	3	0.015152
180	10	0.014706
180	13	0.016667
180	16	0.032258
180	19	0.007299
180	24	0.009615
180	26	0.010101
180	27	0.008547
180	28	0.008772
180	40	0.011628
180	50	0.011494
180	60	0.015152
180	91	0.019231
180	106	0.020408
180	116	0.024390
180	147	0.027778
180	157	0.025641
180	169	0.034483
180	196	0.037037
180	208	0.038462
180	252	0.043478
180	282	0.047619
180	295	0.047619
180	362	0.043478
180	404	0.047619
180	409	0.050000
181	3	0.015152
181	18	0.015625
181	22	0.008333
181	24	0.009615
181	33	0.008197
181	40	0.011628
181	48	0.016129
181	60	0.015152
181	63	0.014925
181	65	0.012658
181	77	0.015873
181	98	0.024390
181	103	0.030303
181	126	0.023810
181	149	0.040000
181	150	0.034483
181	155	0.029412
181	157	0.025641
181	205	0.027778
181	209	0.034483
181	222	0.026316
181	227	0.045455
181	237	0.038462
181	254	0.043478
181	315	0.052632
181	372	0.052632
181	375	0.047619
181	393	0.052632
181	438	0.052632
181	449	0.055556
182	10	0.014706
182	28	0.008772
182	35	0.010204
182	39	0.011628
182	40	0.011628
182	43	0.018868
182	47	0.016949
182	48	0.016129
182	50	0.011494
182	91	0.019231
182	93	0.023810
182	102	0.024390
182	116	0.024390
182	117	0.027778
182	131	0.023256
182	143	0.025641
182	159	0.034483
182	177	0.041667
182	186	0.037037
182	214	0.032258
182	237	0.038462
182	279	0.038462
182	284	0.043478
182	315	0.052632
182	387	0.050000
182	424	0.055556
182	433	0.052632
182	447	0.055556
182	454	0.055556
183	18	0.015625
183	19	0.007299
183	22	0.008333
183	28	0.008772
183	32	0.009174
183	37	0.012048
183	40	0.011628
183	53	0.017544
183	57	0.013889
183	81	0.020408
183	83	0.020408
183	91	0.019231
183	94	0.021277
183	95	0.022222
183	109	0.024390
183	135	0.028571
183	143	0.025641
183	171	0.030303
183	187	0.035714
183	196	0.037037
183	227	0.045455
183	272	0.038462
183	278	0.041667
183	279	0.038462
183	289	0.038462
183	297	0.045455
183	332	0.047619
183	333	0.041667
183	340	0.043478
183	386	0.052632
183	419	0.050000
183	429	0.055556
183	455	0.055556
184	2	0.015625
184	6	0.013699
184	21	0.007042
184	26	0.010101
184	29	0.008696
184	41	0.012987
184	43	0.018868
184	70	0.016667
184	74	0.025641
184	75	0.025000
184	95	0.022222
184	98	0.024390
184	112	0.024390
184	129	0.033333
184	138	0.034483
184	141	0.023810
184	153	0.033333
184	164	0.034483
184	206	0.033333
184	252	0.043478
184	255	0.034483
184	274	0.045455
184	301	0.050000
184	306	0.041667
184	324	0.038462
184	326	0.050000
184	349	0.050000
184	385	0.052632
184	410	0.050000
184	425	0.052632
184	430	0.055556
184	437	0.052632
185	5	0.023256
185	26	0.010101
185	30	0.010870
185	46	0.012500
185	47	0.016949
185	55	0.015873
185	58	0.016393
185	60	0.015152
185	73	0.023810
185	74	0.025641
185	76	0.023810
185	106	0.020408
185	111	0.020833
185	120	0.030303
185	125	0.028571
185	126	0.023810
185	135	0.028571
185	143	0.025641
185	190	0.031250
185	199	0.037037
185	209	0.034483
185	218	0.032258
185	241	0.040000
185	245	0.035714
185	285	0.043478
185	297	0.045455
185	312	0.047619
185	344	0.047619
185	356	0.045455
185	423	0.055556
185	442	0.055556
186	2	0.015625
186	11	0.016393
186	12	0.045455
186	26	0.010101
186	27	0.008547
186	29	0.008696
186	33	0.008197
186	36	0.012658
186	44	0.014286
186	46	0.012500
186	51	0.015385
186	71	0.021739
186	106	0.020408
186	109	0.024390
186	133	0.030303
186	166	0.033333
186	179	0.026316
186	182	0.034483
186	192	0.037037
186	232	0.035714
186	307	0.047619
186	321	0.047619
186	350	0.055556
186	356	0.045455
186	431	0.055556
186	441	0.050000
186	442	0.055556
187	0	0.007246
187	2	0.015625
187	4	0.010638
187	14	0.012346
187	21	0.007042
187	22	0.008333
187	27	0.008547
187	36	0.012658
187	40	0.011628
187	41	0.012987
187	50	0.011494
187	58	0.016393
187	78	0.020408
187	79	0.021739
187	105	0.025641
187	123	0.029412
187	164	0.034483
187	183	0.030303
187	240	0.045455
187	328	0.047619
187	338	0.050000
187	365	0.052632
187	366	0.047619
187	392	0.047619
187	394	0.052632
187	411	0.055556
187	444	0.055556
187	452	0.055556
188	9	0.019608
188	13	0.016667
188	19	0.007299
188	25	0.007143
188	32	0.009174
188	36	0.012658
188	40	0.011628
188	52	0.013514
188	79	0.021739
188	80	0.016393
188	88	0.026316
188	114	0.023256
188	116	0.024390
188	126	0.023810
188	127	0.027027
188	156	0.031250
188	157	0.025641
188	168	0.040000
188	200	0.043478
188	233	0.045455
188	262	0.041667
188	266	0.043478
188	274	0.045455
188	312	0.047619
188	331	0.050000
188	332	0.047619
188	335	0.045455
188	368	0.055556
188	428	0.055556
188	444	0.055556
188	448	0.052632
188	453	0.055556
189	15	0.011905
189	20	0.008264
189	23	0.007353
189	26	0.010101
189	27	0.008547
189	29	0.008696
189	31	0.012048
189	45	0.010638
189	54	0.016393
189	55	0.015873
189	60	0.015152
189	77	0.015873
189	80	0.016393
189	81	0.020408
189	88	0.026316
189	94	0.021277
189	154	0.033333
189	159	0.034483
189	228	0.041667
189	232	0.035714
189	241	0.040000
189	243	0.040000
189	254	0.043478
189	297	0.045455
189	415	0.055556
189	421	0.055556
190	4	0.010638
190	28	0.008772
190	32	0.009174
190	38	0.017857
190	49	0.013514
190	55	0.015873
190	56	0.014085
190	59	0.016129
190	63	0.014925
190	76	0.023810
190	81	0.020408
190	110	0.024390
190	111	0.020833
190	118	0.025641
190	141	0.023810
190	143	0.025641
190	175	0.031250
190	185	0.032258
190	201	0.034483
190	209	0.034483
190	235	0.037037
190	237	0.038462
190	260	0.043478
190	268	0.041667
190	318	0.043478
190	332	0.047619
190	388	0.052632
190	390	0.041667
190	397	0.045455
190	425	0.052632
190	443	0.055556
190	444	0.055556
191	11	0.016393
191	17	0.019608
191	20	0.008264
191	22	0.008333
191	23	0.007353
191	32	0.009174
191	59	0.016129
191	60	0.015152
191	76	0.023810
191	85	0.023810
191	91	0.019231
191	111	0.020833
191	113	0.023256
191	119	0.023810
191	121	0.022222
191	131	0.023256
191	158	0.037037
191	166	0.033333
191	210	0.038462
191	236	0.037037
191	251	0.040000
191	295	0.047619
191	327	0.041667
191	352	0.055556
191	387	0.050000
191	420	0.055556
191	443	0.055556
192	19	0.007299
192	26	0.010101
192	30	0.010870
192	35	0.010204
192	43	0.018868
192	53	0.017544
192	59	0.016129
192	76	0.023810
192	77	0.015873
192	86	0.027027
192	94	0.021277
192	117	0.027778
192	134	0.031250
192	137	0.031250
192	161	0.030303
192	162	0.037037
192	175	0.031250
192	186	0.037037
192	206	0.033333
192	213	0.043478
192	224	0.045455
192	240	0.045455
192	243	0.040000
192	280	0.037037
192	303	0.052632
192	332	0.047619
192	362	0.043478
193	8	0.020408
193	26	0.010101
193	28	0.008772
193	41	0.012987
193	42	0.012821
193	45	0.010638
193	46	0.012500
193	48	0.016129
193	55	0.015873
193	60	0.015152
193	67	0.021739
193	87	0.021277
193	107	0.021277
193	114	0.023256
193	130	0.033333
193	149	0.040000
193	171	0.030303
193	179	0.026316
193	226	0.038462
193	233	0.045455
193	243	0.040000
193	248	0.034483
193	249	0.045455
193	250	0.041667
193	251	0.040000
193	263	0.040000
193	274	0.045455
193	282	0.047619
193	311	0.047619
193	334	0.043478
193	353	0.050000
193	364	0.052632
193	387	0.050000
193	396	0.052632
193	450	0.055556
194	7	0.017857
194	22	0.008333
194	23	0.007353
194	24	0.009615
194	25	0.007143
194	34	0.014085
194	37	0.012048
194	48	0.016129
194	50	0.011494
194	57	0.013889
194	67	0.021739
194	76	0.023810
194	77	0.015873
194	90	0.022727
194	143	0.025641
194	144	0.024390
194	157	0.025641
194	174	0.033333
194	206	0.033333
194	210	0.038462
194	217	0.041667
194	249	0.045455
194	253	0.034483
194	257	0.038462
194	264	0.043478
194	290	0.037037
194	313	0.047619
194	354	0.047619
194	407	0.055556
194	434	0.055556
195	0	0.007246
195	1	0.020408
195	24	0.009615
195	26	0.010101
195	27	0.008547
195	30	0.010870
195	33	0.008197
195	34	0.014085
195	39	0.011628
195	59	0.016129
195	65	0.012658
195	84	0.020000
195	86	0.027027
195	90	0.022727
195	105	0.025641
195	122	0.027778
195	126	0.023810
195	156	0.031250
195	205	0.027778
195	211	0.043478
195	291	0.050000
195	314	0.055556
195	345	0.045455
195	349	0.050000
195	353	0.050000
196	2	0.015625
196	19	0.007299
196	26	0.010101
196	37	0.012048
196	50	0.011494
196	52	0.013514
196	57	0.013889
196	62	0.017857
196	87	0.021277
196	90	0.022727
196	93	0.023810
196	110	0.024390
196	116	0.024390
196	136	0.028571
196	145	0.029412
196	146	0.029412
196	180	0.038462
196	183	0.030303
196	197	0.041667
196	236	0.037037
196	265	0.045455
196	322	0.043478
196	324	0.038462
196	352	0.055556
196	378	0.047619
196	381	0.055556
196	454	0.055556
197	29	0.008696
197	46	0.012500
197	49	0.013514
197	50	0.011494
197	70	0.016667
197	82	0.022727
197	87	0.021277
197	89	0.021277
197	96	0.022222
197	98	0.024390
197	109	0.024390
197	112	0.024390
197	114	0.023256
197	121	0.022222
197	129	0.033333
197	163	0.031250
197	167	0.038462
197	196	0.037037
197	235	0.037037
197	255	0.034483
197	265	0.045455
197	330	0.043478
197	381	0.055556
197	412	0.052632
198	1	0.020408
198	22	0.008333
198	24	0.009615
198	26	0.010101
198	33	0.008197
198	34	0.014085
198	45	0.010638
198	49	0.013514
198	94	0.021277
198	100	0.028571
198	109	0.024390
198	112	0.024390
198	115	0.024390
198	133	0.030303
198	142	0.030303
198	148	0.031250
198	172	0.032258
198	178	0.035714
198	204	0.040000
198	248	0.034483
198	260	0.043478
198	269	0.035714
198	272	0.038462
198	328	0.047619
198	336	0.050000
198	337	0.050000
198	353	0.050000
198	379	0.050000
198	381	0.055556
198	390	0.041667
198	396	0.052632
198	409	0.050000
199	0	0.007246
199	6	0.013699
199	19	0.007299
199	30	0.010870
199	51	0.015385
199	65	0.012658
199	68	0.020408
199	70	0.016667
199	80	0.016393
199	89	0.021277
199	95	0.022222
199	118	0.025641
199	129	0.033333
199	133	0.030303
199	147	0.027778
199	155	0.029412
199	159	0.034483
199	185	0.032258
199	249	0.045455
199	282	0.047619
199	298	0.041667
199	315	0.052632
199	348	0.050000
199	349	0.050000
199	357	0.050000
199	411	0.055556
199	428	0.055556
200	1	0.020408
200	8	0.020408
200	21	0.007042
200	25	0.007143
200	27	0.008547
200	30	0.010870
200	31	0.012048
200	33	0.008197
200	44	0.014286
200	49	0.013514
200	55	0.015873
200	59	0.016129
200	70	0.016667
200	89	0.021277
200	98	0.024390
200	146	0.029412
200	167	0.038462
200	188	0.031250
200	225	0.040000
200	291	0.050000
200	381	0.055556
200	395	0.047619
200	438	0.052632
201	0	0.007246
201	9	0.019608
201	10	0.014706
201	19	0.007299
201	20	0.008264
201	22	0.008333
201	25	0.007143
201	37	0.012048
201	60	0.015152
201	85	0.023810
201	91	0.019231
201	109	0.024390
201	120	0.030303
201	132	0.025641
201	141	0.023810
201	157	0.025641
201	174	0.033333
201	190	0.031250
201	216	0.037037
201	241	0.040000
201	265	0.045455
201	269	0.035714
201	300	0.032258
201	305	0.038462
201	316	0.038462
201	320	0.047619
201	337	0.050000
201	344	0.047619
201	390	0.041667
202	3	0.015152
202	18	0.015625
202	19	0.007299
202	25	0.007143
202	32	0.009174
202	50	0.011494
202	59	0.016129
202	63	0.014925
202	70	0.016667
202	83	0.020408
202	103	0.030303
202	104	0.026316
202	106	0.020408
202	109	0.024390
202	147	0.027778
202	157	0.025641
202	159	0.034483
202	175	0.031250
202	217	0.041667
202	237	0.038462
202	277	0.038462
202	284	0.043478
202	304	0.043478
202	322	0.043478
202	329	0.052632
202	360	0.050000
202	380	0.047619
202	385	0.052632
202	420	0.055556
203	0	0.007246
203	25	0.007143
203	29	0.008696
203	30	0.010870
203	33	0.008197
203	35	0.010204
203	36	0.012658
203	39	0.011628
203	47	0.016949
203	49	0.013514
203	56	0.014085
203	74	0.025641
203	92	0.019608
203	121	0.022222
203	138	0.034483
203	161	0.030303
203	171	0.030303
203	172	0.032258
203	208	0.038462
203	265	0.045455
203	266	0.043478
203	269	0.035714
203	300	0.032258
203	330	0.043478
203	358	0.050000
203	375	0.047619
203	376	0.050000
203	389	0.050000
203	398	0.050000
203	399	0.050000
203	401	0.043478
203	404	0.047619
203	406	0.052632
203	430	0.055556
204	3	0.015152
204	13	0.016667
204	20	0.008264
204	33	0.008197
204	35	0.010204
204	38	0.017857
204	63	0.014925
204	65	0.012658
204	69	0.021739
204	78	0.020408
204	80	0.016393
204	97	0.021277
204	100	0.028571
204	107	0.021277
204	108	0.030303
204	124	0.023810
204	171	0.030303
204	198	0.031250
204	206	0.033333
204	212	0.041667
204	214	0.032258
204	290	0.037037
204	307	0.047619
204	371	0.047619
204	402	0.052632
205	0	0.007246
205	10	0.014706
205	21	0.007042
205	23	0.007353
205	25	0.007143
205	42	0.012821
205	46	0.012500
205	51	0.015385
205	95	0.022222
205	111	0.020833
205	114	0.023256
205	121	0.022222
205	122	0.027778
205	136	0.028571
205	143	0.025641
205	160	0.026316
205	181	0.033333
205	195	0.040000
205	213	0.043478
205	236	0.037037
205	258	0.041667
205	296	0.052632
205	303	0.052632
205	311	0.047619
205	313	0.047619
205	314	0.055556
205	334	0.043478
205	356	0.045455
205	397	0.045455
205	399	0.050000
205	412	0.052632
205	426	0.052632
205	427	0.052632
205	436	0.055556
205	447	0.055556
205	450	0.055556
206	1	0.020408
206	6	0.013699
206	7	0.017857
206	20	0.008264
206	29	0.008696
206	42	0.012821
206	45	0.010638
206	56	0.014085
206	124	0.023810
206	130	0.033333
206	140	0.035714
206	151	0.032258
206	171	0.030303
206	175	0.031250
206	184	0.031250
206	192	0.037037
206	194	0.033333
206	204	0.040000
206	224	0.045455
206	236	0.037037
206	290	0.037037
206	292	0.040000
206	297	0.045455
206	309	0.047619
206	310	0.040000
206	358	0.050000
206	366	0.047619
206	381	0.055556
206	387	0.050000
206	440	0.055556
207	9	0.019608
207	21	0.007042
207	22	0.008333
207	25	0.007143
207	38	0.017857
207	68	0.020408
207	76	0.023810
207	87	0.021277
207	93	0.023810
207	94	0.021277
207	97	0.021277
207	99	0.031250
207	102	0.024390
207	109	0.024390
207	127	0.027027
207	153	0.033333
207	156	0.031250
207	179	0.026316
207	216	0.037037
207	237	0.038462
207	282	0.047619
207	301	0.050000
207	324	0.038462
207	388	0.052632
207	432	0.055556
207	438	0.052632
207	442	0.055556
208	1	0.020408
208	15	0.011905
208	18	0.015625
208	25	0.007143
208	27	0.008547
208	28	0.008772
208	29	0.008696
208	34	0.014085
208	40	0.011628
208	42	0.012821
208	48	0.016129
208	54	0.016393
208	79	0.021739
208	115	0.024390
208	133	0.030303
208	155	0.029412
208	180	0.038462
208	203	0.029412
208	236	0.037037
208	237	0.038462
208	264	0.043478
208	283	0.043478
208	285	0.043478
208	288	0.041667
208	391	0.055556
208	426	0.052632
209	6	0.013699
209	7	0.017857
209	17	0.019608
209	26	0.010101
209	29	0.008696
209	33	0.008197
209	54	0.016393
209	70	0.016667
209	71	0.021739
209	80	0.016393
209	123	0.029412
209	135	0.028571
209	139	0.026316
209	161	0.030303
209	175	0.031250
209	181	0.033333
209	185	0.032258
209	190	0.031250
209	217	0.041667
209	252	0.043478
209	264	0.043478
209	302	0.052632
209	325	0.047619
209	341	0.055556
209	350	0.055556
209	371	0.047619
209	373	0.052632
209	387	0.050000
209	390	0.041667
210	6	0.013699
210	13	0.016667
210	14	0.012346
210	19	0.007299
210	25	0.007143
210	39	0.011628
210	70	0.016667
210	77	0.015873
210	92	0.019608
210	98	0.024390
210	113	0.023256
210	116	0.024390
210	130	0.033333
210	144	0.024390
210	154	0.033333
210	169	0.034483
210	191	0.037037
210	194	0.033333
210	218	0.032258
210	258	0.041667
210	286	0.052632
210	302	0.052632
210	316	0.038462
210	320	0.047619
210	400	0.052632
210	434	0.055556
211	22	0.008333
211	27	0.008547
211	28	0.008772
211	31	0.012048
211	32	0.009174
211	36	0.012658
211	38	0.017857
211	39	0.011628
211	48	0.016129
211	50	0.011494
211	56	0.014085
211	64	0.016949
211	72	0.023256
211	90	0.022727
211	121	0.022222
211	125	0.028571
211	172	0.032258
211	195	0.040000
211	229	0.041667
211	276	0.043478
211	304	0.043478
211	323	0.055556
211	350	0.055556
212	0	0.007246
212	1	0.020408
212	2	0.015625
212	6	0.013699
212	12	0.045455
212	25	0.007143
212	28	0.008772
212	41	0.012987
212	57	0.013889
212	69	0.021739
212	76	0.023810
212	78	0.020408
212	96	0.022222
212	98	0.024390
212	118	0.025641
212	119	0.023810
212	134	0.031250
212	204	0.040000
212	281	0.040000
212	329	0.052632
212	384	0.050000
212	444	0.055556
212	446	0.055556
212	449	0.055556
213	7	0.017857
213	8	0.020408
213	10	0.014706
213	21	0.007042
213	37	0.012048
213	41	0.012987
213	61	0.018868
213	77	0.015873
213	81	0.020408
213	83	0.020408
213	95	0.022222
213	98	0.024390
213	108	0.030303
213	150	0.034483
213	157	0.025641
213	170	0.035714
213	192	0.037037
213	205	0.027778
213	216	0.037037
213	264	0.043478
213	283	0.043478
213	308	0.050000
213	312	0.047619
214	20	0.008264
214	21	0.007042
214	41	0.012987
214	49	0.013514
214	58	0.016393
214	65	0.012658
214	83	0.020408
214	88	0.026316
214	92	0.019608
214	95	0.022222
214	96	0.022222
214	101	0.024390
214	107	0.021277
214	118	0.025641
214	172	0.032258
214	179	0.026316
214	182	0.034483
214	204	0.040000
214	257	0.038462
214	283	0.043478
214	316	0.038462
214	324	0.038462
214	343	0.052632
214	360	0.050000
214	394	0.052632
214	395	0.047619
214	410	0.050000
214	413	0.055556
214	427	0.052632
214	440	0.055556
214	454	0.055556
215	4	0.010638
215	21	0.007042
215	29	0.008696
215	37	0.012048
215	42	0.012821
215	43	0.018868
215	44	0.014286
215	58	0.016393
215	64	0.016949
215	77	0.015873
215	81	0.020408
215	89	0.021277
215	106	0.020408
215	121	0.022222
215	134	0.031250
215	147	0.027778
215	148	0.031250
215	179	0.026316
215	226	0.038462
215	270	0.041667
215	272	0.038462
215	304	0.043478
215	317	0.040000
215	349	0.050000
215	439	0.055556
216	0	0.007246
216	9	0.019608
216	11	0.016393
216	13	0.016667
216	18	0.015625
216	31	0.012048
216	47	0.016949
216	53	0.017544
216	69	0.021739
216	84	0.020000
216	89	0.021277
216	101	0.024390
216	118	0.025641
216	127	0.027027
216	148	0.031250
216	201	0.034483
216	207	0.037037
216	213	0.043478
216	244	0.035714
216	279	0.038462
216	329	0.052632
216	342	0.052632
216	365	0.052632
216	369	0.047619
216	405	0.052632
216	407	0.055556
216	450	0.055556
217	0	0.007246
217	24	0.009615
217	28	0.008772
217	37	0.012048
217	42	0.012821
217	50	0.011494
217	54	0.016393
217	57	0.013889
217	69	0.021739
217	75	0.025000
217	81	0.020408
217	132	0.025641
217	140	0.035714
217	165	0.029412
217	178	0.035714
217	194	0.033333
217	202	0.034483
217	209	0.034483
217	280	0.037037
217	281	0.040000
217	282	0.047619
217	324	0.038462
217	336	0.050000
217	422	0.055556
218	0	0.007246
218	10	0.014706
218	17	0.019608
218	21	0.007042
218	24	0.009615
218	26	0.010101
218	27	0.008547
218	32	0.009174
218	65	0.012658
218	69	0.021739
218	73	0.023810
218	75	0.025000
218	101	0.024390
218	142	0.030303
218	158	0.037037
218	160	0.026316
218	185	0.032258
218	210	0.038462
218	252	0.043478
218	270	0.041667
218	281	0.040000
218	310	0.040000
218	315	0.052632
218	333	0.041667
218	342	0.052632
218	350	0.055556
218	370	0.052632
218	371	0.047619
218	404	0.047619
218	408	0.055556
218	414	0.047619
219	1	0.020408
219	3	0.015152
219	19	0.007299
219	21	0.007042
219	27	0.008547
219	40	0.011628
219	42	0.012821
219	61	0.018868
219	68	0.020408
219	77	0.015873
219	91	0.019231
219	95	0.022222
219	111	0.020833
219	112	0.024390
219	114	0.023256
219	115	0.024390
219	170	0.035714
219	172	0.032258
219	250	0.041667
219	259	0.045455
219	278	0.041667
219	296	0.052632
219	306	0.041667
219	323	0.055556
219	342	0.052632
219	422	0.055556
219	435	0.055556
219	436	0.055556
220	9	0.019608
220	17	0.019608
220	24	0.009615
220	25	0.007143
220	32	0.009174
220	34	0.014085
220	42	0.012821
220	45	0.010638
220	48	0.016129
220	50	0.011494
220	81	0.020408
220	87	0.021277
220	92	0.019608
220	95	0.022222
220	124	0.023810
220	138	0.034483
220	150	0.034483
220	172	0.032258
220	221	0.034483
220	251	0.040000
220	265	0.045455
220	284	0.043478
220	287	0.041667
220	291	0.050000
220	306	0.041667
220	330	0.043478
220	337	0.050000
220	359	0.050000
220	407	0.055556
220	423	0.055556
220	435	0.055556
221	4	0.010638
221	5	0.023256
221	6	0.013699
221	11	0.016393
221	15	0.011905
221	19	0.007299
221	20	0.008264
221	23	0.007353
221	32	0.009174
221	47	0.016949
221	48	0.016129
221	60	0.015152
221	63	0.014925
221	85	0.023810
221	117	0.027778
221	127	0.027027
221	146	0.029412
221	220	0.032258
221	235	0.037037
221	238	0.035714
221	244	0.035714
221	249	0.045455
221	277	0.038462
221	360	0.050000
221	391	0.055556
221	393	0.052632
221	416	0.047619
221	423	0.055556
221	454	0.055556
222	14	0.012346
222	23	0.007353
222	30	0.010870
222	32	0.009174
222	37	0.012048
222	40	0.011628
222	42	0.012821
222	45	0.010638
222	48	0.016129
222	65	0.012658
222	80	0.016393
222	96	0.022222
222	99	0.031250
222	107	0.021277
222	124	0.023810
222	141	0.023810
222	175	0.031250
222	181	0.033333
222	236	0.037037
222	267	0.043478
222	281	0.040000
222	286	0.052632
222	305	0.038462
222	313	0.047619
222	322	0.043478
222	339	0.050000
222	340	0.043478
222	362	0.043478
222	368	0.055556
222	370	0.052632
222	371	0.047619
222	379	0.050000
222	416	0.047619
222	418	0.050000
222	419	0.050000
222	422	0.055556
222	445	0.055556
222	452	0.055556
223	13	0.016667
223	15	0.011905
223	19	0.007299
223	21	0.007042
223	29	0.008696
223	36	0.012658
223	47	0.016949
223	63	0.014925
223	68	0.020408
223	71	0.021739
223	92	0.019608
223	118	0.025641
223	120	0.030303
223	125	0.028571
223	131	0.023256
223	137	0.031250
223	138	0.034483
223	170	0.035714
223	232	0.035714
223	247	0.050000
223	250	0.041667
223	251	0.040000
223	362	0.043478
223	387	0.050000
223	396	0.052632
223	402	0.052632
223	405	0.052632
223	427	0.052632
223	431	0.055556
223	439	0.055556
224	20	0.008264
224	23	0.007353
224	27	0.008547
224	28	0.008772
224	29	0.008696
224	40	0.011628
224	51	0.015385
224	60	0.015152
224	66	0.026316
224	80	0.016393
224	81	0.020408
224	90	0.022727
224	102	0.024390
224	128	0.025641
224	155	0.029412
224	164	0.034483
224	192	0.037037
224	206	0.033333
224	227	0.045455
224	282	0.047619
224	340	0.043478
224	424	0.055556
225	1	0.020408
225	4	0.010638
225	10	0.014706
225	19	0.007299
225	21	0.007042
225	30	0.010870
225	33	0.008197
225	35	0.010204
225	51	0.015385
225	60	0.015152
225	64	0.016949
225	70	0.016667
225	76	0.023810
225	82	0.022727
225	87	0.021277
225	92	0.019608
225	99	0.031250
225	200	0.043478
225	302	0.052632
225	347	0.047619
225	359	0.050000
225	381	0.055556
225	397	0.045455
225	405	0.052632
225	429	0.055556
226	6	0.013699
226	23	0.007353
226	25	0.007143
226	38	0.017857
226	41	0.012987
226	51	0.015385
226	53	0.017544
226	63	0.014925
226	79	0.021739
226	87	0.021277
226	94	0.021277
226	98	0.024390
226	108	0.030303
226	123	0.029412
226	131	0.023256
226	144	0.024390
226	193	0.028571
226	215	0.040000
226	270	0.041667
226	296	0.052632
226	341	0.055556
226	373	0.052632
226	411	0.055556
226	416	0.047619
226	425	0.052632
226	435	0.055556
227	2	0.015625
227	10	0.014706
227	21	0.007042
227	44	0.014286
227	50	0.011494
227	63	0.014925
227	77	0.015873
227	79	0.021739
227	83	0.020408
227	96	0.022222
227	125	0.028571
227	135	0.028571
227	145	0.029412
227	161	0.030303
227	167	0.038462
227	181	0.033333
227	183	0.030303
227	224	0.045455
227	238	0.035714
227	258	0.041667
227	265	0.045455
227	290	0.037037
228	11	0.016393
228	19	0.007299
228	29	0.008696
228	35	0.010204
228	48	0.016129
228	49	0.013514
228	55	0.015873
228	60	0.015152
228	94	0.021277
228	104	0.026316
228	106	0.020408
228	107	0.021277
228	112	0.024390
228	116	0.024390
228	132	0.025641
228	138	0.034483
228	177	0.041667
228	189	0.038462
228	294	0.052632
228	317	0.040000
228	323	0.055556
228	325	0.047619
228	423	0.055556
228	451	0.052632
229	1	0.020408
229	11	0.016393
229	14	0.012346
229	19	0.007299
229	22	0.008333
229	26	0.010101
229	32	0.009174
229	39	0.011628
229	49	0.013514
229	53	0.017544
229	59	0.016129
229	65	0.012658
229	70	0.016667
229	94	0.021277
229	95	0.022222
229	145	0.029412
229	153	0.033333
229	211	0.043478
229	263	0.040000
229	328	0.047619
229	338	0.050000
229	366	0.047619
229	390	0.041667
229	417	0.050000
230	9	0.019608
230	11	0.016393
230	13	0.016667
230	14	0.012346
230	21	0.007042
230	22	0.008333
230	24	0.009615
230	28	0.008772
230	31	0.012048
230	35	0.010204
230	45	0.010638
230	50	0.011494
230	77	0.015873
230	87	0.021277
230	115	0.024390
230	121	0.022222
230	126	0.023810
230	154	0.033333
230	270	0.041667
230	292	0.040000
230	342	0.052632
230	346	0.050000
230	359	0.050000
230	379	0.050000
230	395	0.047619
230	429	0.055556
231	6	0.013699
231	10	0.014706
231	25	0.007143
231	28	0.008772
231	31	0.012048
231	32	0.009174
231	48	0.016129
231	49	0.013514
231	60	0.015152
231	64	0.016949
231	69	0.021739
231	77	0.015873
231	87	0.021277
231	97	0.021277
231	100	0.028571
231	112	0.024390
231	118	0.025641
231	139	0.026316
231	289	0.038462
231	292	0.040000
231	317	0.040000
231	338	0.050000
231	355	0.045455
232	6	0.013699
232	26	0.010101
232	29	0.008696
232	46	0.012500
232	50	0.011494
232	61	0.018868
232	62	0.017857
232	65	0.012658
232	89	0.021277
232	90	0.022727
232	131	0.023256
232	141	0.023810
232	145	0.029412
232	155	0.029412
232	161	0.030303
232	186	0.037037
232	189	0.038462
232	223	0.033333
232	276	0.043478
232	280	0.037037
232	313	0.047619
232	322	0.043478
232	366	0.047619
232	377	0.055556
232	386	0.052632
232	414	0.047619
232	426	0.052632
232	427	0.052632
233	7	0.017857
233	15	0.011905
233	19	0.007299
233	21	0.007042
233	24	0.009615
233	36	0.012658
233	38	0.017857
233	60	0.015152
233	64	0.016949
233	93	0.023810
233	97	0.021277
233	102	0.024390
233	105	0.025641
233	126	0.023810
233	150	0.034483
233	165	0.029412
233	188	0.031250
233	193	0.028571
233	240	0.045455
233	327	0.041667
233	391	0.055556
233	404	0.047619
234	0	0.007246
234	14	0.012346
234	15	0.011905
234	16	0.032258
234	17	0.019608
234	23	0.007353
234	25	0.007143
234	30	0.010870
234	31	0.012048
234	37	0.012048
234	57	0.013889
234	88	0.026316
234	92	0.019608
234	93	0.023810
234	99	0.031250
234	113	0.023256
234	159	0.034483
234	179	0.026316
234	288	0.041667
234	346	0.050000
234	388	0.052632
235	3	0.015152
235	6	0.013699
235	7	0.017857
235	15	0.011905
235	21	0.007042
235	33	0.008197
235	44	0.014286
235	51	0.015385
235	65	0.012658
235	106	0.020408
235	124	0.023810
235	132	0.025641
235	150	0.034483
235	162	0.037037
235	170	0.035714
235	190	0.031250
235	197	0.041667
235	221	0.034483
235	248	0.034483
235	254	0.043478
235	255	0.034483
235	330	0.043478
235	351	0.052632
235	371	0.047619
235	412	0.052632
235	435	0.055556
235	439	0.055556
236	4	0.010638
236	30	0.010870
236	31	0.012048
236	32	0.009174
236	45	0.010638
236	53	0.017544
236	58	0.016393
236	70	0.016667
236	71	0.021739
236	85	0.023810
236	102	0.024390
236	167	0.038462
236	191	0.037037
236	196	0.037037
236	205	0.027778
236	206	0.033333
236	208	0.038462
236	222	0.026316
236	266	0.043478
236	275	0.041667
236	282	0.047619
236	285	0.043478
236	347	0.047619
236	401	0.043478
236	404	0.047619
236	405	0.052632
236	413	0.055556
237	16	0.032258
237	28	0.008772
237	32	0.009174
237	36	0.012658
237	54	0.016393
237	59	0.016129
237	61	0.018868
237	68	0.020408
237	90	0.022727
237	92	0.019608
237	98	0.024390
237	135	0.028571
237	181	0.033333
237	182	0.034483
237	190	0.031250
237	202	0.034483
237	207	0.037037
237	208	0.038462
237	243	0.040000
237	251	0.040000
237	282	0.047619
237	284	0.043478
237	285	0.043478
237	333	0.041667
237	337	0.050000
237	403	0.047619
238	2	0.015625
238	3	0.015152
238	17	0.019608
238	22	0.008333
238	27	0.008547
238	34	0.014085
238	35	0.010204
238	41	0.012987
238	42	0.012821
238	45	0.010638
238	84	0.020000
238	91	0.019231
238	100	0.028571
238	121	0.022222
238	125	0.028571
238	143	0.025641
238	221	0.034483
238	227	0.045455
238	255	0.034483
238	256	0.050000
238	318	0.043478
238	326	0.050000
238	346	0.050000
238	364	0.052632
238	368	0.055556
238	378	0.047619
238	383	0.045455
238	409	0.050000
239	1	0.020408
239	14	0.012346
239	18	0.015625
239	20	0.008264
239	30	0.010870
239	31	0.012048
239	34	0.014085
239	37	0.012048
239	49	0.013514
239	50	0.011494
239	57	0.013889
239	58	0.016393
239	65	0.012658
239	95	0.022222
239	125	0.028571
239	137	0.031250
239	146	0.029412
239	178	0.035714
239	257	0.038462
239	261	0.043478
239	263	0.040000
239	282	0.047619
239	292	0.040000
239	294	0.052632
239	307	0.047619
239	362	0.043478
239	364	0.052632
239	431	0.055556
240	3	0.015152
240	5	0.023256
240	8	0.020408
240	10	0.014706
240	11	0.016393
240	26	0.010101
240	45	0.010638
240	52	0.013514
240	53	0.017544
240	77	0.015873
240	97	0.021277
240	101	0.024390
240	141	0.023810
240	154	0.033333
240	166	0.033333
240	187	0.035714
240	192	0.037037
240	233	0.045455
240	268	0.041667
240	274	0.045455
240	279	0.038462
240	320	0.047619
241	22	0.008333
241	23	0.007353
241	33	0.008197
241	39	0.011628
241	40	0.011628
241	50	0.011494
241	51	0.015385
241	52	0.013514
241	53	0.017544
241	114	0.023256
241	131	0.023256
241	135	0.028571
241	142	0.030303
241	144	0.024390
241	167	0.038462
241	185	0.032258
241	189	0.038462
241	201	0.034483
241	301	0.050000
241	354	0.047619
241	376	0.050000
241	379	0.050000
241	410	0.050000
241	416	0.047619
241	428	0.055556
242	17	0.019608
242	20	0.008264
242	21	0.007042
242	22	0.008333
242	26	0.010101
242	33	0.008197
242	61	0.018868
242	66	0.026316
242	84	0.020000
242	88	0.026316
242	109	0.024390
242	114	0.023256
242	118	0.025641
242	143	0.025641
242	162	0.037037
242	165	0.029412
242	172	0.032258
242	175	0.031250
242	266	0.043478
242	299	0.043478
242	308	0.050000
242	314	0.055556
242	329	0.052632
242	347	0.047619
242	348	0.050000
242	378	0.047619
242	404	0.047619
242	449	0.055556
242	455	0.055556
243	15	0.011905
243	37	0.012048
243	51	0.015385
243	57	0.013889
243	67	0.021739
243	71	0.021739
243	81	0.020408
243	85	0.023810
243	88	0.026316
243	124	0.023810
243	125	0.028571
243	128	0.025641
243	143	0.025641
243	153	0.033333
243	189	0.038462
243	192	0.037037
243	193	0.028571
243	237	0.038462
243	256	0.050000
243	276	0.043478
243	296	0.052632
243	390	0.041667
243	394	0.052632
243	418	0.050000
243	424	0.055556
244	10	0.014706
244	29	0.008696
244	43	0.018868
244	49	0.013514
244	70	0.016667
244	85	0.023810
244	88	0.026316
244	95	0.022222
244	118	0.025641
244	126	0.023810
244	136	0.028571
244	144	0.024390
244	160	0.026316
244	161	0.030303
244	168	0.040000
244	171	0.030303
244	216	0.037037
244	221	0.034483
244	247	0.050000
244	256	0.050000
244	277	0.038462
244	294	0.052632
244	300	0.032258
244	329	0.052632
244	357	0.050000
244	393	0.052632
244	439	0.055556
244	444	0.055556
245	14	0.012346
245	23	0.007353
245	25	0.007143
245	35	0.010204
245	55	0.015873
245	62	0.017857
245	93	0.023810
245	94	0.021277
245	95	0.022222
245	113	0.023256
245	121	0.022222
245	132	0.025641
245	137	0.031250
245	148	0.031250
245	155	0.029412
245	157	0.025641
245	162	0.037037
245	185	0.032258
245	247	0.050000
245	250	0.041667
245	253	0.034483
245	269	0.035714
245	274	0.045455
245	287	0.041667
245	313	0.047619
245	317	0.040000
245	324	0.038462
245	430	0.055556
246	1	0.020408
246	11	0.016393
246	15	0.011905
246	20	0.008264
246	50	0.011494
246	59	0.016129
246	60	0.015152
246	62	0.017857
246	69	0.021739
246	88	0.026316
246	94	0.021277
246	98	0.024390
246	122	0.027778
246	124	0.023810
246	131	0.023256
246	139	0.026316
246	165	0.029412
246	173	0.035714
246	257	0.038462
246	299	0.043478
246	344	0.047619
246	358	0.050000
246	406	0.052632
246	409	0.050000
246	412	0.052632
247	4	0.010638
247	7	0.017857
247	23	0.007353
247	27	0.008547
247	30	0.010870
247	32	0.009174
247	33	0.008197
247	34	0.014085
247	45	0.010638
247	49	0.013514
247	62	0.017857
247	74	0.025641
247	134	0.031250
247	152	0.037037
247	179	0.026316
247	223	0.033333
247	244	0.035714
247	245	0.035714
247	314	0.055556
247	406	0.052632
248	0	0.007246
248	2	0.015625
248	20	0.008264
248	22	0.008333
248	25	0.007143
248	56	0.014085
248	62	0.017857
248	63	0.014925
248	69	0.021739
248	81	0.020408
248	97	0.021277
248	115	0.024390
248	124	0.023810
248	133	0.030303
248	158	0.037037
248	193	0.028571
248	198	0.031250
248	235	0.037037
248	249	0.045455
248	288	0.041667
248	303	0.052632
248	305	0.038462
248	357	0.050000
248	372	0.052632
248	393	0.052632
248	410	0.050000
248	419	0.050000
248	440	0.055556
248	453	0.055556
249	29	0.008696
249	45	0.010638
249	54	0.016393
249	59	0.016129
249	90	0.022727
249	91	0.019231
249	96	0.022222
249	97	0.021277
249	100	0.028571
249	106	0.020408
249	110	0.024390
249	111	0.020833
249	147	0.027778
249	193	0.028571
249	194	0.033333
249	199	0.037037
249	221	0.034483
249	248	0.034483
249	272	0.038462
249	369	0.047619
249	382	0.052632
249	428	0.055556
250	6	0.013699
250	10	0.014706
250	21	0.007042
250	25	0.007143
250	45	0.010638
250	51	0.015385
250	59	0.016129
250	64	0.016949
250	75	0.025000
250	85	0.023810
250	90	0.022727
250	91	0.019231
250	116	0.024390
250	144	0.024390
250	193	0.028571
250	219	0.035714
250	223	0.033333
250	245	0.035714
250	259	0.045455
250	279	0.038462
250	285	0.043478
250	294	0.052632
250	424	0.055556
250	445	0.055556
251	23	0.007353
251	26	0.010101
251	33	0.008197
251	36	0.012658
251	40	0.011628
251	52	0.013514
251	57	0.013889
251	91	0.019231
251	97	0.021277
251	98	0.024390
251	103	0.030303
251	126	0.023810
251	139	0.026316
251	191	0.037037
251	193	0.028571
251	220	0.032258
251	223	0.033333
251	237	0.038462
251	266	0.043478
251	273	0.050000
251	308	0.050000
251	331	0.050000
251	341	0.055556
251	349	0.050000
251	354	0.047619
252	23	0.007353
252	27	0.008547
252	38	0.017857
252	46	0.012500
252	48	0.016129
252	64	0.016949
252	90	0.022727
252	112	0.024390
252	117	0.027778
252	134	0.031250
252	136	0.028571
252	175	0.031250
252	178	0.035714
252	179	0.026316
252	180	0.038462
252	184	0.031250
252	209	0.034483
252	218	0.032258
252	295	0.047619
252	358	0.050000
252	382	0.052632
252	395	0.047619
252	400	0.052632
253	7	0.017857
253	10	0.014706
253	13	0.016667
253	19	0.007299
253	21	0.007042
253	26	0.010101
253	27	0.008547
253	49	0.013514
253	59	0.016129
253	68	0.020408
253	79	0.021739
253	82	0.022727
253	102	0.024390
253	104	0.026316
253	132	0.025641
253	135	0.028571
253	194	0.033333
253	245	0.035714
253	267	0.043478
253	269	0.035714
253	287	0.041667
253	293	0.043478
253	297	0.045455
253	303	0.052632
253	327	0.041667
253	359	0.050000
253	399	0.050000
253	441	0.050000
253	451	0.052632
254	6	0.013699
254	23	0.007353
254	25	0.007143
254	28	0.008772
254	32	0.009174
254	45	0.010638
254	52	0.013514
254	91	0.019231
254	103	0.030303
254	113	0.023256
254	141	0.023810
254	145	0.029412
254	146	0.029412
254	149	0.040000
254	163	0.031250
254	181	0.033333
254	189	0.038462
254	235	0.037037
254	257	0.038462
254	300	0.032258
254	303	0.052632
254	348	0.050000
254	361	0.041667
255	4	0.010638
255	19	0.007299
255	20	0.008264
255	35	0.010204
255	50	0.011494
255	56	0.014085
255	61	0.018868
255	63	0.014925
255	66	0.026316
255	83	0.020408
255	91	0.019231
255	107	0.021277
255	160	0.026316
255	167	0.038462
255	184	0.031250
255	197	0.041667
255	235	0.037037
255	238	0.035714
255	285	0.043478
255	288	0.041667
255	336	0.050000
255	341	0.055556
255	343	0.052632
255	360	0.050000
255	376	0.050000
255	381	0.055556
255	392	0.047619
255	429	0.055556
255	452	0.055556
256	0	0.007246
256	5	0.023256
256	15	0.011905
256	23	0.007353
256	25	0.007143
256	38	0.017857
256	50	0.011494
256	53	0.017544
256	55	0.015873
256	64	0.016949
256	74	0.025641
256	77	0.015873
256	121	0.022222
256	127	0.027027
256	148	0.031250
256	238	0.035714
256	243	0.040000
256	244	0.035714
256	286	0.052632
256	446	0.055556
257	0	0.007246
257	4	0.010638
257	19	0.007299
257	23	0.007353
257	39	0.011628
257	48	0.016129
257	58	0.016393
257	70	0.016667
257	84	0.020000
257	87	0.021277
257	90	0.022727
257	121	0.022222
257	126	0.023810
257	194	0.033333
257	214	0.032258
257	239	0.035714
257	246	0.040000
257	254	0.043478
257	270	0.041667
257	291	0.050000
257	309	0.047619
257	353	0.050000
257	356	0.045455
257	380	0.047619
257	440	0.055556
257	447	0.055556
258	3	0.015152
258	14	0.012346
258	16	0.032258
258	18	0.015625
258	26	0.010101
258	27	0.008547
258	36	0.012658
258	39	0.011628
258	45	0.010638
258	56	0.014085
258	79	0.021739
258	116	0.024390
258	123	0.029412
258	127	0.027027
258	147	0.027778
258	205	0.027778
258	210	0.038462
258	227	0.045455
258	270	0.041667
258	283	0.043478
258	379	0.050000
258	382	0.052632
258	429	0.055556
258	430	0.055556
259	6	0.013699
259	26	0.010101
259	27	0.008547
259	28	0.008772
259	45	0.010638
259	49	0.013514
259	54	0.016393
259	62	0.017857
259	65	0.012658
259	79	0.021739
259	85	0.023810
259	95	0.022222
259	96	0.022222
259	107	0.021277
259	120	0.030303
259	148	0.031250
259	219	0.035714
259	250	0.041667
259	335	0.045455
259	367	0.043478
259	377	0.055556
259	403	0.047619
260	2	0.015625
260	3	0.015152
260	14	0.012346
260	18	0.015625
260	27	0.008547
260	41	0.012987
260	47	0.016949
260	57	0.013889
260	65	0.012658
260	77	0.015873
260	110	0.024390
260	115	0.024390
260	122	0.027778
260	123	0.029412
260	142	0.030303
260	159	0.034483
260	190	0.031250
260	198	0.031250
260	314	0.055556
260	338	0.050000
260	384	0.050000
260	387	0.050000
260	388	0.052632
261	3	0.015152
261	7	0.017857
261	23	0.007353
261	25	0.007143
261	28	0.008772
261	33	0.008197
261	38	0.017857
261	42	0.012821
261	49	0.013514
261	51	0.015385
261	82	0.022727
261	97	0.021277
261	111	0.020833
261	129	0.033333
261	141	0.023810
261	167	0.038462
261	170	0.035714
261	239	0.035714
261	277	0.038462
261	281	0.040000
261	325	0.047619
261	419	0.050000
261	441	0.050000
262	19	0.007299
262	25	0.007143
262	27	0.008547
262	29	0.008696
262	34	0.014085
262	40	0.011628
262	46	0.012500
262	57	0.013889
262	59	0.016129
262	62	0.017857
262	84	0.020000
262	111	0.020833
262	131	0.023256
262	156	0.031250
262	157	0.025641
262	161	0.030303
262	174	0.033333
262	188	0.031250
262	264	0.043478
262	317	0.040000
262	321	0.047619
262	372	0.052632
262	384	0.050000
262	386	0.052632
263	0	0.007246
263	2	0.015625
263	9	0.019608
263	16	0.032258
263	33	0.008197
263	35	0.010204
263	37	0.012048
263	63	0.014925
263	76	0.023810
263	82	0.022727
263	114	0.023256
263	128	0.025641
263	152	0.037037
263	162	0.037037
263	163	0.031250
263	193	0.028571
263	229	0.041667
263	239	0.035714
263	268	0.041667
263	274	0.045455
263	296	0.052632
263	354	0.047619
263	355	0.045455
263	377	0.055556
263	417	0.050000
264	15	0.011905
264	25	0.007143
264	30	0.010870
264	42	0.012821
264	44	0.014286
264	50	0.011494
264	52	0.013514
264	56	0.014085
264	74	0.025641
264	86	0.027027
264	92	0.019608
264	143	0.025641
264	176	0.043478
264	194	0.033333
264	208	0.038462
264	209	0.034483
264	213	0.043478
264	262	0.041667
264	279	0.038462
264	296	0.052632
264	328	0.047619
264	420	0.055556
264	454	0.055556
265	13	0.016667
265	24	0.009615
265	28	0.008772
265	32	0.009174
265	35	0.010204
265	36	0.012658
265	45	0.010638
265	62	0.017857
265	64	0.016949
265	107	0.021277
265	145	0.029412
265	155	0.029412
265	196	0.037037
265	197	0.041667
265	201	0.034483
265	203	0.029412
265	220	0.032258
265	227	0.045455
265	311	0.047619
265	345	0.045455
265	387	0.050000
265	418	0.050000
266	28	0.008772
266	35	0.010204
266	48	0.016129
266	50	0.011494
266	63	0.014925
266	64	0.016949
266	69	0.021739
266	72	0.023256
266	78	0.020408
266	94	0.021277
266	139	0.026316
266	147	0.027778
266	176	0.043478
266	188	0.031250
266	203	0.029412
266	236	0.037037
266	242	0.034483
266	251	0.040000
266	276	0.043478
266	301	0.050000
266	332	0.047619
266	363	0.052632
266	370	0.052632
267	8	0.020408
267	14	0.012346
267	21	0.007042
267	24	0.009615
267	27	0.008547
267	31	0.012048
267	52	0.013514
267	83	0.020408
267	84	0.020000
267	91	0.019231
267	101	0.024390
267	109	0.024390
267	114	0.023256
267	134	0.031250
267	135	0.028571
267	152	0.037037
267	222	0.026316
267	253	0.034483
267	294	0.052632
267	333	0.041667
267	375	0.047619
267	377	0.055556
267	393	0.052632
268	0	0.007246
268	5	0.023256
268	17	0.019608
268	29	0.008696
268	36	0.012658
268	46	0.012500
268	48	0.016129
268	50	0.011494
268	51	0.015385
268	75	0.025000
268	77	0.015873
268	82	0.022727
268	102	0.024390
268	112	0.024390
268	119	0.023810
268	190	0.031250
268	240	0.045455
268	263	0.040000
268	275	0.041667
268	286	0.052632
268	346	0.050000
268	358	0.050000
268	381	0.055556
268	392	0.047619
269	0	0.007246
269	2	0.015625
269	4	0.010638
269	11	0.016393
269	36	0.012658
269	52	0.013514
269	53	0.017544
269	83	0.020408
269	88	0.026316
269	122	0.027778
269	153	0.033333
269	154	0.033333
269	157	0.025641
269	198	0.031250
269	201	0.034483
269	203	0.029412
269	245	0.035714
269	253	0.034483
269	276	0.043478
269	279	0.038462
269	283	0.043478
269	301	0.050000
269	309	0.047619
269	320	0.047619
269	330	0.043478
269	343	0.052632
269	382	0.052632
269	416	0.047619
270	6	0.013699
270	33	0.008197
270	54	0.016393
270	59	0.016129
270	64	0.016949
270	81	0.020408
270	89	0.021277
270	113	0.023256
270	131	0.023256
270	134	0.031250
270	160	0.026316
270	178	0.035714
270	215	0.040000
270	218	0.032258
270	226	0.038462
270	230	0.038462
270	257	0.038462
270	258	0.041667
270	279	0.038462
270	326	0.050000
270	331	0.050000
270	353	0.050000
270	370	0.052632
270	404	0.047619
271	4	0.010638
271	38	0.017857
271	45	0.010638
271	47	0.016949
271	59	0.016129
271	60	0.015152
271	71	0.021739
271	72	0.023256
271	84	0.020000
271	92	0.019608
271	94	0.021277
271	99	0.031250
271	100	0.028571
271	102	0.024390
271	117	0.027778
271	130	0.033333
271	143	0.025641
271	164	0.034483
271	278	0.041667
271	305	0.038462
271	441	0.050000
272	4	0.010638
272	7	0.017857
272	12	0.045455
272	29	0.008696
272	52	0.013514
272	62	0.017857
272	66	0.026316
272	90	0.022727
272	100	0.028571
272	107	0.021277
272	115	0.024390
272	145	0.029412
272	159	0.034483
272	161	0.030303
272	183	0.030303
272	198	0.031250
272	215	0.040000
272	249	0.045455
272	275	0.041667
272	313	0.047619
272	319	0.052632
272	333	0.041667
272	347	0.047619
272	350	0.055556
272	357	0.050000
272	398	0.050000
273	3	0.015152
273	4	0.010638
273	8	0.020408
273	10	0.014706
273	14	0.012346
273	26	0.010101
273	28	0.008772
273	30	0.010870
273	36	0.012658
273	47	0.016949
273	50	0.011494
273	53	0.017544
273	127	0.027027
273	135	0.028571
273	137	0.031250
273	155	0.029412
273	177	0.041667
273	251	0.040000
273	395	0.047619
273	423	0.055556
274	19	0.007299
274	30	0.010870
274	32	0.009174
274	35	0.010204
274	39	0.011628
274	48	0.016129
274	69	0.021739
274	87	0.021277
274	106	0.020408
274	122	0.027778
274	140	0.035714
274	144	0.024390
274	184	0.031250
274	188	0.031250
274	193	0.028571
274	240	0.045455
274	245	0.035714
274	263	0.040000
274	318	0.043478
274	322	0.043478
274	418	0.050000
274	443	0.055556
275	0	0.007246
275	14	0.012346
275	25	0.007143
275	31	0.012048
275	65	0.012658
275	66	0.026316
275	79	0.021739
275	98	0.024390
275	129	0.033333
275	133	0.030303
275	135	0.028571
275	156	0.031250
275	160	0.026316
275	171	0.030303
275	179	0.026316
275	236	0.037037
275	268	0.041667
275	272	0.038462
275	328	0.047619
275	334	0.043478
275	350	0.055556
275	384	0.050000
275	410	0.050000
275	437	0.052632
276	5	0.023256
276	17	0.019608
276	23	0.007353
276	31	0.012048
276	80	0.016393
276	91	0.019231
276	92	0.019608
276	96	0.022222
276	106	0.020408
276	118	0.025641
276	139	0.026316
276	151	0.032258
276	154	0.033333
276	211	0.043478
276	232	0.035714
276	243	0.040000
276	266	0.043478
276	269	0.035714
276	277	0.038462
276	328	0.047619
276	353	0.050000
276	431	0.055556
276	451	0.052632
277	6	0.013699
277	16	0.032258
277	28	0.008772
277	31	0.012048
277	32	0.009174
277	33	0.008197
277	40	0.011628
277	48	0.016129
277	55	0.015873
277	99	0.031250
277	114	0.023256
277	120	0.030303
277	173	0.035714
277	202	0.034483
277	221	0.034483
277	244	0.035714
277	261	0.043478
277	276	0.043478
277	282	0.047619
277	314	0.055556
277	357	0.050000
277	369	0.047619
277	372	0.052632
277	406	0.052632
277	409	0.050000
277	441	0.050000
278	0	0.007246
278	6	0.013699
278	20	0.008264
278	21	0.007042
278	22	0.008333
278	27	0.008547
278	36	0.012658
278	39	0.011628
278	62	0.017857
278	68	0.020408
278	73	0.023810
278	127	0.027027
278	132	0.025641
278	141	0.023810
278	157	0.025641
278	183	0.030303
278	219	0.035714
278	271	0.047619
278	304	0.043478
278	332	0.047619
278	367	0.043478
278	385	0.052632
278	414	0.047619
278	425	0.052632
279	20	0.008264
279	25	0.007143
279	37	0.012048
279	68	0.020408
279	95	0.022222
279	97	0.021277
279	120	0.030303
279	130	0.033333
279	143	0.025641
279	150	0.034483
279	182	0.034483
279	183	0.030303
279	216	0.037037
279	240	0.045455
279	250	0.041667
279	264	0.043478
279	269	0.035714
279	270	0.041667
279	311	0.047619
279	332	0.047619
279	343	0.052632
279	345	0.045455
279	362	0.043478
279	384	0.050000
279	396	0.052632
279	450	0.055556
280	2	0.015625
280	10	0.014706
280	21	0.007042
280	25	0.007143
280	31	0.012048
280	38	0.017857
280	56	0.014085
280	89	0.021277
280	96	0.022222
280	99	0.031250
280	101	0.024390
280	117	0.027778
280	141	0.023810
280	153	0.033333
280	157	0.025641
280	192	0.037037
280	217	0.041667
280	232	0.035714
280	284	0.043478
280	299	0.043478
280	317	0.040000
280	368	0.055556
280	378	0.047619
280	383	0.045455
280	416	0.047619
280	437	0.052632
280	440	0.055556
281	0	0.007246
281	2	0.015625
281	15	0.011905
281	22	0.008333
281	45	0.010638
281	57	0.013889
281	77	0.015873
281	131	0.023256
281	132	0.025641
281	135	0.028571
281	137	0.031250
281	142	0.030303
281	153	0.033333
281	212	0.041667
281	217	0.041667
281	218	0.032258
281	222	0.026316
281	261	0.043478
281	284	0.043478
281	285	0.043478
281	290	0.037037
281	330	0.043478
281	335	0.045455
281	370	0.052632
281	422	0.055556
282	10	0.014706
282	35	0.010204
282	37	0.012048
282	43	0.018868
282	71	0.021739
282	79	0.021739
282	89	0.021277
282	108	0.030303
282	180	0.038462
282	193	0.028571
282	199	0.037037
282	207	0.037037
282	217	0.041667
282	224	0.045455
282	236	0.037037
282	237	0.038462
282	239	0.035714
282	277	0.038462
282	321	0.047619
282	405	0.052632
282	421	0.055556
283	4	0.010638
283	7	0.017857
283	8	0.020408
283	16	0.032258
283	27	0.008547
283	28	0.008772
283	37	0.012048
283	39	0.011628
283	66	0.026316
283	71	0.021739
283	77	0.015873
283	91	0.019231
283	151	0.032258
283	208	0.038462
283	213	0.043478
283	214	0.032258
283	258	0.041667
283	269	0.035714
283	290	0.037037
283	304	0.043478
283	369	0.047619
283	404	0.047619
283	421	0.055556
284	3	0.015152
284	24	0.009615
284	27	0.008547
284	30	0.010870
284	38	0.017857
284	57	0.013889
284	58	0.016393
284	59	0.016129
284	61	0.018868
284	79	0.021739
284	113	0.023256
284	141	0.023810
284	182	0.034483
284	202	0.034483
284	220	0.032258
284	237	0.038462
284	280	0.037037
284	281	0.040000
284	295	0.047619
284	355	0.045455
284	367	0.043478
284	388	0.052632
284	412	0.052632
285	0	0.007246
285	5	0.023256
285	9	0.019608
285	14	0.012346
285	39	0.011628
285	48	0.016129
285	50	0.011494
285	51	0.015385
285	69	0.021739
285	73	0.023810
285	84	0.020000
285	185	0.032258
285	208	0.038462
285	236	0.037037
285	237	0.038462
285	250	0.041667
285	255	0.034483
285	281	0.040000
285	299	0.043478
285	314	0.055556
285	411	0.055556
285	425	0.052632
285	448	0.052632
286	9	0.019608
286	15	0.011905
286	27	0.008547
286	41	0.012987
286	43	0.018868
286	56	0.014085
286	69	0.021739
286	103	0.030303
286	106	0.020408
286	111	0.020833
286	115	0.024390
286	121	0.022222
286	124	0.023810
286	151	0.032258
286	210	0.038462
286	222	0.026316
286	256	0.050000
286	268	0.041667
286	321	0.047619
287	7	0.017857
287	10	0.014706
287	13	0.016667
287	22	0.008333
287	25	0.007143
287	32	0.009174
287	56	0.014085
287	63	0.014925
287	81	0.020408
287	84	0.020000
287	92	0.019608
287	103	0.030303
287	117	0.027778
287	121	0.022222
287	156	0.031250
287	220	0.032258
287	245	0.035714
287	253	0.034483
287	294	0.052632
287	325	0.047619
287	348	0.050000
287	372	0.052632
287	375	0.047619
287	402	0.052632
288	20	0.008264
288	29	0.008696
288	33	0.008197
288	46	0.012500
288	57	0.013889
288	61	0.018868
288	63	0.014925
288	89	0.021277
288	90	0.022727
288	96	0.022222
288	100	0.028571
288	105	0.025641
288	112	0.024390
288	178	0.035714
288	208	0.038462
288	234	0.047619
288	248	0.034483
288	255	0.034483
288	303	0.052632
288	308	0.050000
288	331	0.050000
288	336	0.050000
288	348	0.050000
288	423	0.055556
289	3	0.015152
289	11	0.016393
289	20	0.008264
289	28	0.008772
289	39	0.011628
289	50	0.011494
289	56	0.014085
289	63	0.014925
289	66	0.026316
289	78	0.020408
289	93	0.023810
289	111	0.020833
289	115	0.024390
289	117	0.027778
289	136	0.028571
289	179	0.026316
289	183	0.030303
289	231	0.043478
289	310	0.040000
289	323	0.055556
289	345	0.045455
289	354	0.047619
289	392	0.047619
289	399	0.050000
289	406	0.052632
289	415	0.055556
290	0	0.007246
290	4	0.010638
290	6	0.013699
290	30	0.010870
290	33	0.008197
290	36	0.012658
290	66	0.026316
290	67	0.021739
290	72	0.023256
290	83	0.020408
290	118	0.025641
290	139	0.026316
290	194	0.033333
290	204	0.040000
290	206	0.033333
290	227	0.045455
290	281	0.040000
290	283	0.043478
290	297	0.045455
290	305	0.038462
290	309	0.047619
290	312	0.047619
290	328	0.047619
290	345	0.045455
290	386	0.052632
290	414	0.047619
290	453	0.055556
291	0	0.007246
291	19	0.007299
291	27	0.008547
291	29	0.008696
291	39	0.011628
291	44	0.014286
291	58	0.016393
291	66	0.026316
291	68	0.020408
291	77	0.015873
291	110	0.024390
291	122	0.027778
291	174	0.033333
291	178	0.035714
291	195	0.040000
291	200	0.043478
291	220	0.032258
291	257	0.038462
291	349	0.050000
291	355	0.045455
292	16	0.032258
292	17	0.019608
292	20	0.008264
292	30	0.010870
292	32	0.009174
292	33	0.008197
292	39	0.011628
292	45	0.010638
292	49	0.013514
292	52	0.013514
292	64	0.016949
292	137	0.031250
292	160	0.026316
292	161	0.030303
292	206	0.033333
292	230	0.038462
292	231	0.043478
292	239	0.035714
292	313	0.047619
292	325	0.047619
292	332	0.047619
292	368	0.055556
292	393	0.052632
292	405	0.052632
292	455	0.055556
293	4	0.010638
293	22	0.008333
293	23	0.007353
293	24	0.009615
293	27	0.008547
293	35	0.010204
293	37	0.012048
293	39	0.011628
293	62	0.017857
293	63	0.014925
293	76	0.023810
293	77	0.015873
293	90	0.022727
293	102	0.024390
293	135	0.028571
293	137	0.031250
293	158	0.037037
293	253	0.034483
293	306	0.041667
293	319	0.052632
293	336	0.050000
293	350	0.055556
293	363	0.052632
294	4	0.010638
294	10	0.014706
294	25	0.007143
294	28	0.008772
294	45	0.010638
294	56	0.014085
294	65	0.012658
294	77	0.015873
294	108	0.030303
294	112	0.024390
294	114	0.023256
294	119	0.023810
294	228	0.041667
294	239	0.035714
294	244	0.035714
294	250	0.041667
294	267	0.043478
294	287	0.041667
294	437	0.052632
295	19	0.007299
295	22	0.008333
295	29	0.008696
295	33	0.008197
295	40	0.011628
295	53	0.017544
295	60	0.015152
295	73	0.023810
295	75	0.025000
295	77	0.015873
295	87	0.021277
295	98	0.024390
295	147	0.027778
295	155	0.029412
295	180	0.038462
295	191	0.037037
295	252	0.043478
295	284	0.043478
295	298	0.041667
295	357	0.050000
295	379	0.050000
296	3	0.015152
296	4	0.010638
296	14	0.012346
296	21	0.007042
296	29	0.008696
296	44	0.014286
296	63	0.014925
296	88	0.026316
296	97	0.021277
296	110	0.024390
296	169	0.034483
296	172	0.032258
296	205	0.027778
296	219	0.035714
296	226	0.038462
296	243	0.040000
296	263	0.040000
296	264	0.043478
296	318	0.043478
297	9	0.019608
297	20	0.008264
297	28	0.008772
297	30	0.010870
297	35	0.010204
297	50	0.011494
297	53	0.017544
297	80	0.016393
297	98	0.024390
297	105	0.025641
297	118	0.025641
297	153	0.033333
297	183	0.030303
297	185	0.032258
297	189	0.038462
297	206	0.033333
297	253	0.034483
297	290	0.037037
297	337	0.050000
297	370	0.052632
297	391	0.055556
297	415	0.055556
298	15	0.011905
298	17	0.019608
298	20	0.008264
298	23	0.007353
298	29	0.008696
298	37	0.012048
298	40	0.011628
298	57	0.013889
298	64	0.016949
298	108	0.030303
298	113	0.023256
298	128	0.025641
298	138	0.034483
298	139	0.026316
298	147	0.027778
298	178	0.035714
298	199	0.037037
298	295	0.047619
298	320	0.047619
298	372	0.052632
298	385	0.052632
298	398	0.050000
298	440	0.055556
298	443	0.055556
299	9	0.019608
299	14	0.012346
299	22	0.008333
299	29	0.008696
299	32	0.009174
299	47	0.016949
299	69	0.021739
299	82	0.022727
299	87	0.021277
299	114	0.023256
299	120	0.030303
299	129	0.033333
299	134	0.031250
299	160	0.026316
299	242	0.034483
299	246	0.040000
299	280	0.037037
299	285	0.043478
299	300	0.032258
299	312	0.047619
299	346	0.050000
299	408	0.055556
299	417	0.050000
300	15	0.011905
300	20	0.008264
300	26	0.010101
300	28	0.008772
300	40	0.011628
300	41	0.012987
300	52	0.013514
300	56	0.014085
300	60	0.015152
300	62	0.017857
300	76	0.023810
300	94	0.021277
300	97	0.021277
300	201	0.034483
300	203	0.029412
300	244	0.035714
300	254	0.043478
300	299	0.043478
300	305	0.038462
300	319	0.052632
300	325	0.047619
300	333	0.041667
300	338	0.050000
300	339	0.050000
300	342	0.052632
300	359	0.050000
300	366	0.047619
300	399	0.050000
300	411	0.055556
300	415	0.055556
300	417	0.050000
301	15	0.011905
301	16	0.032258
301	19	0.007299
301	22	0.008333
301	40	0.011628
301	41	0.012987
301	59	0.016129
301	63	0.014925
301	64	0.016949
301	83	0.020408
301	155	0.029412
301	165	0.029412
301	166	0.033333
301	184	0.031250
301	207	0.037037
301	241	0.040000
301	266	0.043478
301	269	0.035714
301	345	0.045455
301	421	0.055556
302	0	0.007246
302	6	0.013699
302	10	0.014706
302	21	0.007042
302	44	0.014286
302	54	0.016393
302	60	0.015152
302	61	0.018868
302	72	0.023256
302	93	0.023810
302	96	0.022222
302	100	0.028571
302	103	0.030303
302	113	0.023256
302	124	0.023810
302	209	0.034483
302	210	0.038462
302	225	0.040000
302	344	0.047619
303	8	0.020408
303	15	0.011905
303	29	0.008696
303	32	0.009174
303	33	0.008197
303	41	0.012987
303	71	0.021739
303	77	0.015873
303	86	0.027027
303	90	0.022727
303	146	0.029412
303	148	0.031250
303	192	0.037037
303	205	0.027778
303	248	0.034483
303	253	0.034483
303	254	0.043478
303	288	0.041667
303	431	0.055556
304	19	0.007299
304	20	0.008264
304	21	0.007042
304	23	0.007353
304	26	0.010101
304	46	0.012500
304	62	0.017857
304	68	0.020408
304	116	0.024390
304	119	0.023810
304	132	0.025641
304	139	0.026316
304	147	0.027778
304	202	0.034483
304	211	0.043478
304	215	0.040000
304	278	0.041667
304	283	0.043478
304	305	0.038462
304	319	0.052632
304	406	0.052632
304	441	0.050000
304	452	0.055556
305	5	0.023256
305	15	0.011905
305	19	0.007299
305	20	0.008264
305	21	0.007042
305	23	0.007353
305	39	0.011628
305	44	0.014286
305	116	0.024390
305	155	0.029412
305	170	0.035714
305	201	0.034483
305	222	0.026316
305	248	0.034483
305	271	0.047619
305	290	0.037037
305	300	0.032258
305	304	0.043478
305	312	0.047619
305	337	0.050000
305	344	0.047619
305	368	0.055556
305	380	0.047619
305	388	0.052632
305	451	0.052632
305	453	0.055556
306	4	0.010638
306	13	0.016667
306	14	0.012346
306	15	0.011905
306	25	0.007143
306	29	0.008696
306	35	0.010204
306	49	0.013514
306	53	0.017544
306	60	0.015152
306	80	0.016393
306	95	0.022222
306	147	0.027778
306	171	0.030303
306	184	0.031250
306	219	0.035714
306	220	0.032258
306	293	0.043478
306	327	0.041667
306	337	0.050000
306	346	0.050000
306	361	0.041667
306	374	0.052632
306	409	0.050000
307	6	0.013699
307	14	0.012346
307	30	0.010870
307	45	0.010638
307	60	0.015152
307	64	0.016949
307	65	0.012658
307	68	0.020408
307	75	0.025000
307	87	0.021277
307	104	0.026316
307	170	0.035714
307	171	0.030303
307	175	0.031250
307	179	0.026316
307	186	0.037037
307	204	0.040000
307	239	0.035714
307	316	0.038462
307	356	0.045455
307	384	0.050000
308	0	0.007246
308	12	0.045455
308	18	0.015625
308	22	0.008333
308	26	0.010101
308	29	0.008696
308	33	0.008197
308	60	0.015152
308	61	0.018868
308	73	0.023810
308	83	0.020408
308	105	0.025641
308	119	0.023810
308	149	0.040000
308	213	0.043478
308	242	0.034483
308	251	0.040000
308	288	0.041667
308	369	0.047619
308	442	0.055556
309	3	0.015152
309	8	0.020408
309	17	0.019608
309	22	0.008333
309	23	0.007353
309	36	0.012658
309	37	0.012048
309	70	0.016667
309	85	0.023810
309	89	0.021277
309	96	0.022222
309	121	0.022222
309	143	0.025641
309	150	0.034483
309	206	0.033333
309	257	0.038462
309	269	0.035714
309	290	0.037037
309	335	0.045455
309	360	0.050000
309	413	0.055556
310	2	0.015625
310	3	0.015152
310	25	0.007143
310	35	0.010204
310	37	0.012048
310	52	0.013514
310	53	0.017544
310	62	0.017857
310	64	0.016949
310	67	0.021739
310	90	0.022727
310	114	0.023256
310	117	0.027778
310	118	0.025641
310	128	0.025641
310	206	0.033333
310	218	0.032258
310	289	0.038462
310	353	0.050000
310	367	0.043478
310	384	0.050000
310	388	0.052632
310	422	0.055556
310	445	0.055556
310	455	0.055556
311	20	0.008264
311	21	0.007042
311	30	0.010870
311	51	0.015385
311	55	0.015873
311	70	0.016667
311	100	0.028571
311	102	0.024390
311	108	0.030303
311	112	0.024390
311	132	0.025641
311	144	0.024390
311	173	0.035714
311	174	0.033333
311	193	0.028571
311	205	0.027778
311	265	0.045455
311	279	0.038462
311	329	0.052632
311	381	0.055556
311	403	0.047619
312	10	0.014706
312	31	0.012048
312	45	0.010638
312	50	0.011494
312	58	0.016393
312	59	0.016129
312	60	0.015152
312	78	0.020408
312	80	0.016393
312	141	0.023810
312	144	0.024390
312	174	0.033333
312	185	0.032258
312	188	0.031250
312	213	0.043478
312	290	0.037037
312	299	0.043478
312	305	0.038462
312	342	0.052632
312	406	0.052632
312	446	0.055556
313	4	0.010638
313	25	0.007143
313	26	0.010101
313	28	0.008772
313	29	0.008696
313	44	0.014286
313	45	0.010638
313	46	0.012500
313	92	0.019608
313	104	0.026316
313	130	0.033333
313	194	0.033333
313	205	0.027778
313	222	0.026316
313	232	0.035714
313	245	0.035714
313	272	0.038462
313	292	0.040000
313	338	0.050000
313	363	0.052632
313	399	0.050000
314	19	0.007299
314	24	0.009615
314	28	0.008772
314	32	0.009174
314	43	0.018868
314	55	0.015873
314	56	0.014085
314	108	0.030303
314	113	0.023256
314	170	0.035714
314	179	0.026316
314	195	0.040000
314	205	0.027778
314	242	0.034483
314	247	0.050000
314	260	0.043478
314	277	0.038462
314	285	0.043478
315	11	0.016393
315	17	0.019608
315	20	0.008264
315	26	0.010101
315	33	0.008197
315	36	0.012658
315	49	0.013514
315	56	0.014085
315	69	0.021739
315	92	0.019608
315	98	0.024390
315	122	0.027778
315	136	0.028571
315	159	0.034483
315	181	0.033333
315	182	0.034483
315	199	0.037037
315	218	0.032258
315	334	0.043478
316	5	0.023256
316	7	0.017857
316	8	0.020408
316	23	0.007353
316	49	0.013514
316	58	0.016393
316	67	0.021739
316	75	0.025000
316	92	0.019608
316	125	0.028571
316	130	0.033333
316	132	0.025641
316	140	0.035714
316	151	0.032258
316	201	0.034483
316	210	0.038462
316	214	0.032258
316	307	0.047619
316	324	0.038462
316	355	0.045455
316	362	0.043478
316	376	0.050000
316	379	0.050000
316	428	0.055556
316	433	0.052632
316	444	0.055556
317	0	0.007246
317	6	0.013699
317	9	0.019608
317	13	0.016667
317	33	0.008197
317	37	0.012048
317	48	0.016129
317	49	0.013514
317	56	0.014085
317	58	0.016393
317	104	0.026316
317	110	0.024390
317	215	0.040000
317	228	0.041667
317	231	0.043478
317	245	0.035714
317	262	0.041667
317	280	0.037037
317	338	0.050000
317	352	0.055556
317	370	0.052632
317	380	0.047619
317	390	0.041667
317	424	0.055556
317	450	0.055556
318	3	0.015152
318	4	0.010638
318	13	0.016667
318	15	0.011905
318	21	0.007042
318	28	0.008772
318	31	0.012048
318	32	0.009174
318	40	0.011628
318	80	0.016393
318	90	0.022727
318	126	0.023810
318	130	0.033333
318	131	0.023256
318	190	0.031250
318	238	0.035714
318	274	0.045455
318	296	0.052632
318	345	0.045455
318	410	0.050000
318	415	0.055556
318	441	0.050000
318	453	0.055556
319	5	0.023256
319	11	0.016393
319	24	0.009615
319	31	0.012048
319	47	0.016949
319	50	0.011494
319	64	0.016949
319	79	0.021739
319	82	0.022727
319	85	0.023810
319	99	0.031250
319	106	0.020408
319	119	0.023810
319	124	0.023810
319	272	0.038462
319	293	0.043478
319	300	0.032258
319	304	0.043478
319	397	0.045455
320	11	0.016393
320	27	0.008547
320	28	0.008772
320	37	0.012048
320	41	0.012987
320	50	0.011494
320	52	0.013514
320	69	0.021739
320	101	0.024390
320	105	0.025641
320	113	0.023256
320	115	0.024390
320	139	0.026316
320	201	0.034483
320	210	0.038462
320	240	0.045455
320	269	0.035714
320	298	0.041667
320	323	0.055556
320	331	0.050000
320	332	0.047619
321	0	0.007246
321	6	0.013699
321	19	0.007299
321	28	0.008772
321	56	0.014085
321	69	0.021739
321	79	0.021739
321	88	0.026316
321	112	0.024390
321	116	0.024390
321	123	0.029412
321	131	0.023256
321	157	0.025641
321	177	0.041667
321	186	0.037037
321	262	0.041667
321	282	0.047619
321	286	0.052632
321	384	0.050000
321	385	0.052632
321	431	0.055556
322	6	0.013699
322	14	0.012346
322	21	0.007042
322	28	0.008772
322	29	0.008696
322	51	0.015385
322	54	0.016393
322	56	0.014085
322	103	0.030303
322	105	0.025641
322	136	0.028571
322	151	0.032258
322	155	0.029412
322	196	0.037037
322	202	0.034483
322	222	0.026316
322	232	0.035714
322	274	0.045455
322	330	0.043478
322	335	0.045455
322	368	0.055556
322	370	0.052632
322	376	0.050000
323	13	0.016667
323	15	0.011905
323	27	0.008547
323	36	0.012658
323	47	0.016949
323	51	0.015385
323	52	0.013514
323	53	0.017544
323	54	0.016393
323	79	0.021739
323	127	0.027027
323	131	0.023256
323	173	0.035714
323	211	0.043478
323	219	0.035714
323	228	0.041667
323	289	0.038462
323	320	0.047619
324	0	0.007246
324	4	0.010638
324	15	0.011905
324	31	0.012048
324	33	0.008197
324	41	0.012987
324	50	0.011494
324	54	0.016393
324	56	0.014085
324	156	0.031250
324	172	0.032258
324	184	0.031250
324	196	0.037037
324	207	0.037037
324	214	0.032258
324	217	0.041667
324	245	0.035714
324	316	0.038462
324	340	0.043478
324	351	0.052632
324	375	0.047619
324	408	0.055556
324	417	0.050000
324	434	0.055556
324	437	0.052632
324	443	0.055556
325	2	0.015625
325	11	0.016393
325	14	0.012346
325	19	0.007299
325	35	0.010204
325	36	0.012658
325	38	0.017857
325	70	0.016667
325	124	0.023810
325	126	0.023810
325	165	0.029412
325	168	0.040000
325	209	0.034483
325	228	0.041667
325	261	0.043478
325	287	0.041667
325	292	0.040000
325	300	0.032258
325	382	0.052632
325	448	0.052632
325	453	0.055556
326	14	0.012346
326	19	0.007299
326	20	0.008264
326	24	0.009615
326	32	0.009174
326	57	0.013889
326	63	0.014925
326	81	0.020408
326	83	0.020408
326	120	0.030303
326	128	0.025641
326	137	0.031250
326	142	0.030303
326	160	0.026316
326	167	0.038462
326	184	0.031250
326	238	0.035714
326	270	0.041667
326	369	0.047619
326	380	0.047619
327	3	0.015152
327	18	0.015625
327	19	0.007299
327	20	0.008264
327	29	0.008696
327	43	0.018868
327	62	0.017857
327	67	0.021739
327	93	0.023810
327	94	0.021277
327	114	0.023256
327	115	0.024390
327	123	0.029412
327	126	0.023810
327	191	0.037037
327	233	0.045455
327	253	0.034483
327	306	0.041667
327	339	0.050000
327	365	0.052632
327	377	0.055556
327	381	0.055556
327	420	0.055556
327	429	0.055556
328	15	0.011905
328	29	0.008696
328	30	0.010870
328	33	0.008197
328	44	0.014286
328	45	0.010638
328	55	0.015873
328	91	0.019231
328	118	0.025641
328	160	0.026316
328	171	0.030303
328	187	0.035714
328	198	0.031250
328	229	0.041667
328	264	0.043478
328	275	0.041667
328	276	0.043478
328	290	0.037037
328	336	0.050000
328	352	0.055556
328	353	0.050000
329	8	0.020408
329	20	0.008264
329	33	0.008197
329	39	0.011628
329	53	0.017544
329	59	0.016129
329	81	0.020408
329	95	0.022222
329	118	0.025641
329	158	0.037037
329	161	0.030303
329	164	0.034483
329	202	0.034483
329	212	0.041667
329	216	0.037037
329	242	0.034483
329	244	0.035714
329	311	0.047619
329	358	0.050000
330	11	0.016393
330	27	0.008547
330	29	0.008696
330	45	0.010638
330	48	0.016129
330	52	0.013514
330	75	0.025000
330	107	0.021277
330	112	0.024390
330	157	0.025641
330	165	0.029412
330	197	0.041667
330	203	0.029412
330	220	0.032258
330	235	0.037037
330	269	0.035714
330	281	0.040000
330	322	0.043478
330	361	0.041667
330	367	0.043478
330	371	0.047619
330	381	0.055556
330	394	0.052632
331	12	0.045455
331	15	0.011905
331	21	0.007042
331	25	0.007143
331	33	0.008197
331	45	0.010638
331	52	0.013514
331	70	0.016667
331	92	0.019608
331	94	0.021277
331	96	0.022222
331	171	0.030303
331	179	0.026316
331	188	0.031250
331	251	0.040000
331	270	0.041667
331	288	0.041667
331	320	0.047619
331	348	0.050000
331	440	0.055556
332	10	0.014706
332	35	0.010204
332	50	0.011494
332	52	0.013514
332	70	0.016667
332	108	0.030303
332	119	0.023810
332	139	0.026316
332	172	0.032258
332	183	0.030303
332	188	0.031250
332	190	0.031250
332	192	0.037037
332	266	0.043478
332	278	0.041667
332	279	0.038462
332	292	0.040000
332	320	0.047619
332	374	0.052632
332	395	0.047619
332	434	0.055556
333	2	0.015625
333	11	0.016393
333	20	0.008264
333	25	0.007143
333	39	0.011628
333	40	0.011628
333	44	0.014286
333	46	0.012500
333	70	0.016667
333	81	0.020408
333	113	0.023256
333	124	0.023810
333	183	0.030303
333	218	0.032258
333	237	0.038462
333	267	0.043478
333	272	0.038462
333	300	0.032258
333	337	0.050000
333	354	0.047619
333	356	0.045455
333	401	0.043478
333	412	0.052632
333	418	0.050000
334	19	0.007299
334	42	0.012821
334	59	0.016129
334	63	0.014925
334	76	0.023810
334	92	0.019608
334	97	0.021277
334	104	0.026316
334	119	0.023810
334	122	0.027778
334	143	0.025641
334	147	0.027778
334	163	0.031250
334	166	0.033333
334	193	0.028571
334	205	0.027778
334	275	0.041667
334	315	0.052632
334	374	0.052632
334	389	0.050000
334	395	0.047619
334	399	0.050000
334	431	0.055556
335	11	0.016393
335	12	0.045455
335	14	0.012346
335	19	0.007299
335	21	0.007042
335	42	0.012821
335	52	0.013514
335	64	0.016949
335	65	0.012658
335	79	0.021739
335	116	0.024390
335	156	0.031250
335	179	0.026316
335	188	0.031250
335	259	0.045455
335	281	0.040000
335	309	0.047619
335	322	0.043478
335	361	0.041667
335	363	0.052632
335	383	0.045455
335	391	0.055556
336	26	0.010101
336	27	0.008547
336	45	0.010638
336	50	0.011494
336	54	0.016393
336	61	0.018868
336	72	0.023256
336	106	0.020408
336	108	0.030303
336	122	0.027778
336	128	0.025641
336	160	0.026316
336	198	0.031250
336	217	0.041667
336	255	0.034483
336	288	0.041667
336	293	0.043478
336	328	0.047619
336	372	0.052632
336	435	0.055556
337	9	0.019608
337	19	0.007299
337	25	0.007143
337	27	0.008547
337	45	0.010638
337	51	0.015385
337	63	0.014925
337	70	0.016667
337	146	0.029412
337	157	0.025641
337	198	0.031250
337	201	0.034483
337	220	0.032258
337	237	0.038462
337	297	0.045455
337	305	0.038462
337	306	0.041667
337	333	0.041667
337	401	0.043478
337	433	0.052632
338	45	0.010638
338	48	0.016129
338	56	0.014085
338	64	0.016949
338	89	0.021277
338	105	0.025641
338	128	0.025641
338	129	0.033333
338	134	0.031250
338	150	0.034483
338	173	0.035714
338	187	0.035714
338	229	0.041667
338	231	0.043478
338	260	0.043478
338	300	0.032258
338	313	0.047619
338	317	0.040000
338	371	0.047619
338	425	0.052632
339	5	0.023256
339	7	0.017857
339	30	0.010870
339	32	0.009174
339	39	0.011628
339	64	0.016949
339	65	0.012658
339	80	0.016393
339	84	0.020000
339	119	0.023810
339	126	0.023810
339	134	0.031250
339	146	0.029412
339	158	0.037037
339	172	0.032258
339	222	0.026316
339	300	0.032258
339	327	0.041667
339	388	0.052632
339	393	0.052632
340	3	0.015152
340	12	0.045455
340	22	0.008333
340	23	0.007353
340	27	0.008547
340	49	0.013514
340	54	0.016393
340	65	0.012658
340	83	0.020408
340	105	0.025641
340	123	0.029412
340	126	0.023810
340	127	0.027027
340	165	0.029412
340	183	0.030303
340	222	0.026316
340	224	0.045455
340	324	0.038462
340	344	0.047619
340	366	0.047619
340	374	0.052632
340	389	0.050000
340	398	0.050000
341	11	0.016393
341	22	0.008333
341	25	0.007143
341	29	0.008696
341	30	0.010870
341	74	0.025641
341	79	0.021739
341	106	0.020408
341	118	0.025641
341	131	0.023256
341	139	0.026316
341	156	0.031250
341	161	0.030303
341	179	0.026316
341	209	0.034483
341	226	0.038462
341	251	0.040000
341	255	0.034483
342	0	0.007246
342	22	0.008333
342	28	0.008772
342	37	0.012048
342	41	0.012987
342	48	0.016129
342	64	0.016949
342	70	0.016667
342	94	0.021277
342	110	0.024390
342	130	0.033333
342	145	0.029412
342	216	0.037037
342	218	0.032258
342	219	0.035714
342	230	0.038462
342	300	0.032258
342	312	0.047619
342	430	0.055556
343	1	0.020408
343	4	0.010638
343	6	0.013699
343	21	0.007042
343	23	0.007353
343	27	0.008547
343	41	0.012987
343	42	0.012821
343	57	0.013889
343	65	0.012658
343	125	0.028571
343	138	0.034483
343	144	0.024390
343	147	0.027778
343	214	0.032258
343	255	0.034483
343	269	0.035714
343	279	0.038462
343	368	0.055556
344	7	0.017857
344	13	0.016667
344	21	0.007042
344	25	0.007143
344	27	0.008547
344	33	0.008197
344	36	0.012658
344	46	0.012500
344	61	0.018868
344	65	0.012658
344	97	0.021277
344	172	0.032258
344	185	0.032258
344	201	0.034483
344	246	0.040000
344	302	0.052632
344	305	0.038462
344	340	0.043478
344	374	0.052632
344	384	0.050000
344	385	0.052632
345	1	0.020408
345	4	0.010638
345	19	0.007299
345	24	0.009615
345	26	0.010101
345	29	0.008696
345	34	0.014085
345	38	0.017857
345	119	0.023810
345	149	0.040000
345	162	0.037037
345	195	0.040000
345	265	0.045455
345	279	0.038462
345	289	0.038462
345	290	0.037037
345	301	0.050000
345	318	0.043478
345	356	0.045455
345	363	0.052632
345	390	0.041667
345	406	0.052632
346	17	0.019608
346	31	0.012048
346	47	0.016949
346	57	0.013889
346	79	0.021739
346	109	0.024390
346	111	0.020833
346	113	0.023256
346	114	0.023256
346	138	0.034483
346	158	0.037037
346	165	0.029412
346	230	0.038462
346	234	0.047619
346	238	0.035714
346	268	0.041667
346	299	0.043478
346	306	0.041667
346	353	0.050000
346	401	0.043478
347	12	0.045455
347	15	0.011905
347	41	0.012987
347	49	0.013514
347	50	0.011494
347	51	0.015385
347	80	0.016393
347	112	0.024390
347	114	0.023256
347	119	0.023810
347	127	0.027027
347	144	0.024390
347	148	0.031250
347	166	0.033333
347	225	0.040000
347	236	0.037037
347	242	0.034483
347	272	0.038462
347	370	0.052632
347	381	0.055556
347	448	0.052632
348	11	0.016393
348	24	0.009615
348	27	0.008547
348	50	0.011494
348	51	0.015385
348	82	0.022727
348	91	0.019231
348	92	0.019608
348	94	0.021277
348	114	0.023256
348	143	0.025641
348	165	0.029412
348	199	0.037037
348	242	0.034483
348	254	0.043478
348	287	0.041667
348	288	0.041667
348	331	0.050000
348	362	0.043478
348	393	0.052632
349	21	0.007042
349	26	0.010101
349	28	0.008772
349	35	0.010204
349	46	0.012500
349	54	0.016393
349	56	0.014085
349	61	0.018868
349	72	0.023256
349	76	0.023810
349	101	0.024390
349	102	0.024390
349	184	0.031250
349	195	0.040000
349	199	0.037037
349	215	0.040000
349	251	0.040000
349	291	0.050000
349	384	0.050000
349	443	0.055556
350	7	0.017857
350	13	0.016667
350	18	0.015625
350	38	0.017857
350	39	0.011628
350	46	0.012500
350	49	0.013514
350	60	0.015152
350	70	0.016667
350	145	0.029412
350	170	0.035714
350	186	0.037037
350	209	0.034483
350	211	0.043478
350	218	0.032258
350	272	0.038462
350	275	0.041667
350	293	0.043478
351	0	0.007246
351	19	0.007299
351	22	0.008333
351	25	0.007143
351	33	0.008197
351	51	0.015385
351	55	0.015873
351	57	0.013889
351	76	0.023810
351	85	0.023810
351	87	0.021277
351	107	0.021277
351	117	0.027778
351	119	0.023810
351	145	0.029412
351	173	0.035714
351	235	0.037037
351	324	0.038462
351	409	0.050000
352	0	0.007246
352	11	0.016393
352	35	0.010204
352	38	0.017857
352	41	0.012987
352	45	0.010638
352	77	0.015873
352	84	0.020000
352	95	0.022222
352	128	0.025641
352	136	0.028571
352	144	0.024390
352	153	0.033333
352	157	0.025641
352	191	0.037037
352	196	0.037037
352	317	0.040000
352	328	0.047619
353	2	0.015625
353	8	0.020408
353	24	0.009615
353	57	0.013889
353	58	0.016393
353	86	0.027027
353	106	0.020408
353	115	0.024390
353	160	0.026316
353	193	0.028571
353	195	0.040000
353	198	0.031250
353	257	0.038462
353	270	0.041667
353	276	0.043478
353	310	0.040000
353	328	0.047619
353	346	0.050000
353	414	0.047619
353	433	0.052632
354	23	0.007353
354	30	0.010870
354	33	0.008197
354	37	0.012048
354	54	0.016393
354	86	0.027027
354	88	0.026316
354	106	0.020408
354	109	0.024390
354	113	0.023256
354	152	0.037037
354	160	0.026316
354	194	0.033333
354	241	0.040000
354	251	0.040000
354	263	0.040000
354	289	0.038462
354	333	0.041667
354	361	0.041667
354	365	0.052632
354	414	0.047619
355	0	0.007246
355	14	0.012346
355	19	0.007299
355	22	0.008333
355	25	0.007143
355	38	0.017857
355	41	0.012987
355	65	0.012658
355	66	0.026316
355	72	0.023256
355	89	0.021277
355	96	0.022222
355	143	0.025641
355	231	0.043478
355	263	0.040000
355	284	0.043478
355	291	0.050000
355	316	0.038462
355	381	0.055556
355	407	0.055556
355	408	0.055556
355	451	0.052632
356	21	0.007042
356	24	0.009615
356	29	0.008696
356	32	0.009174
356	36	0.012658
356	57	0.013889
356	78	0.020408
356	83	0.020408
356	84	0.020000
356	91	0.019231
356	144	0.024390
356	185	0.032258
356	186	0.037037
356	205	0.027778
356	257	0.038462
356	307	0.047619
356	333	0.041667
356	345	0.045455
356	396	0.052632
356	423	0.055556
356	426	0.052632
356	433	0.052632
357	0	0.007246
357	13	0.016667
357	14	0.012346
357	18	0.015625
357	20	0.008264
357	48	0.016129
357	60	0.015152
357	75	0.025000
357	107	0.021277
357	156	0.031250
357	168	0.040000
357	169	0.034483
357	199	0.037037
357	244	0.035714
357	248	0.034483
357	272	0.038462
357	277	0.038462
357	295	0.047619
357	441	0.050000
357	451	0.052632
358	19	0.007299
358	24	0.009615
358	26	0.010101
358	32	0.009174
358	39	0.011628
358	60	0.015152
358	63	0.014925
358	64	0.016949
358	75	0.025000
358	100	0.028571
358	140	0.035714
358	151	0.032258
358	203	0.029412
358	206	0.033333
358	246	0.040000
358	252	0.043478
358	268	0.041667
358	329	0.052632
358	412	0.052632
358	430	0.055556
359	12	0.045455
359	13	0.016667
359	20	0.008264
359	33	0.008197
359	46	0.012500
359	49	0.013514
359	54	0.016393
359	84	0.020000
359	106	0.020408
359	115	0.024390
359	116	0.024390
359	156	0.031250
359	166	0.033333
359	220	0.032258
359	225	0.040000
359	230	0.038462
359	253	0.034483
359	300	0.032258
359	383	0.045455
359	421	0.055556
360	0	0.007246
360	4	0.010638
360	7	0.017857
360	14	0.012346
360	24	0.009615
360	27	0.008547
360	33	0.008197
360	51	0.015385
360	67	0.021739
360	131	0.023256
360	159	0.034483
360	173	0.035714
360	178	0.035714
360	202	0.034483
360	214	0.032258
360	221	0.034483
360	255	0.034483
360	309	0.047619
360	398	0.050000
360	403	0.047619
361	22	0.008333
361	25	0.007143
361	31	0.012048
361	32	0.009174
361	49	0.013514
361	72	0.023256
361	92	0.019608
361	107	0.021277
361	111	0.020833
361	113	0.023256
361	115	0.024390
361	117	0.027778
361	164	0.034483
361	254	0.043478
361	306	0.041667
361	330	0.043478
361	335	0.045455
361	354	0.047619
361	369	0.047619
361	389	0.050000
361	399	0.050000
361	404	0.047619
361	435	0.055556
361	440	0.055556
362	3	0.015152
362	19	0.007299
362	21	0.007042
362	32	0.009174
362	36	0.012658
362	41	0.012987
362	44	0.014286
362	57	0.013889
362	66	0.026316
362	102	0.024390
362	180	0.038462
362	192	0.037037
362	222	0.026316
362	223	0.033333
362	239	0.035714
362	279	0.038462
362	316	0.038462
362	348	0.050000
362	365	0.052632
362	389	0.050000
362	401	0.043478
362	408	0.055556
362	446	0.055556
363	17	0.019608
363	25	0.007143
363	40	0.011628
363	41	0.012987
363	45	0.010638
363	80	0.016393
363	82	0.022727
363	92	0.019608
363	113	0.023256
363	121	0.022222
363	123	0.029412
363	132	0.025641
363	157	0.025641
363	266	0.043478
363	293	0.043478
363	313	0.047619
363	335	0.045455
363	345	0.045455
363	427	0.052632
364	0	0.007246
364	8	0.020408
364	9	0.019608
364	10	0.014706
364	26	0.010101
364	35	0.010204
364	48	0.016129
364	54	0.016393
364	55	0.015873
364	97	0.021277
364	105	0.025641
364	118	0.025641
364	125	0.028571
364	136	0.028571
364	175	0.031250
364	193	0.028571
364	238	0.035714
364	239	0.035714
364	449	0.055556
365	11	0.016393
365	14	0.012346
365	26	0.010101
365	28	0.008772
365	33	0.008197
365	36	0.012658
365	38	0.017857
365	47	0.016949
365	70	0.016667
365	121	0.022222
365	124	0.023810
365	165	0.029412
365	179	0.026316
365	187	0.035714
365	216	0.037037
365	327	0.041667
365	354	0.047619
365	362	0.043478
365	399	0.050000
366	3	0.015152
366	6	0.013699
366	41	0.012987
366	44	0.014286
366	68	0.020408
366	80	0.016393
366	82	0.022727
366	85	0.023810
366	101	0.024390
366	129	0.033333
366	150	0.034483
366	160	0.026316
366	187	0.035714
366	206	0.033333
366	229	0.041667
366	232	0.035714
366	300	0.032258
366	340	0.043478
366	370	0.052632
366	377	0.055556
366	416	0.047619
367	8	0.020408
367	13	0.016667
367	24	0.009615
367	26	0.010101
367	28	0.008772
367	39	0.011628
367	41	0.012987
367	45	0.010638
367	47	0.016949
367	49	0.013514
367	80	0.016393
367	93	0.023810
367	111	0.020833
367	259	0.045455
367	278	0.041667
367	284	0.043478
367	310	0.040000
367	330	0.043478
367	376	0.050000
367	382	0.052632
367	425	0.052632
367	439	0.055556
367	442	0.055556
368	18	0.015625
368	21	0.007042
368	33	0.008197
368	35	0.010204
368	39	0.011628
368	52	0.013514
368	57	0.013889
368	96	0.022222
368	109	0.024390
368	174	0.033333
368	188	0.031250
368	222	0.026316
368	238	0.035714
368	280	0.037037
368	292	0.040000
368	305	0.038462
368	322	0.043478
368	343	0.052632
369	5	0.023256
369	13	0.016667
369	20	0.008264
369	22	0.008333
369	41	0.012987
369	50	0.011494
369	58	0.016393
369	67	0.021739
369	72	0.023256
369	77	0.015873
369	171	0.030303
369	216	0.037037
369	249	0.045455
369	277	0.038462
369	283	0.043478
369	308	0.050000
369	326	0.050000
369	361	0.041667
369	401	0.043478
369	425	0.052632
369	426	0.052632
370	1	0.020408
370	25	0.007143
370	35	0.010204
370	38	0.017857
370	46	0.012500
370	77	0.015873
370	166	0.033333
370	173	0.035714
370	218	0.032258
370	222	0.026316
370	266	0.043478
370	270	0.041667
370	281	0.040000
370	297	0.045455
370	317	0.040000
370	322	0.043478
370	347	0.047619
370	366	0.047619
370	373	0.052632
371	3	0.015152
371	8	0.020408
371	18	0.015625
371	27	0.008547
371	36	0.012658
371	54	0.016393
371	68	0.020408
371	92	0.019608
371	126	0.023810
371	129	0.033333
371	152	0.037037
371	204	0.040000
371	209	0.034483
371	218	0.032258
371	222	0.026316
371	235	0.037037
371	330	0.043478
371	338	0.050000
371	373	0.052632
371	421	0.055556
371	441	0.050000
372	0	0.007246
372	19	0.007299
372	23	0.007353
372	24	0.009615
372	26	0.010101
372	41	0.012987
372	43	0.018868
372	54	0.016393
372	64	0.016949
372	123	0.029412
372	166	0.033333
372	181	0.033333
372	248	0.034483
372	262	0.041667
372	277	0.038462
372	287	0.041667
372	298	0.041667
372	336	0.050000
372	386	0.052632
373	0	0.007246
373	36	0.012658
373	40	0.011628
373	44	0.014286
373	51	0.015385
373	68	0.020408
373	76	0.023810
373	106	0.020408
373	127	0.027027
373	129	0.033333
373	133	0.030303
373	141	0.023810
373	164	0.034483
373	173	0.035714
373	209	0.034483
373	226	0.038462
373	370	0.052632
373	371	0.047619
373	411	0.055556
374	7	0.017857
374	18	0.015625
374	23	0.007353
374	26	0.010101
374	32	0.009174
374	40	0.011628
374	45	0.010638
374	46	0.012500
374	65	0.012658
374	101	0.024390
374	106	0.020408
374	109	0.024390
374	144	0.024390
374	306	0.041667
374	332	0.047619
374	334	0.043478
374	340	0.043478
374	344	0.047619
374	432	0.055556
375	2	0.015625
375	6	0.013699
375	17	0.019608
375	19	0.007299
375	53	0.017544
375	64	0.016949
375	78	0.020408
375	79	0.021739
375	99	0.031250
375	125	0.028571
375	132	0.025641
375	136	0.028571
375	145	0.029412
375	181	0.033333
375	203	0.029412
375	267	0.043478
375	287	0.041667
375	324	0.038462
375	383	0.045455
375	405	0.052632
375	441	0.050000
376	15	0.011905
376	21	0.007042
376	23	0.007353
376	28	0.008772
376	31	0.012048
376	46	0.012500
376	86	0.027027
376	100	0.028571
376	126	0.023810
376	128	0.025641
376	152	0.037037
376	157	0.025641
376	203	0.029412
376	241	0.040000
376	255	0.034483
376	316	0.038462
376	322	0.043478
376	367	0.043478
376	401	0.043478
376	404	0.047619
377	13	0.016667
377	17	0.019608
377	31	0.012048
377	52	0.013514
377	76	0.023810
377	77	0.015873
377	78	0.020408
377	107	0.021277
377	112	0.024390
377	117	0.027778
377	146	0.029412
377	174	0.033333
377	232	0.035714
377	259	0.045455
377	263	0.040000
377	267	0.043478
377	327	0.041667
377	366	0.047619
378	0	0.007246
378	3	0.015152
378	28	0.008772
378	30	0.010870
378	32	0.009174
378	33	0.008197
378	36	0.012658
378	39	0.011628
378	50	0.011494
378	87	0.021277
378	89	0.021277
378	105	0.025641
378	163	0.031250
378	165	0.029412
378	196	0.037037
378	238	0.035714
378	242	0.034483
378	280	0.037037
378	436	0.055556
378	437	0.052632
378	439	0.055556
379	24	0.009615
379	28	0.008772
379	30	0.010870
379	33	0.008197
379	63	0.014925
379	65	0.012658
379	101	0.024390
379	123	0.029412
379	142	0.030303
379	173	0.035714
379	179	0.026316
379	198	0.031250
379	222	0.026316
379	230	0.038462
379	241	0.040000
379	258	0.041667
379	295	0.047619
379	316	0.038462
379	416	0.047619
379	422	0.055556
380	9	0.019608
380	15	0.011905
380	25	0.007143
380	33	0.008197
380	38	0.017857
380	43	0.018868
380	44	0.014286
380	61	0.018868
380	75	0.025000
380	77	0.015873
380	91	0.019231
380	94	0.021277
380	116	0.024390
380	202	0.034483
380	257	0.038462
380	305	0.038462
380	317	0.040000
380	326	0.050000
380	382	0.052632
380	392	0.047619
380	455	0.055556
381	19	0.007299
381	32	0.009174
381	107	0.021277
381	132	0.025641
381	176	0.043478
381	196	0.037037
381	197	0.041667
381	198	0.031250
381	200	0.043478
381	206	0.033333
381	225	0.040000
381	255	0.034483
381	268	0.041667
381	311	0.047619
381	327	0.041667
381	330	0.043478
381	347	0.047619
381	355	0.045455
382	2	0.015625
382	4	0.010638
382	14	0.012346
382	15	0.011905
382	39	0.011628
382	55	0.015873
382	57	0.013889
382	103	0.030303
382	133	0.030303
382	151	0.032258
382	169	0.034483
382	249	0.045455
382	252	0.043478
382	258	0.041667
382	269	0.035714
382	325	0.047619
382	367	0.043478
382	380	0.047619
382	400	0.052632
383	22	0.008333
383	47	0.016949
383	49	0.013514
383	50	0.011494
383	52	0.013514
383	56	0.014085
383	64	0.016949
383	67	0.021739
383	81	0.020408
383	85	0.023810
383	90	0.022727
383	94	0.021277
383	121	0.022222
383	238	0.035714
383	280	0.037037
383	335	0.045455
383	359	0.050000
383	375	0.047619
383	389	0.050000
383	409	0.050000
383	433	0.052632
383	446	0.055556
384	4	0.010638
384	13	0.016667
384	18	0.015625
384	52	0.013514
384	84	0.020000
384	126	0.023810
384	143	0.025641
384	144	0.024390
384	212	0.041667
384	260	0.043478
384	262	0.041667
384	275	0.041667
384	279	0.038462
384	307	0.047619
384	310	0.040000
384	321	0.047619
384	344	0.047619
384	349	0.050000
384	437	0.052632
384	445	0.055556
385	0	0.007246
385	19	0.007299
385	20	0.008264
385	33	0.008197
385	34	0.014085
385	79	0.021739
385	83	0.020408
385	85	0.023810
385	95	0.022222
385	149	0.040000
385	155	0.029412
385	164	0.034483
385	184	0.031250
385	202	0.034483
385	278	0.041667
385	298	0.041667
385	321	0.047619
385	344	0.047619
385	425	0.052632
386	4	0.010638
386	9	0.019608
386	23	0.007353
386	26	0.010101
386	29	0.008696
386	31	0.012048
386	34	0.014085
386	38	0.017857
386	55	0.015873
386	65	0.012658
386	72	0.023256
386	84	0.020000
386	123	0.029412
386	183	0.030303
386	232	0.035714
386	262	0.041667
386	290	0.037037
386	372	0.052632
386	391	0.055556
387	18	0.015625
387	23	0.007353
387	24	0.009615
387	31	0.012048
387	101	0.024390
387	104	0.026316
387	111	0.020833
387	121	0.022222
387	154	0.033333
387	175	0.031250
387	182	0.034483
387	191	0.037037
387	193	0.028571
387	206	0.033333
387	209	0.034483
387	223	0.033333
387	260	0.043478
387	265	0.045455
387	427	0.052632
387	431	0.055556
388	18	0.015625
388	27	0.008547
388	31	0.012048
388	42	0.012821
388	81	0.020408
388	92	0.019608
388	103	0.030303
388	135	0.028571
388	148	0.031250
388	175	0.031250
388	190	0.031250
388	207	0.037037
388	234	0.047619
388	260	0.043478
388	284	0.043478
388	305	0.038462
388	310	0.040000
388	339	0.050000
388	437	0.052632
389	21	0.007042
389	22	0.008333
389	23	0.007353
389	25	0.007143
389	30	0.010870
389	40	0.011628
389	51	0.015385
389	55	0.015873
389	63	0.014925
389	70	0.016667
389	89	0.021277
389	165	0.029412
389	203	0.029412
389	334	0.043478
389	340	0.043478
389	361	0.041667
389	362	0.043478
389	383	0.045455
389	407	0.055556
389	450	0.055556
390	1	0.020408
390	2	0.015625
390	15	0.011905
390	20	0.008264
390	24	0.009615
390	40	0.011628
390	56	0.014085
390	58	0.016393
390	76	0.023810
390	94	0.021277
390	190	0.031250
390	198	0.031250
390	201	0.034483
390	209	0.034483
390	229	0.041667
390	243	0.040000
390	317	0.040000
390	345	0.045455
390	397	0.045455
390	408	0.055556
390	410	0.050000
390	412	0.052632
390	430	0.055556
390	451	0.052632
391	13	0.016667
391	36	0.012658
391	42	0.012821
391	73	0.023810
391	77	0.015873
391	80	0.016393
391	112	0.024390
391	127	0.027027
391	143	0.025641
391	144	0.024390
391	163	0.031250
391	171	0.030303
391	208	0.038462
391	221	0.034483
391	233	0.045455
391	297	0.045455
391	335	0.045455
391	386	0.052632
392	27	0.008547
392	33	0.008197
392	60	0.015152
392	63	0.014925
392	65	0.012658
392	68	0.020408
392	115	0.024390
392	119	0.023810
392	124	0.023810
392	128	0.025641
392	141	0.023810
392	146	0.029412
392	176	0.043478
392	187	0.035714
392	255	0.034483
392	268	0.041667
392	289	0.038462
392	380	0.047619
392	431	0.055556
392	436	0.055556
392	453	0.055556
393	16	0.032258
393	21	0.007042
393	25	0.007143
393	47	0.016949
393	58	0.016393
393	86	0.027027
393	128	0.025641
393	132	0.025641
393	137	0.031250
393	141	0.023810
393	181	0.033333
393	221	0.034483
393	244	0.035714
393	248	0.034483
393	267	0.043478
393	292	0.040000
393	339	0.050000
393	348	0.050000
393	418	0.050000
394	10	0.014706
394	17	0.019608
394	23	0.007353
394	37	0.012048
394	42	0.012821
394	44	0.014286
394	49	0.013514
394	86	0.027027
394	94	0.021277
394	95	0.022222
394	109	0.024390
394	119	0.023810
394	144	0.024390
394	175	0.031250
394	187	0.035714
394	214	0.032258
394	243	0.040000
394	330	0.043478
394	445	0.055556
395	2	0.015625
395	8	0.020408
395	9	0.019608
395	25	0.007143
395	28	0.008772
395	31	0.012048
395	35	0.010204
395	44	0.014286
395	50	0.011494
395	68	0.020408
395	119	0.023810
395	200	0.043478
395	214	0.032258
395	230	0.038462
395	252	0.043478
395	273	0.050000
395	332	0.047619
395	334	0.043478
395	443	0.055556
395	450	0.055556
395	452	0.055556
396	13	0.016667
396	15	0.011905
396	23	0.007353
396	28	0.008772
396	29	0.008696
396	30	0.010870
396	45	0.010638
396	47	0.016949
396	64	0.016949
396	92	0.019608
396	102	0.024390
396	146	0.029412
396	179	0.026316
396	193	0.028571
396	198	0.031250
396	223	0.033333
396	279	0.038462
396	356	0.045455
396	410	0.050000
397	1	0.020408
397	4	0.010638
397	13	0.016667
397	44	0.014286
397	46	0.012500
397	51	0.015385
397	52	0.013514
397	53	0.017544
397	56	0.014085
397	62	0.017857
397	88	0.026316
397	89	0.021277
397	93	0.023810
397	190	0.031250
397	205	0.027778
397	225	0.040000
397	319	0.052632
397	390	0.041667
397	401	0.043478
397	417	0.050000
397	446	0.055556
397	453	0.055556
398	0	0.007246
398	14	0.012346
398	18	0.015625
398	23	0.007353
398	25	0.007143
398	44	0.014286
398	63	0.014925
398	113	0.023256
398	119	0.023810
398	125	0.028571
398	138	0.034483
398	147	0.027778
398	155	0.029412
398	203	0.029412
398	272	0.038462
398	298	0.041667
398	340	0.043478
398	360	0.050000
398	401	0.043478
398	439	0.055556
399	4	0.010638
399	6	0.013699
399	11	0.016393
399	29	0.008696
399	46	0.012500
399	58	0.016393
399	74	0.025641
399	152	0.037037
399	166	0.033333
399	203	0.029412
399	205	0.027778
399	253	0.034483
399	289	0.038462
399	300	0.032258
399	313	0.047619
399	334	0.043478
399	361	0.041667
399	365	0.052632
399	423	0.055556
399	436	0.055556
400	6	0.013699
400	7	0.017857
400	16	0.032258
400	20	0.008264
400	25	0.007143
400	26	0.010101
400	29	0.008696
400	40	0.011628
400	43	0.018868
400	51	0.015385
400	52	0.013514
400	69	0.021739
400	86	0.027027
400	133	0.030303
400	142	0.030303
400	210	0.038462
400	252	0.043478
400	382	0.052632
400	429	0.055556
401	19	0.007299
401	32	0.009174
401	36	0.012658
401	71	0.021739
401	72	0.023256
401	74	0.025641
401	134	0.031250
401	144	0.024390
401	203	0.029412
401	236	0.037037
401	333	0.041667
401	337	0.050000
401	346	0.050000
401	362	0.043478
401	369	0.047619
401	376	0.050000
401	397	0.045455
401	398	0.050000
401	409	0.050000
401	427	0.052632
401	433	0.052632
401	434	0.055556
401	451	0.052632
402	2	0.015625
402	4	0.010638
402	6	0.013699
402	13	0.016667
402	14	0.012346
402	22	0.008333
402	31	0.012048
402	44	0.014286
402	77	0.015873
402	79	0.021739
402	80	0.016393
402	104	0.026316
402	124	0.023810
402	131	0.023256
402	141	0.023810
402	204	0.040000
402	223	0.033333
402	287	0.041667
402	431	0.055556
403	12	0.045455
403	15	0.011905
403	17	0.019608
403	36	0.012658
403	38	0.017857
403	42	0.012821
403	46	0.012500
403	55	0.015873
403	56	0.014085
403	60	0.015152
403	80	0.016393
403	82	0.022727
403	87	0.021277
403	105	0.025641
403	237	0.038462
403	259	0.045455
403	311	0.047619
403	360	0.050000
403	428	0.055556
403	436	0.055556
403	446	0.055556
404	6	0.013699
404	7	0.017857
404	20	0.008264
404	24	0.009615
404	27	0.008547
404	95	0.022222
404	102	0.024390
404	126	0.023810
404	180	0.038462
404	203	0.029412
404	218	0.032258
404	233	0.045455
404	236	0.037037
404	242	0.034483
404	270	0.041667
404	283	0.043478
404	361	0.041667
404	376	0.050000
404	407	0.055556
404	427	0.052632
404	449	0.055556
405	9	0.019608
405	19	0.007299
405	35	0.010204
405	48	0.016129
405	59	0.016129
405	64	0.016949
405	91	0.019231
405	123	0.029412
405	154	0.033333
405	169	0.034483
405	170	0.035714
405	216	0.037037
405	223	0.033333
405	225	0.040000
405	236	0.037037
405	282	0.047619
405	292	0.040000
405	375	0.047619
405	451	0.052632
406	4	0.010638
406	14	0.012346
406	16	0.032258
406	25	0.007143
406	35	0.010204
406	38	0.017857
406	57	0.013889
406	91	0.019231
406	126	0.023810
406	131	0.023256
406	203	0.029412
406	246	0.040000
406	247	0.050000
406	277	0.038462
406	289	0.038462
406	304	0.043478
406	312	0.047619
406	345	0.045455
406	415	0.055556
407	3	0.015152
407	13	0.016667
407	16	0.032258
407	20	0.008264
407	29	0.008696
407	39	0.011628
407	43	0.018868
407	107	0.021277
407	146	0.029412
407	160	0.026316
407	164	0.034483
407	168	0.040000
407	194	0.033333
407	216	0.037037
407	220	0.032258
407	355	0.045455
407	389	0.050000
407	404	0.047619
408	18	0.015625
408	20	0.008264
408	28	0.008772
408	52	0.013514
408	59	0.016129
408	60	0.015152
408	84	0.020000
408	86	0.027027
408	100	0.028571
408	129	0.033333
408	139	0.026316
408	144	0.024390
408	218	0.032258
408	299	0.043478
408	324	0.038462
408	355	0.045455
408	362	0.043478
408	390	0.041667
409	3	0.015152
409	21	0.007042
409	23	0.007353
409	29	0.008696
409	43	0.018868
409	49	0.013514
409	84	0.020000
409	105	0.025641
409	133	0.030303
409	180	0.038462
409	198	0.031250
409	238	0.035714
409	246	0.040000
409	277	0.038462
409	306	0.041667
409	351	0.052632
409	383	0.045455
409	401	0.043478
409	427	0.052632
409	431	0.055556
410	20	0.008264
410	32	0.009174
410	37	0.012048
410	39	0.011628
410	74	0.025641
410	95	0.022222
410	125	0.028571
410	131	0.023256
410	139	0.026316
410	174	0.033333
410	184	0.031250
410	214	0.032258
410	241	0.040000
410	248	0.034483
410	275	0.041667
410	318	0.043478
410	390	0.041667
410	396	0.052632
410	430	0.055556
410	440	0.055556
411	10	0.014706
411	21	0.007042
411	35	0.010204
411	38	0.017857
411	42	0.012821
411	52	0.013514
411	59	0.016129
411	85	0.023810
411	93	0.023810
411	96	0.022222
411	156	0.031250
411	169	0.034483
411	187	0.035714
411	199	0.037037
411	226	0.038462
411	285	0.043478
411	300	0.032258
411	373	0.052632
412	4	0.010638
412	34	0.014085
412	38	0.017857
412	39	0.011628
412	53	0.017544
412	96	0.022222
412	128	0.025641
412	138	0.034483
412	146	0.029412
412	168	0.040000
412	197	0.041667
412	205	0.027778
412	235	0.037037
412	246	0.040000
412	284	0.043478
412	333	0.041667
412	358	0.050000
412	390	0.041667
412	420	0.055556
413	9	0.019608
413	14	0.012346
413	21	0.007042
413	24	0.009615
413	25	0.007143
413	32	0.009174
413	39	0.011628
413	52	0.013514
413	71	0.021739
413	75	0.025000
413	81	0.020408
413	105	0.025641
413	107	0.021277
413	114	0.023256
413	128	0.025641
413	214	0.032258
413	236	0.037037
413	309	0.047619
414	4	0.010638
414	5	0.023256
414	23	0.007353
414	46	0.012500
414	67	0.021739
414	72	0.023256
414	89	0.021277
414	90	0.022727
414	119	0.023810
414	127	0.027027
414	156	0.031250
414	159	0.034483
414	218	0.032258
414	232	0.035714
414	278	0.041667
414	290	0.037037
414	353	0.050000
414	354	0.047619
414	418	0.050000
414	435	0.055556
414	445	0.055556
415	2	0.015625
415	18	0.015625
415	31	0.012048
415	33	0.008197
415	34	0.014085
415	54	0.016393
415	61	0.018868
415	65	0.012658
415	98	0.024390
415	141	0.023810
415	163	0.031250
415	172	0.032258
415	189	0.038462
415	289	0.038462
415	297	0.045455
415	300	0.032258
415	318	0.043478
415	406	0.052632
416	4	0.010638
416	15	0.011905
416	22	0.008333
416	32	0.009174
416	44	0.014286
416	70	0.016667
416	110	0.024390
416	111	0.020833
416	148	0.031250
416	165	0.029412
416	221	0.034483
416	222	0.026316
416	226	0.038462
416	241	0.040000
416	269	0.035714
416	280	0.037037
416	366	0.047619
416	379	0.050000
416	420	0.055556
416	432	0.055556
416	443	0.055556
417	19	0.007299
417	21	0.007042
417	24	0.009615
417	28	0.008772
417	34	0.014085
417	40	0.011628
417	46	0.012500
417	69	0.021739
417	104	0.026316
417	114	0.023256
417	131	0.023256
417	136	0.028571
417	229	0.041667
417	263	0.040000
417	299	0.043478
417	300	0.032258
417	324	0.038462
417	397	0.045455
417	423	0.055556
417	452	0.055556
418	13	0.016667
418	22	0.008333
418	63	0.014925
418	78	0.020408
418	94	0.021277
418	96	0.022222
418	98	0.024390
418	101	0.024390
418	130	0.033333
418	142	0.030303
418	169	0.034483
418	222	0.026316
418	243	0.040000
418	265	0.045455
418	274	0.045455
418	333	0.041667
418	393	0.052632
418	414	0.047619
418	423	0.055556
418	455	0.055556
419	4	0.010638
419	18	0.015625
419	25	0.007143
419	26	0.010101
419	43	0.018868
419	46	0.012500
419	60	0.015152
419	80	0.016393
419	95	0.022222
419	97	0.021277
419	102	0.024390
419	111	0.020833
419	157	0.025641
419	160	0.026316
419	183	0.030303
419	222	0.026316
419	248	0.034483
419	261	0.043478
419	432	0.055556
419	438	0.052632
420	13	0.016667
420	21	0.007042
420	23	0.007353
420	28	0.008772
420	42	0.012821
420	45	0.010638
420	59	0.016129
420	78	0.020408
420	88	0.026316
420	91	0.019231
420	106	0.020408
420	151	0.032258
420	191	0.037037
420	202	0.034483
420	264	0.043478
420	327	0.041667
420	412	0.052632
420	416	0.047619
421	4	0.010638
421	17	0.019608
421	26	0.010101
421	56	0.014085
421	61	0.018868
421	63	0.014925
421	76	0.023810
421	79	0.021739
421	97	0.021277
421	106	0.020408
421	111	0.020833
421	157	0.025641
421	189	0.038462
421	282	0.047619
421	283	0.043478
421	301	0.050000
421	359	0.050000
421	371	0.047619
422	28	0.008772
422	32	0.009174
422	35	0.010204
422	45	0.010638
422	65	0.012658
422	78	0.020408
422	90	0.022727
422	101	0.024390
422	109	0.024390
422	163	0.031250
422	164	0.034483
422	166	0.033333
422	217	0.041667
422	219	0.035714
422	222	0.026316
422	281	0.040000
422	310	0.040000
422	379	0.050000
423	5	0.023256
423	6	0.013699
423	11	0.016393
423	19	0.007299
423	34	0.014085
423	50	0.011494
423	119	0.023810
423	164	0.034483
423	185	0.032258
423	220	0.032258
423	221	0.034483
423	228	0.041667
423	273	0.050000
423	288	0.041667
423	356	0.045455
423	399	0.050000
423	417	0.050000
423	418	0.050000
424	6	0.013699
424	17	0.019608
424	26	0.010101
424	42	0.012821
424	55	0.015873
424	59	0.016129
424	61	0.018868
424	65	0.012658
424	68	0.020408
424	110	0.024390
424	123	0.029412
424	127	0.027027
424	169	0.034483
424	182	0.034483
424	224	0.045455
424	243	0.040000
424	250	0.041667
424	317	0.040000
425	1	0.020408
425	18	0.015625
425	33	0.008197
425	41	0.012987
425	46	0.012500
425	54	0.016393
425	92	0.019608
425	132	0.025641
425	137	0.031250
425	184	0.031250
425	190	0.031250
425	226	0.038462
425	278	0.041667
425	285	0.043478
425	338	0.050000
425	367	0.043478
425	369	0.047619
425	385	0.052632
425	448	0.052632
426	3	0.015152
426	14	0.012346
426	31	0.012048
426	41	0.012987
426	56	0.014085
426	72	0.023256
426	82	0.022727
426	86	0.027027
426	111	0.020833
426	135	0.028571
426	147	0.027778
426	163	0.031250
426	169	0.034483
426	205	0.027778
426	208	0.038462
426	232	0.035714
426	356	0.045455
426	369	0.047619
426	433	0.052632
427	5	0.023256
427	14	0.012346
427	20	0.008264
427	28	0.008772
427	45	0.010638
427	64	0.016949
427	70	0.016667
427	110	0.024390
427	154	0.033333
427	205	0.027778
427	214	0.032258
427	223	0.033333
427	232	0.035714
427	363	0.052632
427	387	0.050000
427	401	0.043478
427	404	0.047619
427	409	0.050000
427	439	0.055556
428	17	0.019608
428	27	0.008547
428	43	0.018868
428	46	0.012500
428	65	0.012658
428	78	0.020408
428	84	0.020000
428	100	0.028571
428	112	0.024390
428	114	0.023256
428	154	0.033333
428	174	0.033333
428	188	0.031250
428	199	0.037037
428	241	0.040000
428	249	0.045455
428	316	0.038462
428	403	0.047619
429	21	0.007042
429	32	0.009174
429	33	0.008197
429	46	0.012500
429	63	0.014925
429	70	0.016667
429	87	0.021277
429	88	0.026316
429	89	0.021277
429	104	0.026316
429	115	0.024390
429	183	0.030303
429	225	0.040000
429	230	0.038462
429	255	0.034483
429	258	0.041667
429	327	0.041667
429	400	0.052632
430	11	0.016393
430	32	0.009174
430	34	0.014085
430	35	0.010204
430	55	0.015873
430	60	0.015152
430	110	0.024390
430	145	0.029412
430	166	0.033333
430	168	0.040000
430	184	0.031250
430	203	0.029412
430	245	0.035714
430	258	0.041667
430	342	0.052632
430	358	0.050000
430	390	0.041667
430	410	0.050000
431	5	0.023256
431	18	0.015625
431	20	0.008264
431	46	0.012500
431	78	0.020408
431	112	0.024390
431	121	0.022222
431	186	0.037037
431	223	0.033333
431	239	0.035714
431	276	0.043478
431	303	0.052632
431	321	0.047619
431	334	0.043478
431	387	0.050000
431	392	0.047619
431	402	0.052632
431	409	0.050000
432	3	0.015152
432	7	0.017857
432	19	0.007299
432	29	0.008696
432	48	0.016129
432	61	0.018868
432	69	0.021739
432	72	0.023256
432	122	0.027778
432	145	0.029412
432	151	0.032258
432	163	0.031250
432	176	0.043478
432	179	0.026316
432	207	0.037037
432	374	0.052632
432	416	0.047619
432	419	0.050000
433	0	0.007246
433	21	0.007042
433	33	0.008197
433	37	0.012048
433	57	0.013889
433	73	0.023810
433	94	0.021277
433	111	0.020833
433	152	0.037037
433	165	0.029412
433	182	0.034483
433	316	0.038462
433	337	0.050000
433	353	0.050000
433	356	0.045455
433	383	0.045455
433	401	0.043478
433	426	0.052632
433	449	0.055556
434	18	0.015625
434	23	0.007353
434	43	0.018868
434	46	0.012500
434	52	0.013514
434	54	0.016393
434	56	0.014085
434	61	0.018868
434	65	0.012658
434	75	0.025000
434	98	0.024390
434	106	0.020408
434	128	0.025641
434	194	0.033333
434	210	0.038462
434	324	0.038462
434	332	0.047619
434	401	0.043478
435	3	0.015152
435	4	0.010638
435	6	0.013699
435	21	0.007042
435	28	0.008772
435	31	0.012048
435	33	0.008197
435	42	0.012821
435	140	0.035714
435	153	0.033333
435	159	0.034483
435	219	0.035714
435	220	0.032258
435	226	0.038462
435	235	0.037037
435	336	0.050000
435	361	0.041667
435	414	0.047619
436	4	0.010638
436	15	0.011905
436	21	0.007042
436	41	0.012987
436	49	0.013514
436	52	0.013514
436	65	0.012658
436	85	0.023810
436	127	0.027027
436	132	0.025641
436	138	0.034483
436	155	0.029412
436	205	0.027778
436	219	0.035714
436	378	0.047619
436	392	0.047619
436	399	0.050000
436	403	0.047619
437	0	0.007246
437	19	0.007299
437	41	0.012987
437	42	0.012821
437	44	0.014286
437	50	0.011494
437	51	0.015385
437	77	0.015873
437	120	0.030303
437	146	0.029412
437	184	0.031250
437	275	0.041667
437	280	0.037037
437	294	0.052632
437	324	0.038462
437	378	0.047619
437	384	0.050000
437	388	0.052632
437	439	0.055556
438	0	0.007246
438	1	0.020408
438	19	0.007299
438	34	0.014085
438	45	0.010638
438	54	0.016393
438	63	0.014925
438	82	0.022727
438	109	0.024390
438	122	0.027778
438	156	0.031250
438	158	0.037037
438	161	0.030303
438	171	0.030303
438	181	0.033333
438	200	0.043478
438	207	0.037037
438	419	0.050000
438	447	0.055556
439	19	0.007299
439	23	0.007353
439	29	0.008696
439	30	0.010870
439	32	0.009174
439	54	0.016393
439	63	0.014925
439	150	0.034483
439	177	0.041667
439	215	0.040000
439	223	0.033333
439	235	0.037037
439	244	0.035714
439	367	0.043478
439	378	0.047619
439	398	0.050000
439	427	0.052632
439	437	0.052632
440	1	0.020408
440	3	0.015152
440	13	0.016667
440	29	0.008696
440	40	0.011628
440	77	0.015873
440	93	0.023810
440	175	0.031250
440	178	0.035714
440	206	0.033333
440	214	0.032258
440	248	0.034483
440	257	0.038462
440	280	0.037037
440	298	0.041667
440	331	0.050000
440	361	0.041667
440	410	0.050000
441	22	0.008333
441	29	0.008696
441	32	0.009174
441	33	0.008197
441	55	0.015873
441	104	0.026316
441	135	0.028571
441	142	0.030303
441	186	0.037037
441	253	0.034483
441	261	0.043478
441	271	0.047619
441	277	0.038462
441	304	0.043478
441	318	0.043478
441	357	0.050000
441	371	0.047619
441	375	0.047619
441	447	0.055556
441	450	0.055556
442	4	0.010638
442	14	0.012346
442	28	0.008772
442	34	0.014085
442	38	0.017857
442	53	0.017544
442	58	0.016393
442	62	0.017857
442	64	0.016949
442	71	0.021739
442	101	0.024390
442	117	0.027778
442	162	0.037037
442	185	0.032258
442	186	0.037037
442	207	0.037037
442	308	0.050000
442	367	0.043478
443	21	0.007042
443	23	0.007353
443	29	0.008696
443	39	0.011628
443	51	0.015385
443	59	0.016129
443	65	0.012658
443	106	0.020408
443	116	0.024390
443	142	0.030303
443	190	0.031250
443	191	0.037037
443	274	0.045455
443	298	0.041667
443	324	0.038462
443	349	0.050000
443	395	0.047619
443	416	0.047619
444	21	0.007042
444	24	0.009615
444	26	0.010101
444	32	0.009174
444	42	0.012821
444	82	0.022727
444	84	0.020000
444	110	0.024390
444	116	0.024390
444	127	0.027027
444	139	0.026316
444	163	0.031250
444	187	0.035714
444	188	0.031250
444	190	0.031250
444	212	0.041667
444	244	0.035714
444	316	0.038462
445	21	0.007042
445	22	0.008333
445	24	0.009615
445	32	0.009174
445	33	0.008197
445	38	0.017857
445	40	0.011628
445	103	0.030303
445	124	0.023810
445	142	0.030303
445	145	0.029412
445	163	0.031250
445	222	0.026316
445	250	0.041667
445	310	0.040000
445	384	0.050000
445	394	0.052632
445	414	0.047619
446	12	0.045455
446	14	0.012346
446	21	0.007042
446	25	0.007143
446	26	0.010101
446	30	0.010870
446	52	0.013514
446	67	0.021739
446	73	0.023810
446	124	0.023810
446	137	0.031250
446	212	0.041667
446	256	0.050000
446	312	0.047619
446	362	0.043478
446	383	0.045455
446	397	0.045455
446	403	0.047619
447	4	0.010638
447	9	0.019608
447	18	0.015625
447	38	0.017857
447	52	0.013514
447	57	0.013889
447	64	0.016949
447	71	0.021739
447	91	0.019231
447	116	0.024390
447	146	0.029412
447	148	0.031250
447	177	0.041667
447	182	0.034483
447	205	0.027778
447	257	0.038462
447	438	0.052632
447	441	0.050000
448	19	0.007299
448	24	0.009615
448	25	0.007143
448	32	0.009174
448	41	0.012987
448	63	0.014925
448	72	0.023256
448	78	0.020408
448	113	0.023256
448	125	0.028571
448	139	0.026316
448	153	0.033333
448	163	0.031250
448	188	0.031250
448	285	0.043478
448	325	0.047619
448	347	0.047619
448	425	0.052632
448	450	0.055556
449	0	0.007246
449	9	0.019608
449	27	0.008547
449	35	0.010204
449	40	0.011628
449	42	0.012821
449	68	0.020408
449	110	0.024390
449	120	0.030303
449	128	0.025641
449	139	0.026316
449	142	0.030303
449	181	0.033333
449	212	0.041667
449	242	0.034483
449	364	0.052632
449	404	0.047619
449	433	0.052632
450	15	0.011905
450	18	0.015625
450	21	0.007042
450	23	0.007353
450	42	0.012821
450	45	0.010638
450	50	0.011494
450	94	0.021277
450	155	0.029412
450	193	0.028571
450	205	0.027778
450	216	0.037037
450	279	0.038462
450	317	0.040000
450	389	0.050000
450	395	0.047619
450	441	0.050000
450	448	0.052632
451	6	0.013699
451	10	0.014706
451	23	0.007353
451	46	0.012500
451	55	0.015873
451	95	0.022222
451	98	0.024390
451	112	0.024390
451	131	0.023256
451	228	0.041667
451	253	0.034483
451	276	0.043478
451	305	0.038462
451	355	0.045455
451	357	0.050000
451	390	0.041667
451	401	0.043478
451	405	0.052632
451	452	0.055556
452	9	0.019608
452	21	0.007042
452	23	0.007353
452	24	0.009615
452	40	0.011628
452	67	0.021739
452	71	0.021739
452	73	0.023810
452	81	0.020408
452	148	0.031250
452	179	0.026316
452	187	0.035714
452	222	0.026316
452	255	0.034483
452	304	0.043478
452	395	0.047619
452	417	0.050000
452	451	0.052632
453	12	0.045455
453	40	0.011628
453	52	0.013514
453	57	0.013889
453	65	0.012658
453	67	0.021739
453	78	0.020408
453	90	0.022727
453	96	0.022222
453	107	0.021277
453	188	0.031250
453	248	0.034483
453	290	0.037037
453	305	0.038462
453	318	0.043478
453	325	0.047619
453	392	0.047619
453	397	0.045455
454	11	0.016393
454	15	0.011905
454	23	0.007353
454	33	0.008197
454	47	0.016949
454	68	0.020408
454	70	0.016667
454	84	0.020000
454	86	0.027027
454	103	0.030303
454	105	0.025641
454	134	0.031250
454	169	0.034483
454	182	0.034483
454	196	0.037037
454	214	0.032258
454	221	0.034483
454	264	0.043478
455	2	0.015625
455	15	0.011905
455	19	0.007299
455	21	0.007042
455	27	0.008547
455	29	0.008696
455	77	0.015873
455	84	0.020000
455	96	0.022222
455	109	0.024390
455	121	0.022222
455	162	0.037037
455	183	0.030303
455	242	0.034483
455	292	0.040000
455	310	0.040000
455	380	0.047619
455	418	0.050000
