452	15494
0	18	0.006098
0	19	0.006061
0	22	0.006803
0	31	0.040000
0	40	0.011364
0	43	0.017544
0	51	0.015385
0	65	0.014925
0	67	0.018868
0	70	0.014706
0	77	0.015385
0	94	0.037037
0	97	0.023810
0	109	0.027778
0	113	0.025641
0	121	0.023810
0	128	0.029412
0	144	0.023256
0	160	0.025641
0	170	0.033333
0	175	0.038462
0	178	0.030303
0	200	0.034483
0	203	0.035714
0	206	0.032258
0	221	0.045455
0	224	0.045455
0	230	0.047619
0	257	0.034483
0	270	0.047619
0	308	0.050000
0	330	0.045455
0	337	0.050000
0	339	0.043478
0	349	0.055556
0	367	0.052632
0	387	0.052632
0	422	0.052632
1	18	0.006098
1	19	0.006061
1	20	0.006173
1	21	0.008403
1	22	0.006803
1	23	0.008000
1	24	0.010101
1	26	0.012048
1	27	0.017544
1	28	0.026316
1	29	0.023810
1	30	0.025641
1	31	0.040000
1	33	0.010000
1	36	0.010417
1	37	0.012500
1	38	0.010000
1	40	0.011364
1	43	0.017544
1	50	0.013889
1	53	0.018868
1	55	0.013514
1	56	0.024390
1	59	0.024390
1	67	0.018868
1	68	0.020000
1	70	0.014706
1	71	0.027778
1	72	0.020408
1	76	0.014706
1	78	0.023256
1	79	0.018182
1	84	0.021739
1	89	0.024390
1	91	0.035714
1	98	0.021739
1	100	0.020833
1	103	0.026316
1	104	0.022222
1	106	0.027027
1	111	0.020833
1	118	0.022727
1	125	0.037037
1	133	0.027778
1	139	0.025000
1	143	0.030303
1	146	0.038462
1	151	0.035714
1	154	0.027778
1	176	0.031250
1	185	0.032258
1	186	0.037037
1	191	0.052632
1	197	0.027778
1	206	0.032258
1	207	0.041667
1	211	0.035714
1	220	0.047619
1	221	0.045455
1	223	0.043478
1	225	0.040000
1	231	0.034483
1	236	0.040000
1	240	0.045455
1	244	0.047619
1	252	0.043478
1	267	0.047619
1	277	0.040000
1	279	0.047619
1	291	0.045455
1	292	0.037037
1	311	0.052632
1	324	0.052632
1	326	0.045455
1	328	0.043478
1	329	0.038462
1	333	0.050000
1	340	0.045455
1	344	0.041667
1	346	0.047619
1	351	0.055556
1	356	0.055556
1	361	0.055556
1	395	0.055556
1	396	0.055556
1	398	0.055556
1	401	0.050000
1	420	0.058824
1	423	0.058824
1	425	0.055556
1	431	0.055556
2	18	0.006098
2	19	0.006061
2	20	0.006173
2	21	0.008403
2	23	0.008000
2	24	0.010101
2	25	0.010309
2	27	0.017544
2	30	0.025641
2	31	0.040000
2	33	0.010000
2	34	0.010101
2	36	0.010417
2	38	0.010000
2	40	0.011364
2	48	0.013333
2	50	0.013889
2	51	0.015385
2	52	0.012048
2	59	0.024390
2	61	0.027027
2	62	0.045455
2	72	0.020408
2	75	0.023256
2	77	0.015385
2	82	0.025641
2	84	0.021739
2	87	0.022222
2	89	0.024390
2	95	0.043478
2	98	0.021739
2	110	0.020408
2	112	0.025641
2	120	0.028571
2	133	0.027778
2	137	0.020833
2	140	0.025641
2	144	0.023256
2	147	0.025641
2	148	0.027027
2	149	0.025000
2	158	0.043478
2	174	0.027778
2	186	0.037037
2	191	0.052632
2	200	0.034483
2	203	0.035714
2	230	0.047619
2	255	0.047619
2	256	0.037037
2	272	0.038462
2	279	0.047619
2	295	0.045455
2	303	0.038462
2	330	0.045455
2	340	0.045455
2	351	0.055556
2	353	0.043478
2	356	0.055556
2	371	0.047619
2	372	0.045455
2	373	0.050000
2	385	0.052632
2	387	0.052632
2	392	0.055556
2	414	0.055556
2	423	0.058824
2	426	0.055556
2	429	0.052632
2	431	0.055556
2	435	0.052632
2	437	0.055556
2	440	0.055556
3	18	0.006098
3	19	0.006061
3	20	0.006173
3	21	0.008403
3	22	0.006803
3	23	0.008000
3	25	0.010309
3	27	0.017544
3	29	0.023810
3	30	0.025641
3	35	0.009524
3	43	0.017544
3	48	0.013333
3	54	0.013514
3	55	0.013514
3	63	0.047619
3	64	0.014286
3	78	0.023256
3	79	0.018182
3	86	0.020833
3	89	0.024390
3	104	0.022222
3	106	0.027027
3	107	0.028571
3	113	0.025641
3	125	0.037037
3	170	0.033333
3	180	0.032258
3	198	0.027778
3	211	0.035714
3	216	0.033333
3	221	0.045455
3	258	0.040000
3	262	0.033333
3	292	0.037037
3	308	0.050000
3	327	0.047619
3	329	0.038462
3	335	0.052632
3	377	0.055556
3	391	0.052632
3	430	0.055556
3	438	0.052632
3	449	0.055556
4	18	0.006098
4	19	0.006061
4	20	0.006173
4	21	0.008403
4	22	0.006803
4	23	0.008000
4	24	0.010101
4	25	0.010309
4	26	0.012048
4	27	0.017544
4	28	0.026316
4	29	0.023810
4	30	0.025641
4	31	0.040000
4	33	0.010000
4	35	0.009524
4	37	0.012500
4	38	0.010000
4	39	0.013889
4	43	0.017544
4	48	0.013333
4	53	0.018868
4	56	0.024390
4	57	0.021739
4	60	0.023810
4	62	0.045455
4	66	0.016667
4	67	0.018868
4	69	0.020000
4	84	0.021739
4	86	0.020833
4	89	0.024390
4	90	0.027778
4	104	0.022222
4	106	0.027027
4	107	0.028571
4	113	0.025641
4	117	0.029412
4	123	0.037037
4	124	0.047619
4	125	0.037037
4	129	0.035714
4	135	0.020408
4	138	0.021277
4	145	0.031250
4	158	0.043478
4	167	0.030303
4	168	0.027027
4	178	0.030303
4	183	0.043478
4	186	0.037037
4	195	0.030303
4	200	0.034483
4	205	0.035714
4	211	0.035714
4	221	0.045455
4	232	0.034483
4	234	0.037037
4	235	0.040000
4	241	0.035714
4	242	0.034483
4	249	0.038462
4	251	0.045455
4	254	0.041667
4	266	0.032258
4	272	0.038462
4	275	0.035714
4	276	0.047619
4	290	0.043478
4	292	0.037037
4	293	0.043478
4	302	0.047619
4	304	0.050000
4	305	0.047619
4	310	0.043478
4	319	0.047619
4	324	0.052632
4	339	0.043478
4	341	0.045455
4	349	0.055556
4	358	0.052632
4	360	0.052632
4	387	0.052632
4	392	0.055556
4	396	0.055556
4	401	0.050000
4	442	0.052632
4	444	0.055556
5	18	0.006098
5	19	0.006061
5	20	0.006173
5	21	0.008403
5	22	0.006803
5	24	0.010101
5	25	0.010309
5	27	0.017544
5	30	0.025641
5	31	0.040000
5	34	0.010101
5	35	0.009524
5	36	0.010417
5	38	0.010000
5	39	0.013889
5	45	0.012658
5	55	0.013514
5	63	0.047619
5	65	0.014925
5	68	0.020000
5	87	0.022222
5	95	0.043478
5	100	0.020833
5	105	0.022222
5	112	0.025641
5	119	0.032258
5	121	0.023810
5	123	0.037037
5	129	0.035714
5	131	0.034483
5	145	0.031250
5	166	0.031250
5	174	0.027778
5	176	0.031250
5	194	0.031250
5	201	0.032258
5	211	0.035714
5	213	0.041667
5	222	0.038462
5	233	0.041667
5	247	0.034483
5	250	0.038462
5	254	0.041667
5	264	0.052632
5	280	0.047619
5	283	0.050000
5	304	0.050000
5	306	0.038462
5	316	0.047619
5	341	0.045455
5	350	0.052632
5	358	0.052632
5	380	0.055556
5	390	0.055556
5	396	0.055556
5	397	0.050000
5	407	0.055556
5	430	0.055556
5	434	0.055556
6	18	0.006098
6	19	0.006061
6	20	0.006173
6	21	0.008403
6	23	0.008000
6	24	0.010101
6	26	0.012048
6	28	0.026316
6	29	0.023810
6	30	0.025641
6	31	0.040000
6	32	0.007042
6	36	0.010417
6	37	0.012500
6	38	0.010000
6	42	0.014286
6	43	0.017544
6	46	0.014085
6	47	0.009259
6	48	0.013333
6	50	0.013889
6	51	0.015385
6	53	0.018868
6	54	0.013514
6	55	0.013514
6	56	0.024390
6	58	0.021739
6	59	0.024390
6	60	0.023810
6	63	0.047619
6	66	0.016667
6	67	0.018868
6	80	0.021739
6	81	0.014085
6	84	0.021739
6	85	0.025641
6	91	0.035714
6	92	0.032258
6	94	0.037037
6	96	0.020408
6	103	0.026316
6	107	0.028571
6	121	0.023810
6	127	0.047619
6	130	0.023256
6	139	0.025000
6	142	0.029412
6	144	0.023256
6	152	0.045455
6	153	0.041667
6	163	0.034483
6	165	0.035714
6	166	0.031250
6	169	0.032258
6	175	0.038462
6	183	0.043478
6	188	0.041667
6	190	0.041667
6	191	0.052632
6	198	0.027778
6	211	0.035714
6	214	0.037037
6	228	0.038462
6	235	0.040000
6	240	0.045455
6	247	0.034483
6	252	0.043478
6	262	0.033333
6	271	0.035714
6	273	0.045455
6	279	0.047619
6	284	0.045455
6	286	0.052632
6	287	0.055556
6	300	0.050000
6	303	0.038462
6	318	0.050000
6	320	0.052632
6	348	0.052632
6	350	0.052632
6	351	0.055556
6	353	0.043478
6	375	0.052632
6	378	0.055556
6	385	0.052632
6	397	0.050000
6	401	0.050000
6	403	0.052632
6	409	0.050000
6	412	0.055556
6	421	0.052632
6	422	0.052632
6	428	0.055556
6	434	0.055556
6	446	0.055556
6	450	0.055556
7	18	0.006098
7	19	0.006061
7	20	0.006173
7	21	0.008403
7	22	0.006803
7	23	0.008000
7	24	0.010101
7	25	0.010309
7	26	0.012048
7	27	0.017544
7	29	0.023810
7	30	0.025641
7	32	0.007042
7	34	0.010101
7	39	0.013889
7	40	0.011364
7	41	0.012658
7	42	0.014286
7	45	0.012658
7	46	0.014085
7	47	0.009259
7	49	0.014706
7	51	0.015385
7	55	0.013514
7	56	0.024390
7	60	0.023810
7	61	0.027027
7	63	0.047619
7	65	0.014925
7	66	0.016667
7	69	0.020000
7	73	0.016129
7	75	0.023256
7	78	0.023256
7	80	0.021739
7	81	0.014085
7	83	0.024390
7	85	0.025641
7	90	0.027778
7	93	0.030303
7	94	0.037037
7	95	0.043478
7	101	0.022222
7	102	0.025000
7	112	0.025641
7	116	0.018519
7	124	0.047619
7	127	0.047619
7	131	0.034483
7	133	0.027778
7	139	0.025000
7	146	0.038462
7	153	0.041667
7	160	0.025641
7	165	0.035714
7	173	0.033333
7	182	0.038462
7	183	0.043478
7	186	0.037037
7	189	0.040000
7	190	0.041667
7	193	0.033333
7	200	0.034483
7	201	0.032258
7	202	0.037037
7	203	0.035714
7	204	0.029412
7	215	0.045455
7	220	0.047619
7	227	0.038462
7	233	0.041667
7	235	0.040000
7	240	0.045455
7	245	0.043478
7	251	0.045455
7	254	0.041667
7	266	0.032258
7	269	0.043478
7	272	0.038462
7	277	0.040000
7	296	0.047619
7	298	0.040000
7	304	0.050000
7	314	0.043478
7	319	0.047619
7	320	0.052632
7	322	0.055556
7	326	0.045455
7	331	0.050000
7	350	0.052632
7	352	0.047619
7	377	0.055556
7	384	0.041667
7	393	0.052632
7	404	0.052632
7	425	0.055556
7	443	0.055556
7	446	0.055556
8	18	0.006098
8	19	0.006061
8	20	0.006173
8	22	0.006803
8	23	0.008000
8	24	0.010101
8	26	0.012048
8	28	0.026316
8	29	0.023810
8	30	0.025641
8	31	0.040000
8	33	0.010000
8	34	0.010101
8	35	0.009524
8	36	0.010417
8	37	0.012500
8	40	0.011364
8	41	0.012658
8	42	0.014286
8	48	0.013333
8	49	0.014706
8	51	0.015385
8	64	0.014286
8	65	0.014925
8	66	0.016667
8	76	0.014706
8	77	0.015385
8	82	0.025641
8	84	0.021739
8	85	0.025641
8	96	0.020408
8	108	0.021739
8	109	0.027778
8	119	0.032258
8	124	0.047619
8	133	0.027778
8	141	0.035714
8	143	0.030303
8	147	0.025641
8	154	0.027778
8	162	0.030303
8	163	0.034483
8	172	0.037037
8	177	0.035714
8	179	0.040000
8	182	0.038462
8	183	0.043478
8	187	0.037037
8	207	0.041667
8	209	0.034483
8	212	0.038462
8	222	0.038462
8	227	0.038462
8	230	0.047619
8	238	0.035714
8	243	0.038462
8	249	0.038462
8	256	0.037037
8	270	0.047619
8	287	0.055556
8	295	0.045455
8	302	0.047619
8	309	0.033333
8	317	0.052632
8	323	0.040000
8	328	0.043478
8	336	0.045455
8	343	0.043478
8	345	0.047619
8	352	0.047619
8	364	0.052632
8	378	0.055556
8	380	0.055556
8	381	0.052632
8	399	0.052632
8	403	0.052632
8	432	0.052632
8	447	0.055556
8	450	0.055556
9	18	0.006098
9	19	0.006061
9	20	0.006173
9	21	0.008403
9	22	0.006803
9	23	0.008000
9	24	0.010101
9	25	0.010309
9	26	0.012048
9	27	0.017544
9	29	0.023810
9	30	0.025641
9	31	0.040000
9	32	0.007042
9	37	0.012500
9	38	0.010000
9	41	0.012658
9	43	0.017544
9	45	0.012658
9	46	0.014085
9	47	0.009259
9	48	0.013333
9	49	0.014706
9	61	0.027027
9	64	0.014286
9	82	0.025641
9	111	0.020833
9	112	0.025641
9	114	0.025641
9	119	0.032258
9	122	0.025641
9	129	0.035714
9	131	0.034483
9	132	0.025641
9	142	0.029412
9	144	0.023256
9	145	0.031250
9	148	0.027027
9	153	0.041667
9	156	0.038462
9	162	0.030303
9	166	0.031250
9	168	0.027027
9	169	0.032258
9	184	0.034483
9	210	0.038462
9	228	0.038462
9	243	0.038462
9	244	0.047619
9	248	0.041667
9	311	0.052632
9	312	0.047619
9	326	0.045455
9	327	0.047619
9	349	0.055556
9	350	0.052632
9	363	0.040000
9	380	0.055556
9	381	0.052632
9	388	0.050000
9	411	0.052632
9	441	0.055556
9	451	0.055556
10	18	0.006098
10	21	0.008403
10	22	0.006803
10	23	0.008000
10	24	0.010101
10	25	0.010309
10	26	0.012048
10	32	0.007042
10	33	0.010000
10	41	0.012658
10	43	0.017544
10	44	0.013514
10	46	0.014085
10	48	0.013333
10	52	0.012048
10	54	0.013514
10	55	0.013514
10	61	0.027027
10	65	0.014925
10	74	0.017544
10	76	0.014706
10	80	0.021739
10	92	0.032258
10	93	0.030303
10	97	0.023810
10	101	0.022222
10	102	0.025000
10	117	0.029412
10	121	0.023810
10	130	0.023256
10	133	0.027778
10	136	0.029412
10	146	0.038462
10	156	0.038462
10	163	0.034483
10	168	0.027027
10	179	0.040000
10	180	0.032258
10	188	0.041667
10	196	0.040000
10	198	0.027778
10	205	0.035714
10	214	0.037037
10	223	0.043478
10	227	0.038462
10	234	0.037037
10	237	0.043478
10	257	0.034483
10	259	0.038462
10	277	0.040000
10	291	0.045455
10	297	0.047619
10	310	0.043478
10	323	0.040000
10	325	0.038462
10	338	0.047619
10	343	0.043478
10	364	0.052632
10	378	0.055556
10	379	0.052632
10	388	0.050000
10	435	0.052632
10	446	0.055556
11	18	0.006098
11	19	0.006061
11	20	0.006173
11	21	0.008403
11	22	0.006803
11	23	0.008000
11	24	0.010101
11	25	0.010309
11	27	0.017544
11	28	0.026316
11	29	0.023810
11	31	0.040000
11	32	0.007042
11	33	0.010000
11	38	0.010000
11	39	0.013889
11	60	0.023810
11	65	0.014925
11	70	0.014706
11	73	0.016129
11	76	0.014706
11	81	0.014085
11	86	0.020833
11	104	0.022222
11	123	0.037037
11	141	0.035714
11	150	0.030303
11	151	0.035714
11	168	0.027027
11	171	0.030303
11	181	0.040000
11	182	0.038462
11	183	0.043478
11	189	0.040000
11	195	0.030303
11	204	0.029412
11	219	0.052632
11	222	0.038462
11	225	0.040000
11	238	0.035714
11	240	0.045455
11	254	0.041667
11	259	0.038462
11	260	0.047619
11	301	0.050000
11	303	0.038462
11	334	0.043478
11	345	0.047619
11	384	0.041667
11	393	0.052632
11	404	0.052632
11	409	0.050000
11	410	0.055556
12	18	0.006098
12	19	0.006061
12	20	0.006173
12	21	0.008403
12	22	0.006803
12	23	0.008000
12	25	0.010309
12	27	0.017544
12	28	0.026316
12	29	0.023810
12	30	0.025641
12	31	0.040000
12	34	0.010101
12	40	0.011364
12	41	0.012658
12	42	0.014286
12	43	0.017544
12	44	0.013514
12	45	0.012658
12	46	0.014085
12	47	0.009259
12	49	0.014706
12	50	0.013889
12	56	0.024390
12	70	0.014706
12	74	0.017544
12	75	0.023256
12	76	0.014706
12	82	0.025641
12	88	0.022222
12	93	0.030303
12	98	0.021739
12	101	0.022222
12	103	0.026316
12	104	0.022222
12	105	0.022222
12	106	0.027027
12	110	0.020408
12	112	0.025641
12	125	0.037037
12	129	0.035714
12	135	0.020408
12	137	0.020833
12	139	0.025000
12	143	0.030303
12	146	0.038462
12	148	0.027027
12	152	0.045455
12	154	0.027778
12	155	0.047619
12	160	0.025641
12	164	0.033333
12	166	0.031250
12	173	0.033333
12	176	0.031250
12	178	0.030303
12	180	0.032258
12	182	0.038462
12	187	0.037037
12	195	0.030303
12	208	0.028571
12	213	0.041667
12	214	0.037037
12	220	0.047619
12	226	0.038462
12	249	0.038462
12	250	0.038462
12	256	0.037037
12	263	0.045455
12	264	0.052632
12	265	0.037037
12	271	0.035714
12	274	0.040000
12	278	0.043478
12	279	0.047619
12	286	0.052632
12	288	0.040000
12	301	0.050000
12	311	0.052632
12	313	0.055556
12	330	0.045455
12	339	0.043478
12	348	0.052632
12	351	0.055556
12	353	0.043478
12	360	0.052632
12	366	0.047619
12	382	0.052632
12	399	0.052632
12	415	0.055556
12	421	0.052632
12	422	0.052632
12	426	0.055556
12	428	0.055556
12	430	0.055556
12	431	0.055556
12	433	0.055556
12	447	0.055556
13	18	0.006098
13	19	0.006061
13	20	0.006173
13	21	0.008403
13	22	0.006803
13	23	0.008000
13	24	0.010101
13	26	0.012048
13	32	0.007042
13	34	0.010101
13	42	0.014286
13	43	0.017544
13	44	0.013514
13	45	0.012658
13	47	0.009259
13	52	0.012048
13	53	0.018868
13	58	0.021739
13	75	0.023256
13	82	0.025641
13	86	0.020833
13	88	0.022222
13	90	0.027778
13	99	0.025641
13	102	0.025000
13	104	0.022222
13	116	0.018519
13	134	0.028571
13	136	0.029412
13	137	0.020833
13	139	0.025000
13	145	0.031250
13	151	0.035714
13	162	0.030303
13	165	0.035714
13	166	0.031250
13	175	0.038462
13	180	0.032258
13	190	0.041667
13	199	0.038462
13	214	0.037037
13	216	0.033333
13	218	0.038462
13	226	0.038462
13	230	0.047619
13	238	0.035714
13	241	0.035714
13	242	0.034483
13	250	0.038462
13	252	0.043478
13	273	0.045455
13	275	0.035714
13	287	0.055556
13	300	0.050000
13	306	0.038462
13	307	0.043478
13	325	0.038462
13	328	0.043478
13	338	0.047619
13	360	0.052632
13	375	0.052632
13	379	0.052632
13	384	0.041667
13	387	0.052632
13	392	0.055556
13	402	0.052632
13	438	0.052632
13	444	0.055556
14	18	0.006098
14	19	0.006061
14	20	0.006173
14	21	0.008403
14	22	0.006803
14	23	0.008000
14	25	0.010309
14	26	0.012048
14	27	0.017544
14	28	0.026316
14	29	0.023810
14	32	0.007042
14	33	0.010000
14	34	0.010101
14	35	0.009524
14	40	0.011364
14	41	0.012658
14	42	0.014286
14	46	0.014085
14	47	0.009259
14	50	0.013889
14	51	0.015385
14	53	0.018868
14	54	0.013514
14	55	0.013514
14	56	0.024390
14	59	0.024390
14	60	0.023810
14	61	0.027027
14	63	0.047619
14	64	0.014286
14	65	0.014925
14	67	0.018868
14	72	0.020408
14	74	0.017544
14	80	0.021739
14	81	0.014085
14	83	0.024390
14	87	0.022222
14	88	0.022222
14	91	0.035714
14	106	0.027027
14	114	0.025641
14	116	0.018519
14	125	0.037037
14	126	0.045455
14	130	0.023256
14	133	0.027778
14	136	0.029412
14	140	0.025641
14	146	0.038462
14	147	0.025641
14	148	0.027027
14	149	0.025000
14	153	0.041667
14	157	0.040000
14	161	0.025000
14	162	0.030303
14	163	0.034483
14	168	0.027027
14	177	0.035714
14	187	0.037037
14	190	0.041667
14	197	0.027778
14	200	0.034483
14	202	0.037037
14	205	0.035714
14	207	0.041667
14	228	0.038462
14	235	0.040000
14	246	0.043478
14	249	0.038462
14	252	0.043478
14	256	0.037037
14	275	0.035714
14	288	0.040000
14	310	0.043478
14	311	0.052632
14	326	0.045455
14	336	0.045455
14	342	0.045455
14	358	0.052632
14	360	0.052632
14	363	0.040000
14	379	0.052632
14	389	0.050000
14	392	0.055556
14	398	0.055556
14	403	0.052632
14	407	0.055556
14	409	0.050000
14	413	0.055556
14	423	0.058824
14	424	0.052632
14	428	0.055556
14	445	0.055556
14	446	0.055556
15	18	0.006098
15	19	0.006061
15	20	0.006173
15	21	0.008403
15	22	0.006803
15	23	0.008000
15	25	0.010309
15	26	0.012048
15	28	0.026316
15	30	0.025641
15	31	0.040000
15	32	0.007042
15	34	0.010101
15	35	0.009524
15	36	0.010417
15	37	0.012500
15	38	0.010000
15	39	0.013889
15	40	0.011364
15	46	0.014085
15	47	0.009259
15	60	0.023810
15	62	0.045455
15	72	0.020408
15	78	0.023256
15	81	0.014085
15	84	0.021739
15	100	0.020833
15	103	0.026316
15	110	0.020408
15	118	0.022727
15	122	0.025641
15	124	0.047619
15	126	0.045455
15	134	0.028571
15	140	0.025641
15	152	0.045455
15	154	0.027778
15	156	0.038462
15	173	0.033333
15	176	0.031250
15	177	0.035714
15	178	0.030303
15	182	0.038462
15	192	0.027027
15	199	0.038462
15	205	0.035714
15	206	0.032258
15	207	0.041667
15	221	0.045455
15	225	0.040000
15	227	0.038462
15	235	0.040000
15	241	0.035714
15	249	0.038462
15	253	0.052632
15	281	0.041667
15	285	0.040000
15	287	0.055556
15	288	0.040000
15	291	0.045455
15	292	0.037037
15	303	0.038462
15	306	0.038462
15	320	0.052632
15	339	0.043478
15	344	0.041667
15	355	0.043478
15	357	0.052632
15	373	0.050000
15	379	0.052632
15	386	0.047619
15	405	0.050000
15	406	0.052632
15	408	0.052632
15	415	0.055556
15	419	0.055556
16	18	0.006098
16	19	0.006061
16	20	0.006173
16	22	0.006803
16	24	0.010101
16	25	0.010309
16	27	0.017544
16	28	0.026316
16	33	0.010000
16	35	0.009524
16	37	0.012500
16	38	0.010000
16	39	0.013889
16	41	0.012658
16	44	0.013514
16	55	0.013514
16	56	0.024390
16	58	0.021739
16	61	0.027027
16	72	0.020408
16	73	0.016129
16	75	0.023256
16	79	0.018182
16	86	0.020833
16	88	0.022222
16	89	0.024390
16	91	0.035714
16	98	0.021739
16	99	0.025641
16	100	0.020833
16	101	0.022222
16	107	0.028571
16	116	0.018519
16	117	0.029412
16	118	0.022727
16	120	0.028571
16	122	0.025641
16	126	0.045455
16	142	0.029412
16	149	0.025000
16	152	0.045455
16	156	0.038462
16	171	0.030303
16	181	0.040000
16	185	0.032258
16	193	0.033333
16	198	0.027778
16	207	0.041667
16	230	0.047619
16	231	0.034483
16	242	0.034483
16	248	0.041667
16	250	0.038462
16	274	0.040000
16	281	0.041667
16	283	0.050000
16	303	0.038462
16	305	0.047619
16	312	0.047619
16	320	0.052632
16	325	0.038462
16	331	0.050000
16	336	0.045455
16	339	0.043478
16	349	0.055556
16	351	0.055556
16	353	0.043478
16	359	0.055556
16	397	0.050000
16	399	0.052632
16	404	0.052632
16	408	0.052632
16	409	0.050000
16	422	0.052632
16	439	0.055556
17	18	0.006098
17	19	0.006061
17	20	0.006173
17	21	0.008403
17	25	0.010309
17	26	0.012048
17	27	0.017544
17	32	0.007042
17	34	0.010101
17	35	0.009524
17	36	0.010417
17	42	0.014286
17	46	0.014085
17	47	0.009259
17	49	0.014706
17	53	0.018868
17	56	0.024390
17	60	0.023810
17	61	0.027027
17	62	0.045455
17	66	0.016667
17	70	0.014706
17	74	0.017544
17	80	0.021739
17	82	0.025641
17	83	0.024390
17	84	0.021739
17	109	0.027778
17	113	0.025641
17	126	0.045455
17	127	0.047619
17	128	0.029412
17	131	0.034483
17	148	0.027027
17	153	0.041667
17	156	0.038462
17	158	0.043478
17	163	0.034483
17	165	0.035714
17	177	0.035714
17	183	0.043478
17	194	0.031250
17	195	0.030303
17	202	0.037037
17	204	0.029412
17	215	0.045455
17	216	0.033333
17	220	0.047619
17	229	0.038462
17	246	0.043478
17	259	0.038462
17	274	0.040000
17	284	0.045455
17	294	0.045455
17	309	0.033333
17	320	0.052632
17	321	0.052632
17	326	0.045455
17	328	0.043478
17	342	0.045455
17	380	0.055556
17	384	0.041667
17	385	0.052632
17	407	0.055556
17	417	0.050000
18	0	0.026316
18	1	0.010989
18	2	0.013699
18	3	0.022727
18	4	0.011364
18	5	0.016949
18	6	0.010417
18	7	0.010204
18	8	0.012658
18	9	0.015873
18	10	0.015873
18	11	0.018868
18	12	0.010204
18	13	0.014706
18	14	0.010309
18	15	0.012987
18	16	0.013333
18	17	0.015385
18	19	0.006061
18	20	0.006173
18	21	0.008403
18	22	0.006803
18	24	0.010101
18	25	0.010309
18	26	0.012048
18	27	0.017544
18	28	0.026316
18	29	0.023810
18	31	0.040000
18	32	0.007042
18	33	0.010000
18	34	0.010101
18	35	0.009524
18	36	0.010417
18	37	0.012500
18	38	0.010000
18	39	0.013889
18	40	0.011364
18	42	0.014286
18	45	0.012658
18	46	0.014085
18	47	0.009259
18	49	0.014706
18	50	0.013889
18	51	0.015385
18	52	0.012048
18	53	0.018868
18	54	0.013514
18	58	0.021739
18	60	0.023810
18	61	0.027027
18	63	0.047619
18	64	0.014286
18	66	0.016667
18	68	0.020000
18	70	0.014706
18	71	0.027778
18	72	0.020408
18	73	0.016129
18	75	0.023256
18	77	0.015385
18	78	0.023256
18	83	0.024390
18	84	0.021739
18	86	0.020833
18	90	0.027778
18	94	0.037037
18	97	0.023810
18	100	0.020833
18	101	0.022222
18	102	0.025000
18	104	0.022222
18	106	0.027027
18	110	0.020408
18	111	0.020833
18	113	0.025641
18	114	0.025641
18	115	0.024390
18	116	0.018519
18	119	0.032258
18	122	0.025641
18	129	0.035714
18	131	0.034483
18	133	0.027778
18	135	0.020408
18	136	0.029412
18	140	0.025641
18	144	0.023256
18	145	0.031250
18	148	0.027027
18	151	0.035714
18	153	0.041667
18	155	0.047619
18	159	0.052632
18	162	0.030303
18	164	0.033333
18	165	0.035714
18	166	0.031250
18	167	0.030303
18	180	0.032258
18	188	0.041667
18	189	0.040000
18	192	0.027027
18	196	0.040000
18	199	0.038462
18	201	0.032258
18	206	0.032258
18	208	0.028571
18	212	0.038462
18	213	0.041667
18	215	0.045455
18	219	0.052632
18	222	0.038462
18	226	0.038462
18	228	0.038462
18	234	0.037037
18	237	0.043478
18	245	0.043478
18	252	0.043478
18	258	0.040000
18	259	0.038462
18	263	0.045455
18	264	0.052632
18	267	0.047619
18	271	0.035714
18	276	0.047619
18	279	0.047619
18	287	0.055556
18	288	0.040000
18	293	0.043478
18	307	0.043478
18	308	0.050000
18	313	0.055556
18	320	0.052632
18	323	0.040000
18	325	0.038462
18	329	0.038462
18	330	0.045455
18	332	0.047619
18	333	0.050000
18	337	0.050000
18	345	0.047619
18	348	0.052632
18	352	0.047619
18	354	0.047619
18	355	0.043478
18	357	0.052632
18	359	0.055556
18	374	0.050000
18	375	0.052632
18	379	0.052632
18	381	0.052632
18	391	0.052632
18	405	0.050000
18	409	0.050000
18	415	0.055556
18	418	0.052632
18	420	0.058824
18	423	0.058824
18	426	0.055556
18	432	0.052632
18	433	0.055556
18	448	0.055556
18	450	0.055556
19	0	0.026316
19	1	0.010989
19	2	0.013699
19	3	0.022727
19	4	0.011364
19	5	0.016949
19	6	0.010417
19	7	0.010204
19	8	0.012658
19	9	0.015873
19	11	0.018868
19	12	0.010204
19	13	0.014706
19	14	0.010309
19	15	0.012987
19	16	0.013333
19	17	0.015385
19	18	0.006098
19	20	0.006173
19	21	0.008403
19	22	0.006803
19	23	0.008000
19	24	0.010101
19	25	0.010309
19	26	0.012048
19	27	0.017544
19	28	0.026316
19	29	0.023810
19	30	0.025641
19	31	0.040000
19	32	0.007042
19	33	0.010000
19	35	0.009524
19	36	0.010417
19	37	0.012500
19	39	0.013889
19	41	0.012658
19	42	0.014286
19	44	0.013514
19	45	0.012658
19	46	0.014085
19	47	0.009259
19	49	0.014706
19	50	0.013889
19	52	0.012048
19	56	0.024390
19	57	0.021739
19	58	0.021739
19	59	0.024390
19	60	0.023810
19	61	0.027027
19	63	0.047619
19	65	0.014925
19	66	0.016667
19	67	0.018868
19	68	0.020000
19	69	0.020000
19	71	0.027778
19	73	0.016129
19	78	0.023256
19	81	0.014085
19	82	0.025641
19	85	0.025641
19	86	0.020833
19	88	0.022222
19	90	0.027778
19	91	0.035714
19	92	0.032258
19	94	0.037037
19	97	0.023810
19	99	0.025641
19	102	0.025000
19	108	0.021739
19	109	0.027778
19	115	0.024390
19	117	0.029412
19	118	0.022727
19	119	0.032258
19	121	0.023810
19	122	0.025641
19	123	0.037037
19	125	0.037037
19	127	0.047619
19	130	0.023256
19	135	0.020408
19	138	0.021277
19	139	0.025000
19	140	0.025641
19	141	0.035714
19	146	0.038462
19	147	0.025641
19	148	0.027027
19	152	0.045455
19	161	0.025000
19	167	0.030303
19	169	0.032258
19	172	0.037037
19	174	0.027778
19	175	0.038462
19	177	0.035714
19	183	0.043478
19	184	0.034483
19	187	0.037037
19	188	0.041667
19	198	0.027778
19	202	0.037037
19	208	0.028571
19	214	0.037037
19	215	0.045455
19	219	0.052632
19	220	0.047619
19	229	0.038462
19	231	0.034483
19	233	0.041667
19	240	0.045455
19	245	0.043478
19	246	0.043478
19	253	0.052632
19	258	0.040000
19	263	0.045455
19	264	0.052632
19	266	0.032258
19	278	0.043478
19	282	0.050000
19	284	0.045455
19	289	0.045455
19	300	0.050000
19	301	0.050000
19	307	0.043478
19	309	0.033333
19	313	0.055556
19	317	0.052632
19	321	0.052632
19	322	0.055556
19	323	0.040000
19	327	0.047619
19	329	0.038462
19	331	0.050000
19	332	0.047619
19	339	0.043478
19	340	0.045455
19	342	0.045455
19	345	0.047619
19	349	0.055556
19	353	0.043478
19	357	0.052632
19	363	0.040000
19	374	0.050000
19	375	0.052632
19	377	0.055556
19	379	0.052632
19	380	0.055556
19	383	0.055556
19	395	0.055556
19	396	0.055556
19	401	0.050000
19	407	0.055556
19	410	0.055556
19	417	0.050000
19	426	0.055556
19	427	0.055556
19	438	0.052632
19	445	0.055556
19	448	0.055556
19	449	0.055556
20	1	0.010989
20	2	0.013699
20	3	0.022727
20	4	0.011364
20	5	0.016949
20	6	0.010417
20	7	0.010204
20	8	0.012658
20	9	0.015873
20	11	0.018868
20	12	0.010204
20	13	0.014706
20	14	0.010309
20	15	0.012987
20	16	0.013333
20	17	0.015385
20	18	0.006098
20	19	0.006061
20	21	0.008403
20	22	0.006803
20	23	0.008000
20	24	0.010101
20	25	0.010309
20	26	0.012048
20	27	0.017544
20	28	0.026316
20	29	0.023810
20	30	0.025641
20	32	0.007042
20	33	0.010000
20	34	0.010101
20	35	0.009524
20	36	0.010417
20	39	0.013889
20	40	0.011364
20	42	0.014286
20	44	0.013514
20	45	0.012658
20	46	0.014085
20	48	0.013333
20	49	0.014706
20	51	0.015385
20	53	0.018868
20	55	0.013514
20	57	0.021739
20	59	0.024390
20	61	0.027027
20	62	0.045455
20	63	0.047619
20	65	0.014925
20	66	0.016667
20	68	0.020000
20	69	0.020000
20	71	0.027778
20	73	0.016129
20	78	0.023256
20	80	0.021739
20	82	0.025641
20	83	0.024390
20	85	0.025641
20	87	0.022222
20	88	0.022222
20	94	0.037037
20	95	0.043478
20	96	0.020408
20	97	0.023810
20	98	0.021739
20	100	0.020833
20	101	0.022222
20	102	0.025000
20	106	0.027027
20	110	0.020408
20	111	0.020833
20	113	0.025641
20	116	0.018519
20	117	0.029412
20	124	0.047619
20	129	0.035714
20	130	0.023256
20	132	0.025641
20	133	0.027778
20	136	0.029412
20	138	0.021277
20	146	0.038462
20	150	0.030303
20	151	0.035714
20	162	0.030303
20	164	0.033333
20	167	0.030303
20	171	0.030303
20	174	0.027778
20	176	0.031250
20	178	0.030303
20	179	0.040000
20	183	0.043478
20	185	0.032258
20	188	0.041667
20	190	0.041667
20	196	0.040000
20	199	0.038462
20	209	0.034483
20	211	0.035714
20	212	0.038462
20	218	0.038462
20	222	0.038462
20	223	0.043478
20	226	0.038462
20	229	0.038462
20	235	0.040000
20	242	0.034483
20	245	0.043478
20	246	0.043478
20	253	0.052632
20	255	0.047619
20	264	0.052632
20	265	0.037037
20	266	0.032258
20	267	0.047619
20	268	0.034483
20	277	0.040000
20	279	0.047619
20	282	0.050000
20	283	0.050000
20	284	0.045455
20	286	0.052632
20	290	0.043478
20	292	0.037037
20	298	0.040000
20	300	0.050000
20	302	0.047619
20	304	0.050000
20	318	0.050000
20	319	0.047619
20	324	0.052632
20	325	0.038462
20	326	0.045455
20	327	0.047619
20	332	0.047619
20	354	0.047619
20	361	0.055556
20	364	0.052632
20	369	0.052632
20	374	0.050000
20	377	0.055556
20	381	0.052632
20	383	0.055556
20	390	0.055556
20	393	0.052632
20	408	0.052632
20	412	0.055556
20	414	0.055556
20	415	0.055556
20	418	0.052632
20	422	0.052632
20	423	0.058824
20	430	0.055556
20	441	0.055556
20	442	0.052632
20	443	0.055556
20	444	0.055556
20	446	0.055556
20	450	0.055556
21	1	0.010989
21	2	0.013699
21	3	0.022727
21	4	0.011364
21	5	0.016949
21	6	0.010417
21	7	0.010204
21	9	0.015873
21	10	0.015873
21	11	0.018868
21	12	0.010204
21	13	0.014706
21	14	0.010309
21	15	0.012987
21	17	0.015385
21	18	0.006098
21	19	0.006061
21	20	0.006173
21	23	0.008000
21	26	0.012048
21	28	0.026316
21	29	0.023810
21	30	0.025641
21	32	0.007042
21	33	0.010000
21	34	0.010101
21	36	0.010417
21	37	0.012500
21	38	0.010000
21	39	0.013889
21	41	0.012658
21	42	0.014286
21	44	0.013514
21	45	0.012658
21	47	0.009259
21	50	0.013889
21	51	0.015385
21	53	0.018868
21	57	0.021739
21	59	0.024390
21	71	0.027778
21	75	0.023256
21	77	0.015385
21	78	0.023256
21	82	0.025641
21	83	0.024390
21	86	0.020833
21	87	0.022222
21	92	0.032258
21	98	0.021739
21	99	0.025641
21	101	0.022222
21	102	0.025000
21	105	0.022222
21	111	0.020833
21	116	0.018519
21	117	0.029412
21	119	0.032258
21	124	0.047619
21	131	0.034483
21	136	0.029412
21	138	0.021277
21	140	0.025641
21	156	0.038462
21	158	0.043478
21	161	0.025000
21	170	0.033333
21	173	0.033333
21	177	0.035714
21	180	0.032258
21	183	0.043478
21	187	0.037037
21	194	0.031250
21	206	0.032258
21	209	0.034483
21	210	0.038462
21	213	0.041667
21	217	0.047619
21	224	0.045455
21	235	0.040000
21	237	0.043478
21	246	0.043478
21	251	0.045455
21	253	0.052632
21	258	0.040000
21	264	0.052632
21	270	0.047619
21	276	0.047619
21	285	0.040000
21	287	0.055556
21	291	0.045455
21	293	0.043478
21	296	0.047619
21	297	0.047619
21	299	0.043478
21	300	0.050000
21	311	0.052632
21	314	0.043478
21	317	0.052632
21	321	0.052632
21	323	0.040000
21	332	0.047619
21	340	0.045455
21	342	0.045455
21	347	0.052632
21	386	0.047619
21	390	0.055556
21	401	0.050000
21	403	0.052632
21	414	0.055556
21	417	0.050000
21	419	0.055556
21	422	0.052632
21	424	0.052632
21	426	0.055556
21	427	0.055556
21	443	0.055556
21	448	0.055556
21	449	0.055556
22	0	0.026316
22	1	0.010989
22	3	0.022727
22	4	0.011364
22	5	0.016949
22	7	0.010204
22	8	0.012658
22	9	0.015873
22	10	0.015873
22	11	0.018868
22	12	0.010204
22	13	0.014706
22	14	0.010309
22	15	0.012987
22	16	0.013333
22	18	0.006098
22	19	0.006061
22	20	0.006173
22	24	0.010101
22	25	0.010309
22	28	0.026316
22	29	0.023810
22	30	0.025641
22	31	0.040000
22	32	0.007042
22	33	0.010000
22	34	0.010101
22	35	0.009524
22	36	0.010417
22	37	0.012500
22	39	0.013889
22	40	0.011364
22	41	0.012658
22	42	0.014286
22	44	0.013514
22	46	0.014085
22	47	0.009259
22	48	0.013333
22	49	0.014706
22	52	0.012048
22	54	0.013514
22	57	0.021739
22	61	0.027027
22	62	0.045455
22	64	0.014286
22	65	0.014925
22	67	0.018868
22	68	0.020000
22	75	0.023256
22	76	0.014706
22	86	0.020833
22	87	0.022222
22	90	0.027778
22	91	0.035714
22	96	0.020408
22	100	0.020833
22	110	0.020408
22	115	0.024390
22	116	0.018519
22	118	0.022727
22	126	0.045455
22	134	0.028571
22	137	0.020833
22	139	0.025000
22	150	0.030303
22	152	0.045455
22	155	0.047619
22	156	0.038462
22	159	0.052632
22	176	0.031250
22	179	0.040000
22	180	0.032258
22	182	0.038462
22	183	0.043478
22	184	0.034483
22	187	0.037037
22	190	0.041667
22	194	0.031250
22	195	0.030303
22	199	0.038462
22	201	0.032258
22	203	0.035714
22	207	0.041667
22	211	0.035714
22	216	0.033333
22	220	0.047619
22	221	0.045455
22	226	0.038462
22	232	0.034483
22	233	0.041667
22	234	0.037037
22	236	0.040000
22	237	0.043478
22	239	0.041667
22	245	0.043478
22	246	0.043478
22	249	0.038462
22	252	0.043478
22	256	0.037037
22	257	0.034483
22	259	0.038462
22	262	0.033333
22	272	0.038462
22	274	0.040000
22	277	0.040000
22	280	0.047619
22	283	0.050000
22	288	0.040000
22	289	0.045455
22	295	0.045455
22	297	0.047619
22	298	0.040000
22	303	0.038462
22	304	0.050000
22	305	0.047619
22	309	0.033333
22	315	0.050000
22	321	0.052632
22	325	0.038462
22	326	0.045455
22	331	0.050000
22	338	0.047619
22	341	0.045455
22	346	0.047619
22	347	0.052632
22	348	0.052632
22	349	0.055556
22	353	0.043478
22	354	0.047619
22	356	0.055556
22	363	0.040000
22	368	0.050000
22	372	0.045455
22	374	0.050000
22	384	0.041667
22	387	0.052632
22	390	0.055556
22	391	0.052632
22	393	0.052632
22	400	0.058824
22	420	0.058824
22	421	0.052632
22	431	0.055556
22	441	0.055556
22	443	0.055556
22	448	0.055556
22	451	0.055556
23	1	0.010989
23	2	0.013699
23	3	0.022727
23	4	0.011364
23	6	0.010417
23	7	0.010204
23	8	0.012658
23	9	0.015873
23	10	0.015873
23	11	0.018868
23	12	0.010204
23	13	0.014706
23	14	0.010309
23	15	0.012987
23	19	0.006061
23	20	0.006173
23	21	0.008403
23	24	0.010101
23	26	0.012048
23	27	0.017544
23	28	0.026316
23	29	0.023810
23	30	0.025641
23	31	0.040000
23	32	0.007042
23	34	0.010101
23	37	0.012500
23	38	0.010000
23	40	0.011364
23	42	0.014286
23	43	0.017544
23	45	0.012658
23	47	0.009259
23	50	0.013889
23	51	0.015385
23	53	0.018868
23	54	0.013514
23	58	0.021739
23	59	0.024390
23	60	0.023810
23	66	0.016667
23	72	0.020408
23	74	0.017544
23	75	0.023256
23	76	0.014706
23	79	0.018182
23	81	0.014085
23	87	0.022222
23	91	0.035714
23	93	0.030303
23	94	0.037037
23	95	0.043478
23	96	0.020408
23	97	0.023810
23	100	0.020833
23	105	0.022222
23	108	0.021739
23	113	0.025641
23	115	0.024390
23	120	0.028571
23	121	0.023810
23	123	0.037037
23	124	0.047619
23	125	0.037037
23	128	0.029412
23	130	0.023256
23	132	0.025641
23	136	0.029412
23	138	0.021277
23	139	0.025000
23	140	0.025641
23	143	0.030303
23	144	0.023256
23	154	0.027778
23	155	0.047619
23	160	0.025641
23	161	0.025000
23	164	0.033333
23	167	0.030303
23	171	0.030303
23	176	0.031250
23	183	0.043478
23	192	0.027027
23	194	0.031250
23	200	0.034483
23	206	0.032258
23	210	0.038462
23	211	0.035714
23	219	0.052632
23	226	0.038462
23	237	0.043478
23	245	0.043478
23	247	0.034483
23	250	0.038462
23	252	0.043478
23	256	0.037037
23	264	0.052632
23	265	0.037037
23	266	0.032258
23	267	0.047619
23	274	0.040000
23	283	0.050000
23	287	0.055556
23	296	0.047619
23	302	0.047619
23	308	0.050000
23	311	0.052632
23	322	0.055556
23	323	0.040000
23	342	0.045455
23	343	0.043478
23	344	0.041667
23	367	0.052632
23	379	0.052632
23	392	0.055556
23	394	0.045455
23	396	0.055556
23	413	0.055556
23	414	0.055556
23	420	0.058824
23	425	0.055556
23	428	0.055556
23	440	0.055556
23	441	0.055556
23	446	0.055556
24	1	0.010989
24	2	0.013699
24	4	0.011364
24	5	0.016949
24	6	0.010417
24	7	0.010204
24	8	0.012658
24	9	0.015873
24	10	0.015873
24	11	0.018868
24	13	0.014706
24	16	0.013333
24	18	0.006098
24	19	0.006061
24	20	0.006173
24	22	0.006803
24	23	0.008000
24	26	0.012048
24	27	0.017544
24	29	0.023810
24	31	0.040000
24	35	0.009524
24	37	0.012500
24	39	0.013889
24	40	0.011364
24	42	0.014286
24	45	0.012658
24	48	0.013333
24	50	0.013889
24	51	0.015385
24	56	0.024390
24	58	0.021739
24	62	0.045455
24	64	0.014286
24	70	0.014706
24	71	0.027778
24	73	0.016129
24	74	0.017544
24	77	0.015385
24	81	0.014085
24	83	0.024390
24	90	0.027778
24	93	0.030303
24	100	0.020833
24	102	0.025000
24	107	0.028571
24	111	0.020833
24	113	0.025641
24	118	0.022727
24	123	0.037037
24	125	0.037037
24	128	0.029412
24	135	0.020408
24	136	0.029412
24	140	0.025641
24	142	0.029412
24	143	0.030303
24	149	0.025000
24	153	0.041667
24	154	0.027778
24	157	0.040000
24	169	0.032258
24	170	0.033333
24	173	0.033333
24	180	0.032258
24	181	0.040000
24	188	0.041667
24	193	0.033333
24	199	0.038462
24	205	0.035714
24	214	0.037037
24	216	0.033333
24	217	0.047619
24	227	0.038462
24	240	0.045455
24	245	0.043478
24	247	0.034483
24	264	0.052632
24	276	0.047619
24	280	0.047619
24	287	0.055556
24	297	0.047619
24	301	0.050000
24	307	0.043478
24	310	0.043478
24	314	0.043478
24	318	0.050000
24	320	0.052632
24	322	0.055556
24	336	0.045455
24	364	0.052632
24	384	0.041667
24	390	0.055556
24	402	0.052632
24	406	0.052632
24	414	0.055556
24	415	0.055556
24	417	0.050000
24	424	0.052632
25	2	0.013699
25	3	0.022727
25	4	0.011364
25	5	0.016949
25	7	0.010204
25	9	0.015873
25	10	0.015873
25	11	0.018868
25	12	0.010204
25	14	0.010309
25	15	0.012987
25	16	0.013333
25	17	0.015385
25	18	0.006098
25	19	0.006061
25	20	0.006173
25	22	0.006803
25	26	0.012048
25	28	0.026316
25	30	0.025641
25	32	0.007042
25	33	0.010000
25	34	0.010101
25	36	0.010417
25	37	0.012500
25	38	0.010000
25	42	0.014286
25	44	0.013514
25	46	0.014085
25	49	0.014706
25	52	0.012048
25	53	0.018868
25	54	0.013514
25	56	0.024390
25	58	0.021739
25	59	0.024390
25	67	0.018868
25	69	0.020000
25	72	0.020408
25	73	0.016129
25	74	0.017544
25	75	0.023256
25	79	0.018182
25	80	0.021739
25	86	0.020833
25	88	0.022222
25	91	0.035714
25	94	0.037037
25	104	0.022222
25	106	0.027027
25	107	0.028571
25	108	0.021739
25	109	0.027778
25	113	0.025641
25	114	0.025641
25	117	0.029412
25	123	0.037037
25	127	0.047619
25	134	0.028571
25	145	0.031250
25	146	0.038462
25	147	0.025641
25	152	0.045455
25	154	0.027778
25	156	0.038462
25	162	0.030303
25	166	0.031250
25	169	0.032258
25	174	0.027778
25	176	0.031250
25	182	0.038462
25	187	0.037037
25	191	0.052632
25	219	0.052632
25	220	0.047619
25	224	0.045455
25	234	0.037037
25	236	0.040000
25	237	0.043478
25	241	0.035714
25	254	0.041667
25	262	0.033333
25	270	0.047619
25	305	0.047619
25	315	0.050000
25	320	0.052632
25	321	0.052632
25	361	0.055556
25	365	0.045455
25	380	0.055556
25	381	0.052632
25	386	0.047619
25	413	0.055556
25	415	0.055556
25	427	0.055556
25	443	0.055556
25	444	0.055556
26	1	0.010989
26	4	0.011364
26	6	0.010417
26	7	0.010204
26	8	0.012658
26	9	0.015873
26	10	0.015873
26	13	0.014706
26	14	0.010309
26	15	0.012987
26	17	0.015385
26	18	0.006098
26	19	0.006061
26	20	0.006173
26	21	0.008403
26	23	0.008000
26	24	0.010101
26	25	0.010309
26	27	0.017544
26	32	0.007042
26	33	0.010000
26	34	0.010101
26	35	0.009524
26	37	0.012500
26	40	0.011364
26	42	0.014286
26	47	0.009259
26	48	0.013333
26	49	0.014706
26	52	0.012048
26	56	0.024390
26	60	0.023810
26	64	0.014286
26	68	0.020000
26	69	0.020000
26	71	0.027778
26	72	0.020408
26	73	0.016129
26	76	0.014706
26	78	0.023256
26	103	0.026316
26	106	0.027027
26	119	0.032258
26	131	0.034483
26	133	0.027778
26	134	0.028571
26	140	0.025641
26	145	0.031250
26	146	0.038462
26	153	0.041667
26	154	0.027778
26	160	0.025641
26	187	0.037037
26	199	0.038462
26	200	0.034483
26	204	0.029412
26	214	0.037037
26	221	0.045455
26	228	0.038462
26	231	0.034483
26	237	0.043478
26	238	0.035714
26	240	0.045455
26	241	0.035714
26	260	0.047619
26	271	0.035714
26	279	0.047619
26	282	0.050000
26	283	0.050000
26	292	0.037037
26	296	0.047619
26	298	0.040000
26	302	0.047619
26	312	0.047619
26	321	0.052632
26	342	0.045455
26	357	0.052632
26	390	0.055556
26	394	0.045455
26	402	0.052632
26	434	0.055556
26	443	0.055556
26	446	0.055556
27	1	0.010989
27	2	0.013699
27	3	0.022727
27	4	0.011364
27	5	0.016949
27	7	0.010204
27	9	0.015873
27	11	0.018868
27	12	0.010204
27	14	0.010309
27	16	0.013333
27	17	0.015385
27	18	0.006098
27	19	0.006061
27	20	0.006173
27	23	0.008000
27	24	0.010101
27	26	0.012048
27	28	0.026316
27	32	0.007042
27	36	0.010417
27	37	0.012500
27	38	0.010000
27	39	0.013889
27	42	0.014286
27	49	0.014706
27	50	0.013889
27	62	0.045455
27	69	0.020000
27	70	0.014706
27	73	0.016129
27	74	0.017544
27	76	0.014706
27	93	0.030303
27	96	0.020408
27	111	0.020833
27	113	0.025641
27	178	0.030303
27	184	0.034483
27	187	0.037037
27	195	0.030303
27	211	0.035714
27	222	0.038462
27	228	0.038462
27	257	0.034483
27	272	0.038462
27	278	0.043478
27	283	0.050000
27	289	0.045455
27	296	0.047619
27	320	0.052632
27	353	0.043478
27	362	0.050000
27	373	0.050000
27	394	0.045455
27	409	0.050000
27	431	0.055556
28	1	0.010989
28	4	0.011364
28	6	0.010417
28	8	0.012658
28	11	0.018868
28	12	0.010204
28	14	0.010309
28	15	0.012987
28	16	0.013333
28	18	0.006098
28	19	0.006061
28	20	0.006173
28	21	0.008403
28	22	0.006803
28	23	0.008000
28	25	0.010309
28	27	0.017544
28	34	0.010101
28	35	0.009524
28	38	0.010000
28	39	0.013889
28	46	0.014085
28	55	0.013514
28	66	0.016667
28	71	0.027778
28	73	0.016129
28	79	0.018182
28	80	0.021739
28	83	0.024390
28	85	0.025641
28	102	0.025000
28	166	0.031250
28	181	0.040000
28	200	0.034483
28	239	0.041667
28	254	0.041667
28	296	0.047619
28	327	0.047619
29	1	0.010989
29	3	0.022727
29	4	0.011364
29	6	0.010417
29	7	0.010204
29	8	0.012658
29	9	0.015873
29	11	0.018868
29	12	0.010204
29	14	0.010309
29	18	0.006098
29	19	0.006061
29	20	0.006173
29	21	0.008403
29	22	0.006803
29	23	0.008000
29	24	0.010101
29	33	0.010000
29	35	0.009524
29	41	0.012658
29	45	0.012658
29	46	0.014085
29	50	0.013889
29	52	0.012048
29	66	0.016667
29	77	0.015385
29	80	0.021739
29	84	0.021739
29	87	0.022222
29	103	0.026316
29	108	0.021739
29	120	0.028571
29	123	0.037037
29	142	0.029412
29	244	0.047619
29	249	0.038462
29	296	0.047619
29	309	0.033333
29	311	0.052632
29	391	0.052632
29	418	0.052632
29	445	0.055556
30	1	0.010989
30	2	0.013699
30	3	0.022727
30	4	0.011364
30	5	0.016949
30	6	0.010417
30	7	0.010204
30	8	0.012658
30	9	0.015873
30	12	0.010204
30	15	0.012987
30	19	0.006061
30	20	0.006173
30	21	0.008403
30	22	0.006803
30	23	0.008000
30	25	0.010309
30	31	0.040000
30	36	0.010417
30	47	0.009259
30	54	0.013514
30	66	0.016667
30	79	0.018182
30	84	0.021739
30	101	0.022222
30	112	0.025641
30	127	0.047619
30	157	0.040000
30	164	0.033333
30	184	0.034483
30	189	0.040000
30	205	0.035714
30	219	0.052632
30	245	0.043478
30	247	0.034483
30	274	0.040000
30	293	0.043478
30	316	0.047619
30	354	0.047619
31	0	0.026316
31	1	0.010989
31	2	0.013699
31	4	0.011364
31	5	0.016949
31	6	0.010417
31	8	0.012658
31	9	0.015873
31	11	0.018868
31	12	0.010204
31	15	0.012987
31	18	0.006098
31	19	0.006061
31	22	0.006803
31	23	0.008000
31	24	0.010101
31	30	0.025641
31	36	0.010417
31	46	0.014085
31	58	0.021739
31	59	0.024390
31	70	0.014706
31	75	0.023256
31	147	0.025641
31	426	0.055556
32	6	0.010417
32	7	0.010204
32	9	0.015873
32	10	0.015873
32	11	0.018868
32	13	0.014706
32	14	0.010309
32	15	0.012987
32	17	0.015385
32	18	0.006098
32	19	0.006061
32	20	0.006173
32	21	0.008403
32	22	0.006803
32	23	0.008000
32	25	0.010309
32	26	0.012048
32	27	0.017544
32	33	0.010000
32	34	0.010101
32	37	0.012500
32	38	0.010000
32	39	0.013889
32	40	0.011364
32	43	0.017544
32	44	0.013514
32	45	0.012658
32	46	0.014085
32	48	0.013333
32	50	0.013889
32	51	0.015385
32	54	0.013514
32	57	0.021739
32	59	0.024390
32	61	0.027027
32	62	0.045455
32	63	0.047619
32	67	0.018868
32	69	0.020000
32	72	0.020408
32	73	0.016129
32	74	0.017544
32	75	0.023256
32	79	0.018182
32	81	0.014085
32	83	0.024390
32	85	0.025641
32	86	0.020833
32	88	0.022222
32	90	0.027778
32	91	0.035714
32	92	0.032258
32	97	0.023810
32	104	0.022222
32	107	0.028571
32	108	0.021739
32	111	0.020833
32	114	0.025641
32	121	0.023810
32	122	0.025641
32	127	0.047619
32	132	0.025641
32	134	0.028571
32	135	0.020408
32	143	0.030303
32	145	0.031250
32	147	0.025641
32	148	0.027027
32	149	0.025000
32	151	0.035714
32	154	0.027778
32	155	0.047619
32	156	0.038462
32	157	0.040000
32	161	0.025000
32	162	0.030303
32	163	0.034483
32	165	0.035714
32	169	0.032258
32	173	0.033333
32	183	0.043478
32	188	0.041667
32	194	0.031250
32	196	0.040000
32	197	0.027778
32	198	0.027778
32	202	0.037037
32	203	0.035714
32	208	0.028571
32	215	0.045455
32	220	0.047619
32	221	0.045455
32	222	0.038462
32	227	0.038462
32	228	0.038462
32	229	0.038462
32	233	0.041667
32	234	0.037037
32	236	0.040000
32	237	0.043478
32	241	0.035714
32	243	0.038462
32	246	0.043478
32	248	0.041667
32	252	0.043478
32	254	0.041667
32	259	0.038462
32	264	0.052632
32	266	0.032258
32	273	0.045455
32	276	0.047619
32	279	0.047619
32	281	0.041667
32	286	0.052632
32	295	0.045455
32	297	0.047619
32	302	0.047619
32	312	0.047619
32	319	0.047619
32	327	0.047619
32	328	0.043478
32	329	0.038462
32	330	0.045455
32	335	0.052632
32	346	0.047619
32	348	0.052632
32	352	0.047619
32	354	0.047619
32	361	0.055556
32	365	0.045455
32	366	0.047619
32	367	0.052632
32	369	0.052632
32	386	0.047619
32	393	0.052632
32	402	0.052632
32	411	0.052632
32	427	0.055556
32	432	0.052632
32	437	0.055556
32	440	0.055556
32	441	0.055556
33	1	0.010989
33	2	0.013699
33	4	0.011364
33	8	0.012658
33	10	0.015873
33	11	0.018868
33	14	0.010309
33	16	0.013333
33	18	0.006098
33	19	0.006061
33	20	0.006173
33	21	0.008403
33	22	0.006803
33	25	0.010309
33	26	0.012048
33	29	0.023810
33	32	0.007042
33	35	0.009524
33	39	0.013889
33	40	0.011364
33	41	0.012658
33	49	0.014706
33	51	0.015385
33	53	0.018868
33	55	0.013514
33	61	0.027027
33	62	0.045455
33	63	0.047619
33	64	0.014286
33	67	0.018868
33	68	0.020000
33	69	0.020000
33	71	0.027778
33	72	0.020408
33	77	0.015385
33	80	0.021739
33	81	0.014085
33	82	0.025641
33	84	0.021739
33	85	0.025641
33	87	0.022222
33	89	0.024390
33	92	0.032258
33	94	0.037037
33	99	0.025641
33	101	0.022222
33	102	0.025000
33	103	0.026316
33	117	0.029412
33	133	0.027778
33	136	0.029412
33	137	0.020833
33	138	0.021277
33	145	0.031250
33	150	0.030303
33	162	0.030303
33	164	0.033333
33	171	0.030303
33	172	0.037037
33	176	0.031250
33	184	0.034483
33	186	0.037037
33	192	0.027027
33	201	0.032258
33	207	0.041667
33	218	0.038462
33	219	0.052632
33	230	0.047619
33	237	0.043478
33	241	0.035714
33	243	0.038462
33	248	0.041667
33	250	0.038462
33	253	0.052632
33	255	0.047619
33	274	0.040000
33	282	0.050000
33	283	0.050000
33	297	0.047619
33	312	0.047619
33	315	0.050000
33	317	0.052632
33	327	0.047619
33	335	0.052632
33	338	0.047619
33	343	0.043478
33	365	0.045455
33	376	0.055556
33	381	0.052632
33	387	0.052632
33	389	0.050000
33	401	0.050000
33	402	0.052632
33	406	0.052632
33	409	0.050000
33	422	0.052632
33	428	0.055556
33	432	0.052632
33	439	0.055556
33	446	0.055556
34	2	0.013699
34	5	0.016949
34	7	0.010204
34	8	0.012658
34	12	0.010204
34	13	0.014706
34	14	0.010309
34	15	0.012987
34	17	0.015385
34	18	0.006098
34	20	0.006173
34	21	0.008403
34	22	0.006803
34	23	0.008000
34	25	0.010309
34	26	0.012048
34	28	0.026316
34	32	0.007042
34	35	0.009524
34	36	0.010417
34	45	0.012658
34	49	0.014706
34	51	0.015385
34	54	0.013514
34	60	0.023810
34	66	0.016667
34	72	0.020408
34	73	0.016129
34	74	0.017544
34	76	0.014706
34	78	0.023256
34	80	0.021739
34	81	0.014085
34	82	0.025641
34	87	0.022222
34	90	0.027778
34	91	0.035714
34	93	0.030303
34	95	0.043478
34	96	0.020408
34	99	0.025641
34	101	0.022222
34	102	0.025000
34	103	0.026316
34	104	0.022222
34	108	0.021739
34	118	0.022727
34	120	0.028571
34	128	0.029412
34	142	0.029412
34	144	0.023256
34	148	0.027027
34	150	0.030303
34	156	0.038462
34	158	0.043478
34	163	0.034483
34	171	0.030303
34	175	0.038462
34	178	0.030303
34	189	0.040000
34	193	0.033333
34	197	0.027778
34	208	0.028571
34	219	0.052632
34	220	0.047619
34	235	0.040000
34	239	0.041667
34	242	0.034483
34	253	0.052632
34	259	0.038462
34	268	0.034483
34	273	0.045455
34	280	0.047619
34	289	0.045455
34	292	0.037037
34	302	0.047619
34	313	0.055556
34	324	0.052632
34	325	0.038462
34	327	0.047619
34	332	0.047619
34	336	0.045455
34	339	0.043478
34	343	0.043478
34	346	0.047619
34	349	0.055556
34	372	0.045455
34	374	0.050000
34	378	0.055556
34	416	0.055556
34	421	0.052632
34	422	0.052632
34	426	0.055556
34	431	0.055556
34	432	0.052632
34	439	0.055556
34	442	0.052632
34	448	0.055556
34	451	0.055556
35	3	0.022727
35	4	0.011364
35	5	0.016949
35	8	0.012658
35	14	0.010309
35	15	0.012987
35	16	0.013333
35	17	0.015385
35	18	0.006098
35	19	0.006061
35	20	0.006173
35	22	0.006803
35	24	0.010101
35	26	0.012048
35	28	0.026316
35	29	0.023810
35	33	0.010000
35	34	0.010101
35	36	0.010417
35	37	0.012500
35	41	0.012658
35	43	0.017544
35	44	0.013514
35	47	0.009259
35	50	0.013889
35	52	0.012048
35	55	0.013514
35	57	0.021739
35	58	0.021739
35	59	0.024390
35	60	0.023810
35	61	0.027027
35	63	0.047619
35	67	0.018868
35	68	0.020000
35	72	0.020408
35	76	0.014706
35	79	0.018182
35	88	0.022222
35	91	0.035714
35	97	0.023810
35	99	0.025641
35	105	0.022222
35	109	0.027778
35	114	0.025641
35	119	0.032258
35	120	0.028571
35	122	0.025641
35	138	0.021277
35	140	0.025641
35	141	0.035714
35	142	0.029412
35	143	0.030303
35	147	0.025641
35	150	0.030303
35	157	0.040000
35	160	0.025641
35	172	0.037037
35	175	0.038462
35	177	0.035714
35	178	0.030303
35	182	0.038462
35	184	0.034483
35	190	0.041667
35	191	0.052632
35	194	0.031250
35	195	0.030303
35	200	0.034483
35	201	0.032258
35	205	0.035714
35	206	0.032258
35	207	0.041667
35	208	0.028571
35	219	0.052632
35	227	0.038462
35	229	0.038462
35	231	0.034483
35	232	0.034483
35	238	0.035714
35	239	0.041667
35	241	0.035714
35	247	0.034483
35	252	0.043478
35	254	0.041667
35	262	0.033333
35	273	0.045455
35	274	0.040000
35	281	0.041667
35	292	0.037037
35	296	0.047619
35	326	0.045455
35	327	0.047619
35	330	0.045455
35	334	0.043478
35	348	0.052632
35	353	0.043478
35	366	0.047619
35	368	0.050000
35	373	0.050000
35	386	0.047619
35	397	0.050000
35	401	0.050000
35	439	0.055556
35	442	0.052632
35	451	0.055556
36	1	0.010989
36	2	0.013699
36	5	0.016949
36	6	0.010417
36	8	0.012658
36	15	0.012987
36	17	0.015385
36	18	0.006098
36	19	0.006061
36	20	0.006173
36	21	0.008403
36	22	0.006803
36	25	0.010309
36	27	0.017544
36	30	0.025641
36	31	0.040000
36	34	0.010101
36	35	0.009524
36	39	0.013889
36	40	0.011364
36	43	0.017544
36	44	0.013514
36	52	0.012048
36	54	0.013514
36	57	0.021739
36	58	0.021739
36	59	0.024390
36	62	0.045455
36	65	0.014925
36	68	0.020000
36	73	0.016129
36	75	0.023256
36	78	0.023256
36	81	0.014085
36	82	0.025641
36	83	0.024390
36	84	0.021739
36	87	0.022222
36	90	0.027778
36	97	0.023810
36	99	0.025641
36	101	0.022222
36	103	0.026316
36	112	0.025641
36	115	0.024390
36	116	0.018519
36	121	0.023810
36	123	0.037037
36	125	0.037037
36	127	0.047619
36	133	0.027778
36	135	0.020408
36	137	0.020833
36	161	0.025000
36	170	0.033333
36	188	0.041667
36	190	0.041667
36	206	0.032258
36	207	0.041667
36	210	0.038462
36	215	0.045455
36	217	0.047619
36	218	0.038462
36	233	0.041667
36	234	0.037037
36	240	0.045455
36	242	0.034483
36	255	0.047619
36	257	0.034483
36	265	0.037037
36	268	0.034483
36	269	0.043478
36	271	0.035714
36	273	0.045455
36	287	0.055556
36	289	0.045455
36	314	0.043478
36	317	0.052632
36	319	0.047619
36	320	0.052632
36	323	0.040000
36	340	0.045455
36	349	0.055556
36	358	0.052632
36	365	0.045455
36	379	0.052632
36	381	0.052632
36	385	0.052632
36	388	0.050000
36	389	0.050000
36	396	0.055556
36	398	0.055556
36	399	0.052632
36	420	0.058824
36	428	0.055556
36	445	0.055556
37	1	0.010989
37	4	0.011364
37	6	0.010417
37	8	0.012658
37	9	0.015873
37	15	0.012987
37	16	0.013333
37	18	0.006098
37	19	0.006061
37	21	0.008403
37	22	0.006803
37	23	0.008000
37	24	0.010101
37	25	0.010309
37	26	0.012048
37	27	0.017544
37	32	0.007042
37	35	0.009524
37	38	0.010000
37	39	0.013889
37	40	0.011364
37	41	0.012658
37	43	0.017544
37	47	0.009259
37	52	0.012048
37	54	0.013514
37	55	0.013514
37	57	0.021739
37	58	0.021739
37	59	0.024390
37	60	0.023810
37	64	0.014286
37	67	0.018868
37	73	0.016129
37	83	0.024390
37	100	0.020833
37	102	0.025000
37	103	0.026316
37	108	0.021739
37	113	0.025641
37	116	0.018519
37	125	0.037037
37	135	0.020408
37	150	0.030303
37	166	0.031250
37	172	0.037037
37	187	0.037037
37	195	0.030303
37	198	0.027778
37	201	0.032258
37	206	0.032258
37	208	0.028571
37	222	0.038462
37	234	0.037037
37	238	0.035714
37	254	0.041667
37	256	0.037037
37	261	0.035714
37	262	0.033333
37	278	0.043478
37	281	0.041667
37	289	0.045455
37	298	0.040000
37	301	0.050000
37	302	0.047619
37	317	0.052632
37	328	0.043478
37	336	0.045455
37	338	0.047619
37	347	0.052632
37	349	0.055556
37	370	0.052632
37	380	0.055556
37	392	0.055556
37	403	0.052632
37	404	0.052632
37	405	0.050000
37	406	0.052632
37	419	0.055556
37	423	0.058824
38	1	0.010989
38	2	0.013699
38	4	0.011364
38	5	0.016949
38	6	0.010417
38	9	0.015873
38	11	0.018868
38	15	0.012987
38	16	0.013333
38	18	0.006098
38	21	0.008403
38	23	0.008000
38	25	0.010309
38	27	0.017544
38	28	0.026316
38	32	0.007042
38	37	0.012500
38	41	0.012658
38	43	0.017544
38	44	0.013514
38	45	0.012658
38	48	0.013333
38	49	0.014706
38	52	0.012048
38	53	0.018868
38	54	0.013514
38	55	0.013514
38	59	0.024390
38	63	0.047619
38	64	0.014286
38	66	0.016667
38	67	0.018868
38	68	0.020000
38	69	0.020000
38	70	0.014706
38	71	0.027778
38	74	0.017544
38	76	0.014706
38	77	0.015385
38	79	0.018182
38	87	0.022222
38	92	0.032258
38	95	0.043478
38	98	0.021739
38	100	0.020833
38	103	0.026316
38	105	0.022222
38	107	0.028571
38	108	0.021739
38	114	0.025641
38	115	0.024390
38	119	0.032258
38	121	0.023810
38	122	0.025641
38	126	0.045455
38	128	0.029412
38	132	0.025641
38	135	0.020408
38	143	0.030303
38	158	0.043478
38	160	0.025641
38	165	0.035714
38	166	0.031250
38	168	0.027027
38	169	0.032258
38	180	0.032258
38	181	0.040000
38	182	0.038462
38	185	0.032258
38	188	0.041667
38	194	0.031250
38	197	0.027778
38	210	0.038462
38	231	0.034483
38	253	0.052632
38	266	0.032258
38	270	0.047619
38	277	0.040000
38	280	0.047619
38	287	0.055556
38	290	0.043478
38	291	0.045455
38	294	0.045455
38	320	0.052632
38	329	0.038462
38	344	0.041667
38	346	0.047619
38	356	0.055556
38	363	0.040000
38	367	0.052632
38	369	0.052632
38	375	0.052632
38	410	0.055556
38	427	0.055556
38	428	0.055556
38	430	0.055556
38	432	0.052632
38	433	0.055556
38	442	0.052632
38	451	0.055556
39	4	0.011364
39	5	0.016949
39	7	0.010204
39	11	0.018868
39	15	0.012987
39	16	0.013333
39	18	0.006098
39	19	0.006061
39	20	0.006173
39	21	0.008403
39	22	0.006803
39	24	0.010101
39	27	0.017544
39	28	0.026316
39	32	0.007042
39	33	0.010000
39	36	0.010417
39	37	0.012500
39	41	0.012658
39	50	0.013889
39	51	0.015385
39	53	0.018868
39	61	0.027027
39	63	0.047619
39	67	0.018868
39	68	0.020000
39	70	0.014706
39	75	0.023256
39	76	0.014706
39	87	0.022222
39	89	0.024390
39	97	0.023810
39	98	0.021739
39	101	0.022222
39	107	0.028571
39	108	0.021739
39	111	0.020833
39	148	0.027027
39	157	0.040000
39	158	0.043478
39	161	0.025000
39	176	0.031250
39	177	0.035714
39	179	0.040000
39	193	0.033333
39	194	0.031250
39	202	0.037037
39	204	0.029412
39	223	0.043478
39	224	0.045455
39	227	0.038462
39	231	0.034483
39	248	0.041667
39	255	0.047619
39	263	0.045455
39	272	0.038462
39	279	0.047619
39	299	0.043478
39	323	0.040000
39	324	0.052632
39	326	0.045455
39	335	0.052632
39	345	0.047619
39	354	0.047619
39	373	0.050000
39	377	0.055556
39	382	0.052632
39	390	0.055556
39	404	0.052632
39	417	0.050000
39	427	0.055556
39	449	0.055556
40	0	0.026316
40	1	0.010989
40	2	0.013699
40	7	0.010204
40	8	0.012658
40	12	0.010204
40	14	0.010309
40	15	0.012987
40	18	0.006098
40	20	0.006173
40	22	0.006803
40	23	0.008000
40	24	0.010101
40	26	0.012048
40	32	0.007042
40	33	0.010000
40	36	0.010417
40	37	0.012500
40	41	0.012658
40	42	0.014286
40	44	0.013514
40	45	0.012658
40	48	0.013333
40	52	0.012048
40	57	0.021739
40	58	0.021739
40	64	0.014286
40	65	0.014925
40	66	0.016667
40	67	0.018868
40	71	0.027778
40	80	0.021739
40	81	0.014085
40	86	0.020833
40	88	0.022222
40	90	0.027778
40	91	0.035714
40	95	0.043478
40	96	0.020408
40	99	0.025641
40	103	0.026316
40	106	0.027027
40	112	0.025641
40	114	0.025641
40	116	0.018519
40	117	0.029412
40	120	0.028571
40	129	0.035714
40	135	0.020408
40	139	0.025000
40	152	0.045455
40	163	0.034483
40	166	0.031250
40	168	0.027027
40	173	0.033333
40	179	0.040000
40	181	0.040000
40	186	0.037037
40	188	0.041667
40	199	0.038462
40	202	0.037037
40	217	0.047619
40	223	0.043478
40	225	0.040000
40	251	0.045455
40	255	0.047619
40	257	0.034483
40	260	0.047619
40	261	0.035714
40	269	0.043478
40	285	0.040000
40	289	0.045455
40	292	0.037037
40	293	0.043478
40	313	0.055556
40	327	0.047619
40	329	0.038462
40	332	0.047619
40	342	0.045455
40	344	0.041667
40	359	0.055556
40	360	0.052632
40	375	0.052632
40	386	0.047619
40	416	0.055556
40	417	0.050000
40	426	0.055556
40	447	0.055556
41	7	0.010204
41	8	0.012658
41	9	0.015873
41	10	0.015873
41	12	0.010204
41	14	0.010309
41	16	0.013333
41	19	0.006061
41	21	0.008403
41	22	0.006803
41	29	0.023810
41	33	0.010000
41	35	0.009524
41	37	0.012500
41	38	0.010000
41	39	0.013889
41	40	0.011364
41	44	0.013514
41	45	0.012658
41	48	0.013333
41	49	0.014706
41	52	0.012048
41	53	0.018868
41	55	0.013514
41	63	0.047619
41	64	0.014286
41	65	0.014925
41	68	0.020000
41	69	0.020000
41	70	0.014706
41	71	0.027778
41	74	0.017544
41	86	0.020833
41	89	0.024390
41	95	0.043478
41	98	0.021739
41	100	0.020833
41	102	0.025000
41	107	0.028571
41	109	0.027778
41	117	0.029412
41	120	0.028571
41	128	0.029412
41	131	0.034483
41	135	0.020408
41	136	0.029412
41	138	0.021277
41	142	0.029412
41	147	0.025641
41	150	0.030303
41	155	0.047619
41	170	0.033333
41	173	0.033333
41	199	0.038462
41	206	0.032258
41	207	0.041667
41	209	0.034483
41	218	0.038462
41	236	0.040000
41	242	0.034483
41	249	0.038462
41	287	0.055556
41	290	0.043478
41	294	0.045455
41	316	0.047619
41	317	0.052632
41	366	0.047619
41	367	0.052632
41	368	0.050000
41	369	0.052632
41	370	0.052632
41	371	0.047619
41	387	0.052632
41	398	0.055556
41	408	0.052632
41	410	0.055556
41	412	0.055556
41	433	0.055556
41	447	0.055556
42	6	0.010417
42	7	0.010204
42	8	0.012658
42	12	0.010204
42	13	0.014706
42	14	0.010309
42	17	0.015385
42	18	0.006098
42	19	0.006061
42	20	0.006173
42	21	0.008403
42	22	0.006803
42	23	0.008000
42	24	0.010101
42	25	0.010309
42	26	0.012048
42	27	0.017544
42	40	0.011364
42	43	0.017544
42	44	0.013514
42	45	0.012658
42	49	0.014706
42	50	0.013889
42	53	0.018868
42	54	0.013514
42	55	0.013514
42	56	0.024390
42	57	0.021739
42	59	0.024390
42	63	0.047619
42	74	0.017544
42	75	0.023256
42	77	0.015385
42	87	0.022222
42	89	0.024390
42	97	0.023810
42	102	0.025000
42	115	0.024390
42	123	0.037037
42	136	0.029412
42	140	0.025641
42	145	0.031250
42	150	0.030303
42	155	0.047619
42	169	0.032258
42	183	0.043478
42	192	0.027027
42	196	0.040000
42	211	0.035714
42	223	0.043478
42	224	0.045455
42	239	0.041667
42	258	0.040000
42	267	0.047619
42	279	0.047619
42	283	0.050000
42	291	0.045455
42	294	0.045455
42	306	0.038462
42	312	0.047619
42	314	0.043478
42	315	0.050000
42	325	0.038462
42	331	0.050000
42	351	0.055556
42	370	0.052632
42	378	0.055556
42	384	0.041667
42	397	0.050000
42	435	0.052632
43	0	0.026316
43	1	0.010989
43	3	0.022727
43	4	0.011364
43	6	0.010417
43	9	0.015873
43	10	0.015873
43	12	0.010204
43	13	0.014706
43	23	0.008000
43	32	0.007042
43	35	0.009524
43	36	0.010417
43	37	0.012500
43	38	0.010000
43	42	0.014286
43	52	0.012048
43	58	0.021739
43	61	0.027027
43	65	0.014925
43	68	0.020000
43	69	0.020000
43	72	0.020408
43	79	0.018182
43	80	0.021739
43	89	0.024390
43	96	0.020408
43	105	0.022222
43	109	0.027778
43	115	0.024390
43	158	0.043478
43	165	0.035714
43	170	0.033333
43	172	0.037037
43	178	0.030303
43	207	0.041667
43	210	0.038462
43	216	0.033333
43	225	0.040000
43	242	0.034483
43	251	0.045455
43	252	0.043478
43	262	0.033333
43	264	0.052632
43	280	0.047619
43	285	0.040000
43	300	0.050000
43	319	0.047619
43	325	0.038462
43	339	0.043478
43	366	0.047619
43	369	0.052632
43	376	0.055556
43	388	0.050000
43	391	0.052632
43	401	0.050000
43	438	0.052632
44	10	0.015873
44	12	0.010204
44	13	0.014706
44	16	0.013333
44	19	0.006061
44	20	0.006173
44	21	0.008403
44	22	0.006803
44	25	0.010309
44	32	0.007042
44	35	0.009524
44	36	0.010417
44	38	0.010000
44	40	0.011364
44	41	0.012658
44	42	0.014286
44	46	0.014085
44	48	0.013333
44	51	0.015385
44	54	0.013514
44	57	0.021739
44	62	0.045455
44	66	0.016667
44	86	0.020833
44	92	0.032258
44	93	0.030303
44	105	0.022222
44	108	0.021739
44	109	0.027778
44	110	0.020408
44	117	0.029412
44	118	0.022727
44	121	0.023810
44	124	0.047619
44	126	0.045455
44	129	0.035714
44	130	0.023256
44	139	0.025000
44	144	0.023256
44	152	0.045455
44	154	0.027778
44	159	0.052632
44	161	0.025000
44	162	0.030303
44	167	0.030303
44	181	0.040000
44	188	0.041667
44	189	0.040000
44	191	0.052632
44	195	0.030303
44	198	0.027778
44	200	0.034483
44	205	0.035714
44	212	0.038462
44	213	0.041667
44	217	0.047619
44	220	0.047619
44	227	0.038462
44	229	0.038462
44	259	0.038462
44	265	0.037037
44	291	0.045455
44	311	0.052632
44	318	0.050000
44	323	0.040000
44	327	0.047619
44	358	0.052632
44	380	0.055556
44	398	0.055556
44	412	0.055556
44	415	0.055556
44	429	0.052632
44	436	0.055556
44	442	0.052632
45	5	0.016949
45	7	0.010204
45	9	0.015873
45	12	0.010204
45	13	0.014706
45	18	0.006098
45	19	0.006061
45	20	0.006173
45	21	0.008403
45	23	0.008000
45	24	0.010101
45	29	0.023810
45	32	0.007042
45	34	0.010101
45	38	0.010000
45	40	0.011364
45	41	0.012658
45	42	0.014286
45	47	0.009259
45	48	0.013333
45	58	0.021739
45	59	0.024390
45	60	0.023810
45	64	0.014286
45	74	0.017544
45	81	0.014085
45	83	0.024390
45	84	0.021739
45	89	0.024390
45	91	0.035714
45	92	0.032258
45	96	0.020408
45	97	0.023810
45	98	0.021739
45	102	0.025000
45	107	0.028571
45	115	0.024390
45	117	0.029412
45	121	0.023810
45	124	0.047619
45	132	0.025641
45	134	0.028571
45	137	0.020833
45	139	0.025000
45	146	0.038462
45	153	0.041667
45	155	0.047619
45	157	0.040000
45	164	0.033333
45	167	0.030303
45	170	0.033333
45	179	0.040000
45	180	0.032258
45	194	0.031250
45	196	0.040000
45	204	0.029412
45	205	0.035714
45	210	0.038462
45	222	0.038462
45	230	0.047619
45	233	0.041667
45	236	0.040000
45	240	0.045455
45	255	0.047619
45	256	0.037037
45	269	0.043478
45	295	0.045455
45	307	0.043478
45	337	0.050000
45	339	0.043478
45	343	0.043478
45	370	0.052632
45	388	0.050000
45	389	0.050000
45	401	0.050000
45	408	0.052632
45	428	0.055556
45	430	0.055556
45	436	0.055556
46	6	0.010417
46	7	0.010204
46	9	0.015873
46	10	0.015873
46	12	0.010204
46	14	0.010309
46	15	0.012987
46	17	0.015385
46	18	0.006098
46	19	0.006061
46	20	0.006173
46	22	0.006803
46	25	0.010309
46	28	0.026316
46	29	0.023810
46	31	0.040000
46	32	0.007042
46	44	0.013514
46	50	0.013889
46	52	0.012048
46	53	0.018868
46	55	0.013514
46	57	0.021739
46	59	0.024390
46	70	0.014706
46	75	0.023256
46	79	0.018182
46	80	0.021739
46	84	0.021739
46	88	0.022222
46	92	0.032258
46	93	0.030303
46	103	0.026316
46	104	0.022222
46	107	0.028571
46	121	0.023810
46	125	0.037037
46	130	0.023256
46	132	0.025641
46	135	0.020408
46	143	0.030303
46	146	0.038462
46	152	0.045455
46	169	0.032258
46	175	0.038462
46	182	0.038462
46	189	0.040000
46	195	0.030303
46	212	0.038462
46	237	0.043478
46	245	0.043478
46	251	0.045455
46	258	0.040000
46	280	0.047619
46	291	0.045455
46	293	0.043478
46	295	0.045455
46	313	0.055556
46	321	0.052632
46	346	0.047619
46	348	0.052632
46	349	0.055556
46	361	0.055556
46	365	0.045455
46	376	0.055556
46	381	0.052632
46	399	0.052632
46	415	0.055556
46	436	0.055556
46	438	0.052632
46	440	0.055556
47	6	0.010417
47	7	0.010204
47	9	0.015873
47	12	0.010204
47	13	0.014706
47	14	0.010309
47	15	0.012987
47	17	0.015385
47	18	0.006098
47	19	0.006061
47	21	0.008403
47	22	0.006803
47	23	0.008000
47	26	0.012048
47	30	0.025641
47	35	0.009524
47	37	0.012500
47	45	0.012658
47	48	0.013333
47	49	0.014706
47	51	0.015385
47	52	0.012048
47	54	0.013514
47	55	0.013514
47	56	0.024390
47	57	0.021739
47	58	0.021739
47	65	0.014925
47	67	0.018868
47	68	0.020000
47	70	0.014706
47	74	0.017544
47	76	0.014706
47	78	0.023256
47	85	0.025641
47	88	0.022222
47	89	0.024390
47	90	0.027778
47	92	0.032258
47	93	0.030303
47	95	0.043478
47	96	0.020408
47	98	0.021739
47	99	0.025641
47	108	0.021739
47	110	0.020408
47	112	0.025641
47	114	0.025641
47	115	0.024390
47	119	0.032258
47	120	0.028571
47	123	0.037037
47	126	0.045455
47	127	0.047619
47	129	0.035714
47	132	0.025641
47	134	0.028571
47	139	0.025000
47	143	0.030303
47	149	0.025000
47	159	0.052632
47	162	0.030303
47	164	0.033333
47	172	0.037037
47	176	0.031250
47	177	0.035714
47	181	0.040000
47	185	0.032258
47	187	0.037037
47	191	0.052632
47	201	0.032258
47	208	0.028571
47	209	0.034483
47	210	0.038462
47	222	0.038462
47	223	0.043478
47	225	0.040000
47	234	0.037037
47	238	0.035714
47	239	0.041667
47	246	0.043478
47	253	0.052632
47	256	0.037037
47	265	0.037037
47	281	0.041667
47	285	0.040000
47	301	0.050000
47	309	0.033333
47	310	0.043478
47	313	0.055556
47	314	0.043478
47	325	0.038462
47	334	0.043478
47	347	0.052632
47	351	0.055556
47	352	0.047619
47	355	0.043478
47	359	0.055556
47	370	0.052632
47	378	0.055556
47	380	0.055556
47	388	0.050000
47	392	0.055556
47	394	0.045455
47	399	0.052632
47	406	0.052632
47	434	0.055556
47	443	0.055556
48	2	0.013699
48	3	0.022727
48	4	0.011364
48	6	0.010417
48	8	0.012658
48	9	0.015873
48	10	0.015873
48	20	0.006173
48	22	0.006803
48	24	0.010101
48	26	0.012048
48	32	0.007042
48	38	0.010000
48	40	0.011364
48	41	0.012658
48	44	0.013514
48	45	0.012658
48	47	0.009259
48	57	0.021739
48	65	0.014925
48	70	0.014706
48	77	0.015385
48	78	0.023256
48	79	0.018182
48	93	0.030303
48	99	0.025641
48	119	0.032258
48	127	0.047619
48	128	0.029412
48	130	0.023256
48	143	0.030303
48	147	0.025641
48	158	0.043478
48	160	0.025641
48	163	0.034483
48	165	0.035714
48	168	0.027027
48	172	0.037037
48	193	0.033333
48	198	0.027778
48	200	0.034483
48	202	0.037037
48	210	0.038462
48	214	0.037037
48	215	0.045455
48	221	0.045455
48	230	0.047619
48	234	0.037037
48	240	0.045455
48	244	0.047619
48	247	0.034483
48	249	0.038462
48	255	0.047619
48	258	0.040000
48	260	0.047619
48	262	0.033333
48	263	0.045455
48	269	0.043478
48	276	0.047619
48	281	0.041667
48	290	0.043478
48	297	0.047619
48	307	0.043478
48	308	0.050000
48	310	0.043478
48	326	0.045455
48	329	0.038462
48	332	0.047619
48	346	0.047619
48	384	0.041667
48	405	0.050000
48	419	0.055556
48	432	0.052632
48	444	0.055556
48	445	0.055556
49	7	0.010204
49	8	0.012658
49	9	0.015873
49	12	0.010204
49	17	0.015385
49	18	0.006098
49	19	0.006061
49	20	0.006173
49	22	0.006803
49	25	0.010309
49	26	0.012048
49	27	0.017544
49	33	0.010000
49	34	0.010101
49	38	0.010000
49	41	0.012658
49	42	0.014286
49	47	0.009259
49	61	0.027027
49	62	0.045455
49	71	0.027778
49	77	0.015385
49	81	0.014085
49	90	0.027778
49	93	0.030303
49	95	0.043478
49	99	0.025641
49	101	0.022222
49	104	0.022222
49	109	0.027778
49	110	0.020408
49	112	0.025641
49	113	0.025641
49	120	0.028571
49	127	0.047619
49	128	0.029412
49	135	0.020408
49	144	0.023256
49	145	0.031250
49	151	0.035714
49	160	0.025641
49	164	0.033333
49	175	0.038462
49	177	0.035714
49	185	0.032258
49	197	0.027778
49	231	0.034483
49	232	0.034483
49	239	0.041667
49	244	0.047619
49	250	0.038462
49	255	0.047619
49	271	0.035714
49	272	0.038462
49	278	0.043478
49	301	0.050000
49	302	0.047619
49	309	0.033333
49	316	0.047619
49	322	0.055556
49	344	0.041667
49	345	0.047619
49	346	0.047619
49	385	0.052632
49	412	0.055556
49	428	0.055556
49	429	0.052632
49	435	0.052632
50	1	0.010989
50	2	0.013699
50	6	0.010417
50	12	0.010204
50	14	0.010309
50	18	0.006098
50	19	0.006061
50	21	0.008403
50	23	0.008000
50	24	0.010101
50	27	0.017544
50	29	0.023810
50	32	0.007042
50	35	0.009524
50	39	0.013889
50	42	0.014286
50	46	0.014085
50	54	0.013514
50	56	0.024390
50	61	0.027027
50	62	0.045455
50	63	0.047619
50	67	0.018868
50	69	0.020000
50	72	0.020408
50	78	0.023256
50	79	0.018182
50	88	0.022222
50	94	0.037037
50	95	0.043478
50	96	0.020408
50	97	0.023810
50	103	0.026316
50	104	0.022222
50	112	0.025641
50	121	0.023810
50	122	0.025641
50	130	0.023256
50	132	0.025641
50	143	0.030303
50	146	0.038462
50	155	0.047619
50	189	0.040000
50	204	0.029412
50	207	0.041667
50	208	0.028571
50	211	0.035714
50	218	0.038462
50	224	0.045455
50	260	0.047619
50	265	0.037037
50	269	0.043478
50	271	0.035714
50	272	0.038462
50	275	0.035714
50	276	0.047619
50	281	0.041667
50	289	0.045455
50	316	0.047619
50	324	0.052632
50	333	0.050000
50	335	0.052632
50	352	0.047619
50	368	0.050000
50	385	0.052632
50	393	0.052632
50	413	0.055556
50	414	0.055556
50	424	0.052632
50	430	0.055556
50	446	0.055556
50	450	0.055556
51	0	0.026316
51	2	0.013699
51	6	0.010417
51	7	0.010204
51	8	0.012658
51	14	0.010309
51	18	0.006098
51	20	0.006173
51	21	0.008403
51	23	0.008000
51	24	0.010101
51	32	0.007042
51	33	0.010000
51	34	0.010101
51	39	0.013889
51	44	0.013514
51	47	0.009259
51	66	0.016667
51	69	0.020000
51	81	0.014085
51	94	0.037037
51	97	0.023810
51	102	0.025000
51	106	0.027027
51	108	0.021739
51	109	0.027778
51	111	0.020833
51	112	0.025641
51	126	0.045455
51	143	0.030303
51	147	0.025641
51	148	0.027027
51	151	0.035714
51	153	0.041667
51	173	0.033333
51	185	0.032258
51	186	0.037037
51	197	0.027778
51	211	0.035714
51	212	0.038462
51	213	0.041667
51	218	0.038462
51	225	0.040000
51	237	0.043478
51	242	0.034483
51	248	0.041667
51	250	0.038462
51	255	0.047619
51	261	0.035714
51	272	0.038462
51	282	0.050000
51	285	0.040000
51	299	0.043478
51	300	0.050000
51	322	0.055556
51	335	0.052632
51	341	0.045455
51	347	0.052632
51	353	0.043478
51	357	0.052632
51	360	0.052632
51	364	0.052632
51	372	0.045455
51	415	0.055556
51	440	0.055556
52	2	0.013699
52	10	0.015873
52	13	0.014706
52	18	0.006098
52	19	0.006061
52	22	0.006803
52	25	0.010309
52	26	0.012048
52	29	0.023810
52	35	0.009524
52	36	0.010417
52	37	0.012500
52	38	0.010000
52	40	0.011364
52	41	0.012658
52	43	0.017544
52	46	0.014085
52	47	0.009259
52	53	0.018868
52	58	0.021739
52	64	0.014286
52	65	0.014925
52	69	0.020000
52	70	0.014706
52	72	0.020408
52	79	0.018182
52	92	0.032258
52	101	0.022222
52	105	0.022222
52	109	0.027778
52	112	0.025641
52	119	0.032258
52	133	0.027778
52	134	0.028571
52	135	0.020408
52	137	0.020833
52	139	0.025000
52	141	0.035714
52	142	0.029412
52	143	0.030303
52	160	0.025641
52	165	0.035714
52	166	0.031250
52	172	0.037037
52	179	0.040000
52	182	0.038462
52	193	0.033333
52	198	0.027778
52	201	0.032258
52	221	0.045455
52	226	0.038462
52	236	0.040000
52	244	0.047619
52	245	0.043478
52	248	0.041667
52	258	0.040000
52	261	0.035714
52	268	0.034483
52	270	0.047619
52	272	0.038462
52	279	0.047619
52	282	0.050000
52	295	0.045455
52	307	0.043478
52	323	0.040000
52	330	0.045455
52	332	0.047619
52	348	0.052632
52	359	0.055556
52	365	0.045455
52	376	0.055556
52	378	0.055556
52	387	0.052632
52	391	0.052632
52	392	0.055556
52	404	0.052632
52	405	0.050000
52	407	0.055556
52	416	0.055556
52	425	0.055556
52	426	0.055556
52	433	0.055556
52	446	0.055556
53	1	0.010989
53	4	0.011364
53	6	0.010417
53	13	0.014706
53	14	0.010309
53	17	0.015385
53	18	0.006098
53	20	0.006173
53	21	0.008403
53	23	0.008000
53	25	0.010309
53	33	0.010000
53	38	0.010000
53	39	0.013889
53	41	0.012658
53	42	0.014286
53	46	0.014085
53	52	0.012048
53	57	0.021739
53	65	0.014925
53	66	0.016667
53	73	0.016129
53	82	0.025641
53	85	0.025641
53	87	0.022222
53	92	0.032258
53	93	0.030303
53	96	0.020408
53	109	0.027778
53	110	0.020408
53	112	0.025641
53	116	0.018519
53	120	0.028571
53	126	0.045455
53	185	0.032258
53	192	0.027027
53	236	0.040000
53	239	0.041667
53	242	0.034483
53	255	0.047619
53	264	0.052632
53	271	0.035714
53	288	0.040000
53	297	0.047619
53	308	0.050000
53	322	0.055556
53	336	0.045455
53	343	0.043478
53	349	0.055556
53	372	0.045455
53	386	0.047619
53	413	0.055556
53	415	0.055556
54	3	0.022727
54	6	0.010417
54	10	0.015873
54	14	0.010309
54	18	0.006098
54	22	0.006803
54	23	0.008000
54	25	0.010309
54	30	0.025641
54	32	0.007042
54	34	0.010101
54	36	0.010417
54	37	0.012500
54	38	0.010000
54	42	0.014286
54	44	0.013514
54	47	0.009259
54	50	0.013889
54	56	0.024390
54	57	0.021739
54	62	0.045455
54	71	0.027778
54	77	0.015385
54	96	0.020408
54	99	0.025641
54	103	0.026316
54	105	0.022222
54	113	0.025641
54	114	0.025641
54	123	0.037037
54	125	0.037037
54	132	0.025641
54	136	0.029412
54	138	0.021277
54	140	0.025641
54	141	0.035714
54	144	0.023256
54	149	0.025000
54	151	0.035714
54	164	0.033333
54	170	0.033333
54	171	0.030303
54	184	0.034483
54	190	0.041667
54	192	0.027027
54	197	0.027778
54	205	0.035714
54	218	0.038462
54	225	0.040000
54	245	0.043478
54	259	0.038462
54	262	0.033333
54	289	0.045455
54	290	0.043478
54	293	0.043478
54	297	0.047619
54	302	0.047619
54	304	0.050000
54	309	0.033333
54	323	0.040000
54	340	0.045455
54	355	0.043478
54	356	0.055556
54	361	0.055556
54	378	0.055556
54	392	0.055556
54	393	0.052632
54	396	0.055556
54	401	0.050000
54	416	0.055556
54	418	0.052632
54	425	0.055556
54	447	0.055556
54	449	0.055556
55	1	0.010989
55	3	0.022727
55	5	0.016949
55	6	0.010417
55	7	0.010204
55	10	0.015873
55	14	0.010309
55	16	0.013333
55	20	0.006173
55	28	0.026316
55	33	0.010000
55	35	0.009524
55	37	0.012500
55	38	0.010000
55	41	0.012658
55	42	0.014286
55	46	0.014085
55	47	0.009259
55	57	0.021739
55	63	0.047619
55	68	0.020000
55	71	0.027778
55	74	0.017544
55	78	0.023256
55	83	0.024390
55	86	0.020833
55	89	0.024390
55	90	0.027778
55	93	0.030303
55	95	0.043478
55	102	0.025000
55	106	0.027027
55	108	0.021739
55	114	0.025641
55	115	0.024390
55	123	0.037037
55	131	0.034483
55	132	0.025641
55	134	0.028571
55	140	0.025641
55	154	0.027778
55	161	0.025000
55	165	0.035714
55	169	0.032258
55	174	0.027778
55	179	0.040000
55	185	0.032258
55	187	0.037037
55	196	0.040000
55	198	0.027778
55	205	0.035714
55	210	0.038462
55	218	0.038462
55	226	0.038462
55	231	0.034483
55	238	0.035714
55	251	0.045455
55	261	0.035714
55	266	0.032258
55	270	0.047619
55	275	0.035714
55	299	0.043478
55	301	0.050000
55	310	0.043478
55	313	0.055556
55	337	0.050000
55	342	0.045455
55	354	0.047619
55	388	0.050000
55	397	0.050000
55	414	0.055556
55	416	0.055556
55	431	0.055556
55	444	0.055556
56	1	0.010989
56	4	0.011364
56	6	0.010417
56	7	0.010204
56	12	0.010204
56	14	0.010309
56	16	0.013333
56	17	0.015385
56	19	0.006061
56	24	0.010101
56	25	0.010309
56	26	0.012048
56	42	0.014286
56	47	0.009259
56	50	0.013889
56	54	0.013514
56	58	0.021739
56	71	0.027778
56	106	0.027027
56	109	0.027778
56	111	0.020833
56	113	0.025641
56	122	0.025641
56	127	0.047619
56	136	0.029412
56	160	0.025641
56	173	0.033333
56	199	0.038462
56	205	0.035714
56	225	0.040000
56	241	0.035714
56	263	0.045455
56	322	0.055556
56	326	0.045455
56	342	0.045455
56	385	0.052632
56	405	0.050000
56	408	0.052632
56	439	0.055556
56	445	0.055556
56	447	0.055556
57	4	0.011364
57	19	0.006061
57	20	0.006173
57	21	0.008403
57	22	0.006803
57	32	0.007042
57	35	0.009524
57	36	0.010417
57	37	0.012500
57	40	0.011364
57	42	0.014286
57	44	0.013514
57	46	0.014085
57	47	0.009259
57	48	0.013333
57	53	0.018868
57	54	0.013514
57	55	0.013514
57	60	0.023810
57	64	0.014286
57	77	0.015385
57	84	0.021739
57	100	0.020833
57	113	0.025641
57	120	0.028571
57	124	0.047619
57	181	0.040000
57	187	0.037037
57	235	0.040000
57	249	0.038462
57	251	0.045455
57	265	0.037037
57	283	0.050000
57	284	0.045455
57	299	0.043478
57	310	0.043478
57	316	0.047619
57	324	0.052632
57	327	0.047619
57	339	0.043478
57	343	0.043478
57	346	0.047619
57	371	0.047619
57	387	0.052632
57	409	0.050000
57	434	0.055556
58	6	0.010417
58	13	0.014706
58	16	0.013333
58	18	0.006098
58	19	0.006061
58	23	0.008000
58	24	0.010101
58	25	0.010309
58	31	0.040000
58	35	0.009524
58	36	0.010417
58	37	0.012500
58	40	0.011364
58	43	0.017544
58	45	0.012658
58	47	0.009259
58	52	0.012048
58	56	0.024390
58	67	0.018868
58	69	0.020000
58	70	0.014706
58	72	0.020408
58	77	0.015385
58	83	0.024390
58	89	0.024390
58	90	0.027778
58	105	0.022222
58	128	0.029412
58	150	0.030303
58	155	0.047619
58	162	0.030303
58	184	0.034483
58	191	0.052632
58	196	0.040000
58	280	0.047619
58	299	0.043478
58	313	0.055556
58	318	0.050000
58	339	0.043478
58	360	0.052632
58	362	0.050000
58	411	0.052632
58	426	0.055556
58	430	0.055556
58	437	0.055556
58	450	0.055556
59	1	0.010989
59	2	0.013699
59	6	0.010417
59	14	0.010309
59	19	0.006061
59	20	0.006173
59	21	0.008403
59	23	0.008000
59	25	0.010309
59	31	0.040000
59	32	0.007042
59	35	0.009524
59	36	0.010417
59	37	0.012500
59	38	0.010000
59	42	0.014286
59	45	0.012658
59	46	0.014085
59	62	0.045455
59	103	0.026316
59	104	0.022222
59	114	0.025641
59	146	0.038462
59	151	0.035714
59	155	0.047619
59	175	0.038462
59	182	0.038462
59	201	0.032258
59	217	0.047619
59	218	0.038462
59	254	0.041667
59	270	0.047619
59	277	0.040000
59	292	0.037037
59	298	0.040000
59	329	0.038462
59	364	0.052632
59	365	0.045455
59	416	0.055556
59	428	0.055556
59	445	0.055556
60	4	0.011364
60	6	0.010417
60	7	0.010204
60	11	0.018868
60	14	0.010309
60	15	0.012987
60	17	0.015385
60	18	0.006098
60	19	0.006061
60	23	0.008000
60	26	0.012048
60	34	0.010101
60	35	0.009524
60	37	0.012500
60	45	0.012658
60	57	0.021739
60	62	0.045455
60	64	0.014286
60	70	0.014706
60	73	0.016129
60	74	0.017544
60	77	0.015385
60	80	0.021739
60	100	0.020833
60	106	0.027027
60	118	0.022727
60	140	0.025641
60	142	0.029412
60	150	0.030303
60	156	0.038462
60	158	0.043478
60	166	0.031250
60	200	0.034483
60	239	0.041667
60	244	0.047619
60	246	0.043478
60	257	0.034483
60	261	0.035714
60	288	0.040000
60	305	0.047619
60	342	0.045455
60	437	0.055556
61	2	0.013699
61	7	0.010204
61	9	0.015873
61	10	0.015873
61	14	0.010309
61	16	0.013333
61	17	0.015385
61	18	0.006098
61	19	0.006061
61	20	0.006173
61	22	0.006803
61	32	0.007042
61	33	0.010000
61	35	0.009524
61	39	0.013889
61	43	0.017544
61	49	0.014706
61	50	0.013889
61	62	0.045455
61	68	0.020000
61	69	0.020000
61	71	0.027778
61	80	0.021739
61	91	0.035714
61	98	0.021739
61	156	0.038462
61	169	0.032258
61	199	0.038462
61	219	0.052632
61	242	0.034483
61	296	0.047619
61	305	0.047619
61	314	0.043478
61	346	0.047619
61	355	0.043478
61	390	0.055556
61	411	0.052632
62	2	0.013699
62	4	0.011364
62	15	0.012987
62	17	0.015385
62	20	0.006173
62	22	0.006803
62	24	0.010101
62	27	0.017544
62	32	0.007042
62	33	0.010000
62	36	0.010417
62	44	0.013514
62	49	0.014706
62	50	0.013889
62	54	0.013514
62	59	0.024390
62	60	0.023810
62	61	0.027027
62	64	0.014286
62	190	0.041667
62	390	0.055556
62	414	0.055556
63	3	0.022727
63	5	0.016949
63	6	0.010417
63	7	0.010204
63	14	0.010309
63	18	0.006098
63	19	0.006061
63	20	0.006173
63	32	0.007042
63	33	0.010000
63	35	0.009524
63	38	0.010000
63	39	0.013889
63	41	0.012658
63	42	0.014286
63	50	0.013889
63	55	0.013514
63	73	0.016129
63	111	0.020833
63	239	0.041667
63	315	0.050000
64	3	0.022727
64	8	0.012658
64	9	0.015873
64	14	0.010309
64	18	0.006098
64	22	0.006803
64	24	0.010101
64	26	0.012048
64	33	0.010000
64	37	0.012500
64	38	0.010000
64	40	0.011364
64	41	0.012658
64	45	0.012658
64	52	0.012048
64	57	0.021739
64	60	0.023810
64	62	0.045455
64	68	0.020000
64	76	0.014706
64	81	0.014085
64	83	0.024390
64	84	0.021739
64	94	0.037037
64	101	0.022222
64	114	0.025641
64	117	0.029412
64	126	0.045455
64	132	0.025641
64	137	0.020833
64	146	0.038462
64	153	0.041667
64	157	0.040000
64	168	0.027027
64	170	0.033333
64	171	0.030303
64	173	0.033333
64	174	0.027778
64	193	0.033333
64	194	0.031250
64	197	0.027778
64	203	0.035714
64	206	0.032258
64	208	0.028571
64	221	0.045455
64	223	0.043478
64	235	0.040000
64	236	0.040000
64	239	0.041667
64	240	0.045455
64	242	0.034483
64	258	0.040000
64	274	0.040000
64	278	0.043478
64	286	0.052632
64	306	0.038462
64	307	0.043478
64	317	0.052632
64	330	0.045455
64	336	0.045455
64	337	0.050000
64	348	0.052632
64	357	0.052632
64	367	0.052632
64	372	0.045455
64	373	0.050000
64	384	0.041667
64	405	0.050000
64	413	0.055556
64	423	0.058824
65	0	0.026316
65	5	0.016949
65	7	0.010204
65	8	0.012658
65	10	0.015873
65	11	0.018868
65	14	0.010309
65	19	0.006061
65	20	0.006173
65	22	0.006803
65	36	0.010417
65	40	0.011364
65	41	0.012658
65	43	0.017544
65	47	0.009259
65	48	0.013333
65	52	0.012048
65	53	0.018868
65	69	0.020000
65	71	0.027778
65	75	0.023256
65	85	0.025641
65	86	0.020833
65	88	0.022222
65	92	0.032258
65	98	0.021739
65	110	0.020408
65	116	0.018519
65	117	0.029412
65	118	0.022727
65	124	0.047619
65	126	0.045455
65	129	0.035714
65	132	0.025641
65	137	0.020833
65	145	0.031250
65	147	0.025641
65	150	0.030303
65	171	0.030303
65	188	0.041667
65	194	0.031250
65	199	0.038462
65	200	0.034483
65	203	0.035714
65	204	0.029412
65	209	0.034483
65	210	0.038462
65	215	0.045455
65	217	0.047619
65	222	0.038462
65	230	0.047619
65	255	0.047619
65	256	0.037037
65	265	0.037037
65	288	0.040000
65	289	0.045455
65	316	0.047619
65	317	0.052632
65	334	0.043478
65	336	0.045455
65	351	0.055556
65	352	0.047619
65	358	0.052632
65	374	0.050000
65	410	0.055556
65	421	0.052632
65	428	0.055556
66	4	0.011364
66	6	0.010417
66	7	0.010204
66	8	0.012658
66	17	0.015385
66	18	0.006098
66	19	0.006061
66	20	0.006173
66	23	0.008000
66	28	0.026316
66	29	0.023810
66	30	0.025641
66	34	0.010101
66	38	0.010000
66	40	0.011364
66	44	0.013514
66	51	0.015385
66	53	0.018868
66	90	0.027778
66	94	0.037037
66	97	0.023810
66	110	0.020408
66	111	0.020833
66	113	0.025641
66	116	0.018519
66	123	0.037037
66	132	0.025641
66	136	0.029412
66	139	0.025000
66	140	0.025641
66	145	0.031250
66	156	0.038462
66	162	0.030303
66	164	0.033333
66	171	0.030303
66	209	0.034483
66	229	0.038462
66	245	0.043478
66	249	0.038462
66	253	0.052632
66	267	0.047619
66	271	0.035714
66	272	0.038462
66	295	0.045455
66	299	0.043478
66	318	0.050000
66	320	0.052632
66	325	0.038462
66	346	0.047619
66	350	0.052632
66	359	0.055556
66	366	0.047619
66	380	0.055556
66	385	0.052632
66	386	0.047619
66	393	0.052632
66	407	0.055556
66	417	0.050000
66	433	0.055556
66	440	0.055556
67	0	0.026316
67	1	0.010989
67	4	0.011364
67	6	0.010417
67	14	0.010309
67	19	0.006061
67	22	0.006803
67	25	0.010309
67	32	0.007042
67	33	0.010000
67	35	0.009524
67	37	0.012500
67	38	0.010000
67	39	0.013889
67	40	0.011364
67	47	0.009259
67	50	0.013889
67	58	0.021739
67	76	0.014706
67	78	0.023256
67	85	0.025641
67	89	0.024390
67	111	0.020833
67	114	0.025641
67	115	0.024390
67	122	0.025641
67	129	0.035714
67	131	0.034483
67	134	0.028571
67	137	0.020833
67	179	0.040000
67	194	0.031250
67	203	0.035714
67	219	0.052632
67	224	0.045455
67	233	0.041667
67	241	0.035714
67	251	0.045455
67	257	0.034483
67	259	0.038462
67	264	0.052632
67	269	0.043478
67	274	0.040000
67	284	0.045455
67	303	0.038462
67	345	0.047619
67	347	0.052632
67	359	0.055556
67	362	0.050000
67	376	0.055556
67	422	0.052632
67	428	0.055556
67	450	0.055556
68	1	0.010989
68	5	0.016949
68	18	0.006098
68	19	0.006061
68	20	0.006173
68	22	0.006803
68	26	0.012048
68	33	0.010000
68	35	0.009524
68	36	0.010417
68	38	0.010000
68	39	0.013889
68	41	0.012658
68	43	0.017544
68	47	0.009259
68	55	0.013514
68	61	0.027027
68	64	0.014286
68	74	0.017544
68	78	0.023256
68	81	0.014085
68	82	0.025641
68	83	0.024390
68	92	0.032258
68	98	0.021739
68	100	0.020833
68	127	0.047619
68	141	0.035714
68	148	0.027027
68	159	0.052632
68	174	0.027778
68	181	0.040000
68	186	0.037037
68	187	0.037037
68	196	0.040000
68	207	0.041667
68	238	0.035714
68	240	0.045455
68	244	0.047619
68	252	0.043478
68	275	0.035714
68	284	0.045455
68	292	0.037037
68	298	0.040000
68	302	0.047619
68	305	0.047619
68	363	0.040000
68	365	0.045455
68	382	0.052632
68	406	0.052632
69	4	0.011364
69	7	0.010204
69	19	0.006061
69	20	0.006173
69	25	0.010309
69	26	0.012048
69	27	0.017544
69	32	0.007042
69	33	0.010000
69	38	0.010000
69	41	0.012658
69	43	0.017544
69	50	0.013889
69	51	0.015385
69	52	0.012048
69	58	0.021739
69	61	0.027027
69	65	0.014925
69	85	0.025641
69	141	0.035714
69	142	0.029412
69	145	0.031250
69	150	0.030303
69	153	0.041667
69	159	0.052632
69	190	0.041667
69	191	0.052632
69	200	0.034483
69	210	0.038462
69	241	0.035714
69	248	0.041667
69	257	0.034483
69	270	0.047619
69	284	0.045455
69	287	0.055556
69	296	0.047619
69	301	0.050000
69	302	0.047619
69	303	0.038462
69	309	0.033333
69	327	0.047619
69	331	0.050000
69	339	0.043478
69	354	0.047619
69	356	0.055556
69	362	0.050000
69	364	0.052632
69	368	0.050000
69	376	0.055556
69	432	0.052632
70	0	0.026316
70	1	0.010989
70	11	0.018868
70	12	0.010204
70	17	0.015385
70	18	0.006098
70	24	0.010101
70	27	0.017544
70	31	0.040000
70	38	0.010000
70	39	0.013889
70	41	0.012658
70	46	0.014085
70	47	0.009259
70	48	0.013333
70	52	0.012048
70	58	0.021739
70	60	0.023810
70	77	0.015385
70	82	0.025641
70	85	0.025641
70	88	0.022222
70	94	0.037037
70	103	0.026316
70	104	0.022222
70	121	0.023810
70	137	0.020833
70	138	0.021277
70	141	0.035714
70	148	0.027027
70	151	0.035714
70	157	0.040000
70	163	0.034483
70	168	0.027027
70	169	0.032258
70	175	0.038462
70	177	0.035714
70	186	0.037037
70	193	0.033333
70	199	0.038462
70	209	0.034483
70	222	0.038462
70	224	0.045455
70	238	0.035714
70	240	0.045455
70	244	0.047619
70	254	0.041667
70	266	0.032258
70	268	0.034483
70	270	0.047619
70	272	0.038462
70	310	0.043478
70	318	0.050000
70	332	0.047619
70	334	0.043478
70	336	0.045455
70	374	0.050000
70	376	0.055556
70	378	0.055556
70	381	0.052632
70	395	0.055556
70	400	0.058824
70	406	0.052632
70	409	0.050000
70	416	0.055556
70	418	0.052632
70	424	0.052632
70	436	0.055556
71	1	0.010989
71	18	0.006098
71	19	0.006061
71	20	0.006173
71	21	0.008403
71	24	0.010101
71	26	0.012048
71	28	0.026316
71	33	0.010000
71	38	0.010000
71	40	0.011364
71	41	0.012658
71	49	0.014706
71	54	0.013514
71	55	0.013514
71	56	0.024390
71	61	0.027027
71	65	0.014925
71	82	0.025641
71	85	0.025641
71	98	0.021739
71	101	0.022222
71	118	0.022727
71	121	0.023810
71	126	0.045455
71	129	0.035714
71	178	0.030303
71	183	0.043478
71	193	0.033333
71	263	0.045455
71	291	0.045455
71	305	0.047619
71	319	0.047619
71	394	0.045455
71	396	0.055556
71	397	0.050000
72	1	0.010989
72	2	0.013699
72	14	0.010309
72	15	0.012987
72	16	0.013333
72	18	0.006098
72	23	0.008000
72	25	0.010309
72	26	0.012048
72	32	0.007042
72	33	0.010000
72	34	0.010101
72	35	0.009524
72	43	0.017544
72	50	0.013889
72	52	0.012048
72	58	0.021739
72	94	0.037037
72	95	0.043478
72	99	0.025641
72	108	0.021739
72	113	0.025641
72	115	0.024390
72	126	0.045455
72	135	0.020408
72	141	0.035714
72	152	0.045455
72	156	0.038462
72	167	0.030303
72	171	0.030303
72	172	0.037037
72	196	0.040000
72	235	0.040000
72	251	0.045455
72	252	0.043478
72	253	0.052632
72	266	0.032258
72	267	0.047619
72	268	0.034483
72	277	0.040000
72	301	0.050000
72	312	0.047619
72	316	0.047619
72	338	0.047619
72	339	0.043478
72	340	0.045455
72	370	0.052632
72	371	0.047619
72	438	0.052632
73	7	0.010204
73	11	0.018868
73	16	0.013333
73	18	0.006098
73	19	0.006061
73	20	0.006173
73	24	0.010101
73	25	0.010309
73	26	0.012048
73	27	0.017544
73	28	0.026316
73	32	0.007042
73	34	0.010101
73	36	0.010417
73	37	0.012500
73	53	0.018868
73	60	0.023810
73	63	0.047619
73	84	0.021739
73	87	0.022222
73	90	0.027778
73	98	0.021739
73	99	0.025641
73	100	0.020833
73	125	0.037037
73	128	0.029412
73	130	0.023256
73	133	0.027778
73	136	0.029412
73	148	0.027027
73	159	0.052632
73	180	0.032258
73	189	0.040000
73	191	0.052632
73	196	0.040000
73	199	0.038462
73	205	0.035714
73	207	0.041667
73	210	0.038462
73	212	0.038462
73	215	0.045455
73	224	0.045455
73	228	0.038462
73	243	0.038462
73	264	0.052632
73	278	0.043478
73	291	0.045455
73	294	0.045455
73	328	0.043478
73	334	0.043478
73	344	0.041667
73	366	0.047619
73	369	0.052632
73	370	0.052632
73	386	0.047619
73	391	0.052632
73	403	0.052632
73	410	0.055556
73	437	0.055556
73	440	0.055556
73	441	0.055556
73	443	0.055556
74	10	0.015873
74	12	0.010204
74	14	0.010309
74	17	0.015385
74	23	0.008000
74	24	0.010101
74	25	0.010309
74	27	0.017544
74	32	0.007042
74	34	0.010101
74	38	0.010000
74	41	0.012658
74	42	0.014286
74	45	0.012658
74	47	0.009259
74	55	0.013514
74	60	0.023810
74	68	0.020000
74	76	0.014706
74	83	0.024390
74	95	0.043478
74	105	0.022222
74	122	0.025641
74	126	0.045455
74	131	0.034483
74	138	0.021277
74	142	0.029412
74	144	0.023256
74	168	0.027027
74	170	0.033333
74	186	0.037037
74	198	0.027778
74	241	0.035714
74	258	0.040000
74	259	0.038462
74	261	0.035714
74	285	0.040000
74	297	0.047619
74	303	0.038462
74	305	0.047619
74	307	0.043478
74	308	0.050000
74	321	0.052632
74	327	0.047619
74	343	0.043478
74	345	0.047619
74	350	0.052632
74	359	0.055556
74	381	0.052632
74	398	0.055556
74	401	0.050000
74	413	0.055556
74	415	0.055556
74	417	0.050000
74	435	0.052632
74	437	0.055556
74	440	0.055556
75	2	0.013699
75	7	0.010204
75	12	0.010204
75	13	0.014706
75	16	0.013333
75	18	0.006098
75	21	0.008403
75	22	0.006803
75	23	0.008000
75	25	0.010309
75	31	0.040000
75	32	0.007042
75	36	0.010417
75	39	0.013889
75	42	0.014286
75	46	0.014085
75	65	0.014925
75	77	0.015385
75	97	0.023810
75	122	0.025641
75	128	0.029412
75	129	0.035714
75	147	0.025641
75	154	0.027778
75	159	0.052632
75	163	0.034483
75	165	0.035714
75	186	0.037037
75	210	0.038462
75	225	0.040000
75	282	0.050000
75	294	0.045455
75	308	0.050000
75	353	0.043478
75	356	0.055556
75	368	0.050000
75	372	0.045455
75	393	0.052632
75	399	0.052632
75	411	0.052632
75	427	0.055556
75	431	0.055556
75	435	0.052632
76	1	0.010989
76	8	0.012658
76	10	0.015873
76	11	0.018868
76	12	0.010204
76	22	0.006803
76	23	0.008000
76	26	0.012048
76	27	0.017544
76	34	0.010101
76	35	0.009524
76	38	0.010000
76	39	0.013889
76	47	0.009259
76	64	0.014286
76	67	0.018868
76	74	0.017544
76	79	0.018182
76	82	0.025641
76	95	0.043478
76	98	0.021739
76	100	0.020833
76	114	0.025641
76	119	0.032258
76	122	0.025641
76	124	0.047619
76	130	0.023256
76	134	0.028571
76	136	0.029412
76	142	0.029412
76	149	0.025000
76	151	0.035714
76	169	0.032258
76	174	0.027778
76	185	0.032258
76	186	0.037037
76	192	0.027027
76	195	0.030303
76	200	0.034483
76	202	0.037037
76	203	0.035714
76	205	0.035714
76	208	0.028571
76	217	0.047619
76	232	0.034483
76	258	0.040000
76	271	0.035714
76	275	0.035714
76	280	0.047619
76	284	0.045455
76	304	0.050000
76	315	0.050000
76	316	0.047619
76	330	0.045455
76	331	0.050000
76	333	0.050000
76	345	0.047619
76	355	0.043478
76	369	0.052632
76	371	0.047619
76	386	0.047619
76	396	0.055556
76	402	0.052632
76	417	0.050000
76	423	0.058824
76	439	0.055556
76	446	0.055556
76	451	0.055556
77	0	0.026316
77	2	0.013699
77	8	0.012658
77	18	0.006098
77	21	0.008403
77	24	0.010101
77	29	0.023810
77	33	0.010000
77	38	0.010000
77	42	0.014286
77	48	0.013333
77	49	0.014706
77	54	0.013514
77	57	0.021739
77	58	0.021739
77	60	0.023810
77	70	0.014706
77	75	0.023256
77	80	0.021739
77	85	0.025641
77	88	0.022222
77	92	0.032258
77	96	0.020408
77	97	0.023810
77	102	0.025000
77	107	0.028571
77	109	0.027778
77	110	0.020408
77	112	0.025641
77	120	0.028571
77	124	0.047619
77	129	0.035714
77	135	0.020408
77	152	0.045455
77	160	0.025641
77	163	0.034483
77	168	0.027027
77	174	0.027778
77	182	0.038462
77	184	0.034483
77	191	0.052632
77	197	0.027778
77	200	0.034483
77	214	0.037037
77	218	0.038462
77	220	0.047619
77	227	0.038462
77	232	0.034483
77	273	0.045455
77	277	0.040000
77	289	0.045455
77	295	0.045455
77	300	0.050000
77	314	0.043478
77	321	0.052632
77	331	0.050000
77	333	0.050000
77	335	0.052632
77	339	0.043478
77	372	0.045455
77	374	0.050000
77	429	0.052632
77	431	0.055556
77	433	0.055556
77	434	0.055556
78	1	0.010989
78	3	0.022727
78	7	0.010204
78	15	0.012987
78	18	0.006098
78	19	0.006061
78	20	0.006173
78	21	0.008403
78	26	0.012048
78	34	0.010101
78	36	0.010417
78	47	0.009259
78	48	0.013333
78	50	0.013889
78	55	0.013514
78	67	0.018868
78	68	0.020000
78	85	0.025641
78	87	0.022222
78	106	0.027027
78	107	0.028571
78	119	0.032258
78	121	0.023810
78	130	0.023256
78	133	0.027778
78	138	0.021277
78	141	0.035714
78	146	0.038462
78	154	0.027778
78	173	0.033333
78	210	0.038462
78	213	0.041667
78	263	0.045455
78	271	0.035714
78	296	0.047619
78	297	0.047619
78	332	0.047619
78	349	0.055556
78	355	0.043478
78	363	0.040000
78	422	0.052632
78	426	0.055556
78	451	0.055556
79	1	0.010989
79	3	0.022727
79	16	0.013333
79	23	0.008000
79	25	0.010309
79	28	0.026316
79	30	0.025641
79	32	0.007042
79	35	0.009524
79	38	0.010000
79	43	0.017544
79	46	0.014085
79	48	0.013333
79	50	0.013889
79	52	0.012048
79	76	0.014706
79	80	0.021739
79	84	0.021739
79	92	0.032258
79	96	0.020408
79	99	0.025641
79	104	0.022222
79	119	0.032258
79	124	0.047619
79	130	0.023256
79	132	0.025641
79	133	0.027778
79	140	0.025641
79	151	0.035714
79	161	0.025000
79	174	0.027778
79	175	0.038462
79	208	0.028571
79	223	0.043478
79	232	0.034483
79	236	0.040000
79	260	0.047619
79	276	0.047619
79	277	0.040000
79	291	0.045455
79	294	0.045455
79	304	0.050000
79	307	0.043478
79	319	0.047619
79	323	0.040000
79	330	0.045455
79	362	0.050000
79	385	0.052632
79	392	0.055556
79	397	0.050000
79	408	0.052632
79	423	0.058824
79	432	0.052632
79	439	0.055556
79	450	0.055556
80	6	0.010417
80	7	0.010204
80	10	0.015873
80	14	0.010309
80	17	0.015385
80	20	0.006173
80	25	0.010309
80	28	0.026316
80	29	0.023810
80	33	0.010000
80	34	0.010101
80	40	0.011364
80	43	0.017544
80	46	0.014085
80	60	0.023810
80	61	0.027027
80	77	0.015385
80	79	0.018182
80	85	0.025641
80	94	0.037037
80	104	0.022222
80	108	0.021739
80	125	0.037037
80	139	0.025000
80	181	0.040000
80	190	0.041667
80	192	0.027027
80	214	0.037037
80	217	0.047619
80	243	0.038462
80	247	0.034483
80	248	0.041667
80	255	0.047619
80	256	0.037037
80	262	0.033333
80	277	0.040000
80	279	0.047619
80	307	0.043478
80	355	0.043478
80	378	0.055556
80	380	0.055556
80	405	0.050000
80	418	0.052632
80	420	0.058824
80	424	0.052632
80	428	0.055556
81	6	0.010417
81	7	0.010204
81	11	0.018868
81	14	0.010309
81	15	0.012987
81	19	0.006061
81	23	0.008000
81	24	0.010101
81	32	0.007042
81	33	0.010000
81	34	0.010101
81	36	0.010417
81	40	0.011364
81	45	0.012658
81	49	0.014706
81	51	0.015385
81	64	0.014286
81	68	0.020000
81	82	0.025641
81	86	0.020833
81	87	0.022222
81	99	0.025641
81	100	0.020833
81	108	0.021739
81	110	0.020408
81	119	0.032258
81	132	0.025641
81	137	0.020833
81	141	0.035714
81	144	0.023256
81	149	0.025000
81	155	0.047619
81	158	0.043478
81	165	0.035714
81	167	0.030303
81	171	0.030303
81	175	0.038462
81	176	0.031250
81	188	0.041667
81	192	0.027027
81	221	0.045455
81	244	0.047619
81	246	0.043478
81	257	0.034483
81	261	0.035714
81	270	0.047619
81	273	0.045455
81	293	0.043478
81	298	0.040000
81	303	0.038462
81	323	0.040000
81	348	0.052632
81	365	0.045455
81	371	0.047619
81	376	0.055556
81	377	0.055556
81	379	0.052632
81	383	0.055556
81	391	0.052632
81	395	0.055556
81	406	0.052632
81	407	0.055556
81	408	0.052632
81	409	0.050000
81	413	0.055556
81	416	0.055556
81	424	0.052632
81	433	0.055556
81	438	0.052632
81	445	0.055556
81	448	0.055556
82	2	0.013699
82	8	0.012658
82	9	0.015873
82	12	0.010204
82	13	0.014706
82	17	0.015385
82	19	0.006061
82	20	0.006173
82	21	0.008403
82	33	0.010000
82	34	0.010101
82	36	0.010417
82	53	0.018868
82	68	0.020000
82	70	0.014706
82	71	0.027778
82	76	0.014706
82	81	0.014085
82	86	0.020833
82	97	0.023810
82	99	0.025641
82	131	0.034483
82	134	0.028571
82	143	0.030303
82	175	0.038462
82	178	0.030303
82	182	0.038462
82	197	0.027778
82	206	0.032258
82	217	0.047619
82	233	0.041667
82	300	0.050000
82	303	0.038462
82	304	0.050000
82	316	0.047619
82	328	0.043478
82	360	0.052632
82	393	0.052632
82	433	0.055556
83	7	0.010204
83	14	0.010309
83	17	0.015385
83	18	0.006098
83	20	0.006173
83	21	0.008403
83	24	0.010101
83	28	0.026316
83	32	0.007042
83	36	0.010417
83	37	0.012500
83	45	0.012658
83	55	0.013514
83	58	0.021739
83	64	0.014286
83	68	0.020000
83	74	0.017544
83	92	0.032258
83	105	0.022222
83	113	0.025641
83	118	0.022727
83	149	0.025000
83	155	0.047619
83	162	0.030303
83	169	0.032258
83	172	0.037037
83	193	0.033333
83	209	0.034483
83	223	0.043478
83	244	0.047619
83	278	0.043478
83	310	0.043478
83	326	0.045455
83	352	0.047619
83	387	0.052632
83	391	0.052632
83	394	0.045455
83	412	0.055556
83	418	0.052632
83	435	0.052632
83	436	0.055556
84	1	0.010989
84	2	0.013699
84	4	0.011364
84	6	0.010417
84	8	0.012658
84	15	0.012987
84	17	0.015385
84	18	0.006098
84	29	0.023810
84	30	0.025641
84	33	0.010000
84	36	0.010417
84	45	0.012658
84	46	0.014085
84	57	0.021739
84	64	0.014286
84	73	0.016129
84	79	0.018182
84	93	0.030303
84	98	0.021739
84	105	0.022222
84	107	0.028571
84	111	0.020833
84	114	0.025641
84	115	0.024390
84	122	0.025641
84	151	0.035714
84	163	0.034483
84	174	0.027778
84	209	0.034483
84	222	0.038462
84	235	0.040000
84	238	0.035714
84	244	0.047619
84	301	0.050000
84	307	0.043478
84	324	0.052632
84	334	0.043478
84	336	0.045455
84	357	0.052632
84	382	0.052632
84	383	0.055556
84	399	0.052632
84	437	0.055556
84	449	0.055556
84	451	0.055556
85	6	0.010417
85	7	0.010204
85	8	0.012658
85	19	0.006061
85	20	0.006173
85	28	0.026316
85	32	0.007042
85	33	0.010000
85	47	0.009259
85	53	0.018868
85	65	0.014925
85	67	0.018868
85	69	0.020000
85	70	0.014706
85	71	0.027778
85	77	0.015385
85	78	0.023256
85	80	0.021739
85	91	0.035714
85	112	0.025641
85	128	0.029412
85	173	0.033333
85	180	0.032258
85	195	0.030303
85	203	0.035714
85	204	0.029412
85	235	0.040000
85	241	0.035714
85	254	0.041667
85	256	0.037037
85	273	0.045455
85	314	0.043478
85	349	0.055556
85	367	0.052632
85	369	0.052632
85	376	0.055556
85	386	0.047619
85	390	0.055556
85	419	0.055556
86	3	0.022727
86	4	0.011364
86	11	0.018868
86	13	0.014706
86	16	0.013333
86	18	0.006098
86	19	0.006061
86	21	0.008403
86	22	0.006803
86	25	0.010309
86	32	0.007042
86	40	0.011364
86	41	0.012658
86	44	0.013514
86	55	0.013514
86	65	0.014925
86	81	0.014085
86	82	0.025641
86	88	0.022222
86	89	0.024390
86	91	0.035714
86	94	0.037037
86	95	0.043478
86	104	0.022222
86	120	0.028571
86	122	0.025641
86	128	0.029412
86	131	0.034483
86	138	0.021277
86	162	0.030303
86	170	0.033333
86	184	0.034483
86	185	0.032258
86	189	0.040000
86	194	0.031250
86	195	0.030303
86	212	0.038462
86	223	0.043478
86	285	0.040000
86	298	0.040000
86	306	0.038462
86	338	0.047619
86	362	0.050000
86	381	0.052632
86	390	0.055556
86	417	0.050000
86	445	0.055556
86	449	0.055556
87	2	0.013699
87	5	0.016949
87	14	0.010309
87	20	0.006173
87	21	0.008403
87	22	0.006803
87	23	0.008000
87	29	0.023810
87	33	0.010000
87	34	0.010101
87	36	0.010417
87	38	0.010000
87	39	0.013889
87	42	0.014286
87	53	0.018868
87	73	0.016129
87	78	0.023256
87	81	0.014085
87	89	0.024390
87	91	0.035714
87	93	0.030303
87	96	0.020408
87	105	0.022222
87	107	0.028571
87	116	0.018519
87	118	0.022727
87	143	0.030303
87	156	0.038462
87	161	0.025000
87	171	0.030303
87	177	0.035714
87	180	0.032258
87	195	0.030303
87	216	0.033333
87	228	0.038462
87	254	0.041667
87	282	0.050000
87	285	0.040000
87	306	0.038462
87	308	0.050000
87	311	0.052632
87	316	0.047619
87	366	0.047619
87	374	0.050000
87	376	0.055556
88	12	0.010204
88	13	0.014706
88	14	0.010309
88	16	0.013333
88	19	0.006061
88	20	0.006173
88	25	0.010309
88	32	0.007042
88	35	0.009524
88	40	0.011364
88	46	0.014085
88	47	0.009259
88	50	0.013889
88	65	0.014925
88	70	0.014706
88	77	0.015385
88	86	0.020833
88	91	0.035714
88	94	0.037037
88	105	0.022222
88	118	0.022727
88	127	0.047619
88	128	0.029412
88	129	0.035714
88	135	0.020408
88	142	0.029412
88	150	0.030303
88	152	0.045455
88	155	0.047619
88	160	0.025641
88	218	0.038462
88	226	0.038462
88	241	0.035714
88	244	0.047619
88	250	0.038462
88	260	0.047619
88	261	0.035714
88	294	0.045455
88	313	0.055556
88	326	0.045455
88	337	0.050000
88	364	0.052632
88	368	0.050000
88	388	0.050000
88	446	0.055556
89	1	0.010989
89	2	0.013699
89	3	0.022727
89	4	0.011364
89	16	0.013333
89	33	0.010000
89	39	0.013889
89	41	0.012658
89	42	0.014286
89	43	0.017544
89	45	0.012658
89	47	0.009259
89	55	0.013514
89	58	0.021739
89	67	0.018868
89	86	0.020833
89	87	0.022222
89	90	0.027778
89	93	0.030303
89	118	0.022727
89	123	0.037037
89	127	0.047619
89	131	0.034483
89	143	0.030303
89	145	0.031250
89	150	0.030303
89	154	0.027778
89	158	0.043478
89	163	0.034483
89	166	0.031250
89	167	0.030303
89	170	0.033333
89	185	0.032258
89	192	0.027027
89	234	0.037037
89	260	0.047619
89	316	0.047619
89	328	0.043478
89	347	0.052632
89	385	0.052632
89	444	0.055556
90	4	0.011364
90	7	0.010204
90	13	0.014706
90	18	0.006098
90	19	0.006061
90	22	0.006803
90	24	0.010101
90	32	0.007042
90	34	0.010101
90	36	0.010417
90	40	0.011364
90	47	0.009259
90	49	0.014706
90	55	0.013514
90	58	0.021739
90	66	0.016667
90	73	0.016129
90	89	0.024390
90	107	0.028571
90	111	0.020833
90	114	0.025641
90	118	0.022727
90	133	0.027778
90	138	0.021277
90	144	0.023256
90	151	0.035714
90	167	0.030303
90	174	0.027778
90	196	0.040000
90	232	0.034483
90	236	0.040000
90	261	0.035714
90	298	0.040000
90	316	0.047619
90	348	0.052632
90	350	0.052632
91	1	0.010989
91	6	0.010417
91	14	0.010309
91	16	0.013333
91	19	0.006061
91	22	0.006803
91	23	0.008000
91	25	0.010309
91	32	0.007042
91	34	0.010101
91	35	0.009524
91	40	0.011364
91	45	0.012658
91	61	0.027027
91	85	0.025641
91	86	0.020833
91	87	0.022222
91	88	0.022222
91	93	0.030303
91	106	0.027027
91	124	0.047619
91	181	0.040000
91	226	0.038462
91	240	0.045455
91	273	0.045455
91	355	0.043478
91	369	0.052632
91	443	0.055556
92	6	0.010417
92	10	0.015873
92	19	0.006061
92	21	0.008403
92	32	0.007042
92	33	0.010000
92	38	0.010000
92	44	0.013514
92	45	0.012658
92	46	0.014085
92	47	0.009259
92	52	0.012048
92	53	0.018868
92	65	0.014925
92	68	0.020000
92	77	0.015385
92	79	0.018182
92	83	0.024390
92	118	0.022727
92	161	0.025000
92	213	0.041667
92	234	0.037037
92	258	0.040000
92	285	0.040000
92	287	0.055556
92	299	0.043478
92	391	0.052632
92	413	0.055556
92	415	0.055556
92	441	0.055556
92	444	0.055556
93	7	0.010204
93	10	0.015873
93	12	0.010204
93	23	0.008000
93	24	0.010101
93	27	0.017544
93	34	0.010101
93	44	0.013514
93	46	0.014085
93	47	0.009259
93	48	0.013333
93	49	0.014706
93	53	0.018868
93	55	0.013514
93	84	0.021739
93	87	0.022222
93	89	0.024390
93	91	0.035714
93	107	0.028571
93	122	0.025641
93	134	0.028571
93	154	0.027778
93	158	0.043478
93	164	0.033333
93	176	0.031250
93	180	0.032258
93	198	0.027778
93	238	0.035714
93	256	0.037037
93	296	0.047619
93	326	0.045455
93	361	0.055556
93	389	0.050000
94	0	0.026316
94	6	0.010417
94	7	0.010204
94	18	0.006098
94	19	0.006061
94	20	0.006173
94	23	0.008000
94	25	0.010309
94	33	0.010000
94	50	0.013889
94	51	0.015385
94	64	0.014286
94	66	0.016667
94	70	0.014706
94	72	0.020408
94	80	0.021739
94	86	0.020833
94	88	0.022222
94	123	0.037037
94	168	0.027027
94	185	0.032258
94	231	0.034483
94	263	0.045455
94	273	0.045455
94	277	0.040000
94	324	0.052632
94	418	0.052632
95	2	0.013699
95	5	0.016949
95	7	0.010204
95	20	0.006173
95	23	0.008000
95	34	0.010101
95	38	0.010000
95	40	0.011364
95	41	0.012658
95	47	0.009259
95	49	0.014706
95	50	0.013889
95	55	0.013514
95	72	0.020408
95	74	0.017544
95	76	0.014706
95	86	0.020833
95	106	0.027027
95	118	0.022727
95	157	0.040000
95	249	0.038462
95	298	0.040000
95	369	0.052632
96	6	0.010417
96	8	0.012658
96	20	0.006173
96	22	0.006803
96	23	0.008000
96	27	0.017544
96	34	0.010101
96	40	0.011364
96	43	0.017544
96	45	0.012658
96	47	0.009259
96	50	0.013889
96	53	0.018868
96	54	0.013514
96	77	0.015385
96	79	0.018182
96	87	0.022222
96	101	0.022222
96	103	0.026316
96	105	0.022222
96	112	0.025641
96	115	0.024390
96	142	0.029412
96	162	0.030303
96	163	0.034483
96	182	0.038462
96	192	0.027027
96	193	0.033333
96	201	0.032258
96	205	0.035714
96	210	0.038462
96	216	0.033333
96	224	0.045455
96	239	0.041667
96	255	0.047619
96	292	0.037037
96	312	0.047619
96	332	0.047619
96	351	0.055556
96	358	0.052632
96	359	0.055556
96	367	0.052632
96	399	0.052632
96	412	0.055556
96	417	0.050000
96	426	0.055556
96	432	0.052632
96	442	0.052632
96	446	0.055556
97	0	0.026316
97	10	0.015873
97	18	0.006098
97	19	0.006061
97	20	0.006173
97	23	0.008000
97	32	0.007042
97	35	0.009524
97	36	0.010417
97	39	0.013889
97	42	0.014286
97	45	0.012658
97	50	0.013889
97	51	0.015385
97	66	0.016667
97	75	0.023256
97	77	0.015385
97	82	0.025641
97	105	0.022222
97	111	0.020833
97	122	0.025641
97	127	0.047619
97	129	0.035714
97	136	0.029412
97	159	0.052632
97	172	0.037037
97	179	0.040000
97	211	0.035714
97	221	0.045455
97	254	0.041667
97	255	0.047619
97	262	0.033333
97	321	0.052632
97	324	0.052632
97	329	0.038462
97	344	0.041667
97	363	0.040000
97	372	0.045455
97	384	0.041667
97	396	0.055556
97	405	0.050000
97	425	0.055556
98	1	0.010989
98	2	0.013699
98	12	0.010204
98	16	0.013333
98	20	0.006173
98	21	0.008403
98	38	0.010000
98	39	0.013889
98	41	0.012658
98	45	0.012658
98	47	0.009259
98	61	0.027027
98	65	0.014925
98	68	0.020000
98	71	0.027778
98	73	0.016129
98	76	0.014706
98	84	0.021739
98	131	0.034483
98	144	0.023256
98	145	0.031250
98	149	0.025000
98	155	0.047619
98	157	0.040000
98	159	0.052632
98	171	0.030303
98	172	0.037037
98	175	0.038462
98	205	0.035714
98	213	0.041667
98	224	0.045455
98	230	0.047619
98	261	0.035714
98	272	0.038462
98	308	0.050000
98	316	0.047619
98	334	0.043478
98	347	0.052632
98	349	0.055556
98	355	0.043478
98	359	0.055556
98	362	0.050000
98	393	0.052632
98	405	0.050000
98	407	0.055556
98	429	0.052632
99	13	0.014706
99	16	0.013333
99	19	0.006061
99	21	0.008403
99	33	0.010000
99	34	0.010101
99	35	0.009524
99	36	0.010417
99	40	0.011364
99	47	0.009259
99	48	0.013333
99	49	0.014706
99	54	0.013514
99	72	0.020408
99	73	0.016129
99	79	0.018182
99	81	0.014085
99	82	0.025641
99	115	0.024390
99	147	0.025641
99	151	0.035714
99	159	0.052632
99	191	0.052632
99	192	0.027027
99	206	0.032258
99	208	0.028571
99	215	0.045455
99	223	0.043478
99	242	0.034483
99	258	0.040000
99	262	0.033333
99	322	0.055556
99	360	0.052632
99	381	0.052632
99	395	0.055556
99	401	0.050000
99	408	0.052632
99	427	0.055556
99	451	0.055556
100	1	0.010989
100	5	0.016949
100	15	0.012987
100	16	0.013333
100	18	0.006098
100	20	0.006173
100	22	0.006803
100	23	0.008000
100	24	0.010101
100	37	0.012500
100	38	0.010000
100	41	0.012658
100	57	0.021739
100	60	0.023810
100	68	0.020000
100	73	0.016129
100	76	0.014706
100	81	0.014085
100	101	0.022222
100	106	0.027027
100	110	0.020408
100	114	0.025641
100	117	0.029412
100	123	0.037037
100	131	0.034483
100	152	0.045455
100	168	0.027027
100	173	0.033333
100	177	0.035714
100	182	0.038462
100	218	0.038462
100	220	0.047619
100	233	0.041667
100	234	0.037037
100	267	0.047619
100	271	0.035714
100	276	0.047619
100	297	0.047619
100	319	0.047619
100	329	0.038462
100	364	0.052632
100	382	0.052632
100	389	0.050000
100	404	0.052632
100	416	0.055556
100	419	0.055556
100	421	0.052632
100	437	0.055556
101	7	0.010204
101	10	0.015873
101	12	0.010204
101	16	0.013333
101	18	0.006098
101	20	0.006173
101	21	0.008403
101	30	0.025641
101	33	0.010000
101	34	0.010101
101	36	0.010417
101	39	0.013889
101	49	0.014706
101	52	0.012048
101	64	0.014286
101	71	0.027778
101	96	0.020408
101	100	0.020833
101	109	0.027778
101	129	0.035714
101	130	0.023256
101	153	0.041667
101	176	0.031250
101	192	0.027027
101	194	0.031250
101	197	0.027778
101	219	0.052632
101	238	0.035714
101	269	0.043478
101	272	0.038462
101	276	0.047619
101	278	0.043478
101	286	0.052632
101	315	0.050000
101	327	0.047619
101	347	0.052632
101	354	0.047619
101	357	0.052632
101	378	0.055556
101	399	0.052632
101	401	0.050000
101	412	0.055556
101	418	0.052632
101	436	0.055556
101	443	0.055556
102	7	0.010204
102	10	0.015873
102	13	0.014706
102	18	0.006098
102	19	0.006061
102	20	0.006173
102	21	0.008403
102	24	0.010101
102	28	0.026316
102	33	0.010000
102	34	0.010101
102	37	0.012500
102	41	0.012658
102	42	0.014286
102	45	0.012658
102	51	0.015385
102	55	0.013514
102	77	0.015385
102	128	0.029412
102	137	0.020833
102	163	0.034483
102	167	0.030303
102	185	0.032258
102	186	0.037037
102	201	0.032258
102	211	0.035714
102	213	0.041667
102	219	0.052632
102	225	0.040000
102	232	0.034483
102	248	0.041667
102	281	0.041667
102	286	0.052632
102	320	0.052632
102	338	0.047619
102	366	0.047619
102	385	0.052632
102	389	0.050000
102	409	0.050000
102	435	0.052632
103	1	0.010989
103	6	0.010417
103	12	0.010204
103	15	0.012987
103	26	0.012048
103	29	0.023810
103	33	0.010000
103	34	0.010101
103	36	0.010417
103	37	0.012500
103	38	0.010000
103	40	0.011364
103	46	0.014085
103	50	0.013889
103	54	0.013514
103	59	0.024390
103	70	0.014706
103	96	0.020408
103	109	0.027778
103	112	0.025641
103	120	0.028571
103	130	0.023256
103	144	0.023256
103	147	0.025641
103	163	0.034483
103	171	0.030303
103	177	0.035714
103	213	0.041667
103	217	0.047619
103	225	0.040000
103	227	0.038462
103	256	0.037037
103	275	0.035714
103	310	0.043478
103	315	0.050000
103	324	0.052632
103	368	0.050000
103	408	0.052632
104	1	0.010989
104	3	0.022727
104	4	0.011364
104	11	0.018868
104	12	0.010204
104	13	0.014706
104	18	0.006098
104	25	0.010309
104	32	0.007042
104	34	0.010101
104	46	0.014085
104	49	0.014706
104	50	0.013889
104	59	0.024390
104	70	0.014706
104	79	0.018182
104	80	0.021739
104	86	0.020833
104	110	0.020408
104	124	0.047619
104	126	0.045455
104	145	0.031250
104	161	0.025000
104	162	0.030303
104	165	0.035714
104	168	0.027027
104	177	0.035714
104	179	0.040000
104	191	0.052632
104	202	0.037037
104	227	0.038462
104	232	0.034483
104	241	0.035714
104	253	0.052632
104	296	0.047619
104	304	0.050000
104	324	0.052632
104	347	0.052632
104	356	0.055556
104	370	0.052632
104	383	0.055556
104	396	0.055556
104	398	0.055556
104	425	0.055556
104	447	0.055556
105	5	0.016949
105	12	0.010204
105	21	0.008403
105	23	0.008000
105	35	0.009524
105	38	0.010000
105	43	0.017544
105	44	0.013514
105	52	0.012048
105	54	0.013514
105	58	0.021739
105	74	0.017544
105	83	0.024390
105	84	0.021739
105	87	0.022222
105	88	0.022222
105	96	0.020408
105	97	0.023810
105	116	0.018519
105	133	0.027778
105	136	0.029412
105	157	0.040000
105	159	0.052632
105	161	0.025000
105	164	0.033333
105	179	0.040000
105	192	0.027027
105	204	0.029412
105	207	0.041667
105	214	0.037037
105	221	0.045455
105	272	0.038462
105	284	0.045455
105	288	0.040000
105	297	0.047619
105	311	0.052632
105	322	0.055556
105	366	0.047619
105	380	0.055556
105	387	0.052632
105	388	0.050000
105	404	0.052632
105	409	0.050000
105	421	0.052632
105	449	0.055556
106	1	0.010989
106	3	0.022727
106	4	0.011364
106	12	0.010204
106	14	0.010309
106	18	0.006098
106	20	0.006173
106	25	0.010309
106	26	0.012048
106	40	0.011364
106	51	0.015385
106	55	0.013514
106	56	0.024390
106	60	0.023810
106	78	0.023256
106	91	0.035714
106	95	0.043478
106	100	0.020833
106	108	0.021739
106	111	0.020833
106	117	0.029412
106	121	0.023810
106	134	0.028571
106	141	0.035714
106	143	0.030303
106	148	0.027027
106	149	0.025000
106	151	0.035714
106	166	0.031250
106	167	0.030303
106	204	0.029412
106	226	0.038462
106	239	0.041667
106	265	0.037037
106	351	0.055556
106	387	0.052632
106	448	0.055556
107	3	0.022727
107	4	0.011364
107	6	0.010417
107	16	0.013333
107	24	0.010101
107	25	0.010309
107	32	0.007042
107	38	0.010000
107	39	0.013889
107	41	0.012658
107	45	0.012658
107	46	0.014085
107	77	0.015385
107	78	0.023256
107	84	0.021739
107	87	0.022222
107	90	0.027778
107	93	0.030303
107	119	0.032258
107	125	0.037037
107	141	0.035714
107	173	0.033333
107	176	0.031250
107	178	0.030303
107	186	0.037037
107	200	0.034483
107	268	0.034483
107	274	0.040000
107	325	0.038462
107	329	0.038462
107	334	0.043478
107	351	0.055556
107	383	0.055556
107	410	0.055556
107	438	0.052632
108	8	0.012658
108	19	0.006061
108	23	0.008000
108	25	0.010309
108	29	0.023810
108	32	0.007042
108	34	0.010101
108	37	0.012500
108	38	0.010000
108	39	0.013889
108	44	0.013514
108	47	0.009259
108	51	0.015385
108	55	0.013514
108	72	0.020408
108	80	0.021739
108	81	0.014085
108	106	0.027027
108	158	0.043478
108	159	0.052632
108	167	0.030303
108	168	0.027027
108	170	0.033333
108	188	0.041667
108	189	0.040000
108	195	0.030303
108	196	0.040000
108	197	0.027778
108	211	0.035714
108	213	0.041667
108	216	0.033333
108	228	0.038462
108	242	0.034483
108	248	0.041667
108	273	0.045455
108	276	0.047619
108	292	0.037037
108	294	0.045455
108	312	0.047619
108	320	0.052632
108	331	0.050000
108	357	0.052632
108	364	0.052632
108	373	0.050000
108	400	0.058824
108	406	0.052632
109	0	0.026316
109	8	0.012658
109	17	0.015385
109	19	0.006061
109	25	0.010309
109	35	0.009524
109	41	0.012658
109	43	0.017544
109	44	0.013514
109	49	0.014706
109	51	0.015385
109	52	0.012048
109	53	0.018868
109	56	0.024390
109	77	0.015385
109	101	0.022222
109	103	0.026316
109	110	0.020408
109	129	0.035714
109	135	0.020408
109	139	0.025000
109	175	0.038462
109	187	0.037037
109	195	0.030303
109	204	0.029412
109	220	0.047619
109	262	0.033333
109	272	0.038462
109	281	0.041667
109	300	0.050000
109	318	0.050000
109	340	0.045455
109	347	0.052632
109	372	0.045455
109	392	0.055556
109	444	0.055556
110	2	0.013699
110	12	0.010204
110	15	0.012987
110	18	0.006098
110	20	0.006173
110	22	0.006803
110	44	0.013514
110	47	0.009259
110	49	0.014706
110	53	0.018868
110	65	0.014925
110	66	0.016667
110	77	0.015385
110	81	0.014085
110	100	0.020833
110	104	0.022222
110	109	0.027778
110	116	0.018519
110	125	0.037037
110	137	0.020833
110	139	0.025000
110	166	0.031250
110	176	0.031250
110	184	0.034483
110	214	0.037037
110	235	0.040000
110	237	0.043478
110	246	0.043478
110	276	0.047619
110	282	0.050000
110	294	0.045455
110	299	0.043478
110	314	0.043478
110	315	0.050000
110	318	0.050000
110	321	0.052632
110	328	0.043478
110	359	0.055556
110	373	0.050000
110	379	0.052632
110	382	0.052632
110	384	0.041667
110	402	0.052632
110	406	0.052632
110	409	0.050000
110	410	0.055556
110	420	0.058824
110	437	0.055556
110	446	0.055556
111	1	0.010989
111	9	0.015873
111	18	0.006098
111	20	0.006173
111	21	0.008403
111	24	0.010101
111	27	0.017544
111	32	0.007042
111	39	0.013889
111	51	0.015385
111	56	0.024390
111	63	0.047619
111	66	0.016667
111	67	0.018868
111	84	0.021739
111	90	0.027778
111	97	0.023810
111	106	0.027027
111	121	0.023810
111	140	0.025641
111	159	0.052632
111	167	0.030303
111	175	0.038462
111	223	0.043478
111	229	0.038462
111	244	0.047619
111	252	0.043478
111	255	0.047619
111	259	0.038462
111	277	0.040000
111	286	0.052632
111	302	0.047619
111	304	0.050000
111	323	0.040000
111	326	0.045455
111	336	0.045455
111	337	0.050000
111	359	0.055556
111	360	0.052632
111	365	0.045455
111	381	0.052632
111	383	0.055556
111	402	0.052632
111	419	0.055556
111	420	0.058824
111	421	0.052632
111	430	0.055556
111	431	0.055556
112	2	0.013699
112	5	0.016949
112	7	0.010204
112	9	0.015873
112	12	0.010204
112	30	0.025641
112	36	0.010417
112	40	0.011364
112	47	0.009259
112	49	0.014706
112	50	0.013889
112	51	0.015385
112	52	0.012048
112	53	0.018868
112	77	0.015385
112	85	0.025641
112	96	0.020408
112	103	0.026316
112	116	0.018519
112	134	0.028571
112	144	0.023256
112	149	0.025000
112	172	0.037037
112	192	0.027027
112	206	0.032258
112	207	0.041667
112	208	0.028571
112	236	0.040000
112	268	0.034483
112	304	0.050000
112	318	0.050000
112	322	0.055556
112	324	0.052632
112	393	0.052632
112	402	0.052632
112	404	0.052632
112	427	0.055556
112	434	0.055556
112	441	0.055556
113	0	0.026316
113	3	0.022727
113	4	0.011364
113	17	0.015385
113	18	0.006098
113	20	0.006173
113	23	0.008000
113	24	0.010101
113	25	0.010309
113	27	0.017544
113	37	0.012500
113	49	0.014706
113	54	0.013514
113	56	0.024390
113	57	0.021739
113	66	0.016667
113	72	0.020408
113	83	0.024390
113	115	0.024390
113	117	0.029412
113	120	0.028571
113	132	0.025641
113	138	0.021277
113	142	0.029412
113	147	0.025641
113	157	0.040000
113	159	0.052632
113	172	0.037037
113	178	0.030303
113	202	0.037037
113	228	0.038462
113	229	0.038462
113	234	0.037037
113	290	0.043478
113	294	0.045455
113	306	0.038462
113	335	0.052632
113	386	0.047619
113	394	0.045455
114	9	0.015873
114	14	0.010309
114	18	0.006098
114	25	0.010309
114	32	0.007042
114	35	0.009524
114	38	0.010000
114	40	0.011364
114	47	0.009259
114	54	0.013514
114	55	0.013514
114	59	0.024390
114	64	0.014286
114	67	0.018868
114	76	0.014706
114	84	0.021739
114	90	0.027778
114	100	0.020833
114	115	0.024390
114	150	0.030303
114	153	0.041667
114	189	0.040000
114	230	0.047619
114	237	0.043478
114	265	0.037037
114	299	0.043478
114	317	0.052632
114	329	0.038462
114	340	0.045455
114	352	0.047619
114	355	0.043478
114	356	0.055556
114	388	0.050000
114	390	0.055556
114	403	0.052632
114	433	0.055556
114	445	0.055556
114	450	0.055556
114	451	0.055556
115	18	0.006098
115	19	0.006061
115	22	0.006803
115	23	0.008000
115	36	0.010417
115	38	0.010000
115	42	0.014286
115	43	0.017544
115	45	0.012658
115	47	0.009259
115	55	0.013514
115	67	0.018868
115	72	0.020408
115	84	0.021739
115	96	0.020408
115	99	0.025641
115	113	0.025641
115	114	0.025641
115	144	0.023256
115	160	0.025641
115	181	0.040000
115	183	0.043478
115	195	0.030303
115	199	0.038462
115	208	0.028571
115	220	0.047619
115	233	0.041667
115	246	0.043478
115	254	0.041667
115	275	0.035714
115	277	0.040000
115	324	0.052632
115	327	0.047619
115	335	0.052632
115	337	0.050000
115	359	0.055556
115	361	0.055556
115	375	0.052632
115	395	0.055556
115	413	0.055556
115	430	0.055556
116	7	0.010204
116	13	0.014706
116	14	0.010309
116	16	0.013333
116	18	0.006098
116	20	0.006173
116	21	0.008403
116	22	0.006803
116	36	0.010417
116	37	0.012500
116	40	0.011364
116	53	0.018868
116	65	0.014925
116	66	0.016667
116	87	0.022222
116	105	0.022222
116	110	0.020408
116	112	0.025641
116	117	0.029412
116	120	0.028571
116	124	0.047619
116	125	0.037037
116	126	0.045455
116	157	0.040000
116	160	0.025641
116	172	0.037037
116	185	0.032258
116	196	0.040000
116	203	0.035714
116	204	0.029412
116	218	0.038462
116	222	0.038462
116	230	0.047619
116	236	0.040000
116	237	0.043478
116	238	0.035714
116	243	0.038462
116	274	0.040000
116	297	0.047619
116	309	0.033333
116	333	0.050000
116	335	0.052632
116	342	0.045455
116	360	0.052632
116	367	0.052632
116	371	0.047619
116	373	0.050000
116	383	0.055556
116	394	0.045455
116	410	0.055556
116	416	0.055556
116	425	0.055556
116	441	0.055556
116	444	0.055556
117	4	0.011364
117	10	0.015873
117	16	0.013333
117	19	0.006061
117	20	0.006173
117	21	0.008403
117	25	0.010309
117	33	0.010000
117	40	0.011364
117	41	0.012658
117	44	0.013514
117	45	0.012658
117	64	0.014286
117	65	0.014925
117	100	0.020833
117	106	0.027027
117	113	0.025641
117	116	0.018519
117	137	0.020833
117	141	0.035714
117	146	0.038462
117	198	0.027778
117	201	0.032258
117	209	0.034483
117	264	0.052632
117	272	0.038462
117	307	0.043478
117	330	0.045455
117	331	0.050000
117	362	0.050000
117	382	0.052632
117	416	0.055556
117	425	0.055556
117	444	0.055556
118	1	0.010989
118	15	0.012987
118	16	0.013333
118	19	0.006061
118	22	0.006803
118	24	0.010101
118	34	0.010101
118	44	0.013514
118	60	0.023810
118	65	0.014925
118	71	0.027778
118	83	0.024390
118	87	0.022222
118	88	0.022222
118	89	0.024390
118	90	0.027778
118	92	0.032258
118	95	0.043478
118	119	0.032258
118	120	0.028571
118	123	0.037037
118	134	0.028571
118	158	0.043478
118	174	0.027778
118	185	0.032258
118	188	0.041667
118	189	0.040000
118	203	0.035714
118	212	0.038462
118	231	0.034483
118	235	0.040000
118	242	0.034483
118	259	0.038462
118	303	0.038462
118	309	0.033333
118	371	0.047619
118	372	0.045455
118	375	0.052632
118	383	0.055556
118	394	0.045455
118	397	0.050000
118	409	0.050000
118	411	0.052632
118	447	0.055556
119	5	0.016949
119	8	0.012658
119	9	0.015873
119	18	0.006098
119	19	0.006061
119	21	0.008403
119	26	0.012048
119	35	0.009524
119	38	0.010000
119	47	0.009259
119	48	0.013333
119	52	0.012048
119	76	0.014706
119	78	0.023256
119	79	0.018182
119	81	0.014085
119	107	0.028571
119	118	0.022727
119	137	0.020833
119	141	0.035714
119	155	0.047619
119	172	0.037037
119	175	0.038462
119	176	0.031250
119	196	0.040000
119	220	0.047619
119	237	0.043478
119	239	0.041667
119	365	0.045455
119	376	0.055556
119	432	0.052632
120	2	0.013699
120	16	0.013333
120	23	0.008000
120	29	0.023810
120	34	0.010101
120	35	0.009524
120	40	0.011364
120	41	0.012658
120	47	0.009259
120	49	0.014706
120	53	0.018868
120	57	0.021739
120	77	0.015385
120	86	0.020833
120	103	0.026316
120	113	0.025641
120	116	0.018519
120	118	0.022727
120	130	0.023256
120	131	0.034483
120	138	0.021277
120	139	0.025000
120	157	0.040000
120	169	0.032258
120	257	0.034483
120	284	0.045455
120	298	0.040000
120	310	0.043478
120	338	0.047619
120	381	0.052632
120	396	0.055556
120	400	0.058824
120	402	0.052632
120	409	0.050000
120	426	0.055556
121	0	0.026316
121	5	0.016949
121	6	0.010417
121	10	0.015873
121	19	0.006061
121	23	0.008000
121	32	0.007042
121	36	0.010417
121	38	0.010000
121	44	0.013514
121	45	0.012658
121	46	0.014085
121	50	0.013889
121	70	0.014706
121	71	0.027778
121	78	0.023256
121	106	0.027027
121	111	0.020833
121	130	0.023256
121	137	0.020833
121	142	0.029412
121	149	0.025000
121	153	0.041667
121	156	0.038462
121	161	0.025000
121	189	0.040000
121	191	0.052632
121	193	0.033333
121	217	0.047619
121	224	0.045455
121	237	0.043478
121	260	0.047619
121	261	0.035714
121	311	0.052632
121	335	0.052632
121	341	0.045455
121	343	0.043478
121	392	0.055556
121	394	0.045455
121	420	0.058824
121	421	0.052632
121	441	0.055556
122	9	0.015873
122	15	0.012987
122	16	0.013333
122	18	0.006098
122	19	0.006061
122	32	0.007042
122	35	0.009524
122	38	0.010000
122	50	0.013889
122	56	0.024390
122	67	0.018868
122	74	0.017544
122	75	0.023256
122	76	0.014706
122	84	0.021739
122	86	0.020833
122	93	0.030303
122	97	0.023810
122	127	0.047619
122	138	0.021277
122	140	0.025641
122	144	0.023256
122	150	0.030303
122	154	0.027778
122	157	0.040000
122	161	0.025000
122	174	0.027778
122	198	0.027778
122	257	0.034483
122	269	0.043478
122	290	0.043478
122	322	0.055556
122	341	0.045455
122	348	0.052632
122	369	0.052632
122	410	0.055556
122	429	0.052632
122	433	0.055556
122	443	0.055556
123	4	0.011364
123	5	0.016949
123	11	0.018868
123	19	0.006061
123	23	0.008000
123	24	0.010101
123	25	0.010309
123	29	0.023810
123	36	0.010417
123	42	0.014286
123	47	0.009259
123	54	0.013514
123	55	0.013514
123	66	0.016667
123	89	0.024390
123	94	0.037037
123	100	0.020833
123	118	0.022727
123	179	0.040000
123	190	0.041667
123	196	0.040000
123	211	0.035714
123	233	0.041667
123	270	0.047619
123	369	0.052632
123	402	0.052632
123	434	0.055556
124	4	0.011364
124	7	0.010204
124	8	0.012658
124	15	0.012987
124	20	0.006173
124	21	0.008403
124	23	0.008000
124	44	0.013514
124	45	0.012658
124	57	0.021739
124	65	0.014925
124	76	0.014706
124	77	0.015385
124	79	0.018182
124	91	0.035714
124	104	0.022222
124	116	0.018519
124	245	0.043478
124	333	0.050000
124	418	0.052632
124	420	0.058824
125	1	0.010989
125	3	0.022727
125	4	0.011364
125	12	0.010204
125	14	0.010309
125	19	0.006061
125	23	0.008000
125	24	0.010101
125	36	0.010417
125	37	0.012500
125	46	0.014085
125	54	0.013514
125	73	0.016129
125	80	0.021739
125	107	0.028571
125	110	0.020408
125	116	0.018519
125	127	0.047619
125	142	0.029412
125	159	0.052632
125	180	0.032258
125	233	0.041667
125	240	0.045455
125	293	0.043478
125	328	0.043478
125	341	0.045455
125	418	0.052632
126	14	0.010309
126	15	0.012987
126	16	0.013333
126	17	0.015385
126	22	0.006803
126	38	0.010000
126	44	0.013514
126	47	0.009259
126	51	0.015385
126	53	0.018868
126	64	0.014286
126	65	0.014925
126	71	0.027778
126	72	0.020408
126	74	0.017544
126	104	0.022222
126	116	0.018519
126	128	0.029412
126	190	0.041667
126	191	0.052632
126	246	0.043478
126	398	0.055556
127	6	0.010417
127	7	0.010204
127	17	0.015385
127	19	0.006061
127	25	0.010309
127	30	0.025641
127	32	0.007042
127	36	0.010417
127	47	0.009259
127	48	0.013333
127	49	0.014706
127	56	0.024390
127	68	0.020000
127	88	0.022222
127	89	0.024390
127	97	0.023810
127	122	0.025641
127	125	0.037037
127	131	0.034483
127	191	0.052632
127	425	0.055556
128	0	0.026316
128	17	0.015385
128	23	0.008000
128	24	0.010101
128	34	0.010101
128	38	0.010000
128	41	0.012658
128	48	0.013333
128	49	0.014706
128	58	0.021739
128	73	0.016129
128	75	0.023256
128	85	0.025641
128	86	0.020833
128	88	0.022222
128	102	0.025000
128	126	0.045455
128	134	0.028571
128	168	0.027027
128	170	0.033333
128	174	0.027778
128	203	0.035714
128	209	0.034483
128	227	0.038462
128	243	0.038462
128	267	0.047619
128	277	0.040000
128	283	0.050000
128	303	0.038462
128	307	0.043478
128	324	0.052632
128	364	0.052632
128	368	0.050000
128	442	0.052632
129	4	0.011364
129	5	0.016949
129	9	0.015873
129	12	0.010204
129	18	0.006098
129	20	0.006173
129	40	0.011364
129	44	0.013514
129	47	0.009259
129	65	0.014925
129	67	0.018868
129	71	0.027778
129	75	0.023256
129	77	0.015385
129	88	0.022222
129	97	0.023810
129	101	0.022222
129	109	0.027778
129	132	0.025641
129	164	0.033333
129	167	0.030303
129	177	0.035714
129	180	0.032258
129	186	0.037037
129	204	0.029412
129	238	0.035714
129	250	0.038462
129	335	0.052632
130	6	0.010417
130	10	0.015873
130	14	0.010309
130	19	0.006061
130	20	0.006173
130	23	0.008000
130	44	0.013514
130	46	0.014085
130	48	0.013333
130	50	0.013889
130	73	0.016129
130	76	0.014706
130	78	0.023256
130	79	0.018182
130	101	0.022222
130	103	0.026316
130	120	0.028571
130	121	0.023810
130	138	0.021277
130	154	0.027778
130	161	0.025000
130	165	0.035714
130	185	0.032258
130	189	0.040000
130	193	0.033333
130	202	0.037037
130	211	0.035714
130	223	0.043478
130	224	0.045455
130	229	0.038462
130	251	0.045455
130	252	0.043478
130	271	0.035714
130	293	0.043478
130	317	0.052632
130	370	0.052632
130	395	0.055556
130	400	0.058824
130	402	0.052632
130	422	0.052632
130	435	0.052632
130	445	0.055556
130	447	0.055556
131	5	0.016949
131	7	0.010204
131	9	0.015873
131	17	0.015385
131	18	0.006098
131	21	0.008403
131	26	0.012048
131	41	0.012658
131	55	0.013514
131	67	0.018868
131	74	0.017544
131	82	0.025641
131	86	0.020833
131	89	0.024390
131	98	0.021739
131	100	0.020833
131	120	0.028571
131	127	0.047619
131	148	0.027027
131	155	0.047619
131	158	0.043478
131	189	0.040000
131	212	0.038462
131	227	0.038462
131	255	0.047619
131	260	0.047619
131	335	0.052632
131	353	0.043478
131	420	0.058824
132	9	0.015873
132	20	0.006173
132	23	0.008000
132	32	0.007042
132	38	0.010000
132	45	0.012658
132	46	0.014085
132	47	0.009259
132	50	0.013889
132	54	0.013514
132	55	0.013514
132	64	0.014286
132	65	0.014925
132	66	0.016667
132	79	0.018182
132	81	0.014085
132	113	0.025641
132	129	0.035714
132	133	0.027778
132	158	0.043478
132	183	0.043478
132	191	0.052632
132	204	0.029412
132	222	0.038462
132	229	0.038462
132	230	0.047619
132	243	0.038462
132	263	0.045455
132	276	0.047619
132	281	0.041667
132	289	0.045455
132	290	0.043478
132	305	0.047619
132	322	0.055556
132	334	0.043478
132	347	0.052632
132	438	0.052632
132	448	0.055556
132	449	0.055556
133	1	0.010989
133	2	0.013699
133	7	0.010204
133	8	0.012658
133	10	0.015873
133	14	0.010309
133	18	0.006098
133	20	0.006173
133	26	0.012048
133	33	0.010000
133	36	0.010417
133	52	0.012048
133	73	0.016129
133	78	0.023256
133	79	0.018182
133	90	0.027778
133	105	0.022222
133	132	0.025641
133	141	0.035714
133	156	0.038462
133	184	0.034483
133	206	0.032258
133	215	0.045455
133	232	0.034483
133	235	0.040000
133	268	0.034483
133	291	0.045455
133	293	0.043478
133	297	0.047619
133	315	0.050000
133	323	0.040000
133	325	0.038462
133	341	0.045455
133	352	0.047619
133	361	0.055556
133	376	0.055556
134	13	0.014706
134	15	0.012987
134	22	0.006803
134	25	0.010309
134	26	0.012048
134	32	0.007042
134	45	0.012658
134	47	0.009259
134	52	0.012048
134	55	0.013514
134	67	0.018868
134	76	0.014706
134	82	0.025641
134	93	0.030303
134	106	0.027027
134	112	0.025641
134	118	0.022727
134	128	0.029412
134	149	0.025000
134	169	0.032258
134	188	0.041667
134	204	0.029412
134	216	0.033333
134	240	0.045455
134	268	0.034483
134	274	0.040000
134	283	0.050000
134	302	0.047619
134	340	0.045455
134	343	0.043478
134	358	0.052632
134	382	0.052632
134	389	0.050000
134	411	0.052632
134	448	0.055556
135	4	0.011364
135	12	0.010204
135	18	0.006098
135	19	0.006061
135	24	0.010101
135	32	0.007042
135	36	0.010417
135	37	0.012500
135	38	0.010000
135	40	0.011364
135	41	0.012658
135	46	0.014085
135	49	0.014706
135	52	0.012048
135	72	0.020408
135	77	0.015385
135	88	0.022222
135	109	0.027778
135	164	0.033333
135	166	0.031250
135	176	0.031250
135	201	0.032258
135	202	0.037037
135	208	0.028571
135	210	0.038462
135	212	0.038462
135	217	0.047619
135	218	0.038462
135	246	0.043478
135	249	0.038462
135	253	0.052632
135	260	0.047619
135	263	0.045455
135	266	0.032258
135	267	0.047619
135	288	0.040000
135	311	0.052632
135	321	0.052632
135	329	0.038462
135	351	0.055556
135	360	0.052632
135	365	0.045455
135	379	0.052632
135	383	0.055556
135	398	0.055556
135	438	0.052632
135	439	0.055556
135	440	0.055556
135	447	0.055556
136	10	0.015873
136	13	0.014706
136	14	0.010309
136	18	0.006098
136	20	0.006173
136	21	0.008403
136	23	0.008000
136	24	0.010101
136	33	0.010000
136	41	0.012658
136	42	0.014286
136	54	0.013514
136	56	0.024390
136	66	0.016667
136	73	0.016129
136	76	0.014706
136	97	0.023810
136	105	0.022222
136	149	0.025000
136	159	0.052632
136	164	0.033333
136	209	0.034483
136	214	0.037037
136	222	0.038462
136	228	0.038462
136	236	0.040000
136	270	0.047619
136	318	0.050000
136	350	0.052632
136	354	0.047619
136	367	0.052632
136	393	0.052632
136	403	0.052632
136	450	0.055556
137	2	0.013699
137	12	0.010204
137	13	0.014706
137	22	0.006803
137	33	0.010000
137	36	0.010417
137	45	0.012658
137	52	0.012048
137	64	0.014286
137	65	0.014925
137	67	0.018868
137	70	0.014706
137	81	0.014085
137	102	0.025000
137	110	0.020408
137	117	0.029412
137	119	0.032258
137	121	0.023810
137	141	0.035714
137	150	0.030303
137	164	0.033333
137	186	0.037037
137	194	0.031250
137	201	0.032258
137	202	0.037037
137	205	0.035714
137	212	0.038462
137	213	0.041667
137	216	0.033333
137	242	0.034483
137	247	0.034483
137	267	0.047619
137	277	0.040000
137	286	0.052632
137	300	0.050000
137	308	0.050000
137	317	0.052632
137	320	0.052632
137	330	0.045455
137	367	0.052632
137	381	0.052632
137	407	0.055556
137	418	0.052632
137	424	0.052632
137	425	0.055556
137	429	0.052632
137	443	0.055556
137	450	0.055556
138	4	0.011364
138	19	0.006061
138	20	0.006173
138	21	0.008403
138	23	0.008000
138	33	0.010000
138	35	0.009524
138	41	0.012658
138	54	0.013514
138	70	0.014706
138	74	0.017544
138	78	0.023256
138	86	0.020833
138	90	0.027778
138	113	0.025641
138	120	0.028571
138	122	0.025641
138	130	0.023256
138	149	0.025000
138	165	0.035714
138	173	0.033333
138	178	0.030303
138	181	0.040000
138	189	0.040000
138	229	0.038462
138	232	0.034483
138	245	0.043478
138	250	0.038462
138	253	0.052632
138	269	0.043478
138	278	0.043478
138	279	0.047619
138	282	0.050000
138	306	0.038462
138	313	0.055556
138	328	0.043478
138	330	0.045455
138	338	0.047619
138	355	0.043478
138	359	0.055556
138	378	0.055556
138	392	0.055556
138	403	0.052632
138	412	0.055556
138	413	0.055556
138	429	0.052632
138	439	0.055556
139	1	0.010989
139	6	0.010417
139	7	0.010204
139	12	0.010204
139	13	0.014706
139	19	0.006061
139	22	0.006803
139	23	0.008000
139	40	0.011364
139	44	0.013514
139	45	0.012658
139	47	0.009259
139	52	0.012048
139	66	0.016667
139	80	0.021739
139	109	0.027778
139	110	0.020408
139	120	0.028571
139	145	0.031250
139	153	0.041667
139	162	0.030303
139	167	0.030303
139	175	0.038462
139	221	0.045455
139	237	0.043478
139	246	0.043478
139	247	0.034483
139	264	0.052632
139	283	0.050000
139	297	0.047619
139	307	0.043478
139	308	0.050000
139	313	0.055556
139	356	0.055556
139	378	0.055556
139	408	0.052632
139	417	0.050000
139	425	0.055556
139	433	0.055556
139	449	0.055556
140	2	0.013699
140	14	0.010309
140	15	0.012987
140	18	0.006098
140	19	0.006061
140	21	0.008403
140	23	0.008000
140	24	0.010101
140	26	0.012048
140	35	0.009524
140	42	0.014286
140	54	0.013514
140	55	0.013514
140	60	0.023810
140	66	0.016667
140	79	0.018182
140	111	0.020833
140	122	0.025641
140	146	0.038462
140	151	0.035714
140	152	0.045455
140	154	0.027778
140	171	0.030303
140	184	0.034483
140	185	0.032258
140	202	0.037037
140	233	0.041667
140	243	0.038462
140	244	0.047619
140	269	0.043478
140	284	0.045455
140	286	0.052632
140	287	0.055556
140	304	0.050000
140	315	0.050000
140	357	0.052632
140	374	0.050000
140	441	0.055556
140	446	0.055556
141	8	0.012658
141	11	0.018868
141	19	0.006061
141	35	0.009524
141	52	0.012048
141	54	0.013514
141	68	0.020000
141	69	0.020000
141	70	0.014706
141	72	0.020408
141	78	0.023256
141	81	0.014085
141	106	0.027027
141	107	0.028571
141	117	0.029412
141	119	0.032258
141	133	0.027778
141	137	0.020833
141	187	0.037037
141	227	0.038462
141	257	0.034483
141	263	0.045455
141	267	0.047619
141	268	0.034483
141	330	0.045455
141	364	0.052632
141	395	0.055556
141	415	0.055556
142	6	0.010417
142	9	0.015873
142	16	0.013333
142	24	0.010101
142	29	0.023810
142	34	0.010101
142	35	0.009524
142	41	0.012658
142	52	0.012048
142	60	0.023810
142	69	0.020000
142	74	0.017544
142	76	0.014706
142	88	0.022222
142	96	0.020408
142	113	0.025641
142	121	0.023810
142	125	0.037037
142	172	0.037037
142	181	0.040000
142	186	0.037037
142	217	0.047619
142	224	0.045455
142	250	0.038462
142	259	0.038462
142	262	0.033333
142	267	0.047619
142	269	0.043478
142	286	0.052632
142	342	0.045455
142	362	0.050000
142	393	0.052632
142	394	0.045455
142	439	0.055556
143	1	0.010989
143	8	0.012658
143	12	0.010204
143	23	0.008000
143	24	0.010101
143	32	0.007042
143	35	0.009524
143	38	0.010000
143	46	0.014085
143	47	0.009259
143	48	0.013333
143	50	0.013889
143	51	0.015385
143	52	0.012048
143	82	0.025641
143	87	0.022222
143	89	0.024390
143	106	0.027027
143	146	0.038462
143	187	0.037037
143	268	0.034483
143	282	0.050000
143	288	0.040000
143	289	0.045455
143	293	0.043478
143	294	0.045455
143	310	0.043478
143	325	0.038462
143	328	0.043478
143	344	0.041667
143	435	0.052632
143	443	0.055556
143	448	0.055556
144	0	0.026316
144	2	0.013699
144	6	0.010417
144	9	0.015873
144	18	0.006098
144	23	0.008000
144	34	0.010101
144	44	0.013514
144	49	0.014706
144	54	0.013514
144	74	0.017544
144	81	0.014085
144	90	0.027778
144	98	0.021739
144	103	0.026316
144	112	0.025641
144	115	0.024390
144	122	0.025641
144	152	0.045455
144	153	0.041667
144	157	0.040000
144	160	0.025641
144	190	0.041667
144	196	0.040000
144	207	0.041667
144	219	0.052632
144	232	0.034483
144	250	0.038462
144	261	0.035714
144	265	0.037037
144	271	0.035714
144	319	0.047619
144	321	0.052632
144	332	0.047619
144	338	0.047619
144	350	0.052632
144	357	0.052632
144	366	0.047619
144	384	0.041667
144	385	0.052632
144	425	0.055556
144	442	0.052632
144	448	0.055556
145	4	0.011364
145	5	0.016949
145	9	0.015873
145	13	0.014706
145	18	0.006098
145	25	0.010309
145	26	0.012048
145	32	0.007042
145	33	0.010000
145	42	0.014286
145	49	0.014706
145	65	0.014925
145	66	0.016667
145	69	0.020000
145	89	0.024390
145	98	0.021739
145	104	0.022222
145	139	0.025000
145	147	0.025641
145	166	0.031250
145	169	0.032258
145	190	0.041667
145	215	0.045455
145	217	0.047619
145	243	0.038462
145	248	0.041667
145	266	0.032258
145	285	0.040000
145	292	0.037037
145	299	0.043478
145	305	0.047619
145	309	0.033333
146	1	0.010989
146	7	0.010204
146	10	0.015873
146	12	0.010204
146	14	0.010309
146	19	0.006061
146	20	0.006173
146	25	0.010309
146	26	0.012048
146	45	0.012658
146	46	0.014085
146	50	0.013889
146	59	0.024390
146	64	0.014286
146	78	0.023256
146	117	0.029412
146	140	0.025641
146	143	0.030303
146	214	0.037037
146	216	0.033333
146	226	0.038462
146	282	0.050000
146	305	0.047619
146	320	0.052632
146	352	0.047619
146	385	0.052632
147	2	0.013699
147	8	0.012658
147	14	0.010309
147	19	0.006061
147	25	0.010309
147	31	0.040000
147	32	0.007042
147	35	0.009524
147	41	0.012658
147	48	0.013333
147	51	0.015385
147	65	0.014925
147	75	0.023256
147	99	0.025641
147	103	0.026316
147	113	0.025641
147	145	0.031250
147	149	0.025000
147	160	0.025641
147	171	0.030303
147	177	0.035714
147	202	0.037037
147	215	0.045455
147	227	0.038462
147	229	0.038462
147	230	0.047619
147	269	0.043478
147	270	0.047619
147	273	0.045455
147	281	0.041667
147	282	0.050000
147	315	0.050000
147	333	0.050000
147	335	0.052632
147	340	0.045455
147	363	0.040000
147	379	0.052632
147	386	0.047619
147	388	0.050000
148	2	0.013699
148	9	0.015873
148	12	0.010204
148	14	0.010309
148	17	0.015385
148	18	0.006098
148	19	0.006061
148	32	0.007042
148	34	0.010101
148	39	0.013889
148	51	0.015385
148	68	0.020000
148	70	0.014706
148	73	0.016129
148	106	0.027027
148	131	0.034483
148	155	0.047619
148	159	0.052632
148	165	0.035714
148	169	0.032258
148	173	0.033333
148	178	0.030303
148	192	0.027027
148	193	0.033333
148	198	0.027778
148	218	0.038462
148	248	0.041667
148	250	0.038462
148	261	0.035714
148	302	0.047619
148	309	0.033333
148	318	0.050000
148	351	0.055556
148	360	0.052632
148	362	0.050000
148	433	0.055556
148	440	0.055556
149	2	0.013699
149	14	0.010309
149	16	0.013333
149	24	0.010101
149	32	0.007042
149	47	0.009259
149	54	0.013514
149	76	0.014706
149	81	0.014085
149	83	0.024390
149	98	0.021739
149	106	0.027027
149	112	0.025641
149	121	0.023810
149	134	0.028571
149	136	0.029412
149	138	0.021277
149	147	0.025641
149	161	0.025000
149	198	0.027778
149	209	0.034483
149	229	0.038462
149	232	0.034483
149	234	0.037037
149	236	0.040000
149	251	0.045455
149	262	0.033333
149	268	0.034483
149	278	0.043478
149	304	0.050000
149	350	0.052632
149	377	0.055556
149	404	0.052632
149	405	0.050000
149	410	0.055556
149	417	0.050000
149	419	0.055556
149	425	0.055556
149	442	0.052632
149	445	0.055556
150	11	0.018868
150	20	0.006173
150	22	0.006803
150	33	0.010000
150	34	0.010101
150	35	0.009524
150	37	0.012500
150	41	0.012658
150	42	0.014286
150	58	0.021739
150	60	0.023810
150	65	0.014925
150	69	0.020000
150	88	0.022222
150	89	0.024390
150	114	0.025641
150	122	0.025641
150	137	0.020833
150	152	0.045455
150	193	0.033333
150	197	0.027778
150	211	0.035714
150	232	0.034483
150	275	0.035714
150	293	0.043478
150	294	0.045455
150	296	0.047619
150	321	0.052632
150	354	0.047619
150	361	0.055556
150	365	0.045455
150	394	0.045455
150	413	0.055556
151	1	0.010989
151	11	0.018868
151	13	0.014706
151	18	0.006098
151	20	0.006173
151	32	0.007042
151	49	0.014706
151	51	0.015385
151	54	0.013514
151	59	0.024390
151	70	0.014706
151	76	0.014706
151	79	0.018182
151	84	0.021739
151	90	0.027778
151	99	0.025641
151	106	0.027027
151	140	0.025641
151	190	0.041667
151	252	0.043478
151	267	0.047619
151	270	0.047619
151	290	0.043478
151	311	0.052632
151	345	0.047619
151	409	0.050000
151	412	0.055556
151	443	0.055556
152	6	0.010417
152	12	0.010204
152	15	0.012987
152	16	0.013333
152	19	0.006061
152	22	0.006803
152	25	0.010309
152	40	0.011364
152	44	0.013514
152	46	0.014085
152	72	0.020408
152	77	0.015385
152	88	0.022222
152	100	0.020833
152	140	0.025641
152	144	0.023256
152	150	0.030303
152	178	0.030303
152	187	0.037037
152	262	0.033333
152	329	0.038462
152	336	0.045455
153	6	0.010417
153	7	0.010204
153	9	0.015873
153	14	0.010309
153	17	0.015385
153	18	0.006098
153	24	0.010101
153	26	0.012048
153	45	0.012658
153	51	0.015385
153	64	0.014286
153	69	0.020000
153	101	0.022222
153	114	0.025641
153	121	0.023810
153	139	0.025000
153	144	0.023256
153	156	0.038462
153	189	0.040000
153	204	0.029412
153	214	0.037037
153	242	0.034483
153	273	0.045455
153	442	0.052632
154	1	0.010989
154	8	0.012658
154	12	0.010204
154	15	0.012987
154	23	0.008000
154	24	0.010101
154	25	0.010309
154	26	0.012048
154	32	0.007042
154	44	0.013514
154	55	0.013514
154	75	0.023256
154	78	0.023256
154	89	0.024390
154	93	0.030303
154	122	0.025641
154	130	0.023256
154	140	0.025641
154	163	0.034483
154	179	0.040000
154	182	0.038462
154	184	0.034483
154	192	0.027027
154	193	0.033333
154	203	0.035714
154	221	0.045455
154	226	0.038462
154	239	0.041667
154	262	0.033333
154	298	0.040000
154	299	0.043478
154	361	0.055556
154	366	0.047619
154	372	0.045455
154	417	0.050000
154	428	0.055556
155	12	0.010204
155	18	0.006098
155	22	0.006803
155	23	0.008000
155	32	0.007042
155	41	0.012658
155	42	0.014286
155	45	0.012658
155	50	0.013889
155	58	0.021739
155	59	0.024390
155	81	0.014085
155	83	0.024390
155	88	0.022222
155	98	0.021739
155	119	0.032258
155	131	0.034483
155	148	0.027027
155	260	0.047619
155	310	0.043478
155	393	0.052632
156	9	0.015873
156	10	0.015873
156	15	0.012987
156	16	0.013333
156	17	0.015385
156	21	0.008403
156	22	0.006803
156	25	0.010309
156	32	0.007042
156	34	0.010101
156	60	0.023810
156	61	0.027027
156	66	0.016667
156	72	0.020408
156	87	0.022222
156	121	0.023810
156	133	0.027778
156	153	0.041667
156	157	0.040000
156	158	0.043478
156	179	0.040000
156	183	0.043478
156	206	0.032258
156	235	0.040000
156	256	0.037037
156	413	0.055556
157	14	0.010309
157	24	0.010101
157	30	0.025641
157	32	0.007042
157	35	0.009524
157	39	0.013889
157	45	0.012658
157	64	0.014286
157	70	0.014706
157	95	0.043478
157	98	0.021739
157	105	0.022222
157	113	0.025641
157	116	0.018519
157	120	0.028571
157	122	0.025641
157	144	0.023256
157	156	0.038462
157	160	0.025641
157	181	0.040000
157	223	0.043478
157	228	0.038462
157	374	0.050000
157	394	0.045455
157	424	0.052632
158	2	0.013699
158	4	0.011364
158	17	0.015385
158	21	0.008403
158	34	0.010101
158	38	0.010000
158	39	0.013889
158	43	0.017544
158	48	0.013333
158	60	0.023810
158	81	0.014085
158	89	0.024390
158	93	0.030303
158	108	0.021739
158	118	0.022727
158	131	0.034483
158	132	0.025641
158	156	0.038462
158	197	0.027778
158	259	0.038462
158	278	0.043478
158	428	0.055556
158	440	0.055556
159	18	0.006098
159	22	0.006803
159	44	0.013514
159	47	0.009259
159	68	0.020000
159	69	0.020000
159	73	0.016129
159	75	0.023256
159	97	0.023810
159	98	0.021739
159	99	0.025641
159	105	0.022222
159	108	0.021739
159	111	0.020833
159	113	0.025641
159	125	0.037037
159	136	0.029412
159	148	0.027027
159	369	0.052632
160	0	0.026316
160	7	0.010204
160	12	0.010204
160	23	0.008000
160	26	0.012048
160	35	0.009524
160	38	0.010000
160	48	0.013333
160	49	0.014706
160	52	0.012048
160	56	0.024390
160	77	0.015385
160	88	0.022222
160	115	0.024390
160	116	0.018519
160	144	0.023256
160	147	0.025641
160	157	0.040000
160	168	0.027027
160	174	0.027778
160	193	0.033333
160	201	0.032258
160	215	0.045455
160	221	0.045455
160	226	0.038462
160	250	0.038462
160	253	0.052632
160	257	0.034483
160	298	0.040000
160	299	0.043478
160	319	0.047619
160	333	0.050000
160	334	0.043478
160	386	0.047619
160	405	0.050000
160	411	0.052632
160	419	0.055556
160	437	0.055556
160	448	0.055556
161	14	0.010309
161	19	0.006061
161	21	0.008403
161	23	0.008000
161	32	0.007042
161	36	0.010417
161	39	0.013889
161	44	0.013514
161	55	0.013514
161	79	0.018182
161	87	0.022222
161	92	0.032258
161	104	0.022222
161	105	0.022222
161	121	0.023810
161	122	0.025641
161	130	0.023256
161	149	0.025000
161	170	0.033333
161	181	0.040000
161	197	0.027778
161	203	0.035714
161	209	0.034483
161	212	0.038462
161	220	0.047619
161	222	0.038462
161	247	0.034483
161	278	0.043478
161	285	0.040000
161	286	0.052632
161	309	0.033333
161	324	0.052632
161	337	0.050000
161	359	0.055556
161	362	0.050000
161	374	0.050000
161	398	0.055556
161	429	0.052632
161	441	0.055556
161	444	0.055556
162	8	0.012658
162	9	0.015873
162	13	0.014706
162	14	0.010309
162	18	0.006098
162	20	0.006173
162	25	0.010309
162	32	0.007042
162	33	0.010000
162	44	0.013514
162	47	0.009259
162	58	0.021739
162	66	0.016667
162	83	0.024390
162	86	0.020833
162	96	0.020408
162	104	0.022222
162	139	0.025000
162	170	0.033333
162	180	0.032258
162	200	0.034483
162	219	0.052632
162	230	0.047619
162	249	0.038462
162	251	0.045455
162	273	0.045455
162	292	0.037037
162	305	0.047619
162	308	0.050000
162	311	0.052632
162	318	0.050000
162	336	0.045455
162	339	0.043478
163	6	0.010417
163	8	0.012658
163	10	0.015873
163	14	0.010309
163	17	0.015385
163	32	0.007042
163	34	0.010101
163	40	0.011364
163	48	0.013333
163	70	0.014706
163	75	0.023256
163	77	0.015385
163	84	0.021739
163	89	0.024390
163	96	0.020408
163	102	0.025000
163	103	0.026316
163	154	0.027778
163	164	0.033333
163	186	0.037037
163	201	0.032258
163	213	0.041667
163	298	0.040000
163	312	0.047619
163	322	0.055556
163	332	0.047619
163	341	0.045455
163	380	0.055556
163	450	0.055556
164	12	0.010204
164	18	0.006098
164	20	0.006173
164	23	0.008000
164	30	0.025641
164	33	0.010000
164	45	0.012658
164	47	0.009259
164	49	0.014706
164	54	0.013514
164	66	0.016667
164	93	0.030303
164	105	0.022222
164	129	0.035714
164	135	0.020408
164	136	0.029412
164	137	0.020833
164	163	0.034483
164	165	0.035714
164	171	0.030303
164	184	0.034483
164	212	0.038462
164	238	0.035714
164	246	0.043478
164	249	0.038462
164	261	0.035714
164	266	0.032258
164	350	0.052632
164	381	0.052632
164	389	0.050000
165	6	0.010417
165	7	0.010204
165	13	0.014706
165	17	0.015385
165	18	0.006098
165	32	0.007042
165	38	0.010000
165	43	0.017544
165	48	0.013333
165	52	0.012048
165	55	0.013514
165	75	0.023256
165	81	0.014085
165	104	0.022222
165	130	0.023256
165	138	0.021277
165	148	0.027027
165	164	0.033333
165	178	0.030303
165	180	0.032258
165	199	0.038462
165	219	0.052632
165	225	0.040000
165	233	0.041667
165	317	0.052632
165	331	0.050000
165	399	0.052632
165	412	0.055556
166	5	0.016949
166	6	0.010417
166	9	0.015873
166	12	0.010204
166	13	0.014706
166	18	0.006098
166	25	0.010309
166	28	0.026316
166	37	0.012500
166	38	0.010000
166	40	0.011364
166	52	0.012048
166	60	0.023810
166	89	0.024390
166	106	0.027027
166	110	0.020408
166	135	0.020408
166	145	0.031250
166	179	0.040000
166	184	0.034483
166	214	0.037037
166	228	0.038462
166	314	0.043478
166	320	0.052632
166	370	0.052632
166	384	0.041667
166	400	0.058824
166	410	0.055556
166	431	0.055556
166	438	0.052632
166	440	0.055556
166	449	0.055556
167	4	0.011364
167	18	0.006098
167	19	0.006061
167	20	0.006173
167	23	0.008000
167	44	0.013514
167	45	0.012658
167	72	0.020408
167	81	0.014085
167	89	0.024390
167	90	0.027778
167	102	0.025000
167	106	0.027027
167	108	0.021739
167	111	0.020833
167	129	0.035714
167	139	0.025000
167	179	0.040000
167	182	0.038462
167	212	0.038462
167	249	0.038462
167	271	0.035714
167	278	0.043478
167	286	0.052632
167	299	0.043478
167	305	0.047619
167	374	0.050000
167	401	0.050000
167	416	0.055556
167	417	0.050000
167	432	0.052632
167	442	0.052632
167	447	0.055556
168	4	0.011364
168	9	0.015873
168	10	0.015873
168	11	0.018868
168	14	0.010309
168	38	0.010000
168	40	0.011364
168	48	0.013333
168	64	0.014286
168	70	0.014706
168	74	0.017544
168	77	0.015385
168	94	0.037037
168	100	0.020833
168	104	0.022222
168	108	0.021739
168	128	0.029412
168	160	0.025641
168	173	0.033333
168	174	0.027778
168	204	0.029412
168	213	0.041667
168	215	0.045455
168	227	0.038462
168	233	0.041667
168	251	0.045455
168	260	0.047619
168	285	0.040000
168	306	0.038462
168	331	0.050000
168	332	0.047619
168	352	0.047619
168	380	0.055556
168	397	0.050000
168	413	0.055556
168	429	0.052632
168	438	0.052632
169	6	0.010417
169	9	0.015873
169	19	0.006061
169	24	0.010101
169	25	0.010309
169	32	0.007042
169	38	0.010000
169	42	0.014286
169	46	0.014085
169	55	0.013514
169	61	0.027027
169	70	0.014706
169	76	0.014706
169	83	0.024390
169	120	0.028571
169	134	0.028571
169	145	0.031250
169	148	0.027027
169	183	0.043478
169	201	0.032258
169	215	0.045455
169	216	0.033333
169	225	0.040000
169	241	0.035714
169	264	0.052632
169	265	0.037037
169	280	0.047619
169	282	0.050000
169	324	0.052632
169	414	0.055556
169	417	0.050000
170	0	0.026316
170	3	0.022727
170	21	0.008403
170	24	0.010101
170	36	0.010417
170	41	0.012658
170	43	0.017544
170	45	0.012658
170	54	0.013514
170	64	0.014286
170	74	0.017544
170	86	0.020833
170	89	0.024390
170	108	0.021739
170	128	0.029412
170	161	0.025000
170	162	0.030303
170	188	0.041667
170	196	0.040000
170	217	0.047619
170	224	0.045455
170	253	0.052632
170	303	0.038462
170	304	0.050000
170	307	0.043478
170	327	0.047619
170	348	0.052632
170	354	0.047619
170	389	0.050000
170	445	0.055556
171	11	0.018868
171	16	0.013333
171	20	0.006173
171	23	0.008000
171	33	0.010000
171	34	0.010101
171	54	0.013514
171	64	0.014286
171	65	0.014925
171	66	0.016667
171	72	0.020408
171	81	0.014085
171	87	0.022222
171	98	0.021739
171	103	0.026316
171	140	0.025641
171	147	0.025641
171	164	0.033333
171	234	0.037037
171	241	0.035714
171	254	0.041667
171	263	0.045455
171	271	0.035714
171	306	0.038462
171	337	0.050000
171	354	0.047619
171	356	0.055556
171	357	0.052632
171	359	0.055556
171	377	0.055556
171	385	0.052632
171	398	0.055556
171	412	0.055556
172	8	0.012658
172	19	0.006061
172	33	0.010000
172	35	0.009524
172	37	0.012500
172	43	0.017544
172	47	0.009259
172	48	0.013333
172	52	0.012048
172	72	0.020408
172	83	0.024390
172	97	0.023810
172	98	0.021739
172	112	0.025641
172	113	0.025641
172	116	0.018519
172	119	0.032258
172	142	0.029412
172	178	0.030303
172	181	0.040000
172	286	0.052632
172	346	0.047619
172	371	0.047619
172	374	0.050000
172	399	0.052632
172	419	0.055556
172	431	0.055556
173	7	0.010204
173	12	0.010204
173	15	0.012987
173	21	0.008403
173	24	0.010101
173	32	0.007042
173	40	0.011364
173	41	0.012658
173	51	0.015385
173	56	0.024390
173	64	0.014286
173	78	0.023256
173	85	0.025641
173	100	0.020833
173	107	0.028571
173	138	0.021277
173	148	0.027027
173	168	0.027027
173	208	0.028571
173	233	0.041667
173	244	0.047619
173	248	0.041667
173	289	0.045455
173	298	0.040000
173	312	0.047619
173	317	0.052632
173	322	0.055556
173	338	0.047619
173	442	0.052632
173	451	0.055556
174	2	0.013699
174	5	0.016949
174	19	0.006061
174	20	0.006173
174	25	0.010309
174	55	0.013514
174	64	0.014286
174	68	0.020000
174	76	0.014706
174	77	0.015385
174	79	0.018182
174	84	0.021739
174	90	0.027778
174	118	0.022727
174	122	0.025641
174	128	0.029412
174	160	0.025641
174	168	0.027027
174	188	0.041667
174	203	0.035714
174	224	0.045455
174	225	0.040000
174	243	0.038462
174	253	0.052632
174	258	0.040000
174	259	0.038462
174	267	0.047619
174	279	0.047619
174	304	0.050000
174	343	0.043478
174	344	0.041667
174	373	0.050000
174	375	0.052632
174	383	0.055556
174	423	0.058824
174	428	0.055556
175	0	0.026316
175	6	0.010417
175	13	0.014706
175	19	0.006061
175	34	0.010101
175	35	0.009524
175	46	0.014085
175	49	0.014706
175	59	0.024390
175	70	0.014706
175	79	0.018182
175	81	0.014085
175	82	0.025641
175	98	0.021739
175	109	0.027778
175	111	0.020833
175	119	0.032258
175	139	0.025000
175	206	0.032258
175	243	0.038462
175	247	0.034483
175	258	0.040000
175	299	0.043478
175	319	0.047619
175	334	0.043478
175	402	0.052632
176	1	0.010989
176	5	0.016949
176	12	0.010204
176	15	0.012987
176	20	0.006173
176	22	0.006803
176	23	0.008000
176	25	0.010309
176	33	0.010000
176	39	0.013889
176	47	0.009259
176	81	0.014085
176	93	0.030303
176	101	0.022222
176	107	0.028571
176	110	0.020408
176	119	0.032258
176	135	0.020408
176	177	0.035714
176	223	0.043478
176	232	0.034483
176	244	0.047619
176	259	0.038462
176	261	0.035714
176	266	0.032258
176	282	0.050000
176	287	0.055556
176	300	0.050000
176	376	0.055556
176	398	0.055556
176	427	0.055556
176	447	0.055556
177	8	0.012658
177	14	0.010309
177	15	0.012987
177	17	0.015385
177	19	0.006061
177	21	0.008403
177	35	0.009524
177	39	0.013889
177	47	0.009259
177	49	0.014706
177	70	0.014706
177	87	0.022222
177	100	0.020833
177	103	0.026316
177	104	0.022222
177	129	0.035714
177	147	0.025641
177	176	0.031250
177	198	0.027778
177	206	0.032258
177	236	0.040000
177	269	0.043478
177	275	0.035714
177	279	0.047619
177	306	0.038462
177	357	0.052632
177	395	0.055556
177	398	0.055556
178	0	0.026316
178	4	0.011364
178	12	0.010204
178	15	0.012987
178	20	0.006173
178	27	0.017544
178	34	0.010101
178	35	0.009524
178	43	0.017544
178	71	0.027778
178	82	0.025641
178	107	0.028571
178	113	0.025641
178	138	0.021277
178	148	0.027027
178	152	0.045455
178	165	0.035714
178	172	0.037037
178	205	0.035714
178	226	0.038462
178	231	0.034483
178	281	0.041667
178	289	0.045455
178	303	0.038462
178	311	0.052632
178	317	0.052632
178	351	0.055556
178	417	0.050000
178	435	0.052632
178	443	0.055556
178	444	0.055556
178	448	0.055556
178	449	0.055556
179	8	0.012658
179	10	0.015873
179	20	0.006173
179	22	0.006803
179	39	0.013889
179	40	0.011364
179	45	0.012658
179	52	0.012048
179	55	0.013514
179	67	0.018868
179	97	0.023810
179	104	0.022222
179	105	0.022222
179	123	0.037037
179	154	0.027778
179	156	0.038462
179	166	0.031250
179	167	0.030303
179	212	0.038462
179	295	0.045455
179	299	0.043478
179	325	0.038462
179	390	0.055556
179	434	0.055556
179	450	0.055556
180	3	0.022727
180	10	0.015873
180	12	0.010204
180	13	0.014706
180	18	0.006098
180	21	0.008403
180	22	0.006803
180	24	0.010101
180	38	0.010000
180	45	0.012658
180	73	0.016129
180	85	0.025641
180	87	0.022222
180	93	0.030303
180	125	0.037037
180	129	0.035714
180	162	0.030303
180	165	0.035714
180	184	0.034483
180	274	0.040000
180	278	0.043478
180	309	0.033333
180	314	0.043478
180	317	0.052632
180	334	0.043478
180	345	0.047619
180	410	0.055556
180	419	0.055556
180	433	0.055556
180	438	0.052632
180	449	0.055556
181	11	0.018868
181	16	0.013333
181	24	0.010101
181	28	0.026316
181	38	0.010000
181	40	0.011364
181	44	0.013514
181	47	0.009259
181	57	0.021739
181	68	0.020000
181	80	0.021739
181	91	0.035714
181	115	0.024390
181	138	0.021277
181	142	0.029412
181	157	0.040000
181	161	0.025000
181	172	0.037037
181	213	0.041667
181	224	0.045455
181	268	0.034483
181	290	0.043478
181	306	0.038462
181	313	0.055556
181	433	0.055556
182	7	0.010204
182	8	0.012658
182	11	0.018868
182	12	0.010204
182	15	0.012987
182	22	0.006803
182	25	0.010309
182	35	0.009524
182	38	0.010000
182	46	0.014085
182	52	0.012048
182	59	0.024390
182	77	0.015385
182	82	0.025641
182	96	0.020408
182	100	0.020833
182	154	0.027778
182	167	0.030303
182	195	0.030303
182	226	0.038462
182	247	0.034483
182	270	0.047619
182	296	0.047619
182	366	0.047619
182	379	0.052632
182	398	0.055556
183	4	0.011364
183	6	0.010417
183	7	0.010204
183	8	0.012658
183	11	0.018868
183	17	0.015385
183	19	0.006061
183	20	0.006173
183	21	0.008403
183	22	0.006803
183	23	0.008000
183	32	0.007042
183	42	0.014286
183	71	0.027778
183	115	0.024390
183	132	0.025641
183	156	0.038462
183	169	0.032258
183	216	0.033333
183	228	0.038462
183	394	0.045455
183	404	0.052632
183	427	0.055556
184	9	0.015873
184	19	0.006061
184	22	0.006803
184	27	0.017544
184	30	0.025641
184	33	0.010000
184	35	0.009524
184	54	0.013514
184	58	0.021739
184	77	0.015385
184	86	0.020833
184	110	0.020408
184	133	0.027778
184	140	0.025641
184	154	0.027778
184	164	0.033333
184	166	0.031250
184	180	0.032258
184	214	0.037037
184	220	0.047619
184	228	0.038462
184	240	0.045455
184	245	0.043478
184	285	0.040000
184	345	0.047619
184	346	0.047619
184	350	0.052632
184	418	0.052632
184	431	0.055556
185	1	0.010989
185	16	0.013333
185	20	0.006173
185	38	0.010000
185	47	0.009259
185	49	0.014706
185	51	0.015385
185	53	0.018868
185	55	0.013514
185	76	0.014706
185	86	0.020833
185	89	0.024390
185	94	0.037037
185	102	0.025000
185	116	0.018519
185	118	0.022727
185	130	0.023256
185	140	0.025641
185	219	0.052632
185	247	0.034483
185	255	0.047619
185	258	0.040000
185	267	0.047619
185	276	0.047619
185	301	0.050000
185	321	0.052632
185	331	0.050000
185	372	0.045455
185	413	0.055556
185	416	0.055556
185	442	0.052632
186	1	0.010989
186	2	0.013699
186	4	0.011364
186	7	0.010204
186	33	0.010000
186	40	0.011364
186	51	0.015385
186	68	0.020000
186	70	0.014706
186	74	0.017544
186	75	0.023256
186	76	0.014706
186	102	0.025000
186	107	0.028571
186	129	0.035714
186	137	0.020833
186	142	0.029412
186	163	0.034483
186	191	0.052632
186	208	0.028571
186	234	0.037037
186	240	0.045455
186	285	0.040000
186	293	0.043478
186	297	0.047619
186	389	0.050000
186	390	0.055556
187	8	0.012658
187	12	0.010204
187	14	0.010309
187	19	0.006061
187	21	0.008403
187	22	0.006803
187	25	0.010309
187	26	0.012048
187	27	0.017544
187	37	0.012500
187	47	0.009259
187	55	0.013514
187	57	0.021739
187	68	0.020000
187	109	0.027778
187	141	0.035714
187	143	0.030303
187	152	0.045455
187	194	0.031250
187	280	0.047619
187	281	0.041667
187	333	0.050000
187	337	0.050000
187	341	0.045455
187	342	0.045455
187	365	0.045455
187	380	0.055556
188	6	0.010417
188	10	0.015873
188	18	0.006098
188	19	0.006061
188	20	0.006173
188	24	0.010101
188	32	0.007042
188	36	0.010417
188	38	0.010000
188	40	0.011364
188	44	0.013514
188	65	0.014925
188	81	0.014085
188	108	0.021739
188	118	0.022727
188	134	0.028571
188	170	0.033333
188	174	0.027778
188	252	0.043478
188	259	0.038462
188	281	0.041667
188	316	0.047619
188	361	0.055556
188	371	0.047619
189	7	0.010204
189	11	0.018868
189	18	0.006098
189	30	0.025641
189	34	0.010101
189	44	0.013514
189	46	0.014085
189	50	0.013889
189	73	0.016129
189	86	0.020833
189	108	0.021739
189	114	0.025641
189	118	0.022727
189	121	0.023810
189	130	0.023256
189	131	0.034483
189	138	0.021277
189	153	0.041667
189	202	0.037037
189	214	0.037037
189	237	0.043478
189	295	0.045455
189	333	0.050000
189	375	0.052632
189	403	0.052632
190	6	0.010417
190	7	0.010204
190	13	0.014706
190	14	0.010309
190	20	0.006173
190	22	0.006803
190	35	0.009524
190	36	0.010417
190	54	0.013514
190	62	0.045455
190	69	0.020000
190	80	0.021739
190	123	0.037037
190	126	0.045455
190	144	0.023256
190	145	0.031250
190	151	0.035714
190	197	0.027778
190	245	0.043478
190	249	0.038462
190	341	0.045455
190	361	0.055556
190	425	0.055556
190	434	0.055556
191	1	0.010989
191	2	0.013699
191	6	0.010417
191	25	0.010309
191	35	0.009524
191	44	0.013514
191	47	0.009259
191	58	0.021739
191	69	0.020000
191	73	0.016129
191	77	0.015385
191	99	0.025641
191	104	0.022222
191	121	0.023810
191	126	0.045455
191	127	0.047619
191	132	0.025641
191	186	0.037037
191	334	0.043478
192	15	0.012987
192	18	0.006098
192	23	0.008000
192	33	0.010000
192	42	0.014286
192	53	0.018868
192	54	0.013514
192	76	0.014706
192	80	0.021739
192	81	0.014085
192	89	0.024390
192	96	0.020408
192	99	0.025641
192	101	0.022222
192	105	0.022222
192	112	0.025641
192	148	0.027027
192	154	0.027778
192	218	0.038462
192	233	0.041667
192	238	0.035714
192	243	0.038462
192	271	0.035714
192	274	0.040000
192	275	0.035714
192	278	0.043478
192	291	0.045455
192	306	0.038462
192	316	0.047619
192	325	0.038462
192	329	0.038462
192	331	0.050000
192	340	0.045455
192	358	0.052632
192	360	0.052632
192	363	0.040000
192	406	0.052632
193	7	0.010204
193	16	0.013333
193	24	0.010101
193	34	0.010101
193	39	0.013889
193	48	0.013333
193	52	0.012048
193	64	0.014286
193	70	0.014706
193	71	0.027778
193	83	0.024390
193	96	0.020408
193	121	0.023810
193	130	0.023256
193	148	0.027027
193	150	0.030303
193	154	0.027778
193	160	0.025641
193	197	0.027778
193	209	0.034483
193	221	0.045455
193	236	0.040000
193	263	0.045455
193	269	0.043478
193	281	0.041667
193	351	0.055556
193	353	0.043478
193	355	0.043478
193	395	0.055556
193	422	0.052632
194	5	0.016949
194	17	0.015385
194	21	0.008403
194	22	0.006803
194	23	0.008000
194	32	0.007042
194	35	0.009524
194	38	0.010000
194	39	0.013889
194	45	0.012658
194	64	0.014286
194	65	0.014925
194	67	0.018868
194	86	0.020833
194	101	0.022222
194	137	0.020833
194	187	0.037037
194	248	0.041667
194	257	0.034483
194	267	0.047619
194	268	0.034483
194	290	0.043478
194	301	0.050000
194	313	0.055556
194	333	0.050000
194	346	0.047619
194	354	0.047619
194	368	0.050000
194	390	0.055556
194	405	0.050000
194	418	0.052632
194	419	0.055556
195	4	0.011364
195	11	0.018868
195	12	0.010204
195	17	0.015385
195	22	0.006803
195	27	0.017544
195	35	0.009524
195	37	0.012500
195	44	0.013514
195	46	0.014085
195	76	0.014706
195	85	0.025641
195	86	0.020833
195	87	0.022222
195	108	0.021739
195	109	0.027778
195	115	0.024390
195	182	0.038462
195	199	0.038462
195	216	0.033333
195	227	0.038462
195	245	0.043478
195	250	0.038462
195	273	0.045455
195	311	0.052632
195	345	0.047619
195	347	0.052632
195	348	0.052632
195	362	0.050000
195	382	0.052632
195	399	0.052632
195	414	0.055556
195	438	0.052632
196	10	0.015873
196	18	0.006098
196	20	0.006173
196	32	0.007042
196	42	0.014286
196	45	0.012658
196	55	0.013514
196	58	0.021739
196	68	0.020000
196	72	0.020408
196	73	0.016129
196	90	0.027778
196	108	0.021739
196	116	0.018519
196	119	0.032258
196	123	0.037037
196	144	0.023256
196	170	0.033333
196	210	0.038462
196	230	0.047619
196	235	0.040000
196	239	0.041667
196	348	0.052632
196	403	0.052632
196	421	0.052632
197	1	0.010989
197	14	0.010309
197	32	0.007042
197	34	0.010101
197	38	0.010000
197	49	0.014706
197	51	0.015385
197	54	0.013514
197	64	0.014286
197	77	0.015385
197	82	0.025641
197	101	0.022222
197	108	0.021739
197	150	0.030303
197	158	0.043478
197	161	0.025000
197	190	0.041667
197	193	0.033333
197	199	0.038462
197	223	0.043478
197	225	0.040000
197	228	0.038462
197	236	0.040000
197	246	0.043478
197	250	0.038462
197	285	0.040000
197	301	0.050000
197	311	0.052632
197	315	0.050000
197	345	0.047619
197	350	0.052632
197	370	0.052632
197	374	0.050000
197	401	0.050000
197	402	0.052632
197	435	0.052632
198	3	0.022727
198	6	0.010417
198	10	0.015873
198	16	0.013333
198	19	0.006061
198	32	0.007042
198	37	0.012500
198	44	0.013514
198	48	0.013333
198	52	0.012048
198	55	0.013514
198	74	0.017544
198	93	0.030303
198	117	0.029412
198	122	0.025641
198	148	0.027027
198	149	0.025000
198	177	0.035714
198	228	0.038462
198	241	0.035714
198	243	0.038462
198	250	0.038462
198	263	0.045455
198	291	0.045455
198	315	0.050000
198	320	0.052632
198	329	0.038462
198	342	0.045455
198	377	0.055556
198	383	0.055556
198	400	0.058824
198	408	0.052632
198	410	0.055556
198	414	0.055556
198	424	0.052632
198	429	0.052632
199	13	0.014706
199	15	0.012987
199	18	0.006098
199	20	0.006173
199	22	0.006803
199	24	0.010101
199	26	0.012048
199	40	0.011364
199	41	0.012658
199	56	0.024390
199	61	0.027027
199	65	0.014925
199	70	0.014706
199	73	0.016129
199	115	0.024390
199	165	0.035714
199	195	0.030303
199	197	0.027778
199	213	0.041667
199	215	0.045455
199	216	0.033333
199	275	0.035714
199	288	0.040000
199	370	0.052632
199	399	0.052632
199	436	0.055556
200	0	0.026316
200	2	0.013699
200	4	0.011364
200	7	0.010204
200	14	0.010309
200	23	0.008000
200	26	0.012048
200	28	0.026316
200	35	0.009524
200	44	0.013514
200	48	0.013333
200	60	0.023810
200	65	0.014925
200	69	0.020000
200	76	0.014706
200	77	0.015385
200	107	0.028571
200	162	0.030303
200	229	0.038462
200	239	0.041667
200	286	0.052632
200	334	0.043478
200	335	0.052632
200	368	0.050000
200	370	0.052632
200	398	0.055556
200	403	0.052632
200	415	0.055556
200	430	0.055556
201	5	0.016949
201	7	0.010204
201	18	0.006098
201	22	0.006803
201	33	0.010000
201	35	0.009524
201	37	0.012500
201	47	0.009259
201	52	0.012048
201	59	0.024390
201	96	0.020408
201	102	0.025000
201	117	0.029412
201	135	0.020408
201	137	0.020833
201	160	0.025641
201	163	0.034483
201	169	0.032258
201	222	0.038462
201	251	0.045455
201	261	0.035714
201	305	0.047619
201	308	0.050000
201	315	0.050000
201	318	0.050000
201	355	0.043478
201	356	0.055556
201	385	0.052632
201	400	0.058824
201	420	0.058824
201	436	0.055556
202	7	0.010204
202	14	0.010309
202	17	0.015385
202	19	0.006061
202	32	0.007042
202	39	0.013889
202	40	0.011364
202	48	0.013333
202	76	0.014706
202	104	0.022222
202	113	0.025641
202	130	0.023256
202	135	0.020408
202	137	0.020833
202	140	0.025641
202	147	0.025641
202	189	0.040000
202	203	0.035714
202	209	0.034483
202	216	0.033333
202	253	0.052632
202	276	0.047619
202	284	0.045455
202	313	0.055556
202	314	0.043478
202	387	0.052632
202	432	0.052632
203	0	0.026316
203	2	0.013699
203	7	0.010204
203	22	0.006803
203	32	0.007042
203	64	0.014286
203	65	0.014925
203	67	0.018868
203	76	0.014706
203	85	0.025641
203	116	0.018519
203	118	0.022727
203	128	0.029412
203	154	0.027778
203	161	0.025000
203	174	0.027778
203	202	0.037037
203	226	0.038462
203	229	0.038462
203	277	0.040000
203	303	0.038462
203	332	0.047619
203	383	0.055556
203	419	0.055556
203	435	0.052632
203	439	0.055556
203	440	0.055556
203	449	0.055556
204	7	0.010204
204	11	0.018868
204	17	0.015385
204	26	0.012048
204	39	0.013889
204	45	0.012658
204	50	0.013889
204	65	0.014925
204	85	0.025641
204	105	0.022222
204	106	0.027027
204	109	0.027778
204	116	0.018519
204	129	0.035714
204	132	0.025641
204	134	0.028571
204	153	0.041667
204	168	0.027027
204	212	0.038462
204	216	0.033333
204	231	0.034483
204	247	0.034483
204	289	0.045455
204	308	0.050000
204	319	0.047619
204	321	0.052632
204	337	0.050000
204	368	0.050000
204	370	0.052632
204	377	0.055556
204	382	0.052632
204	411	0.052632
204	439	0.055556
204	445	0.055556
205	4	0.011364
205	10	0.015873
205	14	0.010309
205	15	0.012987
205	24	0.010101
205	30	0.025641
205	35	0.009524
205	44	0.013514
205	45	0.012658
205	54	0.013514
205	55	0.013514
205	56	0.024390
205	73	0.016129
205	76	0.014706
205	96	0.020408
205	98	0.021739
205	137	0.020833
205	178	0.030303
205	243	0.038462
205	245	0.043478
205	251	0.045455
205	302	0.047619
205	319	0.047619
205	337	0.050000
205	345	0.047619
205	384	0.041667
205	396	0.055556
205	422	0.052632
206	0	0.026316
206	1	0.010989
206	15	0.012987
206	18	0.006098
206	21	0.008403
206	23	0.008000
206	35	0.009524
206	36	0.010417
206	37	0.012500
206	41	0.012658
206	64	0.014286
206	82	0.025641
206	99	0.025641
206	112	0.025641
206	133	0.027778
206	156	0.038462
206	175	0.038462
206	177	0.035714
206	215	0.045455
206	217	0.047619
206	231	0.034483
206	247	0.034483
206	274	0.040000
206	284	0.045455
206	306	0.038462
206	317	0.052632
206	323	0.040000
206	342	0.045455
206	345	0.047619
206	397	0.050000
206	447	0.055556
207	1	0.010989
207	8	0.012658
207	14	0.010309
207	15	0.012987
207	16	0.013333
207	22	0.006803
207	33	0.010000
207	35	0.009524
207	36	0.010417
207	41	0.012658
207	43	0.017544
207	50	0.013889
207	68	0.020000
207	73	0.016129
207	105	0.022222
207	112	0.025641
207	144	0.023256
207	254	0.041667
207	291	0.045455
207	295	0.045455
207	342	0.045455
207	376	0.055556
207	404	0.052632
207	411	0.052632
208	12	0.010204
208	18	0.006098
208	19	0.006061
208	32	0.007042
208	34	0.010101
208	35	0.009524
208	37	0.012500
208	47	0.009259
208	50	0.013889
208	64	0.014286
208	76	0.014706
208	79	0.018182
208	99	0.025641
208	112	0.025641
208	115	0.024390
208	135	0.020408
208	173	0.033333
208	186	0.037037
208	209	0.034483
208	212	0.038462
208	226	0.038462
208	229	0.038462
208	252	0.043478
208	258	0.040000
208	268	0.034483
208	287	0.055556
208	315	0.050000
208	325	0.038462
208	337	0.050000
208	341	0.045455
208	352	0.047619
208	387	0.052632
208	395	0.055556
208	413	0.055556
208	429	0.052632
209	8	0.012658
209	20	0.006173
209	21	0.008403
209	41	0.012658
209	47	0.009259
209	65	0.014925
209	66	0.016667
209	70	0.014706
209	83	0.024390
209	84	0.021739
209	117	0.029412
209	128	0.029412
209	136	0.029412
209	149	0.025000
209	161	0.025000
209	193	0.033333
209	202	0.037037
209	208	0.028571
209	231	0.034483
209	243	0.038462
209	258	0.040000
209	274	0.040000
209	281	0.041667
209	318	0.050000
209	331	0.050000
209	374	0.050000
209	380	0.055556
209	395	0.055556
209	404	0.052632
210	9	0.015873
210	21	0.008403
210	23	0.008000
210	36	0.010417
210	38	0.010000
210	43	0.017544
210	45	0.012658
210	47	0.009259
210	48	0.013333
210	55	0.013514
210	65	0.014925
210	69	0.020000
210	73	0.016129
210	75	0.023256
210	78	0.023256
210	96	0.020408
210	135	0.020408
210	196	0.040000
210	253	0.052632
210	275	0.035714
210	290	0.043478
210	292	0.037037
210	316	0.047619
210	351	0.055556
210	426	0.055556
210	447	0.055556
211	1	0.010989
211	3	0.022727
211	4	0.011364
211	5	0.016949
211	6	0.010417
211	20	0.006173
211	22	0.006803
211	23	0.008000
211	27	0.017544
211	42	0.014286
211	50	0.013889
211	51	0.015385
211	97	0.023810
211	102	0.025000
211	108	0.021739
211	123	0.037037
211	130	0.023256
211	150	0.030303
211	213	0.041667
211	224	0.045455
211	225	0.040000
211	270	0.047619
211	283	0.050000
211	290	0.043478
211	305	0.047619
211	362	0.050000
211	368	0.050000
211	370	0.052632
212	8	0.012658
212	18	0.006098
212	20	0.006173
212	44	0.013514
212	46	0.014085
212	51	0.015385
212	73	0.016129
212	86	0.020833
212	118	0.022727
212	131	0.034483
212	135	0.020408
212	137	0.020833
212	161	0.025000
212	164	0.033333
212	167	0.030303
212	179	0.040000
212	204	0.029412
212	208	0.028571
212	220	0.047619
212	223	0.043478
212	230	0.047619
212	283	0.050000
212	295	0.045455
212	412	0.055556
212	435	0.052632
212	440	0.055556
213	5	0.016949
213	12	0.010204
213	18	0.006098
213	21	0.008403
213	44	0.013514
213	51	0.015385
213	78	0.023256
213	92	0.032258
213	98	0.021739
213	102	0.025000
213	103	0.026316
213	108	0.021739
213	137	0.020833
213	163	0.034483
213	168	0.027027
213	181	0.040000
213	199	0.038462
213	211	0.035714
213	218	0.038462
213	225	0.040000
213	280	0.047619
213	299	0.043478
213	349	0.055556
213	404	0.052632
214	6	0.010417
214	10	0.015873
214	12	0.010204
214	13	0.014706
214	19	0.006061
214	24	0.010101
214	26	0.012048
214	48	0.013333
214	77	0.015385
214	80	0.021739
214	105	0.022222
214	110	0.020408
214	136	0.029412
214	146	0.038462
214	153	0.041667
214	166	0.031250
214	184	0.034483
214	189	0.040000
214	217	0.047619
214	232	0.034483
214	265	0.037037
214	294	0.045455
214	331	0.050000
214	339	0.043478
214	346	0.047619
214	387	0.052632
214	393	0.052632
215	7	0.010204
215	17	0.015385
215	18	0.006098
215	19	0.006061
215	32	0.007042
215	36	0.010417
215	48	0.013333
215	65	0.014925
215	73	0.016129
215	99	0.025641
215	133	0.027778
215	145	0.031250
215	147	0.025641
215	160	0.025641
215	168	0.027027
215	169	0.032258
215	199	0.038462
215	206	0.032258
215	270	0.047619
215	326	0.045455
215	352	0.047619
215	376	0.055556
216	3	0.022727
216	13	0.014706
216	17	0.015385
216	22	0.006803
216	24	0.010101
216	43	0.017544
216	87	0.022222
216	96	0.020408
216	108	0.021739
216	134	0.028571
216	137	0.020833
216	146	0.038462
216	169	0.032258
216	183	0.043478
216	195	0.030303
216	199	0.038462
216	202	0.037037
216	204	0.029412
216	219	0.052632
216	249	0.038462
216	252	0.043478
216	254	0.041667
216	256	0.037037
216	276	0.047619
216	280	0.047619
216	303	0.038462
216	318	0.050000
216	392	0.055556
216	396	0.055556
216	427	0.055556
217	21	0.008403
217	24	0.010101
217	36	0.010417
217	40	0.011364
217	44	0.013514
217	59	0.024390
217	65	0.014925
217	76	0.014706
217	80	0.021739
217	82	0.025641
217	103	0.026316
217	121	0.023810
217	135	0.020408
217	142	0.029412
217	145	0.031250
217	170	0.033333
217	206	0.032258
217	214	0.037037
217	232	0.034483
217	239	0.041667
217	347	0.052632
218	13	0.014706
218	20	0.006173
218	33	0.010000
218	36	0.010417
218	41	0.012658
218	50	0.013889
218	51	0.015385
218	54	0.013514
218	55	0.013514
218	59	0.024390
218	77	0.015385
218	88	0.022222
218	100	0.020833
218	116	0.018519
218	135	0.020408
218	148	0.027027
218	192	0.027027
218	213	0.041667
218	247	0.034483
218	248	0.041667
218	288	0.040000
218	310	0.043478
218	337	0.050000
218	389	0.050000
218	401	0.050000
218	424	0.052632
219	11	0.018868
219	18	0.006098
219	19	0.006061
219	23	0.008000
219	25	0.010309
219	30	0.025641
219	33	0.010000
219	34	0.010101
219	35	0.009524
219	61	0.027027
219	67	0.018868
219	101	0.022222
219	102	0.025000
219	144	0.023256
219	162	0.030303
219	165	0.035714
219	185	0.032258
219	216	0.033333
219	375	0.052632
220	1	0.010989
220	7	0.010204
220	12	0.010204
220	17	0.015385
220	19	0.006061
220	22	0.006803
220	25	0.010309
220	32	0.007042
220	34	0.010101
220	44	0.013514
220	77	0.015385
220	100	0.020833
220	109	0.027778
220	115	0.024390
220	119	0.032258
220	161	0.025000
220	184	0.034483
220	212	0.038462
220	231	0.034483
220	319	0.047619
220	391	0.052632
221	0	0.026316
221	1	0.010989
221	3	0.022727
221	4	0.011364
221	15	0.012987
221	22	0.006803
221	26	0.012048
221	32	0.007042
221	48	0.013333
221	52	0.012048
221	64	0.014286
221	81	0.014085
221	97	0.023810
221	105	0.022222
221	139	0.025000
221	154	0.027778
221	160	0.025641
221	193	0.033333
221	263	0.045455
221	278	0.043478
221	295	0.045455
221	450	0.055556
222	5	0.016949
222	8	0.012658
222	11	0.018868
222	18	0.006098
222	20	0.006173
222	27	0.017544
222	32	0.007042
222	37	0.012500
222	45	0.012658
222	47	0.009259
222	65	0.014925
222	70	0.014706
222	84	0.021739
222	116	0.018519
222	132	0.025641
222	136	0.029412
222	161	0.025000
222	201	0.032258
222	234	0.037037
222	246	0.043478
222	267	0.047619
222	305	0.047619
222	408	0.052632
222	419	0.055556
222	423	0.058824
222	426	0.055556
223	1	0.010989
223	10	0.015873
223	20	0.006173
223	39	0.013889
223	40	0.011364
223	42	0.014286
223	47	0.009259
223	64	0.014286
223	79	0.018182
223	83	0.024390
223	86	0.020833
223	99	0.025641
223	111	0.020833
223	130	0.023256
223	157	0.040000
223	176	0.031250
223	197	0.027778
223	212	0.038462
223	262	0.033333
223	264	0.052632
223	292	0.037037
223	338	0.047619
223	435	0.052632
224	0	0.026316
224	21	0.008403
224	25	0.010309
224	39	0.013889
224	42	0.014286
224	50	0.013889
224	67	0.018868
224	70	0.014706
224	73	0.016129
224	96	0.020408
224	98	0.021739
224	121	0.023810
224	130	0.023256
224	142	0.029412
224	170	0.033333
224	174	0.027778
224	181	0.040000
224	211	0.035714
224	257	0.034483
224	312	0.047619
224	360	0.052632
224	421	0.052632
225	1	0.010989
225	11	0.018868
225	15	0.012987
225	40	0.011364
225	43	0.017544
225	47	0.009259
225	51	0.015385
225	54	0.013514
225	56	0.024390
225	75	0.023256
225	102	0.025000
225	103	0.026316
225	165	0.035714
225	169	0.032258
225	174	0.027778
225	197	0.027778
225	211	0.035714
225	213	0.041667
225	260	0.047619
225	308	0.050000
225	314	0.043478
225	348	0.052632
225	363	0.040000
225	371	0.047619
225	424	0.052632
226	12	0.010204
226	13	0.014706
226	18	0.006098
226	20	0.006173
226	22	0.006803
226	23	0.008000
226	52	0.012048
226	55	0.013514
226	88	0.022222
226	91	0.035714
226	106	0.027027
226	146	0.038462
226	154	0.027778
226	160	0.025641
226	178	0.030303
226	182	0.038462
226	203	0.035714
226	208	0.028571
226	229	0.038462
226	231	0.034483
226	266	0.032258
226	288	0.040000
226	289	0.045455
226	300	0.050000
226	378	0.055556
226	386	0.047619
227	7	0.010204
227	8	0.012658
227	10	0.015873
227	15	0.012987
227	24	0.010101
227	32	0.007042
227	35	0.009524
227	39	0.013889
227	44	0.013514
227	77	0.015385
227	103	0.026316
227	104	0.022222
227	128	0.029412
227	131	0.034483
227	141	0.035714
227	147	0.025641
227	168	0.027027
227	195	0.030303
227	231	0.034483
227	257	0.034483
227	324	0.052632
227	332	0.047619
227	344	0.041667
227	394	0.045455
227	402	0.052632
227	408	0.052632
228	6	0.010417
228	9	0.015873
228	14	0.010309
228	18	0.006098
228	26	0.012048
228	27	0.017544
228	32	0.007042
228	73	0.016129
228	87	0.022222
228	108	0.021739
228	113	0.025641
228	136	0.029412
228	157	0.040000
228	166	0.031250
228	183	0.043478
228	184	0.034483
228	197	0.027778
228	198	0.027778
228	230	0.047619
228	242	0.034483
228	271	0.035714
228	280	0.047619
228	361	0.055556
228	398	0.055556
228	442	0.052632
228	451	0.055556
229	17	0.015385
229	19	0.006061
229	20	0.006173
229	32	0.007042
229	35	0.009524
229	44	0.013514
229	66	0.016667
229	111	0.020833
229	113	0.025641
229	130	0.023256
229	132	0.025641
229	138	0.021277
229	147	0.025641
229	149	0.025000
229	200	0.034483
229	203	0.035714
229	208	0.028571
229	226	0.038462
229	265	0.037037
229	298	0.040000
229	301	0.050000
229	306	0.038462
229	345	0.047619
229	358	0.052632
229	361	0.055556
229	429	0.052632
230	0	0.026316
230	2	0.013699
230	8	0.012658
230	13	0.014706
230	16	0.013333
230	33	0.010000
230	45	0.012658
230	48	0.013333
230	65	0.014925
230	98	0.021739
230	114	0.025641
230	116	0.018519
230	132	0.025641
230	147	0.025641
230	162	0.030303
230	196	0.040000
230	212	0.038462
230	228	0.038462
230	363	0.040000
230	387	0.052632
230	449	0.055556
231	1	0.010989
231	16	0.013333
231	19	0.006061
231	26	0.012048
231	35	0.009524
231	38	0.010000
231	39	0.013889
231	49	0.014706
231	55	0.013514
231	94	0.037037
231	118	0.022727
231	178	0.030303
231	204	0.029412
231	206	0.032258
231	209	0.034483
231	220	0.047619
231	226	0.038462
231	227	0.038462
231	238	0.035714
231	243	0.038462
231	274	0.040000
231	275	0.035714
231	299	0.043478
231	332	0.047619
231	340	0.045455
231	344	0.041667
231	377	0.055556
231	382	0.052632
231	434	0.055556
232	4	0.011364
232	22	0.006803
232	35	0.009524
232	49	0.014706
232	76	0.014706
232	77	0.015385
232	79	0.018182
232	90	0.027778
232	102	0.025000
232	104	0.022222
232	133	0.027778
232	138	0.021277
232	144	0.023256
232	149	0.025000
232	150	0.030303
232	176	0.031250
232	214	0.037037
232	217	0.047619
232	251	0.045455
232	261	0.035714
232	282	0.050000
232	291	0.045455
232	293	0.043478
232	343	0.043478
232	367	0.052632
232	368	0.050000
232	379	0.052632
232	406	0.052632
232	412	0.055556
233	5	0.016949
233	7	0.010204
233	19	0.006061
233	22	0.006803
233	32	0.007042
233	36	0.010417
233	45	0.012658
233	67	0.018868
233	82	0.025641
233	100	0.020833
233	115	0.024390
233	123	0.037037
233	125	0.037037
233	140	0.025641
233	165	0.035714
233	168	0.027027
233	173	0.033333
233	192	0.027027
233	306	0.038462
233	328	0.043478
233	357	0.052632
233	358	0.052632
233	378	0.055556
233	444	0.055556
234	4	0.011364
234	10	0.015873
234	18	0.006098
234	22	0.006803
234	25	0.010309
234	32	0.007042
234	36	0.010417
234	37	0.012500
234	47	0.009259
234	48	0.013333
234	89	0.024390
234	92	0.032258
234	100	0.020833
234	113	0.025641
234	149	0.025000
234	171	0.030303
234	186	0.037037
234	222	0.038462
234	244	0.047619
234	294	0.045455
234	327	0.047619
234	353	0.043478
234	368	0.050000
234	396	0.055556
234	407	0.055556
234	408	0.052632
234	442	0.052632
235	4	0.011364
235	6	0.010417
235	7	0.010204
235	14	0.010309
235	15	0.012987
235	20	0.006173
235	21	0.008403
235	34	0.010101
235	57	0.021739
235	64	0.014286
235	72	0.020408
235	84	0.021739
235	85	0.025641
235	110	0.020408
235	118	0.022727
235	133	0.027778
235	156	0.038462
235	196	0.040000
235	284	0.045455
235	302	0.047619
235	346	0.047619
235	352	0.047619
235	364	0.052632
235	375	0.052632
235	389	0.050000
236	1	0.010989
236	22	0.006803
236	25	0.010309
236	32	0.007042
236	41	0.012658
236	45	0.012658
236	52	0.012048
236	53	0.018868
236	64	0.014286
236	79	0.018182
236	90	0.027778
236	112	0.025641
236	116	0.018519
236	136	0.029412
236	149	0.025000
236	177	0.035714
236	193	0.033333
236	197	0.027778
236	264	0.052632
236	295	0.045455
236	318	0.050000
236	395	0.055556
236	416	0.055556
236	428	0.055556
236	441	0.055556
237	10	0.015873
237	18	0.006098
237	21	0.008403
237	22	0.006803
237	23	0.008000
237	25	0.010309
237	26	0.012048
237	32	0.007042
237	33	0.010000
237	46	0.014085
237	51	0.015385
237	110	0.020408
237	114	0.025641
237	116	0.018519
237	119	0.032258
237	121	0.023810
237	139	0.025000
237	189	0.040000
237	273	0.045455
237	297	0.047619
237	312	0.047619
237	347	0.052632
237	432	0.052632
238	8	0.012658
238	11	0.018868
238	13	0.014706
238	26	0.012048
238	35	0.009524
238	37	0.012500
238	47	0.009259
238	55	0.013514
238	68	0.020000
238	70	0.014706
238	84	0.021739
238	93	0.030303
238	101	0.022222
238	116	0.018519
238	129	0.035714
238	164	0.033333
238	192	0.027027
238	231	0.034483
238	248	0.041667
238	266	0.032258
238	279	0.047619
238	290	0.043478
238	293	0.043478
238	298	0.040000
238	319	0.047619
238	358	0.052632
238	372	0.045455
238	389	0.050000
239	22	0.006803
239	28	0.026316
239	34	0.010101
239	35	0.009524
239	42	0.014286
239	47	0.009259
239	49	0.014706
239	53	0.018868
239	60	0.023810
239	63	0.047619
239	64	0.014286
239	96	0.020408
239	106	0.027027
239	119	0.032258
239	154	0.027778
239	196	0.040000
239	200	0.034483
239	217	0.047619
239	256	0.037037
239	266	0.032258
239	291	0.045455
239	343	0.043478
239	399	0.052632
239	414	0.055556
240	1	0.010989
240	6	0.010417
240	7	0.010204
240	11	0.018868
240	19	0.006061
240	24	0.010101
240	26	0.012048
240	36	0.010417
240	45	0.012658
240	48	0.013333
240	64	0.014286
240	68	0.020000
240	70	0.014706
240	91	0.035714
240	125	0.037037
240	134	0.028571
240	184	0.034483
240	186	0.037037
240	247	0.034483
240	251	0.045455
240	394	0.045455
240	441	0.055556
241	4	0.011364
241	13	0.014706
241	15	0.012987
241	25	0.010309
241	26	0.012048
241	32	0.007042
241	33	0.010000
241	35	0.009524
241	56	0.024390
241	67	0.018868
241	69	0.020000
241	74	0.017544
241	85	0.025641
241	88	0.022222
241	104	0.022222
241	169	0.032258
241	171	0.030303
241	198	0.027778
241	256	0.037037
241	285	0.040000
241	295	0.045455
241	319	0.047619
241	361	0.055556
241	392	0.055556
241	404	0.052632
241	405	0.050000
241	440	0.055556
241	443	0.055556
242	4	0.011364
242	13	0.014706
242	16	0.013333
242	20	0.006173
242	34	0.010101
242	36	0.010417
242	41	0.012658
242	43	0.017544
242	51	0.015385
242	53	0.018868
242	61	0.027027
242	64	0.014286
242	99	0.025641
242	108	0.021739
242	118	0.022727
242	137	0.020833
242	153	0.041667
242	228	0.038462
242	260	0.047619
242	273	0.045455
242	275	0.035714
242	278	0.043478
242	283	0.050000
242	308	0.050000
242	360	0.052632
242	377	0.055556
242	382	0.052632
242	407	0.055556
242	408	0.052632
243	8	0.012658
243	9	0.015873
243	32	0.007042
243	33	0.010000
243	73	0.016129
243	80	0.021739
243	116	0.018519
243	128	0.029412
243	132	0.025641
243	140	0.025641
243	145	0.031250
243	174	0.027778
243	175	0.038462
243	192	0.027027
243	198	0.027778
243	205	0.035714
243	209	0.034483
243	231	0.034483
243	248	0.041667
243	313	0.055556
243	348	0.052632
243	357	0.052632
243	358	0.052632
243	373	0.050000
243	375	0.052632
243	379	0.052632
244	1	0.010989
244	9	0.015873
244	29	0.023810
244	48	0.013333
244	49	0.014706
244	52	0.012048
244	60	0.023810
244	68	0.020000
244	70	0.014706
244	81	0.014085
244	83	0.024390
244	84	0.021739
244	88	0.022222
244	111	0.020833
244	140	0.025641
244	173	0.033333
244	176	0.031250
244	234	0.037037
244	277	0.040000
244	296	0.047619
244	335	0.052632
245	7	0.010204
245	18	0.006098
245	19	0.006061
245	20	0.006173
245	22	0.006803
245	23	0.008000
245	24	0.010101
245	30	0.025641
245	46	0.014085
245	52	0.012048
245	54	0.013514
245	66	0.016667
245	124	0.047619
245	138	0.021277
245	184	0.034483
245	190	0.041667
245	195	0.030303
245	205	0.035714
245	260	0.047619
245	265	0.037037
245	294	0.045455
245	305	0.047619
245	443	0.055556
246	14	0.010309
246	17	0.015385
246	19	0.006061
246	20	0.006173
246	21	0.008403
246	22	0.006803
246	32	0.007042
246	47	0.009259
246	60	0.023810
246	81	0.014085
246	110	0.020408
246	115	0.024390
246	126	0.045455
246	135	0.020408
246	139	0.025000
246	164	0.033333
246	197	0.027778
246	222	0.038462
246	260	0.047619
246	268	0.034483
246	288	0.040000
246	359	0.055556
246	408	0.052632
247	5	0.016949
247	6	0.010417
247	23	0.008000
247	24	0.010101
247	30	0.025641
247	35	0.009524
247	48	0.013333
247	80	0.021739
247	137	0.020833
247	139	0.025000
247	161	0.025000
247	175	0.038462
247	182	0.038462
247	185	0.032258
247	204	0.029412
247	206	0.032258
247	218	0.038462
247	240	0.045455
247	279	0.047619
247	300	0.050000
247	304	0.050000
247	322	0.055556
247	330	0.045455
247	341	0.045455
247	377	0.055556
247	378	0.055556
247	397	0.050000
247	414	0.055556
247	431	0.055556
248	9	0.015873
248	16	0.013333
248	32	0.007042
248	33	0.010000
248	39	0.013889
248	51	0.015385
248	52	0.012048
248	69	0.020000
248	80	0.021739
248	102	0.025000
248	108	0.021739
248	145	0.031250
248	148	0.027027
248	173	0.033333
248	194	0.031250
248	218	0.038462
248	238	0.035714
248	243	0.038462
248	287	0.055556
248	312	0.047619
248	394	0.045455
248	415	0.055556
248	431	0.055556
248	441	0.055556
249	4	0.011364
249	8	0.012658
249	12	0.010204
249	14	0.010309
249	15	0.012987
249	22	0.006803
249	29	0.023810
249	41	0.012658
249	48	0.013333
249	57	0.021739
249	66	0.016667
249	95	0.043478
249	135	0.020408
249	162	0.030303
249	164	0.033333
249	167	0.030303
249	190	0.041667
249	216	0.033333
249	282	0.050000
249	286	0.052632
249	301	0.050000
249	354	0.047619
249	381	0.052632
249	420	0.058824
249	438	0.052632
249	450	0.055556
250	5	0.016949
250	12	0.010204
250	13	0.014706
250	16	0.013333
250	23	0.008000
250	33	0.010000
250	49	0.014706
250	51	0.015385
250	88	0.022222
250	129	0.035714
250	138	0.021277
250	142	0.029412
250	144	0.023256
250	148	0.027027
250	160	0.025641
250	195	0.030303
250	197	0.027778
250	198	0.027778
250	265	0.037037
250	280	0.047619
250	310	0.043478
250	313	0.055556
250	328	0.043478
250	335	0.052632
250	342	0.045455
250	422	0.052632
251	4	0.011364
251	7	0.010204
251	21	0.008403
251	40	0.011364
251	43	0.017544
251	46	0.014085
251	55	0.013514
251	57	0.021739
251	67	0.018868
251	72	0.020408
251	130	0.023256
251	149	0.025000
251	162	0.030303
251	168	0.027027
251	201	0.032258
251	205	0.035714
251	232	0.034483
251	240	0.045455
251	260	0.047619
251	285	0.040000
251	293	0.043478
251	341	0.045455
252	1	0.010989
252	6	0.010417
252	13	0.014706
252	14	0.010309
252	18	0.006098
252	22	0.006803
252	23	0.008000
252	32	0.007042
252	35	0.009524
252	43	0.017544
252	68	0.020000
252	72	0.020408
252	111	0.020833
252	130	0.023256
252	151	0.035714
252	188	0.041667
252	208	0.028571
252	216	0.033333
252	283	0.050000
252	375	0.052632
252	391	0.052632
252	395	0.055556
252	434	0.055556
253	15	0.012987
253	19	0.006061
253	20	0.006173
253	21	0.008403
253	33	0.010000
253	34	0.010101
253	38	0.010000
253	47	0.009259
253	66	0.016667
253	72	0.020408
253	104	0.022222
253	135	0.020408
253	138	0.021277
253	160	0.025641
253	170	0.033333
253	174	0.027778
253	202	0.037037
253	210	0.038462
253	373	0.050000
254	4	0.011364
254	5	0.016949
254	7	0.010204
254	11	0.018868
254	25	0.010309
254	28	0.026316
254	32	0.007042
254	35	0.009524
254	37	0.012500
254	59	0.024390
254	70	0.014706
254	85	0.025641
254	87	0.022222
254	97	0.023810
254	115	0.024390
254	171	0.030303
254	207	0.041667
254	216	0.033333
254	269	0.043478
254	290	0.043478
254	341	0.045455
254	369	0.052632
254	396	0.055556
254	418	0.052632
255	2	0.013699
255	20	0.006173
255	33	0.010000
255	36	0.010417
255	39	0.013889
255	40	0.011364
255	45	0.012658
255	48	0.013333
255	49	0.014706
255	51	0.015385
255	53	0.018868
255	65	0.014925
255	80	0.021739
255	96	0.020408
255	97	0.023810
255	111	0.020833
255	131	0.034483
255	185	0.032258
255	370	0.052632
255	388	0.050000
255	402	0.052632
256	2	0.013699
256	8	0.012658
256	12	0.010204
256	14	0.010309
256	22	0.006803
256	23	0.008000
256	37	0.012500
256	45	0.012658
256	47	0.009259
256	65	0.014925
256	80	0.021739
256	85	0.025641
256	93	0.030303
256	103	0.026316
256	156	0.038462
256	216	0.033333
256	239	0.041667
256	241	0.035714
256	263	0.045455
256	282	0.050000
256	288	0.040000
256	344	0.041667
256	352	0.047619
256	416	0.055556
256	420	0.058824
256	441	0.055556
256	443	0.055556
257	0	0.026316
257	10	0.015873
257	22	0.006803
257	27	0.017544
257	36	0.010417
257	40	0.011364
257	60	0.023810
257	67	0.018868
257	69	0.020000
257	81	0.014085
257	120	0.028571
257	122	0.025641
257	141	0.035714
257	160	0.025641
257	194	0.031250
257	224	0.045455
257	227	0.038462
257	268	0.034483
257	281	0.041667
257	302	0.047619
257	326	0.045455
257	347	0.052632
257	390	0.055556
257	405	0.050000
257	424	0.052632
257	434	0.055556
257	442	0.052632
257	445	0.055556
257	446	0.055556
258	3	0.022727
258	18	0.006098
258	19	0.006061
258	21	0.008403
258	42	0.014286
258	46	0.014085
258	48	0.013333
258	52	0.012048
258	64	0.014286
258	74	0.017544
258	76	0.014706
258	92	0.032258
258	99	0.025641
258	174	0.027778
258	175	0.038462
258	185	0.032258
258	208	0.028571
258	209	0.034483
258	283	0.050000
258	308	0.050000
258	314	0.043478
258	323	0.040000
258	343	0.043478
258	365	0.045455
258	437	0.055556
259	10	0.015873
259	11	0.018868
259	17	0.015385
259	18	0.006098
259	22	0.006803
259	32	0.007042
259	34	0.010101
259	44	0.013514
259	54	0.013514
259	67	0.018868
259	74	0.017544
259	111	0.020833
259	118	0.022727
259	142	0.029412
259	158	0.043478
259	174	0.027778
259	176	0.031250
259	188	0.041667
259	289	0.045455
259	294	0.045455
259	318	0.050000
259	361	0.055556
259	365	0.045455
259	404	0.052632
259	436	0.055556
259	451	0.055556
260	11	0.018868
260	26	0.012048
260	40	0.011364
260	48	0.013333
260	50	0.013889
260	79	0.018182
260	88	0.022222
260	89	0.024390
260	121	0.023810
260	131	0.034483
260	135	0.020408
260	155	0.047619
260	168	0.027027
260	225	0.040000
260	242	0.034483
260	245	0.043478
260	246	0.043478
260	251	0.045455
260	269	0.043478
260	286	0.052632
260	333	0.050000
261	37	0.012500
261	40	0.011364
261	51	0.015385
261	52	0.012048
261	55	0.013514
261	60	0.023810
261	74	0.017544
261	81	0.014085
261	88	0.022222
261	90	0.027778
261	98	0.021739
261	121	0.023810
261	144	0.023256
261	148	0.027027
261	164	0.033333
261	176	0.031250
261	201	0.032258
261	232	0.034483
261	265	0.037037
261	275	0.035714
261	301	0.050000
261	315	0.050000
261	340	0.045455
261	344	0.041667
261	358	0.052632
261	368	0.050000
261	373	0.050000
261	399	0.052632
262	3	0.022727
262	6	0.010417
262	22	0.006803
262	25	0.010309
262	35	0.009524
262	37	0.012500
262	43	0.017544
262	48	0.013333
262	54	0.013514
262	80	0.021739
262	97	0.023810
262	99	0.025641
262	109	0.027778
262	142	0.029412
262	149	0.025000
262	152	0.045455
262	154	0.027778
262	223	0.043478
262	263	0.045455
262	266	0.032258
262	286	0.052632
262	304	0.050000
262	314	0.043478
262	338	0.047619
262	363	0.040000
262	364	0.052632
262	369	0.052632
262	390	0.055556
262	403	0.052632
262	405	0.050000
263	12	0.010204
263	18	0.006098
263	19	0.006061
263	39	0.013889
263	48	0.013333
263	56	0.024390
263	71	0.027778
263	78	0.023256
263	94	0.037037
263	132	0.025641
263	135	0.020408
263	141	0.035714
263	171	0.030303
263	193	0.033333
263	198	0.027778
263	221	0.045455
263	256	0.037037
263	262	0.033333
263	332	0.047619
263	365	0.045455
263	400	0.058824
263	429	0.052632
264	5	0.016949
264	12	0.010204
264	18	0.006098
264	19	0.006061
264	20	0.006173
264	21	0.008403
264	23	0.008000
264	24	0.010101
264	32	0.007042
264	43	0.017544
264	53	0.018868
264	67	0.018868
264	73	0.016129
264	117	0.029412
264	139	0.025000
264	169	0.032258
264	223	0.043478
264	236	0.040000
264	349	0.055556
265	12	0.010204
265	20	0.006173
265	23	0.008000
265	36	0.010417
265	44	0.013514
265	47	0.009259
265	50	0.013889
265	57	0.021739
265	65	0.014925
265	106	0.027027
265	114	0.025641
265	144	0.023256
265	169	0.032258
265	214	0.037037
265	229	0.038462
265	245	0.043478
265	250	0.038462
265	261	0.035714
265	294	0.045455
265	341	0.045455
265	344	0.041667
265	366	0.047619
265	367	0.052632
265	372	0.045455
265	388	0.050000
265	398	0.055556
265	436	0.055556
266	4	0.011364
266	7	0.010204
266	19	0.006061
266	20	0.006173
266	23	0.008000
266	32	0.007042
266	38	0.010000
266	55	0.013514
266	70	0.014706
266	72	0.020408
266	135	0.020408
266	145	0.031250
266	164	0.033333
266	176	0.031250
266	226	0.038462
266	238	0.035714
266	239	0.041667
266	262	0.033333
266	295	0.045455
266	325	0.038462
266	348	0.052632
266	349	0.055556
266	363	0.040000
266	367	0.052632
266	378	0.055556
266	384	0.041667
266	410	0.055556
266	417	0.050000
266	422	0.052632
266	426	0.055556
266	439	0.055556
267	1	0.010989
267	18	0.006098
267	20	0.006173
267	23	0.008000
267	42	0.014286
267	66	0.016667
267	72	0.020408
267	100	0.020833
267	128	0.029412
267	135	0.020408
267	137	0.020833
267	141	0.035714
267	142	0.029412
267	151	0.035714
267	174	0.027778
267	185	0.032258
267	194	0.031250
267	222	0.038462
267	272	0.038462
267	276	0.047619
267	438	0.052632
268	20	0.006173
268	34	0.010101
268	36	0.010417
268	52	0.012048
268	70	0.014706
268	72	0.020408
268	107	0.028571
268	112	0.025641
268	133	0.027778
268	134	0.028571
268	141	0.035714
268	143	0.030303
268	149	0.025000
268	181	0.040000
268	194	0.031250
268	208	0.028571
268	246	0.043478
268	257	0.034483
268	269	0.043478
268	288	0.040000
268	290	0.043478
268	296	0.047619
268	309	0.033333
268	379	0.052632
268	382	0.052632
268	383	0.055556
268	400	0.058824
268	403	0.052632
268	430	0.055556
269	7	0.010204
269	36	0.010417
269	40	0.011364
269	45	0.012658
269	48	0.013333
269	50	0.013889
269	67	0.018868
269	101	0.022222
269	122	0.025641
269	138	0.021277
269	140	0.025641
269	142	0.029412
269	147	0.025641
269	177	0.035714
269	193	0.033333
269	254	0.041667
269	260	0.047619
269	268	0.034483
269	300	0.050000
269	312	0.047619
269	340	0.045455
269	391	0.052632
269	427	0.055556
270	0	0.026316
270	8	0.012658
270	21	0.008403
270	25	0.010309
270	38	0.010000
270	52	0.012048
270	55	0.013514
270	59	0.024390
270	69	0.020000
270	70	0.014706
270	81	0.014085
270	123	0.037037
270	136	0.029412
270	147	0.025641
270	151	0.035714
270	182	0.038462
270	211	0.035714
270	215	0.045455
270	284	0.045455
270	336	0.045455
270	410	0.055556
271	6	0.010417
271	12	0.010204
271	18	0.006098
271	26	0.012048
271	36	0.010417
271	49	0.014706
271	50	0.013889
271	53	0.018868
271	66	0.016667
271	76	0.014706
271	78	0.023256
271	100	0.020833
271	130	0.023256
271	144	0.023256
271	167	0.030303
271	171	0.030303
271	192	0.027027
271	228	0.038462
271	280	0.047619
271	291	0.045455
271	293	0.043478
271	326	0.045455
271	334	0.043478
271	337	0.050000
271	400	0.058824
271	423	0.058824
271	429	0.052632
271	434	0.055556
272	2	0.013699
272	4	0.011364
272	7	0.010204
272	22	0.006803
272	27	0.017544
272	39	0.013889
272	49	0.014706
272	50	0.013889
272	51	0.015385
272	52	0.012048
272	66	0.016667
272	70	0.014706
272	98	0.021739
272	101	0.022222
272	105	0.022222
272	109	0.027778
272	117	0.029412
272	267	0.047619
272	288	0.040000
272	290	0.043478
272	319	0.047619
272	366	0.047619
272	392	0.055556
272	405	0.050000
272	436	0.055556
272	437	0.055556
273	6	0.010417
273	13	0.014706
273	32	0.007042
273	34	0.010101
273	35	0.009524
273	36	0.010417
273	77	0.015385
273	81	0.014085
273	85	0.025641
273	91	0.035714
273	94	0.037037
273	108	0.021739
273	147	0.025641
273	153	0.041667
273	162	0.030303
273	195	0.030303
273	237	0.043478
273	242	0.034483
273	279	0.047619
273	341	0.045455
273	358	0.052632
273	363	0.040000
274	12	0.010204
274	16	0.013333
274	17	0.015385
274	22	0.006803
274	23	0.008000
274	30	0.025641
274	33	0.010000
274	35	0.009524
274	64	0.014286
274	67	0.018868
274	107	0.028571
274	116	0.018519
274	134	0.028571
274	180	0.032258
274	192	0.027027
274	206	0.032258
274	209	0.034483
274	231	0.034483
274	275	0.035714
274	284	0.045455
274	314	0.043478
274	322	0.055556
274	342	0.045455
274	375	0.052632
274	424	0.052632
275	4	0.011364
275	13	0.014706
275	14	0.010309
275	50	0.013889
275	55	0.013514
275	68	0.020000
275	76	0.014706
275	103	0.026316
275	115	0.024390
275	150	0.030303
275	177	0.035714
275	192	0.027027
275	199	0.038462
275	210	0.038462
275	231	0.034483
275	242	0.034483
275	261	0.035714
275	274	0.040000
275	276	0.047619
275	284	0.045455
275	295	0.045455
275	350	0.052632
275	363	0.040000
275	390	0.055556
275	391	0.052632
275	397	0.050000
275	401	0.050000
275	449	0.055556
276	4	0.011364
276	18	0.006098
276	21	0.008403
276	24	0.010101
276	32	0.007042
276	48	0.013333
276	50	0.013889
276	79	0.018182
276	100	0.020833
276	101	0.022222
276	108	0.021739
276	110	0.020408
276	132	0.025641
276	185	0.032258
276	202	0.037037
276	216	0.033333
276	267	0.047619
276	275	0.035714
276	311	0.052632
276	333	0.050000
276	365	0.045455
277	1	0.010989
277	7	0.010204
277	10	0.015873
277	20	0.006173
277	22	0.006803
277	38	0.010000
277	59	0.024390
277	72	0.020408
277	77	0.015385
277	79	0.018182
277	80	0.021739
277	94	0.037037
277	111	0.020833
277	115	0.024390
277	128	0.029412
277	137	0.020833
277	203	0.035714
277	244	0.047619
277	280	0.047619
277	309	0.033333
277	310	0.043478
277	329	0.038462
277	330	0.045455
277	337	0.050000
277	407	0.055556
278	12	0.010204
278	19	0.006061
278	27	0.017544
278	37	0.012500
278	49	0.014706
278	64	0.014286
278	73	0.016129
278	83	0.024390
278	101	0.022222
278	138	0.021277
278	149	0.025000
278	158	0.043478
278	161	0.025000
278	167	0.030303
278	180	0.032258
278	192	0.027027
278	221	0.045455
278	242	0.034483
278	280	0.047619
278	296	0.047619
278	364	0.052632
278	379	0.052632
278	444	0.055556
279	1	0.010989
279	2	0.013699
279	6	0.010417
279	12	0.010204
279	18	0.006098
279	20	0.006173
279	26	0.012048
279	32	0.007042
279	39	0.013889
279	42	0.014286
279	52	0.012048
279	80	0.021739
279	138	0.021277
279	174	0.027778
279	177	0.035714
279	238	0.035714
279	247	0.034483
279	273	0.045455
279	300	0.050000
279	386	0.047619
279	411	0.052632
280	5	0.016949
280	22	0.006803
280	24	0.010101
280	34	0.010101
280	38	0.010000
280	43	0.017544
280	46	0.014085
280	58	0.021739
280	76	0.014706
280	169	0.032258
280	187	0.037037
280	213	0.041667
280	216	0.033333
280	228	0.038462
280	250	0.038462
280	271	0.035714
280	277	0.040000
280	278	0.043478
280	287	0.055556
280	373	0.050000
280	437	0.055556
281	15	0.012987
281	16	0.013333
281	32	0.007042
281	35	0.009524
281	37	0.012500
281	47	0.009259
281	48	0.013333
281	50	0.013889
281	102	0.025000
281	109	0.027778
281	132	0.025641
281	147	0.025641
281	178	0.030303
281	187	0.037037
281	188	0.041667
281	193	0.033333
281	209	0.034483
281	257	0.034483
281	307	0.043478
281	328	0.043478
281	331	0.050000
281	333	0.050000
281	393	0.052632
281	416	0.055556
282	19	0.006061
282	20	0.006173
282	26	0.012048
282	33	0.010000
282	51	0.015385
282	52	0.012048
282	75	0.023256
282	87	0.022222
282	110	0.020408
282	138	0.021277
282	143	0.030303
282	146	0.038462
282	147	0.025641
282	169	0.032258
282	176	0.031250
282	232	0.034483
282	249	0.038462
282	256	0.037037
282	354	0.047619
282	423	0.058824
283	5	0.016949
283	16	0.013333
283	20	0.006173
283	22	0.006803
283	23	0.008000
283	26	0.012048
283	27	0.017544
283	33	0.010000
283	42	0.014286
283	57	0.021739
283	128	0.029412
283	134	0.028571
283	139	0.025000
283	211	0.035714
283	212	0.038462
283	242	0.034483
283	252	0.043478
283	258	0.040000
283	328	0.043478
283	375	0.052632
284	6	0.010417
284	17	0.015385
284	19	0.006061
284	20	0.006173
284	57	0.021739
284	67	0.018868
284	68	0.020000
284	69	0.020000
284	76	0.014706
284	105	0.022222
284	120	0.028571
284	140	0.025641
284	202	0.037037
284	206	0.032258
284	235	0.040000
284	270	0.047619
284	274	0.040000
284	275	0.035714
284	314	0.043478
284	386	0.047619
284	424	0.052632
284	437	0.055556
285	15	0.012987
285	21	0.008403
285	40	0.011364
285	43	0.017544
285	47	0.009259
285	51	0.015385
285	74	0.017544
285	86	0.020833
285	87	0.022222
285	92	0.032258
285	145	0.031250
285	161	0.025000
285	168	0.027027
285	184	0.034483
285	186	0.037037
285	197	0.027778
285	241	0.035714
285	251	0.045455
285	300	0.050000
285	362	0.050000
285	370	0.052632
285	373	0.050000
285	381	0.052632
285	426	0.055556
285	435	0.052632
286	6	0.010417
286	12	0.010204
286	20	0.006173
286	32	0.007042
286	64	0.014286
286	101	0.022222
286	102	0.025000
286	111	0.020833
286	137	0.020833
286	140	0.025641
286	142	0.029412
286	161	0.025000
286	167	0.030303
286	172	0.037037
286	200	0.034483
286	249	0.038462
286	260	0.047619
286	262	0.033333
286	391	0.052632
287	6	0.010417
287	8	0.012658
287	13	0.014706
287	15	0.012987
287	18	0.006098
287	21	0.008403
287	23	0.008000
287	24	0.010101
287	36	0.010417
287	38	0.010000
287	41	0.012658
287	69	0.020000
287	92	0.032258
287	140	0.025641
287	176	0.031250
287	208	0.028571
287	248	0.041667
287	280	0.047619
288	12	0.010204
288	14	0.010309
288	15	0.012987
288	18	0.006098
288	22	0.006803
288	53	0.018868
288	60	0.023810
288	65	0.014925
288	105	0.022222
288	135	0.020408
288	143	0.030303
288	199	0.038462
288	218	0.038462
288	226	0.038462
288	246	0.043478
288	256	0.037037
288	268	0.034483
288	272	0.038462
288	322	0.055556
288	356	0.055556
288	373	0.050000
288	376	0.055556
288	382	0.052632
288	391	0.052632
288	430	0.055556
289	19	0.006061
289	22	0.006803
289	27	0.017544
289	34	0.010101
289	36	0.010417
289	37	0.012500
289	40	0.011364
289	50	0.013889
289	54	0.013514
289	65	0.014925
289	77	0.015385
289	132	0.025641
289	143	0.030303
289	173	0.033333
289	178	0.030303
289	204	0.029412
289	226	0.038462
289	259	0.038462
289	353	0.043478
289	397	0.050000
289	416	0.055556
289	428	0.055556
290	4	0.011364
290	20	0.006173
290	38	0.010000
290	41	0.012658
290	48	0.013333
290	54	0.013514
290	113	0.025641
290	122	0.025641
290	132	0.025641
290	151	0.035714
290	181	0.040000
290	194	0.031250
290	210	0.038462
290	211	0.035714
290	238	0.035714
290	254	0.041667
290	268	0.034483
290	272	0.038462
290	292	0.037037
290	306	0.038462
290	313	0.055556
290	356	0.055556
290	414	0.055556
291	1	0.010989
291	10	0.015873
291	15	0.012987
291	21	0.008403
291	38	0.010000
291	42	0.014286
291	44	0.013514
291	46	0.014085
291	71	0.027778
291	73	0.016129
291	79	0.018182
291	133	0.027778
291	192	0.027027
291	198	0.027778
291	207	0.041667
291	232	0.034483
291	239	0.041667
291	271	0.035714
291	367	0.052632
291	423	0.058824
291	446	0.055556
291	450	0.055556
292	1	0.010989
292	3	0.022727
292	4	0.011364
292	15	0.012987
292	20	0.006173
292	26	0.012048
292	34	0.010101
292	35	0.009524
292	40	0.011364
292	59	0.024390
292	68	0.020000
292	96	0.020408
292	108	0.021739
292	145	0.031250
292	162	0.030303
292	210	0.038462
292	223	0.043478
292	290	0.043478
292	303	0.038462
292	310	0.043478
292	315	0.050000
292	338	0.047619
292	339	0.043478
292	356	0.055556
292	360	0.052632
292	367	0.052632
292	369	0.052632
293	4	0.011364
293	18	0.006098
293	21	0.008403
293	30	0.025641
293	40	0.011364
293	46	0.014085
293	54	0.013514
293	81	0.014085
293	125	0.037037
293	130	0.023256
293	133	0.027778
293	143	0.030303
293	150	0.030303
293	186	0.037037
293	232	0.034483
293	238	0.035714
293	251	0.045455
293	271	0.035714
293	334	0.043478
293	350	0.052632
293	368	0.050000
293	384	0.041667
293	448	0.055556
294	17	0.015385
294	38	0.010000
294	41	0.012658
294	42	0.014286
294	73	0.016129
294	75	0.023256
294	79	0.018182
294	88	0.022222
294	108	0.021739
294	110	0.020408
294	113	0.025641
294	143	0.030303
294	150	0.030303
294	214	0.037037
294	234	0.037037
294	245	0.043478
294	259	0.038462
294	265	0.037037
294	338	0.047619
294	346	0.047619
294	363	0.040000
294	371	0.047619
295	2	0.013699
295	8	0.012658
295	22	0.006803
295	32	0.007042
295	45	0.012658
295	46	0.014085
295	52	0.012048
295	66	0.016667
295	77	0.015385
295	179	0.040000
295	189	0.040000
295	207	0.041667
295	212	0.038462
295	221	0.045455
295	236	0.040000
295	241	0.035714
295	266	0.032258
295	275	0.035714
295	307	0.043478
295	343	0.043478
295	421	0.052632
295	431	0.055556
296	7	0.010204
296	21	0.008403
296	23	0.008000
296	26	0.012048
296	27	0.017544
296	28	0.026316
296	29	0.023810
296	35	0.009524
296	61	0.027027
296	69	0.020000
296	78	0.023256
296	93	0.030303
296	104	0.022222
296	150	0.030303
296	182	0.038462
296	244	0.047619
296	268	0.034483
296	278	0.043478
296	312	0.047619
296	339	0.043478
296	382	0.052632
297	10	0.015873
297	21	0.008403
297	22	0.006803
297	24	0.010101
297	32	0.007042
297	33	0.010000
297	48	0.013333
297	53	0.018868
297	54	0.013514
297	74	0.017544
297	78	0.023256
297	100	0.020833
297	105	0.022222
297	116	0.018519
297	133	0.027778
297	139	0.025000
297	186	0.037037
297	237	0.043478
297	356	0.055556
297	366	0.047619
297	373	0.050000
298	7	0.010204
298	20	0.006173
298	22	0.006803
298	26	0.012048
298	37	0.012500
298	59	0.024390
298	68	0.020000
298	81	0.014085
298	86	0.020833
298	90	0.027778
298	95	0.043478
298	120	0.028571
298	154	0.027778
298	160	0.025641
298	163	0.034483
298	173	0.033333
298	229	0.038462
298	238	0.035714
298	338	0.047619
298	341	0.045455
298	362	0.050000
298	397	0.050000
298	403	0.052632
298	414	0.055556
298	450	0.055556
299	21	0.008403
299	39	0.013889
299	51	0.015385
299	55	0.013514
299	57	0.021739
299	58	0.021739
299	66	0.016667
299	92	0.032258
299	110	0.020408
299	114	0.025641
299	145	0.031250
299	154	0.027778
299	160	0.025641
299	167	0.030303
299	175	0.038462
299	179	0.040000
299	213	0.041667
299	231	0.034483
299	312	0.047619
299	388	0.050000
299	420	0.058824
299	422	0.052632
299	437	0.055556
300	6	0.010417
300	13	0.014706
300	19	0.006061
300	20	0.006173
300	21	0.008403
300	43	0.017544
300	51	0.015385
300	77	0.015385
300	82	0.025641
300	109	0.027778
300	137	0.020833
300	176	0.031250
300	226	0.038462
300	247	0.034483
300	269	0.043478
300	279	0.047619
300	285	0.040000
300	336	0.045455
300	340	0.045455
300	450	0.055556
301	11	0.018868
301	12	0.010204
301	19	0.006061
301	24	0.010101
301	37	0.012500
301	47	0.009259
301	49	0.014706
301	55	0.013514
301	69	0.020000
301	72	0.020408
301	84	0.021739
301	185	0.032258
301	194	0.031250
301	197	0.027778
301	229	0.038462
301	249	0.038462
301	261	0.035714
301	377	0.055556
301	399	0.052632
301	410	0.055556
302	4	0.011364
302	8	0.012658
302	20	0.006173
302	23	0.008000
302	26	0.012048
302	32	0.007042
302	34	0.010101
302	37	0.012500
302	49	0.014706
302	54	0.013514
302	68	0.020000
302	69	0.020000
302	111	0.020833
302	134	0.028571
302	148	0.027027
302	205	0.035714
302	235	0.040000
302	257	0.034483
302	371	0.047619
302	406	0.052632
302	444	0.055556
303	2	0.013699
303	6	0.010417
303	11	0.018868
303	15	0.012987
303	16	0.013333
303	22	0.006803
303	67	0.018868
303	69	0.020000
303	74	0.017544
303	81	0.014085
303	82	0.025641
303	118	0.022727
303	128	0.029412
303	170	0.033333
303	178	0.030303
303	203	0.035714
303	216	0.033333
303	292	0.037037
303	316	0.047619
303	343	0.043478
303	369	0.052632
303	382	0.052632
303	407	0.055556
303	409	0.050000
303	410	0.055556
303	411	0.052632
304	4	0.011364
304	5	0.016949
304	7	0.010204
304	20	0.006173
304	22	0.006803
304	54	0.013514
304	76	0.014706
304	79	0.018182
304	82	0.025641
304	104	0.022222
304	111	0.020833
304	112	0.025641
304	140	0.025641
304	149	0.025000
304	170	0.033333
304	174	0.027778
304	247	0.034483
304	262	0.033333
304	346	0.047619
304	444	0.055556
305	4	0.011364
305	16	0.013333
305	22	0.006803
305	25	0.010309
305	60	0.023810
305	61	0.027027
305	68	0.020000
305	71	0.027778
305	74	0.017544
305	132	0.025641
305	145	0.031250
305	146	0.038462
305	162	0.030303
305	167	0.030303
305	201	0.032258
305	211	0.035714
305	222	0.038462
305	245	0.043478
305	340	0.045455
305	347	0.052632
305	353	0.043478
306	5	0.016949
306	13	0.014706
306	15	0.012987
306	42	0.014286
306	64	0.014286
306	86	0.020833
306	87	0.022222
306	113	0.025641
306	138	0.021277
306	168	0.027027
306	171	0.030303
306	177	0.035714
306	181	0.040000
306	192	0.027027
306	206	0.032258
306	229	0.038462
306	233	0.041667
306	290	0.043478
306	309	0.033333
306	355	0.043478
306	387	0.052632
306	398	0.055556
306	406	0.052632
306	423	0.058824
306	430	0.055556
306	444	0.055556
307	13	0.014706
307	18	0.006098
307	19	0.006061
307	24	0.010101
307	45	0.012658
307	48	0.013333
307	52	0.012048
307	64	0.014286
307	74	0.017544
307	79	0.018182
307	80	0.021739
307	84	0.021739
307	117	0.029412
307	128	0.029412
307	139	0.025000
307	170	0.033333
307	281	0.041667
307	295	0.045455
307	312	0.047619
307	336	0.045455
307	378	0.055556
307	385	0.052632
307	388	0.050000
308	0	0.026316
308	3	0.022727
308	18	0.006098
308	23	0.008000
308	48	0.013333
308	53	0.018868
308	74	0.017544
308	75	0.023256
308	87	0.022222
308	98	0.021739
308	137	0.020833
308	139	0.025000
308	162	0.030303
308	201	0.032258
308	204	0.029412
308	225	0.040000
308	242	0.034483
308	258	0.040000
308	333	0.050000
308	412	0.055556
309	8	0.012658
309	17	0.015385
309	19	0.006061
309	22	0.006803
309	29	0.023810
309	47	0.009259
309	49	0.014706
309	54	0.013514
309	69	0.020000
309	116	0.018519
309	118	0.022727
309	145	0.031250
309	148	0.027027
309	161	0.025000
309	180	0.032258
309	268	0.034483
309	277	0.040000
309	306	0.038462
309	321	0.052632
309	323	0.040000
309	344	0.041667
309	358	0.052632
309	373	0.050000
309	374	0.050000
309	406	0.052632
309	419	0.055556
309	421	0.052632
309	432	0.052632
309	441	0.055556
309	448	0.055556
310	4	0.011364
310	10	0.015873
310	14	0.010309
310	24	0.010101
310	47	0.009259
310	48	0.013333
310	55	0.013514
310	57	0.021739
310	70	0.014706
310	83	0.024390
310	103	0.026316
310	120	0.028571
310	143	0.030303
310	155	0.047619
310	218	0.038462
310	250	0.038462
310	277	0.040000
310	292	0.037037
310	355	0.043478
310	400	0.058824
310	412	0.055556
310	442	0.052632
310	448	0.055556
311	1	0.010989
311	9	0.015873
311	12	0.010204
311	14	0.010309
311	21	0.008403
311	23	0.008000
311	29	0.023810
311	44	0.013514
311	87	0.022222
311	105	0.022222
311	121	0.023810
311	135	0.020408
311	151	0.035714
311	162	0.030303
311	178	0.030303
311	195	0.030303
311	197	0.027778
311	276	0.047619
311	377	0.055556
312	9	0.015873
312	16	0.013333
312	26	0.012048
312	32	0.007042
312	33	0.010000
312	42	0.014286
312	72	0.020408
312	96	0.020408
312	108	0.021739
312	163	0.034483
312	173	0.033333
312	224	0.045455
312	237	0.043478
312	248	0.041667
312	269	0.043478
312	296	0.047619
312	299	0.043478
312	307	0.043478
312	333	0.050000
312	409	0.050000
312	419	0.055556
313	12	0.010204
313	18	0.006098
313	19	0.006061
313	34	0.010101
313	40	0.011364
313	46	0.014085
313	47	0.009259
313	55	0.013514
313	58	0.021739
313	88	0.022222
313	138	0.021277
313	139	0.025000
313	181	0.040000
313	194	0.031250
313	202	0.037037
313	243	0.038462
313	250	0.038462
313	290	0.043478
314	7	0.010204
314	21	0.008403
314	24	0.010101
314	36	0.010417
314	42	0.014286
314	47	0.009259
314	61	0.027027
314	77	0.015385
314	85	0.025641
314	110	0.020408
314	166	0.031250
314	180	0.032258
314	202	0.037037
314	225	0.040000
314	258	0.040000
314	262	0.033333
314	274	0.040000
314	284	0.045455
314	333	0.050000
314	357	0.052632
314	361	0.055556
314	397	0.050000
314	418	0.052632
315	22	0.006803
315	25	0.010309
315	33	0.010000
315	42	0.014286
315	63	0.047619
315	76	0.014706
315	101	0.022222
315	103	0.026316
315	110	0.020408
315	133	0.027778
315	140	0.025641
315	147	0.025641
315	197	0.027778
315	198	0.027778
315	201	0.032258
315	208	0.028571
315	261	0.035714
315	292	0.037037
315	418	0.052632
315	420	0.058824
316	5	0.016949
316	30	0.025641
316	41	0.012658
316	49	0.014706
316	50	0.013889
316	57	0.021739
316	65	0.014925
316	72	0.020408
316	76	0.014706
316	82	0.025641
316	87	0.022222
316	89	0.024390
316	90	0.027778
316	98	0.021739
316	188	0.041667
316	192	0.027027
316	210	0.038462
316	303	0.038462
316	356	0.055556
316	371	0.047619
316	430	0.055556
317	8	0.012658
317	19	0.006061
317	21	0.008403
317	33	0.010000
317	36	0.010417
317	37	0.012500
317	41	0.012658
317	64	0.014286
317	65	0.014925
317	114	0.025641
317	130	0.023256
317	137	0.020833
317	165	0.035714
317	173	0.033333
317	178	0.030303
317	180	0.032258
317	206	0.032258
317	354	0.047619
317	425	0.055556
318	6	0.010417
318	20	0.006173
318	24	0.010101
318	44	0.013514
318	58	0.021739
318	66	0.016667
318	70	0.014706
318	109	0.027778
318	110	0.020408
318	112	0.025641
318	136	0.029412
318	148	0.027027
318	162	0.030303
318	201	0.032258
318	209	0.034483
318	216	0.033333
318	236	0.040000
318	259	0.038462
318	355	0.043478
318	369	0.052632
319	4	0.011364
319	7	0.010204
319	20	0.006173
319	32	0.007042
319	36	0.010417
319	43	0.017544
319	71	0.027778
319	79	0.018182
319	100	0.020833
319	144	0.023256
319	160	0.025641
319	175	0.038462
319	204	0.029412
319	205	0.035714
319	220	0.047619
319	238	0.035714
319	241	0.035714
319	272	0.038462
319	366	0.047619
319	377	0.055556
319	415	0.055556
320	6	0.010417
320	7	0.010204
320	15	0.012987
320	16	0.013333
320	17	0.015385
320	18	0.006098
320	24	0.010101
320	25	0.010309
320	27	0.017544
320	36	0.010417
320	38	0.010000
320	66	0.016667
320	102	0.025000
320	108	0.021739
320	137	0.020833
320	146	0.038462
320	166	0.031250
320	198	0.027778
320	353	0.043478
321	17	0.015385
321	19	0.006061
321	21	0.008403
321	22	0.006803
321	25	0.010309
321	26	0.012048
321	46	0.014085
321	74	0.017544
321	77	0.015385
321	97	0.023810
321	110	0.020408
321	135	0.020408
321	144	0.023256
321	150	0.030303
321	185	0.032258
321	204	0.029412
321	309	0.033333
321	359	0.055556
321	425	0.055556
322	7	0.010204
322	19	0.006061
322	23	0.008000
322	24	0.010101
322	49	0.014706
322	51	0.015385
322	53	0.018868
322	56	0.024390
322	99	0.025641
322	105	0.022222
322	112	0.025641
322	122	0.025641
322	132	0.025641
322	163	0.034483
322	173	0.033333
322	247	0.034483
322	274	0.040000
322	288	0.040000
323	8	0.012658
323	10	0.015873
323	18	0.006098
323	19	0.006061
323	21	0.008403
323	23	0.008000
323	36	0.010417
323	39	0.013889
323	44	0.013514
323	52	0.012048
323	54	0.013514
323	79	0.018182
323	81	0.014085
323	111	0.020833
323	133	0.027778
323	206	0.032258
323	258	0.040000
323	309	0.033333
323	328	0.043478
323	344	0.041667
323	350	0.052632
323	375	0.052632
323	403	0.052632
323	431	0.055556
323	451	0.055556
324	1	0.010989
324	4	0.011364
324	20	0.006173
324	34	0.010101
324	39	0.013889
324	50	0.013889
324	57	0.021739
324	84	0.021739
324	94	0.037037
324	97	0.023810
324	103	0.026316
324	104	0.022222
324	112	0.025641
324	115	0.024390
324	128	0.029412
324	161	0.025000
324	169	0.032258
324	227	0.038462
324	447	0.055556
325	10	0.015873
325	13	0.014706
325	16	0.013333
325	18	0.006098
325	20	0.006173
325	22	0.006803
325	34	0.010101
325	42	0.014286
325	43	0.017544
325	47	0.009259
325	66	0.016667
325	107	0.028571
325	133	0.027778
325	143	0.030303
325	179	0.040000
325	192	0.027027
325	208	0.028571
325	266	0.032258
325	330	0.045455
325	334	0.043478
325	395	0.055556
325	397	0.050000
325	430	0.055556
325	433	0.055556
325	435	0.052632
325	436	0.055556
326	1	0.010989
326	7	0.010204
326	9	0.015873
326	14	0.010309
326	17	0.015385
326	20	0.006173
326	22	0.006803
326	35	0.009524
326	39	0.013889
326	48	0.013333
326	56	0.024390
326	83	0.024390
326	88	0.022222
326	93	0.030303
326	111	0.020833
326	215	0.045455
326	257	0.034483
326	271	0.035714
326	371	0.047619
326	374	0.050000
326	400	0.058824
326	430	0.055556
327	3	0.022727
327	9	0.015873
327	19	0.006061
327	20	0.006173
327	28	0.026316
327	32	0.007042
327	33	0.010000
327	34	0.010101
327	35	0.009524
327	40	0.011364
327	44	0.013514
327	57	0.021739
327	69	0.020000
327	74	0.017544
327	101	0.022222
327	115	0.024390
327	170	0.033333
327	234	0.037037
327	356	0.055556
327	389	0.050000
327	422	0.052632
328	1	0.010989
328	8	0.012658
328	13	0.014706
328	17	0.015385
328	32	0.007042
328	37	0.012500
328	73	0.016129
328	82	0.025641
328	89	0.024390
328	110	0.020408
328	125	0.037037
328	138	0.021277
328	143	0.030303
328	233	0.041667
328	250	0.038462
328	281	0.041667
328	283	0.050000
328	323	0.040000
328	335	0.052632
328	340	0.045455
328	343	0.043478
328	364	0.052632
328	419	0.055556
329	1	0.010989
329	3	0.022727
329	18	0.006098
329	19	0.006061
329	32	0.007042
329	38	0.010000
329	40	0.011364
329	48	0.013333
329	59	0.024390
329	97	0.023810
329	100	0.020833
329	107	0.028571
329	114	0.025641
329	135	0.020408
329	152	0.045455
329	192	0.027027
329	198	0.027778
329	277	0.040000
329	345	0.047619
329	353	0.043478
329	362	0.050000
329	363	0.040000
329	383	0.055556
329	413	0.055556
329	420	0.058824
329	432	0.052632
330	0	0.026316
330	2	0.013699
330	12	0.010204
330	18	0.006098
330	32	0.007042
330	35	0.009524
330	52	0.012048
330	64	0.014286
330	76	0.014706
330	79	0.018182
330	117	0.029412
330	137	0.020833
330	138	0.021277
330	141	0.035714
330	247	0.034483
330	277	0.040000
330	325	0.038462
330	337	0.050000
330	400	0.058824
330	403	0.052632
330	418	0.052632
330	447	0.055556
331	7	0.010204
331	16	0.013333
331	19	0.006061
331	22	0.006803
331	42	0.014286
331	69	0.020000
331	76	0.014706
331	77	0.015385
331	108	0.021739
331	117	0.029412
331	165	0.035714
331	168	0.027027
331	185	0.032258
331	192	0.027027
331	209	0.034483
331	214	0.037037
331	281	0.041667
331	416	0.055556
331	424	0.052632
331	439	0.055556
332	18	0.006098
332	19	0.006061
332	20	0.006173
332	21	0.008403
332	34	0.010101
332	40	0.011364
332	48	0.013333
332	52	0.012048
332	70	0.014706
332	78	0.023256
332	96	0.020408
332	144	0.023256
332	163	0.034483
332	168	0.027027
332	203	0.035714
332	227	0.038462
332	231	0.034483
332	263	0.045455
332	350	0.052632
332	372	0.045455
332	407	0.055556
333	1	0.010989
333	18	0.006098
333	50	0.013889
333	76	0.014706
333	77	0.015385
333	116	0.018519
333	124	0.047619
333	147	0.025641
333	160	0.025641
333	187	0.037037
333	189	0.040000
333	194	0.031250
333	260	0.047619
333	276	0.047619
333	281	0.041667
333	308	0.050000
333	312	0.047619
333	314	0.043478
333	386	0.047619
333	421	0.052632
334	11	0.018868
334	35	0.009524
334	47	0.009259
334	65	0.014925
334	70	0.014706
334	73	0.016129
334	84	0.021739
334	98	0.021739
334	107	0.028571
334	132	0.025641
334	160	0.025641
334	175	0.038462
334	180	0.032258
334	191	0.052632
334	200	0.034483
334	271	0.035714
334	293	0.043478
334	325	0.038462
334	338	0.047619
334	344	0.041667
334	351	0.055556
334	432	0.052632
334	433	0.055556
335	3	0.022727
335	32	0.007042
335	33	0.010000
335	39	0.013889
335	50	0.013889
335	51	0.015385
335	77	0.015385
335	113	0.025641
335	115	0.024390
335	116	0.018519
335	121	0.023810
335	129	0.035714
335	131	0.034483
335	147	0.025641
335	200	0.034483
335	244	0.047619
335	250	0.038462
335	328	0.043478
335	336	0.045455
336	8	0.012658
336	14	0.010309
336	16	0.013333
336	24	0.010101
336	34	0.010101
336	37	0.012500
336	53	0.018868
336	64	0.014286
336	65	0.014925
336	70	0.014706
336	84	0.021739
336	111	0.020833
336	152	0.045455
336	162	0.030303
336	270	0.047619
336	300	0.050000
336	307	0.043478
336	335	0.052632
336	347	0.052632
336	376	0.055556
336	382	0.052632
336	436	0.055556
337	0	0.026316
337	18	0.006098
337	45	0.012658
337	55	0.013514
337	64	0.014286
337	88	0.022222
337	111	0.020833
337	115	0.024390
337	161	0.025000
337	171	0.030303
337	187	0.037037
337	204	0.029412
337	205	0.035714
337	208	0.028571
337	218	0.038462
337	271	0.035714
337	277	0.040000
337	330	0.045455
337	362	0.050000
337	448	0.055556
338	10	0.015873
338	13	0.014706
338	22	0.006803
338	33	0.010000
338	37	0.012500
338	72	0.020408
338	86	0.020833
338	102	0.025000
338	120	0.028571
338	138	0.021277
338	144	0.023256
338	173	0.033333
338	223	0.043478
338	262	0.033333
338	292	0.037037
338	294	0.045455
338	298	0.040000
338	334	0.043478
338	354	0.047619
338	389	0.050000
338	412	0.055556
339	0	0.026316
339	4	0.011364
339	12	0.010204
339	15	0.012987
339	16	0.013333
339	19	0.006061
339	34	0.010101
339	43	0.017544
339	45	0.012658
339	57	0.021739
339	58	0.021739
339	69	0.020000
339	72	0.020408
339	77	0.015385
339	162	0.030303
339	214	0.037037
339	292	0.037037
339	296	0.047619
339	349	0.055556
339	350	0.052632
339	362	0.050000
339	389	0.050000
339	439	0.055556
340	1	0.010989
340	2	0.013699
340	19	0.006061
340	21	0.008403
340	36	0.010417
340	54	0.013514
340	72	0.020408
340	109	0.027778
340	114	0.025641
340	134	0.028571
340	147	0.025641
340	192	0.027027
340	231	0.034483
340	261	0.035714
340	269	0.043478
340	300	0.050000
340	305	0.047619
340	328	0.043478
340	352	0.047619
340	366	0.047619
340	437	0.055556
340	441	0.055556
341	4	0.011364
341	5	0.016949
341	22	0.006803
341	51	0.015385
341	121	0.023810
341	122	0.025641
341	125	0.037037
341	133	0.027778
341	163	0.034483
341	187	0.037037
341	190	0.041667
341	208	0.028571
341	247	0.034483
341	251	0.045455
341	254	0.041667
341	265	0.037037
341	273	0.045455
341	298	0.040000
341	358	0.052632
341	367	0.052632
341	377	0.055556
341	411	0.052632
342	14	0.010309
342	17	0.015385
342	19	0.006061
342	21	0.008403
342	23	0.008000
342	26	0.012048
342	40	0.011364
342	55	0.013514
342	56	0.024390
342	60	0.023810
342	116	0.018519
342	142	0.029412
342	187	0.037037
342	198	0.027778
342	206	0.032258
342	207	0.041667
342	250	0.038462
342	274	0.040000
342	380	0.055556
342	414	0.055556
342	415	0.055556
342	451	0.055556
343	8	0.012658
343	10	0.015873
343	23	0.008000
343	33	0.010000
343	34	0.010101
343	45	0.012658
343	53	0.018868
343	57	0.021739
343	74	0.017544
343	121	0.023810
343	134	0.028571
343	174	0.027778
343	232	0.034483
343	239	0.041667
343	258	0.040000
343	295	0.045455
343	303	0.038462
343	328	0.043478
343	353	0.043478
343	358	0.052632
343	372	0.045455
343	411	0.052632
343	431	0.055556
344	1	0.010989
344	15	0.012987
344	23	0.008000
344	38	0.010000
344	40	0.011364
344	49	0.014706
344	73	0.016129
344	97	0.023810
344	143	0.030303
344	174	0.027778
344	227	0.038462
344	231	0.034483
344	256	0.037037
344	261	0.035714
344	265	0.037037
344	309	0.033333
344	323	0.040000
344	334	0.043478
344	351	0.055556
344	355	0.043478
344	360	0.052632
344	379	0.052632
344	397	0.050000
344	436	0.055556
345	8	0.012658
345	11	0.018868
345	18	0.006098
345	19	0.006061
345	39	0.013889
345	49	0.014706
345	67	0.018868
345	74	0.017544
345	76	0.014706
345	151	0.035714
345	180	0.032258
345	184	0.034483
345	195	0.030303
345	197	0.027778
345	205	0.035714
345	206	0.032258
345	229	0.038462
345	329	0.038462
345	385	0.052632
345	400	0.058824
345	414	0.055556
346	1	0.010989
346	22	0.006803
346	32	0.007042
346	34	0.010101
346	38	0.010000
346	46	0.014085
346	48	0.013333
346	49	0.014706
346	57	0.021739
346	61	0.027027
346	66	0.016667
346	172	0.037037
346	184	0.034483
346	194	0.031250
346	214	0.037037
346	235	0.040000
346	294	0.045455
346	304	0.050000
346	357	0.052632
346	375	0.052632
346	393	0.052632
347	21	0.008403
347	22	0.006803
347	37	0.012500
347	47	0.009259
347	51	0.015385
347	67	0.018868
347	89	0.024390
347	98	0.021739
347	101	0.022222
347	104	0.022222
347	109	0.027778
347	132	0.025641
347	195	0.030303
347	217	0.047619
347	237	0.043478
347	257	0.034483
347	305	0.047619
347	336	0.045455
347	380	0.055556
348	6	0.010417
348	12	0.010204
348	18	0.006098
348	22	0.006803
348	32	0.007042
348	35	0.009524
348	46	0.014085
348	52	0.012048
348	64	0.014286
348	81	0.014085
348	90	0.027778
348	122	0.025641
348	170	0.033333
348	195	0.030303
348	196	0.040000
348	225	0.040000
348	243	0.038462
348	266	0.032258
348	426	0.055556
349	0	0.026316
349	4	0.011364
349	9	0.015873
349	16	0.013333
349	19	0.006061
349	22	0.006803
349	34	0.010101
349	36	0.010417
349	37	0.012500
349	46	0.014085
349	53	0.018868
349	78	0.023256
349	85	0.025641
349	98	0.021739
349	213	0.041667
349	264	0.052632
349	266	0.032258
349	339	0.043478
350	5	0.016949
350	6	0.010417
350	7	0.010204
350	9	0.015873
350	66	0.016667
350	74	0.017544
350	90	0.027778
350	136	0.029412
350	144	0.023256
350	149	0.025000
350	164	0.033333
350	184	0.034483
350	197	0.027778
350	275	0.035714
350	293	0.043478
350	323	0.040000
350	332	0.047619
350	339	0.043478
350	388	0.050000
351	1	0.010989
351	2	0.013699
351	6	0.010417
351	12	0.010204
351	16	0.013333
351	42	0.014286
351	47	0.009259
351	65	0.014925
351	96	0.020408
351	106	0.027027
351	107	0.028571
351	135	0.020408
351	148	0.027027
351	178	0.030303
351	193	0.033333
351	210	0.038462
351	334	0.043478
351	344	0.041667
352	7	0.010204
352	8	0.012658
352	18	0.006098
352	32	0.007042
352	47	0.009259
352	50	0.013889
352	65	0.014925
352	83	0.024390
352	114	0.025641
352	133	0.027778
352	146	0.038462
352	168	0.027027
352	208	0.028571
352	215	0.045455
352	235	0.040000
352	256	0.037037
352	340	0.045455
352	395	0.055556
352	399	0.052632
352	405	0.050000
352	436	0.055556
353	2	0.013699
353	6	0.010417
353	12	0.010204
353	16	0.013333
353	19	0.006061
353	22	0.006803
353	27	0.017544
353	35	0.009524
353	51	0.015385
353	75	0.023256
353	131	0.034483
353	193	0.033333
353	234	0.037037
353	289	0.045455
353	305	0.047619
353	320	0.052632
353	329	0.038462
353	343	0.043478
353	364	0.052632
353	370	0.052632
353	383	0.055556
353	384	0.041667
353	406	0.052632
354	18	0.006098
354	20	0.006173
354	22	0.006803
354	30	0.025641
354	32	0.007042
354	39	0.013889
354	55	0.013514
354	69	0.020000
354	101	0.022222
354	136	0.029412
354	150	0.030303
354	170	0.033333
354	171	0.030303
354	194	0.031250
354	249	0.038462
354	282	0.050000
354	317	0.052632
354	338	0.047619
354	364	0.052632
354	367	0.052632
354	389	0.050000
355	15	0.012987
355	18	0.006098
355	47	0.009259
355	54	0.013514
355	61	0.027027
355	76	0.014706
355	78	0.023256
355	80	0.021739
355	91	0.035714
355	98	0.021739
355	114	0.025641
355	138	0.021277
355	193	0.033333
355	201	0.032258
355	306	0.038462
355	310	0.043478
355	318	0.050000
355	344	0.041667
355	396	0.055556
355	403	0.052632
355	436	0.055556
355	438	0.052632
355	451	0.055556
356	1	0.010989
356	2	0.013699
356	22	0.006803
356	38	0.010000
356	54	0.013514
356	69	0.020000
356	75	0.023256
356	104	0.022222
356	114	0.025641
356	139	0.025000
356	171	0.030303
356	201	0.032258
356	288	0.040000
356	290	0.043478
356	292	0.037037
356	297	0.047619
356	316	0.047619
356	327	0.047619
357	15	0.012987
357	18	0.006098
357	19	0.006061
357	26	0.012048
357	51	0.015385
357	64	0.014286
357	84	0.021739
357	101	0.022222
357	108	0.021739
357	140	0.025641
357	144	0.023256
357	171	0.030303
357	177	0.035714
357	233	0.041667
357	243	0.038462
357	314	0.043478
357	346	0.047619
357	382	0.052632
357	412	0.055556
358	4	0.011364
358	5	0.016949
358	14	0.010309
358	36	0.010417
358	44	0.013514
358	65	0.014925
358	96	0.020408
358	134	0.028571
358	192	0.027027
358	229	0.038462
358	233	0.041667
358	238	0.035714
358	243	0.038462
358	261	0.035714
358	273	0.045455
358	309	0.033333
358	341	0.045455
358	343	0.043478
358	422	0.052632
359	16	0.013333
359	18	0.006098
359	40	0.011364
359	47	0.009259
359	52	0.012048
359	66	0.016667
359	67	0.018868
359	74	0.017544
359	96	0.020408
359	98	0.021739
359	110	0.020408
359	111	0.020833
359	115	0.024390
359	138	0.021277
359	161	0.025000
359	171	0.030303
359	246	0.043478
359	321	0.052632
360	4	0.011364
360	12	0.010204
360	13	0.014706
360	14	0.010309
360	40	0.011364
360	51	0.015385
360	58	0.021739
360	82	0.025641
360	99	0.025641
360	111	0.020833
360	116	0.018519
360	135	0.020408
360	148	0.027027
360	192	0.027027
360	224	0.045455
360	242	0.034483
360	292	0.037037
360	344	0.041667
360	440	0.055556
361	1	0.010989
361	20	0.006173
361	25	0.010309
361	32	0.007042
361	46	0.014085
361	54	0.013514
361	93	0.030303
361	115	0.024390
361	133	0.027778
361	150	0.030303
361	154	0.027778
361	188	0.041667
361	190	0.041667
361	228	0.038462
361	229	0.038462
361	241	0.035714
361	259	0.038462
361	314	0.043478
362	27	0.017544
362	58	0.021739
362	67	0.018868
362	69	0.020000
362	79	0.018182
362	86	0.020833
362	98	0.021739
362	117	0.029412
362	142	0.029412
362	148	0.027027
362	161	0.025000
362	195	0.030303
362	211	0.035714
362	285	0.040000
362	298	0.040000
362	329	0.038462
362	337	0.050000
362	339	0.043478
362	368	0.050000
362	427	0.055556
363	9	0.015873
363	14	0.010309
363	19	0.006061
363	22	0.006803
363	38	0.010000
363	68	0.020000
363	78	0.023256
363	97	0.023810
363	147	0.025641
363	192	0.027027
363	225	0.040000
363	230	0.047619
363	262	0.033333
363	266	0.032258
363	273	0.045455
363	275	0.035714
363	294	0.045455
363	329	0.038462
363	383	0.055556
363	388	0.050000
363	404	0.052632
363	407	0.055556
363	427	0.055556
363	430	0.055556
363	436	0.055556
364	8	0.012658
364	10	0.015873
364	20	0.006173
364	24	0.010101
364	51	0.015385
364	59	0.024390
364	69	0.020000
364	88	0.022222
364	100	0.020833
364	108	0.021739
364	128	0.029412
364	141	0.035714
364	235	0.040000
364	262	0.033333
364	278	0.043478
364	328	0.043478
364	353	0.043478
364	354	0.047619
364	415	0.055556
365	25	0.010309
365	32	0.007042
365	33	0.010000
365	36	0.010417
365	46	0.014085
365	52	0.012048
365	59	0.024390
365	68	0.020000
365	81	0.014085
365	111	0.020833
365	119	0.032258
365	135	0.020408
365	150	0.030303
365	187	0.037037
365	258	0.040000
365	259	0.038462
365	263	0.045455
365	276	0.047619
365	395	0.055556
365	401	0.050000
365	402	0.052632
365	429	0.052632
366	12	0.010204
366	32	0.007042
366	35	0.009524
366	41	0.012658
366	43	0.017544
366	66	0.016667
366	73	0.016129
366	87	0.022222
366	102	0.025000
366	105	0.022222
366	144	0.023256
366	154	0.027778
366	182	0.038462
366	265	0.037037
366	272	0.038462
366	297	0.047619
366	319	0.047619
366	340	0.045455
366	383	0.055556
366	387	0.052632
366	424	0.052632
367	0	0.026316
367	23	0.008000
367	32	0.007042
367	38	0.010000
367	41	0.012658
367	64	0.014286
367	85	0.025641
367	96	0.020408
367	116	0.018519
367	136	0.029412
367	137	0.020833
367	232	0.034483
367	265	0.037037
367	266	0.032258
367	291	0.045455
367	292	0.037037
367	341	0.045455
367	354	0.047619
367	434	0.055556
368	22	0.006803
368	35	0.009524
368	41	0.012658
368	50	0.013889
368	69	0.020000
368	75	0.023256
368	88	0.022222
368	103	0.026316
368	128	0.029412
368	194	0.031250
368	200	0.034483
368	204	0.029412
368	211	0.035714
368	232	0.034483
368	234	0.037037
368	261	0.035714
368	293	0.043478
368	362	0.050000
368	371	0.047619
368	439	0.055556
369	20	0.006173
369	32	0.007042
369	38	0.010000
369	41	0.012658
369	43	0.017544
369	73	0.016129
369	76	0.014706
369	85	0.025641
369	91	0.035714
369	95	0.043478
369	122	0.025641
369	123	0.037037
369	159	0.052632
369	254	0.041667
369	262	0.033333
369	292	0.037037
369	303	0.038462
369	318	0.050000
369	411	0.052632
370	37	0.012500
370	41	0.012658
370	42	0.014286
370	45	0.012658
370	47	0.009259
370	72	0.020408
370	73	0.016129
370	104	0.022222
370	130	0.023256
370	166	0.031250
370	197	0.027778
370	199	0.038462
370	200	0.034483
370	204	0.029412
370	211	0.035714
370	255	0.047619
370	285	0.040000
370	353	0.043478
370	371	0.047619
371	2	0.013699
371	41	0.012658
371	57	0.021739
371	72	0.020408
371	76	0.014706
371	81	0.014085
371	116	0.018519
371	118	0.022727
371	172	0.037037
371	188	0.041667
371	225	0.040000
371	294	0.045455
371	302	0.047619
371	316	0.047619
371	326	0.045455
371	368	0.050000
371	370	0.052632
371	372	0.045455
371	376	0.055556
371	391	0.052632
371	421	0.052632
372	2	0.013699
372	22	0.006803
372	34	0.010101
372	51	0.015385
372	53	0.018868
372	64	0.014286
372	75	0.023256
372	77	0.015385
372	97	0.023810
372	109	0.027778
372	118	0.022727
372	154	0.027778
372	185	0.032258
372	238	0.035714
372	265	0.037037
372	332	0.047619
372	343	0.043478
372	371	0.047619
372	377	0.055556
372	388	0.050000
372	411	0.052632
372	440	0.055556
373	2	0.013699
373	15	0.012987
373	27	0.017544
373	35	0.009524
373	39	0.013889
373	64	0.014286
373	108	0.021739
373	110	0.020408
373	116	0.018519
373	174	0.027778
373	243	0.038462
373	253	0.052632
373	261	0.035714
373	280	0.047619
373	285	0.040000
373	288	0.040000
373	297	0.047619
373	309	0.033333
373	400	0.058824
373	451	0.055556
374	18	0.006098
374	19	0.006061
374	20	0.006173
374	22	0.006803
374	34	0.010101
374	65	0.014925
374	70	0.014706
374	77	0.015385
374	87	0.022222
374	140	0.025641
374	157	0.040000
374	161	0.025000
374	167	0.030303
374	172	0.037037
374	197	0.027778
374	209	0.034483
374	309	0.033333
374	326	0.045455
374	404	0.052632
374	427	0.055556
375	6	0.010417
375	13	0.014706
375	18	0.006098
375	19	0.006061
375	38	0.010000
375	40	0.011364
375	115	0.024390
375	118	0.022727
375	174	0.027778
375	189	0.040000
375	219	0.052632
375	235	0.040000
375	243	0.038462
375	252	0.043478
375	274	0.040000
375	283	0.050000
375	323	0.040000
375	346	0.047619
375	413	0.055556
376	33	0.010000
376	43	0.017544
376	46	0.014085
376	52	0.012048
376	67	0.018868
376	69	0.020000
376	70	0.014706
376	81	0.014085
376	85	0.025641
376	87	0.022222
376	119	0.032258
376	133	0.027778
376	176	0.031250
376	207	0.041667
376	215	0.045455
376	288	0.040000
376	336	0.045455
376	371	0.047619
377	3	0.022727
377	7	0.010204
377	19	0.006061
377	20	0.006173
377	39	0.013889
377	81	0.014085
377	149	0.025000
377	171	0.030303
377	198	0.027778
377	204	0.029412
377	231	0.034483
377	242	0.034483
377	247	0.034483
377	301	0.050000
377	311	0.052632
377	319	0.047619
377	341	0.045455
377	372	0.045455
378	6	0.010417
378	8	0.012658
378	10	0.015873
378	34	0.010101
378	42	0.014286
378	47	0.009259
378	52	0.012048
378	54	0.013514
378	70	0.014706
378	80	0.021739
378	101	0.022222
378	138	0.021277
378	139	0.025000
378	226	0.038462
378	233	0.041667
378	247	0.034483
378	266	0.032258
378	307	0.043478
379	10	0.015873
379	13	0.014706
379	14	0.010309
379	15	0.012987
379	18	0.006098
379	19	0.006061
379	23	0.008000
379	36	0.010417
379	81	0.014085
379	110	0.020408
379	135	0.020408
379	147	0.025641
379	182	0.038462
379	232	0.034483
379	243	0.038462
379	268	0.034483
379	278	0.043478
379	344	0.041667
379	384	0.041667
380	5	0.016949
380	8	0.012658
380	9	0.015873
380	17	0.015385
380	19	0.006061
380	25	0.010309
380	37	0.012500
380	44	0.013514
380	47	0.009259
380	66	0.016667
380	80	0.021739
380	105	0.022222
380	163	0.034483
380	168	0.027027
380	187	0.037037
380	209	0.034483
380	342	0.045455
380	347	0.052632
381	8	0.012658
381	9	0.015873
381	18	0.006098
381	20	0.006173
381	25	0.010309
381	33	0.010000
381	36	0.010417
381	46	0.014085
381	70	0.014706
381	74	0.017544
381	86	0.020833
381	99	0.025641
381	111	0.020833
381	120	0.028571
381	137	0.020833
381	164	0.033333
381	249	0.038462
381	285	0.040000
381	385	0.052632
382	12	0.010204
382	39	0.013889
382	68	0.020000
382	84	0.021739
382	100	0.020833
382	110	0.020408
382	117	0.029412
382	134	0.028571
382	195	0.030303
382	204	0.029412
382	231	0.034483
382	242	0.034483
382	268	0.034483
382	288	0.040000
382	296	0.047619
382	303	0.038462
382	336	0.045455
382	357	0.052632
382	434	0.055556
383	19	0.006061
383	20	0.006173
383	81	0.014085
383	84	0.021739
383	104	0.022222
383	107	0.028571
383	111	0.020833
383	116	0.018519
383	118	0.022727
383	135	0.020408
383	174	0.027778
383	198	0.027778
383	203	0.035714
383	268	0.034483
383	329	0.038462
383	353	0.043478
383	363	0.040000
383	366	0.047619
384	7	0.010204
384	11	0.018868
384	13	0.014706
384	17	0.015385
384	22	0.006803
384	24	0.010101
384	42	0.014286
384	48	0.013333
384	64	0.014286
384	97	0.023810
384	110	0.020408
384	144	0.023256
384	166	0.031250
384	205	0.035714
384	266	0.032258
384	293	0.043478
384	353	0.043478
384	379	0.052632
384	394	0.045455
384	395	0.055556
384	396	0.055556
384	419	0.055556
384	445	0.055556
384	448	0.055556
385	2	0.013699
385	6	0.010417
385	17	0.015385
385	36	0.010417
385	49	0.014706
385	50	0.013889
385	56	0.024390
385	66	0.016667
385	79	0.018182
385	89	0.024390
385	102	0.025000
385	144	0.023256
385	146	0.038462
385	171	0.030303
385	201	0.032258
385	307	0.043478
385	345	0.047619
385	381	0.052632
385	391	0.052632
386	15	0.012987
386	21	0.008403
386	25	0.010309
386	32	0.007042
386	35	0.009524
386	40	0.011364
386	53	0.018868
386	66	0.016667
386	73	0.016129
386	76	0.014706
386	85	0.025641
386	113	0.025641
386	147	0.025641
386	160	0.025641
386	226	0.038462
386	279	0.047619
386	284	0.045455
386	333	0.050000
386	406	0.052632
386	414	0.055556
386	423	0.058824
387	0	0.026316
387	2	0.013699
387	4	0.011364
387	13	0.014706
387	22	0.006803
387	33	0.010000
387	41	0.012658
387	52	0.012048
387	57	0.021739
387	83	0.024390
387	105	0.022222
387	106	0.027027
387	202	0.037037
387	208	0.028571
387	214	0.037037
387	230	0.047619
387	306	0.038462
387	366	0.047619
387	434	0.055556
388	9	0.015873
388	10	0.015873
388	36	0.010417
388	43	0.017544
388	45	0.012658
388	47	0.009259
388	55	0.013514
388	88	0.022222
388	105	0.022222
388	114	0.025641
388	147	0.025641
388	255	0.047619
388	265	0.037037
388	299	0.043478
388	307	0.043478
388	350	0.052632
388	363	0.040000
388	372	0.045455
388	392	0.055556
388	445	0.055556
389	14	0.010309
389	33	0.010000
389	36	0.010417
389	45	0.012658
389	93	0.030303
389	100	0.020833
389	102	0.025000
389	134	0.028571
389	164	0.033333
389	170	0.033333
389	186	0.037037
389	218	0.038462
389	235	0.040000
389	238	0.035714
389	327	0.047619
389	338	0.047619
389	339	0.043478
389	354	0.047619
389	402	0.052632
389	407	0.055556
390	5	0.016949
390	20	0.006173
390	21	0.008403
390	22	0.006803
390	24	0.010101
390	26	0.012048
390	39	0.013889
390	61	0.027027
390	62	0.045455
390	85	0.025641
390	86	0.020833
390	114	0.025641
390	179	0.040000
390	186	0.037037
390	194	0.031250
390	257	0.034483
390	262	0.033333
390	275	0.035714
391	3	0.022727
391	18	0.006098
391	22	0.006803
391	29	0.023810
391	43	0.017544
391	52	0.012048
391	73	0.016129
391	81	0.014085
391	83	0.024390
391	92	0.032258
391	220	0.047619
391	252	0.043478
391	269	0.043478
391	275	0.035714
391	286	0.052632
391	288	0.040000
391	371	0.047619
391	385	0.052632
391	429	0.052632
392	2	0.013699
392	4	0.011364
392	13	0.014706
392	14	0.010309
392	23	0.008000
392	37	0.012500
392	47	0.009259
392	52	0.012048
392	54	0.013514
392	79	0.018182
392	109	0.027778
392	121	0.023810
392	138	0.021277
392	216	0.033333
392	241	0.035714
392	272	0.038462
392	388	0.050000
392	411	0.052632
393	7	0.010204
393	11	0.018868
393	20	0.006173
393	22	0.006803
393	32	0.007042
393	50	0.013889
393	54	0.013514
393	66	0.016667
393	75	0.023256
393	82	0.025641
393	98	0.021739
393	112	0.025641
393	136	0.029412
393	142	0.029412
393	155	0.047619
393	214	0.037037
393	281	0.041667
393	346	0.047619
393	439	0.055556
394	23	0.008000
394	26	0.012048
394	27	0.017544
394	47	0.009259
394	71	0.027778
394	83	0.024390
394	113	0.025641
394	116	0.018519
394	118	0.022727
394	121	0.023810
394	142	0.029412
394	150	0.030303
394	157	0.040000
394	183	0.043478
394	227	0.038462
394	240	0.045455
394	248	0.041667
394	384	0.041667
394	408	0.052632
394	421	0.052632
394	427	0.055556
394	429	0.052632
395	1	0.010989
395	19	0.006061
395	70	0.014706
395	81	0.014085
395	99	0.025641
395	115	0.024390
395	130	0.023256
395	141	0.035714
395	177	0.035714
395	193	0.033333
395	208	0.028571
395	209	0.034483
395	236	0.040000
395	252	0.043478
395	325	0.038462
395	352	0.047619
395	365	0.045455
395	384	0.041667
396	1	0.010989
396	4	0.011364
396	5	0.016949
396	19	0.006061
396	23	0.008000
396	36	0.010417
396	54	0.013514
396	71	0.027778
396	76	0.014706
396	97	0.023810
396	104	0.022222
396	120	0.028571
396	205	0.035714
396	216	0.033333
396	234	0.037037
396	254	0.041667
396	355	0.043478
396	384	0.041667
397	5	0.016949
397	6	0.010417
397	16	0.013333
397	35	0.009524
397	42	0.014286
397	55	0.013514
397	71	0.027778
397	79	0.018182
397	118	0.022727
397	168	0.027027
397	206	0.032258
397	247	0.034483
397	275	0.035714
397	289	0.045455
397	298	0.040000
397	314	0.043478
397	325	0.038462
397	344	0.041667
397	400	0.058824
397	427	0.055556
398	1	0.010989
398	14	0.010309
398	36	0.010417
398	41	0.012658
398	44	0.013514
398	74	0.017544
398	104	0.022222
398	126	0.045455
398	135	0.020408
398	161	0.025000
398	171	0.030303
398	176	0.031250
398	177	0.035714
398	182	0.038462
398	200	0.034483
398	228	0.038462
398	265	0.037037
398	306	0.038462
399	8	0.012658
399	12	0.010204
399	16	0.013333
399	36	0.010417
399	46	0.014085
399	47	0.009259
399	75	0.023256
399	84	0.021739
399	96	0.020408
399	101	0.022222
399	165	0.035714
399	172	0.037037
399	195	0.030303
399	199	0.038462
399	239	0.041667
399	261	0.035714
399	301	0.050000
399	352	0.047619
399	436	0.055556
400	22	0.006803
400	70	0.014706
400	108	0.021739
400	120	0.028571
400	130	0.023256
400	166	0.031250
400	198	0.027778
400	201	0.032258
400	263	0.045455
400	268	0.034483
400	271	0.035714
400	310	0.043478
400	326	0.045455
400	330	0.045455
400	345	0.047619
400	373	0.050000
400	397	0.050000
401	1	0.010989
401	4	0.011364
401	6	0.010417
401	19	0.006061
401	21	0.008403
401	33	0.010000
401	35	0.009524
401	43	0.017544
401	45	0.012658
401	54	0.013514
401	74	0.017544
401	99	0.025641
401	101	0.022222
401	167	0.030303
401	197	0.027778
401	218	0.038462
401	275	0.035714
401	365	0.045455
401	437	0.055556
401	449	0.055556
402	13	0.014706
402	24	0.010101
402	26	0.012048
402	32	0.007042
402	33	0.010000
402	76	0.014706
402	110	0.020408
402	111	0.020833
402	112	0.025641
402	120	0.028571
402	123	0.037037
402	130	0.023256
402	175	0.038462
402	197	0.027778
402	227	0.038462
402	255	0.047619
402	365	0.045455
402	389	0.050000
402	421	0.052632
403	6	0.010417
403	8	0.012658
403	14	0.010309
403	21	0.008403
403	37	0.012500
403	73	0.016129
403	114	0.025641
403	136	0.029412
403	138	0.021277
403	189	0.040000
403	196	0.040000
403	200	0.034483
403	262	0.033333
403	268	0.034483
403	298	0.040000
403	323	0.040000
403	330	0.045455
403	355	0.043478
403	451	0.055556
404	7	0.010204
404	11	0.018868
404	16	0.013333
404	37	0.012500
404	39	0.013889
404	52	0.012048
404	100	0.020833
404	105	0.022222
404	112	0.025641
404	149	0.025000
404	183	0.043478
404	207	0.041667
404	209	0.034483
404	213	0.041667
404	241	0.035714
404	259	0.038462
404	363	0.040000
404	374	0.050000
404	406	0.052632
405	15	0.012987
405	18	0.006098
405	37	0.012500
405	48	0.013333
405	52	0.012048
405	56	0.024390
405	64	0.014286
405	80	0.021739
405	97	0.023810
405	98	0.021739
405	149	0.025000
405	160	0.025641
405	194	0.031250
405	241	0.035714
405	257	0.034483
405	262	0.033333
405	272	0.038462
405	352	0.047619
405	407	0.055556
405	432	0.052632
406	15	0.012987
406	24	0.010101
406	33	0.010000
406	37	0.012500
406	47	0.009259
406	68	0.020000
406	70	0.014706
406	81	0.014085
406	108	0.021739
406	110	0.020408
406	192	0.027027
406	232	0.034483
406	302	0.047619
406	306	0.038462
406	309	0.033333
406	353	0.043478
406	386	0.047619
406	404	0.052632
406	424	0.052632
407	5	0.016949
407	14	0.010309
407	17	0.015385
407	19	0.006061
407	52	0.012048
407	66	0.016667
407	81	0.014085
407	98	0.021739
407	137	0.020833
407	234	0.037037
407	242	0.034483
407	277	0.040000
407	303	0.038462
407	332	0.047619
407	363	0.040000
407	389	0.050000
407	405	0.050000
407	446	0.055556
408	15	0.012987
408	16	0.013333
408	20	0.006173
408	41	0.012658
408	45	0.012658
408	56	0.024390
408	79	0.018182
408	81	0.014085
408	99	0.025641
408	103	0.026316
408	139	0.025000
408	198	0.027778
408	222	0.038462
408	227	0.038462
408	234	0.037037
408	242	0.034483
408	246	0.043478
408	394	0.045455
408	423	0.058824
409	6	0.010417
409	11	0.018868
409	14	0.010309
409	16	0.013333
409	18	0.006098
409	27	0.017544
409	33	0.010000
409	57	0.021739
409	70	0.014706
409	81	0.014085
409	102	0.025000
409	105	0.022222
409	110	0.020408
409	118	0.022727
409	120	0.028571
409	151	0.035714
409	303	0.038462
409	312	0.047619
409	411	0.052632
409	447	0.055556
410	11	0.018868
410	19	0.006061
410	38	0.010000
410	41	0.012658
410	65	0.014925
410	73	0.016129
410	107	0.028571
410	110	0.020408
410	116	0.018519
410	122	0.025641
410	149	0.025000
410	166	0.031250
410	180	0.032258
410	198	0.027778
410	266	0.032258
410	270	0.047619
410	301	0.050000
410	303	0.038462
411	9	0.015873
411	32	0.007042
411	58	0.021739
411	61	0.027027
411	75	0.023256
411	118	0.022727
411	134	0.028571
411	160	0.025641
411	204	0.029412
411	207	0.041667
411	279	0.047619
411	303	0.038462
411	341	0.045455
411	343	0.043478
411	369	0.052632
411	372	0.045455
411	392	0.055556
411	409	0.050000
411	438	0.052632
412	6	0.010417
412	20	0.006173
412	41	0.012658
412	44	0.013514
412	49	0.014706
412	83	0.024390
412	96	0.020408
412	101	0.022222
412	138	0.021277
412	151	0.035714
412	165	0.035714
412	171	0.030303
412	212	0.038462
412	232	0.034483
412	308	0.050000
412	310	0.043478
412	338	0.047619
412	357	0.052632
413	14	0.010309
413	23	0.008000
413	25	0.010309
413	50	0.013889
413	53	0.018868
413	64	0.014286
413	74	0.017544
413	81	0.014085
413	92	0.032258
413	115	0.024390
413	138	0.021277
413	150	0.030303
413	156	0.038462
413	168	0.027027
413	185	0.032258
413	208	0.028571
413	329	0.038462
413	375	0.052632
414	2	0.013699
414	20	0.006173
414	21	0.008403
414	23	0.008000
414	24	0.010101
414	50	0.013889
414	55	0.013514
414	62	0.045455
414	169	0.032258
414	195	0.030303
414	198	0.027778
414	239	0.041667
414	247	0.034483
414	290	0.043478
414	298	0.040000
414	342	0.045455
414	345	0.047619
414	386	0.047619
415	12	0.010204
415	15	0.012987
415	18	0.006098
415	20	0.006173
415	24	0.010101
415	25	0.010309
415	44	0.013514
415	46	0.014085
415	51	0.015385
415	53	0.018868
415	74	0.017544
415	92	0.032258
415	141	0.035714
415	200	0.034483
415	248	0.041667
415	319	0.047619
415	342	0.045455
415	364	0.052632
416	34	0.010101
416	40	0.011364
416	52	0.012048
416	54	0.013514
416	55	0.013514
416	59	0.024390
416	70	0.014706
416	81	0.014085
416	100	0.020833
416	116	0.018519
416	117	0.029412
416	167	0.030303
416	185	0.032258
416	236	0.040000
416	256	0.037037
416	281	0.041667
416	289	0.045455
416	331	0.050000
417	17	0.015385
417	19	0.006061
417	21	0.008403
417	24	0.010101
417	39	0.013889
417	40	0.011364
417	66	0.016667
417	74	0.017544
417	76	0.014706
417	86	0.020833
417	96	0.020408
417	139	0.025000
417	149	0.025000
417	154	0.027778
417	167	0.030303
417	169	0.032258
417	178	0.030303
417	266	0.032258
417	421	0.052632
417	449	0.055556
418	18	0.006098
418	20	0.006173
418	29	0.023810
418	54	0.013514
418	70	0.014706
418	80	0.021739
418	83	0.024390
418	94	0.037037
418	101	0.022222
418	124	0.047619
418	125	0.037037
418	137	0.020833
418	184	0.034483
418	194	0.031250
418	254	0.041667
418	314	0.043478
418	315	0.050000
418	330	0.045455
418	439	0.055556
419	15	0.012987
419	21	0.008403
419	37	0.012500
419	48	0.013333
419	85	0.025641
419	100	0.020833
419	111	0.020833
419	149	0.025000
419	160	0.025641
419	172	0.037037
419	180	0.032258
419	194	0.031250
419	203	0.035714
419	222	0.038462
419	309	0.033333
419	312	0.047619
419	328	0.043478
419	384	0.041667
420	1	0.010989
420	18	0.006098
420	22	0.006803
420	23	0.008000
420	36	0.010417
420	80	0.021739
420	110	0.020408
420	111	0.020833
420	121	0.023810
420	124	0.047619
420	131	0.034483
420	201	0.032258
420	249	0.038462
420	256	0.037037
420	299	0.043478
420	315	0.050000
420	329	0.038462
421	6	0.010417
421	12	0.010204
421	22	0.006803
421	34	0.010101
421	65	0.014925
421	100	0.020833
421	105	0.022222
421	111	0.020833
421	121	0.023810
421	196	0.040000
421	224	0.045455
421	295	0.045455
421	309	0.033333
421	333	0.050000
421	371	0.047619
421	394	0.045455
421	402	0.052632
421	417	0.050000
421	445	0.055556
422	0	0.026316
422	6	0.010417
422	12	0.010204
422	16	0.013333
422	20	0.006173
422	21	0.008403
422	33	0.010000
422	34	0.010101
422	67	0.018868
422	78	0.023256
422	130	0.023256
422	193	0.033333
422	205	0.035714
422	250	0.038462
422	266	0.032258
422	299	0.043478
422	327	0.047619
422	358	0.052632
422	425	0.055556
423	1	0.010989
423	2	0.013699
423	14	0.010309
423	18	0.006098
423	20	0.006173
423	37	0.012500
423	64	0.014286
423	76	0.014706
423	79	0.018182
423	174	0.027778
423	222	0.038462
423	271	0.035714
423	282	0.050000
423	291	0.045455
423	306	0.038462
423	386	0.047619
423	408	0.052632
424	14	0.010309
424	21	0.008403
424	24	0.010101
424	50	0.013889
424	70	0.014706
424	80	0.021739
424	81	0.014085
424	137	0.020833
424	157	0.040000
424	198	0.027778
424	218	0.038462
424	225	0.040000
424	257	0.034483
424	274	0.040000
424	284	0.045455
424	331	0.050000
424	366	0.047619
424	406	0.052632
424	434	0.055556
425	1	0.010989
425	7	0.010204
425	23	0.008000
425	52	0.012048
425	54	0.013514
425	97	0.023810
425	104	0.022222
425	116	0.018519
425	117	0.029412
425	127	0.047619
425	137	0.020833
425	139	0.025000
425	144	0.023256
425	149	0.025000
425	190	0.041667
425	317	0.052632
425	321	0.052632
425	422	0.052632
426	2	0.013699
426	12	0.010204
426	18	0.006098
426	19	0.006061
426	21	0.008403
426	31	0.040000
426	34	0.010101
426	40	0.011364
426	52	0.012048
426	58	0.021739
426	78	0.023256
426	96	0.020408
426	120	0.028571
426	210	0.038462
426	222	0.038462
426	266	0.032258
426	285	0.040000
426	348	0.052632
427	19	0.006061
427	21	0.008403
427	25	0.010309
427	32	0.007042
427	38	0.010000
427	39	0.013889
427	75	0.023256
427	99	0.025641
427	112	0.025641
427	176	0.031250
427	183	0.043478
427	216	0.033333
427	269	0.043478
427	362	0.050000
427	363	0.040000
427	374	0.050000
427	394	0.045455
427	397	0.050000
428	6	0.010417
428	12	0.010204
428	14	0.010309
428	23	0.008000
428	33	0.010000
428	36	0.010417
428	38	0.010000
428	45	0.012658
428	49	0.014706
428	59	0.024390
428	65	0.014925
428	67	0.018868
428	80	0.021739
428	154	0.027778
428	158	0.043478
428	174	0.027778
428	236	0.040000
428	289	0.045455
429	2	0.013699
429	44	0.013514
429	49	0.014706
429	77	0.015385
429	98	0.021739
429	122	0.025641
429	137	0.020833
429	138	0.021277
429	161	0.025000
429	168	0.027027
429	198	0.027778
429	208	0.028571
429	229	0.038462
429	263	0.045455
429	271	0.035714
429	365	0.045455
429	391	0.052632
429	394	0.045455
429	435	0.052632
430	3	0.022727
430	5	0.016949
430	12	0.010204
430	20	0.006173
430	38	0.010000
430	45	0.012658
430	50	0.013889
430	58	0.021739
430	111	0.020833
430	115	0.024390
430	200	0.034483
430	268	0.034483
430	288	0.040000
430	306	0.038462
430	316	0.047619
430	325	0.038462
430	326	0.045455
430	363	0.040000
431	1	0.010989
431	2	0.013699
431	12	0.010204
431	22	0.006803
431	27	0.017544
431	34	0.010101
431	55	0.013514
431	75	0.023256
431	77	0.015385
431	111	0.020833
431	166	0.031250
431	172	0.037037
431	184	0.034483
431	247	0.034483
431	248	0.041667
431	295	0.045455
431	323	0.040000
431	343	0.043478
432	8	0.012658
432	18	0.006098
432	32	0.007042
432	33	0.010000
432	34	0.010101
432	38	0.010000
432	48	0.013333
432	69	0.020000
432	79	0.018182
432	96	0.020408
432	119	0.032258
432	167	0.030303
432	202	0.037037
432	237	0.043478
432	309	0.033333
432	329	0.038462
432	334	0.043478
432	405	0.050000
432	433	0.055556
433	12	0.010204
433	18	0.006098
433	38	0.010000
433	41	0.012658
433	52	0.012048
433	66	0.016667
433	77	0.015385
433	81	0.014085
433	82	0.025641
433	114	0.025641
433	122	0.025641
433	139	0.025000
433	148	0.027027
433	180	0.032258
433	181	0.040000
433	325	0.038462
433	334	0.043478
433	432	0.052632
434	5	0.016949
434	6	0.010417
434	26	0.012048
434	47	0.009259
434	57	0.021739
434	77	0.015385
434	112	0.025641
434	123	0.037037
434	179	0.040000
434	190	0.041667
434	231	0.034483
434	252	0.043478
434	257	0.034483
434	271	0.035714
434	367	0.052632
434	382	0.052632
434	387	0.052632
434	424	0.052632
435	2	0.013699
435	10	0.015873
435	42	0.014286
435	49	0.014706
435	74	0.017544
435	75	0.023256
435	83	0.024390
435	102	0.025000
435	130	0.023256
435	143	0.030303
435	178	0.030303
435	197	0.027778
435	203	0.035714
435	212	0.038462
435	223	0.043478
435	285	0.040000
435	325	0.038462
435	429	0.052632
435	437	0.055556
436	44	0.013514
436	45	0.012658
436	46	0.014085
436	70	0.014706
436	83	0.024390
436	101	0.022222
436	199	0.038462
436	201	0.032258
436	259	0.038462
436	265	0.037037
436	272	0.038462
436	325	0.038462
436	336	0.045455
436	344	0.041667
436	352	0.047619
436	355	0.043478
436	363	0.040000
436	399	0.052632
437	2	0.013699
437	32	0.007042
437	58	0.021739
437	60	0.023810
437	73	0.016129
437	74	0.017544
437	84	0.021739
437	100	0.020833
437	110	0.020408
437	160	0.025641
437	258	0.040000
437	272	0.038462
437	280	0.047619
437	284	0.045455
437	299	0.043478
437	340	0.045455
437	401	0.050000
437	435	0.052632
438	3	0.022727
438	13	0.014706
438	19	0.006061
438	43	0.017544
438	46	0.014085
438	72	0.020408
438	81	0.014085
438	107	0.028571
438	132	0.025641
438	135	0.020408
438	166	0.031250
438	168	0.027027
438	180	0.032258
438	195	0.030303
438	249	0.038462
438	267	0.047619
438	355	0.043478
438	411	0.052632
438	440	0.055556
439	16	0.013333
439	33	0.010000
439	34	0.010101
439	35	0.009524
439	56	0.024390
439	76	0.014706
439	79	0.018182
439	135	0.020408
439	138	0.021277
439	142	0.029412
439	203	0.035714
439	204	0.029412
439	266	0.032258
439	331	0.050000
439	339	0.043478
439	368	0.050000
439	393	0.052632
439	418	0.052632
440	2	0.013699
440	23	0.008000
440	32	0.007042
440	46	0.014085
440	51	0.015385
440	66	0.016667
440	73	0.016129
440	74	0.017544
440	135	0.020408
440	148	0.027027
440	158	0.043478
440	166	0.031250
440	203	0.035714
440	212	0.038462
440	241	0.035714
440	360	0.052632
440	372	0.045455
440	438	0.052632
441	9	0.015873
441	20	0.006173
441	22	0.006803
441	23	0.008000
441	32	0.007042
441	73	0.016129
441	92	0.032258
441	112	0.025641
441	116	0.018519
441	121	0.023810
441	140	0.025641
441	161	0.025000
441	236	0.040000
441	240	0.045455
441	248	0.041667
441	256	0.037037
441	309	0.033333
441	340	0.045455
442	4	0.011364
442	20	0.006173
442	34	0.010101
442	35	0.009524
442	38	0.010000
442	44	0.013514
442	96	0.020408
442	128	0.029412
442	144	0.023256
442	149	0.025000
442	153	0.041667
442	167	0.030303
442	173	0.033333
442	185	0.032258
442	228	0.038462
442	234	0.037037
442	257	0.034483
442	310	0.043478
442	447	0.055556
443	7	0.010204
443	20	0.006173
443	21	0.008403
443	22	0.006803
443	25	0.010309
443	26	0.012048
443	47	0.009259
443	73	0.016129
443	91	0.035714
443	101	0.022222
443	122	0.025641
443	137	0.020833
443	143	0.030303
443	151	0.035714
443	178	0.030303
443	241	0.035714
443	245	0.043478
443	256	0.037037
444	4	0.011364
444	13	0.014706
444	20	0.006173
444	25	0.010309
444	48	0.013333
444	55	0.013514
444	89	0.024390
444	92	0.032258
444	109	0.027778
444	116	0.018519
444	117	0.029412
444	161	0.025000
444	178	0.030303
444	233	0.041667
444	278	0.043478
444	302	0.047619
444	304	0.050000
444	306	0.038462
445	14	0.010309
445	19	0.006061
445	29	0.023810
445	36	0.010417
445	48	0.013333
445	56	0.024390
445	59	0.024390
445	81	0.014085
445	86	0.020833
445	114	0.025641
445	130	0.023256
445	149	0.025000
445	170	0.033333
445	204	0.029412
445	257	0.034483
445	384	0.041667
445	388	0.050000
445	421	0.052632
446	6	0.010417
446	7	0.010204
446	10	0.015873
446	14	0.010309
446	20	0.006173
446	23	0.008000
446	26	0.012048
446	33	0.010000
446	50	0.013889
446	52	0.012048
446	76	0.014706
446	88	0.022222
446	96	0.020408
446	110	0.020408
446	140	0.025641
446	257	0.034483
446	291	0.045455
446	407	0.055556
447	8	0.012658
447	12	0.010204
447	40	0.011364
447	41	0.012658
447	54	0.013514
447	56	0.024390
447	104	0.022222
447	118	0.022727
447	130	0.023256
447	135	0.020408
447	167	0.030303
447	176	0.031250
447	206	0.032258
447	210	0.038462
447	324	0.052632
447	330	0.045455
447	409	0.050000
447	442	0.052632
448	18	0.006098
448	19	0.006061
448	21	0.008403
448	22	0.006803
448	34	0.010101
448	81	0.014085
448	106	0.027027
448	132	0.025641
448	134	0.028571
448	143	0.030303
448	144	0.023256
448	160	0.025641
448	178	0.030303
448	293	0.043478
448	309	0.033333
448	310	0.043478
448	337	0.050000
448	384	0.041667
449	3	0.022727
449	19	0.006061
449	21	0.008403
449	39	0.013889
449	54	0.013514
449	84	0.021739
449	86	0.020833
449	105	0.022222
449	132	0.025641
449	139	0.025000
449	166	0.031250
449	178	0.030303
449	180	0.032258
449	203	0.035714
449	230	0.047619
449	275	0.035714
449	401	0.050000
449	417	0.050000
450	6	0.010417
450	8	0.012658
450	18	0.006098
450	20	0.006173
450	50	0.013889
450	58	0.021739
450	67	0.018868
450	79	0.018182
450	114	0.025641
450	136	0.029412
450	137	0.020833
450	163	0.034483
450	179	0.040000
450	221	0.045455
450	249	0.038462
450	291	0.045455
450	298	0.040000
450	300	0.050000
451	9	0.015873
451	22	0.006803
451	34	0.010101
451	35	0.009524
451	38	0.010000
451	76	0.014706
451	78	0.023256
451	84	0.021739
451	99	0.025641
451	114	0.025641
451	173	0.033333
451	228	0.038462
451	259	0.038462
451	323	0.040000
451	342	0.045455
451	355	0.043478
451	373	0.050000
451	403	0.052632
