448	14654
0	1	0.012346
0	2	0.019608
0	3	0.017544
0	4	0.018182
0	5	0.014286
0	6	0.016667
0	7	0.017857
0	8	0.014493
0	9	0.011364
0	10	0.020000
0	11	0.022727
0	12	0.009615
0	13	0.015152
0	14	0.016393
0	15	0.029412
0	16	0.017857
0	17	0.016129
0	18	0.007407
0	19	0.008264
0	20	0.007812
0	21	0.007812
0	22	0.007463
0	23	0.008696
0	24	0.009709
0	25	0.012346
0	26	0.013514
0	28	0.011111
0	29	0.011765
0	30	0.012658
0	32	0.014085
0	33	0.012658
0	34	0.012346
0	35	0.012987
0	37	0.009709
0	39	0.020000
0	40	0.013889
0	43	0.014706
0	45	0.017241
0	46	0.020000
0	49	0.017241
0	50	0.019231
0	52	0.015625
0	54	0.013699
0	55	0.015873
0	58	0.018868
0	61	0.020833
0	63	0.023256
0	65	0.019231
0	66	0.019231
0	68	0.020408
0	71	0.017241
0	72	0.025641
0	73	0.022727
0	75	0.027778
0	79	0.025641
0	82	0.019608
0	83	0.026316
0	84	0.018868
0	89	0.020000
0	96	0.033333
0	98	0.027778
0	99	0.030303
0	105	0.031250
0	106	0.025000
0	107	0.020833
0	117	0.027778
0	120	0.031250
0	135	0.022727
0	141	0.035714
0	142	0.037037
0	156	0.024390
0	158	0.045455
0	163	0.033333
0	167	0.035714
0	175	0.040000
0	178	0.032258
0	187	0.034483
0	191	0.029412
0	193	0.041667
0	194	0.047619
0	197	0.040000
0	199	0.037037
0	200	0.045455
0	206	0.035714
0	211	0.038462
0	212	0.038462
0	213	0.043478
0	216	0.027778
0	222	0.038462
0	229	0.035714
0	238	0.050000
0	239	0.040000
0	249	0.045455
0	252	0.035714
0	259	0.041667
0	264	0.043478
0	265	0.055556
0	266	0.041667
0	268	0.034483
0	269	0.043478
0	272	0.041667
0	278	0.047619
0	281	0.058824
0	283	0.050000
0	288	0.038462
0	320	0.050000
0	321	0.050000
0	329	0.052632
0	333	0.047619
0	336	0.040000
0	339	0.052632
0	353	0.055556
0	355	0.055556
0	358	0.058824
0	363	0.055556
0	365	0.052632
0	366	0.058824
0	367	0.055556
0	379	0.058824
0	381	0.052632
0	387	0.052632
0	392	0.055556
0	393	0.055556
0	394	0.052632
0	402	0.058824
0	404	0.058824
0	415	0.058824
0	422	0.058824
0	425	0.055556
1	0	0.007752
1	18	0.007407
1	19	0.008264
1	20	0.007812
1	21	0.007812
1	22	0.007463
1	25	0.012346
1	28	0.011111
1	30	0.012658
1	31	0.009615
1	32	0.014085
1	33	0.012658
1	34	0.012346
1	35	0.012987
1	39	0.020000
1	40	0.013889
1	41	0.018519
1	42	0.014925
1	45	0.017241
1	48	0.018868
1	51	0.017241
1	55	0.015873
1	59	0.017544
1	61	0.020833
1	62	0.020833
1	65	0.019231
1	66	0.019231
1	68	0.020408
1	78	0.020833
1	80	0.023810
1	88	0.027027
1	90	0.017857
1	95	0.022727
1	98	0.027778
1	103	0.020833
1	106	0.025000
1	108	0.025000
1	112	0.021277
1	119	0.025000
1	120	0.031250
1	132	0.027027
1	133	0.030303
1	140	0.029412
1	152	0.028571
1	156	0.024390
1	157	0.041667
1	160	0.027027
1	165	0.028571
1	174	0.031250
1	180	0.032258
1	193	0.041667
1	221	0.043478
1	232	0.045455
1	236	0.041667
1	237	0.037037
1	242	0.045455
1	245	0.040000
1	259	0.041667
1	276	0.043478
1	282	0.045455
1	306	0.050000
1	327	0.047619
1	331	0.050000
1	333	0.047619
1	339	0.052632
1	340	0.050000
1	345	0.047619
1	351	0.052632
1	352	0.055556
1	365	0.052632
1	366	0.058824
1	368	0.055556
1	374	0.055556
1	375	0.050000
1	391	0.052632
1	392	0.055556
1	400	0.055556
1	412	0.055556
1	428	0.058824
1	429	0.058824
1	446	0.058824
2	0	0.007752
2	18	0.007407
2	19	0.008264
2	20	0.007812
2	21	0.007812
2	22	0.007463
2	23	0.008696
2	25	0.012346
2	29	0.011765
2	33	0.012658
2	35	0.012987
2	38	0.024390
2	43	0.014706
2	46	0.020000
2	47	0.014286
2	61	0.020833
2	70	0.020833
2	76	0.023256
2	77	0.016129
2	105	0.031250
2	114	0.028571
2	118	0.022222
2	124	0.026316
2	127	0.028571
2	150	0.031250
2	153	0.024390
2	158	0.045455
2	163	0.033333
2	167	0.035714
2	185	0.031250
2	193	0.041667
2	208	0.052632
2	217	0.052632
2	220	0.043478
2	224	0.043478
2	225	0.045455
2	238	0.050000
2	247	0.045455
2	279	0.035714
2	285	0.043478
2	291	0.050000
2	331	0.050000
2	359	0.055556
2	361	0.052632
2	363	0.055556
2	369	0.043478
2	396	0.058824
2	399	0.052632
2	407	0.058824
2	412	0.055556
2	414	0.058824
3	0	0.007752
3	18	0.007407
3	19	0.008264
3	20	0.007812
3	21	0.007812
3	22	0.007463
3	23	0.008696
3	24	0.009709
3	26	0.013514
3	32	0.014085
3	33	0.012658
3	36	0.011765
3	39	0.020000
3	43	0.014706
3	44	0.014925
3	45	0.017241
3	46	0.020000
3	47	0.014286
3	49	0.017241
3	50	0.019231
3	52	0.015625
3	60	0.014925
3	70	0.020833
3	71	0.017241
3	77	0.016129
3	81	0.024390
3	91	0.028571
3	97	0.023256
3	99	0.030303
3	100	0.031250
3	105	0.031250
3	138	0.033333
3	144	0.031250
3	148	0.034483
3	154	0.027027
3	167	0.035714
3	205	0.040000
3	217	0.052632
3	229	0.035714
3	261	0.041667
3	273	0.043478
3	285	0.043478
3	287	0.047619
3	291	0.050000
3	307	0.052632
3	345	0.047619
3	352	0.055556
3	357	0.055556
3	369	0.043478
3	378	0.055556
3	381	0.052632
3	388	0.050000
3	407	0.058824
3	412	0.055556
3	417	0.055556
3	423	0.058824
3	435	0.058824
4	0	0.007752
4	18	0.007407
4	19	0.008264
4	22	0.007463
4	23	0.008696
4	24	0.009709
4	26	0.013514
4	27	0.008065
4	28	0.011111
4	31	0.009615
4	32	0.014085
4	35	0.012987
4	36	0.011765
4	38	0.024390
4	41	0.018519
4	44	0.014925
4	45	0.017241
4	56	0.014706
4	59	0.017544
4	60	0.014925
4	63	0.023256
4	65	0.019231
4	66	0.019231
4	75	0.027778
4	98	0.027778
4	100	0.031250
4	129	0.033333
4	134	0.028571
4	136	0.025000
4	147	0.029412
4	160	0.027027
4	162	0.027778
4	168	0.041667
4	181	0.052632
4	211	0.038462
4	215	0.034483
4	230	0.033333
4	235	0.038462
4	242	0.045455
4	249	0.045455
4	274	0.043478
4	282	0.045455
4	288	0.038462
4	302	0.045455
4	316	0.052632
4	332	0.055556
4	362	0.055556
4	371	0.058824
4	379	0.058824
4	386	0.055556
4	401	0.055556
4	404	0.058824
4	419	0.055556
4	433	0.058824
4	444	0.058824
5	0	0.007752
5	18	0.007407
5	19	0.008264
5	20	0.007812
5	21	0.007812
5	22	0.007463
5	23	0.008696
5	24	0.009709
5	25	0.012346
5	26	0.013514
5	27	0.008065
5	30	0.012658
5	31	0.009615
5	33	0.012658
5	35	0.012987
5	36	0.011765
5	37	0.009709
5	40	0.013889
5	42	0.014925
5	44	0.014925
5	49	0.017241
5	53	0.018868
5	58	0.018868
5	59	0.017544
5	73	0.022727
5	77	0.016129
5	78	0.020833
5	92	0.017241
5	101	0.021739
5	112	0.021277
5	117	0.027778
5	141	0.035714
5	149	0.041667
5	168	0.041667
5	169	0.045455
5	171	0.038462
5	179	0.038462
5	193	0.041667
5	194	0.047619
5	195	0.035714
5	199	0.037037
5	209	0.040000
5	220	0.043478
5	222	0.038462
5	235	0.038462
5	239	0.040000
5	240	0.043478
5	257	0.047619
5	259	0.041667
5	267	0.043478
5	269	0.043478
5	275	0.041667
5	279	0.035714
5	292	0.045455
5	303	0.052632
5	307	0.052632
5	315	0.052632
5	318	0.041667
5	325	0.052632
5	333	0.047619
5	335	0.050000
5	345	0.047619
5	348	0.045455
5	372	0.052632
5	379	0.058824
5	393	0.055556
5	399	0.052632
5	416	0.055556
5	420	0.058824
5	424	0.058824
6	0	0.007752
6	18	0.007407
6	19	0.008264
6	20	0.007812
6	21	0.007812
6	22	0.007463
6	23	0.008696
6	26	0.013514
6	32	0.014085
6	33	0.012658
6	35	0.012987
6	36	0.011765
6	37	0.009709
6	40	0.013889
6	43	0.014706
6	44	0.014925
6	47	0.014286
6	53	0.018868
6	54	0.013699
6	57	0.022222
6	58	0.018868
6	79	0.025641
6	84	0.018868
6	86	0.021739
6	94	0.020000
6	106	0.025000
6	130	0.035714
6	131	0.025000
6	133	0.030303
6	137	0.030303
6	150	0.031250
6	151	0.034483
6	153	0.024390
6	158	0.045455
6	167	0.035714
6	172	0.032258
6	177	0.045455
6	181	0.052632
6	186	0.035714
6	207	0.038462
6	209	0.040000
6	211	0.038462
6	214	0.045455
6	237	0.037037
6	246	0.041667
6	253	0.043478
6	275	0.041667
6	293	0.045455
6	296	0.047619
6	324	0.052632
6	335	0.050000
6	339	0.052632
6	371	0.058824
6	375	0.050000
6	390	0.052632
6	407	0.058824
6	418	0.055556
6	434	0.058824
6	438	0.058824
6	443	0.058824
7	0	0.007752
7	18	0.007407
7	19	0.008264
7	20	0.007812
7	21	0.007812
7	23	0.008696
7	25	0.012346
7	26	0.013514
7	27	0.008065
7	28	0.011111
7	31	0.009615
7	34	0.012346
7	35	0.012987
7	37	0.009709
7	58	0.018868
7	59	0.017544
7	61	0.020833
7	74	0.020000
7	81	0.024390
7	84	0.018868
7	107	0.020833
7	109	0.025000
7	112	0.021277
7	113	0.030303
7	116	0.026316
7	122	0.043478
7	143	0.029412
7	152	0.028571
7	156	0.024390
7	178	0.032258
7	179	0.038462
7	185	0.031250
7	188	0.037037
7	193	0.041667
7	218	0.047619
7	225	0.045455
7	234	0.033333
7	244	0.052632
7	252	0.035714
7	266	0.041667
7	273	0.043478
7	302	0.045455
7	312	0.052632
7	313	0.055556
7	331	0.050000
7	337	0.041667
7	342	0.052632
7	350	0.050000
7	355	0.055556
7	365	0.052632
7	366	0.058824
7	384	0.055556
7	406	0.055556
7	423	0.058824
7	443	0.058824
7	447	0.058824
8	0	0.007752
8	18	0.007407
8	19	0.008264
8	20	0.007812
8	21	0.007812
8	24	0.009709
8	25	0.012346
8	29	0.011765
8	30	0.012658
8	32	0.014085
8	33	0.012658
8	34	0.012346
8	37	0.009709
8	38	0.024390
8	41	0.018519
8	44	0.014925
8	53	0.018868
8	57	0.022222
8	59	0.017544
8	60	0.014925
8	63	0.023256
8	69	0.017857
8	78	0.020833
8	88	0.027027
8	92	0.017241
8	93	0.021739
8	100	0.031250
8	105	0.031250
8	108	0.025000
8	123	0.043478
8	124	0.026316
8	147	0.029412
8	156	0.024390
8	161	0.034483
8	163	0.033333
8	164	0.035714
8	167	0.035714
8	171	0.038462
8	189	0.045455
8	191	0.029412
8	195	0.035714
8	212	0.038462
8	217	0.052632
8	223	0.040000
8	233	0.031250
8	246	0.041667
8	250	0.045455
8	253	0.043478
8	254	0.052632
8	256	0.047619
8	261	0.041667
8	274	0.043478
8	281	0.058824
8	285	0.043478
8	307	0.052632
8	311	0.050000
8	322	0.050000
8	333	0.047619
8	339	0.052632
8	365	0.052632
8	368	0.055556
8	377	0.055556
8	378	0.055556
8	379	0.058824
8	400	0.055556
8	401	0.055556
8	432	0.058824
8	433	0.058824
8	434	0.058824
9	0	0.007752
9	18	0.007407
9	19	0.008264
9	20	0.007812
9	21	0.007812
9	23	0.008696
9	24	0.009709
9	25	0.012346
9	26	0.013514
9	27	0.008065
9	28	0.011111
9	30	0.012658
9	31	0.009615
9	33	0.012658
9	34	0.012346
9	37	0.009709
9	39	0.020000
9	40	0.013889
9	41	0.018519
9	43	0.014706
9	44	0.014925
9	45	0.017241
9	46	0.020000
9	48	0.018868
9	51	0.017241
9	52	0.015625
9	63	0.023256
9	71	0.017241
9	72	0.025641
9	73	0.022727
9	76	0.023256
9	79	0.025641
9	80	0.023810
9	88	0.027027
9	90	0.017857
9	96	0.033333
9	101	0.021739
9	110	0.030303
9	117	0.027778
9	119	0.025000
9	121	0.033333
9	129	0.033333
9	133	0.030303
9	138	0.033333
9	140	0.029412
9	142	0.037037
9	144	0.031250
9	148	0.034483
9	150	0.031250
9	178	0.032258
9	179	0.038462
9	187	0.034483
9	192	0.037037
9	203	0.047619
9	211	0.038462
9	214	0.045455
9	221	0.043478
9	224	0.043478
9	237	0.037037
9	243	0.040000
9	252	0.035714
9	257	0.047619
9	260	0.037037
9	263	0.047619
9	264	0.043478
9	270	0.047619
9	275	0.041667
9	278	0.047619
9	281	0.058824
9	282	0.045455
9	284	0.052632
9	290	0.038462
9	302	0.045455
9	316	0.052632
9	317	0.052632
9	320	0.050000
9	325	0.052632
9	340	0.050000
9	364	0.052632
9	380	0.058824
9	390	0.052632
9	410	0.052632
9	413	0.058824
9	414	0.058824
9	415	0.058824
9	418	0.055556
9	419	0.055556
9	430	0.058824
10	0	0.007752
10	21	0.007812
10	23	0.008696
10	24	0.009709
10	26	0.013514
10	27	0.008065
10	28	0.011111
10	31	0.009615
10	32	0.014085
10	33	0.012658
10	38	0.024390
10	41	0.018519
10	46	0.020000
10	49	0.017241
10	50	0.019231
10	52	0.015625
10	54	0.013699
10	67	0.022222
10	73	0.022727
10	84	0.018868
10	85	0.021739
10	103	0.020833
10	105	0.031250
10	125	0.032258
10	127	0.028571
10	132	0.027027
10	141	0.035714
10	143	0.029412
10	157	0.041667
10	160	0.027027
10	193	0.041667
10	196	0.032258
10	198	0.045455
10	226	0.045455
10	230	0.033333
10	233	0.031250
10	296	0.047619
10	318	0.041667
10	325	0.052632
10	348	0.045455
10	362	0.055556
10	373	0.052632
10	375	0.050000
10	386	0.055556
10	403	0.058824
10	428	0.058824
10	429	0.058824
10	430	0.058824
10	437	0.055556
10	438	0.058824
11	0	0.007752
11	18	0.007407
11	19	0.008264
11	20	0.007812
11	22	0.007463
11	25	0.012346
11	28	0.011111
11	29	0.011765
11	30	0.012658
11	34	0.012346
11	35	0.012987
11	36	0.011765
11	40	0.013889
11	68	0.020408
11	71	0.017241
11	84	0.018868
11	86	0.021739
11	97	0.023256
11	98	0.027778
11	105	0.031250
11	107	0.020833
11	114	0.028571
11	116	0.026316
11	128	0.033333
11	184	0.041667
11	189	0.045455
11	197	0.040000
11	200	0.045455
11	211	0.038462
11	212	0.038462
11	216	0.027778
11	232	0.045455
11	236	0.041667
11	248	0.052632
11	252	0.035714
11	267	0.043478
11	274	0.043478
11	313	0.055556
11	328	0.055556
11	350	0.050000
11	373	0.052632
11	375	0.050000
11	379	0.058824
11	447	0.058824
12	0	0.007752
12	18	0.007407
12	19	0.008264
12	20	0.007812
12	21	0.007812
12	22	0.007463
12	23	0.008696
12	24	0.009709
12	25	0.012346
12	27	0.008065
12	29	0.011765
12	31	0.009615
12	32	0.014085
12	33	0.012658
12	36	0.011765
12	38	0.024390
12	39	0.020000
12	46	0.020000
12	51	0.017241
12	53	0.018868
12	56	0.014706
12	58	0.018868
12	60	0.014925
12	63	0.023256
12	66	0.019231
12	69	0.017857
12	70	0.020833
12	74	0.020000
12	76	0.023256
12	80	0.023810
12	83	0.026316
12	86	0.021739
12	91	0.028571
12	94	0.020000
12	96	0.033333
12	97	0.023256
12	99	0.030303
12	102	0.023810
12	104	0.031250
12	112	0.021277
12	116	0.026316
12	118	0.022222
12	119	0.025000
12	121	0.033333
12	122	0.043478
12	125	0.032258
12	126	0.033333
12	130	0.035714
12	132	0.027027
12	137	0.030303
12	142	0.037037
12	151	0.034483
12	155	0.033333
12	165	0.028571
12	167	0.035714
12	169	0.045455
12	173	0.035714
12	175	0.040000
12	182	0.035714
12	188	0.037037
12	190	0.030303
12	194	0.047619
12	197	0.040000
12	208	0.052632
12	215	0.034483
12	223	0.040000
12	228	0.038462
12	230	0.033333
12	232	0.045455
12	244	0.052632
12	246	0.041667
12	248	0.052632
12	250	0.045455
12	263	0.047619
12	265	0.055556
12	266	0.041667
12	267	0.043478
12	269	0.043478
12	281	0.058824
12	287	0.047619
12	288	0.038462
12	295	0.047619
12	303	0.052632
12	308	0.050000
12	309	0.052632
12	315	0.052632
12	320	0.050000
12	325	0.052632
12	326	0.047619
12	332	0.055556
12	342	0.052632
12	357	0.055556
12	369	0.043478
12	378	0.055556
12	395	0.052632
12	403	0.058824
12	409	0.050000
12	417	0.055556
12	421	0.055556
12	431	0.055556
12	432	0.058824
12	440	0.058824
12	441	0.055556
12	445	0.058824
13	0	0.007752
13	18	0.007407
13	19	0.008264
13	20	0.007812
13	21	0.007812
13	22	0.007463
13	27	0.008065
13	28	0.011111
13	30	0.012658
13	31	0.009615
13	32	0.014085
13	34	0.012346
13	38	0.024390
13	42	0.014925
13	45	0.017241
13	49	0.017241
13	50	0.019231
13	51	0.017241
13	54	0.013699
13	59	0.017544
13	62	0.020833
13	66	0.019231
13	73	0.022727
13	77	0.016129
13	80	0.023810
13	83	0.026316
13	91	0.028571
13	92	0.017241
13	96	0.033333
13	104	0.031250
13	106	0.025000
13	112	0.021277
13	115	0.032258
13	120	0.031250
13	121	0.033333
13	128	0.033333
13	131	0.025000
13	136	0.025000
13	147	0.029412
13	159	0.029412
13	166	0.037037
13	198	0.045455
13	199	0.037037
13	213	0.043478
13	229	0.035714
13	231	0.052632
13	244	0.052632
13	258	0.047619
13	267	0.043478
13	270	0.047619
13	279	0.035714
13	286	0.050000
13	299	0.043478
13	306	0.050000
13	334	0.047619
13	336	0.040000
13	343	0.055556
13	361	0.052632
13	372	0.052632
13	385	0.055556
13	392	0.055556
13	400	0.055556
13	404	0.058824
13	411	0.050000
13	423	0.058824
13	443	0.058824
14	0	0.007752
14	18	0.007407
14	19	0.008264
14	20	0.007812
14	21	0.007812
14	22	0.007463
14	23	0.008696
14	24	0.009709
14	25	0.012346
14	27	0.008065
14	31	0.009615
14	32	0.014085
14	33	0.012658
14	34	0.012346
14	36	0.011765
14	39	0.020000
14	40	0.013889
14	41	0.018519
14	44	0.014925
14	45	0.017241
14	48	0.018868
14	52	0.015625
14	54	0.013699
14	59	0.017544
14	60	0.014925
14	62	0.020833
14	64	0.018519
14	70	0.020833
14	72	0.025641
14	76	0.023256
14	78	0.020833
14	93	0.021739
14	94	0.020000
14	96	0.033333
14	102	0.023810
14	109	0.025000
14	110	0.030303
14	114	0.028571
14	128	0.033333
14	134	0.028571
14	137	0.030303
14	138	0.033333
14	146	0.027027
14	149	0.041667
14	166	0.037037
14	176	0.041667
14	193	0.041667
14	196	0.032258
14	198	0.045455
14	218	0.047619
14	219	0.043478
14	228	0.038462
14	258	0.047619
14	267	0.043478
14	286	0.050000
14	301	0.041667
14	303	0.052632
14	395	0.052632
14	396	0.058824
14	415	0.058824
14	421	0.055556
15	0	0.007752
15	18	0.007407
15	20	0.007812
15	29	0.011765
15	39	0.020000
15	58	0.018868
15	60	0.014925
15	70	0.020833
15	73	0.022727
15	76	0.023256
15	80	0.023810
15	85	0.021739
15	95	0.022727
15	96	0.033333
15	102	0.023810
15	123	0.043478
15	128	0.033333
15	140	0.029412
15	149	0.041667
15	164	0.035714
15	171	0.038462
15	172	0.032258
15	179	0.038462
15	202	0.043478
15	254	0.052632
15	280	0.038462
15	281	0.058824
15	298	0.050000
15	308	0.050000
15	312	0.052632
15	368	0.055556
15	375	0.050000
15	392	0.055556
15	409	0.050000
16	0	0.007752
16	18	0.007407
16	19	0.008264
16	22	0.007463
16	24	0.009709
16	27	0.008065
16	28	0.011111
16	33	0.012658
16	36	0.011765
16	38	0.024390
16	42	0.014925
16	45	0.017241
16	52	0.015625
16	55	0.015873
16	58	0.018868
16	63	0.023256
16	74	0.020000
16	83	0.026316
16	87	0.025000
16	100	0.031250
16	105	0.031250
16	110	0.030303
16	117	0.027778
16	118	0.022222
16	120	0.031250
16	125	0.032258
16	127	0.028571
16	129	0.033333
16	141	0.035714
16	143	0.029412
16	146	0.027027
16	156	0.024390
16	158	0.045455
16	163	0.033333
16	180	0.032258
16	207	0.038462
16	214	0.045455
16	223	0.040000
16	230	0.033333
16	252	0.035714
16	259	0.041667
16	273	0.043478
16	292	0.045455
16	300	0.055556
16	304	0.052632
16	305	0.052632
16	324	0.052632
16	331	0.050000
16	337	0.041667
16	349	0.052632
16	354	0.050000
16	369	0.043478
16	384	0.055556
16	407	0.058824
16	427	0.058824
16	439	0.058824
17	0	0.007752
17	18	0.007407
17	19	0.008264
17	20	0.007812
17	21	0.007812
17	22	0.007463
17	23	0.008696
17	24	0.009709
17	26	0.013514
17	29	0.011765
17	30	0.012658
17	31	0.009615
17	37	0.009709
17	38	0.024390
17	40	0.013889
17	42	0.014925
17	43	0.014706
17	46	0.020000
17	47	0.014286
17	56	0.014706
17	69	0.017857
17	76	0.023256
17	80	0.023810
17	85	0.021739
17	87	0.025000
17	88	0.027027
17	91	0.028571
17	95	0.022727
17	97	0.023256
17	98	0.027778
17	104	0.031250
17	115	0.032258
17	126	0.033333
17	128	0.033333
17	133	0.030303
17	137	0.030303
17	138	0.033333
17	161	0.034483
17	170	0.038462
17	172	0.032258
17	177	0.045455
17	203	0.047619
17	223	0.040000
17	256	0.047619
17	262	0.037037
17	267	0.043478
17	270	0.047619
17	279	0.035714
17	280	0.038462
17	297	0.043478
17	305	0.052632
17	319	0.038462
17	335	0.050000
17	344	0.052632
17	345	0.047619
17	357	0.055556
17	366	0.058824
17	397	0.052632
17	400	0.055556
17	405	0.058824
17	408	0.055556
17	415	0.058824
18	0	0.007752
18	1	0.012346
18	2	0.019608
18	3	0.017544
18	4	0.018182
18	5	0.014286
18	6	0.016667
18	7	0.017857
18	8	0.014493
18	9	0.011364
18	11	0.022727
18	12	0.009615
18	13	0.015152
18	14	0.016393
18	15	0.029412
18	16	0.017857
18	17	0.016129
18	19	0.008264
18	20	0.007812
18	21	0.007812
18	22	0.007463
18	23	0.008696
18	24	0.009709
18	25	0.012346
18	26	0.013514
18	27	0.008065
18	28	0.011111
18	29	0.011765
18	31	0.009615
18	32	0.014085
18	33	0.012658
18	34	0.012346
18	35	0.012987
18	36	0.011765
18	38	0.024390
18	41	0.018519
18	46	0.020000
18	47	0.014286
18	48	0.018868
18	50	0.019231
18	51	0.017241
18	52	0.015625
18	56	0.014706
18	57	0.022222
18	58	0.018868
18	60	0.014925
18	61	0.020833
18	63	0.023256
18	64	0.018519
18	66	0.019231
18	68	0.020408
18	69	0.017857
18	71	0.017241
18	72	0.025641
18	74	0.020000
18	77	0.016129
18	78	0.020833
18	82	0.019608
18	88	0.027027
18	89	0.020000
18	98	0.027778
18	100	0.031250
18	103	0.020833
18	109	0.025000
18	112	0.021277
18	116	0.026316
18	121	0.033333
18	122	0.043478
18	131	0.025000
18	135	0.022727
18	136	0.025000
18	140	0.029412
18	145	0.034483
18	146	0.027027
18	155	0.033333
18	162	0.027778
18	164	0.035714
18	167	0.035714
18	175	0.040000
18	176	0.041667
18	177	0.045455
18	180	0.032258
18	182	0.035714
18	187	0.034483
18	200	0.045455
18	210	0.028571
18	211	0.038462
18	213	0.043478
18	217	0.052632
18	219	0.043478
18	220	0.043478
18	228	0.038462
18	229	0.035714
18	231	0.052632
18	233	0.031250
18	237	0.037037
18	240	0.043478
18	251	0.038462
18	260	0.037037
18	262	0.037037
18	272	0.041667
18	275	0.041667
18	276	0.043478
18	278	0.047619
18	279	0.035714
18	281	0.058824
18	283	0.050000
18	291	0.050000
18	293	0.045455
18	294	0.047619
18	295	0.047619
18	297	0.043478
18	303	0.052632
18	304	0.052632
18	310	0.050000
18	313	0.055556
18	316	0.052632
18	320	0.050000
18	330	0.052632
18	340	0.050000
18	345	0.047619
18	359	0.055556
18	371	0.058824
18	372	0.052632
18	378	0.055556
18	382	0.050000
18	384	0.055556
18	386	0.055556
18	387	0.052632
18	396	0.058824
18	398	0.055556
18	405	0.058824
18	420	0.058824
18	432	0.058824
18	444	0.058824
19	0	0.007752
19	1	0.012346
19	2	0.019608
19	3	0.017544
19	4	0.018182
19	5	0.014286
19	6	0.016667
19	7	0.017857
19	8	0.014493
19	9	0.011364
19	11	0.022727
19	12	0.009615
19	13	0.015152
19	14	0.016393
19	16	0.017857
19	17	0.016129
19	18	0.007407
19	20	0.007812
19	21	0.007812
19	22	0.007463
19	23	0.008696
19	24	0.009709
19	25	0.012346
19	26	0.013514
19	27	0.008065
19	28	0.011111
19	29	0.011765
19	30	0.012658
19	32	0.014085
19	33	0.012658
19	34	0.012346
19	36	0.011765
19	38	0.024390
19	39	0.020000
19	41	0.018519
19	42	0.014925
19	43	0.014706
19	46	0.020000
19	47	0.014286
19	50	0.019231
19	52	0.015625
19	53	0.018868
19	56	0.014706
19	57	0.022222
19	59	0.017544
19	60	0.014925
19	61	0.020833
19	65	0.019231
19	66	0.019231
19	67	0.022222
19	68	0.020408
19	70	0.020833
19	73	0.022727
19	77	0.016129
19	80	0.023810
19	81	0.024390
19	82	0.019608
19	83	0.026316
19	87	0.025000
19	90	0.017857
19	97	0.023256
19	101	0.021739
19	102	0.023810
19	105	0.031250
19	108	0.025000
19	109	0.025000
19	112	0.021277
19	113	0.030303
19	120	0.031250
19	123	0.043478
19	133	0.030303
19	137	0.030303
19	140	0.029412
19	141	0.035714
19	145	0.034483
19	147	0.029412
19	150	0.031250
19	152	0.028571
19	159	0.029412
19	162	0.027778
19	163	0.033333
19	166	0.037037
19	168	0.041667
19	172	0.032258
19	174	0.031250
19	176	0.041667
19	181	0.052632
19	184	0.041667
19	185	0.031250
19	187	0.034483
19	190	0.030303
19	196	0.032258
19	200	0.045455
19	204	0.047619
19	209	0.040000
19	216	0.027778
19	229	0.035714
19	234	0.033333
19	259	0.041667
19	260	0.037037
19	272	0.041667
19	281	0.058824
19	284	0.052632
19	287	0.047619
19	288	0.038462
19	293	0.045455
19	294	0.047619
19	306	0.050000
19	313	0.055556
19	316	0.052632
19	320	0.050000
19	330	0.052632
19	334	0.047619
19	350	0.050000
19	358	0.058824
19	368	0.055556
19	373	0.052632
19	376	0.058824
19	386	0.055556
19	387	0.052632
19	397	0.052632
20	0	0.007752
20	1	0.012346
20	2	0.019608
20	3	0.017544
20	5	0.014286
20	6	0.016667
20	7	0.017857
20	8	0.014493
20	9	0.011364
20	11	0.022727
20	12	0.009615
20	13	0.015152
20	14	0.016393
20	15	0.029412
20	17	0.016129
20	18	0.007407
20	19	0.008264
20	21	0.007812
20	22	0.007463
20	23	0.008696
20	24	0.009709
20	25	0.012346
20	26	0.013514
20	27	0.008065
20	28	0.011111
20	29	0.011765
20	30	0.012658
20	33	0.012658
20	34	0.012346
20	35	0.012987
20	37	0.009709
20	40	0.013889
20	42	0.014925
20	44	0.014925
20	45	0.017241
20	47	0.014286
20	48	0.018868
20	49	0.017241
20	52	0.015625
20	53	0.018868
20	55	0.015873
20	56	0.014706
20	58	0.018868
20	59	0.017544
20	60	0.014925
20	61	0.020833
20	63	0.023256
20	64	0.018519
20	68	0.020408
20	74	0.020000
20	76	0.023256
20	78	0.020833
20	82	0.019608
20	84	0.018868
20	85	0.021739
20	86	0.021739
20	88	0.027027
20	89	0.020000
20	94	0.020000
20	97	0.023256
20	104	0.031250
20	105	0.031250
20	110	0.030303
20	113	0.030303
20	124	0.026316
20	131	0.025000
20	133	0.030303
20	138	0.033333
20	139	0.041667
20	151	0.034483
20	152	0.028571
20	154	0.027027
20	155	0.033333
20	160	0.027027
20	161	0.034483
20	165	0.028571
20	169	0.045455
20	175	0.040000
20	181	0.052632
20	182	0.035714
20	192	0.037037
20	194	0.047619
20	196	0.032258
20	205	0.040000
20	206	0.035714
20	208	0.052632
20	209	0.040000
20	218	0.047619
20	228	0.038462
20	231	0.052632
20	243	0.040000
20	249	0.045455
20	258	0.047619
20	261	0.041667
20	270	0.047619
20	272	0.041667
20	275	0.041667
20	278	0.047619
20	287	0.047619
20	288	0.038462
20	289	0.040000
20	290	0.038462
20	291	0.050000
20	297	0.043478
20	304	0.052632
20	308	0.050000
20	311	0.050000
20	313	0.055556
20	317	0.052632
20	320	0.050000
20	323	0.052632
20	328	0.055556
20	329	0.052632
20	332	0.055556
20	333	0.047619
20	344	0.052632
20	347	0.041667
20	357	0.055556
20	368	0.055556
20	380	0.058824
20	382	0.050000
20	384	0.055556
20	390	0.052632
20	392	0.055556
20	400	0.055556
20	409	0.050000
20	411	0.050000
20	419	0.055556
21	0	0.007752
21	1	0.012346
21	2	0.019608
21	3	0.017544
21	5	0.014286
21	6	0.016667
21	7	0.017857
21	8	0.014493
21	9	0.011364
21	10	0.020000
21	12	0.009615
21	13	0.015152
21	14	0.016393
21	17	0.016129
21	18	0.007407
21	19	0.008264
21	20	0.007812
21	22	0.007463
21	23	0.008696
21	24	0.009709
21	25	0.012346
21	26	0.013514
21	27	0.008065
21	28	0.011111
21	29	0.011765
21	30	0.012658
21	31	0.009615
21	33	0.012658
21	34	0.012346
21	36	0.011765
21	37	0.009709
21	39	0.020000
21	40	0.013889
21	42	0.014925
21	43	0.014706
21	44	0.014925
21	45	0.017241
21	48	0.018868
21	49	0.017241
21	50	0.019231
21	51	0.017241
21	52	0.015625
21	55	0.015873
21	57	0.022222
21	61	0.020833
21	65	0.019231
21	67	0.022222
21	69	0.017857
21	72	0.025641
21	75	0.027778
21	79	0.025641
21	80	0.023810
21	81	0.024390
21	88	0.027027
21	90	0.017857
21	91	0.028571
21	93	0.021739
21	101	0.021739
21	106	0.025000
21	110	0.030303
21	114	0.028571
21	122	0.043478
21	123	0.043478
21	124	0.026316
21	130	0.035714
21	131	0.025000
21	135	0.022727
21	138	0.033333
21	143	0.029412
21	145	0.034483
21	157	0.041667
21	158	0.045455
21	162	0.027778
21	166	0.037037
21	168	0.041667
21	173	0.035714
21	174	0.031250
21	175	0.040000
21	178	0.032258
21	185	0.031250
21	186	0.035714
21	191	0.029412
21	195	0.035714
21	199	0.037037
21	200	0.045455
21	204	0.047619
21	213	0.043478
21	215	0.034483
21	224	0.043478
21	237	0.037037
21	241	0.038462
21	260	0.037037
21	268	0.034483
21	269	0.043478
21	270	0.047619
21	279	0.035714
21	282	0.045455
21	286	0.050000
21	293	0.045455
21	296	0.047619
21	302	0.045455
21	306	0.050000
21	309	0.052632
21	310	0.050000
21	315	0.052632
21	318	0.041667
21	320	0.050000
21	321	0.050000
21	339	0.052632
21	341	0.055556
21	347	0.041667
21	354	0.050000
21	362	0.055556
21	366	0.058824
21	367	0.055556
21	377	0.055556
21	378	0.055556
21	379	0.058824
21	381	0.052632
21	382	0.050000
21	384	0.055556
21	408	0.055556
21	420	0.058824
21	421	0.055556
21	427	0.058824
21	428	0.058824
21	431	0.055556
21	443	0.058824
22	0	0.007752
22	1	0.012346
22	2	0.019608
22	3	0.017544
22	4	0.018182
22	5	0.014286
22	6	0.016667
22	11	0.022727
22	12	0.009615
22	13	0.015152
22	14	0.016393
22	16	0.017857
22	17	0.016129
22	18	0.007407
22	19	0.008264
22	20	0.007812
22	21	0.007812
22	23	0.008696
22	24	0.009709
22	25	0.012346
22	26	0.013514
22	27	0.008065
22	28	0.011111
22	29	0.011765
22	30	0.012658
22	31	0.009615
22	32	0.014085
22	34	0.012346
22	35	0.012987
22	37	0.009709
22	38	0.024390
22	41	0.018519
22	42	0.014925
22	43	0.014706
22	44	0.014925
22	46	0.020000
22	47	0.014286
22	49	0.017241
22	52	0.015625
22	53	0.018868
22	55	0.015873
22	56	0.014706
22	57	0.022222
22	58	0.018868
22	60	0.014925
22	62	0.020833
22	64	0.018519
22	65	0.019231
22	66	0.019231
22	67	0.022222
22	69	0.017857
22	70	0.020833
22	71	0.017241
22	73	0.022727
22	74	0.020000
22	75	0.027778
22	77	0.016129
22	80	0.023810
22	82	0.019608
22	85	0.021739
22	88	0.027027
22	89	0.020000
22	95	0.022727
22	97	0.023256
22	103	0.020833
22	109	0.025000
22	112	0.021277
22	118	0.022222
22	119	0.025000
22	122	0.043478
22	126	0.033333
22	128	0.033333
22	129	0.033333
22	132	0.027027
22	143	0.029412
22	144	0.031250
22	146	0.027027
22	147	0.029412
22	148	0.034483
22	154	0.027027
22	155	0.033333
22	157	0.041667
22	160	0.027027
22	167	0.035714
22	169	0.045455
22	175	0.040000
22	182	0.035714
22	183	0.040000
22	184	0.041667
22	185	0.031250
22	188	0.037037
22	189	0.045455
22	191	0.029412
22	192	0.037037
22	197	0.040000
22	200	0.045455
22	205	0.040000
22	209	0.040000
22	212	0.038462
22	213	0.043478
22	214	0.045455
22	220	0.043478
22	221	0.043478
22	223	0.040000
22	239	0.040000
22	240	0.043478
22	243	0.040000
22	253	0.043478
22	255	0.040000
22	256	0.047619
22	262	0.037037
22	271	0.040000
22	275	0.041667
22	276	0.043478
22	297	0.043478
22	299	0.043478
22	324	0.052632
22	335	0.050000
22	342	0.052632
22	348	0.045455
22	353	0.055556
22	360	0.058824
22	364	0.052632
22	367	0.055556
22	369	0.043478
22	384	0.055556
22	394	0.052632
22	400	0.055556
22	408	0.055556
22	410	0.052632
22	423	0.058824
22	435	0.058824
22	438	0.058824
22	443	0.058824
23	0	0.007752
23	2	0.019608
23	3	0.017544
23	4	0.018182
23	5	0.014286
23	6	0.016667
23	7	0.017857
23	9	0.011364
23	10	0.020000
23	12	0.009615
23	14	0.016393
23	17	0.016129
23	18	0.007407
23	19	0.008264
23	20	0.007812
23	21	0.007812
23	22	0.007463
23	24	0.009709
23	25	0.012346
23	26	0.013514
23	29	0.011765
23	31	0.009615
23	33	0.012658
23	39	0.020000
23	42	0.014925
23	44	0.014925
23	47	0.014286
23	49	0.017241
23	50	0.019231
23	51	0.017241
23	52	0.015625
23	55	0.015873
23	56	0.014706
23	57	0.022222
23	58	0.018868
23	59	0.017544
23	61	0.020833
23	62	0.020833
23	63	0.023256
23	64	0.018519
23	68	0.020408
23	69	0.017857
23	70	0.020833
23	71	0.017241
23	75	0.027778
23	79	0.025641
23	80	0.023810
23	83	0.026316
23	86	0.021739
23	87	0.025000
23	91	0.028571
23	95	0.022727
23	96	0.033333
23	97	0.023256
23	101	0.021739
23	102	0.023810
23	103	0.020833
23	105	0.031250
23	107	0.020833
23	110	0.030303
23	112	0.021277
23	113	0.030303
23	115	0.032258
23	122	0.043478
23	123	0.043478
23	125	0.032258
23	130	0.035714
23	133	0.030303
23	136	0.025000
23	142	0.037037
23	143	0.029412
23	144	0.031250
23	151	0.034483
23	159	0.029412
23	160	0.027027
23	165	0.028571
23	172	0.032258
23	177	0.045455
23	180	0.032258
23	183	0.040000
23	189	0.045455
23	190	0.030303
23	192	0.037037
23	195	0.035714
23	200	0.045455
23	227	0.037037
23	231	0.052632
23	233	0.031250
23	234	0.033333
23	239	0.040000
23	247	0.045455
23	250	0.045455
23	258	0.047619
23	261	0.041667
23	272	0.041667
23	276	0.043478
23	279	0.035714
23	293	0.045455
23	302	0.045455
23	306	0.050000
23	317	0.052632
23	337	0.041667
23	351	0.052632
23	360	0.058824
23	362	0.055556
23	372	0.052632
23	376	0.058824
23	379	0.058824
23	388	0.050000
23	390	0.052632
23	395	0.052632
23	406	0.055556
23	412	0.055556
23	429	0.058824
23	442	0.058824
24	0	0.007752
24	3	0.017544
24	4	0.018182
24	5	0.014286
24	8	0.014493
24	9	0.011364
24	10	0.020000
24	12	0.009615
24	14	0.016393
24	16	0.017857
24	17	0.016129
24	18	0.007407
24	19	0.008264
24	20	0.007812
24	21	0.007812
24	22	0.007463
24	23	0.008696
24	25	0.012346
24	26	0.013514
24	27	0.008065
24	28	0.011111
24	29	0.011765
24	31	0.009615
24	34	0.012346
24	35	0.012987
24	36	0.011765
24	37	0.009709
24	39	0.020000
24	40	0.013889
24	42	0.014925
24	43	0.014706
24	44	0.014925
24	45	0.017241
24	48	0.018868
24	50	0.019231
24	53	0.018868
24	54	0.013699
24	55	0.015873
24	61	0.020833
24	62	0.020833
24	63	0.023256
24	64	0.018519
24	65	0.019231
24	71	0.017241
24	74	0.020000
24	75	0.027778
24	79	0.025641
24	80	0.023810
24	83	0.026316
24	87	0.025000
24	88	0.027027
24	90	0.017857
24	94	0.020000
24	99	0.030303
24	102	0.023810
24	103	0.020833
24	104	0.031250
24	116	0.026316
24	120	0.031250
24	123	0.043478
24	124	0.026316
24	125	0.032258
24	126	0.033333
24	130	0.035714
24	132	0.027027
24	133	0.030303
24	153	0.024390
24	160	0.027027
24	164	0.035714
24	165	0.028571
24	167	0.035714
24	168	0.041667
24	169	0.045455
24	173	0.035714
24	178	0.032258
24	191	0.029412
24	203	0.047619
24	208	0.052632
24	217	0.052632
24	218	0.047619
24	219	0.043478
24	222	0.038462
24	243	0.040000
24	248	0.052632
24	265	0.055556
24	286	0.050000
24	288	0.038462
24	289	0.040000
24	304	0.052632
24	312	0.052632
24	320	0.050000
24	322	0.050000
24	329	0.052632
24	340	0.050000
24	344	0.052632
24	352	0.055556
24	383	0.047619
24	392	0.055556
24	415	0.058824
24	427	0.058824
24	429	0.058824
24	438	0.058824
24	439	0.058824
25	0	0.007752
25	1	0.012346
25	2	0.019608
25	5	0.014286
25	7	0.017857
25	8	0.014493
25	9	0.011364
25	11	0.022727
25	12	0.009615
25	14	0.016393
25	18	0.007407
25	19	0.008264
25	20	0.007812
25	21	0.007812
25	22	0.007463
25	23	0.008696
25	24	0.009709
25	26	0.013514
25	27	0.008065
25	29	0.011765
25	30	0.012658
25	32	0.014085
25	35	0.012987
25	36	0.011765
25	40	0.013889
25	41	0.018519
25	44	0.014925
25	46	0.020000
25	47	0.014286
25	50	0.019231
25	51	0.017241
25	56	0.014706
25	57	0.022222
25	62	0.020833
25	66	0.019231
25	82	0.019608
25	87	0.025000
25	92	0.017241
25	101	0.021739
25	102	0.023810
25	104	0.031250
25	107	0.020833
25	115	0.032258
25	120	0.031250
25	121	0.033333
25	128	0.033333
25	130	0.035714
25	132	0.027027
25	135	0.022727
25	142	0.037037
25	145	0.034483
25	148	0.034483
25	152	0.028571
25	153	0.024390
25	162	0.027778
25	165	0.028571
25	173	0.035714
25	192	0.037037
25	216	0.027778
25	220	0.043478
25	223	0.040000
25	232	0.045455
25	238	0.050000
25	242	0.045455
25	255	0.040000
25	260	0.037037
25	262	0.037037
25	264	0.043478
25	270	0.047619
25	277	0.045455
25	293	0.045455
25	315	0.052632
25	321	0.050000
25	326	0.047619
25	334	0.047619
25	338	0.047619
25	368	0.055556
25	384	0.055556
25	429	0.058824
25	433	0.058824
25	439	0.058824
26	0	0.007752
26	3	0.017544
26	4	0.018182
26	5	0.014286
26	6	0.016667
26	7	0.017857
26	9	0.011364
26	10	0.020000
26	17	0.016129
26	18	0.007407
26	19	0.008264
26	20	0.007812
26	21	0.007812
26	22	0.007463
26	23	0.008696
26	24	0.009709
26	25	0.012346
26	27	0.008065
26	28	0.011111
26	29	0.011765
26	30	0.012658
26	32	0.014085
26	37	0.009709
26	39	0.020000
26	41	0.018519
26	45	0.017241
26	47	0.014286
26	48	0.018868
26	53	0.018868
26	56	0.014706
26	58	0.018868
26	62	0.020833
26	64	0.018519
26	67	0.022222
26	72	0.025641
26	82	0.019608
26	86	0.021739
26	94	0.020000
26	101	0.021739
26	104	0.031250
26	108	0.025000
26	112	0.021277
26	117	0.027778
26	119	0.025000
26	126	0.033333
26	131	0.025000
26	133	0.030303
26	136	0.025000
26	139	0.041667
26	144	0.031250
26	157	0.041667
26	162	0.027778
26	171	0.038462
26	184	0.041667
26	197	0.040000
26	205	0.040000
26	216	0.027778
26	238	0.050000
26	240	0.043478
26	255	0.040000
26	256	0.047619
26	262	0.037037
26	264	0.043478
26	272	0.041667
26	283	0.050000
26	284	0.052632
26	294	0.047619
26	318	0.041667
26	330	0.052632
26	358	0.058824
26	371	0.058824
26	393	0.055556
26	416	0.055556
26	427	0.058824
27	4	0.018182
27	5	0.014286
27	7	0.017857
27	9	0.011364
27	10	0.020000
27	12	0.009615
27	13	0.015152
27	14	0.016393
27	16	0.017857
27	18	0.007407
27	19	0.008264
27	20	0.007812
27	21	0.007812
27	22	0.007463
27	24	0.009709
27	25	0.012346
27	26	0.013514
27	28	0.011111
27	29	0.011765
27	30	0.012658
27	32	0.014085
27	34	0.012346
27	36	0.011765
27	39	0.020000
27	40	0.013889
27	41	0.018519
27	42	0.014925
27	43	0.014706
27	45	0.017241
27	47	0.014286
27	49	0.017241
27	50	0.019231
27	52	0.015625
27	53	0.018868
27	54	0.013699
27	55	0.015873
27	57	0.022222
27	58	0.018868
27	60	0.014925
27	62	0.020833
27	64	0.018519
27	65	0.019231
27	67	0.022222
27	69	0.017857
27	70	0.020833
27	71	0.017241
27	75	0.027778
27	79	0.025641
27	80	0.023810
27	82	0.019608
27	83	0.026316
27	85	0.021739
27	86	0.021739
27	88	0.027027
27	90	0.017857
27	92	0.017241
27	96	0.033333
27	97	0.023256
27	99	0.030303
27	109	0.025000
27	111	0.018182
27	113	0.030303
27	120	0.031250
27	121	0.033333
27	123	0.043478
27	124	0.026316
27	125	0.032258
27	133	0.030303
27	139	0.041667
27	140	0.029412
27	145	0.034483
27	149	0.041667
27	150	0.031250
27	155	0.033333
27	156	0.024390
27	170	0.038462
27	175	0.040000
27	179	0.038462
27	184	0.041667
27	189	0.045455
27	197	0.040000
27	204	0.047619
27	205	0.040000
27	207	0.038462
27	212	0.038462
27	214	0.045455
27	220	0.043478
27	226	0.045455
27	227	0.037037
27	228	0.038462
27	240	0.043478
27	246	0.041667
27	249	0.045455
27	258	0.047619
27	259	0.041667
27	267	0.043478
27	271	0.040000
27	282	0.045455
27	292	0.045455
27	300	0.055556
27	303	0.052632
27	312	0.052632
27	318	0.041667
27	319	0.038462
27	327	0.047619
27	347	0.041667
27	365	0.052632
27	366	0.058824
27	367	0.055556
27	369	0.043478
27	373	0.052632
27	374	0.055556
27	377	0.055556
27	387	0.052632
27	388	0.050000
27	394	0.052632
27	395	0.052632
27	396	0.058824
27	400	0.055556
27	408	0.055556
27	429	0.058824
27	436	0.058824
27	437	0.055556
27	443	0.058824
28	0	0.007752
28	1	0.012346
28	4	0.018182
28	7	0.017857
28	9	0.011364
28	10	0.020000
28	11	0.022727
28	13	0.015152
28	16	0.017857
28	18	0.007407
28	19	0.008264
28	20	0.007812
28	21	0.007812
28	22	0.007463
28	24	0.009709
28	26	0.013514
28	27	0.008065
28	30	0.012658
28	34	0.012346
28	35	0.012987
28	36	0.011765
28	40	0.013889
28	42	0.014925
28	48	0.018868
28	54	0.013699
28	55	0.015873
28	65	0.019231
28	72	0.025641
28	81	0.024390
28	83	0.026316
28	84	0.018868
28	85	0.021739
28	87	0.025000
28	89	0.020000
28	90	0.017857
28	92	0.017241
28	93	0.021739
28	99	0.030303
28	103	0.020833
28	108	0.025000
28	110	0.030303
28	113	0.030303
28	116	0.026316
28	119	0.025000
28	122	0.043478
28	123	0.043478
28	125	0.032258
28	126	0.033333
28	128	0.033333
28	142	0.037037
28	153	0.024390
28	157	0.041667
28	160	0.027027
28	173	0.035714
28	177	0.045455
28	178	0.032258
28	183	0.040000
28	187	0.034483
28	190	0.030303
28	195	0.035714
28	216	0.027778
28	218	0.047619
28	220	0.043478
28	232	0.045455
28	248	0.052632
28	253	0.043478
28	266	0.041667
28	272	0.041667
28	273	0.043478
28	281	0.058824
28	292	0.045455
28	298	0.050000
28	302	0.045455
28	314	0.050000
28	323	0.052632
28	324	0.052632
28	325	0.052632
28	343	0.055556
28	355	0.055556
28	368	0.055556
28	374	0.055556
28	377	0.055556
28	389	0.058824
28	390	0.052632
28	402	0.058824
28	409	0.050000
28	410	0.052632
28	416	0.055556
28	418	0.055556
28	446	0.058824
29	0	0.007752
29	2	0.019608
29	8	0.014493
29	11	0.022727
29	12	0.009615
29	15	0.029412
29	17	0.016129
29	18	0.007407
29	19	0.008264
29	20	0.007812
29	21	0.007812
29	22	0.007463
29	23	0.008696
29	24	0.009709
29	25	0.012346
29	26	0.013514
29	27	0.008065
29	30	0.012658
29	31	0.009615
29	32	0.014085
29	37	0.009709
29	38	0.024390
29	46	0.020000
29	48	0.018868
29	49	0.017241
29	50	0.019231
29	56	0.014706
29	64	0.018519
29	69	0.017857
29	70	0.020833
29	72	0.025641
29	73	0.022727
29	77	0.016129
29	79	0.025641
29	83	0.026316
29	90	0.017857
29	97	0.023256
29	98	0.027778
29	104	0.031250
29	106	0.025000
29	109	0.025000
29	114	0.028571
29	119	0.025000
29	122	0.043478
29	127	0.028571
29	128	0.033333
29	134	0.028571
29	138	0.033333
29	139	0.041667
29	145	0.034483
29	153	0.024390
29	169	0.045455
29	174	0.031250
29	187	0.034483
29	188	0.037037
29	189	0.045455
29	193	0.041667
29	196	0.032258
29	206	0.035714
29	207	0.038462
29	215	0.034483
29	221	0.043478
29	247	0.045455
29	249	0.045455
29	258	0.047619
29	293	0.045455
29	297	0.043478
29	300	0.055556
29	312	0.052632
29	319	0.038462
29	333	0.047619
29	340	0.050000
29	342	0.052632
29	353	0.055556
29	355	0.055556
29	361	0.052632
29	368	0.055556
29	396	0.058824
29	400	0.055556
29	405	0.058824
29	406	0.055556
29	421	0.055556
29	430	0.058824
29	436	0.058824
29	445	0.058824
30	0	0.007752
30	1	0.012346
30	5	0.014286
30	8	0.014493
30	9	0.011364
30	11	0.022727
30	13	0.015152
30	17	0.016129
30	19	0.008264
30	20	0.007812
30	21	0.007812
30	22	0.007463
30	25	0.012346
30	26	0.013514
30	27	0.008065
30	28	0.011111
30	29	0.011765
30	31	0.009615
30	34	0.012346
30	37	0.009709
30	38	0.024390
30	39	0.020000
30	41	0.018519
30	42	0.014925
30	43	0.014706
30	48	0.018868
30	51	0.017241
30	57	0.022222
30	59	0.017544
30	62	0.020833
30	67	0.022222
30	68	0.020408
30	70	0.020833
30	73	0.022727
30	74	0.020000
30	76	0.023256
30	89	0.020000
30	91	0.028571
30	94	0.020000
30	96	0.033333
30	111	0.018182
30	118	0.022222
30	121	0.033333
30	125	0.032258
30	133	0.030303
30	147	0.029412
30	148	0.034483
30	153	0.024390
30	154	0.027027
30	157	0.041667
30	161	0.034483
30	163	0.033333
30	166	0.037037
30	179	0.038462
30	180	0.032258
30	184	0.041667
30	186	0.035714
30	189	0.045455
30	200	0.045455
30	210	0.028571
30	215	0.034483
30	219	0.043478
30	227	0.037037
30	238	0.050000
30	250	0.045455
30	253	0.043478
30	254	0.052632
30	268	0.034483
30	292	0.045455
30	330	0.052632
30	333	0.047619
30	356	0.050000
30	357	0.055556
30	361	0.052632
30	374	0.055556
30	381	0.052632
30	396	0.058824
30	426	0.058824
30	435	0.058824
31	1	0.012346
31	4	0.018182
31	5	0.014286
31	7	0.017857
31	9	0.011364
31	10	0.020000
31	12	0.009615
31	13	0.015152
31	14	0.016393
31	17	0.016129
31	18	0.007407
31	21	0.007812
31	22	0.007463
31	23	0.008696
31	24	0.009709
31	29	0.011765
31	30	0.012658
31	35	0.012987
31	37	0.009709
31	38	0.024390
31	43	0.014706
31	44	0.014925
31	46	0.020000
31	47	0.014286
31	49	0.017241
31	51	0.017241
31	55	0.015873
31	61	0.020833
31	63	0.023256
31	66	0.019231
31	70	0.020833
31	71	0.017241
31	73	0.022727
31	75	0.027778
31	78	0.020833
31	79	0.025641
31	81	0.024390
31	84	0.018868
31	85	0.021739
31	86	0.021739
31	91	0.028571
31	101	0.021739
31	109	0.025000
31	114	0.028571
31	115	0.032258
31	117	0.027778
31	126	0.033333
31	127	0.028571
31	132	0.027027
31	135	0.022727
31	137	0.030303
31	138	0.033333
31	141	0.035714
31	150	0.031250
31	163	0.033333
31	164	0.035714
31	170	0.038462
31	172	0.032258
31	180	0.032258
31	186	0.035714
31	189	0.045455
31	195	0.035714
31	202	0.043478
31	203	0.047619
31	219	0.043478
31	227	0.037037
31	233	0.031250
31	241	0.038462
31	243	0.040000
31	245	0.040000
31	246	0.041667
31	247	0.045455
31	248	0.052632
31	252	0.035714
31	263	0.047619
31	264	0.043478
31	265	0.055556
31	267	0.043478
31	272	0.041667
31	275	0.041667
31	281	0.058824
31	282	0.045455
31	292	0.045455
31	309	0.052632
31	313	0.055556
31	314	0.050000
31	315	0.052632
31	338	0.047619
31	345	0.047619
31	347	0.041667
31	363	0.055556
31	366	0.058824
31	377	0.055556
31	380	0.058824
31	389	0.058824
31	401	0.055556
31	406	0.055556
31	411	0.050000
31	415	0.058824
31	417	0.055556
31	424	0.058824
31	425	0.055556
31	439	0.058824
31	442	0.058824
32	0	0.007752
32	1	0.012346
32	3	0.017544
32	4	0.018182
32	6	0.016667
32	8	0.014493
32	10	0.020000
32	12	0.009615
32	13	0.015152
32	14	0.016393
32	18	0.007407
32	19	0.008264
32	22	0.007463
32	25	0.012346
32	26	0.013514
32	27	0.008065
32	29	0.011765
32	38	0.024390
32	42	0.014925
32	45	0.017241
32	53	0.018868
32	55	0.015873
32	56	0.014706
32	69	0.017857
32	71	0.017241
32	72	0.025641
32	73	0.022727
32	83	0.026316
32	85	0.021739
32	95	0.022727
32	102	0.023810
32	105	0.031250
32	122	0.043478
32	123	0.043478
32	124	0.026316
32	126	0.033333
32	137	0.030303
32	146	0.027027
32	158	0.045455
32	159	0.029412
32	167	0.035714
32	177	0.045455
32	180	0.032258
32	186	0.035714
32	195	0.035714
32	209	0.040000
32	218	0.047619
32	226	0.045455
32	231	0.052632
32	240	0.043478
32	247	0.045455
32	252	0.035714
32	275	0.041667
32	277	0.045455
32	294	0.047619
32	295	0.047619
32	301	0.041667
32	308	0.050000
32	310	0.050000
32	330	0.052632
32	344	0.052632
32	349	0.052632
32	370	0.052632
32	374	0.055556
32	386	0.055556
32	387	0.052632
32	395	0.052632
32	398	0.055556
32	410	0.052632
32	416	0.055556
32	420	0.058824
33	0	0.007752
33	1	0.012346
33	2	0.019608
33	3	0.017544
33	5	0.014286
33	6	0.016667
33	8	0.014493
33	9	0.011364
33	10	0.020000
33	12	0.009615
33	14	0.016393
33	16	0.017857
33	18	0.007407
33	19	0.008264
33	20	0.007812
33	21	0.007812
33	23	0.008696
33	35	0.012987
33	44	0.014925
33	48	0.018868
33	49	0.017241
33	51	0.017241
33	54	0.013699
33	57	0.022222
33	59	0.017544
33	60	0.014925
33	66	0.019231
33	68	0.020408
33	74	0.020000
33	77	0.016129
33	82	0.019608
33	83	0.026316
33	84	0.018868
33	85	0.021739
33	86	0.021739
33	88	0.027027
33	95	0.022727
33	96	0.033333
33	100	0.031250
33	117	0.027778
33	124	0.026316
33	134	0.028571
33	143	0.029412
33	149	0.041667
33	154	0.027027
33	155	0.033333
33	157	0.041667
33	168	0.041667
33	169	0.045455
33	176	0.041667
33	179	0.038462
33	182	0.035714
33	188	0.037037
33	190	0.030303
33	195	0.035714
33	205	0.040000
33	221	0.043478
33	224	0.043478
33	230	0.033333
33	235	0.038462
33	254	0.052632
33	256	0.047619
33	257	0.047619
33	269	0.043478
33	295	0.047619
33	298	0.050000
33	300	0.055556
33	306	0.050000
33	307	0.052632
33	315	0.052632
33	323	0.052632
33	345	0.047619
33	347	0.041667
33	352	0.055556
33	354	0.050000
33	377	0.055556
33	385	0.055556
33	391	0.052632
33	440	0.058824
34	0	0.007752
34	1	0.012346
34	7	0.017857
34	8	0.014493
34	9	0.011364
34	11	0.022727
34	13	0.015152
34	14	0.016393
34	18	0.007407
34	19	0.008264
34	20	0.007812
34	21	0.007812
34	22	0.007463
34	24	0.009709
34	27	0.008065
34	28	0.011111
34	30	0.012658
34	35	0.012987
34	36	0.011765
34	37	0.009709
34	39	0.020000
34	40	0.013889
34	41	0.018519
34	42	0.014925
34	46	0.020000
34	47	0.014286
34	48	0.018868
34	49	0.017241
34	51	0.017241
34	52	0.015625
34	55	0.015873
34	78	0.020833
34	82	0.019608
34	83	0.026316
34	87	0.025000
34	88	0.027027
34	89	0.020000
34	90	0.017857
34	91	0.028571
34	93	0.021739
34	103	0.020833
34	105	0.031250
34	107	0.020833
34	114	0.028571
34	119	0.025000
34	121	0.033333
34	129	0.033333
34	131	0.025000
34	142	0.037037
34	143	0.029412
34	148	0.034483
34	150	0.031250
34	161	0.034483
34	169	0.045455
34	174	0.031250
34	176	0.041667
34	183	0.040000
34	194	0.047619
34	198	0.045455
34	205	0.040000
34	210	0.028571
34	214	0.045455
34	218	0.047619
34	247	0.045455
34	256	0.047619
34	269	0.043478
34	272	0.041667
34	289	0.040000
34	338	0.047619
34	353	0.055556
34	359	0.055556
34	362	0.055556
34	365	0.052632
34	395	0.052632
34	398	0.055556
34	402	0.058824
34	409	0.050000
34	416	0.055556
34	417	0.055556
34	419	0.055556
34	446	0.058824
35	0	0.007752
35	1	0.012346
35	2	0.019608
35	4	0.018182
35	5	0.014286
35	6	0.016667
35	7	0.017857
35	11	0.022727
35	18	0.007407
35	20	0.007812
35	22	0.007463
35	24	0.009709
35	25	0.012346
35	28	0.011111
35	31	0.009615
35	33	0.012658
35	34	0.012346
35	36	0.011765
35	37	0.009709
35	43	0.014706
35	44	0.014925
35	54	0.013699
35	55	0.015873
35	57	0.022222
35	58	0.018868
35	59	0.017544
35	62	0.020833
35	63	0.023256
35	64	0.018519
35	80	0.023810
35	81	0.024390
35	85	0.021739
35	88	0.027027
35	89	0.020000
35	96	0.033333
35	105	0.031250
35	109	0.025000
35	110	0.030303
35	111	0.018182
35	128	0.033333
35	129	0.033333
35	138	0.033333
35	142	0.037037
35	151	0.034483
35	154	0.027027
35	159	0.029412
35	171	0.038462
35	173	0.035714
35	174	0.031250
35	189	0.045455
35	196	0.032258
35	201	0.037037
35	206	0.035714
35	210	0.028571
35	213	0.043478
35	232	0.045455
35	241	0.038462
35	242	0.045455
35	249	0.045455
35	253	0.043478
35	254	0.052632
35	256	0.047619
35	260	0.037037
35	271	0.040000
35	289	0.040000
35	295	0.047619
35	310	0.050000
35	311	0.050000
35	361	0.052632
35	365	0.052632
35	367	0.055556
35	382	0.050000
35	404	0.058824
35	429	0.058824
35	437	0.055556
35	440	0.058824
35	443	0.058824
36	3	0.017544
36	4	0.018182
36	5	0.014286
36	6	0.016667
36	11	0.022727
36	12	0.009615
36	14	0.016393
36	16	0.017857
36	18	0.007407
36	19	0.008264
36	21	0.007812
36	24	0.009709
36	25	0.012346
36	27	0.008065
36	28	0.011111
36	34	0.012346
36	35	0.012987
36	38	0.024390
36	39	0.020000
36	40	0.013889
36	41	0.018519
36	46	0.020000
36	47	0.014286
36	48	0.018868
36	49	0.017241
36	50	0.019231
36	52	0.015625
36	53	0.018868
36	54	0.013699
36	55	0.015873
36	66	0.019231
36	67	0.022222
36	70	0.020833
36	81	0.024390
36	84	0.018868
36	86	0.021739
36	89	0.020000
36	91	0.028571
36	92	0.017241
36	98	0.027778
36	104	0.031250
36	119	0.025000
36	121	0.033333
36	126	0.033333
36	129	0.033333
36	131	0.025000
36	135	0.022727
36	144	0.031250
36	160	0.027027
36	162	0.027778
36	183	0.040000
36	196	0.032258
36	220	0.043478
36	226	0.045455
36	229	0.035714
36	231	0.052632
36	232	0.045455
36	241	0.038462
36	244	0.052632
36	247	0.045455
36	255	0.040000
36	266	0.041667
36	271	0.040000
36	272	0.041667
36	275	0.041667
36	277	0.045455
36	283	0.050000
36	296	0.047619
36	303	0.052632
36	307	0.052632
36	314	0.050000
36	317	0.052632
36	320	0.050000
36	330	0.052632
36	333	0.047619
36	336	0.040000
36	346	0.045455
36	355	0.055556
36	377	0.055556
36	383	0.047619
36	385	0.055556
36	390	0.052632
36	392	0.055556
36	393	0.055556
36	426	0.058824
37	0	0.007752
37	5	0.014286
37	6	0.016667
37	7	0.017857
37	8	0.014493
37	9	0.011364
37	17	0.016129
37	20	0.007812
37	21	0.007812
37	22	0.007463
37	24	0.009709
37	26	0.013514
37	29	0.011765
37	30	0.012658
37	31	0.009615
37	34	0.012346
37	35	0.012987
37	38	0.024390
37	39	0.020000
37	40	0.013889
37	41	0.018519
37	43	0.014706
37	46	0.020000
37	49	0.017241
37	51	0.017241
37	53	0.018868
37	55	0.015873
37	57	0.022222
37	58	0.018868
37	61	0.020833
37	69	0.017857
37	71	0.017241
37	72	0.025641
37	74	0.020000
37	75	0.027778
37	79	0.025641
37	83	0.026316
37	85	0.021739
37	88	0.027027
37	94	0.020000
37	99	0.030303
37	102	0.023810
37	109	0.025000
37	115	0.032258
37	126	0.033333
37	127	0.028571
37	133	0.030303
37	135	0.022727
37	136	0.025000
37	138	0.033333
37	139	0.041667
37	146	0.027027
37	149	0.041667
37	160	0.027027
37	162	0.027778
37	170	0.038462
37	171	0.038462
37	173	0.035714
37	176	0.041667
37	179	0.038462
37	182	0.035714
37	184	0.041667
37	185	0.031250
37	186	0.035714
37	189	0.045455
37	191	0.029412
37	202	0.043478
37	204	0.047619
37	210	0.028571
37	220	0.043478
37	227	0.037037
37	244	0.052632
37	253	0.043478
37	264	0.043478
37	273	0.043478
37	287	0.047619
37	292	0.045455
37	301	0.041667
37	306	0.050000
37	314	0.050000
37	317	0.052632
37	319	0.038462
37	324	0.052632
37	326	0.047619
37	331	0.050000
37	342	0.052632
37	353	0.055556
37	356	0.050000
37	361	0.052632
37	363	0.055556
37	364	0.052632
37	381	0.052632
37	386	0.055556
37	390	0.052632
37	394	0.052632
37	395	0.052632
37	397	0.052632
37	398	0.055556
37	403	0.058824
37	415	0.058824
37	416	0.055556
37	424	0.058824
37	435	0.058824
38	2	0.019608
38	4	0.018182
38	8	0.014493
38	10	0.020000
38	12	0.009615
38	13	0.015152
38	16	0.017857
38	17	0.016129
38	18	0.007407
38	19	0.008264
38	22	0.007463
38	29	0.011765
38	30	0.012658
38	31	0.009615
38	32	0.014085
38	36	0.011765
38	37	0.009709
38	47	0.014286
38	63	0.023256
38	65	0.019231
38	67	0.022222
38	72	0.025641
38	104	0.031250
38	118	0.022222
38	136	0.025000
38	150	0.031250
38	179	0.038462
38	192	0.037037
38	217	0.052632
38	221	0.043478
38	242	0.045455
38	273	0.043478
38	288	0.038462
38	290	0.038462
38	305	0.052632
38	313	0.055556
38	328	0.055556
38	345	0.047619
38	350	0.050000
38	407	0.058824
38	427	0.058824
39	0	0.007752
39	1	0.012346
39	3	0.017544
39	9	0.011364
39	12	0.009615
39	14	0.016393
39	15	0.029412
39	19	0.008264
39	21	0.007812
39	23	0.008696
39	24	0.009709
39	26	0.013514
39	27	0.008065
39	30	0.012658
39	34	0.012346
39	36	0.011765
39	37	0.009709
39	41	0.018519
39	45	0.017241
39	51	0.017241
39	60	0.014925
39	68	0.020408
39	69	0.017857
39	75	0.027778
39	77	0.016129
39	81	0.024390
39	84	0.018868
39	95	0.022727
39	107	0.020833
39	109	0.025000
39	110	0.030303
39	114	0.028571
39	119	0.025000
39	122	0.043478
39	137	0.030303
39	147	0.029412
39	158	0.045455
39	180	0.032258
39	187	0.034483
39	204	0.047619
39	244	0.052632
39	251	0.038462
39	266	0.041667
39	285	0.043478
39	291	0.050000
39	341	0.055556
39	366	0.058824
39	393	0.055556
39	418	0.055556
39	445	0.058824
40	0	0.007752
40	1	0.012346
40	5	0.014286
40	6	0.016667
40	9	0.011364
40	11	0.022727
40	14	0.016393
40	17	0.016129
40	20	0.007812
40	21	0.007812
40	24	0.009709
40	25	0.012346
40	27	0.008065
40	28	0.011111
40	34	0.012346
40	36	0.011765
40	37	0.009709
40	53	0.018868
40	56	0.014706
40	57	0.022222
40	71	0.017241
40	73	0.022727
40	76	0.023256
40	78	0.020833
40	79	0.025641
40	83	0.026316
40	90	0.017857
40	92	0.017241
40	94	0.020000
40	95	0.022727
40	98	0.027778
40	99	0.030303
40	102	0.023810
40	103	0.020833
40	105	0.031250
40	107	0.020833
40	122	0.043478
40	128	0.033333
40	137	0.030303
40	138	0.033333
40	149	0.041667
40	161	0.034483
40	164	0.035714
40	189	0.045455
40	193	0.041667
40	195	0.035714
40	198	0.045455
40	209	0.040000
40	217	0.052632
40	238	0.050000
40	251	0.038462
40	263	0.047619
40	271	0.040000
40	274	0.043478
40	277	0.045455
40	279	0.035714
40	291	0.050000
40	293	0.045455
40	308	0.050000
40	310	0.050000
40	311	0.050000
40	318	0.041667
40	319	0.038462
40	348	0.045455
40	388	0.050000
40	393	0.055556
40	420	0.058824
40	429	0.058824
40	439	0.058824
40	440	0.058824
40	442	0.058824
40	447	0.058824
41	1	0.012346
41	4	0.018182
41	8	0.014493
41	9	0.011364
41	10	0.020000
41	14	0.016393
41	18	0.007407
41	19	0.008264
41	22	0.007463
41	25	0.012346
41	26	0.013514
41	27	0.008065
41	30	0.012658
41	34	0.012346
41	36	0.011765
41	37	0.009709
41	39	0.020000
41	42	0.014925
41	43	0.014706
41	44	0.014925
41	45	0.017241
41	46	0.020000
41	47	0.014286
41	53	0.018868
41	58	0.018868
41	66	0.019231
41	67	0.022222
41	93	0.021739
41	108	0.025000
41	120	0.031250
41	135	0.022727
41	139	0.041667
41	144	0.031250
41	150	0.031250
41	151	0.034483
41	169	0.045455
41	170	0.038462
41	183	0.040000
41	210	0.028571
41	228	0.038462
41	242	0.045455
41	246	0.041667
41	266	0.041667
41	271	0.040000
41	320	0.050000
41	326	0.047619
41	327	0.047619
41	337	0.041667
41	355	0.055556
41	363	0.055556
41	374	0.055556
41	387	0.052632
41	418	0.055556
41	431	0.055556
42	1	0.012346
42	5	0.014286
42	13	0.015152
42	16	0.017857
42	17	0.016129
42	19	0.008264
42	20	0.007812
42	21	0.007812
42	22	0.007463
42	23	0.008696
42	24	0.009709
42	27	0.008065
42	28	0.011111
42	30	0.012658
42	32	0.014085
42	34	0.012346
42	41	0.018519
42	43	0.014706
42	48	0.018868
42	51	0.017241
42	52	0.015625
42	53	0.018868
42	59	0.017544
42	64	0.018519
42	67	0.022222
42	69	0.017857
42	70	0.020833
42	74	0.020000
42	77	0.016129
42	78	0.020833
42	81	0.024390
42	94	0.020000
42	104	0.031250
42	110	0.030303
42	130	0.035714
42	131	0.025000
42	133	0.030303
42	140	0.029412
42	155	0.033333
42	167	0.035714
42	169	0.045455
42	183	0.040000
42	198	0.045455
42	199	0.037037
42	209	0.040000
42	222	0.038462
42	238	0.050000
42	241	0.038462
42	242	0.045455
42	248	0.052632
42	267	0.043478
42	272	0.041667
42	280	0.038462
42	296	0.047619
42	299	0.043478
42	310	0.050000
42	337	0.041667
42	346	0.045455
42	351	0.052632
42	365	0.052632
42	382	0.050000
42	399	0.052632
42	405	0.058824
42	410	0.052632
42	414	0.058824
42	426	0.058824
42	440	0.058824
43	0	0.007752
43	2	0.019608
43	3	0.017544
43	6	0.016667
43	9	0.011364
43	17	0.016129
43	19	0.008264
43	21	0.007812
43	22	0.007463
43	24	0.009709
43	27	0.008065
43	30	0.012658
43	31	0.009615
43	35	0.012987
43	37	0.009709
43	41	0.018519
43	42	0.014925
43	48	0.018868
43	51	0.017241
43	53	0.018868
43	54	0.013699
43	63	0.023256
43	67	0.022222
43	68	0.020408
43	75	0.027778
43	80	0.023810
43	82	0.019608
43	85	0.021739
43	91	0.028571
43	93	0.021739
43	97	0.023256
43	100	0.031250
43	103	0.020833
43	108	0.025000
43	119	0.025000
43	133	0.030303
43	134	0.028571
43	141	0.035714
43	151	0.034483
43	168	0.041667
43	179	0.038462
43	200	0.045455
43	203	0.047619
43	207	0.038462
43	212	0.038462
43	213	0.043478
43	226	0.045455
43	243	0.040000
43	251	0.038462
43	255	0.040000
43	259	0.041667
43	260	0.037037
43	263	0.047619
43	280	0.038462
43	283	0.050000
43	298	0.050000
43	303	0.052632
43	315	0.052632
43	338	0.047619
43	347	0.041667
43	352	0.055556
43	356	0.050000
43	361	0.052632
43	375	0.050000
43	394	0.052632
43	404	0.058824
43	419	0.055556
43	436	0.058824
44	3	0.017544
44	4	0.018182
44	5	0.014286
44	6	0.016667
44	8	0.014493
44	9	0.011364
44	14	0.016393
44	20	0.007812
44	21	0.007812
44	22	0.007463
44	23	0.008696
44	24	0.009709
44	25	0.012346
44	31	0.009615
44	33	0.012658
44	35	0.012987
44	41	0.018519
44	45	0.017241
44	49	0.017241
44	50	0.019231
44	56	0.014706
44	60	0.014925
44	63	0.023256
44	64	0.018519
44	67	0.022222
44	72	0.025641
44	76	0.023256
44	86	0.021739
44	87	0.025000
44	89	0.020000
44	97	0.023256
44	98	0.027778
44	104	0.031250
44	105	0.031250
44	106	0.025000
44	111	0.018182
44	115	0.032258
44	127	0.028571
44	129	0.033333
44	130	0.035714
44	132	0.027027
44	136	0.025000
44	145	0.034483
44	158	0.045455
44	162	0.027778
44	193	0.041667
44	194	0.047619
44	207	0.038462
44	218	0.047619
44	228	0.038462
44	233	0.031250
44	237	0.037037
44	240	0.043478
44	281	0.058824
44	284	0.052632
44	289	0.040000
44	292	0.045455
44	305	0.052632
44	306	0.050000
44	311	0.050000
44	356	0.050000
44	361	0.052632
44	375	0.050000
44	380	0.058824
44	391	0.052632
44	401	0.055556
44	434	0.058824
45	0	0.007752
45	1	0.012346
45	3	0.017544
45	4	0.018182
45	9	0.011364
45	13	0.015152
45	14	0.016393
45	16	0.017857
45	20	0.007812
45	21	0.007812
45	24	0.009709
45	26	0.013514
45	27	0.008065
45	32	0.014085
45	39	0.020000
45	41	0.018519
45	44	0.014925
45	50	0.019231
45	54	0.013699
45	56	0.014706
45	60	0.014925
45	62	0.020833
45	64	0.018519
45	85	0.021739
45	90	0.017857
45	91	0.028571
45	93	0.021739
45	109	0.025000
45	141	0.035714
45	147	0.029412
45	155	0.033333
45	159	0.029412
45	178	0.032258
45	190	0.030303
45	195	0.035714
45	196	0.032258
45	202	0.043478
45	211	0.038462
45	221	0.043478
45	225	0.045455
45	246	0.041667
45	258	0.047619
45	270	0.047619
45	296	0.047619
45	316	0.052632
45	317	0.052632
45	319	0.038462
45	321	0.050000
45	326	0.047619
45	329	0.052632
45	334	0.047619
45	341	0.055556
45	344	0.052632
45	353	0.055556
45	360	0.058824
45	377	0.055556
45	389	0.058824
45	441	0.055556
46	0	0.007752
46	2	0.019608
46	3	0.017544
46	9	0.011364
46	10	0.020000
46	12	0.009615
46	17	0.016129
46	18	0.007407
46	19	0.008264
46	22	0.007463
46	25	0.012346
46	29	0.011765
46	31	0.009615
46	34	0.012346
46	36	0.011765
46	37	0.009709
46	41	0.018519
46	51	0.017241
46	54	0.013699
46	59	0.017544
46	68	0.020408
46	72	0.025641
46	78	0.020833
46	93	0.021739
46	111	0.018182
46	117	0.027778
46	158	0.045455
46	172	0.032258
46	173	0.035714
46	188	0.037037
46	197	0.040000
46	204	0.047619
46	213	0.043478
46	237	0.037037
46	239	0.040000
46	249	0.045455
46	261	0.041667
46	269	0.043478
46	317	0.052632
46	325	0.052632
46	330	0.052632
46	361	0.052632
46	381	0.052632
46	383	0.047619
46	391	0.052632
46	397	0.052632
46	398	0.055556
46	431	0.055556
46	432	0.058824
46	436	0.058824
47	2	0.019608
47	3	0.017544
47	6	0.016667
47	17	0.016129
47	18	0.007407
47	19	0.008264
47	20	0.007812
47	22	0.007463
47	23	0.008696
47	25	0.012346
47	26	0.013514
47	27	0.008065
47	31	0.009615
47	34	0.012346
47	36	0.011765
47	38	0.024390
47	41	0.018519
47	48	0.018868
47	52	0.015625
47	54	0.013699
47	55	0.015873
47	58	0.018868
47	60	0.014925
47	66	0.019231
47	74	0.020000
47	77	0.016129
47	79	0.025641
47	81	0.024390
47	82	0.019608
47	84	0.018868
47	86	0.021739
47	93	0.021739
47	100	0.031250
47	105	0.031250
47	106	0.025000
47	107	0.020833
47	110	0.030303
47	112	0.021277
47	114	0.028571
47	116	0.026316
47	117	0.027778
47	118	0.022222
47	120	0.031250
47	121	0.033333
47	160	0.027027
47	161	0.034483
47	165	0.028571
47	188	0.037037
47	190	0.030303
47	191	0.029412
47	203	0.047619
47	208	0.052632
47	209	0.040000
47	214	0.045455
47	231	0.052632
47	248	0.052632
47	254	0.052632
47	262	0.037037
47	270	0.047619
47	274	0.043478
47	280	0.038462
47	320	0.050000
47	327	0.047619
47	341	0.055556
47	342	0.052632
47	381	0.052632
47	405	0.058824
47	412	0.055556
47	427	0.058824
47	445	0.058824
48	1	0.012346
48	9	0.011364
48	14	0.016393
48	18	0.007407
48	20	0.007812
48	21	0.007812
48	24	0.009709
48	26	0.013514
48	28	0.011111
48	29	0.011765
48	30	0.012658
48	33	0.012658
48	34	0.012346
48	36	0.011765
48	42	0.014925
48	43	0.014706
48	47	0.014286
48	50	0.019231
48	54	0.013699
48	56	0.014706
48	57	0.022222
48	61	0.020833
48	62	0.020833
48	66	0.019231
48	67	0.022222
48	84	0.018868
48	95	0.022727
48	113	0.030303
48	128	0.033333
48	130	0.035714
48	149	0.041667
48	180	0.032258
48	184	0.041667
48	187	0.034483
48	189	0.045455
48	194	0.047619
48	206	0.035714
48	208	0.052632
48	212	0.038462
48	230	0.033333
48	234	0.033333
48	279	0.035714
48	283	0.050000
48	285	0.043478
48	291	0.050000
48	323	0.052632
48	330	0.052632
48	331	0.050000
48	353	0.055556
48	360	0.058824
48	375	0.050000
48	421	0.055556
48	432	0.058824
49	0	0.007752
49	3	0.017544
49	5	0.014286
49	10	0.020000
49	13	0.015152
49	20	0.007812
49	21	0.007812
49	22	0.007463
49	23	0.008696
49	27	0.008065
49	29	0.011765
49	31	0.009615
49	33	0.012658
49	34	0.012346
49	36	0.011765
49	37	0.009709
49	44	0.014925
49	50	0.019231
49	54	0.013699
49	71	0.017241
49	72	0.025641
49	80	0.023810
49	82	0.019608
49	92	0.017241
49	98	0.027778
49	103	0.020833
49	112	0.021277
49	118	0.022222
49	120	0.031250
49	127	0.028571
49	129	0.033333
49	130	0.035714
49	152	0.028571
49	157	0.041667
49	180	0.032258
49	186	0.035714
49	194	0.047619
49	224	0.043478
49	234	0.033333
49	245	0.040000
49	251	0.038462
49	272	0.041667
49	277	0.045455
49	309	0.052632
49	314	0.050000
49	337	0.041667
49	341	0.055556
49	344	0.052632
49	345	0.047619
49	364	0.052632
49	365	0.052632
49	372	0.052632
49	381	0.052632
49	411	0.050000
49	425	0.055556
49	428	0.058824
49	442	0.058824
49	446	0.058824
50	0	0.007752
50	3	0.017544
50	10	0.020000
50	13	0.015152
50	18	0.007407
50	19	0.008264
50	21	0.007812
50	23	0.008696
50	24	0.009709
50	25	0.012346
50	27	0.008065
50	29	0.011765
50	36	0.011765
50	44	0.014925
50	45	0.017241
50	48	0.018868
50	49	0.017241
50	56	0.014706
50	67	0.022222
50	74	0.020000
50	76	0.023256
50	77	0.016129
50	81	0.024390
50	86	0.021739
50	95	0.022727
50	96	0.033333
50	106	0.025000
50	109	0.025000
50	137	0.030303
50	148	0.034483
50	149	0.041667
50	154	0.027027
50	185	0.031250
50	191	0.029412
50	198	0.045455
50	236	0.041667
50	238	0.050000
50	260	0.037037
50	271	0.040000
50	283	0.050000
50	287	0.047619
50	316	0.052632
50	320	0.050000
50	323	0.052632
50	327	0.047619
50	347	0.041667
50	351	0.052632
50	358	0.058824
50	370	0.052632
50	401	0.055556
50	412	0.055556
50	417	0.055556
51	1	0.012346
51	9	0.011364
51	12	0.009615
51	13	0.015152
51	18	0.007407
51	21	0.007812
51	23	0.008696
51	25	0.012346
51	30	0.012658
51	31	0.009615
51	33	0.012658
51	34	0.012346
51	37	0.009709
51	39	0.020000
51	42	0.014925
51	43	0.014706
51	46	0.020000
51	64	0.018519
51	65	0.019231
51	69	0.017857
51	88	0.027027
51	90	0.017857
51	100	0.031250
51	111	0.018182
51	112	0.021277
51	116	0.026316
51	126	0.033333
51	128	0.033333
51	131	0.025000
51	135	0.022727
51	136	0.025000
51	144	0.031250
51	154	0.027027
51	159	0.029412
51	161	0.034483
51	162	0.027778
51	171	0.038462
51	224	0.043478
51	225	0.045455
51	235	0.038462
51	275	0.041667
51	298	0.050000
51	302	0.045455
51	317	0.052632
51	331	0.050000
51	343	0.055556
51	346	0.045455
51	347	0.041667
51	354	0.050000
51	356	0.050000
51	370	0.052632
51	381	0.052632
51	395	0.052632
51	397	0.052632
51	403	0.058824
51	420	0.058824
51	427	0.058824
51	430	0.058824
52	0	0.007752
52	3	0.017544
52	9	0.011364
52	10	0.020000
52	14	0.016393
52	16	0.017857
52	18	0.007407
52	19	0.008264
52	20	0.007812
52	21	0.007812
52	22	0.007463
52	23	0.008696
52	27	0.008065
52	34	0.012346
52	36	0.011765
52	42	0.014925
52	47	0.014286
52	57	0.022222
52	62	0.020833
52	66	0.019231
52	68	0.020408
52	70	0.020833
52	81	0.024390
52	84	0.018868
52	87	0.025000
52	89	0.020000
52	93	0.021739
52	102	0.023810
52	113	0.030303
52	115	0.032258
52	118	0.022222
52	124	0.026316
52	125	0.032258
52	133	0.030303
52	134	0.028571
52	136	0.025000
52	138	0.033333
52	143	0.029412
52	146	0.027027
52	172	0.032258
52	188	0.037037
52	191	0.029412
52	198	0.045455
52	204	0.047619
52	208	0.052632
52	217	0.052632
52	225	0.045455
52	227	0.037037
52	241	0.038462
52	242	0.045455
52	255	0.040000
52	260	0.037037
52	261	0.041667
52	267	0.043478
52	270	0.047619
52	274	0.043478
52	276	0.043478
52	292	0.045455
52	294	0.047619
52	308	0.050000
52	328	0.055556
52	337	0.041667
52	346	0.045455
52	348	0.045455
53	5	0.014286
53	6	0.016667
53	8	0.014493
53	12	0.009615
53	19	0.008264
53	20	0.007812
53	22	0.007463
53	24	0.009709
53	26	0.013514
53	27	0.008065
53	32	0.014085
53	36	0.011765
53	37	0.009709
53	40	0.013889
53	41	0.018519
53	42	0.014925
53	43	0.014706
53	59	0.017544
53	61	0.020833
53	65	0.019231
53	68	0.020408
53	69	0.017857
53	73	0.022727
53	87	0.025000
53	96	0.033333
53	98	0.027778
53	99	0.030303
53	100	0.031250
53	106	0.025000
53	117	0.027778
53	119	0.025000
53	134	0.028571
53	146	0.027027
53	182	0.035714
53	191	0.029412
53	192	0.037037
53	197	0.040000
53	208	0.052632
53	227	0.037037
53	231	0.052632
53	240	0.043478
53	243	0.040000
53	244	0.052632
53	245	0.040000
53	247	0.045455
53	279	0.035714
53	283	0.050000
53	298	0.050000
53	308	0.050000
53	352	0.055556
53	410	0.052632
53	420	0.058824
53	425	0.055556
54	0	0.007752
54	6	0.016667
54	10	0.020000
54	13	0.015152
54	14	0.016393
54	24	0.009709
54	27	0.008065
54	28	0.011111
54	33	0.012658
54	35	0.012987
54	36	0.011765
54	43	0.014706
54	45	0.017241
54	46	0.020000
54	47	0.014286
54	48	0.018868
54	49	0.017241
54	60	0.014925
54	61	0.020833
54	64	0.018519
54	65	0.019231
54	66	0.019231
54	68	0.020408
54	71	0.017241
54	73	0.022727
54	78	0.020833
54	79	0.025641
54	81	0.024390
54	88	0.027027
54	91	0.028571
54	92	0.017241
54	100	0.031250
54	108	0.025000
54	118	0.022222
54	120	0.031250
54	124	0.026316
54	132	0.027027
54	137	0.030303
54	151	0.034483
54	156	0.024390
54	161	0.034483
54	176	0.041667
54	180	0.032258
54	184	0.041667
54	190	0.030303
54	192	0.037037
54	202	0.043478
54	207	0.038462
54	211	0.038462
54	223	0.040000
54	235	0.038462
54	239	0.040000
54	250	0.045455
54	253	0.043478
54	258	0.047619
54	261	0.041667
54	265	0.055556
54	268	0.034483
54	273	0.043478
54	280	0.038462
54	287	0.047619
54	297	0.043478
54	299	0.043478
54	314	0.050000
54	319	0.038462
54	340	0.050000
54	352	0.055556
54	387	0.052632
54	395	0.052632
54	398	0.055556
54	403	0.058824
54	416	0.055556
54	420	0.058824
55	0	0.007752
55	1	0.012346
55	16	0.017857
55	20	0.007812
55	21	0.007812
55	22	0.007463
55	23	0.008696
55	24	0.009709
55	27	0.008065
55	28	0.011111
55	31	0.009615
55	32	0.014085
55	34	0.012346
55	35	0.012987
55	36	0.011765
55	37	0.009709
55	47	0.014286
55	57	0.022222
55	63	0.023256
55	65	0.019231
55	68	0.020408
55	69	0.017857
55	75	0.027778
55	76	0.023256
55	81	0.024390
55	82	0.019608
55	86	0.021739
55	87	0.025000
55	90	0.017857
55	94	0.020000
55	95	0.022727
55	97	0.023256
55	102	0.023810
55	107	0.020833
55	108	0.025000
55	115	0.032258
55	127	0.028571
55	132	0.027027
55	133	0.030303
55	136	0.025000
55	140	0.029412
55	144	0.031250
55	151	0.034483
55	204	0.047619
55	212	0.038462
55	216	0.027778
55	218	0.047619
55	235	0.038462
55	238	0.050000
55	250	0.045455
55	251	0.038462
55	263	0.047619
55	266	0.041667
55	283	0.050000
55	300	0.055556
55	330	0.052632
55	334	0.047619
55	362	0.055556
55	386	0.055556
55	387	0.052632
55	432	0.058824
55	438	0.058824
55	447	0.058824
56	4	0.018182
56	12	0.009615
56	17	0.016129
56	18	0.007407
56	19	0.008264
56	20	0.007812
56	22	0.007463
56	23	0.008696
56	25	0.012346
56	26	0.013514
56	29	0.011765
56	32	0.014085
56	40	0.013889
56	44	0.014925
56	45	0.017241
56	48	0.018868
56	50	0.019231
56	61	0.020833
56	62	0.020833
56	64	0.018519
56	77	0.016129
56	84	0.018868
56	95	0.022727
56	100	0.031250
56	103	0.020833
56	104	0.031250
56	108	0.025000
56	111	0.018182
56	112	0.021277
56	117	0.027778
56	130	0.035714
56	134	0.028571
56	136	0.025000
56	139	0.041667
56	143	0.029412
56	144	0.031250
56	154	0.027027
56	155	0.033333
56	156	0.024390
56	159	0.029412
56	162	0.027778
56	181	0.052632
56	190	0.030303
56	204	0.047619
56	211	0.038462
56	213	0.043478
56	216	0.027778
56	224	0.043478
56	230	0.033333
56	247	0.045455
56	254	0.052632
56	275	0.041667
56	280	0.038462
56	296	0.047619
56	300	0.055556
56	301	0.041667
56	336	0.040000
56	356	0.050000
56	361	0.052632
56	378	0.055556
56	407	0.058824
56	416	0.055556
56	418	0.055556
56	432	0.058824
56	433	0.058824
56	436	0.058824
56	441	0.055556
56	447	0.058824
57	6	0.016667
57	8	0.014493
57	18	0.007407
57	19	0.008264
57	21	0.007812
57	22	0.007463
57	23	0.008696
57	25	0.012346
57	27	0.008065
57	30	0.012658
57	33	0.012658
57	35	0.012987
57	37	0.009709
57	40	0.013889
57	48	0.018868
57	52	0.015625
57	55	0.015873
57	59	0.017544
57	78	0.020833
57	86	0.021739
57	92	0.017241
57	116	0.026316
57	124	0.026316
57	126	0.033333
57	139	0.041667
57	142	0.037037
57	151	0.034483
57	157	0.041667
57	167	0.035714
57	177	0.045455
57	188	0.037037
57	204	0.047619
57	208	0.052632
57	236	0.041667
57	243	0.040000
57	278	0.047619
57	295	0.047619
57	320	0.050000
57	327	0.047619
57	328	0.055556
57	334	0.047619
57	369	0.043478
57	377	0.055556
57	385	0.055556
57	438	0.058824
58	0	0.007752
58	5	0.014286
58	6	0.016667
58	7	0.017857
58	12	0.009615
58	15	0.029412
58	16	0.017857
58	18	0.007407
58	20	0.007812
58	22	0.007463
58	23	0.008696
58	26	0.013514
58	27	0.008065
58	35	0.012987
58	37	0.009709
58	41	0.018519
58	47	0.014286
58	62	0.020833
58	67	0.022222
58	77	0.016129
58	78	0.020833
58	79	0.025641
58	84	0.018868
58	106	0.025000
58	110	0.030303
58	111	0.018182
58	117	0.027778
58	129	0.033333
58	136	0.025000
58	139	0.041667
58	146	0.027027
58	150	0.031250
58	170	0.038462
58	172	0.032258
58	180	0.032258
58	185	0.031250
58	186	0.035714
58	201	0.037037
58	206	0.035714
58	240	0.043478
58	247	0.045455
58	256	0.047619
58	257	0.047619
58	268	0.034483
58	271	0.040000
58	294	0.047619
58	331	0.050000
58	345	0.047619
58	359	0.055556
58	366	0.058824
58	371	0.058824
58	379	0.058824
58	442	0.058824
59	1	0.012346
59	4	0.018182
59	5	0.014286
59	7	0.017857
59	8	0.014493
59	13	0.015152
59	14	0.016393
59	19	0.008264
59	20	0.007812
59	23	0.008696
59	30	0.012658
59	33	0.012658
59	35	0.012987
59	42	0.014925
59	46	0.020000
59	53	0.018868
59	57	0.022222
59	61	0.020833
59	62	0.020833
59	63	0.023256
59	65	0.019231
59	83	0.026316
59	84	0.018868
59	99	0.030303
59	100	0.031250
59	108	0.025000
59	109	0.025000
59	115	0.032258
59	120	0.031250
59	121	0.033333
59	122	0.043478
59	130	0.035714
59	144	0.031250
59	146	0.027027
59	165	0.028571
59	185	0.031250
59	198	0.045455
59	206	0.035714
59	209	0.040000
59	210	0.028571
59	214	0.045455
59	225	0.045455
59	230	0.033333
59	234	0.033333
59	240	0.043478
59	241	0.038462
59	269	0.043478
59	275	0.041667
59	301	0.041667
59	338	0.047619
59	364	0.052632
59	373	0.052632
59	385	0.055556
59	413	0.058824
59	432	0.058824
59	433	0.058824
59	442	0.058824
60	3	0.017544
60	4	0.018182
60	8	0.014493
60	12	0.009615
60	14	0.016393
60	15	0.029412
60	18	0.007407
60	19	0.008264
60	20	0.007812
60	22	0.007463
60	27	0.008065
60	33	0.012658
60	39	0.020000
60	44	0.014925
60	45	0.017241
60	47	0.014286
60	54	0.013699
60	65	0.019231
60	74	0.020000
60	79	0.025641
60	89	0.020000
60	96	0.033333
60	99	0.030303
60	100	0.031250
60	101	0.021739
60	112	0.021277
60	115	0.032258
60	126	0.033333
60	129	0.033333
60	132	0.027027
60	134	0.028571
60	140	0.029412
60	141	0.035714
60	145	0.034483
60	177	0.045455
60	178	0.032258
60	186	0.035714
60	227	0.037037
60	233	0.031250
60	240	0.043478
60	241	0.038462
60	248	0.052632
60	263	0.047619
60	278	0.047619
60	282	0.045455
60	291	0.050000
60	292	0.045455
60	297	0.043478
60	303	0.052632
60	304	0.052632
60	310	0.050000
60	313	0.055556
60	321	0.050000
60	324	0.052632
60	328	0.055556
60	331	0.050000
60	345	0.047619
60	354	0.050000
60	392	0.055556
60	407	0.058824
60	408	0.055556
60	418	0.055556
60	422	0.058824
60	425	0.055556
60	440	0.058824
60	441	0.055556
60	444	0.058824
61	0	0.007752
61	1	0.012346
61	2	0.019608
61	7	0.017857
61	18	0.007407
61	19	0.008264
61	20	0.007812
61	21	0.007812
61	23	0.008696
61	24	0.009709
61	31	0.009615
61	37	0.009709
61	48	0.018868
61	53	0.018868
61	54	0.013699
61	56	0.014706
61	59	0.017544
61	65	0.019231
61	68	0.020408
61	74	0.020000
61	92	0.017241
61	99	0.030303
61	114	0.028571
61	116	0.026316
61	120	0.031250
61	122	0.043478
61	148	0.034483
61	152	0.028571
61	159	0.029412
61	179	0.038462
61	196	0.032258
61	217	0.052632
61	229	0.035714
61	247	0.045455
61	273	0.043478
61	293	0.045455
61	300	0.055556
61	307	0.052632
61	323	0.052632
61	331	0.050000
61	351	0.052632
61	361	0.052632
61	364	0.052632
61	372	0.052632
61	388	0.050000
61	402	0.058824
61	407	0.058824
61	408	0.055556
62	1	0.012346
62	13	0.015152
62	14	0.016393
62	22	0.007463
62	23	0.008696
62	24	0.009709
62	25	0.012346
62	26	0.013514
62	27	0.008065
62	30	0.012658
62	35	0.012987
62	45	0.017241
62	48	0.018868
62	52	0.015625
62	56	0.014706
62	58	0.018868
62	59	0.017544
62	69	0.017857
62	75	0.027778
62	76	0.023256
62	78	0.020833
62	89	0.020000
62	95	0.022727
62	107	0.020833
62	110	0.030303
62	119	0.025000
62	141	0.035714
62	152	0.028571
62	162	0.027778
62	169	0.045455
62	173	0.035714
62	174	0.031250
62	181	0.052632
62	227	0.037037
62	232	0.045455
62	240	0.043478
62	254	0.052632
62	263	0.047619
62	277	0.045455
62	279	0.035714
62	304	0.052632
62	316	0.052632
62	327	0.047619
62	336	0.040000
62	351	0.052632
62	356	0.050000
62	427	0.058824
62	431	0.055556
63	0	0.007752
63	4	0.018182
63	8	0.014493
63	9	0.011364
63	12	0.009615
63	16	0.017857
63	18	0.007407
63	20	0.007812
63	23	0.008696
63	24	0.009709
63	31	0.009615
63	35	0.012987
63	38	0.024390
63	43	0.014706
63	44	0.014925
63	55	0.015873
63	59	0.017544
63	64	0.018519
63	102	0.023810
63	113	0.030303
63	144	0.031250
63	150	0.031250
63	155	0.033333
63	171	0.038462
63	178	0.032258
63	181	0.052632
63	205	0.040000
63	206	0.035714
63	211	0.038462
63	249	0.045455
63	254	0.052632
63	270	0.047619
63	273	0.043478
63	293	0.045455
63	296	0.047619
63	305	0.052632
63	306	0.050000
63	309	0.052632
63	316	0.052632
63	329	0.052632
63	336	0.040000
63	411	0.050000
63	420	0.058824
64	14	0.016393
64	18	0.007407
64	20	0.007812
64	22	0.007463
64	23	0.008696
64	24	0.009709
64	26	0.013514
64	27	0.008065
64	29	0.011765
64	35	0.012987
64	42	0.014925
64	44	0.014925
64	45	0.017241
64	51	0.017241
64	54	0.013699
64	56	0.014706
64	63	0.023256
64	67	0.022222
64	72	0.025641
64	74	0.020000
64	78	0.020833
64	79	0.025641
64	85	0.021739
64	94	0.020000
64	115	0.032258
64	125	0.032258
64	139	0.041667
64	142	0.037037
64	149	0.041667
64	151	0.034483
64	161	0.034483
64	164	0.035714
64	168	0.041667
64	182	0.035714
64	193	0.041667
64	198	0.045455
64	199	0.037037
64	245	0.040000
64	253	0.043478
64	258	0.047619
64	285	0.043478
64	298	0.050000
64	334	0.047619
64	335	0.050000
64	352	0.055556
64	367	0.055556
64	373	0.052632
64	376	0.058824
64	383	0.047619
64	386	0.055556
64	388	0.050000
64	417	0.055556
64	427	0.058824
64	431	0.055556
65	0	0.007752
65	1	0.012346
65	4	0.018182
65	19	0.008264
65	21	0.007812
65	22	0.007463
65	24	0.009709
65	27	0.008065
65	28	0.011111
65	38	0.024390
65	51	0.017241
65	53	0.018868
65	54	0.013699
65	55	0.015873
65	59	0.017544
65	60	0.014925
65	61	0.020833
65	70	0.020833
65	71	0.017241
65	76	0.023256
65	80	0.023810
65	81	0.024390
65	82	0.019608
65	91	0.028571
65	94	0.020000
65	96	0.033333
65	106	0.025000
65	114	0.028571
65	129	0.033333
65	134	0.028571
65	143	0.029412
65	147	0.029412
65	150	0.031250
65	152	0.028571
65	166	0.037037
65	186	0.035714
65	200	0.045455
65	226	0.045455
65	228	0.038462
65	236	0.041667
65	264	0.043478
65	265	0.055556
65	266	0.041667
65	275	0.041667
65	286	0.050000
65	331	0.050000
65	352	0.055556
65	370	0.052632
65	385	0.055556
65	404	0.058824
65	422	0.058824
65	445	0.058824
66	0	0.007752
66	1	0.012346
66	4	0.018182
66	12	0.009615
66	13	0.015152
66	18	0.007407
66	19	0.008264
66	22	0.007463
66	25	0.012346
66	31	0.009615
66	33	0.012658
66	36	0.011765
66	41	0.018519
66	47	0.014286
66	48	0.018868
66	52	0.015625
66	54	0.013699
66	71	0.017241
66	75	0.027778
66	82	0.019608
66	95	0.022727
66	100	0.031250
66	103	0.020833
66	109	0.025000
66	113	0.030303
66	114	0.028571
66	120	0.031250
66	121	0.033333
66	127	0.028571
66	129	0.033333
66	130	0.035714
66	141	0.035714
66	180	0.032258
66	184	0.041667
66	186	0.035714
66	197	0.040000
66	207	0.038462
66	220	0.043478
66	221	0.043478
66	243	0.040000
66	251	0.038462
66	277	0.045455
66	306	0.050000
66	311	0.050000
66	322	0.050000
66	336	0.040000
66	371	0.058824
66	391	0.052632
66	411	0.050000
66	420	0.058824
66	422	0.058824
66	444	0.058824
67	10	0.020000
67	19	0.008264
67	21	0.007812
67	22	0.007463
67	26	0.013514
67	27	0.008065
67	30	0.012658
67	36	0.011765
67	38	0.024390
67	41	0.018519
67	42	0.014925
67	43	0.014706
67	44	0.014925
67	48	0.018868
67	50	0.019231
67	58	0.018868
67	64	0.018519
67	70	0.020833
67	74	0.020000
67	76	0.023256
67	82	0.019608
67	124	0.026316
67	139	0.041667
67	147	0.029412
67	148	0.034483
67	153	0.024390
67	218	0.047619
67	219	0.043478
67	226	0.045455
67	236	0.041667
67	242	0.045455
67	248	0.052632
67	265	0.055556
67	291	0.050000
67	297	0.043478
67	300	0.055556
67	306	0.050000
67	322	0.050000
67	351	0.052632
67	357	0.055556
67	379	0.058824
67	380	0.058824
67	386	0.055556
67	406	0.055556
67	427	0.058824
68	0	0.007752
68	1	0.012346
68	11	0.022727
68	18	0.007407
68	19	0.008264
68	20	0.007812
68	23	0.008696
68	30	0.012658
68	33	0.012658
68	39	0.020000
68	43	0.014706
68	46	0.020000
68	52	0.015625
68	53	0.018868
68	54	0.013699
68	55	0.015873
68	61	0.020833
68	72	0.025641
68	73	0.022727
68	75	0.027778
68	83	0.026316
68	93	0.021739
68	121	0.033333
68	125	0.032258
68	135	0.022727
68	140	0.029412
68	142	0.037037
68	174	0.031250
68	190	0.030303
68	203	0.047619
68	216	0.027778
68	225	0.045455
68	239	0.040000
68	245	0.040000
68	249	0.045455
68	260	0.037037
68	290	0.038462
68	291	0.050000
68	307	0.052632
68	319	0.038462
68	331	0.050000
68	334	0.047619
68	399	0.052632
68	401	0.055556
68	402	0.058824
68	406	0.055556
68	420	0.058824
68	423	0.058824
68	437	0.055556
69	8	0.014493
69	12	0.009615
69	17	0.016129
69	18	0.007407
69	21	0.007812
69	22	0.007463
69	23	0.008696
69	27	0.008065
69	29	0.011765
69	32	0.014085
69	37	0.009709
69	39	0.020000
69	42	0.014925
69	51	0.017241
69	53	0.018868
69	55	0.015873
69	62	0.020833
69	77	0.016129
69	87	0.025000
69	99	0.030303
69	110	0.030303
69	115	0.032258
69	116	0.026316
69	122	0.043478
69	150	0.031250
69	153	0.024390
69	159	0.029412
69	168	0.041667
69	172	0.032258
69	187	0.034483
69	191	0.029412
69	199	0.037037
69	202	0.043478
69	222	0.038462
69	232	0.045455
69	241	0.038462
69	252	0.035714
69	254	0.052632
69	264	0.043478
69	270	0.047619
69	276	0.043478
69	278	0.047619
69	284	0.052632
69	286	0.050000
69	289	0.040000
69	294	0.047619
69	299	0.043478
69	317	0.052632
69	318	0.041667
69	366	0.058824
69	368	0.055556
69	379	0.058824
69	392	0.055556
69	393	0.055556
69	434	0.058824
69	440	0.058824
70	2	0.019608
70	3	0.017544
70	12	0.009615
70	14	0.016393
70	15	0.029412
70	19	0.008264
70	22	0.007463
70	23	0.008696
70	27	0.008065
70	29	0.011765
70	30	0.012658
70	31	0.009615
70	36	0.011765
70	42	0.014925
70	52	0.015625
70	65	0.019231
70	67	0.022222
70	73	0.022727
70	75	0.027778
70	78	0.020833
70	87	0.025000
70	94	0.020000
70	101	0.021739
70	102	0.023810
70	104	0.031250
70	107	0.020833
70	122	0.043478
70	128	0.033333
70	138	0.033333
70	139	0.041667
70	141	0.035714
70	142	0.037037
70	158	0.045455
70	194	0.047619
70	204	0.047619
70	229	0.035714
70	239	0.040000
70	242	0.045455
70	261	0.041667
70	278	0.047619
70	305	0.052632
70	340	0.050000
70	354	0.050000
70	364	0.052632
70	370	0.052632
70	394	0.052632
70	418	0.055556
70	422	0.058824
71	0	0.007752
71	3	0.017544
71	9	0.011364
71	11	0.022727
71	18	0.007407
71	22	0.007463
71	23	0.008696
71	24	0.009709
71	27	0.008065
71	31	0.009615
71	32	0.014085
71	37	0.009709
71	40	0.013889
71	49	0.017241
71	54	0.013699
71	65	0.019231
71	66	0.019231
71	72	0.025641
71	75	0.027778
71	76	0.023256
71	81	0.024390
71	91	0.028571
71	93	0.021739
71	109	0.025000
71	111	0.018182
71	135	0.022727
71	147	0.029412
71	148	0.034483
71	149	0.041667
71	164	0.035714
71	172	0.032258
71	176	0.041667
71	179	0.038462
71	180	0.032258
71	187	0.034483
71	198	0.045455
71	199	0.037037
71	203	0.047619
71	230	0.033333
71	234	0.033333
71	239	0.040000
71	263	0.047619
71	264	0.043478
71	274	0.043478
71	277	0.045455
71	300	0.055556
71	336	0.040000
71	341	0.055556
71	349	0.052632
71	354	0.050000
71	358	0.058824
71	385	0.055556
71	399	0.052632
71	425	0.055556
71	427	0.058824
71	433	0.058824
71	436	0.058824
71	445	0.058824
72	0	0.007752
72	9	0.011364
72	14	0.016393
72	18	0.007407
72	21	0.007812
72	26	0.013514
72	28	0.011111
72	29	0.011765
72	32	0.014085
72	37	0.009709
72	38	0.024390
72	44	0.014925
72	46	0.020000
72	49	0.017241
72	64	0.018519
72	68	0.020408
72	71	0.017241
72	85	0.021739
72	98	0.027778
72	111	0.018182
72	114	0.028571
72	123	0.043478
72	139	0.041667
72	152	0.028571
72	188	0.037037
72	192	0.037037
72	202	0.043478
72	206	0.035714
72	207	0.038462
72	247	0.045455
72	250	0.045455
72	283	0.050000
72	286	0.050000
72	322	0.050000
72	330	0.052632
72	344	0.052632
72	373	0.052632
72	388	0.050000
72	414	0.058824
73	0	0.007752
73	5	0.014286
73	9	0.011364
73	10	0.020000
73	13	0.015152
73	15	0.029412
73	19	0.008264
73	22	0.007463
73	29	0.011765
73	30	0.012658
73	31	0.009615
73	32	0.014085
73	40	0.013889
73	53	0.018868
73	54	0.013699
73	68	0.020408
73	70	0.020833
73	79	0.025641
73	85	0.021739
73	90	0.017857
73	99	0.030303
73	101	0.021739
73	108	0.025000
73	121	0.033333
73	126	0.033333
73	129	0.033333
73	142	0.037037
73	145	0.034483
73	148	0.034483
73	154	0.027027
73	156	0.024390
73	157	0.041667
73	195	0.035714
73	220	0.043478
73	223	0.040000
73	250	0.045455
73	251	0.038462
73	256	0.047619
73	262	0.037037
73	309	0.052632
73	314	0.050000
73	353	0.055556
73	358	0.058824
73	373	0.052632
74	7	0.017857
74	12	0.009615
74	16	0.017857
74	18	0.007407
74	20	0.007812
74	22	0.007463
74	24	0.009709
74	30	0.012658
74	33	0.012658
74	37	0.009709
74	42	0.014925
74	47	0.014286
74	50	0.019231
74	60	0.014925
74	61	0.020833
74	64	0.018519
74	67	0.022222
74	87	0.025000
74	89	0.020000
74	94	0.020000
74	99	0.030303
74	103	0.020833
74	115	0.032258
74	117	0.027778
74	123	0.043478
74	129	0.033333
74	138	0.033333
74	143	0.029412
74	156	0.024390
74	160	0.027027
74	164	0.035714
74	165	0.028571
74	171	0.038462
74	182	0.035714
74	193	0.041667
74	196	0.032258
74	201	0.037037
74	202	0.043478
74	230	0.033333
74	241	0.038462
74	254	0.052632
74	257	0.047619
74	261	0.041667
74	280	0.038462
74	286	0.050000
74	332	0.055556
74	338	0.047619
74	349	0.052632
74	376	0.058824
74	435	0.058824
75	0	0.007752
75	4	0.018182
75	21	0.007812
75	22	0.007463
75	23	0.008696
75	24	0.009709
75	27	0.008065
75	31	0.009615
75	37	0.009709
75	39	0.020000
75	43	0.014706
75	55	0.015873
75	62	0.020833
75	66	0.019231
75	68	0.020408
75	70	0.020833
75	71	0.017241
75	76	0.023256
75	90	0.017857
75	107	0.020833
75	108	0.025000
75	178	0.032258
75	217	0.052632
75	219	0.043478
75	220	0.043478
75	244	0.052632
75	246	0.041667
75	266	0.041667
75	298	0.050000
75	320	0.050000
75	324	0.052632
75	337	0.041667
75	349	0.052632
75	367	0.055556
75	380	0.058824
75	406	0.055556
76	2	0.019608
76	9	0.011364
76	12	0.009615
76	14	0.016393
76	15	0.029412
76	17	0.016129
76	20	0.007812
76	30	0.012658
76	40	0.013889
76	44	0.014925
76	50	0.019231
76	55	0.015873
76	62	0.020833
76	65	0.019231
76	67	0.022222
76	71	0.017241
76	75	0.027778
76	77	0.016129
76	80	0.023810
76	93	0.021739
76	101	0.021739
76	104	0.031250
76	108	0.025000
76	112	0.021277
76	130	0.035714
76	140	0.029412
76	166	0.037037
76	175	0.040000
76	179	0.038462
76	192	0.037037
76	198	0.045455
76	215	0.034483
76	257	0.047619
76	261	0.041667
76	333	0.047619
76	335	0.050000
76	345	0.047619
76	367	0.055556
76	391	0.052632
76	399	0.052632
76	404	0.058824
76	408	0.055556
76	409	0.050000
77	2	0.019608
77	3	0.017544
77	5	0.014286
77	13	0.015152
77	18	0.007407
77	19	0.008264
77	22	0.007463
77	29	0.011765
77	33	0.012658
77	39	0.020000
77	42	0.014925
77	47	0.014286
77	50	0.019231
77	56	0.014706
77	58	0.018868
77	69	0.017857
77	76	0.023256
77	92	0.017241
77	93	0.021739
77	101	0.021739
77	108	0.025000
77	117	0.027778
77	119	0.025000
77	127	0.028571
77	130	0.035714
77	137	0.030303
77	140	0.029412
77	141	0.035714
77	148	0.034483
77	157	0.041667
77	158	0.045455
77	164	0.035714
77	166	0.037037
77	176	0.041667
77	183	0.040000
77	185	0.031250
77	186	0.035714
77	190	0.030303
77	196	0.032258
77	203	0.047619
77	207	0.038462
77	209	0.040000
77	214	0.045455
77	230	0.033333
77	249	0.045455
77	263	0.047619
77	270	0.047619
77	285	0.043478
77	295	0.047619
77	308	0.050000
77	312	0.052632
77	325	0.052632
77	336	0.040000
77	338	0.047619
77	361	0.052632
77	394	0.052632
77	416	0.055556
77	423	0.058824
77	425	0.055556
77	429	0.058824
77	430	0.058824
77	442	0.058824
78	1	0.012346
78	5	0.014286
78	8	0.014493
78	14	0.016393
78	18	0.007407
78	20	0.007812
78	31	0.009615
78	34	0.012346
78	40	0.013889
78	42	0.014925
78	46	0.020000
78	54	0.013699
78	57	0.022222
78	58	0.018868
78	62	0.020833
78	64	0.018519
78	70	0.020833
78	90	0.017857
78	99	0.030303
78	105	0.031250
78	106	0.025000
78	111	0.018182
78	134	0.028571
78	135	0.022727
78	139	0.041667
78	144	0.031250
78	152	0.028571
78	153	0.024390
78	156	0.024390
78	161	0.034483
78	182	0.035714
78	202	0.043478
78	237	0.037037
78	271	0.040000
78	275	0.041667
78	284	0.052632
78	294	0.047619
78	309	0.052632
78	316	0.052632
78	317	0.052632
78	350	0.050000
78	357	0.055556
78	361	0.052632
78	369	0.043478
78	409	0.050000
78	410	0.052632
78	414	0.058824
78	446	0.058824
79	0	0.007752
79	6	0.016667
79	9	0.011364
79	21	0.007812
79	23	0.008696
79	24	0.009709
79	27	0.008065
79	29	0.011765
79	31	0.009615
79	37	0.009709
79	40	0.013889
79	47	0.014286
79	54	0.013699
79	58	0.018868
79	60	0.014925
79	64	0.018519
79	73	0.022727
79	86	0.021739
79	103	0.020833
79	122	0.043478
79	125	0.032258
79	127	0.028571
79	132	0.027027
79	163	0.033333
79	170	0.038462
79	239	0.040000
79	259	0.041667
79	264	0.043478
79	289	0.040000
79	290	0.038462
79	359	0.055556
79	363	0.055556
79	364	0.052632
79	365	0.052632
79	376	0.058824
79	389	0.058824
79	392	0.055556
79	398	0.055556
79	408	0.055556
80	1	0.012346
80	9	0.011364
80	12	0.009615
80	13	0.015152
80	15	0.029412
80	17	0.016129
80	19	0.008264
80	21	0.007812
80	22	0.007463
80	23	0.008696
80	24	0.009709
80	27	0.008065
80	35	0.012987
80	43	0.014706
80	49	0.017241
80	65	0.019231
80	76	0.023256
80	89	0.020000
80	92	0.017241
80	119	0.025000
80	132	0.027027
80	146	0.027027
80	148	0.034483
80	162	0.027778
80	166	0.037037
80	169	0.045455
80	188	0.037037
80	196	0.032258
80	228	0.038462
80	232	0.045455
80	238	0.050000
80	244	0.052632
80	256	0.047619
80	266	0.041667
80	290	0.038462
80	302	0.045455
80	378	0.055556
80	382	0.050000
80	386	0.055556
80	387	0.052632
80	397	0.052632
80	420	0.058824
81	3	0.017544
81	7	0.017857
81	19	0.008264
81	21	0.007812
81	28	0.011111
81	31	0.009615
81	35	0.012987
81	36	0.011765
81	39	0.020000
81	42	0.014925
81	47	0.014286
81	50	0.019231
81	52	0.015625
81	54	0.013699
81	55	0.015873
81	65	0.019231
81	71	0.017241
81	87	0.025000
81	92	0.017241
81	95	0.022727
81	97	0.023256
81	108	0.025000
81	131	0.025000
81	140	0.029412
81	167	0.035714
81	178	0.032258
81	204	0.047619
81	213	0.043478
81	238	0.050000
81	245	0.040000
81	274	0.043478
81	284	0.052632
81	309	0.052632
81	311	0.050000
81	319	0.038462
81	342	0.052632
81	344	0.052632
81	363	0.055556
81	406	0.055556
81	433	0.058824
81	440	0.058824
82	0	0.007752
82	18	0.007407
82	19	0.008264
82	20	0.007812
82	22	0.007463
82	25	0.012346
82	26	0.013514
82	27	0.008065
82	33	0.012658
82	34	0.012346
82	43	0.014706
82	47	0.014286
82	49	0.017241
82	55	0.015873
82	65	0.019231
82	66	0.019231
82	67	0.022222
82	88	0.027027
82	89	0.020000
82	92	0.017241
82	94	0.020000
82	97	0.023256
82	101	0.021739
82	110	0.030303
82	116	0.026316
82	131	0.025000
82	164	0.035714
82	177	0.045455
82	183	0.040000
82	185	0.031250
82	187	0.034483
82	198	0.045455
82	203	0.047619
82	215	0.034483
82	221	0.043478
82	226	0.045455
82	231	0.052632
82	235	0.038462
82	242	0.045455
82	273	0.043478
82	297	0.043478
82	299	0.043478
82	315	0.052632
82	382	0.050000
82	388	0.050000
82	395	0.052632
82	396	0.058824
82	411	0.050000
82	420	0.058824
82	442	0.058824
82	447	0.058824
83	0	0.007752
83	12	0.009615
83	13	0.015152
83	16	0.017857
83	19	0.008264
83	23	0.008696
83	24	0.009709
83	27	0.008065
83	28	0.011111
83	29	0.011765
83	32	0.014085
83	33	0.012658
83	34	0.012346
83	37	0.009709
83	40	0.013889
83	59	0.017544
83	68	0.020408
83	102	0.023810
83	104	0.031250
83	107	0.020833
83	114	0.028571
83	115	0.032258
83	134	0.028571
83	136	0.025000
83	139	0.041667
83	199	0.037037
83	202	0.043478
83	234	0.033333
83	243	0.040000
83	265	0.055556
83	327	0.047619
83	329	0.052632
83	337	0.041667
83	362	0.055556
83	395	0.052632
83	400	0.055556
83	417	0.055556
83	442	0.058824
84	0	0.007752
84	6	0.016667
84	7	0.017857
84	10	0.020000
84	11	0.022727
84	20	0.007812
84	28	0.011111
84	31	0.009615
84	33	0.012658
84	36	0.011765
84	39	0.020000
84	47	0.014286
84	48	0.018868
84	52	0.015625
84	56	0.014706
84	58	0.018868
84	59	0.017544
84	86	0.021739
84	87	0.025000
84	92	0.017241
84	93	0.021739
84	101	0.021739
84	110	0.030303
84	115	0.032258
84	118	0.022222
84	127	0.028571
84	132	0.027027
84	137	0.030303
84	145	0.034483
84	148	0.034483
84	183	0.040000
84	184	0.041667
84	191	0.029412
84	194	0.047619
84	197	0.040000
84	198	0.045455
84	207	0.038462
84	229	0.035714
84	233	0.031250
84	243	0.040000
84	246	0.041667
84	249	0.045455
84	257	0.047619
84	271	0.040000
84	283	0.050000
84	284	0.052632
84	304	0.052632
84	316	0.052632
84	321	0.050000
84	329	0.052632
84	342	0.052632
84	349	0.052632
84	365	0.052632
85	10	0.020000
85	15	0.029412
85	17	0.016129
85	20	0.007812
85	22	0.007463
85	27	0.008065
85	28	0.011111
85	31	0.009615
85	32	0.014085
85	33	0.012658
85	35	0.012987
85	37	0.009709
85	43	0.014706
85	45	0.017241
85	64	0.018519
85	72	0.025641
85	73	0.022727
85	90	0.017857
85	93	0.021739
85	101	0.021739
85	124	0.026316
85	130	0.035714
85	147	0.029412
85	152	0.028571
85	153	0.024390
85	159	0.029412
85	164	0.035714
85	174	0.031250
85	176	0.041667
85	179	0.038462
85	197	0.040000
85	212	0.038462
85	214	0.045455
85	227	0.037037
85	279	0.035714
85	303	0.052632
85	310	0.050000
85	319	0.038462
85	331	0.050000
85	347	0.041667
85	354	0.050000
85	371	0.058824
85	390	0.052632
85	396	0.058824
85	414	0.058824
85	431	0.055556
86	6	0.016667
86	11	0.022727
86	12	0.009615
86	20	0.007812
86	23	0.008696
86	26	0.013514
86	27	0.008065
86	31	0.009615
86	33	0.012658
86	36	0.011765
86	44	0.014925
86	47	0.014286
86	50	0.019231
86	55	0.015873
86	57	0.022222
86	79	0.025641
86	84	0.018868
86	89	0.020000
86	91	0.028571
86	98	0.027778
86	110	0.030303
86	174	0.031250
86	197	0.040000
86	205	0.040000
86	214	0.045455
86	217	0.052632
86	219	0.043478
86	241	0.038462
86	287	0.047619
86	293	0.045455
86	296	0.047619
86	303	0.052632
86	321	0.050000
86	346	0.045455
86	376	0.058824
86	382	0.050000
86	388	0.050000
86	394	0.052632
86	397	0.052632
86	403	0.058824
86	407	0.058824
86	409	0.050000
86	414	0.058824
86	424	0.058824
86	425	0.055556
86	440	0.058824
87	16	0.017857
87	17	0.016129
87	19	0.008264
87	23	0.008696
87	24	0.009709
87	25	0.012346
87	28	0.011111
87	34	0.012346
87	44	0.014925
87	52	0.015625
87	53	0.018868
87	55	0.015873
87	69	0.017857
87	70	0.020833
87	74	0.020000
87	81	0.024390
87	84	0.018868
87	116	0.026316
87	137	0.030303
87	148	0.034483
87	156	0.024390
87	168	0.041667
87	174	0.031250
87	182	0.035714
87	201	0.037037
87	206	0.035714
87	218	0.047619
87	230	0.033333
87	232	0.045455
87	243	0.040000
87	252	0.035714
87	274	0.043478
87	276	0.043478
87	296	0.047619
87	307	0.052632
87	387	0.052632
87	404	0.058824
87	414	0.058824
87	419	0.055556
87	439	0.058824
88	1	0.012346
88	8	0.014493
88	9	0.011364
88	17	0.016129
88	18	0.007407
88	20	0.007812
88	21	0.007812
88	22	0.007463
88	24	0.009709
88	27	0.008065
88	33	0.012658
88	34	0.012346
88	35	0.012987
88	37	0.009709
88	51	0.017241
88	54	0.013699
88	82	0.019608
88	99	0.030303
88	100	0.031250
88	111	0.018182
88	113	0.030303
88	114	0.028571
88	116	0.026316
88	174	0.031250
88	205	0.040000
88	210	0.028571
88	222	0.038462
88	237	0.037037
88	242	0.045455
88	250	0.045455
88	300	0.055556
88	311	0.050000
88	328	0.055556
88	355	0.055556
88	392	0.055556
88	415	0.058824
88	441	0.055556
89	0	0.007752
89	18	0.007407
89	20	0.007812
89	22	0.007463
89	28	0.011111
89	30	0.012658
89	34	0.012346
89	35	0.012987
89	36	0.011765
89	44	0.014925
89	52	0.015625
89	60	0.014925
89	62	0.020833
89	74	0.020000
89	80	0.023810
89	82	0.019608
89	86	0.021739
89	98	0.027778
89	104	0.031250
89	107	0.020833
89	125	0.032258
89	128	0.033333
89	134	0.028571
89	144	0.031250
89	153	0.024390
89	156	0.024390
89	157	0.041667
89	160	0.027027
89	164	0.035714
89	174	0.031250
89	175	0.040000
89	176	0.041667
89	183	0.040000
89	187	0.034483
89	203	0.047619
89	210	0.028571
89	222	0.038462
89	241	0.038462
89	246	0.041667
89	257	0.047619
89	261	0.041667
89	275	0.041667
89	307	0.052632
89	312	0.052632
89	316	0.052632
89	324	0.052632
89	350	0.050000
89	399	0.052632
89	401	0.055556
89	408	0.055556
90	1	0.012346
90	9	0.011364
90	19	0.008264
90	21	0.007812
90	24	0.009709
90	27	0.008065
90	28	0.011111
90	29	0.011765
90	34	0.012346
90	40	0.013889
90	45	0.017241
90	51	0.017241
90	55	0.015873
90	73	0.022727
90	75	0.027778
90	78	0.020833
90	85	0.021739
90	91	0.028571
90	106	0.025000
90	107	0.020833
90	109	0.025000
90	113	0.030303
90	116	0.026316
90	139	0.041667
90	140	0.029412
90	145	0.034483
90	150	0.031250
90	178	0.032258
90	181	0.052632
90	190	0.030303
90	203	0.047619
90	216	0.027778
90	219	0.043478
90	229	0.035714
90	243	0.040000
90	251	0.038462
90	257	0.047619
90	264	0.043478
90	275	0.041667
90	276	0.043478
90	303	0.052632
90	306	0.050000
90	312	0.052632
90	322	0.050000
90	324	0.052632
90	327	0.047619
90	332	0.055556
90	351	0.052632
90	354	0.050000
90	358	0.058824
90	359	0.055556
90	390	0.052632
90	394	0.052632
90	400	0.055556
90	419	0.055556
90	423	0.058824
91	3	0.017544
91	12	0.009615
91	13	0.015152
91	17	0.016129
91	21	0.007812
91	23	0.008696
91	30	0.012658
91	31	0.009615
91	34	0.012346
91	36	0.011765
91	43	0.014706
91	45	0.017241
91	54	0.013699
91	65	0.019231
91	71	0.017241
91	86	0.021739
91	90	0.017857
91	98	0.027778
91	103	0.020833
91	150	0.031250
91	167	0.035714
91	195	0.035714
91	235	0.038462
91	245	0.040000
91	259	0.041667
91	278	0.047619
91	294	0.047619
91	297	0.043478
91	307	0.052632
91	350	0.050000
91	368	0.055556
91	369	0.043478
91	384	0.055556
91	391	0.052632
91	413	0.058824
92	5	0.014286
92	8	0.014493
92	13	0.015152
92	25	0.012346
92	27	0.008065
92	28	0.011111
92	36	0.011765
92	40	0.013889
92	49	0.017241
92	54	0.013699
92	57	0.022222
92	61	0.020833
92	77	0.016129
92	80	0.023810
92	81	0.024390
92	82	0.019608
92	84	0.018868
92	94	0.020000
92	95	0.022727
92	96	0.033333
92	102	0.023810
92	106	0.025000
92	108	0.025000
92	117	0.027778
92	118	0.022222
92	125	0.032258
92	128	0.033333
92	131	0.025000
92	135	0.022727
92	143	0.029412
92	165	0.028571
92	170	0.038462
92	171	0.038462
92	175	0.040000
92	176	0.041667
92	184	0.041667
92	192	0.037037
92	193	0.041667
92	197	0.040000
92	199	0.037037
92	200	0.045455
92	240	0.043478
92	262	0.037037
92	287	0.047619
92	290	0.038462
92	296	0.047619
92	331	0.050000
92	337	0.041667
92	353	0.055556
92	360	0.058824
92	365	0.052632
92	375	0.050000
92	383	0.047619
92	410	0.052632
92	419	0.055556
92	433	0.058824
92	434	0.058824
92	446	0.058824
93	8	0.014493
93	14	0.016393
93	21	0.007812
93	28	0.011111
93	34	0.012346
93	41	0.018519
93	43	0.014706
93	45	0.017241
93	46	0.020000
93	47	0.014286
93	52	0.015625
93	68	0.020408
93	71	0.017241
93	76	0.023256
93	77	0.016129
93	84	0.018868
93	85	0.021739
93	106	0.025000
93	146	0.027027
93	147	0.029412
93	151	0.034483
93	153	0.024390
93	154	0.027027
93	156	0.024390
93	163	0.033333
93	165	0.028571
93	177	0.045455
93	187	0.034483
93	194	0.047619
93	217	0.052632
93	223	0.040000
93	242	0.045455
93	259	0.041667
93	260	0.037037
93	284	0.052632
93	289	0.040000
93	296	0.047619
93	299	0.043478
93	303	0.052632
93	318	0.041667
93	325	0.052632
93	337	0.041667
93	338	0.047619
93	356	0.050000
93	382	0.050000
93	400	0.055556
94	6	0.016667
94	12	0.009615
94	14	0.016393
94	20	0.007812
94	24	0.009709
94	26	0.013514
94	30	0.012658
94	37	0.009709
94	40	0.013889
94	42	0.014925
94	55	0.015873
94	64	0.018519
94	65	0.019231
94	70	0.020833
94	74	0.020000
94	82	0.019608
94	92	0.017241
94	96	0.033333
94	97	0.023256
94	100	0.031250
94	113	0.030303
94	115	0.032258
94	118	0.022222
94	121	0.033333
94	127	0.028571
94	129	0.033333
94	153	0.024390
94	160	0.027027
94	168	0.041667
94	170	0.038462
94	187	0.034483
94	208	0.052632
94	215	0.034483
94	225	0.045455
94	236	0.041667
94	245	0.040000
94	247	0.045455
94	252	0.035714
94	261	0.041667
94	282	0.045455
94	298	0.050000
94	305	0.052632
94	310	0.050000
94	323	0.052632
94	332	0.055556
94	335	0.050000
94	353	0.055556
94	410	0.052632
94	412	0.055556
94	435	0.058824
95	1	0.012346
95	15	0.029412
95	17	0.016129
95	22	0.007463
95	23	0.008696
95	32	0.014085
95	33	0.012658
95	39	0.020000
95	40	0.013889
95	48	0.018868
95	50	0.019231
95	55	0.015873
95	56	0.014706
95	62	0.020833
95	66	0.019231
95	81	0.024390
95	92	0.017241
95	97	0.023256
95	98	0.027778
95	119	0.025000
95	120	0.031250
95	140	0.029412
95	144	0.031250
95	145	0.034483
95	154	0.027027
95	155	0.033333
95	161	0.034483
95	166	0.037037
95	173	0.035714
95	214	0.045455
95	231	0.052632
95	245	0.040000
95	250	0.045455
95	260	0.037037
95	280	0.038462
95	287	0.047619
95	299	0.043478
95	306	0.050000
95	307	0.052632
95	309	0.052632
95	323	0.052632
95	337	0.041667
95	391	0.052632
95	418	0.055556
96	0	0.007752
96	9	0.011364
96	12	0.009615
96	13	0.015152
96	14	0.016393
96	15	0.029412
96	23	0.008696
96	27	0.008065
96	30	0.012658
96	33	0.012658
96	35	0.012987
96	50	0.019231
96	53	0.018868
96	60	0.014925
96	65	0.019231
96	92	0.017241
96	94	0.020000
96	113	0.030303
96	157	0.041667
96	168	0.041667
96	191	0.029412
96	201	0.037037
96	204	0.047619
96	285	0.043478
96	286	0.050000
96	300	0.055556
96	321	0.050000
96	371	0.058824
96	383	0.047619
96	419	0.055556
97	3	0.017544
97	11	0.022727
97	12	0.009615
97	17	0.016129
97	19	0.008264
97	20	0.007812
97	22	0.007463
97	23	0.008696
97	27	0.008065
97	29	0.011765
97	43	0.014706
97	44	0.014925
97	55	0.015873
97	81	0.024390
97	82	0.019608
97	94	0.020000
97	95	0.022727
97	101	0.021739
97	111	0.018182
97	123	0.043478
97	125	0.032258
97	132	0.027027
97	134	0.028571
97	146	0.027027
97	148	0.034483
97	152	0.028571
97	154	0.027027
97	161	0.034483
97	177	0.045455
97	178	0.032258
97	185	0.031250
97	192	0.037037
97	273	0.043478
97	283	0.050000
97	319	0.038462
97	326	0.047619
97	332	0.055556
97	359	0.055556
97	381	0.052632
97	413	0.058824
97	416	0.055556
97	437	0.055556
97	438	0.058824
98	0	0.007752
98	1	0.012346
98	4	0.018182
98	11	0.022727
98	17	0.016129
98	18	0.007407
98	29	0.011765
98	36	0.011765
98	40	0.013889
98	44	0.014925
98	49	0.017241
98	53	0.018868
98	72	0.025641
98	86	0.021739
98	89	0.020000
98	91	0.028571
98	95	0.022727
98	111	0.018182
98	113	0.030303
98	145	0.034483
98	166	0.037037
98	186	0.035714
98	249	0.045455
98	251	0.038462
98	276	0.043478
98	280	0.038462
98	307	0.052632
98	308	0.050000
98	309	0.052632
98	314	0.050000
98	327	0.047619
98	335	0.050000
98	343	0.055556
98	389	0.058824
98	430	0.058824
98	444	0.058824
99	0	0.007752
99	3	0.017544
99	12	0.009615
99	24	0.009709
99	27	0.008065
99	28	0.011111
99	37	0.009709
99	40	0.013889
99	53	0.018868
99	59	0.017544
99	60	0.014925
99	61	0.020833
99	69	0.017857
99	73	0.022727
99	74	0.020000
99	78	0.020833
99	88	0.027027
99	103	0.020833
99	123	0.043478
99	140	0.029412
99	154	0.027027
99	155	0.033333
99	185	0.031250
99	198	0.045455
99	205	0.040000
99	225	0.045455
99	233	0.031250
99	244	0.052632
99	307	0.052632
99	322	0.050000
99	360	0.058824
99	380	0.058824
99	417	0.055556
100	3	0.017544
100	4	0.018182
100	8	0.014493
100	16	0.017857
100	18	0.007407
100	33	0.012658
100	43	0.014706
100	47	0.014286
100	51	0.017241
100	53	0.018868
100	54	0.013699
100	56	0.014706
100	59	0.017544
100	60	0.014925
100	66	0.019231
100	88	0.027027
100	94	0.020000
100	102	0.023810
100	122	0.043478
100	123	0.043478
100	143	0.029412
100	146	0.027027
100	152	0.028571
100	153	0.024390
100	166	0.037037
100	176	0.041667
100	217	0.052632
100	238	0.050000
100	248	0.052632
100	271	0.040000
100	285	0.043478
100	365	0.052632
101	5	0.014286
101	9	0.011364
101	19	0.008264
101	21	0.007812
101	23	0.008696
101	25	0.012346
101	26	0.013514
101	31	0.009615
101	60	0.014925
101	70	0.020833
101	73	0.022727
101	76	0.023256
101	77	0.016129
101	82	0.019608
101	84	0.018868
101	85	0.021739
101	97	0.023256
101	107	0.020833
101	112	0.021277
101	148	0.034483
101	151	0.034483
101	187	0.034483
101	192	0.037037
101	211	0.038462
101	214	0.045455
101	225	0.045455
101	236	0.041667
101	239	0.040000
101	241	0.038462
101	268	0.034483
101	280	0.038462
101	291	0.050000
101	296	0.047619
101	336	0.040000
101	346	0.045455
101	370	0.052632
101	372	0.052632
101	374	0.055556
101	382	0.050000
101	385	0.055556
101	389	0.058824
101	390	0.052632
101	402	0.058824
101	427	0.058824
101	439	0.058824
101	442	0.058824
102	12	0.009615
102	14	0.016393
102	15	0.029412
102	19	0.008264
102	23	0.008696
102	24	0.009709
102	25	0.012346
102	32	0.014085
102	37	0.009709
102	40	0.013889
102	52	0.015625
102	55	0.015873
102	63	0.023256
102	70	0.020833
102	83	0.026316
102	92	0.017241
102	100	0.031250
102	117	0.027778
102	118	0.022222
102	126	0.033333
102	143	0.029412
102	149	0.041667
102	159	0.029412
102	160	0.027027
102	166	0.037037
102	175	0.040000
102	188	0.037037
102	197	0.040000
102	216	0.027778
102	234	0.033333
102	236	0.041667
102	245	0.040000
102	288	0.038462
102	292	0.045455
102	305	0.052632
102	318	0.041667
102	319	0.038462
102	347	0.041667
102	356	0.050000
102	372	0.052632
102	398	0.055556
102	437	0.055556
103	1	0.012346
103	10	0.020000
103	18	0.007407
103	22	0.007463
103	23	0.008696
103	24	0.009709
103	28	0.011111
103	34	0.012346
103	40	0.013889
103	43	0.014706
103	49	0.017241
103	56	0.014706
103	66	0.019231
103	74	0.020000
103	79	0.025641
103	91	0.028571
103	99	0.030303
103	106	0.025000
103	111	0.018182
103	113	0.030303
103	124	0.026316
103	141	0.035714
103	152	0.028571
103	164	0.035714
103	168	0.041667
103	171	0.038462
103	189	0.045455
103	192	0.037037
103	193	0.041667
103	202	0.043478
103	215	0.034483
103	219	0.043478
103	225	0.045455
103	229	0.035714
103	230	0.033333
103	234	0.033333
103	282	0.045455
103	285	0.043478
103	346	0.045455
103	352	0.055556
103	359	0.055556
103	364	0.052632
103	367	0.055556
103	393	0.055556
103	416	0.055556
103	422	0.058824
103	423	0.058824
103	431	0.055556
104	12	0.009615
104	13	0.015152
104	17	0.016129
104	20	0.007812
104	24	0.009709
104	25	0.012346
104	26	0.013514
104	29	0.011765
104	36	0.011765
104	38	0.024390
104	42	0.014925
104	44	0.014925
104	56	0.014706
104	70	0.020833
104	76	0.023256
104	83	0.026316
104	89	0.020000
104	121	0.033333
104	135	0.022727
104	161	0.034483
104	163	0.033333
104	220	0.043478
104	232	0.045455
104	245	0.040000
104	267	0.043478
104	268	0.034483
104	316	0.052632
104	317	0.052632
104	319	0.038462
104	354	0.050000
104	402	0.058824
104	411	0.050000
105	0	0.007752
105	2	0.019608
105	3	0.017544
105	8	0.014493
105	10	0.020000
105	11	0.022727
105	16	0.017857
105	19	0.008264
105	20	0.007812
105	23	0.008696
105	32	0.014085
105	34	0.012346
105	35	0.012987
105	40	0.013889
105	44	0.014925
105	47	0.014286
105	78	0.020833
105	111	0.018182
105	126	0.033333
105	149	0.041667
105	156	0.024390
105	169	0.045455
105	172	0.032258
105	175	0.040000
105	244	0.052632
105	253	0.043478
105	276	0.043478
105	286	0.050000
105	293	0.045455
105	340	0.050000
105	341	0.055556
105	443	0.058824
106	0	0.007752
106	1	0.012346
106	6	0.016667
106	13	0.015152
106	21	0.007812
106	29	0.011765
106	44	0.014925
106	47	0.014286
106	50	0.019231
106	53	0.018868
106	58	0.018868
106	65	0.019231
106	78	0.020833
106	90	0.017857
106	92	0.017241
106	93	0.021739
106	103	0.020833
106	131	0.025000
106	135	0.022727
106	142	0.037037
106	145	0.034483
106	152	0.028571
106	177	0.045455
106	179	0.038462
106	180	0.032258
106	194	0.047619
106	213	0.043478
106	222	0.038462
106	227	0.037037
106	234	0.033333
106	235	0.038462
106	252	0.035714
106	255	0.040000
106	272	0.041667
106	280	0.038462
106	293	0.045455
106	368	0.055556
106	405	0.058824
106	425	0.055556
106	436	0.058824
107	0	0.007752
107	7	0.017857
107	11	0.022727
107	23	0.008696
107	25	0.012346
107	34	0.012346
107	39	0.020000
107	40	0.013889
107	47	0.014286
107	55	0.015873
107	62	0.020833
107	70	0.020833
107	75	0.027778
107	83	0.026316
107	89	0.020000
107	90	0.017857
107	101	0.021739
107	116	0.026316
107	120	0.031250
107	137	0.030303
107	140	0.029412
107	153	0.024390
107	164	0.035714
107	169	0.045455
107	171	0.038462
107	182	0.035714
107	189	0.045455
107	194	0.047619
107	197	0.040000
107	203	0.047619
107	210	0.028571
107	211	0.038462
107	219	0.043478
107	235	0.038462
107	266	0.041667
107	274	0.043478
107	279	0.035714
107	296	0.047619
107	307	0.052632
107	313	0.055556
107	343	0.055556
107	352	0.055556
107	371	0.058824
107	375	0.050000
107	383	0.047619
107	397	0.052632
107	415	0.058824
107	438	0.058824
108	1	0.012346
108	8	0.014493
108	19	0.008264
108	26	0.013514
108	28	0.011111
108	41	0.018519
108	43	0.014706
108	54	0.013699
108	55	0.015873
108	56	0.014706
108	59	0.017544
108	73	0.022727
108	75	0.027778
108	76	0.023256
108	77	0.016129
108	81	0.024390
108	92	0.017241
108	126	0.033333
108	135	0.022727
108	146	0.027027
108	206	0.035714
108	219	0.043478
108	228	0.038462
108	233	0.031250
108	234	0.033333
108	248	0.052632
108	255	0.040000
108	269	0.043478
108	289	0.040000
108	311	0.050000
108	319	0.038462
108	343	0.055556
108	347	0.041667
108	360	0.058824
108	363	0.055556
108	370	0.052632
108	372	0.052632
108	417	0.055556
108	428	0.058824
108	447	0.058824
109	7	0.017857
109	14	0.016393
109	18	0.007407
109	19	0.008264
109	22	0.007463
109	27	0.008065
109	29	0.011765
109	31	0.009615
109	35	0.012987
109	37	0.009709
109	39	0.020000
109	45	0.017241
109	50	0.019231
109	59	0.017544
109	66	0.019231
109	71	0.017241
109	90	0.017857
109	123	0.043478
109	145	0.034483
109	147	0.029412
109	149	0.041667
109	155	0.033333
109	160	0.027027
109	173	0.035714
109	177	0.045455
109	183	0.040000
109	194	0.047619
109	208	0.052632
109	216	0.027778
109	218	0.047619
109	233	0.031250
109	249	0.045455
109	255	0.040000
109	289	0.040000
109	321	0.050000
109	324	0.052632
109	338	0.047619
109	377	0.055556
109	395	0.052632
109	447	0.058824
110	9	0.011364
110	14	0.016393
110	16	0.017857
110	20	0.007812
110	21	0.007812
110	23	0.008696
110	28	0.011111
110	35	0.012987
110	39	0.020000
110	42	0.014925
110	47	0.014286
110	58	0.018868
110	62	0.020833
110	69	0.017857
110	82	0.019608
110	84	0.018868
110	86	0.021739
110	111	0.018182
110	133	0.030303
110	173	0.035714
110	174	0.031250
110	196	0.032258
110	200	0.045455
110	212	0.038462
110	233	0.031250
110	242	0.045455
110	289	0.040000
110	298	0.050000
110	301	0.041667
110	326	0.047619
110	409	0.050000
110	426	0.058824
110	428	0.058824
111	27	0.008065
111	30	0.012658
111	35	0.012987
111	44	0.014925
111	46	0.020000
111	51	0.017241
111	56	0.014706
111	58	0.018868
111	71	0.017241
111	72	0.025641
111	78	0.020833
111	88	0.027027
111	97	0.023256
111	98	0.027778
111	103	0.020833
111	105	0.031250
111	110	0.030303
111	113	0.030303
111	118	0.022222
111	119	0.025000
111	125	0.032258
111	131	0.025000
111	159	0.029412
111	160	0.027027
111	165	0.028571
111	172	0.032258
111	181	0.052632
111	197	0.040000
111	201	0.037037
111	205	0.040000
111	209	0.040000
111	213	0.043478
111	215	0.034483
111	223	0.040000
111	224	0.043478
111	245	0.040000
111	252	0.035714
111	253	0.043478
111	259	0.041667
111	261	0.041667
111	274	0.043478
111	282	0.045455
111	295	0.047619
111	321	0.050000
111	336	0.040000
111	343	0.055556
111	358	0.058824
111	359	0.055556
111	364	0.052632
111	371	0.058824
111	375	0.050000
111	394	0.052632
111	405	0.058824
111	412	0.055556
111	422	0.058824
112	1	0.012346
112	5	0.014286
112	7	0.017857
112	12	0.009615
112	13	0.015152
112	18	0.007407
112	19	0.008264
112	22	0.007463
112	23	0.008696
112	26	0.013514
112	47	0.014286
112	49	0.017241
112	51	0.017241
112	56	0.014706
112	60	0.014925
112	76	0.023256
112	101	0.021739
112	114	0.028571
112	118	0.022222
112	131	0.025000
112	138	0.033333
112	144	0.031250
112	172	0.032258
112	190	0.030303
112	196	0.032258
112	199	0.037037
112	203	0.047619
112	206	0.035714
112	215	0.034483
112	224	0.043478
112	235	0.038462
112	236	0.041667
112	247	0.045455
112	255	0.040000
112	261	0.041667
112	276	0.043478
112	286	0.050000
112	299	0.043478
112	305	0.052632
112	320	0.050000
112	321	0.050000
112	331	0.050000
112	363	0.055556
112	369	0.043478
112	386	0.055556
112	401	0.055556
112	417	0.055556
113	7	0.017857
113	19	0.008264
113	20	0.007812
113	23	0.008696
113	27	0.008065
113	28	0.011111
113	48	0.018868
113	52	0.015625
113	63	0.023256
113	66	0.019231
113	88	0.027027
113	90	0.017857
113	94	0.020000
113	96	0.033333
113	98	0.027778
113	103	0.020833
113	111	0.018182
113	114	0.028571
113	118	0.022222
113	149	0.041667
113	169	0.045455
113	195	0.035714
113	196	0.032258
113	236	0.041667
113	250	0.045455
113	251	0.038462
113	274	0.043478
113	291	0.050000
113	331	0.050000
113	340	0.050000
113	407	0.058824
113	412	0.055556
113	424	0.058824
114	2	0.019608
114	11	0.022727
114	14	0.016393
114	21	0.007812
114	29	0.011765
114	31	0.009615
114	34	0.012346
114	39	0.020000
114	47	0.014286
114	61	0.020833
114	65	0.019231
114	66	0.019231
114	72	0.025641
114	83	0.026316
114	88	0.027027
114	112	0.021277
114	113	0.030303
114	116	0.026316
114	127	0.028571
114	136	0.025000
114	137	0.030303
114	146	0.027027
114	163	0.033333
114	178	0.032258
114	199	0.037037
114	215	0.034483
114	227	0.037037
114	292	0.045455
114	309	0.052632
114	342	0.052632
114	344	0.052632
114	402	0.058824
114	420	0.058824
114	425	0.055556
114	446	0.058824
115	13	0.015152
115	17	0.016129
115	23	0.008696
115	25	0.012346
115	31	0.009615
115	37	0.009709
115	44	0.014925
115	52	0.015625
115	55	0.015873
115	59	0.017544
115	60	0.014925
115	64	0.018519
115	69	0.017857
115	74	0.020000
115	83	0.026316
115	84	0.018868
115	94	0.020000
115	129	0.033333
115	165	0.028571
115	171	0.038462
115	175	0.040000
115	186	0.035714
115	189	0.045455
115	202	0.043478
115	223	0.040000
115	239	0.040000
115	310	0.050000
115	335	0.050000
115	399	0.052632
115	430	0.058824
115	443	0.058824
116	7	0.017857
116	11	0.022727
116	12	0.009615
116	18	0.007407
116	24	0.009709
116	28	0.011111
116	47	0.014286
116	51	0.017241
116	57	0.022222
116	61	0.020833
116	69	0.017857
116	82	0.019608
116	87	0.025000
116	88	0.027027
116	90	0.017857
116	107	0.020833
116	114	0.028571
116	117	0.027778
116	121	0.033333
116	123	0.043478
116	125	0.032258
116	131	0.025000
116	212	0.038462
116	229	0.035714
116	233	0.031250
116	262	0.037037
116	280	0.038462
116	301	0.041667
116	311	0.050000
116	351	0.052632
116	352	0.055556
116	359	0.055556
116	363	0.055556
116	382	0.050000
116	423	0.058824
116	424	0.058824
116	443	0.058824
116	447	0.058824
117	0	0.007752
117	5	0.014286
117	9	0.011364
117	16	0.017857
117	26	0.013514
117	31	0.009615
117	33	0.012658
117	46	0.020000
117	47	0.014286
117	53	0.018868
117	56	0.014706
117	58	0.018868
117	74	0.020000
117	77	0.016129
117	92	0.017241
117	102	0.023810
117	116	0.026316
117	123	0.043478
117	124	0.026316
117	144	0.031250
117	158	0.045455
117	205	0.040000
117	222	0.038462
117	250	0.045455
117	262	0.037037
117	274	0.043478
117	282	0.045455
117	294	0.047619
117	323	0.052632
117	324	0.052632
117	328	0.055556
117	332	0.055556
117	385	0.055556
117	389	0.058824
117	418	0.055556
117	432	0.058824
118	2	0.019608
118	12	0.009615
118	16	0.017857
118	22	0.007463
118	30	0.012658
118	38	0.024390
118	47	0.014286
118	49	0.017241
118	52	0.015625
118	54	0.013699
118	84	0.018868
118	92	0.017241
118	94	0.020000
118	102	0.023810
118	111	0.018182
118	112	0.021277
118	113	0.030303
118	124	0.026316
118	128	0.033333
118	151	0.034483
118	155	0.033333
118	159	0.029412
118	170	0.038462
118	178	0.032258
118	196	0.032258
118	200	0.045455
118	218	0.047619
118	222	0.038462
118	227	0.037037
118	236	0.041667
118	239	0.040000
118	244	0.052632
118	251	0.038462
118	299	0.043478
118	301	0.041667
118	305	0.052632
118	327	0.047619
118	337	0.041667
118	354	0.050000
118	357	0.055556
118	378	0.055556
118	388	0.050000
118	399	0.052632
118	419	0.055556
118	422	0.058824
119	1	0.012346
119	9	0.011364
119	12	0.009615
119	22	0.007463
119	26	0.013514
119	28	0.011111
119	29	0.011765
119	34	0.012346
119	36	0.011765
119	39	0.020000
119	43	0.014706
119	53	0.018868
119	62	0.020833
119	77	0.016129
119	80	0.023810
119	95	0.022727
119	111	0.018182
119	132	0.027027
119	134	0.028571
119	141	0.035714
119	143	0.029412
119	168	0.041667
119	170	0.038462
119	214	0.045455
119	216	0.027778
119	221	0.043478
119	226	0.045455
119	228	0.038462
119	232	0.045455
119	250	0.045455
119	255	0.040000
119	266	0.041667
119	267	0.043478
119	289	0.040000
119	338	0.047619
119	400	0.055556
119	417	0.055556
119	421	0.055556
119	434	0.058824
119	445	0.058824
120	0	0.007752
120	1	0.012346
120	13	0.015152
120	16	0.017857
120	19	0.008264
120	24	0.009709
120	25	0.012346
120	27	0.008065
120	41	0.018519
120	47	0.014286
120	49	0.017241
120	54	0.013699
120	59	0.017544
120	61	0.020833
120	66	0.019231
120	95	0.022727
120	107	0.020833
120	127	0.028571
120	130	0.035714
120	154	0.027027
120	158	0.045455
120	169	0.045455
120	173	0.035714
120	176	0.041667
120	202	0.043478
120	324	0.052632
120	336	0.040000
120	339	0.052632
120	362	0.055556
120	421	0.055556
120	440	0.058824
120	445	0.058824
121	9	0.011364
121	12	0.009615
121	13	0.015152
121	18	0.007407
121	25	0.012346
121	27	0.008065
121	30	0.012658
121	34	0.012346
121	36	0.011765
121	47	0.014286
121	59	0.017544
121	66	0.019231
121	68	0.020408
121	73	0.022727
121	94	0.020000
121	104	0.031250
121	116	0.026316
121	124	0.026316
121	127	0.028571
121	151	0.034483
121	159	0.029412
121	165	0.028571
121	201	0.037037
121	205	0.040000
121	224	0.043478
121	242	0.045455
121	282	0.045455
121	324	0.052632
121	353	0.055556
121	373	0.052632
122	7	0.017857
122	12	0.009615
122	18	0.007407
122	21	0.007812
122	22	0.007463
122	23	0.008696
122	28	0.011111
122	29	0.011765
122	32	0.014085
122	39	0.020000
122	40	0.013889
122	59	0.017544
122	61	0.020833
122	69	0.017857
122	70	0.020833
122	79	0.025641
122	100	0.031250
122	166	0.037037
122	167	0.035714
122	227	0.037037
122	262	0.037037
122	382	0.050000
122	412	0.055556
123	8	0.014493
123	15	0.029412
123	19	0.008264
123	21	0.007812
123	23	0.008696
123	24	0.009709
123	27	0.008065
123	28	0.011111
123	32	0.014085
123	72	0.025641
123	74	0.020000
123	97	0.023256
123	99	0.030303
123	100	0.031250
123	109	0.025000
123	116	0.026316
123	117	0.027778
123	202	0.043478
123	204	0.047619
123	220	0.043478
123	277	0.045455
123	312	0.052632
123	368	0.055556
124	2	0.019608
124	8	0.014493
124	20	0.007812
124	21	0.007812
124	24	0.009709
124	27	0.008065
124	32	0.014085
124	33	0.012658
124	52	0.015625
124	54	0.013699
124	57	0.022222
124	67	0.022222
124	85	0.021739
124	103	0.020833
124	117	0.027778
124	118	0.022222
124	121	0.033333
124	136	0.025000
124	142	0.037037
124	145	0.034483
124	184	0.041667
124	188	0.037037
124	195	0.035714
124	207	0.038462
124	209	0.040000
124	215	0.034483
124	218	0.047619
124	223	0.040000
124	228	0.038462
124	231	0.052632
124	256	0.047619
124	258	0.047619
124	272	0.041667
124	322	0.050000
124	354	0.050000
124	422	0.058824
124	428	0.058824
124	436	0.058824
125	10	0.020000
125	12	0.009615
125	16	0.017857
125	23	0.008696
125	24	0.009709
125	27	0.008065
125	28	0.011111
125	30	0.012658
125	52	0.015625
125	64	0.018519
125	68	0.020408
125	79	0.025641
125	89	0.020000
125	92	0.017241
125	97	0.023256
125	111	0.018182
125	116	0.026316
125	135	0.022727
125	165	0.028571
125	181	0.052632
125	204	0.047619
125	210	0.028571
125	229	0.035714
125	238	0.050000
125	256	0.047619
125	271	0.040000
125	294	0.047619
125	322	0.050000
125	333	0.047619
125	335	0.050000
125	438	0.058824
126	12	0.009615
126	17	0.016129
126	22	0.007463
126	24	0.009709
126	26	0.013514
126	28	0.011111
126	31	0.009615
126	32	0.014085
126	36	0.011765
126	37	0.009709
126	51	0.017241
126	57	0.022222
126	60	0.014925
126	73	0.022727
126	102	0.023810
126	105	0.031250
126	108	0.025000
126	138	0.033333
126	143	0.029412
126	176	0.041667
126	243	0.040000
126	251	0.038462
126	259	0.041667
126	268	0.034483
126	323	0.052632
126	344	0.052632
126	346	0.045455
126	387	0.052632
126	423	0.058824
126	435	0.058824
127	2	0.019608
127	10	0.020000
127	16	0.017857
127	29	0.011765
127	31	0.009615
127	37	0.009709
127	44	0.014925
127	49	0.017241
127	55	0.015873
127	66	0.019231
127	77	0.016129
127	79	0.025641
127	84	0.018868
127	94	0.020000
127	114	0.028571
127	120	0.031250
127	121	0.033333
127	170	0.038462
127	184	0.041667
127	192	0.037037
127	201	0.037037
127	206	0.035714
127	226	0.045455
127	245	0.040000
127	251	0.038462
127	259	0.041667
127	281	0.058824
127	282	0.045455
127	283	0.050000
127	287	0.047619
127	288	0.038462
127	292	0.045455
127	318	0.041667
127	349	0.052632
127	408	0.055556
128	11	0.022727
128	13	0.015152
128	14	0.016393
128	15	0.029412
128	17	0.016129
128	22	0.007463
128	25	0.012346
128	28	0.011111
128	29	0.011765
128	35	0.012987
128	40	0.013889
128	48	0.018868
128	51	0.017241
128	70	0.020833
128	89	0.020000
128	92	0.017241
128	118	0.022222
128	132	0.027027
128	134	0.028571
128	139	0.041667
128	220	0.043478
128	252	0.035714
128	260	0.037037
128	268	0.034483
128	325	0.052632
128	343	0.055556
128	363	0.055556
128	385	0.055556
128	436	0.058824
128	437	0.055556
129	4	0.018182
129	9	0.011364
129	16	0.017857
129	22	0.007463
129	34	0.012346
129	35	0.012987
129	36	0.011765
129	44	0.014925
129	49	0.017241
129	58	0.018868
129	60	0.014925
129	65	0.019231
129	66	0.019231
129	73	0.022727
129	74	0.020000
129	94	0.020000
129	115	0.032258
129	134	0.028571
129	152	0.028571
129	161	0.034483
129	182	0.035714
129	193	0.041667
129	237	0.037037
129	285	0.043478
129	297	0.043478
129	337	0.041667
129	353	0.055556
129	357	0.055556
129	373	0.052632
129	390	0.052632
130	6	0.016667
130	12	0.009615
130	21	0.007812
130	23	0.008696
130	24	0.009709
130	25	0.012346
130	42	0.014925
130	44	0.014925
130	48	0.018868
130	49	0.017241
130	56	0.014706
130	59	0.017544
130	66	0.019231
130	76	0.023256
130	77	0.016129
130	85	0.021739
130	120	0.031250
130	138	0.033333
130	198	0.045455
130	215	0.034483
130	217	0.052632
130	223	0.040000
130	257	0.047619
130	281	0.058824
130	323	0.052632
130	348	0.045455
130	358	0.058824
130	381	0.052632
131	6	0.016667
131	13	0.015152
131	18	0.007407
131	20	0.007812
131	21	0.007812
131	26	0.013514
131	34	0.012346
131	36	0.011765
131	42	0.014925
131	51	0.017241
131	81	0.024390
131	82	0.019608
131	92	0.017241
131	106	0.025000
131	111	0.018182
131	112	0.021277
131	116	0.026316
131	137	0.030303
131	147	0.029412
131	149	0.041667
131	150	0.031250
131	158	0.045455
131	163	0.033333
131	166	0.037037
131	168	0.041667
131	171	0.038462
131	186	0.035714
131	201	0.037037
131	226	0.045455
131	246	0.041667
131	250	0.045455
131	350	0.050000
131	376	0.058824
131	378	0.055556
131	380	0.058824
131	388	0.050000
131	401	0.055556
131	416	0.055556
131	439	0.058824
131	441	0.055556
132	1	0.012346
132	10	0.020000
132	12	0.009615
132	22	0.007463
132	24	0.009709
132	25	0.012346
132	31	0.009615
132	44	0.014925
132	54	0.013699
132	55	0.015873
132	60	0.014925
132	79	0.025641
132	80	0.023810
132	84	0.018868
132	97	0.023256
132	119	0.025000
132	128	0.033333
132	141	0.035714
132	142	0.037037
132	162	0.027778
132	170	0.038462
132	172	0.032258
132	176	0.041667
132	183	0.040000
132	215	0.034483
132	226	0.045455
132	257	0.047619
132	282	0.045455
132	283	0.050000
132	284	0.052632
132	326	0.047619
132	328	0.055556
132	332	0.055556
132	343	0.055556
132	398	0.055556
132	401	0.055556
132	424	0.058824
133	1	0.012346
133	6	0.016667
133	9	0.011364
133	17	0.016129
133	19	0.008264
133	20	0.007812
133	23	0.008696
133	24	0.009709
133	26	0.013514
133	27	0.008065
133	30	0.012658
133	37	0.009709
133	42	0.014925
133	43	0.014706
133	52	0.015625
133	55	0.015873
133	110	0.030303
133	145	0.034483
133	156	0.024390
133	158	0.045455
133	209	0.040000
133	229	0.035714
133	242	0.045455
133	250	0.045455
133	252	0.035714
133	256	0.047619
133	277	0.045455
133	324	0.052632
133	342	0.052632
133	378	0.055556
133	425	0.055556
133	433	0.058824
133	442	0.058824
134	4	0.018182
134	14	0.016393
134	29	0.011765
134	33	0.012658
134	43	0.014706
134	52	0.015625
134	53	0.018868
134	56	0.014706
134	60	0.014925
134	65	0.019231
134	78	0.020833
134	83	0.026316
134	89	0.020000
134	97	0.023256
134	119	0.025000
134	128	0.033333
134	129	0.033333
134	149	0.041667
134	157	0.041667
134	167	0.035714
134	175	0.040000
134	183	0.040000
134	185	0.031250
134	193	0.041667
134	201	0.037037
134	209	0.040000
134	230	0.033333
134	264	0.043478
134	268	0.034483
134	287	0.047619
134	290	0.038462
134	308	0.050000
134	333	0.047619
134	362	0.055556
134	387	0.052632
135	0	0.007752
135	18	0.007407
135	21	0.007812
135	25	0.012346
135	31	0.009615
135	36	0.011765
135	37	0.009709
135	41	0.018519
135	51	0.017241
135	68	0.020408
135	71	0.017241
135	78	0.020833
135	92	0.017241
135	104	0.031250
135	106	0.025000
135	108	0.025000
135	125	0.032258
135	136	0.025000
135	157	0.041667
135	159	0.029412
135	161	0.034483
135	168	0.041667
135	181	0.052632
135	182	0.035714
135	194	0.047619
135	202	0.043478
135	205	0.040000
135	210	0.028571
135	257	0.047619
135	261	0.041667
135	265	0.055556
135	289	0.040000
135	290	0.038462
135	304	0.052632
135	311	0.050000
135	343	0.055556
135	349	0.052632
135	363	0.055556
135	383	0.047619
135	411	0.050000
135	415	0.058824
135	417	0.055556
135	418	0.055556
135	435	0.058824
136	4	0.018182
136	13	0.015152
136	18	0.007407
136	23	0.008696
136	26	0.013514
136	37	0.009709
136	38	0.024390
136	44	0.014925
136	51	0.017241
136	52	0.015625
136	55	0.015873
136	56	0.014706
136	58	0.018868
136	83	0.026316
136	114	0.028571
136	124	0.026316
136	135	0.022727
136	147	0.029412
136	161	0.034483
136	162	0.027778
136	171	0.038462
136	174	0.031250
136	181	0.052632
136	199	0.037037
136	211	0.038462
136	213	0.043478
136	221	0.043478
136	235	0.038462
136	241	0.038462
136	247	0.045455
136	258	0.047619
136	263	0.047619
136	278	0.047619
136	308	0.050000
136	320	0.050000
136	340	0.050000
136	366	0.058824
136	384	0.055556
136	393	0.055556
136	410	0.052632
137	6	0.016667
137	12	0.009615
137	14	0.016393
137	17	0.016129
137	19	0.008264
137	31	0.009615
137	32	0.014085
137	39	0.020000
137	40	0.013889
137	50	0.019231
137	54	0.013699
137	77	0.016129
137	84	0.018868
137	87	0.025000
137	107	0.020833
137	114	0.028571
137	131	0.025000
137	147	0.029412
137	158	0.045455
137	163	0.033333
137	180	0.032258
137	191	0.029412
137	214	0.045455
137	239	0.040000
137	248	0.052632
137	255	0.040000
137	269	0.043478
137	274	0.043478
137	291	0.050000
137	302	0.045455
137	314	0.050000
137	364	0.052632
137	433	0.058824
138	3	0.017544
138	9	0.011364
138	14	0.016393
138	17	0.016129
138	20	0.007812
138	21	0.007812
138	29	0.011765
138	31	0.009615
138	35	0.012987
138	37	0.009709
138	40	0.013889
138	52	0.015625
138	70	0.020833
138	74	0.020000
138	112	0.021277
138	126	0.033333
138	130	0.035714
138	141	0.035714
138	155	0.033333
138	177	0.045455
138	181	0.052632
138	182	0.035714
138	186	0.035714
138	196	0.032258
138	200	0.045455
138	221	0.043478
138	235	0.038462
138	298	0.050000
138	305	0.052632
138	378	0.055556
139	20	0.007812
139	26	0.013514
139	27	0.008065
139	29	0.011765
139	37	0.009709
139	41	0.018519
139	56	0.014706
139	57	0.022222
139	58	0.018868
139	64	0.018519
139	67	0.022222
139	70	0.020833
139	72	0.025641
139	78	0.020833
139	83	0.026316
139	90	0.017857
139	128	0.033333
139	142	0.037037
139	162	0.027778
139	195	0.035714
139	206	0.035714
139	254	0.052632
139	304	0.052632
139	447	0.058824
140	1	0.012346
140	9	0.011364
140	15	0.029412
140	18	0.007407
140	19	0.008264
140	27	0.008065
140	42	0.014925
140	55	0.015873
140	60	0.014925
140	68	0.020408
140	76	0.023256
140	77	0.016129
140	81	0.024390
140	90	0.017857
140	95	0.022727
140	99	0.030303
140	107	0.020833
140	146	0.027027
140	162	0.027778
140	170	0.038462
140	178	0.032258
140	181	0.052632
140	219	0.043478
140	239	0.040000
140	244	0.052632
140	263	0.047619
140	267	0.043478
140	273	0.043478
140	280	0.038462
140	294	0.047619
140	342	0.052632
140	348	0.045455
140	396	0.058824
140	437	0.055556
141	0	0.007752
141	5	0.014286
141	10	0.020000
141	16	0.017857
141	19	0.008264
141	31	0.009615
141	43	0.014706
141	45	0.017241
141	60	0.014925
141	62	0.020833
141	66	0.019231
141	70	0.020833
141	77	0.016129
141	103	0.020833
141	119	0.025000
141	132	0.027027
141	138	0.033333
141	155	0.033333
141	182	0.035714
141	188	0.037037
141	205	0.040000
141	217	0.052632
141	263	0.047619
141	298	0.050000
141	332	0.055556
141	346	0.045455
141	398	0.055556
141	434	0.058824
142	0	0.007752
142	9	0.011364
142	12	0.009615
142	23	0.008696
142	25	0.012346
142	28	0.011111
142	34	0.012346
142	35	0.012987
142	57	0.022222
142	64	0.018519
142	68	0.020408
142	70	0.020833
142	73	0.022727
142	106	0.025000
142	124	0.026316
142	132	0.027027
142	139	0.041667
142	150	0.031250
142	156	0.024390
142	195	0.035714
142	203	0.047619
142	257	0.047619
142	315	0.052632
142	362	0.055556
142	398	0.055556
142	426	0.058824
142	444	0.058824
143	7	0.017857
143	10	0.020000
143	16	0.017857
143	21	0.007812
143	22	0.007463
143	23	0.008696
143	33	0.012658
143	34	0.012346
143	52	0.015625
143	56	0.014706
143	65	0.019231
143	74	0.020000
143	92	0.017241
143	100	0.031250
143	102	0.023810
143	119	0.025000
143	126	0.033333
143	151	0.034483
143	164	0.035714
143	165	0.028571
143	204	0.047619
143	211	0.038462
143	229	0.035714
143	262	0.037037
143	277	0.045455
143	290	0.038462
143	309	0.052632
143	316	0.052632
143	339	0.052632
143	343	0.055556
143	358	0.058824
143	369	0.043478
143	371	0.058824
143	414	0.058824
144	3	0.017544
144	9	0.011364
144	22	0.007463
144	23	0.008696
144	26	0.013514
144	36	0.011765
144	41	0.018519
144	51	0.017241
144	55	0.015873
144	56	0.014706
144	59	0.017544
144	63	0.023256
144	78	0.020833
144	89	0.020000
144	95	0.022727
144	112	0.021277
144	117	0.027778
144	155	0.033333
144	170	0.038462
144	173	0.035714
144	206	0.035714
144	210	0.028571
144	215	0.034483
144	221	0.043478
144	246	0.041667
144	287	0.047619
144	309	0.052632
144	319	0.038462
144	343	0.055556
144	356	0.050000
144	384	0.055556
144	439	0.058824
145	18	0.007407
145	19	0.008264
145	21	0.007812
145	25	0.012346
145	27	0.008065
145	29	0.011765
145	44	0.014925
145	60	0.014925
145	73	0.022727
145	84	0.018868
145	90	0.017857
145	95	0.022727
145	98	0.027778
145	106	0.025000
145	109	0.025000
145	124	0.026316
145	133	0.030303
145	158	0.045455
145	181	0.052632
145	188	0.037037
145	208	0.052632
145	237	0.037037
145	295	0.047619
145	315	0.052632
145	362	0.055556
145	374	0.055556
145	376	0.058824
145	430	0.058824
145	435	0.058824
146	14	0.016393
146	16	0.017857
146	18	0.007407
146	22	0.007463
146	32	0.014085
146	37	0.009709
146	52	0.015625
146	53	0.018868
146	58	0.018868
146	59	0.017544
146	80	0.023810
146	93	0.021739
146	97	0.023256
146	100	0.031250
146	108	0.025000
146	114	0.028571
146	140	0.029412
146	151	0.034483
146	163	0.033333
146	170	0.038462
146	176	0.041667
146	190	0.030303
146	201	0.037037
146	213	0.043478
146	243	0.040000
146	244	0.052632
146	249	0.045455
146	271	0.040000
146	278	0.047619
146	317	0.052632
146	325	0.052632
146	328	0.055556
146	347	0.041667
146	349	0.052632
146	395	0.052632
146	423	0.058824
146	431	0.055556
147	4	0.018182
147	8	0.014493
147	13	0.015152
147	19	0.008264
147	22	0.007463
147	30	0.012658
147	39	0.020000
147	45	0.017241
147	65	0.019231
147	67	0.022222
147	71	0.017241
147	85	0.021739
147	93	0.021739
147	109	0.025000
147	131	0.025000
147	136	0.025000
147	137	0.030303
147	153	0.024390
147	172	0.032258
147	180	0.032258
147	219	0.043478
147	236	0.041667
147	247	0.045455
147	272	0.041667
147	297	0.043478
147	299	0.043478
147	301	0.041667
147	344	0.052632
147	359	0.055556
147	362	0.055556
147	377	0.055556
147	404	0.058824
147	411	0.050000
147	444	0.058824
148	3	0.017544
148	9	0.011364
148	22	0.007463
148	25	0.012346
148	30	0.012658
148	34	0.012346
148	50	0.019231
148	61	0.020833
148	67	0.022222
148	71	0.017241
148	73	0.022727
148	77	0.016129
148	80	0.023810
148	84	0.018868
148	87	0.025000
148	97	0.023256
148	101	0.021739
148	174	0.031250
148	208	0.052632
148	221	0.043478
148	223	0.040000
148	232	0.045455
148	251	0.038462
148	270	0.047619
148	288	0.038462
148	296	0.047619
148	367	0.055556
148	405	0.058824
148	430	0.058824
149	5	0.014286
149	14	0.016393
149	15	0.029412
149	27	0.008065
149	33	0.012658
149	37	0.009709
149	40	0.013889
149	48	0.018868
149	50	0.019231
149	64	0.018519
149	71	0.017241
149	102	0.023810
149	105	0.031250
149	109	0.025000
149	113	0.030303
149	131	0.025000
149	134	0.028571
149	168	0.041667
149	184	0.041667
149	222	0.038462
149	236	0.041667
149	311	0.050000
149	336	0.040000
149	359	0.055556
150	2	0.019608
150	6	0.016667
150	9	0.011364
150	19	0.008264
150	27	0.008065
150	31	0.009615
150	34	0.012346
150	38	0.024390
150	41	0.018519
150	58	0.018868
150	63	0.023256
150	65	0.019231
150	69	0.017857
150	90	0.017857
150	91	0.028571
150	131	0.025000
150	142	0.037037
150	171	0.038462
150	173	0.035714
150	175	0.040000
150	177	0.045455
150	184	0.041667
150	207	0.038462
150	219	0.043478
150	263	0.047619
150	307	0.052632
150	314	0.050000
150	329	0.052632
150	366	0.058824
150	379	0.058824
150	389	0.058824
150	436	0.058824
151	6	0.016667
151	12	0.009615
151	20	0.007812
151	23	0.008696
151	35	0.012987
151	41	0.018519
151	43	0.014706
151	54	0.013699
151	55	0.015873
151	57	0.022222
151	64	0.018519
151	93	0.021739
151	101	0.021739
151	118	0.022222
151	121	0.033333
151	143	0.029412
151	146	0.027027
151	154	0.027027
151	172	0.032258
151	175	0.040000
151	201	0.037037
151	222	0.038462
151	276	0.043478
151	288	0.038462
151	300	0.055556
151	321	0.050000
151	404	0.058824
151	421	0.055556
151	434	0.058824
152	1	0.012346
152	7	0.017857
152	19	0.008264
152	20	0.007812
152	25	0.012346
152	49	0.017241
152	61	0.020833
152	62	0.020833
152	65	0.019231
152	72	0.025641
152	78	0.020833
152	85	0.021739
152	97	0.023256
152	100	0.031250
152	103	0.020833
152	106	0.025000
152	129	0.033333
152	154	0.027027
152	166	0.037037
152	173	0.035714
152	179	0.038462
152	194	0.047619
152	207	0.038462
152	209	0.040000
152	211	0.038462
152	221	0.043478
152	223	0.040000
152	257	0.047619
152	260	0.037037
152	279	0.035714
152	311	0.050000
152	342	0.052632
152	374	0.055556
152	390	0.052632
152	405	0.058824
153	2	0.019608
153	6	0.016667
153	24	0.009709
153	25	0.012346
153	28	0.011111
153	29	0.011765
153	30	0.012658
153	67	0.022222
153	69	0.017857
153	78	0.020833
153	85	0.021739
153	89	0.020000
153	93	0.021739
153	94	0.020000
153	100	0.031250
153	107	0.020833
153	147	0.029412
153	163	0.033333
153	166	0.037037
153	177	0.045455
153	178	0.032258
153	188	0.037037
153	200	0.045455
153	213	0.043478
153	215	0.034483
153	237	0.037037
153	268	0.034483
153	277	0.045455
153	305	0.052632
153	306	0.050000
153	323	0.052632
153	325	0.052632
153	331	0.050000
153	332	0.055556
153	333	0.047619
153	365	0.052632
153	396	0.058824
153	408	0.055556
153	411	0.050000
153	439	0.058824
153	441	0.055556
154	3	0.017544
154	20	0.007812
154	22	0.007463
154	30	0.012658
154	33	0.012658
154	35	0.012987
154	50	0.019231
154	51	0.017241
154	56	0.014706
154	73	0.022727
154	93	0.021739
154	95	0.022727
154	97	0.023256
154	99	0.030303
154	120	0.031250
154	151	0.034483
154	152	0.028571
154	163	0.033333
154	171	0.038462
154	173	0.035714
154	181	0.052632
154	188	0.037037
154	208	0.052632
154	227	0.037037
154	235	0.038462
154	249	0.045455
154	253	0.043478
154	264	0.043478
154	310	0.050000
154	320	0.050000
154	339	0.052632
154	384	0.055556
154	385	0.055556
154	389	0.058824
154	391	0.052632
154	419	0.055556
154	446	0.058824
155	12	0.009615
155	18	0.007407
155	20	0.007812
155	22	0.007463
155	27	0.008065
155	33	0.012658
155	42	0.014925
155	45	0.017241
155	56	0.014706
155	63	0.023256
155	95	0.022727
155	99	0.030303
155	109	0.025000
155	118	0.022222
155	138	0.033333
155	141	0.035714
155	144	0.031250
155	169	0.045455
155	204	0.047619
155	231	0.052632
155	264	0.043478
155	284	0.052632
155	290	0.038462
155	313	0.055556
155	326	0.047619
155	332	0.055556
155	346	0.045455
155	374	0.055556
155	395	0.052632
155	433	0.058824
156	0	0.007752
156	1	0.012346
156	7	0.017857
156	8	0.014493
156	16	0.017857
156	27	0.008065
156	54	0.013699
156	56	0.014706
156	73	0.022727
156	74	0.020000
156	78	0.020833
156	87	0.025000
156	89	0.020000
156	93	0.021739
156	105	0.031250
156	133	0.030303
156	142	0.037037
156	157	0.041667
156	167	0.035714
156	200	0.045455
156	201	0.037037
156	207	0.038462
156	212	0.038462
156	238	0.050000
156	244	0.052632
156	252	0.035714
156	256	0.047619
156	268	0.034483
156	276	0.043478
156	281	0.058824
156	288	0.038462
156	290	0.038462
156	292	0.045455
156	297	0.043478
156	308	0.050000
156	309	0.052632
156	389	0.058824
156	391	0.052632
156	406	0.055556
156	413	0.058824
156	432	0.058824
157	1	0.012346
157	10	0.020000
157	21	0.007812
157	22	0.007463
157	26	0.013514
157	28	0.011111
157	30	0.012658
157	33	0.012658
157	49	0.017241
157	57	0.022222
157	73	0.022727
157	77	0.016129
157	89	0.020000
157	96	0.033333
157	134	0.028571
157	135	0.022727
157	156	0.024390
157	159	0.029412
157	164	0.035714
157	241	0.038462
157	255	0.040000
157	294	0.047619
157	301	0.041667
157	402	0.058824
158	0	0.007752
158	2	0.019608
158	6	0.016667
158	16	0.017857
158	21	0.007812
158	32	0.014085
158	39	0.020000
158	44	0.014925
158	46	0.020000
158	70	0.020833
158	77	0.016129
158	117	0.027778
158	120	0.031250
158	131	0.025000
158	133	0.030303
158	137	0.030303
158	145	0.034483
158	183	0.040000
158	191	0.029412
158	254	0.052632
158	373	0.052632
158	410	0.052632
159	13	0.015152
159	19	0.008264
159	23	0.008696
159	32	0.014085
159	35	0.012987
159	45	0.017241
159	51	0.017241
159	56	0.014706
159	61	0.020833
159	69	0.017857
159	85	0.021739
159	102	0.023810
159	111	0.018182
159	118	0.022222
159	121	0.033333
159	135	0.022727
159	157	0.041667
159	165	0.028571
159	205	0.040000
159	223	0.040000
159	229	0.035714
159	235	0.038462
159	263	0.047619
159	266	0.041667
159	276	0.043478
159	288	0.038462
159	290	0.038462
159	294	0.047619
159	312	0.052632
159	322	0.050000
159	325	0.052632
159	404	0.058824
159	406	0.055556
159	437	0.055556
160	1	0.012346
160	4	0.018182
160	10	0.020000
160	20	0.007812
160	22	0.007463
160	23	0.008696
160	24	0.009709
160	28	0.011111
160	36	0.011765
160	37	0.009709
160	47	0.014286
160	74	0.020000
160	89	0.020000
160	94	0.020000
160	102	0.023810
160	109	0.025000
160	111	0.018182
160	195	0.035714
160	203	0.047619
160	206	0.035714
160	214	0.045455
160	216	0.027778
160	224	0.043478
160	277	0.045455
160	289	0.040000
160	293	0.045455
160	295	0.047619
160	311	0.050000
160	327	0.047619
160	330	0.052632
160	342	0.052632
160	372	0.052632
160	386	0.055556
160	424	0.058824
160	428	0.058824
160	435	0.058824
160	446	0.058824
161	8	0.014493
161	17	0.016129
161	20	0.007812
161	30	0.012658
161	34	0.012346
161	40	0.013889
161	47	0.014286
161	51	0.017241
161	54	0.013699
161	64	0.018519
161	78	0.020833
161	95	0.022727
161	97	0.023256
161	104	0.031250
161	129	0.033333
161	135	0.022727
161	136	0.025000
161	185	0.031250
161	212	0.038462
161	222	0.038462
161	224	0.043478
161	252	0.035714
161	286	0.050000
161	291	0.050000
161	325	0.052632
161	349	0.052632
161	371	0.058824
161	382	0.050000
161	396	0.058824
162	4	0.018182
162	18	0.007407
162	19	0.008264
162	21	0.007812
162	25	0.012346
162	26	0.013514
162	36	0.011765
162	37	0.009709
162	44	0.014925
162	51	0.017241
162	56	0.014706
162	62	0.020833
162	80	0.023810
162	132	0.027027
162	136	0.025000
162	139	0.041667
162	140	0.029412
162	163	0.033333
162	174	0.031250
162	184	0.041667
162	189	0.045455
162	208	0.052632
162	210	0.028571
162	226	0.045455
162	233	0.031250
162	253	0.043478
162	255	0.040000
162	281	0.058824
162	300	0.055556
162	323	0.052632
162	373	0.052632
162	376	0.058824
162	377	0.055556
162	383	0.047619
162	399	0.052632
162	421	0.055556
163	0	0.007752
163	2	0.019608
163	8	0.014493
163	16	0.017857
163	19	0.008264
163	30	0.012658
163	31	0.009615
163	79	0.025641
163	93	0.021739
163	104	0.031250
163	114	0.028571
163	131	0.025000
163	137	0.030303
163	146	0.027027
163	153	0.024390
163	154	0.027027
163	162	0.027778
163	218	0.047619
163	222	0.038462
163	225	0.045455
163	234	0.033333
163	239	0.040000
163	266	0.041667
163	315	0.052632
163	333	0.047619
163	343	0.055556
163	372	0.052632
163	392	0.055556
163	397	0.052632
163	412	0.055556
164	8	0.014493
164	15	0.029412
164	18	0.007407
164	24	0.009709
164	31	0.009615
164	40	0.013889
164	64	0.018519
164	71	0.017241
164	74	0.020000
164	77	0.016129
164	82	0.019608
164	85	0.021739
164	89	0.020000
164	103	0.020833
164	107	0.020833
164	143	0.029412
164	157	0.041667
164	170	0.038462
164	209	0.040000
164	218	0.047619
164	234	0.033333
164	245	0.040000
164	254	0.052632
164	279	0.035714
164	311	0.050000
164	403	0.058824
164	425	0.055556
164	437	0.055556
165	1	0.012346
165	12	0.009615
165	20	0.007812
165	23	0.008696
165	24	0.009709
165	25	0.012346
165	47	0.014286
165	59	0.017544
165	74	0.020000
165	92	0.017241
165	93	0.021739
165	111	0.018182
165	115	0.032258
165	121	0.033333
165	125	0.032258
165	143	0.029412
165	159	0.029412
165	175	0.040000
165	185	0.031250
165	210	0.028571
165	218	0.047619
165	226	0.045455
165	228	0.038462
165	232	0.045455
165	243	0.040000
165	249	0.045455
165	291	0.050000
165	332	0.055556
165	355	0.055556
165	357	0.055556
165	362	0.055556
165	398	0.055556
165	426	0.058824
165	438	0.058824
165	444	0.058824
166	13	0.015152
166	14	0.016393
166	19	0.008264
166	21	0.007812
166	30	0.012658
166	65	0.019231
166	76	0.023256
166	77	0.016129
166	80	0.023810
166	95	0.022727
166	98	0.027778
166	100	0.031250
166	102	0.023810
166	122	0.043478
166	131	0.025000
166	152	0.028571
166	153	0.024390
166	182	0.035714
166	197	0.040000
166	214	0.045455
166	253	0.043478
166	352	0.055556
166	406	0.055556
166	413	0.058824
166	418	0.055556
166	419	0.055556
166	428	0.058824
167	0	0.007752
167	2	0.019608
167	3	0.017544
167	6	0.016667
167	8	0.014493
167	12	0.009615
167	18	0.007407
167	22	0.007463
167	24	0.009709
167	32	0.014085
167	42	0.014925
167	57	0.022222
167	81	0.024390
167	91	0.028571
167	122	0.043478
167	134	0.028571
167	156	0.024390
167	201	0.037037
167	220	0.043478
167	259	0.041667
167	274	0.043478
167	307	0.052632
167	328	0.055556
167	335	0.050000
167	349	0.052632
167	370	0.052632
167	382	0.050000
167	413	0.058824
168	4	0.018182
168	5	0.014286
168	19	0.008264
168	21	0.007812
168	24	0.009709
168	33	0.012658
168	43	0.014706
168	64	0.018519
168	69	0.017857
168	87	0.025000
168	94	0.020000
168	96	0.033333
168	103	0.020833
168	119	0.025000
168	131	0.025000
168	135	0.022727
168	149	0.041667
168	228	0.038462
168	264	0.043478
168	265	0.055556
168	270	0.047619
168	280	0.038462
168	369	0.043478
168	376	0.058824
169	5	0.014286
169	12	0.009615
169	20	0.007812
169	22	0.007463
169	24	0.009709
169	29	0.011765
169	33	0.012658
169	34	0.012346
169	41	0.018519
169	42	0.014925
169	62	0.020833
169	80	0.023810
169	105	0.031250
169	107	0.020833
169	113	0.030303
169	120	0.031250
169	155	0.033333
169	198	0.045455
169	221	0.043478
169	232	0.045455
169	285	0.043478
169	347	0.041667
170	17	0.016129
170	27	0.008065
170	31	0.009615
170	37	0.009709
170	41	0.018519
170	58	0.018868
170	79	0.025641
170	92	0.017241
170	94	0.020000
170	118	0.022222
170	119	0.025000
170	127	0.028571
170	132	0.027027
170	140	0.029412
170	144	0.031250
170	146	0.027027
170	164	0.035714
170	183	0.040000
170	187	0.034483
170	224	0.043478
170	310	0.050000
170	345	0.047619
170	380	0.058824
170	394	0.052632
170	406	0.055556
170	417	0.055556
171	5	0.014286
171	8	0.014493
171	15	0.029412
171	26	0.013514
171	35	0.012987
171	37	0.009709
171	51	0.017241
171	63	0.023256
171	74	0.020000
171	92	0.017241
171	103	0.020833
171	107	0.020833
171	115	0.032258
171	131	0.025000
171	136	0.025000
171	150	0.031250
171	154	0.027027
171	186	0.035714
171	191	0.029412
171	216	0.027778
171	219	0.043478
171	220	0.043478
171	227	0.037037
171	290	0.038462
171	335	0.050000
171	358	0.058824
172	6	0.016667
172	15	0.029412
172	17	0.016129
172	19	0.008264
172	23	0.008696
172	31	0.009615
172	46	0.020000
172	52	0.015625
172	58	0.018868
172	69	0.017857
172	71	0.017241
172	105	0.031250
172	111	0.018182
172	112	0.021277
172	132	0.027027
172	147	0.029412
172	151	0.034483
172	201	0.037037
172	212	0.038462
172	213	0.043478
172	226	0.045455
172	235	0.038462
172	276	0.043478
172	282	0.045455
172	292	0.045455
172	298	0.050000
172	300	0.055556
172	308	0.050000
172	318	0.041667
172	366	0.058824
172	374	0.055556
173	12	0.009615
173	21	0.007812
173	24	0.009709
173	25	0.012346
173	28	0.011111
173	35	0.012987
173	37	0.009709
173	46	0.020000
173	62	0.020833
173	95	0.022727
173	109	0.025000
173	110	0.030303
173	120	0.031250
173	144	0.031250
173	150	0.031250
173	152	0.028571
173	154	0.027027
173	179	0.038462
173	208	0.052632
173	231	0.052632
173	232	0.045455
173	245	0.040000
173	260	0.037037
173	300	0.055556
173	327	0.047619
173	354	0.050000
173	372	0.052632
173	428	0.058824
174	1	0.012346
174	19	0.008264
174	21	0.007812
174	29	0.011765
174	34	0.012346
174	35	0.012987
174	62	0.020833
174	68	0.020408
174	85	0.021739
174	86	0.021739
174	87	0.025000
174	88	0.027027
174	89	0.020000
174	110	0.030303
174	136	0.025000
174	148	0.034483
174	162	0.027778
174	190	0.030303
174	211	0.038462
174	212	0.038462
174	230	0.033333
174	265	0.055556
174	275	0.041667
174	280	0.038462
174	302	0.045455
174	315	0.052632
174	365	0.052632
174	386	0.055556
174	410	0.052632
174	420	0.058824
174	426	0.058824
174	440	0.058824
175	0	0.007752
175	12	0.009615
175	18	0.007407
175	20	0.007812
175	21	0.007812
175	22	0.007463
175	27	0.008065
175	76	0.023256
175	89	0.020000
175	92	0.017241
175	102	0.023810
175	105	0.031250
175	115	0.032258
175	134	0.028571
175	150	0.031250
175	151	0.034483
175	165	0.028571
175	177	0.045455
175	189	0.045455
175	190	0.030303
175	202	0.043478
175	229	0.035714
175	265	0.055556
175	417	0.055556
175	434	0.058824
176	14	0.016393
176	18	0.007407
176	19	0.008264
176	33	0.012658
176	34	0.012346
176	37	0.009709
176	54	0.013699
176	71	0.017241
176	77	0.016129
176	85	0.021739
176	89	0.020000
176	92	0.017241
176	100	0.031250
176	120	0.031250
176	126	0.033333
176	132	0.027027
176	146	0.027027
176	181	0.052632
176	192	0.037037
176	259	0.041667
176	284	0.052632
176	302	0.045455
176	304	0.052632
176	384	0.055556
177	6	0.016667
177	17	0.016129
177	18	0.007407
177	23	0.008696
177	28	0.011111
177	32	0.014085
177	57	0.022222
177	60	0.014925
177	82	0.019608
177	93	0.021739
177	97	0.023256
177	106	0.025000
177	109	0.025000
177	138	0.033333
177	150	0.031250
177	153	0.024390
177	175	0.040000
177	190	0.030303
177	240	0.043478
177	312	0.052632
177	374	0.055556
177	428	0.058824
178	0	0.007752
178	7	0.017857
178	9	0.011364
178	21	0.007812
178	24	0.009709
178	28	0.011111
178	45	0.017241
178	60	0.014925
178	63	0.023256
178	75	0.027778
178	81	0.024390
178	90	0.017857
178	97	0.023256
178	114	0.028571
178	118	0.022222
178	140	0.029412
178	153	0.024390
178	183	0.040000
178	221	0.043478
178	228	0.038462
178	231	0.052632
178	236	0.041667
178	252	0.035714
178	267	0.043478
178	274	0.043478
178	321	0.050000
178	334	0.047619
178	377	0.055556
178	385	0.055556
178	404	0.058824
178	445	0.058824
179	5	0.014286
179	7	0.017857
179	9	0.011364
179	15	0.029412
179	27	0.008065
179	30	0.012658
179	33	0.012658
179	37	0.009709
179	38	0.024390
179	43	0.014706
179	61	0.020833
179	71	0.017241
179	76	0.023256
179	85	0.021739
179	106	0.025000
179	152	0.028571
179	173	0.035714
179	192	0.037037
179	199	0.037037
179	240	0.043478
179	253	0.043478
179	281	0.058824
179	287	0.047619
179	310	0.050000
179	426	0.058824
179	432	0.058824
180	1	0.012346
180	16	0.017857
180	18	0.007407
180	23	0.008696
180	30	0.012658
180	31	0.009615
180	32	0.014085
180	39	0.020000
180	48	0.018868
180	49	0.017241
180	54	0.013699
180	58	0.018868
180	66	0.019231
180	71	0.017241
180	106	0.025000
180	137	0.030303
180	147	0.029412
180	199	0.037037
180	244	0.052632
180	257	0.047619
180	278	0.047619
180	283	0.050000
180	317	0.052632
180	334	0.047619
180	366	0.058824
180	389	0.058824
180	404	0.058824
180	408	0.055556
180	410	0.052632
180	414	0.058824
180	421	0.055556
181	4	0.018182
181	6	0.016667
181	19	0.008264
181	20	0.007812
181	56	0.014706
181	62	0.020833
181	63	0.023256
181	90	0.017857
181	111	0.018182
181	125	0.032258
181	135	0.022727
181	136	0.025000
181	138	0.033333
181	140	0.029412
181	145	0.034483
181	154	0.027027
181	176	0.041667
181	234	0.033333
181	415	0.058824
182	12	0.009615
182	18	0.007407
182	20	0.007812
182	22	0.007463
182	33	0.012658
182	37	0.009709
182	53	0.018868
182	64	0.018519
182	74	0.020000
182	78	0.020833
182	87	0.025000
182	107	0.020833
182	129	0.033333
182	135	0.022727
182	138	0.033333
182	141	0.035714
182	166	0.037037
182	185	0.031250
182	201	0.037037
182	238	0.050000
182	273	0.043478
182	302	0.045455
182	314	0.050000
182	328	0.055556
182	344	0.052632
182	345	0.047619
182	363	0.055556
182	373	0.052632
183	22	0.007463
183	23	0.008696
183	28	0.011111
183	34	0.012346
183	36	0.011765
183	41	0.018519
183	42	0.014925
183	77	0.016129
183	82	0.019608
183	84	0.018868
183	89	0.020000
183	109	0.025000
183	132	0.027027
183	134	0.028571
183	158	0.045455
183	170	0.038462
183	178	0.032258
183	187	0.034483
183	199	0.037037
183	290	0.038462
183	299	0.043478
183	316	0.052632
183	400	0.055556
183	410	0.052632
183	431	0.055556
184	11	0.022727
184	19	0.008264
184	22	0.007463
184	26	0.013514
184	27	0.008065
184	30	0.012658
184	37	0.009709
184	48	0.018868
184	54	0.013699
184	66	0.019231
184	84	0.018868
184	92	0.017241
184	124	0.026316
184	127	0.028571
184	149	0.041667
184	150	0.031250
184	162	0.027778
184	255	0.040000
184	260	0.037037
184	285	0.043478
184	371	0.058824
184	399	0.052632
184	401	0.055556
184	426	0.058824
185	2	0.019608
185	7	0.017857
185	19	0.008264
185	21	0.007812
185	22	0.007463
185	37	0.009709
185	50	0.019231
185	58	0.018868
185	59	0.017544
185	77	0.016129
185	82	0.019608
185	97	0.023256
185	99	0.030303
185	134	0.028571
185	161	0.034483
185	165	0.028571
185	182	0.035714
185	193	0.041667
185	194	0.047619
185	203	0.047619
185	206	0.035714
185	207	0.038462
185	231	0.052632
185	246	0.041667
185	251	0.038462
185	259	0.041667
185	262	0.037037
185	293	0.045455
185	315	0.052632
185	341	0.055556
185	441	0.055556
185	443	0.058824
186	6	0.016667
186	21	0.007812
186	30	0.012658
186	31	0.009615
186	32	0.014085
186	37	0.009709
186	49	0.017241
186	58	0.018868
186	60	0.014925
186	65	0.019231
186	66	0.019231
186	77	0.016129
186	98	0.027778
186	115	0.032258
186	131	0.025000
186	138	0.033333
186	171	0.038462
186	191	0.029412
186	237	0.037037
186	298	0.050000
186	318	0.041667
186	339	0.052632
186	347	0.041667
186	364	0.052632
186	400	0.055556
186	410	0.052632
186	422	0.058824
186	425	0.055556
187	0	0.007752
187	9	0.011364
187	18	0.007407
187	19	0.008264
187	28	0.011111
187	29	0.011765
187	39	0.020000
187	48	0.018868
187	69	0.017857
187	71	0.017241
187	82	0.019608
187	89	0.020000
187	93	0.021739
187	94	0.020000
187	101	0.021739
187	170	0.038462
187	183	0.040000
187	213	0.043478
187	219	0.043478
187	281	0.058824
187	291	0.050000
187	295	0.047619
187	313	0.055556
187	350	0.050000
187	392	0.055556
187	403	0.058824
187	415	0.058824
187	441	0.055556
187	447	0.058824
188	7	0.017857
188	12	0.009615
188	22	0.007463
188	29	0.011765
188	33	0.012658
188	46	0.020000
188	47	0.014286
188	52	0.015625
188	57	0.022222
188	72	0.025641
188	80	0.023810
188	102	0.023810
188	124	0.026316
188	141	0.035714
188	145	0.034483
188	153	0.024390
188	154	0.027027
188	200	0.045455
188	212	0.038462
188	240	0.043478
188	256	0.047619
188	258	0.047619
188	269	0.043478
188	278	0.047619
188	406	0.055556
188	423	0.058824
188	436	0.058824
189	8	0.014493
189	11	0.022727
189	22	0.007463
189	23	0.008696
189	27	0.008065
189	29	0.011765
189	30	0.012658
189	31	0.009615
189	35	0.012987
189	37	0.009709
189	40	0.013889
189	48	0.018868
189	103	0.020833
189	107	0.020833
189	115	0.032258
189	162	0.027778
189	175	0.040000
189	257	0.047619
189	273	0.043478
189	301	0.041667
189	355	0.055556
189	415	0.058824
190	12	0.009615
190	19	0.008264
190	23	0.008696
190	28	0.011111
190	33	0.012658
190	45	0.017241
190	47	0.014286
190	54	0.013699
190	56	0.014706
190	68	0.020408
190	77	0.016129
190	90	0.017857
190	112	0.021277
190	146	0.027027
190	174	0.031250
190	175	0.040000
190	177	0.045455
190	225	0.045455
190	231	0.052632
190	238	0.050000
190	250	0.045455
190	266	0.041667
190	289	0.040000
190	297	0.043478
190	303	0.052632
190	305	0.052632
190	322	0.050000
190	328	0.055556
190	361	0.052632
190	411	0.050000
190	412	0.055556
190	423	0.058824
190	426	0.058824
191	0	0.007752
191	8	0.014493
191	21	0.007812
191	22	0.007463
191	24	0.009709
191	37	0.009709
191	47	0.014286
191	50	0.019231
191	52	0.015625
191	53	0.018868
191	69	0.017857
191	84	0.018868
191	96	0.033333
191	137	0.030303
191	158	0.045455
191	171	0.038462
191	186	0.035714
191	201	0.037037
191	210	0.028571
191	222	0.038462
191	228	0.038462
191	237	0.037037
191	269	0.043478
191	299	0.043478
191	329	0.052632
191	369	0.043478
191	379	0.058824
191	388	0.050000
191	398	0.055556
191	399	0.052632
191	412	0.055556
191	416	0.055556
191	442	0.058824
191	446	0.058824
192	9	0.011364
192	20	0.007812
192	22	0.007463
192	23	0.008696
192	25	0.012346
192	38	0.024390
192	53	0.018868
192	54	0.013699
192	72	0.025641
192	76	0.023256
192	92	0.017241
192	97	0.023256
192	101	0.021739
192	103	0.020833
192	127	0.028571
192	176	0.041667
192	179	0.038462
192	202	0.043478
192	248	0.052632
192	255	0.040000
192	294	0.047619
192	305	0.052632
192	318	0.041667
192	334	0.047619
192	356	0.050000
192	402	0.058824
192	441	0.055556
193	0	0.007752
193	1	0.012346
193	2	0.019608
193	5	0.014286
193	7	0.017857
193	10	0.020000
193	14	0.016393
193	29	0.011765
193	40	0.013889
193	44	0.014925
193	64	0.018519
193	74	0.020000
193	92	0.017241
193	103	0.020833
193	129	0.033333
193	134	0.028571
193	185	0.031250
193	242	0.045455
193	248	0.052632
193	304	0.052632
193	350	0.050000
193	351	0.052632
193	360	0.058824
193	367	0.055556
194	0	0.007752
194	5	0.014286
194	12	0.009615
194	20	0.007812
194	34	0.012346
194	44	0.014925
194	48	0.018868
194	49	0.017241
194	70	0.020833
194	84	0.018868
194	93	0.021739
194	106	0.025000
194	107	0.020833
194	109	0.025000
194	135	0.022727
194	152	0.028571
194	185	0.031250
194	223	0.040000
194	241	0.038462
194	343	0.055556
194	438	0.058824
195	5	0.014286
195	8	0.014493
195	21	0.007812
195	23	0.008696
195	28	0.011111
195	31	0.009615
195	32	0.014085
195	33	0.012658
195	40	0.013889
195	45	0.017241
195	73	0.022727
195	91	0.028571
195	113	0.030303
195	124	0.026316
195	139	0.041667
195	142	0.037037
195	160	0.027027
195	222	0.038462
195	224	0.043478
195	227	0.037037
195	246	0.041667
195	269	0.043478
195	282	0.045455
195	364	0.052632
195	368	0.055556
195	402	0.058824
195	435	0.058824
195	438	0.058824
196	10	0.020000
196	14	0.016393
196	19	0.008264
196	20	0.007812
196	29	0.011765
196	35	0.012987
196	36	0.011765
196	45	0.017241
196	61	0.020833
196	74	0.020000
196	77	0.016129
196	80	0.023810
196	110	0.030303
196	112	0.021277
196	113	0.030303
196	118	0.022222
196	138	0.033333
196	199	0.037037
196	216	0.027778
196	230	0.033333
196	254	0.052632
196	261	0.041667
196	288	0.038462
196	328	0.055556
196	338	0.047619
196	378	0.055556
196	388	0.050000
196	412	0.055556
196	434	0.058824
196	443	0.058824
196	444	0.058824
197	0	0.007752
197	11	0.022727
197	12	0.009615
197	22	0.007463
197	26	0.013514
197	27	0.008065
197	46	0.020000
197	53	0.018868
197	66	0.019231
197	84	0.018868
197	85	0.021739
197	86	0.021739
197	92	0.017241
197	102	0.023810
197	107	0.020833
197	111	0.018182
197	166	0.037037
197	248	0.052632
197	277	0.045455
197	309	0.052632
197	356	0.050000
197	362	0.055556
197	371	0.058824
197	427	0.058824
197	429	0.058824
198	10	0.020000
198	13	0.015152
198	14	0.016393
198	34	0.012346
198	40	0.013889
198	42	0.014925
198	50	0.019231
198	52	0.015625
198	59	0.017544
198	64	0.018519
198	71	0.017241
198	76	0.023256
198	82	0.019608
198	84	0.018868
198	99	0.030303
198	130	0.035714
198	169	0.045455
198	224	0.043478
198	265	0.055556
198	297	0.043478
198	387	0.052632
198	428	0.058824
199	0	0.007752
199	5	0.014286
199	13	0.015152
199	21	0.007812
199	42	0.014925
199	64	0.018519
199	69	0.017857
199	71	0.017241
199	83	0.026316
199	92	0.017241
199	112	0.021277
199	114	0.028571
199	136	0.025000
199	179	0.038462
199	180	0.032258
199	183	0.040000
199	196	0.032258
199	217	0.052632
199	222	0.038462
199	231	0.052632
199	233	0.031250
199	308	0.050000
199	342	0.052632
199	367	0.055556
199	413	0.058824
199	437	0.055556
199	447	0.058824
200	0	0.007752
200	11	0.022727
200	18	0.007407
200	19	0.008264
200	21	0.007812
200	22	0.007463
200	23	0.008696
200	30	0.012658
200	43	0.014706
200	65	0.019231
200	92	0.017241
200	110	0.030303
200	118	0.022222
200	138	0.033333
200	153	0.024390
200	156	0.024390
200	188	0.037037
200	238	0.050000
200	258	0.047619
200	289	0.040000
200	335	0.050000
200	386	0.055556
201	35	0.012987
201	58	0.018868
201	74	0.020000
201	87	0.025000
201	96	0.033333
201	111	0.018182
201	121	0.033333
201	127	0.028571
201	131	0.025000
201	134	0.028571
201	146	0.027027
201	151	0.034483
201	156	0.024390
201	167	0.035714
201	172	0.032258
201	182	0.035714
201	191	0.029412
201	276	0.043478
201	288	0.038462
201	322	0.050000
201	354	0.050000
201	364	0.052632
201	376	0.058824
201	381	0.052632
201	384	0.055556
201	429	0.058824
201	445	0.058824
202	15	0.029412
202	31	0.009615
202	37	0.009709
202	45	0.017241
202	54	0.013699
202	69	0.017857
202	72	0.025641
202	74	0.020000
202	78	0.020833
202	83	0.026316
202	103	0.020833
202	115	0.032258
202	120	0.031250
202	123	0.043478
202	135	0.022727
202	175	0.040000
202	192	0.037037
202	211	0.038462
202	212	0.038462
202	257	0.047619
202	323	0.052632
202	342	0.052632
202	344	0.052632
203	9	0.011364
203	17	0.016129
203	24	0.009709
203	31	0.009615
203	43	0.014706
203	47	0.014286
203	68	0.020408
203	71	0.017241
203	77	0.016129
203	82	0.019608
203	89	0.020000
203	90	0.017857
203	107	0.020833
203	112	0.021277
203	142	0.037037
203	160	0.027027
203	185	0.031250
203	224	0.043478
203	301	0.041667
203	350	0.050000
203	414	0.058824
204	19	0.008264
204	21	0.007812
204	27	0.008065
204	37	0.009709
204	39	0.020000
204	46	0.020000
204	52	0.015625
204	55	0.015873
204	56	0.014706
204	57	0.022222
204	70	0.020833
204	81	0.024390
204	96	0.033333
204	123	0.043478
204	125	0.032258
204	143	0.029412
204	155	0.033333
204	207	0.038462
204	265	0.055556
204	324	0.052632
204	328	0.055556
205	3	0.017544
205	20	0.007812
205	22	0.007463
205	26	0.013514
205	27	0.008065
205	33	0.012658
205	34	0.012346
205	63	0.023256
205	86	0.021739
205	88	0.027027
205	99	0.030303
205	111	0.018182
205	117	0.027778
205	121	0.033333
205	135	0.022727
205	141	0.035714
205	159	0.029412
205	208	0.052632
205	269	0.043478
205	292	0.045455
205	301	0.041667
205	337	0.041667
205	372	0.052632
205	397	0.052632
205	446	0.058824
206	0	0.007752
206	20	0.007812
206	29	0.011765
206	35	0.012987
206	48	0.018868
206	58	0.018868
206	59	0.017544
206	63	0.023256
206	72	0.025641
206	87	0.025000
206	108	0.025000
206	112	0.021277
206	127	0.028571
206	139	0.041667
206	144	0.031250
206	160	0.027027
206	185	0.031250
206	210	0.028571
206	247	0.045455
206	254	0.052632
206	271	0.040000
206	295	0.047619
206	304	0.052632
206	325	0.052632
206	374	0.055556
206	377	0.055556
206	379	0.058824
206	432	0.058824
207	6	0.016667
207	16	0.017857
207	27	0.008065
207	29	0.011765
207	43	0.014706
207	44	0.014925
207	54	0.013699
207	66	0.019231
207	72	0.025641
207	77	0.016129
207	84	0.018868
207	124	0.026316
207	150	0.031250
207	152	0.028571
207	156	0.024390
207	185	0.031250
207	204	0.047619
207	224	0.043478
207	225	0.045455
207	258	0.047619
207	268	0.034483
207	298	0.050000
207	385	0.055556
207	389	0.058824
207	413	0.058824
207	444	0.058824
208	2	0.019608
208	12	0.009615
208	20	0.007812
208	24	0.009709
208	47	0.014286
208	48	0.018868
208	52	0.015625
208	53	0.018868
208	57	0.022222
208	94	0.020000
208	109	0.025000
208	145	0.034483
208	148	0.034483
208	154	0.027027
208	162	0.027778
208	173	0.035714
208	205	0.040000
208	341	0.055556
208	438	0.058824
209	5	0.014286
209	6	0.016667
209	19	0.008264
209	20	0.007812
209	22	0.007463
209	32	0.014085
209	40	0.013889
209	42	0.014925
209	47	0.014286
209	59	0.017544
209	77	0.016129
209	111	0.018182
209	124	0.026316
209	133	0.030303
209	134	0.028571
209	152	0.028571
209	164	0.035714
209	233	0.031250
209	241	0.038462
209	246	0.041667
209	370	0.052632
209	380	0.058824
209	402	0.058824
209	404	0.058824
209	421	0.055556
210	18	0.007407
210	30	0.012658
210	34	0.012346
210	35	0.012987
210	37	0.009709
210	41	0.018519
210	59	0.017544
210	88	0.027027
210	89	0.020000
210	107	0.020833
210	125	0.032258
210	135	0.022727
210	144	0.031250
210	162	0.027778
210	165	0.028571
210	191	0.029412
210	206	0.035714
210	237	0.037037
210	267	0.043478
210	268	0.034483
210	290	0.038462
210	310	0.050000
210	316	0.052632
210	330	0.052632
210	352	0.055556
210	355	0.055556
210	356	0.050000
210	360	0.058824
210	381	0.052632
210	394	0.052632
210	401	0.055556
210	405	0.058824
210	419	0.055556
210	424	0.058824
210	447	0.058824
211	0	0.007752
211	4	0.018182
211	6	0.016667
211	9	0.011364
211	11	0.022727
211	18	0.007407
211	45	0.017241
211	54	0.013699
211	56	0.014706
211	63	0.023256
211	101	0.021739
211	107	0.020833
211	136	0.025000
211	143	0.029412
211	152	0.028571
211	174	0.031250
211	202	0.043478
211	226	0.045455
211	260	0.037037
211	274	0.043478
211	278	0.047619
211	326	0.047619
211	333	0.047619
211	353	0.055556
211	354	0.050000
211	358	0.058824
212	0	0.007752
212	8	0.014493
212	11	0.022727
212	22	0.007463
212	27	0.008065
212	43	0.014706
212	48	0.018868
212	55	0.015873
212	85	0.021739
212	110	0.030303
212	116	0.026316
212	156	0.024390
212	161	0.034483
212	172	0.032258
212	174	0.031250
212	188	0.037037
212	202	0.043478
212	217	0.052632
212	249	0.045455
212	293	0.045455
212	299	0.043478
212	327	0.047619
212	340	0.050000
212	354	0.050000
212	386	0.055556
212	402	0.058824
213	0	0.007752
213	13	0.015152
213	18	0.007407
213	21	0.007812
213	22	0.007463
213	35	0.012987
213	43	0.014706
213	46	0.020000
213	56	0.014706
213	81	0.024390
213	106	0.025000
213	111	0.018182
213	136	0.025000
213	146	0.027027
213	153	0.024390
213	172	0.032258
213	187	0.034483
213	216	0.027778
213	225	0.045455
213	294	0.047619
213	384	0.055556
213	403	0.058824
213	427	0.058824
214	6	0.016667
214	9	0.011364
214	16	0.017857
214	22	0.007463
214	27	0.008065
214	34	0.012346
214	47	0.014286
214	59	0.017544
214	77	0.016129
214	85	0.021739
214	86	0.021739
214	95	0.022727
214	101	0.021739
214	119	0.025000
214	137	0.030303
214	160	0.027027
214	166	0.037037
214	273	0.043478
214	279	0.035714
214	337	0.041667
214	357	0.055556
214	441	0.055556
215	4	0.018182
215	12	0.009615
215	21	0.007812
215	29	0.011765
215	30	0.012658
215	76	0.023256
215	82	0.019608
215	94	0.020000
215	103	0.020833
215	111	0.018182
215	112	0.021277
215	114	0.028571
215	124	0.026316
215	130	0.035714
215	132	0.027027
215	144	0.031250
215	153	0.024390
215	248	0.052632
215	304	0.052632
215	312	0.052632
215	314	0.050000
215	329	0.052632
215	370	0.052632
215	374	0.055556
215	383	0.047619
215	391	0.052632
215	399	0.052632
215	405	0.058824
215	418	0.055556
216	0	0.007752
216	11	0.022727
216	19	0.008264
216	25	0.012346
216	26	0.013514
216	28	0.011111
216	55	0.015873
216	56	0.014706
216	68	0.020408
216	90	0.017857
216	102	0.023810
216	109	0.025000
216	119	0.025000
216	160	0.027027
216	171	0.038462
216	196	0.032258
216	213	0.043478
216	225	0.045455
216	226	0.045455
216	234	0.033333
216	236	0.041667
216	237	0.037037
216	261	0.041667
216	313	0.055556
216	322	0.050000
216	328	0.055556
216	333	0.047619
216	339	0.052632
216	340	0.050000
216	341	0.055556
216	355	0.055556
216	359	0.055556
216	367	0.055556
216	391	0.052632
216	418	0.055556
216	443	0.058824
217	2	0.019608
217	3	0.017544
217	8	0.014493
217	18	0.007407
217	24	0.009709
217	38	0.024390
217	40	0.013889
217	52	0.015625
217	61	0.020833
217	75	0.027778
217	86	0.021739
217	93	0.021739
217	100	0.031250
217	130	0.035714
217	141	0.035714
217	199	0.037037
217	212	0.038462
217	225	0.045455
217	234	0.033333
218	7	0.017857
218	14	0.016393
218	20	0.007812
218	24	0.009709
218	28	0.011111
218	32	0.014085
218	34	0.012346
218	44	0.014925
218	55	0.015873
218	67	0.022222
218	87	0.025000
218	109	0.025000
218	118	0.022222
218	124	0.026316
218	163	0.033333
218	164	0.035714
218	165	0.028571
218	264	0.043478
218	308	0.050000
218	342	0.052632
218	383	0.047619
219	14	0.016393
219	18	0.007407
219	24	0.009709
219	30	0.012658
219	31	0.009615
219	67	0.022222
219	75	0.027778
219	86	0.021739
219	90	0.017857
219	103	0.020833
219	107	0.020833
219	108	0.025000
219	140	0.029412
219	147	0.029412
219	150	0.031250
219	171	0.038462
219	187	0.034483
219	330	0.052632
219	346	0.045455
219	349	0.052632
219	375	0.050000
219	406	0.055556
219	429	0.058824
220	2	0.019608
220	5	0.014286
220	18	0.007407
220	22	0.007463
220	25	0.012346
220	27	0.008065
220	28	0.011111
220	36	0.011765
220	37	0.009709
220	66	0.019231
220	73	0.022727
220	75	0.027778
220	104	0.031250
220	123	0.043478
220	128	0.033333
220	167	0.035714
220	171	0.038462
220	236	0.041667
220	327	0.047619
220	384	0.055556
220	391	0.052632
220	438	0.058824
220	441	0.055556
221	1	0.012346
221	9	0.011364
221	22	0.007463
221	29	0.011765
221	33	0.012658
221	38	0.024390
221	45	0.017241
221	66	0.019231
221	82	0.019608
221	119	0.025000
221	136	0.025000
221	138	0.033333
221	144	0.031250
221	148	0.034483
221	152	0.028571
221	169	0.045455
221	178	0.032258
221	230	0.033333
221	316	0.052632
221	321	0.050000
221	322	0.050000
221	325	0.052632
221	407	0.058824
222	0	0.007752
222	5	0.014286
222	24	0.009709
222	42	0.014925
222	69	0.017857
222	88	0.027027
222	89	0.020000
222	106	0.025000
222	117	0.027778
222	118	0.022222
222	149	0.041667
222	151	0.034483
222	161	0.034483
222	163	0.033333
222	191	0.029412
222	195	0.035714
222	199	0.037037
222	244	0.052632
222	248	0.052632
222	271	0.040000
222	310	0.050000
222	330	0.052632
222	393	0.055556
222	414	0.058824
222	422	0.058824
222	437	0.055556
223	8	0.014493
223	12	0.009615
223	16	0.017857
223	17	0.016129
223	22	0.007463
223	25	0.012346
223	54	0.013699
223	73	0.022727
223	93	0.021739
223	111	0.018182
223	115	0.032258
223	124	0.026316
223	130	0.035714
223	148	0.034483
223	152	0.028571
223	159	0.029412
223	194	0.047619
223	237	0.037037
223	355	0.055556
223	357	0.055556
223	363	0.055556
223	373	0.052632
223	388	0.050000
223	422	0.058824
223	440	0.058824
224	2	0.019608
224	9	0.011364
224	21	0.007812
224	33	0.012658
224	49	0.017241
224	51	0.017241
224	56	0.014706
224	111	0.018182
224	112	0.021277
224	121	0.033333
224	160	0.027027
224	161	0.034483
224	170	0.038462
224	195	0.035714
224	198	0.045455
224	203	0.047619
224	207	0.038462
224	256	0.047619
224	304	0.052632
224	363	0.055556
224	366	0.058824
224	444	0.058824
224	446	0.058824
225	2	0.019608
225	7	0.017857
225	45	0.017241
225	51	0.017241
225	52	0.015625
225	59	0.017544
225	68	0.020408
225	94	0.020000
225	99	0.030303
225	101	0.021739
225	103	0.020833
225	163	0.033333
225	190	0.030303
225	207	0.038462
225	213	0.043478
225	216	0.027778
225	217	0.052632
225	228	0.038462
225	285	0.043478
225	286	0.050000
225	339	0.052632
225	344	0.052632
226	10	0.020000
226	27	0.008065
226	32	0.014085
226	36	0.011765
226	43	0.014706
226	65	0.019231
226	67	0.022222
226	82	0.019608
226	119	0.025000
226	127	0.028571
226	131	0.025000
226	132	0.027027
226	162	0.027778
226	165	0.028571
226	172	0.032258
226	211	0.038462
226	216	0.027778
226	245	0.040000
226	303	0.052632
226	306	0.050000
226	321	0.050000
226	360	0.058824
227	23	0.008696
227	27	0.008065
227	30	0.012658
227	31	0.009615
227	37	0.009709
227	52	0.015625
227	53	0.018868
227	60	0.014925
227	62	0.020833
227	85	0.021739
227	106	0.025000
227	114	0.028571
227	118	0.022222
227	122	0.043478
227	154	0.027027
227	171	0.038462
227	195	0.035714
227	233	0.031250
227	265	0.055556
227	278	0.047619
227	290	0.038462
227	294	0.047619
227	296	0.047619
227	304	0.052632
227	335	0.050000
227	339	0.052632
227	435	0.058824
228	12	0.009615
228	14	0.016393
228	18	0.007407
228	20	0.007812
228	27	0.008065
228	41	0.018519
228	44	0.014925
228	65	0.019231
228	80	0.023810
228	108	0.025000
228	119	0.025000
228	124	0.026316
228	165	0.028571
228	168	0.041667
228	178	0.032258
228	191	0.029412
228	225	0.045455
228	254	0.052632
228	307	0.052632
228	318	0.041667
228	334	0.047619
228	357	0.055556
228	400	0.055556
228	401	0.055556
228	432	0.058824
228	441	0.055556
229	0	0.007752
229	3	0.017544
229	13	0.015152
229	18	0.007407
229	19	0.008264
229	36	0.011765
229	61	0.020833
229	70	0.020833
229	84	0.018868
229	90	0.017857
229	103	0.020833
229	116	0.026316
229	125	0.032258
229	133	0.030303
229	143	0.029412
229	159	0.029412
229	175	0.040000
229	240	0.043478
229	296	0.047619
229	306	0.050000
229	312	0.052632
229	349	0.052632
229	375	0.050000
229	376	0.058824
229	390	0.052632
229	397	0.052632
229	411	0.050000
229	425	0.055556
230	4	0.018182
230	10	0.020000
230	12	0.009615
230	16	0.017857
230	33	0.012658
230	48	0.018868
230	56	0.014706
230	59	0.017544
230	71	0.017241
230	74	0.020000
230	77	0.016129
230	87	0.025000
230	103	0.020833
230	134	0.028571
230	174	0.031250
230	196	0.032258
230	221	0.043478
230	265	0.055556
230	270	0.047619
230	286	0.050000
230	291	0.050000
230	302	0.045455
230	313	0.055556
230	326	0.047619
230	341	0.055556
230	374	0.055556
230	387	0.052632
230	395	0.052632
230	414	0.058824
230	437	0.055556
231	13	0.015152
231	18	0.007407
231	20	0.007812
231	23	0.008696
231	32	0.014085
231	36	0.011765
231	47	0.014286
231	53	0.018868
231	82	0.019608
231	95	0.022727
231	124	0.026316
231	155	0.033333
231	173	0.035714
231	178	0.032258
231	185	0.031250
231	190	0.030303
231	199	0.037037
231	243	0.040000
231	262	0.037037
232	1	0.012346
232	11	0.022727
232	12	0.009615
232	25	0.012346
232	28	0.011111
232	35	0.012987
232	36	0.011765
232	62	0.020833
232	69	0.017857
232	80	0.023810
232	87	0.025000
232	104	0.031250
232	119	0.025000
232	148	0.034483
232	165	0.028571
232	169	0.045455
232	173	0.035714
232	262	0.037037
232	277	0.045455
232	356	0.050000
232	359	0.055556
232	369	0.043478
233	8	0.014493
233	10	0.020000
233	18	0.007407
233	23	0.008696
233	31	0.009615
233	44	0.014925
233	60	0.014925
233	84	0.018868
233	99	0.030303
233	108	0.025000
233	109	0.025000
233	110	0.030303
233	116	0.026316
233	162	0.027778
233	199	0.037037
233	209	0.040000
233	227	0.037037
233	235	0.038462
233	258	0.047619
233	272	0.041667
233	299	0.043478
233	313	0.055556
233	322	0.050000
233	332	0.055556
233	334	0.047619
233	362	0.055556
233	367	0.055556
233	379	0.058824
233	384	0.055556
233	385	0.055556
233	392	0.055556
233	425	0.055556
234	7	0.017857
234	19	0.008264
234	23	0.008696
234	48	0.018868
234	49	0.017241
234	59	0.017544
234	71	0.017241
234	83	0.026316
234	102	0.023810
234	103	0.020833
234	106	0.025000
234	108	0.025000
234	163	0.033333
234	164	0.035714
234	181	0.052632
234	216	0.027778
234	217	0.052632
234	239	0.040000
234	246	0.041667
234	262	0.037037
234	283	0.050000
234	325	0.052632
234	348	0.045455
234	352	0.055556
234	383	0.047619
234	388	0.050000
234	391	0.052632
234	399	0.052632
234	407	0.058824
234	408	0.055556
235	4	0.018182
235	5	0.014286
235	33	0.012658
235	51	0.017241
235	54	0.013699
235	55	0.015873
235	82	0.019608
235	91	0.028571
235	106	0.025000
235	107	0.020833
235	112	0.021277
235	136	0.025000
235	138	0.033333
235	154	0.027027
235	159	0.029412
235	172	0.032258
235	233	0.031250
235	271	0.040000
235	277	0.045455
235	299	0.043478
235	315	0.052632
235	346	0.045455
235	351	0.052632
235	398	0.055556
235	414	0.058824
235	426	0.058824
236	1	0.012346
236	11	0.022727
236	50	0.019231
236	57	0.022222
236	65	0.019231
236	67	0.022222
236	94	0.020000
236	101	0.021739
236	102	0.023810
236	112	0.021277
236	113	0.030303
236	118	0.022222
236	147	0.029412
236	149	0.041667
236	178	0.032258
236	216	0.027778
236	220	0.043478
236	258	0.047619
236	302	0.045455
236	306	0.050000
236	313	0.055556
236	364	0.052632
236	372	0.052632
236	390	0.052632
237	1	0.012346
237	6	0.016667
237	9	0.011364
237	18	0.007407
237	21	0.007812
237	44	0.014925
237	46	0.020000
237	78	0.020833
237	88	0.027027
237	129	0.033333
237	145	0.034483
237	153	0.024390
237	186	0.035714
237	191	0.029412
237	210	0.028571
237	216	0.027778
237	223	0.040000
237	253	0.043478
237	263	0.047619
237	268	0.034483
237	295	0.047619
237	333	0.047619
237	338	0.047619
237	353	0.055556
237	413	0.058824
237	418	0.055556
237	436	0.058824
238	0	0.007752
238	2	0.019608
238	25	0.012346
238	26	0.013514
238	30	0.012658
238	40	0.013889
238	42	0.014925
238	50	0.019231
238	55	0.015873
238	80	0.023810
238	81	0.024390
238	100	0.031250
238	125	0.032258
238	156	0.024390
238	182	0.035714
238	190	0.030303
238	200	0.045455
238	397	0.052632
238	433	0.058824
238	444	0.058824
239	0	0.007752
239	5	0.014286
239	22	0.007463
239	23	0.008696
239	46	0.020000
239	54	0.013699
239	68	0.020408
239	70	0.020833
239	71	0.017241
239	79	0.025641
239	101	0.021739
239	115	0.032258
239	118	0.022222
239	137	0.030303
239	140	0.029412
239	163	0.033333
239	234	0.033333
239	258	0.047619
239	262	0.037037
239	295	0.047619
239	304	0.052632
239	322	0.050000
239	385	0.055556
239	398	0.055556
239	409	0.050000
240	5	0.014286
240	18	0.007407
240	22	0.007463
240	26	0.013514
240	27	0.008065
240	32	0.014085
240	44	0.014925
240	53	0.018868
240	58	0.018868
240	59	0.017544
240	60	0.014925
240	62	0.020833
240	92	0.017241
240	177	0.045455
240	179	0.038462
240	188	0.037037
240	229	0.035714
240	250	0.045455
240	302	0.045455
240	316	0.052632
240	348	0.045455
240	389	0.058824
240	437	0.055556
241	21	0.007812
241	31	0.009615
241	35	0.012987
241	36	0.011765
241	42	0.014925
241	52	0.015625
241	59	0.017544
241	60	0.014925
241	69	0.017857
241	74	0.020000
241	86	0.021739
241	89	0.020000
241	101	0.021739
241	136	0.025000
241	157	0.041667
241	194	0.047619
241	209	0.040000
241	251	0.038462
241	268	0.034483
241	269	0.043478
241	288	0.038462
241	301	0.041667
241	314	0.050000
241	340	0.050000
241	360	0.058824
241	368	0.055556
242	1	0.012346
242	4	0.018182
242	25	0.012346
242	35	0.012987
242	38	0.024390
242	41	0.018519
242	42	0.014925
242	52	0.015625
242	67	0.022222
242	70	0.020833
242	82	0.019608
242	88	0.027027
242	93	0.021739
242	110	0.030303
242	121	0.033333
242	133	0.030303
242	193	0.041667
242	277	0.045455
242	317	0.052632
242	368	0.055556
242	379	0.058824
242	445	0.058824
243	9	0.011364
243	20	0.007812
243	22	0.007463
243	24	0.009709
243	31	0.009615
243	43	0.014706
243	53	0.018868
243	57	0.022222
243	66	0.019231
243	83	0.026316
243	84	0.018868
243	87	0.025000
243	90	0.017857
243	126	0.033333
243	146	0.027027
243	165	0.028571
243	231	0.052632
243	269	0.043478
243	287	0.047619
243	298	0.050000
243	313	0.055556
243	326	0.047619
243	346	0.045455
243	407	0.058824
243	438	0.058824
244	7	0.017857
244	12	0.009615
244	13	0.015152
244	36	0.011765
244	37	0.009709
244	39	0.020000
244	53	0.018868
244	75	0.027778
244	80	0.023810
244	99	0.030303
244	105	0.031250
244	118	0.022222
244	140	0.029412
244	146	0.027027
244	156	0.024390
244	180	0.032258
244	222	0.038462
244	273	0.043478
244	403	0.058824
245	1	0.012346
245	31	0.009615
245	49	0.017241
245	53	0.018868
245	64	0.018519
245	68	0.020408
245	81	0.024390
245	91	0.028571
245	94	0.020000
245	95	0.022727
245	102	0.023810
245	104	0.031250
245	111	0.018182
245	127	0.028571
245	164	0.035714
245	173	0.035714
245	226	0.045455
245	246	0.041667
245	255	0.040000
245	263	0.047619
245	285	0.043478
245	353	0.055556
245	389	0.058824
245	426	0.058824
245	439	0.058824
246	6	0.016667
246	8	0.014493
246	12	0.009615
246	27	0.008065
246	31	0.009615
246	41	0.018519
246	45	0.017241
246	75	0.027778
246	84	0.018868
246	89	0.020000
246	131	0.025000
246	144	0.031250
246	185	0.031250
246	195	0.035714
246	209	0.040000
246	234	0.033333
246	245	0.040000
246	267	0.043478
246	279	0.035714
246	312	0.052632
246	356	0.050000
246	360	0.058824
246	393	0.055556
246	394	0.052632
247	2	0.019608
247	23	0.008696
247	29	0.011765
247	31	0.009615
247	32	0.014085
247	34	0.012346
247	36	0.011765
247	53	0.018868
247	56	0.014706
247	58	0.018868
247	61	0.020833
247	72	0.025641
247	94	0.020000
247	112	0.021277
247	136	0.025000
247	147	0.029412
247	206	0.035714
247	309	0.052632
247	319	0.038462
247	383	0.047619
247	389	0.058824
247	400	0.055556
248	11	0.022727
248	12	0.009615
248	24	0.009709
248	28	0.011111
248	31	0.009615
248	42	0.014925
248	47	0.014286
248	60	0.014925
248	67	0.022222
248	100	0.031250
248	108	0.025000
248	137	0.030303
248	192	0.037037
248	193	0.041667
248	197	0.040000
248	215	0.034483
248	222	0.038462
248	360	0.058824
248	422	0.058824
249	0	0.007752
249	4	0.018182
249	20	0.007812
249	27	0.008065
249	29	0.011765
249	35	0.012987
249	46	0.020000
249	63	0.023256
249	68	0.020408
249	77	0.016129
249	84	0.018868
249	98	0.027778
249	109	0.025000
249	146	0.027027
249	154	0.027027
249	165	0.028571
249	212	0.038462
249	318	0.041667
249	358	0.058824
249	363	0.055556
249	409	0.050000
249	418	0.055556
250	8	0.014493
250	12	0.009615
250	23	0.008696
250	30	0.012658
250	54	0.013699
250	55	0.015873
250	72	0.025641
250	73	0.022727
250	88	0.027027
250	95	0.022727
250	113	0.030303
250	117	0.027778
250	119	0.025000
250	131	0.025000
250	133	0.030303
250	190	0.030303
250	240	0.043478
250	259	0.041667
250	341	0.055556
250	348	0.045455
250	370	0.052632
250	375	0.050000
251	18	0.007407
251	39	0.020000
251	40	0.013889
251	43	0.014706
251	49	0.017241
251	55	0.015873
251	66	0.019231
251	73	0.022727
251	90	0.017857
251	98	0.027778
251	113	0.030303
251	118	0.022222
251	126	0.033333
251	127	0.028571
251	148	0.034483
251	185	0.031250
251	241	0.038462
251	269	0.043478
251	270	0.047619
251	284	0.052632
251	350	0.050000
251	362	0.055556
251	379	0.058824
251	413	0.058824
251	426	0.058824
251	437	0.055556
252	0	0.007752
252	7	0.017857
252	9	0.011364
252	11	0.022727
252	16	0.017857
252	31	0.009615
252	32	0.014085
252	69	0.017857
252	87	0.025000
252	94	0.020000
252	106	0.025000
252	111	0.018182
252	128	0.033333
252	133	0.030303
252	156	0.024390
252	161	0.034483
252	178	0.032258
252	253	0.043478
252	256	0.047619
252	271	0.040000
252	284	0.052632
252	311	0.050000
252	334	0.047619
252	342	0.052632
252	343	0.055556
252	412	0.055556
252	413	0.058824
252	414	0.058824
253	6	0.016667
253	8	0.014493
253	22	0.007463
253	28	0.011111
253	30	0.012658
253	35	0.012987
253	37	0.009709
253	54	0.013699
253	64	0.018519
253	105	0.031250
253	111	0.018182
253	154	0.027027
253	162	0.027778
253	166	0.037037
253	179	0.038462
253	237	0.037037
253	252	0.035714
253	292	0.045455
253	301	0.041667
253	302	0.045455
253	329	0.052632
253	360	0.058824
253	433	0.058824
254	8	0.014493
254	15	0.029412
254	30	0.012658
254	33	0.012658
254	35	0.012987
254	47	0.014286
254	56	0.014706
254	62	0.020833
254	63	0.023256
254	69	0.017857
254	74	0.020000
254	139	0.041667
254	158	0.045455
254	164	0.035714
254	196	0.032258
254	206	0.035714
254	228	0.038462
254	285	0.043478
254	430	0.058824
255	22	0.007463
255	25	0.012346
255	26	0.013514
255	36	0.011765
255	43	0.014706
255	52	0.015625
255	106	0.025000
255	108	0.025000
255	109	0.025000
255	112	0.021277
255	119	0.025000
255	137	0.030303
255	157	0.041667
255	162	0.027778
255	184	0.041667
255	192	0.037037
255	245	0.040000
255	300	0.055556
255	323	0.052632
255	326	0.047619
255	329	0.052632
255	338	0.047619
255	340	0.050000
255	343	0.055556
255	346	0.045455
256	8	0.014493
256	17	0.016129
256	22	0.007463
256	26	0.013514
256	33	0.012658
256	34	0.012346
256	35	0.012987
256	58	0.018868
256	73	0.022727
256	80	0.023810
256	124	0.026316
256	125	0.032258
256	133	0.030303
256	156	0.024390
256	188	0.037037
256	224	0.043478
256	252	0.035714
256	286	0.050000
256	305	0.052632
256	403	0.058824
256	441	0.055556
257	5	0.014286
257	9	0.011364
257	33	0.012658
257	58	0.018868
257	74	0.020000
257	76	0.023256
257	84	0.018868
257	89	0.020000
257	90	0.017857
257	130	0.035714
257	132	0.027027
257	135	0.022727
257	142	0.037037
257	152	0.028571
257	180	0.032258
257	189	0.045455
257	202	0.043478
257	287	0.047619
257	358	0.058824
257	383	0.047619
257	396	0.058824
258	13	0.015152
258	14	0.016393
258	20	0.007812
258	23	0.008696
258	27	0.008065
258	29	0.011765
258	45	0.017241
258	54	0.013699
258	64	0.018519
258	124	0.026316
258	136	0.025000
258	188	0.037037
258	200	0.045455
258	207	0.038462
258	233	0.031250
258	236	0.041667
258	239	0.040000
258	276	0.043478
258	278	0.047619
258	323	0.052632
258	423	0.058824
259	0	0.007752
259	1	0.012346
259	5	0.014286
259	16	0.017857
259	19	0.008264
259	27	0.008065
259	43	0.014706
259	79	0.025641
259	91	0.028571
259	93	0.021739
259	111	0.018182
259	126	0.033333
259	127	0.028571
259	167	0.035714
259	176	0.041667
259	185	0.031250
259	250	0.045455
259	295	0.047619
259	297	0.043478
259	303	0.052632
259	335	0.050000
259	340	0.050000
259	341	0.055556
259	423	0.058824
260	9	0.011364
260	18	0.007407
260	19	0.008264
260	21	0.007812
260	25	0.012346
260	35	0.012987
260	43	0.014706
260	50	0.019231
260	52	0.015625
260	68	0.020408
260	93	0.021739
260	95	0.022727
260	128	0.033333
260	152	0.028571
260	173	0.035714
260	184	0.041667
260	211	0.038462
260	267	0.043478
260	284	0.052632
260	303	0.052632
260	309	0.052632
260	322	0.050000
260	326	0.047619
260	349	0.052632
260	357	0.055556
260	394	0.052632
260	415	0.058824
261	3	0.017544
261	8	0.014493
261	20	0.007812
261	23	0.008696
261	46	0.020000
261	52	0.015625
261	54	0.013699
261	70	0.020833
261	74	0.020000
261	76	0.023256
261	89	0.020000
261	94	0.020000
261	111	0.018182
261	112	0.021277
261	135	0.022727
261	196	0.032258
261	216	0.027778
261	268	0.034483
261	329	0.052632
261	348	0.045455
261	359	0.055556
261	377	0.055556
261	416	0.055556
261	436	0.058824
262	17	0.016129
262	18	0.007407
262	22	0.007463
262	25	0.012346
262	26	0.013514
262	47	0.014286
262	73	0.022727
262	92	0.017241
262	116	0.026316
262	117	0.027778
262	122	0.043478
262	143	0.029412
262	185	0.031250
262	231	0.052632
262	232	0.045455
262	234	0.033333
262	239	0.040000
262	265	0.055556
262	272	0.041667
262	273	0.043478
262	278	0.047619
262	350	0.050000
262	368	0.055556
262	383	0.047619
262	393	0.055556
262	404	0.058824
262	445	0.058824
263	9	0.011364
263	12	0.009615
263	31	0.009615
263	40	0.013889
263	43	0.014706
263	55	0.015873
263	60	0.014925
263	62	0.020833
263	71	0.017241
263	77	0.016129
263	136	0.025000
263	140	0.029412
263	141	0.035714
263	150	0.031250
263	159	0.029412
263	237	0.037037
263	245	0.040000
263	264	0.043478
263	318	0.041667
263	355	0.055556
263	360	0.058824
264	0	0.007752
264	9	0.011364
264	25	0.012346
264	26	0.013514
264	31	0.009615
264	37	0.009709
264	65	0.019231
264	69	0.017857
264	71	0.017241
264	79	0.025641
264	90	0.017857
264	134	0.028571
264	154	0.027027
264	155	0.033333
264	168	0.041667
264	218	0.047619
264	263	0.047619
264	266	0.041667
264	312	0.052632
264	321	0.050000
264	330	0.052632
264	393	0.055556
264	403	0.058824
265	0	0.007752
265	12	0.009615
265	24	0.009709
265	31	0.009615
265	54	0.013699
265	65	0.019231
265	67	0.022222
265	83	0.026316
265	135	0.022727
265	168	0.041667
265	174	0.031250
265	175	0.040000
265	198	0.045455
265	204	0.047619
265	227	0.037037
265	230	0.033333
265	262	0.037037
265	333	0.047619
266	0	0.007752
266	7	0.017857
266	12	0.009615
266	28	0.011111
266	36	0.011765
266	39	0.020000
266	41	0.018519
266	55	0.015873
266	65	0.019231
266	75	0.027778
266	80	0.023810
266	107	0.020833
266	119	0.025000
266	159	0.029412
266	163	0.033333
266	190	0.030303
266	264	0.043478
266	270	0.047619
266	295	0.047619
266	317	0.052632
266	346	0.045455
266	361	0.052632
266	371	0.058824
266	399	0.052632
267	5	0.014286
267	11	0.022727
267	12	0.009615
267	13	0.015152
267	14	0.016393
267	17	0.016129
267	27	0.008065
267	31	0.009615
267	42	0.014925
267	52	0.015625
267	104	0.031250
267	119	0.025000
267	140	0.029412
267	178	0.032258
267	210	0.028571
267	246	0.041667
267	260	0.037037
267	285	0.043478
267	293	0.045455
267	373	0.052632
267	376	0.058824
267	389	0.058824
267	393	0.055556
268	0	0.007752
268	21	0.007812
268	30	0.012658
268	54	0.013699
268	58	0.018868
268	101	0.021739
268	104	0.031250
268	126	0.033333
268	128	0.033333
268	134	0.028571
268	153	0.024390
268	156	0.024390
268	207	0.038462
268	210	0.028571
268	237	0.037037
268	241	0.038462
268	261	0.041667
268	287	0.047619
268	297	0.043478
268	305	0.052632
268	329	0.052632
268	350	0.050000
268	352	0.055556
268	354	0.050000
268	355	0.055556
268	366	0.058824
268	372	0.052632
268	394	0.052632
268	444	0.058824
269	0	0.007752
269	5	0.014286
269	12	0.009615
269	21	0.007812
269	33	0.012658
269	34	0.012346
269	46	0.020000
269	59	0.017544
269	108	0.025000
269	137	0.030303
269	188	0.037037
269	191	0.029412
269	195	0.035714
269	205	0.040000
269	241	0.038462
269	243	0.040000
269	251	0.038462
269	281	0.058824
269	284	0.052632
269	314	0.050000
269	340	0.050000
269	381	0.052632
269	421	0.055556
270	9	0.011364
270	13	0.015152
270	17	0.016129
270	20	0.007812
270	21	0.007812
270	25	0.012346
270	45	0.017241
270	47	0.014286
270	52	0.015625
270	63	0.023256
270	69	0.017857
270	77	0.016129
270	148	0.034483
270	168	0.041667
270	230	0.033333
270	251	0.038462
270	266	0.041667
270	282	0.045455
270	338	0.047619
270	339	0.052632
270	348	0.045455
271	22	0.007463
271	27	0.008065
271	35	0.012987
271	36	0.011765
271	40	0.013889
271	41	0.018519
271	50	0.019231
271	58	0.018868
271	78	0.020833
271	84	0.018868
271	100	0.031250
271	125	0.032258
271	146	0.027027
271	206	0.035714
271	222	0.038462
271	235	0.038462
271	252	0.035714
271	305	0.052632
271	311	0.050000
271	356	0.050000
271	391	0.052632
271	424	0.058824
271	432	0.058824
271	434	0.058824
271	436	0.058824
272	0	0.007752
272	18	0.007407
272	19	0.008264
272	20	0.007812
272	23	0.008696
272	26	0.013514
272	28	0.011111
272	31	0.009615
272	34	0.012346
272	36	0.011765
272	42	0.014925
272	49	0.017241
272	106	0.025000
272	124	0.026316
272	147	0.029412
272	233	0.031250
272	262	0.037037
272	315	0.052632
272	330	0.052632
272	332	0.055556
272	341	0.055556
272	380	0.058824
272	406	0.055556
272	440	0.058824
273	3	0.017544
273	7	0.017857
273	16	0.017857
273	28	0.011111
273	37	0.009709
273	38	0.024390
273	54	0.013699
273	61	0.020833
273	63	0.023256
273	82	0.019608
273	97	0.023256
273	140	0.029412
273	182	0.035714
273	189	0.045455
273	214	0.045455
273	244	0.052632
273	262	0.037037
273	289	0.040000
273	334	0.047619
273	364	0.052632
273	416	0.055556
273	439	0.058824
273	447	0.058824
274	4	0.018182
274	8	0.014493
274	11	0.022727
274	40	0.013889
274	47	0.014286
274	52	0.015625
274	71	0.017241
274	81	0.024390
274	87	0.025000
274	107	0.020833
274	111	0.018182
274	113	0.030303
274	117	0.027778
274	137	0.030303
274	167	0.035714
274	178	0.032258
274	211	0.038462
274	280	0.038462
274	299	0.043478
274	337	0.041667
274	339	0.052632
274	398	0.055556
274	439	0.058824
275	5	0.014286
275	6	0.016667
275	9	0.011364
275	18	0.007407
275	20	0.007812
275	22	0.007463
275	31	0.009615
275	32	0.014085
275	36	0.011765
275	51	0.017241
275	56	0.014706
275	59	0.017544
275	65	0.019231
275	78	0.020833
275	89	0.020000
275	90	0.017857
275	174	0.031250
275	314	0.050000
275	319	0.038462
275	346	0.045455
275	351	0.052632
275	395	0.052632
275	405	0.058824
275	433	0.058824
276	1	0.012346
276	18	0.007407
276	22	0.007463
276	23	0.008696
276	52	0.015625
276	69	0.017857
276	87	0.025000
276	90	0.017857
276	98	0.027778
276	105	0.031250
276	112	0.021277
276	151	0.034483
276	156	0.024390
276	159	0.029412
276	172	0.032258
276	201	0.037037
276	258	0.047619
276	327	0.047619
276	336	0.040000
276	348	0.045455
276	372	0.052632
276	405	0.058824
276	429	0.058824
277	25	0.012346
277	32	0.014085
277	36	0.011765
277	40	0.013889
277	49	0.017241
277	62	0.020833
277	66	0.019231
277	71	0.017241
277	123	0.043478
277	133	0.030303
277	143	0.029412
277	153	0.024390
277	160	0.027027
277	197	0.040000
277	232	0.045455
277	235	0.038462
277	242	0.045455
277	283	0.050000
277	362	0.055556
277	370	0.052632
277	432	0.058824
277	442	0.058824
278	0	0.007752
278	9	0.011364
278	18	0.007407
278	20	0.007812
278	57	0.022222
278	60	0.014925
278	69	0.017857
278	70	0.020833
278	91	0.028571
278	136	0.025000
278	146	0.027027
278	180	0.032258
278	188	0.037037
278	211	0.038462
278	227	0.037037
278	258	0.047619
278	262	0.037037
278	286	0.050000
278	335	0.050000
278	380	0.058824
278	396	0.058824
279	2	0.019608
279	5	0.014286
279	13	0.015152
279	17	0.016129
279	18	0.007407
279	21	0.007812
279	23	0.008696
279	40	0.013889
279	48	0.018868
279	53	0.018868
279	62	0.020833
279	85	0.021739
279	107	0.020833
279	152	0.028571
279	164	0.035714
279	214	0.045455
279	246	0.041667
279	284	0.052632
279	288	0.038462
279	326	0.047619
279	329	0.052632
279	349	0.052632
279	350	0.050000
279	380	0.058824
279	382	0.050000
279	386	0.055556
279	405	0.058824
279	424	0.058824
280	15	0.029412
280	17	0.016129
280	42	0.014925
280	43	0.014706
280	47	0.014286
280	54	0.013699
280	56	0.014706
280	74	0.020000
280	95	0.022727
280	98	0.027778
280	101	0.021739
280	106	0.025000
280	116	0.026316
280	140	0.029412
280	168	0.041667
280	174	0.031250
280	274	0.043478
280	286	0.050000
280	310	0.050000
280	355	0.055556
280	375	0.050000
280	378	0.055556
280	380	0.058824
280	401	0.055556
280	406	0.055556
280	444	0.058824
281	0	0.007752
281	8	0.014493
281	9	0.011364
281	12	0.009615
281	15	0.029412
281	18	0.007407
281	19	0.008264
281	28	0.011111
281	31	0.009615
281	44	0.014925
281	127	0.028571
281	130	0.035714
281	156	0.024390
281	162	0.027778
281	179	0.038462
281	187	0.034483
281	269	0.043478
282	1	0.012346
282	4	0.018182
282	9	0.011364
282	21	0.007812
282	27	0.008065
282	31	0.009615
282	60	0.014925
282	94	0.020000
282	103	0.020833
282	111	0.018182
282	117	0.027778
282	121	0.033333
282	127	0.028571
282	132	0.027027
282	172	0.032258
282	195	0.035714
282	270	0.047619
282	308	0.050000
282	336	0.040000
282	364	0.052632
282	392	0.055556
282	399	0.052632
283	0	0.007752
283	18	0.007407
283	26	0.013514
283	36	0.011765
283	43	0.014706
283	48	0.018868
283	50	0.019231
283	53	0.018868
283	55	0.015873
283	72	0.025641
283	84	0.018868
283	97	0.023256
283	127	0.028571
283	132	0.027027
283	180	0.032258
283	234	0.033333
283	277	0.045455
283	336	0.040000
283	341	0.055556
283	428	0.058824
284	9	0.011364
284	19	0.008264
284	26	0.013514
284	44	0.014925
284	69	0.017857
284	78	0.020833
284	81	0.024390
284	84	0.018868
284	93	0.021739
284	132	0.027027
284	155	0.033333
284	176	0.041667
284	251	0.038462
284	252	0.035714
284	260	0.037037
284	269	0.043478
284	279	0.035714
284	321	0.050000
284	324	0.052632
285	2	0.019608
285	3	0.017544
285	8	0.014493
285	39	0.020000
285	48	0.018868
285	64	0.018519
285	77	0.016129
285	96	0.033333
285	100	0.031250
285	103	0.020833
285	129	0.033333
285	169	0.045455
285	184	0.041667
285	225	0.045455
285	245	0.040000
285	254	0.052632
285	267	0.043478
285	301	0.041667
285	308	0.050000
285	313	0.055556
285	326	0.047619
285	345	0.047619
285	369	0.043478
286	13	0.015152
286	14	0.016393
286	21	0.007812
286	24	0.009709
286	65	0.019231
286	69	0.017857
286	72	0.025641
286	74	0.020000
286	96	0.033333
286	105	0.031250
286	112	0.021277
286	161	0.034483
286	225	0.045455
286	230	0.033333
286	256	0.047619
286	278	0.047619
286	280	0.038462
286	317	0.052632
286	339	0.052632
286	442	0.058824
287	3	0.017544
287	12	0.009615
287	19	0.008264
287	20	0.007812
287	37	0.009709
287	50	0.019231
287	54	0.013699
287	86	0.021739
287	92	0.017241
287	95	0.022727
287	127	0.028571
287	134	0.028571
287	144	0.031250
287	179	0.038462
287	243	0.040000
287	257	0.047619
287	268	0.034483
287	314	0.050000
287	396	0.058824
287	411	0.050000
287	420	0.058824
288	0	0.007752
288	4	0.018182
288	12	0.009615
288	19	0.008264
288	20	0.007812
288	24	0.009709
288	38	0.024390
288	102	0.023810
288	127	0.028571
288	148	0.034483
288	151	0.034483
288	156	0.024390
288	159	0.029412
288	196	0.032258
288	201	0.037037
288	241	0.038462
288	279	0.035714
288	310	0.050000
288	329	0.052632
288	341	0.055556
288	344	0.052632
288	388	0.050000
288	392	0.055556
288	434	0.058824
288	440	0.058824
288	444	0.058824
289	20	0.007812
289	24	0.009709
289	34	0.012346
289	35	0.012987
289	44	0.014925
289	69	0.017857
289	79	0.025641
289	93	0.021739
289	108	0.025000
289	109	0.025000
289	110	0.030303
289	119	0.025000
289	135	0.022727
289	160	0.027027
289	190	0.030303
289	200	0.045455
289	273	0.043478
289	312	0.052632
289	318	0.041667
289	330	0.052632
289	334	0.047619
289	349	0.052632
289	414	0.058824
289	422	0.058824
289	427	0.058824
290	9	0.011364
290	20	0.007812
290	38	0.024390
290	68	0.020408
290	79	0.025641
290	80	0.023810
290	92	0.017241
290	134	0.028571
290	135	0.022727
290	143	0.029412
290	155	0.033333
290	156	0.024390
290	159	0.029412
290	171	0.038462
290	183	0.040000
290	210	0.028571
290	227	0.037037
290	312	0.052632
290	317	0.052632
290	332	0.055556
290	370	0.052632
290	371	0.058824
290	373	0.052632
290	393	0.055556
290	394	0.052632
290	440	0.058824
291	2	0.019608
291	3	0.017544
291	18	0.007407
291	20	0.007812
291	39	0.020000
291	40	0.013889
291	48	0.018868
291	60	0.014925
291	67	0.022222
291	68	0.020408
291	101	0.021739
291	113	0.030303
291	137	0.030303
291	161	0.034483
291	165	0.028571
291	187	0.034483
291	230	0.033333
291	402	0.058824
291	424	0.058824
291	430	0.058824
292	5	0.014286
292	16	0.017857
292	27	0.008065
292	28	0.011111
292	30	0.012658
292	31	0.009615
292	37	0.009709
292	44	0.014925
292	52	0.015625
292	60	0.014925
292	102	0.023810
292	114	0.028571
292	127	0.028571
292	156	0.024390
292	172	0.032258
292	205	0.040000
292	253	0.043478
292	295	0.047619
292	300	0.055556
292	326	0.047619
292	348	0.045455
292	372	0.052632
293	6	0.016667
293	18	0.007407
293	19	0.008264
293	21	0.007812
293	23	0.008696
293	25	0.012346
293	29	0.011765
293	40	0.013889
293	61	0.020833
293	63	0.023256
293	86	0.021739
293	105	0.031250
293	106	0.025000
293	160	0.027027
293	185	0.031250
293	212	0.038462
293	267	0.043478
293	353	0.055556
293	383	0.047619
293	428	0.058824
293	441	0.055556
293	444	0.058824
294	18	0.007407
294	19	0.008264
294	26	0.013514
294	32	0.014085
294	52	0.015625
294	58	0.018868
294	69	0.017857
294	78	0.020833
294	91	0.028571
294	117	0.027778
294	125	0.032258
294	140	0.029412
294	157	0.041667
294	159	0.029412
294	192	0.037037
294	213	0.043478
294	227	0.037037
294	298	0.050000
294	302	0.045455
294	338	0.047619
294	377	0.055556
295	12	0.009615
295	18	0.007407
295	32	0.014085
295	33	0.012658
295	35	0.012987
295	57	0.022222
295	77	0.016129
295	111	0.018182
295	145	0.034483
295	160	0.027027
295	187	0.034483
295	206	0.035714
295	237	0.037037
295	239	0.040000
295	259	0.041667
295	266	0.041667
295	292	0.045455
295	315	0.052632
295	378	0.055556
295	403	0.058824
295	416	0.055556
296	6	0.016667
296	10	0.020000
296	21	0.007812
296	36	0.011765
296	42	0.014925
296	45	0.017241
296	56	0.014706
296	63	0.023256
296	86	0.021739
296	87	0.025000
296	92	0.017241
296	93	0.021739
296	101	0.021739
296	107	0.020833
296	148	0.034483
296	227	0.037037
296	229	0.035714
296	336	0.040000
296	376	0.058824
296	377	0.055556
296	430	0.058824
297	17	0.016129
297	18	0.007407
297	20	0.007812
297	22	0.007463
297	29	0.011765
297	54	0.013699
297	60	0.014925
297	67	0.022222
297	82	0.019608
297	91	0.028571
297	129	0.033333
297	147	0.029412
297	156	0.024390
297	190	0.030303
297	198	0.045455
297	259	0.041667
297	268	0.034483
297	303	0.052632
297	304	0.052632
297	351	0.052632
297	376	0.058824
297	382	0.050000
297	430	0.058824
298	15	0.029412
298	28	0.011111
298	33	0.012658
298	43	0.014706
298	51	0.017241
298	53	0.018868
298	64	0.018519
298	75	0.027778
298	94	0.020000
298	110	0.030303
298	138	0.033333
298	141	0.035714
298	172	0.032258
298	186	0.035714
298	207	0.038462
298	243	0.040000
298	294	0.047619
298	301	0.041667
298	391	0.052632
298	402	0.058824
299	13	0.015152
299	22	0.007463
299	42	0.014925
299	54	0.013699
299	69	0.017857
299	82	0.019608
299	93	0.021739
299	95	0.022727
299	112	0.021277
299	118	0.022222
299	147	0.029412
299	183	0.040000
299	191	0.029412
299	212	0.038462
299	233	0.031250
299	235	0.038462
299	274	0.043478
299	315	0.052632
299	324	0.052632
299	334	0.047619
299	350	0.050000
299	392	0.055556
299	433	0.058824
300	16	0.017857
300	27	0.008065
300	29	0.011765
300	33	0.012658
300	55	0.015873
300	56	0.014706
300	61	0.020833
300	67	0.022222
300	71	0.017241
300	88	0.027027
300	96	0.033333
300	151	0.034483
300	162	0.027778
300	172	0.032258
300	173	0.035714
300	255	0.040000
300	292	0.045455
300	445	0.058824
301	14	0.016393
301	32	0.014085
301	37	0.009709
301	56	0.014706
301	59	0.017544
301	110	0.030303
301	116	0.026316
301	118	0.022222
301	147	0.029412
301	157	0.041667
301	189	0.045455
301	203	0.047619
301	205	0.040000
301	241	0.038462
301	253	0.043478
301	285	0.043478
301	298	0.050000
301	314	0.050000
301	357	0.055556
301	367	0.055556
301	387	0.052632
301	407	0.058824
301	430	0.058824
301	445	0.058824
302	4	0.018182
302	7	0.017857
302	9	0.011364
302	21	0.007812
302	23	0.008696
302	28	0.011111
302	51	0.017241
302	80	0.023810
302	137	0.030303
302	174	0.031250
302	176	0.041667
302	182	0.035714
302	230	0.033333
302	236	0.041667
302	240	0.043478
302	253	0.043478
302	294	0.047619
302	332	0.055556
302	345	0.047619
302	355	0.055556
302	360	0.058824
302	398	0.055556
303	5	0.014286
303	12	0.009615
303	14	0.016393
303	18	0.007407
303	27	0.008065
303	36	0.011765
303	43	0.014706
303	60	0.014925
303	85	0.021739
303	86	0.021739
303	90	0.017857
303	93	0.021739
303	190	0.030303
303	226	0.045455
303	259	0.041667
303	260	0.037037
303	297	0.043478
303	329	0.052632
303	348	0.045455
304	16	0.017857
304	18	0.007407
304	20	0.007812
304	24	0.009709
304	60	0.014925
304	62	0.020833
304	84	0.018868
304	135	0.022727
304	139	0.041667
304	176	0.041667
304	193	0.041667
304	206	0.035714
304	215	0.034483
304	224	0.043478
304	227	0.037037
304	239	0.040000
304	297	0.043478
304	327	0.047619
304	390	0.052632
305	16	0.017857
305	17	0.016129
305	38	0.024390
305	44	0.014925
305	63	0.023256
305	70	0.020833
305	94	0.020000
305	102	0.023810
305	112	0.021277
305	118	0.022222
305	138	0.033333
305	153	0.024390
305	190	0.030303
305	192	0.037037
305	256	0.047619
305	268	0.034483
305	271	0.040000
305	369	0.043478
305	429	0.058824
306	1	0.012346
306	13	0.015152
306	19	0.008264
306	21	0.007812
306	23	0.008696
306	33	0.012658
306	37	0.009709
306	44	0.014925
306	63	0.023256
306	66	0.019231
306	67	0.022222
306	90	0.017857
306	95	0.022727
306	153	0.024390
306	226	0.045455
306	229	0.035714
306	236	0.041667
306	393	0.055556
306	412	0.055556
306	421	0.055556
307	3	0.017544
307	5	0.014286
307	8	0.014493
307	33	0.012658
307	36	0.011765
307	61	0.020833
307	68	0.020408
307	87	0.025000
307	89	0.020000
307	91	0.028571
307	95	0.022727
307	98	0.027778
307	99	0.030303
307	107	0.020833
307	150	0.031250
307	167	0.035714
307	228	0.038462
307	421	0.055556
307	442	0.058824
308	12	0.009615
308	15	0.029412
308	20	0.007812
308	32	0.014085
308	40	0.013889
308	52	0.015625
308	53	0.018868
308	77	0.016129
308	98	0.027778
308	134	0.028571
308	136	0.025000
308	156	0.024390
308	172	0.032258
308	199	0.037037
308	218	0.047619
308	282	0.045455
308	285	0.043478
308	380	0.058824
308	381	0.052632
308	432	0.058824
309	12	0.009615
309	21	0.007812
309	31	0.009615
309	49	0.017241
309	63	0.023256
309	73	0.022727
309	78	0.020833
309	81	0.024390
309	95	0.022727
309	98	0.027778
309	114	0.028571
309	143	0.029412
309	144	0.031250
309	156	0.024390
309	197	0.040000
309	247	0.045455
309	260	0.037037
309	370	0.052632
309	393	0.055556
310	18	0.007407
310	21	0.007812
310	32	0.014085
310	35	0.012987
310	40	0.013889
310	42	0.014925
310	60	0.014925
310	85	0.021739
310	94	0.020000
310	115	0.032258
310	154	0.027027
310	170	0.038462
310	179	0.038462
310	210	0.028571
310	222	0.038462
310	280	0.038462
310	288	0.038462
310	325	0.052632
310	387	0.052632
310	402	0.058824
311	8	0.014493
311	20	0.007812
311	35	0.012987
311	40	0.013889
311	44	0.014925
311	66	0.019231
311	81	0.024390
311	88	0.027027
311	108	0.025000
311	116	0.026316
311	135	0.022727
311	149	0.041667
311	152	0.028571
311	160	0.027027
311	164	0.035714
311	252	0.035714
311	271	0.040000
311	335	0.050000
311	386	0.055556
311	431	0.055556
312	7	0.017857
312	15	0.029412
312	24	0.009709
312	27	0.008065
312	29	0.011765
312	77	0.016129
312	89	0.020000
312	90	0.017857
312	123	0.043478
312	159	0.029412
312	177	0.045455
312	215	0.034483
312	229	0.035714
312	246	0.041667
312	264	0.043478
312	289	0.040000
312	290	0.038462
312	423	0.058824
312	433	0.058824
313	7	0.017857
313	11	0.022727
313	18	0.007407
313	19	0.008264
313	20	0.007812
313	31	0.009615
313	38	0.024390
313	60	0.014925
313	107	0.020833
313	155	0.033333
313	187	0.034483
313	216	0.027778
313	230	0.033333
313	233	0.031250
313	236	0.041667
313	243	0.040000
313	285	0.043478
313	339	0.052632
314	28	0.011111
314	31	0.009615
314	36	0.011765
314	37	0.009709
314	49	0.017241
314	54	0.013699
314	73	0.022727
314	98	0.027778
314	137	0.030303
314	150	0.031250
314	182	0.035714
314	215	0.034483
314	241	0.038462
314	269	0.043478
314	275	0.041667
314	287	0.047619
314	301	0.041667
314	389	0.058824
314	401	0.055556
314	436	0.058824
315	5	0.014286
315	12	0.009615
315	21	0.007812
315	25	0.012346
315	31	0.009615
315	33	0.012658
315	43	0.014706
315	82	0.019608
315	142	0.037037
315	145	0.034483
315	163	0.033333
315	174	0.031250
315	185	0.031250
315	235	0.038462
315	272	0.041667
315	295	0.047619
315	299	0.043478
315	359	0.055556
315	404	0.058824
316	4	0.018182
316	9	0.011364
316	18	0.007407
316	19	0.008264
316	45	0.017241
316	50	0.019231
316	62	0.020833
316	63	0.023256
316	78	0.020833
316	84	0.018868
316	89	0.020000
316	104	0.031250
316	143	0.029412
316	183	0.040000
316	210	0.028571
316	221	0.043478
316	240	0.043478
316	339	0.052632
316	413	0.058824
317	9	0.011364
317	20	0.007812
317	23	0.008696
317	36	0.011765
317	37	0.009709
317	45	0.017241
317	46	0.020000
317	51	0.017241
317	69	0.017857
317	78	0.020833
317	104	0.031250
317	146	0.027027
317	180	0.032258
317	242	0.045455
317	266	0.041667
317	286	0.050000
317	290	0.038462
317	348	0.045455
317	358	0.058824
318	5	0.014286
318	10	0.020000
318	21	0.007812
318	26	0.013514
318	27	0.008065
318	40	0.013889
318	69	0.017857
318	93	0.021739
318	102	0.023810
318	127	0.028571
318	172	0.032258
318	186	0.035714
318	192	0.037037
318	228	0.038462
318	249	0.045455
318	263	0.047619
318	289	0.040000
318	357	0.055556
318	375	0.050000
318	390	0.052632
318	396	0.058824
318	421	0.055556
318	435	0.058824
318	447	0.058824
319	17	0.016129
319	27	0.008065
319	29	0.011765
319	37	0.009709
319	40	0.013889
319	45	0.017241
319	54	0.013699
319	68	0.020408
319	81	0.024390
319	85	0.021739
319	97	0.023256
319	102	0.023810
319	104	0.031250
319	108	0.025000
319	144	0.031250
319	247	0.045455
319	275	0.041667
319	323	0.052632
319	345	0.047619
319	347	0.041667
319	356	0.050000
319	381	0.052632
319	396	0.058824
319	417	0.055556
319	424	0.058824
319	430	0.058824
320	0	0.007752
320	9	0.011364
320	12	0.009615
320	18	0.007407
320	19	0.008264
320	20	0.007812
320	21	0.007812
320	24	0.009709
320	36	0.011765
320	41	0.018519
320	47	0.014286
320	50	0.019231
320	57	0.022222
320	75	0.027778
320	112	0.021277
320	136	0.025000
320	154	0.027027
320	380	0.058824
320	387	0.052632
320	435	0.058824
321	0	0.007752
321	21	0.007812
321	25	0.012346
321	45	0.017241
321	60	0.014925
321	84	0.018868
321	86	0.021739
321	96	0.033333
321	109	0.025000
321	111	0.018182
321	112	0.021277
321	151	0.034483
321	178	0.032258
321	221	0.043478
321	226	0.045455
321	264	0.043478
321	284	0.052632
321	348	0.045455
321	352	0.055556
321	397	0.052632
322	8	0.014493
322	24	0.009709
322	66	0.019231
322	67	0.022222
322	72	0.025641
322	90	0.017857
322	99	0.030303
322	124	0.026316
322	125	0.032258
322	159	0.029412
322	190	0.030303
322	201	0.037037
322	216	0.027778
322	221	0.043478
322	233	0.031250
322	239	0.040000
322	260	0.037037
322	363	0.055556
322	410	0.052632
322	421	0.055556
323	20	0.007812
323	28	0.011111
323	33	0.012658
323	48	0.018868
323	50	0.019231
323	61	0.020833
323	94	0.020000
323	95	0.022727
323	117	0.027778
323	126	0.033333
323	130	0.035714
323	153	0.024390
323	162	0.027778
323	202	0.043478
323	255	0.040000
323	258	0.047619
323	319	0.038462
323	340	0.050000
323	346	0.045455
324	6	0.016667
324	16	0.017857
324	22	0.007463
324	28	0.011111
324	37	0.009709
324	60	0.014925
324	75	0.027778
324	89	0.020000
324	90	0.017857
324	109	0.025000
324	117	0.027778
324	120	0.031250
324	121	0.033333
324	133	0.030303
324	204	0.047619
324	284	0.052632
324	299	0.043478
324	353	0.055556
324	445	0.058824
325	5	0.014286
325	9	0.011364
325	10	0.020000
325	12	0.009615
325	28	0.011111
325	46	0.020000
325	77	0.016129
325	93	0.021739
325	128	0.033333
325	146	0.027027
325	153	0.024390
325	159	0.029412
325	161	0.034483
325	206	0.035714
325	221	0.043478
325	234	0.033333
325	310	0.050000
325	371	0.058824
325	397	0.052632
326	12	0.009615
326	25	0.012346
326	37	0.009709
326	41	0.018519
326	45	0.017241
326	97	0.023256
326	110	0.030303
326	132	0.027027
326	155	0.033333
326	211	0.038462
326	230	0.033333
326	243	0.040000
326	255	0.040000
326	260	0.037037
326	279	0.035714
326	285	0.043478
326	292	0.045455
326	328	0.055556
326	440	0.058824
326	444	0.058824
326	446	0.058824
327	1	0.012346
327	27	0.008065
327	41	0.018519
327	47	0.014286
327	50	0.019231
327	57	0.022222
327	62	0.020833
327	83	0.026316
327	90	0.017857
327	98	0.027778
327	118	0.022222
327	160	0.027027
327	173	0.035714
327	212	0.038462
327	220	0.043478
327	276	0.043478
327	304	0.052632
327	338	0.047619
327	361	0.052632
327	365	0.052632
327	431	0.055556
328	11	0.022727
328	20	0.007812
328	38	0.024390
328	52	0.015625
328	57	0.022222
328	60	0.014925
328	88	0.027027
328	117	0.027778
328	132	0.027027
328	146	0.027027
328	167	0.035714
328	182	0.035714
328	190	0.030303
328	196	0.032258
328	204	0.047619
328	216	0.027778
328	326	0.047619
328	409	0.050000
329	0	0.007752
329	20	0.007812
329	24	0.009709
329	45	0.017241
329	63	0.023256
329	83	0.026316
329	84	0.018868
329	150	0.031250
329	191	0.029412
329	215	0.034483
329	253	0.043478
329	255	0.040000
329	261	0.041667
329	268	0.034483
329	279	0.035714
329	288	0.038462
329	303	0.052632
329	408	0.055556
329	419	0.055556
330	18	0.007407
330	19	0.008264
330	26	0.013514
330	30	0.012658
330	32	0.014085
330	36	0.011765
330	46	0.020000
330	48	0.018868
330	55	0.015873
330	72	0.025641
330	160	0.027027
330	210	0.028571
330	219	0.043478
330	222	0.038462
330	264	0.043478
330	272	0.041667
330	289	0.040000
330	385	0.055556
330	419	0.055556
331	1	0.012346
331	2	0.019608
331	7	0.017857
331	16	0.017857
331	37	0.009709
331	48	0.018868
331	51	0.017241
331	58	0.018868
331	60	0.014925
331	61	0.020833
331	65	0.019231
331	68	0.020408
331	85	0.021739
331	92	0.017241
331	112	0.021277
331	113	0.030303
331	153	0.024390
331	343	0.055556
331	370	0.052632
331	375	0.050000
332	4	0.018182
332	12	0.009615
332	20	0.007812
332	74	0.020000
332	90	0.017857
332	94	0.020000
332	97	0.023256
332	117	0.027778
332	132	0.027027
332	141	0.035714
332	153	0.024390
332	155	0.033333
332	165	0.028571
332	233	0.031250
332	272	0.041667
332	290	0.038462
332	302	0.045455
332	417	0.055556
333	0	0.007752
333	1	0.012346
333	5	0.014286
333	8	0.014493
333	20	0.007812
333	29	0.011765
333	30	0.012658
333	36	0.011765
333	76	0.023256
333	125	0.032258
333	134	0.028571
333	153	0.024390
333	163	0.033333
333	211	0.038462
333	216	0.027778
333	237	0.037037
333	265	0.055556
333	338	0.047619
333	357	0.055556
333	374	0.055556
333	441	0.055556
334	13	0.015152
334	19	0.008264
334	25	0.012346
334	45	0.017241
334	55	0.015873
334	57	0.022222
334	64	0.018519
334	68	0.020408
334	178	0.032258
334	180	0.032258
334	192	0.037037
334	228	0.038462
334	233	0.031250
334	252	0.035714
334	273	0.043478
334	289	0.040000
334	299	0.043478
334	351	0.052632
334	403	0.058824
334	405	0.058824
334	411	0.050000
335	5	0.014286
335	6	0.016667
335	17	0.016129
335	22	0.007463
335	64	0.018519
335	76	0.023256
335	94	0.020000
335	98	0.027778
335	115	0.032258
335	125	0.032258
335	167	0.035714
335	171	0.038462
335	200	0.045455
335	227	0.037037
335	259	0.041667
335	278	0.047619
335	311	0.050000
335	344	0.052632
335	390	0.052632
335	424	0.058824
336	0	0.007752
336	13	0.015152
336	36	0.011765
336	56	0.014706
336	62	0.020833
336	63	0.023256
336	66	0.019231
336	71	0.017241
336	77	0.016129
336	101	0.021739
336	111	0.018182
336	120	0.031250
336	149	0.041667
336	276	0.043478
336	282	0.045455
336	283	0.050000
336	296	0.047619
336	341	0.055556
336	347	0.041667
336	376	0.058824
336	401	0.055556
336	404	0.058824
336	434	0.058824
336	441	0.055556
336	446	0.058824
337	7	0.017857
337	16	0.017857
337	23	0.008696
337	41	0.018519
337	42	0.014925
337	49	0.017241
337	52	0.015625
337	75	0.027778
337	83	0.026316
337	92	0.017241
337	93	0.021739
337	95	0.022727
337	118	0.022222
337	129	0.033333
337	205	0.040000
337	214	0.045455
337	274	0.043478
337	350	0.050000
337	351	0.052632
337	355	0.055556
337	408	0.055556
337	414	0.058824
337	422	0.058824
337	426	0.058824
338	25	0.012346
338	31	0.009615
338	34	0.012346
338	43	0.014706
338	59	0.017544
338	74	0.020000
338	77	0.016129
338	93	0.021739
338	109	0.025000
338	119	0.025000
338	196	0.032258
338	237	0.037037
338	255	0.040000
338	270	0.047619
338	294	0.047619
338	327	0.047619
338	333	0.047619
338	344	0.052632
338	407	0.058824
338	409	0.050000
338	435	0.058824
339	0	0.007752
339	1	0.012346
339	6	0.016667
339	8	0.014493
339	21	0.007812
339	120	0.031250
339	143	0.029412
339	154	0.027027
339	186	0.035714
339	216	0.027778
339	225	0.045455
339	227	0.037037
339	270	0.047619
339	274	0.043478
339	286	0.050000
339	313	0.055556
339	316	0.052632
339	347	0.041667
339	417	0.055556
340	1	0.012346
340	9	0.011364
340	18	0.007407
340	24	0.009709
340	29	0.011765
340	54	0.013699
340	70	0.020833
340	105	0.031250
340	113	0.030303
340	136	0.025000
340	212	0.038462
340	216	0.027778
340	241	0.038462
340	255	0.040000
340	259	0.041667
340	269	0.043478
340	323	0.052632
340	358	0.058824
340	367	0.055556
340	382	0.050000
341	21	0.007812
341	39	0.020000
341	45	0.017241
341	47	0.014286
341	49	0.017241
341	71	0.017241
341	105	0.031250
341	185	0.031250
341	208	0.052632
341	216	0.027778
341	230	0.033333
341	250	0.045455
341	259	0.041667
341	272	0.041667
341	283	0.050000
341	288	0.038462
341	336	0.040000
341	366	0.058824
342	7	0.017857
342	12	0.009615
342	22	0.007463
342	29	0.011765
342	37	0.009709
342	47	0.014286
342	81	0.024390
342	84	0.018868
342	114	0.028571
342	133	0.030303
342	140	0.029412
342	152	0.028571
342	160	0.027027
342	199	0.037037
342	202	0.043478
342	218	0.047619
342	252	0.035714
342	378	0.055556
342	401	0.055556
343	13	0.015152
343	28	0.011111
343	51	0.017241
343	98	0.027778
343	107	0.020833
343	108	0.025000
343	111	0.018182
343	128	0.033333
343	132	0.027027
343	135	0.022727
343	143	0.029412
343	144	0.031250
343	163	0.033333
343	194	0.047619
343	252	0.035714
343	255	0.040000
343	331	0.050000
343	391	0.052632
344	17	0.016129
344	20	0.007812
344	24	0.009709
344	32	0.014085
344	45	0.017241
344	49	0.017241
344	72	0.025641
344	81	0.024390
344	114	0.028571
344	126	0.033333
344	147	0.029412
344	182	0.035714
344	202	0.043478
344	225	0.045455
344	288	0.038462
344	335	0.050000
344	338	0.047619
344	351	0.052632
344	426	0.058824
345	1	0.012346
345	3	0.017544
345	5	0.014286
345	17	0.016129
345	18	0.007407
345	31	0.009615
345	33	0.012658
345	38	0.024390
345	49	0.017241
345	58	0.018868
345	60	0.014925
345	76	0.023256
345	170	0.038462
345	182	0.035714
345	285	0.043478
345	302	0.045455
345	319	0.038462
345	365	0.052632
345	367	0.055556
345	369	0.043478
345	373	0.052632
346	36	0.011765
346	42	0.014925
346	51	0.017241
346	52	0.015625
346	86	0.021739
346	101	0.021739
346	103	0.020833
346	126	0.033333
346	141	0.035714
346	155	0.033333
346	219	0.043478
346	235	0.038462
346	243	0.040000
346	255	0.040000
346	266	0.041667
346	275	0.041667
346	323	0.052632
346	351	0.052632
346	360	0.058824
346	378	0.055556
346	409	0.050000
346	425	0.055556
347	20	0.007812
347	21	0.007812
347	27	0.008065
347	31	0.009615
347	33	0.012658
347	43	0.014706
347	50	0.019231
347	51	0.017241
347	85	0.021739
347	102	0.023810
347	108	0.025000
347	146	0.027027
347	169	0.045455
347	186	0.035714
347	319	0.038462
347	336	0.040000
347	339	0.052632
347	349	0.052632
347	368	0.055556
347	370	0.052632
347	403	0.058824
347	419	0.055556
347	428	0.058824
347	446	0.058824
348	5	0.014286
348	10	0.020000
348	22	0.007463
348	40	0.013889
348	52	0.015625
348	130	0.035714
348	140	0.029412
348	234	0.033333
348	240	0.043478
348	250	0.045455
348	261	0.041667
348	270	0.047619
348	276	0.043478
348	292	0.045455
348	303	0.052632
348	317	0.052632
348	321	0.050000
348	384	0.055556
348	405	0.058824
348	413	0.058824
348	419	0.055556
348	424	0.058824
349	16	0.017857
349	32	0.014085
349	71	0.017241
349	74	0.020000
349	75	0.027778
349	84	0.018868
349	127	0.028571
349	135	0.022727
349	146	0.027027
349	161	0.034483
349	167	0.035714
349	219	0.043478
349	229	0.035714
349	260	0.037037
349	279	0.035714
349	289	0.040000
349	347	0.041667
349	358	0.058824
349	370	0.052632
350	7	0.017857
350	11	0.022727
350	19	0.008264
350	38	0.024390
350	78	0.020833
350	89	0.020000
350	91	0.028571
350	131	0.025000
350	187	0.034483
350	193	0.041667
350	203	0.047619
350	251	0.038462
350	262	0.037037
350	268	0.034483
350	279	0.035714
350	299	0.043478
350	337	0.041667
350	403	0.058824
350	411	0.050000
350	413	0.058824
351	1	0.012346
351	23	0.008696
351	42	0.014925
351	50	0.019231
351	61	0.020833
351	62	0.020833
351	67	0.022222
351	90	0.017857
351	116	0.026316
351	193	0.041667
351	235	0.038462
351	275	0.041667
351	297	0.043478
351	334	0.047619
351	337	0.041667
351	344	0.052632
351	346	0.045455
351	361	0.052632
351	438	0.058824
352	1	0.012346
352	3	0.017544
352	24	0.009709
352	33	0.012658
352	43	0.014706
352	53	0.018868
352	54	0.013699
352	64	0.018519
352	65	0.019231
352	103	0.020833
352	107	0.020833
352	116	0.026316
352	166	0.037037
352	210	0.028571
352	234	0.033333
352	268	0.034483
352	321	0.050000
352	411	0.050000
353	0	0.007752
353	22	0.007463
353	29	0.011765
353	34	0.012346
353	37	0.009709
353	45	0.017241
353	48	0.018868
353	73	0.022727
353	92	0.017241
353	94	0.020000
353	121	0.033333
353	129	0.033333
353	211	0.038462
353	237	0.037037
353	245	0.040000
353	293	0.045455
353	324	0.052632
353	415	0.058824
354	16	0.017857
354	21	0.007812
354	33	0.012658
354	51	0.017241
354	60	0.014925
354	70	0.020833
354	71	0.017241
354	85	0.021739
354	90	0.017857
354	104	0.031250
354	118	0.022222
354	124	0.026316
354	173	0.035714
354	201	0.037037
354	211	0.038462
354	212	0.038462
354	268	0.034483
354	399	0.052632
354	408	0.055556
354	413	0.058824
355	0	0.007752
355	7	0.017857
355	28	0.011111
355	29	0.011765
355	36	0.011765
355	41	0.018519
355	88	0.027027
355	165	0.028571
355	189	0.045455
355	210	0.028571
355	216	0.027778
355	223	0.040000
355	263	0.047619
355	268	0.034483
355	280	0.038462
355	302	0.045455
355	337	0.041667
355	439	0.058824
356	30	0.012658
356	37	0.009709
356	43	0.014706
356	44	0.014925
356	51	0.017241
356	56	0.014706
356	62	0.020833
356	93	0.021739
356	102	0.023810
356	144	0.031250
356	192	0.037037
356	197	0.040000
356	210	0.028571
356	232	0.045455
356	246	0.041667
356	271	0.040000
356	319	0.038462
356	359	0.055556
356	431	0.055556
356	445	0.058824
357	3	0.017544
357	12	0.009615
357	17	0.016129
357	20	0.007812
357	30	0.012658
357	67	0.022222
357	78	0.020833
357	118	0.022222
357	129	0.033333
357	165	0.028571
357	214	0.045455
357	223	0.040000
357	228	0.038462
357	260	0.037037
357	301	0.041667
357	318	0.041667
357	333	0.047619
357	381	0.052632
358	0	0.007752
358	19	0.008264
358	26	0.013514
358	50	0.019231
358	71	0.017241
358	73	0.022727
358	90	0.017857
358	111	0.018182
358	130	0.035714
358	143	0.029412
358	171	0.038462
358	211	0.038462
358	249	0.045455
358	257	0.047619
358	317	0.052632
358	340	0.050000
358	349	0.052632
359	2	0.019608
359	18	0.007407
359	34	0.012346
359	58	0.018868
359	79	0.025641
359	90	0.017857
359	97	0.023256
359	103	0.020833
359	111	0.018182
359	116	0.026316
359	147	0.029412
359	149	0.041667
359	216	0.027778
359	232	0.045455
359	261	0.041667
359	315	0.052632
359	356	0.050000
359	434	0.058824
360	22	0.007463
360	23	0.008696
360	45	0.017241
360	48	0.018868
360	92	0.017241
360	99	0.030303
360	108	0.025000
360	193	0.041667
360	210	0.028571
360	226	0.045455
360	241	0.038462
360	246	0.041667
360	248	0.052632
360	253	0.043478
360	263	0.047619
360	302	0.045455
360	346	0.045455
361	2	0.019608
361	13	0.015152
361	29	0.011765
361	30	0.012658
361	35	0.012987
361	37	0.009709
361	43	0.014706
361	44	0.014925
361	46	0.020000
361	56	0.014706
361	61	0.020833
361	77	0.016129
361	78	0.020833
361	190	0.030303
361	266	0.041667
361	327	0.047619
361	351	0.052632
361	421	0.055556
361	439	0.058824
362	4	0.018182
362	10	0.020000
362	21	0.007812
362	23	0.008696
362	34	0.012346
362	55	0.015873
362	83	0.026316
362	120	0.031250
362	134	0.028571
362	142	0.037037
362	145	0.034483
362	147	0.029412
362	165	0.028571
362	197	0.040000
362	233	0.031250
362	251	0.038462
362	277	0.045455
362	415	0.058824
363	0	0.007752
363	2	0.019608
363	31	0.009615
363	37	0.009709
363	41	0.018519
363	79	0.025641
363	81	0.024390
363	108	0.025000
363	112	0.021277
363	116	0.026316
363	128	0.033333
363	135	0.022727
363	182	0.035714
363	223	0.040000
363	224	0.043478
363	249	0.045455
363	322	0.050000
363	376	0.058824
364	9	0.011364
364	22	0.007463
364	37	0.009709
364	49	0.017241
364	59	0.017544
364	61	0.020833
364	70	0.020833
364	79	0.025641
364	103	0.020833
364	111	0.018182
364	137	0.030303
364	186	0.035714
364	195	0.035714
364	201	0.037037
364	236	0.041667
364	273	0.043478
364	282	0.045455
364	397	0.052632
364	429	0.058824
365	0	0.007752
365	1	0.012346
365	7	0.017857
365	8	0.014493
365	27	0.008065
365	34	0.012346
365	35	0.012987
365	42	0.014925
365	49	0.017241
365	79	0.025641
365	84	0.018868
365	92	0.017241
365	100	0.031250
365	153	0.024390
365	174	0.031250
365	327	0.047619
365	345	0.047619
365	395	0.052632
365	409	0.050000
366	0	0.007752
366	1	0.012346
366	7	0.017857
366	17	0.016129
366	21	0.007812
366	27	0.008065
366	31	0.009615
366	39	0.020000
366	58	0.018868
366	69	0.017857
366	136	0.025000
366	150	0.031250
366	172	0.032258
366	180	0.032258
366	224	0.043478
366	268	0.034483
366	341	0.055556
367	0	0.007752
367	21	0.007812
367	22	0.007463
367	27	0.008065
367	35	0.012987
367	64	0.018519
367	75	0.027778
367	76	0.023256
367	103	0.020833
367	148	0.034483
367	193	0.041667
367	199	0.037037
367	216	0.027778
367	233	0.031250
367	301	0.041667
367	340	0.050000
367	345	0.047619
367	378	0.055556
368	1	0.012346
368	8	0.014493
368	15	0.029412
368	19	0.008264
368	20	0.007812
368	25	0.012346
368	28	0.011111
368	29	0.011765
368	69	0.017857
368	91	0.028571
368	106	0.025000
368	123	0.043478
368	195	0.035714
368	241	0.038462
368	242	0.045455
368	262	0.037037
368	347	0.041667
368	410	0.052632
369	2	0.019608
369	3	0.017544
369	12	0.009615
369	16	0.017857
369	22	0.007463
369	27	0.008065
369	57	0.022222
369	78	0.020833
369	91	0.028571
369	112	0.021277
369	143	0.029412
369	168	0.041667
369	191	0.029412
369	232	0.045455
369	285	0.043478
369	305	0.052632
369	345	0.047619
369	374	0.055556
369	380	0.058824
369	402	0.058824
369	424	0.058824
369	435	0.058824
369	447	0.058824
370	32	0.014085
370	50	0.019231
370	51	0.017241
370	65	0.019231
370	70	0.020833
370	101	0.021739
370	108	0.025000
370	167	0.035714
370	209	0.040000
370	215	0.034483
370	250	0.045455
370	277	0.045455
370	290	0.038462
370	309	0.052632
370	331	0.050000
370	347	0.041667
370	349	0.052632
370	388	0.050000
370	434	0.058824
371	4	0.018182
371	6	0.016667
371	18	0.007407
371	26	0.013514
371	58	0.018868
371	66	0.019231
371	85	0.021739
371	96	0.033333
371	107	0.020833
371	111	0.018182
371	143	0.029412
371	161	0.034483
371	184	0.041667
371	197	0.040000
371	266	0.041667
371	290	0.038462
371	325	0.052632
372	5	0.014286
372	13	0.015152
372	18	0.007407
372	23	0.008696
372	49	0.017241
372	61	0.020833
372	101	0.021739
372	102	0.023810
372	108	0.025000
372	160	0.027027
372	163	0.033333
372	173	0.035714
372	205	0.040000
372	236	0.041667
372	268	0.034483
372	276	0.043478
372	292	0.045455
372	397	0.052632
372	434	0.058824
373	10	0.020000
373	11	0.022727
373	19	0.008264
373	27	0.008065
373	59	0.017544
373	64	0.018519
373	72	0.025641
373	73	0.022727
373	121	0.033333
373	129	0.033333
373	158	0.045455
373	162	0.027778
373	182	0.035714
373	223	0.040000
373	267	0.043478
373	290	0.038462
373	345	0.047619
373	424	0.058824
373	440	0.058824
374	1	0.012346
374	27	0.008065
374	28	0.011111
374	30	0.012658
374	32	0.014085
374	41	0.018519
374	101	0.021739
374	145	0.034483
374	152	0.028571
374	155	0.033333
374	172	0.032258
374	177	0.045455
374	206	0.035714
374	215	0.034483
374	230	0.033333
374	333	0.047619
374	369	0.043478
374	437	0.055556
375	1	0.012346
375	6	0.016667
375	10	0.020000
375	11	0.022727
375	15	0.029412
375	43	0.014706
375	44	0.014925
375	48	0.018868
375	92	0.017241
375	107	0.020833
375	111	0.018182
375	219	0.043478
375	229	0.035714
375	250	0.045455
375	280	0.038462
375	318	0.041667
375	331	0.050000
375	379	0.058824
375	385	0.055556
375	422	0.058824
376	19	0.008264
376	23	0.008696
376	64	0.018519
376	74	0.020000
376	79	0.025641
376	86	0.021739
376	131	0.025000
376	145	0.034483
376	162	0.027778
376	168	0.041667
376	201	0.037037
376	229	0.035714
376	267	0.043478
376	296	0.047619
376	297	0.043478
376	336	0.040000
376	363	0.055556
377	8	0.014493
377	21	0.007812
377	27	0.008065
377	28	0.011111
377	31	0.009615
377	33	0.012658
377	36	0.011765
377	45	0.017241
377	57	0.022222
377	109	0.025000
377	147	0.029412
377	162	0.027778
377	178	0.032258
377	206	0.035714
377	261	0.041667
377	294	0.047619
377	296	0.047619
377	383	0.047619
378	3	0.017544
378	8	0.014493
378	12	0.009615
378	18	0.007407
378	21	0.007812
378	56	0.014706
378	80	0.023810
378	118	0.022222
378	131	0.025000
378	133	0.030303
378	138	0.033333
378	196	0.032258
378	280	0.038462
378	295	0.047619
378	342	0.052632
378	346	0.045455
378	367	0.055556
378	407	0.058824
379	0	0.007752
379	4	0.018182
379	5	0.014286
379	8	0.014493
379	11	0.022727
379	21	0.007812
379	23	0.008696
379	58	0.018868
379	67	0.022222
379	69	0.017857
379	150	0.031250
379	191	0.029412
379	206	0.035714
379	233	0.031250
379	242	0.045455
379	251	0.038462
379	375	0.050000
380	9	0.011364
380	20	0.007812
380	31	0.009615
380	44	0.014925
380	67	0.022222
380	75	0.027778
380	99	0.030303
380	131	0.025000
380	170	0.038462
380	209	0.040000
380	272	0.041667
380	278	0.047619
380	279	0.035714
380	280	0.038462
380	308	0.050000
380	320	0.050000
380	369	0.043478
381	0	0.007752
381	3	0.017544
381	21	0.007812
381	30	0.012658
381	37	0.009709
381	46	0.020000
381	47	0.014286
381	49	0.017241
381	51	0.017241
381	97	0.023256
381	130	0.035714
381	201	0.037037
381	210	0.028571
381	269	0.043478
381	308	0.050000
381	319	0.038462
381	357	0.055556
381	396	0.058824
381	408	0.055556
382	18	0.007407
382	20	0.007812
382	21	0.007812
382	35	0.012987
382	42	0.014925
382	80	0.023810
382	82	0.019608
382	86	0.021739
382	93	0.021739
382	101	0.021739
382	116	0.026316
382	122	0.043478
382	161	0.034483
382	167	0.035714
382	279	0.035714
382	297	0.043478
382	340	0.050000
382	416	0.055556
382	431	0.055556
382	446	0.058824
383	24	0.009709
383	36	0.011765
383	46	0.020000
383	64	0.018519
383	92	0.017241
383	96	0.033333
383	107	0.020833
383	135	0.022727
383	162	0.027778
383	215	0.034483
383	218	0.047619
383	234	0.033333
383	247	0.045455
383	257	0.047619
383	262	0.037037
383	293	0.045455
383	377	0.055556
383	406	0.055556
383	409	0.050000
383	432	0.058824
383	443	0.058824
384	7	0.017857
384	16	0.017857
384	18	0.007407
384	20	0.007812
384	21	0.007812
384	22	0.007463
384	25	0.012346
384	91	0.028571
384	136	0.025000
384	144	0.031250
384	154	0.027027
384	176	0.041667
384	201	0.037037
384	213	0.043478
384	220	0.043478
384	233	0.031250
384	348	0.045455
384	429	0.058824
385	13	0.015152
385	33	0.012658
385	36	0.011765
385	57	0.022222
385	59	0.017544
385	65	0.019231
385	71	0.017241
385	101	0.021739
385	117	0.027778
385	128	0.033333
385	154	0.027027
385	178	0.032258
385	207	0.038462
385	233	0.031250
385	239	0.040000
385	330	0.052632
385	375	0.050000
385	431	0.055556
386	4	0.018182
386	10	0.020000
386	18	0.007407
386	19	0.008264
386	32	0.014085
386	37	0.009709
386	55	0.015873
386	64	0.018519
386	67	0.022222
386	80	0.023810
386	112	0.021277
386	160	0.027027
386	174	0.031250
386	200	0.045455
386	212	0.038462
386	279	0.035714
386	311	0.050000
386	442	0.058824
387	0	0.007752
387	18	0.007407
387	19	0.008264
387	27	0.008065
387	32	0.014085
387	41	0.018519
387	54	0.013699
387	55	0.015873
387	80	0.023810
387	87	0.025000
387	126	0.033333
387	134	0.028571
387	198	0.045455
387	230	0.033333
387	301	0.041667
387	310	0.050000
387	320	0.050000
387	394	0.052632
387	446	0.058824
388	3	0.017544
388	23	0.008696
388	27	0.008065
388	40	0.013889
388	61	0.020833
388	64	0.018519
388	72	0.025641
388	82	0.019608
388	86	0.021739
388	118	0.022222
388	131	0.025000
388	191	0.029412
388	196	0.032258
388	223	0.040000
388	234	0.033333
388	288	0.038462
388	370	0.052632
388	403	0.058824
388	407	0.058824
388	423	0.058824
389	28	0.011111
389	31	0.009615
389	45	0.017241
389	79	0.025641
389	98	0.027778
389	101	0.021739
389	117	0.027778
389	150	0.031250
389	154	0.027027
389	156	0.024390
389	180	0.032258
389	207	0.038462
389	240	0.043478
389	245	0.040000
389	247	0.045455
389	267	0.043478
389	314	0.050000
390	6	0.016667
390	9	0.011364
390	20	0.007812
390	23	0.008696
390	28	0.011111
390	36	0.011765
390	37	0.009709
390	85	0.021739
390	90	0.017857
390	101	0.021739
390	129	0.033333
390	152	0.028571
390	229	0.035714
390	236	0.041667
390	304	0.052632
390	318	0.041667
390	335	0.050000
390	420	0.058824
390	427	0.058824
391	1	0.012346
391	33	0.012658
391	44	0.014925
391	46	0.020000
391	66	0.019231
391	76	0.023256
391	91	0.028571
391	95	0.022727
391	154	0.027027
391	156	0.024390
391	215	0.034483
391	216	0.027778
391	220	0.043478
391	234	0.033333
391	271	0.040000
391	298	0.050000
391	343	0.055556
391	434	0.058824
391	435	0.058824
392	0	0.007752
392	1	0.012346
392	13	0.015152
392	15	0.029412
392	20	0.007812
392	24	0.009709
392	36	0.011765
392	60	0.014925
392	69	0.017857
392	79	0.025641
392	88	0.027027
392	163	0.033333
392	187	0.034483
392	233	0.031250
392	282	0.045455
392	288	0.038462
392	299	0.043478
392	429	0.058824
393	0	0.007752
393	5	0.014286
393	26	0.013514
393	36	0.011765
393	39	0.020000
393	40	0.013889
393	69	0.017857
393	103	0.020833
393	136	0.025000
393	222	0.038462
393	246	0.041667
393	262	0.037037
393	264	0.043478
393	267	0.043478
393	290	0.038462
393	306	0.050000
393	309	0.052632
393	431	0.055556
394	0	0.007752
394	22	0.007463
394	27	0.008065
394	37	0.009709
394	43	0.014706
394	70	0.020833
394	77	0.016129
394	86	0.021739
394	90	0.017857
394	111	0.018182
394	170	0.038462
394	210	0.028571
394	246	0.041667
394	260	0.037037
394	268	0.034483
394	290	0.038462
394	387	0.052632
394	397	0.052632
394	443	0.058824
395	12	0.009615
395	14	0.016393
395	23	0.008696
395	27	0.008065
395	32	0.014085
395	34	0.012346
395	37	0.009709
395	51	0.017241
395	54	0.013699
395	82	0.019608
395	83	0.026316
395	109	0.025000
395	146	0.027027
395	155	0.033333
395	230	0.033333
395	275	0.041667
395	365	0.052632
395	400	0.055556
395	405	0.058824
396	2	0.019608
396	14	0.016393
396	18	0.007407
396	27	0.008065
396	29	0.011765
396	30	0.012658
396	82	0.019608
396	85	0.021739
396	140	0.029412
396	153	0.024390
396	161	0.034483
396	257	0.047619
396	278	0.047619
396	287	0.047619
396	318	0.041667
396	319	0.038462
396	381	0.052632
397	17	0.016129
397	19	0.008264
397	37	0.009709
397	46	0.020000
397	51	0.017241
397	80	0.023810
397	86	0.021739
397	107	0.020833
397	163	0.033333
397	205	0.040000
397	229	0.035714
397	238	0.050000
397	321	0.050000
397	325	0.052632
397	364	0.052632
397	372	0.052632
397	394	0.052632
397	409	0.050000
397	415	0.058824
398	18	0.007407
398	32	0.014085
398	34	0.012346
398	37	0.009709
398	46	0.020000
398	54	0.013699
398	79	0.025641
398	102	0.023810
398	132	0.027027
398	141	0.035714
398	142	0.037037
398	165	0.028571
398	191	0.029412
398	235	0.038462
398	239	0.040000
398	274	0.043478
398	302	0.045455
398	437	0.055556
399	2	0.019608
399	5	0.014286
399	42	0.014925
399	68	0.020408
399	71	0.017241
399	76	0.023256
399	89	0.020000
399	115	0.032258
399	118	0.022222
399	162	0.027778
399	184	0.041667
399	191	0.029412
399	215	0.034483
399	234	0.033333
399	266	0.041667
399	282	0.045455
399	354	0.050000
399	418	0.055556
399	422	0.058824
400	1	0.012346
400	8	0.014493
400	13	0.015152
400	17	0.016129
400	20	0.007812
400	22	0.007463
400	27	0.008065
400	29	0.011765
400	83	0.026316
400	90	0.017857
400	93	0.021739
400	119	0.025000
400	183	0.040000
400	186	0.035714
400	228	0.038462
400	247	0.045455
400	395	0.052632
400	442	0.058824
401	4	0.018182
401	8	0.014493
401	31	0.009615
401	44	0.014925
401	50	0.019231
401	68	0.020408
401	89	0.020000
401	112	0.021277
401	131	0.025000
401	132	0.027027
401	184	0.041667
401	210	0.028571
401	228	0.038462
401	280	0.038462
401	314	0.050000
401	336	0.040000
401	342	0.052632
401	436	0.058824
402	0	0.007752
402	28	0.011111
402	34	0.012346
402	61	0.020833
402	68	0.020408
402	101	0.021739
402	104	0.031250
402	114	0.028571
402	157	0.041667
402	192	0.037037
402	195	0.035714
402	209	0.040000
402	212	0.038462
402	291	0.050000
402	298	0.050000
402	310	0.050000
402	369	0.043478
403	10	0.020000
403	12	0.009615
403	37	0.009709
403	51	0.017241
403	54	0.013699
403	86	0.021739
403	164	0.035714
403	187	0.034483
403	213	0.043478
403	244	0.052632
403	256	0.047619
403	264	0.043478
403	295	0.047619
403	334	0.047619
403	347	0.041667
403	350	0.050000
403	388	0.050000
404	0	0.007752
404	4	0.018182
404	13	0.015152
404	35	0.012987
404	43	0.014706
404	65	0.019231
404	76	0.023256
404	87	0.025000
404	147	0.029412
404	151	0.034483
404	159	0.029412
404	178	0.032258
404	180	0.032258
404	209	0.040000
404	262	0.037037
404	315	0.052632
404	336	0.040000
405	17	0.016129
405	18	0.007407
405	29	0.011765
405	42	0.014925
405	47	0.014286
405	106	0.025000
405	111	0.018182
405	148	0.034483
405	152	0.028571
405	210	0.028571
405	215	0.034483
405	275	0.041667
405	276	0.043478
405	279	0.035714
405	334	0.047619
405	348	0.045455
405	395	0.052632
406	7	0.017857
406	23	0.008696
406	29	0.011765
406	31	0.009615
406	67	0.022222
406	68	0.020408
406	75	0.027778
406	81	0.024390
406	156	0.024390
406	159	0.029412
406	166	0.037037
406	170	0.038462
406	188	0.037037
406	219	0.043478
406	272	0.041667
406	280	0.038462
406	383	0.047619
406	431	0.055556
407	2	0.019608
407	3	0.017544
407	6	0.016667
407	16	0.017857
407	38	0.024390
407	56	0.014706
407	60	0.014925
407	61	0.020833
407	86	0.021739
407	113	0.030303
407	221	0.043478
407	234	0.033333
407	243	0.040000
407	301	0.041667
407	338	0.047619
407	378	0.055556
407	388	0.050000
408	17	0.016129
408	21	0.007812
408	22	0.007463
408	27	0.008065
408	60	0.014925
408	61	0.020833
408	76	0.023256
408	79	0.025641
408	89	0.020000
408	127	0.028571
408	153	0.024390
408	180	0.032258
408	234	0.033333
408	329	0.052632
408	337	0.041667
408	354	0.050000
408	381	0.052632
408	433	0.058824
409	12	0.009615
409	15	0.029412
409	20	0.007812
409	28	0.011111
409	34	0.012346
409	76	0.023256
409	78	0.020833
409	86	0.021739
409	110	0.030303
409	239	0.040000
409	249	0.045455
409	328	0.055556
409	338	0.047619
409	346	0.045455
409	365	0.052632
409	383	0.047619
409	397	0.052632
409	425	0.055556
409	430	0.058824
409	447	0.058824
410	9	0.011364
410	22	0.007463
410	28	0.011111
410	32	0.014085
410	42	0.014925
410	53	0.018868
410	78	0.020833
410	92	0.017241
410	94	0.020000
410	136	0.025000
410	158	0.045455
410	174	0.031250
410	180	0.032258
410	183	0.040000
410	186	0.035714
410	322	0.050000
410	368	0.055556
410	427	0.058824
410	438	0.058824
411	13	0.015152
411	20	0.007812
411	31	0.009615
411	49	0.017241
411	63	0.023256
411	66	0.019231
411	82	0.019608
411	104	0.031250
411	135	0.022727
411	147	0.029412
411	153	0.024390
411	190	0.030303
411	229	0.035714
411	287	0.047619
411	334	0.047619
411	350	0.050000
411	352	0.055556
411	412	0.055556
411	413	0.058824
411	428	0.058824
412	1	0.012346
412	2	0.019608
412	3	0.017544
412	23	0.008696
412	47	0.014286
412	50	0.019231
412	94	0.020000
412	111	0.018182
412	113	0.030303
412	122	0.043478
412	163	0.033333
412	190	0.030303
412	191	0.029412
412	196	0.032258
412	252	0.035714
412	306	0.050000
412	411	0.050000
412	439	0.058824
413	9	0.011364
413	59	0.017544
413	91	0.028571
413	97	0.023256
413	156	0.024390
413	166	0.037037
413	167	0.035714
413	199	0.037037
413	207	0.038462
413	237	0.037037
413	251	0.038462
413	252	0.035714
413	316	0.052632
413	348	0.045455
413	350	0.050000
413	354	0.050000
413	411	0.050000
414	2	0.019608
414	9	0.011364
414	42	0.014925
414	72	0.025641
414	78	0.020833
414	85	0.021739
414	86	0.021739
414	87	0.025000
414	143	0.029412
414	180	0.032258
414	203	0.047619
414	222	0.038462
414	230	0.033333
414	235	0.038462
414	252	0.035714
414	289	0.040000
414	337	0.041667
415	0	0.007752
415	9	0.011364
415	14	0.016393
415	17	0.016129
415	24	0.009709
415	31	0.009615
415	37	0.009709
415	88	0.027027
415	107	0.020833
415	135	0.022727
415	181	0.052632
415	187	0.034483
415	189	0.045455
415	260	0.037037
415	353	0.055556
415	362	0.055556
415	397	0.052632
416	5	0.014286
416	26	0.013514
416	28	0.011111
416	32	0.014085
416	34	0.012346
416	37	0.009709
416	54	0.013699
416	56	0.014706
416	77	0.016129
416	97	0.023256
416	103	0.020833
416	131	0.025000
416	191	0.029412
416	261	0.041667
416	273	0.043478
416	295	0.047619
416	382	0.050000
416	428	0.058824
417	3	0.017544
417	12	0.009615
417	31	0.009615
417	34	0.012346
417	50	0.019231
417	64	0.018519
417	83	0.026316
417	99	0.030303
417	108	0.025000
417	112	0.021277
417	119	0.025000
417	135	0.022727
417	170	0.038462
417	175	0.040000
417	319	0.038462
417	332	0.055556
417	339	0.052632
417	426	0.058824
418	6	0.016667
418	9	0.011364
418	28	0.011111
418	39	0.020000
418	41	0.018519
418	56	0.014706
418	60	0.014925
418	70	0.020833
418	95	0.022727
418	117	0.027778
418	135	0.022727
418	166	0.037037
418	215	0.034483
418	216	0.027778
418	237	0.037037
418	249	0.045455
418	399	0.052632
418	430	0.058824
419	4	0.018182
419	9	0.011364
419	20	0.007812
419	34	0.012346
419	43	0.014706
419	87	0.025000
419	90	0.017857
419	92	0.017241
419	96	0.033333
419	118	0.022222
419	154	0.027027
419	166	0.037037
419	210	0.028571
419	329	0.052632
419	330	0.052632
419	347	0.041667
419	348	0.045455
419	436	0.058824
420	5	0.014286
420	18	0.007407
420	21	0.007812
420	32	0.014085
420	40	0.013889
420	51	0.017241
420	53	0.018868
420	54	0.013699
420	63	0.023256
420	66	0.019231
420	68	0.020408
420	80	0.023810
420	82	0.019608
420	114	0.028571
420	174	0.031250
420	287	0.047619
420	390	0.052632
421	12	0.009615
421	14	0.016393
421	21	0.007812
421	29	0.011765
421	48	0.018868
421	119	0.025000
421	120	0.031250
421	151	0.034483
421	162	0.027778
421	180	0.032258
421	209	0.040000
421	269	0.043478
421	306	0.050000
421	307	0.052632
421	318	0.041667
421	322	0.050000
421	361	0.052632
421	439	0.058824
422	0	0.007752
422	60	0.014925
422	65	0.019231
422	66	0.019231
422	70	0.020833
422	103	0.020833
422	111	0.018182
422	118	0.022222
422	124	0.026316
422	186	0.035714
422	222	0.038462
422	223	0.040000
422	248	0.052632
422	289	0.040000
422	337	0.041667
422	375	0.050000
422	399	0.052632
423	3	0.017544
423	7	0.017857
423	13	0.015152
423	22	0.007463
423	68	0.020408
423	77	0.016129
423	90	0.017857
423	103	0.020833
423	116	0.026316
423	126	0.033333
423	146	0.027027
423	188	0.037037
423	190	0.030303
423	258	0.047619
423	259	0.041667
423	312	0.052632
423	388	0.050000
424	5	0.014286
424	31	0.009615
424	37	0.009709
424	86	0.021739
424	113	0.030303
424	116	0.026316
424	132	0.027027
424	160	0.027027
424	210	0.028571
424	271	0.040000
424	279	0.035714
424	291	0.050000
424	319	0.038462
424	335	0.050000
424	348	0.045455
424	369	0.043478
424	373	0.052632
425	0	0.007752
425	31	0.009615
425	49	0.017241
425	53	0.018868
425	60	0.014925
425	71	0.017241
425	77	0.016129
425	86	0.021739
425	106	0.025000
425	114	0.028571
425	133	0.030303
425	164	0.035714
425	186	0.035714
425	229	0.035714
425	233	0.031250
425	346	0.045455
425	409	0.050000
425	426	0.058824
426	30	0.012658
426	36	0.011765
426	42	0.014925
426	110	0.030303
426	142	0.037037
426	165	0.028571
426	174	0.031250
426	179	0.038462
426	184	0.041667
426	190	0.030303
426	235	0.038462
426	245	0.040000
426	251	0.038462
426	337	0.041667
426	344	0.052632
426	417	0.055556
426	425	0.055556
427	16	0.017857
427	21	0.007812
427	24	0.009709
427	26	0.013514
427	38	0.024390
427	47	0.014286
427	51	0.017241
427	62	0.020833
427	64	0.018519
427	67	0.022222
427	71	0.017241
427	101	0.021739
427	197	0.040000
427	213	0.043478
427	289	0.040000
427	390	0.052632
427	410	0.052632
428	1	0.012346
428	10	0.020000
428	21	0.007812
428	49	0.017241
428	108	0.025000
428	110	0.030303
428	124	0.026316
428	160	0.027027
428	166	0.037037
428	173	0.035714
428	177	0.045455
428	198	0.045455
428	283	0.050000
428	293	0.045455
428	347	0.041667
428	411	0.050000
428	416	0.055556
429	1	0.012346
429	10	0.020000
429	23	0.008696
429	24	0.009709
429	25	0.012346
429	27	0.008065
429	35	0.012987
429	40	0.013889
429	77	0.016129
429	197	0.040000
429	201	0.037037
429	219	0.043478
429	276	0.043478
429	305	0.052632
429	364	0.052632
429	384	0.055556
429	392	0.055556
430	9	0.011364
430	10	0.020000
430	29	0.011765
430	51	0.017241
430	77	0.016129
430	98	0.027778
430	115	0.032258
430	145	0.034483
430	148	0.034483
430	254	0.052632
430	291	0.050000
430	296	0.047619
430	297	0.043478
430	301	0.041667
430	319	0.038462
430	409	0.050000
430	418	0.055556
431	12	0.009615
431	21	0.007812
431	41	0.018519
431	46	0.020000
431	62	0.020833
431	64	0.018519
431	85	0.021739
431	103	0.020833
431	146	0.027027
431	183	0.040000
431	311	0.050000
431	327	0.047619
431	356	0.050000
431	382	0.050000
431	385	0.055556
431	393	0.055556
431	406	0.055556
431	443	0.058824
432	8	0.014493
432	12	0.009615
432	18	0.007407
432	46	0.020000
432	48	0.018868
432	55	0.015873
432	56	0.014706
432	59	0.017544
432	117	0.027778
432	156	0.024390
432	179	0.038462
432	206	0.035714
432	228	0.038462
432	271	0.040000
432	277	0.045455
432	308	0.050000
432	383	0.047619
433	4	0.018182
433	8	0.014493
433	25	0.012346
433	56	0.014706
433	59	0.017544
433	71	0.017241
433	81	0.024390
433	92	0.017241
433	133	0.030303
433	137	0.030303
433	155	0.033333
433	238	0.050000
433	253	0.043478
433	275	0.041667
433	299	0.043478
433	312	0.052632
433	408	0.055556
434	6	0.016667
434	8	0.014493
434	44	0.014925
434	69	0.017857
434	92	0.017241
434	119	0.025000
434	141	0.035714
434	151	0.034483
434	175	0.040000
434	196	0.032258
434	271	0.040000
434	288	0.038462
434	336	0.040000
434	359	0.055556
434	370	0.052632
434	372	0.052632
434	391	0.052632
435	3	0.017544
435	22	0.007463
435	30	0.012658
435	37	0.009709
435	74	0.020000
435	94	0.020000
435	126	0.033333
435	135	0.022727
435	145	0.034483
435	160	0.027027
435	195	0.035714
435	227	0.037037
435	318	0.041667
435	320	0.050000
435	338	0.047619
435	369	0.043478
435	391	0.052632
436	27	0.008065
436	29	0.011765
436	43	0.014706
436	46	0.020000
436	56	0.014706
436	71	0.017241
436	106	0.025000
436	124	0.026316
436	128	0.033333
436	150	0.031250
436	188	0.037037
436	237	0.037037
436	261	0.041667
436	271	0.040000
436	314	0.050000
436	401	0.055556
436	419	0.055556
437	10	0.020000
437	27	0.008065
437	35	0.012987
437	68	0.020408
437	97	0.023256
437	102	0.023810
437	128	0.033333
437	140	0.029412
437	159	0.029412
437	164	0.035714
437	199	0.037037
437	222	0.038462
437	230	0.033333
437	240	0.043478
437	251	0.038462
437	374	0.055556
437	398	0.055556
437	445	0.058824
438	6	0.016667
438	10	0.020000
438	22	0.007463
438	24	0.009709
438	55	0.015873
438	57	0.022222
438	97	0.023256
438	107	0.020833
438	125	0.032258
438	165	0.028571
438	194	0.047619
438	195	0.035714
438	208	0.052632
438	220	0.043478
438	243	0.040000
438	351	0.052632
438	410	0.052632
439	16	0.017857
439	24	0.009709
439	25	0.012346
439	31	0.009615
439	40	0.013889
439	87	0.025000
439	101	0.021739
439	131	0.025000
439	144	0.031250
439	153	0.024390
439	245	0.040000
439	273	0.043478
439	274	0.043478
439	355	0.055556
439	361	0.052632
439	412	0.055556
439	421	0.055556
440	12	0.009615
440	33	0.012658
440	35	0.012987
440	40	0.013889
440	42	0.014925
440	60	0.014925
440	69	0.017857
440	81	0.024390
440	86	0.021739
440	120	0.031250
440	174	0.031250
440	223	0.040000
440	272	0.041667
440	288	0.038462
440	290	0.038462
440	326	0.047619
440	373	0.052632
441	12	0.009615
441	45	0.017241
441	56	0.014706
441	60	0.014925
441	88	0.027027
441	131	0.025000
441	153	0.024390
441	185	0.031250
441	187	0.034483
441	192	0.037037
441	214	0.045455
441	220	0.043478
441	228	0.038462
441	256	0.047619
441	293	0.045455
441	333	0.047619
441	336	0.040000
441	443	0.058824
442	23	0.008696
442	31	0.009615
442	40	0.013889
442	49	0.017241
442	58	0.018868
442	59	0.017544
442	77	0.016129
442	82	0.019608
442	83	0.026316
442	101	0.021739
442	133	0.030303
442	191	0.029412
442	277	0.045455
442	286	0.050000
442	307	0.052632
442	386	0.055556
442	400	0.055556
443	6	0.016667
443	7	0.017857
443	13	0.015152
443	21	0.007812
443	22	0.007463
443	27	0.008065
443	35	0.012987
443	105	0.031250
443	115	0.032258
443	116	0.026316
443	185	0.031250
443	196	0.032258
443	216	0.027778
443	383	0.047619
443	394	0.052632
443	431	0.055556
443	441	0.055556
444	4	0.018182
444	18	0.007407
444	60	0.014925
444	66	0.019231
444	98	0.027778
444	142	0.037037
444	147	0.029412
444	165	0.028571
444	196	0.032258
444	207	0.038462
444	224	0.043478
444	238	0.050000
444	268	0.034483
444	280	0.038462
444	288	0.038462
444	293	0.045455
444	326	0.047619
445	12	0.009615
445	29	0.011765
445	39	0.020000
445	47	0.014286
445	65	0.019231
445	71	0.017241
445	119	0.025000
445	120	0.031250
445	178	0.032258
445	201	0.037037
445	242	0.045455
445	262	0.037037
445	300	0.055556
445	301	0.041667
445	324	0.052632
445	356	0.050000
445	437	0.055556
446	1	0.012346
446	28	0.011111
446	34	0.012346
446	49	0.017241
446	78	0.020833
446	92	0.017241
446	114	0.028571
446	154	0.027027
446	160	0.027027
446	191	0.029412
446	205	0.040000
446	224	0.043478
446	326	0.047619
446	336	0.040000
446	347	0.041667
446	382	0.050000
446	387	0.052632
447	7	0.017857
447	11	0.022727
447	40	0.013889
447	55	0.015873
447	56	0.014706
447	82	0.019608
447	108	0.025000
447	109	0.025000
447	116	0.026316
447	139	0.041667
447	187	0.034483
447	199	0.037037
447	210	0.028571
447	273	0.043478
447	318	0.041667
447	369	0.043478
447	409	0.050000
