430	13948
0	17	0.006410
0	18	0.006623
0	19	0.007407
0	22	0.008850
0	25	0.012048
0	26	0.014706
0	27	0.016667
0	28	0.015385
0	30	0.023256
0	35	0.013889
0	40	0.011628
0	42	0.012821
0	46	0.012500
0	48	0.013158
0	51	0.018868
0	54	0.016393
0	55	0.019231
0	60	0.027778
0	67	0.017544
0	69	0.016129
0	84	0.018182
0	89	0.021277
0	96	0.023810
0	114	0.030303
0	128	0.030303
0	141	0.022222
0	146	0.032258
0	152	0.041667
0	155	0.033333
0	206	0.045455
0	207	0.038462
0	212	0.055556
0	215	0.034483
0	223	0.058824
0	225	0.038462
0	251	0.052632
0	261	0.050000
0	272	0.045455
0	274	0.050000
0	289	0.047619
0	292	0.052632
0	341	0.058824
0	356	0.050000
0	419	0.058824
1	17	0.006410
1	18	0.006623
1	20	0.007299
1	22	0.008850
1	23	0.010870
1	27	0.016667
1	42	0.012821
1	46	0.012500
1	47	0.015152
1	50	0.016393
1	55	0.019231
1	57	0.024390
1	60	0.027778
1	68	0.018182
1	73	0.017241
1	75	0.016667
1	78	0.020408
1	81	0.019608
1	96	0.023810
1	102	0.021739
1	103	0.022222
1	120	0.027778
1	135	0.034483
1	137	0.027778
1	154	0.045455
1	157	0.037037
1	189	0.045455
1	209	0.038462
1	218	0.055556
1	222	0.050000
1	229	0.037037
1	257	0.037037
1	327	0.052632
1	340	0.055556
1	350	0.052632
1	358	0.052632
1	378	0.055556
1	385	0.055556
1	405	0.058824
1	424	0.058824
1	429	0.058824
2	17	0.006410
2	18	0.006623
2	19	0.007407
2	20	0.007299
2	21	0.010753
2	22	0.008850
2	23	0.010870
2	25	0.012048
2	26	0.014706
2	27	0.016667
2	28	0.015385
2	30	0.023256
2	31	0.038462
2	32	0.009709
2	37	0.016129
2	38	0.013158
2	40	0.011628
2	43	0.015152
2	46	0.012500
2	47	0.015152
2	48	0.013158
2	49	0.019608
2	53	0.017544
2	55	0.019231
2	59	0.025641
2	61	0.038462
2	66	0.023256
2	74	0.023810
2	77	0.018519
2	80	0.022222
2	81	0.019608
2	83	0.017857
2	84	0.018182
2	87	0.028571
2	88	0.023256
2	91	0.022727
2	93	0.043478
2	100	0.031250
2	101	0.029412
2	105	0.020408
2	106	0.020000
2	113	0.024390
2	115	0.032258
2	116	0.027778
2	120	0.027778
2	124	0.047619
2	126	0.045455
2	130	0.037037
2	131	0.025641
2	135	0.034483
2	136	0.034483
2	138	0.024390
2	146	0.032258
2	150	0.035714
2	154	0.045455
2	155	0.033333
2	156	0.052632
2	157	0.037037
2	161	0.038462
2	165	0.038462
2	168	0.032258
2	169	0.040000
2	170	0.037037
2	182	0.031250
2	188	0.038462
2	189	0.045455
2	193	0.040000
2	196	0.034483
2	211	0.038462
2	217	0.047619
2	224	0.043478
2	226	0.041667
2	227	0.045455
2	230	0.050000
2	232	0.045455
2	234	0.038462
2	243	0.040000
2	250	0.043478
2	253	0.052632
2	265	0.043478
2	268	0.040000
2	271	0.041667
2	275	0.045455
2	285	0.052632
2	300	0.052632
2	306	0.050000
2	312	0.055556
2	321	0.052632
2	326	0.055556
2	332	0.052632
2	339	0.055556
2	344	0.055556
2	345	0.052632
2	362	0.052632
2	363	0.052632
2	376	0.055556
2	395	0.052632
2	401	0.058824
2	407	0.055556
2	408	0.058824
2	413	0.058824
3	17	0.006410
3	18	0.006623
3	19	0.007407
3	20	0.007299
3	21	0.010753
3	22	0.008850
3	23	0.010870
3	25	0.012048
3	27	0.016667
3	29	0.020000
3	31	0.038462
3	32	0.009709
3	33	0.010204
3	37	0.016129
3	40	0.011628
3	44	0.013514
3	47	0.015152
3	48	0.013158
3	60	0.027778
3	61	0.038462
3	64	0.016949
3	70	0.023256
3	79	0.025641
3	80	0.022222
3	85	0.019231
3	91	0.022727
3	99	0.027027
3	107	0.023810
3	112	0.034483
3	116	0.027778
3	120	0.027778
3	133	0.028571
3	140	0.027778
3	147	0.033333
3	158	0.052632
3	177	0.029412
3	199	0.045455
3	203	0.032258
3	256	0.034483
3	263	0.050000
3	282	0.052632
3	283	0.052632
3	301	0.052632
3	312	0.055556
3	337	0.050000
3	346	0.052632
3	349	0.055556
3	352	0.055556
3	360	0.052632
3	388	0.052632
3	394	0.058824
3	397	0.052632
3	420	0.058824
4	17	0.006410
4	18	0.006623
4	19	0.007407
4	20	0.007299
4	21	0.010753
4	22	0.008850
4	24	0.010989
4	25	0.012048
4	26	0.014706
4	28	0.015385
4	30	0.023256
4	32	0.009709
4	34	0.010417
4	37	0.016129
4	38	0.013158
4	41	0.015873
4	42	0.012821
4	44	0.013514
4	45	0.011628
4	47	0.015152
4	50	0.016393
4	53	0.017544
4	57	0.024390
4	59	0.025641
4	61	0.038462
4	64	0.016949
4	66	0.023256
4	69	0.016129
4	76	0.020833
4	86	0.025641
4	87	0.028571
4	88	0.023256
4	92	0.028571
4	107	0.023810
4	111	0.022727
4	116	0.027778
4	126	0.045455
4	133	0.028571
4	134	0.027778
4	139	0.028571
4	149	0.030303
4	150	0.035714
4	171	0.031250
4	173	0.027778
4	174	0.027778
4	180	0.025000
4	183	0.037037
4	184	0.037037
4	185	0.050000
4	192	0.045455
4	193	0.040000
4	210	0.038462
4	218	0.055556
4	220	0.047619
4	237	0.037037
4	253	0.052632
4	259	0.040000
4	283	0.052632
4	285	0.052632
4	296	0.043478
4	305	0.058824
4	314	0.052632
4	320	0.045455
4	329	0.050000
4	335	0.055556
4	345	0.052632
4	351	0.052632
4	365	0.050000
4	422	0.058824
5	17	0.006410
5	18	0.006623
5	19	0.007407
5	20	0.007299
5	21	0.010753
5	25	0.012048
5	33	0.010204
5	34	0.010417
5	52	0.012195
5	53	0.017544
5	57	0.024390
5	65	0.017857
5	67	0.017544
5	69	0.016129
5	84	0.018182
5	88	0.023256
5	89	0.021277
5	95	0.038462
5	97	0.025641
5	101	0.029412
5	115	0.032258
5	119	0.035714
5	124	0.047619
5	125	0.040000
5	134	0.027778
5	137	0.027778
5	140	0.027778
5	144	0.033333
5	158	0.052632
5	165	0.038462
5	193	0.040000
5	199	0.045455
5	215	0.034483
5	223	0.058824
5	229	0.037037
5	234	0.038462
5	237	0.037037
5	242	0.040000
5	293	0.047619
5	328	0.050000
5	330	0.050000
5	331	0.043478
5	332	0.052632
5	333	0.043478
5	351	0.052632
5	353	0.050000
5	372	0.055556
5	375	0.058824
5	389	0.058824
5	396	0.058824
5	413	0.058824
6	17	0.006410
6	18	0.006623
6	19	0.007407
6	20	0.007299
6	21	0.010753
6	22	0.008850
6	23	0.010870
6	24	0.010989
6	25	0.012048
6	26	0.014706
6	31	0.038462
6	34	0.010417
6	39	0.014706
6	40	0.011628
6	41	0.015873
6	42	0.012821
6	45	0.011628
6	49	0.019608
6	50	0.016393
6	58	0.035714
6	60	0.027778
6	63	0.047619
6	65	0.017857
6	75	0.016667
6	77	0.018519
6	79	0.025641
6	82	0.023810
6	83	0.017857
6	88	0.023256
6	91	0.022727
6	97	0.025641
6	101	0.029412
6	102	0.021739
6	131	0.025641
6	139	0.028571
6	143	0.033333
6	150	0.035714
6	155	0.033333
6	160	0.040000
6	168	0.032258
6	175	0.035714
6	180	0.025000
6	183	0.037037
6	187	0.040000
6	210	0.038462
6	221	0.052632
6	272	0.045455
6	301	0.052632
6	309	0.045455
6	314	0.052632
6	331	0.043478
6	343	0.045455
6	346	0.052632
6	351	0.052632
6	352	0.055556
6	358	0.052632
6	361	0.058824
6	372	0.055556
6	376	0.055556
6	387	0.058824
6	395	0.052632
6	396	0.058824
6	405	0.058824
6	429	0.058824
7	17	0.006410
7	18	0.006623
7	19	0.007407
7	20	0.007299
7	21	0.010753
7	22	0.008850
7	23	0.010870
7	24	0.010989
7	26	0.014706
7	27	0.016667
7	28	0.015385
7	29	0.020000
7	30	0.023256
7	33	0.010204
7	35	0.013889
7	36	0.011765
7	37	0.016129
7	42	0.012821
7	45	0.011628
7	47	0.015152
7	50	0.016393
7	51	0.018868
7	53	0.017544
7	55	0.019231
7	56	0.020833
7	58	0.035714
7	62	0.027027
7	67	0.017544
7	71	0.014493
7	74	0.023810
7	80	0.022222
7	85	0.019231
7	89	0.021277
7	91	0.022727
7	93	0.043478
7	95	0.038462
7	96	0.023810
7	110	0.029412
7	113	0.024390
7	115	0.032258
7	116	0.027778
7	150	0.035714
7	155	0.033333
7	159	0.047619
7	162	0.032258
7	163	0.031250
7	171	0.031250
7	175	0.035714
7	179	0.040000
7	182	0.031250
7	183	0.037037
7	186	0.040000
7	189	0.045455
7	190	0.043478
7	192	0.045455
7	194	0.037037
7	201	0.025000
7	220	0.047619
7	226	0.041667
7	227	0.045455
7	228	0.045455
7	231	0.038462
7	239	0.052632
7	240	0.038462
7	265	0.043478
7	270	0.035714
7	272	0.045455
7	275	0.045455
7	279	0.050000
7	291	0.040000
7	303	0.043478
7	305	0.058824
7	315	0.055556
7	323	0.047619
7	339	0.055556
7	343	0.045455
7	352	0.055556
7	355	0.055556
7	359	0.050000
7	363	0.052632
7	373	0.058824
7	381	0.058824
7	382	0.058824
7	383	0.058824
7	397	0.052632
7	403	0.052632
7	410	0.055556
7	421	0.058824
8	17	0.006410
8	18	0.006623
8	19	0.007407
8	20	0.007299
8	22	0.008850
8	24	0.010989
8	26	0.014706
8	27	0.016667
8	29	0.020000
8	31	0.038462
8	36	0.011765
8	39	0.014706
8	41	0.015873
8	42	0.012821
8	43	0.015152
8	44	0.013514
8	45	0.011628
8	48	0.013158
8	49	0.019608
8	56	0.020833
8	58	0.035714
8	63	0.047619
8	67	0.017544
8	69	0.016129
8	74	0.023810
8	93	0.043478
8	97	0.025641
8	129	0.029412
8	130	0.037037
8	143	0.033333
8	145	0.037037
8	152	0.041667
8	163	0.031250
8	170	0.037037
8	180	0.025000
8	213	0.052632
8	224	0.043478
8	233	0.043478
8	240	0.038462
8	252	0.055556
8	260	0.045455
8	293	0.047619
8	326	0.055556
8	341	0.058824
8	349	0.055556
8	373	0.058824
8	374	0.058824
8	405	0.058824
8	407	0.055556
8	423	0.058824
9	17	0.006410
9	18	0.006623
9	19	0.007407
9	20	0.007299
9	21	0.010753
9	22	0.008850
9	23	0.010870
9	24	0.010989
9	26	0.014706
9	30	0.023256
9	31	0.038462
9	32	0.009709
9	34	0.010417
9	36	0.011765
9	37	0.016129
9	38	0.013158
9	44	0.013514
9	45	0.011628
9	46	0.012500
9	49	0.019608
9	52	0.012195
9	53	0.017544
9	56	0.020833
9	57	0.024390
9	59	0.025641
9	63	0.047619
9	67	0.017544
9	69	0.016129
9	70	0.023256
9	76	0.020833
9	78	0.020408
9	80	0.022222
9	84	0.018182
9	90	0.031250
9	91	0.022727
9	92	0.028571
9	99	0.027027
9	105	0.020408
9	119	0.035714
9	123	0.041667
9	130	0.037037
9	134	0.027778
9	135	0.034483
9	143	0.033333
9	151	0.032258
9	167	0.035714
9	168	0.032258
9	170	0.037037
9	171	0.031250
9	172	0.030303
9	173	0.027778
9	180	0.025000
9	203	0.032258
9	206	0.045455
9	213	0.052632
9	216	0.047619
9	249	0.043478
9	266	0.052632
9	290	0.047619
9	293	0.047619
9	308	0.041667
9	321	0.052632
9	326	0.055556
9	335	0.055556
9	341	0.058824
9	346	0.052632
9	361	0.058824
9	367	0.052632
9	377	0.055556
9	380	0.058824
9	394	0.058824
9	402	0.058824
9	405	0.058824
9	407	0.055556
9	411	0.058824
9	413	0.058824
9	421	0.058824
10	17	0.006410
10	18	0.006623
10	19	0.007407
10	20	0.007299
10	21	0.010753
10	23	0.010870
10	24	0.010989
10	26	0.014706
10	28	0.015385
10	31	0.038462
10	32	0.009709
10	33	0.010204
10	34	0.010417
10	35	0.013889
10	38	0.013158
10	40	0.011628
10	45	0.011628
10	49	0.019608
10	51	0.018868
10	52	0.012195
10	58	0.035714
10	61	0.038462
10	62	0.027027
10	65	0.017857
10	71	0.014493
10	79	0.025641
10	85	0.019231
10	88	0.023256
10	94	0.035714
10	98	0.021277
10	99	0.027027
10	100	0.031250
10	104	0.027027
10	106	0.020000
10	109	0.035714
10	120	0.027778
10	126	0.045455
10	131	0.025641
10	132	0.030303
10	137	0.027778
10	140	0.027778
10	142	0.033333
10	149	0.030303
10	151	0.032258
10	160	0.040000
10	161	0.038462
10	165	0.038462
10	174	0.027778
10	177	0.029412
10	180	0.025000
10	182	0.031250
10	185	0.050000
10	197	0.040000
10	204	0.037037
10	207	0.038462
10	211	0.038462
10	213	0.052632
10	215	0.034483
10	219	0.047619
10	226	0.041667
10	232	0.045455
10	238	0.043478
10	239	0.052632
10	241	0.041667
10	256	0.034483
10	257	0.037037
10	260	0.045455
10	261	0.050000
10	263	0.050000
10	266	0.052632
10	275	0.045455
10	281	0.047619
10	290	0.047619
10	295	0.052632
10	304	0.047619
10	310	0.058824
10	312	0.055556
10	313	0.047619
10	314	0.052632
10	322	0.050000
10	323	0.047619
10	336	0.055556
10	342	0.052632
10	343	0.045455
10	346	0.052632
10	353	0.050000
10	364	0.055556
10	373	0.058824
10	379	0.055556
10	380	0.058824
10	382	0.058824
10	386	0.055556
10	387	0.058824
10	388	0.052632
10	397	0.052632
10	398	0.058824
10	400	0.058824
10	405	0.058824
10	407	0.055556
10	408	0.058824
10	415	0.058824
10	423	0.058824
10	427	0.058824
11	17	0.006410
11	18	0.006623
11	19	0.007407
11	21	0.010753
11	22	0.008850
11	25	0.012048
11	28	0.015385
11	31	0.038462
11	33	0.010204
11	35	0.013889
11	37	0.016129
11	39	0.014706
11	50	0.016393
11	52	0.012195
11	72	0.014493
11	73	0.017241
11	96	0.023810
11	98	0.021277
11	101	0.029412
11	105	0.020408
11	106	0.020000
11	109	0.035714
11	126	0.045455
11	131	0.025641
11	133	0.028571
11	146	0.032258
11	153	0.041667
11	162	0.032258
11	167	0.035714
11	180	0.025000
11	188	0.038462
11	218	0.055556
11	226	0.041667
11	291	0.040000
11	295	0.052632
11	298	0.055556
11	328	0.050000
11	329	0.050000
11	334	0.050000
11	364	0.055556
11	369	0.052632
11	371	0.050000
11	374	0.058824
11	380	0.058824
12	17	0.006410
12	18	0.006623
12	20	0.007299
12	21	0.010753
12	23	0.010870
12	24	0.010989
12	25	0.012048
12	27	0.016667
12	30	0.023256
12	31	0.038462
12	33	0.010204
12	34	0.010417
12	36	0.011765
12	38	0.013158
12	41	0.015873
12	43	0.015152
12	44	0.013514
12	45	0.011628
12	50	0.016393
12	52	0.012195
12	56	0.020833
12	60	0.027778
12	62	0.027027
12	63	0.047619
12	64	0.016949
12	66	0.023256
12	76	0.020833
12	85	0.019231
12	87	0.028571
12	93	0.043478
12	105	0.020408
12	120	0.027778
12	124	0.047619
12	130	0.037037
12	140	0.027778
12	157	0.037037
12	169	0.040000
12	177	0.029412
12	181	0.033333
12	205	0.041667
12	209	0.038462
12	214	0.045455
12	224	0.043478
12	233	0.043478
12	245	0.050000
12	253	0.052632
12	259	0.040000
12	264	0.041667
12	270	0.035714
12	273	0.043478
12	274	0.050000
12	279	0.050000
12	291	0.040000
12	292	0.052632
12	294	0.050000
12	309	0.045455
12	319	0.055556
12	344	0.055556
12	347	0.058824
12	358	0.052632
12	377	0.055556
12	383	0.058824
12	422	0.058824
12	425	0.062500
13	17	0.006410
13	18	0.006623
13	19	0.007407
13	20	0.007299
13	21	0.010753
13	23	0.010870
13	25	0.012048
13	26	0.014706
13	28	0.015385
13	29	0.020000
13	36	0.011765
13	37	0.016129
13	38	0.013158
13	39	0.014706
13	40	0.011628
13	42	0.012821
13	44	0.013514
13	45	0.011628
13	46	0.012500
13	49	0.019608
13	54	0.016393
13	61	0.038462
13	62	0.027027
13	64	0.016949
13	73	0.017241
13	81	0.019608
13	90	0.031250
13	97	0.025641
13	99	0.027027
13	101	0.029412
13	106	0.020000
13	107	0.023810
13	112	0.034483
13	117	0.027778
13	123	0.041667
13	127	0.052632
13	131	0.025641
13	133	0.028571
13	136	0.034483
13	137	0.027778
13	138	0.024390
13	140	0.027778
13	147	0.033333
13	153	0.041667
13	154	0.045455
13	156	0.052632
13	157	0.037037
13	166	0.032258
13	168	0.032258
13	182	0.031250
13	183	0.037037
13	185	0.050000
13	188	0.038462
13	192	0.045455
13	194	0.037037
13	214	0.045455
13	216	0.047619
13	218	0.055556
13	219	0.047619
13	220	0.047619
13	223	0.058824
13	228	0.045455
13	230	0.050000
13	235	0.045455
13	236	0.040000
13	241	0.041667
13	242	0.040000
13	245	0.050000
13	264	0.041667
13	275	0.045455
13	283	0.052632
13	290	0.047619
13	293	0.047619
13	294	0.050000
13	304	0.047619
13	305	0.058824
13	321	0.052632
13	326	0.055556
13	332	0.052632
13	339	0.055556
13	351	0.052632
13	352	0.055556
13	356	0.050000
13	362	0.052632
13	399	0.058824
13	401	0.058824
13	417	0.058824
13	419	0.058824
14	17	0.006410
14	18	0.006623
14	19	0.007407
14	20	0.007299
14	21	0.010753
14	22	0.008850
14	23	0.010870
14	24	0.010989
14	25	0.012048
14	26	0.014706
14	27	0.016667
14	29	0.020000
14	30	0.023256
14	32	0.009709
14	33	0.010204
14	34	0.010417
14	39	0.014706
14	40	0.011628
14	43	0.015152
14	46	0.012500
14	47	0.015152
14	54	0.016393
14	58	0.035714
14	61	0.038462
14	66	0.023256
14	76	0.020833
14	84	0.018182
14	97	0.025641
14	98	0.021277
14	100	0.031250
14	103	0.022222
14	105	0.020408
14	106	0.020000
14	107	0.023810
14	110	0.029412
14	112	0.034483
14	113	0.024390
14	122	0.035714
14	125	0.040000
14	126	0.045455
14	131	0.025641
14	133	0.028571
14	137	0.027778
14	145	0.037037
14	151	0.032258
14	156	0.052632
14	161	0.038462
14	166	0.032258
14	167	0.035714
14	171	0.031250
14	175	0.035714
14	179	0.040000
14	188	0.038462
14	190	0.043478
14	191	0.055556
14	192	0.045455
14	202	0.043478
14	208	0.032258
14	212	0.055556
14	219	0.047619
14	223	0.058824
14	225	0.038462
14	229	0.037037
14	230	0.050000
14	232	0.045455
14	235	0.045455
14	239	0.052632
14	247	0.040000
14	252	0.055556
14	253	0.052632
14	256	0.034483
14	259	0.040000
14	265	0.043478
14	270	0.035714
14	271	0.041667
14	273	0.043478
14	276	0.047619
14	280	0.045455
14	300	0.052632
14	310	0.058824
14	318	0.058824
14	338	0.052632
14	341	0.058824
14	343	0.045455
14	354	0.058824
14	359	0.050000
14	363	0.052632
14	372	0.055556
14	383	0.058824
14	402	0.058824
14	416	0.058824
14	427	0.058824
15	17	0.006410
15	19	0.007407
15	21	0.010753
15	22	0.008850
15	23	0.010870
15	24	0.010989
15	27	0.016667
15	29	0.020000
15	31	0.038462
15	32	0.009709
15	33	0.010204
15	34	0.010417
15	35	0.013889
15	36	0.011765
15	37	0.016129
15	44	0.013514
15	45	0.011628
15	52	0.012195
15	53	0.017544
15	54	0.016393
15	55	0.019231
15	56	0.020833
15	61	0.038462
15	62	0.027027
15	65	0.017857
15	66	0.023256
15	72	0.014493
15	75	0.016667
15	85	0.019231
15	89	0.021277
15	94	0.035714
15	101	0.029412
15	103	0.022222
15	108	0.027027
15	111	0.022727
15	112	0.034483
15	113	0.024390
15	114	0.030303
15	116	0.027778
15	122	0.035714
15	127	0.052632
15	144	0.033333
15	152	0.041667
15	156	0.052632
15	162	0.032258
15	169	0.040000
15	175	0.035714
15	183	0.037037
15	195	0.037037
15	198	0.037037
15	204	0.037037
15	210	0.038462
15	216	0.047619
15	222	0.050000
15	223	0.058824
15	229	0.037037
15	238	0.043478
15	244	0.038462
15	248	0.047619
15	250	0.043478
15	252	0.055556
15	253	0.052632
15	259	0.040000
15	265	0.043478
15	267	0.050000
15	277	0.045455
15	285	0.052632
15	294	0.050000
15	297	0.045455
15	298	0.055556
15	307	0.043478
15	324	0.041667
15	325	0.052632
15	339	0.055556
15	343	0.045455
15	351	0.052632
15	355	0.055556
15	358	0.052632
15	377	0.055556
15	379	0.055556
15	380	0.058824
15	384	0.055556
15	385	0.055556
15	388	0.052632
15	397	0.052632
15	399	0.058824
15	409	0.055556
15	425	0.062500
15	427	0.058824
16	17	0.006410
16	18	0.006623
16	19	0.007407
16	20	0.007299
16	21	0.010753
16	22	0.008850
16	24	0.010989
16	26	0.014706
16	29	0.020000
16	32	0.009709
16	36	0.011765
16	38	0.013158
16	44	0.013514
16	48	0.013158
16	53	0.017544
16	55	0.019231
16	57	0.024390
16	64	0.016949
16	65	0.017857
16	69	0.016129
16	71	0.014493
16	72	0.014493
16	80	0.022222
16	82	0.023810
16	90	0.031250
16	100	0.031250
16	105	0.020408
16	109	0.035714
16	119	0.035714
16	148	0.026316
16	149	0.030303
16	151	0.032258
16	155	0.033333
16	161	0.038462
16	165	0.038462
16	191	0.055556
16	195	0.037037
16	207	0.038462
16	220	0.047619
16	221	0.052632
16	231	0.038462
16	232	0.045455
16	251	0.052632
16	253	0.052632
16	270	0.035714
16	291	0.040000
16	298	0.055556
16	299	0.052632
16	330	0.050000
16	333	0.043478
16	341	0.058824
16	377	0.055556
16	380	0.058824
16	387	0.058824
16	417	0.058824
16	418	0.058824
16	424	0.058824
16	429	0.058824
17	0	0.022727
17	1	0.024390
17	2	0.009901
17	3	0.018868
17	4	0.014493
17	5	0.019608
17	6	0.015625
17	7	0.011364
17	8	0.020000
17	9	0.012987
17	10	0.009709
17	11	0.022727
17	12	0.015625
17	13	0.011364
17	14	0.010870
17	15	0.011236
17	16	0.017241
17	18	0.006623
17	19	0.007407
17	20	0.007299
17	21	0.010753
17	22	0.008850
17	23	0.010870
17	24	0.010989
17	25	0.012048
17	26	0.014706
17	27	0.016667
17	28	0.015385
17	29	0.020000
17	30	0.023256
17	31	0.038462
17	32	0.009709
17	33	0.010204
17	34	0.010417
17	35	0.013889
17	36	0.011765
17	37	0.016129
17	38	0.013158
17	39	0.014706
17	41	0.015873
17	42	0.012821
17	43	0.015152
17	44	0.013514
17	45	0.011628
17	48	0.013158
17	51	0.018868
17	53	0.017544
17	54	0.016393
17	55	0.019231
17	56	0.020833
17	57	0.024390
17	58	0.035714
17	59	0.025641
17	60	0.027778
17	65	0.017857
17	67	0.017544
17	71	0.014493
17	72	0.014493
17	77	0.018519
17	81	0.019608
17	82	0.023810
17	83	0.017857
17	84	0.018182
17	86	0.025641
17	91	0.022727
17	93	0.043478
17	94	0.035714
17	96	0.023810
17	100	0.031250
17	102	0.021739
17	103	0.022222
17	104	0.027027
17	105	0.020408
17	111	0.022727
17	115	0.032258
17	120	0.027778
17	121	0.031250
17	122	0.035714
17	124	0.047619
17	126	0.045455
17	129	0.029412
17	132	0.030303
17	134	0.027778
17	135	0.034483
17	139	0.028571
17	142	0.033333
17	144	0.033333
17	148	0.026316
17	149	0.030303
17	151	0.032258
17	155	0.033333
17	157	0.037037
17	158	0.052632
17	160	0.040000
17	163	0.031250
17	164	0.032258
17	166	0.032258
17	169	0.040000
17	170	0.037037
17	172	0.030303
17	173	0.027778
17	175	0.035714
17	176	0.031250
17	186	0.040000
17	188	0.038462
17	192	0.045455
17	203	0.032258
17	207	0.038462
17	209	0.038462
17	211	0.038462
17	212	0.055556
17	218	0.055556
17	220	0.047619
17	222	0.050000
17	225	0.038462
17	230	0.050000
17	231	0.038462
17	233	0.043478
17	236	0.040000
17	241	0.041667
17	252	0.055556
17	255	0.050000
17	256	0.034483
17	269	0.062500
17	276	0.047619
17	280	0.045455
17	282	0.052632
17	289	0.047619
17	291	0.040000
17	295	0.052632
17	299	0.052632
17	300	0.052632
17	301	0.052632
17	303	0.043478
17	314	0.052632
17	319	0.055556
17	326	0.055556
17	330	0.050000
17	337	0.050000
17	343	0.045455
17	351	0.052632
17	352	0.055556
17	362	0.052632
17	365	0.050000
17	370	0.050000
17	372	0.055556
17	373	0.058824
17	380	0.058824
17	385	0.055556
17	389	0.058824
17	393	0.055556
17	397	0.052632
17	412	0.058824
17	414	0.058824
17	417	0.058824
17	424	0.058824
18	0	0.022727
18	1	0.024390
18	2	0.009901
18	3	0.018868
18	4	0.014493
18	5	0.019608
18	6	0.015625
18	7	0.011364
18	8	0.020000
18	9	0.012987
18	10	0.009709
18	11	0.022727
18	12	0.015625
18	13	0.011364
18	14	0.010870
18	16	0.017241
18	17	0.006410
18	19	0.007407
18	20	0.007299
18	21	0.010753
18	22	0.008850
18	23	0.010870
18	24	0.010989
18	25	0.012048
18	26	0.014706
18	27	0.016667
18	28	0.015385
18	29	0.020000
18	30	0.023256
18	32	0.009709
18	33	0.010204
18	38	0.013158
18	39	0.014706
18	40	0.011628
18	41	0.015873
18	43	0.015152
18	44	0.013514
18	49	0.019608
18	50	0.016393
18	51	0.018868
18	52	0.012195
18	53	0.017544
18	54	0.016393
18	55	0.019231
18	56	0.020833
18	57	0.024390
18	59	0.025641
18	64	0.016949
18	65	0.017857
18	66	0.023256
18	67	0.017544
18	70	0.023256
18	72	0.014493
18	74	0.023810
18	75	0.016667
18	76	0.020833
18	78	0.020408
18	79	0.025641
18	80	0.022222
18	82	0.023810
18	85	0.019231
18	86	0.025641
18	92	0.028571
18	94	0.035714
18	96	0.023810
18	100	0.031250
18	101	0.029412
18	105	0.020408
18	106	0.020000
18	114	0.030303
18	119	0.035714
18	120	0.027778
18	121	0.031250
18	123	0.041667
18	124	0.047619
18	127	0.052632
18	129	0.029412
18	130	0.037037
18	135	0.034483
18	136	0.034483
18	138	0.024390
18	139	0.028571
18	144	0.033333
18	145	0.037037
18	148	0.026316
18	152	0.041667
18	154	0.045455
18	159	0.047619
18	160	0.040000
18	163	0.031250
18	164	0.032258
18	173	0.027778
18	174	0.027778
18	179	0.040000
18	180	0.025000
18	181	0.033333
18	196	0.034483
18	197	0.040000
18	199	0.045455
18	200	0.038462
18	202	0.043478
18	205	0.041667
18	208	0.032258
18	209	0.038462
18	214	0.045455
18	217	0.047619
18	220	0.047619
18	224	0.043478
18	227	0.045455
18	235	0.045455
18	241	0.041667
18	242	0.040000
18	244	0.038462
18	245	0.050000
18	246	0.038462
18	254	0.058824
18	256	0.034483
18	258	0.050000
18	260	0.045455
18	261	0.050000
18	262	0.047619
18	264	0.041667
18	267	0.050000
18	269	0.062500
18	271	0.041667
18	273	0.043478
18	286	0.058824
18	288	0.052632
18	290	0.047619
18	292	0.052632
18	306	0.050000
18	307	0.043478
18	313	0.047619
18	315	0.055556
18	317	0.052632
18	327	0.052632
18	330	0.050000
18	341	0.058824
18	350	0.052632
18	354	0.058824
18	363	0.052632
18	366	0.052632
18	369	0.052632
18	373	0.058824
18	375	0.058824
18	378	0.055556
18	390	0.047619
18	411	0.058824
18	417	0.058824
18	425	0.062500
18	428	0.058824
19	0	0.022727
19	2	0.009901
19	3	0.018868
19	4	0.014493
19	5	0.019608
19	6	0.015625
19	7	0.011364
19	8	0.020000
19	9	0.012987
19	10	0.009709
19	11	0.022727
19	13	0.011364
19	14	0.010870
19	15	0.011236
19	16	0.017241
19	17	0.006410
19	18	0.006623
19	21	0.010753
19	22	0.008850
19	23	0.010870
19	24	0.010989
19	25	0.012048
19	27	0.016667
19	28	0.015385
19	30	0.023256
19	31	0.038462
19	32	0.009709
19	33	0.010204
19	35	0.013889
19	38	0.013158
19	39	0.014706
19	42	0.012821
19	43	0.015152
19	44	0.013514
19	47	0.015152
19	48	0.013158
19	51	0.018868
19	53	0.017544
19	59	0.025641
19	62	0.027027
19	64	0.016949
19	67	0.017544
19	69	0.016129
19	70	0.023256
19	71	0.014493
19	75	0.016667
19	77	0.018519
19	78	0.020408
19	83	0.017857
19	85	0.019231
19	86	0.025641
19	90	0.031250
19	91	0.022727
19	93	0.043478
19	94	0.035714
19	97	0.025641
19	98	0.021277
19	99	0.027027
19	102	0.021739
19	118	0.026316
19	122	0.035714
19	123	0.041667
19	124	0.047619
19	126	0.045455
19	127	0.052632
19	129	0.029412
19	134	0.027778
19	135	0.034483
19	143	0.033333
19	146	0.032258
19	149	0.030303
19	150	0.035714
19	151	0.032258
19	152	0.041667
19	155	0.033333
19	162	0.032258
19	170	0.037037
19	174	0.027778
19	176	0.031250
19	183	0.037037
19	184	0.037037
19	186	0.040000
19	188	0.038462
19	190	0.043478
19	191	0.055556
19	194	0.037037
19	195	0.037037
19	196	0.034483
19	200	0.038462
19	201	0.025000
19	203	0.032258
19	204	0.037037
19	210	0.038462
19	212	0.055556
19	214	0.045455
19	216	0.047619
19	224	0.043478
19	234	0.038462
19	237	0.037037
19	238	0.043478
19	239	0.052632
19	243	0.040000
19	247	0.040000
19	252	0.055556
19	255	0.050000
19	260	0.045455
19	268	0.040000
19	270	0.035714
19	284	0.058824
19	290	0.047619
19	297	0.045455
19	301	0.052632
19	317	0.052632
19	320	0.045455
19	326	0.055556
19	330	0.050000
19	338	0.052632
19	341	0.058824
19	345	0.052632
19	349	0.055556
19	354	0.058824
19	358	0.052632
19	362	0.052632
19	363	0.052632
19	376	0.055556
19	379	0.055556
19	380	0.058824
19	381	0.058824
19	385	0.055556
19	396	0.058824
19	398	0.058824
19	403	0.052632
19	410	0.055556
19	414	0.058824
19	424	0.058824
20	1	0.024390
20	2	0.009901
20	3	0.018868
20	4	0.014493
20	5	0.019608
20	6	0.015625
20	7	0.011364
20	8	0.020000
20	9	0.012987
20	10	0.009709
20	12	0.015625
20	13	0.011364
20	14	0.010870
20	16	0.017241
20	17	0.006410
20	18	0.006623
20	22	0.008850
20	23	0.010870
20	24	0.010989
20	25	0.012048
20	26	0.014706
20	27	0.016667
20	28	0.015385
20	29	0.020000
20	30	0.023256
20	33	0.010204
20	34	0.010417
20	35	0.013889
20	36	0.011765
20	37	0.016129
20	38	0.013158
20	39	0.014706
20	41	0.015873
20	43	0.015152
20	46	0.012500
20	47	0.015152
20	49	0.019608
20	50	0.016393
20	51	0.018868
20	52	0.012195
20	54	0.016393
20	56	0.020833
20	57	0.024390
20	59	0.025641
20	60	0.027778
20	61	0.038462
20	62	0.027027
20	63	0.047619
20	66	0.023256
20	67	0.017544
20	68	0.018182
20	71	0.014493
20	72	0.014493
20	74	0.023810
20	75	0.016667
20	76	0.020833
20	78	0.020408
20	80	0.022222
20	81	0.019608
20	87	0.028571
20	89	0.021277
20	91	0.022727
20	94	0.035714
20	95	0.038462
20	97	0.025641
20	100	0.031250
20	104	0.027027
20	105	0.020408
20	106	0.020000
20	108	0.027027
20	109	0.035714
20	116	0.027778
20	117	0.027778
20	118	0.026316
20	121	0.031250
20	122	0.035714
20	130	0.037037
20	133	0.028571
20	136	0.034483
20	137	0.027778
20	145	0.037037
20	147	0.033333
20	151	0.032258
20	153	0.041667
20	156	0.052632
20	157	0.037037
20	159	0.047619
20	160	0.040000
20	162	0.032258
20	164	0.032258
20	168	0.032258
20	172	0.030303
20	174	0.027778
20	177	0.029412
20	184	0.037037
20	185	0.050000
20	186	0.040000
20	190	0.043478
20	199	0.045455
20	201	0.025000
20	204	0.037037
20	211	0.038462
20	214	0.045455
20	218	0.055556
20	219	0.047619
20	221	0.052632
20	223	0.058824
20	228	0.045455
20	233	0.043478
20	247	0.040000
20	248	0.047619
20	255	0.050000
20	256	0.034483
20	259	0.040000
20	270	0.035714
20	271	0.041667
20	272	0.045455
20	279	0.050000
20	284	0.058824
20	291	0.040000
20	300	0.052632
20	305	0.058824
20	311	0.052632
20	316	0.055556
20	322	0.050000
20	329	0.050000
20	343	0.045455
20	347	0.058824
20	349	0.055556
20	352	0.055556
20	356	0.050000
20	376	0.055556
20	378	0.055556
20	392	0.058824
20	400	0.058824
20	405	0.058824
20	411	0.058824
21	2	0.009901
21	3	0.018868
21	4	0.014493
21	5	0.019608
21	6	0.015625
21	7	0.011364
21	9	0.012987
21	10	0.009709
21	11	0.022727
21	12	0.015625
21	13	0.011364
21	14	0.010870
21	15	0.011236
21	16	0.017241
21	17	0.006410
21	18	0.006623
21	19	0.007407
21	23	0.010870
21	25	0.012048
21	27	0.016667
21	28	0.015385
21	29	0.020000
21	33	0.010204
21	35	0.013889
21	36	0.011765
21	37	0.016129
21	39	0.014706
21	40	0.011628
21	41	0.015873
21	42	0.012821
21	46	0.012500
21	48	0.013158
21	50	0.016393
21	51	0.018868
21	55	0.019231
21	56	0.020833
21	59	0.025641
21	60	0.027778
21	64	0.016949
21	66	0.023256
21	67	0.017544
21	69	0.016129
21	73	0.017241
21	75	0.016667
21	81	0.019608
21	84	0.018182
21	85	0.019231
21	94	0.035714
21	96	0.023810
21	98	0.021277
21	99	0.027027
21	104	0.027027
21	115	0.032258
21	116	0.027778
21	120	0.027778
21	123	0.041667
21	124	0.047619
21	131	0.025641
21	137	0.027778
21	138	0.024390
21	149	0.030303
21	161	0.038462
21	167	0.035714
21	185	0.050000
21	197	0.040000
21	206	0.045455
21	225	0.038462
21	227	0.045455
21	238	0.043478
21	240	0.038462
21	244	0.038462
21	248	0.047619
21	249	0.043478
21	254	0.058824
21	257	0.037037
21	258	0.050000
21	275	0.045455
21	279	0.050000
21	284	0.058824
21	287	0.055556
21	297	0.045455
21	298	0.055556
21	299	0.052632
21	309	0.045455
21	314	0.052632
21	322	0.050000
21	337	0.050000
21	348	0.050000
21	372	0.055556
21	379	0.055556
21	391	0.055556
21	410	0.055556
21	422	0.058824
22	0	0.022727
22	1	0.024390
22	2	0.009901
22	3	0.018868
22	4	0.014493
22	6	0.015625
22	7	0.011364
22	8	0.020000
22	9	0.012987
22	11	0.022727
22	14	0.010870
22	15	0.011236
22	16	0.017241
22	17	0.006410
22	18	0.006623
22	19	0.007407
22	20	0.007299
22	26	0.014706
22	27	0.016667
22	28	0.015385
22	29	0.020000
22	30	0.023256
22	31	0.038462
22	32	0.009709
22	36	0.011765
22	37	0.016129
22	38	0.013158
22	39	0.014706
22	40	0.011628
22	41	0.015873
22	43	0.015152
22	45	0.011628
22	48	0.013158
22	50	0.016393
22	54	0.016393
22	55	0.019231
22	57	0.024390
22	59	0.025641
22	60	0.027778
22	61	0.038462
22	62	0.027027
22	63	0.047619
22	67	0.017544
22	68	0.018182
22	69	0.016129
22	70	0.023256
22	71	0.014493
22	72	0.014493
22	73	0.017241
22	80	0.022222
22	85	0.019231
22	86	0.025641
22	91	0.022727
22	92	0.028571
22	105	0.020408
22	106	0.020000
22	113	0.024390
22	114	0.030303
22	115	0.032258
22	119	0.035714
22	134	0.027778
22	141	0.022222
22	142	0.033333
22	154	0.045455
22	165	0.038462
22	167	0.035714
22	169	0.040000
22	180	0.025000
22	182	0.031250
22	186	0.040000
22	189	0.045455
22	195	0.037037
22	196	0.034483
22	203	0.032258
22	210	0.038462
22	216	0.047619
22	222	0.050000
22	226	0.041667
22	231	0.038462
22	233	0.043478
22	234	0.038462
22	235	0.045455
22	237	0.037037
22	238	0.043478
22	246	0.038462
22	247	0.040000
22	248	0.047619
22	250	0.043478
22	253	0.052632
22	255	0.050000
22	263	0.050000
22	274	0.050000
22	280	0.045455
22	282	0.052632
22	286	0.058824
22	288	0.052632
22	292	0.052632
22	293	0.047619
22	294	0.050000
22	297	0.045455
22	299	0.052632
22	303	0.043478
22	306	0.050000
22	324	0.041667
22	327	0.052632
22	368	0.052632
22	371	0.050000
22	374	0.058824
22	379	0.055556
22	391	0.055556
22	396	0.058824
22	403	0.052632
22	418	0.058824
23	1	0.024390
23	2	0.009901
23	3	0.018868
23	6	0.015625
23	7	0.011364
23	9	0.012987
23	10	0.009709
23	12	0.015625
23	13	0.011364
23	14	0.010870
23	15	0.011236
23	17	0.006410
23	18	0.006623
23	19	0.007407
23	20	0.007299
23	21	0.010753
23	26	0.014706
23	29	0.020000
23	31	0.038462
23	32	0.009709
23	34	0.010417
23	35	0.013889
23	36	0.011765
23	37	0.016129
23	39	0.014706
23	42	0.012821
23	45	0.011628
23	46	0.012500
23	47	0.015152
23	48	0.013158
23	49	0.019608
23	54	0.016393
23	56	0.020833
23	64	0.016949
23	68	0.018182
23	69	0.016129
23	81	0.019608
23	83	0.017857
23	90	0.031250
23	92	0.028571
23	107	0.023810
23	109	0.035714
23	110	0.029412
23	112	0.034483
23	117	0.027778
23	119	0.035714
23	121	0.031250
23	122	0.035714
23	123	0.041667
23	129	0.029412
23	130	0.037037
23	138	0.024390
23	142	0.033333
23	154	0.045455
23	156	0.052632
23	157	0.037037
23	163	0.031250
23	168	0.032258
23	173	0.027778
23	174	0.027778
23	175	0.035714
23	188	0.038462
23	192	0.045455
23	206	0.045455
23	209	0.038462
23	212	0.055556
23	215	0.034483
23	217	0.047619
23	224	0.043478
23	227	0.045455
23	231	0.038462
23	250	0.043478
23	253	0.052632
23	256	0.034483
23	264	0.041667
23	273	0.043478
23	278	0.058824
23	292	0.052632
23	305	0.058824
23	324	0.041667
23	327	0.052632
23	334	0.050000
23	336	0.055556
23	337	0.050000
23	345	0.052632
23	353	0.050000
23	356	0.050000
23	363	0.052632
23	372	0.055556
23	374	0.058824
23	375	0.058824
23	423	0.058824
24	4	0.014493
24	6	0.015625
24	7	0.011364
24	8	0.020000
24	9	0.012987
24	10	0.009709
24	12	0.015625
24	14	0.010870
24	15	0.011236
24	16	0.017241
24	17	0.006410
24	18	0.006623
24	19	0.007407
24	20	0.007299
24	25	0.012048
24	28	0.015385
24	29	0.020000
24	30	0.023256
24	31	0.038462
24	32	0.009709
24	33	0.010204
24	34	0.010417
24	35	0.013889
24	36	0.011765
24	39	0.014706
24	41	0.015873
24	42	0.012821
24	44	0.013514
24	46	0.012500
24	47	0.015152
24	48	0.013158
24	50	0.016393
24	52	0.012195
24	57	0.024390
24	59	0.025641
24	60	0.027778
24	68	0.018182
24	69	0.016129
24	71	0.014493
24	75	0.016667
24	77	0.018519
24	79	0.025641
24	80	0.022222
24	85	0.019231
24	89	0.021277
24	90	0.031250
24	96	0.023810
24	107	0.023810
24	111	0.022727
24	113	0.024390
24	116	0.027778
24	118	0.026316
24	134	0.027778
24	139	0.028571
24	148	0.026316
24	152	0.041667
24	154	0.045455
24	155	0.033333
24	161	0.038462
24	167	0.035714
24	175	0.035714
24	177	0.029412
24	179	0.040000
24	180	0.025000
24	182	0.031250
24	186	0.040000
24	191	0.055556
24	199	0.045455
24	210	0.038462
24	212	0.055556
24	214	0.045455
24	221	0.052632
24	237	0.037037
24	242	0.040000
24	250	0.043478
24	251	0.052632
24	258	0.050000
24	276	0.047619
24	277	0.045455
24	285	0.052632
24	293	0.047619
24	306	0.050000
24	310	0.058824
24	330	0.050000
24	342	0.052632
24	352	0.055556
24	371	0.050000
24	395	0.052632
24	406	0.055556
24	409	0.055556
24	424	0.058824
25	0	0.022727
25	2	0.009901
25	3	0.018868
25	4	0.014493
25	5	0.019608
25	6	0.015625
25	11	0.022727
25	12	0.015625
25	13	0.011364
25	14	0.010870
25	17	0.006410
25	18	0.006623
25	19	0.007407
25	20	0.007299
25	21	0.010753
25	24	0.010989
25	26	0.014706
25	28	0.015385
25	29	0.020000
25	30	0.023256
25	31	0.038462
25	34	0.010417
25	35	0.013889
25	36	0.011765
25	38	0.013158
25	41	0.015873
25	43	0.015152
25	44	0.013514
25	46	0.012500
25	49	0.019608
25	53	0.017544
25	60	0.027778
25	61	0.038462
25	63	0.047619
25	64	0.016949
25	67	0.017544
25	70	0.023256
25	71	0.014493
25	73	0.017241
25	75	0.016667
25	76	0.020833
25	77	0.018519
25	78	0.020408
25	79	0.025641
25	86	0.025641
25	98	0.021277
25	99	0.027027
25	105	0.020408
25	121	0.031250
25	122	0.035714
25	133	0.028571
25	146	0.032258
25	151	0.032258
25	155	0.033333
25	166	0.032258
25	168	0.032258
25	171	0.031250
25	178	0.035714
25	179	0.040000
25	182	0.031250
25	184	0.037037
25	195	0.037037
25	196	0.034483
25	200	0.038462
25	208	0.032258
25	215	0.034483
25	220	0.047619
25	252	0.055556
25	260	0.045455
25	263	0.050000
25	265	0.043478
25	269	0.062500
25	276	0.047619
25	327	0.052632
25	349	0.055556
25	355	0.055556
25	364	0.055556
25	365	0.050000
25	377	0.055556
25	396	0.058824
25	400	0.058824
25	416	0.058824
25	418	0.058824
26	0	0.022727
26	2	0.009901
26	4	0.014493
26	6	0.015625
26	7	0.011364
26	8	0.020000
26	9	0.012987
26	10	0.009709
26	13	0.011364
26	14	0.010870
26	16	0.017241
26	17	0.006410
26	18	0.006623
26	20	0.007299
26	22	0.008850
26	23	0.010870
26	25	0.012048
26	28	0.015385
26	29	0.020000
26	30	0.023256
26	33	0.010204
26	34	0.010417
26	35	0.013889
26	39	0.014706
26	50	0.016393
26	60	0.027778
26	61	0.038462
26	64	0.016949
26	67	0.017544
26	68	0.018182
26	69	0.016129
26	73	0.017241
26	76	0.020833
26	79	0.025641
26	83	0.017857
26	89	0.021277
26	90	0.031250
26	92	0.028571
26	93	0.043478
26	122	0.035714
26	128	0.030303
26	129	0.029412
26	143	0.033333
26	146	0.032258
26	147	0.033333
26	164	0.032258
26	167	0.035714
26	190	0.043478
26	200	0.038462
26	202	0.043478
26	206	0.045455
26	209	0.038462
26	212	0.055556
26	227	0.045455
26	243	0.040000
26	265	0.043478
26	281	0.047619
26	283	0.052632
26	304	0.047619
26	324	0.041667
26	340	0.055556
26	344	0.055556
26	354	0.058824
26	364	0.055556
26	370	0.050000
26	397	0.052632
26	418	0.058824
26	422	0.058824
27	0	0.022727
27	1	0.024390
27	2	0.009901
27	3	0.018868
27	7	0.011364
27	8	0.020000
27	12	0.015625
27	14	0.010870
27	15	0.011236
27	17	0.006410
27	18	0.006623
27	19	0.007407
27	20	0.007299
27	21	0.010753
27	22	0.008850
27	33	0.010204
27	35	0.013889
27	37	0.016129
27	38	0.013158
27	46	0.012500
27	49	0.019608
27	52	0.012195
27	66	0.023256
27	73	0.017241
27	77	0.018519
27	82	0.023810
27	88	0.023256
27	95	0.038462
27	103	0.022222
27	106	0.020000
27	108	0.027027
27	113	0.024390
27	114	0.030303
27	116	0.027778
27	132	0.030303
27	133	0.028571
27	158	0.052632
27	164	0.032258
27	170	0.037037
27	176	0.031250
27	184	0.037037
27	185	0.050000
27	187	0.040000
27	190	0.043478
27	193	0.040000
27	220	0.047619
27	244	0.038462
27	254	0.058824
27	256	0.034483
27	261	0.050000
27	263	0.050000
27	289	0.047619
27	300	0.052632
27	317	0.052632
27	318	0.058824
27	342	0.052632
27	365	0.050000
27	397	0.052632
27	402	0.058824
27	427	0.058824
28	0	0.022727
28	2	0.009901
28	4	0.014493
28	7	0.011364
28	10	0.009709
28	11	0.022727
28	13	0.011364
28	17	0.006410
28	18	0.006623
28	19	0.007407
28	20	0.007299
28	21	0.010753
28	22	0.008850
28	24	0.010989
28	25	0.012048
28	26	0.014706
28	30	0.023256
28	31	0.038462
28	34	0.010417
28	35	0.013889
28	36	0.011765
28	43	0.015152
28	47	0.015152
28	49	0.019608
28	50	0.016393
28	58	0.035714
28	59	0.025641
28	65	0.017857
28	75	0.016667
28	76	0.020833
28	82	0.023810
28	88	0.023256
28	89	0.021277
28	90	0.031250
28	108	0.027027
28	113	0.024390
28	115	0.032258
28	117	0.027778
28	129	0.029412
28	134	0.027778
28	147	0.033333
28	177	0.029412
28	196	0.034483
28	207	0.038462
28	211	0.038462
28	222	0.050000
28	230	0.050000
28	232	0.045455
28	240	0.038462
28	243	0.040000
28	253	0.052632
28	260	0.045455
28	264	0.041667
28	286	0.058824
28	288	0.052632
28	302	0.045455
28	303	0.043478
28	315	0.055556
28	344	0.055556
28	357	0.055556
28	362	0.052632
28	375	0.058824
28	416	0.058824
28	427	0.058824
28	428	0.058824
29	3	0.018868
29	7	0.011364
29	8	0.020000
29	13	0.011364
29	14	0.010870
29	15	0.011236
29	16	0.017241
29	17	0.006410
29	18	0.006623
29	20	0.007299
29	21	0.010753
29	22	0.008850
29	23	0.010870
29	24	0.010989
29	25	0.012048
29	26	0.014706
29	32	0.009709
29	37	0.016129
29	39	0.014706
29	41	0.015873
29	47	0.015152
29	48	0.013158
29	56	0.020833
29	57	0.024390
29	58	0.035714
29	66	0.023256
29	69	0.016129
29	75	0.016667
29	76	0.020833
29	82	0.023810
29	101	0.029412
29	108	0.027027
29	113	0.024390
29	132	0.030303
29	154	0.045455
29	161	0.038462
29	196	0.034483
29	213	0.052632
29	234	0.038462
29	245	0.050000
29	250	0.043478
29	262	0.047619
29	269	0.062500
29	316	0.055556
29	323	0.047619
29	328	0.050000
29	377	0.055556
29	393	0.055556
29	408	0.058824
29	417	0.058824
30	0	0.022727
30	2	0.009901
30	4	0.014493
30	7	0.011364
30	9	0.012987
30	12	0.015625
30	14	0.010870
30	17	0.006410
30	18	0.006623
30	19	0.007407
30	20	0.007299
30	22	0.008850
30	24	0.010989
30	25	0.012048
30	26	0.014706
30	28	0.015385
30	32	0.009709
30	33	0.010204
30	34	0.010417
30	40	0.011628
30	41	0.015873
30	42	0.012821
30	60	0.027778
30	64	0.016949
30	73	0.017241
30	86	0.025641
30	90	0.031250
30	117	0.027778
30	119	0.035714
30	121	0.031250
30	139	0.028571
30	140	0.027778
30	165	0.038462
30	180	0.025000
30	188	0.038462
30	214	0.045455
30	223	0.058824
30	245	0.050000
30	246	0.038462
30	287	0.055556
30	290	0.047619
30	304	0.047619
30	388	0.052632
31	2	0.009901
31	3	0.018868
31	6	0.015625
31	8	0.020000
31	9	0.012987
31	10	0.009709
31	11	0.022727
31	12	0.015625
31	15	0.011236
31	17	0.006410
31	19	0.007407
31	22	0.008850
31	23	0.010870
31	24	0.010989
31	25	0.012048
31	28	0.015385
31	36	0.011765
31	42	0.012821
31	46	0.012500
31	53	0.017544
31	83	0.017857
31	117	0.027778
31	223	0.058824
31	234	0.038462
31	345	0.052632
31	372	0.055556
32	2	0.009901
32	3	0.018868
32	4	0.014493
32	9	0.012987
32	10	0.009709
32	14	0.010870
32	15	0.011236
32	16	0.017241
32	17	0.006410
32	18	0.006623
32	19	0.007407
32	22	0.008850
32	23	0.010870
32	24	0.010989
32	29	0.020000
32	30	0.023256
32	35	0.013889
32	37	0.016129
32	40	0.011628
32	41	0.015873
32	42	0.012821
32	43	0.015152
32	45	0.011628
32	47	0.015152
32	57	0.024390
32	59	0.025641
32	62	0.027027
32	65	0.017857
32	69	0.016129
32	71	0.014493
32	78	0.020408
32	79	0.025641
32	80	0.022222
32	84	0.018182
32	86	0.025641
32	89	0.021277
32	96	0.023810
32	100	0.031250
32	101	0.029412
32	102	0.021739
32	104	0.027027
32	105	0.020408
32	106	0.020000
32	107	0.023810
32	110	0.029412
32	111	0.022727
32	112	0.034483
32	115	0.032258
32	122	0.035714
32	129	0.029412
32	138	0.024390
32	139	0.028571
32	140	0.027778
32	150	0.035714
32	151	0.032258
32	153	0.041667
32	159	0.047619
32	162	0.032258
32	166	0.032258
32	173	0.027778
32	175	0.035714
32	183	0.037037
32	187	0.040000
32	197	0.040000
32	201	0.025000
32	207	0.038462
32	213	0.052632
32	216	0.047619
32	219	0.047619
32	222	0.050000
32	233	0.043478
32	238	0.043478
32	244	0.038462
32	248	0.047619
32	251	0.052632
32	267	0.050000
32	271	0.041667
32	277	0.045455
32	278	0.058824
32	287	0.055556
32	292	0.052632
32	298	0.055556
32	302	0.045455
32	307	0.043478
32	310	0.058824
32	315	0.055556
32	316	0.055556
32	320	0.045455
32	328	0.050000
32	329	0.050000
32	330	0.050000
32	335	0.055556
32	338	0.052632
32	346	0.052632
32	357	0.055556
32	360	0.052632
32	364	0.055556
32	384	0.055556
32	392	0.058824
32	394	0.058824
32	397	0.052632
32	398	0.058824
32	406	0.055556
33	3	0.018868
33	5	0.019608
33	7	0.011364
33	10	0.009709
33	11	0.022727
33	12	0.015625
33	14	0.010870
33	15	0.011236
33	17	0.006410
33	18	0.006623
33	19	0.007407
33	20	0.007299
33	21	0.010753
33	24	0.010989
33	26	0.014706
33	27	0.016667
33	30	0.023256
33	34	0.010417
33	40	0.011628
33	43	0.015152
33	46	0.012500
33	47	0.015152
33	55	0.019231
33	57	0.024390
33	63	0.047619
33	68	0.018182
33	71	0.014493
33	74	0.023810
33	77	0.018519
33	78	0.020408
33	79	0.025641
33	89	0.021277
33	91	0.022727
33	98	0.021277
33	99	0.027027
33	101	0.029412
33	104	0.027027
33	111	0.022727
33	113	0.024390
33	122	0.035714
33	123	0.041667
33	125	0.040000
33	132	0.030303
33	133	0.028571
33	137	0.027778
33	139	0.028571
33	154	0.045455
33	155	0.033333
33	156	0.052632
33	160	0.040000
33	173	0.027778
33	187	0.040000
33	189	0.045455
33	190	0.043478
33	194	0.037037
33	208	0.032258
33	211	0.038462
33	221	0.052632
33	224	0.043478
33	225	0.038462
33	228	0.045455
33	233	0.043478
33	235	0.045455
33	236	0.040000
33	237	0.037037
33	240	0.038462
33	245	0.050000
33	252	0.055556
33	261	0.050000
33	268	0.040000
33	270	0.035714
33	272	0.045455
33	279	0.050000
33	288	0.052632
33	289	0.047619
33	293	0.047619
33	295	0.052632
33	297	0.045455
33	304	0.047619
33	312	0.055556
33	318	0.058824
33	327	0.052632
33	328	0.050000
33	333	0.043478
33	347	0.058824
33	351	0.052632
33	361	0.058824
33	367	0.052632
33	371	0.050000
33	372	0.055556
33	375	0.058824
33	378	0.055556
33	393	0.055556
33	395	0.052632
33	399	0.058824
33	420	0.058824
33	421	0.058824
33	422	0.058824
34	4	0.014493
34	5	0.019608
34	6	0.015625
34	9	0.012987
34	10	0.009709
34	12	0.015625
34	14	0.010870
34	15	0.011236
34	17	0.006410
34	20	0.007299
34	23	0.010870
34	24	0.010989
34	25	0.012048
34	26	0.014706
34	28	0.015385
34	30	0.023256
34	33	0.010204
34	35	0.013889
34	38	0.013158
34	40	0.011628
34	43	0.015152
34	44	0.013514
34	45	0.011628
34	49	0.019608
34	50	0.016393
34	51	0.018868
34	54	0.016393
34	58	0.035714
34	59	0.025641
34	63	0.047619
34	65	0.017857
34	66	0.023256
34	68	0.018182
34	69	0.016129
34	70	0.023256
34	74	0.023810
34	82	0.023810
34	86	0.025641
34	94	0.035714
34	100	0.031250
34	101	0.029412
34	103	0.022222
34	111	0.022727
34	115	0.032258
34	118	0.026316
34	119	0.035714
34	123	0.041667
34	124	0.047619
34	126	0.045455
34	127	0.052632
34	137	0.027778
34	138	0.024390
34	148	0.026316
34	153	0.041667
34	160	0.040000
34	161	0.038462
34	169	0.040000
34	175	0.035714
34	181	0.033333
34	186	0.040000
34	189	0.045455
34	204	0.037037
34	221	0.052632
34	224	0.043478
34	231	0.038462
34	236	0.040000
34	243	0.040000
34	247	0.040000
34	254	0.058824
34	257	0.037037
34	261	0.050000
34	264	0.041667
34	273	0.043478
34	293	0.047619
34	301	0.052632
34	304	0.047619
34	307	0.043478
34	313	0.047619
34	315	0.055556
34	317	0.052632
34	324	0.041667
34	331	0.043478
34	332	0.052632
34	344	0.055556
34	345	0.052632
34	350	0.052632
34	359	0.050000
34	368	0.052632
34	386	0.055556
34	387	0.058824
34	399	0.058824
34	402	0.058824
34	408	0.058824
34	414	0.058824
34	420	0.058824
34	424	0.058824
35	0	0.022727
35	7	0.011364
35	10	0.009709
35	11	0.022727
35	15	0.011236
35	17	0.006410
35	19	0.007407
35	20	0.007299
35	21	0.010753
35	23	0.010870
35	24	0.010989
35	25	0.012048
35	26	0.014706
35	27	0.016667
35	28	0.015385
35	32	0.009709
35	34	0.010417
35	36	0.011765
35	39	0.014706
35	41	0.015873
35	49	0.019608
35	51	0.018868
35	52	0.012195
35	60	0.027778
35	61	0.038462
35	63	0.047619
35	70	0.023256
35	78	0.020408
35	83	0.017857
35	96	0.023810
35	98	0.021277
35	100	0.031250
35	102	0.021739
35	121	0.031250
35	125	0.040000
35	127	0.052632
35	131	0.025641
35	140	0.027778
35	154	0.045455
35	159	0.047619
35	163	0.031250
35	165	0.038462
35	167	0.035714
35	168	0.032258
35	180	0.025000
35	193	0.040000
35	198	0.037037
35	204	0.037037
35	213	0.052632
35	224	0.043478
35	226	0.041667
35	229	0.037037
35	230	0.050000
35	246	0.038462
35	248	0.047619
35	249	0.043478
35	257	0.037037
35	288	0.052632
35	296	0.043478
35	311	0.052632
35	313	0.047619
35	326	0.055556
35	333	0.043478
35	340	0.055556
35	365	0.050000
35	366	0.052632
35	382	0.058824
35	383	0.058824
35	404	0.058824
35	405	0.058824
35	412	0.058824
35	423	0.058824
36	7	0.011364
36	8	0.020000
36	9	0.012987
36	12	0.015625
36	13	0.011364
36	15	0.011236
36	16	0.017241
36	17	0.006410
36	20	0.007299
36	21	0.010753
36	22	0.008850
36	23	0.010870
36	24	0.010989
36	25	0.012048
36	28	0.015385
36	31	0.038462
36	35	0.013889
36	37	0.016129
36	41	0.015873
36	43	0.015152
36	47	0.015152
36	48	0.013158
36	51	0.018868
36	53	0.017544
36	56	0.020833
36	57	0.024390
36	61	0.038462
36	62	0.027027
36	63	0.047619
36	65	0.017857
36	66	0.023256
36	74	0.023810
36	76	0.020833
36	84	0.018182
36	86	0.025641
36	87	0.028571
36	89	0.021277
36	99	0.027027
36	114	0.030303
36	115	0.032258
36	131	0.025641
36	133	0.028571
36	150	0.035714
36	152	0.041667
36	161	0.038462
36	174	0.027778
36	185	0.050000
36	191	0.055556
36	194	0.037037
36	202	0.043478
36	212	0.055556
36	218	0.055556
36	219	0.047619
36	231	0.038462
36	232	0.045455
36	234	0.038462
36	239	0.052632
36	248	0.047619
36	266	0.052632
36	268	0.040000
36	269	0.062500
36	281	0.047619
36	282	0.052632
36	286	0.058824
36	295	0.052632
36	297	0.045455
36	314	0.052632
36	315	0.055556
36	316	0.055556
36	320	0.045455
36	347	0.058824
36	353	0.050000
36	357	0.055556
36	362	0.052632
36	364	0.055556
36	367	0.052632
36	368	0.052632
36	371	0.050000
36	376	0.055556
36	388	0.052632
36	394	0.058824
36	407	0.055556
36	419	0.058824
36	420	0.058824
36	429	0.058824
37	2	0.009901
37	3	0.018868
37	4	0.014493
37	7	0.011364
37	9	0.012987
37	11	0.022727
37	13	0.011364
37	15	0.011236
37	17	0.006410
37	20	0.007299
37	21	0.010753
37	22	0.008850
37	23	0.010870
37	27	0.016667
37	29	0.020000
37	32	0.009709
37	36	0.011765
37	44	0.013514
37	46	0.012500
37	48	0.013158
37	52	0.012195
37	53	0.017544
37	54	0.016393
37	70	0.023256
37	71	0.014493
37	72	0.014493
37	81	0.019608
37	83	0.017857
37	85	0.019231
37	105	0.020408
37	108	0.027027
37	111	0.022727
37	112	0.034483
37	114	0.030303
37	117	0.027778
37	118	0.026316
37	144	0.033333
37	148	0.026316
37	152	0.041667
37	153	0.041667
37	154	0.045455
37	163	0.031250
37	174	0.027778
37	176	0.031250
37	199	0.045455
37	203	0.032258
37	216	0.047619
37	219	0.047619
37	232	0.045455
37	238	0.043478
37	263	0.050000
37	270	0.035714
37	280	0.045455
37	287	0.055556
37	318	0.058824
37	329	0.050000
37	333	0.043478
37	342	0.052632
37	347	0.058824
37	355	0.055556
37	369	0.052632
37	420	0.058824
38	2	0.009901
38	4	0.014493
38	9	0.012987
38	10	0.009709
38	12	0.015625
38	13	0.011364
38	16	0.017241
38	17	0.006410
38	18	0.006623
38	19	0.007407
38	20	0.007299
38	22	0.008850
38	25	0.012048
38	27	0.016667
38	34	0.010417
38	39	0.014706
38	40	0.011628
38	41	0.015873
38	42	0.012821
38	43	0.015152
38	48	0.013158
38	49	0.019608
38	50	0.016393
38	55	0.019231
38	62	0.027027
38	66	0.023256
38	67	0.017544
38	76	0.020833
38	81	0.019608
38	89	0.021277
38	91	0.022727
38	95	0.038462
38	98	0.021277
38	105	0.020408
38	107	0.023810
38	110	0.029412
38	111	0.022727
38	113	0.024390
38	116	0.027778
38	129	0.029412
38	134	0.027778
38	140	0.027778
38	146	0.032258
38	147	0.033333
38	151	0.032258
38	166	0.032258
38	177	0.029412
38	179	0.040000
38	181	0.033333
38	186	0.040000
38	201	0.025000
38	211	0.038462
38	213	0.052632
38	215	0.034483
38	218	0.055556
38	223	0.058824
38	226	0.041667
38	229	0.037037
38	232	0.045455
38	236	0.040000
38	258	0.050000
38	262	0.047619
38	266	0.052632
38	267	0.050000
38	272	0.045455
38	280	0.045455
38	292	0.052632
38	296	0.043478
38	325	0.052632
38	334	0.050000
38	365	0.050000
38	368	0.052632
38	382	0.058824
38	410	0.055556
38	420	0.058824
38	428	0.058824
39	6	0.015625
39	8	0.020000
39	11	0.022727
39	13	0.011364
39	14	0.010870
39	17	0.006410
39	18	0.006623
39	19	0.007407
39	20	0.007299
39	21	0.010753
39	22	0.008850
39	23	0.010870
39	24	0.010989
39	26	0.014706
39	29	0.020000
39	35	0.013889
39	38	0.013158
39	40	0.011628
39	44	0.013514
39	53	0.017544
39	61	0.038462
39	64	0.016949
39	66	0.023256
39	74	0.023810
39	81	0.019608
39	82	0.023810
39	84	0.018182
39	94	0.035714
39	95	0.038462
39	97	0.025641
39	98	0.021277
39	102	0.021739
39	107	0.023810
39	108	0.027027
39	114	0.030303
39	127	0.052632
39	128	0.030303
39	132	0.030303
39	139	0.028571
39	148	0.026316
39	150	0.035714
39	155	0.033333
39	185	0.050000
39	203	0.032258
39	206	0.045455
39	210	0.038462
39	211	0.038462
39	212	0.055556
39	213	0.052632
39	235	0.045455
39	248	0.047619
39	266	0.052632
39	278	0.058824
39	286	0.058824
39	301	0.052632
39	313	0.047619
39	314	0.052632
39	326	0.055556
39	339	0.055556
39	361	0.058824
39	378	0.055556
39	379	0.055556
39	385	0.055556
39	390	0.047619
39	392	0.058824
39	404	0.058824
39	414	0.058824
39	415	0.058824
40	0	0.022727
40	2	0.009901
40	3	0.018868
40	6	0.015625
40	10	0.009709
40	13	0.011364
40	14	0.010870
40	18	0.006623
40	21	0.010753
40	22	0.008850
40	30	0.023256
40	32	0.009709
40	33	0.010204
40	34	0.010417
40	38	0.013158
40	39	0.014706
40	45	0.011628
40	47	0.015152
40	51	0.018868
40	56	0.020833
40	57	0.024390
40	60	0.027778
40	63	0.047619
40	73	0.017241
40	74	0.023810
40	77	0.018519
40	79	0.025641
40	82	0.023810
40	87	0.028571
40	89	0.021277
40	98	0.021277
40	110	0.029412
40	112	0.034483
40	119	0.035714
40	131	0.025641
40	139	0.028571
40	141	0.022222
40	142	0.033333
40	143	0.033333
40	150	0.035714
40	152	0.041667
40	155	0.033333
40	158	0.052632
40	161	0.038462
40	166	0.032258
40	172	0.030303
40	177	0.029412
40	178	0.035714
40	186	0.040000
40	191	0.055556
40	201	0.025000
40	204	0.037037
40	207	0.038462
40	208	0.032258
40	209	0.038462
40	221	0.052632
40	225	0.038462
40	238	0.043478
40	247	0.040000
40	256	0.034483
40	264	0.041667
40	272	0.045455
40	276	0.047619
40	283	0.052632
40	284	0.058824
40	285	0.052632
40	298	0.055556
40	299	0.052632
40	301	0.052632
40	302	0.045455
40	305	0.058824
40	306	0.050000
40	315	0.055556
40	323	0.047619
40	332	0.052632
40	357	0.055556
40	358	0.052632
40	365	0.050000
40	383	0.058824
40	396	0.058824
40	398	0.058824
40	402	0.058824
40	411	0.058824
40	419	0.058824
40	420	0.058824
40	424	0.058824
41	4	0.014493
41	6	0.015625
41	8	0.020000
41	12	0.015625
41	17	0.006410
41	18	0.006623
41	20	0.007299
41	21	0.010753
41	22	0.008850
41	24	0.010989
41	25	0.012048
41	29	0.020000
41	30	0.023256
41	32	0.009709
41	35	0.013889
41	36	0.011765
41	38	0.013158
41	42	0.012821
41	45	0.011628
41	46	0.012500
41	47	0.015152
41	49	0.019608
41	51	0.018868
41	54	0.016393
41	63	0.047619
41	64	0.016949
41	72	0.014493
41	76	0.020833
41	81	0.019608
41	83	0.017857
41	85	0.019231
41	88	0.023256
41	92	0.028571
41	93	0.043478
41	101	0.029412
41	108	0.027027
41	109	0.035714
41	112	0.034483
41	113	0.024390
41	124	0.047619
41	148	0.026316
41	151	0.032258
41	162	0.032258
41	165	0.038462
41	166	0.032258
41	178	0.035714
41	191	0.055556
41	193	0.040000
41	194	0.037037
41	200	0.038462
41	201	0.025000
41	204	0.037037
41	206	0.045455
41	222	0.050000
41	229	0.037037
41	230	0.050000
41	242	0.040000
41	274	0.050000
41	275	0.045455
41	316	0.055556
41	331	0.043478
41	381	0.058824
41	419	0.058824
42	0	0.022727
42	1	0.024390
42	4	0.014493
42	6	0.015625
42	7	0.011364
42	8	0.020000
42	13	0.011364
42	17	0.006410
42	19	0.007407
42	21	0.010753
42	23	0.010870
42	24	0.010989
42	30	0.023256
42	31	0.038462
42	32	0.009709
42	38	0.013158
42	41	0.015873
42	44	0.013514
42	45	0.011628
42	49	0.019608
42	54	0.016393
42	58	0.035714
42	59	0.025641
42	61	0.038462
42	62	0.027027
42	68	0.018182
42	70	0.023256
42	78	0.020408
42	79	0.025641
42	81	0.019608
42	85	0.019231
42	86	0.025641
42	87	0.028571
42	94	0.035714
42	97	0.025641
42	103	0.022222
42	104	0.027027
42	106	0.020000
42	109	0.035714
42	112	0.034483
42	116	0.027778
42	121	0.031250
42	122	0.035714
42	124	0.047619
42	127	0.052632
42	137	0.027778
42	140	0.027778
42	149	0.030303
42	156	0.052632
42	165	0.038462
42	167	0.035714
42	179	0.040000
42	195	0.037037
42	199	0.045455
42	212	0.055556
42	225	0.038462
42	227	0.045455
42	230	0.050000
42	237	0.037037
42	243	0.040000
42	246	0.038462
42	248	0.047619
42	253	0.052632
42	264	0.041667
42	268	0.040000
42	289	0.047619
42	308	0.041667
42	321	0.052632
42	326	0.055556
42	332	0.052632
42	339	0.055556
42	347	0.058824
42	386	0.055556
42	389	0.058824
42	395	0.052632
42	396	0.058824
42	404	0.058824
42	427	0.058824
43	2	0.009901
43	8	0.020000
43	12	0.015625
43	14	0.010870
43	17	0.006410
43	18	0.006623
43	19	0.007407
43	20	0.007299
43	22	0.008850
43	25	0.012048
43	28	0.015385
43	32	0.009709
43	33	0.010204
43	34	0.010417
43	36	0.011765
43	38	0.013158
43	50	0.016393
43	51	0.018868
43	54	0.016393
43	57	0.024390
43	64	0.016949
43	65	0.017857
43	71	0.014493
43	73	0.017241
43	79	0.025641
43	83	0.017857
43	86	0.025641
43	89	0.021277
43	94	0.035714
43	97	0.025641
43	98	0.021277
43	126	0.045455
43	130	0.037037
43	135	0.034483
43	144	0.033333
43	148	0.026316
43	153	0.041667
43	170	0.037037
43	174	0.027778
43	185	0.050000
43	207	0.038462
43	210	0.038462
43	212	0.055556
43	213	0.052632
43	228	0.045455
43	232	0.045455
43	234	0.038462
43	249	0.043478
43	259	0.040000
43	286	0.058824
43	287	0.055556
43	296	0.043478
43	303	0.043478
43	305	0.058824
43	307	0.043478
43	309	0.045455
43	329	0.050000
43	337	0.050000
43	368	0.052632
43	373	0.058824
43	375	0.058824
43	386	0.055556
43	392	0.058824
43	404	0.058824
43	407	0.055556
43	420	0.058824
44	3	0.018868
44	4	0.014493
44	8	0.020000
44	9	0.012987
44	12	0.015625
44	13	0.011364
44	15	0.011236
44	16	0.017241
44	17	0.006410
44	18	0.006623
44	19	0.007407
44	24	0.010989
44	25	0.012048
44	34	0.010417
44	37	0.016129
44	39	0.014706
44	42	0.012821
44	46	0.012500
44	48	0.013158
44	50	0.016393
44	56	0.020833
44	66	0.023256
44	71	0.014493
44	74	0.023810
44	78	0.020408
44	82	0.023810
44	85	0.019231
44	87	0.028571
44	95	0.038462
44	100	0.031250
44	101	0.029412
44	103	0.022222
44	104	0.027027
44	107	0.023810
44	110	0.029412
44	111	0.022727
44	114	0.030303
44	118	0.026316
44	121	0.031250
44	124	0.047619
44	147	0.033333
44	159	0.047619
44	166	0.032258
44	178	0.035714
44	193	0.040000
44	194	0.037037
44	195	0.037037
44	214	0.045455
44	223	0.058824
44	237	0.037037
44	256	0.034483
44	268	0.040000
44	272	0.045455
44	273	0.043478
44	289	0.047619
44	295	0.052632
44	298	0.055556
44	300	0.052632
44	303	0.043478
44	305	0.058824
44	308	0.041667
44	321	0.052632
44	326	0.055556
44	329	0.050000
44	335	0.055556
44	336	0.055556
44	338	0.052632
44	344	0.055556
44	372	0.055556
44	375	0.058824
44	396	0.058824
44	423	0.058824
44	425	0.062500
44	426	0.058824
45	4	0.014493
45	6	0.015625
45	7	0.011364
45	8	0.020000
45	9	0.012987
45	10	0.009709
45	12	0.015625
45	13	0.011364
45	15	0.011236
45	17	0.006410
45	22	0.008850
45	23	0.010870
45	32	0.009709
45	34	0.010417
45	40	0.011628
45	41	0.015873
45	42	0.012821
45	52	0.012195
45	54	0.016393
45	58	0.035714
45	59	0.025641
45	62	0.027027
45	68	0.018182
45	70	0.023256
45	72	0.014493
45	74	0.023810
45	77	0.018519
45	80	0.022222
45	81	0.019608
45	92	0.028571
45	95	0.038462
45	96	0.023810
45	99	0.027027
45	102	0.021739
45	103	0.022222
45	104	0.027027
45	110	0.029412
45	117	0.027778
45	124	0.047619
45	125	0.040000
45	130	0.037037
45	131	0.025641
45	135	0.034483
45	138	0.024390
45	145	0.037037
45	170	0.037037
45	173	0.027778
45	176	0.031250
45	181	0.033333
45	187	0.040000
45	188	0.038462
45	190	0.043478
45	191	0.055556
45	197	0.040000
45	201	0.025000
45	213	0.052632
45	214	0.045455
45	219	0.047619
45	224	0.043478
45	234	0.038462
45	242	0.040000
45	245	0.050000
45	246	0.038462
45	251	0.052632
45	252	0.055556
45	261	0.050000
45	269	0.062500
45	279	0.050000
45	289	0.047619
45	323	0.047619
45	324	0.041667
45	331	0.043478
45	334	0.050000
45	344	0.055556
45	352	0.055556
45	366	0.052632
45	373	0.058824
45	380	0.058824
45	391	0.055556
45	393	0.055556
45	396	0.058824
45	399	0.058824
45	400	0.058824
45	403	0.052632
45	417	0.058824
45	423	0.058824
46	0	0.022727
46	1	0.024390
46	2	0.009901
46	9	0.012987
46	13	0.011364
46	14	0.010870
46	20	0.007299
46	21	0.010753
46	23	0.010870
46	24	0.010989
46	25	0.012048
46	27	0.016667
46	31	0.038462
46	33	0.010204
46	37	0.016129
46	41	0.015873
46	44	0.013514
46	52	0.012195
46	56	0.020833
46	58	0.035714
46	63	0.047619
46	65	0.017857
46	68	0.018182
46	81	0.019608
46	88	0.023256
46	89	0.021277
46	91	0.022727
46	94	0.035714
46	98	0.021277
46	107	0.023810
46	113	0.024390
46	118	0.026316
46	134	0.027778
46	139	0.028571
46	140	0.027778
46	141	0.022222
46	142	0.033333
46	145	0.037037
46	146	0.032258
46	147	0.033333
46	153	0.041667
46	158	0.052632
46	159	0.047619
46	161	0.038462
46	168	0.032258
46	177	0.029412
46	178	0.035714
46	179	0.040000
46	187	0.040000
46	194	0.037037
46	200	0.038462
46	207	0.038462
46	211	0.038462
46	214	0.045455
46	217	0.047619
46	221	0.052632
46	222	0.050000
46	234	0.038462
46	235	0.045455
46	249	0.043478
46	260	0.045455
46	268	0.040000
46	270	0.035714
46	274	0.050000
46	282	0.052632
46	306	0.050000
46	318	0.058824
46	323	0.047619
46	324	0.041667
46	331	0.043478
46	334	0.050000
46	341	0.058824
46	342	0.052632
46	349	0.055556
46	351	0.052632
46	352	0.055556
46	359	0.050000
46	371	0.050000
46	377	0.055556
46	418	0.058824
47	1	0.024390
47	2	0.009901
47	3	0.018868
47	4	0.014493
47	7	0.011364
47	14	0.010870
47	19	0.007407
47	20	0.007299
47	23	0.010870
47	24	0.010989
47	28	0.015385
47	29	0.020000
47	32	0.009709
47	33	0.010204
47	36	0.011765
47	40	0.011628
47	41	0.015873
47	48	0.013158
47	51	0.018868
47	52	0.012195
47	53	0.017544
47	55	0.019231
47	58	0.035714
47	71	0.014493
47	72	0.014493
47	75	0.016667
47	78	0.020408
47	80	0.022222
47	84	0.018182
47	91	0.022727
47	92	0.028571
47	93	0.043478
47	96	0.023810
47	104	0.027027
47	120	0.027778
47	121	0.031250
47	126	0.045455
47	130	0.037037
47	134	0.027778
47	136	0.034483
47	137	0.027778
47	141	0.022222
47	142	0.033333
47	147	0.033333
47	181	0.033333
47	186	0.040000
47	194	0.037037
47	197	0.040000
47	201	0.025000
47	218	0.055556
47	219	0.047619
47	244	0.038462
47	245	0.050000
47	248	0.047619
47	287	0.055556
47	290	0.047619
47	295	0.052632
47	369	0.052632
47	371	0.050000
47	401	0.058824
47	402	0.058824
47	403	0.052632
47	408	0.058824
47	409	0.055556
47	416	0.058824
47	422	0.058824
48	0	0.022727
48	2	0.009901
48	3	0.018868
48	8	0.020000
48	16	0.017241
48	17	0.006410
48	19	0.007407
48	21	0.010753
48	22	0.008850
48	23	0.010870
48	24	0.010989
48	29	0.020000
48	36	0.011765
48	37	0.016129
48	38	0.013158
48	44	0.013514
48	47	0.015152
48	51	0.018868
48	58	0.035714
48	59	0.025641
48	60	0.027778
48	62	0.027027
48	63	0.047619
48	64	0.016949
48	74	0.023810
48	88	0.023256
48	89	0.021277
48	91	0.022727
48	99	0.027027
48	109	0.035714
48	111	0.022727
48	121	0.031250
48	128	0.030303
48	129	0.029412
48	132	0.030303
48	136	0.034483
48	139	0.028571
48	143	0.033333
48	148	0.026316
48	162	0.032258
48	165	0.038462
48	169	0.040000
48	171	0.031250
48	172	0.030303
48	176	0.031250
48	181	0.033333
48	182	0.031250
48	185	0.050000
48	190	0.043478
48	191	0.055556
48	195	0.037037
48	198	0.037037
48	202	0.043478
48	203	0.032258
48	217	0.047619
48	225	0.038462
48	239	0.052632
48	245	0.050000
48	258	0.050000
48	259	0.040000
48	277	0.045455
48	281	0.047619
48	286	0.058824
48	305	0.058824
48	311	0.052632
48	319	0.055556
48	337	0.050000
48	339	0.055556
48	347	0.058824
48	358	0.052632
48	363	0.052632
48	391	0.055556
48	395	0.052632
48	403	0.052632
48	404	0.058824
48	412	0.058824
49	2	0.009901
49	6	0.015625
49	8	0.020000
49	9	0.012987
49	10	0.009709
49	13	0.011364
49	18	0.006623
49	20	0.007299
49	23	0.010870
49	25	0.012048
49	27	0.016667
49	28	0.015385
49	34	0.010417
49	35	0.013889
49	38	0.013158
49	41	0.015873
49	42	0.012821
49	52	0.012195
49	56	0.020833
49	63	0.047619
49	64	0.016949
49	68	0.018182
49	70	0.023256
49	72	0.014493
49	82	0.023810
49	90	0.031250
49	97	0.025641
49	132	0.030303
49	141	0.022222
49	142	0.033333
49	158	0.052632
49	172	0.030303
49	184	0.037037
49	202	0.043478
49	212	0.055556
49	224	0.043478
49	229	0.037037
49	260	0.045455
49	267	0.050000
49	268	0.040000
49	270	0.035714
49	283	0.052632
49	296	0.043478
49	321	0.052632
49	328	0.050000
49	345	0.052632
49	348	0.050000
49	356	0.050000
49	374	0.058824
49	409	0.055556
49	410	0.055556
50	1	0.024390
50	4	0.014493
50	6	0.015625
50	7	0.011364
50	11	0.022727
50	12	0.015625
50	18	0.006623
50	20	0.007299
50	21	0.010753
50	22	0.008850
50	24	0.010989
50	26	0.014706
50	28	0.015385
50	34	0.010417
50	38	0.013158
50	43	0.015152
50	44	0.013514
50	52	0.012195
50	54	0.016393
50	55	0.019231
50	58	0.035714
50	62	0.027027
50	68	0.018182
50	77	0.018519
50	87	0.028571
50	89	0.021277
50	92	0.028571
50	93	0.043478
50	99	0.027027
50	107	0.023810
50	117	0.027778
50	121	0.031250
50	133	0.028571
50	146	0.032258
50	153	0.041667
50	155	0.033333
50	156	0.052632
50	164	0.032258
50	169	0.040000
50	178	0.035714
50	182	0.031250
50	184	0.037037
50	185	0.050000
50	187	0.040000
50	195	0.037037
50	198	0.037037
50	205	0.041667
50	228	0.045455
50	231	0.038462
50	285	0.052632
50	297	0.045455
50	309	0.045455
50	311	0.052632
50	315	0.055556
50	323	0.047619
50	328	0.050000
50	369	0.052632
50	409	0.055556
50	413	0.058824
50	425	0.062500
50	428	0.058824
51	0	0.022727
51	7	0.011364
51	10	0.009709
51	17	0.006410
51	18	0.006623
51	19	0.007407
51	20	0.007299
51	21	0.010753
51	34	0.010417
51	35	0.013889
51	36	0.011765
51	40	0.011628
51	41	0.015873
51	43	0.015152
51	47	0.015152
51	48	0.013158
51	55	0.019231
51	58	0.035714
51	61	0.038462
51	65	0.017857
51	66	0.023256
51	67	0.017544
51	70	0.023256
51	73	0.017241
51	82	0.023810
51	83	0.017857
51	87	0.028571
51	103	0.022222
51	104	0.027027
51	106	0.020000
51	125	0.040000
51	126	0.045455
51	130	0.037037
51	149	0.030303
51	167	0.035714
51	171	0.031250
51	179	0.040000
51	183	0.037037
51	218	0.055556
51	222	0.050000
51	225	0.038462
51	246	0.038462
51	259	0.040000
51	261	0.050000
51	263	0.050000
51	284	0.058824
51	293	0.047619
51	311	0.052632
51	368	0.052632
51	384	0.055556
51	406	0.055556
51	421	0.058824
51	423	0.058824
52	5	0.019608
52	9	0.012987
52	10	0.009709
52	11	0.022727
52	12	0.015625
52	15	0.011236
52	18	0.006623
52	20	0.007299
52	24	0.010989
52	27	0.016667
52	35	0.013889
52	37	0.016129
52	45	0.011628
52	46	0.012500
52	47	0.015152
52	49	0.019608
52	50	0.016393
52	53	0.017544
52	54	0.016393
52	55	0.019231
52	56	0.020833
52	62	0.027027
52	68	0.018182
52	70	0.023256
52	74	0.023810
52	77	0.018519
52	95	0.038462
52	96	0.023810
52	100	0.031250
52	104	0.027027
52	106	0.020000
52	107	0.023810
52	109	0.035714
52	118	0.026316
52	125	0.040000
52	133	0.028571
52	136	0.034483
52	140	0.027778
52	143	0.033333
52	149	0.030303
52	150	0.035714
52	157	0.037037
52	158	0.052632
52	164	0.032258
52	172	0.030303
52	179	0.040000
52	181	0.033333
52	190	0.043478
52	191	0.055556
52	196	0.034483
52	200	0.038462
52	208	0.032258
52	209	0.038462
52	217	0.047619
52	223	0.058824
52	236	0.040000
52	239	0.052632
52	250	0.043478
52	259	0.040000
52	291	0.040000
52	295	0.052632
52	298	0.055556
52	305	0.058824
52	306	0.050000
52	308	0.041667
52	315	0.055556
52	319	0.055556
52	321	0.052632
52	327	0.052632
52	342	0.052632
52	345	0.052632
52	357	0.055556
52	362	0.052632
52	363	0.052632
52	370	0.050000
52	374	0.058824
52	375	0.058824
52	377	0.055556
52	396	0.058824
52	417	0.058824
52	421	0.058824
52	428	0.058824
53	2	0.009901
53	4	0.014493
53	5	0.019608
53	7	0.011364
53	9	0.012987
53	15	0.011236
53	16	0.017241
53	17	0.006410
53	18	0.006623
53	19	0.007407
53	25	0.012048
53	31	0.038462
53	36	0.011765
53	37	0.016129
53	39	0.014706
53	47	0.015152
53	52	0.012195
53	55	0.019231
53	65	0.017857
53	67	0.017544
53	70	0.023256
53	85	0.019231
53	88	0.023256
53	92	0.028571
53	95	0.038462
53	104	0.027027
53	107	0.023810
53	115	0.032258
53	118	0.026316
53	125	0.040000
53	145	0.037037
53	154	0.045455
53	164	0.032258
53	167	0.035714
53	170	0.037037
53	177	0.029412
53	178	0.035714
53	188	0.038462
53	193	0.040000
53	226	0.041667
53	266	0.052632
53	269	0.062500
53	280	0.045455
53	281	0.047619
53	307	0.043478
53	317	0.052632
53	322	0.050000
53	333	0.043478
53	356	0.050000
53	364	0.055556
53	368	0.052632
53	381	0.058824
53	398	0.058824
53	410	0.055556
53	421	0.058824
53	425	0.062500
53	429	0.058824
54	0	0.022727
54	13	0.011364
54	14	0.010870
54	15	0.011236
54	17	0.006410
54	18	0.006623
54	20	0.007299
54	22	0.008850
54	23	0.010870
54	34	0.010417
54	37	0.016129
54	41	0.015873
54	42	0.012821
54	43	0.015152
54	45	0.011628
54	50	0.016393
54	52	0.012195
54	57	0.024390
54	59	0.025641
54	63	0.047619
54	73	0.017241
54	74	0.023810
54	77	0.018519
54	80	0.022222
54	90	0.031250
54	93	0.043478
54	107	0.023810
54	110	0.029412
54	120	0.027778
54	122	0.035714
54	135	0.034483
54	141	0.022222
54	142	0.033333
54	147	0.033333
54	148	0.026316
54	160	0.040000
54	167	0.035714
54	168	0.032258
54	170	0.037037
54	172	0.030303
54	176	0.031250
54	183	0.037037
54	197	0.040000
54	202	0.043478
54	222	0.050000
54	226	0.041667
54	236	0.040000
54	241	0.041667
54	249	0.043478
54	277	0.045455
54	289	0.047619
54	298	0.055556
54	301	0.052632
54	309	0.045455
54	316	0.055556
54	327	0.052632
54	350	0.052632
54	389	0.058824
54	391	0.055556
54	410	0.055556
54	423	0.058824
55	0	0.022727
55	1	0.024390
55	2	0.009901
55	7	0.011364
55	15	0.011236
55	16	0.017241
55	17	0.006410
55	18	0.006623
55	21	0.010753
55	22	0.008850
55	33	0.010204
55	38	0.013158
55	47	0.015152
55	50	0.016393
55	51	0.018868
55	52	0.012195
55	53	0.017544
55	67	0.017544
55	69	0.016129
55	75	0.016667
55	98	0.021277
55	102	0.021739
55	117	0.027778
55	120	0.027778
55	150	0.035714
55	159	0.047619
55	160	0.040000
55	183	0.037037
55	197	0.040000
55	207	0.038462
55	208	0.032258
55	210	0.038462
55	224	0.043478
55	238	0.043478
55	251	0.052632
55	254	0.058824
55	259	0.040000
55	263	0.050000
55	289	0.047619
55	291	0.040000
55	312	0.055556
55	314	0.052632
55	315	0.055556
55	338	0.052632
55	343	0.045455
55	372	0.055556
55	373	0.058824
55	383	0.058824
55	385	0.055556
55	386	0.055556
55	397	0.052632
55	429	0.058824
56	7	0.011364
56	8	0.020000
56	9	0.012987
56	12	0.015625
56	15	0.011236
56	17	0.006410
56	18	0.006623
56	20	0.007299
56	21	0.010753
56	23	0.010870
56	29	0.020000
56	36	0.011765
56	40	0.011628
56	44	0.013514
56	46	0.012500
56	49	0.019608
56	52	0.012195
56	72	0.014493
56	79	0.025641
56	95	0.038462
56	99	0.027027
56	103	0.022222
56	123	0.041667
56	128	0.030303
56	129	0.029412
56	139	0.028571
56	140	0.027778
56	146	0.032258
56	152	0.041667
56	163	0.031250
56	165	0.038462
56	171	0.031250
56	226	0.041667
56	231	0.038462
56	243	0.040000
56	244	0.038462
56	261	0.050000
56	294	0.050000
56	310	0.058824
56	316	0.055556
56	321	0.052632
56	331	0.043478
56	345	0.052632
56	361	0.058824
56	377	0.055556
56	390	0.047619
56	401	0.058824
56	427	0.058824
57	1	0.024390
57	4	0.014493
57	5	0.019608
57	9	0.012987
57	16	0.017241
57	17	0.006410
57	18	0.006623
57	20	0.007299
57	22	0.008850
57	24	0.010989
57	29	0.020000
57	32	0.009709
57	33	0.010204
57	36	0.011765
57	40	0.011628
57	43	0.015152
57	54	0.016393
57	60	0.027778
57	66	0.023256
57	68	0.018182
57	69	0.016129
57	76	0.020833
57	88	0.023256
57	95	0.038462
57	97	0.025641
57	119	0.035714
57	127	0.052632
57	129	0.029412
57	172	0.030303
57	189	0.045455
57	236	0.040000
57	237	0.037037
57	250	0.043478
57	282	0.052632
57	285	0.052632
57	286	0.058824
57	294	0.050000
57	332	0.052632
57	337	0.050000
57	350	0.052632
57	385	0.055556
58	6	0.015625
58	7	0.011364
58	8	0.020000
58	10	0.009709
58	14	0.010870
58	17	0.006410
58	28	0.015385
58	29	0.020000
58	34	0.010417
58	42	0.012821
58	45	0.011628
58	46	0.012500
58	47	0.015152
58	48	0.013158
58	50	0.016393
58	51	0.018868
58	75	0.016667
58	116	0.027778
58	136	0.034483
58	229	0.037037
58	244	0.038462
58	253	0.052632
58	261	0.050000
58	288	0.052632
58	319	0.055556
58	328	0.050000
58	352	0.055556
58	369	0.052632
59	2	0.009901
59	4	0.014493
59	9	0.012987
59	17	0.006410
59	18	0.006623
59	19	0.007407
59	20	0.007299
59	21	0.010753
59	22	0.008850
59	24	0.010989
59	28	0.015385
59	32	0.009709
59	34	0.010417
59	42	0.012821
59	45	0.011628
59	48	0.013158
59	54	0.016393
59	68	0.018182
59	71	0.014493
59	77	0.018519
59	87	0.028571
59	95	0.038462
59	104	0.027027
59	118	0.026316
59	136	0.034483
59	175	0.035714
59	184	0.037037
59	197	0.040000
59	227	0.045455
59	228	0.045455
59	252	0.055556
59	258	0.050000
59	269	0.062500
59	278	0.058824
59	284	0.058824
59	287	0.055556
59	299	0.052632
59	323	0.047619
59	416	0.058824
60	0	0.022727
60	1	0.024390
60	3	0.018868
60	6	0.015625
60	12	0.015625
60	17	0.006410
60	20	0.007299
60	21	0.010753
60	22	0.008850
60	24	0.010989
60	25	0.012048
60	26	0.014706
60	30	0.023256
60	35	0.013889
60	40	0.011628
60	48	0.013158
60	57	0.024390
60	62	0.027027
60	70	0.023256
60	80	0.022222
60	81	0.019608
60	100	0.031250
60	110	0.029412
60	113	0.024390
60	121	0.031250
60	132	0.030303
60	159	0.047619
60	172	0.030303
60	243	0.040000
60	278	0.058824
60	292	0.052632
60	296	0.043478
60	340	0.055556
60	342	0.052632
60	392	0.058824
60	421	0.058824
61	2	0.009901
61	3	0.018868
61	4	0.014493
61	10	0.009709
61	13	0.011364
61	14	0.010870
61	15	0.011236
61	20	0.007299
61	22	0.008850
61	25	0.012048
61	26	0.014706
61	35	0.013889
61	36	0.011765
61	39	0.014706
61	42	0.012821
61	51	0.018868
61	73	0.017241
61	82	0.023810
61	106	0.020000
61	154	0.045455
61	193	0.040000
61	288	0.052632
61	294	0.050000
61	367	0.052632
61	398	0.058824
61	402	0.058824
62	7	0.011364
62	10	0.009709
62	12	0.015625
62	13	0.011364
62	15	0.011236
62	19	0.007407
62	20	0.007299
62	22	0.008850
62	32	0.009709
62	36	0.011765
62	38	0.013158
62	42	0.012821
62	45	0.011628
62	48	0.013158
62	50	0.016393
62	52	0.012195
62	60	0.027778
62	74	0.023810
62	77	0.018519
62	78	0.020408
62	90	0.031250
62	102	0.021739
62	132	0.030303
62	147	0.033333
62	178	0.035714
62	193	0.040000
62	224	0.043478
62	232	0.045455
62	235	0.045455
62	240	0.038462
62	241	0.041667
62	245	0.050000
62	251	0.052632
62	252	0.055556
62	334	0.050000
62	397	0.052632
62	426	0.058824
63	6	0.015625
63	8	0.020000
63	9	0.012987
63	12	0.015625
63	20	0.007299
63	22	0.008850
63	25	0.012048
63	33	0.010204
63	34	0.010417
63	35	0.013889
63	36	0.011765
63	40	0.011628
63	41	0.015873
63	46	0.012500
63	48	0.013158
63	49	0.019608
63	54	0.016393
63	211	0.038462
63	249	0.043478
63	349	0.055556
63	361	0.058824
64	3	0.018868
64	4	0.014493
64	12	0.015625
64	13	0.011364
64	16	0.017241
64	18	0.006623
64	19	0.007407
64	21	0.010753
64	23	0.010870
64	25	0.012048
64	26	0.014706
64	30	0.023256
64	39	0.014706
64	41	0.015873
64	43	0.015152
64	48	0.013158
64	49	0.019608
64	65	0.017857
64	73	0.017241
64	76	0.020833
64	83	0.017857
64	110	0.029412
64	123	0.041667
64	128	0.030303
64	133	0.028571
64	134	0.027778
64	135	0.034483
64	145	0.037037
64	148	0.026316
64	163	0.031250
64	180	0.025000
64	182	0.031250
64	192	0.045455
64	198	0.037037
64	206	0.045455
64	258	0.050000
64	262	0.047619
64	268	0.040000
64	269	0.062500
64	281	0.047619
64	285	0.052632
64	296	0.043478
64	299	0.052632
64	312	0.055556
64	320	0.045455
64	328	0.050000
64	329	0.050000
64	335	0.055556
64	344	0.055556
64	355	0.055556
64	363	0.052632
64	367	0.052632
64	388	0.052632
64	400	0.058824
64	406	0.055556
64	407	0.055556
64	409	0.055556
64	413	0.058824
64	422	0.058824
65	5	0.019608
65	6	0.015625
65	10	0.009709
65	15	0.011236
65	16	0.017241
65	17	0.006410
65	18	0.006623
65	28	0.015385
65	32	0.009709
65	34	0.010417
65	36	0.011765
65	43	0.015152
65	46	0.012500
65	51	0.018868
65	53	0.017544
65	64	0.016949
65	76	0.020833
65	78	0.020408
65	84	0.018182
65	96	0.023810
65	105	0.020408
65	107	0.023810
65	113	0.024390
65	115	0.032258
65	119	0.035714
65	125	0.040000
65	127	0.052632
65	131	0.025641
65	132	0.030303
65	143	0.033333
65	152	0.041667
65	154	0.045455
65	158	0.052632
65	169	0.040000
65	171	0.031250
65	185	0.050000
65	203	0.032258
65	216	0.047619
65	219	0.047619
65	238	0.043478
65	251	0.052632
65	267	0.050000
65	279	0.050000
65	281	0.047619
65	288	0.052632
65	296	0.043478
65	312	0.055556
65	314	0.052632
65	344	0.055556
65	349	0.055556
65	354	0.058824
65	368	0.052632
65	377	0.055556
65	382	0.058824
65	394	0.058824
65	419	0.058824
66	2	0.009901
66	4	0.014493
66	12	0.015625
66	14	0.010870
66	15	0.011236
66	18	0.006623
66	20	0.007299
66	21	0.010753
66	27	0.016667
66	29	0.020000
66	34	0.010417
66	36	0.011765
66	38	0.013158
66	39	0.014706
66	44	0.013514
66	51	0.018868
66	57	0.024390
66	72	0.014493
66	73	0.017241
66	75	0.016667
66	79	0.025641
66	94	0.035714
66	129	0.029412
66	174	0.027778
66	177	0.029412
66	179	0.040000
66	218	0.055556
66	231	0.038462
66	235	0.045455
66	240	0.038462
66	247	0.040000
66	256	0.034483
66	261	0.050000
66	271	0.041667
66	325	0.052632
66	330	0.050000
66	334	0.050000
66	350	0.052632
66	366	0.052632
66	386	0.055556
66	412	0.058824
66	421	0.058824
66	422	0.058824
67	0	0.022727
67	5	0.019608
67	7	0.011364
67	8	0.020000
67	9	0.012987
67	17	0.006410
67	18	0.006623
67	19	0.007407
67	20	0.007299
67	21	0.010753
67	22	0.008850
67	25	0.012048
67	26	0.014706
67	38	0.013158
67	51	0.018868
67	53	0.017544
67	55	0.019231
67	68	0.018182
67	78	0.020408
67	79	0.025641
67	82	0.023810
67	94	0.035714
67	102	0.021739
67	109	0.035714
67	112	0.034483
67	117	0.027778
67	119	0.035714
67	121	0.031250
67	124	0.047619
67	128	0.030303
67	133	0.028571
67	143	0.033333
67	146	0.032258
67	148	0.026316
67	161	0.038462
67	171	0.031250
67	185	0.050000
67	219	0.047619
67	238	0.043478
67	242	0.040000
67	246	0.038462
67	264	0.041667
67	340	0.055556
67	344	0.055556
67	345	0.052632
67	352	0.055556
67	355	0.055556
67	361	0.058824
67	365	0.050000
67	366	0.052632
67	372	0.055556
67	394	0.058824
67	398	0.058824
67	400	0.058824
67	407	0.055556
67	408	0.058824
67	415	0.058824
68	1	0.024390
68	20	0.007299
68	22	0.008850
68	23	0.010870
68	24	0.010989
68	26	0.014706
68	33	0.010204
68	34	0.010417
68	42	0.012821
68	45	0.011628
68	46	0.012500
68	49	0.019608
68	50	0.016393
68	52	0.012195
68	57	0.024390
68	59	0.025641
68	67	0.017544
68	70	0.023256
68	71	0.014493
68	75	0.016667
68	79	0.025641
68	80	0.022222
68	87	0.028571
68	90	0.031250
68	105	0.020408
68	110	0.029412
68	111	0.022727
68	122	0.035714
68	136	0.034483
68	141	0.022222
68	151	0.032258
68	157	0.037037
68	174	0.027778
68	196	0.034483
68	198	0.037037
68	233	0.043478
68	254	0.058824
68	257	0.037037
68	266	0.052632
68	271	0.041667
68	272	0.045455
68	280	0.045455
68	288	0.052632
68	297	0.045455
68	308	0.041667
68	314	0.052632
68	317	0.052632
68	334	0.050000
68	338	0.052632
68	376	0.055556
68	386	0.055556
68	392	0.058824
68	420	0.058824
68	423	0.058824
68	427	0.058824
69	0	0.022727
69	4	0.014493
69	5	0.019608
69	8	0.020000
69	9	0.012987
69	16	0.017241
69	19	0.007407
69	21	0.010753
69	22	0.008850
69	23	0.010870
69	24	0.010989
69	26	0.014706
69	29	0.020000
69	32	0.009709
69	34	0.010417
69	55	0.019231
69	57	0.024390
69	76	0.020833
69	77	0.018519
69	83	0.017857
69	84	0.018182
69	87	0.028571
69	92	0.028571
69	101	0.029412
69	111	0.022727
69	116	0.027778
69	123	0.041667
69	128	0.030303
69	139	0.028571
69	140	0.027778
69	141	0.022222
69	146	0.032258
69	168	0.032258
69	171	0.031250
69	200	0.038462
69	206	0.045455
69	213	0.052632
69	224	0.043478
69	227	0.045455
69	228	0.045455
69	240	0.038462
69	248	0.047619
69	263	0.050000
69	266	0.052632
69	275	0.045455
69	309	0.045455
69	312	0.055556
69	313	0.047619
69	321	0.052632
69	323	0.047619
69	331	0.043478
69	332	0.052632
69	346	0.052632
69	348	0.050000
69	352	0.055556
69	365	0.050000
69	373	0.058824
69	383	0.058824
69	389	0.058824
69	392	0.058824
69	393	0.055556
69	429	0.058824
70	3	0.018868
70	9	0.012987
70	18	0.006623
70	19	0.007407
70	22	0.008850
70	25	0.012048
70	34	0.010417
70	35	0.013889
70	37	0.016129
70	42	0.012821
70	45	0.011628
70	49	0.019608
70	51	0.018868
70	52	0.012195
70	53	0.017544
70	60	0.027778
70	68	0.018182
70	72	0.014493
70	75	0.016667
70	85	0.019231
70	91	0.022727
70	93	0.043478
70	99	0.027027
70	108	0.027027
70	114	0.030303
70	128	0.030303
70	143	0.033333
70	163	0.031250
70	166	0.032258
70	177	0.029412
70	189	0.045455
70	195	0.037037
70	276	0.047619
70	288	0.052632
70	338	0.052632
70	340	0.055556
70	360	0.052632
70	403	0.052632
70	406	0.055556
70	413	0.058824
70	414	0.058824
70	415	0.058824
70	416	0.058824
71	7	0.011364
71	10	0.009709
71	16	0.017241
71	17	0.006410
71	19	0.007407
71	20	0.007299
71	22	0.008850
71	24	0.010989
71	25	0.012048
71	32	0.009709
71	33	0.010204
71	37	0.016129
71	43	0.015152
71	44	0.013514
71	47	0.015152
71	59	0.025641
71	68	0.018182
71	72	0.014493
71	86	0.025641
71	90	0.031250
71	93	0.043478
71	97	0.025641
71	101	0.029412
71	104	0.027027
71	108	0.027027
71	116	0.027778
71	118	0.026316
71	119	0.035714
71	123	0.041667
71	126	0.045455
71	127	0.052632
71	129	0.029412
71	130	0.037037
71	132	0.030303
71	137	0.027778
71	144	0.033333
71	145	0.037037
71	149	0.030303
71	158	0.052632
71	159	0.047619
71	172	0.030303
71	179	0.040000
71	181	0.033333
71	184	0.037037
71	194	0.037037
71	199	0.045455
71	209	0.038462
71	214	0.045455
71	224	0.043478
71	234	0.038462
71	248	0.047619
71	249	0.043478
71	253	0.052632
71	264	0.041667
71	266	0.052632
71	290	0.047619
71	295	0.052632
71	300	0.052632
71	307	0.043478
71	315	0.055556
71	319	0.055556
71	322	0.050000
71	329	0.050000
71	344	0.055556
71	346	0.052632
71	361	0.058824
71	374	0.058824
71	423	0.058824
71	428	0.058824
72	11	0.022727
72	15	0.011236
72	16	0.017241
72	17	0.006410
72	18	0.006623
72	20	0.007299
72	22	0.008850
72	37	0.016129
72	41	0.015873
72	45	0.011628
72	47	0.015152
72	49	0.019608
72	56	0.020833
72	66	0.023256
72	70	0.023256
72	71	0.014493
72	73	0.017241
72	78	0.020408
72	80	0.022222
72	83	0.017857
72	87	0.028571
72	90	0.031250
72	94	0.035714
72	101	0.029412
72	112	0.034483
72	113	0.024390
72	124	0.047619
72	125	0.040000
72	137	0.027778
72	143	0.033333
72	144	0.033333
72	148	0.026316
72	153	0.041667
72	155	0.033333
72	160	0.040000
72	162	0.032258
72	166	0.032258
72	167	0.035714
72	174	0.027778
72	181	0.033333
72	182	0.031250
72	192	0.045455
72	193	0.040000
72	212	0.055556
72	215	0.034483
72	216	0.047619
72	220	0.047619
72	221	0.052632
72	222	0.050000
72	231	0.038462
72	237	0.037037
72	264	0.041667
72	267	0.050000
72	276	0.047619
72	277	0.045455
72	295	0.052632
72	299	0.052632
72	314	0.052632
72	319	0.055556
72	330	0.050000
72	334	0.050000
72	335	0.055556
72	368	0.052632
72	374	0.058824
72	390	0.047619
72	396	0.058824
72	416	0.058824
72	423	0.058824
72	424	0.058824
73	1	0.024390
73	11	0.022727
73	13	0.011364
73	21	0.010753
73	22	0.008850
73	25	0.012048
73	26	0.014706
73	27	0.016667
73	30	0.023256
73	40	0.011628
73	43	0.015152
73	51	0.018868
73	54	0.016393
73	61	0.038462
73	64	0.016949
73	66	0.023256
73	72	0.014493
73	74	0.023810
73	77	0.018519
73	83	0.017857
73	84	0.018182
73	103	0.022222
73	108	0.027027
73	114	0.030303
73	123	0.041667
73	124	0.047619
73	126	0.045455
73	144	0.033333
73	163	0.031250
73	164	0.032258
73	173	0.027778
73	177	0.029412
73	186	0.040000
73	199	0.045455
73	216	0.047619
73	227	0.045455
73	229	0.037037
73	233	0.043478
73	235	0.045455
73	245	0.050000
73	248	0.047619
73	269	0.062500
73	272	0.045455
73	275	0.045455
73	278	0.058824
73	288	0.052632
73	291	0.040000
73	292	0.052632
73	298	0.055556
73	303	0.043478
73	304	0.047619
73	308	0.041667
73	314	0.052632
73	315	0.055556
73	365	0.050000
73	366	0.052632
73	370	0.050000
73	390	0.047619
74	2	0.009901
74	7	0.011364
74	8	0.020000
74	18	0.006623
74	20	0.007299
74	33	0.010204
74	34	0.010417
74	36	0.011765
74	39	0.014706
74	40	0.011628
74	44	0.013514
74	45	0.011628
74	48	0.013158
74	52	0.012195
74	54	0.016393
74	62	0.027027
74	73	0.017241
74	78	0.020408
74	81	0.019608
74	86	0.025641
74	88	0.023256
74	100	0.031250
74	102	0.021739
74	103	0.022222
74	123	0.041667
74	171	0.031250
74	184	0.037037
74	192	0.045455
74	199	0.045455
74	227	0.045455
74	264	0.041667
74	275	0.045455
74	280	0.045455
74	304	0.047619
74	316	0.055556
74	318	0.058824
74	342	0.052632
74	350	0.052632
74	363	0.052632
74	391	0.055556
74	410	0.055556
74	429	0.058824
75	1	0.024390
75	6	0.015625
75	15	0.011236
75	18	0.006623
75	19	0.007407
75	20	0.007299
75	21	0.010753
75	24	0.010989
75	25	0.012048
75	28	0.015385
75	29	0.020000
75	47	0.015152
75	55	0.019231
75	58	0.035714
75	66	0.023256
75	68	0.018182
75	70	0.023256
75	82	0.023810
75	86	0.025641
75	94	0.035714
75	95	0.038462
75	108	0.027027
75	109	0.035714
75	126	0.045455
75	127	0.052632
75	132	0.030303
75	136	0.034483
75	142	0.033333
75	175	0.035714
75	178	0.035714
75	179	0.040000
75	181	0.033333
75	186	0.040000
75	187	0.040000
75	193	0.040000
75	204	0.037037
75	218	0.055556
75	228	0.045455
75	232	0.045455
75	240	0.038462
75	244	0.038462
75	257	0.037037
75	260	0.045455
75	263	0.050000
75	272	0.045455
75	280	0.045455
75	288	0.052632
75	307	0.043478
75	319	0.055556
75	322	0.050000
75	333	0.043478
75	340	0.055556
75	371	0.050000
75	375	0.058824
75	379	0.055556
75	382	0.058824
75	389	0.058824
75	392	0.058824
75	412	0.058824
75	428	0.058824
76	4	0.014493
76	9	0.012987
76	12	0.015625
76	14	0.010870
76	18	0.006623
76	20	0.007299
76	25	0.012048
76	26	0.014706
76	28	0.015385
76	29	0.020000
76	36	0.011765
76	38	0.013158
76	41	0.015873
76	57	0.024390
76	64	0.016949
76	65	0.017857
76	69	0.016129
76	82	0.023810
76	84	0.018182
76	86	0.025641
76	90	0.031250
76	94	0.035714
76	102	0.021739
76	152	0.041667
76	157	0.037037
76	163	0.031250
76	169	0.040000
76	181	0.033333
76	215	0.034483
76	225	0.038462
76	262	0.047619
76	265	0.043478
76	287	0.055556
76	299	0.052632
76	304	0.047619
76	314	0.052632
76	318	0.058824
76	320	0.045455
76	343	0.045455
76	374	0.058824
76	377	0.055556
76	385	0.055556
76	387	0.058824
76	400	0.058824
76	414	0.058824
76	422	0.058824
76	424	0.058824
76	426	0.058824
77	2	0.009901
77	6	0.015625
77	17	0.006410
77	19	0.007407
77	24	0.010989
77	25	0.012048
77	27	0.016667
77	33	0.010204
77	40	0.011628
77	45	0.011628
77	50	0.016393
77	52	0.012195
77	54	0.016393
77	59	0.025641
77	62	0.027027
77	69	0.016129
77	73	0.017241
77	80	0.022222
77	81	0.019608
77	100	0.031250
77	103	0.022222
77	109	0.035714
77	114	0.030303
77	115	0.032258
77	119	0.035714
77	120	0.027778
77	122	0.035714
77	127	0.052632
77	131	0.025641
77	138	0.024390
77	178	0.035714
77	180	0.025000
77	182	0.031250
77	194	0.037037
77	205	0.041667
77	231	0.038462
77	240	0.038462
77	241	0.041667
77	252	0.055556
77	254	0.058824
77	263	0.050000
77	265	0.043478
77	268	0.040000
77	274	0.050000
77	283	0.052632
77	292	0.052632
77	308	0.041667
77	320	0.045455
77	330	0.050000
77	338	0.052632
77	364	0.055556
77	382	0.058824
77	392	0.058824
77	422	0.058824
78	1	0.024390
78	9	0.012987
78	18	0.006623
78	19	0.007407
78	20	0.007299
78	25	0.012048
78	32	0.009709
78	33	0.010204
78	35	0.013889
78	42	0.012821
78	44	0.013514
78	47	0.015152
78	62	0.027027
78	65	0.017857
78	67	0.017544
78	72	0.014493
78	74	0.023810
78	93	0.043478
78	98	0.021277
78	110	0.029412
78	125	0.040000
78	131	0.025641
78	142	0.033333
78	151	0.032258
78	153	0.041667
78	155	0.033333
78	156	0.052632
78	159	0.047619
78	162	0.032258
78	168	0.032258
78	183	0.037037
78	194	0.037037
78	205	0.041667
78	219	0.047619
78	221	0.052632
78	277	0.045455
78	286	0.058824
78	294	0.050000
78	297	0.045455
78	321	0.052632
78	329	0.050000
78	346	0.052632
78	351	0.052632
78	362	0.052632
78	383	0.058824
78	403	0.052632
78	415	0.058824
78	416	0.058824
78	425	0.062500
79	3	0.018868
79	6	0.015625
79	10	0.009709
79	18	0.006623
79	24	0.010989
79	25	0.012048
79	26	0.014706
79	32	0.009709
79	33	0.010204
79	40	0.011628
79	42	0.012821
79	43	0.015152
79	56	0.020833
79	66	0.023256
79	67	0.017544
79	68	0.018182
79	99	0.027027
79	111	0.022727
79	112	0.034483
79	114	0.030303
79	118	0.026316
79	136	0.034483
79	144	0.033333
79	184	0.037037
79	191	0.055556
79	195	0.037037
79	210	0.038462
79	215	0.034483
79	221	0.052632
79	230	0.050000
79	238	0.043478
79	258	0.050000
79	280	0.045455
79	310	0.058824
79	348	0.050000
79	356	0.050000
79	366	0.052632
79	369	0.052632
79	376	0.055556
80	2	0.009901
80	3	0.018868
80	7	0.011364
80	9	0.012987
80	16	0.017241
80	18	0.006623
80	20	0.007299
80	22	0.008850
80	24	0.010989
80	32	0.009709
80	45	0.011628
80	47	0.015152
80	54	0.016393
80	60	0.027778
80	68	0.018182
80	72	0.014493
80	77	0.018519
80	88	0.023256
80	92	0.028571
80	99	0.027027
80	101	0.029412
80	114	0.030303
80	125	0.040000
80	136	0.034483
80	149	0.030303
80	151	0.032258
80	164	0.032258
80	166	0.032258
80	188	0.038462
80	227	0.045455
80	250	0.043478
80	285	0.052632
80	288	0.052632
80	298	0.055556
80	306	0.050000
80	314	0.052632
80	329	0.050000
80	332	0.052632
80	338	0.052632
80	339	0.055556
80	360	0.052632
80	370	0.050000
80	378	0.055556
80	394	0.058824
80	419	0.058824
81	1	0.024390
81	2	0.009901
81	13	0.011364
81	17	0.006410
81	20	0.007299
81	21	0.010753
81	23	0.010870
81	37	0.016129
81	38	0.013158
81	39	0.014706
81	41	0.015873
81	42	0.012821
81	45	0.011628
81	46	0.012500
81	60	0.027778
81	74	0.023810
81	77	0.018519
81	87	0.028571
81	88	0.023256
81	112	0.034483
81	136	0.034483
81	163	0.031250
81	166	0.032258
81	168	0.032258
81	169	0.040000
81	180	0.025000
81	185	0.050000
81	190	0.043478
81	192	0.045455
81	198	0.037037
81	202	0.043478
81	204	0.037037
81	205	0.041667
81	210	0.038462
81	222	0.050000
81	243	0.040000
81	249	0.043478
81	268	0.040000
81	276	0.047619
81	296	0.043478
81	323	0.047619
81	332	0.052632
81	337	0.050000
81	339	0.055556
81	371	0.050000
81	379	0.055556
81	381	0.058824
81	385	0.055556
81	398	0.058824
81	403	0.052632
81	416	0.058824
82	6	0.015625
82	16	0.017241
82	17	0.006410
82	18	0.006623
82	27	0.016667
82	28	0.015385
82	29	0.020000
82	34	0.010417
82	39	0.014706
82	40	0.011628
82	44	0.013514
82	49	0.019608
82	51	0.018868
82	61	0.038462
82	67	0.017544
82	75	0.016667
82	76	0.020833
82	97	0.025641
82	102	0.021739
82	106	0.020000
82	128	0.030303
82	131	0.025641
82	132	0.030303
82	156	0.052632
82	157	0.037037
82	162	0.032258
82	168	0.032258
82	179	0.040000
82	202	0.043478
82	227	0.045455
82	228	0.045455
82	229	0.037037
82	237	0.037037
82	239	0.052632
82	272	0.045455
82	298	0.055556
82	304	0.047619
82	311	0.052632
82	350	0.052632
82	359	0.050000
82	400	0.058824
82	421	0.058824
83	2	0.009901
83	6	0.015625
83	17	0.006410
83	19	0.007407
83	23	0.010870
83	26	0.014706
83	31	0.038462
83	35	0.013889
83	37	0.016129
83	41	0.015873
83	43	0.015152
83	51	0.018868
83	64	0.016949
83	69	0.016129
83	72	0.014493
83	73	0.017241
83	85	0.019231
83	87	0.028571
83	88	0.023256
83	98	0.021277
83	102	0.021739
83	108	0.027027
83	116	0.027778
83	130	0.037037
83	131	0.025641
83	133	0.028571
83	137	0.027778
83	138	0.024390
83	141	0.022222
83	146	0.032258
83	147	0.033333
83	150	0.035714
83	166	0.032258
83	170	0.037037
83	171	0.031250
83	176	0.031250
83	188	0.038462
83	191	0.055556
83	205	0.041667
83	212	0.055556
83	230	0.050000
83	234	0.038462
83	235	0.045455
83	257	0.037037
83	278	0.058824
83	289	0.047619
83	311	0.052632
83	327	0.052632
83	341	0.058824
83	345	0.052632
83	346	0.052632
83	354	0.058824
83	372	0.055556
83	383	0.058824
83	426	0.058824
83	428	0.058824
84	0	0.022727
84	2	0.009901
84	5	0.019608
84	9	0.012987
84	14	0.010870
84	17	0.006410
84	21	0.010753
84	32	0.009709
84	36	0.011765
84	39	0.014706
84	47	0.015152
84	65	0.017857
84	69	0.016129
84	73	0.017241
84	76	0.020833
84	91	0.022727
84	92	0.028571
84	104	0.027027
84	109	0.035714
84	115	0.032258
84	126	0.045455
84	130	0.037037
84	136	0.034483
84	142	0.033333
84	145	0.037037
84	146	0.032258
84	159	0.047619
84	175	0.035714
84	186	0.040000
84	189	0.045455
84	191	0.055556
84	201	0.025000
84	213	0.052632
84	238	0.043478
84	240	0.038462
84	254	0.058824
84	262	0.047619
84	266	0.052632
84	288	0.052632
84	290	0.047619
84	318	0.058824
84	323	0.047619
84	324	0.041667
84	331	0.043478
84	333	0.043478
84	343	0.045455
84	348	0.050000
84	354	0.058824
84	356	0.050000
84	358	0.052632
84	360	0.052632
84	377	0.055556
84	404	0.058824
84	410	0.055556
84	429	0.058824
85	3	0.018868
85	7	0.011364
85	10	0.009709
85	12	0.015625
85	15	0.011236
85	18	0.006623
85	19	0.007407
85	21	0.010753
85	22	0.008850
85	24	0.010989
85	37	0.016129
85	41	0.015873
85	42	0.012821
85	44	0.013514
85	53	0.017544
85	70	0.023256
85	83	0.017857
85	95	0.038462
85	96	0.023810
85	99	0.027027
85	117	0.027778
85	128	0.030303
85	140	0.027778
85	150	0.035714
85	155	0.033333
85	163	0.031250
85	170	0.037037
85	172	0.030303
85	178	0.035714
85	198	0.037037
85	200	0.038462
85	206	0.045455
85	217	0.047619
85	220	0.047619
85	221	0.052632
85	236	0.040000
85	242	0.040000
85	244	0.038462
85	246	0.038462
85	249	0.043478
85	265	0.043478
85	275	0.045455
85	282	0.052632
85	298	0.055556
85	313	0.047619
85	318	0.058824
85	349	0.055556
85	352	0.055556
85	365	0.050000
85	389	0.058824
85	400	0.058824
85	404	0.058824
86	4	0.014493
86	17	0.006410
86	18	0.006623
86	19	0.007407
86	22	0.008850
86	25	0.012048
86	30	0.023256
86	32	0.009709
86	34	0.010417
86	36	0.011765
86	42	0.012821
86	43	0.015152
86	71	0.014493
86	74	0.023810
86	75	0.016667
86	76	0.020833
86	92	0.028571
86	93	0.043478
86	96	0.023810
86	97	0.025641
86	102	0.021739
86	109	0.035714
86	123	0.041667
86	158	0.052632
86	187	0.040000
86	202	0.043478
86	208	0.032258
86	220	0.047619
86	236	0.040000
86	247	0.040000
86	267	0.050000
86	271	0.041667
86	284	0.058824
86	286	0.058824
86	303	0.043478
86	325	0.052632
86	346	0.052632
86	373	0.058824
86	395	0.052632
87	2	0.009901
87	4	0.014493
87	12	0.015625
87	20	0.007299
87	36	0.011765
87	40	0.011628
87	42	0.012821
87	44	0.013514
87	50	0.016393
87	51	0.018868
87	59	0.025641
87	68	0.018182
87	69	0.016129
87	72	0.014493
87	81	0.019608
87	83	0.017857
87	88	0.023256
87	105	0.020408
87	111	0.022727
87	128	0.030303
87	141	0.022222
87	148	0.026316
87	193	0.040000
87	201	0.025000
87	208	0.032258
87	244	0.038462
87	250	0.043478
87	265	0.043478
87	288	0.052632
87	318	0.058824
87	321	0.052632
87	340	0.055556
87	390	0.047619
87	421	0.058824
87	426	0.058824
88	2	0.009901
88	4	0.014493
88	5	0.019608
88	6	0.015625
88	10	0.009709
88	27	0.016667
88	28	0.015385
88	41	0.015873
88	46	0.012500
88	48	0.013158
88	53	0.017544
88	57	0.024390
88	74	0.023810
88	80	0.022222
88	81	0.019608
88	83	0.017857
88	87	0.028571
88	91	0.022727
88	92	0.028571
88	95	0.038462
88	106	0.020000
88	110	0.029412
88	112	0.034483
88	122	0.035714
88	128	0.030303
88	135	0.034483
88	146	0.032258
88	153	0.041667
88	158	0.052632
88	165	0.038462
88	169	0.040000
88	188	0.038462
88	192	0.045455
88	222	0.050000
88	225	0.038462
88	249	0.043478
88	253	0.052632
88	255	0.050000
88	265	0.043478
88	289	0.047619
88	307	0.043478
88	317	0.052632
88	426	0.058824
89	0	0.022727
89	5	0.019608
89	7	0.011364
89	15	0.011236
89	20	0.007299
89	24	0.010989
89	26	0.014706
89	28	0.015385
89	32	0.009709
89	33	0.010204
89	36	0.011765
89	38	0.013158
89	40	0.011628
89	43	0.015152
89	46	0.012500
89	48	0.013158
89	50	0.016393
89	90	0.031250
89	92	0.028571
89	95	0.038462
89	96	0.023810
89	103	0.022222
89	108	0.027027
89	110	0.029412
89	121	0.031250
89	137	0.027778
89	145	0.037037
89	160	0.040000
89	198	0.037037
89	200	0.038462
89	203	0.032258
89	235	0.045455
89	240	0.038462
89	242	0.040000
89	256	0.034483
89	305	0.058824
89	308	0.041667
89	317	0.052632
89	318	0.058824
89	320	0.045455
89	330	0.050000
89	331	0.043478
89	338	0.052632
89	339	0.055556
89	376	0.055556
89	392	0.058824
89	400	0.058824
90	9	0.012987
90	13	0.011364
90	16	0.017241
90	19	0.007407
90	23	0.010870
90	24	0.010989
90	26	0.014706
90	28	0.015385
90	30	0.023256
90	49	0.019608
90	54	0.016393
90	62	0.027027
90	68	0.018182
90	71	0.014493
90	72	0.014493
90	76	0.020833
90	89	0.021277
90	127	0.052632
90	128	0.030303
90	161	0.038462
90	194	0.037037
90	203	0.032258
90	205	0.041667
90	228	0.045455
90	240	0.038462
90	279	0.050000
90	293	0.047619
90	303	0.043478
90	308	0.041667
90	342	0.052632
90	349	0.055556
90	352	0.055556
91	2	0.009901
91	3	0.018868
91	6	0.015625
91	7	0.011364
91	9	0.012987
91	17	0.006410
91	19	0.007407
91	20	0.007299
91	22	0.008850
91	33	0.010204
91	38	0.013158
91	46	0.012500
91	47	0.015152
91	48	0.013158
91	70	0.023256
91	84	0.018182
91	88	0.023256
91	93	0.043478
91	103	0.022222
91	108	0.027027
91	113	0.024390
91	114	0.030303
91	117	0.027778
91	138	0.024390
91	154	0.045455
91	156	0.052632
91	161	0.038462
91	167	0.035714
91	173	0.027778
91	185	0.050000
91	187	0.040000
91	189	0.045455
91	196	0.034483
91	208	0.032258
91	242	0.040000
91	257	0.037037
91	262	0.047619
91	264	0.041667
91	270	0.035714
91	278	0.058824
91	285	0.052632
91	297	0.045455
91	325	0.052632
91	333	0.043478
92	4	0.014493
92	9	0.012987
92	18	0.006623
92	22	0.008850
92	23	0.010870
92	26	0.014706
92	41	0.015873
92	45	0.011628
92	47	0.015152
92	50	0.016393
92	53	0.017544
92	69	0.016129
92	80	0.022222
92	84	0.018182
92	86	0.025641
92	88	0.023256
92	89	0.021277
92	93	0.043478
92	97	0.025641
92	103	0.022222
92	110	0.029412
92	115	0.032258
92	119	0.035714
92	128	0.030303
92	187	0.040000
92	195	0.037037
92	242	0.040000
92	253	0.052632
92	286	0.058824
92	313	0.047619
92	364	0.055556
92	391	0.055556
92	395	0.052632
92	399	0.058824
92	418	0.058824
93	2	0.009901
93	7	0.011364
93	8	0.020000
93	12	0.015625
93	17	0.006410
93	19	0.007407
93	26	0.014706
93	41	0.015873
93	47	0.015152
93	50	0.016393
93	54	0.016393
93	70	0.023256
93	71	0.014493
93	78	0.020408
93	86	0.025641
93	91	0.022727
93	92	0.028571
93	130	0.037037
93	187	0.040000
93	320	0.045455
93	366	0.052632
93	380	0.058824
93	405	0.058824
94	10	0.009709
94	15	0.011236
94	17	0.006410
94	18	0.006623
94	19	0.007407
94	20	0.007299
94	21	0.010753
94	34	0.010417
94	39	0.014706
94	42	0.012821
94	43	0.015152
94	46	0.012500
94	66	0.023256
94	67	0.017544
94	72	0.014493
94	75	0.016667
94	76	0.020833
94	120	0.027778
94	137	0.027778
94	138	0.024390
94	198	0.037037
94	202	0.043478
94	252	0.055556
94	257	0.037037
94	303	0.043478
94	369	0.052632
94	381	0.058824
94	401	0.058824
95	5	0.019608
95	7	0.011364
95	20	0.007299
95	27	0.016667
95	38	0.013158
95	39	0.014706
95	44	0.013514
95	45	0.011628
95	52	0.012195
95	53	0.017544
95	56	0.020833
95	57	0.024390
95	59	0.025641
95	75	0.016667
95	85	0.019231
95	88	0.023256
95	89	0.021277
95	127	0.052632
95	128	0.030303
95	129	0.029412
95	197	0.040000
95	270	0.035714
95	296	0.043478
95	389	0.058824
95	391	0.055556
95	408	0.058824
96	0	0.022727
96	1	0.024390
96	7	0.011364
96	11	0.022727
96	17	0.006410
96	18	0.006623
96	21	0.010753
96	24	0.010989
96	32	0.009709
96	35	0.013889
96	45	0.011628
96	47	0.015152
96	52	0.012195
96	65	0.017857
96	85	0.019231
96	86	0.025641
96	89	0.021277
96	102	0.021739
96	107	0.023810
96	129	0.029412
96	141	0.022222
96	147	0.033333
96	157	0.037037
96	177	0.029412
96	185	0.050000
96	195	0.037037
96	198	0.037037
96	199	0.045455
96	201	0.025000
96	209	0.038462
96	232	0.045455
96	239	0.052632
96	272	0.045455
96	280	0.045455
96	282	0.052632
96	309	0.045455
96	318	0.058824
96	322	0.050000
96	358	0.052632
96	368	0.052632
96	381	0.058824
96	405	0.058824
97	5	0.019608
97	6	0.015625
97	8	0.020000
97	13	0.011364
97	14	0.010870
97	19	0.007407
97	20	0.007299
97	39	0.014706
97	42	0.012821
97	43	0.015152
97	49	0.019608
97	57	0.024390
97	71	0.014493
97	82	0.023810
97	86	0.025641
97	92	0.028571
97	98	0.021277
97	106	0.020000
97	118	0.026316
97	206	0.045455
97	208	0.032258
97	214	0.045455
97	217	0.047619
97	220	0.047619
97	231	0.038462
97	245	0.050000
97	260	0.045455
97	265	0.043478
97	273	0.043478
97	282	0.052632
97	309	0.045455
97	332	0.052632
97	370	0.050000
97	372	0.055556
97	373	0.058824
97	395	0.052632
97	406	0.055556
97	410	0.055556
97	412	0.058824
98	10	0.009709
98	11	0.022727
98	14	0.010870
98	19	0.007407
98	21	0.010753
98	25	0.012048
98	33	0.010204
98	35	0.013889
98	38	0.013158
98	39	0.014706
98	40	0.011628
98	43	0.015152
98	46	0.012500
98	55	0.019231
98	78	0.020408
98	83	0.017857
98	97	0.025641
98	115	0.032258
98	117	0.027778
98	124	0.047619
98	133	0.028571
98	141	0.022222
98	144	0.033333
98	153	0.041667
98	156	0.052632
98	157	0.037037
98	199	0.045455
98	202	0.043478
98	209	0.038462
98	217	0.047619
98	219	0.047619
98	227	0.045455
98	241	0.041667
98	255	0.050000
98	262	0.047619
98	270	0.035714
98	273	0.043478
98	335	0.055556
98	342	0.052632
98	370	0.050000
98	379	0.055556
98	381	0.058824
98	388	0.052632
98	403	0.052632
98	407	0.055556
98	411	0.058824
98	412	0.058824
99	3	0.018868
99	9	0.012987
99	10	0.009709
99	13	0.011364
99	19	0.007407
99	21	0.010753
99	25	0.012048
99	33	0.010204
99	36	0.011765
99	45	0.011628
99	48	0.013158
99	50	0.016393
99	56	0.020833
99	70	0.023256
99	79	0.025641
99	80	0.022222
99	85	0.019231
99	117	0.027778
99	118	0.026316
99	119	0.035714
99	120	0.027778
99	123	0.041667
99	142	0.033333
99	149	0.030303
99	163	0.031250
99	172	0.030303
99	180	0.025000
99	195	0.037037
99	216	0.047619
99	228	0.045455
99	286	0.058824
99	313	0.047619
99	338	0.052632
99	368	0.052632
99	371	0.050000
99	385	0.055556
99	387	0.058824
100	2	0.009901
100	10	0.009709
100	14	0.010870
100	16	0.017241
100	17	0.006410
100	18	0.006623
100	20	0.007299
100	32	0.009709
100	34	0.010417
100	35	0.013889
100	44	0.013514
100	52	0.012195
100	60	0.027778
100	74	0.023810
100	77	0.018519
100	116	0.027778
100	122	0.035714
100	132	0.030303
100	135	0.034483
100	149	0.030303
100	164	0.032258
100	188	0.038462
100	213	0.052632
100	226	0.041667
100	236	0.040000
100	257	0.037037
100	305	0.058824
100	335	0.055556
100	404	0.058824
100	408	0.058824
100	413	0.058824
100	416	0.058824
101	2	0.009901
101	5	0.019608
101	6	0.015625
101	11	0.022727
101	13	0.011364
101	15	0.011236
101	18	0.006623
101	29	0.020000
101	32	0.009709
101	33	0.010204
101	34	0.010417
101	41	0.015873
101	44	0.013514
101	69	0.016129
101	71	0.014493
101	72	0.014493
101	80	0.022222
101	117	0.027778
101	134	0.027778
101	166	0.032258
101	172	0.030303
101	175	0.035714
101	192	0.045455
101	211	0.038462
101	262	0.047619
101	269	0.062500
101	284	0.058824
101	296	0.043478
101	348	0.050000
101	364	0.055556
101	368	0.052632
101	374	0.058824
101	386	0.055556
101	420	0.058824
102	1	0.024390
102	6	0.015625
102	17	0.006410
102	19	0.007407
102	32	0.009709
102	35	0.013889
102	39	0.014706
102	45	0.011628
102	55	0.019231
102	62	0.027027
102	67	0.017544
102	74	0.023810
102	76	0.020833
102	82	0.023810
102	83	0.017857
102	86	0.025641
102	96	0.023810
102	108	0.027027
102	112	0.034483
102	115	0.032258
102	117	0.027778
102	125	0.040000
102	135	0.034483
102	158	0.052632
102	168	0.032258
102	182	0.031250
102	205	0.041667
102	209	0.038462
102	228	0.045455
102	240	0.038462
102	246	0.038462
102	264	0.041667
102	266	0.052632
102	279	0.050000
102	286	0.058824
102	347	0.058824
102	359	0.050000
102	363	0.052632
102	366	0.052632
102	369	0.052632
102	392	0.058824
102	410	0.055556
102	411	0.058824
102	418	0.058824
102	422	0.058824
102	423	0.058824
103	1	0.024390
103	14	0.010870
103	15	0.011236
103	17	0.006410
103	27	0.016667
103	34	0.010417
103	42	0.012821
103	44	0.013514
103	45	0.011628
103	51	0.018868
103	56	0.020833
103	73	0.017241
103	74	0.023810
103	77	0.018519
103	89	0.021277
103	91	0.022727
103	92	0.028571
103	118	0.026316
103	129	0.029412
103	138	0.024390
103	139	0.028571
103	142	0.033333
103	146	0.032258
103	156	0.052632
103	166	0.032258
103	168	0.032258
103	185	0.050000
103	199	0.045455
103	210	0.038462
103	218	0.055556
103	234	0.038462
103	239	0.052632
103	242	0.040000
103	243	0.040000
103	259	0.040000
103	273	0.043478
103	296	0.043478
103	321	0.052632
103	328	0.050000
103	332	0.052632
103	351	0.052632
103	370	0.050000
103	399	0.058824
103	413	0.058824
103	420	0.058824
104	10	0.009709
104	17	0.006410
104	20	0.007299
104	21	0.010753
104	32	0.009709
104	33	0.010204
104	42	0.012821
104	44	0.013514
104	45	0.011628
104	47	0.015152
104	51	0.018868
104	52	0.012195
104	53	0.017544
104	59	0.025641
104	71	0.014493
104	84	0.018182
104	109	0.035714
104	138	0.024390
104	145	0.037037
104	173	0.027778
104	176	0.031250
104	178	0.035714
104	190	0.043478
104	194	0.037037
104	207	0.038462
104	221	0.052632
104	232	0.045455
104	248	0.047619
104	267	0.050000
104	303	0.043478
104	304	0.047619
104	312	0.055556
104	319	0.055556
104	355	0.055556
104	401	0.058824
104	404	0.058824
104	421	0.058824
105	2	0.009901
105	9	0.012987
105	11	0.022727
105	12	0.015625
105	14	0.010870
105	16	0.017241
105	17	0.006410
105	18	0.006623
105	20	0.007299
105	22	0.008850
105	25	0.012048
105	32	0.009709
105	37	0.016129
105	38	0.013158
105	65	0.017857
105	68	0.018182
105	87	0.028571
105	109	0.035714
105	112	0.034483
105	125	0.040000
105	128	0.030303
105	145	0.037037
105	149	0.030303
105	157	0.037037
105	169	0.040000
105	175	0.035714
105	188	0.038462
105	201	0.025000
105	204	0.037037
105	208	0.032258
105	209	0.038462
105	219	0.047619
105	231	0.038462
105	237	0.037037
105	243	0.040000
105	277	0.045455
105	279	0.050000
105	298	0.055556
105	301	0.052632
105	302	0.045455
105	322	0.050000
105	336	0.055556
105	341	0.058824
105	345	0.052632
105	346	0.052632
105	347	0.058824
105	364	0.055556
105	390	0.047619
105	398	0.058824
106	2	0.009901
106	10	0.009709
106	11	0.022727
106	13	0.011364
106	14	0.010870
106	18	0.006623
106	20	0.007299
106	22	0.008850
106	27	0.016667
106	32	0.009709
106	42	0.012821
106	51	0.018868
106	52	0.012195
106	61	0.038462
106	82	0.023810
106	88	0.023256
106	97	0.025641
106	126	0.045455
106	130	0.037037
106	138	0.024390
106	143	0.033333
106	149	0.030303
106	152	0.041667
106	156	0.052632
106	157	0.037037
106	160	0.040000
106	172	0.030303
106	174	0.027778
106	178	0.035714
106	182	0.031250
106	190	0.043478
106	242	0.040000
106	246	0.038462
106	247	0.040000
106	254	0.058824
106	274	0.050000
106	275	0.045455
106	304	0.047619
106	310	0.058824
106	311	0.052632
106	340	0.055556
106	349	0.055556
106	364	0.055556
106	378	0.055556
106	379	0.055556
106	381	0.058824
106	387	0.058824
106	417	0.058824
106	424	0.058824
106	428	0.058824
107	3	0.018868
107	4	0.014493
107	13	0.011364
107	14	0.010870
107	23	0.010870
107	24	0.010989
107	32	0.009709
107	38	0.013158
107	39	0.014706
107	44	0.013514
107	46	0.012500
107	50	0.016393
107	52	0.012195
107	53	0.017544
107	54	0.016393
107	65	0.017857
107	96	0.023810
107	108	0.027027
107	109	0.035714
107	114	0.030303
107	127	0.052632
107	135	0.034483
107	144	0.033333
107	151	0.032258
107	162	0.032258
107	175	0.035714
107	187	0.040000
107	202	0.043478
107	239	0.052632
107	250	0.043478
107	254	0.058824
107	273	0.043478
107	277	0.045455
107	290	0.047619
107	308	0.041667
107	309	0.045455
107	323	0.047619
107	326	0.055556
107	391	0.055556
107	415	0.058824
107	417	0.058824
107	419	0.058824
108	15	0.011236
108	20	0.007299
108	27	0.016667
108	28	0.015385
108	29	0.020000
108	37	0.016129
108	39	0.014706
108	41	0.015873
108	70	0.023256
108	71	0.014493
108	73	0.017241
108	75	0.016667
108	83	0.017857
108	89	0.021277
108	91	0.022727
108	102	0.021739
108	107	0.023810
108	110	0.029412
108	114	0.030303
108	139	0.028571
108	141	0.022222
108	144	0.033333
108	152	0.041667
108	177	0.029412
108	190	0.043478
108	193	0.040000
108	210	0.038462
108	290	0.047619
108	313	0.047619
108	357	0.055556
108	363	0.052632
108	384	0.055556
108	387	0.058824
108	389	0.058824
108	391	0.055556
108	395	0.052632
108	405	0.058824
109	10	0.009709
109	11	0.022727
109	16	0.017241
109	20	0.007299
109	23	0.010870
109	41	0.015873
109	42	0.012821
109	48	0.013158
109	52	0.012195
109	67	0.017544
109	75	0.016667
109	77	0.018519
109	84	0.018182
109	86	0.025641
109	104	0.027027
109	105	0.020408
109	107	0.023810
109	111	0.022727
109	123	0.041667
109	184	0.037037
109	209	0.038462
109	260	0.045455
109	284	0.058824
109	299	0.052632
109	319	0.055556
109	334	0.050000
109	383	0.058824
109	415	0.058824
110	7	0.011364
110	14	0.010870
110	23	0.010870
110	32	0.009709
110	38	0.013158
110	40	0.011628
110	44	0.013514
110	45	0.011628
110	54	0.016393
110	60	0.027778
110	64	0.016949
110	68	0.018182
110	78	0.020408
110	88	0.023256
110	89	0.021277
110	92	0.028571
110	108	0.027027
110	121	0.031250
110	125	0.040000
110	135	0.034483
110	136	0.034483
110	144	0.033333
110	176	0.031250
110	205	0.041667
110	272	0.045455
110	273	0.043478
110	275	0.045455
110	278	0.058824
110	333	0.043478
110	335	0.055556
110	367	0.052632
110	368	0.052632
110	369	0.052632
110	411	0.058824
111	4	0.014493
111	15	0.011236
111	17	0.006410
111	24	0.010989
111	32	0.009709
111	33	0.010204
111	34	0.010417
111	37	0.016129
111	38	0.013158
111	44	0.013514
111	48	0.013158
111	68	0.018182
111	69	0.016129
111	79	0.025641
111	87	0.028571
111	109	0.035714
111	132	0.030303
111	134	0.027778
111	135	0.034483
111	138	0.024390
111	145	0.037037
111	153	0.041667
111	157	0.037037
111	160	0.040000
111	164	0.032258
111	170	0.037037
111	172	0.030303
111	174	0.027778
111	184	0.037037
111	187	0.040000
111	193	0.040000
111	195	0.037037
111	207	0.038462
111	222	0.050000
111	241	0.041667
111	262	0.047619
111	271	0.041667
111	305	0.058824
111	320	0.045455
111	340	0.055556
111	344	0.055556
111	386	0.055556
111	412	0.058824
111	421	0.058824
112	3	0.018868
112	13	0.011364
112	14	0.010870
112	15	0.011236
112	23	0.010870
112	32	0.009709
112	37	0.016129
112	40	0.011628
112	41	0.015873
112	42	0.012821
112	67	0.017544
112	72	0.014493
112	79	0.025641
112	81	0.019608
112	88	0.023256
112	102	0.021739
112	105	0.020408
112	120	0.027778
112	138	0.024390
112	161	0.038462
112	171	0.031250
112	228	0.045455
112	233	0.043478
112	242	0.040000
112	273	0.043478
112	283	0.052632
112	353	0.050000
112	397	0.052632
112	398	0.058824
113	2	0.009901
113	7	0.011364
113	14	0.010870
113	15	0.011236
113	22	0.008850
113	24	0.010989
113	27	0.016667
113	28	0.015385
113	29	0.020000
113	33	0.010204
113	38	0.013158
113	41	0.015873
113	46	0.012500
113	60	0.027778
113	65	0.017857
113	72	0.014493
113	91	0.022727
113	126	0.045455
113	152	0.041667
113	160	0.040000
113	167	0.035714
113	181	0.033333
113	200	0.038462
113	204	0.037037
113	226	0.041667
113	257	0.037037
113	264	0.041667
113	270	0.035714
113	271	0.041667
113	301	0.052632
113	328	0.050000
113	337	0.050000
113	343	0.045455
113	353	0.050000
113	382	0.058824
113	384	0.055556
113	393	0.055556
113	396	0.058824
113	409	0.055556
113	415	0.058824
113	429	0.058824
114	0	0.022727
114	15	0.011236
114	18	0.006623
114	22	0.008850
114	27	0.016667
114	36	0.011765
114	37	0.016129
114	39	0.014706
114	44	0.013514
114	70	0.023256
114	73	0.017241
114	77	0.018519
114	79	0.025641
114	80	0.022222
114	91	0.022727
114	107	0.023810
114	108	0.027027
114	119	0.035714
114	125	0.040000
114	135	0.034483
114	146	0.032258
114	151	0.032258
114	152	0.041667
114	158	0.052632
114	170	0.037037
114	176	0.031250
114	202	0.043478
114	221	0.052632
114	276	0.047619
114	280	0.045455
114	286	0.058824
114	289	0.047619
114	315	0.055556
115	2	0.009901
115	5	0.019608
115	7	0.011364
115	17	0.006410
115	21	0.010753
115	22	0.008850
115	28	0.015385
115	32	0.009709
115	34	0.010417
115	36	0.011765
115	53	0.017544
115	65	0.017857
115	77	0.018519
115	84	0.018182
115	92	0.028571
115	98	0.021277
115	102	0.021739
115	116	0.027778
115	121	0.031250
115	127	0.052632
115	162	0.032258
115	186	0.040000
115	189	0.045455
115	198	0.037037
115	203	0.032258
115	217	0.047619
115	230	0.050000
115	262	0.047619
115	314	0.052632
115	330	0.050000
115	416	0.058824
116	2	0.009901
116	3	0.018868
116	4	0.014493
116	7	0.011364
116	15	0.011236
116	20	0.007299
116	21	0.010753
116	24	0.010989
116	27	0.016667
116	38	0.013158
116	42	0.012821
116	58	0.035714
116	69	0.016129
116	71	0.014493
116	83	0.017857
116	100	0.031250
116	115	0.032258
116	118	0.026316
116	120	0.027778
116	125	0.040000
116	140	0.027778
116	145	0.037037
116	156	0.052632
116	165	0.038462
116	171	0.031250
116	181	0.033333
116	198	0.037037
116	213	0.052632
116	243	0.040000
116	247	0.040000
116	278	0.058824
116	325	0.052632
116	336	0.055556
116	340	0.055556
116	342	0.052632
116	399	0.058824
117	13	0.011364
117	20	0.007299
117	23	0.010870
117	28	0.015385
117	30	0.023256
117	31	0.038462
117	37	0.016129
117	45	0.011628
117	50	0.016393
117	55	0.019231
117	67	0.017544
117	85	0.019231
117	91	0.022727
117	98	0.021277
117	99	0.027027
117	101	0.029412
117	102	0.021739
117	118	0.026316
117	124	0.047619
117	161	0.038462
117	162	0.032258
117	165	0.038462
117	169	0.040000
117	173	0.027778
117	176	0.031250
117	182	0.031250
117	184	0.037037
117	200	0.038462
117	217	0.047619
117	247	0.040000
117	292	0.052632
117	338	0.052632
117	370	0.050000
117	387	0.058824
117	402	0.058824
117	406	0.055556
118	19	0.007407
118	20	0.007299
118	24	0.010989
118	34	0.010417
118	37	0.016129
118	44	0.013514
118	46	0.012500
118	52	0.012195
118	53	0.017544
118	59	0.025641
118	71	0.014493
118	79	0.025641
118	97	0.025641
118	99	0.027027
118	103	0.022222
118	116	0.027778
118	117	0.027778
118	131	0.025641
118	150	0.035714
118	159	0.047619
118	160	0.040000
118	165	0.038462
118	192	0.045455
118	197	0.040000
118	210	0.038462
118	241	0.041667
118	250	0.043478
118	263	0.050000
118	264	0.041667
118	265	0.043478
118	269	0.062500
118	270	0.035714
118	284	0.058824
118	299	0.052632
118	336	0.055556
118	362	0.052632
118	375	0.058824
118	415	0.058824
119	5	0.019608
119	9	0.012987
119	16	0.017241
119	18	0.006623
119	22	0.008850
119	23	0.010870
119	30	0.023256
119	34	0.010417
119	40	0.011628
119	57	0.024390
119	65	0.017857
119	67	0.017544
119	71	0.014493
119	77	0.018519
119	92	0.028571
119	99	0.027027
119	114	0.030303
119	120	0.027778
119	136	0.034483
119	155	0.033333
119	204	0.037037
119	228	0.045455
119	268	0.040000
119	285	0.052632
119	290	0.047619
119	307	0.043478
119	318	0.058824
119	359	0.050000
120	1	0.024390
120	2	0.009901
120	3	0.018868
120	10	0.009709
120	12	0.015625
120	17	0.006410
120	18	0.006623
120	21	0.010753
120	47	0.015152
120	54	0.016393
120	55	0.019231
120	77	0.018519
120	94	0.035714
120	99	0.027027
120	112	0.034483
120	116	0.027778
120	119	0.035714
120	122	0.035714
120	145	0.037037
120	153	0.041667
120	204	0.037037
120	231	0.038462
120	245	0.050000
120	294	0.050000
120	302	0.045455
120	303	0.043478
120	316	0.055556
120	317	0.052632
120	324	0.041667
120	325	0.052632
120	332	0.052632
120	348	0.050000
120	350	0.052632
120	353	0.050000
120	359	0.050000
120	427	0.058824
121	17	0.006410
121	18	0.006623
121	20	0.007299
121	23	0.010870
121	25	0.012048
121	30	0.023256
121	35	0.013889
121	42	0.012821
121	44	0.013514
121	47	0.015152
121	48	0.013158
121	50	0.016393
121	60	0.027778
121	67	0.017544
121	89	0.021277
121	110	0.029412
121	115	0.032258
121	130	0.037037
121	132	0.030303
121	160	0.040000
121	164	0.032258
121	184	0.037037
121	192	0.045455
121	229	0.037037
121	246	0.038462
121	281	0.047619
121	299	0.052632
121	305	0.058824
121	321	0.052632
121	369	0.052632
121	399	0.058824
121	409	0.055556
122	14	0.010870
122	15	0.011236
122	17	0.006410
122	19	0.007407
122	20	0.007299
122	23	0.010870
122	25	0.012048
122	26	0.014706
122	32	0.009709
122	33	0.010204
122	42	0.012821
122	54	0.016393
122	68	0.018182
122	77	0.018519
122	88	0.023256
122	100	0.031250
122	120	0.027778
122	134	0.027778
122	152	0.041667
122	173	0.027778
122	189	0.045455
122	197	0.040000
122	229	0.037037
122	281	0.047619
122	301	0.052632
122	358	0.052632
122	416	0.058824
122	417	0.058824
123	9	0.012987
123	13	0.011364
123	18	0.006623
123	19	0.007407
123	21	0.010753
123	23	0.010870
123	33	0.010204
123	34	0.010417
123	56	0.020833
123	64	0.016949
123	69	0.016129
123	71	0.014493
123	73	0.017241
123	74	0.023810
123	86	0.025641
123	99	0.027027
123	109	0.035714
123	190	0.043478
123	208	0.032258
123	216	0.047619
123	262	0.047619
123	288	0.052632
123	292	0.052632
123	305	0.058824
124	2	0.009901
124	5	0.019608
124	12	0.015625
124	17	0.006410
124	18	0.006623
124	19	0.007407
124	21	0.010753
124	34	0.010417
124	41	0.015873
124	42	0.012821
124	44	0.013514
124	45	0.011628
124	67	0.017544
124	72	0.014493
124	73	0.017241
124	98	0.021277
124	117	0.027778
124	193	0.040000
124	239	0.052632
124	293	0.047619
124	415	0.058824
125	5	0.019608
125	14	0.010870
125	33	0.010204
125	35	0.013889
125	45	0.011628
125	51	0.018868
125	52	0.012195
125	53	0.017544
125	65	0.017857
125	72	0.014493
125	78	0.020408
125	80	0.022222
125	102	0.021739
125	105	0.020408
125	110	0.029412
125	114	0.030303
125	116	0.027778
125	133	0.028571
125	142	0.033333
125	177	0.029412
125	181	0.033333
125	215	0.034483
125	267	0.050000
125	339	0.055556
125	421	0.058824
126	2	0.009901
126	4	0.014493
126	10	0.009709
126	11	0.022727
126	14	0.010870
126	17	0.006410
126	19	0.007407
126	34	0.010417
126	43	0.015152
126	47	0.015152
126	51	0.018868
126	71	0.014493
126	73	0.017241
126	75	0.016667
126	84	0.018182
126	106	0.020000
126	113	0.024390
126	156	0.052632
126	294	0.050000
126	355	0.055556
126	400	0.058824
126	426	0.058824
127	13	0.011364
127	15	0.011236
127	18	0.006623
127	19	0.007407
127	34	0.010417
127	35	0.013889
127	39	0.014706
127	42	0.012821
127	57	0.024390
127	65	0.017857
127	71	0.014493
127	75	0.016667
127	77	0.018519
127	90	0.031250
127	95	0.038462
127	107	0.023810
127	115	0.032258
127	217	0.047619
127	236	0.040000
128	0	0.022727
128	26	0.014706
128	39	0.014706
128	48	0.013158
128	56	0.020833
128	64	0.016949
128	67	0.017544
128	69	0.016129
128	70	0.023256
128	82	0.023810
128	85	0.019231
128	87	0.028571
128	88	0.023256
128	90	0.031250
128	92	0.028571
128	95	0.038462
128	105	0.020408
128	147	0.033333
128	150	0.035714
128	165	0.038462
128	169	0.040000
128	173	0.027778
128	186	0.040000
128	187	0.040000
128	251	0.052632
128	265	0.043478
128	266	0.052632
128	277	0.045455
128	278	0.058824
128	346	0.052632
128	381	0.058824
128	389	0.058824
128	418	0.058824
129	8	0.020000
129	17	0.006410
129	18	0.006623
129	19	0.007407
129	23	0.010870
129	26	0.014706
129	28	0.015385
129	32	0.009709
129	38	0.013158
129	48	0.013158
129	56	0.020833
129	57	0.024390
129	66	0.023256
129	71	0.014493
129	95	0.038462
129	96	0.023810
129	103	0.022222
129	134	0.027778
129	154	0.045455
129	157	0.037037
129	174	0.027778
129	210	0.038462
129	237	0.037037
129	255	0.050000
129	294	0.050000
129	300	0.052632
129	319	0.055556
129	337	0.050000
129	350	0.052632
129	381	0.058824
129	407	0.055556
129	409	0.055556
129	413	0.058824
129	428	0.058824
130	2	0.009901
130	8	0.020000
130	9	0.012987
130	12	0.015625
130	18	0.006623
130	20	0.007299
130	23	0.010870
130	43	0.015152
130	45	0.011628
130	47	0.015152
130	51	0.018868
130	71	0.014493
130	83	0.017857
130	84	0.018182
130	93	0.043478
130	106	0.020000
130	121	0.031250
130	137	0.027778
130	141	0.022222
130	143	0.033333
130	183	0.037037
130	187	0.040000
130	215	0.034483
130	301	0.052632
130	337	0.050000
130	394	0.058824
130	406	0.055556
131	2	0.009901
131	6	0.015625
131	10	0.009709
131	11	0.022727
131	13	0.011364
131	14	0.010870
131	21	0.010753
131	35	0.013889
131	36	0.011765
131	40	0.011628
131	45	0.011628
131	65	0.017857
131	77	0.018519
131	78	0.020408
131	82	0.023810
131	83	0.017857
131	118	0.026316
131	143	0.033333
131	148	0.026316
131	161	0.038462
131	178	0.035714
131	196	0.034483
131	226	0.041667
131	240	0.038462
131	260	0.045455
131	262	0.047619
131	271	0.041667
131	275	0.045455
131	278	0.058824
131	289	0.047619
131	294	0.050000
131	316	0.055556
131	331	0.043478
131	338	0.052632
131	355	0.055556
131	360	0.052632
131	372	0.055556
131	398	0.058824
131	429	0.058824
132	10	0.009709
132	17	0.006410
132	27	0.016667
132	29	0.020000
132	33	0.010204
132	39	0.014706
132	48	0.013158
132	49	0.019608
132	60	0.027778
132	62	0.027027
132	65	0.017857
132	71	0.014493
132	75	0.016667
132	82	0.023810
132	100	0.031250
132	111	0.022727
132	121	0.031250
132	134	0.027778
132	195	0.037037
132	209	0.038462
132	254	0.058824
132	273	0.043478
132	288	0.052632
132	321	0.052632
132	324	0.041667
132	326	0.055556
132	337	0.050000
132	367	0.052632
132	373	0.058824
132	374	0.058824
132	384	0.055556
132	402	0.058824
132	413	0.058824
133	3	0.018868
133	4	0.014493
133	11	0.022727
133	13	0.011364
133	14	0.010870
133	20	0.007299
133	25	0.012048
133	27	0.016667
133	33	0.010204
133	36	0.011765
133	50	0.016393
133	52	0.012195
133	64	0.016949
133	67	0.017544
133	83	0.017857
133	98	0.021277
133	125	0.040000
133	154	0.045455
133	171	0.031250
133	176	0.031250
133	183	0.037037
133	191	0.055556
133	211	0.038462
133	249	0.043478
133	255	0.050000
133	260	0.045455
133	276	0.047619
133	326	0.055556
133	347	0.058824
133	355	0.055556
133	373	0.058824
133	374	0.058824
133	388	0.052632
133	392	0.058824
133	413	0.058824
134	4	0.014493
134	5	0.019608
134	9	0.012987
134	17	0.006410
134	19	0.007407
134	22	0.008850
134	24	0.010989
134	28	0.015385
134	38	0.013158
134	46	0.012500
134	47	0.015152
134	64	0.016949
134	101	0.029412
134	111	0.022727
134	122	0.035714
134	129	0.029412
134	132	0.030303
134	141	0.022222
134	191	0.055556
134	194	0.037037
134	206	0.045455
134	225	0.038462
134	232	0.045455
134	246	0.038462
134	251	0.052632
134	253	0.052632
134	310	0.058824
134	324	0.041667
134	344	0.055556
134	372	0.055556
134	374	0.058824
134	399	0.058824
134	401	0.058824
134	413	0.058824
134	420	0.058824
134	421	0.058824
135	1	0.024390
135	2	0.009901
135	9	0.012987
135	17	0.006410
135	18	0.006623
135	19	0.007407
135	43	0.015152
135	45	0.011628
135	54	0.016393
135	64	0.016949
135	88	0.023256
135	100	0.031250
135	102	0.021739
135	107	0.023810
135	110	0.029412
135	111	0.022727
135	114	0.030303
135	144	0.033333
135	148	0.026316
135	158	0.052632
135	200	0.038462
135	218	0.055556
135	220	0.047619
135	280	0.045455
135	312	0.055556
135	341	0.058824
135	356	0.050000
135	413	0.058824
135	429	0.058824
136	2	0.009901
136	13	0.011364
136	18	0.006623
136	20	0.007299
136	47	0.015152
136	48	0.013158
136	52	0.012195
136	58	0.035714
136	59	0.025641
136	68	0.018182
136	75	0.016667
136	79	0.025641
136	80	0.022222
136	81	0.019608
136	84	0.018182
136	110	0.029412
136	119	0.035714
136	164	0.032258
136	166	0.032258
136	167	0.035714
136	178	0.035714
136	203	0.032258
136	208	0.032258
136	258	0.050000
136	263	0.050000
136	269	0.062500
136	396	0.058824
136	424	0.058824
136	425	0.062500
137	1	0.024390
137	5	0.019608
137	10	0.009709
137	13	0.011364
137	14	0.010870
137	20	0.007299
137	21	0.010753
137	33	0.010204
137	34	0.010417
137	42	0.012821
137	47	0.015152
137	71	0.014493
137	72	0.014493
137	83	0.017857
137	89	0.021277
137	94	0.035714
137	130	0.037037
137	144	0.033333
137	147	0.033333
137	153	0.041667
137	159	0.047619
137	179	0.040000
137	213	0.052632
137	214	0.045455
137	236	0.040000
137	244	0.038462
137	247	0.040000
137	275	0.045455
137	310	0.058824
137	311	0.052632
137	316	0.055556
137	355	0.055556
137	359	0.050000
137	394	0.058824
137	423	0.058824
137	426	0.058824
138	2	0.009901
138	13	0.011364
138	18	0.006623
138	21	0.010753
138	23	0.010870
138	32	0.009709
138	34	0.010417
138	45	0.011628
138	77	0.018519
138	83	0.017857
138	91	0.022727
138	94	0.035714
138	103	0.022222
138	104	0.027027
138	106	0.020000
138	111	0.022727
138	112	0.034483
138	139	0.028571
138	143	0.033333
138	170	0.037037
138	174	0.027778
138	216	0.047619
138	228	0.045455
138	241	0.041667
138	243	0.040000
138	254	0.058824
138	259	0.040000
138	261	0.050000
138	268	0.040000
138	284	0.058824
138	293	0.047619
138	319	0.055556
138	335	0.055556
138	336	0.055556
138	337	0.050000
138	346	0.052632
138	352	0.055556
138	360	0.052632
138	373	0.058824
138	427	0.058824
138	428	0.058824
139	4	0.014493
139	6	0.015625
139	17	0.006410
139	18	0.006623
139	24	0.010989
139	30	0.023256
139	32	0.009709
139	33	0.010204
139	39	0.014706
139	40	0.011628
139	46	0.012500
139	48	0.013158
139	56	0.020833
139	69	0.016129
139	103	0.022222
139	108	0.027027
139	138	0.024390
139	140	0.027778
139	142	0.033333
139	147	0.033333
139	158	0.052632
139	198	0.037037
139	223	0.058824
139	225	0.038462
139	251	0.052632
139	255	0.050000
139	261	0.050000
139	300	0.052632
139	302	0.045455
139	320	0.045455
139	321	0.052632
139	335	0.055556
139	347	0.058824
139	370	0.050000
139	381	0.058824
140	3	0.018868
140	5	0.019608
140	10	0.009709
140	12	0.015625
140	13	0.011364
140	30	0.023256
140	32	0.009709
140	35	0.013889
140	38	0.013158
140	42	0.012821
140	46	0.012500
140	52	0.012195
140	56	0.020833
140	69	0.016129
140	85	0.019231
140	116	0.027778
140	139	0.028571
140	141	0.022222
140	149	0.030303
140	150	0.035714
140	151	0.032258
140	159	0.047619
140	179	0.040000
140	209	0.038462
140	212	0.055556
140	235	0.045455
140	239	0.052632
140	252	0.055556
140	254	0.058824
140	298	0.055556
140	304	0.047619
140	345	0.052632
140	363	0.052632
140	368	0.052632
140	413	0.058824
140	414	0.058824
141	0	0.022727
141	22	0.008850
141	40	0.011628
141	46	0.012500
141	47	0.015152
141	49	0.019608
141	54	0.016393
141	68	0.018182
141	69	0.016129
141	83	0.017857
141	87	0.028571
141	96	0.023810
141	98	0.021277
141	108	0.027027
141	130	0.037037
141	134	0.027778
141	140	0.027778
141	144	0.033333
141	147	0.033333
141	162	0.032258
141	164	0.032258
141	189	0.045455
141	198	0.037037
141	201	0.025000
141	237	0.037037
141	241	0.041667
141	243	0.040000
141	247	0.040000
141	250	0.043478
141	251	0.052632
141	271	0.041667
141	274	0.050000
141	308	0.041667
141	315	0.055556
141	354	0.058824
141	364	0.055556
141	366	0.052632
141	367	0.052632
141	379	0.055556
141	386	0.055556
141	398	0.058824
141	402	0.058824
141	411	0.058824
141	414	0.058824
141	424	0.058824
142	10	0.009709
142	17	0.006410
142	22	0.008850
142	23	0.010870
142	40	0.011628
142	46	0.012500
142	47	0.015152
142	49	0.019608
142	54	0.016393
142	75	0.016667
142	78	0.020408
142	84	0.018182
142	99	0.027027
142	103	0.022222
142	125	0.040000
142	139	0.028571
142	194	0.037037
142	199	0.045455
142	206	0.045455
142	242	0.040000
142	249	0.043478
142	270	0.035714
142	292	0.052632
142	317	0.052632
142	350	0.052632
142	356	0.050000
142	380	0.058824
142	384	0.055556
142	394	0.058824
142	420	0.058824
143	6	0.015625
143	8	0.020000
143	9	0.012987
143	19	0.007407
143	26	0.014706
143	40	0.011628
143	48	0.013158
143	52	0.012195
143	65	0.017857
143	67	0.017544
143	70	0.023256
143	72	0.014493
143	106	0.020000
143	130	0.037037
143	131	0.025641
143	138	0.024390
143	145	0.037037
143	159	0.047619
143	183	0.037037
143	189	0.045455
143	236	0.040000
143	248	0.047619
143	297	0.045455
143	306	0.050000
143	335	0.055556
143	354	0.058824
143	360	0.052632
143	385	0.055556
143	386	0.055556
143	398	0.058824
144	5	0.019608
144	15	0.011236
144	17	0.006410
144	18	0.006623
144	37	0.016129
144	43	0.015152
144	71	0.014493
144	72	0.014493
144	73	0.017241
144	79	0.025641
144	98	0.021277
144	107	0.023810
144	108	0.027027
144	110	0.029412
144	135	0.034483
144	137	0.027778
144	141	0.022222
144	160	0.040000
144	186	0.040000
144	218	0.055556
144	224	0.043478
144	229	0.037037
144	257	0.037037
144	258	0.050000
144	273	0.043478
144	286	0.058824
144	302	0.045455
144	328	0.050000
144	358	0.052632
144	414	0.058824
145	8	0.020000
145	14	0.010870
145	18	0.006623
145	20	0.007299
145	45	0.011628
145	46	0.012500
145	53	0.017544
145	64	0.016949
145	71	0.014493
145	84	0.018182
145	89	0.021277
145	104	0.027027
145	105	0.020408
145	111	0.022727
145	116	0.027778
145	120	0.027778
145	143	0.033333
145	149	0.030303
145	175	0.035714
145	202	0.043478
145	206	0.045455
145	274	0.050000
145	329	0.050000
145	388	0.052632
145	397	0.052632
145	424	0.058824
145	426	0.058824
146	0	0.022727
146	2	0.009901
146	11	0.022727
146	19	0.007407
146	25	0.012048
146	26	0.014706
146	38	0.013158
146	46	0.012500
146	50	0.016393
146	56	0.020833
146	67	0.017544
146	69	0.016129
146	83	0.017857
146	84	0.018182
146	88	0.023256
146	103	0.022222
146	114	0.030303
146	175	0.035714
146	184	0.037037
146	196	0.034483
146	226	0.041667
146	233	0.043478
146	256	0.034483
146	280	0.045455
146	284	0.058824
146	295	0.052632
146	353	0.050000
146	366	0.052632
146	370	0.050000
146	382	0.058824
146	393	0.055556
147	3	0.018868
147	13	0.011364
147	20	0.007299
147	26	0.014706
147	28	0.015385
147	38	0.013158
147	44	0.013514
147	46	0.012500
147	47	0.015152
147	54	0.016393
147	62	0.027027
147	83	0.017857
147	96	0.023810
147	128	0.030303
147	137	0.027778
147	139	0.028571
147	141	0.022222
147	169	0.040000
147	187	0.040000
147	211	0.038462
147	251	0.052632
147	258	0.050000
147	263	0.050000
147	267	0.050000
147	290	0.047619
147	295	0.052632
147	347	0.058824
147	351	0.052632
147	359	0.050000
147	381	0.058824
148	16	0.017241
148	17	0.006410
148	18	0.006623
148	24	0.010989
148	34	0.010417
148	37	0.016129
148	39	0.014706
148	41	0.015873
148	43	0.015152
148	48	0.013158
148	54	0.016393
148	64	0.016949
148	67	0.017544
148	72	0.014493
148	87	0.028571
148	131	0.025641
148	135	0.034483
148	163	0.031250
148	173	0.027778
148	176	0.031250
148	179	0.040000
148	192	0.045455
148	205	0.041667
148	208	0.032258
148	220	0.047619
148	233	0.043478
148	257	0.037037
148	277	0.045455
148	290	0.047619
148	301	0.052632
148	310	0.058824
148	311	0.052632
148	367	0.052632
148	394	0.058824
148	396	0.058824
148	409	0.055556
148	411	0.058824
148	426	0.058824
149	4	0.014493
149	10	0.009709
149	16	0.017241
149	17	0.006410
149	19	0.007407
149	21	0.010753
149	42	0.012821
149	51	0.018868
149	52	0.012195
149	71	0.014493
149	80	0.022222
149	99	0.027027
149	100	0.031250
149	105	0.020408
149	106	0.020000
149	140	0.027778
149	145	0.037037
149	150	0.035714
149	188	0.038462
149	234	0.038462
149	237	0.037037
149	261	0.050000
149	278	0.058824
149	281	0.047619
149	309	0.045455
149	324	0.041667
149	327	0.052632
149	343	0.045455
149	359	0.050000
149	365	0.050000
149	367	0.052632
149	374	0.058824
149	399	0.058824
150	2	0.009901
150	4	0.014493
150	6	0.015625
150	7	0.011364
150	19	0.007407
150	32	0.009709
150	36	0.011765
150	39	0.014706
150	40	0.011628
150	52	0.012195
150	55	0.019231
150	83	0.017857
150	85	0.019231
150	118	0.026316
150	128	0.030303
150	140	0.027778
150	149	0.030303
150	159	0.047619
150	162	0.032258
150	203	0.032258
150	207	0.038462
150	217	0.047619
150	262	0.047619
150	271	0.041667
150	306	0.050000
150	350	0.052632
150	389	0.058824
150	416	0.058824
151	9	0.012987
151	10	0.009709
151	14	0.010870
151	16	0.017241
151	17	0.006410
151	19	0.007407
151	20	0.007299
151	25	0.012048
151	32	0.009709
151	38	0.013158
151	41	0.015873
151	68	0.018182
151	78	0.020408
151	80	0.022222
151	107	0.023810
151	114	0.030303
151	140	0.027778
151	163	0.031250
151	164	0.032258
151	170	0.037037
151	180	0.025000
151	201	0.025000
151	212	0.055556
151	255	0.050000
151	282	0.052632
151	287	0.055556
151	299	0.052632
151	321	0.052632
151	336	0.055556
151	408	0.058824
151	425	0.062500
152	0	0.022727
152	8	0.020000
152	15	0.011236
152	18	0.006623
152	19	0.007407
152	24	0.010989
152	36	0.011765
152	37	0.016129
152	40	0.011628
152	56	0.020833
152	65	0.017857
152	76	0.020833
152	106	0.020000
152	108	0.027027
152	113	0.024390
152	114	0.030303
152	122	0.035714
152	158	0.052632
152	229	0.037037
152	281	0.047619
152	348	0.050000
152	357	0.055556
152	416	0.058824
152	419	0.058824
153	11	0.022727
153	13	0.011364
153	20	0.007299
153	32	0.009709
153	34	0.010417
153	37	0.016129
153	43	0.015152
153	46	0.012500
153	50	0.016393
153	72	0.014493
153	78	0.020408
153	88	0.023256
153	98	0.021277
153	111	0.022727
153	120	0.027778
153	137	0.027778
153	170	0.037037
153	203	0.032258
153	206	0.045455
153	230	0.050000
153	258	0.050000
153	280	0.045455
153	319	0.055556
153	354	0.058824
154	1	0.024390
154	2	0.009901
154	13	0.011364
154	18	0.006623
154	22	0.008850
154	23	0.010870
154	24	0.010989
154	29	0.020000
154	33	0.010204
154	35	0.013889
154	37	0.016129
154	53	0.017544
154	61	0.038462
154	65	0.017857
154	91	0.022727
154	129	0.029412
154	133	0.028571
154	190	0.043478
154	203	0.032258
154	226	0.041667
154	378	0.055556
154	425	0.062500
155	0	0.022727
155	2	0.009901
155	6	0.015625
155	7	0.011364
155	16	0.017241
155	17	0.006410
155	19	0.007407
155	24	0.010989
155	25	0.012048
155	33	0.010204
155	39	0.014706
155	40	0.011628
155	50	0.016393
155	72	0.014493
155	78	0.020408
155	85	0.019231
155	119	0.035714
155	165	0.038462
155	207	0.038462
155	211	0.038462
155	222	0.050000
155	251	0.052632
155	295	0.052632
155	296	0.043478
155	299	0.052632
155	308	0.041667
155	317	0.052632
155	342	0.052632
155	354	0.058824
155	402	0.058824
156	2	0.009901
156	13	0.011364
156	14	0.010870
156	15	0.011236
156	20	0.007299
156	23	0.010870
156	33	0.010204
156	42	0.012821
156	50	0.016393
156	78	0.020408
156	82	0.023810
156	91	0.022727
156	98	0.021277
156	103	0.022222
156	106	0.020000
156	116	0.027778
156	126	0.045455
156	260	0.045455
156	361	0.058824
157	1	0.024390
157	2	0.009901
157	12	0.015625
157	13	0.011364
157	17	0.006410
157	20	0.007299
157	23	0.010870
157	52	0.012195
157	68	0.018182
157	76	0.020833
157	82	0.023810
157	96	0.023810
157	98	0.021277
157	105	0.020408
157	106	0.020000
157	111	0.022727
157	129	0.029412
157	200	0.038462
157	211	0.038462
157	234	0.038462
157	260	0.045455
157	262	0.047619
157	274	0.050000
157	290	0.047619
157	317	0.052632
157	380	0.058824
157	385	0.055556
158	3	0.018868
158	5	0.019608
158	17	0.006410
158	27	0.016667
158	40	0.011628
158	46	0.012500
158	49	0.019608
158	52	0.012195
158	65	0.017857
158	71	0.014493
158	86	0.025641
158	88	0.023256
158	102	0.021739
158	114	0.030303
158	135	0.034483
158	139	0.028571
158	152	0.041667
158	271	0.041667
158	414	0.058824
159	7	0.011364
159	18	0.006623
159	20	0.007299
159	32	0.009709
159	35	0.013889
159	44	0.013514
159	46	0.012500
159	55	0.019231
159	60	0.027778
159	71	0.014493
159	78	0.020408
159	84	0.018182
159	118	0.026316
159	137	0.027778
159	140	0.027778
159	143	0.033333
159	150	0.035714
159	162	0.032258
159	173	0.027778
159	197	0.040000
159	284	0.058824
160	6	0.015625
160	10	0.009709
160	17	0.006410
160	18	0.006623
160	20	0.007299
160	33	0.010204
160	34	0.010417
160	54	0.016393
160	55	0.019231
160	72	0.014493
160	89	0.021277
160	106	0.020000
160	111	0.022727
160	113	0.024390
160	118	0.026316
160	121	0.031250
160	144	0.033333
160	189	0.045455
160	219	0.047619
160	227	0.045455
160	254	0.058824
160	306	0.050000
160	319	0.055556
160	394	0.058824
160	400	0.058824
161	2	0.009901
161	10	0.009709
161	14	0.010870
161	16	0.017241
161	21	0.010753
161	24	0.010989
161	29	0.020000
161	34	0.010417
161	36	0.011765
161	40	0.011628
161	46	0.012500
161	67	0.017544
161	90	0.031250
161	91	0.022727
161	112	0.034483
161	117	0.027778
161	131	0.025641
161	247	0.040000
161	306	0.050000
161	310	0.058824
161	324	0.041667
161	380	0.058824
161	392	0.058824
161	411	0.058824
161	418	0.058824
161	425	0.062500
162	7	0.011364
162	11	0.022727
162	15	0.011236
162	19	0.007407
162	20	0.007299
162	32	0.009709
162	41	0.015873
162	48	0.013158
162	72	0.014493
162	78	0.020408
162	82	0.023810
162	107	0.023810
162	115	0.032258
162	117	0.027778
162	141	0.022222
162	150	0.035714
162	159	0.047619
162	176	0.031250
162	191	0.055556
162	215	0.034483
162	223	0.058824
162	268	0.040000
162	284	0.058824
162	334	0.050000
162	339	0.055556
162	355	0.055556
162	361	0.058824
162	366	0.052632
162	374	0.058824
162	378	0.055556
162	403	0.052632
163	7	0.011364
163	8	0.020000
163	17	0.006410
163	18	0.006623
163	23	0.010870
163	35	0.013889
163	37	0.016129
163	56	0.020833
163	64	0.016949
163	70	0.023256
163	73	0.017241
163	76	0.020833
163	81	0.019608
163	85	0.019231
163	99	0.027027
163	148	0.026316
163	151	0.032258
163	173	0.027778
163	181	0.033333
163	198	0.037037
163	204	0.037037
163	217	0.047619
163	238	0.043478
163	246	0.038462
163	312	0.055556
163	322	0.050000
163	327	0.052632
163	335	0.055556
163	357	0.055556
163	365	0.050000
163	379	0.055556
163	412	0.058824
164	17	0.006410
164	18	0.006623
164	20	0.007299
164	26	0.014706
164	27	0.016667
164	50	0.016393
164	52	0.012195
164	53	0.017544
164	73	0.017241
164	80	0.022222
164	100	0.031250
164	111	0.022727
164	121	0.031250
164	136	0.034483
164	141	0.022222
164	151	0.032258
164	168	0.032258
164	206	0.045455
164	272	0.045455
164	296	0.043478
164	300	0.052632
164	325	0.052632
164	326	0.055556
164	329	0.050000
164	348	0.050000
164	356	0.050000
164	358	0.052632
164	381	0.058824
164	390	0.047619
164	395	0.052632
164	419	0.058824
165	2	0.009901
165	5	0.019608
165	10	0.009709
165	16	0.017241
165	22	0.008850
165	30	0.023256
165	35	0.013889
165	41	0.015873
165	42	0.012821
165	48	0.013158
165	56	0.020833
165	88	0.023256
165	116	0.027778
165	117	0.027778
165	118	0.026316
165	128	0.030303
165	155	0.033333
165	169	0.040000
165	211	0.038462
165	241	0.041667
165	306	0.050000
165	350	0.052632
165	363	0.052632
165	367	0.052632
165	387	0.058824
165	390	0.047619
166	13	0.011364
166	14	0.010870
166	17	0.006410
166	25	0.012048
166	32	0.009709
166	38	0.013158
166	40	0.011628
166	41	0.015873
166	44	0.013514
166	70	0.023256
166	72	0.014493
166	80	0.022222
166	81	0.019608
166	83	0.017857
166	101	0.029412
166	103	0.022222
166	136	0.034483
166	171	0.031250
166	199	0.045455
166	200	0.038462
166	205	0.041667
166	256	0.034483
166	266	0.052632
166	282	0.052632
166	284	0.058824
166	296	0.043478
166	302	0.045455
166	328	0.050000
166	334	0.050000
166	385	0.055556
166	427	0.058824
167	9	0.012987
167	11	0.022727
167	14	0.010870
167	21	0.010753
167	22	0.008850
167	24	0.010989
167	26	0.014706
167	35	0.013889
167	42	0.012821
167	51	0.018868
167	53	0.017544
167	54	0.016393
167	72	0.014493
167	91	0.022727
167	113	0.024390
167	136	0.034483
167	182	0.031250
167	192	0.045455
167	202	0.043478
167	222	0.050000
167	253	0.052632
167	281	0.047619
167	285	0.052632
167	289	0.047619
167	292	0.052632
167	329	0.050000
167	389	0.058824
167	408	0.058824
168	2	0.009901
168	6	0.015625
168	9	0.012987
168	13	0.011364
168	20	0.007299
168	23	0.010870
168	25	0.012048
168	35	0.013889
168	46	0.012500
168	54	0.016393
168	69	0.016129
168	78	0.020408
168	81	0.019608
168	82	0.023810
168	102	0.021739
168	103	0.022222
168	164	0.032258
168	172	0.030303
168	183	0.037037
168	221	0.052632
168	225	0.038462
168	250	0.043478
168	276	0.047619
168	296	0.043478
168	300	0.052632
168	312	0.055556
168	325	0.052632
168	345	0.052632
168	346	0.052632
168	414	0.058824
168	428	0.058824
169	2	0.009901
169	12	0.015625
169	15	0.011236
169	17	0.006410
169	22	0.008850
169	34	0.010417
169	48	0.013158
169	50	0.016393
169	65	0.017857
169	76	0.020833
169	81	0.019608
169	88	0.023256
169	105	0.020408
169	117	0.027778
169	128	0.030303
169	147	0.033333
169	165	0.038462
169	189	0.045455
169	204	0.037037
169	215	0.034483
169	217	0.047619
169	249	0.043478
169	274	0.050000
169	308	0.041667
169	335	0.055556
170	2	0.009901
170	8	0.020000
170	9	0.012987
170	17	0.006410
170	19	0.007407
170	27	0.016667
170	43	0.015152
170	45	0.011628
170	53	0.017544
170	54	0.016393
170	83	0.017857
170	85	0.019231
170	111	0.022727
170	114	0.030303
170	138	0.024390
170	151	0.032258
170	153	0.041667
170	178	0.035714
170	218	0.055556
170	237	0.037037
170	279	0.050000
170	285	0.052632
170	300	0.052632
170	319	0.055556
170	329	0.050000
170	344	0.055556
170	427	0.058824
171	4	0.014493
171	7	0.011364
171	9	0.012987
171	14	0.010870
171	25	0.012048
171	48	0.013158
171	51	0.018868
171	56	0.020833
171	65	0.017857
171	67	0.017544
171	69	0.016129
171	74	0.023810
171	83	0.017857
171	112	0.034483
171	116	0.027778
171	133	0.028571
171	166	0.032258
171	183	0.037037
171	197	0.040000
171	211	0.038462
171	226	0.041667
171	238	0.043478
171	248	0.047619
171	266	0.052632
171	317	0.052632
171	327	0.052632
171	332	0.052632
171	384	0.055556
171	402	0.058824
171	413	0.058824
171	420	0.058824
171	424	0.058824
172	9	0.012987
172	17	0.006410
172	20	0.007299
172	40	0.011628
172	48	0.013158
172	49	0.019608
172	52	0.012195
172	54	0.016393
172	57	0.024390
172	60	0.027778
172	71	0.014493
172	85	0.019231
172	99	0.027027
172	101	0.029412
172	106	0.020000
172	111	0.022727
172	168	0.032258
172	176	0.031250
172	206	0.045455
172	229	0.037037
172	256	0.034483
172	283	0.052632
172	285	0.052632
172	310	0.058824
172	312	0.055556
172	313	0.047619
172	342	0.052632
172	370	0.050000
172	383	0.058824
172	404	0.058824
172	412	0.058824
172	414	0.058824
172	418	0.058824
173	4	0.014493
173	9	0.012987
173	17	0.006410
173	18	0.006623
173	23	0.010870
173	32	0.009709
173	33	0.010204
173	45	0.011628
173	73	0.017241
173	91	0.022727
173	104	0.027027
173	117	0.027778
173	122	0.035714
173	128	0.030303
173	148	0.026316
173	159	0.047619
173	163	0.031250
173	180	0.025000
173	181	0.033333
173	199	0.045455
173	233	0.043478
173	246	0.038462
173	281	0.047619
173	308	0.041667
173	312	0.055556
173	316	0.055556
173	320	0.045455
173	325	0.052632
173	333	0.043478
173	334	0.050000
173	356	0.050000
173	364	0.055556
173	373	0.058824
173	383	0.058824
173	402	0.058824
173	428	0.058824
174	4	0.014493
174	10	0.009709
174	18	0.006623
174	19	0.007407
174	20	0.007299
174	23	0.010870
174	36	0.011765
174	37	0.016129
174	43	0.015152
174	66	0.023256
174	68	0.018182
174	72	0.014493
174	106	0.020000
174	111	0.022727
174	129	0.029412
174	138	0.024390
174	176	0.031250
174	177	0.029412
174	178	0.035714
174	194	0.037037
174	197	0.040000
174	201	0.025000
174	227	0.045455
174	246	0.038462
174	265	0.043478
174	277	0.045455
174	297	0.045455
174	322	0.050000
174	340	0.055556
174	349	0.055556
174	350	0.052632
174	357	0.055556
174	359	0.050000
174	377	0.055556
174	387	0.058824
174	426	0.058824
175	6	0.015625
175	7	0.011364
175	14	0.010870
175	15	0.011236
175	17	0.006410
175	23	0.010870
175	24	0.010989
175	32	0.009709
175	34	0.010417
175	59	0.025641
175	75	0.016667
175	84	0.018182
175	101	0.029412
175	105	0.020408
175	107	0.023810
175	145	0.037037
175	146	0.032258
175	196	0.034483
175	202	0.043478
175	225	0.038462
175	232	0.045455
175	263	0.050000
175	278	0.058824
175	310	0.058824
175	313	0.047619
175	319	0.055556
175	332	0.052632
175	353	0.050000
176	17	0.006410
176	19	0.007407
176	27	0.016667
176	37	0.016129
176	45	0.011628
176	48	0.013158
176	54	0.016393
176	83	0.017857
176	104	0.027027
176	110	0.029412
176	114	0.030303
176	117	0.027778
176	133	0.028571
176	148	0.026316
176	162	0.032258
176	172	0.030303
176	174	0.027778
176	183	0.037037
176	196	0.034483
176	209	0.038462
176	215	0.034483
176	219	0.047619
176	240	0.038462
176	241	0.041667
176	252	0.055556
176	259	0.040000
176	266	0.052632
176	273	0.043478
176	291	0.040000
176	323	0.047619
176	375	0.058824
176	378	0.055556
177	3	0.018868
177	10	0.009709
177	12	0.015625
177	20	0.007299
177	24	0.010989
177	28	0.015385
177	38	0.013158
177	40	0.011628
177	46	0.012500
177	53	0.017544
177	66	0.023256
177	70	0.023256
177	73	0.017241
177	96	0.023810
177	108	0.027027
177	125	0.040000
177	174	0.027778
177	192	0.045455
177	220	0.047619
177	224	0.043478
177	232	0.045455
177	244	0.038462
177	249	0.043478
177	262	0.047619
177	276	0.047619
177	283	0.052632
177	294	0.050000
177	307	0.043478
177	311	0.052632
177	327	0.052632
177	333	0.043478
177	366	0.052632
177	378	0.055556
177	404	0.058824
178	25	0.012048
178	40	0.011628
178	41	0.015873
178	44	0.013514
178	46	0.012500
178	50	0.016393
178	53	0.017544
178	62	0.027027
178	75	0.016667
178	77	0.018519
178	85	0.019231
178	104	0.027027
178	106	0.020000
178	131	0.025641
178	136	0.034483
178	170	0.037037
178	174	0.027778
178	199	0.045455
178	208	0.032258
178	247	0.040000
178	309	0.045455
178	323	0.047619
178	338	0.052632
178	342	0.052632
178	388	0.052632
178	396	0.058824
178	413	0.058824
178	415	0.058824
179	7	0.011364
179	14	0.010870
179	18	0.006623
179	24	0.010989
179	25	0.012048
179	38	0.013158
179	42	0.012821
179	46	0.012500
179	51	0.018868
179	52	0.012195
179	66	0.023256
179	71	0.014493
179	75	0.016667
179	82	0.023810
179	137	0.027778
179	140	0.027778
179	148	0.026316
179	193	0.040000
179	210	0.038462
179	277	0.045455
179	282	0.052632
179	283	0.052632
179	324	0.041667
179	359	0.050000
179	410	0.055556
180	4	0.014493
180	6	0.015625
180	8	0.020000
180	9	0.012987
180	10	0.009709
180	11	0.022727
180	18	0.006623
180	22	0.008850
180	24	0.010989
180	30	0.023256
180	35	0.013889
180	64	0.016949
180	77	0.018519
180	81	0.019608
180	99	0.027027
180	151	0.032258
180	173	0.027778
180	182	0.031250
180	188	0.038462
180	207	0.038462
180	234	0.038462
180	263	0.050000
180	274	0.050000
180	282	0.052632
180	287	0.055556
180	293	0.047619
180	300	0.052632
180	316	0.055556
180	328	0.050000
180	335	0.055556
180	339	0.055556
180	344	0.055556
180	353	0.050000
180	355	0.055556
180	357	0.055556
180	381	0.058824
180	382	0.058824
180	383	0.058824
180	418	0.058824
180	424	0.058824
181	12	0.015625
181	18	0.006623
181	34	0.010417
181	38	0.013158
181	45	0.011628
181	47	0.015152
181	48	0.013158
181	52	0.012195
181	71	0.014493
181	72	0.014493
181	75	0.016667
181	76	0.020833
181	113	0.024390
181	116	0.027778
181	125	0.040000
181	163	0.031250
181	173	0.027778
181	186	0.040000
181	201	0.025000
181	205	0.041667
181	216	0.047619
181	217	0.047619
181	230	0.050000
181	271	0.041667
181	277	0.045455
181	303	0.043478
181	322	0.050000
181	343	0.045455
181	347	0.058824
181	415	0.058824
182	2	0.009901
182	7	0.011364
182	10	0.009709
182	13	0.011364
182	22	0.008850
182	24	0.010989
182	25	0.012048
182	48	0.013158
182	50	0.016393
182	64	0.016949
182	72	0.014493
182	77	0.018519
182	102	0.021739
182	106	0.020000
182	117	0.027778
182	167	0.035714
182	180	0.025000
182	184	0.037037
182	189	0.045455
182	196	0.034483
182	234	0.038462
182	239	0.052632
182	252	0.055556
182	264	0.041667
182	294	0.050000
182	301	0.052632
182	307	0.043478
182	320	0.045455
182	360	0.052632
182	361	0.058824
182	417	0.058824
182	418	0.058824
183	4	0.014493
183	6	0.015625
183	7	0.011364
183	13	0.011364
183	15	0.011236
183	19	0.007407
183	32	0.009709
183	51	0.018868
183	54	0.016393
183	55	0.019231
183	78	0.020408
183	130	0.037037
183	133	0.028571
183	143	0.033333
183	168	0.032258
183	171	0.031250
183	176	0.031250
183	214	0.045455
183	242	0.040000
183	244	0.038462
183	255	0.050000
183	265	0.043478
183	320	0.045455
183	326	0.055556
183	331	0.043478
183	350	0.052632
183	370	0.050000
184	4	0.014493
184	19	0.007407
184	20	0.007299
184	25	0.012048
184	27	0.016667
184	49	0.019608
184	50	0.016393
184	59	0.025641
184	71	0.014493
184	74	0.023810
184	79	0.025641
184	109	0.035714
184	111	0.022727
184	117	0.027778
184	121	0.031250
184	146	0.032258
184	182	0.031250
184	191	0.055556
184	205	0.041667
184	207	0.038462
184	239	0.052632
184	255	0.050000
184	323	0.047619
184	336	0.055556
184	351	0.052632
184	380	0.058824
184	426	0.058824
185	4	0.014493
185	10	0.009709
185	13	0.011364
185	20	0.007299
185	21	0.010753
185	27	0.016667
185	36	0.011765
185	39	0.014706
185	43	0.015152
185	48	0.013158
185	50	0.016393
185	65	0.017857
185	67	0.017544
185	81	0.019608
185	91	0.022727
185	96	0.023810
185	103	0.022222
185	197	0.040000
185	300	0.052632
185	325	0.052632
186	7	0.011364
186	17	0.006410
186	19	0.007407
186	20	0.007299
186	22	0.008850
186	24	0.010989
186	34	0.010417
186	38	0.013158
186	40	0.011628
186	47	0.015152
186	73	0.017241
186	75	0.016667
186	84	0.018182
186	115	0.032258
186	128	0.030303
186	144	0.033333
186	181	0.033333
186	205	0.041667
186	212	0.055556
186	215	0.034483
186	272	0.045455
186	291	0.040000
186	312	0.055556
186	370	0.050000
186	388	0.052632
187	6	0.015625
187	27	0.016667
187	32	0.009709
187	33	0.010204
187	45	0.011628
187	46	0.012500
187	50	0.016393
187	75	0.016667
187	86	0.025641
187	91	0.022727
187	92	0.028571
187	93	0.043478
187	107	0.023810
187	111	0.022727
187	128	0.030303
187	130	0.037037
187	147	0.033333
187	190	0.043478
187	197	0.040000
187	230	0.050000
187	240	0.038462
187	265	0.043478
187	308	0.041667
187	318	0.058824
187	333	0.043478
188	2	0.009901
188	11	0.022727
188	13	0.011364
188	14	0.010870
188	17	0.006410
188	19	0.007407
188	23	0.010870
188	30	0.023256
188	45	0.011628
188	53	0.017544
188	80	0.022222
188	83	0.017857
188	88	0.023256
188	100	0.031250
188	105	0.020408
188	149	0.030303
188	180	0.025000
188	195	0.037037
188	198	0.037037
188	232	0.045455
188	283	0.052632
188	287	0.055556
188	296	0.043478
188	370	0.050000
188	400	0.058824
188	404	0.058824
189	1	0.024390
189	2	0.009901
189	7	0.011364
189	22	0.008850
189	33	0.010204
189	34	0.010417
189	57	0.024390
189	70	0.023256
189	84	0.018182
189	91	0.022727
189	115	0.032258
189	122	0.035714
189	141	0.022222
189	143	0.033333
189	160	0.040000
189	169	0.040000
189	182	0.031250
189	196	0.034483
189	255	0.050000
189	267	0.050000
189	347	0.058824
189	422	0.058824
190	7	0.011364
190	14	0.010870
190	19	0.007407
190	20	0.007299
190	26	0.014706
190	27	0.016667
190	33	0.010204
190	45	0.011628
190	48	0.013158
190	52	0.012195
190	81	0.019608
190	104	0.027027
190	106	0.020000
190	108	0.027027
190	123	0.041667
190	154	0.045455
190	187	0.040000
190	215	0.034483
190	220	0.047619
190	230	0.050000
190	235	0.045455
190	406	0.055556
190	408	0.058824
191	14	0.010870
191	16	0.017241
191	19	0.007407
191	24	0.010989
191	36	0.011765
191	40	0.011628
191	41	0.015873
191	45	0.011628
191	48	0.013158
191	52	0.012195
191	79	0.025641
191	83	0.017857
191	84	0.018182
191	133	0.028571
191	134	0.027778
191	162	0.032258
191	184	0.037037
191	256	0.034483
192	4	0.014493
192	7	0.011364
192	13	0.011364
192	14	0.010870
192	17	0.006410
192	23	0.010870
192	64	0.016949
192	72	0.014493
192	74	0.023810
192	81	0.019608
192	88	0.023256
192	101	0.029412
192	118	0.026316
192	121	0.031250
192	148	0.026316
192	167	0.035714
192	177	0.029412
192	219	0.047619
192	244	0.038462
192	255	0.050000
192	305	0.058824
192	411	0.058824
193	2	0.009901
193	4	0.014493
193	5	0.019608
193	27	0.016667
193	35	0.013889
193	41	0.015873
193	44	0.013514
193	53	0.017544
193	61	0.038462
193	62	0.027027
193	72	0.014493
193	75	0.016667
193	87	0.028571
193	108	0.027027
193	111	0.022727
193	124	0.047619
193	179	0.040000
193	196	0.034483
193	213	0.052632
193	282	0.052632
193	302	0.045455
193	306	0.050000
193	387	0.058824
193	398	0.058824
193	418	0.058824
194	7	0.011364
194	13	0.011364
194	19	0.007407
194	33	0.010204
194	36	0.011765
194	41	0.015873
194	44	0.013514
194	46	0.012500
194	47	0.015152
194	71	0.014493
194	77	0.018519
194	78	0.020408
194	90	0.031250
194	104	0.027027
194	134	0.027778
194	142	0.033333
194	174	0.027778
194	204	0.037037
194	243	0.040000
194	254	0.058824
194	274	0.050000
194	291	0.040000
194	293	0.047619
194	307	0.043478
194	327	0.052632
194	353	0.050000
194	371	0.050000
195	15	0.011236
195	16	0.017241
195	19	0.007407
195	22	0.008850
195	25	0.012048
195	42	0.012821
195	44	0.013514
195	48	0.013158
195	50	0.016393
195	70	0.023256
195	79	0.025641
195	92	0.028571
195	96	0.023810
195	99	0.027027
195	111	0.022727
195	132	0.030303
195	188	0.038462
195	200	0.038462
195	203	0.032258
195	205	0.041667
195	214	0.045455
195	245	0.050000
195	300	0.052632
195	307	0.043478
195	330	0.050000
195	375	0.058824
195	402	0.058824
196	2	0.009901
196	18	0.006623
196	19	0.007407
196	22	0.008850
196	25	0.012048
196	28	0.015385
196	29	0.020000
196	52	0.012195
196	68	0.018182
196	91	0.022727
196	131	0.025641
196	146	0.032258
196	175	0.035714
196	176	0.031250
196	182	0.031250
196	189	0.045455
196	193	0.040000
196	222	0.050000
196	223	0.058824
196	236	0.040000
196	239	0.052632
196	247	0.040000
196	269	0.062500
196	305	0.058824
196	306	0.050000
196	331	0.043478
196	360	0.052632
196	368	0.052632
196	385	0.055556
197	10	0.009709
197	18	0.006623
197	21	0.010753
197	32	0.009709
197	45	0.011628
197	47	0.015152
197	54	0.016393
197	55	0.019231
197	59	0.025641
197	95	0.038462
197	118	0.026316
197	122	0.035714
197	159	0.047619
197	171	0.031250
197	174	0.027778
197	185	0.050000
197	187	0.040000
197	236	0.040000
197	269	0.062500
197	271	0.041667
197	343	0.045455
197	346	0.052632
197	359	0.050000
197	374	0.058824
197	382	0.058824
198	15	0.011236
198	35	0.013889
198	48	0.013158
198	50	0.016393
198	64	0.016949
198	68	0.018182
198	81	0.019608
198	85	0.019231
198	89	0.021277
198	94	0.035714
198	96	0.023810
198	115	0.032258
198	116	0.027778
198	139	0.028571
198	141	0.022222
198	163	0.031250
198	188	0.038462
198	200	0.038462
198	223	0.058824
198	239	0.052632
198	245	0.050000
198	359	0.050000
198	365	0.050000
198	371	0.050000
198	386	0.055556
198	393	0.055556
198	428	0.058824
199	3	0.018868
199	5	0.019608
199	18	0.006623
199	20	0.007299
199	24	0.010989
199	37	0.016129
199	42	0.012821
199	71	0.014493
199	73	0.017241
199	74	0.023810
199	96	0.023810
199	98	0.021277
199	103	0.022222
199	142	0.033333
199	166	0.032258
199	173	0.027778
199	178	0.035714
199	216	0.047619
199	245	0.050000
199	260	0.045455
199	334	0.050000
199	376	0.055556
200	18	0.006623
200	19	0.007407
200	25	0.012048
200	26	0.014706
200	41	0.015873
200	46	0.012500
200	52	0.012195
200	69	0.016129
200	85	0.019231
200	89	0.021277
200	113	0.024390
200	117	0.027778
200	135	0.034483
200	157	0.037037
200	166	0.032258
200	195	0.037037
200	198	0.037037
200	213	0.052632
200	233	0.043478
200	266	0.052632
200	269	0.062500
200	285	0.052632
200	292	0.052632
200	356	0.050000
200	362	0.052632
200	398	0.058824
201	7	0.011364
201	19	0.007407
201	20	0.007299
201	32	0.009709
201	38	0.013158
201	40	0.011628
201	41	0.015873
201	45	0.011628
201	47	0.015152
201	84	0.018182
201	87	0.028571
201	96	0.023810
201	105	0.020408
201	141	0.022222
201	151	0.032258
201	174	0.027778
201	181	0.033333
201	216	0.047619
201	221	0.052632
201	223	0.058824
201	225	0.038462
201	227	0.045455
201	236	0.040000
201	238	0.043478
201	249	0.043478
201	259	0.040000
201	279	0.050000
201	283	0.052632
201	284	0.058824
201	320	0.045455
201	330	0.050000
201	332	0.052632
201	336	0.055556
201	337	0.050000
201	349	0.055556
201	376	0.055556
201	406	0.055556
201	409	0.055556
201	411	0.058824
201	427	0.058824
202	14	0.010870
202	18	0.006623
202	26	0.014706
202	36	0.011765
202	48	0.013158
202	49	0.019608
202	54	0.016393
202	81	0.019608
202	82	0.023810
202	86	0.025641
202	94	0.035714
202	98	0.021277
202	107	0.023810
202	114	0.030303
202	145	0.037037
202	167	0.035714
202	175	0.035714
202	299	0.052632
202	331	0.043478
202	334	0.050000
202	346	0.052632
202	363	0.052632
202	384	0.055556
203	3	0.018868
203	9	0.012987
203	17	0.006410
203	19	0.007407
203	22	0.008850
203	37	0.016129
203	39	0.014706
203	48	0.013158
203	65	0.017857
203	89	0.021277
203	90	0.031250
203	115	0.032258
203	136	0.034483
203	150	0.035714
203	153	0.041667
203	154	0.045455
203	195	0.037037
203	205	0.041667
203	218	0.055556
203	243	0.040000
203	255	0.050000
203	262	0.047619
203	286	0.058824
203	313	0.047619
203	314	0.052632
203	346	0.052632
203	353	0.050000
203	396	0.058824
203	401	0.058824
203	411	0.058824
203	412	0.058824
204	10	0.009709
204	15	0.011236
204	19	0.007407
204	20	0.007299
204	34	0.010417
204	35	0.013889
204	40	0.011628
204	41	0.015873
204	75	0.016667
204	81	0.019608
204	105	0.020408
204	113	0.024390
204	119	0.035714
204	120	0.027778
204	163	0.031250
204	169	0.040000
204	194	0.037037
204	233	0.043478
204	278	0.058824
204	281	0.047619
204	291	0.040000
204	327	0.052632
204	336	0.055556
204	357	0.055556
204	362	0.052632
204	394	0.058824
204	402	0.058824
205	12	0.015625
205	18	0.006623
205	50	0.016393
205	77	0.018519
205	78	0.020408
205	81	0.019608
205	83	0.017857
205	90	0.031250
205	102	0.021739
205	110	0.029412
205	148	0.026316
205	166	0.032258
205	181	0.033333
205	184	0.037037
205	186	0.040000
205	195	0.037037
205	203	0.032258
205	207	0.038462
205	208	0.032258
205	230	0.050000
205	327	0.052632
205	395	0.052632
205	403	0.052632
205	405	0.058824
206	0	0.022727
206	9	0.012987
206	21	0.010753
206	23	0.010870
206	26	0.014706
206	39	0.014706
206	41	0.015873
206	64	0.016949
206	69	0.016129
206	85	0.019231
206	97	0.025641
206	134	0.027778
206	142	0.033333
206	145	0.037037
206	153	0.041667
206	164	0.032258
206	172	0.030303
206	214	0.045455
206	282	0.052632
206	316	0.055556
206	395	0.052632
206	419	0.058824
207	0	0.022727
207	10	0.009709
207	16	0.017241
207	17	0.006410
207	28	0.015385
207	32	0.009709
207	40	0.011628
207	43	0.015152
207	46	0.012500
207	55	0.019231
207	104	0.027027
207	111	0.022727
207	150	0.035714
207	155	0.033333
207	180	0.025000
207	184	0.037037
207	205	0.041667
207	210	0.038462
207	251	0.052632
207	292	0.052632
207	304	0.047619
207	317	0.052632
207	325	0.052632
207	386	0.055556
207	406	0.055556
207	421	0.058824
208	14	0.010870
208	18	0.006623
208	25	0.012048
208	33	0.010204
208	40	0.011628
208	52	0.012195
208	55	0.019231
208	86	0.025641
208	87	0.028571
208	91	0.022727
208	97	0.025641
208	105	0.020408
208	123	0.041667
208	136	0.034483
208	148	0.026316
208	178	0.035714
208	205	0.041667
208	233	0.043478
208	237	0.037037
208	279	0.050000
208	282	0.052632
208	287	0.055556
208	303	0.043478
208	308	0.041667
208	322	0.050000
208	336	0.055556
208	366	0.052632
208	381	0.058824
208	385	0.055556
208	407	0.055556
208	429	0.058824
209	1	0.024390
209	12	0.015625
209	17	0.006410
209	18	0.006623
209	23	0.010870
209	26	0.014706
209	40	0.011628
209	52	0.012195
209	71	0.014493
209	96	0.023810
209	98	0.021277
209	102	0.021739
209	105	0.020408
209	109	0.035714
209	132	0.030303
209	140	0.027778
209	176	0.031250
209	215	0.034483
209	221	0.052632
209	257	0.037037
209	258	0.050000
209	266	0.052632
209	273	0.043478
209	274	0.050000
209	389	0.058824
209	424	0.058824
210	4	0.014493
210	6	0.015625
210	15	0.011236
210	19	0.007407
210	22	0.008850
210	24	0.010989
210	39	0.014706
210	43	0.015152
210	55	0.019231
210	79	0.025641
210	81	0.019608
210	103	0.022222
210	108	0.027027
210	118	0.026316
210	129	0.029412
210	179	0.040000
210	207	0.038462
210	214	0.045455
210	233	0.043478
210	243	0.040000
210	279	0.050000
210	302	0.045455
210	355	0.055556
210	376	0.055556
210	391	0.055556
210	422	0.058824
211	2	0.009901
211	10	0.009709
211	17	0.006410
211	20	0.007299
211	28	0.015385
211	33	0.010204
211	38	0.013158
211	39	0.014706
211	46	0.012500
211	63	0.047619
211	101	0.029412
211	133	0.028571
211	147	0.033333
211	155	0.033333
211	157	0.037037
211	165	0.038462
211	171	0.031250
211	216	0.047619
211	226	0.041667
211	230	0.050000
211	247	0.040000
211	274	0.050000
211	325	0.052632
211	351	0.052632
211	359	0.050000
211	375	0.058824
212	0	0.022727
212	14	0.010870
212	17	0.006410
212	19	0.007407
212	23	0.010870
212	24	0.010989
212	26	0.014706
212	36	0.011765
212	39	0.014706
212	42	0.012821
212	43	0.015152
212	49	0.019608
212	72	0.014493
212	83	0.017857
212	140	0.027778
212	151	0.032258
212	186	0.040000
212	258	0.050000
213	8	0.020000
213	9	0.012987
213	10	0.009709
213	29	0.020000
213	32	0.009709
213	35	0.013889
213	38	0.013158
213	39	0.014706
213	43	0.015152
213	45	0.011628
213	69	0.016129
213	84	0.018182
213	100	0.031250
213	116	0.027778
213	137	0.027778
213	193	0.040000
213	200	0.038462
213	336	0.055556
213	421	0.058824
214	12	0.015625
214	13	0.011364
214	18	0.006623
214	19	0.007407
214	20	0.007299
214	24	0.010989
214	30	0.023256
214	44	0.013514
214	45	0.011628
214	46	0.012500
214	71	0.014493
214	97	0.025641
214	137	0.027778
214	183	0.037037
214	195	0.037037
214	206	0.045455
214	210	0.038462
214	260	0.045455
214	297	0.045455
214	355	0.055556
214	395	0.052632
214	427	0.058824
215	0	0.022727
215	5	0.019608
215	10	0.009709
215	23	0.010870
215	25	0.012048
215	38	0.013158
215	72	0.014493
215	76	0.020833
215	79	0.025641
215	125	0.040000
215	130	0.037037
215	162	0.032258
215	169	0.040000
215	176	0.031250
215	186	0.040000
215	190	0.043478
215	209	0.038462
215	220	0.047619
215	223	0.058824
215	225	0.038462
215	235	0.045455
215	287	0.055556
215	295	0.052632
215	300	0.052632
215	309	0.045455
215	316	0.055556
215	360	0.052632
215	420	0.058824
215	423	0.058824
216	9	0.012987
216	13	0.011364
216	15	0.011236
216	19	0.007407
216	22	0.008850
216	32	0.009709
216	37	0.016129
216	65	0.017857
216	72	0.014493
216	73	0.017241
216	99	0.027027
216	123	0.041667
216	138	0.024390
216	181	0.033333
216	199	0.045455
216	201	0.025000
216	211	0.038462
216	229	0.037037
216	303	0.043478
216	319	0.055556
216	379	0.055556
217	2	0.009901
217	18	0.006623
217	23	0.010870
217	46	0.012500
217	48	0.013158
217	52	0.012195
217	85	0.019231
217	97	0.025641
217	98	0.021277
217	115	0.032258
217	117	0.027778
217	127	0.052632
217	150	0.035714
217	163	0.031250
217	169	0.040000
217	181	0.033333
217	241	0.041667
217	256	0.034483
217	294	0.050000
217	357	0.055556
217	400	0.058824
218	1	0.024390
218	4	0.014493
218	11	0.022727
218	13	0.011364
218	17	0.006410
218	20	0.007299
218	36	0.011765
218	38	0.013158
218	47	0.015152
218	51	0.018868
218	66	0.023256
218	75	0.016667
218	103	0.022222
218	135	0.034483
218	144	0.033333
218	170	0.037037
218	203	0.032258
218	395	0.052632
219	10	0.009709
219	13	0.011364
219	14	0.010870
219	20	0.007299
219	32	0.009709
219	36	0.011765
219	37	0.016129
219	45	0.011628
219	47	0.015152
219	65	0.017857
219	67	0.017544
219	78	0.020408
219	98	0.021277
219	105	0.020408
219	160	0.040000
219	176	0.031250
219	192	0.045455
219	258	0.050000
219	259	0.040000
219	293	0.047619
219	339	0.055556
220	4	0.014493
220	7	0.011364
220	13	0.011364
220	16	0.017241
220	17	0.006410
220	18	0.006623
220	25	0.012048
220	27	0.016667
220	72	0.014493
220	85	0.019231
220	86	0.025641
220	97	0.025641
220	135	0.034483
220	148	0.026316
220	177	0.029412
220	190	0.043478
220	215	0.034483
220	235	0.045455
220	348	0.050000
220	395	0.052632
220	429	0.058824
221	6	0.015625
221	16	0.017241
221	20	0.007299
221	24	0.010989
221	33	0.010204
221	34	0.010417
221	40	0.011628
221	46	0.012500
221	72	0.014493
221	78	0.020408
221	79	0.025641
221	85	0.019231
221	104	0.027027
221	114	0.030303
221	168	0.032258
221	201	0.025000
221	209	0.038462
221	244	0.038462
221	261	0.050000
222	1	0.024390
222	15	0.011236
222	17	0.006410
222	22	0.008850
222	28	0.015385
222	32	0.009709
222	41	0.015873
222	46	0.012500
222	51	0.018868
222	54	0.016393
222	72	0.014493
222	81	0.019608
222	88	0.023256
222	111	0.022727
222	155	0.033333
222	167	0.035714
222	196	0.034483
222	235	0.045455
222	258	0.050000
222	393	0.055556
223	0	0.022727
223	5	0.019608
223	13	0.011364
223	14	0.010870
223	15	0.011236
223	20	0.007299
223	30	0.023256
223	31	0.038462
223	38	0.013158
223	44	0.013514
223	52	0.012195
223	139	0.028571
223	162	0.032258
223	196	0.034483
223	198	0.037037
223	201	0.025000
223	215	0.034483
224	2	0.009901
224	8	0.020000
224	12	0.015625
224	18	0.006623
224	19	0.007407
224	23	0.010870
224	33	0.010204
224	34	0.010417
224	35	0.013889
224	45	0.011628
224	49	0.019608
224	55	0.019231
224	62	0.027027
224	69	0.016129
224	71	0.014493
224	144	0.033333
224	177	0.029412
224	238	0.043478
224	242	0.040000
224	259	0.040000
224	297	0.045455
224	302	0.045455
224	424	0.058824
225	0	0.022727
225	14	0.010870
225	17	0.006410
225	21	0.010753
225	33	0.010204
225	40	0.011628
225	42	0.012821
225	48	0.013158
225	51	0.018868
225	76	0.020833
225	88	0.023256
225	134	0.027778
225	139	0.028571
225	168	0.032258
225	175	0.035714
225	201	0.025000
225	215	0.034483
225	252	0.055556
225	315	0.055556
225	325	0.052632
225	362	0.052632
225	386	0.055556
225	387	0.058824
225	390	0.047619
225	399	0.058824
225	400	0.058824
226	2	0.009901
226	7	0.011364
226	10	0.009709
226	11	0.022727
226	22	0.008850
226	35	0.013889
226	38	0.013158
226	53	0.017544
226	54	0.016393
226	56	0.020833
226	100	0.031250
226	113	0.024390
226	131	0.025641
226	146	0.032258
226	154	0.045455
226	171	0.031250
226	211	0.038462
226	246	0.038462
226	249	0.043478
226	261	0.050000
226	276	0.047619
226	295	0.052632
226	345	0.052632
226	360	0.052632
227	2	0.009901
227	7	0.011364
227	18	0.006623
227	21	0.010753
227	23	0.010870
227	26	0.014706
227	42	0.012821
227	59	0.025641
227	69	0.016129
227	73	0.017241
227	74	0.023810
227	80	0.022222
227	82	0.023810
227	98	0.021277
227	160	0.040000
227	174	0.027778
227	201	0.025000
227	267	0.050000
227	284	0.058824
227	333	0.043478
227	358	0.052632
227	372	0.055556
228	7	0.011364
228	13	0.011364
228	20	0.007299
228	33	0.010204
228	43	0.015152
228	50	0.016393
228	59	0.025641
228	69	0.016129
228	75	0.016667
228	82	0.023810
228	90	0.031250
228	99	0.027027
228	102	0.021739
228	112	0.034483
228	119	0.035714
228	138	0.024390
228	231	0.038462
228	255	0.050000
228	309	0.045455
228	375	0.058824
228	401	0.058824
228	407	0.055556
229	1	0.024390
229	5	0.019608
229	14	0.010870
229	15	0.011236
229	35	0.013889
229	38	0.013158
229	41	0.015873
229	49	0.019608
229	58	0.035714
229	73	0.017241
229	82	0.023810
229	121	0.031250
229	122	0.035714
229	144	0.033333
229	152	0.041667
229	172	0.030303
229	216	0.047619
229	244	0.038462
229	255	0.050000
229	267	0.050000
229	275	0.045455
229	307	0.043478
229	313	0.047619
229	333	0.043478
229	345	0.052632
229	369	0.052632
229	428	0.058824
230	2	0.009901
230	13	0.011364
230	14	0.010870
230	17	0.006410
230	28	0.015385
230	35	0.013889
230	41	0.015873
230	42	0.012821
230	79	0.025641
230	83	0.017857
230	115	0.032258
230	153	0.041667
230	181	0.033333
230	187	0.040000
230	190	0.043478
230	205	0.041667
230	211	0.038462
230	314	0.052632
230	340	0.055556
230	409	0.055556
231	7	0.011364
231	16	0.017241
231	17	0.006410
231	22	0.008850
231	23	0.010870
231	34	0.010417
231	36	0.011765
231	50	0.016393
231	56	0.020833
231	66	0.023256
231	72	0.014493
231	77	0.018519
231	97	0.025641
231	105	0.020408
231	120	0.027778
231	228	0.045455
231	251	0.052632
231	271	0.041667
231	275	0.045455
231	283	0.052632
231	316	0.055556
231	353	0.050000
231	374	0.058824
231	390	0.047619
231	405	0.058824
231	409	0.055556
232	2	0.009901
232	10	0.009709
232	14	0.010870
232	16	0.017241
232	28	0.015385
232	36	0.011765
232	37	0.016129
232	38	0.013158
232	43	0.015152
232	62	0.027027
232	75	0.016667
232	96	0.023810
232	104	0.027027
232	134	0.027778
232	175	0.035714
232	177	0.029412
232	188	0.038462
232	248	0.047619
232	267	0.050000
232	273	0.043478
232	303	0.043478
232	375	0.058824
233	8	0.020000
233	12	0.015625
233	17	0.006410
233	20	0.007299
233	22	0.008850
233	32	0.009709
233	33	0.010204
233	68	0.018182
233	73	0.017241
233	112	0.034483
233	146	0.032258
233	148	0.026316
233	173	0.027778
233	200	0.038462
233	204	0.037037
233	208	0.032258
233	210	0.038462
233	311	0.052632
233	348	0.050000
233	357	0.055556
233	368	0.052632
233	373	0.058824
233	425	0.062500
234	2	0.009901
234	5	0.019608
234	19	0.007407
234	22	0.008850
234	29	0.020000
234	31	0.038462
234	36	0.011765
234	43	0.015152
234	45	0.011628
234	46	0.012500
234	71	0.014493
234	83	0.017857
234	103	0.022222
234	149	0.030303
234	157	0.037037
234	180	0.025000
234	182	0.031250
234	278	0.058824
234	283	0.052632
234	302	0.045455
234	304	0.047619
234	311	0.052632
234	318	0.058824
234	325	0.052632
234	335	0.055556
234	365	0.050000
235	13	0.011364
235	14	0.010870
235	18	0.006623
235	22	0.008850
235	33	0.010204
235	39	0.014706
235	46	0.012500
235	62	0.027027
235	66	0.023256
235	73	0.017241
235	83	0.017857
235	89	0.021277
235	140	0.027778
235	190	0.043478
235	215	0.034483
235	220	0.047619
235	222	0.050000
235	254	0.058824
235	300	0.052632
235	311	0.052632
235	387	0.058824
235	390	0.047619
236	13	0.011364
236	17	0.006410
236	33	0.010204
236	34	0.010417
236	38	0.013158
236	52	0.012195
236	54	0.016393
236	57	0.024390
236	85	0.019231
236	86	0.025641
236	100	0.031250
236	127	0.052632
236	137	0.027778
236	143	0.033333
236	196	0.034483
236	197	0.040000
236	201	0.025000
236	253	0.052632
236	257	0.037037
236	280	0.045455
236	287	0.055556
236	376	0.055556
236	386	0.055556
236	391	0.055556
236	416	0.058824
237	4	0.014493
237	5	0.019608
237	19	0.007407
237	22	0.008850
237	24	0.010989
237	33	0.010204
237	42	0.012821
237	44	0.013514
237	57	0.024390
237	72	0.014493
237	82	0.023810
237	105	0.020408
237	129	0.029412
237	141	0.022222
237	149	0.030303
237	170	0.037037
237	208	0.032258
237	267	0.050000
237	268	0.040000
237	276	0.047619
237	287	0.055556
237	291	0.040000
237	301	0.052632
237	304	0.047619
237	315	0.055556
237	378	0.055556
237	382	0.058824
238	10	0.009709
238	15	0.011236
238	19	0.007407
238	21	0.010753
238	22	0.008850
238	32	0.009709
238	37	0.016129
238	40	0.011628
238	55	0.019231
238	65	0.017857
238	67	0.017544
238	79	0.025641
238	84	0.018182
238	163	0.031250
238	171	0.031250
238	201	0.025000
238	224	0.043478
238	245	0.050000
238	323	0.047619
238	332	0.052632
238	335	0.055556
238	341	0.058824
238	414	0.058824
239	7	0.011364
239	10	0.009709
239	14	0.010870
239	19	0.007407
239	36	0.011765
239	48	0.013158
239	52	0.012195
239	82	0.023810
239	96	0.023810
239	103	0.022222
239	107	0.023810
239	124	0.047619
239	140	0.027778
239	182	0.031250
239	184	0.037037
239	196	0.034483
239	198	0.037037
239	274	0.050000
239	376	0.055556
240	7	0.011364
240	8	0.020000
240	21	0.010753
240	28	0.015385
240	33	0.010204
240	62	0.027027
240	66	0.023256
240	69	0.016129
240	75	0.016667
240	77	0.018519
240	84	0.018182
240	89	0.021277
240	90	0.031250
240	102	0.021739
240	131	0.025641
240	176	0.031250
240	187	0.040000
240	241	0.041667
240	250	0.043478
240	279	0.050000
240	281	0.047619
240	283	0.052632
240	331	0.043478
240	357	0.055556
240	410	0.055556
240	419	0.058824
241	10	0.009709
241	13	0.011364
241	17	0.006410
241	18	0.006623
241	54	0.016393
241	62	0.027027
241	77	0.018519
241	98	0.021277
241	111	0.022727
241	118	0.026316
241	138	0.024390
241	141	0.022222
241	165	0.038462
241	176	0.031250
241	217	0.047619
241	240	0.038462
241	282	0.052632
241	301	0.052632
241	338	0.052632
241	362	0.052632
241	382	0.058824
241	397	0.052632
241	411	0.058824
241	417	0.058824
242	5	0.019608
242	13	0.011364
242	18	0.006623
242	24	0.010989
242	41	0.015873
242	45	0.011628
242	67	0.017544
242	85	0.019231
242	89	0.021277
242	91	0.022727
242	92	0.028571
242	103	0.022222
242	106	0.020000
242	112	0.034483
242	142	0.033333
242	183	0.037037
242	224	0.043478
242	251	0.052632
242	276	0.047619
242	344	0.055556
242	349	0.055556
242	394	0.058824
242	400	0.058824
242	404	0.058824
242	411	0.058824
243	2	0.009901
243	19	0.007407
243	26	0.014706
243	28	0.015385
243	34	0.010417
243	42	0.012821
243	56	0.020833
243	60	0.027778
243	81	0.019608
243	103	0.022222
243	105	0.020408
243	116	0.027778
243	138	0.024390
243	141	0.022222
243	194	0.037037
243	203	0.032258
243	210	0.038462
243	259	0.040000
243	328	0.050000
243	339	0.055556
243	342	0.052632
243	347	0.058824
243	391	0.055556
243	422	0.058824
243	426	0.058824
244	15	0.011236
244	18	0.006623
244	21	0.010753
244	27	0.016667
244	32	0.009709
244	47	0.015152
244	56	0.020833
244	58	0.035714
244	75	0.016667
244	85	0.019231
244	87	0.028571
244	137	0.027778
244	177	0.029412
244	183	0.037037
244	192	0.045455
244	221	0.052632
244	229	0.037037
244	250	0.043478
244	299	0.052632
244	322	0.050000
244	330	0.050000
244	333	0.043478
244	341	0.058824
244	375	0.058824
244	394	0.058824
244	403	0.052632
245	12	0.015625
245	13	0.011364
245	18	0.006623
245	29	0.020000
245	30	0.023256
245	33	0.010204
245	45	0.011628
245	47	0.015152
245	48	0.013158
245	62	0.027027
245	73	0.017241
245	97	0.025641
245	120	0.027778
245	195	0.037037
245	198	0.037037
245	199	0.045455
245	238	0.043478
245	250	0.043478
245	324	0.041667
245	360	0.052632
246	18	0.006623
246	22	0.008850
246	30	0.023256
246	35	0.013889
246	42	0.012821
246	45	0.011628
246	51	0.018868
246	67	0.017544
246	85	0.019231
246	102	0.021739
246	106	0.020000
246	121	0.031250
246	134	0.027778
246	163	0.031250
246	173	0.027778
246	174	0.027778
246	226	0.041667
246	254	0.058824
246	257	0.037037
246	277	0.045455
246	320	0.045455
246	341	0.058824
246	363	0.052632
246	366	0.052632
246	386	0.055556
246	405	0.058824
247	14	0.010870
247	19	0.007407
247	20	0.007299
247	22	0.008850
247	34	0.010417
247	40	0.011628
247	66	0.023256
247	86	0.025641
247	106	0.020000
247	116	0.027778
247	117	0.027778
247	137	0.027778
247	141	0.022222
247	161	0.038462
247	178	0.035714
247	196	0.034483
247	211	0.038462
247	252	0.055556
247	302	0.045455
247	310	0.058824
247	348	0.050000
247	356	0.050000
247	367	0.052632
247	378	0.055556
247	419	0.058824
248	15	0.011236
248	20	0.007299
248	21	0.010753
248	22	0.008850
248	32	0.009709
248	35	0.013889
248	36	0.011765
248	39	0.014706
248	42	0.012821
248	47	0.015152
248	69	0.016129
248	71	0.014493
248	73	0.017241
248	104	0.027027
248	143	0.033333
248	171	0.031250
248	232	0.045455
248	289	0.047619
248	294	0.050000
248	336	0.055556
248	384	0.055556
249	9	0.012987
249	21	0.010753
249	35	0.013889
249	43	0.015152
249	46	0.012500
249	54	0.016393
249	63	0.047619
249	71	0.014493
249	81	0.019608
249	85	0.019231
249	88	0.023256
249	133	0.028571
249	142	0.033333
249	169	0.040000
249	177	0.029412
249	201	0.025000
249	226	0.041667
249	295	0.052632
249	343	0.045455
249	344	0.055556
249	357	0.055556
249	377	0.055556
249	419	0.058824
250	2	0.009901
250	15	0.011236
250	22	0.008850
250	23	0.010870
250	24	0.010989
250	29	0.020000
250	52	0.012195
250	57	0.024390
250	80	0.022222
250	87	0.028571
250	107	0.023810
250	118	0.026316
250	141	0.022222
250	168	0.032258
250	240	0.038462
250	244	0.038462
250	245	0.050000
250	267	0.050000
250	278	0.058824
250	293	0.047619
250	367	0.052632
250	393	0.055556
250	429	0.058824
251	0	0.022727
251	16	0.017241
251	24	0.010989
251	32	0.009709
251	45	0.011628
251	55	0.019231
251	62	0.027027
251	65	0.017857
251	128	0.030303
251	134	0.027778
251	139	0.028571
251	141	0.022222
251	147	0.033333
251	155	0.033333
251	207	0.038462
251	231	0.038462
251	242	0.040000
251	258	0.050000
251	303	0.043478
252	8	0.020000
252	14	0.010870
252	15	0.011236
252	17	0.006410
252	19	0.007407
252	25	0.012048
252	33	0.010204
252	45	0.011628
252	59	0.025641
252	62	0.027027
252	77	0.018519
252	94	0.035714
252	140	0.027778
252	176	0.031250
252	182	0.031250
252	225	0.038462
252	247	0.040000
252	404	0.058824
253	2	0.009901
253	4	0.014493
253	12	0.015625
253	14	0.010870
253	15	0.011236
253	16	0.017241
253	22	0.008850
253	23	0.010870
253	28	0.015385
253	42	0.012821
253	58	0.035714
253	71	0.014493
253	88	0.023256
253	92	0.028571
253	134	0.027778
253	167	0.035714
253	236	0.040000
253	310	0.058824
253	413	0.058824
254	18	0.006623
254	21	0.010753
254	27	0.016667
254	34	0.010417
254	55	0.019231
254	68	0.018182
254	77	0.018519
254	84	0.018182
254	106	0.020000
254	107	0.023810
254	132	0.030303
254	138	0.024390
254	140	0.027778
254	160	0.040000
254	194	0.037037
254	235	0.045455
254	246	0.038462
255	17	0.006410
255	19	0.007407
255	20	0.007299
255	22	0.008850
255	88	0.023256
255	98	0.021277
255	129	0.029412
255	133	0.028571
255	139	0.028571
255	151	0.032258
255	183	0.037037
255	184	0.037037
255	189	0.045455
255	192	0.045455
255	203	0.032258
255	228	0.045455
255	229	0.037037
255	268	0.040000
255	272	0.045455
255	397	0.052632
256	3	0.018868
256	10	0.009709
256	14	0.010870
256	17	0.006410
256	18	0.006623
256	20	0.007299
256	23	0.010870
256	27	0.016667
256	40	0.011628
256	44	0.013514
256	66	0.023256
256	89	0.021277
256	146	0.032258
256	166	0.032258
256	172	0.030303
256	191	0.055556
256	217	0.047619
256	261	0.050000
256	289	0.047619
256	302	0.045455
256	304	0.047619
256	324	0.041667
256	358	0.052632
256	364	0.055556
256	377	0.055556
256	384	0.055556
256	397	0.052632
256	412	0.058824
256	425	0.062500
257	1	0.024390
257	10	0.009709
257	21	0.010753
257	34	0.010417
257	35	0.013889
257	68	0.018182
257	75	0.016667
257	83	0.017857
257	91	0.022727
257	94	0.035714
257	100	0.031250
257	113	0.024390
257	144	0.033333
257	148	0.026316
257	209	0.038462
257	236	0.040000
257	246	0.038462
257	270	0.035714
257	299	0.052632
257	309	0.045455
257	310	0.058824
257	313	0.047619
257	325	0.052632
257	330	0.050000
257	348	0.050000
257	351	0.052632
257	404	0.058824
258	18	0.006623
258	21	0.010753
258	24	0.010989
258	38	0.013158
258	48	0.013158
258	59	0.025641
258	64	0.016949
258	79	0.025641
258	136	0.034483
258	144	0.033333
258	147	0.033333
258	153	0.041667
258	209	0.038462
258	212	0.055556
258	219	0.047619
258	222	0.050000
258	251	0.052632
258	268	0.040000
258	287	0.055556
258	376	0.055556
259	4	0.014493
259	12	0.015625
259	14	0.010870
259	15	0.011236
259	20	0.007299
259	43	0.015152
259	48	0.013158
259	51	0.018868
259	52	0.012195
259	55	0.019231
259	103	0.022222
259	138	0.024390
259	176	0.031250
259	201	0.025000
259	219	0.047619
259	224	0.043478
259	243	0.040000
259	263	0.050000
259	290	0.047619
259	322	0.050000
259	336	0.055556
259	343	0.045455
259	383	0.058824
259	393	0.055556
259	418	0.058824
260	8	0.020000
260	10	0.009709
260	18	0.006623
260	19	0.007407
260	25	0.012048
260	28	0.015385
260	46	0.012500
260	49	0.019608
260	75	0.016667
260	97	0.025641
260	109	0.035714
260	131	0.025641
260	133	0.028571
260	156	0.052632
260	157	0.037037
260	199	0.045455
260	214	0.045455
260	308	0.041667
260	357	0.055556
260	371	0.050000
260	376	0.055556
260	395	0.052632
261	0	0.022727
261	10	0.009709
261	18	0.006623
261	27	0.016667
261	33	0.010204
261	34	0.010417
261	45	0.011628
261	51	0.018868
261	56	0.020833
261	58	0.035714
261	66	0.023256
261	138	0.024390
261	139	0.028571
261	149	0.030303
261	221	0.052632
261	226	0.041667
261	256	0.034483
261	297	0.045455
261	298	0.055556
261	311	0.052632
262	18	0.006623
262	29	0.020000
262	38	0.013158
262	64	0.016949
262	76	0.020833
262	84	0.018182
262	91	0.022727
262	98	0.021277
262	101	0.029412
262	111	0.022727
262	115	0.032258
262	123	0.041667
262	131	0.025641
262	150	0.035714
262	157	0.037037
262	177	0.029412
262	203	0.032258
262	277	0.045455
262	291	0.040000
262	402	0.058824
262	406	0.055556
263	3	0.018868
263	10	0.009709
263	22	0.008850
263	25	0.012048
263	27	0.016667
263	37	0.016129
263	51	0.018868
263	55	0.019231
263	69	0.016129
263	75	0.016667
263	77	0.018519
263	118	0.026316
263	136	0.034483
263	147	0.033333
263	175	0.035714
263	180	0.025000
263	259	0.040000
263	279	0.050000
263	331	0.043478
263	378	0.055556
264	12	0.015625
264	13	0.011364
264	18	0.006623
264	23	0.010870
264	28	0.015385
264	34	0.010417
264	40	0.011628
264	42	0.012821
264	67	0.017544
264	71	0.014493
264	72	0.014493
264	74	0.023810
264	91	0.022727
264	102	0.021739
264	113	0.024390
264	118	0.026316
264	182	0.031250
264	326	0.055556
264	329	0.050000
264	340	0.055556
264	354	0.058824
264	361	0.058824
264	380	0.058824
264	421	0.058824
265	2	0.009901
265	7	0.011364
265	14	0.010870
265	15	0.011236
265	25	0.012048
265	26	0.014706
265	76	0.020833
265	77	0.018519
265	85	0.019231
265	87	0.028571
265	88	0.023256
265	97	0.025641
265	118	0.026316
265	128	0.030303
265	174	0.027778
265	183	0.037037
265	187	0.040000
265	276	0.047619
265	277	0.045455
265	316	0.055556
265	404	0.058824
265	414	0.058824
265	428	0.058824
266	9	0.012987
266	10	0.009709
266	36	0.011765
266	38	0.013158
266	39	0.014706
266	53	0.017544
266	68	0.018182
266	69	0.016129
266	71	0.014493
266	84	0.018182
266	102	0.021739
266	128	0.030303
266	166	0.032258
266	171	0.031250
266	176	0.031250
266	200	0.038462
266	209	0.038462
266	391	0.055556
266	415	0.058824
267	15	0.011236
267	18	0.006623
267	32	0.009709
267	38	0.013158
267	49	0.019608
267	65	0.017857
267	72	0.014493
267	86	0.025641
267	104	0.027027
267	125	0.040000
267	147	0.033333
267	189	0.045455
267	227	0.045455
267	229	0.037037
267	232	0.045455
267	237	0.037037
267	250	0.043478
267	287	0.055556
267	295	0.052632
267	360	0.052632
268	2	0.009901
268	19	0.007407
268	33	0.010204
268	36	0.011765
268	42	0.012821
268	44	0.013514
268	46	0.012500
268	49	0.019608
268	64	0.016949
268	77	0.018519
268	81	0.019608
268	119	0.035714
268	138	0.024390
268	162	0.032258
268	237	0.037037
268	255	0.050000
268	258	0.050000
268	276	0.047619
268	283	0.052632
268	292	0.052632
268	340	0.055556
268	361	0.058824
268	397	0.052632
268	406	0.055556
268	427	0.058824
269	17	0.006410
269	18	0.006623
269	25	0.012048
269	29	0.020000
269	36	0.011765
269	45	0.011628
269	53	0.017544
269	59	0.025641
269	64	0.016949
269	73	0.017241
269	101	0.029412
269	118	0.026316
269	136	0.034483
269	196	0.034483
269	197	0.040000
269	200	0.038462
270	7	0.011364
270	12	0.015625
270	14	0.010870
270	16	0.017241
270	19	0.007407
270	20	0.007299
270	33	0.010204
270	37	0.016129
270	46	0.012500
270	49	0.019608
270	91	0.022727
270	95	0.038462
270	98	0.021277
270	113	0.024390
270	118	0.026316
270	142	0.033333
270	257	0.037037
270	279	0.050000
270	280	0.045455
270	285	0.052632
270	291	0.040000
270	297	0.045455
270	306	0.050000
270	309	0.045455
270	329	0.050000
270	341	0.058824
270	372	0.055556
270	384	0.055556
271	2	0.009901
271	14	0.010870
271	18	0.006623
271	20	0.007299
271	32	0.009709
271	66	0.023256
271	68	0.018182
271	86	0.025641
271	111	0.022727
271	113	0.024390
271	131	0.025641
271	141	0.022222
271	150	0.035714
271	158	0.052632
271	181	0.033333
271	197	0.040000
271	231	0.038462
271	274	0.050000
271	281	0.047619
271	317	0.052632
271	354	0.058824
271	358	0.052632
271	380	0.058824
271	382	0.058824
272	0	0.022727
272	6	0.015625
272	7	0.011364
272	20	0.007299
272	33	0.010204
272	38	0.013158
272	40	0.011628
272	44	0.013514
272	68	0.018182
272	73	0.017241
272	75	0.016667
272	82	0.023810
272	96	0.023810
272	110	0.029412
272	164	0.032258
272	186	0.040000
272	255	0.050000
272	275	0.045455
272	294	0.050000
272	331	0.043478
272	366	0.052632
272	429	0.058824
273	12	0.015625
273	14	0.010870
273	18	0.006623
273	23	0.010870
273	34	0.010417
273	44	0.013514
273	97	0.025641
273	98	0.021277
273	103	0.022222
273	107	0.023810
273	110	0.029412
273	112	0.034483
273	132	0.030303
273	144	0.033333
273	176	0.031250
273	209	0.038462
273	232	0.045455
273	291	0.040000
273	302	0.045455
273	313	0.047619
273	322	0.050000
273	361	0.058824
273	406	0.055556
274	0	0.022727
274	12	0.015625
274	22	0.008850
274	41	0.015873
274	46	0.012500
274	77	0.018519
274	106	0.020000
274	141	0.022222
274	145	0.037037
274	157	0.037037
274	169	0.040000
274	180	0.025000
274	194	0.037037
274	209	0.038462
274	211	0.038462
274	239	0.052632
274	271	0.041667
274	383	0.058824
274	392	0.058824
274	412	0.058824
275	2	0.009901
275	7	0.011364
275	10	0.009709
275	13	0.011364
275	21	0.010753
275	41	0.015873
275	69	0.016129
275	73	0.017241
275	74	0.023810
275	85	0.019231
275	106	0.020000
275	110	0.029412
275	131	0.025641
275	137	0.027778
275	229	0.037037
275	231	0.038462
275	272	0.045455
275	290	0.047619
275	307	0.043478
275	365	0.050000
275	369	0.052632
275	409	0.055556
276	14	0.010870
276	17	0.006410
276	24	0.010989
276	25	0.012048
276	40	0.011628
276	70	0.023256
276	72	0.014493
276	81	0.019608
276	114	0.030303
276	133	0.028571
276	168	0.032258
276	177	0.029412
276	226	0.041667
276	237	0.037037
276	242	0.040000
276	265	0.043478
276	268	0.040000
276	317	0.052632
276	382	0.058824
276	388	0.052632
276	404	0.058824
277	15	0.011236
277	24	0.010989
277	32	0.009709
277	48	0.013158
277	54	0.016393
277	72	0.014493
277	78	0.020408
277	105	0.020408
277	107	0.023810
277	128	0.030303
277	148	0.026316
277	174	0.027778
277	179	0.040000
277	181	0.033333
277	246	0.038462
277	262	0.047619
277	265	0.043478
277	286	0.058824
277	361	0.058824
277	362	0.052632
277	398	0.058824
277	410	0.055556
278	23	0.010870
278	32	0.009709
278	39	0.014706
278	59	0.025641
278	60	0.027778
278	73	0.017241
278	83	0.017857
278	91	0.022727
278	110	0.029412
278	116	0.027778
278	128	0.030303
278	131	0.025641
278	149	0.030303
278	175	0.035714
278	204	0.037037
278	234	0.038462
278	250	0.043478
279	7	0.011364
279	12	0.015625
279	20	0.007299
279	21	0.010753
279	33	0.010204
279	45	0.011628
279	65	0.017857
279	90	0.031250
279	102	0.021739
279	105	0.020408
279	170	0.037037
279	201	0.025000
279	208	0.032258
279	210	0.038462
279	240	0.038462
279	263	0.050000
279	270	0.035714
279	281	0.047619
279	355	0.055556
279	408	0.058824
280	14	0.010870
280	17	0.006410
280	22	0.008850
280	37	0.016129
280	38	0.013158
280	53	0.017544
280	68	0.018182
280	74	0.023810
280	75	0.016667
280	79	0.025641
280	96	0.023810
280	114	0.030303
280	135	0.034483
280	146	0.032258
280	153	0.041667
280	236	0.040000
280	270	0.035714
280	343	0.045455
280	364	0.055556
280	366	0.052632
280	389	0.058824
280	393	0.055556
281	10	0.009709
281	26	0.014706
281	36	0.011765
281	48	0.013158
281	53	0.017544
281	64	0.016949
281	65	0.017857
281	121	0.031250
281	122	0.035714
281	149	0.030303
281	152	0.041667
281	167	0.035714
281	173	0.027778
281	204	0.037037
281	240	0.038462
281	271	0.041667
281	279	0.050000
281	285	0.052632
281	289	0.047619
281	341	0.058824
281	360	0.052632
282	3	0.018868
282	17	0.006410
282	22	0.008850
282	36	0.011765
282	46	0.012500
282	57	0.024390
282	85	0.019231
282	96	0.023810
282	97	0.025641
282	151	0.032258
282	166	0.032258
282	179	0.040000
282	180	0.025000
282	193	0.040000
282	206	0.045455
282	208	0.032258
282	241	0.041667
282	323	0.047619
282	348	0.050000
283	3	0.018868
283	4	0.014493
283	13	0.011364
283	26	0.014706
283	40	0.011628
283	49	0.019608
283	77	0.018519
283	112	0.034483
283	172	0.030303
283	177	0.029412
283	179	0.040000
283	188	0.038462
283	201	0.025000
283	231	0.038462
283	234	0.038462
283	240	0.038462
283	268	0.040000
283	317	0.052632
283	380	0.058824
284	19	0.007407
284	20	0.007299
284	21	0.010753
284	40	0.011628
284	51	0.018868
284	59	0.025641
284	86	0.025641
284	101	0.029412
284	109	0.035714
284	118	0.026316
284	138	0.024390
284	146	0.032258
284	159	0.047619
284	162	0.032258
284	166	0.032258
284	201	0.025000
284	227	0.045455
285	2	0.009901
285	4	0.014493
285	15	0.011236
285	24	0.010989
285	40	0.011628
285	50	0.016393
285	57	0.024390
285	64	0.016949
285	80	0.022222
285	91	0.022727
285	119	0.035714
285	167	0.035714
285	170	0.037037
285	172	0.030303
285	200	0.038462
285	270	0.035714
285	281	0.047619
285	328	0.050000
285	393	0.055556
286	18	0.006623
286	22	0.008850
286	28	0.015385
286	36	0.011765
286	39	0.014706
286	43	0.015152
286	48	0.013158
286	57	0.024390
286	78	0.020408
286	86	0.025641
286	92	0.028571
286	99	0.027027
286	102	0.021739
286	114	0.030303
286	144	0.033333
286	203	0.032258
286	277	0.045455
287	21	0.010753
287	30	0.023256
287	32	0.009709
287	37	0.016129
287	43	0.015152
287	47	0.015152
287	59	0.025641
287	76	0.020833
287	151	0.032258
287	180	0.025000
287	188	0.038462
287	208	0.032258
287	215	0.034483
287	236	0.040000
287	237	0.037037
287	258	0.050000
287	267	0.050000
287	392	0.058824
288	18	0.006623
288	22	0.008850
288	28	0.015385
288	33	0.010204
288	35	0.013889
288	58	0.035714
288	61	0.038462
288	65	0.017857
288	68	0.018182
288	70	0.023256
288	73	0.017241
288	75	0.016667
288	80	0.022222
288	84	0.018182
288	87	0.028571
288	123	0.041667
288	132	0.030303
288	379	0.055556
288	401	0.058824
289	0	0.022727
289	17	0.006410
289	27	0.016667
289	33	0.010204
289	42	0.012821
289	44	0.013514
289	45	0.011628
289	54	0.016393
289	55	0.019231
289	83	0.017857
289	88	0.023256
289	114	0.030303
289	131	0.025641
289	167	0.035714
289	248	0.047619
289	256	0.034483
289	281	0.047619
289	353	0.050000
289	354	0.058824
289	410	0.055556
289	412	0.058824
290	9	0.012987
290	10	0.009709
290	13	0.011364
290	18	0.006623
290	19	0.007407
290	30	0.023256
290	47	0.015152
290	71	0.014493
290	84	0.018182
290	107	0.023810
290	108	0.027027
290	119	0.035714
290	147	0.033333
290	148	0.026316
290	157	0.037037
290	259	0.040000
290	275	0.045455
290	311	0.052632
290	320	0.045455
290	388	0.052632
290	401	0.058824
291	7	0.011364
291	11	0.022727
291	12	0.015625
291	16	0.017241
291	17	0.006410
291	20	0.007299
291	52	0.012195
291	55	0.019231
291	73	0.017241
291	176	0.031250
291	186	0.040000
291	194	0.037037
291	204	0.037037
291	237	0.037037
291	262	0.047619
291	270	0.035714
291	273	0.043478
291	297	0.045455
291	298	0.055556
291	301	0.052632
291	334	0.050000
291	357	0.055556
291	362	0.052632
291	379	0.055556
291	382	0.058824
292	0	0.022727
292	12	0.015625
292	18	0.006623
292	22	0.008850
292	23	0.010870
292	32	0.009709
292	38	0.013158
292	60	0.027778
292	73	0.017241
292	77	0.018519
292	117	0.027778
292	123	0.041667
292	142	0.033333
292	167	0.035714
292	200	0.038462
292	207	0.038462
292	268	0.040000
292	293	0.047619
292	425	0.062500
293	5	0.019608
293	8	0.020000
293	9	0.012987
293	13	0.011364
293	22	0.008850
293	24	0.010989
293	33	0.010204
293	34	0.010417
293	51	0.018868
293	90	0.031250
293	124	0.047619
293	138	0.024390
293	180	0.025000
293	194	0.037037
293	219	0.047619
293	250	0.043478
293	292	0.052632
293	321	0.052632
293	330	0.050000
293	351	0.052632
293	388	0.052632
294	12	0.015625
294	13	0.011364
294	15	0.011236
294	22	0.008850
294	56	0.020833
294	57	0.024390
294	61	0.038462
294	78	0.020408
294	120	0.027778
294	126	0.045455
294	129	0.029412
294	131	0.025641
294	177	0.029412
294	182	0.031250
294	217	0.047619
294	248	0.047619
294	272	0.045455
294	312	0.055556
294	353	0.050000
294	409	0.055556
295	10	0.009709
295	11	0.022727
295	17	0.006410
295	33	0.010204
295	36	0.011765
295	44	0.013514
295	47	0.015152
295	52	0.012195
295	71	0.014493
295	72	0.014493
295	146	0.032258
295	147	0.033333
295	155	0.033333
295	215	0.034483
295	226	0.041667
295	249	0.043478
295	267	0.050000
295	310	0.058824
295	369	0.052632
296	4	0.014493
296	35	0.013889
296	38	0.013158
296	43	0.015152
296	49	0.019608
296	60	0.027778
296	64	0.016949
296	65	0.017857
296	81	0.019608
296	95	0.038462
296	101	0.029412
296	103	0.022222
296	155	0.033333
296	164	0.032258
296	166	0.032258
296	168	0.032258
296	188	0.038462
296	302	0.045455
296	311	0.052632
296	324	0.041667
296	337	0.050000
296	348	0.050000
296	399	0.058824
297	15	0.011236
297	19	0.007407
297	21	0.010753
297	22	0.008850
297	33	0.010204
297	36	0.011765
297	50	0.016393
297	68	0.018182
297	78	0.020408
297	91	0.022727
297	143	0.033333
297	174	0.027778
297	214	0.045455
297	224	0.043478
297	261	0.050000
297	270	0.035714
297	291	0.040000
297	302	0.045455
297	318	0.058824
297	362	0.052632
297	407	0.055556
297	409	0.055556
298	11	0.022727
298	15	0.011236
298	16	0.017241
298	21	0.010753
298	32	0.009709
298	40	0.011628
298	44	0.013514
298	52	0.012195
298	54	0.016393
298	73	0.017241
298	80	0.022222
298	82	0.023810
298	85	0.019231
298	105	0.020408
298	140	0.027778
298	261	0.050000
298	291	0.040000
298	322	0.050000
299	16	0.017241
299	17	0.006410
299	21	0.010753
299	22	0.008850
299	40	0.011628
299	59	0.025641
299	64	0.016949
299	72	0.014493
299	76	0.020833
299	109	0.035714
299	118	0.026316
299	121	0.031250
299	151	0.032258
299	155	0.033333
299	202	0.043478
299	244	0.038462
299	257	0.037037
299	401	0.058824
299	423	0.058824
300	2	0.009901
300	14	0.010870
300	17	0.006410
300	20	0.007299
300	27	0.016667
300	44	0.013514
300	71	0.014493
300	129	0.029412
300	139	0.028571
300	164	0.032258
300	168	0.032258
300	170	0.037037
300	180	0.025000
300	185	0.050000
300	195	0.037037
300	215	0.034483
300	235	0.045455
300	388	0.052632
300	402	0.058824
301	3	0.018868
301	6	0.015625
301	17	0.006410
301	19	0.007407
301	34	0.010417
301	39	0.014706
301	40	0.011628
301	54	0.016393
301	105	0.020408
301	113	0.024390
301	122	0.035714
301	130	0.037037
301	148	0.026316
301	182	0.031250
301	237	0.037037
301	241	0.041667
301	291	0.040000
301	339	0.055556
301	397	0.052632
302	28	0.015385
302	32	0.009709
302	40	0.011628
302	105	0.020408
302	120	0.027778
302	139	0.028571
302	144	0.033333
302	166	0.032258
302	193	0.040000
302	210	0.038462
302	224	0.043478
302	234	0.038462
302	247	0.040000
302	256	0.034483
302	273	0.043478
302	296	0.043478
302	297	0.045455
302	306	0.050000
302	368	0.052632
302	378	0.055556
302	394	0.058824
302	423	0.058824
303	7	0.011364
303	17	0.006410
303	22	0.008850
303	28	0.015385
303	43	0.015152
303	44	0.013514
303	73	0.017241
303	86	0.025641
303	90	0.031250
303	94	0.035714
303	104	0.027027
303	120	0.027778
303	181	0.033333
303	208	0.032258
303	216	0.047619
303	232	0.045455
303	251	0.052632
303	322	0.050000
303	325	0.052632
303	388	0.052632
303	393	0.055556
303	403	0.052632
303	406	0.055556
304	10	0.009709
304	13	0.011364
304	26	0.014706
304	30	0.023256
304	33	0.010204
304	34	0.010417
304	73	0.017241
304	74	0.023810
304	76	0.020833
304	82	0.023810
304	104	0.027027
304	106	0.020000
304	140	0.027778
304	207	0.038462
304	234	0.038462
304	237	0.037037
304	256	0.034483
304	312	0.055556
304	347	0.058824
304	350	0.052632
304	410	0.055556
305	4	0.014493
305	7	0.011364
305	13	0.011364
305	20	0.007299
305	23	0.010870
305	40	0.011628
305	43	0.015152
305	44	0.013514
305	48	0.013158
305	52	0.012195
305	89	0.021277
305	100	0.031250
305	111	0.022727
305	121	0.031250
305	123	0.041667
305	192	0.045455
305	196	0.034483
306	2	0.009901
306	18	0.006623
306	22	0.008850
306	24	0.010989
306	40	0.011628
306	46	0.012500
306	52	0.012195
306	80	0.022222
306	143	0.033333
306	150	0.035714
306	160	0.040000
306	161	0.038462
306	165	0.038462
306	193	0.040000
306	196	0.034483
306	270	0.035714
306	302	0.045455
306	307	0.043478
306	358	0.052632
306	376	0.055556
307	15	0.011236
307	18	0.006623
307	32	0.009709
307	34	0.010417
307	43	0.015152
307	53	0.017544
307	71	0.014493
307	75	0.016667
307	88	0.023256
307	119	0.035714
307	177	0.029412
307	182	0.031250
307	194	0.037037
307	195	0.037037
307	229	0.037037
307	275	0.045455
307	306	0.050000
307	318	0.058824
307	334	0.050000
307	349	0.055556
307	353	0.050000
307	369	0.052632
307	378	0.055556
308	9	0.012987
308	42	0.012821
308	44	0.013514
308	52	0.012195
308	68	0.018182
308	73	0.017241
308	77	0.018519
308	89	0.021277
308	90	0.031250
308	107	0.023810
308	141	0.022222
308	155	0.033333
308	169	0.040000
308	173	0.027778
308	187	0.040000
308	208	0.032258
308	260	0.045455
308	309	0.045455
308	328	0.050000
308	342	0.052632
308	362	0.052632
308	377	0.055556
308	378	0.055556
308	412	0.058824
309	6	0.015625
309	12	0.015625
309	21	0.010753
309	43	0.015152
309	50	0.016393
309	54	0.016393
309	69	0.016129
309	96	0.023810
309	97	0.025641
309	107	0.023810
309	149	0.030303
309	178	0.035714
309	215	0.034483
309	228	0.045455
309	257	0.037037
309	270	0.035714
309	308	0.041667
309	313	0.047619
309	340	0.055556
309	352	0.055556
309	383	0.058824
309	418	0.058824
310	10	0.009709
310	14	0.010870
310	24	0.010989
310	32	0.009709
310	56	0.020833
310	79	0.025641
310	106	0.020000
310	134	0.027778
310	137	0.027778
310	148	0.026316
310	161	0.038462
310	172	0.030303
310	175	0.035714
310	247	0.040000
310	253	0.052632
310	257	0.037037
310	295	0.052632
311	20	0.007299
311	35	0.013889
311	48	0.013158
311	50	0.016393
311	51	0.018868
311	82	0.023810
311	83	0.017857
311	106	0.020000
311	137	0.027778
311	148	0.026316
311	177	0.029412
311	233	0.043478
311	234	0.038462
311	235	0.045455
311	261	0.050000
311	290	0.047619
311	296	0.043478
311	351	0.052632
311	392	0.058824
312	2	0.009901
312	3	0.018868
312	10	0.009709
312	33	0.010204
312	55	0.019231
312	64	0.016949
312	65	0.017857
312	69	0.016129
312	104	0.027027
312	135	0.034483
312	163	0.031250
312	168	0.032258
312	172	0.030303
312	173	0.027778
312	186	0.040000
312	294	0.050000
312	304	0.047619
312	315	0.055556
313	10	0.009709
313	18	0.006623
313	34	0.010417
313	35	0.013889
313	39	0.014706
313	69	0.016129
313	85	0.019231
313	92	0.028571
313	99	0.027027
313	108	0.027027
313	172	0.030303
313	175	0.035714
313	203	0.032258
313	229	0.037037
313	257	0.037037
313	273	0.043478
313	309	0.045455
313	347	0.058824
313	367	0.052632
313	414	0.058824
313	426	0.058824
314	4	0.014493
314	6	0.015625
314	10	0.009709
314	17	0.006410
314	21	0.010753
314	36	0.011765
314	39	0.014706
314	55	0.019231
314	65	0.017857
314	68	0.018182
314	72	0.014493
314	73	0.017241
314	76	0.020833
314	80	0.022222
314	115	0.032258
314	203	0.032258
314	230	0.050000
314	348	0.050000
314	367	0.052632
315	7	0.011364
315	18	0.006623
315	28	0.015385
315	32	0.009709
315	34	0.010417
315	36	0.011765
315	40	0.011628
315	50	0.016393
315	52	0.012195
315	55	0.019231
315	71	0.014493
315	73	0.017241
315	114	0.030303
315	141	0.022222
315	225	0.038462
315	237	0.037037
315	312	0.055556
315	350	0.052632
316	20	0.007299
316	29	0.020000
316	32	0.009709
316	36	0.011765
316	41	0.015873
316	54	0.016393
316	56	0.020833
316	74	0.023810
316	120	0.027778
316	131	0.025641
316	137	0.027778
316	173	0.027778
316	180	0.025000
316	206	0.045455
316	215	0.034483
316	231	0.038462
316	265	0.043478
316	356	0.050000
317	18	0.006623
317	19	0.007407
317	27	0.016667
317	34	0.010417
317	53	0.017544
317	68	0.018182
317	88	0.023256
317	89	0.021277
317	120	0.027778
317	142	0.033333
317	155	0.033333
317	157	0.037037
317	171	0.031250
317	207	0.038462
317	271	0.041667
317	276	0.047619
317	283	0.052632
317	326	0.055556
317	363	0.052632
318	14	0.010870
318	27	0.016667
318	33	0.010204
318	37	0.016129
318	46	0.012500
318	74	0.023810
318	76	0.020833
318	84	0.018182
318	85	0.019231
318	87	0.028571
318	89	0.021277
318	96	0.023810
318	119	0.035714
318	187	0.040000
318	234	0.038462
318	297	0.045455
318	307	0.043478
319	12	0.015625
319	17	0.006410
319	48	0.013158
319	52	0.012195
319	58	0.035714
319	71	0.014493
319	72	0.014493
319	75	0.016667
319	104	0.027027
319	109	0.035714
319	129	0.029412
319	138	0.024390
319	153	0.041667
319	160	0.040000
319	170	0.037037
319	175	0.035714
319	216	0.047619
319	337	0.050000
320	4	0.014493
320	19	0.007407
320	32	0.009709
320	36	0.011765
320	64	0.016949
320	76	0.020833
320	77	0.018519
320	89	0.021277
320	93	0.043478
320	111	0.022727
320	139	0.028571
320	173	0.027778
320	182	0.031250
320	183	0.037037
320	201	0.025000
320	246	0.038462
320	290	0.047619
320	340	0.055556
320	364	0.055556
320	379	0.055556
320	408	0.058824
320	420	0.058824
321	2	0.009901
321	9	0.012987
321	13	0.011364
321	42	0.012821
321	44	0.013514
321	49	0.019608
321	52	0.012195
321	56	0.020833
321	69	0.016129
321	78	0.020408
321	87	0.028571
321	103	0.022222
321	121	0.031250
321	132	0.030303
321	139	0.028571
321	151	0.032258
321	293	0.047619
321	352	0.055556
321	365	0.050000
322	10	0.009709
322	20	0.007299
322	21	0.010753
322	53	0.017544
322	71	0.014493
322	75	0.016667
322	96	0.023810
322	105	0.020408
322	163	0.031250
322	174	0.027778
322	181	0.033333
322	208	0.032258
322	244	0.038462
322	259	0.040000
322	273	0.043478
322	298	0.055556
322	303	0.043478
322	338	0.052632
322	380	0.058824
322	408	0.058824
323	7	0.011364
323	10	0.009709
323	29	0.020000
323	40	0.011628
323	45	0.011628
323	46	0.012500
323	50	0.016393
323	59	0.025641
323	69	0.016129
323	81	0.019608
323	84	0.018182
323	107	0.023810
323	176	0.031250
323	178	0.035714
323	184	0.037037
323	238	0.043478
323	282	0.052632
323	336	0.055556
323	348	0.050000
323	369	0.052632
323	398	0.058824
324	15	0.011236
324	22	0.008850
324	23	0.010870
324	26	0.014706
324	34	0.010417
324	45	0.011628
324	46	0.012500
324	84	0.018182
324	120	0.027778
324	132	0.030303
324	134	0.027778
324	149	0.030303
324	161	0.038462
324	179	0.040000
324	245	0.050000
324	256	0.034483
324	296	0.043478
324	327	0.052632
324	333	0.043478
324	342	0.052632
324	345	0.052632
324	359	0.050000
324	373	0.058824
324	425	0.062500
325	15	0.011236
325	38	0.013158
325	66	0.023256
325	86	0.025641
325	91	0.022727
325	116	0.027778
325	120	0.027778
325	164	0.032258
325	168	0.032258
325	173	0.027778
325	185	0.050000
325	207	0.038462
325	211	0.038462
325	225	0.038462
325	234	0.038462
325	257	0.037037
325	303	0.043478
325	384	0.055556
325	394	0.058824
326	2	0.009901
326	8	0.020000
326	9	0.012987
326	13	0.011364
326	17	0.006410
326	19	0.007407
326	35	0.013889
326	39	0.014706
326	42	0.012821
326	44	0.013514
326	107	0.023810
326	132	0.030303
326	133	0.028571
326	164	0.032258
326	183	0.037037
326	264	0.041667
326	317	0.052632
326	356	0.050000
327	1	0.024390
327	18	0.006623
327	22	0.008850
327	23	0.010870
327	25	0.012048
327	33	0.010204
327	52	0.012195
327	54	0.016393
327	83	0.017857
327	149	0.030303
327	163	0.031250
327	171	0.031250
327	177	0.029412
327	194	0.037037
327	204	0.037037
327	205	0.041667
327	324	0.041667
327	337	0.050000
327	384	0.055556
328	5	0.019608
328	11	0.022727
328	29	0.020000
328	32	0.009709
328	33	0.010204
328	49	0.019608
328	50	0.016393
328	58	0.035714
328	64	0.016949
328	103	0.022222
328	113	0.024390
328	144	0.033333
328	166	0.032258
328	180	0.025000
328	243	0.040000
328	285	0.052632
328	308	0.041667
328	353	0.050000
328	360	0.052632
328	426	0.058824
329	4	0.014493
329	11	0.022727
329	20	0.007299
329	32	0.009709
329	37	0.016129
329	43	0.015152
329	44	0.013514
329	64	0.016949
329	71	0.014493
329	78	0.020408
329	80	0.022222
329	145	0.037037
329	164	0.032258
329	167	0.035714
329	170	0.037037
329	264	0.041667
329	270	0.035714
329	338	0.052632
329	339	0.055556
329	390	0.047619
330	5	0.019608
330	16	0.017241
330	17	0.006410
330	18	0.006623
330	19	0.007407
330	24	0.010989
330	32	0.009709
330	66	0.023256
330	72	0.014493
330	77	0.018519
330	89	0.021277
330	115	0.032258
330	195	0.037037
330	201	0.025000
330	244	0.038462
330	257	0.037037
330	293	0.047619
330	351	0.052632
330	371	0.050000
330	389	0.058824
331	5	0.019608
331	6	0.015625
331	34	0.010417
331	41	0.015873
331	45	0.011628
331	46	0.012500
331	56	0.020833
331	69	0.016129
331	84	0.018182
331	89	0.021277
331	131	0.025641
331	183	0.037037
331	196	0.034483
331	202	0.043478
331	240	0.038462
331	263	0.050000
331	272	0.045455
331	354	0.058824
331	376	0.055556
331	377	0.055556
331	384	0.055556
331	405	0.058824
331	408	0.058824
332	2	0.009901
332	5	0.019608
332	13	0.011364
332	34	0.010417
332	40	0.011628
332	42	0.012821
332	57	0.024390
332	69	0.016129
332	80	0.022222
332	81	0.019608
332	97	0.025641
332	103	0.022222
332	120	0.027778
332	171	0.031250
332	175	0.035714
332	201	0.025000
332	238	0.043478
332	403	0.052632
332	417	0.058824
333	5	0.019608
333	16	0.017241
333	33	0.010204
333	35	0.013889
333	37	0.016129
333	53	0.017544
333	75	0.016667
333	84	0.018182
333	91	0.022727
333	110	0.029412
333	173	0.027778
333	177	0.029412
333	187	0.040000
333	227	0.045455
333	229	0.037037
333	244	0.038462
333	324	0.041667
333	336	0.055556
333	349	0.055556
333	387	0.058824
333	401	0.058824
333	418	0.058824
333	429	0.058824
334	11	0.022727
334	23	0.010870
334	38	0.013158
334	45	0.011628
334	46	0.012500
334	62	0.027027
334	66	0.023256
334	68	0.018182
334	72	0.014493
334	109	0.035714
334	162	0.032258
334	166	0.032258
334	173	0.027778
334	199	0.045455
334	202	0.043478
334	291	0.040000
334	307	0.043478
334	354	0.058824
334	416	0.058824
334	427	0.058824
335	4	0.014493
335	9	0.012987
335	32	0.009709
335	44	0.013514
335	64	0.016949
335	72	0.014493
335	98	0.021277
335	100	0.031250
335	110	0.029412
335	138	0.024390
335	139	0.028571
335	143	0.033333
335	163	0.031250
335	169	0.040000
335	180	0.025000
335	234	0.038462
335	238	0.043478
335	367	0.052632
336	10	0.009709
336	23	0.010870
336	44	0.013514
336	105	0.020408
336	116	0.027778
336	118	0.026316
336	138	0.024390
336	151	0.032258
336	184	0.037037
336	201	0.025000
336	204	0.037037
336	208	0.032258
336	213	0.052632
336	248	0.047619
336	259	0.040000
336	323	0.047619
336	333	0.043478
336	358	0.052632
337	3	0.018868
337	17	0.006410
337	21	0.010753
337	23	0.010870
337	43	0.015152
337	48	0.013158
337	57	0.024390
337	81	0.019608
337	113	0.024390
337	129	0.029412
337	130	0.037037
337	132	0.030303
337	138	0.024390
337	201	0.025000
337	296	0.043478
337	319	0.055556
337	327	0.052632
337	384	0.055556
337	385	0.055556
337	388	0.052632
338	14	0.010870
338	19	0.007407
338	32	0.009709
338	44	0.013514
338	55	0.019231
338	68	0.018182
338	70	0.023256
338	77	0.018519
338	80	0.022222
338	89	0.021277
338	99	0.027027
338	117	0.027778
338	131	0.025641
338	178	0.035714
338	241	0.041667
338	322	0.050000
338	329	0.050000
338	370	0.050000
338	390	0.047619
339	2	0.009901
339	7	0.011364
339	13	0.011364
339	15	0.011236
339	39	0.014706
339	42	0.012821
339	48	0.013158
339	80	0.022222
339	81	0.019608
339	89	0.021277
339	125	0.040000
339	162	0.032258
339	180	0.025000
339	219	0.047619
339	243	0.040000
339	301	0.052632
339	329	0.050000
339	355	0.055556
340	1	0.024390
340	26	0.014706
340	35	0.013889
340	60	0.027778
340	67	0.017544
340	70	0.023256
340	75	0.016667
340	87	0.028571
340	106	0.020000
340	111	0.022727
340	116	0.027778
340	174	0.027778
340	230	0.050000
340	264	0.041667
340	268	0.040000
340	309	0.045455
340	320	0.045455
340	405	0.058824
341	0	0.022727
341	8	0.020000
341	9	0.012987
341	14	0.010870
341	16	0.017241
341	18	0.006623
341	19	0.007407
341	46	0.012500
341	83	0.017857
341	105	0.020408
341	135	0.034483
341	238	0.043478
341	244	0.038462
341	246	0.038462
341	270	0.035714
341	281	0.047619
341	367	0.052632
342	10	0.009709
342	24	0.010989
342	27	0.016667
342	37	0.016129
342	46	0.012500
342	52	0.012195
342	60	0.027778
342	74	0.023810
342	90	0.031250
342	98	0.021277
342	116	0.027778
342	155	0.033333
342	172	0.030303
342	178	0.035714
342	243	0.040000
342	308	0.041667
342	324	0.041667
342	375	0.058824
342	393	0.055556
343	6	0.015625
343	7	0.011364
343	10	0.009709
343	14	0.010870
343	15	0.011236
343	17	0.006410
343	20	0.007299
343	55	0.019231
343	76	0.020833
343	84	0.018182
343	113	0.024390
343	149	0.030303
343	181	0.033333
343	197	0.040000
343	249	0.043478
343	259	0.040000
343	280	0.045455
343	356	0.050000
343	361	0.058824
343	370	0.050000
343	393	0.055556
343	399	0.058824
344	2	0.009901
344	12	0.015625
344	26	0.014706
344	28	0.015385
344	34	0.010417
344	44	0.013514
344	45	0.011628
344	64	0.016949
344	65	0.017857
344	67	0.017544
344	71	0.014493
344	111	0.022727
344	134	0.027778
344	170	0.037037
344	180	0.025000
344	242	0.040000
344	249	0.043478
344	415	0.058824
345	2	0.009901
345	4	0.014493
345	19	0.007407
345	23	0.010870
345	31	0.038462
345	34	0.010417
345	49	0.019608
345	52	0.012195
345	56	0.020833
345	67	0.017544
345	83	0.017857
345	105	0.020408
345	140	0.027778
345	168	0.032258
345	226	0.041667
345	229	0.037037
345	324	0.041667
345	392	0.058824
345	408	0.058824
346	3	0.018868
346	6	0.015625
346	9	0.012987
346	10	0.009709
346	32	0.009709
346	69	0.016129
346	71	0.014493
346	78	0.020408
346	83	0.017857
346	86	0.025641
346	105	0.020408
346	128	0.030303
346	138	0.024390
346	168	0.032258
346	197	0.040000
346	202	0.043478
346	203	0.032258
346	383	0.058824
346	415	0.058824
347	12	0.015625
347	20	0.007299
347	33	0.010204
347	36	0.011765
347	37	0.016129
347	42	0.012821
347	48	0.013158
347	102	0.021739
347	105	0.020408
347	133	0.028571
347	139	0.028571
347	147	0.033333
347	181	0.033333
347	189	0.045455
347	243	0.040000
347	304	0.047619
347	313	0.047619
348	21	0.010753
348	49	0.019608
348	69	0.016129
348	79	0.025641
348	84	0.018182
348	101	0.029412
348	120	0.027778
348	152	0.041667
348	164	0.032258
348	220	0.047619
348	233	0.043478
348	247	0.040000
348	257	0.037037
348	282	0.052632
348	296	0.043478
348	314	0.052632
348	323	0.047619
348	349	0.055556
348	379	0.055556
348	401	0.058824
349	3	0.018868
349	8	0.020000
349	19	0.007407
349	20	0.007299
349	25	0.012048
349	46	0.012500
349	63	0.047619
349	65	0.017857
349	85	0.019231
349	90	0.031250
349	106	0.020000
349	174	0.027778
349	201	0.025000
349	242	0.040000
349	307	0.043478
349	333	0.043478
349	348	0.050000
349	422	0.058824
350	1	0.024390
350	18	0.006623
350	34	0.010417
350	54	0.016393
350	57	0.024390
350	66	0.023256
350	74	0.023810
350	82	0.023810
350	120	0.027778
350	129	0.029412
350	142	0.033333
350	150	0.035714
350	165	0.038462
350	174	0.027778
350	183	0.037037
350	304	0.047619
350	315	0.055556
350	406	0.055556
350	414	0.058824
351	4	0.014493
351	5	0.019608
351	6	0.015625
351	13	0.011364
351	15	0.011236
351	17	0.006410
351	33	0.010204
351	46	0.012500
351	78	0.020408
351	103	0.022222
351	147	0.033333
351	184	0.037037
351	211	0.038462
351	257	0.037037
351	293	0.047619
351	311	0.052632
351	330	0.050000
351	385	0.055556
351	401	0.058824
352	3	0.018868
352	6	0.015625
352	7	0.011364
352	13	0.011364
352	17	0.006410
352	20	0.007299
352	24	0.010989
352	45	0.011628
352	46	0.012500
352	58	0.035714
352	67	0.017544
352	69	0.016129
352	85	0.019231
352	90	0.031250
352	138	0.024390
352	309	0.045455
352	321	0.052632
352	390	0.047619
353	5	0.019608
353	10	0.009709
353	23	0.010870
353	36	0.011765
353	112	0.034483
353	113	0.024390
353	120	0.027778
353	146	0.032258
353	175	0.035714
353	180	0.025000
353	194	0.037037
353	203	0.032258
353	231	0.038462
353	289	0.047619
353	294	0.050000
353	307	0.043478
353	328	0.050000
353	384	0.055556
353	417	0.058824
353	419	0.058824
354	14	0.010870
354	18	0.006623
354	19	0.007407
354	26	0.014706
354	65	0.017857
354	83	0.017857
354	84	0.018182
354	141	0.022222
354	143	0.033333
354	153	0.041667
354	155	0.033333
354	264	0.041667
354	271	0.041667
354	289	0.047619
354	331	0.043478
354	334	0.050000
354	382	0.058824
355	7	0.011364
355	15	0.011236
355	25	0.012048
355	37	0.016129
355	64	0.016949
355	67	0.017544
355	104	0.027027
355	126	0.045455
355	131	0.025641
355	133	0.028571
355	137	0.027778
355	162	0.032258
355	180	0.025000
355	210	0.038462
355	214	0.045455
355	279	0.050000
355	339	0.055556
355	361	0.058824
356	0	0.022727
356	13	0.011364
356	20	0.007299
356	23	0.010870
356	49	0.019608
356	53	0.017544
356	79	0.025641
356	84	0.018182
356	135	0.034483
356	142	0.033333
356	164	0.032258
356	173	0.027778
356	200	0.038462
356	247	0.040000
356	316	0.055556
356	326	0.055556
356	343	0.045455
356	389	0.058824
356	396	0.058824
356	399	0.058824
357	28	0.015385
357	32	0.009709
357	36	0.011765
357	40	0.011628
357	52	0.012195
357	108	0.027027
357	152	0.041667
357	163	0.031250
357	174	0.027778
357	180	0.025000
357	204	0.037037
357	217	0.047619
357	233	0.043478
357	240	0.038462
357	249	0.043478
357	260	0.045455
357	291	0.040000
357	419	0.058824
358	1	0.024390
358	6	0.015625
358	12	0.015625
358	15	0.011236
358	19	0.007407
358	40	0.011628
358	48	0.013158
358	84	0.018182
358	96	0.023810
358	122	0.035714
358	144	0.033333
358	164	0.032258
358	227	0.045455
358	256	0.034483
358	271	0.041667
358	306	0.050000
358	336	0.055556
358	371	0.050000
358	422	0.058824
359	7	0.011364
359	14	0.010870
359	34	0.010417
359	46	0.012500
359	82	0.023810
359	102	0.021739
359	119	0.035714
359	120	0.027778
359	137	0.027778
359	147	0.033333
359	149	0.030303
359	174	0.027778
359	179	0.040000
359	197	0.040000
359	198	0.037037
359	211	0.038462
359	324	0.041667
359	360	0.052632
359	412	0.058824
359	427	0.058824
360	3	0.018868
360	32	0.009709
360	70	0.023256
360	80	0.022222
360	84	0.018182
360	131	0.025641
360	138	0.024390
360	143	0.033333
360	182	0.031250
360	196	0.034483
360	215	0.034483
360	226	0.041667
360	245	0.050000
360	267	0.050000
360	281	0.047619
360	328	0.050000
360	359	0.050000
360	407	0.055556
360	414	0.058824
361	6	0.015625
361	9	0.012987
361	33	0.010204
361	39	0.014706
361	56	0.020833
361	63	0.047619
361	67	0.017544
361	71	0.014493
361	156	0.052632
361	162	0.032258
361	182	0.031250
361	264	0.041667
361	268	0.040000
361	273	0.043478
361	277	0.045455
361	343	0.045455
361	355	0.055556
362	2	0.009901
362	13	0.011364
362	17	0.006410
362	19	0.007407
362	28	0.015385
362	36	0.011765
362	52	0.012195
362	78	0.020408
362	118	0.026316
362	200	0.038462
362	204	0.037037
362	225	0.038462
362	241	0.041667
362	277	0.045455
362	291	0.040000
362	297	0.045455
362	308	0.041667
362	403	0.052632
362	418	0.058824
363	2	0.009901
363	7	0.011364
363	14	0.010870
363	18	0.006623
363	19	0.007407
363	23	0.010870
363	48	0.013158
363	52	0.012195
363	64	0.016949
363	74	0.023810
363	102	0.021739
363	108	0.027027
363	140	0.027778
363	165	0.038462
363	202	0.043478
363	246	0.038462
363	317	0.052632
363	369	0.052632
363	426	0.058824
364	10	0.009709
364	11	0.022727
364	25	0.012048
364	26	0.014706
364	32	0.009709
364	36	0.011765
364	53	0.017544
364	77	0.018519
364	92	0.028571
364	101	0.029412
364	105	0.020408
364	106	0.020000
364	141	0.022222
364	173	0.027778
364	256	0.034483
364	280	0.045455
364	320	0.045455
364	371	0.050000
365	4	0.014493
365	17	0.006410
365	25	0.012048
365	27	0.016667
365	35	0.013889
365	38	0.013158
365	40	0.011628
365	67	0.017544
365	69	0.016129
365	73	0.017241
365	85	0.019231
365	149	0.030303
365	163	0.031250
365	198	0.037037
365	234	0.038462
365	275	0.045455
365	321	0.052632
365	387	0.058824
365	390	0.047619
365	405	0.058824
366	18	0.006623
366	35	0.013889
366	45	0.011628
366	66	0.023256
366	67	0.017544
366	73	0.017241
366	79	0.025641
366	93	0.043478
366	102	0.021739
366	141	0.022222
366	146	0.032258
366	162	0.032258
366	177	0.029412
366	208	0.032258
366	246	0.038462
366	272	0.045455
366	280	0.045455
366	401	0.058824
366	412	0.058824
367	9	0.012987
367	33	0.010204
367	36	0.011765
367	61	0.038462
367	64	0.016949
367	110	0.029412
367	132	0.030303
367	141	0.022222
367	148	0.026316
367	149	0.030303
367	165	0.038462
367	247	0.040000
367	250	0.043478
367	313	0.047619
367	314	0.052632
367	335	0.055556
367	341	0.058824
367	381	0.058824
367	387	0.058824
368	22	0.008850
368	34	0.010417
368	36	0.011765
368	38	0.013158
368	43	0.015152
368	51	0.018868
368	53	0.017544
368	65	0.017857
368	72	0.014493
368	96	0.023810
368	99	0.027027
368	101	0.029412
368	110	0.029412
368	140	0.027778
368	196	0.034483
368	233	0.043478
368	302	0.045455
368	391	0.055556
368	423	0.058824
369	11	0.022727
369	18	0.006623
369	37	0.016129
369	47	0.015152
369	50	0.016393
369	58	0.035714
369	79	0.025641
369	94	0.035714
369	102	0.021739
369	110	0.029412
369	121	0.031250
369	229	0.037037
369	275	0.045455
369	295	0.052632
369	307	0.043478
369	323	0.047619
369	363	0.052632
369	371	0.050000
369	386	0.055556
370	17	0.006410
370	26	0.014706
370	52	0.012195
370	73	0.017241
370	80	0.022222
370	97	0.025641
370	98	0.021277
370	103	0.022222
370	117	0.027778
370	139	0.028571
370	146	0.032258
370	172	0.030303
370	183	0.037037
370	186	0.040000
370	188	0.038462
370	338	0.052632
370	343	0.045455
370	393	0.055556
370	415	0.058824
370	422	0.058824
371	11	0.022727
371	22	0.008850
371	24	0.010989
371	33	0.010204
371	36	0.011765
371	46	0.012500
371	47	0.015152
371	75	0.016667
371	81	0.019608
371	99	0.027027
371	194	0.037037
371	198	0.037037
371	260	0.045455
371	330	0.050000
371	358	0.052632
371	364	0.055556
371	369	0.052632
371	390	0.047619
371	391	0.055556
371	399	0.058824
372	5	0.019608
372	6	0.015625
372	14	0.010870
372	17	0.006410
372	21	0.010753
372	23	0.010870
372	31	0.038462
372	33	0.010204
372	44	0.013514
372	55	0.019231
372	67	0.017544
372	83	0.017857
372	97	0.025641
372	131	0.025641
372	134	0.027778
372	227	0.045455
372	270	0.035714
372	408	0.058824
373	7	0.011364
373	8	0.020000
373	10	0.009709
373	17	0.006410
373	18	0.006623
373	43	0.015152
373	45	0.011628
373	55	0.019231
373	69	0.016129
373	86	0.025641
373	97	0.025641
373	132	0.030303
373	133	0.028571
373	138	0.024390
373	173	0.027778
373	233	0.043478
373	324	0.041667
374	8	0.020000
374	11	0.022727
374	22	0.008850
374	23	0.010870
374	49	0.019608
374	52	0.012195
374	71	0.014493
374	72	0.014493
374	76	0.020833
374	101	0.029412
374	132	0.030303
374	133	0.028571
374	134	0.027778
374	149	0.030303
374	162	0.032258
374	197	0.040000
374	231	0.038462
375	5	0.019608
375	18	0.006623
375	23	0.010870
375	28	0.015385
375	33	0.010204
375	43	0.015152
375	44	0.013514
375	52	0.012195
375	75	0.016667
375	118	0.026316
375	176	0.031250
375	195	0.037037
375	211	0.038462
375	228	0.045455
375	232	0.045455
375	244	0.038462
375	342	0.052632
376	2	0.009901
376	6	0.015625
376	19	0.007407
376	20	0.007299
376	36	0.011765
376	68	0.018182
376	79	0.025641
376	89	0.021277
376	199	0.045455
376	201	0.025000
376	210	0.038462
376	236	0.040000
376	239	0.052632
376	258	0.050000
376	260	0.045455
376	306	0.050000
376	331	0.043478
376	389	0.058824
377	9	0.012987
377	12	0.015625
377	15	0.011236
377	16	0.017241
377	25	0.012048
377	29	0.020000
377	46	0.012500
377	52	0.012195
377	56	0.020833
377	65	0.017857
377	76	0.020833
377	84	0.018182
377	174	0.027778
377	249	0.043478
377	256	0.034483
377	308	0.041667
377	331	0.043478
377	405	0.058824
378	1	0.024390
378	18	0.006623
378	20	0.007299
378	33	0.010204
378	39	0.014706
378	80	0.022222
378	106	0.020000
378	154	0.045455
378	162	0.032258
378	176	0.031250
378	177	0.029412
378	237	0.037037
378	247	0.040000
378	263	0.050000
378	302	0.045455
378	307	0.043478
378	308	0.041667
378	391	0.055556
379	10	0.009709
379	15	0.011236
379	19	0.007407
379	21	0.010753
379	22	0.008850
379	39	0.014706
379	75	0.016667
379	81	0.019608
379	98	0.021277
379	106	0.020000
379	141	0.022222
379	163	0.031250
379	216	0.047619
379	288	0.052632
379	291	0.040000
379	320	0.045455
379	348	0.050000
379	399	0.058824
380	9	0.012987
380	10	0.009709
380	11	0.022727
380	15	0.011236
380	16	0.017241
380	17	0.006410
380	19	0.007407
380	45	0.011628
380	93	0.043478
380	142	0.033333
380	157	0.037037
380	161	0.038462
380	184	0.037037
380	264	0.041667
380	271	0.041667
380	283	0.052632
380	322	0.050000
381	7	0.011364
381	19	0.007407
381	41	0.015873
381	53	0.017544
381	81	0.019608
381	94	0.035714
381	96	0.023810
381	98	0.021277
381	106	0.020000
381	128	0.030303
381	129	0.029412
381	139	0.028571
381	147	0.033333
381	164	0.032258
381	180	0.025000
381	208	0.032258
381	367	0.052632
382	7	0.011364
382	10	0.009709
382	35	0.013889
382	38	0.013158
382	65	0.017857
382	75	0.016667
382	77	0.018519
382	113	0.024390
382	146	0.032258
382	180	0.025000
382	197	0.040000
382	237	0.037037
382	241	0.041667
382	271	0.041667
382	276	0.047619
382	291	0.040000
382	354	0.058824
383	7	0.011364
383	12	0.015625
383	14	0.010870
383	35	0.013889
383	40	0.011628
383	55	0.019231
383	69	0.016129
383	78	0.020408
383	83	0.017857
383	109	0.035714
383	172	0.030303
383	173	0.027778
383	180	0.025000
383	259	0.040000
383	274	0.050000
383	309	0.045455
383	346	0.052632
384	15	0.011236
384	32	0.009709
384	51	0.018868
384	108	0.027027
384	113	0.024390
384	132	0.030303
384	142	0.033333
384	171	0.031250
384	202	0.043478
384	248	0.047619
384	256	0.034483
384	270	0.035714
384	325	0.052632
384	327	0.052632
384	331	0.043478
384	337	0.050000
384	353	0.050000
384	410	0.055556
385	1	0.024390
385	15	0.011236
385	17	0.006410
385	19	0.007407
385	39	0.014706
385	55	0.019231
385	57	0.024390
385	76	0.020833
385	81	0.019608
385	99	0.027027
385	143	0.033333
385	157	0.037037
385	166	0.032258
385	196	0.034483
385	208	0.032258
385	337	0.050000
385	351	0.052632
385	407	0.055556
386	10	0.009709
386	34	0.010417
386	42	0.012821
386	43	0.015152
386	55	0.019231
386	66	0.023256
386	68	0.018182
386	101	0.029412
386	111	0.022727
386	141	0.022222
386	143	0.033333
386	198	0.037037
386	207	0.038462
386	225	0.038462
386	236	0.040000
386	246	0.038462
386	369	0.052632
386	420	0.058824
387	6	0.015625
387	10	0.009709
387	16	0.017241
387	34	0.010417
387	76	0.020833
387	99	0.027027
387	106	0.020000
387	108	0.027027
387	117	0.027778
387	165	0.038462
387	174	0.027778
387	193	0.040000
387	225	0.038462
387	235	0.045455
387	333	0.043478
387	365	0.050000
387	367	0.052632
388	3	0.018868
388	10	0.009709
388	15	0.011236
388	30	0.023256
388	36	0.011765
388	64	0.016949
388	98	0.021277
388	133	0.028571
388	145	0.037037
388	178	0.035714
388	186	0.040000
388	276	0.047619
388	290	0.047619
388	293	0.047619
388	300	0.052632
388	303	0.043478
388	337	0.050000
388	400	0.058824
388	403	0.052632
389	5	0.019608
389	17	0.006410
389	42	0.012821
389	54	0.016393
389	69	0.016129
389	75	0.016667
389	85	0.019231
389	95	0.038462
389	108	0.027027
389	128	0.030303
389	150	0.035714
389	167	0.035714
389	209	0.038462
389	280	0.045455
389	330	0.050000
389	356	0.050000
389	376	0.055556
390	18	0.006623
390	39	0.014706
390	56	0.020833
390	72	0.014493
390	73	0.017241
390	87	0.028571
390	105	0.020408
390	164	0.032258
390	165	0.038462
390	225	0.038462
390	231	0.038462
390	235	0.045455
390	329	0.050000
390	338	0.052632
390	352	0.055556
390	365	0.050000
390	371	0.050000
390	401	0.058824
390	406	0.055556
390	407	0.055556
390	417	0.058824
391	21	0.010753
391	22	0.008850
391	45	0.011628
391	48	0.013158
391	54	0.016393
391	74	0.023810
391	92	0.028571
391	95	0.038462
391	107	0.023810
391	108	0.027027
391	210	0.038462
391	236	0.040000
391	243	0.040000
391	266	0.052632
391	368	0.052632
391	371	0.050000
391	378	0.055556
391	407	0.055556
392	20	0.007299
392	32	0.009709
392	39	0.014706
392	43	0.015152
392	60	0.027778
392	68	0.018182
392	69	0.016129
392	75	0.016667
392	77	0.018519
392	89	0.021277
392	102	0.021739
392	133	0.028571
392	161	0.038462
392	274	0.050000
392	287	0.055556
392	311	0.052632
392	345	0.052632
393	17	0.006410
393	29	0.020000
393	33	0.010204
393	45	0.011628
393	69	0.016129
393	113	0.024390
393	146	0.032258
393	198	0.037037
393	222	0.050000
393	250	0.043478
393	259	0.040000
393	280	0.045455
393	285	0.052632
393	303	0.043478
393	342	0.052632
393	343	0.045455
393	370	0.050000
393	425	0.062500
394	3	0.018868
394	9	0.012987
394	32	0.009709
394	36	0.011765
394	65	0.017857
394	67	0.017544
394	80	0.022222
394	130	0.037037
394	137	0.027778
394	142	0.033333
394	148	0.026316
394	160	0.040000
394	204	0.037037
394	242	0.040000
394	244	0.038462
394	302	0.045455
394	325	0.052632
395	2	0.009901
395	6	0.015625
395	24	0.010989
395	33	0.010204
395	42	0.012821
395	48	0.013158
395	86	0.025641
395	92	0.028571
395	97	0.025641
395	108	0.027027
395	164	0.032258
395	205	0.041667
395	206	0.045455
395	214	0.045455
395	218	0.055556
395	220	0.047619
395	260	0.045455
395	415	0.058824
395	417	0.058824
396	5	0.019608
396	6	0.015625
396	19	0.007407
396	22	0.008850
396	25	0.012048
396	40	0.011628
396	42	0.012821
396	44	0.013514
396	45	0.011628
396	52	0.012195
396	72	0.014493
396	113	0.024390
396	136	0.034483
396	148	0.026316
396	178	0.035714
396	203	0.032258
396	356	0.050000
397	3	0.018868
397	7	0.011364
397	10	0.009709
397	15	0.011236
397	17	0.006410
397	26	0.014706
397	27	0.016667
397	32	0.009709
397	55	0.019231
397	62	0.027027
397	112	0.034483
397	145	0.037037
397	241	0.041667
397	255	0.050000
397	256	0.034483
397	268	0.040000
397	301	0.052632
397	411	0.058824
397	416	0.058824
398	10	0.009709
398	19	0.007407
398	32	0.009709
398	40	0.011628
398	53	0.017544
398	61	0.038462
398	67	0.017544
398	81	0.019608
398	105	0.020408
398	112	0.034483
398	131	0.025641
398	141	0.022222
398	143	0.033333
398	193	0.040000
398	200	0.038462
398	277	0.045455
398	323	0.047619
399	13	0.011364
399	15	0.011236
399	33	0.010204
399	34	0.010417
399	45	0.011628
399	92	0.028571
399	103	0.022222
399	116	0.027778
399	121	0.031250
399	134	0.027778
399	149	0.030303
399	225	0.038462
399	296	0.043478
399	343	0.045455
399	356	0.050000
399	371	0.050000
399	379	0.055556
400	10	0.009709
400	20	0.007299
400	25	0.012048
400	45	0.011628
400	64	0.016949
400	67	0.017544
400	76	0.020833
400	82	0.023810
400	85	0.019231
400	89	0.021277
400	126	0.045455
400	160	0.040000
400	188	0.038462
400	217	0.047619
400	225	0.038462
400	242	0.040000
400	388	0.052632
401	2	0.009901
401	13	0.011364
401	47	0.015152
401	56	0.020833
401	94	0.035714
401	104	0.027027
401	134	0.027778
401	203	0.032258
401	228	0.045455
401	288	0.052632
401	290	0.047619
401	299	0.052632
401	333	0.043478
401	348	0.050000
401	351	0.052632
401	366	0.052632
401	390	0.047619
402	9	0.012987
402	14	0.010870
402	27	0.016667
402	34	0.010417
402	40	0.011628
402	47	0.015152
402	61	0.038462
402	117	0.027778
402	132	0.030303
402	141	0.022222
402	155	0.033333
402	171	0.031250
402	173	0.027778
402	195	0.037037
402	204	0.037037
402	262	0.047619
402	300	0.052632
403	7	0.011364
403	19	0.007407
403	22	0.008850
403	45	0.011628
403	47	0.015152
403	48	0.013158
403	70	0.023256
403	78	0.020408
403	81	0.019608
403	98	0.021277
403	162	0.032258
403	205	0.041667
403	244	0.038462
403	303	0.043478
403	332	0.052632
403	362	0.052632
403	388	0.052632
403	417	0.058824
403	426	0.058824
404	35	0.013889
404	39	0.014706
404	42	0.012821
404	43	0.015152
404	48	0.013158
404	84	0.018182
404	85	0.019231
404	100	0.031250
404	104	0.027027
404	172	0.030303
404	177	0.029412
404	188	0.038462
404	242	0.040000
404	252	0.055556
404	257	0.037037
404	265	0.043478
404	276	0.047619
405	1	0.024390
405	6	0.015625
405	8	0.020000
405	9	0.012987
405	10	0.009709
405	20	0.007299
405	35	0.013889
405	93	0.043478
405	96	0.023810
405	108	0.027027
405	205	0.041667
405	231	0.038462
405	246	0.038462
405	331	0.043478
405	340	0.055556
405	365	0.050000
405	377	0.055556
406	24	0.010989
406	32	0.009709
406	51	0.018868
406	64	0.016949
406	70	0.023256
406	97	0.025641
406	117	0.027778
406	130	0.037037
406	190	0.043478
406	201	0.025000
406	207	0.038462
406	262	0.047619
406	268	0.040000
406	273	0.043478
406	303	0.043478
406	350	0.052632
406	390	0.047619
406	409	0.055556
407	2	0.009901
407	8	0.020000
407	9	0.012987
407	10	0.009709
407	36	0.011765
407	43	0.015152
407	64	0.016949
407	67	0.017544
407	98	0.021277
407	129	0.029412
407	208	0.032258
407	228	0.045455
407	297	0.045455
407	360	0.052632
407	385	0.055556
407	390	0.047619
407	391	0.055556
407	411	0.058824
408	2	0.009901
408	10	0.009709
408	29	0.020000
408	34	0.010417
408	47	0.015152
408	67	0.017544
408	95	0.038462
408	100	0.031250
408	151	0.032258
408	167	0.035714
408	190	0.043478
408	279	0.050000
408	320	0.045455
408	322	0.050000
408	331	0.043478
408	345	0.052632
408	372	0.055556
409	15	0.011236
409	24	0.010989
409	47	0.015152
409	49	0.019608
409	50	0.016393
409	64	0.016949
409	113	0.024390
409	121	0.031250
409	129	0.029412
409	148	0.026316
409	201	0.025000
409	230	0.050000
409	231	0.038462
409	275	0.045455
409	294	0.050000
409	297	0.045455
409	406	0.055556
409	419	0.058824
410	7	0.011364
410	19	0.007407
410	21	0.010753
410	38	0.013158
410	49	0.019608
410	53	0.017544
410	54	0.016393
410	74	0.023810
410	84	0.018182
410	97	0.025641
410	102	0.021739
410	179	0.040000
410	240	0.038462
410	277	0.045455
410	289	0.047619
410	304	0.047619
410	384	0.055556
410	428	0.058824
411	9	0.012987
411	18	0.006623
411	20	0.007299
411	40	0.011628
411	98	0.021277
411	102	0.021739
411	110	0.029412
411	141	0.022222
411	148	0.026316
411	161	0.038462
411	192	0.045455
411	201	0.025000
411	203	0.032258
411	241	0.041667
411	242	0.040000
411	397	0.052632
411	407	0.055556
412	17	0.006410
412	35	0.013889
412	48	0.013158
412	66	0.023256
412	75	0.016667
412	97	0.025641
412	98	0.021277
412	111	0.022727
412	163	0.031250
412	172	0.030303
412	203	0.032258
412	256	0.034483
412	274	0.050000
412	289	0.047619
412	308	0.041667
412	359	0.050000
412	366	0.052632
413	2	0.009901
413	5	0.019608
413	9	0.012987
413	50	0.016393
413	64	0.016949
413	70	0.023256
413	100	0.031250
413	103	0.022222
413	129	0.029412
413	132	0.030303
413	133	0.028571
413	134	0.027778
413	135	0.034483
413	140	0.027778
413	171	0.031250
413	178	0.035714
413	253	0.052632
414	17	0.006410
414	19	0.007407
414	34	0.010417
414	39	0.014706
414	70	0.023256
414	76	0.020833
414	140	0.027778
414	141	0.022222
414	144	0.033333
414	158	0.052632
414	168	0.032258
414	172	0.030303
414	238	0.043478
414	265	0.043478
414	313	0.047619
414	350	0.052632
414	360	0.052632
415	10	0.009709
415	39	0.014706
415	67	0.017544
415	70	0.023256
415	78	0.020408
415	107	0.023810
415	109	0.035714
415	113	0.024390
415	118	0.026316
415	124	0.047619
415	178	0.035714
415	181	0.033333
415	266	0.052632
415	344	0.055556
415	346	0.052632
415	370	0.050000
415	395	0.052632
416	14	0.010870
416	25	0.012048
416	28	0.015385
416	47	0.015152
416	59	0.025641
416	70	0.023256
416	72	0.014493
416	78	0.020408
416	81	0.019608
416	100	0.031250
416	115	0.032258
416	122	0.035714
416	150	0.035714
416	152	0.041667
416	236	0.040000
416	334	0.050000
416	397	0.052632
417	13	0.011364
417	16	0.017241
417	17	0.006410
417	18	0.006623
417	29	0.020000
417	45	0.011628
417	52	0.012195
417	106	0.020000
417	107	0.023810
417	122	0.035714
417	182	0.031250
417	241	0.041667
417	332	0.052632
417	353	0.050000
417	390	0.047619
417	395	0.052632
417	403	0.052632
418	16	0.017241
418	22	0.008850
418	25	0.012048
418	26	0.014706
418	46	0.012500
418	92	0.028571
418	102	0.021739
418	128	0.030303
418	161	0.038462
418	172	0.030303
418	180	0.025000
418	182	0.031250
418	193	0.040000
418	259	0.040000
418	309	0.045455
418	333	0.043478
418	362	0.052632
419	0	0.022727
419	13	0.011364
419	36	0.011765
419	40	0.011628
419	41	0.015873
419	65	0.017857
419	80	0.022222
419	107	0.023810
419	152	0.041667
419	164	0.032258
419	206	0.045455
419	240	0.038462
419	247	0.040000
419	249	0.043478
419	353	0.050000
419	357	0.055556
419	409	0.055556
420	3	0.018868
420	33	0.010204
420	34	0.010417
420	36	0.011765
420	37	0.016129
420	38	0.013158
420	40	0.011628
420	43	0.015152
420	68	0.018182
420	101	0.029412
420	103	0.022222
420	134	0.027778
420	142	0.033333
420	171	0.031250
420	215	0.034483
420	320	0.045455
420	386	0.055556
421	7	0.011364
421	9	0.012987
421	33	0.010204
421	51	0.018868
421	52	0.012195
421	53	0.017544
421	60	0.027778
421	66	0.023256
421	82	0.023810
421	87	0.028571
421	104	0.027027
421	111	0.022727
421	125	0.040000
421	134	0.027778
421	207	0.038462
421	213	0.052632
421	264	0.041667
422	4	0.014493
422	12	0.015625
422	21	0.010753
422	26	0.014706
422	33	0.010204
422	47	0.015152
422	64	0.016949
422	66	0.023256
422	76	0.020833
422	77	0.018519
422	102	0.021739
422	189	0.045455
422	210	0.038462
422	243	0.040000
422	349	0.055556
422	358	0.052632
422	370	0.050000
423	8	0.020000
423	10	0.009709
423	23	0.010870
423	35	0.013889
423	44	0.013514
423	45	0.011628
423	51	0.018868
423	54	0.016393
423	68	0.018182
423	71	0.014493
423	72	0.014493
423	102	0.021739
423	137	0.027778
423	215	0.034483
423	299	0.052632
423	302	0.045455
423	368	0.052632
424	1	0.024390
424	16	0.017241
424	17	0.006410
424	19	0.007407
424	24	0.010989
424	34	0.010417
424	40	0.011628
424	72	0.014493
424	76	0.020833
424	106	0.020000
424	136	0.034483
424	141	0.022222
424	145	0.037037
424	171	0.031250
424	180	0.025000
424	209	0.038462
424	224	0.043478
425	12	0.015625
425	15	0.011236
425	18	0.006623
425	44	0.013514
425	50	0.016393
425	53	0.017544
425	78	0.020408
425	136	0.034483
425	151	0.032258
425	154	0.045455
425	161	0.038462
425	233	0.043478
425	256	0.034483
425	292	0.052632
425	324	0.041667
425	393	0.055556
426	44	0.013514
426	62	0.027027
426	76	0.020833
426	83	0.017857
426	87	0.028571
426	88	0.023256
426	126	0.045455
426	137	0.027778
426	145	0.037037
426	148	0.026316
426	174	0.027778
426	184	0.037037
426	243	0.040000
426	313	0.047619
426	328	0.050000
426	363	0.052632
426	403	0.052632
427	10	0.009709
427	14	0.010870
427	15	0.011236
427	27	0.016667
427	28	0.015385
427	42	0.012821
427	56	0.020833
427	68	0.018182
427	120	0.027778
427	138	0.024390
427	166	0.032258
427	170	0.037037
427	201	0.025000
427	214	0.045455
427	268	0.040000
427	334	0.050000
427	359	0.050000
428	18	0.006623
428	28	0.015385
428	38	0.013158
428	50	0.016393
428	52	0.012195
428	71	0.014493
428	75	0.016667
428	83	0.017857
428	106	0.020000
428	129	0.029412
428	138	0.024390
428	168	0.032258
428	173	0.027778
428	198	0.037037
428	229	0.037037
428	265	0.043478
428	410	0.055556
429	1	0.024390
429	6	0.015625
429	16	0.017241
429	36	0.011765
429	53	0.017544
429	55	0.019231
429	69	0.016129
429	74	0.023810
429	84	0.018182
429	113	0.024390
429	131	0.025641
429	135	0.034483
429	208	0.032258
429	220	0.047619
429	250	0.043478
429	272	0.045455
429	333	0.043478
