386	11054
0	15	0.008929
0	16	0.007519
0	17	0.008197
0	18	0.010204
0	21	0.009346
0	24	0.018868
0	25	0.022222
0	27	0.018868
0	28	0.029412
0	30	0.024390
0	32	0.010638
0	40	0.014085
0	43	0.013699
0	44	0.018519
0	48	0.014925
0	49	0.017857
0	51	0.020833
0	57	0.025000
0	65	0.017857
0	69	0.019231
0	71	0.025000
0	74	0.028571
0	88	0.034483
0	91	0.034483
0	96	0.018519
0	98	0.031250
0	103	0.031250
0	116	0.027027
0	121	0.045455
0	123	0.040000
0	129	0.031250
0	134	0.033333
0	137	0.050000
0	140	0.043478
0	145	0.028571
0	150	0.040000
0	156	0.043478
0	172	0.047619
0	185	0.045455
0	203	0.035714
0	209	0.052632
0	228	0.058824
0	229	0.040000
0	250	0.058824
0	257	0.050000
0	267	0.055556
0	269	0.055556
0	287	0.058824
0	289	0.050000
0	293	0.058824
0	314	0.058824
0	318	0.066667
0	337	0.058824
0	350	0.066667
0	353	0.066667
0	380	0.066667
1	15	0.008929
1	16	0.007519
1	17	0.008197
1	19	0.007692
1	20	0.008547
1	21	0.009346
1	22	0.012821
1	23	0.020000
1	26	0.031250
1	28	0.029412
1	29	0.023810
1	30	0.024390
1	35	0.015152
1	36	0.025641
1	37	0.018182
1	40	0.014085
1	41	0.014925
1	42	0.016667
1	46	0.018519
1	47	0.021739
1	53	0.023256
1	54	0.027027
1	57	0.025000
1	59	0.032258
1	60	0.029412
1	64	0.031250
1	69	0.019231
1	70	0.038462
1	73	0.026316
1	75	0.027778
1	76	0.026316
1	84	0.038462
1	91	0.034483
1	93	0.043478
1	101	0.040000
1	104	0.037037
1	105	0.028571
1	107	0.025641
1	109	0.029412
1	110	0.032258
1	123	0.040000
1	125	0.038462
1	128	0.032258
1	130	0.029412
1	132	0.040000
1	134	0.033333
1	136	0.030303
1	139	0.029412
1	146	0.041667
1	148	0.045455
1	151	0.043478
1	153	0.047619
1	154	0.045455
1	155	0.047619
1	156	0.043478
1	158	0.055556
1	159	0.052632
1	161	0.032258
1	170	0.050000
1	173	0.047619
1	184	0.041667
1	186	0.050000
1	189	0.043478
1	195	0.052632
1	196	0.047619
1	197	0.055556
1	201	0.052632
1	205	0.062500
1	206	0.055556
1	220	0.058824
1	229	0.040000
1	231	0.055556
1	237	0.052632
1	241	0.058824
1	245	0.047619
1	246	0.062500
1	248	0.062500
1	253	0.062500
1	255	0.062500
1	273	0.055556
1	278	0.047619
1	291	0.058824
1	298	0.055556
1	309	0.052632
1	310	0.052632
1	311	0.052632
1	313	0.055556
1	327	0.062500
1	334	0.062500
1	355	0.066667
1	363	0.071429
1	374	0.062500
1	376	0.066667
1	377	0.066667
1	380	0.066667
1	383	0.066667
2	15	0.008929
2	16	0.007519
2	17	0.008197
2	18	0.010204
2	19	0.007692
2	22	0.012821
2	26	0.031250
2	31	0.038462
2	34	0.015152
2	38	0.015625
2	41	0.014925
2	42	0.016667
2	47	0.021739
2	62	0.035714
2	63	0.058824
2	64	0.031250
2	68	0.026316
2	80	0.027778
2	89	0.034483
2	96	0.018519
2	100	0.028571
2	111	0.043478
2	137	0.050000
2	153	0.047619
2	161	0.032258
2	167	0.037037
2	169	0.052632
2	171	0.045455
2	182	0.050000
2	213	0.032258
2	259	0.045455
2	262	0.055556
2	271	0.052632
2	273	0.055556
2	288	0.055556
2	292	0.052632
2	321	0.066667
2	329	0.066667
2	348	0.066667
2	373	0.066667
3	15	0.008929
3	16	0.007519
3	17	0.008197
3	18	0.010204
3	20	0.008547
3	21	0.009346
3	22	0.012821
3	25	0.022222
3	26	0.031250
3	27	0.018868
3	28	0.029412
3	37	0.018182
3	39	0.012821
3	54	0.027027
3	56	0.032258
3	58	0.025641
3	60	0.029412
3	64	0.031250
3	71	0.025000
3	72	0.022222
3	74	0.028571
3	82	0.020408
3	84	0.038462
3	88	0.034483
3	95	0.043478
3	100	0.028571
3	112	0.040000
3	114	0.033333
3	121	0.045455
3	131	0.032258
3	169	0.052632
3	172	0.047619
3	175	0.050000
3	202	0.050000
3	224	0.041667
3	232	0.050000
3	249	0.045455
3	257	0.050000
3	267	0.055556
3	274	0.050000
3	288	0.055556
3	291	0.058824
3	294	0.055556
3	300	0.062500
3	325	0.062500
3	332	0.062500
3	334	0.062500
3	375	0.066667
4	15	0.008929
4	16	0.007519
4	17	0.008197
4	18	0.010204
4	19	0.007692
4	20	0.008547
4	21	0.009346
4	23	0.020000
4	24	0.018868
4	25	0.022222
4	26	0.031250
4	27	0.018868
4	29	0.023810
4	31	0.038462
4	32	0.010638
4	34	0.015152
4	37	0.018182
4	38	0.015625
4	39	0.012821
4	40	0.014085
4	42	0.016667
4	44	0.018519
4	46	0.018519
4	47	0.021739
4	49	0.017857
4	50	0.026316
4	51	0.020833
4	53	0.023256
4	54	0.027027
4	66	0.019231
4	67	0.030303
4	69	0.019231
4	71	0.025000
4	72	0.022222
4	78	0.034483
4	79	0.026316
4	82	0.020408
4	85	0.027778
4	88	0.034483
4	89	0.034483
4	94	0.043478
4	95	0.043478
4	99	0.025641
4	101	0.040000
4	107	0.025641
4	109	0.029412
4	115	0.031250
4	116	0.027027
4	120	0.043478
4	123	0.040000
4	124	0.052632
4	131	0.032258
4	132	0.040000
4	135	0.038462
4	136	0.030303
4	142	0.034483
4	144	0.045455
4	154	0.045455
4	157	0.041667
4	160	0.041667
4	166	0.040000
4	168	0.038462
4	180	0.040000
4	182	0.050000
4	185	0.045455
4	186	0.050000
4	187	0.041667
4	189	0.043478
4	195	0.052632
4	209	0.052632
4	227	0.055556
4	253	0.062500
4	263	0.047619
4	264	0.050000
4	266	0.047619
4	270	0.055556
4	276	0.058824
4	282	0.052632
4	290	0.052632
4	296	0.058824
4	298	0.055556
4	300	0.062500
4	306	0.062500
4	311	0.052632
4	315	0.066667
4	330	0.066667
4	332	0.062500
4	339	0.062500
4	342	0.062500
4	346	0.066667
4	347	0.062500
4	356	0.062500
4	357	0.062500
4	381	0.066667
4	384	0.066667
5	15	0.008929
5	16	0.007519
5	17	0.008197
5	18	0.010204
5	19	0.007692
5	20	0.008547
5	22	0.012821
5	23	0.020000
5	24	0.018868
5	25	0.022222
5	29	0.023810
5	31	0.038462
5	32	0.010638
5	33	0.013333
5	35	0.015152
5	38	0.015625
5	39	0.012821
5	41	0.014925
5	44	0.018519
5	50	0.026316
5	51	0.020833
5	52	0.014925
5	53	0.023256
5	55	0.017241
5	56	0.032258
5	62	0.035714
5	65	0.017857
5	70	0.038462
5	75	0.027778
5	77	0.026316
5	81	0.035714
5	83	0.023256
5	85	0.027778
5	86	0.027778
5	87	0.027027
5	90	0.038462
5	93	0.043478
5	95	0.043478
5	103	0.031250
5	106	0.025641
5	111	0.043478
5	112	0.040000
5	116	0.027027
5	128	0.032258
5	141	0.038462
5	142	0.034483
5	146	0.041667
5	149	0.030303
5	150	0.040000
5	160	0.041667
5	164	0.031250
5	168	0.038462
5	169	0.052632
5	170	0.050000
5	171	0.045455
5	172	0.047619
5	174	0.043478
5	178	0.043478
5	181	0.043478
5	183	0.052632
5	191	0.058824
5	194	0.050000
5	198	0.052632
5	203	0.035714
5	209	0.052632
5	210	0.040000
5	212	0.043478
5	220	0.058824
5	225	0.041667
5	234	0.045455
5	241	0.058824
5	245	0.047619
5	247	0.043478
5	257	0.050000
5	259	0.045455
5	261	0.050000
5	262	0.055556
5	280	0.055556
5	281	0.062500
5	292	0.052632
5	294	0.055556
5	297	0.050000
5	299	0.047619
5	307	0.058824
5	308	0.058824
5	316	0.066667
5	330	0.066667
5	348	0.066667
5	358	0.062500
5	367	0.066667
5	377	0.066667
6	15	0.008929
6	16	0.007519
6	17	0.008197
6	20	0.008547
6	21	0.009346
6	22	0.012821
6	23	0.020000
6	24	0.018868
6	25	0.022222
6	26	0.031250
6	28	0.029412
6	29	0.023810
6	36	0.025641
6	39	0.012821
6	42	0.016667
6	43	0.013699
6	46	0.018519
6	48	0.014925
6	51	0.020833
6	73	0.026316
6	76	0.026316
6	77	0.026316
6	79	0.026316
6	81	0.035714
6	86	0.027778
6	92	0.043478
6	95	0.043478
6	96	0.018519
6	99	0.025641
6	105	0.028571
6	108	0.034483
6	112	0.040000
6	121	0.045455
6	123	0.040000
6	125	0.038462
6	127	0.058824
6	144	0.045455
6	154	0.045455
6	167	0.037037
6	169	0.052632
6	178	0.043478
6	182	0.050000
6	183	0.052632
6	193	0.050000
6	200	0.045455
6	225	0.041667
6	226	0.047619
6	233	0.058824
6	236	0.047619
6	237	0.052632
6	253	0.062500
6	279	0.062500
6	309	0.052632
6	315	0.066667
6	323	0.058824
6	328	0.062500
6	374	0.062500
6	378	0.066667
7	15	0.008929
7	16	0.007519
7	18	0.010204
7	19	0.007692
7	20	0.008547
7	22	0.012821
7	24	0.018868
7	25	0.022222
7	27	0.018868
7	29	0.023810
7	31	0.038462
7	53	0.023256
7	58	0.025641
7	63	0.058824
7	80	0.027778
7	83	0.023256
7	91	0.034483
7	92	0.043478
7	94	0.043478
7	101	0.040000
7	102	0.027027
7	139	0.029412
7	164	0.031250
7	168	0.038462
7	177	0.040000
7	191	0.058824
7	192	0.052632
7	194	0.050000
7	206	0.055556
7	224	0.041667
7	225	0.041667
7	238	0.055556
7	253	0.062500
7	266	0.047619
7	273	0.055556
7	277	0.058824
7	290	0.052632
7	291	0.058824
7	311	0.052632
7	314	0.058824
7	344	0.058824
7	354	0.071429
7	360	0.066667
7	364	0.062500
7	371	0.066667
7	385	0.066667
8	15	0.008929
8	16	0.007519
8	17	0.008197
8	18	0.010204
8	19	0.007692
8	23	0.020000
8	24	0.018868
8	25	0.022222
8	28	0.029412
8	29	0.023810
8	30	0.024390
8	33	0.013333
8	34	0.015152
8	36	0.025641
8	43	0.013699
8	44	0.018519
8	45	0.013699
8	47	0.021739
8	50	0.026316
8	68	0.026316
8	74	0.028571
8	79	0.026316
8	94	0.043478
8	111	0.043478
8	117	0.038462
8	119	0.043478
8	128	0.032258
8	138	0.043478
8	153	0.047619
8	160	0.041667
8	168	0.038462
8	172	0.047619
8	221	0.058824
8	269	0.055556
8	273	0.055556
8	276	0.058824
8	285	0.052632
8	292	0.052632
8	302	0.055556
8	333	0.058824
8	373	0.066667
9	15	0.008929
9	16	0.007519
9	17	0.008197
9	18	0.010204
9	19	0.007692
9	20	0.008547
9	21	0.009346
9	22	0.012821
9	23	0.020000
9	24	0.018868
9	25	0.022222
9	26	0.031250
9	27	0.018868
9	31	0.038462
9	32	0.010638
9	33	0.013333
9	34	0.015152
9	37	0.018182
9	38	0.015625
9	40	0.014085
9	42	0.016667
9	46	0.018519
9	47	0.021739
9	48	0.014925
9	51	0.020833
9	54	0.027027
9	55	0.017241
9	62	0.035714
9	64	0.031250
9	65	0.017857
9	68	0.026316
9	71	0.025000
9	74	0.028571
9	77	0.026316
9	78	0.034483
9	81	0.035714
9	86	0.027778
9	87	0.027027
9	90	0.038462
9	95	0.043478
9	97	0.024390
9	100	0.028571
9	113	0.040000
9	120	0.043478
9	123	0.040000
9	124	0.052632
9	135	0.038462
9	136	0.030303
9	138	0.043478
9	142	0.034483
9	143	0.037037
9	147	0.034483
9	148	0.045455
9	151	0.043478
9	154	0.045455
9	157	0.041667
9	159	0.052632
9	163	0.033333
9	164	0.031250
9	166	0.040000
9	171	0.045455
9	174	0.043478
9	177	0.040000
9	179	0.045455
9	180	0.040000
9	181	0.043478
9	184	0.041667
9	196	0.047619
9	201	0.052632
9	202	0.050000
9	207	0.045455
9	224	0.041667
9	234	0.045455
9	237	0.052632
9	258	0.050000
9	266	0.047619
9	274	0.050000
9	281	0.062500
9	282	0.052632
9	291	0.058824
9	310	0.052632
9	312	0.058824
9	328	0.062500
9	329	0.066667
9	335	0.062500
9	340	0.058824
9	342	0.062500
9	366	0.066667
9	371	0.066667
9	373	0.066667
9	374	0.062500
9	378	0.066667
9	381	0.066667
9	382	0.066667
10	15	0.008929
10	18	0.010204
10	19	0.007692
10	22	0.012821
10	23	0.020000
10	25	0.022222
10	26	0.031250
10	30	0.024390
10	33	0.013333
10	34	0.015152
10	35	0.015152
10	36	0.025641
10	38	0.015625
10	39	0.012821
10	47	0.021739
10	51	0.020833
10	52	0.014925
10	56	0.032258
10	57	0.025000
10	59	0.032258
10	63	0.058824
10	66	0.019231
10	68	0.026316
10	86	0.027778
10	87	0.027027
10	91	0.034483
10	93	0.043478
10	106	0.025641
10	107	0.025641
10	108	0.034483
10	119	0.043478
10	125	0.038462
10	127	0.058824
10	133	0.037037
10	139	0.029412
10	143	0.037037
10	146	0.041667
10	150	0.040000
10	153	0.047619
10	156	0.043478
10	158	0.055556
10	160	0.041667
10	162	0.032258
10	163	0.033333
10	174	0.043478
10	181	0.043478
10	201	0.052632
10	217	0.055556
10	289	0.050000
10	296	0.058824
10	318	0.066667
10	319	0.062500
10	323	0.058824
10	330	0.066667
10	344	0.058824
10	355	0.066667
10	367	0.066667
10	370	0.066667
10	371	0.066667
10	384	0.066667
11	15	0.008929
11	16	0.007519
11	17	0.008197
11	18	0.010204
11	19	0.007692
11	20	0.008547
11	21	0.009346
11	22	0.012821
11	23	0.020000
11	26	0.031250
11	27	0.018868
11	31	0.038462
11	33	0.013333
11	35	0.015152
11	36	0.025641
11	37	0.018182
11	45	0.013699
11	50	0.026316
11	55	0.017241
11	65	0.017857
11	67	0.030303
11	73	0.026316
11	76	0.026316
11	80	0.027778
11	81	0.035714
11	87	0.027027
11	89	0.034483
11	92	0.043478
11	96	0.018519
11	99	0.025641
11	108	0.034483
11	117	0.038462
11	135	0.038462
11	139	0.029412
11	141	0.038462
11	146	0.041667
11	147	0.034483
11	151	0.043478
11	168	0.038462
11	193	0.050000
11	204	0.043478
11	212	0.043478
11	221	0.058824
11	235	0.041667
11	238	0.055556
11	240	0.050000
11	254	0.062500
11	281	0.062500
11	301	0.058824
11	306	0.062500
11	308	0.058824
11	357	0.062500
11	366	0.066667
12	15	0.008929
12	16	0.007519
12	17	0.008197
12	19	0.007692
12	21	0.009346
12	23	0.020000
12	27	0.018868
12	28	0.029412
12	32	0.010638
12	33	0.013333
12	36	0.025641
12	39	0.012821
12	41	0.014925
12	42	0.016667
12	45	0.013699
12	49	0.017857
12	50	0.026316
12	51	0.020833
12	56	0.032258
12	58	0.025641
12	60	0.029412
12	61	0.038462
12	68	0.026316
12	69	0.019231
12	76	0.026316
12	78	0.034483
12	81	0.035714
12	86	0.027778
12	91	0.034483
12	95	0.043478
12	96	0.018519
12	97	0.024390
12	98	0.031250
12	100	0.028571
12	101	0.040000
12	102	0.027027
12	103	0.031250
12	105	0.028571
12	121	0.045455
12	123	0.040000
12	127	0.058824
12	138	0.043478
12	149	0.030303
12	165	0.034483
12	169	0.052632
12	180	0.040000
12	181	0.043478
12	184	0.041667
12	193	0.050000
12	203	0.035714
12	204	0.043478
12	205	0.062500
12	213	0.032258
12	215	0.052632
12	217	0.055556
12	218	0.058824
12	222	0.062500
12	225	0.041667
12	228	0.058824
12	242	0.052632
12	244	0.052632
12	251	0.062500
12	254	0.062500
12	256	0.050000
12	259	0.045455
12	269	0.055556
12	271	0.052632
12	283	0.066667
12	292	0.052632
12	312	0.058824
12	316	0.066667
12	321	0.066667
12	325	0.062500
12	327	0.062500
12	373	0.066667
13	15	0.008929
13	16	0.007519
13	17	0.008197
13	18	0.010204
13	19	0.007692
13	20	0.008547
13	21	0.009346
13	22	0.012821
13	24	0.018868
13	25	0.022222
13	28	0.029412
13	29	0.023810
13	30	0.024390
13	32	0.010638
13	34	0.015152
13	40	0.014085
13	45	0.013699
13	48	0.014925
13	59	0.032258
13	71	0.025000
13	78	0.034483
13	85	0.027778
13	108	0.034483
13	120	0.043478
13	124	0.052632
13	131	0.032258
13	133	0.037037
13	135	0.038462
13	137	0.050000
13	140	0.043478
13	141	0.038462
13	152	0.038462
13	163	0.033333
13	165	0.034483
13	182	0.050000
13	184	0.041667
13	186	0.050000
13	189	0.043478
13	200	0.045455
13	214	0.052632
13	226	0.047619
13	234	0.045455
13	260	0.047619
13	270	0.055556
13	271	0.052632
13	272	0.062500
13	275	0.062500
13	285	0.052632
13	295	0.066667
13	317	0.058824
13	337	0.058824
13	339	0.062500
13	361	0.066667
13	366	0.066667
13	370	0.066667
13	376	0.066667
13	377	0.066667
13	382	0.066667
14	15	0.008929
14	16	0.007519
14	17	0.008197
14	18	0.010204
14	19	0.007692
14	20	0.008547
14	21	0.009346
14	22	0.012821
14	25	0.022222
14	27	0.018868
14	28	0.029412
14	29	0.023810
14	32	0.010638
14	33	0.013333
14	46	0.018519
14	48	0.014925
14	49	0.017857
14	52	0.014925
14	53	0.023256
14	58	0.025641
14	59	0.032258
14	60	0.029412
14	63	0.058824
14	67	0.030303
14	70	0.038462
14	72	0.022222
14	78	0.034483
14	91	0.034483
14	93	0.043478
14	97	0.024390
14	102	0.027027
14	106	0.025641
14	107	0.025641
14	112	0.040000
14	114	0.033333
14	134	0.033333
14	140	0.043478
14	144	0.045455
14	154	0.045455
14	180	0.040000
14	201	0.052632
14	211	0.052632
14	215	0.052632
14	217	0.055556
14	220	0.058824
14	224	0.041667
14	231	0.055556
14	239	0.052632
14	247	0.043478
14	255	0.062500
14	265	0.040000
14	267	0.055556
14	269	0.055556
14	277	0.058824
14	279	0.062500
14	305	0.058824
14	325	0.062500
14	327	0.062500
14	328	0.062500
14	332	0.062500
14	352	0.062500
14	361	0.066667
14	370	0.066667
14	372	0.062500
14	385	0.066667
15	0	0.017857
15	1	0.010417
15	2	0.025000
15	3	0.020833
15	4	0.010526
15	5	0.010989
15	6	0.017241
15	7	0.021739
15	8	0.024390
15	9	0.010638
15	10	0.016667
15	11	0.018868
15	12	0.013333
15	13	0.017241
15	14	0.015385
15	16	0.007519
15	17	0.008197
15	18	0.010204
15	19	0.007692
15	20	0.008547
15	21	0.009346
15	22	0.012821
15	23	0.020000
15	24	0.018868
15	25	0.022222
15	26	0.031250
15	27	0.018868
15	29	0.023810
15	30	0.024390
15	31	0.038462
15	32	0.010638
15	35	0.015152
15	36	0.025641
15	37	0.018182
15	39	0.012821
15	42	0.016667
15	43	0.013699
15	45	0.013699
15	46	0.018519
15	48	0.014925
15	50	0.026316
15	52	0.014925
15	55	0.017241
15	58	0.025641
15	59	0.032258
15	60	0.029412
15	61	0.038462
15	63	0.058824
15	64	0.031250
15	65	0.017857
15	67	0.030303
15	68	0.026316
15	69	0.019231
15	70	0.038462
15	75	0.027778
15	76	0.026316
15	77	0.026316
15	79	0.026316
15	86	0.027778
15	88	0.034483
15	92	0.043478
15	94	0.043478
15	101	0.040000
15	102	0.027027
15	104	0.037037
15	110	0.032258
15	111	0.043478
15	115	0.031250
15	119	0.043478
15	120	0.043478
15	128	0.032258
15	132	0.040000
15	133	0.037037
15	141	0.038462
15	150	0.040000
15	151	0.043478
15	153	0.047619
15	154	0.045455
15	156	0.043478
15	161	0.032258
15	162	0.032258
15	163	0.033333
15	167	0.037037
15	188	0.055556
15	199	0.050000
15	200	0.045455
15	202	0.050000
15	207	0.045455
15	219	0.052632
15	221	0.058824
15	223	0.062500
15	224	0.041667
15	229	0.040000
15	233	0.058824
15	235	0.041667
15	237	0.052632
15	242	0.052632
15	247	0.043478
15	257	0.050000
15	269	0.055556
15	292	0.052632
15	297	0.050000
15	298	0.055556
15	301	0.058824
15	307	0.058824
15	316	0.066667
15	336	0.066667
15	339	0.062500
15	359	0.062500
15	369	0.066667
15	374	0.062500
15	381	0.066667
16	0	0.017857
16	1	0.010417
16	2	0.025000
16	3	0.020833
16	4	0.010526
16	5	0.010989
16	6	0.017241
16	7	0.021739
16	8	0.024390
16	9	0.010638
16	11	0.018868
16	12	0.013333
16	13	0.017241
16	14	0.015385
16	15	0.008929
16	17	0.008197
16	18	0.010204
16	19	0.007692
16	20	0.008547
16	21	0.009346
16	23	0.020000
16	24	0.018868
16	27	0.018868
16	28	0.029412
16	29	0.023810
16	30	0.024390
16	31	0.038462
16	32	0.010638
16	34	0.015152
16	37	0.018182
16	39	0.012821
16	41	0.014925
16	42	0.016667
16	43	0.013699
16	44	0.018519
16	45	0.013699
16	50	0.026316
16	51	0.020833
16	52	0.014925
16	53	0.023256
16	54	0.027027
16	56	0.032258
16	62	0.035714
16	66	0.019231
16	67	0.030303
16	68	0.026316
16	70	0.038462
16	71	0.025000
16	73	0.026316
16	76	0.026316
16	79	0.026316
16	80	0.027778
16	81	0.035714
16	83	0.023256
16	86	0.027778
16	88	0.034483
16	92	0.043478
16	94	0.043478
16	104	0.037037
16	105	0.028571
16	108	0.034483
16	109	0.029412
16	111	0.043478
16	115	0.031250
16	116	0.027027
16	117	0.038462
16	118	0.040000
16	122	0.037037
16	127	0.058824
16	129	0.031250
16	131	0.032258
16	132	0.040000
16	135	0.038462
16	143	0.037037
16	147	0.034483
16	148	0.045455
16	149	0.030303
16	153	0.047619
16	157	0.041667
16	159	0.052632
16	164	0.031250
16	166	0.040000
16	167	0.037037
16	170	0.050000
16	171	0.045455
16	174	0.043478
16	175	0.050000
16	188	0.055556
16	194	0.050000
16	197	0.055556
16	198	0.052632
16	199	0.050000
16	216	0.055556
16	220	0.058824
16	221	0.058824
16	223	0.062500
16	224	0.041667
16	227	0.055556
16	233	0.058824
16	236	0.047619
16	237	0.052632
16	239	0.052632
16	241	0.058824
16	245	0.047619
16	246	0.062500
16	250	0.058824
16	252	0.052632
16	263	0.047619
16	264	0.050000
16	269	0.055556
16	276	0.058824
16	278	0.047619
16	283	0.066667
16	285	0.052632
16	289	0.050000
16	292	0.052632
16	302	0.055556
16	310	0.052632
16	311	0.052632
16	317	0.058824
16	322	0.062500
16	324	0.052632
16	332	0.062500
16	338	0.058824
16	342	0.062500
16	344	0.058824
16	351	0.062500
16	357	0.062500
16	359	0.062500
16	363	0.071429
16	365	0.066667
16	375	0.066667
16	378	0.066667
17	0	0.017857
17	1	0.010417
17	2	0.025000
17	3	0.020833
17	4	0.010526
17	5	0.010989
17	6	0.017241
17	8	0.024390
17	9	0.010638
17	11	0.018868
17	12	0.013333
17	13	0.017241
17	14	0.015385
17	15	0.008929
17	16	0.007519
17	20	0.008547
17	21	0.009346
17	23	0.020000
17	24	0.018868
17	25	0.022222
17	26	0.031250
17	27	0.018868
17	28	0.029412
17	29	0.023810
17	30	0.024390
17	31	0.038462
17	33	0.013333
17	34	0.015152
17	35	0.015152
17	37	0.018182
17	38	0.015625
17	39	0.012821
17	40	0.014085
17	41	0.014925
17	42	0.016667
17	43	0.013699
17	44	0.018519
17	47	0.021739
17	51	0.020833
17	52	0.014925
17	53	0.023256
17	54	0.027027
17	56	0.032258
17	57	0.025000
17	58	0.025641
17	59	0.032258
17	61	0.038462
17	64	0.031250
17	67	0.030303
17	69	0.019231
17	70	0.038462
17	71	0.025000
17	81	0.035714
17	90	0.038462
17	91	0.034483
17	97	0.024390
17	99	0.025641
17	102	0.027027
17	103	0.031250
17	104	0.037037
17	113	0.040000
17	114	0.033333
17	117	0.038462
17	122	0.037037
17	126	0.052632
17	128	0.032258
17	131	0.032258
17	133	0.037037
17	136	0.030303
17	139	0.029412
17	141	0.038462
17	142	0.034483
17	143	0.037037
17	145	0.028571
17	147	0.034483
17	152	0.038462
17	154	0.045455
17	159	0.052632
17	162	0.032258
17	164	0.031250
17	165	0.034483
17	167	0.037037
17	169	0.052632
17	172	0.047619
17	174	0.043478
17	175	0.050000
17	178	0.043478
17	184	0.041667
17	186	0.050000
17	196	0.047619
17	203	0.035714
17	208	0.050000
17	210	0.040000
17	215	0.052632
17	220	0.058824
17	222	0.062500
17	226	0.047619
17	233	0.058824
17	234	0.045455
17	241	0.058824
17	242	0.052632
17	243	0.047619
17	244	0.052632
17	248	0.062500
17	249	0.045455
17	270	0.055556
17	276	0.058824
17	277	0.058824
17	280	0.055556
17	284	0.052632
17	291	0.058824
17	295	0.066667
17	307	0.058824
17	324	0.052632
17	326	0.066667
17	338	0.058824
17	346	0.066667
17	354	0.071429
17	359	0.062500
17	368	0.066667
17	374	0.062500
17	375	0.066667
18	0	0.017857
18	2	0.025000
18	3	0.020833
18	4	0.010526
18	5	0.010989
18	7	0.021739
18	8	0.024390
18	9	0.010638
18	10	0.016667
18	11	0.018868
18	13	0.017241
18	14	0.015385
18	15	0.008929
18	16	0.007519
18	21	0.009346
18	22	0.012821
18	24	0.018868
18	25	0.022222
18	26	0.031250
18	27	0.018868
18	29	0.023810
18	31	0.038462
18	32	0.010638
18	41	0.014925
18	42	0.016667
18	43	0.013699
18	44	0.018519
18	45	0.013699
18	46	0.018519
18	49	0.017857
18	52	0.014925
18	58	0.025641
18	59	0.032258
18	61	0.038462
18	62	0.035714
18	65	0.017857
18	71	0.025000
18	72	0.022222
18	81	0.035714
18	82	0.020408
18	84	0.038462
18	87	0.027027
18	97	0.024390
18	101	0.040000
18	103	0.031250
18	104	0.037037
18	107	0.025641
18	108	0.034483
18	112	0.040000
18	113	0.040000
18	143	0.037037
18	148	0.045455
18	154	0.045455
18	157	0.041667
18	162	0.032258
18	164	0.031250
18	165	0.034483
18	169	0.052632
18	172	0.047619
18	178	0.043478
18	179	0.045455
18	182	0.050000
18	184	0.041667
18	191	0.058824
18	193	0.050000
18	198	0.052632
18	200	0.045455
18	201	0.052632
18	202	0.050000
18	204	0.043478
18	207	0.045455
18	211	0.052632
18	221	0.058824
18	241	0.058824
18	243	0.047619
18	261	0.050000
18	263	0.047619
18	266	0.047619
18	268	0.045455
18	274	0.050000
18	276	0.058824
18	277	0.058824
18	281	0.062500
18	284	0.052632
18	287	0.058824
18	296	0.058824
18	300	0.062500
18	301	0.058824
18	314	0.058824
18	321	0.066667
18	322	0.062500
18	326	0.066667
18	330	0.066667
18	335	0.062500
18	341	0.058824
18	358	0.062500
18	369	0.066667
18	371	0.066667
19	1	0.010417
19	2	0.025000
19	4	0.010526
19	5	0.010989
19	7	0.021739
19	8	0.024390
19	9	0.010638
19	10	0.016667
19	11	0.018868
19	12	0.013333
19	13	0.017241
19	14	0.015385
19	15	0.008929
19	16	0.007519
19	21	0.009346
19	22	0.012821
19	26	0.031250
19	28	0.029412
19	29	0.023810
19	30	0.024390
19	32	0.010638
19	33	0.013333
19	35	0.015152
19	36	0.025641
19	37	0.018182
19	38	0.015625
19	41	0.014925
19	43	0.013699
19	46	0.018519
19	48	0.014925
19	49	0.017857
19	52	0.014925
19	53	0.023256
19	55	0.017241
19	56	0.032258
19	57	0.025000
19	58	0.025641
19	61	0.038462
19	62	0.035714
19	63	0.058824
19	64	0.031250
19	70	0.038462
19	72	0.022222
19	75	0.027778
19	76	0.026316
19	79	0.026316
19	81	0.035714
19	82	0.020408
19	87	0.027027
19	89	0.034483
19	96	0.018519
19	101	0.040000
19	102	0.027027
19	107	0.025641
19	110	0.032258
19	113	0.040000
19	114	0.033333
19	115	0.031250
19	117	0.038462
19	118	0.040000
19	120	0.043478
19	123	0.040000
19	139	0.029412
19	140	0.043478
19	141	0.038462
19	150	0.040000
19	152	0.038462
19	157	0.041667
19	160	0.041667
19	161	0.032258
19	168	0.038462
19	170	0.050000
19	177	0.040000
19	180	0.040000
19	182	0.050000
19	183	0.052632
19	184	0.041667
19	186	0.050000
19	187	0.041667
19	188	0.055556
19	189	0.043478
19	192	0.052632
19	195	0.052632
19	196	0.047619
19	197	0.055556
19	198	0.052632
19	199	0.050000
19	204	0.043478
19	209	0.052632
19	210	0.040000
19	213	0.032258
19	216	0.055556
19	218	0.058824
19	220	0.058824
19	225	0.041667
19	231	0.055556
19	234	0.045455
19	235	0.041667
19	241	0.058824
19	244	0.052632
19	247	0.043478
19	248	0.062500
19	255	0.062500
19	256	0.050000
19	268	0.045455
19	273	0.055556
19	275	0.062500
19	283	0.066667
19	286	0.066667
19	287	0.058824
19	289	0.050000
19	297	0.050000
19	298	0.055556
19	307	0.058824
19	311	0.052632
19	313	0.055556
19	318	0.066667
19	320	0.066667
19	325	0.062500
19	330	0.066667
19	335	0.062500
19	343	0.066667
19	350	0.066667
19	359	0.062500
19	361	0.066667
19	372	0.062500
19	379	0.062500
19	380	0.066667
19	382	0.066667
19	384	0.066667
20	1	0.010417
20	3	0.020833
20	4	0.010526
20	5	0.010989
20	6	0.017241
20	7	0.021739
20	9	0.010638
20	11	0.018868
20	13	0.017241
20	14	0.015385
20	15	0.008929
20	16	0.007519
20	17	0.008197
20	24	0.018868
20	26	0.031250
20	27	0.018868
20	28	0.029412
20	30	0.024390
20	31	0.038462
20	32	0.010638
20	34	0.015152
20	36	0.025641
20	37	0.018182
20	40	0.014085
20	42	0.016667
20	43	0.013699
20	44	0.018519
20	45	0.013699
20	46	0.018519
20	47	0.021739
20	48	0.014925
20	49	0.017857
20	52	0.014925
20	53	0.023256
20	54	0.027027
20	55	0.017241
20	59	0.032258
20	60	0.029412
20	61	0.038462
20	62	0.035714
20	63	0.058824
20	64	0.031250
20	65	0.017857
20	71	0.025000
20	73	0.026316
20	78	0.034483
20	88	0.034483
20	89	0.034483
20	94	0.043478
20	95	0.043478
20	96	0.018519
20	98	0.031250
20	99	0.025641
20	103	0.031250
20	105	0.028571
20	110	0.032258
20	112	0.040000
20	116	0.027027
20	124	0.052632
20	126	0.052632
20	127	0.058824
20	132	0.040000
20	134	0.033333
20	136	0.030303
20	139	0.029412
20	142	0.034483
20	146	0.041667
20	147	0.034483
20	148	0.045455
20	154	0.045455
20	157	0.041667
20	159	0.052632
20	160	0.041667
20	174	0.043478
20	178	0.043478
20	179	0.045455
20	181	0.043478
20	183	0.052632
20	190	0.050000
20	191	0.058824
20	195	0.052632
20	202	0.050000
20	208	0.050000
20	209	0.052632
20	212	0.043478
20	215	0.052632
20	220	0.058824
20	224	0.041667
20	229	0.040000
20	237	0.052632
20	238	0.055556
20	241	0.058824
20	242	0.052632
20	250	0.058824
20	251	0.062500
20	252	0.052632
20	253	0.062500
20	262	0.055556
20	263	0.047619
20	270	0.055556
20	274	0.050000
20	275	0.062500
20	276	0.058824
20	281	0.062500
20	285	0.052632
20	286	0.066667
20	293	0.058824
20	300	0.062500
20	303	0.055556
20	313	0.055556
20	318	0.066667
20	319	0.062500
20	320	0.066667
20	351	0.062500
20	370	0.066667
20	376	0.066667
20	380	0.066667
21	0	0.017857
21	1	0.010417
21	3	0.020833
21	4	0.010526
21	6	0.017241
21	9	0.010638
21	11	0.018868
21	12	0.013333
21	13	0.017241
21	14	0.015385
21	15	0.008929
21	16	0.007519
21	17	0.008197
21	18	0.010204
21	19	0.007692
21	22	0.012821
21	23	0.020000
21	24	0.018868
21	26	0.031250
21	27	0.018868
21	28	0.029412
21	30	0.024390
21	31	0.038462
21	32	0.010638
21	37	0.018182
21	38	0.015625
21	39	0.012821
21	40	0.014085
21	41	0.014925
21	42	0.016667
21	43	0.013699
21	45	0.013699
21	46	0.018519
21	49	0.017857
21	52	0.014925
21	54	0.027027
21	57	0.025000
21	61	0.038462
21	62	0.035714
21	65	0.017857
21	68	0.026316
21	69	0.019231
21	70	0.038462
21	72	0.022222
21	73	0.026316
21	80	0.027778
21	82	0.020408
21	84	0.038462
21	85	0.027778
21	88	0.034483
21	90	0.038462
21	92	0.043478
21	93	0.043478
21	96	0.018519
21	104	0.037037
21	109	0.029412
21	110	0.032258
21	114	0.033333
21	115	0.031250
21	118	0.040000
21	126	0.052632
21	128	0.032258
21	132	0.040000
21	136	0.030303
21	142	0.034483
21	149	0.030303
21	151	0.043478
21	158	0.055556
21	174	0.043478
21	175	0.050000
21	181	0.043478
21	193	0.050000
21	198	0.052632
21	199	0.050000
21	203	0.035714
21	206	0.055556
21	211	0.052632
21	212	0.043478
21	215	0.052632
21	216	0.055556
21	219	0.052632
21	229	0.040000
21	230	0.050000
21	241	0.058824
21	243	0.047619
21	253	0.062500
21	255	0.062500
21	256	0.050000
21	266	0.047619
21	269	0.055556
21	273	0.055556
21	279	0.062500
21	283	0.066667
21	289	0.050000
21	308	0.058824
21	313	0.055556
21	317	0.058824
21	320	0.066667
21	327	0.062500
21	330	0.066667
21	332	0.062500
21	341	0.058824
21	342	0.062500
21	348	0.066667
21	350	0.066667
21	357	0.062500
21	376	0.066667
22	1	0.010417
22	2	0.025000
22	3	0.020833
22	5	0.010989
22	6	0.017241
22	7	0.021739
22	9	0.010638
22	10	0.016667
22	11	0.018868
22	13	0.017241
22	14	0.015385
22	15	0.008929
22	18	0.010204
22	19	0.007692
22	21	0.009346
22	24	0.018868
22	26	0.031250
22	27	0.018868
22	29	0.023810
22	31	0.038462
22	32	0.010638
22	33	0.013333
22	35	0.015152
22	37	0.018182
22	40	0.014085
22	45	0.013699
22	52	0.014925
22	55	0.017241
22	63	0.058824
22	64	0.031250
22	68	0.026316
22	71	0.025000
22	75	0.027778
22	79	0.026316
22	82	0.020408
22	83	0.023256
22	93	0.043478
22	94	0.043478
22	96	0.018519
22	103	0.031250
22	104	0.037037
22	105	0.028571
22	109	0.029412
22	115	0.031250
22	119	0.043478
22	125	0.038462
22	130	0.029412
22	133	0.037037
22	134	0.033333
22	139	0.029412
22	146	0.041667
22	149	0.030303
22	151	0.043478
22	153	0.047619
22	160	0.041667
22	185	0.045455
22	191	0.058824
22	196	0.047619
22	217	0.055556
22	219	0.052632
22	235	0.041667
22	238	0.055556
22	243	0.047619
22	251	0.062500
22	256	0.050000
22	264	0.050000
22	270	0.055556
22	276	0.058824
22	289	0.050000
22	303	0.055556
22	327	0.062500
22	329	0.066667
22	333	0.058824
22	338	0.058824
22	344	0.058824
22	349	0.062500
22	354	0.071429
22	378	0.066667
23	1	0.010417
23	4	0.010526
23	5	0.010989
23	6	0.017241
23	8	0.024390
23	9	0.010638
23	10	0.016667
23	11	0.018868
23	12	0.013333
23	15	0.008929
23	16	0.007519
23	17	0.008197
23	21	0.009346
23	33	0.013333
23	34	0.015152
23	35	0.015152
23	38	0.015625
23	41	0.014925
23	42	0.016667
23	43	0.013699
23	52	0.014925
23	53	0.023256
23	61	0.038462
23	69	0.019231
23	77	0.026316
23	108	0.034483
23	116	0.027027
23	132	0.040000
23	148	0.045455
23	152	0.038462
23	168	0.038462
23	170	0.050000
23	179	0.045455
23	185	0.045455
23	190	0.050000
23	208	0.050000
23	213	0.032258
23	226	0.047619
23	228	0.058824
23	242	0.052632
23	247	0.043478
23	256	0.050000
23	259	0.045455
23	326	0.066667
23	339	0.062500
23	360	0.066667
23	363	0.071429
23	367	0.066667
23	368	0.066667
23	384	0.066667
24	0	0.017857
24	4	0.010526
24	5	0.010989
24	6	0.017241
24	7	0.021739
24	8	0.024390
24	9	0.010638
24	13	0.017241
24	15	0.008929
24	16	0.007519
24	17	0.008197
24	18	0.010204
24	20	0.008547
24	21	0.009346
24	22	0.012821
24	28	0.029412
24	33	0.013333
24	37	0.018182
24	38	0.015625
24	39	0.012821
24	41	0.014925
24	43	0.013699
24	45	0.013699
24	49	0.017857
24	57	0.025000
24	58	0.025641
24	60	0.029412
24	63	0.058824
24	65	0.017857
24	70	0.038462
24	73	0.026316
24	75	0.027778
24	77	0.026316
24	83	0.023256
24	112	0.040000
24	134	0.033333
24	143	0.037037
24	172	0.047619
24	188	0.055556
24	198	0.052632
24	208	0.050000
24	212	0.043478
24	243	0.047619
24	254	0.062500
24	258	0.050000
24	291	0.058824
24	294	0.055556
24	309	0.052632
24	321	0.066667
24	336	0.066667
24	340	0.058824
24	350	0.066667
24	370	0.066667
25	0	0.017857
25	3	0.020833
25	4	0.010526
25	5	0.010989
25	6	0.017241
25	7	0.021739
25	8	0.024390
25	9	0.010638
25	10	0.016667
25	13	0.017241
25	14	0.015385
25	15	0.008929
25	17	0.008197
25	18	0.010204
25	28	0.029412
25	30	0.024390
25	32	0.010638
25	34	0.015152
25	36	0.025641
25	40	0.014085
25	43	0.013699
25	48	0.014925
25	49	0.017857
25	50	0.026316
25	86	0.027778
25	95	0.043478
25	109	0.029412
25	120	0.043478
25	122	0.037037
25	123	0.040000
25	137	0.050000
25	139	0.029412
25	142	0.034483
25	160	0.041667
25	215	0.052632
25	222	0.062500
25	227	0.055556
25	231	0.055556
25	232	0.050000
25	251	0.062500
25	254	0.062500
25	270	0.055556
25	275	0.062500
25	331	0.062500
25	359	0.062500
26	1	0.010417
26	2	0.025000
26	3	0.020833
26	4	0.010526
26	6	0.017241
26	9	0.010638
26	10	0.016667
26	11	0.018868
26	15	0.008929
26	17	0.008197
26	18	0.010204
26	19	0.007692
26	20	0.008547
26	21	0.009346
26	22	0.012821
26	30	0.024390
26	37	0.018182
26	46	0.018519
26	48	0.014925
26	51	0.020833
26	58	0.025641
26	60	0.029412
26	73	0.026316
26	75	0.027778
26	106	0.025641
26	153	0.047619
26	155	0.047619
26	207	0.045455
26	286	0.066667
26	340	0.058824
26	342	0.062500
26	345	0.062500
27	0	0.017857
27	3	0.020833
27	4	0.010526
27	7	0.021739
27	9	0.010638
27	11	0.018868
27	12	0.013333
27	14	0.015385
27	15	0.008929
27	16	0.007519
27	17	0.008197
27	18	0.010204
27	20	0.008547
27	21	0.009346
27	22	0.012821
27	29	0.023810
27	31	0.038462
27	33	0.013333
27	34	0.015152
27	35	0.015152
27	36	0.025641
27	38	0.015625
27	48	0.014925
27	51	0.020833
27	53	0.023256
27	56	0.032258
27	61	0.038462
27	75	0.027778
27	77	0.026316
27	78	0.034483
27	98	0.031250
27	99	0.025641
27	108	0.034483
27	110	0.032258
27	118	0.040000
27	132	0.040000
27	133	0.037037
27	137	0.050000
27	153	0.047619
27	176	0.050000
27	178	0.043478
27	193	0.050000
27	199	0.050000
27	200	0.045455
27	205	0.062500
27	216	0.055556
27	239	0.052632
27	260	0.047619
27	271	0.052632
27	292	0.052632
27	304	0.058824
27	314	0.058824
27	364	0.062500
28	0	0.017857
28	1	0.010417
28	3	0.020833
28	6	0.017241
28	8	0.024390
28	12	0.013333
28	13	0.017241
28	14	0.015385
28	16	0.007519
28	17	0.008197
28	19	0.007692
28	20	0.008547
28	21	0.009346
28	24	0.018868
28	25	0.022222
28	30	0.024390
28	31	0.038462
28	34	0.015152
28	36	0.025641
28	38	0.015625
28	43	0.013699
28	44	0.018519
28	56	0.032258
28	84	0.038462
28	93	0.043478
28	98	0.031250
28	122	0.037037
28	143	0.037037
28	158	0.055556
28	213	0.032258
28	232	0.050000
28	292	0.052632
28	306	0.062500
28	349	0.062500
29	1	0.010417
29	4	0.010526
29	5	0.010989
29	6	0.017241
29	7	0.021739
29	8	0.024390
29	13	0.017241
29	14	0.015385
29	15	0.008929
29	16	0.007519
29	17	0.008197
29	18	0.010204
29	19	0.007692
29	22	0.012821
29	27	0.018868
29	30	0.024390
29	35	0.015152
29	38	0.015625
29	39	0.012821
29	40	0.014085
29	48	0.014925
29	54	0.027027
29	55	0.017241
29	57	0.025000
29	66	0.019231
29	67	0.030303
29	80	0.027778
29	82	0.020408
29	109	0.029412
29	144	0.045455
29	148	0.045455
29	163	0.033333
29	183	0.052632
29	200	0.045455
29	205	0.062500
29	226	0.047619
29	251	0.062500
29	271	0.052632
29	280	0.055556
29	304	0.058824
29	324	0.052632
29	359	0.062500
30	0	0.017857
30	1	0.010417
30	8	0.024390
30	10	0.016667
30	13	0.017241
30	15	0.008929
30	16	0.007519
30	17	0.008197
30	19	0.007692
30	20	0.008547
30	21	0.009346
30	25	0.022222
30	26	0.031250
30	28	0.029412
30	29	0.023810
30	33	0.013333
30	35	0.015152
30	36	0.025641
30	38	0.015625
30	40	0.014085
30	48	0.014925
30	55	0.017241
30	101	0.040000
30	105	0.028571
30	113	0.040000
30	114	0.033333
30	124	0.052632
30	139	0.029412
30	145	0.028571
30	177	0.040000
30	189	0.043478
30	204	0.043478
30	214	0.052632
30	221	0.058824
30	273	0.055556
30	276	0.058824
30	306	0.062500
30	329	0.066667
30	333	0.058824
30	339	0.062500
30	347	0.062500
31	2	0.025000
31	4	0.010526
31	5	0.010989
31	7	0.021739
31	9	0.010638
31	11	0.018868
31	15	0.008929
31	16	0.007519
31	17	0.008197
31	18	0.010204
31	20	0.008547
31	21	0.009346
31	22	0.012821
31	27	0.018868
31	28	0.029412
31	35	0.015152
31	61	0.038462
31	67	0.030303
31	90	0.038462
31	103	0.031250
31	159	0.052632
31	204	0.043478
31	236	0.047619
31	243	0.047619
31	260	0.047619
31	369	0.066667
32	0	0.017857
32	4	0.010526
32	5	0.010989
32	9	0.010638
32	12	0.013333
32	13	0.017241
32	14	0.015385
32	15	0.008929
32	16	0.007519
32	18	0.010204
32	19	0.007692
32	20	0.008547
32	21	0.009346
32	22	0.012821
32	25	0.022222
32	33	0.013333
32	34	0.015152
32	35	0.015152
32	40	0.014085
32	41	0.014925
32	46	0.018519
32	47	0.021739
32	49	0.017857
32	54	0.027027
32	58	0.025641
32	59	0.032258
32	60	0.029412
32	61	0.038462
32	62	0.035714
32	66	0.019231
32	68	0.026316
32	69	0.019231
32	70	0.038462
32	73	0.026316
32	76	0.026316
32	89	0.034483
32	90	0.038462
32	92	0.043478
32	95	0.043478
32	100	0.028571
32	102	0.027027
32	110	0.032258
32	118	0.040000
32	125	0.038462
32	126	0.052632
32	129	0.031250
32	133	0.037037
32	136	0.030303
32	141	0.038462
32	144	0.045455
32	145	0.028571
32	148	0.045455
32	159	0.052632
32	160	0.041667
32	167	0.037037
32	170	0.050000
32	175	0.050000
32	192	0.052632
32	194	0.050000
32	197	0.055556
32	201	0.052632
32	211	0.052632
32	212	0.043478
32	213	0.032258
32	216	0.055556
32	220	0.058824
32	224	0.041667
32	226	0.047619
32	230	0.050000
32	235	0.041667
32	264	0.050000
32	268	0.045455
32	270	0.055556
32	277	0.058824
32	278	0.047619
32	287	0.058824
32	290	0.052632
32	295	0.066667
32	303	0.055556
32	306	0.062500
32	313	0.055556
32	318	0.066667
32	339	0.062500
32	341	0.058824
32	346	0.066667
32	352	0.062500
32	353	0.066667
32	357	0.062500
32	364	0.062500
32	375	0.066667
32	376	0.066667
32	378	0.066667
32	379	0.062500
32	382	0.066667
33	5	0.010989
33	8	0.024390
33	9	0.010638
33	10	0.016667
33	11	0.018868
33	12	0.013333
33	14	0.015385
33	17	0.008197
33	19	0.007692
33	22	0.012821
33	23	0.020000
33	24	0.018868
33	27	0.018868
33	30	0.024390
33	32	0.010638
33	35	0.015152
33	36	0.025641
33	37	0.018182
33	49	0.017857
33	55	0.017241
33	59	0.032258
33	65	0.017857
33	66	0.019231
33	74	0.028571
33	75	0.027778
33	78	0.034483
33	79	0.026316
33	86	0.027778
33	91	0.034483
33	99	0.025641
33	103	0.031250
33	109	0.029412
33	114	0.033333
33	115	0.031250
33	121	0.045455
33	125	0.038462
33	126	0.052632
33	133	0.037037
33	136	0.030303
33	138	0.043478
33	140	0.043478
33	141	0.038462
33	144	0.045455
33	146	0.041667
33	147	0.034483
33	155	0.047619
33	157	0.041667
33	174	0.043478
33	180	0.040000
33	191	0.058824
33	194	0.050000
33	195	0.052632
33	207	0.045455
33	213	0.032258
33	231	0.055556
33	245	0.047619
33	248	0.062500
33	249	0.045455
33	251	0.062500
33	254	0.062500
33	260	0.047619
33	265	0.040000
33	273	0.055556
33	277	0.058824
33	280	0.055556
33	283	0.066667
33	288	0.055556
33	292	0.052632
33	295	0.066667
33	308	0.058824
33	319	0.062500
33	343	0.066667
33	345	0.062500
33	353	0.066667
33	371	0.066667
34	2	0.025000
34	4	0.010526
34	8	0.024390
34	9	0.010638
34	10	0.016667
34	13	0.017241
34	16	0.007519
34	17	0.008197
34	20	0.008547
34	23	0.020000
34	25	0.022222
34	27	0.018868
34	28	0.029412
34	32	0.010638
34	39	0.012821
34	40	0.014085
34	41	0.014925
34	43	0.013699
34	46	0.018519
34	47	0.021739
34	50	0.026316
34	55	0.017241
34	60	0.029412
34	67	0.030303
34	68	0.026316
34	72	0.022222
34	79	0.026316
34	80	0.027778
34	87	0.027027
34	96	0.018519
34	109	0.029412
34	113	0.040000
34	116	0.027027
34	123	0.040000
34	130	0.029412
34	132	0.040000
34	134	0.033333
34	139	0.029412
34	140	0.043478
34	152	0.038462
34	160	0.041667
34	165	0.034483
34	168	0.038462
34	169	0.052632
34	175	0.050000
34	189	0.043478
34	205	0.062500
34	206	0.055556
34	212	0.043478
34	219	0.052632
34	221	0.058824
34	240	0.050000
34	241	0.058824
34	248	0.062500
34	272	0.062500
34	275	0.062500
34	294	0.055556
34	295	0.066667
34	305	0.058824
34	322	0.062500
34	328	0.062500
34	332	0.062500
34	340	0.058824
34	341	0.058824
34	368	0.066667
34	372	0.062500
35	1	0.010417
35	5	0.010989
35	10	0.016667
35	11	0.018868
35	15	0.008929
35	17	0.008197
35	19	0.007692
35	22	0.012821
35	23	0.020000
35	27	0.018868
35	29	0.023810
35	30	0.024390
35	31	0.038462
35	32	0.010638
35	33	0.013333
35	36	0.025641
35	42	0.016667
35	44	0.018519
35	50	0.026316
35	51	0.020833
35	55	0.017241
35	61	0.038462
35	62	0.035714
35	66	0.019231
35	70	0.038462
35	71	0.025000
35	76	0.026316
35	80	0.027778
35	87	0.027027
35	97	0.024390
35	98	0.031250
35	104	0.037037
35	110	0.032258
35	115	0.031250
35	121	0.045455
35	122	0.037037
35	129	0.031250
35	130	0.029412
35	133	0.037037
35	134	0.033333
35	141	0.038462
35	151	0.043478
35	152	0.038462
35	162	0.032258
35	166	0.040000
35	168	0.038462
35	171	0.045455
35	173	0.047619
35	179	0.045455
35	213	0.032258
35	221	0.058824
35	226	0.047619
35	239	0.052632
35	247	0.043478
35	250	0.058824
35	261	0.050000
35	297	0.050000
35	299	0.047619
35	315	0.066667
35	317	0.058824
35	332	0.062500
35	363	0.071429
35	365	0.066667
35	374	0.062500
35	379	0.062500
35	380	0.066667
36	1	0.010417
36	6	0.017241
36	8	0.024390
36	10	0.016667
36	11	0.018868
36	12	0.013333
36	15	0.008929
36	19	0.007692
36	20	0.008547
36	25	0.022222
36	27	0.018868
36	28	0.029412
36	30	0.024390
36	33	0.013333
36	35	0.015152
36	45	0.013699
36	49	0.017857
36	57	0.025000
36	65	0.017857
36	66	0.019231
36	84	0.038462
36	88	0.034483
36	137	0.050000
36	155	0.047619
36	162	0.032258
36	176	0.050000
36	180	0.040000
36	191	0.058824
36	192	0.052632
36	202	0.050000
36	205	0.062500
36	223	0.062500
36	228	0.058824
36	247	0.043478
36	285	0.052632
36	306	0.062500
36	341	0.058824
36	342	0.062500
36	372	0.062500
37	1	0.010417
37	3	0.020833
37	4	0.010526
37	9	0.010638
37	11	0.018868
37	15	0.008929
37	16	0.007519
37	17	0.008197
37	19	0.007692
37	20	0.008547
37	21	0.009346
37	22	0.012821
37	24	0.018868
37	26	0.031250
37	33	0.013333
37	38	0.015625
37	39	0.012821
37	41	0.014925
37	44	0.018519
37	54	0.027027
37	73	0.026316
37	86	0.027778
37	97	0.024390
37	100	0.028571
37	111	0.043478
37	115	0.031250
37	116	0.027027
37	118	0.040000
37	122	0.037037
37	152	0.038462
37	157	0.041667
37	160	0.041667
37	168	0.038462
37	185	0.045455
37	190	0.050000
37	207	0.045455
37	208	0.050000
37	245	0.047619
37	252	0.052632
37	257	0.050000
37	278	0.047619
37	294	0.055556
37	306	0.062500
37	309	0.052632
37	318	0.066667
37	319	0.062500
37	326	0.066667
37	331	0.062500
37	335	0.062500
37	361	0.066667
37	366	0.066667
37	369	0.066667
37	372	0.062500
37	378	0.066667
37	379	0.062500
38	2	0.025000
38	4	0.010526
38	5	0.010989
38	9	0.010638
38	10	0.016667
38	17	0.008197
38	19	0.007692
38	21	0.009346
38	23	0.020000
38	24	0.018868
38	27	0.018868
38	28	0.029412
38	29	0.023810
38	30	0.024390
38	37	0.018182
38	39	0.012821
38	44	0.018519
38	45	0.013699
38	47	0.021739
38	49	0.017857
38	56	0.032258
38	57	0.025000
38	59	0.032258
38	60	0.029412
38	61	0.038462
38	62	0.035714
38	63	0.058824
38	64	0.031250
38	72	0.022222
38	74	0.028571
38	86	0.027778
38	97	0.024390
38	98	0.031250
38	100	0.028571
38	104	0.037037
38	107	0.025641
38	109	0.029412
38	123	0.040000
38	124	0.052632
38	129	0.031250
38	130	0.029412
38	138	0.043478
38	145	0.028571
38	159	0.052632
38	164	0.031250
38	175	0.050000
38	184	0.041667
38	187	0.041667
38	199	0.050000
38	210	0.040000
38	218	0.058824
38	222	0.062500
38	230	0.050000
38	231	0.055556
38	256	0.050000
38	279	0.062500
38	280	0.055556
38	291	0.058824
38	297	0.050000
38	328	0.062500
38	338	0.058824
38	354	0.071429
38	381	0.066667
38	385	0.066667
39	3	0.020833
39	4	0.010526
39	5	0.010989
39	6	0.017241
39	10	0.016667
39	12	0.013333
39	15	0.008929
39	16	0.007519
39	17	0.008197
39	21	0.009346
39	24	0.018868
39	29	0.023810
39	34	0.015152
39	37	0.018182
39	38	0.015625
39	41	0.014925
39	42	0.016667
39	44	0.018519
39	50	0.026316
39	52	0.014925
39	55	0.017241
39	57	0.025000
39	58	0.025641
39	59	0.032258
39	63	0.058824
39	66	0.019231
39	67	0.030303
39	68	0.026316
39	72	0.022222
39	75	0.027778
39	85	0.027778
39	87	0.027027
39	89	0.034483
39	92	0.043478
39	95	0.043478
39	102	0.027027
39	104	0.037037
39	107	0.025641
39	111	0.043478
39	114	0.033333
39	122	0.037037
39	127	0.058824
39	128	0.032258
39	130	0.029412
39	134	0.033333
39	145	0.028571
39	150	0.040000
39	154	0.045455
39	165	0.034483
39	183	0.052632
39	192	0.052632
39	194	0.050000
39	208	0.050000
39	209	0.052632
39	210	0.040000
39	222	0.062500
39	225	0.041667
39	231	0.055556
39	232	0.050000
39	244	0.052632
39	265	0.040000
39	266	0.047619
39	270	0.055556
39	272	0.062500
39	282	0.052632
39	287	0.058824
39	291	0.058824
39	294	0.055556
39	295	0.066667
39	297	0.050000
39	311	0.052632
39	312	0.058824
39	321	0.066667
39	340	0.058824
39	345	0.062500
39	346	0.066667
39	359	0.062500
39	365	0.066667
40	0	0.017857
40	1	0.010417
40	4	0.010526
40	9	0.010638
40	13	0.017241
40	17	0.008197
40	20	0.008547
40	21	0.009346
40	22	0.012821
40	25	0.022222
40	29	0.023810
40	30	0.024390
40	32	0.010638
40	34	0.015152
40	44	0.018519
40	46	0.018519
40	54	0.027027
40	57	0.025000
40	59	0.032258
40	65	0.017857
40	67	0.030303
40	72	0.022222
40	76	0.026316
40	79	0.026316
40	81	0.035714
40	82	0.020408
40	83	0.023256
40	84	0.038462
40	88	0.034483
40	94	0.043478
40	95	0.043478
40	97	0.024390
40	100	0.028571
40	113	0.040000
40	118	0.040000
40	122	0.037037
40	126	0.052632
40	128	0.032258
40	133	0.037037
40	134	0.033333
40	141	0.038462
40	143	0.037037
40	158	0.055556
40	169	0.052632
40	171	0.045455
40	172	0.047619
40	173	0.047619
40	174	0.043478
40	177	0.040000
40	179	0.045455
40	185	0.045455
40	188	0.055556
40	190	0.050000
40	198	0.052632
40	201	0.052632
40	205	0.062500
40	228	0.058824
40	230	0.050000
40	244	0.052632
40	248	0.062500
40	251	0.062500
40	287	0.058824
40	294	0.055556
40	304	0.058824
40	318	0.066667
40	321	0.066667
40	329	0.066667
40	335	0.062500
40	343	0.066667
40	352	0.062500
40	377	0.066667
41	1	0.010417
41	2	0.025000
41	5	0.010989
41	12	0.013333
41	16	0.007519
41	17	0.008197
41	18	0.010204
41	19	0.007692
41	21	0.009346
41	23	0.020000
41	24	0.018868
41	32	0.010638
41	34	0.015152
41	37	0.018182
41	39	0.012821
41	45	0.013699
41	51	0.020833
41	52	0.014925
41	58	0.025641
41	60	0.029412
41	65	0.017857
41	76	0.026316
41	77	0.026316
41	81	0.035714
41	83	0.023256
41	85	0.027778
41	92	0.043478
41	94	0.043478
41	104	0.037037
41	109	0.029412
41	111	0.043478
41	112	0.040000
41	117	0.038462
41	119	0.043478
41	125	0.038462
41	130	0.029412
41	131	0.032258
41	137	0.050000
41	138	0.043478
41	155	0.047619
41	167	0.037037
41	169	0.052632
41	172	0.047619
41	173	0.047619
41	176	0.050000
41	177	0.040000
41	184	0.041667
41	203	0.035714
41	217	0.055556
41	218	0.058824
41	222	0.062500
41	227	0.055556
41	229	0.040000
41	238	0.055556
41	255	0.062500
41	264	0.050000
41	273	0.055556
41	293	0.058824
41	296	0.058824
41	304	0.058824
41	329	0.066667
41	330	0.066667
41	347	0.062500
41	350	0.066667
41	360	0.066667
41	372	0.062500
41	385	0.066667
42	1	0.010417
42	2	0.025000
42	4	0.010526
42	6	0.017241
42	9	0.010638
42	12	0.013333
42	15	0.008929
42	16	0.007519
42	17	0.008197
42	18	0.010204
42	20	0.008547
42	21	0.009346
42	23	0.020000
42	35	0.015152
42	39	0.012821
42	53	0.023256
42	57	0.025000
42	64	0.031250
42	67	0.030303
42	72	0.022222
42	76	0.026316
42	78	0.034483
42	79	0.026316
42	85	0.027778
42	86	0.027778
42	87	0.027027
42	92	0.043478
42	96	0.018519
42	99	0.025641
42	106	0.025641
42	113	0.040000
42	126	0.052632
42	131	0.032258
42	134	0.033333
42	151	0.043478
42	155	0.047619
42	161	0.032258
42	165	0.034483
42	168	0.038462
42	189	0.043478
42	193	0.050000
42	209	0.052632
42	213	0.032258
42	214	0.052632
42	221	0.058824
42	232	0.050000
42	234	0.045455
42	250	0.058824
42	253	0.062500
42	255	0.062500
42	257	0.050000
42	278	0.047619
42	284	0.052632
42	285	0.052632
42	296	0.058824
42	314	0.058824
42	333	0.058824
42	353	0.066667
42	364	0.062500
42	367	0.066667
43	0	0.017857
43	6	0.017241
43	8	0.024390
43	15	0.008929
43	16	0.007519
43	17	0.008197
43	18	0.010204
43	19	0.007692
43	20	0.008547
43	21	0.009346
43	23	0.020000
43	24	0.018868
43	25	0.022222
43	28	0.029412
43	34	0.015152
43	47	0.021739
43	52	0.014925
43	54	0.027027
43	66	0.019231
43	68	0.026316
43	69	0.019231
43	78	0.034483
43	79	0.026316
43	83	0.023256
43	84	0.038462
43	93	0.043478
43	97	0.024390
43	107	0.025641
43	114	0.033333
43	135	0.038462
43	136	0.030303
43	139	0.029412
43	144	0.045455
43	145	0.028571
43	147	0.034483
43	148	0.045455
43	163	0.033333
43	166	0.040000
43	171	0.045455
43	173	0.047619
43	174	0.043478
43	177	0.040000
43	179	0.045455
43	180	0.040000
43	184	0.041667
43	187	0.041667
43	188	0.055556
43	192	0.052632
43	198	0.052632
43	203	0.035714
43	206	0.055556
43	215	0.052632
43	226	0.047619
43	230	0.050000
43	232	0.050000
43	239	0.052632
43	240	0.050000
43	261	0.050000
43	268	0.045455
43	273	0.055556
43	276	0.058824
43	290	0.052632
43	293	0.058824
43	299	0.047619
43	302	0.055556
43	309	0.052632
43	310	0.052632
43	312	0.058824
43	324	0.052632
43	339	0.062500
43	367	0.066667
43	371	0.066667
43	377	0.066667
44	0	0.017857
44	4	0.010526
44	5	0.010989
44	8	0.024390
44	16	0.007519
44	17	0.008197
44	18	0.010204
44	20	0.008547
44	28	0.029412
44	35	0.015152
44	37	0.018182
44	38	0.015625
44	39	0.012821
44	40	0.014085
44	48	0.014925
44	50	0.026316
44	57	0.025000
44	66	0.019231
44	69	0.019231
44	79	0.026316
44	80	0.027778
44	86	0.027778
44	96	0.018519
44	103	0.031250
44	105	0.028571
44	106	0.025641
44	119	0.043478
44	120	0.043478
44	122	0.037037
44	129	0.031250
44	146	0.041667
44	156	0.043478
44	159	0.052632
44	162	0.032258
44	173	0.047619
44	182	0.050000
44	196	0.047619
44	197	0.055556
44	220	0.058824
44	227	0.055556
44	239	0.052632
44	246	0.062500
44	259	0.045455
44	269	0.055556
44	273	0.055556
44	275	0.062500
44	286	0.066667
44	290	0.052632
44	300	0.062500
44	316	0.066667
44	334	0.062500
44	335	0.062500
44	348	0.066667
44	351	0.062500
45	8	0.024390
45	11	0.018868
45	12	0.013333
45	13	0.017241
45	15	0.008929
45	16	0.007519
45	18	0.010204
45	20	0.008547
45	21	0.009346
45	22	0.012821
45	24	0.018868
45	36	0.025641
45	38	0.015625
45	41	0.014925
45	46	0.018519
45	47	0.021739
45	54	0.027027
45	55	0.017241
45	62	0.035714
45	74	0.028571
45	78	0.034483
45	89	0.034483
45	90	0.038462
45	93	0.043478
45	102	0.027027
45	110	0.032258
45	111	0.043478
45	115	0.031250
45	118	0.040000
45	121	0.045455
45	137	0.050000
45	142	0.034483
45	144	0.045455
45	155	0.047619
45	166	0.040000
45	178	0.043478
45	181	0.043478
45	186	0.050000
45	191	0.058824
45	197	0.055556
45	201	0.052632
45	202	0.050000
45	214	0.052632
45	219	0.052632
45	223	0.062500
45	224	0.041667
45	233	0.058824
45	241	0.058824
45	244	0.052632
45	246	0.062500
45	252	0.052632
45	260	0.047619
45	265	0.040000
45	268	0.045455
45	282	0.052632
45	294	0.055556
45	309	0.052632
45	317	0.058824
45	320	0.066667
45	324	0.052632
45	326	0.066667
45	327	0.062500
45	331	0.062500
45	337	0.058824
45	343	0.066667
45	345	0.062500
45	350	0.066667
45	351	0.062500
45	352	0.062500
45	363	0.071429
45	368	0.066667
45	377	0.066667
45	382	0.066667
46	1	0.010417
46	4	0.010526
46	6	0.017241
46	9	0.010638
46	14	0.015385
46	15	0.008929
46	18	0.010204
46	19	0.007692
46	20	0.008547
46	21	0.009346
46	26	0.031250
46	32	0.010638
46	34	0.015152
46	40	0.014085
46	45	0.013699
46	48	0.014925
46	49	0.017857
46	50	0.026316
46	60	0.029412
46	61	0.038462
46	78	0.034483
46	85	0.027778
46	87	0.027027
46	93	0.043478
46	100	0.028571
46	107	0.025641
46	117	0.038462
46	138	0.043478
46	140	0.043478
46	144	0.045455
46	149	0.030303
46	152	0.038462
46	162	0.032258
46	174	0.043478
46	186	0.050000
46	187	0.041667
46	205	0.062500
46	219	0.052632
46	240	0.050000
46	246	0.062500
46	250	0.058824
46	266	0.047619
46	267	0.055556
46	288	0.055556
46	304	0.058824
46	312	0.058824
46	338	0.058824
46	343	0.066667
46	352	0.062500
46	355	0.066667
46	364	0.062500
46	370	0.066667
46	379	0.062500
46	380	0.066667
47	1	0.010417
47	2	0.025000
47	4	0.010526
47	8	0.024390
47	9	0.010638
47	10	0.016667
47	17	0.008197
47	20	0.008547
47	32	0.010638
47	34	0.015152
47	38	0.015625
47	43	0.013699
47	45	0.013699
47	51	0.020833
47	54	0.027027
47	66	0.019231
47	68	0.026316
47	69	0.019231
47	73	0.026316
47	82	0.020408
47	100	0.028571
47	110	0.032258
47	115	0.031250
47	127	0.058824
47	139	0.029412
47	149	0.030303
47	163	0.033333
47	165	0.034483
47	169	0.052632
47	186	0.050000
47	198	0.052632
47	200	0.045455
47	201	0.052632
47	209	0.052632
47	225	0.041667
47	237	0.052632
47	249	0.045455
47	259	0.045455
47	267	0.055556
47	268	0.045455
47	296	0.058824
47	297	0.050000
47	310	0.052632
47	317	0.058824
47	347	0.062500
47	349	0.062500
48	0	0.017857
48	6	0.017241
48	9	0.010638
48	13	0.017241
48	14	0.015385
48	15	0.008929
48	19	0.007692
48	20	0.008547
48	25	0.022222
48	26	0.031250
48	27	0.018868
48	29	0.023810
48	30	0.024390
48	44	0.018519
48	46	0.018519
48	56	0.032258
48	67	0.030303
48	74	0.028571
48	75	0.027778
48	88	0.034483
48	89	0.034483
48	90	0.038462
48	94	0.043478
48	103	0.031250
48	109	0.029412
48	113	0.040000
48	119	0.043478
48	121	0.045455
48	127	0.058824
48	134	0.033333
48	138	0.043478
48	147	0.034483
48	149	0.030303
48	151	0.043478
48	152	0.038462
48	154	0.045455
48	160	0.041667
48	163	0.033333
48	167	0.037037
48	168	0.038462
48	174	0.043478
48	177	0.040000
48	178	0.043478
48	181	0.043478
48	183	0.052632
48	193	0.050000
48	199	0.050000
48	200	0.045455
48	206	0.055556
48	223	0.062500
48	227	0.055556
48	229	0.040000
48	236	0.047619
48	247	0.043478
48	250	0.058824
48	253	0.062500
48	271	0.052632
48	284	0.052632
48	285	0.052632
48	288	0.055556
48	324	0.052632
48	329	0.066667
48	345	0.062500
48	346	0.066667
48	357	0.062500
48	381	0.066667
48	385	0.066667
49	0	0.017857
49	4	0.010526
49	12	0.013333
49	14	0.015385
49	18	0.010204
49	19	0.007692
49	20	0.008547
49	21	0.009346
49	24	0.018868
49	25	0.022222
49	32	0.010638
49	33	0.013333
49	36	0.025641
49	38	0.015625
49	46	0.018519
49	53	0.023256
49	55	0.017241
49	56	0.032258
49	58	0.025641
49	63	0.058824
49	64	0.031250
49	65	0.017857
49	76	0.026316
49	77	0.026316
49	85	0.027778
49	90	0.038462
49	97	0.024390
49	99	0.025641
49	106	0.025641
49	108	0.034483
49	120	0.043478
49	124	0.052632
49	126	0.052632
49	140	0.043478
49	145	0.028571
49	146	0.041667
49	155	0.047619
49	163	0.033333
49	177	0.040000
49	182	0.050000
49	185	0.045455
49	207	0.045455
49	213	0.032258
49	237	0.052632
49	256	0.050000
49	267	0.055556
49	275	0.062500
49	301	0.058824
49	302	0.055556
49	314	0.058824
49	319	0.062500
49	320	0.066667
49	321	0.066667
49	336	0.066667
49	359	0.062500
49	378	0.066667
50	4	0.010526
50	5	0.010989
50	8	0.024390
50	11	0.018868
50	12	0.013333
50	15	0.008929
50	16	0.007519
50	25	0.022222
50	34	0.015152
50	35	0.015152
50	39	0.012821
50	44	0.018519
50	46	0.018519
50	53	0.023256
50	76	0.026316
50	81	0.035714
50	93	0.043478
50	107	0.025641
50	131	0.032258
50	169	0.052632
50	172	0.047619
50	178	0.043478
50	186	0.050000
50	195	0.052632
50	200	0.045455
50	218	0.058824
50	248	0.062500
50	256	0.050000
50	257	0.050000
50	264	0.050000
50	289	0.050000
50	298	0.055556
50	301	0.058824
50	310	0.052632
50	319	0.062500
50	341	0.058824
50	368	0.066667
50	385	0.066667
51	0	0.017857
51	4	0.010526
51	5	0.010989
51	6	0.017241
51	9	0.010638
51	10	0.016667
51	12	0.013333
51	16	0.007519
51	17	0.008197
51	26	0.031250
51	27	0.018868
51	35	0.015152
51	41	0.014925
51	47	0.021739
51	56	0.032258
51	58	0.025641
51	64	0.031250
51	66	0.019231
51	77	0.026316
51	83	0.023256
51	88	0.034483
51	90	0.038462
51	91	0.034483
51	94	0.043478
51	95	0.043478
51	106	0.025641
51	115	0.031250
51	118	0.040000
51	130	0.029412
51	144	0.045455
51	153	0.047619
51	160	0.041667
51	172	0.047619
51	197	0.055556
51	207	0.045455
51	212	0.043478
51	239	0.052632
51	240	0.050000
51	250	0.058824
51	261	0.050000
51	265	0.040000
51	269	0.055556
51	277	0.058824
51	311	0.052632
51	316	0.066667
51	335	0.062500
51	362	0.055556
51	370	0.066667
52	5	0.010989
52	10	0.016667
52	14	0.015385
52	15	0.008929
52	16	0.007519
52	17	0.008197
52	18	0.010204
52	19	0.007692
52	20	0.008547
52	21	0.009346
52	22	0.012821
52	23	0.020000
52	39	0.012821
52	41	0.014925
52	43	0.013699
52	62	0.035714
52	66	0.019231
52	77	0.026316
52	85	0.027778
52	95	0.043478
52	99	0.025641
52	101	0.040000
52	102	0.027027
52	113	0.040000
52	116	0.027027
52	120	0.043478
52	121	0.045455
52	122	0.037037
52	128	0.032258
52	129	0.031250
52	130	0.029412
52	132	0.040000
52	135	0.038462
52	136	0.030303
52	145	0.028571
52	146	0.041667
52	150	0.040000
52	156	0.043478
52	166	0.040000
52	176	0.050000
52	184	0.041667
52	187	0.041667
52	198	0.052632
52	205	0.062500
52	237	0.052632
52	239	0.052632
52	241	0.058824
52	255	0.062500
52	262	0.055556
52	268	0.045455
52	279	0.062500
52	280	0.055556
52	283	0.066667
52	293	0.058824
52	296	0.058824
52	304	0.058824
52	306	0.062500
52	331	0.062500
52	333	0.058824
52	335	0.062500
52	340	0.058824
52	348	0.066667
52	354	0.071429
52	357	0.062500
52	360	0.066667
52	374	0.062500
52	375	0.066667
53	1	0.010417
53	4	0.010526
53	5	0.010989
53	7	0.021739
53	14	0.015385
53	16	0.007519
53	17	0.008197
53	19	0.007692
53	20	0.008547
53	23	0.020000
53	27	0.018868
53	42	0.016667
53	49	0.017857
53	50	0.026316
53	59	0.032258
53	62	0.035714
53	69	0.019231
53	74	0.028571
53	80	0.027778
53	89	0.034483
53	91	0.034483
53	92	0.043478
53	110	0.032258
53	120	0.043478
53	124	0.052632
53	127	0.058824
53	136	0.030303
53	158	0.055556
53	217	0.055556
53	220	0.058824
53	223	0.062500
53	234	0.045455
53	257	0.050000
53	261	0.050000
53	267	0.055556
53	268	0.045455
53	284	0.052632
53	311	0.052632
53	318	0.066667
53	324	0.052632
53	354	0.071429
53	362	0.055556
53	368	0.066667
54	1	0.010417
54	3	0.020833
54	4	0.010526
54	9	0.010638
54	16	0.007519
54	17	0.008197
54	20	0.008547
54	21	0.009346
54	29	0.023810
54	32	0.010638
54	37	0.018182
54	40	0.014085
54	43	0.013699
54	45	0.013699
54	47	0.021739
54	56	0.032258
54	64	0.031250
54	68	0.026316
54	71	0.025000
54	72	0.022222
54	73	0.026316
54	84	0.038462
54	102	0.027027
54	112	0.040000
54	119	0.043478
54	120	0.043478
54	146	0.041667
54	147	0.034483
54	164	0.031250
54	173	0.047619
54	177	0.040000
54	179	0.045455
54	258	0.050000
54	287	0.058824
54	294	0.055556
54	335	0.062500
54	364	0.062500
55	5	0.010989
55	9	0.010638
55	11	0.018868
55	15	0.008929
55	19	0.007692
55	20	0.008547
55	22	0.012821
55	29	0.023810
55	30	0.024390
55	33	0.013333
55	34	0.015152
55	35	0.015152
55	39	0.012821
55	45	0.013699
55	49	0.017857
55	59	0.032258
55	63	0.058824
55	70	0.038462
55	71	0.025000
55	75	0.027778
55	77	0.026316
55	82	0.020408
55	87	0.027027
55	97	0.024390
55	101	0.040000
55	112	0.040000
55	115	0.031250
55	120	0.043478
55	135	0.038462
55	138	0.043478
55	141	0.038462
55	144	0.045455
55	151	0.043478
55	153	0.047619
55	164	0.031250
55	167	0.037037
55	196	0.047619
55	203	0.035714
55	205	0.062500
55	219	0.052632
55	229	0.040000
55	248	0.062500
55	256	0.050000
55	258	0.050000
55	264	0.050000
55	266	0.047619
55	287	0.058824
55	298	0.055556
55	301	0.058824
55	316	0.066667
55	321	0.066667
55	332	0.062500
55	341	0.058824
55	354	0.071429
55	365	0.066667
55	369	0.066667
55	379	0.062500
55	385	0.066667
56	3	0.020833
56	5	0.010989
56	10	0.016667
56	12	0.013333
56	16	0.007519
56	17	0.008197
56	19	0.007692
56	27	0.018868
56	28	0.029412
56	38	0.015625
56	48	0.014925
56	49	0.017857
56	51	0.020833
56	54	0.027027
56	63	0.058824
56	64	0.031250
56	83	0.023256
56	114	0.033333
56	131	0.032258
56	143	0.037037
56	152	0.038462
56	188	0.055556
56	228	0.058824
56	234	0.045455
56	237	0.052632
56	253	0.062500
56	271	0.052632
56	314	0.058824
56	323	0.058824
56	330	0.066667
56	383	0.066667
57	0	0.017857
57	1	0.010417
57	10	0.016667
57	17	0.008197
57	19	0.007692
57	21	0.009346
57	24	0.018868
57	29	0.023810
57	36	0.025641
57	38	0.015625
57	39	0.012821
57	40	0.014085
57	42	0.016667
57	44	0.018519
57	60	0.029412
57	61	0.038462
57	65	0.017857
57	70	0.038462
57	71	0.025000
57	72	0.022222
57	75	0.027778
57	77	0.026316
57	85	0.027778
57	94	0.043478
57	99	0.025641
57	106	0.025641
57	115	0.031250
57	119	0.043478
57	126	0.052632
57	160	0.041667
57	173	0.047619
57	181	0.043478
57	207	0.045455
57	238	0.055556
57	281	0.062500
57	313	0.055556
57	328	0.062500
57	346	0.066667
57	351	0.062500
57	382	0.066667
58	3	0.020833
58	7	0.021739
58	12	0.013333
58	14	0.015385
58	15	0.008929
58	17	0.008197
58	18	0.010204
58	19	0.007692
58	24	0.018868
58	26	0.031250
58	32	0.010638
58	39	0.012821
58	41	0.014925
58	49	0.017857
58	51	0.020833
58	70	0.038462
58	80	0.027778
58	96	0.018519
58	98	0.031250
58	106	0.025641
58	107	0.025641
58	109	0.029412
58	132	0.040000
58	140	0.043478
58	161	0.032258
58	198	0.052632
58	201	0.052632
58	208	0.050000
58	210	0.040000
58	211	0.052632
58	215	0.052632
58	218	0.058824
58	224	0.041667
58	256	0.050000
58	265	0.040000
58	267	0.055556
58	294	0.055556
58	316	0.066667
58	328	0.062500
59	1	0.010417
59	10	0.016667
59	13	0.017241
59	14	0.015385
59	15	0.008929
59	17	0.008197
59	18	0.010204
59	20	0.008547
59	32	0.010638
59	33	0.013333
59	38	0.015625
59	39	0.012821
59	40	0.014085
59	53	0.023256
59	55	0.017241
59	63	0.058824
59	82	0.020408
59	125	0.038462
59	145	0.028571
59	155	0.047619
59	205	0.062500
59	206	0.055556
59	221	0.058824
59	224	0.041667
59	231	0.055556
59	239	0.052632
59	244	0.052632
59	266	0.047619
59	278	0.047619
59	335	0.062500
59	374	0.062500
60	1	0.010417
60	3	0.020833
60	12	0.013333
60	14	0.015385
60	15	0.008929
60	20	0.008547
60	24	0.018868
60	26	0.031250
60	32	0.010638
60	34	0.015152
60	38	0.015625
60	41	0.014925
60	46	0.018519
60	57	0.025000
60	67	0.030303
60	70	0.038462
60	75	0.027778
60	77	0.026316
60	82	0.020408
60	83	0.023256
60	117	0.038462
60	126	0.052632
60	135	0.038462
60	149	0.030303
60	191	0.058824
60	200	0.045455
60	234	0.045455
60	272	0.062500
60	284	0.052632
60	287	0.058824
60	305	0.058824
60	309	0.052632
60	349	0.062500
60	384	0.066667
61	12	0.013333
61	15	0.008929
61	17	0.008197
61	18	0.010204
61	19	0.007692
61	20	0.008547
61	21	0.009346
61	23	0.020000
61	27	0.018868
61	31	0.038462
61	32	0.010638
61	35	0.015152
61	38	0.015625
61	46	0.018519
61	57	0.025000
61	62	0.035714
61	71	0.025000
61	73	0.026316
61	105	0.028571
61	190	0.050000
61	216	0.055556
61	258	0.050000
61	266	0.047619
61	287	0.058824
61	310	0.052632
61	333	0.058824
62	2	0.025000
62	5	0.010989
62	9	0.010638
62	16	0.007519
62	18	0.010204
62	19	0.007692
62	20	0.008547
62	21	0.009346
62	32	0.010638
62	35	0.015152
62	38	0.015625
62	45	0.013699
62	52	0.014925
62	53	0.023256
62	61	0.038462
62	74	0.028571
62	84	0.038462
62	89	0.034483
62	90	0.038462
62	145	0.028571
62	167	0.037037
62	178	0.043478
62	184	0.041667
62	199	0.050000
62	263	0.047619
62	272	0.062500
62	333	0.058824
62	367	0.066667
63	2	0.025000
63	7	0.021739
63	10	0.016667
63	14	0.015385
63	15	0.008929
63	19	0.007692
63	20	0.008547
63	22	0.012821
63	24	0.018868
63	38	0.015625
63	39	0.012821
63	49	0.017857
63	55	0.017241
63	56	0.032258
63	59	0.032258
63	73	0.026316
63	323	0.058824
64	1	0.010417
64	2	0.025000
64	3	0.020833
64	9	0.010638
64	15	0.008929
64	17	0.008197
64	19	0.007692
64	20	0.008547
64	22	0.012821
64	38	0.015625
64	42	0.016667
64	49	0.017857
64	51	0.020833
64	54	0.027027
64	56	0.032258
64	104	0.037037
64	106	0.025641
64	124	0.052632
64	134	0.033333
64	143	0.037037
64	161	0.032258
64	175	0.050000
64	215	0.052632
64	218	0.058824
64	246	0.062500
64	253	0.062500
64	254	0.062500
64	260	0.047619
64	275	0.062500
64	278	0.047619
64	310	0.052632
64	325	0.062500
65	0	0.017857
65	5	0.010989
65	9	0.010638
65	11	0.018868
65	15	0.008929
65	18	0.010204
65	20	0.008547
65	21	0.009346
65	24	0.018868
65	33	0.013333
65	36	0.025641
65	40	0.014085
65	41	0.014925
65	49	0.017857
65	57	0.025000
65	66	0.019231
65	67	0.030303
65	73	0.026316
65	74	0.028571
65	77	0.026316
65	82	0.020408
65	85	0.027778
65	90	0.038462
65	91	0.034483
65	92	0.043478
65	101	0.040000
65	109	0.029412
65	118	0.040000
65	121	0.045455
65	122	0.037037
65	129	0.031250
65	131	0.032258
65	132	0.040000
65	134	0.033333
65	155	0.047619
65	163	0.033333
65	181	0.043478
65	189	0.043478
65	191	0.058824
65	193	0.050000
65	195	0.052632
65	207	0.045455
65	212	0.043478
65	214	0.052632
65	216	0.055556
65	263	0.047619
65	271	0.052632
65	303	0.055556
65	310	0.052632
65	319	0.062500
65	346	0.066667
65	347	0.062500
65	349	0.062500
65	351	0.062500
65	379	0.062500
65	381	0.066667
66	4	0.010526
66	10	0.016667
66	16	0.007519
66	29	0.023810
66	32	0.010638
66	33	0.013333
66	35	0.015152
66	36	0.025641
66	39	0.012821
66	43	0.013699
66	44	0.018519
66	47	0.021739
66	51	0.020833
66	52	0.014925
66	65	0.017857
66	69	0.019231
66	72	0.022222
66	74	0.028571
66	80	0.027778
66	81	0.035714
66	89	0.034483
66	97	0.024390
66	112	0.040000
66	117	0.038462
66	118	0.040000
66	125	0.038462
66	128	0.032258
66	131	0.032258
66	132	0.040000
66	138	0.043478
66	152	0.038462
66	161	0.032258
66	181	0.043478
66	183	0.052632
66	184	0.041667
66	186	0.050000
66	205	0.062500
66	248	0.062500
66	252	0.052632
66	255	0.062500
66	258	0.050000
66	265	0.040000
66	292	0.052632
66	293	0.058824
66	313	0.055556
66	316	0.066667
66	321	0.066667
66	333	0.058824
66	347	0.062500
66	360	0.066667
66	365	0.066667
66	367	0.066667
67	4	0.010526
67	11	0.018868
67	14	0.015385
67	15	0.008929
67	16	0.007519
67	17	0.008197
67	29	0.023810
67	31	0.038462
67	34	0.015152
67	39	0.012821
67	40	0.014085
67	42	0.016667
67	48	0.014925
67	60	0.029412
67	65	0.017857
67	111	0.043478
67	116	0.027027
67	118	0.040000
67	161	0.032258
67	171	0.045455
67	189	0.043478
67	202	0.050000
67	222	0.062500
67	227	0.055556
67	236	0.047619
67	261	0.050000
67	263	0.047619
67	270	0.055556
67	277	0.058824
67	307	0.058824
67	308	0.058824
67	311	0.052632
67	354	0.071429
68	2	0.025000
68	8	0.024390
68	9	0.010638
68	10	0.016667
68	12	0.013333
68	15	0.008929
68	16	0.007519
68	21	0.009346
68	22	0.012821
68	32	0.010638
68	34	0.015152
68	39	0.012821
68	43	0.013699
68	47	0.021739
68	54	0.027027
68	78	0.034483
68	85	0.027778
68	98	0.031250
68	108	0.034483
68	112	0.040000
68	114	0.033333
68	122	0.037037
68	137	0.050000
68	142	0.034483
68	147	0.034483
68	157	0.041667
68	158	0.055556
68	159	0.052632
68	173	0.047619
68	179	0.045455
68	189	0.043478
68	210	0.040000
68	222	0.062500
68	225	0.041667
68	246	0.062500
68	288	0.055556
68	328	0.062500
68	380	0.066667
69	0	0.017857
69	1	0.010417
69	4	0.010526
69	12	0.013333
69	15	0.008929
69	17	0.008197
69	21	0.009346
69	23	0.020000
69	32	0.010638
69	43	0.013699
69	44	0.018519
69	47	0.021739
69	53	0.023256
69	66	0.019231
69	74	0.028571
69	81	0.035714
69	84	0.038462
69	88	0.034483
69	92	0.043478
69	94	0.043478
69	100	0.028571
69	101	0.040000
69	111	0.043478
69	113	0.040000
69	120	0.043478
69	129	0.031250
69	136	0.030303
69	144	0.045455
69	159	0.052632
69	163	0.033333
69	171	0.045455
69	173	0.047619
69	176	0.050000
69	186	0.050000
69	193	0.050000
69	218	0.058824
69	232	0.050000
69	238	0.055556
69	243	0.047619
69	248	0.062500
69	258	0.050000
69	263	0.047619
69	269	0.055556
69	285	0.052632
69	295	0.066667
69	296	0.058824
69	302	0.055556
69	324	0.052632
69	337	0.058824
69	350	0.066667
69	356	0.062500
69	372	0.062500
70	1	0.010417
70	5	0.010989
70	14	0.015385
70	15	0.008929
70	16	0.007519
70	17	0.008197
70	19	0.007692
70	21	0.009346
70	24	0.018868
70	32	0.010638
70	35	0.015152
70	55	0.017241
70	57	0.025000
70	58	0.025641
70	60	0.029412
70	78	0.034483
70	105	0.028571
70	114	0.033333
70	129	0.031250
70	142	0.034483
70	165	0.034483
70	170	0.050000
70	190	0.050000
70	202	0.050000
70	283	0.066667
70	340	0.058824
71	0	0.017857
71	3	0.020833
71	4	0.010526
71	9	0.010638
71	13	0.017241
71	16	0.007519
71	17	0.008197
71	18	0.010204
71	20	0.008547
71	22	0.012821
71	35	0.015152
71	54	0.027027
71	55	0.017241
71	57	0.025000
71	61	0.038462
71	81	0.035714
71	83	0.023256
71	84	0.038462
71	89	0.034483
71	91	0.034483
71	94	0.043478
71	103	0.031250
71	118	0.040000
71	128	0.032258
71	133	0.037037
71	135	0.038462
71	145	0.028571
71	157	0.041667
71	162	0.032258
71	183	0.052632
71	186	0.050000
71	211	0.052632
71	221	0.058824
71	238	0.055556
71	243	0.047619
71	252	0.052632
71	281	0.062500
71	282	0.052632
71	289	0.050000
71	331	0.062500
72	3	0.020833
72	4	0.010526
72	14	0.015385
72	18	0.010204
72	19	0.007692
72	21	0.009346
72	34	0.015152
72	38	0.015625
72	39	0.012821
72	40	0.014085
72	42	0.016667
72	54	0.027027
72	57	0.025000
72	66	0.019231
72	74	0.028571
72	76	0.026316
72	78	0.034483
72	79	0.026316
72	88	0.034483
72	89	0.034483
72	103	0.031250
72	105	0.028571
72	120	0.043478
72	122	0.037037
72	130	0.029412
72	151	0.043478
72	159	0.052632
72	188	0.055556
72	204	0.043478
72	207	0.045455
72	226	0.047619
72	227	0.055556
72	229	0.040000
72	233	0.058824
72	236	0.047619
72	259	0.045455
72	277	0.058824
72	286	0.066667
72	291	0.058824
72	295	0.066667
72	319	0.062500
72	339	0.062500
72	343	0.066667
72	350	0.066667
72	355	0.066667
73	1	0.010417
73	6	0.017241
73	11	0.018868
73	16	0.007519
73	20	0.008547
73	21	0.009346
73	24	0.018868
73	26	0.031250
73	32	0.010638
73	37	0.018182
73	47	0.021739
73	54	0.027027
73	61	0.038462
73	63	0.058824
73	65	0.017857
73	74	0.028571
73	80	0.027778
73	84	0.038462
73	91	0.034483
73	101	0.040000
73	108	0.034483
73	123	0.040000
73	131	0.032258
73	132	0.040000
73	148	0.045455
73	161	0.032258
73	190	0.050000
73	203	0.035714
73	232	0.050000
73	254	0.062500
73	266	0.047619
73	319	0.062500
73	326	0.066667
73	332	0.062500
73	338	0.058824
73	345	0.062500
73	348	0.066667
73	353	0.066667
74	0	0.017857
74	3	0.020833
74	8	0.024390
74	9	0.010638
74	33	0.013333
74	38	0.015625
74	45	0.013699
74	48	0.014925
74	53	0.023256
74	62	0.035714
74	65	0.017857
74	66	0.019231
74	69	0.019231
74	72	0.022222
74	73	0.026316
74	75	0.027778
74	87	0.027027
74	95	0.043478
74	98	0.031250
74	127	0.058824
74	131	0.032258
74	166	0.040000
74	176	0.050000
74	189	0.043478
74	191	0.058824
74	252	0.052632
74	272	0.062500
74	278	0.047619
74	298	0.055556
74	305	0.058824
74	359	0.062500
74	360	0.066667
74	362	0.055556
74	366	0.066667
74	380	0.066667
75	1	0.010417
75	5	0.010989
75	15	0.008929
75	19	0.007692
75	22	0.012821
75	24	0.018868
75	26	0.031250
75	27	0.018868
75	33	0.013333
75	39	0.012821
75	48	0.014925
75	55	0.017241
75	57	0.025000
75	60	0.029412
75	74	0.028571
75	84	0.038462
75	91	0.034483
75	97	0.024390
75	99	0.025641
75	107	0.025641
75	119	0.043478
75	122	0.037037
75	142	0.034483
75	156	0.043478
75	162	0.032258
75	200	0.045455
75	211	0.052632
75	233	0.058824
75	268	0.045455
75	272	0.062500
75	278	0.047619
75	300	0.062500
75	304	0.058824
75	322	0.062500
75	345	0.062500
75	358	0.062500
76	1	0.010417
76	6	0.017241
76	11	0.018868
76	12	0.013333
76	15	0.008929
76	16	0.007519
76	19	0.007692
76	32	0.010638
76	35	0.015152
76	40	0.014085
76	41	0.014925
76	42	0.016667
76	49	0.017857
76	50	0.026316
76	72	0.022222
76	82	0.020408
76	83	0.023256
76	88	0.034483
76	89	0.034483
76	100	0.028571
76	103	0.031250
76	126	0.052632
76	130	0.029412
76	133	0.037037
76	135	0.038462
76	156	0.043478
76	194	0.050000
76	195	0.052632
76	210	0.040000
76	238	0.055556
76	242	0.052632
76	254	0.062500
76	259	0.045455
76	292	0.052632
76	314	0.058824
76	351	0.062500
76	352	0.062500
76	361	0.066667
77	5	0.010989
77	6	0.017241
77	9	0.010638
77	15	0.008929
77	23	0.020000
77	24	0.018868
77	27	0.018868
77	41	0.014925
77	49	0.017857
77	51	0.020833
77	52	0.014925
77	55	0.017241
77	57	0.025000
77	60	0.029412
77	65	0.017857
77	80	0.027778
77	96	0.018519
77	104	0.037037
77	109	0.029412
77	119	0.043478
77	123	0.040000
77	135	0.038462
77	141	0.038462
77	144	0.045455
77	149	0.030303
77	159	0.052632
77	162	0.032258
77	171	0.045455
77	235	0.041667
77	236	0.047619
77	247	0.043478
77	288	0.055556
77	291	0.058824
77	306	0.062500
77	311	0.052632
77	343	0.066667
77	347	0.062500
77	348	0.066667
78	4	0.010526
78	9	0.010638
78	12	0.013333
78	13	0.017241
78	14	0.015385
78	20	0.008547
78	27	0.018868
78	33	0.013333
78	42	0.016667
78	43	0.013699
78	45	0.013699
78	46	0.018519
78	68	0.026316
78	70	0.038462
78	72	0.022222
78	98	0.031250
78	99	0.025641
78	100	0.028571
78	116	0.027027
78	127	0.058824
78	166	0.040000
78	220	0.058824
78	223	0.062500
78	262	0.055556
78	266	0.047619
78	269	0.055556
78	344	0.058824
78	361	0.066667
78	369	0.066667
79	4	0.010526
79	6	0.017241
79	8	0.024390
79	15	0.008929
79	16	0.007519
79	19	0.007692
79	22	0.012821
79	33	0.013333
79	34	0.015152
79	40	0.014085
79	42	0.016667
79	43	0.013699
79	44	0.018519
79	72	0.022222
79	80	0.027778
79	82	0.020408
79	91	0.034483
79	105	0.028571
79	107	0.025641
79	108	0.034483
79	111	0.043478
79	114	0.033333
79	126	0.052632
79	154	0.045455
79	182	0.050000
79	197	0.055556
79	222	0.062500
79	249	0.045455
79	275	0.062500
79	284	0.052632
79	306	0.062500
79	314	0.058824
79	315	0.066667
79	321	0.066667
79	361	0.066667
79	366	0.066667
79	372	0.062500
79	383	0.066667
80	2	0.025000
80	7	0.021739
80	11	0.018868
80	16	0.007519
80	21	0.009346
80	29	0.023810
80	34	0.015152
80	35	0.015152
80	44	0.018519
80	53	0.023256
80	58	0.025641
80	66	0.019231
80	73	0.026316
80	77	0.026316
80	79	0.026316
80	83	0.023256
80	84	0.038462
80	86	0.027778
80	90	0.038462
80	101	0.040000
80	110	0.032258
80	132	0.040000
80	161	0.032258
80	185	0.045455
80	190	0.050000
80	207	0.045455
80	209	0.052632
80	219	0.052632
80	228	0.058824
80	238	0.055556
80	258	0.050000
80	272	0.062500
80	345	0.062500
80	360	0.066667
80	370	0.066667
80	380	0.066667
81	5	0.010989
81	6	0.017241
81	9	0.010638
81	11	0.018868
81	12	0.013333
81	16	0.007519
81	17	0.008197
81	18	0.010204
81	19	0.007692
81	40	0.014085
81	41	0.014925
81	50	0.026316
81	66	0.019231
81	69	0.019231
81	71	0.025000
81	85	0.027778
81	98	0.031250
81	125	0.038462
81	128	0.032258
81	129	0.031250
81	146	0.041667
81	196	0.047619
81	222	0.062500
81	283	0.066667
81	335	0.062500
81	338	0.058824
81	344	0.058824
81	374	0.062500
82	3	0.020833
82	4	0.010526
82	18	0.010204
82	19	0.007692
82	21	0.009346
82	22	0.012821
82	29	0.023810
82	40	0.014085
82	47	0.021739
82	55	0.017241
82	59	0.032258
82	60	0.029412
82	65	0.017857
82	76	0.026316
82	79	0.026316
82	83	0.023256
82	85	0.027778
82	87	0.027027
82	90	0.038462
82	92	0.043478
82	95	0.043478
82	98	0.031250
82	103	0.031250
82	106	0.025641
82	111	0.043478
82	114	0.033333
82	127	0.058824
82	129	0.031250
82	143	0.037037
82	158	0.055556
82	179	0.045455
82	180	0.040000
82	190	0.050000
82	192	0.052632
82	219	0.052632
82	222	0.062500
82	229	0.040000
82	243	0.047619
82	255	0.062500
82	258	0.050000
82	267	0.055556
82	284	0.052632
82	290	0.052632
82	301	0.058824
82	309	0.052632
82	331	0.062500
82	347	0.062500
82	366	0.066667
82	373	0.066667
83	5	0.010989
83	7	0.021739
83	16	0.007519
83	22	0.012821
83	24	0.018868
83	40	0.014085
83	41	0.014925
83	43	0.013699
83	51	0.020833
83	56	0.032258
83	60	0.029412
83	71	0.025000
83	76	0.026316
83	80	0.027778
83	82	0.020408
83	92	0.043478
83	94	0.043478
83	99	0.025641
83	111	0.043478
83	117	0.038462
83	119	0.043478
83	120	0.043478
83	121	0.045455
83	123	0.040000
83	138	0.043478
83	141	0.038462
83	146	0.041667
83	157	0.041667
83	173	0.047619
83	209	0.052632
83	216	0.055556
83	239	0.052632
83	259	0.045455
83	271	0.052632
83	279	0.062500
83	282	0.052632
83	313	0.055556
83	323	0.058824
83	326	0.066667
83	336	0.066667
83	355	0.066667
83	376	0.066667
83	385	0.066667
84	1	0.010417
84	3	0.020833
84	18	0.010204
84	21	0.009346
84	28	0.029412
84	36	0.025641
84	40	0.014085
84	43	0.013699
84	54	0.027027
84	62	0.035714
84	69	0.019231
84	71	0.025000
84	73	0.026316
84	75	0.027778
84	80	0.027778
84	88	0.034483
84	118	0.040000
84	157	0.041667
84	162	0.032258
84	187	0.041667
84	198	0.052632
84	211	0.052632
84	276	0.058824
84	277	0.058824
84	351	0.062500
84	372	0.062500
85	4	0.010526
85	5	0.010989
85	13	0.017241
85	21	0.009346
85	39	0.012821
85	41	0.014925
85	42	0.016667
85	46	0.018519
85	49	0.017857
85	52	0.014925
85	57	0.025000
85	65	0.017857
85	68	0.026316
85	81	0.035714
85	82	0.020408
85	93	0.043478
85	98	0.031250
85	110	0.032258
85	116	0.027027
85	125	0.038462
85	128	0.032258
85	129	0.031250
85	135	0.038462
85	136	0.030303
85	140	0.043478
85	143	0.037037
85	152	0.038462
85	195	0.052632
85	246	0.062500
85	251	0.062500
85	290	0.052632
85	341	0.058824
85	342	0.062500
85	348	0.066667
85	351	0.062500
85	384	0.066667
86	5	0.010989
86	6	0.017241
86	9	0.010638
86	10	0.016667
86	12	0.013333
86	15	0.008929
86	16	0.007519
86	25	0.022222
86	33	0.013333
86	37	0.018182
86	38	0.015625
86	42	0.016667
86	44	0.018519
86	80	0.027778
86	93	0.043478
86	102	0.027027
86	105	0.028571
86	108	0.034483
86	158	0.055556
86	165	0.034483
86	175	0.050000
86	176	0.050000
86	187	0.041667
86	192	0.052632
86	204	0.043478
86	214	0.052632
86	242	0.052632
86	261	0.050000
86	264	0.050000
86	276	0.058824
86	284	0.052632
86	316	0.066667
86	325	0.062500
86	337	0.058824
86	365	0.066667
86	382	0.066667
87	5	0.010989
87	9	0.010638
87	10	0.016667
87	11	0.018868
87	18	0.010204
87	19	0.007692
87	34	0.015152
87	35	0.015152
87	39	0.012821
87	42	0.016667
87	46	0.018519
87	55	0.017241
87	74	0.028571
87	82	0.020408
87	90	0.038462
87	96	0.018519
87	99	0.025641
87	114	0.033333
87	117	0.038462
87	130	0.029412
87	133	0.037037
87	135	0.038462
87	170	0.050000
87	173	0.047619
87	196	0.047619
87	198	0.052632
87	202	0.050000
87	203	0.035714
87	211	0.052632
87	228	0.058824
87	260	0.047619
87	286	0.066667
87	294	0.055556
87	333	0.058824
87	356	0.062500
87	358	0.062500
87	384	0.066667
88	0	0.017857
88	3	0.020833
88	4	0.010526
88	15	0.008929
88	16	0.007519
88	20	0.008547
88	21	0.009346
88	36	0.025641
88	40	0.014085
88	48	0.014925
88	51	0.020833
88	69	0.019231
88	72	0.022222
88	76	0.026316
88	84	0.038462
88	98	0.031250
88	102	0.027027
88	117	0.038462
88	124	0.052632
88	166	0.040000
88	172	0.047619
88	174	0.043478
88	209	0.052632
88	214	0.052632
88	224	0.041667
88	262	0.055556
88	316	0.066667
88	339	0.062500
88	375	0.066667
89	2	0.025000
89	4	0.010526
89	11	0.018868
89	19	0.007692
89	20	0.008547
89	32	0.010638
89	39	0.012821
89	45	0.013699
89	48	0.014925
89	53	0.023256
89	62	0.035714
89	66	0.019231
89	71	0.025000
89	72	0.022222
89	76	0.026316
89	93	0.043478
89	97	0.024390
89	105	0.028571
89	108	0.034483
89	123	0.040000
89	150	0.040000
89	178	0.043478
89	216	0.055556
89	224	0.041667
89	292	0.052632
89	296	0.058824
89	317	0.058824
89	326	0.066667
89	377	0.066667
90	5	0.010989
90	9	0.010638
90	17	0.008197
90	21	0.009346
90	31	0.038462
90	32	0.010638
90	45	0.013699
90	48	0.014925
90	49	0.017857
90	51	0.020833
90	62	0.035714
90	65	0.017857
90	80	0.027778
90	82	0.020408
90	87	0.027027
90	116	0.027027
90	147	0.034483
90	176	0.050000
90	195	0.052632
90	205	0.062500
90	262	0.055556
90	282	0.052632
90	318	0.066667
90	346	0.066667
90	347	0.062500
90	375	0.066667
91	0	0.017857
91	1	0.010417
91	7	0.021739
91	10	0.016667
91	12	0.013333
91	14	0.015385
91	17	0.008197
91	33	0.013333
91	51	0.020833
91	53	0.023256
91	65	0.017857
91	71	0.025000
91	73	0.026316
91	75	0.027778
91	79	0.026316
91	93	0.043478
91	102	0.027027
91	106	0.025641
91	112	0.040000
91	113	0.040000
91	117	0.038462
91	126	0.052632
91	138	0.043478
91	171	0.045455
91	178	0.043478
91	209	0.052632
91	239	0.052632
91	334	0.062500
91	362	0.055556
92	6	0.017241
92	7	0.021739
92	11	0.018868
92	15	0.008929
92	16	0.007519
92	21	0.009346
92	32	0.010638
92	39	0.012821
92	41	0.014925
92	42	0.016667
92	53	0.023256
92	65	0.017857
92	69	0.019231
92	82	0.020408
92	83	0.023256
92	115	0.031250
92	142	0.034483
92	188	0.055556
92	226	0.047619
92	239	0.052632
92	256	0.050000
92	334	0.062500
92	353	0.066667
93	1	0.010417
93	5	0.010989
93	10	0.016667
93	14	0.015385
93	21	0.009346
93	22	0.012821
93	28	0.029412
93	43	0.013699
93	45	0.013699
93	46	0.018519
93	50	0.026316
93	85	0.027778
93	86	0.027778
93	89	0.034483
93	91	0.034483
93	155	0.047619
93	176	0.050000
93	207	0.045455
93	215	0.052632
93	246	0.062500
93	299	0.047619
93	363	0.071429
93	371	0.066667
94	4	0.010526
94	7	0.021739
94	8	0.024390
94	15	0.008929
94	16	0.007519
94	20	0.008547
94	22	0.012821
94	40	0.014085
94	41	0.014925
94	48	0.014925
94	51	0.020833
94	57	0.025000
94	69	0.019231
94	71	0.025000
94	83	0.023256
94	111	0.043478
94	158	0.055556
94	173	0.047619
94	176	0.050000
94	259	0.045455
94	287	0.058824
94	292	0.052632
94	349	0.062500
95	3	0.020833
95	4	0.010526
95	5	0.010989
95	6	0.017241
95	9	0.010638
95	12	0.013333
95	20	0.008547
95	25	0.022222
95	32	0.010638
95	39	0.012821
95	40	0.014085
95	51	0.020833
95	52	0.014925
95	74	0.028571
95	82	0.020408
95	176	0.050000
95	183	0.052632
95	206	0.055556
95	221	0.058824
95	286	0.066667
95	306	0.062500
95	331	0.062500
95	375	0.066667
96	0	0.017857
96	2	0.025000
96	6	0.017241
96	11	0.018868
96	12	0.013333
96	19	0.007692
96	20	0.008547
96	21	0.009346
96	22	0.012821
96	34	0.015152
96	42	0.016667
96	44	0.018519
96	58	0.025641
96	77	0.026316
96	87	0.027027
96	100	0.028571
96	106	0.025641
96	118	0.040000
96	119	0.043478
96	124	0.052632
96	125	0.038462
96	126	0.052632
96	135	0.038462
96	140	0.043478
96	148	0.045455
96	149	0.030303
96	151	0.043478
96	175	0.050000
96	183	0.052632
96	185	0.045455
96	190	0.050000
96	191	0.058824
96	192	0.052632
96	194	0.050000
96	195	0.052632
96	216	0.055556
96	225	0.041667
96	231	0.055556
96	242	0.052632
96	244	0.052632
96	252	0.052632
96	254	0.062500
96	260	0.047619
96	274	0.050000
96	279	0.062500
96	295	0.066667
96	317	0.058824
96	319	0.062500
96	329	0.066667
96	336	0.066667
96	351	0.062500
96	355	0.066667
96	356	0.062500
96	378	0.066667
97	9	0.010638
97	12	0.013333
97	14	0.015385
97	17	0.008197
97	18	0.010204
97	35	0.015152
97	37	0.018182
97	38	0.015625
97	40	0.014085
97	43	0.013699
97	49	0.017857
97	55	0.017241
97	66	0.019231
97	75	0.027778
97	89	0.034483
97	102	0.027027
97	112	0.040000
97	126	0.052632
97	127	0.058824
97	136	0.030303
97	141	0.038462
97	142	0.034483
97	146	0.041667
97	155	0.047619
97	161	0.032258
97	164	0.031250
97	183	0.052632
97	210	0.040000
97	214	0.052632
97	217	0.055556
97	225	0.041667
97	232	0.050000
97	236	0.047619
97	290	0.052632
97	300	0.062500
97	314	0.058824
97	315	0.066667
97	346	0.066667
97	351	0.062500
97	356	0.062500
97	362	0.055556
98	0	0.017857
98	12	0.013333
98	20	0.008547
98	27	0.018868
98	28	0.029412
98	35	0.015152
98	38	0.015625
98	58	0.025641
98	68	0.026316
98	74	0.028571
98	78	0.034483
98	81	0.035714
98	82	0.020408
98	85	0.027778
98	88	0.034483
98	100	0.028571
98	110	0.032258
98	134	0.033333
98	137	0.050000
98	147	0.034483
98	149	0.030303
98	150	0.040000
98	153	0.047619
98	182	0.050000
98	202	0.050000
98	241	0.058824
98	242	0.052632
98	268	0.045455
98	278	0.047619
98	288	0.055556
98	308	0.058824
98	380	0.066667
99	4	0.010526
99	6	0.017241
99	11	0.018868
99	17	0.008197
99	20	0.008547
99	27	0.018868
99	33	0.013333
99	42	0.016667
99	49	0.017857
99	52	0.014925
99	57	0.025000
99	75	0.027778
99	78	0.034483
99	83	0.023256
99	87	0.027027
99	110	0.032258
99	113	0.040000
99	119	0.043478
99	121	0.045455
99	153	0.047619
99	162	0.032258
99	165	0.034483
99	169	0.052632
99	175	0.050000
99	188	0.055556
99	208	0.050000
99	216	0.055556
99	219	0.052632
99	235	0.041667
99	236	0.047619
99	243	0.047619
99	245	0.047619
99	247	0.043478
99	263	0.047619
99	293	0.058824
99	299	0.047619
99	337	0.058824
99	346	0.066667
99	376	0.066667
100	2	0.025000
100	3	0.020833
100	9	0.010638
100	12	0.013333
100	32	0.010638
100	37	0.018182
100	38	0.015625
100	40	0.014085
100	46	0.018519
100	47	0.021739
100	69	0.019231
100	76	0.026316
100	78	0.034483
100	96	0.018519
100	98	0.031250
100	101	0.040000
100	104	0.037037
100	105	0.028571
100	113	0.040000
100	124	0.052632
100	148	0.045455
100	151	0.043478
100	163	0.033333
100	175	0.050000
100	188	0.055556
100	192	0.052632
100	210	0.040000
100	226	0.047619
100	246	0.062500
100	275	0.062500
100	297	0.050000
100	325	0.062500
100	358	0.062500
100	378	0.066667
100	381	0.066667
101	1	0.010417
101	4	0.010526
101	7	0.021739
101	12	0.013333
101	15	0.008929
101	18	0.010204
101	19	0.007692
101	30	0.024390
101	52	0.014925
101	55	0.017241
101	65	0.017857
101	69	0.019231
101	73	0.026316
101	80	0.027778
101	100	0.028571
101	104	0.037037
101	106	0.025641
101	125	0.038462
101	163	0.033333
101	175	0.050000
101	237	0.052632
101	295	0.066667
101	316	0.066667
101	325	0.062500
101	380	0.066667
102	7	0.021739
102	12	0.013333
102	14	0.015385
102	15	0.008929
102	17	0.008197
102	19	0.007692
102	32	0.010638
102	39	0.012821
102	45	0.013699
102	52	0.014925
102	54	0.027027
102	86	0.027778
102	88	0.034483
102	91	0.034483
102	97	0.024390
102	144	0.045455
102	158	0.055556
102	167	0.037037
102	180	0.040000
102	183	0.052632
102	185	0.045455
102	189	0.043478
102	191	0.058824
102	196	0.047619
102	211	0.052632
102	214	0.052632
102	217	0.055556
102	219	0.052632
102	230	0.050000
102	252	0.052632
102	273	0.055556
102	282	0.052632
102	326	0.066667
102	334	0.062500
102	343	0.066667
102	377	0.066667
102	382	0.066667
103	0	0.017857
103	5	0.010989
103	12	0.013333
103	17	0.008197
103	18	0.010204
103	20	0.008547
103	22	0.012821
103	31	0.038462
103	33	0.013333
103	44	0.018519
103	48	0.014925
103	71	0.025000
103	72	0.022222
103	76	0.026316
103	82	0.020408
103	121	0.045455
103	131	0.032258
103	149	0.030303
103	155	0.047619
103	158	0.055556
103	175	0.050000
103	183	0.052632
103	188	0.055556
103	201	0.052632
103	214	0.052632
103	233	0.058824
103	253	0.062500
103	269	0.055556
103	281	0.062500
103	334	0.062500
103	356	0.062500
103	358	0.062500
104	1	0.010417
104	15	0.008929
104	16	0.007519
104	17	0.008197
104	18	0.010204
104	21	0.009346
104	22	0.012821
104	35	0.015152
104	38	0.015625
104	39	0.012821
104	41	0.014925
104	64	0.031250
104	77	0.026316
104	100	0.028571
104	101	0.040000
104	117	0.038462
104	124	0.052632
104	145	0.028571
104	150	0.040000
104	159	0.052632
104	197	0.055556
104	204	0.043478
104	214	0.052632
104	252	0.052632
104	275	0.062500
104	280	0.055556
104	323	0.058824
105	1	0.010417
105	6	0.017241
105	12	0.013333
105	16	0.007519
105	20	0.008547
105	22	0.012821
105	30	0.024390
105	44	0.018519
105	61	0.038462
105	70	0.038462
105	72	0.022222
105	79	0.026316
105	86	0.027778
105	89	0.034483
105	100	0.028571
105	107	0.025641
105	116	0.027027
105	129	0.031250
105	148	0.045455
105	152	0.038462
105	153	0.047619
105	182	0.050000
105	192	0.052632
105	206	0.055556
105	211	0.052632
105	216	0.055556
105	217	0.055556
105	218	0.058824
105	236	0.047619
105	293	0.058824
105	302	0.055556
105	336	0.066667
105	339	0.062500
105	365	0.066667
105	382	0.066667
106	5	0.010989
106	10	0.016667
106	14	0.015385
106	26	0.031250
106	42	0.016667
106	44	0.018519
106	49	0.017857
106	51	0.020833
106	57	0.025000
106	58	0.025641
106	64	0.031250
106	82	0.020408
106	91	0.034483
106	96	0.018519
106	101	0.040000
106	121	0.045455
106	125	0.038462
106	143	0.037037
106	147	0.034483
106	162	0.032258
106	166	0.040000
106	167	0.037037
106	170	0.050000
106	192	0.052632
106	204	0.043478
106	220	0.058824
106	237	0.052632
106	240	0.050000
106	251	0.062500
106	255	0.062500
106	287	0.058824
106	290	0.052632
106	295	0.066667
106	307	0.058824
106	308	0.058824
106	309	0.052632
106	323	0.058824
106	351	0.062500
106	385	0.066667
107	1	0.010417
107	4	0.010526
107	10	0.016667
107	14	0.015385
107	18	0.010204
107	19	0.007692
107	38	0.015625
107	39	0.012821
107	43	0.013699
107	46	0.018519
107	50	0.026316
107	58	0.025641
107	75	0.027778
107	79	0.026316
107	105	0.028571
107	108	0.034483
107	128	0.032258
107	161	0.032258
107	177	0.040000
107	178	0.043478
107	179	0.045455
107	181	0.043478
107	182	0.050000
107	208	0.050000
107	218	0.058824
107	222	0.062500
107	228	0.058824
107	230	0.050000
107	247	0.043478
107	262	0.055556
107	267	0.055556
107	278	0.047619
107	297	0.050000
107	311	0.052632
107	324	0.052632
107	329	0.066667
107	342	0.062500
107	344	0.058824
107	366	0.066667
108	6	0.017241
108	10	0.016667
108	11	0.018868
108	13	0.017241
108	16	0.007519
108	18	0.010204
108	23	0.020000
108	27	0.018868
108	49	0.017857
108	68	0.026316
108	73	0.026316
108	79	0.026316
108	86	0.027778
108	89	0.034483
108	107	0.025641
108	112	0.040000
108	130	0.029412
108	139	0.029412
108	151	0.043478
108	154	0.045455
108	182	0.050000
108	197	0.055556
108	200	0.045455
108	242	0.052632
108	257	0.050000
108	286	0.066667
108	287	0.058824
108	312	0.058824
108	369	0.066667
109	1	0.010417
109	4	0.010526
109	16	0.007519
109	21	0.009346
109	22	0.012821
109	25	0.022222
109	29	0.023810
109	33	0.013333
109	34	0.015152
109	38	0.015625
109	41	0.014925
109	48	0.014925
109	58	0.025641
109	65	0.017857
109	77	0.026316
109	116	0.027027
109	137	0.050000
109	138	0.043478
109	142	0.034483
109	144	0.045455
109	161	0.032258
109	164	0.031250
109	167	0.037037
109	181	0.043478
109	217	0.055556
109	235	0.041667
109	240	0.050000
109	244	0.052632
109	276	0.058824
109	296	0.058824
109	312	0.058824
109	317	0.058824
109	353	0.066667
109	357	0.062500
110	1	0.010417
110	15	0.008929
110	19	0.007692
110	20	0.008547
110	21	0.009346
110	27	0.018868
110	32	0.010638
110	35	0.015152
110	45	0.013699
110	47	0.021739
110	53	0.023256
110	80	0.027778
110	85	0.027778
110	98	0.031250
110	99	0.025641
110	122	0.037037
110	139	0.029412
110	187	0.041667
110	196	0.047619
110	219	0.052632
110	223	0.062500
110	228	0.058824
110	235	0.041667
110	252	0.052632
110	270	0.055556
110	299	0.047619
110	340	0.058824
110	344	0.058824
110	355	0.066667
110	364	0.062500
110	372	0.062500
111	2	0.025000
111	5	0.010989
111	8	0.024390
111	15	0.008929
111	16	0.007519
111	37	0.018182
111	39	0.012821
111	41	0.014925
111	45	0.013699
111	67	0.030303
111	69	0.019231
111	79	0.026316
111	82	0.020408
111	83	0.023256
111	94	0.043478
111	174	0.043478
111	181	0.043478
111	199	0.050000
111	227	0.055556
111	282	0.052632
111	329	0.066667
111	345	0.062500
111	352	0.062500
112	3	0.020833
112	5	0.010989
112	6	0.017241
112	14	0.015385
112	18	0.010204
112	20	0.008547
112	24	0.018868
112	41	0.014925
112	54	0.027027
112	55	0.017241
112	66	0.019231
112	68	0.026316
112	91	0.034483
112	97	0.024390
112	108	0.034483
112	138	0.043478
112	150	0.040000
112	166	0.040000
112	210	0.040000
112	231	0.055556
112	261	0.050000
112	281	0.062500
112	301	0.058824
112	331	0.062500
112	369	0.066667
113	9	0.010638
113	17	0.008197
113	18	0.010204
113	19	0.007692
113	30	0.024390
113	34	0.015152
113	40	0.014085
113	42	0.016667
113	48	0.014925
113	52	0.014925
113	69	0.019231
113	91	0.034483
113	99	0.025641
113	100	0.028571
113	129	0.031250
113	133	0.037037
113	149	0.030303
113	199	0.050000
113	203	0.035714
113	243	0.047619
113	250	0.058824
113	307	0.058824
113	354	0.071429
113	371	0.066667
113	384	0.066667
114	3	0.020833
114	14	0.015385
114	17	0.008197
114	19	0.007692
114	21	0.009346
114	30	0.024390
114	33	0.013333
114	39	0.012821
114	43	0.013699
114	56	0.032258
114	68	0.026316
114	70	0.038462
114	79	0.026316
114	82	0.020408
114	87	0.027027
114	121	0.045455
114	137	0.050000
114	179	0.045455
114	199	0.050000
114	212	0.043478
114	220	0.058824
114	226	0.047619
114	232	0.050000
114	244	0.052632
114	285	0.052632
114	295	0.066667
114	337	0.058824
114	356	0.062500
114	362	0.055556
114	367	0.066667
115	4	0.010526
115	15	0.008929
115	16	0.007519
115	19	0.007692
115	21	0.009346
115	22	0.012821
115	33	0.013333
115	35	0.015152
115	37	0.018182
115	45	0.013699
115	47	0.021739
115	51	0.020833
115	55	0.017241
115	57	0.025000
115	92	0.043478
115	117	0.038462
115	127	0.058824
115	130	0.029412
115	167	0.037037
115	169	0.052632
115	197	0.055556
115	199	0.050000
115	200	0.045455
115	234	0.045455
115	247	0.043478
115	284	0.052632
115	290	0.052632
115	300	0.062500
115	313	0.055556
115	331	0.062500
115	333	0.058824
115	344	0.058824
116	0	0.017857
116	4	0.010526
116	5	0.010989
116	16	0.007519
116	20	0.008547
116	23	0.020000
116	34	0.015152
116	37	0.018182
116	52	0.014925
116	67	0.030303
116	78	0.034483
116	85	0.027778
116	90	0.038462
116	105	0.028571
116	109	0.029412
116	128	0.032258
116	149	0.030303
116	157	0.041667
116	167	0.037037
116	185	0.045455
116	198	0.052632
116	225	0.041667
116	227	0.055556
116	242	0.052632
116	246	0.062500
116	250	0.058824
116	282	0.052632
116	297	0.050000
116	303	0.055556
116	305	0.058824
116	321	0.066667
116	342	0.062500
116	360	0.066667
116	366	0.066667
116	369	0.066667
116	379	0.062500
116	385	0.066667
117	8	0.024390
117	11	0.018868
117	16	0.007519
117	17	0.008197
117	19	0.007692
117	41	0.014925
117	46	0.018519
117	60	0.029412
117	66	0.019231
117	83	0.023256
117	87	0.027027
117	88	0.034483
117	91	0.034483
117	104	0.037037
117	115	0.031250
117	124	0.052632
117	127	0.058824
117	165	0.034483
117	193	0.050000
117	249	0.045455
117	255	0.062500
117	315	0.066667
117	322	0.062500
117	330	0.066667
117	346	0.066667
117	370	0.066667
118	16	0.007519
118	19	0.007692
118	21	0.009346
118	27	0.018868
118	32	0.010638
118	37	0.018182
118	40	0.014085
118	45	0.013699
118	51	0.020833
118	65	0.017857
118	66	0.019231
118	67	0.030303
118	71	0.025000
118	84	0.038462
118	96	0.018519
118	119	0.043478
118	150	0.040000
118	170	0.050000
118	172	0.047619
118	197	0.055556
118	240	0.050000
118	280	0.055556
118	318	0.066667
118	352	0.062500
118	361	0.066667
119	8	0.024390
119	10	0.016667
119	15	0.008929
119	22	0.012821
119	41	0.014925
119	44	0.018519
119	48	0.014925
119	54	0.027027
119	57	0.025000
119	75	0.027778
119	77	0.026316
119	83	0.023256
119	96	0.018519
119	99	0.025641
119	118	0.040000
119	171	0.045455
119	197	0.055556
119	233	0.058824
119	238	0.055556
119	248	0.062500
119	262	0.055556
119	264	0.050000
119	332	0.062500
120	4	0.010526
120	9	0.010638
120	13	0.017241
120	15	0.008929
120	19	0.007692
120	25	0.022222
120	44	0.018519
120	49	0.017857
120	52	0.014925
120	53	0.023256
120	54	0.027027
120	55	0.017241
120	69	0.019231
120	72	0.022222
120	83	0.023256
120	123	0.040000
120	124	0.052632
120	162	0.032258
120	171	0.045455
120	204	0.043478
120	206	0.055556
120	286	0.066667
120	289	0.050000
121	0	0.017857
121	3	0.020833
121	6	0.017241
121	12	0.013333
121	33	0.013333
121	35	0.015152
121	45	0.013699
121	48	0.014925
121	52	0.014925
121	65	0.017857
121	83	0.023256
121	99	0.025641
121	103	0.031250
121	106	0.025641
121	114	0.033333
121	130	0.029412
121	145	0.028571
121	176	0.050000
121	204	0.043478
121	230	0.050000
121	231	0.055556
121	313	0.055556
122	16	0.007519
122	17	0.008197
122	25	0.022222
122	28	0.029412
122	35	0.015152
122	37	0.018182
122	39	0.012821
122	40	0.014085
122	44	0.018519
122	52	0.014925
122	65	0.017857
122	68	0.026316
122	72	0.022222
122	75	0.027778
122	110	0.032258
122	125	0.038462
122	131	0.032258
122	137	0.050000
122	179	0.045455
122	182	0.050000
122	187	0.041667
122	228	0.058824
122	284	0.052632
122	315	0.066667
122	320	0.066667
122	322	0.062500
122	336	0.066667
123	0	0.017857
123	1	0.010417
123	4	0.010526
123	6	0.017241
123	9	0.010638
123	12	0.013333
123	19	0.007692
123	25	0.022222
123	34	0.015152
123	38	0.015625
123	73	0.026316
123	77	0.026316
123	83	0.023256
123	89	0.034483
123	120	0.043478
123	136	0.030303
123	137	0.050000
123	140	0.043478
123	156	0.043478
123	199	0.050000
123	219	0.052632
123	237	0.052632
123	249	0.045455
123	321	0.066667
123	331	0.062500
124	4	0.010526
124	9	0.010638
124	13	0.017241
124	20	0.008547
124	30	0.024390
124	38	0.015625
124	49	0.017857
124	53	0.023256
124	64	0.031250
124	88	0.034483
124	96	0.018519
124	100	0.028571
124	104	0.037037
124	117	0.038462
124	120	0.043478
124	251	0.062500
124	252	0.052632
124	323	0.058824
124	337	0.058824
125	1	0.010417
125	6	0.017241
125	10	0.016667
125	22	0.012821
125	32	0.010638
125	33	0.013333
125	41	0.014925
125	59	0.032258
125	66	0.019231
125	81	0.035714
125	85	0.027778
125	96	0.018519
125	101	0.040000
125	106	0.025641
125	122	0.037037
125	145	0.028571
125	152	0.038462
125	170	0.050000
125	202	0.050000
125	208	0.050000
125	276	0.058824
125	285	0.052632
125	293	0.058824
125	353	0.066667
125	368	0.066667
125	380	0.066667
126	17	0.008197
126	20	0.008547
126	21	0.009346
126	32	0.010638
126	33	0.013333
126	40	0.014085
126	42	0.016667
126	49	0.017857
126	57	0.025000
126	60	0.029412
126	76	0.026316
126	79	0.026316
126	91	0.034483
126	96	0.018519
126	97	0.024390
126	140	0.043478
126	157	0.041667
126	305	0.058824
126	355	0.066667
127	6	0.017241
127	10	0.016667
127	12	0.013333
127	16	0.007519
127	20	0.008547
127	39	0.012821
127	47	0.021739
127	48	0.014925
127	53	0.023256
127	74	0.028571
127	78	0.034483
127	82	0.020408
127	97	0.024390
127	115	0.031250
127	117	0.038462
127	143	0.037037
127	163	0.033333
128	1	0.010417
128	5	0.010989
128	8	0.024390
128	15	0.008929
128	17	0.008197
128	21	0.009346
128	39	0.012821
128	40	0.014085
128	52	0.014925
128	66	0.019231
128	71	0.025000
128	81	0.035714
128	85	0.027778
128	107	0.025641
128	116	0.027027
128	138	0.043478
128	156	0.043478
128	184	0.041667
128	185	0.045455
128	202	0.050000
128	222	0.062500
128	235	0.041667
128	260	0.047619
128	295	0.066667
128	312	0.058824
128	351	0.062500
128	354	0.071429
128	357	0.062500
128	358	0.062500
128	360	0.066667
128	362	0.055556
129	0	0.017857
129	16	0.007519
129	32	0.010638
129	35	0.015152
129	38	0.015625
129	44	0.018519
129	52	0.014925
129	65	0.017857
129	69	0.019231
129	70	0.038462
129	81	0.035714
129	82	0.020408
129	85	0.027778
129	105	0.028571
129	113	0.040000
129	137	0.050000
129	156	0.043478
129	187	0.041667
129	190	0.050000
129	192	0.052632
129	229	0.040000
129	231	0.055556
129	248	0.062500
129	261	0.050000
129	262	0.055556
129	282	0.052632
129	299	0.047619
129	305	0.058824
129	320	0.066667
129	354	0.071429
129	362	0.055556
129	375	0.066667
130	1	0.010417
130	22	0.012821
130	34	0.015152
130	35	0.015152
130	38	0.015625
130	39	0.012821
130	41	0.014925
130	51	0.020833
130	52	0.014925
130	72	0.022222
130	76	0.026316
130	87	0.027027
130	108	0.034483
130	115	0.031250
130	121	0.045455
130	133	0.037037
130	156	0.043478
130	176	0.050000
130	189	0.043478
130	194	0.050000
130	200	0.045455
130	212	0.043478
130	214	0.052632
130	217	0.055556
130	234	0.045455
130	242	0.052632
130	280	0.055556
130	282	0.052632
130	301	0.058824
130	312	0.058824
130	314	0.058824
130	322	0.062500
130	337	0.058824
130	362	0.055556
131	3	0.020833
131	4	0.010526
131	13	0.017241
131	16	0.007519
131	17	0.008197
131	41	0.014925
131	42	0.016667
131	50	0.026316
131	56	0.032258
131	65	0.017857
131	66	0.019231
131	73	0.026316
131	74	0.028571
131	103	0.031250
131	122	0.037037
131	156	0.043478
131	166	0.040000
131	195	0.052632
131	204	0.043478
131	209	0.052632
131	210	0.040000
131	224	0.041667
131	236	0.047619
131	237	0.052632
131	249	0.045455
131	263	0.047619
131	274	0.050000
131	293	0.058824
131	300	0.062500
131	301	0.058824
131	362	0.055556
132	1	0.010417
132	4	0.010526
132	15	0.008929
132	16	0.007519
132	20	0.008547
132	21	0.009346
132	23	0.020000
132	27	0.018868
132	34	0.015152
132	52	0.014925
132	58	0.025641
132	65	0.017857
132	66	0.019231
132	73	0.026316
132	80	0.027778
132	140	0.043478
132	187	0.041667
132	194	0.050000
132	214	0.052632
132	245	0.047619
132	284	0.052632
132	295	0.066667
132	335	0.062500
132	378	0.066667
132	382	0.066667
133	10	0.016667
133	13	0.017241
133	15	0.008929
133	17	0.008197
133	22	0.012821
133	27	0.018868
133	32	0.010638
133	33	0.013333
133	35	0.015152
133	40	0.014085
133	71	0.025000
133	76	0.026316
133	87	0.027027
133	113	0.040000
133	130	0.029412
133	141	0.038462
133	148	0.045455
133	150	0.040000
133	155	0.047619
133	212	0.043478
133	223	0.062500
133	233	0.058824
133	264	0.050000
133	282	0.052632
133	307	0.058824
133	356	0.062500
133	358	0.062500
134	0	0.017857
134	1	0.010417
134	14	0.015385
134	20	0.008547
134	22	0.012821
134	24	0.018868
134	34	0.015152
134	35	0.015152
134	39	0.012821
134	40	0.014085
134	42	0.016667
134	48	0.014925
134	64	0.031250
134	65	0.017857
134	98	0.031250
134	151	0.043478
134	168	0.038462
134	208	0.050000
134	212	0.043478
134	253	0.062500
134	258	0.050000
134	271	0.052632
134	272	0.062500
134	274	0.050000
134	285	0.052632
134	317	0.058824
134	318	0.066667
134	338	0.058824
134	355	0.066667
134	384	0.066667
135	4	0.010526
135	9	0.010638
135	11	0.018868
135	13	0.017241
135	16	0.007519
135	43	0.013699
135	52	0.014925
135	55	0.017241
135	60	0.029412
135	71	0.025000
135	76	0.026316
135	77	0.026316
135	85	0.027778
135	87	0.027027
135	96	0.018519
135	211	0.052632
135	216	0.055556
135	234	0.045455
135	240	0.050000
135	275	0.062500
135	289	0.050000
135	305	0.058824
135	310	0.052632
135	322	0.062500
135	338	0.058824
135	339	0.062500
136	1	0.010417
136	4	0.010526
136	9	0.010638
136	17	0.008197
136	20	0.008547
136	21	0.009346
136	32	0.010638
136	33	0.013333
136	43	0.013699
136	52	0.014925
136	53	0.023256
136	69	0.019231
136	85	0.027778
136	97	0.024390
136	123	0.040000
136	143	0.037037
136	146	0.041667
136	164	0.031250
136	165	0.034483
136	166	0.040000
136	180	0.040000
136	182	0.050000
136	238	0.055556
136	254	0.062500
136	260	0.047619
136	265	0.040000
136	269	0.055556
136	280	0.055556
136	286	0.066667
136	302	0.055556
136	373	0.066667
136	374	0.062500
136	377	0.066667
137	0	0.017857
137	2	0.025000
137	13	0.017241
137	25	0.022222
137	27	0.018868
137	36	0.025641
137	41	0.014925
137	45	0.013699
137	68	0.026316
137	98	0.031250
137	109	0.029412
137	114	0.033333
137	122	0.037037
137	123	0.040000
137	129	0.031250
137	164	0.031250
137	197	0.055556
137	218	0.058824
137	271	0.052632
137	364	0.062500
138	8	0.024390
138	9	0.010638
138	12	0.013333
138	33	0.013333
138	38	0.015625
138	41	0.014925
138	46	0.018519
138	48	0.014925
138	55	0.017241
138	66	0.019231
138	83	0.023256
138	91	0.034483
138	109	0.029412
138	112	0.040000
138	128	0.032258
138	206	0.055556
138	215	0.052632
138	217	0.055556
138	239	0.052632
138	255	0.062500
138	289	0.050000
138	315	0.066667
138	328	0.062500
139	1	0.010417
139	7	0.021739
139	10	0.016667
139	11	0.018868
139	17	0.008197
139	19	0.007692
139	20	0.008547
139	22	0.012821
139	25	0.022222
139	30	0.024390
139	34	0.015152
139	43	0.013699
139	47	0.021739
139	108	0.034483
139	110	0.032258
139	140	0.043478
139	142	0.034483
139	148	0.045455
139	153	0.047619
139	177	0.040000
139	198	0.052632
139	206	0.055556
139	214	0.052632
139	215	0.052632
139	240	0.050000
139	253	0.062500
139	267	0.055556
139	285	0.052632
139	304	0.058824
139	317	0.058824
139	329	0.066667
139	343	0.066667
139	346	0.066667
139	377	0.066667
140	0	0.017857
140	13	0.017241
140	14	0.015385
140	19	0.007692
140	33	0.013333
140	34	0.015152
140	46	0.018519
140	49	0.017857
140	58	0.025641
140	85	0.027778
140	96	0.018519
140	123	0.040000
140	126	0.052632
140	132	0.040000
140	139	0.029412
140	152	0.038462
140	155	0.047619
140	159	0.052632
140	164	0.031250
140	239	0.052632
140	251	0.062500
140	302	0.055556
140	379	0.062500
141	5	0.010989
141	11	0.018868
141	13	0.017241
141	15	0.008929
141	17	0.008197
141	19	0.007692
141	32	0.010638
141	33	0.013333
141	35	0.015152
141	40	0.014085
141	55	0.017241
141	77	0.026316
141	83	0.023256
141	97	0.024390
141	133	0.037037
141	150	0.040000
141	154	0.045455
141	209	0.052632
141	217	0.055556
141	218	0.058824
141	223	0.062500
141	246	0.062500
141	247	0.043478
141	253	0.062500
141	265	0.040000
141	372	0.062500
142	4	0.010526
142	5	0.010989
142	9	0.010638
142	17	0.008197
142	20	0.008547
142	21	0.009346
142	25	0.022222
142	45	0.013699
142	68	0.026316
142	70	0.038462
142	75	0.027778
142	92	0.043478
142	97	0.024390
142	109	0.029412
142	139	0.029412
142	147	0.034483
142	158	0.055556
142	187	0.041667
142	195	0.052632
142	213	0.032258
142	231	0.055556
142	234	0.045455
142	235	0.041667
142	248	0.062500
142	262	0.055556
142	299	0.047619
142	306	0.062500
142	333	0.058824
142	353	0.066667
143	9	0.010638
143	10	0.016667
143	16	0.007519
143	17	0.008197
143	18	0.010204
143	24	0.018868
143	28	0.029412
143	40	0.014085
143	56	0.032258
143	64	0.031250
143	82	0.020408
143	85	0.027778
143	106	0.025641
143	127	0.058824
143	136	0.030303
143	170	0.050000
143	194	0.050000
143	195	0.052632
143	196	0.047619
143	202	0.050000
143	228	0.058824
143	229	0.040000
143	279	0.062500
143	287	0.058824
143	336	0.066667
143	375	0.066667
143	378	0.066667
144	4	0.010526
144	6	0.017241
144	14	0.015385
144	29	0.023810
144	32	0.010638
144	33	0.013333
144	43	0.013699
144	45	0.013699
144	46	0.018519
144	51	0.020833
144	55	0.017241
144	69	0.019231
144	77	0.026316
144	102	0.027027
144	109	0.029412
144	203	0.035714
144	206	0.055556
144	269	0.055556
144	302	0.055556
144	320	0.066667
144	360	0.066667
144	361	0.066667
145	0	0.017857
145	17	0.008197
145	30	0.024390
145	32	0.010638
145	38	0.015625
145	39	0.012821
145	43	0.013699
145	49	0.017857
145	52	0.014925
145	59	0.032258
145	62	0.035714
145	71	0.025000
145	104	0.037037
145	121	0.045455
145	125	0.038462
145	154	0.045455
145	173	0.047619
145	181	0.043478
145	192	0.052632
145	194	0.050000
145	218	0.058824
145	220	0.058824
145	221	0.058824
145	231	0.055556
145	257	0.050000
145	263	0.047619
145	296	0.058824
145	305	0.058824
145	325	0.062500
145	328	0.062500
145	337	0.058824
145	349	0.062500
145	356	0.062500
145	377	0.066667
145	378	0.066667
146	1	0.010417
146	5	0.010989
146	10	0.016667
146	11	0.018868
146	20	0.008547
146	22	0.012821
146	33	0.013333
146	44	0.018519
146	49	0.017857
146	52	0.014925
146	54	0.027027
146	81	0.035714
146	83	0.023256
146	97	0.024390
146	136	0.030303
146	150	0.040000
146	156	0.043478
146	171	0.045455
146	177	0.040000
146	228	0.058824
146	249	0.045455
146	264	0.050000
146	289	0.050000
146	298	0.055556
147	9	0.010638
147	11	0.018868
147	16	0.007519
147	17	0.008197
147	20	0.008547
147	33	0.013333
147	43	0.013699
147	48	0.014925
147	54	0.027027
147	68	0.026316
147	90	0.038462
147	98	0.031250
147	106	0.025641
147	142	0.034483
147	158	0.055556
147	165	0.034483
147	201	0.052632
147	235	0.041667
147	241	0.058824
147	267	0.055556
147	275	0.062500
147	277	0.058824
147	283	0.066667
147	305	0.058824
147	338	0.058824
147	345	0.062500
147	354	0.071429
147	366	0.066667
147	370	0.066667
148	1	0.010417
148	9	0.010638
148	16	0.007519
148	18	0.010204
148	20	0.008547
148	23	0.020000
148	29	0.023810
148	32	0.010638
148	43	0.013699
148	73	0.026316
148	96	0.018519
148	100	0.028571
148	105	0.028571
148	133	0.037037
148	139	0.029412
148	203	0.035714
148	249	0.045455
148	250	0.058824
148	282	0.052632
148	308	0.058824
148	359	0.062500
148	383	0.066667
149	5	0.010989
149	12	0.013333
149	16	0.007519
149	21	0.009346
149	22	0.012821
149	46	0.018519
149	47	0.021739
149	48	0.014925
149	60	0.029412
149	77	0.026316
149	96	0.018519
149	98	0.031250
149	103	0.031250
149	113	0.040000
149	116	0.027027
149	161	0.032258
149	164	0.031250
149	166	0.040000
149	172	0.047619
149	196	0.047619
149	199	0.050000
149	226	0.047619
149	230	0.050000
149	233	0.058824
149	254	0.062500
149	263	0.047619
149	265	0.040000
149	266	0.047619
149	267	0.055556
149	289	0.050000
149	304	0.058824
149	322	0.062500
149	362	0.055556
150	0	0.017857
150	5	0.010989
150	10	0.016667
150	15	0.008929
150	19	0.007692
150	39	0.012821
150	52	0.014925
150	89	0.034483
150	98	0.031250
150	104	0.037037
150	112	0.040000
150	118	0.040000
150	133	0.037037
150	141	0.038462
150	146	0.041667
150	160	0.041667
150	170	0.050000
150	227	0.055556
150	229	0.040000
150	244	0.052632
150	254	0.062500
150	278	0.047619
150	281	0.062500
150	307	0.058824
150	374	0.062500
151	1	0.010417
151	9	0.010638
151	11	0.018868
151	15	0.008929
151	21	0.009346
151	22	0.012821
151	35	0.015152
151	42	0.016667
151	48	0.014925
151	55	0.017241
151	72	0.022222
151	96	0.018519
151	100	0.028571
151	108	0.034483
151	134	0.033333
151	177	0.040000
151	185	0.045455
151	268	0.045455
151	274	0.050000
151	275	0.062500
151	299	0.047619
151	361	0.066667
151	374	0.062500
152	13	0.017241
152	17	0.008197
152	19	0.007692
152	23	0.020000
152	34	0.015152
152	35	0.015152
152	37	0.018182
152	46	0.018519
152	48	0.014925
152	56	0.032258
152	66	0.019231
152	85	0.027778
152	105	0.028571
152	125	0.038462
152	140	0.043478
152	179	0.045455
152	199	0.050000
152	232	0.050000
152	233	0.058824
152	258	0.050000
152	268	0.045455
152	273	0.055556
152	324	0.052632
152	325	0.062500
152	364	0.062500
152	379	0.062500
153	1	0.010417
153	2	0.025000
153	8	0.024390
153	10	0.016667
153	15	0.008929
153	16	0.007519
153	22	0.012821
153	26	0.031250
153	27	0.018868
153	51	0.020833
153	55	0.017241
153	98	0.031250
153	99	0.025641
153	105	0.028571
153	139	0.029412
153	168	0.038462
153	194	0.050000
153	261	0.050000
153	271	0.052632
153	320	0.066667
153	349	0.062500
154	1	0.010417
154	4	0.010526
154	6	0.017241
154	9	0.010638
154	14	0.015385
154	15	0.008929
154	17	0.008197
154	18	0.010204
154	20	0.008547
154	39	0.012821
154	48	0.014925
154	79	0.026316
154	108	0.034483
154	141	0.038462
154	145	0.028571
154	178	0.043478
154	179	0.045455
154	194	0.050000
154	295	0.066667
154	296	0.058824
154	313	0.055556
154	357	0.062500
155	1	0.010417
155	26	0.031250
155	33	0.013333
155	36	0.025641
155	41	0.014925
155	42	0.016667
155	45	0.013699
155	49	0.017857
155	59	0.032258
155	65	0.017857
155	93	0.043478
155	97	0.024390
155	103	0.031250
155	133	0.037037
155	140	0.043478
155	225	0.041667
155	233	0.058824
155	251	0.062500
155	280	0.055556
155	355	0.066667
155	356	0.062500
156	0	0.017857
156	1	0.010417
156	10	0.016667
156	15	0.008929
156	44	0.018519
156	52	0.014925
156	75	0.027778
156	76	0.026316
156	123	0.040000
156	128	0.032258
156	129	0.031250
156	130	0.029412
156	131	0.032258
156	146	0.041667
156	157	0.041667
156	158	0.055556
156	176	0.050000
156	286	0.066667
156	315	0.066667
156	335	0.062500
156	344	0.058824
156	348	0.066667
156	383	0.066667
157	4	0.010526
157	9	0.010638
157	16	0.007519
157	18	0.010204
157	19	0.007692
157	20	0.008547
157	33	0.013333
157	37	0.018182
157	68	0.026316
157	71	0.025000
157	83	0.023256
157	84	0.038462
157	116	0.027027
157	126	0.052632
157	156	0.043478
157	172	0.047619
157	208	0.050000
157	225	0.041667
157	232	0.050000
157	239	0.052632
157	254	0.062500
157	268	0.045455
157	319	0.062500
157	331	0.062500
158	1	0.010417
158	10	0.016667
158	21	0.009346
158	28	0.029412
158	40	0.014085
158	53	0.023256
158	68	0.026316
158	82	0.020408
158	86	0.027778
158	94	0.043478
158	102	0.027027
158	103	0.031250
158	142	0.034483
158	147	0.034483
158	156	0.043478
158	208	0.050000
158	216	0.055556
158	230	0.050000
159	1	0.010417
159	9	0.010638
159	16	0.007519
159	17	0.008197
159	20	0.008547
159	31	0.038462
159	32	0.010638
159	38	0.015625
159	44	0.018519
159	68	0.026316
159	69	0.019231
159	72	0.022222
159	77	0.026316
159	104	0.037037
159	140	0.043478
159	319	0.062500
159	323	0.058824
159	324	0.052632
159	384	0.066667
160	4	0.010526
160	5	0.010989
160	8	0.024390
160	10	0.016667
160	19	0.007692
160	20	0.008547
160	22	0.012821
160	25	0.022222
160	32	0.010638
160	34	0.015152
160	37	0.018182
160	48	0.014925
160	51	0.020833
160	57	0.025000
160	150	0.040000
160	165	0.034483
160	178	0.043478
160	190	0.050000
160	193	0.050000
160	227	0.055556
160	271	0.052632
160	302	0.055556
160	312	0.058824
160	352	0.062500
161	1	0.010417
161	2	0.025000
161	15	0.008929
161	19	0.007692
161	42	0.016667
161	58	0.025641
161	64	0.031250
161	66	0.019231
161	67	0.030303
161	73	0.026316
161	80	0.027778
161	97	0.024390
161	107	0.025641
161	109	0.029412
161	149	0.030303
161	168	0.038462
161	170	0.050000
161	186	0.050000
161	192	0.052632
161	207	0.045455
161	217	0.055556
161	218	0.058824
161	223	0.062500
161	228	0.058824
161	244	0.052632
161	272	0.062500
161	315	0.066667
161	361	0.066667
161	367	0.066667
161	383	0.066667
161	385	0.066667
162	10	0.016667
162	15	0.008929
162	17	0.008197
162	18	0.010204
162	35	0.015152
162	36	0.025641
162	44	0.018519
162	46	0.018519
162	71	0.025000
162	75	0.027778
162	77	0.026316
162	84	0.038462
162	99	0.025641
162	106	0.025641
162	120	0.043478
162	163	0.033333
162	180	0.040000
162	186	0.050000
162	209	0.052632
162	213	0.032258
162	225	0.041667
162	259	0.045455
162	265	0.040000
162	290	0.052632
162	300	0.062500
162	304	0.058824
162	316	0.066667
162	327	0.062500
162	334	0.062500
162	337	0.058824
162	380	0.066667
163	9	0.010638
163	10	0.016667
163	13	0.017241
163	15	0.008929
163	29	0.023810
163	43	0.013699
163	47	0.021739
163	48	0.014925
163	49	0.017857
163	65	0.017857
163	69	0.019231
163	100	0.028571
163	101	0.040000
163	127	0.058824
163	162	0.032258
163	187	0.041667
163	193	0.050000
163	243	0.047619
163	274	0.050000
163	296	0.058824
163	298	0.055556
163	311	0.052632
163	313	0.055556
163	324	0.052632
163	344	0.058824
163	351	0.062500
163	357	0.062500
163	358	0.062500
163	368	0.066667
163	383	0.066667
164	5	0.010989
164	7	0.021739
164	9	0.010638
164	16	0.007519
164	17	0.008197
164	18	0.010204
164	38	0.015625
164	54	0.027027
164	55	0.017241
164	97	0.024390
164	109	0.029412
164	136	0.030303
164	137	0.050000
164	140	0.043478
164	149	0.030303
164	169	0.052632
164	173	0.047619
164	177	0.040000
164	190	0.050000
164	214	0.052632
164	223	0.062500
164	246	0.062500
164	276	0.058824
164	290	0.052632
164	307	0.058824
164	309	0.052632
164	316	0.066667
164	327	0.062500
164	345	0.062500
164	354	0.071429
164	375	0.066667
164	384	0.066667
165	12	0.013333
165	13	0.017241
165	17	0.008197
165	18	0.010204
165	34	0.015152
165	39	0.012821
165	42	0.016667
165	47	0.021739
165	70	0.038462
165	86	0.027778
165	99	0.025641
165	117	0.038462
165	136	0.030303
165	147	0.034483
165	160	0.041667
165	170	0.050000
165	180	0.040000
165	189	0.043478
165	190	0.050000
165	205	0.062500
165	218	0.058824
165	221	0.058824
165	228	0.058824
165	229	0.040000
165	230	0.050000
165	270	0.055556
165	352	0.062500
165	360	0.066667
165	368	0.066667
166	4	0.010526
166	9	0.010638
166	16	0.007519
166	35	0.015152
166	43	0.013699
166	45	0.013699
166	52	0.014925
166	74	0.028571
166	78	0.034483
166	88	0.034483
166	106	0.025641
166	112	0.040000
166	131	0.032258
166	136	0.030303
166	149	0.030303
166	171	0.045455
166	183	0.052632
166	226	0.047619
166	229	0.040000
166	240	0.050000
166	245	0.047619
166	254	0.062500
166	274	0.050000
166	319	0.062500
166	373	0.066667
167	2	0.025000
167	6	0.017241
167	15	0.008929
167	16	0.007519
167	17	0.008197
167	32	0.010638
167	41	0.014925
167	48	0.014925
167	55	0.017241
167	62	0.035714
167	102	0.027027
167	106	0.025641
167	109	0.029412
167	115	0.031250
167	116	0.027027
167	185	0.045455
167	196	0.047619
167	226	0.047619
167	232	0.050000
167	237	0.052632
167	245	0.047619
167	266	0.047619
167	271	0.052632
167	323	0.058824
167	334	0.062500
167	363	0.071429
167	381	0.066667
168	4	0.010526
168	5	0.010989
168	7	0.021739
168	8	0.024390
168	11	0.018868
168	19	0.007692
168	23	0.020000
168	34	0.015152
168	35	0.015152
168	37	0.018182
168	42	0.016667
168	48	0.014925
168	134	0.033333
168	153	0.047619
168	161	0.032258
168	175	0.050000
168	190	0.050000
168	200	0.045455
168	203	0.035714
168	213	0.032258
168	215	0.052632
168	267	0.055556
168	268	0.045455
168	303	0.055556
168	352	0.062500
168	373	0.066667
169	2	0.025000
169	3	0.020833
169	5	0.010989
169	6	0.017241
169	12	0.013333
169	17	0.008197
169	18	0.010204
169	34	0.015152
169	40	0.014085
169	41	0.014925
169	47	0.021739
169	50	0.026316
169	99	0.025641
169	115	0.031250
169	164	0.031250
169	211	0.052632
169	213	0.032258
169	235	0.041667
169	274	0.050000
170	1	0.010417
170	5	0.010989
170	16	0.007519
170	19	0.007692
170	23	0.020000
170	32	0.010638
170	70	0.038462
170	87	0.027027
170	106	0.025641
170	118	0.040000
170	125	0.038462
170	143	0.037037
170	150	0.040000
170	161	0.032258
170	165	0.034483
170	174	0.043478
170	235	0.041667
170	260	0.047619
170	281	0.062500
170	364	0.062500
171	2	0.025000
171	5	0.010989
171	9	0.010638
171	16	0.007519
171	35	0.015152
171	40	0.014085
171	43	0.013699
171	67	0.030303
171	69	0.019231
171	77	0.026316
171	91	0.034483
171	119	0.043478
171	120	0.043478
171	146	0.041667
171	166	0.040000
171	201	0.052632
171	210	0.040000
171	286	0.066667
171	289	0.050000
171	322	0.062500
171	326	0.066667
171	367	0.066667
172	0	0.017857
172	3	0.020833
172	5	0.010989
172	8	0.024390
172	17	0.008197
172	18	0.010204
172	24	0.018868
172	40	0.014085
172	41	0.014925
172	50	0.026316
172	51	0.020833
172	88	0.034483
172	118	0.040000
172	149	0.030303
172	157	0.041667
172	193	0.050000
172	238	0.055556
172	286	0.066667
172	329	0.066667
172	350	0.066667
172	360	0.066667
173	1	0.010417
173	35	0.015152
173	40	0.014085
173	41	0.014925
173	43	0.013699
173	44	0.018519
173	54	0.027027
173	57	0.025000
173	68	0.026316
173	69	0.019231
173	83	0.023256
173	87	0.027027
173	94	0.043478
173	145	0.028571
173	164	0.031250
173	203	0.035714
173	208	0.050000
173	259	0.045455
173	293	0.058824
173	323	0.058824
173	383	0.066667
174	5	0.010989
174	9	0.010638
174	10	0.016667
174	16	0.007519
174	17	0.008197
174	20	0.008547
174	21	0.009346
174	33	0.013333
174	40	0.014085
174	43	0.013699
174	46	0.018519
174	48	0.014925
174	88	0.034483
174	111	0.043478
174	170	0.050000
174	245	0.047619
174	281	0.062500
174	283	0.066667
174	306	0.062500
174	313	0.055556
174	340	0.058824
174	347	0.062500
174	370	0.066667
175	3	0.020833
175	16	0.007519
175	17	0.008197
175	21	0.009346
175	32	0.010638
175	34	0.015152
175	38	0.015625
175	64	0.031250
175	86	0.027778
175	96	0.018519
175	99	0.025641
175	100	0.028571
175	101	0.040000
175	103	0.031250
175	168	0.038462
175	195	0.052632
175	231	0.055556
175	243	0.047619
175	293	0.058824
175	325	0.062500
176	27	0.018868
176	36	0.025641
176	41	0.014925
176	52	0.014925
176	69	0.019231
176	74	0.028571
176	86	0.027778
176	90	0.038462
176	93	0.043478
176	94	0.043478
176	95	0.043478
176	121	0.045455
176	130	0.029412
176	156	0.043478
176	180	0.040000
176	189	0.043478
176	211	0.052632
176	230	0.050000
176	288	0.055556
176	358	0.062500
177	7	0.021739
177	9	0.010638
177	19	0.007692
177	30	0.024390
177	40	0.014085
177	41	0.014925
177	43	0.013699
177	48	0.014925
177	49	0.017857
177	54	0.027027
177	107	0.025641
177	139	0.029412
177	146	0.041667
177	151	0.043478
177	164	0.031250
177	206	0.055556
177	210	0.040000
177	247	0.043478
177	268	0.045455
177	288	0.055556
177	300	0.062500
177	305	0.058824
177	315	0.066667
177	363	0.071429
177	381	0.066667
178	5	0.010989
178	6	0.017241
178	17	0.008197
178	18	0.010204
178	20	0.008547
178	27	0.018868
178	45	0.013699
178	48	0.014925
178	50	0.026316
178	62	0.035714
178	89	0.034483
178	91	0.034483
178	107	0.025641
178	154	0.045455
178	160	0.041667
178	180	0.040000
178	191	0.058824
178	201	0.052632
178	202	0.050000
178	217	0.055556
178	248	0.062500
178	254	0.062500
178	264	0.050000
179	9	0.010638
179	18	0.010204
179	20	0.008547
179	23	0.020000
179	35	0.015152
179	40	0.014085
179	43	0.013699
179	54	0.027027
179	68	0.026316
179	82	0.020408
179	107	0.025641
179	114	0.033333
179	122	0.037037
179	152	0.038462
179	154	0.045455
179	188	0.055556
179	204	0.043478
179	227	0.055556
179	242	0.052632
179	257	0.050000
179	324	0.052632
179	342	0.062500
180	4	0.010526
180	9	0.010638
180	12	0.013333
180	14	0.015385
180	19	0.007692
180	33	0.013333
180	36	0.025641
180	43	0.013699
180	82	0.020408
180	102	0.027027
180	136	0.030303
180	162	0.032258
180	165	0.034483
180	176	0.050000
180	178	0.043478
180	187	0.041667
180	188	0.055556
180	240	0.050000
180	246	0.062500
180	264	0.050000
180	279	0.062500
180	280	0.055556
180	320	0.066667
180	322	0.062500
180	358	0.062500
181	5	0.010989
181	9	0.010638
181	10	0.016667
181	12	0.013333
181	20	0.008547
181	21	0.009346
181	45	0.013699
181	48	0.014925
181	57	0.025000
181	65	0.017857
181	66	0.019231
181	107	0.025641
181	109	0.029412
181	111	0.043478
181	145	0.028571
181	186	0.050000
181	194	0.050000
181	216	0.055556
181	230	0.050000
181	299	0.047619
181	317	0.058824
181	336	0.066667
181	358	0.062500
182	2	0.025000
182	4	0.010526
182	6	0.017241
182	13	0.017241
182	18	0.010204
182	19	0.007692
182	44	0.018519
182	49	0.017857
182	79	0.026316
182	98	0.031250
182	105	0.028571
182	107	0.025641
182	108	0.034483
182	122	0.037037
182	136	0.030303
182	213	0.032258
182	270	0.055556
182	334	0.062500
182	350	0.066667
182	360	0.066667
183	5	0.010989
183	6	0.017241
183	19	0.007692
183	20	0.008547
183	29	0.023810
183	39	0.012821
183	48	0.014925
183	66	0.019231
183	71	0.025000
183	95	0.043478
183	96	0.018519
183	97	0.024390
183	102	0.027027
183	103	0.031250
183	166	0.040000
183	196	0.047619
183	225	0.041667
183	257	0.050000
183	258	0.050000
184	1	0.010417
184	9	0.010638
184	12	0.013333
184	13	0.017241
184	17	0.008197
184	18	0.010204
184	19	0.007692
184	38	0.015625
184	41	0.014925
184	43	0.013699
184	52	0.014925
184	62	0.035714
184	66	0.019231
184	128	0.032258
184	188	0.055556
184	222	0.062500
184	255	0.062500
184	257	0.050000
184	281	0.062500
184	308	0.058824
184	325	0.062500
184	328	0.062500
184	353	0.066667
184	384	0.066667
185	0	0.017857
185	4	0.010526
185	22	0.012821
185	23	0.020000
185	37	0.018182
185	40	0.014085
185	49	0.017857
185	80	0.027778
185	96	0.018519
185	102	0.027027
185	116	0.027027
185	128	0.032258
185	151	0.043478
185	167	0.037037
185	191	0.058824
185	204	0.043478
185	249	0.045455
185	297	0.050000
185	308	0.058824
185	326	0.066667
185	339	0.062500
185	359	0.062500
186	1	0.010417
186	4	0.010526
186	13	0.017241
186	17	0.008197
186	19	0.007692
186	45	0.013699
186	46	0.018519
186	47	0.021739
186	50	0.026316
186	66	0.019231
186	69	0.019231
186	71	0.025000
186	161	0.032258
186	162	0.032258
186	181	0.043478
186	272	0.062500
186	279	0.062500
186	299	0.047619
186	341	0.058824
186	361	0.066667
187	4	0.010526
187	19	0.007692
187	38	0.015625
187	43	0.013699
187	46	0.018519
187	52	0.014925
187	84	0.038462
187	86	0.027778
187	110	0.032258
187	122	0.037037
187	129	0.031250
187	132	0.040000
187	142	0.034483
187	163	0.033333
187	180	0.040000
187	193	0.050000
187	212	0.043478
187	232	0.050000
187	240	0.050000
187	241	0.058824
187	307	0.058824
187	322	0.062500
187	352	0.062500
187	380	0.066667
188	15	0.008929
188	16	0.007519
188	19	0.007692
188	24	0.018868
188	40	0.014085
188	43	0.013699
188	56	0.032258
188	72	0.022222
188	92	0.043478
188	99	0.025641
188	100	0.028571
188	103	0.031250
188	179	0.045455
188	180	0.040000
188	184	0.041667
188	223	0.062500
188	323	0.058824
188	336	0.066667
189	1	0.010417
189	4	0.010526
189	13	0.017241
189	19	0.007692
189	30	0.024390
189	34	0.015152
189	42	0.016667
189	65	0.017857
189	67	0.030303
189	68	0.026316
189	74	0.028571
189	102	0.027027
189	130	0.029412
189	165	0.034483
189	176	0.050000
189	212	0.043478
189	250	0.058824
189	283	0.066667
189	297	0.050000
189	310	0.052632
189	333	0.058824
189	361	0.066667
189	371	0.066667
190	20	0.008547
190	23	0.020000
190	37	0.018182
190	40	0.014085
190	61	0.038462
190	70	0.038462
190	73	0.026316
190	80	0.027778
190	82	0.020408
190	96	0.018519
190	129	0.031250
190	160	0.041667
190	164	0.031250
190	165	0.034483
190	168	0.038462
190	249	0.045455
190	270	0.055556
190	277	0.058824
190	336	0.066667
190	371	0.066667
191	5	0.010989
191	7	0.021739
191	18	0.010204
191	20	0.008547
191	22	0.012821
191	33	0.013333
191	36	0.025641
191	45	0.013699
191	60	0.029412
191	65	0.017857
191	74	0.028571
191	96	0.018519
191	102	0.027027
191	178	0.043478
191	185	0.045455
191	262	0.055556
191	337	0.058824
192	7	0.021739
192	19	0.007692
192	32	0.010638
192	36	0.025641
192	39	0.012821
192	43	0.013699
192	82	0.020408
192	86	0.027778
192	96	0.018519
192	100	0.028571
192	105	0.028571
192	106	0.025641
192	129	0.031250
192	145	0.028571
192	161	0.032258
192	210	0.040000
192	306	0.062500
192	326	0.066667
192	381	0.066667
193	6	0.017241
193	11	0.018868
193	12	0.013333
193	18	0.010204
193	21	0.009346
193	27	0.018868
193	42	0.016667
193	48	0.014925
193	65	0.017857
193	69	0.019231
193	117	0.038462
193	160	0.041667
193	163	0.033333
193	172	0.047619
193	187	0.041667
193	208	0.050000
193	273	0.055556
193	301	0.058824
193	307	0.058824
193	341	0.058824
194	5	0.010989
194	7	0.021739
194	16	0.007519
194	32	0.010638
194	33	0.013333
194	39	0.012821
194	76	0.026316
194	96	0.018519
194	130	0.029412
194	132	0.040000
194	143	0.037037
194	145	0.028571
194	153	0.047619
194	154	0.045455
194	181	0.043478
194	234	0.045455
194	346	0.066667
194	372	0.062500
194	373	0.066667
194	383	0.066667
195	1	0.010417
195	4	0.010526
195	19	0.007692
195	20	0.008547
195	33	0.013333
195	50	0.026316
195	65	0.017857
195	76	0.026316
195	85	0.027778
195	90	0.038462
195	96	0.018519
195	131	0.032258
195	142	0.034483
195	143	0.037037
195	175	0.050000
195	224	0.041667
195	279	0.062500
195	319	0.062500
195	340	0.058824
196	1	0.010417
196	9	0.010638
196	17	0.008197
196	19	0.007692
196	22	0.012821
196	44	0.018519
196	55	0.017241
196	81	0.035714
196	87	0.027027
196	102	0.027027
196	110	0.032258
196	143	0.037037
196	149	0.030303
196	167	0.037037
196	183	0.052632
196	201	0.052632
196	240	0.050000
196	261	0.050000
196	264	0.050000
196	363	0.071429
196	365	0.066667
197	1	0.010417
197	16	0.007519
197	19	0.007692
197	32	0.010638
197	44	0.018519
197	45	0.013699
197	51	0.020833
197	79	0.026316
197	104	0.037037
197	108	0.034483
197	115	0.031250
197	118	0.040000
197	119	0.043478
197	137	0.050000
197	206	0.055556
197	219	0.052632
197	265	0.040000
197	311	0.052632
198	5	0.010989
198	16	0.007519
198	18	0.010204
198	19	0.007692
198	21	0.009346
198	24	0.018868
198	40	0.014085
198	43	0.013699
198	47	0.021739
198	52	0.014925
198	58	0.025641
198	84	0.038462
198	87	0.027027
198	116	0.027027
198	139	0.029412
198	207	0.045455
198	245	0.047619
198	250	0.058824
198	373	0.066667
199	15	0.008929
199	16	0.007519
199	19	0.007692
199	21	0.009346
199	27	0.018868
199	38	0.015625
199	48	0.014925
199	62	0.035714
199	111	0.043478
199	113	0.040000
199	114	0.033333
199	115	0.031250
199	123	0.040000
199	149	0.030303
199	152	0.038462
199	215	0.052632
199	223	0.062500
199	244	0.052632
199	286	0.066667
199	337	0.058824
200	6	0.017241
200	13	0.017241
200	15	0.008929
200	18	0.010204
200	27	0.018868
200	29	0.023810
200	47	0.021739
200	48	0.014925
200	50	0.026316
200	60	0.029412
200	75	0.027778
200	108	0.034483
200	115	0.031250
200	130	0.029412
200	168	0.038462
200	252	0.052632
200	277	0.058824
200	280	0.055556
200	290	0.052632
200	308	0.058824
200	348	0.066667
200	376	0.066667
201	1	0.010417
201	9	0.010638
201	10	0.016667
201	14	0.015385
201	18	0.010204
201	32	0.010638
201	40	0.014085
201	45	0.013699
201	47	0.021739
201	58	0.025641
201	103	0.031250
201	147	0.034483
201	171	0.045455
201	178	0.043478
201	196	0.047619
201	244	0.052632
201	341	0.058824
201	370	0.066667
201	381	0.066667
202	3	0.020833
202	9	0.010638
202	15	0.008929
202	18	0.010204
202	20	0.008547
202	36	0.025641
202	45	0.013699
202	67	0.030303
202	70	0.038462
202	87	0.027027
202	98	0.031250
202	125	0.038462
202	128	0.032258
202	143	0.037037
202	178	0.043478
202	219	0.052632
202	232	0.050000
202	311	0.052632
202	342	0.062500
202	357	0.062500
203	0	0.017857
203	5	0.010989
203	12	0.013333
203	17	0.008197
203	21	0.009346
203	41	0.014925
203	43	0.013699
203	55	0.017241
203	73	0.026316
203	87	0.027027
203	113	0.040000
203	144	0.045455
203	148	0.045455
203	168	0.038462
203	173	0.047619
203	205	0.062500
203	238	0.055556
203	243	0.047619
203	245	0.047619
203	251	0.062500
203	260	0.047619
203	293	0.058824
203	294	0.055556
203	298	0.055556
203	302	0.055556
203	303	0.055556
203	308	0.058824
203	362	0.055556
204	11	0.018868
204	12	0.013333
204	18	0.010204
204	19	0.007692
204	30	0.024390
204	31	0.038462
204	72	0.022222
204	86	0.027778
204	104	0.037037
204	106	0.025641
204	120	0.043478
204	121	0.045455
204	131	0.032258
204	179	0.045455
204	185	0.045455
204	211	0.052632
204	236	0.047619
204	245	0.047619
204	251	0.062500
204	256	0.050000
204	296	0.058824
204	303	0.055556
204	373	0.066667
205	1	0.010417
205	12	0.013333
205	27	0.018868
205	29	0.023810
205	34	0.015152
205	36	0.025641
205	40	0.014085
205	46	0.018519
205	52	0.014925
205	55	0.017241
205	59	0.032258
205	66	0.019231
205	90	0.038462
205	165	0.034483
205	203	0.035714
205	285	0.052632
206	1	0.010417
206	7	0.021739
206	21	0.009346
206	34	0.015152
206	43	0.013699
206	48	0.014925
206	59	0.032258
206	95	0.043478
206	105	0.028571
206	120	0.043478
206	138	0.043478
206	139	0.029412
206	144	0.045455
206	177	0.040000
206	197	0.055556
206	330	0.066667
206	377	0.066667
206	378	0.066667
207	9	0.010638
207	15	0.008929
207	18	0.010204
207	26	0.031250
207	33	0.013333
207	37	0.018182
207	49	0.017857
207	51	0.020833
207	57	0.025000
207	65	0.017857
207	72	0.022222
207	80	0.027778
207	93	0.043478
207	161	0.032258
207	198	0.052632
207	223	0.062500
207	242	0.052632
207	250	0.058824
207	281	0.062500
207	312	0.058824
207	315	0.066667
207	340	0.058824
208	17	0.008197
208	20	0.008547
208	23	0.020000
208	24	0.018868
208	37	0.018182
208	39	0.012821
208	58	0.025641
208	99	0.025641
208	107	0.025641
208	125	0.038462
208	134	0.033333
208	157	0.041667
208	158	0.055556
208	173	0.047619
208	193	0.050000
208	215	0.052632
208	271	0.052632
208	283	0.066667
208	343	0.066667
208	370	0.066667
209	0	0.017857
209	4	0.010526
209	5	0.010989
209	19	0.007692
209	20	0.008547
209	39	0.012821
209	42	0.016667
209	47	0.021739
209	80	0.027778
209	83	0.023256
209	88	0.034483
209	91	0.034483
209	131	0.032258
209	141	0.038462
209	162	0.032258
209	249	0.045455
209	257	0.050000
209	261	0.050000
209	314	0.058824
210	5	0.010989
210	17	0.008197
210	19	0.007692
210	38	0.015625
210	39	0.012821
210	58	0.025641
210	68	0.026316
210	76	0.026316
210	97	0.024390
210	100	0.028571
210	112	0.040000
210	131	0.032258
210	171	0.045455
210	177	0.040000
210	192	0.052632
210	234	0.045455
210	261	0.050000
210	294	0.055556
210	301	0.058824
210	307	0.058824
210	317	0.058824
210	326	0.066667
210	340	0.058824
210	369	0.066667
210	376	0.066667
211	14	0.015385
211	18	0.010204
211	21	0.009346
211	32	0.010638
211	58	0.025641
211	71	0.025000
211	75	0.027778
211	84	0.038462
211	87	0.027027
211	102	0.027027
211	105	0.028571
211	135	0.038462
211	169	0.052632
211	176	0.050000
211	204	0.043478
211	274	0.050000
211	291	0.058824
211	313	0.055556
211	341	0.058824
212	5	0.010989
212	11	0.018868
212	20	0.008547
212	21	0.009346
212	24	0.018868
212	32	0.010638
212	34	0.015152
212	51	0.020833
212	65	0.017857
212	114	0.033333
212	130	0.029412
212	133	0.037037
212	134	0.033333
212	187	0.041667
212	189	0.043478
212	222	0.062500
212	238	0.055556
212	245	0.047619
212	258	0.050000
212	262	0.055556
212	274	0.050000
212	343	0.066667
212	350	0.066667
213	2	0.025000
213	12	0.013333
213	19	0.007692
213	23	0.020000
213	28	0.029412
213	32	0.010638
213	33	0.013333
213	35	0.015152
213	42	0.016667
213	49	0.017857
213	142	0.034483
213	162	0.032258
213	168	0.038462
213	169	0.052632
213	182	0.050000
213	240	0.050000
213	253	0.062500
213	255	0.062500
213	265	0.040000
213	276	0.058824
213	279	0.062500
213	299	0.047619
213	302	0.055556
213	303	0.055556
213	320	0.066667
213	328	0.062500
213	332	0.062500
213	333	0.058824
213	355	0.066667
213	359	0.062500
213	368	0.066667
214	13	0.017241
214	30	0.024390
214	42	0.016667
214	45	0.013699
214	65	0.017857
214	86	0.027778
214	88	0.034483
214	97	0.024390
214	102	0.027027
214	103	0.031250
214	104	0.037037
214	130	0.029412
214	132	0.040000
214	139	0.029412
214	164	0.031250
214	260	0.047619
214	356	0.062500
214	365	0.066667
214	381	0.066667
215	12	0.013333
215	14	0.015385
215	17	0.008197
215	20	0.008547
215	21	0.009346
215	25	0.022222
215	43	0.013699
215	58	0.025641
215	64	0.031250
215	93	0.043478
215	138	0.043478
215	139	0.029412
215	168	0.038462
215	199	0.050000
215	208	0.050000
215	256	0.050000
215	284	0.052632
215	334	0.062500
215	385	0.066667
216	16	0.007519
216	19	0.007692
216	21	0.009346
216	27	0.018868
216	32	0.010638
216	61	0.038462
216	65	0.017857
216	83	0.023256
216	89	0.034483
216	96	0.018519
216	99	0.025641
216	105	0.028571
216	135	0.038462
216	158	0.055556
216	181	0.043478
216	220	0.058824
216	277	0.058824
216	358	0.062500
217	10	0.016667
217	12	0.013333
217	14	0.015385
217	22	0.012821
217	41	0.014925
217	53	0.023256
217	97	0.024390
217	102	0.027027
217	105	0.028571
217	109	0.029412
217	130	0.029412
217	138	0.043478
217	141	0.038462
217	161	0.032258
217	178	0.043478
217	227	0.055556
217	264	0.050000
217	314	0.058824
218	12	0.013333
218	19	0.007692
218	38	0.015625
218	41	0.014925
218	50	0.026316
218	58	0.025641
218	64	0.031250
218	69	0.019231
218	105	0.028571
218	107	0.025641
218	137	0.050000
218	141	0.038462
218	145	0.028571
218	161	0.032258
218	165	0.034483
218	243	0.047619
218	306	0.062500
219	15	0.008929
219	21	0.009346
219	22	0.012821
219	34	0.015152
219	45	0.013699
219	46	0.018519
219	55	0.017241
219	80	0.027778
219	82	0.020408
219	99	0.025641
219	102	0.027027
219	110	0.032258
219	123	0.040000
219	197	0.055556
219	202	0.050000
219	221	0.058824
219	309	0.052632
219	343	0.066667
219	364	0.062500
220	1	0.010417
220	5	0.010989
220	14	0.015385
220	16	0.007519
220	17	0.008197
220	19	0.007692
220	20	0.008547
220	32	0.010638
220	44	0.018519
220	53	0.023256
220	78	0.034483
220	106	0.025641
220	114	0.033333
220	145	0.028571
220	216	0.055556
220	285	0.052632
220	344	0.058824
221	8	0.024390
221	11	0.018868
221	15	0.008929
221	16	0.007519
221	18	0.010204
221	30	0.024390
221	34	0.015152
221	35	0.015152
221	42	0.016667
221	59	0.032258
221	71	0.025000
221	95	0.043478
221	145	0.028571
221	165	0.034483
221	219	0.052632
221	233	0.058824
221	297	0.050000
222	12	0.013333
222	17	0.008197
222	25	0.022222
222	38	0.015625
222	39	0.012821
222	41	0.014925
222	67	0.030303
222	68	0.026316
222	79	0.026316
222	81	0.035714
222	82	0.020408
222	107	0.025641
222	128	0.032258
222	184	0.041667
222	212	0.043478
222	291	0.058824
223	15	0.008929
223	16	0.007519
223	36	0.025641
223	45	0.013699
223	48	0.014925
223	53	0.023256
223	78	0.034483
223	110	0.032258
223	133	0.037037
223	141	0.038462
223	161	0.032258
223	164	0.031250
223	188	0.055556
223	199	0.050000
223	207	0.045455
223	331	0.062500
224	3	0.020833
224	7	0.021739
224	9	0.010638
224	14	0.015385
224	15	0.008929
224	16	0.007519
224	20	0.008547
224	32	0.010638
224	45	0.013699
224	58	0.025641
224	59	0.032258
224	88	0.034483
224	89	0.034483
224	131	0.032258
224	195	0.052632
224	230	0.050000
224	244	0.052632
224	255	0.062500
224	259	0.045455
224	280	0.055556
224	288	0.055556
224	298	0.055556
224	303	0.055556
224	325	0.062500
225	5	0.010989
225	6	0.017241
225	7	0.021739
225	12	0.013333
225	19	0.007692
225	39	0.012821
225	47	0.021739
225	68	0.026316
225	96	0.018519
225	97	0.024390
225	116	0.027027
225	155	0.047619
225	157	0.041667
225	162	0.032258
225	183	0.052632
225	227	0.055556
225	230	0.050000
225	297	0.050000
225	300	0.062500
225	304	0.058824
225	323	0.058824
225	327	0.062500
225	350	0.066667
225	380	0.066667
226	6	0.017241
226	13	0.017241
226	17	0.008197
226	23	0.020000
226	29	0.023810
226	32	0.010638
226	35	0.015152
226	43	0.013699
226	72	0.022222
226	92	0.043478
226	100	0.028571
226	114	0.033333
226	149	0.030303
226	166	0.040000
226	167	0.037037
226	245	0.047619
226	257	0.050000
226	269	0.055556
226	283	0.066667
226	310	0.052632
226	377	0.066667
227	4	0.010526
227	16	0.007519
227	25	0.022222
227	41	0.014925
227	44	0.018519
227	48	0.014925
227	67	0.030303
227	72	0.022222
227	111	0.043478
227	116	0.027027
227	150	0.040000
227	160	0.041667
227	179	0.045455
227	217	0.055556
227	225	0.041667
227	233	0.058824
227	256	0.050000
227	350	0.066667
228	0	0.017857
228	12	0.013333
228	23	0.020000
228	36	0.025641
228	40	0.014085
228	56	0.032258
228	80	0.027778
228	87	0.027027
228	107	0.025641
228	110	0.032258
228	122	0.037037
228	143	0.037037
228	146	0.041667
228	161	0.032258
228	165	0.034483
228	262	0.055556
228	320	0.066667
229	0	0.017857
229	1	0.010417
229	15	0.008929
229	20	0.008547
229	21	0.009346
229	41	0.014925
229	48	0.014925
229	55	0.017241
229	72	0.022222
229	82	0.020408
229	129	0.031250
229	143	0.037037
229	150	0.040000
229	165	0.034483
229	166	0.040000
229	236	0.047619
229	258	0.050000
229	294	0.055556
229	298	0.055556
229	313	0.055556
229	318	0.066667
229	328	0.062500
229	360	0.066667
229	365	0.066667
229	385	0.066667
230	21	0.009346
230	32	0.010638
230	38	0.015625
230	40	0.014085
230	43	0.013699
230	102	0.027027
230	107	0.025641
230	121	0.045455
230	149	0.030303
230	158	0.055556
230	165	0.034483
230	176	0.050000
230	181	0.043478
230	224	0.041667
230	225	0.041667
230	266	0.047619
230	272	0.062500
230	278	0.047619
230	303	0.055556
230	346	0.066667
231	1	0.010417
231	14	0.015385
231	19	0.007692
231	25	0.022222
231	33	0.013333
231	38	0.015625
231	39	0.012821
231	59	0.032258
231	96	0.018519
231	112	0.040000
231	121	0.045455
231	129	0.031250
231	142	0.034483
231	145	0.028571
231	175	0.050000
231	242	0.052632
231	317	0.058824
231	321	0.066667
232	3	0.020833
232	25	0.022222
232	28	0.029412
232	39	0.012821
232	42	0.016667
232	43	0.013699
232	69	0.019231
232	73	0.026316
232	97	0.024390
232	114	0.033333
232	152	0.038462
232	157	0.041667
232	167	0.037037
232	187	0.041667
232	202	0.050000
232	235	0.041667
232	241	0.058824
232	251	0.062500
232	305	0.058824
232	345	0.062500
233	6	0.017241
233	15	0.008929
233	16	0.007519
233	17	0.008197
233	45	0.013699
233	72	0.022222
233	75	0.027778
233	103	0.031250
233	119	0.043478
233	133	0.037037
233	149	0.030303
233	152	0.038462
233	155	0.047619
233	221	0.058824
233	227	0.055556
233	307	0.058824
233	378	0.066667
234	5	0.010989
234	9	0.010638
234	13	0.017241
234	17	0.008197
234	19	0.007692
234	42	0.016667
234	53	0.023256
234	56	0.032258
234	60	0.029412
234	115	0.031250
234	130	0.029412
234	135	0.038462
234	142	0.034483
234	194	0.050000
234	210	0.040000
234	280	0.055556
234	293	0.058824
234	302	0.055556
234	310	0.052632
234	315	0.066667
234	323	0.058824
234	333	0.058824
235	11	0.018868
235	15	0.008929
235	19	0.007692
235	22	0.012821
235	32	0.010638
235	77	0.026316
235	99	0.025641
235	109	0.029412
235	110	0.032258
235	128	0.032258
235	142	0.034483
235	147	0.034483
235	169	0.052632
235	170	0.050000
235	232	0.050000
235	236	0.047619
235	270	0.055556
235	288	0.055556
235	312	0.058824
235	328	0.062500
235	330	0.066667
235	358	0.062500
235	371	0.066667
235	374	0.062500
236	6	0.017241
236	16	0.007519
236	31	0.038462
236	48	0.014925
236	67	0.030303
236	72	0.022222
236	77	0.026316
236	97	0.024390
236	99	0.025641
236	105	0.028571
236	131	0.032258
236	204	0.043478
236	229	0.040000
236	235	0.041667
236	249	0.045455
236	263	0.047619
236	267	0.055556
236	287	0.058824
236	347	0.062500
236	349	0.062500
236	363	0.071429
237	1	0.010417
237	6	0.017241
237	9	0.010638
237	15	0.008929
237	16	0.007519
237	20	0.008547
237	47	0.021739
237	49	0.017857
237	52	0.014925
237	56	0.032258
237	101	0.040000
237	106	0.025641
237	123	0.040000
237	131	0.032258
237	167	0.037037
237	307	0.058824
237	349	0.062500
237	355	0.066667
237	383	0.066667
238	7	0.021739
238	11	0.018868
238	20	0.008547
238	22	0.012821
238	41	0.014925
238	57	0.025000
238	69	0.019231
238	71	0.025000
238	76	0.026316
238	80	0.027778
238	119	0.043478
238	136	0.030303
238	172	0.047619
238	203	0.035714
238	212	0.043478
238	259	0.045455
238	263	0.047619
238	300	0.062500
239	14	0.015385
239	16	0.007519
239	27	0.018868
239	35	0.015152
239	43	0.013699
239	44	0.018519
239	51	0.020833
239	52	0.014925
239	59	0.032258
239	83	0.023256
239	91	0.034483
239	92	0.043478
239	138	0.043478
239	140	0.043478
239	157	0.041667
239	265	0.040000
239	279	0.062500
239	305	0.058824
239	376	0.066667
240	11	0.018868
240	34	0.015152
240	43	0.013699
240	46	0.018519
240	51	0.020833
240	106	0.025641
240	109	0.029412
240	118	0.040000
240	135	0.038462
240	139	0.029412
240	166	0.040000
240	180	0.040000
240	187	0.041667
240	196	0.047619
240	213	0.032258
240	285	0.052632
240	291	0.058824
240	296	0.058824
240	303	0.055556
240	329	0.066667
241	1	0.010417
241	5	0.010989
241	16	0.007519
241	17	0.008197
241	18	0.010204
241	19	0.007692
241	20	0.008547
241	21	0.009346
241	34	0.015152
241	45	0.013699
241	52	0.014925
241	98	0.031250
241	147	0.034483
241	187	0.041667
241	232	0.050000
241	252	0.052632
241	383	0.066667
242	12	0.013333
242	15	0.008929
242	17	0.008197
242	20	0.008547
242	23	0.020000
242	76	0.026316
242	86	0.027778
242	96	0.018519
242	98	0.031250
242	108	0.034483
242	116	0.027027
242	130	0.029412
242	179	0.045455
242	207	0.045455
242	231	0.055556
242	272	0.062500
242	309	0.052632
242	333	0.058824
242	381	0.066667
243	17	0.008197
243	18	0.010204
243	21	0.009346
243	22	0.012821
243	24	0.018868
243	31	0.038462
243	69	0.019231
243	71	0.025000
243	82	0.020408
243	99	0.025641
243	113	0.040000
243	163	0.033333
243	175	0.050000
243	203	0.035714
243	218	0.058824
243	256	0.050000
243	273	0.055556
243	277	0.058824
243	325	0.062500
243	330	0.066667
243	371	0.066667
244	12	0.013333
244	17	0.008197
244	19	0.007692
244	39	0.012821
244	40	0.014085
244	45	0.013699
244	59	0.032258
244	96	0.018519
244	109	0.029412
244	114	0.033333
244	150	0.040000
244	161	0.032258
244	199	0.050000
244	201	0.052632
244	224	0.041667
244	258	0.050000
244	259	0.045455
244	338	0.058824
244	379	0.062500
245	1	0.010417
245	5	0.010989
245	16	0.007519
245	33	0.013333
245	37	0.018182
245	99	0.025641
245	132	0.040000
245	166	0.040000
245	167	0.037037
245	174	0.043478
245	198	0.052632
245	203	0.035714
245	204	0.043478
245	212	0.043478
245	226	0.047619
245	247	0.043478
245	248	0.062500
245	250	0.058824
245	331	0.062500
245	349	0.062500
245	355	0.066667
246	1	0.010417
246	16	0.007519
246	44	0.018519
246	45	0.013699
246	46	0.018519
246	64	0.031250
246	68	0.026316
246	85	0.027778
246	93	0.043478
246	100	0.028571
246	116	0.027027
246	141	0.038462
246	164	0.031250
246	180	0.040000
246	249	0.045455
246	352	0.062500
247	5	0.010989
247	14	0.015385
247	15	0.008929
247	19	0.007692
247	23	0.020000
247	35	0.015152
247	36	0.025641
247	48	0.014925
247	77	0.026316
247	99	0.025641
247	107	0.025641
247	115	0.031250
247	141	0.038462
247	177	0.040000
247	245	0.047619
247	252	0.052632
247	261	0.050000
247	275	0.062500
247	301	0.058824
247	308	0.058824
247	322	0.062500
247	339	0.062500
247	372	0.062500
248	1	0.010417
248	17	0.008197
248	19	0.007692
248	33	0.013333
248	34	0.015152
248	40	0.014085
248	50	0.026316
248	55	0.017241
248	66	0.019231
248	69	0.019231
248	119	0.043478
248	129	0.031250
248	142	0.034483
248	178	0.043478
248	245	0.047619
248	329	0.066667
249	3	0.020833
249	17	0.008197
249	33	0.013333
249	47	0.021739
249	79	0.026316
249	117	0.038462
249	123	0.040000
249	131	0.032258
249	146	0.041667
249	148	0.045455
249	185	0.045455
249	190	0.050000
249	209	0.052632
249	236	0.047619
249	246	0.062500
249	274	0.050000
249	282	0.052632
249	284	0.052632
249	321	0.066667
249	330	0.066667
249	373	0.066667
249	384	0.066667
250	0	0.017857
250	16	0.007519
250	20	0.008547
250	35	0.015152
250	42	0.016667
250	46	0.018519
250	48	0.014925
250	51	0.020833
250	113	0.040000
250	116	0.027027
250	148	0.045455
250	189	0.043478
250	198	0.052632
250	207	0.045455
250	245	0.047619
250	270	0.055556
250	351	0.062500
251	12	0.013333
251	20	0.008547
251	22	0.012821
251	25	0.022222
251	29	0.023810
251	33	0.013333
251	40	0.014085
251	85	0.027778
251	106	0.025641
251	124	0.052632
251	140	0.043478
251	155	0.047619
251	203	0.035714
251	204	0.043478
251	232	0.050000
251	260	0.047619
252	16	0.007519
252	20	0.008547
252	37	0.018182
252	45	0.013699
252	66	0.019231
252	71	0.025000
252	74	0.028571
252	96	0.018519
252	102	0.027027
252	104	0.037037
252	110	0.032258
252	124	0.052632
252	200	0.045455
252	241	0.058824
252	247	0.043478
252	298	0.055556
252	318	0.066667
252	334	0.062500
252	368	0.066667
253	1	0.010417
253	4	0.010526
253	6	0.017241
253	7	0.021739
253	20	0.008547
253	21	0.009346
253	42	0.016667
253	48	0.014925
253	56	0.032258
253	64	0.031250
253	103	0.031250
253	134	0.033333
253	139	0.029412
253	141	0.038462
253	213	0.032258
253	291	0.058824
254	11	0.018868
254	12	0.013333
254	24	0.018868
254	25	0.022222
254	33	0.013333
254	64	0.031250
254	73	0.026316
254	76	0.026316
254	96	0.018519
254	136	0.030303
254	149	0.030303
254	150	0.040000
254	157	0.041667
254	166	0.040000
254	178	0.043478
254	260	0.047619
255	1	0.010417
255	14	0.015385
255	19	0.007692
255	21	0.009346
255	41	0.014925
255	42	0.016667
255	52	0.014925
255	66	0.019231
255	82	0.020408
255	106	0.025641
255	117	0.038462
255	138	0.043478
255	184	0.041667
255	213	0.032258
255	224	0.041667
255	292	0.052632
256	12	0.013333
256	19	0.007692
256	21	0.009346
256	22	0.012821
256	23	0.020000
256	38	0.015625
256	49	0.017857
256	50	0.026316
256	55	0.017241
256	58	0.025641
256	92	0.043478
256	204	0.043478
256	215	0.052632
256	227	0.055556
256	243	0.047619
256	283	0.066667
256	338	0.058824
256	344	0.058824
256	369	0.066667
256	382	0.066667
257	0	0.017857
257	3	0.020833
257	5	0.010989
257	15	0.008929
257	37	0.018182
257	42	0.016667
257	50	0.026316
257	53	0.023256
257	108	0.034483
257	145	0.028571
257	179	0.045455
257	183	0.052632
257	184	0.041667
257	209	0.052632
257	226	0.047619
257	278	0.047619
257	303	0.055556
257	336	0.066667
257	342	0.062500
257	343	0.066667
258	9	0.010638
258	24	0.018868
258	54	0.027027
258	55	0.017241
258	61	0.038462
258	66	0.019231
258	69	0.019231
258	80	0.027778
258	82	0.020408
258	134	0.033333
258	152	0.038462
258	183	0.052632
258	212	0.043478
258	229	0.040000
258	244	0.052632
258	290	0.052632
258	308	0.058824
258	336	0.066667
258	340	0.058824
258	378	0.066667
259	2	0.025000
259	5	0.010989
259	12	0.013333
259	23	0.020000
259	44	0.018519
259	47	0.021739
259	72	0.022222
259	76	0.026316
259	83	0.023256
259	94	0.043478
259	162	0.032258
259	173	0.047619
259	224	0.041667
259	238	0.055556
259	244	0.052632
259	263	0.047619
259	278	0.047619
259	335	0.062500
259	338	0.058824
259	349	0.062500
259	356	0.062500
259	368	0.066667
260	13	0.017241
260	27	0.018868
260	31	0.038462
260	33	0.013333
260	45	0.013699
260	64	0.031250
260	87	0.027027
260	96	0.018519
260	128	0.032258
260	136	0.030303
260	170	0.050000
260	203	0.035714
260	214	0.052632
260	251	0.062500
260	254	0.062500
260	262	0.055556
260	265	0.040000
260	288	0.055556
260	289	0.050000
260	317	0.058824
260	383	0.066667
261	5	0.010989
261	18	0.010204
261	35	0.015152
261	43	0.013699
261	51	0.020833
261	53	0.023256
261	67	0.030303
261	86	0.027778
261	112	0.040000
261	129	0.031250
261	153	0.047619
261	196	0.047619
261	209	0.052632
261	210	0.040000
261	247	0.043478
261	272	0.062500
261	279	0.062500
261	284	0.052632
261	290	0.052632
261	366	0.066667
262	2	0.025000
262	5	0.010989
262	20	0.008547
262	52	0.014925
262	78	0.034483
262	88	0.034483
262	90	0.038462
262	107	0.025641
262	119	0.043478
262	129	0.031250
262	142	0.034483
262	191	0.058824
262	212	0.043478
262	228	0.058824
262	260	0.047619
262	274	0.050000
262	305	0.058824
262	382	0.066667
263	4	0.010526
263	16	0.007519
263	18	0.010204
263	20	0.008547
263	62	0.035714
263	65	0.017857
263	67	0.030303
263	69	0.019231
263	99	0.025641
263	131	0.032258
263	145	0.028571
263	149	0.030303
263	236	0.047619
263	238	0.055556
263	259	0.045455
263	300	0.062500
263	348	0.066667
263	355	0.066667
263	359	0.062500
263	365	0.066667
263	367	0.066667
264	4	0.010526
264	16	0.007519
264	22	0.012821
264	32	0.010638
264	41	0.014925
264	50	0.026316
264	55	0.017241
264	86	0.027778
264	119	0.043478
264	133	0.037037
264	146	0.041667
264	178	0.043478
264	180	0.040000
264	196	0.047619
264	217	0.055556
264	283	0.066667
264	298	0.055556
264	301	0.058824
264	363	0.071429
264	366	0.066667
265	14	0.015385
265	33	0.013333
265	39	0.012821
265	45	0.013699
265	51	0.020833
265	58	0.025641
265	66	0.019231
265	136	0.030303
265	141	0.038462
265	149	0.030303
265	162	0.032258
265	197	0.055556
265	213	0.032258
265	239	0.052632
265	260	0.047619
265	272	0.062500
265	291	0.058824
265	297	0.050000
265	299	0.047619
265	303	0.055556
265	347	0.062500
265	350	0.066667
265	362	0.055556
265	365	0.066667
265	369	0.066667
266	4	0.010526
266	7	0.021739
266	9	0.010638
266	18	0.010204
266	21	0.009346
266	39	0.012821
266	46	0.018519
266	55	0.017241
266	59	0.032258
266	61	0.038462
266	73	0.026316
266	78	0.034483
266	149	0.030303
266	167	0.037037
266	230	0.050000
266	298	0.055556
266	301	0.058824
266	310	0.052632
266	315	0.066667
266	321	0.066667
266	349	0.062500
267	0	0.017857
267	3	0.020833
267	14	0.015385
267	46	0.018519
267	47	0.021739
267	49	0.017857
267	53	0.023256
267	58	0.025641
267	82	0.020408
267	107	0.025641
267	139	0.029412
267	147	0.034483
267	149	0.030303
267	168	0.038462
267	236	0.047619
267	279	0.062500
267	303	0.055556
267	304	0.058824
268	18	0.010204
268	19	0.007692
268	32	0.010638
268	43	0.013699
268	45	0.013699
268	47	0.021739
268	52	0.014925
268	53	0.023256
268	75	0.027778
268	98	0.031250
268	151	0.043478
268	152	0.038462
268	157	0.041667
268	168	0.038462
268	177	0.040000
268	286	0.066667
268	300	0.062500
268	353	0.066667
268	357	0.062500
268	363	0.071429
268	367	0.066667
268	384	0.066667
269	0	0.017857
269	8	0.024390
269	12	0.013333
269	14	0.015385
269	15	0.008929
269	16	0.007519
269	21	0.009346
269	44	0.018519
269	51	0.020833
269	69	0.019231
269	78	0.034483
269	103	0.031250
269	136	0.030303
269	144	0.045455
269	226	0.047619
269	293	0.058824
269	353	0.066667
269	364	0.062500
270	4	0.010526
270	13	0.017241
270	17	0.008197
270	20	0.008547
270	22	0.012821
270	25	0.022222
270	32	0.010638
270	39	0.012821
270	67	0.030303
270	110	0.032258
270	165	0.034483
270	182	0.050000
270	190	0.050000
270	235	0.041667
270	250	0.058824
270	330	0.066667
270	355	0.066667
270	364	0.062500
271	2	0.025000
271	12	0.013333
271	13	0.017241
271	27	0.018868
271	29	0.023810
271	48	0.014925
271	56	0.032258
271	65	0.017857
271	83	0.023256
271	134	0.033333
271	137	0.050000
271	153	0.047619
271	160	0.041667
271	167	0.037037
271	208	0.050000
271	302	0.055556
271	309	0.052632
271	361	0.066667
271	381	0.066667
272	13	0.017241
272	34	0.015152
272	39	0.012821
272	60	0.029412
272	62	0.035714
272	74	0.028571
272	75	0.027778
272	80	0.027778
272	134	0.033333
272	161	0.032258
272	186	0.050000
272	230	0.050000
272	242	0.052632
272	261	0.050000
272	265	0.040000
272	360	0.066667
273	1	0.010417
273	2	0.025000
273	7	0.021739
273	8	0.024390
273	19	0.007692
273	21	0.009346
273	30	0.024390
273	33	0.013333
273	41	0.014925
273	43	0.013699
273	44	0.018519
273	102	0.027027
273	152	0.038462
273	193	0.050000
273	243	0.047619
273	312	0.058824
273	320	0.066667
273	322	0.062500
274	3	0.020833
274	9	0.010638
274	18	0.010204
274	20	0.008547
274	96	0.018519
274	131	0.032258
274	134	0.033333
274	151	0.043478
274	163	0.033333
274	166	0.040000
274	169	0.052632
274	211	0.052632
274	212	0.043478
274	249	0.045455
274	262	0.055556
274	304	0.058824
274	319	0.062500
274	337	0.058824
274	341	0.058824
274	342	0.062500
275	13	0.017241
275	19	0.007692
275	20	0.008547
275	25	0.022222
275	34	0.015152
275	44	0.018519
275	49	0.017857
275	64	0.031250
275	79	0.026316
275	100	0.028571
275	104	0.037037
275	135	0.038462
275	147	0.034483
275	151	0.043478
275	247	0.043478
275	345	0.062500
276	4	0.010526
276	8	0.024390
276	16	0.007519
276	17	0.008197
276	18	0.010204
276	20	0.008547
276	22	0.012821
276	30	0.024390
276	43	0.013699
276	84	0.038462
276	86	0.027778
276	109	0.029412
276	125	0.038462
276	164	0.031250
276	213	0.032258
276	315	0.066667
276	348	0.066667
277	7	0.021739
277	14	0.015385
277	17	0.008197
277	18	0.010204
277	32	0.010638
277	33	0.013333
277	51	0.020833
277	67	0.030303
277	72	0.022222
277	84	0.038462
277	147	0.034483
277	190	0.050000
277	200	0.045455
277	216	0.055556
277	243	0.047619
277	304	0.058824
277	381	0.066667
278	1	0.010417
278	16	0.007519
278	32	0.010638
278	37	0.018182
278	42	0.016667
278	59	0.032258
278	64	0.031250
278	74	0.028571
278	75	0.027778
278	98	0.031250
278	107	0.025641
278	150	0.040000
278	230	0.050000
278	257	0.050000
278	259	0.045455
278	281	0.062500
278	288	0.055556
278	312	0.058824
278	325	0.062500
278	326	0.066667
278	368	0.066667
279	6	0.017241
279	14	0.015385
279	21	0.009346
279	38	0.015625
279	52	0.014925
279	83	0.023256
279	96	0.018519
279	143	0.037037
279	180	0.040000
279	186	0.050000
279	195	0.052632
279	213	0.032258
279	239	0.052632
279	261	0.050000
279	267	0.055556
279	338	0.058824
280	5	0.010989
280	17	0.008197
280	29	0.023810
280	33	0.013333
280	38	0.015625
280	52	0.014925
280	104	0.037037
280	118	0.040000
280	130	0.029412
280	136	0.030303
280	155	0.047619
280	180	0.040000
280	200	0.045455
280	224	0.041667
280	234	0.045455
280	299	0.047619
280	302	0.055556
280	342	0.062500
281	5	0.010989
281	9	0.010638
281	11	0.018868
281	18	0.010204
281	20	0.008547
281	57	0.025000
281	71	0.025000
281	103	0.031250
281	112	0.040000
281	150	0.040000
281	170	0.050000
281	174	0.043478
281	184	0.041667
281	207	0.045455
281	278	0.047619
281	334	0.062500
282	4	0.010526
282	9	0.010638
282	39	0.012821
282	45	0.013699
282	71	0.025000
282	83	0.023256
282	90	0.038462
282	102	0.027027
282	111	0.043478
282	116	0.027027
282	129	0.031250
282	130	0.029412
282	133	0.037037
282	148	0.045455
282	249	0.045455
282	314	0.058824
282	327	0.062500
282	332	0.062500
282	375	0.066667
283	12	0.013333
283	16	0.007519
283	19	0.007692
283	21	0.009346
283	33	0.013333
283	52	0.014925
283	70	0.038462
283	81	0.035714
283	147	0.034483
283	174	0.043478
283	189	0.043478
283	208	0.050000
283	226	0.047619
283	256	0.050000
283	264	0.050000
284	17	0.008197
284	18	0.010204
284	42	0.016667
284	48	0.014925
284	53	0.023256
284	60	0.029412
284	79	0.026316
284	82	0.020408
284	86	0.027778
284	115	0.031250
284	122	0.037037
284	132	0.040000
284	215	0.052632
284	249	0.045455
284	261	0.050000
284	340	0.058824
284	348	0.066667
284	375	0.066667
284	384	0.066667
285	8	0.024390
285	13	0.017241
285	16	0.007519
285	20	0.008547
285	36	0.025641
285	42	0.016667
285	48	0.014925
285	69	0.019231
285	114	0.033333
285	125	0.038462
285	134	0.033333
285	139	0.029412
285	205	0.062500
285	220	0.058824
285	240	0.050000
285	288	0.055556
285	331	0.062500
285	337	0.058824
285	373	0.066667
286	19	0.007692
286	20	0.008547
286	26	0.031250
286	44	0.018519
286	72	0.022222
286	87	0.027027
286	95	0.043478
286	108	0.034483
286	120	0.043478
286	136	0.030303
286	156	0.043478
286	171	0.045455
286	172	0.047619
286	199	0.050000
286	268	0.045455
287	0	0.017857
287	18	0.010204
287	19	0.007692
287	32	0.010638
287	39	0.012821
287	40	0.014085
287	54	0.027027
287	55	0.017241
287	60	0.029412
287	61	0.038462
287	94	0.043478
287	106	0.025641
287	108	0.034483
287	143	0.037037
287	236	0.047619
287	339	0.062500
287	356	0.062500
288	2	0.025000
288	3	0.020833
288	33	0.013333
288	46	0.018519
288	48	0.014925
288	68	0.026316
288	77	0.026316
288	98	0.031250
288	176	0.050000
288	177	0.040000
288	224	0.041667
288	235	0.041667
288	260	0.047619
288	278	0.047619
288	285	0.052632
288	327	0.062500
288	331	0.062500
288	382	0.066667
289	0	0.017857
289	10	0.016667
289	16	0.007519
289	19	0.007692
289	21	0.009346
289	22	0.012821
289	50	0.026316
289	71	0.025000
289	120	0.043478
289	135	0.038462
289	138	0.043478
289	146	0.041667
289	149	0.030303
289	171	0.045455
289	260	0.047619
289	294	0.055556
289	312	0.058824
289	324	0.052632
289	334	0.062500
289	362	0.055556
290	4	0.010526
290	7	0.021739
290	32	0.010638
290	43	0.013699
290	44	0.018519
290	82	0.020408
290	85	0.027778
290	97	0.024390
290	106	0.025641
290	115	0.031250
290	162	0.032258
290	164	0.031250
290	200	0.045455
290	258	0.050000
290	261	0.050000
290	330	0.066667
290	332	0.062500
290	344	0.058824
290	379	0.062500
291	1	0.010417
291	3	0.020833
291	7	0.021739
291	9	0.010638
291	17	0.008197
291	24	0.018868
291	38	0.015625
291	39	0.012821
291	72	0.022222
291	77	0.026316
291	211	0.052632
291	222	0.062500
291	240	0.050000
291	253	0.062500
291	265	0.040000
291	292	0.052632
291	347	0.062500
292	2	0.025000
292	5	0.010989
292	8	0.024390
292	12	0.013333
292	15	0.008929
292	16	0.007519
292	27	0.018868
292	28	0.029412
292	33	0.013333
292	66	0.019231
292	76	0.026316
292	89	0.034483
292	94	0.043478
292	255	0.062500
292	291	0.058824
292	314	0.058824
292	318	0.066667
292	327	0.062500
292	379	0.062500
293	0	0.017857
293	20	0.008547
293	41	0.014925
293	43	0.013699
293	52	0.014925
293	66	0.019231
293	99	0.025641
293	105	0.028571
293	125	0.038462
293	131	0.032258
293	173	0.047619
293	175	0.050000
293	203	0.035714
293	234	0.045455
293	269	0.055556
293	326	0.066667
293	372	0.062500
294	3	0.020833
294	5	0.010989
294	24	0.018868
294	34	0.015152
294	37	0.018182
294	39	0.012821
294	40	0.014085
294	45	0.013699
294	54	0.027027
294	58	0.025641
294	87	0.027027
294	203	0.035714
294	210	0.040000
294	229	0.040000
294	289	0.050000
294	299	0.047619
294	328	0.062500
294	366	0.066667
295	13	0.017241
295	17	0.008197
295	32	0.010638
295	33	0.013333
295	34	0.015152
295	39	0.012821
295	69	0.019231
295	72	0.022222
295	96	0.018519
295	101	0.040000
295	106	0.025641
295	114	0.033333
295	128	0.032258
295	132	0.040000
295	154	0.045455
296	4	0.010526
296	10	0.016667
296	18	0.010204
296	41	0.014925
296	42	0.016667
296	47	0.021739
296	52	0.014925
296	69	0.019231
296	89	0.034483
296	109	0.029412
296	145	0.028571
296	154	0.045455
296	163	0.033333
296	204	0.043478
296	240	0.050000
296	309	0.052632
296	357	0.062500
297	5	0.010989
297	15	0.008929
297	19	0.007692
297	35	0.015152
297	38	0.015625
297	39	0.012821
297	47	0.021739
297	100	0.028571
297	107	0.025641
297	116	0.027027
297	185	0.045455
297	189	0.043478
297	221	0.058824
297	225	0.041667
297	265	0.040000
297	304	0.058824
297	316	0.066667
297	323	0.058824
297	332	0.062500
297	364	0.062500
298	1	0.010417
298	4	0.010526
298	15	0.008929
298	19	0.007692
298	50	0.026316
298	55	0.017241
298	74	0.028571
298	146	0.041667
298	163	0.033333
298	203	0.035714
298	224	0.041667
298	229	0.040000
298	252	0.052632
298	264	0.050000
298	266	0.047619
298	320	0.066667
298	334	0.062500
298	336	0.066667
299	5	0.010989
299	35	0.015152
299	43	0.013699
299	93	0.043478
299	99	0.025641
299	110	0.032258
299	129	0.031250
299	142	0.034483
299	151	0.043478
299	181	0.043478
299	186	0.050000
299	213	0.032258
299	265	0.040000
299	280	0.055556
299	294	0.055556
299	310	0.052632
299	340	0.058824
299	343	0.066667
299	358	0.062500
299	370	0.066667
299	376	0.066667
300	3	0.020833
300	4	0.010526
300	18	0.010204
300	20	0.008547
300	44	0.018519
300	75	0.027778
300	97	0.024390
300	115	0.031250
300	131	0.032258
300	162	0.032258
300	177	0.040000
300	225	0.041667
300	238	0.055556
300	263	0.047619
300	268	0.045455
300	346	0.066667
301	11	0.018868
301	15	0.008929
301	18	0.010204
301	49	0.017857
301	50	0.026316
301	55	0.017241
301	82	0.020408
301	112	0.040000
301	130	0.029412
301	131	0.032258
301	193	0.050000
301	210	0.040000
301	247	0.043478
301	264	0.050000
301	266	0.047619
301	308	0.058824
301	369	0.066667
302	8	0.024390
302	16	0.007519
302	43	0.013699
302	49	0.017857
302	69	0.019231
302	105	0.028571
302	136	0.030303
302	140	0.043478
302	144	0.045455
302	160	0.041667
302	203	0.035714
302	213	0.032258
302	234	0.045455
302	271	0.052632
302	280	0.055556
302	327	0.062500
302	336	0.066667
302	365	0.066667
303	20	0.008547
303	22	0.012821
303	32	0.010638
303	65	0.017857
303	116	0.027027
303	168	0.038462
303	203	0.035714
303	204	0.043478
303	213	0.032258
303	224	0.041667
303	230	0.050000
303	240	0.050000
303	257	0.050000
303	265	0.040000
303	267	0.055556
303	305	0.058824
303	311	0.052632
303	344	0.058824
304	27	0.018868
304	29	0.023810
304	40	0.014085
304	41	0.014925
304	46	0.018519
304	52	0.014925
304	75	0.027778
304	139	0.029412
304	149	0.030303
304	162	0.032258
304	225	0.041667
304	267	0.055556
304	274	0.050000
304	277	0.058824
304	297	0.050000
304	348	0.066667
304	369	0.066667
305	14	0.015385
305	34	0.015152
305	60	0.029412
305	74	0.028571
305	116	0.027027
305	126	0.052632
305	129	0.031250
305	135	0.038462
305	145	0.028571
305	147	0.034483
305	177	0.040000
305	232	0.050000
305	239	0.052632
305	262	0.055556
305	303	0.055556
305	322	0.062500
305	376	0.066667
306	4	0.010526
306	11	0.018868
306	28	0.029412
306	30	0.024390
306	32	0.010638
306	36	0.025641
306	37	0.018182
306	52	0.014925
306	77	0.026316
306	79	0.026316
306	95	0.043478
306	142	0.034483
306	174	0.043478
306	192	0.052632
306	218	0.058824
306	309	0.052632
307	5	0.010989
307	15	0.008929
307	17	0.008197
307	19	0.007692
307	67	0.030303
307	106	0.025641
307	113	0.040000
307	133	0.037037
307	150	0.040000
307	164	0.031250
307	187	0.041667
307	193	0.050000
307	210	0.040000
307	233	0.058824
307	237	0.052632
307	349	0.062500
307	376	0.066667
308	5	0.010989
308	11	0.018868
308	21	0.009346
308	33	0.013333
308	67	0.030303
308	98	0.031250
308	106	0.025641
308	148	0.045455
308	184	0.041667
308	185	0.045455
308	200	0.045455
308	203	0.035714
308	247	0.043478
308	258	0.050000
308	301	0.058824
308	343	0.066667
308	369	0.066667
309	1	0.010417
309	6	0.017241
309	24	0.018868
309	37	0.018182
309	43	0.013699
309	45	0.013699
309	60	0.029412
309	82	0.020408
309	106	0.025641
309	164	0.031250
309	219	0.052632
309	242	0.052632
309	271	0.052632
309	296	0.058824
309	306	0.062500
309	327	0.062500
309	363	0.071429
309	368	0.066667
309	382	0.066667
310	1	0.010417
310	9	0.010638
310	16	0.007519
310	43	0.013699
310	47	0.021739
310	50	0.026316
310	61	0.038462
310	64	0.031250
310	65	0.017857
310	135	0.038462
310	189	0.043478
310	226	0.047619
310	234	0.045455
310	266	0.047619
310	299	0.047619
310	338	0.058824
310	365	0.066667
310	371	0.066667
310	374	0.062500
311	1	0.010417
311	4	0.010526
311	7	0.021739
311	16	0.007519
311	19	0.007692
311	39	0.012821
311	51	0.020833
311	53	0.023256
311	67	0.030303
311	77	0.026316
311	107	0.025641
311	163	0.033333
311	197	0.055556
311	202	0.050000
311	303	0.055556
311	327	0.062500
311	349	0.062500
311	353	0.066667
311	370	0.066667
312	9	0.010638
312	12	0.013333
312	39	0.012821
312	43	0.013699
312	46	0.018519
312	108	0.034483
312	109	0.029412
312	128	0.032258
312	130	0.029412
312	160	0.041667
312	207	0.045455
312	235	0.041667
312	273	0.055556
312	278	0.047619
312	289	0.050000
312	320	0.066667
312	329	0.066667
313	1	0.010417
313	19	0.007692
313	20	0.008547
313	21	0.009346
313	32	0.010638
313	57	0.025000
313	66	0.019231
313	83	0.023256
313	115	0.031250
313	121	0.045455
313	154	0.045455
313	163	0.033333
313	174	0.043478
313	211	0.052632
313	229	0.040000
313	353	0.066667
313	359	0.062500
313	365	0.066667
314	0	0.017857
314	7	0.021739
314	18	0.010204
314	27	0.018868
314	42	0.016667
314	49	0.017857
314	56	0.032258
314	76	0.026316
314	79	0.026316
314	97	0.024390
314	130	0.029412
314	209	0.052632
314	217	0.055556
314	282	0.052632
314	292	0.052632
314	341	0.058824
314	385	0.066667
315	4	0.010526
315	6	0.017241
315	35	0.015152
315	79	0.026316
315	97	0.024390
315	117	0.038462
315	122	0.037037
315	138	0.043478
315	156	0.043478
315	161	0.032258
315	177	0.040000
315	207	0.045455
315	234	0.045455
315	266	0.047619
315	276	0.058824
316	5	0.010989
316	12	0.013333
316	15	0.008929
316	44	0.018519
316	51	0.020833
316	55	0.017241
316	58	0.025641
316	66	0.019231
316	86	0.027778
316	88	0.034483
316	101	0.040000
316	162	0.032258
316	164	0.031250
316	297	0.050000
316	318	0.066667
317	13	0.017241
317	16	0.007519
317	21	0.009346
317	35	0.015152
317	45	0.013699
317	47	0.021739
317	89	0.034483
317	96	0.018519
317	109	0.029412
317	134	0.033333
317	139	0.029412
317	181	0.043478
317	210	0.040000
317	231	0.055556
317	260	0.047619
317	359	0.062500
317	364	0.062500
318	0	0.017857
318	10	0.016667
318	19	0.007692
318	20	0.008547
318	32	0.010638
318	37	0.018182
318	40	0.014085
318	53	0.023256
318	90	0.038462
318	118	0.040000
318	134	0.033333
318	229	0.040000
318	252	0.052632
318	292	0.052632
318	316	0.066667
319	10	0.016667
319	20	0.008547
319	33	0.013333
319	37	0.018182
319	49	0.017857
319	50	0.026316
319	65	0.017857
319	72	0.022222
319	73	0.026316
319	96	0.018519
319	157	0.041667
319	159	0.052632
319	166	0.040000
319	195	0.052632
319	274	0.050000
319	382	0.066667
320	19	0.007692
320	20	0.008547
320	21	0.009346
320	45	0.013699
320	49	0.017857
320	122	0.037037
320	129	0.031250
320	144	0.045455
320	153	0.047619
320	180	0.040000
320	213	0.032258
320	228	0.058824
320	273	0.055556
320	298	0.055556
320	312	0.058824
321	2	0.025000
321	12	0.013333
321	18	0.010204
321	24	0.018868
321	39	0.012821
321	40	0.014085
321	49	0.017857
321	55	0.017241
321	66	0.019231
321	79	0.026316
321	116	0.027027
321	123	0.040000
321	231	0.055556
321	249	0.045455
321	266	0.047619
322	16	0.007519
322	18	0.010204
322	34	0.015152
322	75	0.027778
322	117	0.038462
322	122	0.037037
322	130	0.029412
322	135	0.038462
322	149	0.030303
322	171	0.045455
322	180	0.040000
322	187	0.041667
322	247	0.043478
322	273	0.055556
322	305	0.058824
322	324	0.052632
323	6	0.017241
323	10	0.016667
323	56	0.032258
323	63	0.058824
323	83	0.023256
323	104	0.037037
323	106	0.025641
323	124	0.052632
323	159	0.052632
323	167	0.037037
323	173	0.047619
323	188	0.055556
323	225	0.041667
323	234	0.045455
323	297	0.050000
323	332	0.062500
323	353	0.066667
324	16	0.007519
324	17	0.008197
324	29	0.023810
324	43	0.013699
324	45	0.013699
324	48	0.014925
324	53	0.023256
324	69	0.019231
324	107	0.025641
324	152	0.038462
324	159	0.052632
324	163	0.033333
324	179	0.045455
324	289	0.050000
324	322	0.062500
324	339	0.062500
324	345	0.062500
324	350	0.066667
324	383	0.066667
325	3	0.020833
325	12	0.013333
325	14	0.015385
325	19	0.007692
325	64	0.031250
325	86	0.027778
325	100	0.028571
325	101	0.040000
325	145	0.028571
325	152	0.038462
325	175	0.050000
325	184	0.041667
325	224	0.041667
325	243	0.047619
325	278	0.047619
325	335	0.062500
326	17	0.008197
326	18	0.010204
326	23	0.020000
326	37	0.018182
326	45	0.013699
326	73	0.026316
326	83	0.023256
326	89	0.034483
326	102	0.027027
326	171	0.045455
326	185	0.045455
326	192	0.052632
326	210	0.040000
326	278	0.047619
326	293	0.058824
327	1	0.010417
327	12	0.013333
327	14	0.015385
327	21	0.009346
327	22	0.012821
327	45	0.013699
327	162	0.032258
327	164	0.031250
327	225	0.041667
327	282	0.052632
327	288	0.055556
327	292	0.052632
327	302	0.055556
327	309	0.052632
327	311	0.052632
327	361	0.066667
328	6	0.017241
328	9	0.010638
328	14	0.015385
328	34	0.015152
328	38	0.015625
328	57	0.025000
328	58	0.025641
328	68	0.026316
328	138	0.043478
328	145	0.028571
328	184	0.041667
328	213	0.032258
328	229	0.040000
328	235	0.041667
328	294	0.055556
328	357	0.062500
329	2	0.025000
329	9	0.010638
329	22	0.012821
329	30	0.024390
329	40	0.014085
329	41	0.014925
329	48	0.014925
329	96	0.018519
329	107	0.025641
329	111	0.043478
329	139	0.029412
329	172	0.047619
329	240	0.050000
329	248	0.062500
329	312	0.058824
330	4	0.010526
330	5	0.010989
330	10	0.016667
330	18	0.010204
330	19	0.007692
330	21	0.009346
330	41	0.014925
330	56	0.032258
330	117	0.038462
330	206	0.055556
330	235	0.041667
330	243	0.047619
330	249	0.045455
330	270	0.055556
330	290	0.052632
331	25	0.022222
331	37	0.018182
331	45	0.013699
331	52	0.014925
331	71	0.025000
331	82	0.020408
331	95	0.043478
331	112	0.040000
331	115	0.031250
331	123	0.040000
331	157	0.041667
331	223	0.062500
331	245	0.047619
331	285	0.052632
331	288	0.055556
331	352	0.062500
332	3	0.020833
332	4	0.010526
332	14	0.015385
332	16	0.007519
332	21	0.009346
332	34	0.015152
332	35	0.015152
332	55	0.017241
332	73	0.026316
332	119	0.043478
332	213	0.032258
332	282	0.052632
332	290	0.052632
332	297	0.050000
332	323	0.058824
332	367	0.066667
333	8	0.024390
333	22	0.012821
333	30	0.024390
333	42	0.016667
333	52	0.014925
333	61	0.038462
333	62	0.035714
333	66	0.019231
333	87	0.027027
333	115	0.031250
333	142	0.034483
333	189	0.043478
333	213	0.032258
333	234	0.045455
333	242	0.052632
333	345	0.062500
333	367	0.066667
334	1	0.010417
334	3	0.020833
334	44	0.018519
334	91	0.034483
334	92	0.043478
334	102	0.027027
334	103	0.031250
334	162	0.032258
334	167	0.037037
334	182	0.050000
334	215	0.052632
334	252	0.052632
334	281	0.062500
334	289	0.050000
334	298	0.055556
334	362	0.055556
335	9	0.010638
335	18	0.010204
335	19	0.007692
335	37	0.018182
335	40	0.014085
335	44	0.018519
335	51	0.020833
335	52	0.014925
335	54	0.027027
335	59	0.032258
335	81	0.035714
335	132	0.040000
335	156	0.043478
335	259	0.045455
335	325	0.062500
335	354	0.071429
336	15	0.008929
336	24	0.018868
336	49	0.017857
336	83	0.023256
336	96	0.018519
336	105	0.028571
336	122	0.037037
336	143	0.037037
336	181	0.043478
336	188	0.055556
336	190	0.050000
336	257	0.050000
336	258	0.050000
336	298	0.055556
336	302	0.055556
337	0	0.017857
337	13	0.017241
337	45	0.013699
337	69	0.019231
337	86	0.027778
337	99	0.025641
337	114	0.033333
337	124	0.052632
337	130	0.029412
337	145	0.028571
337	162	0.032258
337	191	0.058824
337	199	0.050000
337	274	0.050000
337	285	0.052632
337	342	0.062500
337	366	0.066667
338	16	0.007519
338	17	0.008197
338	22	0.012821
338	38	0.015625
338	46	0.018519
338	73	0.026316
338	81	0.035714
338	134	0.033333
338	135	0.038462
338	147	0.034483
338	244	0.052632
338	256	0.050000
338	259	0.045455
338	279	0.062500
338	310	0.052632
338	352	0.062500
338	371	0.066667
339	4	0.010526
339	13	0.017241
339	15	0.008929
339	23	0.020000
339	30	0.024390
339	32	0.010638
339	43	0.013699
339	72	0.022222
339	88	0.034483
339	105	0.028571
339	135	0.038462
339	185	0.045455
339	247	0.043478
339	287	0.058824
339	324	0.052632
339	377	0.066667
340	9	0.010638
340	24	0.018868
340	26	0.031250
340	34	0.015152
340	39	0.012821
340	52	0.014925
340	70	0.038462
340	110	0.032258
340	174	0.043478
340	195	0.052632
340	207	0.045455
340	210	0.040000
340	258	0.050000
340	284	0.052632
340	299	0.047619
340	341	0.058824
340	347	0.062500
341	18	0.010204
341	21	0.009346
341	32	0.010638
341	34	0.015152
341	36	0.025641
341	50	0.026316
341	55	0.017241
341	85	0.027778
341	186	0.050000
341	193	0.050000
341	201	0.052632
341	211	0.052632
341	274	0.050000
341	314	0.058824
341	340	0.058824
341	363	0.071429
341	373	0.066667
342	4	0.010526
342	9	0.010638
342	16	0.007519
342	21	0.009346
342	26	0.031250
342	36	0.025641
342	85	0.027778
342	107	0.025641
342	116	0.027027
342	179	0.045455
342	202	0.050000
342	257	0.050000
342	274	0.050000
342	280	0.055556
342	337	0.058824
342	348	0.066667
343	19	0.007692
343	33	0.013333
343	40	0.014085
343	45	0.013699
343	46	0.018519
343	72	0.022222
343	77	0.026316
343	102	0.027027
343	139	0.029412
343	208	0.050000
343	212	0.043478
343	219	0.052632
343	257	0.050000
343	299	0.047619
343	308	0.058824
344	7	0.021739
344	10	0.016667
344	16	0.007519
344	22	0.012821
344	78	0.034483
344	81	0.035714
344	107	0.025641
344	110	0.032258
344	115	0.031250
344	156	0.043478
344	163	0.033333
344	220	0.058824
344	256	0.050000
344	290	0.052632
344	303	0.055556
344	371	0.066667
344	383	0.066667
345	26	0.031250
345	33	0.013333
345	39	0.012821
345	45	0.013699
345	48	0.014925
345	73	0.026316
345	75	0.027778
345	80	0.027778
345	111	0.043478
345	147	0.034483
345	164	0.031250
345	232	0.050000
345	275	0.062500
345	324	0.052632
345	333	0.058824
345	347	0.062500
346	4	0.010526
346	17	0.008197
346	32	0.010638
346	39	0.012821
346	48	0.014925
346	57	0.025000
346	65	0.017857
346	90	0.038462
346	97	0.024390
346	99	0.025641
346	117	0.038462
346	139	0.029412
346	194	0.050000
346	230	0.050000
346	300	0.062500
347	4	0.010526
347	30	0.024390
347	41	0.014925
347	47	0.021739
347	65	0.017857
347	66	0.019231
347	77	0.026316
347	82	0.020408
347	90	0.038462
347	174	0.043478
347	236	0.047619
347	265	0.040000
347	291	0.058824
347	340	0.058824
347	345	0.062500
347	373	0.066667
348	2	0.025000
348	5	0.010989
348	21	0.009346
348	44	0.018519
348	52	0.014925
348	73	0.026316
348	77	0.026316
348	85	0.027778
348	156	0.043478
348	200	0.045455
348	263	0.047619
348	276	0.058824
348	284	0.052632
348	304	0.058824
348	342	0.062500
349	22	0.012821
349	28	0.029412
349	47	0.021739
349	60	0.029412
349	65	0.017857
349	94	0.043478
349	145	0.028571
349	153	0.047619
349	236	0.047619
349	237	0.052632
349	245	0.047619
349	259	0.045455
349	266	0.047619
349	307	0.058824
349	311	0.052632
349	356	0.062500
350	0	0.017857
350	19	0.007692
350	21	0.009346
350	24	0.018868
350	41	0.014925
350	45	0.013699
350	69	0.019231
350	72	0.022222
350	172	0.047619
350	182	0.050000
350	212	0.043478
350	225	0.041667
350	227	0.055556
350	265	0.040000
350	324	0.052632
351	16	0.007519
351	20	0.008547
351	44	0.018519
351	45	0.013699
351	57	0.025000
351	65	0.017857
351	76	0.026316
351	84	0.038462
351	85	0.027778
351	96	0.018519
351	97	0.024390
351	106	0.025641
351	128	0.032258
351	163	0.033333
351	250	0.058824
351	356	0.062500
352	14	0.015385
352	32	0.010638
352	40	0.014085
352	45	0.013699
352	46	0.018519
352	76	0.026316
352	111	0.043478
352	118	0.040000
352	160	0.041667
352	165	0.034483
352	168	0.038462
352	187	0.041667
352	246	0.062500
352	331	0.062500
352	338	0.058824
352	368	0.066667
353	0	0.017857
353	32	0.010638
353	33	0.013333
353	42	0.016667
353	73	0.026316
353	92	0.043478
353	109	0.029412
353	125	0.038462
353	142	0.034483
353	184	0.041667
353	268	0.045455
353	269	0.055556
353	311	0.052632
353	313	0.055556
353	323	0.058824
354	7	0.021739
354	17	0.008197
354	22	0.012821
354	38	0.015625
354	52	0.014925
354	53	0.023256
354	55	0.017241
354	67	0.030303
354	113	0.040000
354	128	0.032258
354	129	0.031250
354	147	0.034483
354	164	0.031250
354	335	0.062500
355	1	0.010417
355	10	0.016667
355	46	0.018519
355	72	0.022222
355	83	0.023256
355	96	0.018519
355	110	0.032258
355	126	0.052632
355	134	0.033333
355	155	0.047619
355	213	0.032258
355	237	0.052632
355	245	0.047619
355	263	0.047619
355	270	0.055556
356	4	0.010526
356	69	0.019231
356	87	0.027027
356	96	0.018519
356	97	0.024390
356	103	0.031250
356	114	0.033333
356	133	0.037037
356	145	0.028571
356	155	0.047619
356	214	0.052632
356	259	0.045455
356	287	0.058824
356	349	0.062500
356	351	0.062500
356	374	0.062500
357	4	0.010526
357	11	0.018868
357	16	0.007519
357	21	0.009346
357	32	0.010638
357	48	0.014925
357	52	0.014925
357	109	0.029412
357	128	0.032258
357	154	0.045455
357	163	0.033333
357	202	0.050000
357	268	0.045455
357	296	0.058824
357	328	0.062500
357	379	0.062500
358	5	0.010989
358	18	0.010204
358	75	0.027778
358	87	0.027027
358	100	0.028571
358	103	0.031250
358	128	0.032258
358	133	0.037037
358	163	0.033333
358	176	0.050000
358	180	0.040000
358	181	0.043478
358	216	0.055556
358	235	0.041667
358	299	0.047619
358	367	0.066667
359	15	0.008929
359	16	0.007519
359	17	0.008197
359	19	0.007692
359	25	0.022222
359	29	0.023810
359	39	0.012821
359	49	0.017857
359	74	0.028571
359	148	0.045455
359	185	0.045455
359	213	0.032258
359	263	0.047619
359	313	0.055556
359	317	0.058824
359	376	0.066667
360	7	0.021739
360	23	0.020000
360	41	0.014925
360	52	0.014925
360	66	0.019231
360	74	0.028571
360	80	0.027778
360	116	0.027027
360	128	0.032258
360	144	0.045455
360	165	0.034483
360	172	0.047619
360	182	0.050000
360	229	0.040000
360	272	0.062500
361	13	0.017241
361	14	0.015385
361	19	0.007692
361	37	0.018182
361	76	0.026316
361	78	0.034483
361	79	0.026316
361	118	0.040000
361	144	0.045455
361	151	0.043478
361	161	0.032258
361	186	0.050000
361	189	0.043478
361	271	0.052632
361	327	0.062500
362	51	0.020833
362	53	0.023256
362	74	0.028571
362	91	0.034483
362	97	0.024390
362	114	0.033333
362	128	0.032258
362	129	0.031250
362	130	0.029412
362	131	0.032258
362	149	0.030303
362	203	0.035714
362	265	0.040000
362	289	0.050000
362	334	0.062500
362	372	0.062500
362	375	0.066667
362	379	0.062500
363	1	0.010417
363	16	0.007519
363	23	0.020000
363	35	0.015152
363	45	0.013699
363	93	0.043478
363	167	0.037037
363	177	0.040000
363	196	0.047619
363	236	0.047619
363	264	0.050000
363	268	0.045455
363	309	0.052632
363	341	0.058824
364	7	0.021739
364	27	0.018868
364	32	0.010638
364	42	0.016667
364	46	0.018519
364	54	0.027027
364	110	0.032258
364	137	0.050000
364	152	0.038462
364	170	0.050000
364	219	0.052632
364	269	0.055556
364	270	0.055556
364	297	0.050000
364	317	0.058824
364	385	0.066667
365	16	0.007519
365	35	0.015152
365	39	0.012821
365	55	0.017241
365	66	0.019231
365	86	0.027778
365	105	0.028571
365	196	0.047619
365	214	0.052632
365	229	0.040000
365	263	0.047619
365	265	0.040000
365	302	0.055556
365	310	0.052632
365	313	0.055556
366	9	0.010638
366	11	0.018868
366	13	0.017241
366	37	0.018182
366	74	0.028571
366	79	0.026316
366	82	0.020408
366	107	0.025641
366	116	0.027027
366	147	0.034483
366	261	0.050000
366	264	0.050000
366	294	0.055556
366	337	0.058824
366	376	0.066667
367	5	0.010989
367	10	0.016667
367	23	0.020000
367	42	0.016667
367	43	0.013699
367	62	0.035714
367	66	0.019231
367	114	0.033333
367	161	0.032258
367	171	0.045455
367	263	0.047619
367	268	0.045455
367	332	0.062500
367	333	0.058824
367	358	0.062500
368	17	0.008197
368	23	0.020000
368	34	0.015152
368	45	0.013699
368	50	0.026316
368	53	0.023256
368	125	0.038462
368	163	0.033333
368	165	0.034483
368	213	0.032258
368	252	0.052632
368	259	0.045455
368	278	0.047619
368	309	0.052632
368	352	0.062500
369	15	0.008929
369	18	0.010204
369	31	0.038462
369	37	0.018182
369	55	0.017241
369	78	0.034483
369	108	0.034483
369	112	0.040000
369	116	0.027027
369	210	0.040000
369	256	0.050000
369	265	0.040000
369	301	0.058824
369	304	0.058824
369	308	0.058824
370	10	0.016667
370	13	0.017241
370	14	0.015385
370	20	0.008547
370	24	0.018868
370	46	0.018519
370	51	0.020833
370	80	0.027778
370	117	0.038462
370	147	0.034483
370	174	0.043478
370	201	0.052632
370	208	0.050000
370	299	0.047619
370	311	0.052632
371	7	0.021739
371	9	0.010638
371	10	0.016667
371	18	0.010204
371	33	0.013333
371	43	0.013699
371	93	0.043478
371	113	0.040000
371	189	0.043478
371	190	0.050000
371	235	0.041667
371	243	0.047619
371	310	0.052632
371	338	0.058824
371	344	0.058824
372	14	0.015385
372	19	0.007692
372	34	0.015152
372	36	0.025641
372	37	0.018182
372	41	0.014925
372	69	0.019231
372	79	0.026316
372	84	0.038462
372	110	0.032258
372	141	0.038462
372	194	0.050000
372	247	0.043478
372	293	0.058824
372	362	0.055556
372	377	0.066667
373	2	0.025000
373	8	0.024390
373	9	0.010638
373	12	0.013333
373	82	0.020408
373	136	0.030303
373	166	0.040000
373	168	0.038462
373	194	0.050000
373	198	0.052632
373	204	0.043478
373	249	0.045455
373	285	0.052632
373	341	0.058824
373	347	0.062500
374	1	0.010417
374	6	0.017241
374	9	0.010638
374	15	0.008929
374	17	0.008197
374	35	0.015152
374	52	0.014925
374	59	0.032258
374	81	0.035714
374	136	0.030303
374	150	0.040000
374	151	0.043478
374	235	0.041667
374	310	0.052632
374	356	0.062500
374	375	0.066667
375	3	0.020833
375	16	0.007519
375	17	0.008197
375	32	0.010638
375	52	0.014925
375	88	0.034483
375	90	0.038462
375	95	0.043478
375	129	0.031250
375	143	0.037037
375	164	0.031250
375	282	0.052632
375	284	0.052632
375	362	0.055556
375	374	0.062500
376	1	0.010417
376	13	0.017241
376	20	0.008547
376	21	0.009346
376	32	0.010638
376	83	0.023256
376	99	0.025641
376	200	0.045455
376	210	0.040000
376	239	0.052632
376	299	0.047619
376	305	0.058824
376	307	0.058824
376	359	0.062500
376	366	0.066667
377	1	0.010417
377	5	0.010989
377	13	0.017241
377	40	0.014085
377	43	0.013699
377	45	0.013699
377	89	0.034483
377	102	0.027027
377	136	0.030303
377	139	0.029412
377	145	0.028571
377	206	0.055556
377	226	0.047619
377	339	0.062500
377	372	0.062500
378	6	0.017241
378	9	0.010638
378	16	0.007519
378	22	0.012821
378	32	0.010638
378	37	0.018182
378	49	0.017857
378	96	0.018519
378	100	0.028571
378	132	0.040000
378	143	0.037037
378	145	0.028571
378	206	0.055556
378	233	0.058824
378	258	0.050000
379	19	0.007692
379	32	0.010638
379	35	0.015152
379	37	0.018182
379	46	0.018519
379	55	0.017241
379	65	0.017857
379	116	0.027027
379	140	0.043478
379	152	0.038462
379	244	0.052632
379	290	0.052632
379	292	0.052632
379	357	0.062500
379	362	0.055556
379	383	0.066667
380	0	0.017857
380	1	0.010417
380	19	0.007692
380	20	0.008547
380	35	0.015152
380	46	0.018519
380	68	0.026316
380	74	0.028571
380	80	0.027778
380	98	0.031250
380	101	0.040000
380	125	0.038462
380	162	0.032258
380	187	0.041667
380	225	0.041667
381	4	0.010526
381	9	0.010638
381	15	0.008929
381	38	0.015625
381	48	0.014925
381	65	0.017857
381	100	0.028571
381	167	0.037037
381	177	0.040000
381	192	0.052632
381	201	0.052632
381	214	0.052632
381	242	0.052632
381	271	0.052632
381	277	0.058824
382	9	0.010638
382	13	0.017241
382	19	0.007692
382	32	0.010638
382	45	0.013699
382	57	0.025000
382	86	0.027778
382	102	0.027027
382	105	0.028571
382	132	0.040000
382	256	0.050000
382	262	0.055556
382	288	0.055556
382	309	0.052632
382	319	0.062500
383	1	0.010417
383	56	0.032258
383	79	0.026316
383	148	0.045455
383	156	0.043478
383	161	0.032258
383	163	0.033333
383	173	0.047619
383	194	0.050000
383	237	0.052632
383	241	0.058824
383	260	0.047619
383	324	0.052632
383	344	0.058824
383	379	0.062500
384	4	0.010526
384	10	0.016667
384	19	0.007692
384	23	0.020000
384	60	0.029412
384	85	0.027778
384	87	0.027027
384	113	0.040000
384	134	0.033333
384	159	0.052632
384	164	0.031250
384	184	0.041667
384	249	0.045455
384	268	0.045455
384	284	0.052632
385	7	0.021739
385	14	0.015385
385	38	0.015625
385	41	0.014925
385	48	0.014925
385	50	0.026316
385	55	0.017241
385	83	0.023256
385	106	0.025641
385	116	0.027027
385	161	0.032258
385	215	0.052632
385	229	0.040000
385	314	0.058824
385	364	0.062500
